code_9d,code_6d,system,subcode,description,source_file
014-004-060,,014,004,"Bolt - Mounting, Sleeper | 016-019-008 | Bolt Kit - Restraint, Locking Device",VMRS_HB_COMPLETE_v20 page 5_pages_26-50.md
082-039-038,,082,039,"Bolt - Mounting, Solenoid Throttling, Reefer | 016-014-020 | Bolt Kit - Steering Axle",VMRS_HB_COMPLETE_v20 page 5_pages_26-50.md
032-004-031,,032,004,"Bolt - Mounting, Starter | 045-008-250 | Bolt Set - Valve Cover",VMRS_HB_COMPLETE_v20 page 5_pages_26-50.md
016-020-009,,016,020,"Bolt - Mounting, Strut, Lower | 002-011-026 | Bolt-Eye",VMRS_HB_COMPLETE_v20 page 5_pages_26-50.md
043-004-110,,043,004,"Bolt - Mounting, Turbocharger | 013-002-078 | Bolt, Slack Adjuster Pressure Relief - Rear",VMRS_HB_COMPLETE_v20 page 5_pages_26-50.md
045-002-057,,045,002,Bolt - Multiple Positions (see 053-007-005) | | Brakes,VMRS_HB_COMPLETE_v20 page 5_pages_26-50.md
027-024-022,,027,024,"Bolt - Oil Channel Support To Case, Pressure | 016-005-040 | Bolt/Pin - Equalizer Bushing",VMRS_HB_COMPLETE_v20 page 5_pages_26-50.md
094-010-017,,094,010,0.45 0.40 0.00 | Regulator Valve | | Bolting Clip - Tee Fitting,VMRS_HB_COMPLETE_v20 page 5_pages_26-50.md
045-013-020,,045,013,Bolt - Oli Pan | 002-018-055 | Bolling Strip - Cab Or Front Door,VMRS_HB_COMPLETE_v20 page 5_pages_26-50.md
027-029-010,,027,029,Bolt - Oli Pullip To Case | 042-002-054 | Bolting Strip Slooper Exit Deer,VMRS_HB_COMPLETE_v20 page 5_pages_26-50.md
041-001-027,,041,001,"Bolt - Pan, All CleanerBolt - Pin Bonded Bushing Air Spring Bear | 002-000-410 | Bolts - Bearing Betainer Auviliary Drive Gear",VMRS_HB_COMPLETE_v20 page 5_pages_26-50.md
016-002-080,,016,002,"Bolt - Pin, Bonded Bushing, All Ophing, Hear | 026-001-068 | Bolts - Clutch Housing to Engine",VMRS_HB_COMPLETE_v20 page 5_pages_26-50.md
022-003-078,,022,003,Bolt - Pinion Bearing Cage | 026-001-065 | Bolts - Clutch Housing to Transmission,VMRS_HB_COMPLETE_v20 page 5_pages_26-50.md
043-004-152,,043,004,"Bolt - Pipe Section at Exhaust Line, | 059-001-153 | Bolts - Cushion Ring, Fifth Wheel",VMRS_HB_COMPLETE_v20 page 5_pages_26-50.md
026-013-007,,026,013,Turbocompound | | Bolts - Drive Collar,VMRS_HB_COMPLETE_v20 page 5_pages_26-50.md
068-006-017,,068,006,"Bolt - Pivot Shaft, Lift Truck | 016-008-124 | Bolts - Mounting, Air Spring, Rear Suspension",VMRS_HB_COMPLETE_v20 page 5_pages_26-50.md
068-004-026,,068,004,"Bolt - Pivot Shaft, Unloader | 077-004-006 | Bolts - Mounting, Cross Member",VMRS_HB_COMPLETE_v20 page 5_pages_26-50.md
053-007-091,,053,007,"Bolt - Plow | 026-011-126 | Bolts - Mounting, PTO Cover",VMRS_HB_COMPLETE_v20 page 5_pages_26-50.md
016-005-054,,016,005,"Bolt - Radius Rod | 082-029-066 | Boltstrip - Hinge, Reefer",VMRS_HB_COMPLETE_v20 page 5_pages_26-50.md
029-008-029,,029,008,Bolt - Range Cylinder Yoke | 098-014-005 | Bonnet,VMRS_HB_COMPLETE_v20 page 5_pages_26-50.md
013-004-006,,013,004,"Bolt - Release, Spring Parking Brake | 091-003-040 | Bonnet - Air Intake",VMRS_HB_COMPLETE_v20 page 5_pages_26-50.md
002-011-070,,002,011,"Bolt - Restraint, Seat Belt | 098-009-017 | Bonnet & Yoke",VMRS_HB_COMPLETE_v20 page 5_pages_26-50.md
029-006-014,,029,006,"Bolt - Retainer, Auxiliary Drive Gear | 464-001-000 | Boom Chain Conveyer System",VMRS_HB_COMPLETE_v20 page 5_pages_26-50.md
040-000-107,,040,000,Bolt - Retaining Clamp | 197-009-000 | Boom Intercom Headest,VMRS_HB_COMPLETE_v20 page 5_pages_26-50.md
013-010-155,,013,010,Bolt - Ring Clamp (Band) | 068-001-000 | Boom - Lifting/Linloading System,VMRS_HB_COMPLETE_v20 page 5_pages_26-50.md
021-001-004,,021,001,"Bolt - Ring Gear, Driven Front Steer Ayle | 462-003-000 | Boom - Lower",VMRS_HB_COMPLETE_v20 page 5_pages_26-50.md
045-008-123,,045,008,"Bolt - Rocker Arm Cover | 168-006-001 | Boom - Main Assembly, Mower",VMRS_HB_COMPLETE_v20 page 5_pages_26-50.md
045-008-132,,045,008,"Bolt - Rocker Arm Shaft Bracket | 168-006-008 | Boom - Section, Mower",VMRS_HB_COMPLETE_v20 page 5_pages_26-50.md
082-041-003,,082,041,"Bolt - Rocker Arm Shaft, Reefer | 462-004-000 | Boom - Upper",VMRS_HB_COMPLETE_v20 page 5_pages_26-50.md
045-008-134,,045,008,Bolt - Rocker Housing | 462-008-000 | Boom Articulating Arm,VMRS_HB_COMPLETE_v20 page 5_pages_26-50.md
016-005-189,,016,005,"Bolt - Rocker, Rear Suspension | 197-009-001 | Boom Assembly - Complete",VMRS_HB_COMPLETE_v20 page 5_pages_26-50.md
031-001-068,,031,001,"Bolt - Rod, Adjustment, Alternator | 068-001-001 | Boom Assembly - Complete, Lifting/Unloading",VMRS_HB_COMPLETE_v20 page 5_pages_26-50.md
151-001-197,,151,001,"Bolt - Rod, Adjustment, Alternator | 267-001-001 | Boom Assembly - Drilling and Boring Equipment",VMRS_HB_COMPLETE_v20 page 5_pages_26-50.md
016-020-025,,016,020,"Bolt - Rod, Strut | 462-003-001 | Boom Assembly - Lower, Fiberglass",VMRS_HB_COMPLETE_v20 page 5_pages_26-50.md
010-000-070,,010,000,"Bolt - Snackie, Rear Spring | 305-008-000 | Boom Assembly - Painting & Spraying",VMRS_HB_COMPLETE_v20 page 5_pages_26-50.md
029-008-030,,029,008,"Bolt - Solehold Valve, Turbocompound | 462-004-001 | Boom Assembly - FavingBoom Assembly - Upper Fiberalass",VMRS_HB_COMPLETE_v20 page 5_pages_26-50.md
016-005-082,,016,005,Bolt - Spring Anchor | 173-002-000 | Boom Assembly Components - Tilt Body,VMRS_HB_COMPLETE_v20 page 5_pages_26-50.md
013-013-053,,013,013,"Bolt - Spring Brake Chamber, Air Disc Brake | 267-001-002 | Boom Base",VMRS_HB_COMPLETE_v20 page 5_pages_26-50.md
015-003-055,,015,003,Bolt - Steering Shaft | 462-005-000 | Boom Stow,VMRS_HB_COMPLETE_v20 page 5_pages_26-50.md
015-001-026,,015,001,Bolt - Steering Wheel | 462-005-003 | Boom Stow - Lower,VMRS_HB_COMPLETE_v20 page 5_pages_26-50.md
024-002-064,,024,002,"Bolt - Strap, Yoke | 462-005-001 | Boom Stow - Upper",VMRS_HB_COMPLETE_v20 page 5_pages_26-50.md
044-003-193,,044,003,Bolt - Tach Drive | 267-001-000 | Boom Structure - Drilling and Boring,VMRS_HB_COMPLETE_v20 page 5_pages_26-50.md
044-005-054,,044,005,Bolt - TBI (Throttle Body Injection) | 168-006-000 | Boom Structure - Mowing,VMRS_HB_COMPLETE_v20 page 5_pages_26-50.md
048-001-062,,048,001,"Bolt - Tensioner, Hybrid | 268-009-000 | Boom Structure - Pulling",VMRS_HB_COMPLETE_v20 page 5_pages_26-50.md
015-002-037,,015,002,"Bolt - Timing Bolt Tonsioner | 043-004-008 | Boost Control - Dump Gate, Turbocharger",VMRS_HB_COMPLETE_v20 page 5_pages_26-50.md
045-008-235,,045,008,Bolt - Timing Gear Camshaft | 013-010-507 | Booster - Air Brake,VMRS_HB_COMPLETE_v20 page 5_pages_26-50.md
059-004-009,,059,004,"Bolt - Tongue, Drawbar | 077-003-061 | Booster - Auto, Powered Landing Gear",VMRS_HB_COMPLETE_v20 page 5_pages_26-50.md
016-005-055,,016,005,Bolt - Torque Rod | 013-006-026 | Booster - Master Cylinder,VMRS_HB_COMPLETE_v20 page 5_pages_26-50.md
059-008-005,,059,008,"Bolt - Tow Ring | 001-004-107 | Booster Assembly - Blower Motor Fan, Sleeper",VMRS_HB_COMPLETE_v20 page 5_pages_26-50.md
043-004-145,,043,004,"Bolt - Transmission, Turbocompound | 171-008-000 | Booster Axle",VMRS_HB_COMPLETE_v20 page 5_pages_26-50.md
024-002-028,,024,002,Bolt - Universal Joint To Drive Shaft | 171-008-001 | Booster Axle Assembly,VMRS_HB_COMPLETE_v20 page 5_pages_26-50.md
043-004-023,,043,004,"Bolt - V-Clamp | 023-004-005 | Booster- Actuation, Hydraulic",VMRS_HB_COMPLETE_v20 page 5_pages_26-50.md
027-024-020,,027,024,Bolt - Valve Body To Case | 013-009-085 | Boot - Air Drier,VMRS_HB_COMPLETE_v20 page 5_pages_26-50.md
042-004-045,,042,004,Bolt - Water PumpBolt - Wear Dad | 002-027-022 | Boot - Alf Seat,VMRS_HB_COMPLETE_v20 page 5_pages_26-50.md
010-009-043,,010,009,Bolt - Wear Fau | 010-001-038 | Boot - Cablo,VMRS_HB_COMPLETE_v20 page 5_pages_26-50.md
002-035-132,,002,035,Bolt - Wiper Motor | 013-001-136 | Boot - Caliper,VMRS_HB_COMPLETE_v20 page 5_pages_26-50.md
023-002-019,,023,002,Bolt -Eve. Pressure Plate | 013-001-137 | Boot - Caliper Bushing,VMRS_HB_COMPLETE_v20 page 5_pages_26-50.md
013-002-114,,013,002,"Bolt , Brake Shoe (Brass) - Rear Brakes | 013-013-023 | Boot - Caliper Piston, Air Disc",VMRS_HB_COMPLETE_v20 page 5_pages_26-50.md
045-008-079,,045,008,Bolt (Actuator Assembly) - Mechanical Variable | 023-001-129 | Boot - Clutch Master Cylinder,VMRS_HB_COMPLETE_v20 page 5_pages_26-50.md
026-011-027,,026,011,Timing | | Boot - Control Rod Coupling,VMRS_HB_COMPLETE_v20 page 5_pages_26-50.md
013-002-091,,013,002,"Bolt (Brake Lining To Shoe) - Rear Brakes | 026-011-025 | Boot - Control Rod, Front",VMRS_HB_COMPLETE_v20 page 5_pages_26-50.md
016-014-006,,016,014,"Bolt Kit - Air Spring | 055-010-196 | Boot - Control Valve, Hydraulic Lift",VMRS_HB_COMPLETE_v20 page 5_pages_26-50.md
016-014-009,,016,014,"Bolt Kit - Lift Air Spring | 065-020-034 | Boot - Control Valve, Hydraulic System",VMRS_HB_COMPLETE_v20 page 5_pages_26-50.md
027-035-003,,027,035,"Bolt Kit - OUTPUT Flange | 015 000 042 | BOOL - COVER, JOYSTICK CONTROLRoot Cross Shaft Dual Staaring",VMRS_HB_COMPLETE_v20 page 5_pages_26-50.md
010-000-122,,010,000,Suspension | 021-001-140 | Boot - CV Joint,VMRS_HB_COMPLETE_v20 page 5_pages_26-50.md
055-009-034,,055,009,Boot - Cylinder | 071-004-004 | Bow - Roof (Trailer),VMRS_HB_COMPLETE_v20 page 5_pages_26-50.md
034-001-040,,034,001,Boot - Dimmer Switch | 002-048-138 | Bow - Roof Lining,VMRS_HB_COMPLETE_v20 page 5_pages_26-50.md
024-002-075,,024,002,Boot - Drive Shaft | 078-014-011 | Bow - Side Kit Tarpaulin,VMRS_HB_COMPLETE_v20 page 5_pages_26-50.md
041-001-082,,041,001,"Boot - Duct, Air Cleaner | 077-013-004 | Bow - Tarp & Bow Kit",VMRS_HB_COMPLETE_v20 page 5_pages_26-50.md
013-003-050,,013,003,"Boot - Dust, In-Wheel Parking Brake | 0/8-017-014 | Bow Pad",VMRS_HB_COMPLETE_v20 page 5_pages_26-50.md
013-001-151,,013,001,"Boot - Dust, Wheel Cylinder, Front Brake | 035-012-075 | Bowl - Centrifuge Bunges Oil Filter",VMRS_HB_COMPLETE_v20 page 5_pages_26-50.md
014-002-123,,014,002,"Boot - Energy Absorber, Bumper | 043-007-162 | Bowl - Dust Collector Pump",VMRS_HB_COMPLETE_v20 page 5_pages_26-50.md
027-033-076,,027,033,Boot - Gear Select Cable | 044-002-093 | Bowl - Fuel Filter,VMRS_HB_COMPLETE_v20 page 5_pages_26-50.md
077-003-054,,077,003,"Boot - Gearbox Shaft | 044-003-138 | Bowl - Sediment, Fuel Pump",VMRS_HB_COMPLETE_v20 page 5_pages_26-50.md
026-011-005,,026,011,"Boot - Gearshift Lever | 044-002-012 | Bowl - Separator, Fuel/Water",VMRS_HB_COMPLETE_v20 page 5_pages_26-50.md
001-004-048,,001,004,"Boot - Heater Duct, Auxiliary Heater, Sleeper | 026-011-154 | Box - Accessories",VMRS_HB_COMPLETE_v20 page 5_pages_26-50.md
001-002-097,,001,002,"Boot - Heater Duct, Heater | 027-033-108 | Box - Accessory, Automatic Transmission",VMRS_HB_COMPLETE_v20 page 5_pages_26-50.md
013-005-023,,013,005,"Boot - Linkage, Brake Pedal | 002-025-036 | Box - Adapter, Vent Window",VMRS_HB_COMPLETE_v20 page 5_pages_26-50.md
055-007-034,,055,007,"Boot - Master Cylinder | 043-006-136 | BOX - Base, DPF/SCR",VMRS_HB_COMPLETE_v20 page 5_pages_26-50.md
013-000-007,,013,000,Boot - Master CyllinderBoot - Motor Tilting Mechanism | 002-011-150 | Box - Beverage Cooler,VMRS_HB_COMPLETE_v20 page 5_pages_26-50.md
013-003-033,,013,003,Boot - Parking Brake Lever | 002-039-006 | Box - Cab Guard/Headache Back,VMRS_HB_COMPLETE_v20 page 5_pages_26-50.md
032-002-062,,032,002,"Boot - Pigtail, Frame And Field | 036-001-021 | Box - Camera",VMRS_HB_COMPLETE_v20 page 5_pages_26-50.md
034-003-052,,034,003,Boot - Plug/Cable Protecting | 174-023-014 | Box - Camera Mounting,VMRS_HB_COMPLETE_v20 page 5_pages_26-50.md
032-002-038,,032,002,Boot - Plunger | 072-004-021 | Box - Catch,VMRS_HB_COMPLETE_v20 page 5_pages_26-50.md
026-011-099,,026,011,"Boot - Range Valve, Lever Mounted | 053-001-008 | Box - Chain",VMRS_HB_COMPLETE_v20 page 5_pages_26-50.md
034-002-026,,034,002,"Boot - Rear License Lamp | 197-001-009 | Box - Chain Floor, Chain Conveyor",VMRS_HB_COMPLETE_v20 page 5_pages_26-50.md
034-003-119,,034,003,"Boot - Receptacle, Electrical Connecting Cord | 002-011-086 | Box - Coin, Console",VMRS_HB_COMPLETE_v20 page 5_pages_26-50.md
027-003-011,,027,003,Boot - Retarder Control Lever | 055-006-013 | Box - Control,VMRS_HB_COMPLETE_v20 page 5_pages_26-50.md
033-003-010,,033,003,"Boot - Secondary Wire, Ignition CollRoot - Sonding Unit | 103-000-004 | Box - Controller, Stationary Generator",VMRS_HB_COMPLETE_v20 page 5_pages_26-50.md
041-001-106,,041,001,Boot - Sensor Mass Air Flow | 042-010-023 | Box - DPE/SCB Exhaust Aftertreatment Device,VMRS_HB_COMPLETE_v20 page 5_pages_26-50.md
023-001-042,,023,001,"Boot - Shaft, Clutch Pedal | 002-050-639 | Box - Heater, Sleeper",VMRS_HB_COMPLETE_v20 page 5_pages_26-50.md
027-033-080,,027,033,Boot - Shift Lever | 034-004-031 | Box - Junction,VMRS_HB_COMPLETE_v20 page 5_pages_26-50.md
027-033-088,,027,033,"Boot - Shift Selector | 043-006-091 | Box - Junction, Exhaust Aftertreatment Device",VMRS_HB_COMPLETE_v20 page 5_pages_26-50.md
025-001-237,,025,001,"Boot - Shifter, Transfer Case | 051-014-000 | Box - Manifest",VMRS_HB_COMPLETE_v20 page 5_pages_26-50.md
034-003-053,,034,003,"Boot - Socket/Cable Protecting | 016-014-042 | Box - Mounting, Axle Lift Controls",VMRS_HB_COMPLETE_v20 page 5_pages_26-50.md
033-003-007,,033,003,Boot - Spark Plug Wire | 034-004-423 | Box - Power Net Distribution,VMRS_HB_COMPLETE_v20 page 5_pages_26-50.md
015-002-005,,015,002,"Boot - Steering Column | 153-003-003 | Box - Receptacle, Stationary Generator",VMRS_HB_COMPLETE_v20 page 5_pages_26-50.md
015-004-073,,015,004,Boot Steering Damper | 034-004-443 | Box - RelayBox - Shift Control,VMRS_HB_COMPLETE_v20 page 5_pages_26-50.md
015-009-034,,015,009,Boot - Steering Universal Joint | 053-011-019 | Box - Shinning,VMRS_HB_COMPLETE_v20 page 5_pages_26-50.md
016-020-010,,016,020,Boot - Strut | 045-021-107 | Box - Smart Junction. Electronic Management,VMRS_HB_COMPLETE_v20 page 5_pages_26-50.md
055-003-015,,055,003,Boot - Switch | | System,VMRS_HB_COMPLETE_v20 page 5_pages_26-50.md
151-001-115,,151,001,"Boot - Switch, APU | 053-004-072 | Box - Storage, Emergency Evacuation Fire",VMRS_HB_COMPLETE_v20 page 5_pages_26-50.md
364-001-013,,364,001,"Boot - Switch, Paver/Melter Assembly | | Blanket",VMRS_HB_COMPLETE_v20 page 5_pages_26-50.md
082-006-047,,082,006,"Boot - Throttle Control Linkage | 002-062-052 | Box - Storage, Floor, Trunk",VMRS_HB_COMPLETE_v20 page 5_pages_26-50.md
082-036-002,,082,036,"Boot - Throttle Controls | 151-001-116 | Box - Switch, APU",VMRS_HB_COMPLETE_v20 page 5_pages_26-50.md
365-005-003,,365,005,"Boot - Toggle Switch, Paint Heater | 461-001-009 | Box - Switch, Hand Remote Control, Arrow",VMRS_HB_COMPLETE_v20 page 5_pages_26-50.md
002-050-003,,002,050,"Boot - Toggle Switch, Stationary Generator | 002-020-038 | Box - Tank Compartment Seat Back",VMRS_HB_COMPLETE_v20 page 5_pages_26-50.md
094-006-043,,094,006,Boot - Weatherproof Push Button Switch Hose | 078-028-002 | Box - Tarp,VMRS_HB_COMPLETE_v20 page 5_pages_26-50.md
015-002-053,,015,002,Reel | | Box - Tilt Steering Column,VMRS_HB_COMPLETE_v20 page 5_pages_26-50.md
094-006-042,,094,006,"Boot - Weatherproof Toggle Switch, Hose Reel | 002-047-003 | Box - Vent Adapter",VMRS_HB_COMPLETE_v20 page 5_pages_26-50.md
031-001-079,,031,001,Boot - Wiring | 042-011-013 | Box - Water,VMRS_HB_COMPLETE_v20 page 5_pages_26-50.md
002-010-078,,002,010,Boot - Wiring Harness | 051-014-001 | Box Assembly - Manifest,VMRS_HB_COMPLETE_v20 page 5_pages_26-50.md
034-004-310,,034,004,"Boot - Wiring Harness, Chassis | 043-006-113 | Box Beam - DPF/SCR, Exhaust Aftertreatment",VMRS_HB_COMPLETE_v20 page 5_pages_26-50.md
045-002-081,,045,002,"Boot - Wiring Harness, Engine | 071 004 001 | Device",VMRS_HB_COMPLETE_v20 page 5_pages_26-50.md
012-010-143,,012,010,Boot Assembly - Mirror Arm | 071-024-001 | Box Boay - Complete,VMRS_HB_COMPLETE_v20 page 5_pages_26-50.md
013-010-102,,013,010,Boot Brush | 002-002-081 | Bra Assembly - Front Fender,VMRS_HB_COMPLETE_v20 page 5_pages_26-50.md
002-032-025,,002,032,Boot Kit - Sleeper | 002-034-013 | Brace - Accent Panel Cab,VMRS_HB_COMPLETE_v20 page 5_pages_26-50.md
174-017-043,,174,017,Boot Ring - School Bus Stop Arm Assembly | 031-001-069 | Brace - Adjusting,VMRS_HB_COMPLETE_v20 page 5_pages_26-50.md
051-006-016,,051,006,Boot Ring - Stop Arm | 032-004-056 | Brace - Air Tank,VMRS_HB_COMPLETE_v20 page 5_pages_26-50.md
025-001-220,,025,001,"Boot- Shift Linkage, Transfer Case | 014-002-067 | Brace - Bumper, Rear",VMRS_HB_COMPLETE_v20 page 5_pages_26-50.md
013-004-031,,013,004,"Boot, Push Rod - Spring Brake Chamber | 174-001-219 | Brace - Bus Body",VMRS_HB_COMPLETE_v20 page 5_pages_26-50.md
053-011-017,,053,011,Boots - Rubber | 174-018-015 | Brace - Bus Body Barrier,VMRS_HB_COMPLETE_v20 page 5_pages_26-50.md
172-007-016,,172,007,"Boss - Motor Mount, Tipper | 174-023-024 | Brace - Bus Crossview Mirror",VMRS_HB_COMPLETE_v20 page 5_pages_26-50.md
042-002-058,,042,002,Bottle - Crankcase Breather | 174-029-013 | Brace - Bus Elip Soat,VMRS_HB_COMPLETE_v20 page 5_pages_26-50.md
365-007-037,,365,007,Bottle - Oil Paint Pump | 002-015-030 | Brace - Cab Corner,VMRS_HB_COMPLETE_v20 page 5_pages_26-50.md
052-008-037,,052,008,"Bottom - Door, Refrigerator | 001-001-278 | Brace - Compressor. Refrigerant",VMRS_HB_COMPLETE_v20 page 5_pages_26-50.md
174-033-101,,174,033,"Bottom Assembly - Center Hoop | 174-032-023 | Brace - Cylinder, Wheelchair Ramp Mechanism",VMRS_HB_COMPLETE_v20 page 5_pages_26-50.md
044-002-073,,044,002,"Bottom Plate - Heated, Fuel /Water Separator | 174-032-028 | Brace - Cylinder, Wheelchair Ramp Mechanism,",VMRS_HB_COMPLETE_v20 page 5_pages_26-50.md
071-026-007,,071,026,Bow - Curtain Support | | Front,VMRS_HB_COMPLETE_v20 page 5_pages_26-50.md
002-023-024,,002,023,Brace - Door Handle | 072-004-050 | Bracket - Upper Closure (Slide),VMRS_HB_COMPLETE_v20 page 5_pages_26-50.md
002-050-097,,002,050,"Brace - Door Jamb | 002-007-028 | Bracket - ""D"" Pillar",VMRS_HB_COMPLETE_v20 page 5_pages_26-50.md
002-050-403,,002,050,"Brace - Door Latch | 051-008-016 | Bracket - 12V Outlet, Dash, Navigation System,",VMRS_HB_COMPLETE_v20 page 5_pages_26-50.md
077-003-017,,077,003,"Brace - Ear, Trailer Leg | | GPS",VMRS_HB_COMPLETE_v20 page 5_pages_26-50.md
077-009-007,,077,009,"Brace - Equalizer Pipe, Spring Hanger | 002-007-015 | Bracket - A Pillar, Lower",VMRS_HB_COMPLETE_v20 page 5_pages_26-50.md
002-015-080,,002,015,Brace - ExhausiBrace - Exiring Cab Extender Left Intermediate | 013-011-110 | Bracket ABS Connector,VMRS_HB_COMPLETE_v20 page 5_pages_26-50.md
004-004-012,,004,004,"Brace - Fairing, Cab Extender, Leit Intermediate | 013-011-110 | Bracket ABS LampBracket ABS Switch/Delay",VMRS_HB_COMPLETE_v20 page 5_pages_26-50.md
004-004-010,,004,004,"Brace - Fairing, Cab Extender, Lower Bight | 013-011-112 | Bracket - ABS Valve",VMRS_HB_COMPLETE_v20 page 5_pages_26-50.md
004-004-013,,004,004,"Brace - Fairing, Cab Extender, Edwer Hight | 015-012-006 | Bracket - ABS Valve, Electronic Stability Control",VMRS_HB_COMPLETE_v20 page 5_pages_26-50.md
044-007-065,,044,007,Intermediate | | Bracket - Accelerator Cable,VMRS_HB_COMPLETE_v20 page 5_pages_26-50.md
004-004-014,,004,004,"Brace - Fairing, Cab Extender, Upper Left | 044-007-106 | Bracket - Accelerator Linkage",VMRS_HB_COMPLETE_v20 page 5_pages_26-50.md
004-004-015,,004,004,"Brace - Fairing, Cab Extender, Upper Right | 041-002-015 | Bracket - Accessory, Intake Manifold",VMRS_HB_COMPLETE_v20 page 5_pages_26-50.md
004-007-004,,004,007,"Brace - Fairing, Sleeper Extender, Left | 001-001-380 | Bracket - Accumulator, Air Conditioner",VMRS_HB_COMPLETE_v20 page 5_pages_26-50.md
004-007-005,,004,007,"Brace - Fairing, Sleeper Extender, Right | 049-003-012 | Bracket - Accumulator, High Pressure, Hydraulic",VMRS_HB_COMPLETE_v20 page 5_pages_26-50.md
002-002-019,,002,002,Brace - Fender | 007 000 000 | Hybrid,VMRS_HB_COMPLETE_v20 page 5_pages_26-50.md
078-025-025,,078,025,"Brace - Flexible, Side Skirt Fairing Assembly | 027-003-029 | Bracket - Accumulator, Transmission Retarder",VMRS_HB_COMPLETE_v20 page 5_pages_26-50.md
031-001-025,,031,001,Brace - GeneratorBrace - Heat Shield Exhaust Affortroatmont | 000-001-000 | Bracket Actuator Door Lock,VMRS_HB_COMPLETE_v20 page 5_pages_26-50.md
043-000-090,,043,000,"Device | 002-010-1032 | Bracket - Actuator, Boof Air Deflector",VMRS_HB_COMPLETE_v20 page 5_pages_26-50.md
002-004-164,,002,004,"Brace - Hood | 044-011-017 | Bracket - Actuator, Speed Control System",VMRS_HB_COMPLETE_v20 page 5_pages_26-50.md
002-004-265,,002,004,"Brace - Hood, Pivot | 013-010-453 | Bracket - Adapter, Foot Valve",VMRS_HB_COMPLETE_v20 page 5_pages_26-50.md
004-004-026,,004,004,"Brace - Horizontal/Diagonal, Air Foil Deflector | 001-001-312 | Bracket - Adjustment Link, Compressor",VMRS_HB_COMPLETE_v20 page 5_pages_26-50.md
045-009-035,,045,009,"Brace - Inlet Tube Bracket | 061-007-027 | Bracket - Adjustment, Left, Scrub Brush",VMRS_HB_COMPLETE_v20 page 5_pages_26-50.md
078-023-002,,078,023,"Brace - Ladder Assembly | 061-007-026 | Bracket - Adjustment, Right, Scrub Brush",VMRS_HB_COMPLETE_v20 page 5_pages_26-50.md
077-003-018,,077,003,"Brace - Leg Assembly, Upper | 034-004-161 | Bracket - Advertising Light",VMRS_HB_COMPLETE_v20 page 5_pages_26-50.md
002-015-067,,002,015,Brace - Longhorn | 002-020-074 | Bracket - Aft Door,VMRS_HB_COMPLETE_v20 page 5_pages_26-50.md
002-010-122,,002,010,"Brace - Mirror, Diagonal | 013-013-019 | Bracket - Air Chamber & Power Screw Assembly",VMRS_HB_COMPLETE_v20 page 5_pages_26-50.md
002-010-022,,002,010,"Brace - Mirror, Lower | 059-002-026 | Bracket - Air Chamber, Pintle Hook",VMRS_HB_COMPLETE_v20 page 5_pages_26-50.md
002-010-011,,002,010,"Brace - Mirror, Opper | 059-002-020 | Bracket Air Cylinder",VMRS_HB_COMPLETE_v20 page 5_pages_26-50.md
034-004-332,,034,004,Brace - Panel Accent Lamp | 016-014-049 | Bracket - Air Cylinder Liftable Air Suspension,VMRS_HB_COMPLETE_v20 page 5_pages_26-50.md
002-062-049,,002,062,Brace - Panel Deck Lid | 004-009-003 | Bracket - Air Deflector Cab Front,VMRS_HB_COMPLETE_v20 page 5_pages_26-50.md
059-002-019,,059,002,"Brace - Pintle Hook | 026-011-113 | Bracket - Air Filter, Transmission",VMRS_HB_COMPLETE_v20 page 5_pages_26-50.md
077-009-011,,077,009,"Brace - Pipe, Front Spring Hanger | 043-004-085 | Bracket - Air Inlet",VMRS_HB_COMPLETE_v20 page 5_pages_26-50.md
077-009-003,,077,009,"Brace - Pipe, Rear Spring Hanger | 041-001-032 | Bracket - Air Intake Pipe",VMRS_HB_COMPLETE_v20 page 5_pages_26-50.md
002-050-078,,002,050,Brace - Rear Pad | 013-010-236 | Bracket - Air Line Swivel,VMRS_HB_COMPLETE_v20 page 5_pages_26-50.md
071-002-039,,071,002,"Brace - Rear Pan Extension | 026-011-208 | Bracket - Air Line, Transmission Control",VMRS_HB_COMPLETE_v20 page 5_pages_26-50.md
002-050-774,,002,050,"Brace - Rear Wall, Center, Horizontal | 013-010-390 | Bracket - Air Management Unit",VMRS_HB_COMPLETE_v20 page 5_pages_26-50.md
002-050-746,,002,050,"Brace - Rear Wall, Lower, Horizontal | 013-010-493 | Bracket - Air Manifold",VMRS_HB_COMPLETE_v20 page 5_pages_26-50.md
002-050-744,,002,050,"Brace - Rear Wall, Lower, Vertical | 041-001-043 | Bracket - Air Restriction Indicator",VMRS_HB_COMPLETE_v20 page 5_pages_26-50.md
002-050-743,,002,050,"Brace - Rear Wall, Opper, HonzonianBrace - Rear Wall, Upper, Vertical | 016-014-050 | Bracket - Air Spring Liftable Air Suspension Left",VMRS_HB_COMPLETE_v20 page 5_pages_26-50.md
004-001-021,,004,001,"Brace - Reinforcement Roof Air Deflector | 016-014-051 | Bracket - Air Spring, Liftable Air Suspension,",VMRS_HB_COMPLETE_v20 page 5_pages_26-50.md
002-050-067,,002,050,Brace - Right Front | | Right,VMRS_HB_COMPLETE_v20 page 5_pages_26-50.md
002-050-081,,002,050,Brace - Right Rear | 032-004-059 | Bracket - Air Starter Muffler,VMRS_HB_COMPLETE_v20 page 5_pages_26-50.md
071-004-016,,071,004,Brace - Roof (to side) | 013-007-037 | Bracket - Airline,VMRS_HB_COMPLETE_v20 page 5_pages_26-50.md
004-003-040,,004,003,"Brace - Roof Fairing, Inner | 003-004-020 | Bracket - Alarm/Buzzer",VMRS_HB_COMPLETE_v20 page 5_pages_26-50.md
004-003-041,,004,003,"Brace - Roof Fairing, Outer | 013-009-080 | Bracket - Alcohol Evaporator",VMRS_HB_COMPLETE_v20 page 5_pages_26-50.md
058-001-015,,058,001,"Brace - Screen, Winch | 049-003-010 | Bracket - Alignment, Air Tank, Hydraulic Hybrid",VMRS_HB_COMPLETE_v20 page 5_pages_26-50.md
055-022-008,,055,022,Brace - ShelfBrace - Shelf | 013-004-024 | Bracket Angle Tube Brace,VMRS_HB_COMPLETE_v20 page 5_pages_26-50.md
002-050-083,,002,050,"Brace - Side, Leit Rear | 072-001-033 | Bracket - Antenna, Collision Avoidance System",VMRS_HB_COMPLETE_v20 page 5_pages_26-50.md
012-000-000,,012,000,"Brace - Skirt | 063-007-006 | Bracket - Antenna, Digital Audio Receiver",VMRS_HB_COMPLETE_v20 page 5_pages_26-50.md
004-005-027,,004,005,"Brace - Skirt Chassis Fairing | 063-005-014 | Bracket - Antenna, External Terrestrial",VMRS_HB_COMPLETE_v20 page 5_pages_26-50.md
041-001-069,,041,001,"Brace - Stack, Air Cleaner | 051-008-014 | Bracket - Antenna, Navigation System, GPS",VMRS_HB_COMPLETE_v20 page 5_pages_26-50.md
044-001-060,,044,001,"Brace - Step, Fuel Tank | 079-001-007 | Bracket - Anti Nose Dive",VMRS_HB_COMPLETE_v20 page 5_pages_26-50.md
077-001-006,,077,001,"Brace - Support | 072-003-017 | Bracket - Anti-Rax, Rear Door",VMRS_HB_COMPLETE_v20 page 5_pages_26-50.md
042-002-116,,042,002,"Brace - Surge Tank | 071-005-018 | Bracket - Anti-Rax, Side Door",VMRS_HB_COMPLETE_v20 page 5_pages_26-50.md
004-003-035,,004,003,"Brace - Trim Tab, Extender, Roof Fairing | 042-003-135 | Bracket - Anti-Rotation, Fan Drive",VMRS_HB_COMPLETE_v20 page 5_pages_26-50.md
002-008-034,,002,008,"Brace - Under Dash | 055-001-051 | Bracket - Arm, Liftgate",VMRS_HB_COMPLETE_v20 page 5_pages_26-50.md
002-050-095,,002,050,"Brace - Upper, Upper Leπ | 055-023-094 | Bracket - Arm, Wheelchair Lift",VMRS_HB_COMPLETE_v20 page 5_pages_26-50.md
002-022-023,,002,022,"Brace - Z, ShellBrace Assembly Grille | 002-048-133 | Bracket Armrest Sect",VMRS_HB_COMPLETE_v20 page 5_pages_26-50.md
174-001-004,,174,001,"Brace Angle - Bus Floor | 002-027-245 | Bracket - Assist Handle, Cab Entry",VMRS_HB_COMPLETE_v20 page 5_pages_26-50.md
112-004-001,,112,004,"Braces - Support Outrigger | 173-006-002 | Bracket - Attaching, Frame Assembly",VMRS_HB_COMPLETE_v20 page 5_pages_26-50.md
014-009-017,,014,009,"Bracket | 081-005-011 | Bracket - Attaching, Lower Wall",VMRS_HB_COMPLETE_v20 page 5_pages_26-50.md
016-015-031,,016,015,"Bracket - Control Valve, Cab Height | 059-010-002 | Bracket - Attaching, Tow Bar, Forward",VMRS_HB_COMPLETE_v20 page 5_pages_26-50.md
002-040-014,,002,040,"Bracket - Deployable Step | 059-010-007 | Bracket - Attaching, Tow Bar, Rear",VMRS_HB_COMPLETE_v20 page 5_pages_26-50.md
071-020-013,,071,020,"Bracket - End Channel, Load Retaining | 081-005-010 | Bracket - Attaching, Upper Wall",VMRS_HB_COMPLETE_v20 page 5_pages_26-50.md
072-004-049,,072,004,"Bracket - Roller, Lower, Roll-Up Rear Door | 048-001-072 | Bracket - Auxiliary Power Generator, Hybrid",VMRS_HB_COMPLETE_v20 page 5_pages_26-50.md
016-005-160,,016,005,"Bracket - Auxiliary Spring | 002-012-099 | Bracket - Cab Mounting, Floor",VMRS_HB_COMPLETE_v20 page 5_pages_26-50.md
028-006-003,,028,006,Bracket - Auxiliary Transmission | 002-048-155 | Bracket - Cab Overhead Storage,VMRS_HB_COMPLETE_v20 page 5_pages_26-50.md
016-008-011,,016,008,Bracket - Axle | 002-012-083 | Bracket - Cab Pivot,VMRS_HB_COMPLETE_v20 page 5_pages_26-50.md
016-009-019,,016,009,Bracket - Axle Clamp | 002-014-004 | Bracket - Cab Upholstery,VMRS_HB_COMPLETE_v20 page 5_pages_26-50.md
016-002-078,,016,002,"Bracket - Axle Clamp, Front Suspension | 072-004-040 | Bracket - Cable Anchor",VMRS_HB_COMPLETE_v20 page 5_pages_26-50.md
016-009-026,,016,009,Bracket - Axle Height Control Valve | 002-022-035 | Bracket - Cable Attachment,VMRS_HB_COMPLETE_v20 page 5_pages_26-50.md
016-005-162,,016,005,"Bracket - Axle Seat, Suspension | 015-002-058 | Bracket - Cable Attachment, Steering Column",VMRS_HB_COMPLETE_v20 page 5_pages_26-50.md
022-001-022,,022,001,"Bracket - Axle Stop, Rear | 002-018-168 | Bracket - Cable Mounting, Front Door",VMRS_HB_COMPLETE_v20 page 5_pages_26-50.md
002-027-031,,002,027,"Bracket - Back Pivot, Left | 001-002-107 | Bracket - Cable Support",VMRS_HB_COMPLETE_v20 page 5_pages_26-50.md
002-027-030,,002,027,"Bracket - Back Pivot, Right | 044-011-034 | Bracket - Cable, Cruise Control",VMRS_HB_COMPLETE_v20 page 5_pages_26-50.md
002-027-154,,002,027,"Bracket - Back Rest | 001-004-062 | Bracket - Cable, Heater And A/C, Sleeper",VMRS_HB_COMPLETE_v20 page 5_pages_26-50.md
024-002-127,,024,002,"Bracket - Backpad, Upper | 031-001-074 | Bracket Cable/Hamess, Allemator",VMRS_HB_COMPLETE_v20 page 5_pages_26-50.md
034-003-137,,034,003,"Bracket Balancer Conter | 207-013-010 | Bracket Caliper, Dice Brake",VMRS_HB_COMPLETE_v20 page 5_pages_26-50.md
072-004-005,,072,004,Bracket - Balancer Loft | 072-007-01/ | Bracket - Cam Beefer Door,VMRS_HB_COMPLETE_v20 page 5_pages_26-50.md
072-004-045,,072,004,"Bracket - Balancer, Bight | 034-003-162 | Bracket - Cam, Turn Signaling Canceling",VMRS_HB_COMPLETE_v20 page 5_pages_26-50.md
267-011-005,,267,011,Bracket - Base Auger | 036-001-033 | Bracket - Camera Collision Avoidance System,VMRS_HB_COMPLETE_v20 page 5_pages_26-50.md
032-001-041,,032,001,"Bracket - Battery Cable | 036-014-004 | Bracket - Camera, Driver Risk Management",VMRS_HB_COMPLETE_v20 page 5_pages_26-50.md
032-002-044,,032,002,Bracket - Battery Disconnect Switch | | System,VMRS_HB_COMPLETE_v20 page 5_pages_26-50.md
151-001-024,,151,001,"Bracket - Battery Hold Down, APU | 013-014-079 | Bracket - Camshaft, Left",VMRS_HB_COMPLETE_v20 page 5_pages_26-50.md
036-006-011,,036,006,"Bracket - Battery, Asset Tracking | 013-014-078 | Bracket - Camshaft, Right",VMRS_HB_COMPLETE_v20 page 5_pages_26-50.md
034-004-128,,034,004,"Bracket - Beacon Lamp | 043-001-099 | Bracket - Canister, Evaporative Emission Control",VMRS_HB_COMPLETE_v20 page 5_pages_26-50.md
034-006-057,,034,006,Bracket - Beacon Lamp | 031-001-022 | Bracket - Capacitor,VMRS_HB_COMPLETE_v20 page 5_pages_26-50.md
016-008-092,,016,008,"Bracket - Beam, Rear Air Suspension | 048-001-070 | Bracket - Carrier, Power Electronics, Hybrid",VMRS_HB_COMPLETE_v20 page 5_pages_26-50.md
056-001-108,,056,001,"Bracket - Bearing, Drive Shaft, PTO | 368-001-005 | Bracket - Case",VMRS_HB_COMPLETE_v20 page 5_pages_26-50.md
267-002-005,,267,002,"Bracket - Bearing, Feeder Tube | 082-012-046 | Bracket - Center Door Mounting",VMRS_HB_COMPLETE_v20 page 5_pages_26-50.md
072-007-016,,072,007,"Bracket - Bearing, Reefer Door | 002-015-140 | Bracket - Center Panel, Engine Compartment",VMRS_HB_COMPLETE_v20 page 5_pages_26-50.md
023-001-082,,023,001,"Bracket - Bell Crank | 002-025-024 | Bracket - Center Post, Lower",VMRS_HB_COMPLETE_v20 page 5_pages_26-50.md
013-003-070,,013,003,"Bracket - Bell Crank, Parking Brake | 002-025-025 | Bracket - Center Post, Upper",VMRS_HB_COMPLETE_v20 page 5_pages_26-50.md
013-017-009,,013,017,"1/4-001-086 | Bracket - Belt Line, Bus Body | | Bracket - Champer, Position Not Specified",VMRS_HB_COMPLETE_v20 page 5_pages_26-50.md
014-004-001,,014,004,"Bracket - Body Panel, Side | 174-024-139 | Bracket Circuit Board Rus Electrical Control",VMRS_HB_COMPLETE_v20 page 5_pages_26-50.md
267-001-003,,267,001,Bracket - Boom Baso | 034 004 056 | Bracket - Circuit Broaker,VMRS_HB_COMPLETE_v20 page 5_pages_26-50.md
001-002-172,,001,002,Bracket - Booster Pump | 023-001-051 | Bracket - Clutch Pedal Rumper,VMRS_HB_COMPLETE_v20 page 5_pages_26-50.md
013-006-039,,013,006,Bracket - Booster Master Cylinder | 023-001-090 | Bracket - Clutch Pedal Shaft,VMRS_HB_COMPLETE_v20 page 5_pages_26-50.md
002-012-095,,002,012,"Bracket - Bottom, Air Intake Panel | 023-001-062 | Bracket - Clutch Switch",VMRS_HB_COMPLETE_v20 page 5_pages_26-50.md
077-001-005,,077,001,"Bracket - Brace | 045-018-030 | Bracket - Clutch Switch, Engine Retarder",VMRS_HB_COMPLETE_v20 page 5_pages_26-50.md
041-001-083,,041,001,"Bracket - Brace, Stack, Air Intake | 041-005-008 | Bracket - Cold Start",VMRS_HB_COMPLETE_v20 page 5_pages_26-50.md
013-005-005,,013,005,Bracket - Brake And Clutch Pedal Shaft Support | 015-011-027 | Bracket - Column Mounting,VMRS_HB_COMPLETE_v20 page 5_pages_26-50.md
013-003-082,,013,003,"Bracket - Brake Mounting, Parking brake | 052-009-001 | Bracket - Combo Control",VMRS_HB_COMPLETE_v20 page 5_pages_26-50.md
015-002-059,,015,002,"Bracket - Brake Valve, Trailer | 172-002-020 | Bracket - Compaction Assembly, Position Not",VMRS_HB_COMPLETE_v20 page 5_pages_26-50.md
023-001-120,,023,001,Bracket - Brake/Clutch Pedal | | Specified,VMRS_HB_COMPLETE_v20 page 5_pages_26-50.md
045-014-016,,045,014,"Bracket - Breather | 172-003-001 | Bracket - Compaction Body, Position Not",VMRS_HB_COMPLETE_v20 page 5_pages_26-50.md
002-004-068,,002,004,Bracket - Bridge | | Specified,VMRS_HB_COMPLETE_v20 page 5_pages_26-50.md
055-023-055,,055,023,"Bracket - Bridgeplate, Wheelchair Lift | 172-006-001 | Bracket - Compaction Body, Position Not",VMRS_HB_COMPLETE_v20 page 5_pages_26-50.md
002-006-034,,002,006,Bracket - Bulkhead Deep Thru | 170 004 001 | Specified,VMRS_HB_COMPLETE_v20 page 5_pages_26-50.md
034-004-370,,034,004,"Bracket - Bulknead, Pass-ThruBracket - Bumper | 172-004-001 | Bracket - Compactor Support, Position Not",VMRS_HB_COMPLETE_v20 page 5_pages_26-50.md
071-000-017,,071,000,Bracket - Bumper Pollor | 002.008.010 | Bracket - Compartment Door,VMRS_HB_COMPLETE_v20 page 5_pages_26-50.md
001-000-020,,001,000,"Bracket - Bumper Ston, Hood | 002-000-019 | Bracket - Compressed Air Valve",VMRS_HB_COMPLETE_v20 page 5_pages_26-50.md
002-050-137,,002,050,Bracket - Bunk End | 040 004 100 | Turbocompound,VMRS_HB_COMPLETE_v20 page 5_pages_26-50.md
002-050-544,,002,050,Bracket - Bunk Latch Lower | 053-001-058 | Bracket - Compressor Automatic Traction,VMRS_HB_COMPLETE_v20 page 5_pages_26-50.md
002-050-578,,002,050,Bracket - Bunk Pivot | | Device,VMRS_HB_COMPLETE_v20 page 5_pages_26-50.md
002-050-552,,002,050,Bracket - Bunk Restraint | 034-003-138 | Bracket - Connector,VMRS_HB_COMPLETE_v20 page 5_pages_26-50.md
002-050-510,,002,050,"Bracket - Bunk Support | 002-011-091 | Bracket - Console, Floor Mounted",VMRS_HB_COMPLETE_v20 page 5_pages_26-50.md
174-001-215,,174,001,Bracket - Bus Body | 058-006-014 | Bracket - Contactor,VMRS_HB_COMPLETE_v20 page 5_pages_26-50.md
174-028-030,,174,028,Bracket - Bus Body A/C System Condenser | 082-003-030 | Bracket - Control,VMRS_HB_COMPLETE_v20 page 5_pages_26-50.md
174-028-035,,174,028,Bracket - Bus Body A/C System Solenoid Valve | 082-035-016 | Bracket - Control,VMRS_HB_COMPLETE_v20 page 5_pages_26-50.md
174-020-012,,174,020,"Bracket - Bus Driver Control Console, Front | 071-026-008 | Bracket - Control Assembly",VMRS_HB_COMPLETE_v20 page 5_pages_26-50.md
174-022-033,,174,022,Bracket - Bus Flip Seat | 002-050-116 | Bracket - Control Box,VMRS_HB_COMPLETE_v20 page 5_pages_26-50.md
014-001-016,,014,001,"Bracket - Cab Crosstie | 172-005-002 | Bracket - Control Box, Compactor, Position Not",VMRS_HB_COMPLETE_v20 page 5_pages_26-50.md
034-004-136,,034,004,Bracket - Cab Dome Lamp | 010 005 001 | Specified,VMRS_HB_COMPLETE_v20 page 5_pages_26-50.md
002-030-135,,002,030,Bracket - Cab Hold Down | 010-005-021 | Bracket Control Link Frame,VMRS_HB_COMPLETE_v20 page 5_pages_26-50.md
014-004-015,,014,004,Bracket - Cab Hold-Down | 307-005-004 | Bracket Control Linkage Wheelehair Lift,VMRS_HB_COMPLETE_v20 page 5_pages_26-50.md
002-030-015,,002,030,Bracket - Cab Jack Fullip | 003-023-090 | Bracket - Control Module Engine Shutdown,VMRS_HB_COMPLETE_v20 page 5_pages_26-50.md
014-004-033,,014,004,"Bracket - Cab LeyBracket - Cab Ley | 044-008-012 | Bracket - Control Module, Engine Shutdown",VMRS_HB_COMPLETE_v20 page 5_pages_26-50.md
016-015-058,,016,015,"Bracket - Cab Leveling Valve | 013-006-045 | Bracket - Control Module, Engine Grutdown",VMRS_HB_COMPLETE_v20 page 5_pages_26-50.md
002-036-071,,002,036,"Bracket - Cab Lock | 042-003-122 | Bracket - Control Module, Radiator Fan",VMRS_HB_COMPLETE_v20 page 5_pages_26-50.md
002-036-069,,002,036,"Bracket - Cab Lock Rod | 044-007-051 | Bracket - Control Module, Throttle Control",VMRS_HB_COMPLETE_v20 page 5_pages_26-50.md
002-015-082,,002,015,"Bracket - Cab Mount, Upper | 055-020-021 | Bracket - Control Panel",VMRS_HB_COMPLETE_v20 page 5_pages_26-50.md
002-050-595,,002,050,"Bracket - Control Panel, Sleeper | 002-048-231 | Bracket - Door Striker, Overhead Console",VMRS_HB_COMPLETE_v20 page 5_pages_26-50.md
044-009-023,,044,009,"Bracket - Control Valve | 002-050-668 | Bracket - Door Support, Cabinet",VMRS_HB_COMPLETE_v20 page 5_pages_26-50.md
364-001-012,,364,001,Bracket - Control Valve - Paver/Melter Assembly | 034-004-162 | Bracket - Door Switch,VMRS_HB_COMPLETE_v20 page 5_pages_26-50.md
055-010-012,,055,010,"Bracket - Control Valve Mounting | 174-001-207 | Bracket - Door, Bus Body",VMRS_HB_COMPLETE_v20 page 5_pages_26-50.md
003-001-178,,003,001,"Bracket - Control Valve, Differential Lockout | 044-001-083 | Bracket - Drain Cable, Fuel Tank",VMRS_HB_COMPLETE_v20 page 5_pages_26-50.md
001-001-325,,001,001,"Bracket - Control, HVAC | 013-010-368 | Bracket - Drain Valve Cable",VMRS_HB_COMPLETE_v20 page 5_pages_26-50.md
002-046-004,,002,046,"Bracket - Control, Lower | 013-010-405 | Bracket - Drain Valve, Air Tank",VMRS_HB_COMPLETE_v20 page 5_pages_26-50.md
056-001-109,,056,001,"Bracket - Control, PTO | 082-009-027 | Bracket - Drier",VMRS_HB_COMPLETE_v20 page 5_pages_26-50.md
016-008-082,,016,008,"Bracket - Control, Remote Air Control | 052-008-038 | Bracket - Drip Tray, Refrigerator",VMRS_HB_COMPLETE_v20 page 5_pages_26-50.md
048-001-045,,048,001,"Bracket - Converter, DC/DC, Hybrid | 024-002-053 | Bracket - Drive Shaft",VMRS_HB_COMPLETE_v20 page 5_pages_26-50.md
042-007-005,,042,007,Bracket - Coolant Filter | 174-001-182 | Bracket - Driver Front Accessory Compartment,VMRS_HB_COMPLETE_v20 page 5_pages_26-50.md
013-009-128,,013,009,Bracket - Coolant Line Support | 002-050-731 | Bracket - Drivers Lounge,VMRS_HB_COMPLETE_v20 page 5_pages_26-50.md
048-001-040,,048,001,"Bracket - Cooler, Drive Unit, Hybrid | 174-002-022 | Bracket - Drivers Step",VMRS_HB_COMPLETE_v20 page 5_pages_26-50.md
002-050-037,,002,050,"Bracket - Corner, Forward | 034-001-058 | Bracket - Driving Lamp Kit",VMRS_HB_COMPLETE_v20 page 5_pages_26-50.md
002-050-036,,002,050,"Bracket - Corner, Rear | 015-011-035 | Bracket - Dual Bevel Box Mounting",VMRS_HB_COMPLETE_v20 page 5_pages_26-50.md
002-022-040,,002,022,"Bracket - Counterbalance | 001-003-123 | Bracket - Duct, Auxiliary Heater",VMRS_HB_COMPLETE_v20 page 5_pages_26-50.md
002-015-041,,002,015,"Bracket - Cover Plate | 001-002-193 | Bracket - Duct, Heater",VMRS_HB_COMPLETE_v20 page 5_pages_26-50.md
043-007-145,,043,007,"Bracket Cover, DEF Tarik | 172 001 002 | Bracket - Duci, Healer And A/C, Sleeper",VMRS_HB_COMPLETE_v20 page 5_pages_26-50.md
002-012-090,,002,012,"Bracket - Cover, Engine CompaninentBracket - Cover, Exhaust Affortroatmont Dovice | 173-001-002 | Bracket Dump Body Tailgato",VMRS_HB_COMPLETE_v20 page 5_pages_26-50.md
045-000-051,,045,000,"Bracket - Cover, Exhaust Altertreatment Device | 045 021 015 | Bracket ECM",VMRS_HB_COMPLETE_v20 page 5_pages_26-50.md
012-002-009,,012,002,"Bracket - Covel, Steering Column | 045-021-015 | Bracket - ECII Automated Transmission",VMRS_HB_COMPLETE_v20 page 5_pages_26-50.md
002-005-014,,002,005,Bracket - Cowl Corper | 020-010-042 | Bracket - ECU Automatic Transmission,VMRS_HB_COMPLETE_v20 page 5_pages_26-50.md
036-001-028,,036,001,Bracket - CPU Collision Avoidance System | 015-012-014 | Bracket - ECU Electronic Stability Control,VMRS_HB_COMPLETE_v20 page 5_pages_26-50.md
052-012-014,,052,012,Bracket - Cradle Phone Handset | 026-012-014 | Bracket - ECU Manual Transmission,VMRS_HB_COMPLETE_v20 page 5_pages_26-50.md
077-003-036,,077,003,Bracket - Crankshaft Support Assembly | 174-040-002 | Bracket - ECU Pedestrian Detection,VMRS_HB_COMPLETE_v20 page 5_pages_26-50.md
014-001-032,,014,001,Bracket - Cross Member | 027-033-021 | Bracket - ECU Shift Control Automatic,VMRS_HB_COMPLETE_v20 page 5_pages_26-50.md
028-006-004,,028,006,"Bracket - Cross member, Auxiliary Transmission | 027 000 021 | Transmission",VMRS_HB_COMPLETE_v20 page 5_pages_26-50.md
026-001-084,,026,001,"Bracket - Cross Member, Bell Housing | 026-011-167 | Bracket - ECU, Shift Control, Manual",VMRS_HB_COMPLETE_v20 page 5_pages_26-50.md
014-001-051,,014,001,"Bracket - Cross Member, Front Engine Support | | Transmission",VMRS_HB_COMPLETE_v20 page 5_pages_26-50.md
016-005-130,,016,005,"Bracket - Cross Member, Torque Rod | 017-009-032 | Bracket - ECU, Tire Pressure Monitoring System",VMRS_HB_COMPLETE_v20 page 5_pages_26-50.md
055-012-082,,055,012,Bracket - Crossbar | 043-001-080 | Bracket - EGR Lines,VMRS_HB_COMPLETE_v20 page 5_pages_26-50.md
071-028-020,,071,028,"Bracket - Crossbar, A-Frame | 043-001-040 | Bracket - EGR Solenoid",VMRS_HB_COMPLETE_v20 page 5_pages_26-50.md
002-004-214,,002,004,"Bracket - Crossbar, Hood | 172-008-007 | Bracket - Ejector, Position Not Specified",VMRS_HB_COMPLETE_v20 page 5_pages_26-50.md
044-001-049,,044,001,Bracket - Crossover | 042-003-072 | Bracket - Electric Fan,VMRS_HB_COMPLETE_v20 page 5_pages_26-50.md
044-011-033,,044,011,Bracket - Cruise Assembly | 015-008-008 | Bracket - Electric Steering Harness,VMRS_HB_COMPLETE_v20 page 5_pages_26-50.md
002-048-217,,002,048,"Bracket - Cup Holder | 002-048-178 | Bracket - Electrical Compartment, B-Pillar",VMRS_HB_COMPLETE_v20 page 5_pages_26-50.md
071-026-009,,071,026,"Bracket - Curtain Mount | 052-005-019 | Bracket - Electrical Connection Post, CB Radio",VMRS_HB_COMPLETE_v20 page 5_pages_26-50.md
174-022-020,,174,022,"Bracket - Cushion, Bus Seat | 034-004-164 | Bracket - Electrical Options",VMRS_HB_COMPLETE_v20 page 5_pages_26-50.md
013-010-472,,013,010,Bracket - Cutout Cock | 034-008-002 | Bracket - Electrical Vault,VMRS_HB_COMPLETE_v20 page 5_pages_26-50.md
002-027-133,,002,027,Bracket - Cylinder & Latch Pin | 002-011-048 | Bracket - Electronic Accessory,VMRS_HB_COMPLETE_v20 page 5_pages_26-50.md
045-007-027,,045,007,Bracket - Cylinder Head to Case | 032-006-001 | Bracket - Emergency Start,VMRS_HB_COMPLETE_v20 page 5_pages_26-50.md
013-003-080,,013,003,"Bracket - Cylinder, Parking Brake, Drive Shaft | 043-005-032 | Bracket - Engine Exhaust Brake",VMRS_HB_COMPLETE_v20 page 5_pages_26-50.md
002-004-223,,002,004,"Bracket - Damper, Hood | 045-008-091 | Bracket - Engine Litting",VMRS_HB_COMPLETE_v20 page 5_pages_26-50.md
002-015-108,,002,015,Bracket - Deck Allachment | 045-020-003 | Bracket - Engine Roll Dampener,VMRS_HB_COMPLETE_v20 page 5_pages_26-50.md
002-042-002,,002,042,Bracket Deck Plate | 003-004-022 | Bracket Engine Stop Control Engine Shutdown,VMRS_HB_COMPLETE_v20 page 5_pages_26-50.md
020-011-104,,020,011,Bracket Debudrator/Possivor Air Conditionar | 003-004-023 | Bracket Engine Stop Control Throttle Control,VMRS_HB_COMPLETE_v20 page 5_pages_26-50.md
007-007-234,,007,007,Bracket - Destination Sign | 044-007-072 | Bracket - Engine Front Accessory Drive,VMRS_HB_COMPLETE_v20 page 5_pages_26-50.md
045-021-014,,045,021,Bracket - Diagnostics Connector | 016-005-003 | Bracket - Englier Wear Pad,VMRS_HB_COMPLETE_v20 page 5_pages_26-50.md
043-006-011,,043,006,Bracket - Differential Pressure Sensor | 016-005-026 | Bracket - Equalizing Beam,VMRS_HB_COMPLETE_v20 page 5_pages_26-50.md
267-011-003,,267,011,Bracket - Digger | 041-005-009 | Bracket - Ether Injector,VMRS_HB_COMPLETE_v20 page 5_pages_26-50.md
063-007-003,,063,007,Bracket - Digital Audio Receiver | 043-001-070 | Bracket - Exhaust Back Pressure Sensor,VMRS_HB_COMPLETE_v20 page 5_pages_26-50.md
034-001-036,,034,001,Bracket - Dimmer Switch | 043-005-049 | Bracket - Exhaust Brake Air Cylinder,VMRS_HB_COMPLETE_v20 page 5_pages_26-50.md
034-004-276,,034,004,"Bracket - Diode Carrier, Electrical Box | 151-001-036 | Bracket - Exhaust, APU",VMRS_HB_COMPLETE_v20 page 5_pages_26-50.md
045-010-030,,045,010,"Bracket - Dipstick Tube | 001-004-101 | Bracket - Expansion Valve, Auxiliary HVAC,",VMRS_HB_COMPLETE_v20 page 5_pages_26-50.md
013-001-112,,013,001,"Bracket - Disc Brake Caliper, Front | | Sleeper",VMRS_HB_COMPLETE_v20 page 5_pages_26-50.md
013-002-123,,013,002,"Bracket - Disc Brake Caliper, Rear | 002-050-041 | Bracket - Extension",VMRS_HB_COMPLETE_v20 page 5_pages_26-50.md
001-001-313,,001,001,"Bracket - Discharge Line | 014-001-069 | Bracket - Extension, Forward Frame",VMRS_HB_COMPLETE_v20 page 5_pages_26-50.md
052-003-017,,052,003,Bracket - Dispatch Radio | 004-005-044 | Bracket - Fairing Support,VMRS_HB_COMPLETE_v20 page 5_pages_26-50.md
053-011-037,,053,011,"Bracket - Dispenser, Hand Cleaner | 004-004-045 | Bracket - Fairing, Side Extender",VMRS_HB_COMPLETE_v20 page 5_pages_26-50.md
063-004-005,,063,004,"Bracket - Display Unit | 004-007-010 | Bracket - Fairing, Sleeper Extender",VMRS_HB_COMPLETE_v20 page 5_pages_26-50.md
098-013-018,,098,013,"Bracket - Distributor | 004-014-020 | Bracket - Fairing, Steer Axle Wheel Well",VMRS_HB_COMPLETE_v20 page 5_pages_26-50.md
072-004-065,,072,004,Bracket - Door Hinge | 068-001-112 | Bracket - Fairlead,VMRS_HB_COMPLETE_v20 page 5_pages_26-50.md
082-029-065,,082,029,"Bracket - Door Hinge, Reefer | 001-005-009 | Bracket - Fan",VMRS_HB_COMPLETE_v20 page 5_pages_26-50.md
002-046-064,,002,046,"Bracket - Door Holder, Exterior | 042-003-060 | Bracket - Fan Hub",VMRS_HB_COMPLETE_v20 page 5_pages_26-50.md
002-018-052,,002,018,Bracket - Door Latch | 052-007-005 | Bracket - Fascia,VMRS_HB_COMPLETE_v20 page 5_pages_26-50.md
002-017-038,,002,017,"Bracket - Door Seal, Flange | 044-003-207 | Bracket - Fast Idle",VMRS_HB_COMPLETE_v20 page 5_pages_26-50.md
001-002-143,,001,002,"Bracket - Door Seal, Heater | 002-004-082 | Bracket - Fender Roller",VMRS_HB_COMPLETE_v20 page 5_pages_26-50.md
002-015-049,,002,015,"Bracket - Door Stop | 044-012-024 | Bracket - Fill, Fuel Line Gaseous",VMRS_HB_COMPLETE_v20 page 5_pages_26-50.md
002-025-020,,002,025,"Bracket - Door Stop Strap | 002-004-204 | Bracket - Filler Panel, Hood to Cab",VMRS_HB_COMPLETE_v20 page 5_pages_26-50.md
055-010-218,,055,010,"Bracket - Filter Base | 015-003-115 | Bracket - Heat Shield, Steering Shaft",VMRS_HB_COMPLETE_v20 page 5_pages_26-50.md
013-009-120,,013,009,"Bracket - Filter, Air Unloader | 042-009-013 | Bracket - Heater & Pump",VMRS_HB_COMPLETE_v20 page 5_pages_26-50.md
045-014-022,,045,014,"Bracket - Filter, Crankcase Ventilation | 016-002-044 | Bracket - Helper Spring",VMRS_HB_COMPLETE_v20 page 5_pages_26-50.md
044-012-049,,044,012,"Bracket - Filter, Fuel Line, Gaseous | 174-017-028 | Bracket - Hinge Mounting, School Bus Stop Arm",VMRS_HB_COMPLETE_v20 page 5_pages_26-50.md
174-011-082,,174,011,"Bracket - Filter, Outward Opening Entrance Door | | Assembly",VMRS_HB_COMPLETE_v20 page 5_pages_26-50.md
053-004-011,,053,004,Bracket - Fire Extinguisher Mounting | 002-004-062 | Bracket - Hinge Support Front,VMRS_HB_COMPLETE_v20 page 5_pages_26-50.md
002-012-000,,002,012,"Bracket - Firewall | 002-004-062 | Bracket - Hinge Support, Pront",VMRS_HB_COMPLETE_v20 page 5_pages_26-50.md
053-004-021,,053,004,Bracket Flag & Flare | 01/ 005 03/ | Bracket Hinge Battery Box,VMRS_HB_COMPLETE_v20 page 5_pages_26-50.md
034-002-145,,034,002,"Bracket Flagher Turn Signal | 072 002 012 | Bracket - Hinge, Bady Door",VMRS_HB_COMPLETE_v20 page 5_pages_26-50.md
034-003-145,,034,003,"Diacket - Flasher, Tulli Signal | 072-003-012 | Bracket - Hinge, Douy Real Door",VMRS_HB_COMPLETE_v20 page 5_pages_26-50.md
034-001-070,,034,001,"Diacket - Flood Lamp | 002-022-001 | Bracket - Hinge, Cab Real Dool",VMRS_HB_COMPLETE_v20 page 5_pages_26-50.md
017-009-083,,017,009,"Bracket - Flow-Thru, Tire Pressure Monitoring | 075-005-002 | Bracket - Hinge, Mannole Cover",VMRS_HB_COMPLETE_v20 page 5_pages_26-50.md
004-004-400,,004,004,"System | 0/1-005-013 | Bracket - Hinge, Side Door",VMRS_HB_COMPLETE_v20 page 5_pages_26-50.md
034-001-103,,034,001,"Bracket - Fog Lamp | 082-029-061 | Bracket - Hinge, Top Door, Curbside, Reefer",VMRS_HB_COMPLETE_v20 page 5_pages_26-50.md
002-027-151,,002,027,"Bracket - Folding Seat, Left | 082-029-079 | Bracket - Hinge, Top Door, Roadside, Reefer",VMRS_HB_COMPLETE_v20 page 5_pages_26-50.md
002-027-152,,002,027,"Bracket - Folding Seat, Right | 059-010-004 | Bracket - Hold Down, Forward Attaching Bracket,",VMRS_HB_COMPLETE_v20 page 5_pages_26-50.md
026-010-087,,026,010,"Bracket - Fork, Range Shifter | | Tow Bar",VMRS_HB_COMPLETE_v20 page 5_pages_26-50.md
014-001-068,,014,001,"Bracket - Forward Frame | 065-007-001 | Bracket - Hold-Down, Hoses & Fittings",VMRS_HB_COMPLETE_v20 page 5_pages_26-50.md
016-009-028,,016,009,"Bracket - Frame Height Control Valve | 065-008-003 | Bracket - Hold-Down, Lines & Tubing",VMRS_HB_COMPLETE_v20 page 5_pages_26-50.md
023-001-057,,023,001,"Bracket - Frame, Pedal | 002-004-037 | Bracket - Hood Cable",VMRS_HB_COMPLETE_v20 page 5_pages_26-50.md
016-008-037,,016,008,"Bracket - Front Axle | 002-004-029 | Bracket - Hood Guide, Left",VMRS_HB_COMPLETE_v20 page 5_pages_26-50.md
014-002-006,,014,002,"Bracket - Front Bumper | 002-004-028 | Bracket - Hood Guide, Right",VMRS_HB_COMPLETE_v20 page 5_pages_26-50.md
002-002-025,,002,002,"Bracket - Front Fender | 002-004-020 | Bracket - Hood Hinge, Front",VMRS_HB_COMPLETE_v20 page 5_pages_26-50.md
016-008-032,,016,008,"Bracket - Front Shock, Upper & Lower | 002-004-031 | Bracket - Hood Lacing",VMRS_HB_COMPLETE_v20 page 5_pages_26-50.md
016-002-007,,016,002,Bracket - Front Spring | 002-004-038 | Bracket - Hood Latch,VMRS_HB_COMPLETE_v20 page 5_pages_26-50.md
002-046-086,,002,046,Bracket - Front. Center | 002-004-185 | Bracket - Hood Latch Striker,VMRS_HB_COMPLETE_v20 page 5_pages_26-50.md
002-015-107,,002,015,Bracket - Fuel Door | 002-004-090 | Bracket - Hood Pivot,VMRS_HB_COMPLETE_v20 page 5_pages_26-50.md
044-002-056,,044,002,Bracket - Fuel Filter | 002-004-261 | Bracket - Hood Pivot Hinge,VMRS_HB_COMPLETE_v20 page 5_pages_26-50.md
044-002-079,,044,002,Bracket - Fuel Line | 002-004-144 | Bracket - Hood Pivot Lower,VMRS_HB_COMPLETE_v20 page 5_pages_26-50.md
001-003-109,,001,003,"Bracket - Fuel Pump Auxiliary Heater | 002-004-139 | Bracket - Hood Pivot, Loner",VMRS_HB_COMPLETE_v20 page 5_pages_26-50.md
151-002-035,,151,002,"Bracket - Fuel Pump, Heater APLI | 002-004-184 | Bracket - Hood Restraint",VMRS_HB_COMPLETE_v20 page 5_pages_26-50.md
082-030-042,,082,030,"Bracket - Fuel Pump, Reefer | 002-004-104 | Bracket - Hood Spring",VMRS_HB_COMPLETE_v20 page 5_pages_26-50.md
044-003-102,,044,003,Bracket - Fulcrum Lever | 082-033-024 | Bracket - Hose,VMRS_HB_COMPLETE_v20 page 5_pages_26-50.md
034-004-165,,034,004,Bracket - Fuse Black | 062-000-024 | Bracket Hose Carrier,VMRS_HB_COMPLETE_v20 page 5_pages_26-50.md
034-004-105,,034,004,"Bracket - Cas Spring | 000-001-003 | Bracket - Hose Clamp, Hydraulia Hybrid",VMRS_HB_COMPLETE_v20 page 5_pages_26-50.md
070-020-010,,070,020,"Bracket - Cas Spring | 049-001-009 | Bracket - Hose Clamp, Hydraulic Hybrid",VMRS_HB_COMPLETE_v20 page 5_pages_26-50.md
002-050-073,,002,050,"Bracket - Gas Spring, Exit Door | 000-007-031 | Bracket - Hose Pulley",VMRS_HB_COMPLETE_v20 page 5_pages_26-50.md
002-050-621,,002,050,"Bracket - Gas Spring, Lower Bunk | 068-001-041 | Bracket - Hose Retainer, Boom",VMRS_HB_COMPLETE_v20 page 5_pages_26-50.md
044-010-033,,044,010,Bracket - Gas valve Mounting | 001-002-104 | Bracket - Hose Support,VMRS_HB_COMPLETE_v20 page 5_pages_26-50.md
068-001-022,,068,001,"Bracket - Gate Roller | 267-001-011 | Bracket - Hose, Boom",VMRS_HB_COMPLETE_v20 page 5_pages_26-50.md
053-001-059,,053,001,"Bracket - Gauge, Automatic Traction Device | 367-009-001 | Bracket - Hose, Water System",VMRS_HB_COMPLETE_v20 page 5_pages_26-50.md
044-012-023,,044,012,"Bracket - Gauge, Fuel Line, Gaseous | 051-003-005 | Bracket - Hourmeter",VMRS_HB_COMPLETE_v20 page 5_pages_26-50.md
026-011-009,,026,011,"Bracket - Gearshift Lever | 018-001-041 | Bracket - Hubcap, Front Steer Wheel, Outer",VMRS_HB_COMPLETE_v20 page 5_pages_26-50.md
015-011-005,,015,011,"Bracket - General, Switch Mounting | 018-004-042 | Bracket - Hubcap, Outer",VMRS_HB_COMPLETE_v20 page 5_pages_26-50.md
013-009-078,,013,009,"Bracket - Governor, Air Compressor | 013-007-036 | Bracket - Hydraulic Pressure Limiting Valve",VMRS_HB_COMPLETE_v20 page 5_pages_26-50.md
044-003-214,,044,003,"Bracket - Governor, Engine Fuel Pump | 013-007-038 | Bracket - Hydraulic Tube",VMRS_HB_COMPLETE_v20 page 5_pages_26-50.md
174-001-194,,174,001,"Bracket - Grab Handle | 013-011-007 | Bracket - Hydraulic Valve, ABS System",VMRS_HB_COMPLETE_v20 page 5_pages_26-50.md
002-050-656,,002,050,"Bracket - Grab Handle, Cabinet | 044-007-068 | Bracket - Idle Adjuster",VMRS_HB_COMPLETE_v20 page 5_pages_26-50.md
002-048-230,,002,048,"Bracket - Grab Handle, Door, Inner | 111-003-010 | Bracket - Idler",VMRS_HB_COMPLETE_v20 page 5_pages_26-50.md
002-004-242,,002,004,"Bracket - Grille, Intake, Hood | 015-004-079 | Bracket - Idler Arm",VMRS_HB_COMPLETE_v20 page 5_pages_26-50.md
034-004-377,,034,004,"Bracket - Ground Stud, Firewall | 031-001-080 | Bracket - Idler Pulley, Alternator",VMRS_HB_COMPLETE_v20 page 5_pages_26-50.md
024-002-050,,024,002,"Bracket - Guard | 042-003-009 | Bracket - Idler Pulley, Fan",VMRS_HB_COMPLETE_v20 page 5_pages_26-50.md
068-001-020,,068,001,Bracket - Guard Mounting | 033-001-027 | Bracket - Ignition Switch,VMRS_HB_COMPLETE_v20 page 5_pages_26-50.md
043-007-182,,043,007,"Bracket - Guard, DEF Injector | 014-002-066 | Bracket - Impact Guard, Rear",VMRS_HB_COMPLETE_v20 page 5_pages_26-50.md
002-015-038,,002,015,"Bracket - Guard, Lower | 072-001-018 | Bracket - Impact Guard, Rear, Trailer",VMRS_HB_COMPLETE_v20 page 5_pages_26-50.md
002-001-035,,002,001,"Bracket - Guard, Radiator Grille | 003-001-168 | Bracket - Indicator, Low Air Pressure",VMRS_HB_COMPLETE_v20 page 5_pages_26-50.md
002-015-039,,002,015,"Bracket - Guard, Upper | 051-011-006 | Bracket - Information Center Assembly",VMRS_HB_COMPLETE_v20 page 5_pages_26-50.md
077-007-003,,077,007,Bracket - Guide | 044-003-063 | Bracket - Injector Lines,VMRS_HB_COMPLETE_v20 page 5_pages_26-50.md
002-002-039,,002,002,"Bracket - Half Fender | 041-002-029 | Bracket - Inlet Elbow, Intake Manifold",VMRS_HB_COMPLETE_v20 page 5_pages_26-50.md
002-027-268,,002,027,"Bracket - Hand Pump, Seat Height | 045-009-034 | Bracket - Inlet Tube",VMRS_HB_COMPLETE_v20 page 5_pages_26-50.md
055-023-067,,055,023,Bracket - Handrail Wheelchair Lift | 041-002-034 | Bracket - Inlet Valve Intake Manifold,VMRS_HB_COMPLETE_v20 page 5_pages_26-50.md
016-005-168,,016,005,Bracket - Hanger Load Cushion | 002-002-048 | Bracket - Inner Fender,VMRS_HB_COMPLETE_v20 page 5_pages_26-50.md
013-010-445,,013,010,"Bracket - Hanger, Trailer Connect | 015-011-031 | Bracket - Instrument Support",VMRS_HB_COMPLETE_v20 page 5_pages_26-50.md
014-004-055,,014,004,001_001 254 | Bracket - Hat | | Bracket - Insulator Rear Cab Mount,VMRS_HB_COMPLETE_v20 page 5_pages_26-50.md
001-001-204,,001,001,"Bracket Hadar | 014-004-055 | Bracket - Insulator, Hear Cab Mount",VMRS_HB_COMPLETE_v20 page 5_pages_26-50.md
042-001-040,,042,001,Diauket Heat Converter | 051 009 010 | Bracket Interface Madule Nevication Oustant,VMRS_HB_COMPLETE_v20 page 5_pages_26-50.md
043-001-042,,043,001,"Dracket - Heat Converter | 051-008-013 | Diacket - Interface Module, Navigation System,",VMRS_HB_COMPLETE_v20 page 5_pages_26-50.md
042-002-152,,042,002,Dracket - Heat Exchanger | 004 004 407 | UF3Breaket Interior Laws,VMRS_HB_COMPLETE_v20 page 5_pages_26-50.md
044-012-032,,044,012,"Bracket - Heat Exchanger, Fuel Tank, Gaseous | 034-004-167 | Bracket - Interior Lamp",VMRS_HB_COMPLETE_v20 page 5_pages_26-50.md
013-011-132,,013,011,"Bracket - Heat Shield, ABS System | 013-010-456 | Bracket - Inversion Valve, Air Brake",VMRS_HB_COMPLETE_v20 page 5_pages_26-50.md
041-001-072,,041,001,"Bracket - Heat Shield, Air Intake | 048-001-044 | Bracket - Inverter, Hybrid",VMRS_HB_COMPLETE_v20 page 5_pages_26-50.md
002-012-111,,002,012,"Bracket - Heat Shield, Cab | 002-004-222 | Bracket - Isolator, Hood Support",VMRS_HB_COMPLETE_v20 page 5_pages_26-50.md
043-003-064,,043,003,"Bracket - Heat Shield, Exhaust | 053-006-018 | Bracket - Jack",VMRS_HB_COMPLETE_v20 page 5_pages_26-50.md
043-002-030,,043,002,"Bracket - Heat Shield, Exhaust Manifold | 065-031-003 | Bracket - Joystick Mount",VMRS_HB_COMPLETE_v20 page 5_pages_26-50.md
032-001-050,,032,001,"Bracket - Jumpstart, Battery | 082-008-098 | Bracket - Motor, Condenser Fan, Reefer",VMRS_HB_COMPLETE_v20 page 5_pages_26-50.md
042-009-014,,042,009,"Bracket - Junction Block, Coolant Pre-Heater | 042-003-125 | Bracket - Motor, Fan Drive",VMRS_HB_COMPLETE_v20 page 5_pages_26-50.md
034-004-134,,034,004,"Bracket - Junction Block, Front Lamps | 061-005-009 | Bracket - Motor, Side Broom",VMRS_HB_COMPLETE_v20 page 5_pages_26-50.md
049-001-015,,049,001,"Bracket - Junction Block, Hydraulic Hybrid | 004-007-013 | Bracket - Mount, Flexible, Extension, Sleeper",VMRS_HB_COMPLETE_v20 page 5_pages_26-50.md
034-004-135,,034,004,"Bracket - Junction Block, Rear Lamps | | Extender",VMRS_HB_COMPLETE_v20 page 5_pages_26-50.md
034-004-168,,034,004,"Bracket - Junction Block, Signal, Parking & | 078-017-016 | Bracket - Mounting Plate, Tarp Roller",VMRS_HB_COMPLETE_v20 page 5_pages_26-50.md
010-007-017,,010,007,"Backup Lamps | 043-003-021 | Bracket - Mounting Ring, Muffler Cage (Guard)",VMRS_HB_COMPLETE_v20 page 5_pages_26-50.md
013-007-047,,013,007,"Bracket - Junction Box, Air Lines | 041-005-010 | Bracket - Mounting Valve",VMRS_HB_COMPLETE_v20 page 5_pages_26-50.md
002-040-061,,002,040,"Bracket - Keyboard, On Board Computer | 002-010-079 | Bracket - Mounting, Opper",VMRS_HB_COMPLETE_v20 page 5_pages_26-50.md
002-040-001,,002,040,Bracket - King Din Air Delease | 078-009-012 | Bracket - Multiplever,VMRS_HB_COMPLETE_v20 page 5_pages_26-50.md
071-025-002,,071,025,Bracket - Ladder Back | 002-050-683 | Bracket - Net Storage Compartment,VMRS_HB_COMPLETE_v20 page 5_pages_26-50.md
071-025-011,,071,025,Bracket - Ladder Rack Extension | 043-007-158 | Bracket - Nitrogen Oxide Sensor,VMRS_HB_COMPLETE_v20 page 5_pages_26-50.md
071-025-009,,071,025,"Bracket - Ladder Stop | 002-045-005 | Bracket - Noise Shield, Engine",VMRS_HB_COMPLETE_v20 page 5_pages_26-50.md
077-012-020,,077,012,"Bracket - Lamp Mounting | 174-032-055 | Bracket - Occupant Restraint, Wheelchair Tie-",VMRS_HB_COMPLETE_v20 page 5_pages_26-50.md
002-050-050,,002,050,"Bracket - Lamp, Rear | | Down",VMRS_HB_COMPLETE_v20 page 5_pages_26-50.md
036-002-001,,036,002,"Bracket - Lane Departure | 042-002-094 | Bracket - Oil Cooler, Transmission",VMRS_HB_COMPLETE_v20 page 5_pages_26-50.md
054-001-056,,054,001,"Bracket - Lanyard, Air Horn | 049-001-024 | Bracket - Oil Cooler, Hydraulic Hybrid",VMRS_HB_COMPLETE_v20 page 5_pages_26-50.md
071-026-010,,071,026,"Bracket - Latch | 015-005-080 | Bracket - Oil Cooler, Steering",VMRS_HB_COMPLETE_v20 page 5_pages_26-50.md
002-027-080,,002,027,"Bracket - Latch Adjust | 025-001-121 | Bracket - Oil Cooler, Transfer Case",VMRS_HB_COMPLETE_v20 page 5_pages_26-50.md
071-006-006,,071,006,"Bracket - Latch, Bulkhead Door | 027-036-022 | Bracket - Oil Filter, Automatic Transmission",VMRS_HB_COMPLETE_v20 page 5_pages_26-50.md
002-036-122,,002,036,"Bracket - Latch, Cab Mount | 025-001-180 | Bracket - Oll Filter, Transfer Case",VMRS_HB_COMPLETE_v20 page 5_pages_26-50.md
002-050-625,,002,050,"Bracket - Latch, Chassis Fairing | 026-001-070 | Bracket - Oil Filter, Transmission",VMRS_HB_COMPLETE_v20 page 5_pages_26-50.md
002-000-000,,002,000,Bracket Latch Door Top Doofor | 027-024-090 | Bracket - Oil Drossure Switch,VMRS_HB_COMPLETE_v20 page 5_pages_26-50.md
002-029-039,,002,029,"Bracket - Latch, Wheel Cover | 003-001-101 | Bracket - Oil Pressure Switch",VMRS_HB_COMPLETE_v20 page 5_pages_26-50.md
055-023-054,,055,023,"Bracket - Latch, Wheelchair Lift | 045-017-007 | Bracket - Oil Reservoir",VMRS_HB_COMPLETE_v20 page 5_pages_26-50.md
016-015-026,,016,015,Bracket - Lateral Control Bod | 003-004-024 | Bracket - Oil Sentinel,VMRS_HB_COMPLETE_v20 page 5_pages_26-50.md
002-017-027,,002,017,Bracket - Lateral Protective Device | 051-013-002 | Bracket - On Board Air Pump,VMRS_HB_COMPLETE_v20 page 5_pages_26-50.md
016-008-107,,016,008,"Bracket - Lateral Torque Rod, Air Ride | 032-005-001 | Bracket - On Board Battery Charger",VMRS_HB_COMPLETE_v20 page 5_pages_26-50.md
014-003-005,,014,003,"Suspension | | Bracket - On Engine Or Transmission, Rear",VMRS_HB_COMPLETE_v20 page 5_pages_26-50.md
002-050-094,,002,050,"Bracket - Left Corner | 014-003-001 | Bracket - On Engine, Front",VMRS_HB_COMPLETE_v20 page 5_pages_26-50.md
077-003-058,,077,003,"Bracket - Leg | 014-003-002 | Bracket - On Frame, Front",VMRS_HB_COMPLETE_v20 page 5_pages_26-50.md
002-050-730,,002,050,"Bracket - Leg, Table | 014-003-004 | Bracket - On Frame, Rear",VMRS_HB_COMPLETE_v20 page 5_pages_26-50.md
016-008-048,,016,008,Bracket - Leveling Valve | 072-004-010 | Bracket - Operator,VMRS_HB_COMPLETE_v20 page 5_pages_26-50.md
015-011-024,,015,011,Bracket - Lever Mounting | 081-005-037 | Bracket - Orifice Holder,VMRS_HB_COMPLETE_v20 page 5_pages_26-50.md
045-002-038,,045,002,"Bracket - Lift Ear, Engine Head/Block | 174-011-063 | Bracket - Outward Opening Entrance Door",VMRS_HB_COMPLETE_v20 page 5_pages_26-50.md
061-005-013,,061,005,"Bracket - Lift, Side Broom | 174 014 050 | Actuator Release Handle",VMRS_HB_COMPLETE_v20 page 5_pages_26-50.md
013-010-371,,013,010,Bracket - Limiter Valve | 174-011-053 | Bracket - Outward Opening Entrance Door,VMRS_HB_COMPLETE_v20 page 5_pages_26-50.md
307-009-002,,307,009,Bracket - Linkaga Laveling Valvo | 174 011 024 | Release Assembly Cable,VMRS_HB_COMPLETE_v20 page 5_pages_26-50.md
010-000-049,,010,000,"Bracket - Linkage, Leveling Valve | 174-011-034 | Safoty Guard",VMRS_HB_COMPLETE_v20 page 5_pages_26-50.md
002-035-130,,002,035,"Bracket - Linkage, Winer | 174-011-038 | Bracket - Outward Opening Entrance Door",VMRS_HB_COMPLETE_v20 page 5_pages_26-50.md
034-004-259,,034,004,"Bracket - Load Center, Cab | 174 011 000 | Switch",VMRS_HB_COMPLETE_v20 page 5_pages_26-50.md
002-050-264,,002,050,Bracket - Load Lamp. Rear | 174-011-052 | Bracket - Outward Opening Entrance Door,VMRS_HB_COMPLETE_v20 page 5_pages_26-50.md
053-004-019,,053,004,Bracket - Load Lock | | Vandal Lock Cable,VMRS_HB_COMPLETE_v20 page 5_pages_26-50.md
172-007-090,,172,007,"Bracket - Loader, Position Not Specified | 042-002-060 | Bracket - Overflow Bottle",VMRS_HB_COMPLETE_v20 page 5_pages_26-50.md
072-003-016,,072,003,"Bracket - Lock Rod, Rear Door, Lower | 002-050-076 | Bracket - Pad, Rear",VMRS_HB_COMPLETE_v20 page 5_pages_26-50.md
072-003-015,,072,003,"Bracket - Lock Rod, Rear Door, Upper | 002-048-232 | Bracket - Panel, Interior Trim",VMRS_HB_COMPLETE_v20 page 5_pages_26-50.md
071-005-017,,071,005,"Bracket - Lock Rod, Side Door, Lower | 013-003-043 | Bracket - Parking Brake Cable",VMRS_HB_COMPLETE_v20 page 5_pages_26-50.md
071-005-016,,071,005,"Bracket - Lock Rod, Side Door, Upper | 013-003-087 | Bracket - Parking Brake Valve, Transmission",VMRS_HB_COMPLETE_v20 page 5_pages_26-50.md
082-018-002,,082,018,Bracket - Lower | | Mounted,VMRS_HB_COMPLETE_v20 page 5_pages_26-50.md
016-001-023,,016,001,Bracket - Lower Control Arm Strut | 027-032-005 | Bracket - Parking Lock Pawl Reaction,VMRS_HB_COMPLETE_v20 page 5_pages_26-50.md
082-029-055,,082,029,"Bracket - Lower Latch, Door, Reefer | 044-007-101 | Bracket - Pedal Adjustment, Accelerator",VMRS_HB_COMPLETE_v20 page 5_pages_26-50.md
019-002-033,,019,002,Bracket - Luphcation Pump | 015-011-032 | Bracket - Pedal Support,VMRS_HB_COMPLETE_v20 page 5_pages_26-50.md
002-027-037,,002,027,Bracket - Magnetic Door Switch | 002-011-009 | Bracket - Pericii Holder,VMRS_HB_COMPLETE_v20 page 5_pages_26-50.md
034-004-169,,034,004,"Bracket - Magnetic Switch | 078-025-019 | Bracket - Pillar Adapter, Side Skirt Fairing",VMRS_HB_COMPLETE_v20 page 5_pages_26-50.md
001-002-180,,001,002,Bracket - Magnetic Owten | 070 020 010 | Assembly,VMRS_HB_COMPLETE_v20 page 5_pages_26-50.md
013-006-020,,013,006,Bracket - Master Cylinder | 044-010-061 | Bracket - Pipe Injector,VMRS_HB_COMPLETE_v20 page 5_pages_26-50.md
023-001-157,,023,001,"Bracket - Master Cylinder, Hydraulic Clutch | 043-001-189 | Bracket - Pipe, Venturi",VMRS_HB_COMPLETE_v20 page 5_pages_26-50.md
004-008-007,,004,008,"Bracket - Mid Transitional Fairing | 002-004-259 | Bracket - Pivot, Left, Hood",VMRS_HB_COMPLETE_v20 page 5_pages_26-50.md
002-010-013,,002,010,"Bracket - Mirror Clamp | 002-004-258 | Bracket - Pivot, Right, Hood",VMRS_HB_COMPLETE_v20 page 5_pages_26-50.md
044-011-036,,044,011,"Bracket - Module, Cruise Control | 002-012-010 | Bracket - Platform",VMRS_HB_COMPLETE_v20 page 5_pages_26-50.md
036-009-004,,036,009,"Bracket - Module, Performance Monitor, Vehicle | 055-023-095 | Bracket - Platform, Wheelchair Lift",VMRS_HB_COMPLETE_v20 page 5_pages_26-50.md
002-018-146,,002,018,"Bracket - Module, Power Window | 041-001-071 | Bracket - Plenum, Air Intake",VMRS_HB_COMPLETE_v20 page 5_pages_26-50.md
027-003-030,,027,003,"Bracket - Module, Retarder Control | 058-001-006 | Bracket - Plumbing Support, Winch",VMRS_HB_COMPLETE_v20 page 5_pages_26-50.md
013-010-402,,013,010,"Bracket - Moisture Ejector Valve, Air Tank | 094-013-035 | Bracket - Position Not Specified",VMRS_HB_COMPLETE_v20 page 5_pages_26-50.md
364-007-001,,364,007,"Bracket - Motor Mount , Pump Agitator Assembly | 098-019-015 | Bracket - Position Not Specified",VMRS_HB_COMPLETE_v20 page 5_pages_26-50.md
061-008-002,,061,008,"Bracket - Motor Mount, Broom System | 1/2-001-037 | Bracket - Position Not Specified, Container Body",VMRS_HB_COMPLETE_v20 page 5_pages_26-50.md
061-007-002,,061,007,"Bracket - Motor Mount, Scrub Brush | 015-007-033 | Bracket - Power Cylinder Reaction",VMRS_HB_COMPLETE_v20 page 5_pages_26-50.md
034-004-295,,034,004,"Bracket - Power Distribution Module, Trailer | 172-001-015 | Bracket - | Roller, Container Body",VMRS_HB_COMPLETE_v20 page 5_pages_26-50.md
034-004-170,,034,004,"Bracket - Power Module | 002-004-080 | Bracket - | Roller, Lower, Hood",VMRS_HB_COMPLETE_v20 page 5_pages_26-50.md
049-001-006,,049,001,"Bracket - Power Split Drive Unit, Hydraulic | 058-001-005 | Bracket - | Roller, Winch",VMRS_HB_COMPLETE_v20 page 5_pages_26-50.md
002-050-511,,002,050,Hybrid | | Bracket - | Roof,VMRS_HB_COMPLETE_v20 page 5_pages_26-50.md
042-009-015,,042,009,Bracket - Pre-Heater | 002-015-109 | Bracket - | Roof Attachment,VMRS_HB_COMPLETE_v20 page 5_pages_26-50.md
032-003-019,,032,003,"Bracket - Pre-Heater, Grid Type | 002-006-025 | Bracket - | Root Bow",VMRS_HB_COMPLETE_v20 page 5_pages_26-50.md
042-008-015,,042,008,"Bracket - Pre-Heater, Tank Type | 004-001-048 | Bracket - | Root Fairing",VMRS_HB_COMPLETE_v20 page 5_pages_26-50.md
043-007-157,,043,007,"Bracket - Pressure Delief Velve, Hydraulie Hybrid | 004-003-048 | Bracket - | Root Fairing Mid Side",VMRS_HB_COMPLETE_v20 page 5_pages_26-50.md
049-001-010,,049,001,"Bracket - Pressure Relief Valve, Hydraulic Hybrid | 461 001 028 | Bracket - | Roof Arrow Board",VMRS_HB_COMPLETE_v20 page 5_pages_26-50.md
007-001-038,,007,001,Bracket - Primer Pump | 401-001-028 | Bracket - | Roof Corper,VMRS_HB_COMPLETE_v20 page 5_pages_26-50.md
044-009-032,,044,009,"Bracket - Probe Tube, Fuel Heater | 002-041-002 | Bracket - | Boof Operator Protection",VMRS_HB_COMPLETE_v20 page 5_pages_26-50.md
056-001-095,,056,001,Bracket - PTO | 151-001-117 | Bracket - | RPM Sensor APU,VMRS_HB_COMPLETE_v20 page 5_pages_26-50.md
002-050-610,,002,050,"Bracket - Pull Cable, Baggage Door | 002-027-159 | Bracket - | Rubber Hook, Seat Frame",VMRS_HB_COMPLETE_v20 page 5_pages_26-50.md
016-018-043,,016,018,"Bracket - Pull Handle | 014-010-005 | Bracket - | Rubber Hook, Toolbox Mounting",VMRS_HB_COMPLETE_v20 page 5_pages_26-50.md
367-003-002,,367,003,Bracket - Pump Mounting to Engine | 002-058-011 | Bracket - | Run Sign,VMRS_HB_COMPLETE_v20 page 5_pages_26-50.md
048-001-041,,048,001,"Bracket - Pump, Drive Unit, Hybrid | 002-003-002 | Bracket - | Running Board",VMRS_HB_COMPLETE_v20 page 5_pages_26-50.md
056-001-093,,056,001,"Bracket - Pump, PTO | 053-002-004 | Bracket - | Sander",VMRS_HB_COMPLETE_v20 page 5_pages_26-50.md
014-011-005,,014,011,Bracket - Quarter Fender | 063-001-006 | Bracket - | Satellite,VMRS_HB_COMPLETE_v20 page 5_pages_26-50.md
042-002-031,,042,002,"Bracket - Radiator Tie Rod, Left | 367-010-006 | Bracket - | Scraper Blade",VMRS_HB_COMPLETE_v20 page 5_pages_26-50.md
042-002-032,,042,002,"Bracket - Radiator Tie Rod, Right | 082-002-060 | Bracket - | Screen",VMRS_HB_COMPLETE_v20 page 5_pages_26-50.md
052-003-016,,052,003,"Bracket - Radio | 041-001-051 | Bracket - | Screen, Air Intake",VMRS_HB_COMPLETE_v20 page 5_pages_26-50.md
016-009-064,,016,009,"Bracket - Radius Rod | 002-050-582 | Bracket - | Screen, Rear Window",VMRS_HB_COMPLETE_v20 page 5_pages_26-50.md
016-005-032,,016,005,"Bracket - Radius Rod, Rear Spring | 362-002-007 | Bracket - | Sealing",VMRS_HB_COMPLETE_v20 page 5_pages_26-50.md
055-001-038,,055,001,Bracket - Ramp | 002-027-167 | Bracket - | Seat,VMRS_HB_COMPLETE_v20 page 5_pages_26-50.md
014-002-054,,014,002,"Bracket - Rear Bumper | 002-027-202 | Bracket - | Seat Base, Lower",VMRS_HB_COMPLETE_v20 page 5_pages_26-50.md
002-002-027,,002,002,"Bracket - Rear Fender | 002-027-201 | Bracket - | Seat Base, Upper",VMRS_HB_COMPLETE_v20 page 5_pages_26-50.md
034-002-033,,034,002,Bracket - Rear License Lamp | 002-027-177 | Bracket - | Seat Mounting,VMRS_HB_COMPLETE_v20 page 5_pages_26-50.md
002-013-092,,002,013,Bracket Dear Support | 002-027-091 | Bracket - | Seat Shroud,VMRS_HB_COMPLETE_v20 page 5_pages_26-50.md
027-013-029,,027,013,Bracket - Rear Support Extension Housing | 002-027-192 | Bracket - | Seat Skirt,VMRS_HB_COMPLETE_v20 page 5_pages_26-50.md
002-010-004,,002,010,Bracket - Rearview Mirror Inner | 002-027-210 | Bracket - | Secondary Plate & Bushing,VMRS_HB_COMPLETE_v20 page 5_pages_26-50.md
034-004-173,,034,004,Bracket - Receptacle | 003-005-002 | Bracket - | Security System,VMRS_HB_COMPLETE_v20 page 5_pages_26-50.md
042-002-068,,042,002,Bracket - Recirculation Shield | 003-001-143 | Bracket - | Sensor,VMRS_HB_COMPLETE_v20 page 5_pages_26-50.md
036-008-046,,036,008,"Bracket - Recorder, Surveillance System | 034-001-144 | Bracket - | Sensor, Ambient Light",VMRS_HB_COMPLETE_v20 page 5_pages_26-50.md
053-004-016,,053,004,"Bracket - Reflector Mounting | 082-008-097 | Bracket - | Sensor, Condenser",VMRS_HB_COMPLETE_v20 page 5_pages_26-50.md
174-025-028,,174,025,"Bracket - Regulator, School Bus Crossing Gate | 036-001-029 | Bracket - | Sensor, Front, Collision Avoidance",VMRS_HB_COMPLETE_v20 page 5_pages_26-50.md
016-014-068,,016,014,"Bracket - Regulator/Gauge, Lift Axle | | System",VMRS_HB_COMPLETE_v20 page 5_pages_26-50.md
045-013-023,,045,013,"Bracket - Reinforcement, Oil Pan | 036-001-004 | Bracket - | Sensor, Left Side, Collision Avoidance",VMRS_HB_COMPLETE_v20 page 5_pages_26-50.md
016-014-056,,016,014,"Bracket - Relay Valve, Liftable Air Suspension | | System",VMRS_HB_COMPLETE_v20 page 5_pages_26-50.md
034-004-172,,034,004,"Bracket - Relay/Circuit Breaker | 003-004-026 | Bracket - | Sensor, Oil & Water",VMRS_HB_COMPLETE_v20 page 5_pages_26-50.md
023-001-061,,023,001,"Bracket - Remote Clutch Lube | 043-001-056 | Bracket - | Sensor, Particulate Filter",VMRS_HB_COMPLETE_v20 page 5_pages_26-50.md
042-002-145,,042,002,"Bracket - Remote Filler, Radiator | 174-040-003 | Bracket - | Sensor, Pedestrian Detection",VMRS_HB_COMPLETE_v20 page 5_pages_26-50.md
002-035-121,,002,035,"Bracket - Remote Filler, Windshield Washer | 036-001-005 | Bracket - | Sensor, Right Side, Collision Avoidance",VMRS_HB_COMPLETE_v20 page 5_pages_26-50.md
082-012-042,,082,012,Bracket - Remote Indicator Lamp | 015 000 070 | System | Concer Chapring Wheel Angle,VMRS_HB_COMPLETE_v20 page 5_pages_26-50.md
023-001-143,,023,001,"Bracket - Reservoir, Ciulch | 012-002-072 | Bracket - | Sensor, Steering wheel Angle",VMRS_HB_COMPLETE_v20 page 5_pages_26-50.md
040-001-043,,040,001,"Bracket - Reservoir, Coolei, Hydraulie | 013-011-003 | Bracket - | Sensor, Wheel Speed",VMRS_HB_COMPLETE_v20 page 5_pages_26-50.md
049-003-011,,049,003,Hybrid | 052-007-007 | Bracket - | Service Entry Coavial Cable,VMRS_HB_COMPLETE_v20 page 5_pages_26-50.md
013-006-044,,013,006,Bracket - Reservoir Master Cylinder Remote | 002-007-007 | Televisio | n,VMRS_HB_COMPLETE_v20 page 5_pages_26-50.md
001-004-049,,001,004,Bracket - Resistor Sleeper | 001-001-247 | Bracket - | Service Panel,VMRS_HB_COMPLETE_v20 page 5_pages_26-50.md
043-003-083,,043,003,"Bracket - Resonator, Exhaust | 004-005-048 | Bracket - | Service Step Assembly",VMRS_HB_COMPLETE_v20 page 5_pages_26-50.md
002-004-033,,002,004,"Bracket - Rest Plate, Hood | 016-002-064 | Bracket - | Shackle, Front Spring",VMRS_HB_COMPLETE_v20 page 5_pages_26-50.md
462-007-004,,462,007,"Bracket - Restraint, Rotary Joint, Turntable | 016-005-185 | Bracket - | Shackle, Rear Spring",VMRS_HB_COMPLETE_v20 page 5_pages_26-50.md
033-003-016,,033,003,"Bracket - Retaining Ring, Distributor Cap Wire | 016-019-009 | Bracket - | Shaft, Locking Device",VMRS_HB_COMPLETE_v20 page 5_pages_26-50.md
002-011-029,,002,011,"Bracket - Retractor | 015-003-072 | Bracket - | Shaft, Steering Column",VMRS_HB_COMPLETE_v20 page 5_pages_26-50.md
044-007-043,,044,007,"Bracket - Return Spring, Accelerator | 055-022-009 | Bracket - | Shelf",VMRS_HB_COMPLETE_v20 page 5_pages_26-50.md
044-011-039,,044,011,"Bracket - Return Spring, Throttle | 044-007-067 | Bracket - | Shield, Accelerator Cable",VMRS_HB_COMPLETE_v20 page 5_pages_26-50.md
002-011-092,,002,011,"Bracket - Rifle, Military, Driver, Upper | 045-013-033 | Bracket - | Shield, Oil Pan",VMRS_HB_COMPLETE_v20 page 5_pages_26-50.md
002-011-093,,002,011,"Bracket - Rifle, Military, Passenger, Upper | 034-004-351 | Bracket - | Shield, Wiring Harness, Chassis",VMRS_HB_COMPLETE_v20 page 5_pages_26-50.md
002-015-139,,002,015,"Bracket - Right Panel, Engine Compartment | 026-011-177 | Bracket - | Shift Box",VMRS_HB_COMPLETE_v20 page 5_pages_26-50.md
042-003-113,,042,003,"Bracket - Ring, Fan Shroud | 026-011-139 | Bracket - | Shift Cable",VMRS_HB_COMPLETE_v20 page 5_pages_26-50.md
003-004-019,,003,004,"Bracket - Road Speed Limiter | 027-033-086 | Bracket - | Shift Cable, Automatic Transmission",VMRS_HB_COMPLETE_v20 page 5_pages_26-50.md
049-004-006,,049,004,"Bracket - Rock Guard, Accumulator, Hydraulic | 027-033-027 | Bracket - | Shift Selector",VMRS_HB_COMPLETE_v20 page 5_pages_26-50.md
002-004-210,,002,004,Rischet - Rod End Hood Divot | 020-011-100 | Bracket | Shift Tower Automated Transmission,VMRS_HB_COMPLETE_v20 page 5_pages_26-50.md
044-001-074,,044,001,Bracket - Rod Fuel Shut-Off Value | 002-012-002 | Bracket | Shifter Tunnel Mounted,VMRS_HB_COMPLETE_v20 page 5_pages_26-50.md
002-004-110,,002,004,Bracket - Roller | 002-027-024 | Bracket - | Shock Absorber,VMRS_HB_COMPLETE_v20 page 5_pages_26-50.md
111-002-003,,111,002,"Bracket - Roller | 016-003-003 | Bracket - | Shock Absorber, Lower, Front",VMRS_HB_COMPLETE_v20 page 5_pages_26-50.md
002-004-024,,002,004,"Bracket - Roller Rest. Hood | 016-003-018 | Bracket - | Shock Absorber, Upper",VMRS_HB_COMPLETE_v20 page 5_pages_26-50.md
014-004-048,,014,004,Bracket - Shock Cab Mount | 034-007-004 | Bracket - Stop Bequest,VMRS_HB_COMPLETE_v20 page 5_pages_26-50.md
016-015-067,,016,015,"Bracket - Shock, Cab Mount | 174-038-004 | Bracket - Stop Reguest",VMRS_HB_COMPLETE_v20 page 5_pages_26-50.md
016-008-004,,016,008,"Bracket - Shock, Upper & Lower, Air Ride | 111-001-011 | Bracket - Stop, Recoil",VMRS_HB_COMPLETE_v20 page 5_pages_26-50.md
002-050-513,,002,050,"Suspension | | Bracket - Storage Tray, Sleeper",VMRS_HB_COMPLETE_v20 page 5_pages_26-50.md
002-050-310,,002,050,"Bracket - Shock, Upper & Lower, Sleeper | 014-015-006 | Bracket - Storage, Lifting Hook",VMRS_HB_COMPLETE_v20 page 5_pages_26-50.md
002-050-512,,002,050,"Bracket - Shoe Tray | 267-011-007 | Bracket - Stow, Auger",VMRS_HB_COMPLETE_v20 page 5_pages_26-50.md
003-001-172,,003,001,"Bracket - Shunt, Ammeter | 174-025-019 | Bracket - Stow, School Bus Crossing Gate Arm",VMRS_HB_COMPLETE_v20 page 5_pages_26-50.md
001-002-100,,001,002,"Bracket - Shut -Off Valve | 053-004-066 | Bracket - Strap, Fender Finder",VMRS_HB_COMPLETE_v20 page 5_pages_26-50.md
071-030-009,,071,030,"Bracket - Side Compartment Roll-Up Door | 044-001-134 | Bracket - Strap, Fuel IankBracket - Striker Belt",VMRS_HB_COMPLETE_v20 page 5_pages_26-50.md
174-012-030,,174,012,Bilacket - Side Emergency Door Emergency | 078-020-018 | Bracket - Striker Door Top Reefer,VMRS_HB_COMPLETE_v20 page 5_pages_26-50.md
016-015-040,,016,015,Bracket - Side Panel | 002-001-048 | Bracket - Strut Radiator Grille,VMRS_HB_COMPLETE_v20 page 5_pages_26-50.md
027-001-057,,027,001,"Bracket - Sight Glass, Automatic Transmission | 004-001-026 | Bracket - Strut, Roof Air Deflector, Upper",VMRS_HB_COMPLETE_v20 page 5_pages_26-50.md
013-010-489,,013,010,"Bracket - Silencer, Air Drier | 082-029-071 | Bracket - Strut, Top Door, Reefer",VMRS_HB_COMPLETE_v20 page 5_pages_26-50.md
053-004-045,,053,004,"Bracket - Siren | 002-009-026 | Bracket - Sun Visor, Interior",VMRS_HB_COMPLETE_v20 page 5_pages_26-50.md
014-002-031,,014,002,"Bracket - Skirt, Bumper | 002-048-186 | Bracket - Sun Visor, Interior",VMRS_HB_COMPLETE_v20 page 5_pages_26-50.md
002-015-149,,002,015,"Bracket - Skirt, Rear Panel | 013-002-125 | Bracket - Support, Brake Shoe",VMRS_HB_COMPLETE_v20 page 5_pages_26-50.md
004-006-009,,004,006,"Bracket - Sleeper Roof Fairing | 042-014-005 | Bracket - Support, Chiller/Heat Exchanger,",VMRS_HB_COMPLETE_v20 page 5_pages_26-50.md
004-006-017,,004,006,"Bracket - Sleeper Root Fairing, Center | 174 011 006 | Electric VenicleBreaket, Support, Entropos Dear Glass",VMRS_HB_COMPLETE_v20 page 5_pages_26-50.md
004-006-012,,004,006,"Bracket Sleeper Roof Fairing, FrontBracket Sleeper Roof Fairing, Inside Dear | 174-011-090 | Bracket Support Padiator Doof Glass",VMRS_HB_COMPLETE_v20 page 5_pages_26-50.md
004-006-019,,004,006,"Bracket - Sleeper Roof Fairing, Itiside, Rear | 002-012-115 | Bracket - Support, Radiator, Reeler",VMRS_HB_COMPLETE_v20 page 5_pages_26-50.md
016-005-129,,016,005,Bracket - Slide | 111-001-008 | Bracket - Supporting Track,VMRS_HB_COMPLETE_v20 page 5_pages_26-50.md
267-001-009,,267,001,"Bracket - Slide, Boom | 016-015-030 | Bracket - Suspension",VMRS_HB_COMPLETE_v20 page 5_pages_26-50.md
077-008-001,,077,008,"Bracket - Slider Lock Pin | 016-015-028 | Bracket - Suspension, Lower",VMRS_HB_COMPLETE_v20 page 5_pages_26-50.md
077-008-006,,077,008,"Bracket - Slider Retaining | 016-015-024 | Bracket - Suspension, Upper",VMRS_HB_COMPLETE_v20 page 5_pages_26-50.md
082-039-037,,082,039,"Bracket - Solenoid Throttling, Reefer | 026-010-089 | Bracket - Switch, Backup",VMRS_HB_COMPLETE_v20 page 5_pages_26-50.md
027-024-059,,027,024,"Bracket - Solenoid Valve | 034-004-174 | Bracket - Switch, Baggage Door",VMRS_HB_COMPLETE_v20 page 5_pages_26-50.md
056-001-137,,056,001,"Bracket - Solenoid Valve, PTO | 044-011-035 | Bracket - Switch, Clutch",VMRS_HB_COMPLETE_v20 page 5_pages_26-50.md
032-004-051,,032,004,"Bracket - Solenoid, Air Starter | 174-013-038 | Bracket - Switch, Emergency Doors, Rear & Side",VMRS_HB_COMPLETE_v20 page 5_pages_26-50.md
032-001-060,,032,001,"Bracket Solenoid, Automatic Traction Device | 002-037-009 | Bracket - Switch, Healed SealBracket - Switch Pallet Jack",VMRS_HB_COMPLETE_v20 page 5_pages_26-50.md
042-003-101,,042,003,"Bracket - Solenoid, Electric Starter | 033-001-014 | Bracket - Switch, Failer Jack",VMRS_HB_COMPLETE_v20 page 5_pages_26-50.md
044-012-033,,044,012,"Bracket - Solenoid, Fuel Tank, Gaseous | 034-004-300 | Bracket - Switch, Under Hood Lamp",VMRS_HB_COMPLETE_v20 page 5_pages_26-50.md
004-004-030,,004,004,"Bracket - Spacer, Fairing, Cab Extender | 174-032-036 | Bracket - Switch, Wheelchair Ramp Mechanism",VMRS_HB_COMPLETE_v20 page 5_pages_26-50.md
002-048-050,,002,048,"Bracket - Speaker | 002-010-051 | Bracket - Swivel, Mirror",VMRS_HB_COMPLETE_v20 page 5_pages_26-50.md
051-008-012,,051,008,"Bracket - Speaker, Navigation System, GPS | 078-009-016 | Bracket - Swivel, Mud Flap",VMRS_HB_COMPLETE_v20 page 5_pages_26-50.md
002-048-051,,002,048,"Bracket - Speaker, Sleeper | 045-010-039 | Bracket - Tag, Engine Oil Sample",VMRS_HB_COMPLETE_v20 page 5_pages_26-50.md
052-009-002,,052,009,"Bracket - Speaker/Clock | 027-036-021 | Bracket - Tag, Transmission Oil Sample",VMRS_HB_COMPLETE_v20 page 5_pages_26-50.md
027-001-049,,027,001,"Bracket - Speed Sensor | 053-001-061 | Bracket - Tank, Automatic Traction Device",VMRS_HB_COMPLETE_v20 page 5_pages_26-50.md
020-010-008,,020,010,"Brackel - Speed Sensor, Automated | 307-009-003 | Bracket - Tank, Water SystemBracket - Tarp Assembly, Dump Body",VMRS_HB_COMPLETE_v20 page 5_pages_26-50.md
044-003-185,,044,003,"Bracket - Speed Solenoid | 022-003-132 | Bracket - Tee, Remote Mounted Breather",VMRS_HB_COMPLETE_v20 page 5_pages_26-50.md
002-003-006,,002,003,Bracket - Splash Apron | 027-031-049 | Bracket - Temperature Sensor,VMRS_HB_COMPLETE_v20 page 5_pages_26-50.md
002-002-046,,002,002,"Bracket - Splash Shield, Fender | 014-001-082 | Bracket - Tension Member, Left",VMRS_HB_COMPLETE_v20 page 5_pages_26-50.md
004-011-002,,004,011,"Bracket - Spoiler, Roof Mounted | 014-001-083 | Bracket - Tension Member, Right",VMRS_HB_COMPLETE_v20 page 5_pages_26-50.md
078-017-028,,078,017,"Bracket - Spool, Tarp Roller | 042-003-068 | Bracket - Tensioner, Fan Belt",VMRS_HB_COMPLETE_v20 page 5_pages_26-50.md
034-001-071,,034,001,"Bracket - Spot Lamp | 045-009-050 | Bracket - Tensioner, Oil Pump",VMRS_HB_COMPLETE_v20 page 5_pages_26-50.md
023-001-065,,023,001,Bracket - Spring Anchor | 034-004-176 | Bracket - Terminal/Connector,VMRS_HB_COMPLETE_v20 page 5_pages_26-50.md
082-029-058,,082,029,"Bracket - Spring Catch, Door, Reefer | 033-001-016 | Bracket - Thermostat, Starter Control",VMRS_HB_COMPLETE_v20 page 5_pages_26-50.md
016-009-002,,016,009,Bracket - Spring HangerBracket - Spring Robound | 044-007-053 | Bracket Throttle Cable,VMRS_HB_COMPLETE_v20 page 5_pages_26-50.md
082-029-056,,082,029,Bracket - Spring Retaining Door Reefer | 044-017-038 | Bracket - Throttle Delay,VMRS_HB_COMPLETE_v20 page 5_pages_26-50.md
013-010-197,,013,010,"Bracket - Spring Low Pressure Switch | 043-006-043 | Bracket - Throttle, Diesel Oxidation Catalyst",VMRS_HB_COMPLETE_v20 page 5_pages_26-50.md
055-023-086,,055,023,"Bracket - Spring, Wheelchair Lift | | (DOC)",VMRS_HB_COMPLETE_v20 page 5_pages_26-50.md
042-002-136,,042,002,"Bracket - Stabilizer, Radiator | 078-026-017 | Bracket - Tie Rod",VMRS_HB_COMPLETE_v20 page 5_pages_26-50.md
016-007-012,,016,007,"Bracket - Stabilizer, Rear Suspension | 014-001-076 | Bracket - Tie-Down, Rear Cross Member",VMRS_HB_COMPLETE_v20 page 5_pages_26-50.md
014-008-007,,014,008,Bracket - Stand Off | 002-004-078 | Bracket - Tilt Assist,VMRS_HB_COMPLETE_v20 page 5_pages_26-50.md
034-004-262,,034,004,"Bracket - Stand Off, Wiring Harness, Chassis | 053-004-020 | Bracket - Tire Carrier",VMRS_HB_COMPLETE_v20 page 5_pages_26-50.md
014-013-003,,014,013,"Bracket - Standoff, Engine Noise, Frame | 059-004-005 | Bracket - Iongue Jack, Drawbar",VMRS_HB_COMPLETE_v20 page 5_pages_26-50.md
032-002-043,,032,002,Bracket Starier MolorBracket Staring Goar Mounting | 016 000 021 | Bracket Torque Red Air Loof Suspension Rear,VMRS_HB_COMPLETE_v20 page 5_pages_26-50.md
015-003-110,,015,003,"Bracket - Steering Clear MountingBracket - Steering Shaft Deck Lower | 016-002-073 | Bracket - Torque Rod, All Leal Suspension, Heal",VMRS_HB_COMPLETE_v20 page 5_pages_26-50.md
002-050-223,,002,050,"Bracket - Step | 016-005-029 | Bracket - Torque Rod, Rear Suspension (Non-",VMRS_HB_COMPLETE_v20 page 5_pages_26-50.md
002-040-047,,002,040,"Bracket - Step, Cab Entry | | Air)",VMRS_HB_COMPLETE_v20 page 5_pages_26-50.md
043-007-155,,043,007,"Bracket - Step, DEF Tank | 016-002-013 | Bracket - Torsion Bar",VMRS_HB_COMPLETE_v20 page 5_pages_26-50.md
004-005-037,,004,005,"Bracket - Step, Fairing | 002-036-131 | Bracket - Torsion Bar, Tilt Cab",VMRS_HB_COMPLETE_v20 page 5_pages_26-50.md
002-002-087,,002,002,"Bracket - Step, Front Fender | 014-004-011 | Bracket - Torsion Bar, Tilt Cab",VMRS_HB_COMPLETE_v20 page 5_pages_26-50.md
044-001-059,,044,001,"Bracket - Step, Fuel Tank | 059-003-006 | Bracket - Tow Hook",VMRS_HB_COMPLETE_v20 page 5_pages_26-50.md
034-002-006,,034,002,"Bracket - Stop & Tail Lamp | 111-001-007 | Bracket - Track Adjuster, Left",VMRS_HB_COMPLETE_v20 page 5_pages_26-50.md
044-007-020,,044,007,"Bracket - Stop Control Cable | 111-001-006 | Bracket - Track Adjuster, Hight",VMRS_HB_COMPLETE_v20 page 5_pages_26-50.md
072-004-075,,072,004,Bracket - Track. Roll-Up Door | 015,VMRS_HB_COMPLETE_v20 page 5_pages_26-50.md
016-009-024,,016,009,Bracket - Tracking Rod | 0.0,VMRS_HB_COMPLETE_v20 page 5_pages_26-50.md
013-010-378,,013,010,Bracket - Tractor Protection Control Valve | 002-,VMRS_HB_COMPLETE_v20 page 5_pages_26-50.md
025-001-028,,025,001,"Bracket - Transfer Case Mounting, Transfer | 016",VMRS_HB_COMPLETE_v20 page 5_pages_26-50.md
004-008-008,,004,008,Bracket - Transitional Fairing | 079,VMRS_HB_COMPLETE_v20 page 5_pages_26-50.md
036-004-002,,036,004,Bracket - Transponder Unit | 044,VMRS_HB_COMPLETE_v20 page 5_pages_26-50.md
016-007-007,,016,007,"Bracket - Transverse Radius Rod, Frame | 017-",VMRS_HB_COMPLETE_v20 page 5_pages_26-50.md
016-007-009,,016,007,"Bracket - Transverse Radius Rod, Rear Axle | 015",VMRS_HB_COMPLETE_v20 page 5_pages_26-50.md
004-004-035,,004,004,"Bracket - Trim Tab, Cab Extender",VMRS_HB_COMPLETE_v20 page 5_pages_26-50.md
004-003-030,,004,003,"Bracket - Trim Tab, Extender, Roof Fairing | 043",VMRS_HB_COMPLETE_v20 page 5_pages_26-50.md
172-009-001,,172,009,"Bracket - Trim, Position Not Specified",VMRS_HB_COMPLETE_v20 page 5_pages_26-50.md
016-005-193,,016,005,Bracket - Trunnion | 046,VMRS_HB_COMPLETE_v20 page 5_pages_26-50.md
016-018-025,,016,018,"Bracket - Trunnion, Slider | 016",VMRS_HB_COMPLETE_v20 page 5_pages_26-50.md
027-001-052,,027,001,"Bracket - Tube, Oil Check | 002",VMRS_HB_COMPLETE_v20 page 5_pages_26-50.md
027-001-050,,027,001,"Bracket - Tube, Oil Fill, Automatic Transmission | 026",VMRS_HB_COMPLETE_v20 page 5_pages_26-50.md
026-001-069,,026,001,"Bracket - Tube, OII FIII, Manual Transmission | 016",VMRS_HB_COMPLETE_v20 page 5_pages_26-50.md
082-031-050,,082,031,Bracket Tuppel Attachment | 010,VMRS_HB_COMPLETE_v20 page 5_pages_26-50.md
002-015-110,,002,015,Bracket Turn Signal | 072,VMRS_HB_COMPLETE_v20 page 5_pages_26-50.md
034-003-075,,034,003,Bracket - Turn Signal Switch | 078,VMRS_HB_COMPLETE_v20 page 5_pages_26-50.md
016-002-008,,016,002,Bracket - U-Bolt Front | 015,VMRS_HB_COMPLETE_v20 page 5_pages_26-50.md
034-004-301,,034,004,Bracket - Under Hood Lamp | 079,VMRS_HB_COMPLETE_v20 page 5_pages_26-50.md
014-001-054,,014,001,Bracket - Underslung/Overslung Cross Member | 002-,VMRS_HB_COMPLETE_v20 page 5_pages_26-50.md
013-009-079,,013,009,Bracket - Unloader | 013,VMRS_HB_COMPLETE_v20 page 5_pages_26-50.md
002-050-514,,002,050,"Bracket - Upper Bunk, Stow | 015",VMRS_HB_COMPLETE_v20 page 5_pages_26-50.md
072-004-051,,072,004,Bracket - Upper Closure Base,VMRS_HB_COMPLETE_v20 page 5_pages_26-50.md
016-001-018,,016,001,Bracket - Upper Control Arm Bumper | 004-,VMRS_HB_COMPLETE_v20 page 5_pages_26-50.md
042-002-199,,042,002,Bracket - Upper Coolant Pipe | 016,VMRS_HB_COMPLETE_v20 page 5_pages_26-50.md
002-011-050,,002,011,"Bracket - Upper, Seat Belt, 3 point | 055",VMRS_HB_COMPLETE_v20 page 5_pages_26-50.md
002-015-084,,002,015,"Bracket - Upper, Side | 055",VMRS_HB_COMPLETE_v20 page 5_pages_26-50.md
034-004-177,,034,004,Bracket - Utility Light | 368-,VMRS_HB_COMPLETE_v20 page 5_pages_26-50.md
002-015-153,,002,015,"Bracket - Valance, Cab | 003",VMRS_HB_COMPLETE_v20 page 5_pages_26-50.md
016-009-056,,016,009,"Bracket Valve, Air Dide Suppose | 002",VMRS_HB_COMPLETE_v20 page 5_pages_26-50.md
022-005-052,,022,005,"Bracket - Valve, Air Nide SuspensionBracket - Valve, Air Shift | 023",VMRS_HB_COMPLETE_v20 page 5_pages_26-50.md
019-005-003,,019,005,"Bracket - Valve, Chassis Lubrication | 054",VMRS_HB_COMPLETE_v20 page 5_pages_26-50.md
045-010-037,,045,010,"Bracket - Valve, Oil Sample | 056",VMRS_HB_COMPLETE_v20 page 5_pages_26-50.md
013-010-365,,013,010,"Bracket - Valve, Tank Pressure Control | 013",VMRS_HB_COMPLETE_v20 page 5_pages_26-50.md
013-010-408,,013,010,"Bracket - Valve, Trailer Air Supply | 013",VMRS_HB_COMPLETE_v20 page 5_pages_26-50.md
025-001-124,,025,001,"Bracket - Valve, Transfer Case | 013-",VMRS_HB_COMPLETE_v20 page 5_pages_26-50.md
001-002-156,,001,002,"Bracket - Valve, Water Heater | 013",VMRS_HB_COMPLETE_v20 page 5_pages_26-50.md
002-047-008,,002,047,Bracket - Vent Assembly | 016,VMRS_HB_COMPLETE_v20 page 5_pages_26-50.md
002-017-013,,002,017,Bracket - Vent Window | 173-,VMRS_HB_COMPLETE_v20 page 5_pages_26-50.md
021-001-050,,021,001,"Bracket - Vent, Driven Front Steer Axle | 034",VMRS_HB_COMPLETE_v20 page 5_pages_26-50.md
002-023-012,,002,023,Bracket - Veltage Capyerter | 002,VMRS_HB_COMPLETE_v20 page 5_pages_26-50.md
082-020-004,,082,020,Bracket - Vollage Converter | 044,VMRS_HB_COMPLETE_v20 page 5_pages_26-50.md
053-004-039,,053,004,Bracket - Warning Bell | 032,VMRS_HB_COMPLETE_v20 page 5_pages_26-50.md
042-004-042,,042,004,Bracket - Water Pump | 078,VMRS_HB_COMPLETE_v20 page 5_pages_26-50.md
002-048-136,,002,048,"Bracket - Weather Strip, Rear Pillar | 001-",VMRS_HB_COMPLETE_v20 page 5_pages_26-50.md
053-004-017,,053,004,Bracket - Wheel Chock Mounting | 013,VMRS_HB_COMPLETE_v20 page 5_pages_26-50.md
013-002-139,,013,002,Bracket - Wheel Cylinder | 023-,VMRS_HB_COMPLETE_v20 page 5_pages_26-50.md
013-011-149,,013,011,Bracket - Wheel Speed Sensor (PLC) | 023-,VMRS_HB_COMPLETE_v20 page 5_pages_26-50.md
017-009-027,,017,009,"Bracket - Wheel, Universal | 013-",VMRS_HB_COMPLETE_v20 page 5_pages_26-50.md
055-023-053,,055,023,Bracket - Wheelchair Lift | 043,VMRS_HB_COMPLETE_v20 page 5_pages_26-50.md
174-032-022,,174,032,Bracket - Wheelchair Ramp Mechanism | 026,VMRS_HB_COMPLETE_v20 page 5_pages_26-50.md
174-023-007,,174,023,Bracket - Wheelchair Tie-Down | 058,VMRS_HB_COMPLETE_v20 page 5_pages_26-50.md
174-032-004,,174,032,"Bracket - Wheelchair Tie-Down, Lift Assembly | 058-",VMRS_HB_COMPLETE_v20 page 5_pages_26-50.md
267-012-004,,267,012,Bracket - Winch | 013,VMRS_HB_COMPLETE_v20 page 5_pages_26-50.md
174-005-037,,174,005,Bracket Winter Front | 094,VMRS_HB_COMPLETE_v20 page 5_pages_26-50.md
027-038-010,,027,038,Bracket - Wiring Harness Flactronic Controls | 013,VMRS_HB_COMPLETE_v20 page 5_pages_26-50.md
027-000-013,,027,000,Automatic Transmission | 027,VMRS_HB_COMPLETE_v20 page 5_pages_26-50.md
034-004-393,,034,004,Bracket - Wiring Harness. Engine | 002,VMRS_HB_COMPLETE_v20 page 5_pages_26-50.md
045-020-004,,045,020,Bracket - Wiring Harness. Engine,VMRS_HB_COMPLETE_v20 page 5_pages_26-50.md
034-004-166,,034,004,"Bracket - Wiring Harness, Main Wiring | 013",VMRS_HB_COMPLETE_v20 page 5_pages_26-50.md
045-021-062,,045,021,"Bracket - Wiring Harness, Transmission | 013-",VMRS_HB_COMPLETE_v20 page 5_pages_26-50.md
002-008-069,,002,008,"Bracket - Wiring, Dash | 013",VMRS_HB_COMPLETE_v20 page 5_pages_26-50.md
015-012-002,,015,012,"Bracket - Yaw Rate Sensor, Electronic Stability",VMRS_HB_COMPLETE_v20 page 5_pages_26-50.md
002-050-627,,002,050,ControlBracket Storage Compartment Floor,VMRS_HB_COMPLETE_v20 page 5_pages_26-50.md
016-018-003,,016,018,Bracket Frame - Slider Air Ride Suspension,VMRS_HB_COMPLETE_v20 page 5_pages_26-50.md
036-002-016,,036,002,"Bracket (w/adhesive) - Camera, Lane Departure",VMRS_HB_COMPLETE_v20 page 5_pages_26-50.md
079-002-010,,079,002,Bracket (with adhesive) - Camera,VMRS_HB_COMPLETE_v20 page 5_pages_26-50.md
044-010-030,,044,010,Bracket / Clamp - Propane Tank,VMRS_HB_COMPLETE_v20 page 5_pages_26-50.md
017-009-026,,017,009,Bracket / Hardware - Indicator Lamp,VMRS_HB_COMPLETE_v20 page 5_pages_26-50.md
015-002-003,,015,002,Bracket & Clamp - Steering Column To Dash,VMRS_HB_COMPLETE_v20 page 5_pages_26-50.md
015-002-001,,015,002,Bracket & Clamp - Steering Column To,VMRS_HB_COMPLETE_v20 page 5_pages_26-50.md
043-003-008,,043,003,Bracket & Insulator Assembly - Exhaust Pipe &,VMRS_HB_COMPLETE_v20 page 5_pages_26-50.md
046-002-031,,046,002,MullierBrackat & Din Hingo Contactor,VMRS_HB_COMPLETE_v20 page 5_pages_26-50.md
016-002-001,,016,002,Bracket & Snindle Assembly,VMRS_HB_COMPLETE_v20 page 5_pages_26-50.md
002-009-002,,002,009,"Bracket & Support - Sun Visor, Exterior",VMRS_HB_COMPLETE_v20 page 5_pages_26-50.md
026-011-030,,026,011,Bracket Assembly - Control Rod Bell Crank,VMRS_HB_COMPLETE_v20 page 5_pages_26-50.md
016-005-106,,016,005,Bracket Assembly - Equalizer Tube,VMRS_HB_COMPLETE_v20 page 5_pages_26-50.md
072-004-062,,072,004,Bracket Assembly - Lower Roller W/Shaft Cover,VMRS_HB_COMPLETE_v20 page 5_pages_26-50.md
078-025-017,,078,025,"Bracket Assembly - Spring Loaded, Skirt Support",VMRS_HB_COMPLETE_v20 page 5_pages_26-50.md
015-002-063,,015,002,Bracket Assembly - Tilt Steering Column,VMRS_HB_COMPLETE_v20 page 5_pages_26-50.md
079-002-009,,079,002,Bracket Kit Air Spring,VMRS_HB_COMPLETE_v20 page 5_pages_26-50.md
002-027-175,,002,027,Bracket Kit Automatic Brake Adjuster,VMRS_HB_COMPLETE_v20 page 5_pages_26-50.md
015-002-075,,015,002,Bracket Kit - Foot Pedal Adjust Steering,VMRS_HB_COMPLETE_v20 page 5_pages_26-50.md
010-002-070,,010,002,Column,VMRS_HB_COMPLETE_v20 page 5_pages_26-50.md
004-013-005,,004,013,Bracket Legs - Wheel Cover,VMRS_HB_COMPLETE_v20 page 5_pages_26-50.md
016-018-018,,016,018,Bracket Tank - Slider,VMRS_HB_COMPLETE_v20 page 5_pages_26-50.md
055-012-059,,055,012,Bracket with Fascia - Air Bag Inflator,VMRS_HB_COMPLETE_v20 page 5_pages_26-50.md
055-012-060,,055,012,Bracket without Fascia - Air Bag Inflator,VMRS_HB_COMPLETE_v20 page 5_pages_26-50.md
368-002-008,,368,002,Bracket- Pressure Regulator Valve,VMRS_HB_COMPLETE_v20 page 5_pages_26-50.md
003-004-025,,003,004,"Bracket- Sensor, Coolant Level",VMRS_HB_COMPLETE_v20 page 5_pages_26-50.md
002-050-609,,002,050,"Bracket- Striker, Baggage Door",VMRS_HB_COMPLETE_v20 page 5_pages_26-50.md
023-001-105,,023,001,"Bracket, Air Cylinder - ClutchBracket, Air Cylinder - Throttle Control",VMRS_HB_COMPLETE_v20 page 5_pages_26-50.md
044-007-032,,044,007,"Bracket, All Cylinder - Milotte ControlBracket Alarm - Boverse Signal",VMRS_HB_COMPLETE_v20 page 5_pages_26-50.md
056-003-018,,056,003,"Bracket, Attaching - PTO",VMRS_HB_COMPLETE_v20 page 5_pages_26-50.md
013-001-079,,013,001,"Bracket, Camshaft - Front Brake, Left",VMRS_HB_COMPLETE_v20 page 5_pages_26-50.md
013-001-078,,013,001,"Bracket, Camshaft - Front Brake, Right",VMRS_HB_COMPLETE_v20 page 5_pages_26-50.md
013-002-103,,013,002,"Bracket, Camshaft - Rear Brakes, Left",VMRS_HB_COMPLETE_v20 page 5_pages_26-50.md
013-002-104,,013,002,"Bracket, Camshaft - Rear Brakes, Right",VMRS_HB_COMPLETE_v20 page 5_pages_26-50.md
016-014-019,,016,014,"Bracket, Control Valve - Suspension Height",VMRS_HB_COMPLETE_v20 page 5_pages_26-50.md
173-005-002,,173,005,"Bracket, Controls - Dump Body Tailgate",VMRS_HB_COMPLETE_v20 page 5_pages_26-50.md
034-001-094,,034,001,"Bracket, Flasher - Headlamp",VMRS_HB_COMPLETE_v20 page 5_pages_26-50.md
013-010-370,,013,010,Bracket Parking Valve - Air Hand Brake,VMRS_HB_COMPLETE_v20 page 5_pages_26-50.md
032-001-032,,032,001,"Bracket, Relay - Battery Isolator",VMRS_HB_COMPLETE_v20 page 5_pages_26-50.md
078-028-006,,078,028,Brackets - Tarp Box,VMRS_HB_COMPLETE_v20 page 5_pages_26-50.md
001-001-271,,001,001,"Braided Hose - Bulk, Air Conditioning",VMRS_HB_COMPLETE_v20 page 5_pages_26-50.md
013-013-046,,013,013,"Brake - Air Disc Assembly, Complete",VMRS_HB_COMPLETE_v20 page 5_pages_26-50.md
023-002-026,,023,002,Brake - Clutch Plate,VMRS_HB_COMPLETE_v20 page 5_pages_26-50.md
023-002-044,,023,002,Brake - Countershaft Type,VMRS_HB_COMPLETE_v20 page 5_pages_26-50.md
013-001-113,,013,001,"Brake - Disc, Hydraulic, Front",VMRS_HB_COMPLETE_v20 page 5_pages_26-50.md
043-005-001,,043,005,Brake - Exhaust,VMRS_HB_COMPLETE_v20 page 5_pages_26-50.md
020-015-004,,020,015,Brake - Mehicle Winch,VMRS_HB_COMPLETE_v20 page 5_pages_26-50.md
058-003-000,,058,003,Brake - Winch,VMRS_HB_COMPLETE_v20 page 5_pages_26-50.md
013-001-107,,013,001,Brake Assembly - Front,VMRS_HB_COMPLETE_v20 page 5_pages_26-50.md
094-006-032,,094,006,Brake Assembly - Hose Reel,VMRS_HB_COMPLETE_v20 page 5_pages_26-50.md
013-002-121,,013,002,Brake Assembly - Rear,VMRS_HB_COMPLETE_v20 page 5_pages_26-50.md
013-014-106,,013,014,Brake Assembly - Tag/Pusher Axle,VMRS_HB_COMPLETE_v20 page 5_pages_26-50.md
027-020-005,,027,020,"Brake Band - Low & Reverse, Rear",VMRS_HB_COMPLETE_v20 page 5_pages_26-50.md
002-018-034,,002,018,Brake Cylinder Assembly - Air Regulated,VMRS_HB_COMPLETE_v20 page 5_pages_26-50.md
010-010-100,,010,010,WINGOW,VMRS_HB_COMPLETE_v20 page 5_pages_26-50.md
013-010-126,,013,010,Diake Holding valve - AlfBrake Lines & Fittings - Hydraulia,VMRS_HB_COMPLETE_v20 page 5_pages_26-50.md
013-007-000,,013,007,Brake Master Cylinder,VMRS_HB_COMPLETE_v20 page 5_pages_26-50.md
094-006-044,,094,006,Brake Pad - Hose Reel,VMRS_HB_COMPLETE_v20 page 5_pages_26-50.md
013-017-000,,013,017,Brake Parts - Position Not Specified | 053-006-117 | Brush - Paint,VMRS_HB_COMPLETE_v20 page 5_pages_26-50.md
094-006-045,,094,006,Brake Spring - Hose Reel | 053-006-145 | Brush - Parts Cleaner,VMRS_HB_COMPLETE_v20 page 5_pages_26-50.md
013-010-001,,013,010,Brake System - Full Air | 061-007-020 | Brush - Scrub,VMRS_HB_COMPLETE_v20 page 5_pages_26-50.md
168-003-016,,168,003,Brake Valve - Mower | 054-001-034 | Brush - Siren Motor,VMRS_HB_COMPLETE_v20 page 5_pages_26-50.md
013-000-000,,013,000,Brakes | 053-011-022 | Brush Wire,VMRS_HB_COMPLETE_v20 page 5_pages_26-50.md
034-003-129,,034,003,Dieakaway NilBreakaway Valve - Air | 365-012-006 | Brush Assembly - Paint Heating Pump,VMRS_HB_COMPLETE_v20 page 5_pages_26-50.md
163-005-005,,163,005,Breaker - Brush Chipper | 015-008-005 | Brush Holder - Power Steering Pump Motor,VMRS_HB_COMPLETE_v20 page 5_pages_26-50.md
082-012-030,,082,012,Breaker - Circuit. Control Panel | 046-001-023 | Brush Holder Assembly,VMRS_HB_COMPLETE_v20 page 5_pages_26-50.md
001-003-062,,001,003,"Breaker - Overheat, Auxiliary Heater | 058-004-006 | Brush Plate - Motor, Winch",VMRS_HB_COMPLETE_v20 page 5_pages_26-50.md
168-005-004,,168,005,"Breaker - Switchbox, Mower | 072-004-081 | Brush Seal - Roll-Up Door",VMRS_HB_COMPLETE_v20 page 5_pages_26-50.md
262-001-000,,262,001,Breaker Assembly | 001-002-072 | Brush Set - Blower Motor,VMRS_HB_COMPLETE_v20 page 5_pages_26-50.md
053-004-091,,053,004,Breaker Bar - Emergency Glass | 042-003-091 | Brush Set - Fan Motor,VMRS_HB_COMPLETE_v20 page 5_pages_26-50.md
153-004-002,,153,004,"Breaker Box - Stationary Generator | 053-004-058 | Brush, Motor - Siren",VMRS_HB_COMPLETE_v20 page 5_pages_26-50.md
033-002-006,,033,002,Breaker Plate | 031-001-008 | Brushes - Alternator,VMRS_HB_COMPLETE_v20 page 5_pages_26-50.md
367-010-002,,367,010,Breather - Air | 046-001-021 | Brushes - Electric Motor Electric Propulsion,VMRS_HB_COMPLETE_v20 page 5_pages_26-50.md
068-003-004,,068,003,"Breather - Air Check Plug, Hydraulic Tank | 010 001 021 | System",VMRS_HB_COMPLETE_v20 page 5_pages_26-50.md
028-002-002,,028,002,Breather - Auxiliary Transmission | 053-017-015 | Brushes - Electrical,VMRS_HB_COMPLETE_v20 page 5_pages_26-50.md
023-001-099,,023,001,"Breather - Clutch Housing | 151-001-042 | Brushes - Generator, APU",VMRS_HB_COMPLETE_v20 page 5_pages_26-50.md
042-002-103,,042,002,"Breather - Coolant, Surge Tank | 055-014-021 | Brushes - Hydraulic Lift Pump Motor",VMRS_HB_COMPLETE_v20 page 5_pages_26-50.md
044-001-090,,044,001,"Breather - Fast Fill, Fuel Tank | 082-012-037 | Brushes - Motor, Main Drive",VMRS_HB_COMPLETE_v20 page 5_pages_26-50.md
022-004-126,,022,004,"Breather - Internal, Power Divider Differential | 082-028-007 | Brushes - Motor, Main Drive",VMRS_HB_COMPLETE_v20 page 5_pages_26-50.md
043-005-005,,043,005,"Breather - Oil, Exhaust Brake Cylinder | 015-008-021 | Brushes - Power Steering Pump Motor",VMRS_HB_COMPLETE_v20 page 5_pages_26-50.md
022-004-000,,022,004,"Breather - Oil, Power Divider | 032-002-005 | Brushes - Starter",VMRS_HB_COMPLETE_v20 page 5_pages_26-50.md
053-006-220,,053,006,Breather - Shop Lubrication Equipment | 269-009-000 | Brushes / Brooms,VMRS_HB_COMPLETE_v20 page 5_pages_26-50.md
026-010-072,,026,010,Breather - Transmission | 194-001-000 | Bucket,VMRS_HB_COMPLETE_v20 page 5_pages_26-50.md
026-011-072,,026,011,"Breather - Transmission, External Control | 171-010-002 | Bucket - Chute Wash",VMRS_HB_COMPLETE_v20 page 5_pages_26-50.md
026-015-072,,026,015,"Breather - XY Shifter, Automated Transmission | 053-011-009 | Bucket - Cleaning",VMRS_HB_COMPLETE_v20 page 5_pages_26-50.md
045-014-006,,045,014,"Breather Assembly - Crankcase Ventilation | 068-001-099 | Bucket - Rotator, Boom",VMRS_HB_COMPLETE_v20 page 5_pages_26-50.md
055-010-055,,055,010,Breather Assembly - Hydraulic Reservoir | 053-011-046 | Bucket - Tool,VMRS_HB_COMPLETE_v20 page 5_pages_26-50.md
059-014-017,,059,014,Breather Assembly - Reservoir | 067-001-000 | Bucket Assembly - Bucket Equipment,VMRS_HB_COMPLETE_v20 page 5_pages_26-50.md
053-006-261,,053,006,Breather Cap - Crimp Machine | 267-013-001 | Bucket Assembly - Drilling and Boring Equipment,VMRS_HB_COMPLETE_v20 page 5_pages_26-50.md
032-003-025,,032,003,Breather Element W/Harness - Engine Heater | 172-007-002 | Bucket Assembly - Loader,VMRS_HB_COMPLETE_v20 page 5_pages_26-50.md
065-017-020,,065,017,Breather Or Vent | 194-000-000 | Bucket Conveyor System,VMRS_HB_COMPLETE_v20 page 5_pages_26-50.md
002-004-067,,002,004,Bridge - Lower | 464-008-000 | Bucket Linkage,VMRS_HB_COMPLETE_v20 page 5_pages_26-50.md
045-018-021,,045,018,"Bridge - Piston, Engine Brake | 067-001-009 | Bucket Rest",VMRS_HB_COMPLETE_v20 page 5_pages_26-50.md
002-018-163,,002,018,"Bridge - Pivot, Vent Window | 067-001-002 | Bucket Sub-Assembly, L.H.",VMRS_HB_COMPLETE_v20 page 5_pages_26-50.md
002-004-066,,002,004,"Bridge - Upper | 067-001-001 | Bucket Sub-Assembly, R.H.",VMRS_HB_COMPLETE_v20 page 5_pages_26-50.md
045-008-044,,045,008,Bridge - Valve | 067-000-000 | Buckets,VMRS_HB_COMPLETE_v20 page 5_pages_26-50.md
171-008-004,,171,008,Bridge Axle | 071-026-011 | Buckle - Curtain,VMRS_HB_COMPLETE_v20 page 5_pages_26-50.md
055-023-017,,055,023,"BridgeplateBriatla Eibar Natural | 078-017-004 | Buckle - Fastening, Side Cover",VMRS_HB_COMPLETE_v20 page 5_pages_26-50.md
061-004-003,,061,004,"Bristle - Fiber, Natural | 174-032-050 | Down",VMRS_HB_COMPLETE_v20 page 5_pages_26-50.md
061-004-004,,061,004,"Bristle - Fiber, Natural | 002-011-005 | Buckle Assembly - Seat Belt",VMRS_HB_COMPLETE_v20 page 5_pages_26-50.md
061-005-005,,061,005,"Bristle - Fiber, Synthetic | 174-034-002 | Buckle Assembly - Seat Belt, Bus Seat",VMRS_HB_COMPLETE_v20 page 5_pages_26-50.md
061-004-005,,061,004,Bristle - Metallic | 072-001-031 | Buckplate - Rear,VMRS_HB_COMPLETE_v20 page 5_pages_26-50.md
061-005-006,,061,005,Bristle - Metallic | 059-001-011 | Buffer - Fifth Wheel Jaws,VMRS_HB_COMPLETE_v20 page 5_pages_26-50.md
053-006-170,,053,006,"Broom - Push | 059-001-038 | Buffer - Spring, Locking Jaws",VMRS_HB_COMPLETE_v20 page 5_pages_26-50.md
061-008-007,,061,008,Broom - Scrubber | 034-004-114 | Bulb - Bumper Guide (Fender Finder),VMRS_HB_COMPLETE_v20 page 5_pages_26-50.md
053-006-165,,053,006,Broom - Shop | 034-001-154 | Bulb - Daytime Running Lamp,VMRS_HB_COMPLETE_v20 page 5_pages_26-50.md
161-001-000,,161,001,Broom Assembly Main | 034-001-053 | Bulb - Driving LampBulb - Drop Light,VMRS_HB_COMPLETE_v20 page 5_pages_26-50.md
061-005-002,,061,005,Broom Assembly - Nider Left | 365-001-012 | Bulb - Eire Suppression,VMRS_HB_COMPLETE_v20 page 5_pages_26-50.md
061-005-001,,061,005,"Broom Assembly - Side, Bight | 053-006-051 | Bulb - Flashlight",VMRS_HB_COMPLETE_v20 page 5_pages_26-50.md
061-004-000,,061,004,"Broom System - Main, Sweeper | 053-006-104 | Bulb - Flood Light",VMRS_HB_COMPLETE_v20 page 5_pages_26-50.md
061-008-000,,061,008,Broom System - Scrubber | 034-001-041 | Bulb - Fog Lamp,VMRS_HB_COMPLETE_v20 page 5_pages_26-50.md
061-005-000,,061,005,"Broom System - Side, Sweeper | 034-004-448 | Bulb - LED, Position not Specified",VMRS_HB_COMPLETE_v20 page 5_pages_26-50.md
053-014-022,,053,014,"Brush - Angled, Aqueous Parts Washer | 034-004-272 | Bulb - Luggage Compartment",VMRS_HB_COMPLETE_v20 page 5_pages_26-50.md
053-014-016,,053,014,Brush - Aqueous Parts Washer | 003-001-239 | Bulb - MIL (Malfunction Indicator Lamp),VMRS_HB_COMPLETE_v20 page 5_pages_26-50.md
053-006-096,,053,006,Brush - Battery Post | 365-001-014 | Bulb - Paint Heater,VMRS_HB_COMPLETE_v20 page 5_pages_26-50.md
082-008-088,,082,008,"Brush - Condenser Fan Motor, Mechanical | 093-004-020 | Bulb & Cablo",VMRS_HB_COMPLETE_v20 page 5_pages_26-50.md
001-003-158,,001,003,"Brush - Condenser Motor, Auxiliary Air | 082-005-012 | Bulb & Cable - Thermostat",VMRS_HB_COMPLETE_v20 page 5_pages_26-50.md
034-004-019,,034,004,Conditioner | | Bulbs - All Lamps (Except Sealed Beam),VMRS_HB_COMPLETE_v20 page 5_pages_26-50.md
001-003-172,,001,003,"Brush - Evaporator Motor, Auxiliary HVAC | | Position Not Specified",VMRS_HB_COMPLETE_v20 page 5_pages_26-50.md
197-009-004,,197,009,"Brush - Fines, Boom | 053-007-078 | Bulbs - Shop",VMRS_HB_COMPLETE_v20 page 5_pages_26-50.md
053-011-011,,053,011,"Brush - Fingernail | 034-004-000 | Bulbs, Fuses & Wiring",VMRS_HB_COMPLETE_v20 page 5_pages_26-50.md
053-006-222,,053,006,"Brush - Hose Bore Cleaning | 090-000-000 | Bulk Product Transfer, Handling & Storage",VMRS_HB_COMPLETE_v20 page 5_pages_26-50.md
191-000-000,,191,000,Bulk Storage System,VMRS_HB_COMPLETE_v20 page 5_pages_26-50.md
065-008-011,,065,008,Bulk Tubing,VMRS_HB_COMPLETE_v20 page 5_pages_26-50.md
078-021-003,,078,021,Bulkhoad Air Duct Poofor,VMRS_HB_COMPLETE_v20 page 5_pages_26-50.md
070-021-005,,070,021,Bulkhood Rody Frame Accombly Front,VMRS_HB_COMPLETE_v20 page 5_pages_26-50.md
077-004-005,,077,004,"Duiknead - Dody Frame Assembly, From",VMRS_HB_COMPLETE_v20 page 5_pages_26-50.md
071-023-000,,071,023,Bulkhead - Body Structure,VMRS_HB_COMPLETE_v20 page 5_pages_26-50.md
002-050-273,,002,050,Bulkhead - Center,VMRS_HB_COMPLETE_v20 page 5_pages_26-50.md
002-050-284,,002,050,Bulkhead - Closet,VMRS_HB_COMPLETE_v20 page 5_pages_26-50.md
002-006-033,,002,006,Bulkhead - Front,VMRS_HB_COMPLETE_v20 page 5_pages_26-50.md
002-050-274,,002,050,Bulkhead - Left,VMRS_HB_COMPLETE_v20 page 5_pages_26-50.md
162-001-010,,162,001,"Bulkhead - Rear, Spreader Assembly",VMRS_HB_COMPLETE_v20 page 5_pages_26-50.md
002-050-275,,002,050,Bulkhead - Right,VMRS_HB_COMPLETE_v20 page 5_pages_26-50.md
174-033-015,,174,033,Bulkhead - Ring Frame,VMRS_HB_COMPLETE_v20 page 5_pages_26-50.md
174-035-000,,174,035,Bulkhead Assembly - Bus Body,VMRS_HB_COMPLETE_v20 page 5_pages_26-50.md
002-050-270,,002,050,Bulkhead Assembly - Center,VMRS_HB_COMPLETE_v20 page 5_pages_26-50.md
162-001-009,,162,001,Bulkhead Assembly - Complete,VMRS_HB_COMPLETE_v20 page 5_pages_26-50.md
002-050-283,,002,050,Bulkhead Assembly - Interior,VMRS_HB_COMPLETE_v20 page 5_pages_26-50.md
082-029-037,,082,029,Bulkhead Assembly - Reefer,VMRS_HB_COMPLETE_v20 page 5_pages_26-50.md
001-004-025,,001,004,Bulkhead Assembly - Sleeper,VMRS_HB_COMPLETE_v20 page 5_pages_26-50.md
,035-001,035,001,17/- | Bulkhead Complete - Bus Body,VMRS_HB_COMPLETE_v20 page 5_pages_26-50.md
072-002-000,,072,002,Bulkheada,VMRS_HB_COMPLETE_v20 page 5_pages_26-50.md
073-003-000,,073,003,,VMRS_HB_COMPLETE_v20 page 5_pages_26-50.md
071-001-016,,071,001,,VMRS_HB_COMPLETE_v20 page 5_pages_26-50.md
068-001-118,,068,001,Bullwheel Assembly - Lower,VMRS_HB_COMPLETE_v20 page 5_pages_26-50.md
068-001-117,,068,001,Bullwheel Assembly - Upper,VMRS_HB_COMPLETE_v20 page 5_pages_26-50.md
016-015-032,,016,015,Bumper,VMRS_HB_COMPLETE_v20 page 5_pages_26-50.md
002-011-100,,002,011,"Bumper - Armrest, Console",VMRS_HB_COMPLETE_v20 page 5_pages_26-50.md
016-008-047,,016,008,Bumper - Axle,VMRS_HB_COMPLETE_v20 page 5_pages_26-50.md
071-023-013,,071,023,Bumper - Bulkhead Door,VMRS_HB_COMPLETE_v20 page 5_pages_26-50.md
055-007-013,,055,007,Bumper - Carriage Stop,VMRS_HB_COMPLETE_v20 page 5_pages_26-50.md
014-002-025,,014,002,Bumper - Center,VMRS_HB_COMPLETE_v20 page 5_pages_26-50.md
023-001-050,,023,001,Bumper - Clutch Pedal,VMRS_HB_COMPLETE_v20 page 5_pages_26-50.md
016-020-007,,016,020,Bumper - Coil Spring,VMRS_HB_COMPLETE_v20 page 5_pages_26-50.md
071-020-012,,071,020,Bumper - Dampening,VMRS_HB_COMPLETE_v20 page 5_pages_26-50.md
072-001-028,,072,001,Bumper - Dock,VMRS_HB_COMPLETE_v20 page 5_pages_26-50.md
082-029-052,,082,029,Bumper - Door Latch,VMRS_HB_COMPLETE_v20 page 5_pages_26-50.md
002-027-125,,002,027,Bumper - Down Stop,VMRS_HB_COMPLETE_v20 page 5_pages_26-50.md
001-000-015,,001,000,"Bumper - Fixed, Sclubbel",VMRS_HB_COMPLETE_v20 page 5_pages_26-50.md
010-002-005,,010,002,Bumper - Front Axie,VMRS_HB_COMPLETE_v20 page 5_pages_26-50.md
002-015-100,,002,015,Bumper - Fuel Door,VMRS_HB_COMPLETE_v20 page 5_pages_26-50.md
002-008-114,,002,008,"Bumper - Glove Compartment Door, Dash",VMRS_HB_COMPLETE_v20 page 5_pages_26-50.md
072-003-041,,072,003,"Bumper - Hinged Door, Rear",VMRS_HB_COMPLETE_v20 page 5_pages_26-50.md
002-004-099,,002,004,"Bumper - Hood Support, Upper",VMRS_HB_COMPLETE_v20 page 5_pages_26-50.md
015-002-077,,015,002,"Bumper - Housing Support, Steering Column",VMRS_HB_COMPLETE_v20 page 5_pages_26-50.md
002-048-189,,002,048,"Bumper - Latching Leg, Table",VMRS_HB_COMPLETE_v20 page 5_pages_26-50.md
002-050-705,,002,050,"Bumper - Latching Leg, Table",VMRS_HB_COMPLETE_v20 page 5_pages_26-50.md
002-061-004,,002,061,Bumper - Liftgate,VMRS_HB_COMPLETE_v20 page 5_pages_26-50.md
044-010-042,,044,010,Bumper - Linkage,VMRS_HB_COMPLETE_v20 page 5_pages_26-50.md
016-001-017,,016,001,Bumper - Lower Control Arm,VMRS_HB_COMPLETE_v20 page 5_pages_26-50.md
055-007-024,,055,007,Bumper - Mast,VMRS_HB_COMPLETE_v20 page 5_pages_26-50.md
059-001-080,,059,001,Bumper - Operating Handle,VMRS_HB_COMPLETE_v20 page 5_pages_26-50.md
034-004-333,,034,004,Bumper - Panel Accent Lamp,VMRS_HB_COMPLETE_v20 page 5_pages_26-50.md
013-003-073,,013,003,Bumper - Parking Brake Lever,VMRS_HB_COMPLETE_v20 page 5_pages_26-50.md
014-002-018,,014,002,Bumper - Plastic Outer,VMRS_HB_COMPLETE_v20 page 5_pages_26-50.md
055-001-006,,055,001,"Bumper - Plastic, Otter",VMRS_HB_COMPLETE_v20 page 5_pages_26-50.md
016-005-017,,016,005,"Pumper - Flasilo, Slep, Lillyale",VMRS_HB_COMPLETE_v20 page 5_pages_26-50.md
010-000-017,,010,000,Burnper - Real Axie Or Spring,VMRS_HB_COMPLETE_v20 page 5_pages_26-50.md
002-022-030,,002,022,Bumper - Rear Door,VMRS_HB_COMPLETE_v20 page 5_pages_26-50.md
172-007-083,,172,007,"Bumper - Rebound, Loader",VMRS_HB_COMPLETE_v20 page 5_pages_26-50.md
002-004-015,,002,004,"Bumper - Rubber, Hood",VMRS_HB_COMPLETE_v20 page 5_pages_26-50.md
002-027-044,,002,027,"Bumper - Rubber, Latch Assembly",VMRS_HB_COMPLETE_v20 page 5_pages_26-50.md
002-027-096,,002,027,"Bumper - Rubber, Lower",VMRS_HB_COMPLETE_v20 page 5_pages_26-50.md
002-010-144,,002,010,"Bumper - Rubber, Mirror Arm",VMRS_HB_COMPLETE_v20 page 5_pages_26-50.md
174-033-014,,174,033,"Bumper - Rubber, Ring Frame",VMRS_HB_COMPLETE_v20 page 5_pages_26-50.md
002-004-061,,002,004,"Bumper - Rubber, Side Panel",VMRS_HB_COMPLETE_v20 page 5_pages_26-50.md
016-003-024,,016,003,Bumper - Shock Absorber,VMRS_HB_COMPLETE_v20 page 5_pages_26-50.md
016-006-010,,016,006,Bumper - Shock Absorber,VMRS_HB_COMPLETE_v20 page 5_pages_26-50.md
014-001-033,,014,001,Bumper - Side Rail,VMRS_HB_COMPLETE_v20 page 5_pages_26-50.md
015-004-066,,015,004,Bumper - Steering Linkage,VMRS_HB_COMPLETE_v20 page 5_pages_26-50.md
002-062-032,,002,062,Bumper - Stop Deck Lid,VMRS_HB_COMPLETE_v20 page 5_pages_26-50.md
002-001-038,,002,001,"Bumper - Stop, Grille",VMRS_HB_COMPLETE_v20 page 5_pages_26-50.md
078-017-005,,078,017,"Bumper - Stop, NOU All Dellec(UIBumper - Stop, Tarp Deller",VMRS_HB_COMPLETE_v20 page 5_pages_26-50.md
070-017-020,,070,017,"Dumper - Olop, Talp Nollel",VMRS_HB_COMPLETE_v20 page 5_pages_26-50.md
016-020-037,,016,020,Bumper - Strut,VMRS_HB_COMPLETE_v20 page 5_pages_26-50.md
061-001-016,,061,001,Bumper - Sweeper,VMRS_HB_COMPLETE_v20 page 5_pages_26-50.md
002-016-025,,002,016,Bumper - Tailgate,VMRS_HB_COMPLETE_v20 page 5_pages_26-50.md
055-007-037,,055,007,Bumper - Tilt Cylinder,VMRS_HB_COMPLETE_v20 page 5_pages_26-50.md
016-001-016,,016,001,Bumper - Upper Control Arm,VMRS_HB_COMPLETE_v20 page 5_pages_26-50.md
072-007-008,,072,007,"Bumper - w/Hole, Reefer Door",VMRS_HB_COMPLETE_v20 page 5_pages_26-50.md
055-023-057,,055,023,Bumper - Wheelchair Lift,VMRS_HB_COMPLETE_v20 page 5_pages_26-50.md
174-014-036,,174,014,Bumper - Wheelchair Lift Door,VMRS_HB_COMPLETE_v20 page 5_pages_26-50.md
072-001-004,,072,001,Bumper Assembly - Complete (ICC Type),VMRS_HB_COMPLETE_v20 page 5_pages_26-50.md
014-002-001,,014,002,Bumper Assembly - Front,VMRS_HB_COMPLETE_v20 page 5_pages_26-50.md
014-002-136,,014,002,"Bumper Assembly - Left, Front",VMRS_HB_COMPLETE_v20 page 5_pages_26-50.md
014-002-007,,014,002,Bumper Assembly - Rear,VMRS_HB_COMPLETE_v20 page 5_pages_26-50.md
014-002-137,,014,002,"Bumper Assembly - Right, Front",VMRS_HB_COMPLETE_v20 page 5_pages_26-50.md
014-002-026,,014,002,Bumper End - Left,VMRS_HB_COMPLETE_v20 page 5_pages_26-50.md
014-002-027,,014,002,Bumper End - Right,VMRS_HB_COMPLETE_v20 page 5_pages_26-50.md
034-004-121,,034,004,Bumper Guide Lamp,VMRS_HB_COMPLETE_v20 page 5_pages_26-50.md
002-015-112,,002,015,Bumper Plug - Engine Door,VMRS_HB_COMPLETE_v20 page 5_pages_26-50.md
055-001-054,,055,001,Bumper Runner/WLIghts - Liftgate,VMRS_HB_COMPLETE_v20 page 5_pages_26-50.md
010-010-029,,010,010,Bumper Stop,VMRS_HB_COMPLETE_v20 page 5_pages_26-50.md
014-002-030,,014,002,Bumper Bubber Entrance Deer Control,VMRS_HB_COMPLETE_v20 page 5_pages_26-50.md
002-019-027,,002,019,"Bumper, Rubber - Entrance Door Control",VMRS_HB_COMPLETE_v20 page 5_pages_26-50.md
002-019-014,,002,019,Bumpers & Attaching Parts,VMRS_HB_COMPLETE_v20 page 5_pages_26-50.md
014-002-000,,014,002,Bumpers & Potaipore - Cab,VMRS_HB_COMPLETE_v20 page 5_pages_26-50.md
055-012-070,,055,012,Bunk - Pontoon Double,VMRS_HB_COMPLETE_v20 page 5_pages_26-50.md
002-050-304,,002,050,Bunk Assembly - Lower,VMRS_HB_COMPLETE_v20 page 5_pages_26-50.md
002-050-315,,002,050,Bunk Assembly - Upper,VMRS_HB_COMPLETE_v20 page 5_pages_26-50.md
002-050-021,,002,050,Bunk Assembly - Upper Forward,VMRS_HB_COMPLETE_v20 page 5_pages_26-50.md
002-050-132,,002,050,Bunk Sheet - Left,VMRS_HB_COMPLETE_v20 page 5_pages_26-50.md
002-050-133,,002,050,Bunk Sheet - Right,VMRS_HB_COMPLETE_v20 page 5_pages_26-50.md
001-003-012,,001,003,Burner - Auxiliary Heater,VMRS_HB_COMPLETE_v20 page 5_pages_26-50.md
043-006-115,,043,006,Burner - Exhaust,VMRS_HB_COMPLETE_v20 page 5_pages_26-50.md
151-002-014,,151,002,"Burner - Heater, APU",VMRS_HB_COMPLETE_v20 page 5_pages_26-50.md
081-005-032,,081,005,Burner - Open Flame Cargo Heater,VMRS_HB_COMPLETE_v20 page 5_pages_26-50.md
364-001-030,,364,001,Burner - Paver/Melter Assembly,VMRS_HB_COMPLETE_v20 page 5_pages_26-50.md
365-011-000,,365,011,Burner Assembly,VMRS_HB_COMPLETE_v20 page 5_pages_26-50.md
365-011-001,,365,011,Burner Assembly - Complete,VMRS_HB_COMPLETE_v20 page 5_pages_26-50.md
174-018-000,,174,018,Bus Barrier Components,VMRS_HB_COMPLETE_v20 page 5_pages_26-50.md
174-000-000,,174,000,Bus Body,VMRS_HB_COMPLETE_v20 page 5_pages_26-50.md
174-001-001,,174,001,Bus Body - Complete Assembly,VMRS_HB_COMPLETE_v20 page 5_pages_26-50.md
174-028-000,,174,028,Bus Body A/C System Components,VMRS_HB_COMPLETE_v20 page 5_pages_26-50.md
174-001-000,,174,001,Bus Body Assembly,VMRS_HB_COMPLETE_v20 page 5_pages_26-50.md
174-024-000,,174,024,Bus Body Electrical Components,VMRS_HB_COMPLETE_v20 page 5_pages_26-50.md
174-038-000,,174,038,Bus Body Signaling Devices,VMRS_HB_COMPLETE_v20 page 5_pages_26-50.md
174-032-000,,174,032,Bus Body Wheelchair Lill Components,VMRS_HB_COMPLETE_v20 page 5_pages_26-50.md
174-029-000,,174,029,Bus Davenport Components,VMRS_HB_COMPLETE_v20 page 5_pages_26-50.md
174-020-000,,174,020,Bus Driver Sliding Window Components,VMRS_HB_COMPLETE_v20 page 5_pages_26-50.md
174-009-000,,174,009,Bus Driver Sun Visor Components,VMRS_HB_COMPLETE_v20 page 5_pages_26-50.md
174-013-000,,174,013,Bus Engine Access Door Components,VMRS_HB_COMPLETE_v20 page 5_pages_26-50.md
174-027-000,,174,027,Bus Entrance Step Heater Components,VMRS_HB_COMPLETE_v20 page 5_pages_26-50.md
174-002-000,,174,002,Bus Entry Step Components,VMRS_HB_COMPLETE_v20 page 5_pages_26-50.md
174-021-000,,174,021,Bus Interior Luggage Back Components,VMRS_HB_COMPLETE_v20 page 5_pages_26-50.md
174-026-000,,174,026,Bus Passenger Heater Components,VMRS_HB_COMPLETE_v20 page 5_pages_26-50.md
174-006-000,,174,006,Bus Push-Out Side Window Components,VMRS_HB_COMPLETE_v20 page 5_pages_26-50.md
174-007-000,,174,007,Bus Rear Window Components,VMRS_HB_COMPLETE_v20 page 5_pages_26-50.md
174-015-000,,174,015,Bus Roof Emergency Escape Hatch,VMRS_HB_COMPLETE_v20 page 5_pages_26-50.md
174-016-000,,174,016,Bus Roof Powered Vent Components,VMRS_HB_COMPLETE_v20 page 5_pages_26-50.md
174-022-000,,174,022,Bus Seat Components,VMRS_HB_COMPLETE_v20 page 5_pages_26-50.md
174-012-000,,174,012,Bus Side Emergency Door Components,VMRS_HB_COMPLETE_v20 page 5_pages_26-50.md
174-005-000,,174,005,Bus Standard Side Window Components,VMRS_HB_COMPLETE_v20 page 5_pages_26-50.md
174-031-000,,174,031,Bus Under Driver Seat Storage Box Components,VMRS_HB_COMPLETE_v20 page 5_pages_26-50.md
174-030-000,,174,030,Bus Under Passenger Seat Storage Box,VMRS_HB_COMPLETE_v20 page 5_pages_26-50.md
174-004-000,,174,004,Bus Underbody Battery Compartment,VMRS_HB_COMPLETE_v20 page 5_pages_26-50.md
,003-000,003,000,1/4- | Bus Underbody Storage Compartment,VMRS_HB_COMPLETE_v20 page 5_pages_26-50.md
027-004-018,,027,004,Components | | Bushing - Clutch Drum,VMRS_HB_COMPLETE_v20 page 5_pages_26-50.md
174-008-000,,174,008,Bus Visibility Window Components | 026-001-060 | Bushing - Clutch Housing Manual Transmission,VMRS_HB_COMPLETE_v20 page 5_pages_26-50.md
174-014-000,,174,014,"Bus Wheelchair Access Door Components | 025-001-035 | Bushing - Clutch Housing, Transfer Case",VMRS_HB_COMPLETE_v20 page 5_pages_26-50.md
024-004-122,,024,004,Bushar | 020-001-000 | Bushing Clutch Swing Arm,VMRS_HB_COMPLETE_v20 page 5_pages_26-50.md
054-004-132,,054,004,Bushar | 023-001-070 | Bushing - Clutch Swing Ann,VMRS_HB_COMPLETE_v20 page 5_pages_26-50.md
030-000-004,,030,000,"DusbaiBushar, Claw Dlug | 002-007-004 | Bushing - Compressor Coupling",VMRS_HB_COMPLETE_v20 page 5_pages_26-50.md
032-003-023,,032,003,"Busbar - Glow Plug | 001-001-314 | Bushing - Compressor, Refrigerant",VMRS_HB_COMPLETE_v20 page 5_pages_26-50.md
082-006-063,,082,006,Busbar - Reefer | 045-006-022 | Bushing - Connecting Rod,VMRS_HB_COMPLETE_v20 page 5_pages_26-50.md
053-007-083,,053,007,Bushing | 046-002-019 | Bushing - Contactor,VMRS_HB_COMPLETE_v20 page 5_pages_26-50.md
045-008-121,,045,008,"Bushing - Exhaust, Cam Follower Lever | 367-005-005 | Bushing - Control Pod Mounting",VMRS_HB_COMPLETE_v20 page 5_pages_26-50.md
045-008-119,,045,008,"Bushing - Injector, Cam Follower Lever | 002-018-199 | Bushing - Control Rod, Door Lock",VMRS_HB_COMPLETE_v20 page 5_pages_26-50.md
045-008-120,,045,008,"Bushing - Intake, Cam Follower Lever | 367-005-006 | Bushing - Control Shaft",VMRS_HB_COMPLETE_v20 page 5_pages_26-50.md
026-003-010,,026,003,"Bushing - Main Shaft Pilot, Manual Transmission | 055-021-010 | Bushing - Control System",VMRS_HB_COMPLETE_v20 page 5_pages_26-50.md
043-003-046,,043,003,Bushing - Stay Rod | 174-033-019 | Bushing - Control Unit,VMRS_HB_COMPLETE_v20 page 5_pages_26-50.md
027-024-009,,027,024,Bushing - 2-3 Modulator Valve | 015-006-011 | Bushing - Control Valve (Torque Generator),VMRS_HB_COMPLETE_v20 page 5_pages_26-50.md
044-007-044,,044,007,"Bushing - Accelerator Pedal | 027-012-013 | Bushing - Converter, Automatic Transmission",VMRS_HB_COMPLETE_v20 page 5_pages_26-50.md
045-008-063,,045,008,Bushing - Accessory Drive Shaft | 082-004-078 | Bushing - Coupler,VMRS_HB_COMPLETE_v20 page 5_pages_26-50.md
065-002-015,,065,002,"Bushing - Accumulator, Hvdraulic System | 097-001-039 | Bushing - Coupling Drive, Impeller Shaft",VMRS_HB_COMPLETE_v20 page 5_pages_26-50.md
111-009-009,,111,009,Bushing - Adjuster | 045-020-011 | Bushing - Cover Mounting Engine Appearance,VMRS_HB_COMPLETE_v20 page 5_pages_26-50.md
075-001-003,,075,001,Bushing - Adjusting Fill Lid | 043-004-044 | Bushing - Cover Botor (Blind),VMRS_HB_COMPLETE_v20 page 5_pages_26-50.md
002-027-331,,002,027,"Bushing - Adjustment Handle, Seat Back | 043-004-043 | Bushing - Cover, Rotor (Open)",VMRS_HB_COMPLETE_v20 page 5_pages_26-50.md
016-008-085,,016,008,Bushing Alianmont | 077 003 014 | Bushing - Cranking Mochanism,VMRS_HB_COMPLETE_v20 page 5_pages_26-50.md
010-000-000,,010,000,Bushing Alternator | 017-005-014 | Bushing - Cranking Mechanism,VMRS_HB_COMPLETE_v20 page 5_pages_26-50.md
002-044-022,,002,044,Bushing - Alternator Mounting Brooket | 040-000-012 | Bushing - Crass Shaft Manual Transmission,VMRS_HB_COMPLETE_v20 page 5_pages_26-50.md
031-001-058,,031,001,"Bushing - Alternator Mounting Bracket | 020-011-221 | Bushing - Cross Shait, Manual Transmission",VMRS_HB_COMPLETE_v20 page 5_pages_26-50.md
013-001-063,,013,001,"Bushing - Anchor, Front Brake Shoe | | Select",VMRS_HB_COMPLETE_v20 page 5_pages_26-50.md
013-002-053,,013,002,"Bushing - Anchor, Rear Brake Shoe | 044-011-027 | Bushing - Cruise Linkage",VMRS_HB_COMPLETE_v20 page 5_pages_26-50.md
013-014-063,,013,014,"Bushing - Anchor, Tag/Pusher Axle Brake Shoe | 082-007-012 | Bushing - Damper Blade, Coupling/Cooling",VMRS_HB_COMPLETE_v20 page 5_pages_26-50.md
016-002-105,,016,002,"Bushing - Anti-Roll Bar | | Linkage, Mechanical Refrigeration Unit",VMRS_HB_COMPLETE_v20 page 5_pages_26-50.md
464-003-003,,464,003,"Bushing - Arm Assembly | 082-001-022 | Bushing - Damper Blade, Evaporator,",VMRS_HB_COMPLETE_v20 page 5_pages_26-50.md
032-002-078,,032,002,"Bushing - Armature, Starter | | Mechanical Refrigeration Unit",VMRS_HB_COMPLETE_v20 page 5_pages_26-50.md
002-027-302,,002,027,"Bushing - Armrest, Seat | 001-001-279 | Bushing - Damper Door",VMRS_HB_COMPLETE_v20 page 5_pages_26-50.md
053-001-037,,053,001,Bushing - Automatic Traction Device | 021-001-158 | Bushing - Differential Carrier,VMRS_HB_COMPLETE_v20 page 5_pages_26-50.md
029-005-006,,029,005,Bushing - Auxiliary Main Shaft Quill | 027-033-017 | Bushing - Directional Control Column,VMRS_HB_COMPLETE_v20 page 5_pages_26-50.md
011-001-066,,011,001,Bushing - Axle Beam | 001-001-029 | Bushing - Discharge Crossover Tube,VMRS_HB_COMPLETE_v20 page 5_pages_26-50.md
021-001-170,,021,001,"Bushing - Axle Support, Driven Front Steer Axle | 174-033-056 | Bushing - Distance, Controller",VMRS_HB_COMPLETE_v20 page 5_pages_26-50.md
022-001-041,,022,001,"Bushing - Axle Support, Driven Rear Axle | 002-024-061 | Bushing - Door Glass",VMRS_HB_COMPLETE_v20 page 5_pages_26-50.md
012-001-029,,012,001,"Bushing - Ayle Support, Driven Bear Ayle | 072-007-017 | Bushing - Door Handle, Betainer, Beefer Door",VMRS_HB_COMPLETE_v20 page 5_pages_26-50.md
002-018-211,,002,018,"011_001_073 | Bushing - Ayle Support, Non-Driven Front Ayle | | Bushing - Door Latch",VMRS_HB_COMPLETE_v20 page 5_pages_26-50.md
002-024-069,,002,024,"Bushing - Axie Support, Non-Driven, Front Axie | 002-010-211 | Bushing Door Latch",VMRS_HB_COMPLETE_v20 page 5_pages_26-50.md
002-024-000,,002,024,Bushing Bass Antonna Dadia | 002-029-031 | Bushing - Door Lach,VMRS_HB_COMPLETE_v20 page 5_pages_26-50.md
016-014-011,,016,014,"Bushing - Dase, Antenna, Radio | 174 011 076 | Bushing - Door Lock Rou",VMRS_HB_COMPLETE_v20 page 5_pages_26-50.md
010-014-011,,010,014,"Bushing - Beam Assembly | 174-011-076 | Bushing - Door Pivol, Outward Opening",VMRS_HB_COMPLETE_v20 page 5_pages_26-50.md
016-005-167,,016,005,"Bushing - Beam, Center, Rear Suspension | 0.45 0.40 0.04 | Entrance Door",VMRS_HB_COMPLETE_v20 page 5_pages_26-50.md
016-005-164,,016,005,"Bushing - Beam, End, Rear Suspension | 045-013-021 | Bushing - Drain Plug",VMRS_HB_COMPLETE_v20 page 5_pages_26-50.md
015-004-067,,015,004,Bushing - Bell Crank | 082-007-069 | Bushing - Drive Coupler,VMRS_HB_COMPLETE_v20 page 5_pages_26-50.md
077-003-030,,077,003,"Bushing - Bevel Gear | 097-001-029 | Bushing - Drive Pulley, Impeller Shaft",VMRS_HB_COMPLETE_v20 page 5_pages_26-50.md
045-002-085,,045,002,Bushing - Bleed Valve | 045-009-011 | Bushing - Drive Shaft,VMRS_HB_COMPLETE_v20 page 5_pages_26-50.md
016-005-081,,016,005,"Bushing - Bolt, Spring Anchor | 058-007-002 | Bushing - Drum Support",VMRS_HB_COMPLETE_v20 page 5_pages_26-50.md
168-001-032,,168,001,"Bushing - Boom Pivot, Mower | 041-001-097 | Bushing - Duct, Air Intake",VMRS_HB_COMPLETE_v20 page 5_pages_26-50.md
068-001-027,,068,001,"Bushing - Boom, Lifting/Unloading Equipment | 027-033-058 | Bushing - ECU Mount",VMRS_HB_COMPLETE_v20 page 5_pages_26-50.md
168-006-003,,168,006,"Bushing - Boom, Mower | 016-005-039 | Bushing - Equalizer",VMRS_HB_COMPLETE_v20 page 5_pages_26-50.md
174-032-031,,174,032,"Bushing - Brace, Wheelchair Ramp Mechanism | 016-008-108 | Bushing - Equalizer Beam, Air Ride Suspension",VMRS_HB_COMPLETE_v20 page 5_pages_26-50.md
015-002-008,,015,002,"Bushing - Bracket Steering Column | 016-002-066 | Bushing - Equalizer, Front Suspension",VMRS_HB_COMPLETE_v20 page 5_pages_26-50.md
464-008-002,,464,008,Bushing - Bucket Linkage | 041-005-017 | Bushing - Ether Injector,VMRS_HB_COMPLETE_v20 page 5_pages_26-50.md
098-002-005,,098,002,"Bushing - Butterfly Valve, Bulk Product Transfer | 001-001-307 | Bushing - Evaporator",VMRS_HB_COMPLETE_v20 page 5_pages_26-50.md
002-036-130,,002,036,Bushing - Cab Hinge | 043-003-080 | Bushing - Exhaust Hanger,VMRS_HB_COMPLETE_v20 page 5_pages_26-50.md
014-004-010,,014,004,Bushing Cab Hinge | 040-000-000 | Bushing Extension Housing Manual,VMRS_HB_COMPLETE_v20 page 5_pages_26-50.md
014-004-019,,014,004,Bushing - Cab Hillige | 020-001-000 | Transmission,VMRS_HB_COMPLETE_v20 page 5_pages_26-50.md
002-030-129,,002,030,Bushing - Cab Laich | 010 000 011 | Transmission,VMRS_HB_COMPLETE_v20 page 5_pages_26-50.md
002-036-066,,002,036,"Bushing - Cab Lock Rod | 016-002-011 | Busning - Eye, Front Spring",VMRS_HB_COMPLETE_v20 page 5_pages_26-50.md
014-004-061,,014,004,"Bushing - Cab Mounting, Rear | 004-005-043 | Bushing - Fairing, Lower",VMRS_HB_COMPLETE_v20 page 5_pages_26-50.md
002-036-084,,002,036,Bushing - Cab Pivot | 042-003-045 | Bushing - Fan Clutch Drive,VMRS_HB_COMPLETE_v20 page 5_pages_26-50.md
013-013-025,,013,013,"Bushing - Caliper Slide Pin | 001-001-437 | Bushing - Fan Shroud, Condenser, Air",VMRS_HB_COMPLETE_v20 page 5_pages_26-50.md
016-001-049,,016,001,"Bushing - Camber, Suspension | | Conditioning",VMRS_HB_COMPLETE_v20 page 5_pages_26-50.md
045-008-189,,045,008,"Bushing - Camshaft | 082-008-094 | Bushing - Fan, Condenser, Reefer",VMRS_HB_COMPLETE_v20 page 5_pages_26-50.md
151-001-166,,151,001,"Bushing - Camshaft, APU | 199-004-004 | Bushing - Fines Screen",VMRS_HB_COMPLETE_v20 page 5_pages_26-50.md
013-001-150,,013,001,"Bushing - Camshaft, Front Brake | 045-004-019 | Bushing - Flywheel",VMRS_HB_COMPLETE_v20 page 5_pages_26-50.md
022-001-033,,022,001,"Bushing - Carrier, Differential | 016-020-017 | Bushing - Fork, Strut",VMRS_HB_COMPLETE_v20 page 5_pages_26-50.md
022-003-148,,022,003,"Bushing - Carrier, Differential | 174-033-005 | Bushing - Frame",VMRS_HB_COMPLETE_v20 page 5_pages_26-50.md
016-001-057,,016,001,"Bushing - Caster/Camber, Suspension | 013-001-053 | Bushing - Front Brake Shoe",VMRS_HB_COMPLETE_v20 page 5_pages_26-50.md
027-008-002,,027,008,Bushing - Center Support Automatic | 014-004-063 | Bushing - Front Cab Mount Isolator,VMRS_HB_COMPLETE_v20 page 5_pages_26-50.md
027-029-005,,027,029,Transmission | | Bushing - Front Pump Body,VMRS_HB_COMPLETE_v20 page 5_pages_26-50.md
111-010-004,,111,010,Bushing - Chain | 168-003-011 | Bushing - Front Pump Mower,VMRS_HB_COMPLETE_v20 page 5_pages_26-50.md
174-032-030,,174,032,Bushing - Clevis Wheelchair Ramp Mechanism | 016-003-004 | Bushing - Front Shock Absorber,VMRS_HB_COMPLETE_v20 page 5_pages_26-50.md
515-500-004,,515,500,"Sashing Cloves, Anocionali Hamp Mechanisin",VMRS_HB_COMPLETE_v20 page 5_pages_26-50.md
072-007-011,,072,007,Bushing Front Stabilizer Member | | Bushing Nylon Hingo Boofer Door,VMRS_HB_COMPLETE_v20 page 5_pages_26-50.md
045-001-012,,045,001,"Bushing - Goar Cover | 072-007-015 | Bushing - Nylon, Filinge, Reefer Door",VMRS_HB_COMPLETE_v20 page 5_pages_26-50.md
043-001-012,,043,001,Bushing - Governor Linkage | 100-001-013 | Bushing - OCC Screen,VMRS_HB_COMPLETE_v20 page 5_pages_26-50.md
072-003-051,,072,003,Bushing - Guide Plate Lock Rod Bear Door | 082-004-057 | Bushing - Oil Pump,VMRS_HB_COMPLETE_v20 page 5_pages_26-50.md
002-018-121,,002,018,Bushing - Guide Locking Bod | 199-002-004 | Bushing - ONP Screen,VMRS_HB_COMPLETE_v20 page 5_pages_26-50.md
045-008-232,,045,008,"Bushing - Guide, Eocking Hou | 027-013-026 | Bushing - Output Shaft",VMRS_HB_COMPLETE_v20 page 5_pages_26-50.md
077-009-013,,077,009,Bushing - Hanger To Badius Bod | 025-001-036 | Bushing - Output Shaft Clutch Transfer Case,VMRS_HB_COMPLETE_v20 page 5_pages_26-50.md
065-004-006,,065,004,Bushing - Head | 027-013-003 | Bushing - Output Shaft Automatic Transmission,VMRS_HB_COMPLETE_v20 page 5_pages_26-50.md
002-011-057,,002,011,"Bushing - Headrest | 065-030-004 | Bushing - Output Shaft, Pump",VMRS_HB_COMPLETE_v20 page 5_pages_26-50.md
002-027-270,,002,027,Bushing - Headrest | 022-004-080 | Bushing - Output Shaft. Rear Axle Power Divider,VMRS_HB_COMPLETE_v20 page 5_pages_26-50.md
022-004-067,,022,004,Bushing - Helical Driven Gear | 172-002-024 | Bushing - Packer Panel,VMRS_HB_COMPLETE_v20 page 5_pages_26-50.md
027-005-005,,027,005,Bushing - High Range Clutch Housing | 097-002-028 | Bushing - Packing,VMRS_HB_COMPLETE_v20 page 5_pages_26-50.md
002-018-051,,002,018,"Bushing - Hinge Pin, Front Door | 268-008-010 | Bushing - Personnel Bucket",VMRS_HB_COMPLETE_v20 page 5_pages_26-50.md
059-004-007,,059,004,"Bushing - Hinge, Drawbar | 023-002-028 | Bushing - Pilot",VMRS_HB_COMPLETE_v20 page 5_pages_26-50.md
002-061-034,,002,061,"Bushing - Hinge, Liftgate | 098-007-014 | Bushing - Pin, Lever",VMRS_HB_COMPLETE_v20 page 5_pages_26-50.md
002-004-043,,002,004,"Bushing - Hood Hinge | 152-003-014 | Bushing - Pin, Lever, Lavatory",VMRS_HB_COMPLETE_v20 page 5_pages_26-50.md
002-004-026,,002,004,"Bushing - Hood Roller | 022-004-011 | Bushing - Pinion, Power Divider Differential",VMRS_HB_COMPLETE_v20 page 5_pages_26-50.md
045-001-030,,045,001,Bushing - Idle Gear | 059-002-035 | Bushing - Pintle,VMRS_HB_COMPLETE_v20 page 5_pages_26-50.md
001-001-388,,001,001,Bushing - Idler | 045-006-002 | Bushing - Piston Pin,VMRS_HB_COMPLETE_v20 page 5_pages_26-50.md
111-003-007,,111,003,"Bushing - Idler | 151-001-123 | Bushing - Piston Pin, APU",VMRS_HB_COMPLETE_v20 page 5_pages_26-50.md
023-001-064,,023,001,Bushing - Idler Arm | 002-036-027 | Bushing - Pivot,VMRS_HB_COMPLETE_v20 page 5_pages_26-50.md
015-004-015,,015,004,Bushing - Idler Arm Support | 016-008-136 | Bushing - Pivot,VMRS_HB_COMPLETE_v20 page 5_pages_26-50.md
042-003-139,,042,003,"Bushing - Idler Pulley, Drive Belt | 059-001-151 | Bushing - Pivot, Fifth Wheel Top Plate",VMRS_HB_COMPLETE_v20 page 5_pages_26-50.md
097-001-013,,097,001,"Bushing - Impeller | 016-015-052 | Bushing - Pivot, Sway Bar",VMRS_HB_COMPLETE_v20 page 5_pages_26-50.md
024-002-067,,024,002,"Bushing - Increasing | 002-050-641 | Bushing - Pivot, Upper Bunk",VMRS_HB_COMPLETE_v20 page 5_pages_26-50.md
045-008-094,,045,008,Bushing - Injector Rocker Arm | 055-004-011 | Bushing - Plunger Assembly,VMRS_HB_COMPLETE_v20 page 5_pages_26-50.md
026-005-022,,026,005,Bushing - Input Shaft | 199-003-004 | Bushing - Polisning Screen,VMRS_HB_COMPLETE_v20 page 5_pages_26-50.md
032-002-033,,032,002,"Bushing - Insulating, Starter | 1/4-033-065 | Bushing - Potentiometer",VMRS_HB_COMPLETE_v20 page 5_pages_26-50.md
010-023-008,,010,023,"Bushing - Integral Link, Independent Rear | 013-013-029 | Bushing - Power Shall, All Disc Brake",VMRS_HB_COMPLETE_v20 page 5_pages_26-50.md
022-004-060,,022,004,"SuspensionBushing Inter Ayle Case | 179 005 002 | Bushing - FTO, Hansinission Mounted",VMRS_HB_COMPLETE_v20 page 5_pages_26-50.md
020-011-100,,020,011,Bushing - Isolator Clutch Rod | 042-003-144 | Bushing - Pump Piston Valve,VMRS_HB_COMPLETE_v20 page 5_pages_26-50.md
032-001-067,,032,001,Bushing - Jumpstart Battery | 065-015-008 | Bushing - Pump Variable Displacement Type,VMRS_HB_COMPLETE_v20 page 5_pages_26-50.md
011-001-005,,011,001,Bushing - King Pin | 042-002-188 | Bushing - Radiator,VMRS_HB_COMPLETE_v20 page 5_pages_26-50.md
012-002-027,,012,002,Bushing - King Pin Tag Or Pusher Axle | 016-005-031 | Bushing - Radius Rod,VMRS_HB_COMPLETE_v20 page 5_pages_26-50.md
016-023-003,,016,023,"Bushing - Knuckle, Independent Rear | 027-014-003 | Bushing - Reaction Drum",VMRS_HB_COMPLETE_v20 page 5_pages_26-50.md
012-001-019,,012,001,Suspension | | Bushing - Rear Axle,VMRS_HB_COMPLETE_v20 page 5_pages_26-50.md
002-011-127,,002,011,"Bushing - Lap and Shoulder, Seat Belt | 013-002-141 | Bushing - Rear Brake Shoe",VMRS_HB_COMPLETE_v20 page 5_pages_26-50.md
069-004-001,,069,004,Bushing - Latch | 027-030-002 | Bushing - Rear Pump Body,VMRS_HB_COMPLETE_v20 page 5_pages_26-50.md
002-027-035,,002,027,"Bushing - Lever Assembly, Height Control | 016-006-003 | Bushing - Rear Shock Absorber",VMRS_HB_COMPLETE_v20 page 5_pages_26-50.md
002-060-032,,002,060,"Bushing - Lever, Push Rod Pivot, Convertible | 016-002-030 | Bushing - Rear Spring Eye, Front Spring",VMRS_HB_COMPLETE_v20 page 5_pages_26-50.md
016-005-084,,016,005,"Тор | | Bushing - Rear Spring Eye, Rear Spring",VMRS_HB_COMPLETE_v20 page 5_pages_26-50.md
055-009-009,,055,009,"Bushing - Lift Chain , Lift Assembly | 016-005-012 | Bushing - Rear Spring, Front",VMRS_HB_COMPLETE_v20 page 5_pages_26-50.md
055-016-016,,055,016,"Bushing - Lift Chain Sprocket | 013-010-316 | Bushing - Reduction, Brass",VMRS_HB_COMPLETE_v20 page 5_pages_26-50.md
068-001-005,,068,001,Bushing - Lifting/Unloading Boom | 094-006-008 | Bushing - Reel Bracket,VMRS_HB_COMPLETE_v20 page 5_pages_26-50.md
172-007-065,,172,007,"Bushing - Loader | 078-005-006 | Bushing - Register, 2 Stage",VMRS_HB_COMPLETE_v20 page 5_pages_26-50.md
027-004-019,,027,004,Bushing - Low Sun Gear | 026-011-069 | Bushing - Remote Control Housing,VMRS_HB_COMPLETE_v20 page 5_pages_26-50.md
016-001-022,,016,001,"Bushing - Lower Control Arm Strut | 026-011-109 | Bushing - Remote Control, Rear",VMRS_HB_COMPLETE_v20 page 5_pages_26-50.md
016-001-011,,016,001,"Busning - Lower Control Arm, Independent Front | 029-002-003 | Busning - Replacement, Speedometer Drive,",VMRS_HB_COMPLETE_v20 page 5_pages_26-50.md
016-005-004,,016,005,Suspension | 050 002 014 | DrivenRushing Detainer,VMRS_HB_COMPLETE_v20 page 5_pages_26-50.md
010-005-024,,010,005,Non Air | 056-003-014 | Bushing - Relainer,VMRS_HB_COMPLETE_v20 page 5_pages_26-50.md
172-002-022,,172,002,"(NOT-AIL)Bushing Lower Link Arm | 010-000-190 | Bushing - Rocker, Real Suspension",VMRS_HB_COMPLETE_v20 page 5_pages_26-50.md
026-001-050,,026,001,Bushing Main Case | 072-003-034 | Bushing - Rod Dock Plate,VMRS_HB_COMPLETE_v20 page 5_pages_26-50.md
028-004-015,,028,004,"Bushing - Main Shaft Gear | 002-042-011 | Bushing - Rod, Door",VMRS_HB_COMPLETE_v20 page 5_pages_26-50.md
055-007-002,,055,007,"Bushing - Mast Pivot Outer Mast | 002-023-027 | Bushing - Rod, Hood Support",VMRS_HB_COMPLETE_v20 page 5_pages_26-50.md
013-006-021,,013,006,"Bushing - Master Cylinder | 016-020-026 | Bushing - Rod, Strut",VMRS_HB_COMPLETE_v20 page 5_pages_26-50.md
002-010-100,,002,010,Bushing - Mirror | 071-026-012 | Bushing - Boller,VMRS_HB_COMPLETE_v20 page 5_pages_26-50.md
014-003-050,,014,003,"Bushing - Mount, Engine | 111-002-005 | Bushing - Roller",VMRS_HB_COMPLETE_v20 page 5_pages_26-50.md
015-013-018,,015,013,"Bushing - Mount, Rack & Pinion | 174-017-021 | Bushing - School Bus Stop Arm Assembly",VMRS_HB_COMPLETE_v20 page 5_pages_26-50.md
016-020-020,,016,020,"Bushing - Mount, Strut | 002-027-206 | Bushing - Seat Base",VMRS_HB_COMPLETE_v20 page 5_pages_26-50.md
013-009-062,,013,009,Bushing - Mounting Bracket | 002-027-289 | Bushing - Seat Hinge,VMRS_HB_COMPLETE_v20 page 5_pages_26-50.md
016-002-025,,016,002,"Bushing - Mounting Bracket, Front Spring, Front | 002-027-048 | Bushing - Seat Shock Absorber, Upper",VMRS_HB_COMPLETE_v20 page 5_pages_26-50.md
043-003-055,,043,003,"Bushing - Mounting Bracket, Muffler | 002-027-049 | Bushing - Seat Shock Absorber, Lower",VMRS_HB_COMPLETE_v20 page 5_pages_26-50.md
016-002-028,,016,002,"Bushing - Mounting Bracket, Rear, Front Spring | 016-005-243 | Bushing - Seat, Coil Spring",VMRS_HB_COMPLETE_v20 page 5_pages_26-50.md
059-001-079,,059,001,"Bushing - Mounting Shoe | 016-002-111 | Bushing - Seat, Front Coil Spring",VMRS_HB_COMPLETE_v20 page 5_pages_26-50.md
082-008-099,,082,008,"Bushing - Mounting, Condenser Fan Motor, | 013-001-122 | Bushing - Self Adjuster, Front Brake",VMRS_HB_COMPLETE_v20 page 5_pages_26-50.md
055-018-003,,055,018,"Reefer | | Bushing - Self Aligning, Scissors",VMRS_HB_COMPLETE_v20 page 5_pages_26-50.md
002-011-084,,002,011,"Bushing - Mounting, Seat Belt | 013-011-089 | Bushing - Sensor Mounting",VMRS_HB_COMPLETE_v20 page 5_pages_26-50.md
174-034-013,,174,034,"Bushing - Mounting, Seat Belt, Bus Seat | 016-002-109 | Bushing - Shackle Frame",VMRS_HB_COMPLETE_v20 page 5_pages_26-50.md
016-005-015,,016,005,"Bushing - Shackle, Rear Spring | 015-004-075 | Bushing - Tie Rod",VMRS_HB_COMPLETE_v20 page 5_pages_26-50.md
013-005-009,,013,005,"Bushing - Shaft, Brake & Clutch Pedal | 055-010-205 | Bushing - Tilt Cylinder",VMRS_HB_COMPLETE_v20 page 5_pages_26-50.md
065-012-008,,065,012,"Bushing - Shaft, Centrifugal Pump, Hydraulic | 013-013-026 | Bushing - Torque Plate",VMRS_HB_COMPLETE_v20 page 5_pages_26-50.md
016-002-048,,016,002,System | | Bushing - Torque Rod,VMRS_HB_COMPLETE_v20 page 5_pages_26-50.md
023-001-006,,023,001,"Bushing - Shaft, Clutch Pedal | 016-005-046 | Bushing - Torque Rod End",VMRS_HB_COMPLETE_v20 page 5_pages_26-50.md
023-001-041,,023,001,"Bushing - Shaft, Clutch Release Linkage | 016-008-118 | Bushing - Torque Rod, Air Ride Suspension",VMRS_HB_COMPLETE_v20 page 5_pages_26-50.md
044-003-091,,044,003,"Bushing - Shaft, Engine Fuel Pump | 016-002-086 | Bushing - Torsion Bar",VMRS_HB_COMPLETE_v20 page 5_pages_26-50.md
065-010-010,,065,010,"Bushing - Shaft, Gear Motor, Hydraulic System | 059-010-019 | Bushing - Tow Bar",VMRS_HB_COMPLETE_v20 page 5_pages_26-50.md
065-013-008,,065,013,"Bushing - Shaft, Gear Type Pump, Hydraulic | 059-006-006 | Bushing - Tow Hitch",VMRS_HB_COMPLETE_v20 page 5_pages_26-50.md
016-005-220,,016,005,System | | Bushing - Track Bar,VMRS_HB_COMPLETE_v20 page 5_pages_26-50.md
065-014-008,,065,014,"Bushing - Shaft, Gerotor Pump, Hydraulic | 016-002-100 | Bushing - Track Bar, Front Spring",VMRS_HB_COMPLETE_v20 page 5_pages_26-50.md
016-008-010,,016,008,System | | Bushing - Trailing Arm,VMRS_HB_COMPLETE_v20 page 5_pages_26-50.md
043-002-011,,043,002,"Bushing - Shaft, Manifold Heat Control Valve | 026-011-214 | Bushing - Transmission Gearshift",VMRS_HB_COMPLETE_v20 page 5_pages_26-50.md
065-011-010,,065,011,"Bushing - Shaft Piston Motor, Hydraulic System | 016-008-109 | Bushing - Transverse Beam, Air Ride",VMRS_HB_COMPLETE_v20 page 5_pages_26-50.md
065-016-009,,065,016,Bushing - Shaft Reciprocating Pump Hydraulic | 0.0000.00 | Suspension,VMRS_HB_COMPLETE_v20 page 5_pages_26-50.md
016-007-010,,016,007,System | | Bushing - Transverse Badius Rod,VMRS_HB_COMPLETE_v20 page 5_pages_26-50.md
002-035-125,,002,035,Bushing - Shaft Windshield Wiper | 021-001-041 | Bushing - Trunnion Front Transaxle Driven,VMRS_HB_COMPLETE_v20 page 5_pages_26-50.md
059-006-016,,059,006,"Bushing - Shear Pin, Tow Hitch | 021 001 011 | Front Steer Axle",VMRS_HB_COMPLETE_v20 page 5_pages_26-50.md
027-033-091,,027,033,Bushing - Shift Lever | 045-001-011 | Bushing - Trunnion Gear Cover,VMRS_HB_COMPLETE_v20 page 5_pages_26-50.md
026-011-088,,026,011,"Bushing - Shift Lever To Linkage Lift Trucks | 016-005-145 | Bushing - Trunnion, Bear Suspension",VMRS_HB_COMPLETE_v20 page 5_pages_26-50.md
065-020-043,,065,020,"Bushing - Shift Lever Control Valve | 016-018-026 | Bushing - Trunnion, Near Suspension",VMRS_HB_COMPLETE_v20 page 5_pages_26-50.md
025-001-151,,025,001,Bushing - Shift Diston Transfor Caso | 027-006-024 | Bushing - Turhino Shaft,VMRS_HB_COMPLETE_v20 page 5_pages_26-50.md
023-001-131,,023,001,Bushing - Shock Mounting | 027-000-024 | Bushing - Honor Control Arm,VMRS_HB_COMPLETE_v20 page 5_pages_26-50.md
077-002-024,,077,002,Bushing - Shock MountingBushing - Skid Fast Or Sand Shaa | 172 002 022 | Bushing Upper Link Arm,VMRS_HB_COMPLETE_v20 page 5_pages_26-50.md
012-001-146,,012,001,Bushing - Sku Fool Of Sand Shoe | 016 002 144 | Bushing V Ded Air Dide Suspension,VMRS_HB_COMPLETE_v20 page 5_pages_26-50.md
174-000-117,,174,000,"Bushing - Slack Aujuster | 010-000-144 | Bushing - V-Rod, All Ride Suspension",VMRS_HB_COMPLETE_v20 page 5_pages_26-50.md
174-033-117,,174,033,"Bushing - Slide, Tensioner Assembly | 045-008-214 | Bushing - Valve Cover",VMRS_HB_COMPLETE_v20 page 5_pages_26-50.md
031-001-035,,031,001,"Bushing - Slideable Housing | 045-007-034 | Bushing - Valve Guide, Exhaust",VMRS_HB_COMPLETE_v20 page 5_pages_26-50.md
002-020-065,,002,020,"Bushing - Silding Door | 045-007-035 | Bushing - Valve Guide, Intake",VMRS_HB_COMPLETE_v20 page 5_pages_26-50.md
056-001-114,,056,001,"Busning - Split Snatt, PTO | 032-004-030 | Busning - Valve Stop, Air Supply",VMRS_HB_COMPLETE_v20 page 5_pages_26-50.md
027-011-007,,027,011,"Bushing - Splitter Main Shatt, Front & Rear | 002-023-017 | Bushing - Vent Glass Handle",VMRS_HB_COMPLETE_v20 page 5_pages_26-50.md
013-004-033,,013,004,Bushing - Spring Brake Chamber | 016-005-239 | Bushing - Vertical Drive,VMRS_HB_COMPLETE_v20 page 5_pages_26-50.md
016-009-004,,016,009,"Bushing - Spring Hanger | 075-001-019 | Bushing - Wear Sleeve, Fill Lid Air Cylinder",VMRS_HB_COMPLETE_v20 page 5_pages_26-50.md
016-005-230,,016,005,Bushing - Spring Link | 055-023-058 | Bushing - Wheelchair Lift,VMRS_HB_COMPLETE_v20 page 5_pages_26-50.md
016-005-052,,016,005,Bushing - Spring Saddle To Spring | 174-014-035 | Bushing - Wheelchair Lift,VMRS_HB_COMPLETE_v20 page 5_pages_26-50.md
014-004-043,,014,004,"Bushing - Spring, Cab Mount | 082-029-074 | Bushing & Nut - Door Handle, Reefer",VMRS_HB_COMPLETE_v20 page 5_pages_26-50.md
016-015-065,,016,015,"Bushing - Spring, Cab Mount | 018-006-019 | Bushing and Retainer - Drive Gear, Inner",VMRS_HB_COMPLETE_v20 page 5_pages_26-50.md
367-005-042,,367,005,"Bushing - Spring, Control Valve | 044-009-015 | Bushing Assembly - Bulkhead",VMRS_HB_COMPLETE_v20 page 5_pages_26-50.md
032-002-036,,032,002,Bushing - Starter Drive End | 016-005-066 | Bushing Assembly - Equalizer,VMRS_HB_COMPLETE_v20 page 5_pages_26-50.md
032-002-024,,032,002,Bushing - Starter End Plate | 016-005-068 | Bushing Assembly - Torque Rod,VMRS_HB_COMPLETE_v20 page 5_pages_26-50.md
027-029-002,,027,029,Bushing - Stator Shaft | 014-005-071 | Bushing Bracket - Chassis Fairing to Battery Box,VMRS_HB_COMPLETE_v20 page 5_pages_26-50.md
059-041-002,,059,041,Bushing - Steering Hitch | 014-005-070 | Bushing Bracket - Cover to Battery Box,VMRS_HB_COMPLETE_v20 page 5_pages_26-50.md
011-001-012,,011,001,Bushing - Steering Knuckle | 014-004-057 | Bushing Cap - Front Cab Mount,VMRS_HB_COMPLETE_v20 page 5_pages_26-50.md
015-005-107,,015,005,Bushing - Steering Pump | 065-015-007 | Bushing Kit,VMRS_HB_COMPLETE_v20 page 5_pages_26-50.md
015-003-071,,015,003,"Bushing - Steering Shaft, Lower | 016-009-065 | Bushing Kit - Air Leaf",VMRS_HB_COMPLETE_v20 page 5_pages_26-50.md
098-016-003,,098,016,Bushing - Stem | 016-005-232 | Bushing Kit - Bar Pin,VMRS_HB_COMPLETE_v20 page 5_pages_26-50.md
034-003-156,,034,003,"Bushing - Stop Arm Lens | 016-001-054 | Bushing Kit - Camber Toe, Suspension",VMRS_HB_COMPLETE_v20 page 5_pages_26-50.md
002-050-630,,002,050,"Bushing - Striker Pin, Bunk | 016-001-058 | Bushing Kit - Caster/Camber, Suspension",VMRS_HB_COMPLETE_v20 page 5_pages_26-50.md
002-060-052,,002,060,"Bushing - Strut, Convertible Top | 065-012-007 | Bushing Kit - Centrifugal Pump, Hydraulic",VMRS_HB_COMPLETE_v20 page 5_pages_26-50.md
027-017-002,,027,017,"Bushing - Sun Gear, Front Shaft | | System",VMRS_HB_COMPLETE_v20 page 5_pages_26-50.md
027-017-003,,027,017,"Bushing - Sun Gear, Rear Shaft | 065-010-009 | Bushing Kit - Gear Motor, Hydraulic System",VMRS_HB_COMPLETE_v20 page 5_pages_26-50.md
013-014-071,,013,014,"Bushing - Support Bracket , Camshaft | 065-013-007 | Bushing Kit - Gear Type Pump, Hydraulic",VMRS_HB_COMPLETE_v20 page 5_pages_26-50.md
053-007-136,,053,007,Bushing - Suspension | | System,VMRS_HB_COMPLETE_v20 page 5_pages_26-50.md
014-004-039,,014,004,"Bushing - Sway Bar, Cab Mount | 065-014-007 | Bushing Kit - Gerotor Pump, Hydraulic System",VMRS_HB_COMPLETE_v20 page 5_pages_26-50.md
016-015-062,,016,015,"Bushing - Sway Bar, Cab Mount | 065-011-009 | Bushing Kit - Piston Motor, Hydraulic System",VMRS_HB_COMPLETE_v20 page 5_pages_26-50.md
016-008-148,,016,008,"Bushing - Sway Bar, Rear Suspension | 065-016-008 | Bushing Kit - Reciprocating Pump, Hydraulic",VMRS_HB_COMPLETE_v20 page 5_pages_26-50.md
367-005-007,,367,005,Bushing - Switch Mounting | | System,VMRS_HB_COMPLETE_v20 page 5_pages_26-50.md
013-014-053,,013,014,Bushing - Tag/Pusher Axle Brake Shoe | 002-018-215 | Bushing Kit - Window Regulator,VMRS_HB_COMPLETE_v20 page 5_pages_26-50.md
026-015-067,,026,015,"Bushing - Tail Shaft Support, Automated | 027-031-003 | Bushing Or Bearing - Case Extension Housing",VMRS_HB_COMPLETE_v20 page 5_pages_26-50.md
027-001-006,,027,001,Transmission | | Bushing Or Bearing - Case To Output Shaft,VMRS_HB_COMPLETE_v20 page 5_pages_26-50.md
027-001-067,,027,001,"Bushing - Tail Shaft Support, Automatic | 015-003-028 | Bushing Or Bearing - Pitman Shaft",VMRS_HB_COMPLETE_v20 page 5_pages_26-50.md
072-009-017,,072,009,Transmission | | Bushing Set - Power Roll-Up Door,VMRS_HB_COMPLETE_v20 page 5_pages_26-50.md
026-001-094,,026,001,"Bushing - Tail Shaft Support, Manual | 026-006-025 | Bushing Sleeve - 1st Speed Gear",VMRS_HB_COMPLETE_v20 page 5_pages_26-50.md
055-001-082,,055,001,Transmission | | Bushing Weldment - Hose Clamp,VMRS_HB_COMPLETE_v20 page 5_pages_26-50.md
002-016-026,,002,016,"Bushing - Tailgate | 013-002-031 | Bushing, Camshaft - Rear Brake",VMRS_HB_COMPLETE_v20 page 5_pages_26-50.md
172-001-039,,172,001,"Bushing - Tailgate Latch | 002-019-043 | Bushing, Nyliner- Compartment Door",VMRS_HB_COMPLETE_v20 page 5_pages_26-50.md
016-005-035,,016,005,"Bushing - Tandem Spring Seat | 016-018-011 | Bushing, Pivot - Slider Air Ride Suspension",VMRS_HB_COMPLETE_v20 page 5_pages_26-50.md
091-001-030,,091,001,"Bushing - Tapelock, Drive Unit To Flange | 043-001-194 | Bushing, Plug - Back Pressure Valve",VMRS_HB_COMPLETE_v20 page 5_pages_26-50.md
027-006-027,,027,006,"Coupler | | Bushing, Rotating Clutch",VMRS_HB_COMPLETE_v20 page 5_pages_26-50.md
048-001-050,,048,001,"Bushing - Tapered, Genset Coupler. Hvbrid | 002-019-044 | Bushing, Spacer- Compartment Door",VMRS_HB_COMPLETE_v20 page 5_pages_26-50.md
044-007-082,,044,007,"Bushing - Throttle Position Sensor | 013-001-071 | Bushing, Support Bracket - Camshaft. Front",VMRS_HB_COMPLETE_v20 page 5_pages_26-50.md
016-005-231,,016,005,Bushing - Thrust | | Brake,VMRS_HB_COMPLETE_v20 page 5_pages_26-50.md
002-004-120,,002,004,Bushings - Pivot | 002-015-04,VMRS_HB_COMPLETE_v20 page 5_pages_26-50.md
151-001-064,,151,001,Bussbar - APU | 053-999-12,VMRS_HB_COMPLETE_v20 page 5_pages_26-50.md
174-020-011,,174,020,Bussbar - Bus Drivers Control Console Electrical | 002-040-00,VMRS_HB_COMPLETE_v20 page 5_pages_26-50.md
050-000-140,,050,000,Panel | 002-039-00,VMRS_HB_COMPLETE_v20 page 5_pages_26-50.md
053-999-143,,053,999,Buttane | 002-036-03,VMRS_HB_COMPLETE_v20 page 5_pages_26-50.md
072-003-049,,072,003,Butt Blade - Hinge Bear Door | 002-010-00,VMRS_HB_COMPLETE_v20 page 5_pages_26-50.md
098-002-000,,098,002,Butterfly Valve Assembly | 162-001-00,VMRS_HB_COMPLETE_v20 page 5_pages_26-50.md
045-008-201,,045,008,"Button - Adjustment Screw, Exhaust Valves | 000-000-00",VMRS_HB_COMPLETE_v20 page 5_pages_26-50.md
002-036-096,,002,036,"Button - Air, Tilt Pump",VMRS_HB_COMPLETE_v20 page 5_pages_26-50.md
053-007-050,,053,007,Button - Bumper | 016-015-00,VMRS_HB_COMPLETE_v20 page 5_pages_26-50.md
172-010-007,,172,010,Button - Door Dump Valve | 291-006-00,VMRS_HB_COMPLETE_v20 page 5_pages_26-50.md
153-005-007,,153,005,"Button - Emergency Stop, Stationary Generator | 002-050-35",VMRS_HB_COMPLETE_v20 page 5_pages_26-50.md
054-001-015,,054,001,Button - Horn | 002-050-33,VMRS_HB_COMPLETE_v20 page 5_pages_26-50.md
055-025-015,,055,025,"Button - Horn, Pallet Jack | 002-050-34",VMRS_HB_COMPLETE_v20 page 5_pages_26-50.md
044-003-054,,044,003,Button - Idle Spring | 002-050-54,VMRS_HB_COMPLETE_v20 page 5_pages_26-50.md
002-008-071,,002,008,"Button - Latch, Compartment Door | 002-050-65",VMRS_HB_COMPLETE_v20 page 5_pages_26-50.md
002-011-132,,002,011,Button - Manual Control Valve | 291-006-00,VMRS_HB_COMPLETE_v20 page 5_pages_26-50.md
036-008-027,,036,008,"Button - Panic, Driver, Surveillance System | 002-050-32",VMRS_HB_COMPLETE_v20 page 5_pages_26-50.md
051-008-017,,051,008,"Button - Panic, Navigation System, GPS | 002-050-32",VMRS_HB_COMPLETE_v20 page 5_pages_26-50.md
025-001-189,,025,001,"Button - Pump Drive, Transfer Case | 002-050-32",VMRS_HB_COMPLETE_v20 page 5_pages_26-50.md
026-011-096,,026,011,Button - Range Control Valve | 002-050-16,VMRS_HB_COMPLETE_v20 page 5_pages_26-50.md
003-002-034,,003,002,"Button - Reset, Instrument ClusterButton Shift Knob Brake Shift Interlock | 065-020-00",VMRS_HB_COMPLETE_v20 page 5_pages_26-50.md
032-002-022,,032,002,Button - Starter Solenoid | 174-028-06,VMRS_HB_COMPLETE_v20 page 5_pages_26-50.md
001-001-449,,001,001,"Button - Temperature Control, HVAC | 174 020 00",VMRS_HB_COMPLETE_v20 page 5_pages_26-50.md
002-048-024,,002,048,Button - Upholstery | 013-011-01,VMRS_HB_COMPLETE_v20 page 5_pages_26-50.md
001-001-450,,001,001,"Button Kit - Temperature Control, HVAC | 013-011-17",VMRS_HB_COMPLETE_v20 page 5_pages_26-50.md
081-001-016,,081,001,Buzzer | 044-007-00,VMRS_HB_COMPLETE_v20 page 5_pages_26-50.md
174-024-002,,174,024,Buzzer - Alr BrakeBuzzer - Alarm - School Bus | 015-011-03,VMRS_HB_COMPLETE_v20 page 5_pages_26-50.md
003-001-237,,003,001,"Buzzer - Alarm, General Use | 043-003-08",VMRS_HB_COMPLETE_v20 page 5_pages_26-50.md
174-032-041,,174,032,"Buzzer - Alarm, Wheelchair Ramp Mechanism | 015-002-08",VMRS_HB_COMPLETE_v20 page 5_pages_26-50.md
017-009-048,,017,009,Buzzer - Central Tire Inflation System | 002-027-33,VMRS_HB_COMPLETE_v20 page 5_pages_26-50.md
002-040-025,,002,040,Buzzer - Deployable Step | 013-018-00,VMRS_HB_COMPLETE_v20 page 5_pages_26-50.md
003-001-231,,003,001,Buzzer - Differential Lockout | 013-010-37,VMRS_HB_COMPLETE_v20 page 5_pages_26-50.md
033-001-005,,033,001,Buzzer - Ignition Switch | 013-009-09,VMRS_HB_COMPLETE_v20 page 5_pages_26-50.md
003-001-006,,003,001,"Buzzer - Indicator, Low Air Pressure | 053-007-04",VMRS_HB_COMPLETE_v20 page 5_pages_26-50.md
044-012-042,,044,012,"Buzzer - Leak Detection, Fuel, Gaseous | 053-007-03",VMRS_HB_COMPLETE_v20 page 5_pages_26-50.md
032-001-037,,032,001,Buzzer - Low Voltage Disconnect | 151-001-04,VMRS_HB_COMPLETE_v20 page 5_pages_26-50.md
174-013-041,,174,013,Buzzer - Rear Emergency Door | 052-012-00,VMRS_HB_COMPLETE_v20 page 5_pages_26-50.md
003-001-161,,003,001,Buzzer - Turn Signal | 063-007-00,VMRS_HB_COMPLETE_v20 page 5_pages_26-50.md
151-001-071,,151,001,"Buzzer - Warning, APU | 051-008-02",VMRS_HB_COMPLETE_v20 page 5_pages_26-50.md
003-001-234,,003,001,"Buzzer - Warning, Propane Tank | 036-001-03",VMRS_HB_COMPLETE_v20 page 5_pages_26-50.md
082-019-043,,082,019,"Buzzer - Warning, Reefer | 036-007-01",VMRS_HB_COMPLETE_v20 page 5_pages_26-50.md
162-005-008,,162,005,Bypass - Control Valve | 036-009-00,VMRS_HB_COMPLETE_v20 page 5_pages_26-50.md
045-012-044,,045,012,"Bypass - Talik Assembly, MowerBypass Line - Engine Oil Cooler | 042-014-00",VMRS_HB_COMPLETE_v20 page 5_pages_26-50.md
013-010-473,,013,010,Bypass Valve - Air Drier | 012 011 00,VMRS_HB_COMPLETE_v20 page 5_pages_26-50.md
065-003-020,,065,003,Bypass Valve - Cooler | 001-003-11,VMRS_HB_COMPLETE_v20 page 5_pages_26-50.md
003-004-045,,003,004,Bypass Valve - Engine Shutdown | 032-001-04,VMRS_HB_COMPLETE_v20 page 5_pages_26-50.md
045-012-006,,045,012,Bypass Valve - Oil Cooler | 055-010-21,VMRS_HB_COMPLETE_v20 page 5_pages_26-50.md
027-029-018,,027,029,Bypass Valve - Oil Cooler Or LubricationBypass Valve - Receiver Tank (MRLI) | 023-001-10,VMRS_HB_COMPLETE_v20 page 5_pages_26-50.md
082-002-067,,082,002,"Bypass Valve - Heceiver Tank, (MRO)Bypass Valve Assembly - Unloader Head | 027-033-10",VMRS_HB_COMPLETE_v20 page 5_pages_26-50.md
053-009-003,,053,009,C-Channel | 032-001-05,VMRS_HB_COMPLETE_v20 page 5_pages_26-50.md
053-007-120,,053,007,C-Clip | 034-004-10,VMRS_HB_COMPLETE_v20 page 5_pages_26-50.md
055-010-189,,055,010,C-Spool Washer | 002-048-11,VMRS_HB_COMPLETE_v20 page 5_pages_26-50.md
002-044-000,,002,044,Cab Pivot Boaring | 174 006 01,VMRS_HB_COMPLETE_v20 page 5_pages_26-50.md
014-004-000,,014,004,Cab & Body Mountings | 032-003-02,VMRS_HB_COMPLETE_v20 page 5_pages_26-50.md
002-011-000,,002,011,Cab Accessories - Interior,VMRS_HB_COMPLETE_v20 page 5_pages_26-50.md
016-015-001,,016,015,Cab Air Suspension | 051-009-02,VMRS_HB_COMPLETE_v20 page 5_pages_26-50.md
002-044-001,,002,044,Cab Assembly - Complete | 034-004-36,VMRS_HB_COMPLETE_v20 page 5_pages_26-50.md
002-015-089,,002,015,Cab Assembly - Rear | 031-005-00,VMRS_HB_COMPLETE_v20 page 5_pages_26-50.md
002-044-002,,002,044,ous Assembly - Gerrice Oab | 001-000-00,VMRS_HB_COMPLETE_v20 page 5_pages_26-50.md
,015-048,015,048,2- | Cab Assembly - Side,VMRS_HB_COMPLETE_v20 page 5_pages_26-50.md
,999-125,999,125,3- | Cab Deodorizer,VMRS_HB_COMPLETE_v20 page 5_pages_26-50.md
,040-000,040,000,2- | Cab Entry Assists,VMRS_HB_COMPLETE_v20 page 5_pages_26-50.md
,039-000,039,000,"2- | Cab Guard Assembly, Headache Rack",VMRS_HB_COMPLETE_v20 page 5_pages_26-50.md
,036-035,036,035,2- | Cab Mount Assembly - Lower,VMRS_HB_COMPLETE_v20 page 5_pages_26-50.md
,018-000,018,000,2- | Cab Or Front Door Mechanism,VMRS_HB_COMPLETE_v20 page 5_pages_26-50.md
,017-000,017,000,2- | Cab Or Front Door Panels,VMRS_HB_COMPLETE_v20 page 5_pages_26-50.md
,001-008,001,008,2- | Cab Protector Assembly- Complete,VMRS_HB_COMPLETE_v20 page 5_pages_26-50.md
,000-000,000,000,"0- | Cab, Climate Control, Instrumentation, &",VMRS_HB_COMPLETE_v20 page 5_pages_26-50.md
,015-000,015,000,6- | Cab/Sleeper Suspension,VMRS_HB_COMPLETE_v20 page 5_pages_26-50.md
,006-000,006,000,1- | Cabinet,VMRS_HB_COMPLETE_v20 page 5_pages_26-50.md
,050-338,050,338,2- | Cabinet - Lower Left,VMRS_HB_COMPLETE_v20 page 5_pages_26-50.md
,050-355,050,355,2- | Cabinet Lower Real,VMRS_HB_COMPLETE_v20 page 5_pages_26-50.md
,050-337,050,337,2-,VMRS_HB_COMPLETE_v20 page 5_pages_26-50.md
,050-540,050,540,2- | Cabinet - Middle Right,VMRS_HB_COMPLETE_v20 page 5_pages_26-50.md
,050-545,050,545,2- | Cabinet - Television,VMRS_HB_COMPLETE_v20 page 5_pages_26-50.md
,050-721,050,721,2- | Cabinet Assembly,VMRS_HB_COMPLETE_v20 page 5_pages_26-50.md
,006-001,006,001,1- | Cabinet Assembly,VMRS_HB_COMPLETE_v20 page 5_pages_26-50.md
,050-326,050,326,2- | Cabinet Assembly - Upper Left,VMRS_HB_COMPLETE_v20 page 5_pages_26-50.md
,050-327,050,327,2- | Cabinet Assembly - Upper Rear,VMRS_HB_COMPLETE_v20 page 5_pages_26-50.md
,050-329,050,329,2- | Cabinet Assembly - Upper Right,VMRS_HB_COMPLETE_v20 page 5_pages_26-50.md
,050-166,050,166,2- | Cabinet Door - Roll-Up,VMRS_HB_COMPLETE_v20 page 5_pages_26-50.md
,020-004,020,004,5- | Cable,VMRS_HB_COMPLETE_v20 page 5_pages_26-50.md
,003-027,003,027,2- | Cable - Shutter Control,VMRS_HB_COMPLETE_v20 page 5_pages_26-50.md
,028-069,028,069,"4- | Cable - A/C Compressor, Bus Body, High",VMRS_HB_COMPLETE_v20 page 5_pages_26-50.md
,011-018,011,018,"3- | Cable - ABS, Colled",VMRS_HB_COMPLETE_v20 page 5_pages_26-50.md
754-007-007,,754,007,"5-011-1 | Cable - ADS, Straight",VMRS_HB_COMPLETE_v20 page 5_pages_26-50.md
,011-030,011,030,5- | Cable - Accelerator Pedal Baising,VMRS_HB_COMPLETE_v20 page 5_pages_26-50.md
,003-008,003,008,"3- | Cable - Accessory, Transceiver",VMRS_HB_COMPLETE_v20 page 5_pages_26-50.md
,003-086,003,086,"3- | Cable - Actuator, Muffler",VMRS_HB_COMPLETE_v20 page 5_pages_26-50.md
,002-084,002,084,"5- | Cable - Actuator, Steering Column",VMRS_HB_COMPLETE_v20 page 5_pages_26-50.md
,027-336,027,336,"2- | Cable - Adjuster, Manual, Lumbar Support",VMRS_HB_COMPLETE_v20 page 5_pages_26-50.md
,018-002,018,002,"3- | Cable - Air Compressor, Electric, High Voltage",VMRS_HB_COMPLETE_v20 page 5_pages_26-50.md
,001-078,001,078,1- | Cable - Air Inlet Door,VMRS_HB_COMPLETE_v20 page 5_pages_26-50.md
,010-376,010,376,3- | Cable - Air Tank Drain Valve,VMRS_HB_COMPLETE_v20 page 5_pages_26-50.md
,009-092,009,092,3- | Cable - Air Unioader,VMRS_HB_COMPLETE_v20 page 5_pages_26-50.md
,007-040,007,040,3- | Cable - Aircraft,VMRS_HB_COMPLETE_v20 page 5_pages_26-50.md
,001-047,001,047,1- | Cable - Alternator APU,VMRS_HB_COMPLETE_v20 page 5_pages_26-50.md
,012-006,012,006,"2- | Cable - Antenna, Cell Phone",VMRS_HB_COMPLETE_v20 page 5_pages_26-50.md
,007-005,007,005,"3- | Cable - Antenna, Digital Audio Receiver",VMRS_HB_COMPLETE_v20 page 5_pages_26-50.md
,006-024,006,024,"3- | Cable - Antenna, Load Tracking, RFID",VMRS_HB_COMPLETE_v20 page 5_pages_26-50.md
,008-023,008,023,"1- | Cable - Antenna, Navigation System, GPS",VMRS_HB_COMPLETE_v20 page 5_pages_26-50.md
,001-038,001,038,"6- | Cable - Antenna, Obstacle Detection System",VMRS_HB_COMPLETE_v20 page 5_pages_26-50.md
,007-011,007,011,"6- | Cable - Antenna, On Board Computer",VMRS_HB_COMPLETE_v20 page 5_pages_26-50.md
,009-003,009,003,"0- | Cable - Antenna, Performance Monitor, Venicle",VMRS_HB_COMPLETE_v20 page 5_pages_26-50.md
,003-007,003,007,"2- | Cable - Antenna, Transceiver",VMRS_HB_COMPLETE_v20 page 5_pages_26-50.md
,014-002,014,002,2- | Electric Vehicle,VMRS_HB_COMPLETE_v20 page 5_pages_26-50.md
,003-119,003,119,"1- | Cable - Battery to Ground, Auxiliary",VMRS_HB_COMPLETE_v20 page 5_pages_26-50.md
,001-044,001,044,"2- | Cable - Battery, Positive, Fused",VMRS_HB_COMPLETE_v20 page 5_pages_26-50.md
,010-217,010,217,"5- | Cable - Battery, Power Unit, Liftgate",VMRS_HB_COMPLETE_v20 page 5_pages_26-50.md
,001-165,001,165,"3- | Cable - Bell Crank, Clutch",VMRS_HB_COMPLETE_v20 page 5_pages_26-50.md
,018-145,018,145,"2- | Cable - Bowden, Door",VMRS_HB_COMPLETE_v20 page 5_pages_26-50.md
,033-100,033,100,7- | Cable - Brake Shift Interlock,VMRS_HB_COMPLETE_v20 page 5_pages_26-50.md
,001-055,001,055,"2- | Cable - Bulk, Battery",VMRS_HB_COMPLETE_v20 page 5_pages_26-50.md
,004-106,004,106,"4- | Cable - Bulk, Lighting",VMRS_HB_COMPLETE_v20 page 5_pages_26-50.md
,040-117,040,117,2- | Cable - Bunk Latch,VMRS_HB_COMPLETE_v20 page 5_pages_26-50.md
,006-012,006,012,4- | Cable - Bus Body Side Push-Out Window,VMRS_HB_COMPLETE_v20 page 5_pages_26-50.md
,003-022,003,022,"2- | Cable - Busbar, Glow Plug",VMRS_HB_COMPLETE_v20 page 5_pages_26-50.md
,001-484,001,484,"1- | Cable - Cabin Coolant Heater, High Voltage.",VMRS_HB_COMPLETE_v20 page 5_pages_26-50.md
,009-022,009,022,1- | Cable - Center Trim Panel,VMRS_HB_COMPLETE_v20 page 5_pages_26-50.md
,004-368,004,368,"4- | Cable - Charging, Liftgate",VMRS_HB_COMPLETE_v20 page 5_pages_26-50.md
,003-017,003,017,"5- | Cable - Charging, Liftgate",VMRS_HB_COMPLETE_v20 page 5_pages_26-50.md
,005-004,005,004,"1- | Caple - Charging, Power Connection",VMRS_HB_COMPLETE_v20 page 5_pages_26-50.md
013-005-021,,013,005,"Brake Chamber Cabb Ensure Chamber 022 001-065 Cabb Caba Caba Expression, Electrical, 110 Volt 022 001-065 Cabb Caba Expression, Electrical, 110 Volt 015 001-028 Cabb Cabb Cabb Expression, Electrical, 110 Volt 015 001-028 Cabb Cabb Cabb Expression, Electrical, 110 Volt 015 001-028 Cabb Cabb Cabb Expression, Electrical, 110 Volt 022 001-065 Cabb Cabb Cabb Cabb Cabb Cabb Cabb Cabb Cabb Cabb Cabb Cabb Cabb Cabb Cabb Cabb Cabb Cabb Cabb Cabb Cabb Cabb Cabb Cabb Cabb Cabb Cabb Cabb Cabb Cabb Cabb Cabb Cabb Cabb Cabb Cabb Cabb Cabb Cabb Cabb Cabb Cabb Cabb Cabb Cabb Cabb Cabb Cabb Cabb 013-010-460 Cable - Chassis Communication Module, Air 051-008-045 Cable - Engine, GPS | 013-010-460 | Cable - Chassis Communication Module, Air | 051-008-045 | Cable - Engine, GPS",VMRS_HB_COMPLETE_v20 page 5_pages_26-50.md
013-003-021,,013,003,"024.004.81 Cabe - Clean Prover, Batery to Engine 035.001.90 Cabe - Clean Prover, Batery to Transmission 022.001.065 Cabe - Clean Prover, Batery to Transmission 036.002.90 Cabe - Clean Prover, Batery to Transmission 035.001.065 Cabe - Clean Prover, Batery to Transmission 036.002.002 Cabe - Clean Prover, Batery to Transmission 035.002.001.065 Cabe - Clean Prover, Batery to Transmission 036.002.002 Cabe - Clean Prover, Batery to Transmission 037.002.003 Cabe - Clean Prover, Batery to Transmission 036.002.003 Cabe - Clean Prover, Batery to Transmission 037.002.003 Cabe - Clean Prover, Batery to Transmission 036.002.004 Cabe - Clean Prover, Batery to Transmission 037.002.003 Cabe - Clean Prover, Batery to Transmission 036.002.004 Cabe - Clean Prover, Batery to Transmission 037.002.003 Cabe - Clean Prover, Batery to Transmission 036.002.004 Cabe - Clean Prover, Batery to Transmission 038.001.012 Cabe - Clean Prover, Batery to Transmission 036.002.003 Cabe - Clean Prover, Batery to Transmission 038.001.012 Cabe - Clean Prover, Batery to Transmission 036.002.003 Cabe - Clean Prover, Batery to Transmission 037.005 Cabe - Clean | | Brake Chamber | | Cable - Equalizer To Wheels",VMRS_HB_COMPLETE_v20 page 5_pages_26-50.md
034-004-381,,034,004,"0.82-001-002 Cable - Cabler Argent No Engine 0.83-001-309 Cable - Cabler Argent No Engine 0.15-001-003 Cable - Cabler Argent No Engine 0.93-002-309 Cable - Cabler Argent No Engine 0.15-001-003 Cable - Cabler Argent No Engine 0.93-002-309 Cable - Cabler Argent No Engine 0.22-001-066 Cable - Cabler Argent No Engine 0.93-002-309 Cable - Cabler Argent No Engine 0.22-001-066 Cable - Cabler Argent No Engine 0.93-002-309 Cable - Cabler Argent No Engine 0.22-001-062 Cable - Cabler Argent No Engine 0.93-002-309 Cable - Cabler Argent No Engine 0.22-001-102 Cable - Cabler Argent No Engine 0.93-002-309 Cable - Cabler Argent No Engine 0.22-001-102 Cable - Cabler Argent No Engine 0.93-002-309 Cable - Cabler Argent No Engine 0.22-001-102 Cable - Cabler Argent No Engine 0.93-002-309 Cable - Cabler Argent No Engine 0.22-001-102 Cable - Cabler Argent No Engine 0.93-002-300 Cable - Cabler Argent No Engine 0.22-001-102 Cable - Cabrer Argent No Engine 0.93-002-003 Cable - Cabrer Argent No Engine 0.22-001-102 Cable - Cabrer Argent No Engine < | | Cable - Clean Power, Battery to Cab | 051-008-036 | Cable - Ethernet, GPS",VMRS_HB_COMPLETE_v20 page 5_pages_26-50.md
032-001-065,,032,001,"02 201.066 Cable - Clan Power Battery to Transmission 036 002.002 Cable - Fork J. Wurnilator Door 017.00.068 Cable - Coaxi, Antenna, Tie Pressure Monitoring 074.002.03 Cable - Coaxi, Antenna, Cable - Gouring Cable - Gouring Cable - Gouring Cable - Coaxi, Antenna, Cable - Coaxi, Antenna, Cable - Coaxi, Antenna, Cable - Coaxi, Antenna, Cable - Coaxi, Antenna, Cable - Coaxi, Antenna, Cable - Coaxi, Antenna, Cable - Coaxi, Antenna, Cable - Coaxi, Antenna, Cable - Coaxi, Antenna, Cable - Coaxi, Cable - Coaxi, Antenna, Cable - Coaxi, Cable - Coaxi, Antenna, Cable - Coaxi, Cable - Coaxi, Cable - Coaxi, Cable - Coaxi, Cable - Coaxi, Cable - Coaxi, Cable - Coaxi, Cable - Coaxi, Cable - Coaxi, Cable - Coaxi, Cable - Coaxi, Cable - Coaxi, Cable - Coaxi, Cable - Coaxi, Cable - Coaxi, Cable - Coaxi, Cable - Coaxi, Cable - Coaxi, Cable - Coaxi, Cable - Coaxi, Cable - Coaxi, Cable - Coaxi, Cable - Coaxi, Cable - Coaxi, Cable - Coaxi, Cable - Coaxi, Cable - Coaxi, Cable - Coaxi, Cable - Coaxi, Cable - Coaxi, Cable - Coaxi, Cable - Coaxi, Cable - Coaxi, Cable - Coaxi, Cable - Coaxi, Cable - Coaxi, Cable - Coaxi, Cable - Coaxi, Cable - Coaxi, Cable - Coaxi, Cable - Coaxi, Cable - Coaxi, Cable - Coaxi, Cable - Coaxi, Cable - Coaxi, Cable - Coaxi, Cable - Coaxi, Cable - Coaxi, Cable - Coaxi, Cable - Coaxi, Cable - Coaxi, Cable - Coaxi, Cable - Coaxi, Cable - Coaxi, Cable - Coaxi, Cable - Coaxi, Cable - Coaxi, Cable - Coaxi, Cable - Coaxi, Cable - Coaxi, Cable - Coaxi, Cable - Coaxi, Cable - Coaxi, Cable - Coaxi, Cable - Coaxi, Cable - Coaxi, Cable - Coaxi, Cable - Coaxi, Cable - Coaxi, Cable - Coaxi, Cable - Coaxi, Cable - Coaxi, Cable - Coaxi, Cable - Coaxi, Cable - Coaxi, Cable - Coaxi, Cable - Coaxi, Cable - Coaxi, Cable - Coaxi, Cable - Coaxi, Cable - Coaxi, Cable - Coaxi, Cable - Coaxi, Cable - Coaxi, Cable - Coaxi, Cable - Coaxi, Cable - Coaxi, Cable - Coaxi, Cable - | | Caple - Clean Power, Battery to Engine | 034-004-359 | Cable - Extension, Electrical, 110 Volt",VMRS_HB_COMPLETE_v20 page 5_pages_26-50.md
015-011-038,,015,011,Cable - Clurch Pedal Raising 001 002 008 Cable - Caresh Air Ventilator Door 022 030 015 Cable - Caresh Air Ventilator 036 002 008 Cable - Caresh Air Ventilator 022 030 015 Cable - Caresh Air Ventilator 036 002 008 Cable - Caresh Air Ventilator 022 030 015 Cable - Caresh Air Ventilator 031 002 017 Cable - Caresh Air Ventilator 023 030 015 Cable - Caresh Air Ventilator 031 002 017 Cable - Caresh Air Ventilator 024 011 023 Cable - Caresh Air Ventilator 031 002 017 Cable - Caresh Air Ventilator 024 011 023 Cable - Caresh Air Ventilator 031 002 017 Cable - Caresh Air Ventilator 024 011 023 Cable - Caresh Air Ventilator 031 002 017 Cable - Caresh Air Ventilator 025 011 030 014 Cable - Caresh Air Ventilator 031 002 017 Cable - Caresh Air Ventilator 024 011 032 Cable - Caresh Air Ventilator 031 002 017 Cable - Caresh Air Ventilator 037 011 032 016 Cable - Caresh Air Ventilator 031 002 017 Cable - Caresh Air Ventilator 037 045 03 Cable - Caresh Air Ventilator 031 002 017 Cable - Caresh Air Ventila | 032-001-066 | Cable - Clean Power Battery to Transmission | 036-002-002 | Cable - Flash Adapter,VMRS_HB_COMPLETE_v20 page 5_pages_26-50.md
038-002-009,,038,002,"System Cable - Convertion Cable - Convertion 052:005-016 Cable - Convertion Cable - Convertion Cable - Convertion 072:009-25 Cable - Convertion Cable - Convertion Cable - Convertion 072:009-26 Cable - Convertion Cable - Convertion Cable - Convertion 074:011-028 Cable - Convertion Cable - Convertion Cable - Convertion 074:011-028 Cable - Convertion Cable - Convertion Cable - Convertion 074:011-028 Cable - Convertion Cable - Convertion Cable - Convertion 074:011-028 Cable - Convertion Cable - Convertion Cable - Convertion 074:011-01 Cable - Convertion Cable - Convertion Cable - Convertion 074:011-01 Cable - Convertion Cable - Convertion Cable - Convertion 074:011-01 Cable - Convertion Cable - Convertion Cable - Convertion 074:029:0101 Cable - Convertion Cable - Convertion Cable - Convertion 074:029:011 Cable - Convertion Cable - Convertion Cable - Convertion 074:029:011 | 017-009-088 | Cable - Coax, Antenna, Tire Pressure Monitoring | 079-002-003 | Cable - Generic",VMRS_HB_COMPLETE_v20 page 5_pages_26-50.md
036-002-009,,036,002,"052/003015 Cable - Coavaia, Antenna, CB Ando 032/0030244 Cable - Coavaia, Antenna, CB Ando 072/009-025 Cable - Coavaia, Antenna, CB Ando 044:003.200 Cable - Coavaia, Antenna, CB Ando 072/009-025 Cable - Coavaia, Antenna, CB Ando Cable - Coavaia, Antenna, CB Ando Cable - Coavaia, Antenna, CB Ando 072/009-025 Cable - Control, Auxiliary Heater 15:100.005 Cable - Control, Stepper Mounting 072/009-026 Cable - Control, Dava Yanaki Lock 153:002.014 Cable - Control, Gabra Yanaki Lock 05:004-016 Cable - Control, Hydraulic Pump Cable - Control, Gabra Yanaki Lock 153:002.014 Cable - Control, Gabra Yanaki Lock 05:004-016 Cable - Control, Pytraulic Pump Cable - Control, Cable - Control, Cable - Control, Cable - Control, Cable - Control, Cable - Control, Cable - Control, Cable - Control, Cable - Control, Cable - Control, Cable - Cable - Control, Cable - Cable - Cable - Control, Cable - Cable - Cable - Cable - Cable - Cable - Cable - Cable - Cable - Cable - Cable - Cable - Cable - Cable - Cable - Cable - Cable - Cable - Cable - Cable - Cable - Cable - Cable - Cable - Cable - Cable - Cable - Cable - Cable - Cable - Cable - Cable - Cable - Cable - Cable - Cable - Cable - Cable - Cable - Cable - Cable - Cable - Cable - Cable - Cable - Cable - Cable - Cable - Cable - Cable - Cable - Cable - Cable - Cable - Cable - Cable - Cable - Cable - Cable - Cable - Cable - Cable - Cable - Cable - Cable - Cable - Cable - Cable - Cable - Cable - Cable - Cable | | System | | Cable - Generic, Lane Departure",VMRS_HB_COMPLETE_v20 page 5_pages_26-50.md
052-003-015,,052,003,"052/050-116 Cable - Covernor Cable - Covernor 072/050-26 Cable - Covernor Cable - Covernor 072/050-26 Cable - Covernor Cable - Covernor 072/050-26 Cable - Covernor Cable - Covernor 072/050-26 Cable - Covernor Cable - Covernor 072/050-26 Cable - Covernor Cable - Covernor 072/050-26 Cable - Covernor Cable - Covernor 072/050-26 Cable - Covernor Cable - Covernor 072/050-26 Cable - Covernor Cable - Covernor 072/050-26 Cable - Covernor Cable - Covernor 072/050-26 Cable - Covernor Cable - Covernor 072/050-26 Cable - Covernor Cable - Covernor 072/050-26 Cable - Covernor Cable - Covernor 072/050-26 Cable - Covernor Cable - Covernor 072/050-26 Cable - Covernor Cable - Covernor 072/050-26 Cable - Covernor Cable - Covernor 072/050-26 Cable - Covernor Cable - Covernor 072/050-26 Cable - Covernor Cable | | Cable - Coaxial, Antenna | 032-003-024 | Cable - Glow Plug",VMRS_HB_COMPLETE_v20 page 5_pages_26-50.md
072-009-025,,072,009,"Cable - Control, Auxiliary Heater 151-006-005 Cable - Gound, Stepper Supension 026-011-028 Cable - Control, Auxiliary Heater 151-006-005 Cable - Gound, Stepper Mounting 174-026-032 Cable - Control, Bus Passenger Heater 153-002-017 Cable - Gound, Stepper Mounting 174-026-032 Cable - Control, Murdiary Heater 153-002-017 Cable - Gound, Stepper Mounting 174-026-032 Cable - Control, Mydaule Puene 025-006-173 Cable - Control, Stepper Mounting 050-00-075 Cable - Control, Mydaule Puene 025-006-173 Cable - Control, Stepper Mounting 026-00-075 Cable - Control, Mydaule Puene 025-006-173 Cable - Control, Cable - Control, Cable - Control, Cable - Cable - Heater Control 022-060-00 Cable - Control, Cable - Control, Cable - Control, Cable - Cable - Heater Control Cable - Cable - Cable - Cable - Cable - Heater Control 02-02-050-00 Cable - Cable - Cable - Cable - Cable - Cable - Cable - Cable - Cable - Cable - Cable - Cable - Cable - Cable - Cable - Cable - Cable - Cable - Cable - Cable - Cable - Cable - Cable - Cable - Cable - Cable - Cable - Cable - Cable - Cable - Cable - Cable - Cable - Cable - Cable - Cable - Cable - Cable - Cable - Cable - Cable - Cable - Cable - Cable - Cable - Cable - Cable - Cable - Cable - Cable - Cable - Cable - Cable - Cable - Cable - Cable - Cable - Cable - Cable - Cable - Cable - C | 052-005-016 | Cable - Coaxial, Antenna, CB Radio | 044-003-209 | Cable - Governor",VMRS_HB_COMPLETE_v20 page 5_pages_26-50.md
001-002-044,,001,002,"Cable - Control, Auxiliary Heater 101-002-005 Cable - Control, Subvarial Lock 153-002-004 Cable - Control, Subvarial Lock Cable - Control, Subvarial Lock Cable - Control, Subvarial Lock Cable - Control, Cable - Control, Cable - Control, Cable - Control, Cable - Control, Cable - Control, Cable - Control, Cable - Control, Cable - Control, Cable - Control, Cable - Control, Cable - Control, Cable - Control, Cable - Control, Cable - Control, Cable - Control, Cable - Control, Cable - Control, Cable - Control, Cable - Control, Cable - Control, Cable - Control, Cable - Control, Cable - Control, Cable - Control, Cable - Control, Cable - Control, Cable - Control, Cable - Control, Cable - Control, Cable - Control, Cable - Control, Cable - Control, Cable - Control, Cable - Control, Cable - Control, Cable - Cable - Control, Cable - Cable - Control, Cable - Cable - Cable - Cable - Cable - Cable - Cable - Cable - Cable - Cable - Cable - Cable - Cable - Cable - Cable - Cable - Cable - Cable - Cable - Cable - Cable - Cable - Cable - Cable - Cable - Cable - Cable - Cable - Cable - Cable - Cable - Cable - Cable - Cable - Cable - Cable - Cable - Cable - Cable - Cable - Cable - Cable - Cable - Cable - Cable - Cable - Cable - Cable - Cable - Cable - Cable - Cable - Cable - Cable - Cable - Cable - Cable - Cable - Cable - Cable - Cable - Cable - Cable - Cable - Cable - Cable - Cable - Cable - Cable - Cable - Cable - Cable - Cable - Cable - Cable - Cable - Cable - Cable - Cable - Cable - Cable - Cable - Cable - Cable - Cable - Cable - Cable - Cable - Cable - Cable - Cable - Cable - Cable - Cable - Cable - Cable - Cable - Cable - Cable - Cable - Cable - Cable - Cable - Cable - Cable - Cable - Cable - Cable - Cable - Cable - Cable - Cable - Cable - Cable - Cable - Cable - Cable - Cable - Cable - Cable - Cable - Cable - Cable - Cable - Cable - Cable - Cable - Cable - Cab | 026-011-028 | Cable - Control | 031-002-017 | Cable - Ground, Equalizer, Battery Charge",VMRS_HB_COMPLETE_v20 page 5_pages_26-50.md
174-222-002,,174,222,"Cable - Control, Hydraulic Pump 022-01-02 Cable - Control, Hydraulic Pump 022-01-02 Cable - Control, Hydraulic Pump 022-01-02 Cable - Control, Hydraulic Pump 022-01-02 Cable - Control, Hydraulic Pump 022-01-02 Cable - Control, Hydraulic Pump 022-01-02 Cable - Control, Hydraulic Pump 022-01-02 Cable - Control, Cable - Control, Cable - Control, Pump 022-01-02 Cable - Control, Cable - Control, Cable - Control, Pump 022-01-02 Cable - Control, Cable - Control, Cable - Control, Pump 022-01-02 Cable - Control, Cable - Control, Pump 022-01-02 Cable - Control, Pump 022-01-02 Cable - Control, Pump 022-01-02 Cable - Cable - Cable - Cable - Cable - Cable - Cable - Cable - Cable - Cable - Cable - Cable - Cable - Cable - Cable - Cable - Cable - Cable - Cable - Cable - Cable - Cable - Cable - Cable - Cable - Cable - Cable - Cable - Cable - Cable - Cable - Cable - Cable - Cable - Cable - Cable - Cable - Cable - Cable - Cable - Cable - Cable - Cable - Cable - Cable - Cable - Cable - Cable - Cable - Cable - Cable - Cable - Cable - Cable - Cable - Cable - Cable - Cable - Cable - Cable - Cable - Cable - Cable - Cable - Cable - Cable - Cable - Cable - Cable - Cable - Cable - Cable - Cable - Cable - Cable - Cable - Cable - Cable - Cable - Cable - Cable - Cable - Cable - Cable - Cable - Cable - Cable - Cable - Cable - Cable - Cable - Cable - Cable - Cable - Cable - Cable - Cable - Cable - Cable - Cable - Cable - Cable - Cable - Cable - Cable - Cable - Cable - Cable - Cable - Cable - Cable - Cable - Cable - Cable - Cable - Cable - Cable - Cable - Cab | 174 006 020 | Cable - Control, Auxiliary Heater | 151-006-005 | Cable - Ground, Inverter, APU",VMRS_HB_COMPLETE_v20 page 5_pages_26-50.md
002-016-017,,002,016,"055.004-016 Cable - Control, Hydraulic Pump Cable - Garbale - Arround, Taligate 055.004-016 Cable - Control 033-006-173 Cable - Harness 056.001-017 Cable - Control 033-006-173 Cable - Harness 022-060-004 Cable - Control 033-006-173 Cable - Harness 022-060-004 Cable - Control 033-007-085 Cable - Harler Control 033-007-085 Cable - Controls 001-002-230 Cable - Haler Control 033-007-085 Cable - Controls 001-002-230 Cable - High Voltage Clack Cable - High Voltage Clack 022-026-004 Cable - Control Unit 039-001-002 Cable - High Voltage Clack Cable - High Voltage Clack 033-007-085 Cable - Control Unit 039-001-002 Cable - Hold Release 03-001-002 034-014-017 Cable - Data, Fuel Meter 07-003-037 Cable - Hold Release 03-001-02 038-002-005 Cable - Data, Fuel Meter 07-003-037 Cable - Hold Release 03-001-03 038-003-005 Cable - Data, Fuel Meter 07-003-037 Cable - Norozontal, Relack Cable - Hold Release 174-020-032 Cable - Control, Bus Vandal Lock 153-002-004 Cable - Ground, Stetionary Generator | 174-020-032 | Cable - Control, Bus Vandal Lock | 153-002-004 | Cable - Ground, Stetionary Generator",VMRS_HB_COMPLETE_v20 page 5_pages_26-50.md
174-011-071,,174,011,"Cable - Control, Outward Opening Entrance 482-015-001 Cable - Grounding 056-001-017 Cable - Control, PTO 001-002-037 Cable - Heater Control 057-005-002 Cable - Controls 001-002-035 Cable - Heater Control 053-007-005 Cable - Controls 001-002-035 Cable - Heater Control 053-007-085 Cable - Controls 001-002-035 Cable - Heater Control 053-007-085 Cable - Control, PTO 001-002-035 Cable - Heater Control 053-007-085 Cable - Control, PTO 001-002-035 Cable - Control Unit Cable - Control Unit Cable - Control Unit 002-004-017 Cable - Control Unit 002-004-017 Cable - Hood Felease 036-010-02 Cable - Detroster Door 072-001-014 Cable - Hood Felease 002-004-152 Cable - Hood Felease 036-010-02 Cable - Detroster Door 072-001-014 Cable - Hood Felease 02-004-152 Cable - Hood Felease 036-007-005 Cable - Detroster Door 072-001-014 Cable - Hood Felease 07-003-027 Cable - Hood Felease 07-003-027 Cable - Hood Felease 07-003-027 | 055-004-016 | Cable - Control, Bus validat Lock | 002-016-017 | Cable - Ground, Clailgate",VMRS_HB_COMPLETE_v20 page 5_pages_26-50.md
053-006-173,,053,006,"Door Release Actuator Cable - Hamess 6 056-001-017 Cable - Controls 001-002-149 Cable - Control 052-060-040 Cable - Controls 001-002-149 Cable - Controls 052-060-041 Cable - Controls 001-002-149 Cable - Control 052-060-042 Cable - Controls 001-002-149 Cable - Controls 052-060-043 Cable - Control Unit 033-001-029 Cable - Control Unit Cable - Control Unit 071-026-013 Cable - Control Unit 033-001-029 Cable - Control Unit Cable - Control Unit 071-026-013 Cable - Control Unit Cable - Control Unit Cable - Control Unit Cable - Control Unit Cable - Control Unit Cable - Control Unit Cable - Control Unit Cable - Diat Rever Cable - Control Unit Cable - Diat Rever Cable - Control Unit Cable - Diat Rever Cable - Control Unit Cable - Diat Rever Cable - Control Unit Cable - Diat Rever Cable - Control Unit Cable - Diat Rever Cable - Control Unit Cable - Diat Rever Cable - Control Unit Cable - Diat Rever Cable - Diat Rever Cable - Diat Rever Cable - Diat Rever 174-011-071 Cable - Control, Outward Opening Entrance 462-015-001 Cable - Grounding | 174-011-071 | Cable - Control, Outward Opening Entrance | 462-015-001 | Cable - Grounding",VMRS_HB_COMPLETE_v20 page 5_pages_26-50.md
056-001-017,,056,001,"Cable -Centrol, PTO 001-002-037 Cable Cable Cable Cable Controls 002-060-004 Cable -Convertible Top 001-002-035 Cable Cable Cable Cable Cable Cable Cable Cable Cable Cable Cable Cable Cable Cable Cable Cable Cable Cable Cable Cable Cable Cable Cable Cable Cable Cable Cable Cable Cable Cable Cable Cable Cable Cable Cable Cable Cable Cable Cable Cable Cable Cable Cable Cable Cable Cable Cable Cable Cable Cable Cable Cable Cable Cable Cable Cable Cable Cable Cable Cable Cable Cable Cable Cable Cable Cable Cable Cable Cable Cable Cable Cable Cab | | Door Release Actuator | 053-006-173 | Cable - Harness",VMRS_HB_COMPLETE_v20 page 5_pages_26-50.md
367-005-008,,367,005,"Cable Control 022-060-004 Cable Convertible Top 011-002-022 Cable Convertible Top 032-060-004 Cable Convertible Top 011-002-022 Cable Convertible Top 032-060-004 Cable Convertible Top 011-002-022 Cable Convertible Top 033-007-085 Cable Convertible Top 022-004-152 Cable Cable Cable Convertible Top 035-010-010 Cable Convertible Top 022-004-152 Cable Cable Cable Convertible Top 036-014-007 Cable Detroster Top 022-004-152 Cable Cable Cable Cable Convertible Top 02-004-162 Cable Cable Cable Cable Cable Cable Cable Cable Cable Cable Cable Cable Cable Cable Cable Cable Cable Cable Cable Cable Cable Cable Cable Cable Cable Cable Cable Cabl | 056-001-017 | Cable - Control, PTO | 001-002-037 | Cable - Heater Air Inlet Door",VMRS_HB_COMPLETE_v20 page 5_pages_26-50.md
002-060-004,,002,060,"Cable - Convertible Top 001-002-035 Cable - Heat Defroster Door 003-007-005 Cable - Courterbalance 039-001-002 Cable - High Voltage Electric Vehicle 003-007-005 Cable - Courterbalance 039-001-002 Cable - High Voltage Electric Vehicle 003-007-005 Cable - Courterbalance 039-001-020 Cable - Hogt Voltage Electric Vehicle 003-005-004 Cable - Courterbalance 022-004-152 Cable - Hogt Voltage Electric Vehicle 003-005-004 Cable - Data, Driver Risk Management System 002-004-017 Cable - Hogt Voltage Electric Vehicle 003-005-004 Cable - Derover 022-004-102 Cable - Hogt Voltage Electric Vehicle 003-005 Cable - Deroverter, High Voltage, Electric 071-003-037 Cable - Hogt Voltage Electric Vehicle 001-001-08 Cable - Deroverter 025-001-148 Cable - Hogt Voltage Electric Vehicle 001-001-08 Cable - Deroverter 023-001-014 Cable - Hogt Voltage Electric Vehicle 001-001-08 Cable - Derover 023-001-014 Cable - Hogt Voltage Electric Vehicle 001-001-095 Cable - Derover 023-001-014 Cable - Loveltage Electric Vehicle 367-005-008 Cable - Controls 001-002-149 Cable - Heater Control | 367-005-008 | Cable - Controls | 001-002-149 | Cable - Heater Control",VMRS_HB_COMPLETE_v20 page 5_pages_26-50.md
063-007-065,,063,007,"Cable - Copper Wire 048-001-029 Cable - High Voltage Battery, Electric Vehicle 071-026-013 Cable - Counterbalance 039-001-002 Cable - Neinterhalance Cable - Migh Voltage Junction Box, Electric 083-005-003 Cable - Data Power 002-004-152 Cable - Neinterhalance Cable - Neinterhalance 083-005-003 Cable - Data Driver Risk Management System 002-004-17 Cable - Neinterhalance Cable - Neinterhalance 083-003-005 Cable - Data Driver Risk Management System 002-004-17 Cable - Hord Neinterhalance Cable - Neinterhalance 083-003-005 Cable - Data, Fuel Meter 077-003-037 Cable - Neinterhalance Cable - Neinterhalance 083-003-002 Cable - Defroster Door 055-010-207 Cable - Neinterhalance Cable - Neinterhalance 083-003-002 Cable - Defroster Door 059-001-148 Cable - Neinterhalance Cable - Neinterhalance 079-003-002 Cable - Defroster Door 059-001-148 Cable - Neinterhalance Cable - Neinterhalance 079-003-002 Cable - Defroster Door 013-003-001 Cable - Neinterhalance Cable - Neinterhalance 079-003-00 | 002-060-004 | Cable - Convertible Top | 001-002-035 | Cable - Heater Defroster Door",VMRS_HB_COMPLETE_v20 page 5_pages_26-50.md
002-022-039,,002,022,"Cable - Counterbalance 039-001-002 Cable - High Voltage Listeric Vehicle Vehicle Cable - Coursing, Control Unit 039-001-002 Cable - North Charlow 036-014-007 Cable - Derry Risk Management System 002-002-013 Cable - Hody Nutchon Box, Electric 036-014-007 Cable - Derry Risk Management System 002-004-152 Cable - Hody Cable - Hody Cable - Hody Cable - Hody Cable - Hody Cable - Hody Cable - Hody Cable - Hody Cable - Derry Cable - Derry Cable - Derry Cable - Derry Cable - Derry Cable - Derry Cable - Derry Cable - Derry Cable - Derry Cable - Derry Cable - Derry Cable - Derry Cable - Derry Cable - Derry Cable - Noting Pedal Linckage Cable - Cable - Cable - Netry Cable - Noting Pedal Linckage 001-001-098 Cable - Derry Compaction, GPS 023-001-014 Cable - Noting Pedal Linckage 036-007-006 Cable - Derry Compaction, GPS 023-001-014 Cable - Intermediate Lever To Clutch Release 031-003-009 Cable - Derry Hody Compaction, GPS 023-001-014 Cable - Intermediate Cable - Northol Redal Assembly 031-001-004 Cable - Dorry Hody Compaction, GPS 023-001-014 Cable - Intermediate Parking Brake 0414-005-019 Cable - Dorry Hody Cable - Dorry Hody Cable - Northol Redal Assembly Cable - Dorry Cable - Dorry Hody Cable - Dorry Hody Cable - Northol Redal Assembly | 053-007-085 | Cable - Copper Wire | 048-001-029 | Cable - High Voltage (DC/AC), Hybrid",VMRS_HB_COMPLETE_v20 page 5_pages_26-50.md
038-001-002,,038,001,"174-03-01-002 Cable - Dottion Unit Cable - Mora Power 063-005-003 Cable - Data Power 002-004-152 Cable - Hord Stop 083-005-003 Cable - Data Power 002-004-152 Cable - Hord Stop 083-003-005 Cable - Data Driver Risk Management System 002-004-162 Cable - Hord Stop 083-003-005 Cable - Data, Fuel Meter 002-004-17 Cable - Hord Cable - Data (Stake Body) 091-001-010 Cable - Diagnostic, Electronic Stability Control, Unit 074-007-013 Cable - Hord Cable - National (Stake Body) 093-003-002 Cable - Diagnostic, Electronic Stability Control, Unit 044-007-013 Cable - Inching Brake, Forkith Pedal Linkage 083-007-005 Cable - Diagnostic, Electronic Stability Control, Unit 013-003-09 Cable - Inching Brake, Forkith Pedal Assembly 083-007-006 Cable - Diagnostic, Electronic Stability Control, Unit 013-003-09 Cable - Intermediate Lever To Clutch Release 001-001-095 Cable - Dotrol 013-003-009 Cable - Intermediate Lever To Clutch Release 001-003-118 Cable - Door Hold, Battery Compartment 039-004-002 Cable - Intermediate Lever To Clutch Release 002-002-025 Cable - Door Hold, Battery Compartment 039-004-002 | 002-022-039 | Cable - Counterbalance | 039-001-002 | Cable - High Voltage Battery, Electric Vehicle",VMRS_HB_COMPLETE_v20 page 5_pages_26-50.md
002-004-152,,002,004,"0/1-020-013 Cable - Unitan Cable - Hood Stop 063-005-003 Cable - Data, Driver Risk Management System 002-004-152 Cable - Hood Stop 028-003-005 Cable - Data, Fuel Meter 077-003-037 Cable - Hood Stop 028-003-005 Cable - Deroster Door 059-001-148 Cable - Horizontal (Stake Body), Side 079-003-002 Cable - Deroster Door 059-001-148 Cable - Horizontal (Stake Body) 079-003-002 Cable - Deroster Door 059-001-148 Cable - Horizontal (Stake Body) 079-003-002 Cable - Deroster Door 059-001-148 Cable - Horing Brake, Forkfilt Pedal Assembly 051-008-029 Cable - Display, On Board Computer 023-001-014 Cable - Inching Brake, Forkfilt Pedal Assembly 063-005-006 Cable - Door Hord 013-003-099 Cable - Inching Brake, Forkfilt Pedal Assembly 014-005-064 Cable - Door Hord 013-003-099 Cable - Inching Brake, Forkfilt Pedal Assembly 022-022-020 Cable - Door Hord 013-003-099 Cable - Inching Brake, Forkfilt Pedal Assembly 022-022-020 Cable - Door Hord 013-003-099 Cable - Linching Brake, Forkfilt Pedal Assembly 022-020-02 Cable - Door Horde Base, Rear Door 174-033-026 Cable - Covering, Control Unit 038-001-002 Cable - High Voltage Junction Box, Electric | 174-033-026 | Cable - Covering, Control Unit | 038-001-002 | Cable - High Voltage Junction Box, Electric",VMRS_HB_COMPLETE_v20 page 5_pages_26-50.md
294-001-010,,294,001,"Cable - Data, Fuel Meter 071-003-037 Cable - Horizontal (Stake Body) 038-003005 Cable - Defroster Door 055-001-148 Cable - Horizontal, Rear (Stake Body) 0079-003-002 Cable - Defroster Door 055-001-148 Cable - Horizontal, Rear (Stake Body) 011-001-098 Cable - Display Connection, GPS 027-024-107 Cable - Inching Brake, Forklift Pedal Assembly 051-008-029 Cable - Display, On Board Computer 023-001-014 Cable - Inching Brake, Forklift Pedal Linkage 001-001-098 Cable - Dorer Leck 011-003-118 Cable - Inching Brake, Forklift Pedal Linkage 001-001-095 Cable - Dorer Hold, Battery Compartment 039-004-002 Cable - Incremediate, Parking Brake 014-005-064 Cable - Door Hold, Battery Compartment 039-004-002 Cable - Jumper, Auxiliary Battery, Negative 002-002-002 Cable - Door Hold, Battery Compartment 039-004-002 Cable - Jumper, Auxiliary Battery, Negative 002-004-003 Cable - Door Release, Rear Door 001-003-117 Cable - Jumper, Auxiliary Battery, Negative 002-006-084 Cable - Door, Luggage Compartment 063-004-003 Cable - Horizontal, Fuel Motage, Electric Vehicle 002-006-085 Cable - Door, Luggage Compartment | 036-014-007 | Cable - Data Driver Risk Management System | 002-004-017 | Cable - Hood Stop",VMRS_HB_COMPLETE_v20 page 5_pages_26-50.md
038-003-005,,038,003,"Cable - DC/IDC Converter, High Voltage, Electric 072-001-014 Cable - Hydraulic Control 001-001-098 Cable - Derroster Door 058-010-207 Cable - Hydraulic Control 039-003-002 Cable - Diagnostic, Electronic Stability Control, Trailer 072-001-013 Cable - Hydraulic Control 036-007-005 Cable - Display Connection, GPS 027-024-107 Cable - Inching Pedal Linkage 036-007-005 Cable - Door 013-005-019 Cable - Inching Pedal Linkage 001-001-095 Cable - Door 013-005-019 Cable - Inching Pedal Linkage 002-012-05 Cable - Door 013-005-019 Cable - Inching Pedal Linkage 002-012-05 Cable - Door Hold, Battery Compartment 039-004-002 Cable - Inverter, High Voltage, Electric Vehicle 002-020-025 Cable - Door Release, Side Door 01-003-118 Cable - Jumper, Auxiliary Battery, Negative 002-002-025 Cable - Door Lugage Compartment 063-004-003 Cable - Linking Stake, Forking Prake 002-006-058 Cable - Door Lugage Compartment 063-004-003 Cable - Linking Stake 002-006-058 Cable - Door Release, Side Door 039-004-002 Cable - Link | 294-001-010 | Cable - Data, Fuel Meter | 071-003-037 | Cable - Horizontal (Stake Body), Side",VMRS_HB_COMPLETE_v20 page 5_pages_26-50.md
055-010-207,,055,010,"Wehicle Cable - Hydraulic Control 001-001-008 Cable - Dirghay Connection, GPS 027-024-107 Cable - Locking Control 051-008-029 Cable - Display Connection, GPS 027-024-107 Cable - Locking Control 051-008-029 Cable - Display, Connection, GPS 027-024-107 Cable - Locking Control 051-008-029 Cable - Display, Connection, GPS 027-024-107 Cable - Locking Control 051-008-029 Cable - Dor 013-003-099 Cable - Locking Brake, Forking Pedal Linkage 020-010-101 Gable - Door 013-003-099 Cable - Locking Brake, Control 014-005-064 Cable - Door Hold, Battery Compartment 039-004-002 Cable - Locking Brake, Control 002-022-020 Cable - Door Hold, Battery Compartment 063-004-003 Cable - Jumper, Auxiliary Battery, Negative 002-022-020 Cable - Door Lock 001-003-118 Cable - Loweing, Lawer Reserver Complete 002-022-020 Cable - Door Lock 001-003-117 Cable - Loweing, Lawer Reserver, Complete 002-022-020 Cable - Door Release, Side Door 032-001-003 Cable - Loweing, Lawer Boor 002-006-084 038-003-005Cable - DC/DC Converter, High Voltage, Electric072-001-014Cable - Horizontal, Rear (Stake Body) | 038-003-005 | Cable - DC/DC Converter, High Voltage, Electric | 072-001-014 | Cable - Horizontal, Rear (Stake Body)",VMRS_HB_COMPLETE_v20 page 5_pages_26-50.md
059-001-148,,059,001,"0011-01-088 Cable - Defroster Door Cable - Indring Praduit Control, Fifth Wheel 079-003-002 Cable - Diagnostic, Electronic Stability Control, 014-007-019 Cable - Indring Pradu Linkage 061-008-029 Cable - Diagnostic, Electronic Stability Control, 023-001-0148 Cable - Intermediate Lever To Clutch Release 001-005-064 Cable - Diagnostic, Electronic Stability Control, 030-004-002 Cable - Intermediate Lever To Clutch Release 002-018-05-064 Cable - Door 011-005-064 Cable - Door 011-005-064 028-029-028 Cable - Door Lock 001-003-117 Cable - Linermediate Lever To Clutch Release 020-016-016 Cable - Door Helease, Side Door 001-003-118 Cable - Door Lock 001-003-117 022-022-0220 Cable - Door Lock 001-003-117 Cable - LoverBater, Negative 002-005-064 022-008-032 Cable - Door Lock 001-003-117 Cable - Jumper, Auxiling Pattery, Negative 002-005-064 022-008-044 Cable - Door Lock 002-005-07 Cable - Leveling, Lower Boor 002-005-07 022-008-044 Cable - Door Lock 020-06-08 Cable - Linermediate, Forking Prake 020-06-08 022-005-054 Cable - | | Vehicle | 055-010-207 | Cable - Hydraulic Control",VMRS_HB_COMPLETE_v20 page 5_pages_26-50.md
079-003-002,,079,003,"Cable - Diagnostic, Electronic Stability Control,Trailer 044-007-013 Cable - Intermediate Lever To Clutch ReleaseFork 036-007-006 Cable - Display, Consection, GPS 027-024-107 Cable - Intermediate Lever To Clutch ReleaseFork 036-007-006 Cable - Display, Consection, GPS 027-003-099 Cable - Intermediate, Parking Brake, Porklift Pedal Assembly 014-005-046 Cable - Door Hold, Battery Compartment 039-004-002 Cable - Intermediate, Parking Brake 014-005-046 Cable - Door Hold, Battery Compartment 039-004-002 Cable - Jumper, Auxiliary Battery, Negative 002-022-020 Cable - Door Release, Side Door 031-005-099 Cable - Jumpstari, Battery 002-020-025 Cable - Door Release, Side Door 032-001-051 Cable - Jumper, Auxiliary Battery, Negative 002-020-026 Cable - Door, Luggage Compartment 063-003-009 Cable - Keyboard To Transceiver 002-006-084 Cable - Door, Luggage Compartment 063-004-003 Cable - Lintransceiver, Complete 002-006-084 Cable - Duity, Retractable Roof Panel 063-003-002 Cable - Lintransceiver 002-006-084 Cable - Duity, Battactable Roof Panel 063-003-002 Cable - Lintransceiver, Complete 002-006-084 Cable - Dual Modem Connection, GPS 462-011-002 Cable - Leveling, Luyper, Lower Boorn 002-006-114 | 001-001-098 | Cable - Defroster Door | 059-001-148 | Cable - Hydraulic Control, Fifth Wheel",VMRS_HB_COMPLETE_v20 page 5_pages_26-50.md
013-005-019,,013,005,"Trailer Cable Intermediate Intermediate 036-007-006 Cable - Display. Con Board Computer 023-001-014 Cable Cable Cable Cable Cable Cable Cable Cable Cable Cable Cable Cable Cable Cable Cable Cable Cable Cable Cable Cable Cable Cable Cable Cable Cable Cable Cable Cable Cable Cable Cable Cable Cable Cable Cable Cable Cable Cable Cable Cable Cable Cable Cable Cable Cable Cable Cable Cable Cable Cable Cable Cable Cable Cable Cable Cable Cable Cable Cable Cable Cable Cable Cable Cable Cable Cable Cable Cable Cable Cable Cable Cable Cable Cable Cable Cable Cable 079-003-002 Cable - Diagnostic, Electronic Stability Control, 044-007-013 Cable - Idler Control | 079-003-002 | Cable - Diagnostic, Electronic Stability Control, | 044-007-013 | Cable - Idler Control",VMRS_HB_COMPLETE_v20 page 5_pages_26-50.md
001-009-029,,001,009,"Cable - Display Connection, GPS 022-012-107 Cable - Intermediate Lever To Clutch ReleaseFork 036-007-005 Cable - Door 013-003-002 Cable - Door Cable - Door 022-021-024 Cable - Door Hold, Battery Compartment 039-004-002 Cable - Intermediate Lever To Clutch Release 002-018-196 Cable - Door Hold, Battery Compartment 039-004-002 Cable - Intermediate, Parking Brake 002-022-025 Cable - Door Release, Rear Door 001-003-118 Cable - Door Lugage Compartment 063-004-002 002-002-025 Cable - Door, Lugage Compartment 063-004-002 Cable - Keyboart To Transceiver, Complete 002-008-064 Cable - Door, Lugage Compartment 063-003-009 Cable - Leveling, Lower Boor 002-008-064 Cable - Door, Lugage Compartment 063-003-002 Cable - Leveling, Lower Boor 002-006-068 Cable - Daid Modern Connection, GPS 462-006-002 Cable - Leveling, Lower Boor 003-003-002 Cable - Electrical, Sternal Power 074-007-002 Cable - Leveling, Lower Boor 033-003-002 Cable - Electrical, XBS, 7 Way Truck/Traier 002-016-037 Cable - Leveling, Lower Boor 034-003-4423 | 054 000 000 | Trailer | 013-005-019 | Cable - Inching Brake, Forklift Pedal Assembly",VMRS_HB_COMPLETE_v20 page 5_pages_26-50.md
039-004-002,,039,004,"Observersion Output Prevention Output Prevention Observersion Cable - Diverter Door Cable - Door Holdare Lever 10 Child Helease Oli-001-095 Cable - Door Hold, Battery Compartment Cable - Intermediate, Parking Brake Oli-001-095 Cable - Door Holds, Side - Door Holds, Side - Door Release, Side Door 001-003-118 Cable - Jumper, Auxiliary Battery, Negative O02-0022-020 Cable - Door Release, Side Door 001-003-117 Cable - Dor Release, Side Door 001-003-015 O02-008-054 Cable - Door, Lock 001-001-035 Cable - Leveling, Uprestri, Battery Costle - Leveling, Uprestri, Battery O02-006-068 Cable - Door, Lock Cable - Door, Lock Cable - Leveling, Uprestri, Battery O02-006-068 Cable - Door, Lock Observersite Cable - Leveling, Uprestri, Complete O02-006-068 Cable - Door, Lock Cable - Leveling, Uprestri, Complete Observersite O02-006-068 Cable - Dive, Retractable Roof Panel 063-003-002 Cable - Leveling, Uprestrick Cable - Leveling, Uprestrick O02-006-068 Cable - Dive, Surnoof Observersite Cable - Leveling, Uprest, Lower Boom Cable - Leveling, Uprestrick | 051-008-029 | Cable - Display Connection, GPS | 027-024-107 | Cable - Inching Pedal Linkage",VMRS_HB_COMPLETE_v20 page 5_pages_26-50.md
014-005-064,,014,005,"On Forme Orthological Cable Door Cable - Door Cable - Inverter, High Voltage, Electric Vehicle 022-022-025 Cable - Door Lock Oli -003-117 Cable - Jumper, Auxiliary Battery, Negative 002-002-025 Cable - Door Lock Oli -003-117 Cable - Jumper, Auxiliary Battery, Negative 002-002-025 Cable - Door Lock Oli -003-117 Cable - Inverter, High Voltage, Electric Vehicle 002-002-025 Cable - Door Locgage Compartment 063-003-009 Cable - Kit, Transceiver 002-006-068 Cable - Drive, Retractable Roof Panel 063-003-009 Cable - Leveling, Lower Boorn 002-006-064 Cable - Dive, Retractable Roof Panel 063-003-009 Cable - Leveling, Lower Boorn 002-006-064 Cable - Dive, Retractable Roof Panel 063-003-009 Cable - Leveling, Lower Boorn 002-006-074 Cable - Electric Drive Motor, High Voltage, 462-011-002 Cable - Leveling, Lower Boorn Cable - Liveling, Lower Boorn 003-002-02 Cable - Electrical Vany, Taigate 002-016-037 Cable - Loveling, Lower Boorn 003-017-007 Cable - Electrical, ABS, 7 Way Truck/Trailer 002-016-037 Cable - Lowoltage, H | 030-007-000 | Cable - Display, On Board Computer | 023-001-014 | Cable - Intermediate Lever To Clutch Release",VMRS_HB_COMPLETE_v20 page 5_pages_26-50.md
039-003-002,,039,003,"Cable - Door Hold, Battery Compartment Cable - Jumper, Auxiliary Battery, Negative 002-022-025 Cable - Door Helease, Rear Door 001-003-118 Cable - Jumper, Auxiliary Battery, Negative 002-022-025 Cable - Door Release, Side Door 032-001-051 Cable - Jumper, Auxiliary Battery, Negative 002-022-025 Cable - Door Release, Side Door 032-001-051 Cable - Jumper, Auxiliary Battery, Negative 002-002-025 Cable - Door Release, Side Door 032-001-051 Cable - Latch, Baggage Door 002-008-064 Cable - Door, Release, Side Door 003-003-009 Cable - Keyboard To Transceiver 002-006-068 Cable - Drive, Retractable Roof Panel 063-003-009 Cable - Leveling, Lower Boom 002-006-064 Cable - Drive, Netractable Roof Panel 063-003-001 Cable - Leveling, Upper, Lower Boom 002-007 Cable - Electrical 055-003-017 Cable - Leveling, Upper, Lower Boom Cable - Lock Ratigate 002-016-015 Cable - Electrical, Ratigrate 002-020-077 Cable - Lift Assist, Luggage Door Cable - Lift Assist, Luggage Door 034-004-452 Cable - Electrical, Alst, Transcriver Boom Leveling Cable - Lift Assist, Luggage Door Cable - Lif | 082-029-028 | Cable - Door | 013-003-099 | Cable - Intermediate, Parking Brake",VMRS_HB_COMPLETE_v20 page 5_pages_26-50.md
002-018-196,,002,018,"Cable - Door Lock 001-003-118 Cable - Jumper, Auxiliary Battery, Negative 002-022-020 Cable - Door Release, Rear Door 001-003-118 Cable - Jumper, Auxiliary Battery, Positive 002-008-054 Cable - Door Release, Side Door 032-001-051 Cable - Latch, Baggage Door 002-008-054 Cable - Drive, Retractable Roof Panel 063-003-009 Cable - Latch, Baggage Door 002-008-054 Cable - Drive, Sunroof 002-005-060 Cable - Latch, Baggage Door 002-006-068 Cable - Drive, Sunroof 002-050-07 Cable - Leveling, Upper, Lower Boorn 002-006-114 Cable - Drive, Motor, High Voltage, 462-011-002 Cable - Leveling, Upper, Lower Boorn 003-003-002 Cable - Electrical 075-003-010 Cable - Lint Assist, Luggage Door Cable - Lint Assist, Luggage Door 053-017-007 Cable - Electrical, External Power 174-017-037 Cable - Lint Assist, Luggage Door 053-017-057 Cable - Electrical, ABS, 7 Way Truck/Trailer 002-020-077 Cable - Lock Actuator, Sliding Door 032-001-058 Cable - Electrical, Master Disconnect 063-002-001 Cable - Lock Actuator, Sliding Door 034-004-453 Cable - Electrical, Master Disconnect 052-007-032 Ca | 014-005-064 | Cable - Door Hold, Battery Compartment | 039-004-002 | Cable - Inverter, High Voltage, Electric Vehicle",VMRS_HB_COMPLETE_v20 page 5_pages_26-50.md
002-022-020,,002,022,"Cable - Door Release, Side Door 032-001-051 Cable - Jumpstart, Battery 002-002-025 Cable - Door, Liggage Compartment 063-003-009 Cable - Kit, Transceiver 002-008-054 Cable - Durive, Retractable Roof Panel 063-003-009 Cable - Kit, Transceiver, Complete 002-008-068 Cable - Durive, Retractable Roof Panel 063-003-009 Cable - Latch, Baggage Dorn 051-008-040 Cable - Durive, Sunroof 002-056-067 Cable - Lething, Lower Boorn 051-008-040 Cable - Dual Modem Connection, GPS 462-011-002 Cable - Lething, Lower Boorn 053-017-07 Cable - Electrical 055-003-010 Cable - Lething, Lower Boorn 053-017-07 Cable - Electrical 055-003-010 Cable - Lift Assist, Luggage Door 053-017-07 Cable - Electrical 055-003-010 Cable - Lift Assist, Luggage Door 053-017-07 Cable - Electrical 055-003-010 Cable - Lift Assist, Luggage Door 053-017-07 Cable - Electrical 055-003-010 Cable - Lift Assist, Luggage Door 053-017-052 Cable - Electrical, May Tuck/Trailer 002-020-077 Cable - Lock Actuator, Silding Door 034-004-454 Cable - Electrical, Non-ABS, 7 Pin/ < | 002-018-196 | Cable - Door Lock | 001-003-118 | Cable - Jumper, Auxiliary Battery, Negative",VMRS_HB_COMPLETE_v20 page 5_pages_26-50.md
002-020-025,,002,020,"Cable - Door Release, Side Door 032-001-051 Cable - Jumpstart, Battery 002-008-054 Cable - Drive, Retractable Roof Panel 063-003-009 Cable - Kit, Transceiver, Complete 002-006-068 Cable - Drive, Sunroof 002-056-607 Cable - Latch, Baggage Door 051-008-040 Cable - Electric Drive Motor, High Voltage, 462-006-002 Cable - Leveling, Lower Boom 039-003-002 Cable - Electric Drive Motor, High Voltage, 462-011-002 Cable - Leveling, Upper, Lower Boom 039-003-002 Cable - Electrical 055-003-010 Cable - Lirkage, School Bus Stop Arm Assembly 044-002-052 Cable - Electrical, External Power 174-017-037 Cable - Lirkage, School Bus Stop Arm Assembly 042-001-058 Cable - Electrical, X Way Truck/Trailer 002-020-077 Cable - Lock Actuator, Sliding Door 034-004-432 Cable - Electrical, Rattery to Master Disconnect 063-002-016 Cable - Lock Actuator, Sliding Door 034-004-453 Cable - Electrical, Coiled, Non-ABS, 7 Pin/ 362-002-002 Cable - Lock Actuator, Sliding Door 034-003-185 Cable - Electrical, Migh Voltage, Unshielded, Orange 052-005-0102 Cable - Lock Actuator, Sliding Door | 002-022-020 | Cable - Door Release, Rear Door | 001-003-117 | Cable - Jumper, Auxiliary Battery, Positive",VMRS_HB_COMPLETE_v20 page 5_pages_26-50.md
002-008-054,,002,008,"Cable - Door, Luggage Compartment063-004-003Cable - Kit, Transceiver, Complete002-006-068Cable - Drive, Retractable Roof Panel063-003-009Cable - Kit, Transceiver, Complete002-006-068Cable - Dual Modem Connection, GPS462-006-002Cable - Leveling, Lower Boom003-003-002Cable - Electric Drive Motor, High Voltage,Electric Vehicle174-003-038Cable - Leveling, Upper, Lower Boom LevelingCable - Leveling, Upper, Lower Boom LevelingCable - Electrical, 2 Way, Tailgate002-05-003-010Cable - Lift Assist, Luggage Door053-017-007Cable - Electrical, Z Way, Tailgate002-02-077Cable - Lift Assist, Luggage DoorCable - Lift Assist, Luggage Door034-002-052Cable - Electrical, Z Way, Tailgate002-02-016-037Cable - Lift Assist, Luggage Door034-004-432Cable - Electrical, ABS, 7 Way Truck/Trailer002-016-037Cable - Lock Actuator, Sliding Door034-004-432Cable - Electrical, Coiled, Non-ABS, 7 Pin/362-002-001Cable - Lock Actuator, Sliding Door034-004-454Cable - Electrical, Goiled, Non-ABS, 7 Pin/362-002-002Cable - Lock Notator, Bluetooth Protocol, Radio034-004-454Cable - Electrical, High Voltage, Shielded,Orange052-005-010Cable - Microphone ExtensionOf3-007-032Cable - Microphone, Bluetooth Protocol, Radio032-001-057Cable - Electrical, High Voltage, Unshielded,Orange013-007-034Cable - Microphone, Bluetooth, Protocol, Radio032-001-057Cable - Electrical, Master Disconnect Switch toStarter053-006-175Cable - Microphone, Bluetooth, Protocol, R | 002-020-025 | Cable - Door Release, Side Door | 032-001-051 | Cable - Jumpstart, Battery",VMRS_HB_COMPLETE_v20 page 5_pages_26-50.md
002-006-068,,002,006,"Cable - Drive, Retractable Roof Panel 063-003.009 Cable - Kit, Transceiver, Complete 002-006-114 Cable - Drive, Sunroof 002-050-607 Cable - Leveling, Lower Boom 039-003-002 Cable - Electric Drive Motor, High Voltage, 462-011-002 Cable - Leveling, Lower Boom 039-003-002 Cable - Electrical 055-003-010 Cable - Littigate Cable - Littigate 044-002-062 Cable - Electrical, External Power 174-017-037 Cable - Littigate Cable - Lock Actuator, Sliding Door 032-001-058 Cable - Electrical, Z Way, Taigate 002-206-007 Cable - Lock Actuator, Sliding Door 032-001-058 Cable - Electrical, Battery to Master Disconnect 063-002-001 Cable - Lock, Tailgate 032-001-058 Cable - Electrical, Coiled, Non-ABS, 7 Pin/ 362-002-002 Cable - Low Voltage, Hybrid 034-004-454 Cable - Electrical, Coiled, Non-ABS, 7 Pin/ 362-002-002 Cable - Low Voltage, Hybrid 034-004-454 Cable - Electrical, High Voltage, Shielded, Orange 052-003-010 Cable - Mast Guide 034-004-454 Cable - Electrical, High Voltage, Unshielded, Orange 052-003-010 Cable - Microphone, Bluetooth Protocol, Radio 034-001-057 Cable - Electrical, Master | 002-008-054 | Cable - Door, Luggage Compartment | 063-004-003 | Cable - Keyboard To Transceiver",VMRS_HB_COMPLETE_v20 page 5_pages_26-50.md
002-006-114,,002,006,"Cable - Dual Modern Connection, GPS 002-006-07 Cable - Leveling, Lower Boorn 039-003-002 Cable - Dual Modern Connection, GPS 462-006-002 Cable - Leveling, Upper, Lower Boorn 051-008-040 Cable - Electrical 055-007-01 Cable - Lift Assist, Luggage Door 053-017-007 Cable - Electrical 055-003-010 Cable - Lift Assist, Luggage Door 053-017-007 Cable - Electrical, External Power 174-017-037 Cable - Lift Assist, Luggage Door 034-002-062 Cable - Electrical, ABS, 7 Way Truck/Trailer 002-020-077 Cable - Lock, Actuator, Sliding Door 034-004-432 Cable - Electrical, Battery to Master Disconnect 063-002-002 Cable - Loran Antenna 034-004-454 Cable - Electrical, Coiled, Non-ABS, 7 Pin/ 362-002-002 Cable - Mast Guide 034-004-454 Cable - Electrical, Migh Voltage, Shielded, 052-005-010 Cable - Microphone, Bluetooth Protocol, Radio 034-004-454 Cable - Electrical, High Voltage, Unshielded, 013-007-032 Cable - Microphone, Bluetooth Protocol, Radio 034-004-454 Cable - Electrical, Master Disconnect Switch to 151-001-063 Cable - Neisture Ejector, Air Brake 034-004-454 Cable - Electrical, Coiled, Non-ABS, 7 Pin/ 362-002-002 Cable | 002-006-068 | Cable - Drive, Retractable Roof Panel | 063-003-009 | Cable - Kit, Transceiver, Complete",VMRS_HB_COMPLETE_v20 page 5_pages_26-50.md
031-006-040,,031,006,"Cable - Data Modern Connection, GPS 462-011-002 Cable - Leveling, Lower Boorn 039-003-002 Cable - Electric Vehicle 174-003-038 Cable - Lift Assist, Luggage Door 053-017-007 Cable - Electric I 055-003-010 Cable - Lift Assist, Luggage Door 053-017-007 Cable - Electric I 002-016-013 Cable - Lift Assist, Luggage Door 053-017-037 Cable - Electric I 002-016-013 Cable - Linkage, School Bus Stop Arm Assembly 002-016-015 Cable - Electrical, Z Way, Tailgate 002-016-037 Cable - Lock Actuator, Sliding Door 034-004-432 Cable - Electrical, Battery to Master Disconnect 063-002-001 Cable - Lock Actuator, Sliding Door 034-003-185 Cable - Electrical, Coiled, Non-ABS, 7 Pin/ 042-002-002 Cable - Low Voltage, Hybrid 034-003-185 Cable - Electrical, High Voltage, Shielded, Of2-005-010 Cable - Microphone Extension Orange 034-004-454 Cable - Electrical, High Voltage, Unshielded, Orange 052-003-044 Cable - Microphone Extension 034-004-453 Cable - Electrical, Master Disconnect Switch to 151-001-063 Cable - Microphone Extension 07ange 052-003-044 002-006-114 Cable - Drive, Sunroot 002-050-607 Cable - Latch, Baggage Door | 002-006-114 | Cable - Drive, Sunroot | 002-050-607 | Cable - Latch, Baggage Door",VMRS_HB_COMPLETE_v20 page 5_pages_26-50.md
053-017-007,,053,017,"Cost of CostCable - Electric VehicleCost of CostCable - Electrical055-003-010Cable - Lift Assist, Luggage Door053-017-007Cable - Electrical, External Power174-017-037Cable - Lift Assist, Luggage Door022-016-015Cable - Electrical, ZWay, Tailgate002-020-077Cable - Lock Actuator, Sliding Door034-004-432Cable - Electrical, Battery to Master Disconnect063-002-001Cable - Lock, Tailgate034-004-432Cable - Electrical, Coiled, Non-ABS, 7 Pin/362-002-001Cable - Low Voltage, Hybrid034-004-454Cable - Electrical, Master Disconnect055-007-032Cable - Mast Guide034-004-453Cable - Electrical, High Voltage, Shielded,052-005-010Cable - Mast Guide034-004-453Cable - Electrical, High Voltage, Unshielded,013-007-034Cable - Microphone Extension032-001-057Cable - Electrical, Master Disconnect Switch to151-001-063Cable - Microphone, Bluetooth Protocol, Radio032-001-057Cable - Electrical, Master Disconnect Switch to151-001-063Cable - Negative, Battery, APU032-001-059Cable - Electrical, Starter Relay to Starter053-006-175Cable - Orehoard Diagnostic032-001-059Cable - Electrical, Starter Relay to Starter013-003-010Cable - Override, OmniVision Override059-038-011Cable - Electrical, Starter Relay to Starter013-003-012Cable - Override, OmniVision Override072-009-007Cable - Emergency Release, Power Roll-Up013-003-012Cable - Override, OmniVision Override072-009-007 030-003-002 Cable - Dual Modern Connection, GPS 402-000-002 Cable - Leveling, Lower Boom Leveling | 030-003-002 | Cable - Dual Modern Connection, GPS | 402-000-002 | Cable - Leveling, Lower Boom Leveling",VMRS_HB_COMPLETE_v20 page 5_pages_26-50.md
044-002-062,,044,002,"Cable - Electrical, External Power174-017-037Cable - Linkage, School Bus Stop Arm Assembly002-016-015Cable - Electrical, 2 Way, Tailgate002-020-077Cable - Lock, Tailgate002-016-015Cable - Electrical, Battery to Master Disconnect063-002-001Cable - Lock, Tailgate002-010-058Cable - Electrical, Battery to Master Disconnect063-002-001Cable - Lock, Tailgate034-004-454Cable - Electrical, Coiled, Non-ABS, 7 Pin/362-002-002Cable - Low Voltage, Hybrid034-004-454Cable - Electrical, Coiled, Non-ABS, 7 Pin/362-002-002Cable - Main PowerwCords055-007-032Cable - Main PowerCable - Microphone Extension0range052-003-014Cable - Microphone ExtensionCrange034-004-453Cable - Electrical, High Voltage, Unshielded,013-003-078Cable - Microphone, Bluetooth Protocol, Radio034-004-453Cable - Electrical, High Voltage, Unshielded,013-007-034Cable - Microphone, Bluetooth Protocol, Radio032-001-057Cable - Electrical, Karter Relay to Starter013-007-034Cable - Moisture Ejector, Air Brake032-001-059Cable - Electrical, Starter Relay to Starter013-003-012Cable - On-Board Diagnostic032-001-059Cable - Electrical, Starter Relay to Starter013-003-012Cable - Options, Controller020-010-057Cable - Emergency Dampening ProportionalValveUcokCable - Options, Controller032-001-059Cable - Electrical, Starter Relay to Starter013-003-012Cable - Options, Controller032-001 | 053-017-007 | Cable - Electrical | 055-003-010 | Cable - Liftgate",VMRS_HB_COMPLETE_v20 page 5_pages_26-50.md
002-016-015,,002,016,"Cable - Electrical, 2 Way, Tailgate002-020-077Cable - Lock Actuator, Sliding Door034-004-432Cable - Electrical, ABS, 7 Way Truck/Trailer002-016-037Cable - Lock, Tailgate032-001-058Cable - Electrical, Battery to Master Disconnect063-002-001Cable - Loran AntennaSwitch048-001-030Cable - Low Voltage, Hybrid034-004-454Cable - Electrical, Coiled, Non-ABS, 7 Pin/362-002-002Cable - Mair PowerwCords055-007-032Cable - Mair GuideCable - Microphone Extension034-004-453Cable - Electrical, High Voltage, Shielded,Orange052-005-010Cable - Microphone, Bluetooth Protocol, Radio034-004-453Cable - Electrical, High Voltage, Unshielded,Orange013-007-034Cable - Microphone, Bluetooth Protocol, Radio032-001-057Cable - Electrical, Master Disconnect Switch toStarter151-001-063Cable - Negative, Battery, APU032-001-059Cable - Electrical, Starter Relay to StarterValve013-007-034Cable - Options, Controller059-038-011Cable - Emergency Dampening ProportionalValve063-003-010Cable - Override, OmniVision Override072-009-007Cable - Emergency Release, Power Roll-UpDoor013-003-072Cable - Parking Brake Lever013-003-077022-016-018Cable - End, Tailgate027-032-009Cable - Parking Brake, Drive Shaft027-032-009020-015-124Cable - End, Tailgate027-032-009Cable - Parking Brake, Drive Shaft027-015-055020-015-114Cable - End, Tailgate027-032-009Cable - Par | 044-002-062 | Cable - Electrical, External Power | 174-017-037 | Cable - Linkage, School Bus Stop Arm Assembly",VMRS_HB_COMPLETE_v20 page 5_pages_26-50.md
034-004-432,,034,004,"Cable - Electrical, ABS, 7 Way Truck/Trailer002-016-037Cable - Lock, Tailgate032-001-058Cable - Electrical, Battery to Master DisconnectSwitch063-002-001Cable - Low Voltage, Hybrid034-003-185Cable - Electrical, Coiled, Non-ABS, 7 Pin/wCords362-002-002Cable - Main Power034-004-454Cable - Electrical, High Voltage, Shielded,Orange055-007-032Cable - Mast Guide034-004-453Cable - Electrical, High Voltage, Unshielded,Orange013-003-078Cable - Microphone Extension032-001-057Cable - Electrical, Master Disconnect Switch toStarter151-001-063Cable - Moisture Ejector, Air Brake032-001-059Cable - Electrical, Master Disconnect Switch toStarter151-001-063Cable - On-Board Diagnostic032-001-059Cable - Electrical, Starter Relay to StarterSolenoid013-003-010Cable - Options, Controller072-009-007Cable - Emergency Paepae, Power Roll-UpDoor013-003-012Cable - Override, OmniVision Override072-009-007Cable - Emergency Release, Power Roll-UpDoor013-003-012Cable - Parking Brake LeverDoar002-016-018Cable - End, Tailgate027-032-009Cable - Parking Brake, Drive Shaft002-016-018Cable - End, Tailgate027-032-009Cable - Parking Brake, Drive Shaft002-015-124Cable - End, Tailgate027-032-009Cable - Parking Brake, Drive Shaft002-015-114Cable - End, Tailgate027-032-009Cable - Parking Brake, Drive Shaft | 002-016-015 | Cable - Electrical, 2 Way, Tailgate | 002-020-077 | Cable - Lock Actuator, Sliding Door",VMRS_HB_COMPLETE_v20 page 5_pages_26-50.md
032-001-058,,032,001,"Cable - Electrical, Battery to Master Disconnect 063-002-001 Cable - Loran Antenna 034-003-185 Cable - Electrical, Coiled, Non-ABS, 7 Pin/ 362-002-002 Cable - Main Power wCords 055-007-032 Cable - Main Power 034-004-454 Cable - Electrical, High Voltage, Shielded, 052-003-044 Cable - Microphone, Extension 034-004-453 Cable - Electrical, High Voltage, Unshielded, 013-003-078 Cable - Microphone, Bluetooth Protocol, Radio 034-001-057 Cable - Electrical, Master Disconnect Switch to 151-001-063 Cable - Negative, Battery, APU 032-001-057 Cable - Electrical, Starter Relay to Starter 013-007-034 Cable - OneBoard Diagnostic 032-001-059 Cable - Electrical, Starter Relay to Starter 013-001-063 Cable - Outward Opening Entrance Door Vandal 059-038-011 Cable - Emergency Dampening Proportional Lock Valve 063-003-010 Cable - Override, OmniVision Override 072-009-007 Cable - End, Tailgate 027-032-009 Cable - Parking Brake Lever 013-003-012 Cable - Override, OmniVision Override 002-016-018 Cable - End, Tailgate 027-032-009 Cable - Parking Brake Lever 027-032-009 Cable - Parking Brake Lever | 034-004-432 | Cable - Electrical, ABS, 7 Way Truck/Trailer | 002-016-037 | Cable - Lock, Tailgate",VMRS_HB_COMPLETE_v20 page 5_pages_26-50.md
048-001-030,,048,001,"SwitchCable - Low Voltage, Hybrid034-003-185Cable - Electrical, Coiled, Non-ABS, 7 Pin/wCords362-002-002Cable - Main Power034-004-454Cable - Electrical, High Voltage, Shielded,Orange052-005-010Cable - Microphone Extension034-004-453Cable - Electrical, High Voltage, Unshielded,Orange013-003-078Cable - Microphone, Bluetooth Protocol, Radio034-001-057Cable - Electrical, Master Disconnect Switch toStarter151-001-063Cable - Negative, Battery, APU032-001-057Cable - Electrical, Starter Relay to StarterSolenoid013-007-034Cable - Options, ControllerCable - Options, Controller032-001-059Cable - Electrical, Starter Relay to StarterValve013-001-051Cable - Options, ControllerCable - Outward Opening Entrance Door VandalLock072-009-007Cable - Emergency Dampening ProportionalValve063-003-010Cable - Override, OmniVision Override072-009-007Cable - Emergency Release, Power Roll-UpDoor013-003-077Cable - Parking Brake Lever013-003-012Cable - Parking Brake LeverDoar002-015-124Cable - End, Tailgate027-032-009Cable - Parking Brake, Drive Shaft03-005-005Cable - Parking Brake, Drive ShaftCable - Parking Brake, Drive Shaft002-015-114Cable - End, Tailgate027-032-009Cable - Parking Brake, Drive Shaft03-005-005Cable - Parking Brake, Drive Shaft002-015-114Cable - Engine Door, LH063-005-005Cable - Portable Handheld Device002-015-114Cable - Engine Door, RH151-001-046 032-001-058Cable - Electrical, Battery to Master Disconnect063-002-001Cable - Loran Antenna | 032-001-058 | Cable - Electrical, Battery to Master Disconnect | 063-002-001 | Cable - Loran Antenna",VMRS_HB_COMPLETE_v20 page 5_pages_26-50.md
034-003-185,,034,003,"Cable - Electrical, Colled, Non-ABS, 7 Pin/wCords 362-002-002055-007-032 Cable - Main PowerCable - Mast Guide 034-004-454 Cable - Electrical, High Voltage, Shielded,Orange 052-005-010 Cable - Microphone Extension 034-004-453 Cable - Electrical, High Voltage, Unshielded,Orange 013-007-034 Cable - Microphone, Bluetooth Protocol, Radio 034-001-057 Cable - Electrical, Master Disconnect Switch toStarter 013-007-034 Cable - Negative, Battery, APU 032-001-057 Cable - Electrical, Starter Relay to Starter 013-011-091 Cable - Options, Controller 032-001-059 Cable - Emergency Dampening ProportionalValve 063-003-010 Cable - Outward Opening Entrance Door VandalLock 072-009-007 Cable - End, Tailgate 027-032-009 Cable - Parking Brake Lever 002-016-018 Cable - End, Tailgate 027-032-009 Cable - Parking Brake, Drive Shaft 002-015-114 Cable - Engine Door, RH 151-001-046 Cable - Parking Brake, Drive Shaft | | Switch | 048-001-030 | Cable - Low Voltage, Hybrid",VMRS_HB_COMPLETE_v20 page 5_pages_26-50.md
055-007-032,,055,007,"WCordsCable - Mast Guide034-004-454Cable - Electrical, High Voltage, Shielded,Orange052-003-044Cable - Microphone Extension034-004-453Cable - Electrical, High Voltage, Unshielded,Orange013-003-078Cable - Microphone, Bluetooth Protocol, Radio032-001-057Cable - Electrical, Master Disconnect Switch toStarter151-001-063Cable - Negative, Battery, APU032-001-059Cable - Electrical, Starter Relay to Starter013-011-091Cable - On-Board Diagnostic032-001-059Cable - Electrical, Starter Relay to Starter013-011-091Cable - Outward Opening Entrance Door VandalLock059-038-011Cable - Emergency Dampening ProportionalValve063-003-010Cable - Override, OmniVision Override072-009-007Cable - Emergency Release, Power Roll-UpDoor013-003-077Cable - Parking Brake LeverO13-003-077Cable - Parking Brake, Drive Shaft002-016-018Cable - End, Tailgate027-032-009Cable - Parking Brake, Drive Shaft002-015-124Cable - Engine Door, LH063-005-005Cable - Portable Handheld Device002-015-114Cable - Engine Door, RH151-001-046Cable - Positive, Battery, APU | 034-003-185 | Cable - Electrical, Coiled, Non-ABS, 7 Pin/ | 362-002-002 | Cable - Main Power",VMRS_HB_COMPLETE_v20 page 5_pages_26-50.md
034-004-434,,034,004,"Cable - Electrical, High Voltage, Unshielded,Orange 052-003-014 Cable - Microphone, Bluetooth Protocol, Radio 034-004-453 Cable - Electrical, High Voltage, Unshielded,Orange 013-007-034 Cable - Microphone, Bluetooth Protocol, Radio 032-001-057 Cable - Electrical, Master Disconnect Switch toStarter 151-001-063 Cable - Negative, Battery, APU 032-001-059 Cable - Electrical, Starter Relay to Starter 013-011-091 Cable - On-Board Diagnostic 032-001-059 Cable - Electrical, Starter Relay to Starter 013-011-091 Cable - Outward Opening Entrance Door VandalLock 032-009-007 Cable - Emergency Dampening ProportionalValve 063-003-010 Cable - Override, OmniVision Override 072-009-007 Cable - Emergency Release, Power Roll-UpDoor 013-003-077 Cable - Parking Brake Lever 002-016-018 Cable - End, Tailgate 027-032-009 Cable - Parking Brake, Drive Shaft 002-015-124 Cable - Engine Door, LH 063-005-005 Cable - Portable Handheld Device 002-015-114 Cable - Engine Door, RH 151-001-046 Cable - Positive, Battery, APU | 024 004 454 | WCOrdsCable Electrical High Valtage Shielded | 052-007-032 | Cable - Mast Guide",VMRS_HB_COMPLETE_v20 page 5_pages_26-50.md
032-001-057,,032,001,"O34-004-453Cable - Electrical, High Voltage, Unshielded,OrangeO13-003-078O13-007-034Cable - Mickopinite, Director, Air BrakeCable - Electrical, Master Disconnect Switch toStarter151-001-063O53-006-175Cable - Noisture Ejector, Air Brake032-001-059Cable - Electrical, Starter Relay to StarterSolenoid013-007-034Cable - On-Board Diagnostic032-001-059Cable - Electrical, Starter Relay to StarterSolenoid013-011-091D13-011-091Cable - Outward Opening Entrance Door VandalLock059-038-011Cable - Emergency Dampening ProportionalValve063-003-010D00rCable - Override, OmniVision Override072-009-007Cable - Emergency Release, Power Roll-UpDoor013-003-012D13-003-017Cable - Parking Brake LeverDiscontroller002-016-018Cable - End, Tailgate027-032-009D03-005-005Cable - Parking Lock Actuator002-015-124Cable - Engine Door, LH063-005-005D02-015-114Cable - Portable Handheld DeviceCable - Positive, Battery, APU | 034-004-454 | Orande | 052-003-010 | Cable - Microphone Bluetooth Protocol Badio",VMRS_HB_COMPLETE_v20 page 5_pages_26-50.md
034-004-453,,034,004,OrangeOffice of the second of the second of the second of the second of the second of the second of the second of the second of the second of the second of the second of the second of the second of the second of the second of the second of the second of the second of the second of the second of the second of the second of the second of the second of the second of the second of the second of the second of the second of the second of the second of the second of the second of the second of the second of the second of the second of the second of the second of the second of the second of the second of the second of the second of the second of the second of the second of the second of the second of the second of the second of the second of the second of the second of the second of the second of the second of the second of the second of the second of the second of the second of the second of the second of the second of the second of the second of the second of the second of the second of the second of the second of the second of the second of the second of the second of the second of the second of the second of the second of the second of the second of the second of the second of the second of the second of the second of the second of the second of the second of the second of the second of the second of the second of the second of the second of the second of the second of the second of the second of the second of the second of the second of the second of the second of the second of the second of the second of the second of the second of the second of the second of the second of the second of the second of the second of the second of the second of the second of the second of the second of the second of the second of the second of the second of the second of the second of the second of the second of the second of the second of the second of the second of the second of the second of the second of the second of the second of the second of the second of the second of the second of the second of the | | Cable - Electrical High Voltage Unshielded | 013-003-078 | Cable - Midsection Parking Brake Drive Shaft,VMRS_HB_COMPLETE_v20 page 5_pages_26-50.md
053-006-175,,053,006,"StarterCable - On-Board Diagnostic032-001-059Cable - Electrical, Starter Relay to StarterSolenoid013-011-091Cable - Options, ControllerCable - Outward Opening Entrance Door VandalLock059-038-011Cable - Emergency Dampening ProportionalValve063-003-010Cable - Override, OmniVision Override072-009-007Cable - Emergency Release, Power Roll-UpDoor013-003-012Cable - Parking Brake Lever013-003-077Cable - Parking Brake, Drive Shaft002-016-018Cable - End, Tailgate027-032-009Cable - Parking Lock Actuator002-015-124Cable - Engine Door, LH063-005-005Cable - Portable Handheld Device002-015-114Cable - Engine Door, RH151-001-046Cable - Positive, Battery, APU | 032-001-057 | Cable - Electrical, Master Disconnect Switch to | 151-001-063 | Cable - Negative, Battery, APU",VMRS_HB_COMPLETE_v20 page 5_pages_26-50.md
032-001-059,,032,001,"Cable - Electrical, Starter Relay to StarterSolenoid013-011-091174-011-056Cable - Options, ControllerCable - Outward Opening Entrance Door VandalLock059-038-011Cable - Emergency Dampening ProportionalValve063-003-010Cable - Override, OmniVision Override072-009-007Cable - Emergency Release, Power Roll-UpDoor013-003-012Cable - Parking Brake Lever013-003-077Cable - Parking Brake, Drive Shaft002-016-018Cable - End, Tailgate027-032-009Cable - Parking Lock Actuator002-015-124Cable - Engine Door, LH063-005-005Cable - Portable Handheld Device002-015-114Cable - Engine Door, RH151-001-046Cable - Positive, Battery, APU | | Starter | 053-006-175 | Cable - On-Board Diagnostic",VMRS_HB_COMPLETE_v20 page 5_pages_26-50.md
174-011-056,,174,011,"SolenoidCable - Outward Opening Entrance Door VandalLock059-038-011Cable - Emergency Dampening ProportionalValve063-003-010Cable - Override, OmniVision Override072-009-007Cable - Emergency Release, Power Roll-UpDoor013-003-012Cable - Parking Brake Lever002-016-018Cable - End, Tailgate027-032-009Cable - Parking Lock Actuator002-015-124Cable - Engine Door, LH063-005-005Cable - Portable Handheld Device002-015-114Cable - Engine Door, RH151-001-046Cable - Positive, Battery, APU | 032-001-059 | Cable - Electrical, Starter Relay to Starter | 013-011-091 | Cable - Options, Controller",VMRS_HB_COMPLETE_v20 page 5_pages_26-50.md
059-038-011,,059,038,"Cable - Emergency Dampening ProportionalValveLock072-009-007Cable - Emergency Release, Power Roll-UpDoor013-003-012013-003-077Cable - Parking Brake LeverCable - Parking Brake, Drive Shaft002-016-018Cable - End, Tailgate027-032-009063-005-005Cable - Parking Lock Actuator002-015-124Cable - Engine Door, LH063-005-005063-005-005Cable - Portable Handheld DeviceCable - Positive, Battery, APU | | Solenoid | 174-011-056 | Cable - Outward Opening Entrance Door Vandal",VMRS_HB_COMPLETE_v20 page 5_pages_26-50.md
063-003-010,,063,003,"vaiveCable - Override, OmniVision Override072-009-007Cable - Emergency Release, Power Roll-UpDoor013-003-012Cable - Parking Brake Lever002-016-018Cable - End, Tailgate027-032-009Cable - Parking Lock Actuator002-015-124Cable - Engine Door, LH063-005-005Cable - Portable Handheld Device002-015-114Cable - Engine Door, RH151-001-046Cable - Positive, Battery, APU | 059-038-011 | Cable - Emergency Dampening Proportional | 000 000 010 | Lock",VMRS_HB_COMPLETE_v20 page 5_pages_26-50.md
072-003-007,,072,003,"Cable - Entregency Release, Fower Roll-Op013-003-072Cable - Parking Brake Lever002-016-018Cable - End, Tailgate027-032-009Cable - Parking Lock Actuator002-015-124Cable - Engine Door, LH063-005-005Cable - Portable Handheld Device002-015-114Cable - Engine Door, RH151-001-046Cable - Positive, Battery, APU | 070 000 007 | ValveCable Emorganov Delegas Device Dell Lin | 013-003-010 | Cable - Override, Omnivision Override",VMRS_HB_COMPLETE_v20 page 5_pages_26-50.md
002-016-018,,002,016,"Cable - End, Tailgate027-032-009Cable - Parking brace, Drive Shalt002-015-124Cable - Engine Door, LH063-005-005Cable - Portable Handheld Device002-015-114Cable - Engine Door, RH151-001-046Cable - Positive, Battery, APU | 012-009-007 | Cable - Effergency Release, Power Roll-Up | 013-003-012 | Cable - Parking Brake Drive Shaft",VMRS_HB_COMPLETE_v20 page 5_pages_26-50.md
002-015-124,,002,015,"Cable - Engine Door, LH063-005-005Cable - Portable Handheld Device002-015-114Cable - Engine Door, RH151-001-046Cable - Positive, Battery, APU | 002-016-018 | Cable - End Tailgate | 027-032-009 | Cable - Parking Lock Actuator",VMRS_HB_COMPLETE_v20 page 5_pages_26-50.md
002-015-114,,002,015,"Cable - Engine Door, RH 151-001-046 Cable - Positive, Battery, APU | 002-015-124 | Cable - Engine Door, LH | 063-005-005 | Cable - Portable Handheld Device",VMRS_HB_COMPLETE_v20 page 5_pages_26-50.md
151-006-004,,151,006,"Cable - Positive, Inverter, APU | 044-007-012 | Cable - Stop Control",VMRS_HB_COMPLETE_v20 page 5_pages_26-50.md
034-004-406,,034,004,"Cable - Power Distribution Module | 055-023-098 | Cable - Stop, Wheelchair Lift",VMRS_HB_COMPLETE_v20 page 5_pages_26-50.md
013-010-255,,013,010,"Cable - Power Source To Controller | 002-060-035 | Cable - Stowage Compartment, Convertible Top",VMRS_HB_COMPLETE_v20 page 5_pages_26-50.md
013-011-070,,013,011,"Cable - Power Source To Controller, Antilock | 002-027-234 | Cable - Swivel, Seat",VMRS_HB_COMPLETE_v20 page 5_pages_26-50.md
362-002-013,,362,002,Cable - Power Source to Indicator | 051-004-017 | Cable - Iachograph,VMRS_HB_COMPLETE_v20 page 5_pages_26-50.md
151-001-045,,151,001,"Cable - Power Steering Pump, High Vollage | 002 016 012 | Cable - Tachometer",VMRS_HB_COMPLETE_v20 page 5_pages_26-50.md
036-014-013,,036,014,"Cable - Power, AFOCable - Power, Camera, Driver Risk | 002-010-012 | Cable - TaligateCable - Temperature Door A/C System",VMRS_HB_COMPLETE_v20 page 5_pages_26-50.md
000-014-010,,000,014,"Management System | 001-002-039 | Cable - Temperature Door, HVAC System",VMRS_HB_COMPLETE_v20 page 5_pages_26-50.md
002-018-204,,002,018,"Cable - Power, Door Lock | 002-006-074 | Cable - Tension, Retractable Roof Panel",VMRS_HB_COMPLETE_v20 page 5_pages_26-50.md
059-001-177,,059,001,"Cable - Power, Fifth Wheel | 002-050-611 | Cable - Tether, Baggage Door",VMRS_HB_COMPLETE_v20 page 5_pages_26-50.md
294-001-011,,294,001,"Cable - Power, Fuel Meter | 027-033-018 | Cable - Throttle Valve, Automatic Transmission",VMRS_HB_COMPLETE_v20 page 5_pages_26-50.md
051-008-034,,051,008,"Cable - Power, GPS | 044-011-009 | Cable - Throttle, Control Cruise System",VMRS_HB_COMPLETE_v20 page 5_pages_26-50.md
058-006-003,,058,006,"Cable - Power, Negative | 013-011-139 | Cable - Traction Control Valve, Antilock Brakes",VMRS_HB_COMPLETE_v20 page 5_pages_26-50.md
036-007-005,,036,007,"Cable - Power, On Board Computer | 034-003-158 | Cable - Tractor to Trailer, Electrical, Primary",VMRS_HB_COMPLETE_v20 page 5_pages_26-50.md
058-006-002,,058,006,"Cable - Power, Positive | 034-003-147 | Cable - Trailer, Electrical, Supplemental",VMRS_HB_COMPLETE_v20 page 5_pages_26-50.md
003-003-001,,003,003,"Cable - Power, Inversal | 174-011-086 | Cable - USD, COIII OI Pariel, Reelei",VMRS_HB_COMPLETE_v20 page 5_pages_26-50.md
078-017-035,,078,017,Cable - Pre-Assembled Tarp | 174-011-000 | Door,VMRS_HB_COMPLETE_v20 page 5_pages_26-50.md
362-003-002,,362,003,"Cable - Printer | 038-003-002 | Cable - Variable Frequency Drive, AC Output",VMRS_HB_COMPLETE_v20 page 5_pages_26-50.md
027-033-081,,027,033,"Cable - PRNDL Selector | | High Voltage, Electric Vehicle",VMRS_HB_COMPLETE_v20 page 5_pages_26-50.md
059-038-009,,059,038,"Cable - Proportional Valve | 038-003-007 | Cable - VFD with DC/DC Converter, High",VMRS_HB_COMPLETE_v20 page 5_pages_26-50.md
002-046-060,,002,046,"Cable - Pull Latch Release | | Voltage, Electric Vehicle",VMRS_HB_COMPLETE_v20 page 5_pages_26-50.md
072-004-009,,072,004,"Cable - Rear Door | 036-014-008 | Cable - Video, Driver Risk Management System",VMRS_HB_COMPLETE_v20 page 5_pages_26-50.md
013-011-092,,013,011,"Cable - Relay Valve | 036-003-004 | Cable - Video, Visual Assist Back-Up Camera",VMRS_HB_COMPLETE_v20 page 5_pages_26-50.md
174-011-057,,174,011,Cable - Release - Outward Opening Entrance | 053-004-042 | Cable - Warning Bell,VMRS_HB_COMPLETE_v20 page 5_pages_26-50.md
174-000-001,,174,000,Door Actuator | 001-002-020 | Cable - Water Shut-Off Valve,VMRS_HB_COMPLETE_v20 page 5_pages_26-50.md
174-022-031,,174,022,"Cable - Release, Bus Flip Seat | 001-004-050 | Cable - Water Valve, Sleeper",VMRS_HB_COMPLETE_v20 page 5_pages_26-50.md
002-015-163,,002,015,"Cable - Release, Fuel Door | 013-011-004 | Cable - Weel To Controller - Sensor",VMRS_HB_COMPLETE_v20 page 5_pages_26-50.md
002-015-170,,002,015,"Cable - Release, Fuel Door | 058-001-012 | Cable - Winch",VMRS_HB_COMPLETE_v20 page 5_pages_26-50.md
002-018-227,,002,018,"Cable - Release, Inside Door Handle to Latch, | 056-001-148 | Cable - Xata Module, Signal Wiring",VMRS_HB_COMPLETE_v20 page 5_pages_26-50.md
013-012-010,,013,012,Front Door | | Cable (W/Connectors) - Electric Brakes,VMRS_HB_COMPLETE_v20 page 5_pages_26-50.md
002-059-016,,002,059,"Cable - Release, Lid, Pickup Box | 267-012-000 | Cable and Winch",VMRS_HB_COMPLETE_v20 page 5_pages_26-50.md
174-003-036,,174,003,"Cable - Release, Luggage Door | 098-011-017 | Cable Assembly",VMRS_HB_COMPLETE_v20 page 5_pages_26-50.md
174-013-044,,174,013,"Cable - Release, Rear Emergency Door | 032-001-070 | Cable Assembly - Battery Box, In Cab",VMRS_HB_COMPLETE_v20 page 5_pages_26-50.md
002-015-162,,002,015,"Cable - Release, Trunk Lid | 061-011-014 | Cable Assembly - Control, Squeegee",VMRS_HB_COMPLETE_v20 page 5_pages_26-50.md
058-006-009,,058,006,Cable - Remote Control | 002-058-025 | Cable Assembly - Display Assembly,VMRS_HB_COMPLETE_v20 page 5_pages_26-50.md
013-011-120,,013,011,Cable - Remote Diagnostic Nit | 068-005-002 | Cable Assembly - ECO to Colled Interface,VMRS_HB_COMPLETE_v20 page 5_pages_26-50.md
041-004-016,,041,004,Cable - Retaining Charge Air Cooler Assembly | 362-002-021 | Cable Assembly - Level Sensor Bd to Main Bd,VMRS_HB_COMPLETE_v20 page 5_pages_26-50.md
362-001-016,,362,001,Cable - Retractable | 003-001-102 | Cable Assembly - Low Oil Sensor,VMRS_HB_COMPLETE_v20 page 5_pages_26-50.md
034-003-108,,034,003,"Cable - Retractable Stop Arm, Side Mount | 178-003-001 | Cable Assembly - No Hook",VMRS_HB_COMPLETE_v20 page 5_pages_26-50.md
063-005-023,,063,005,Cable - Retrofit | 362-002-022 | Cable Assembly - Power Supply to Main Bd,VMRS_HB_COMPLETE_v20 page 5_pages_26-50.md
063-001-001,,063,001,Cable - RF | 098-011-019 | Cable Assembly - Quick Release Shut-Off,VMRS_HB_COMPLETE_v20 page 5_pages_26-50.md
178-003-000,,178,003,"Cable - Roll-Off & Lugger Bodies | 045-010-025 | Cable Assembly - Security, Dipstick",VMRS_HB_COMPLETE_v20 page 5_pages_26-50.md
002-004-134,,002,004,Cable - Safety | 362-002-020 | Cable Assembly - Serial to CPU Display,VMRS_HB_COMPLETE_v20 page 5_pages_26-50.md
002-036-141,,002,036,"Cable - Safety, Cab Hold-Down | 051-009-027 | Cable Assembly - Top Panel",VMRS_HB_COMPLETE_v20 page 5_pages_26-50.md
002-027-332,,002,027,Cable - Seal Adjuster | 044.007.063 | Cable Assembly - Will Hook,VMRS_HB_COMPLETE_v20 page 5_pages_26-50.md
013-001-138,,013,001,"Cable - Self Adjuster, Front Brake | 053-006-137 | Cable End - Welding",VMRS_HB_COMPLETE_v20 page 5_pages_26-50.md
013-002-134,,013,002,"Cable - Self Adjuster, Rear Brakes | 053-015-008 | Cable End - Welding",VMRS_HB_COMPLETE_v20 page 5_pages_26-50.md
063-006-002,,063,006,"Cable - Sensor Connection | 032-001-014 | Cable End, Electrical - Battery",VMRS_HB_COMPLETE_v20 page 5_pages_26-50.md
003-001-189,,003,001,"Cable - Sensor, Gauge, Outside Air | 032-001-017 | Cable End, Electrical - Starter To Ground",VMRS_HB_COMPLETE_v20 page 5_pages_26-50.md
001-003-116,,001,003,"Cable - Separator, Auxiliary Battery | 362-001-013 | Cable Guard",VMRS_HB_COMPLETE_v20 page 5_pages_26-50.md
001-003-115,,001,003,"Cable - Separator, Starter Battery | 044-011-049 | Cable Housing - Speed Control",VMRS_HB_COMPLETE_v20 page 5_pages_26-50.md
051-008-044,,051,008,"Cable - Serial, GPS | 002-015-131 | Cable Sleeve - Engine Door",VMRS_HB_COMPLETE_v20 page 5_pages_26-50.md
027-033-106,,027,033,"Cable - Shift | 013-010-521 | Cable Tensioner Mechanism - Air, Electrical",VMRS_HB_COMPLETE_v20 page 5_pages_26-50.md
026-011-135,,026,011,"Cable - Shift Control Assembly | 0.46 0.01 0.05 | Lines, Tractor to Trailer",VMRS_HB_COMPLETE_v20 page 5_pages_26-50.md
028-000-009,,028,000,"Cable - Shift Lover Hybrid | 046-001-025 | Cable Tie - Coll Conn., Electric Propulsion Motor",VMRS_HB_COMPLETE_v20 page 5_pages_26-50.md
026-011-133,,026,011,Cable - Shift Unit Assembly | 040-001-024 | Motor,VMRS_HB_COMPLETE_v20 page 5_pages_26-50.md
082-035-013,,082,035,Cable - Shutter Control | 174-033-075 | Cable Wire - Bellows Outer,VMRS_HB_COMPLETE_v20 page 5_pages_26-50.md
071-030-021,,071,030,"Cable - Side Compartment Roll-Up Door | 034-004-043 | Cable, Electrical - 4 Way Bulk",VMRS_HB_COMPLETE_v20 page 5_pages_26-50.md
051-010-002,,051,010,"Cable - Speedograph Assembly | 034-004-044 | Cable, Electrical - 6 Way Bulk",VMRS_HB_COMPLETE_v20 page 5_pages_26-50.md
025-001-247,,025,001,"Cable - Speedometer, Transfer Case | 034-004-037 | Cable, Electrical - 7 Way Bulk",VMRS_HB_COMPLETE_v20 page 5_pages_26-50.md
068-001-055,,068,001,"Cable - Splicer Platform | 031-001-029 | Cable, Electrical - Alternator To Ground",VMRS_HB_COMPLETE_v20 page 5_pages_26-50.md
053-007-084,,053,007,"Cable - Steel Wire | 031-001-030 | Cable, Electrical - Alternator To Junction Block",VMRS_HB_COMPLETE_v20 page 5_pages_26-50.md
015-002-016,,015,002,"Cable - Steering Column Lock | 032-001-003 | Cable, Electrical - Battery To Ground",VMRS_HB_COMPLETE_v20 page 5_pages_26-50.md
055-001-095,,055,001,"Cable - Step, Littgate | 032-001-020 | Caple, Electrical - Battery To Junction Block",VMRS_HB_COMPLETE_v20 page 5_pages_26-50.md
032-001-002,,032,001,"Cable, Electrical - Battery To Starter | 022-003-055 | Cam - Differential, No-Spin/Positraction",VMRS_HB_COMPLETE_v20 page 5_pages_26-50.md
032-001-004,,032,001,"Cable, Electrical - Battery, Series | 033-002-009 | Cam - Distributor",VMRS_HB_COMPLETE_v20 page 5_pages_26-50.md
036-001-020,,036,001,Cable Electrical - Camera Collision Avoidance | 027-040-007 | Cam - Driven Clutch,VMRS_HB_COMPLETE_v20 page 5_pages_26-50.md
000-001-020,,000,001,System | 046-002-014 | Cam - Electro-Mechanical Controls,VMRS_HB_COMPLETE_v20 page 5_pages_26-50.md
032-006-002,,032,006,Cable Electrical - Emergency Start | 018-006-021 | Cam - Fixed,VMRS_HB_COMPLETE_v20 page 5_pages_26-50.md
032-000-002,,032,000,"Cable, Electrical - Energency Start | 012 005 020 | Cam Linkago",VMRS_HB_COMPLETE_v20 page 5_pages_26-50.md
034-004-103,,034,004,"Cable, Electrical - General | 013-003-020 | Cam Look Accombly",VMRS_HB_COMPLETE_v20 page 5_pages_26-50.md
033-003-008,,033,003,"Cable, Electrical - Ground, Engine | 072-004-034 | Cam - Lock Assembly",VMRS_HB_COMPLETE_v20 page 5_pages_26-50.md
051-009-006,,051,009,"Cable, Electrical - Pedestal | 051-009-033 | Cam - Lock Assembly, Fare Box",VMRS_HB_COMPLETE_v20 page 5_pages_26-50.md
032-001-018,,032,001,"Cable, Electrical - Switch, Series Parallel To | 002-019-063 | Cam - Lock Cylinder, Compartment Door",VMRS_HB_COMPLETE_v20 page 5_pages_26-50.md
015-002-015,,015,002,"Starter | | Cam - Locking, Tilt Steering Column Handle",VMRS_HB_COMPLETE_v20 page 5_pages_26-50.md
034-003-039,,034,003,"Cable, Electrical - Trailer-To-Converter & Trailer | 018-006-022 | Cam - Moving",VMRS_HB_COMPLETE_v20 page 5_pages_26-50.md
002-023-039,,002,023,Combination W/3 Plugs | | Cam - Outer Handle,VMRS_HB_COMPLETE_v20 page 5_pages_26-50.md
034-003-038,,034,003,"Cable, Electrical - Trailer-To-Trailer with 2 Seven | 059-001-030 | Cam - Release",VMRS_HB_COMPLETE_v20 page 5_pages_26-50.md
034-003-157,,034,003,"Pin Plugs | | Cam - Retracting, Stop Arm Lens",VMRS_HB_COMPLETE_v20 page 5_pages_26-50.md
034-003-092,,034,003,Cable. Electrical Connecting - Vehicle To Vehicle. | 174-015-010 | Cam - Roof Emergency Escape Hatch,VMRS_HB_COMPLETE_v20 page 5_pages_26-50.md
174-017-029,,174,017,12 Wire/24 Volt | | Cam - School Bus Stop Arm Assembly,VMRS_HB_COMPLETE_v20 page 5_pages_26-50.md
059-025-019,,059,025,Cable Joystick - Hydraulic Control | 071-005-015 | Cam - Side Door Upper Or Lower,VMRS_HB_COMPLETE_v20 page 5_pages_26-50.md
002-057-022,,002,057,"Cable, Pre-tensioning - Seat Belt, SPACE | 016-018-019 | Cam - Slider",VMRS_HB_COMPLETE_v20 page 5_pages_26-50.md
002-007-022,,002,007,Accombly | 004 011 006 | Cam Stainless Steel Quick Disconnect Coupler,VMRS_HB_COMPLETE_v20 page 5_pages_26-50.md
007-010-000,,007,010,"Assembly | 094-011-000 | Cam - Stamess Steel, Quick Disconnect Coupler",VMRS_HB_COMPLETE_v20 page 5_pages_26-50.md
207-018-000,,207,018,"Cables and Pulleys (Sneaves), Drilling and | 044-003-097 | Cam - Torque",VMRS_HB_COMPLETE_v20 page 5_pages_26-50.md
034-003-023,,034,003,Boring | | Cam - Turn Signal Canceling,VMRS_HB_COMPLETE_v20 page 5_pages_26-50.md
268-002-000,,268,002,"Cables and Pulleys (Sheaves), Pulling | 072-003-014 | Cam - Upper Or Lower, Rear Door",VMRS_HB_COMPLETE_v20 page 5_pages_26-50.md
151-001-051,,151,001,"Cabling - Strain Relief, APU | 055-023-059 | Cam - Wheelchair Lift",VMRS_HB_COMPLETE_v20 page 5_pages_26-50.md
018-006-018,,018,006,"Cage | 001-001-090 | Cam Assembly - Temperature Door, A/C System",VMRS_HB_COMPLETE_v20 page 5_pages_26-50.md
021-001-065,,021,001,"Cage - Bearing, Driven Front Steer Axle | 001-002-040 | Cam Assembly - Temperature Door, HVAC",VMRS_HB_COMPLETE_v20 page 5_pages_26-50.md
025-001-153,,025,001,"Cage - Bearing, Transfer Case | | System",VMRS_HB_COMPLETE_v20 page 5_pages_26-50.md
022-003-005,,022,003,Cage - Drive Pinion Shaft Bearing | 016-001-046 | Cam Bolt Kit - Suspension,VMRS_HB_COMPLETE_v20 page 5_pages_26-50.md
044-012-006,,044,012,"Cage - Fuel Tank, Gaseous | 034-003-166 | Cam Driver - Turn Signal Canceling",VMRS_HB_COMPLETE_v20 page 5_pages_26-50.md
151-003-048,,151,003,Cage - Hose A/C APU | 018-006-033 | Cam Follower,VMRS_HB_COMPLETE_v20 page 5_pages_26-50.md
022-004-071,,022,004,Cage Input Pearing | 059 002 000 | Cam Follower,VMRS_HB_COMPLETE_v20 page 5_pages_26-50.md
043-003-020,,043,003,"Cage - Mumer, Stack | 099-006-002 | Cam Retainer - Fire valve",VMRS_HB_COMPLETE_v20 page 5_pages_26-50.md
016-018-044,,016,018,Cage - Pull Pin | 013-001-032 | Cam Roller - Front Brake,VMRS_HB_COMPLETE_v20 page 5_pages_26-50.md
021-001-079,,021,001,"Cage - Ring, Driven Front Steer Axle | 013-002-030 | Cam Roller - Rear Brake",VMRS_HB_COMPLETE_v20 page 5_pages_26-50.md
082-038-001,,082,038,Cage Assembly - Complete | 013-014-032 | Cam Roller - Tag/Pusher Axle Brakes,VMRS_HB_COMPLETE_v20 page 5_pages_26-50.md
367-005-043,,367,005,Cage Spring - Control Valve | 002-022-016 | Cam W/Key - Door Lock,VMRS_HB_COMPLETE_v20 page 5_pages_26-50.md
063-006-010,,063,006,Cake Pan - Cargo Sensor | 016-001-051 | Camber Kit - Suspension,VMRS_HB_COMPLETE_v20 page 5_pages_26-50.md
045-021-063,,045,021,"Calibration Code, Engine Rating - ECM | 052-007-006 | Camcorder - Television",VMRS_HB_COMPLETE_v20 page 5_pages_26-50.md
045-021-058,,045,021,Calibration File. Engine Performance - ECM | 036-001-019 | Camera - Collision Avoidance System,VMRS_HB_COMPLETE_v20 page 5_pages_26-50.md
053-006-278,,053,006,Calibration Tool - Crimp Machine | 036-015-002 | Camera - Dash,VMRS_HB_COMPLETE_v20 page 5_pages_26-50.md
013-013-001,,013,013,"Caliper - Air Disc Brake | 036-008-026 | Camera - Decov, Surveillance System",VMRS_HB_COMPLETE_v20 page 5_pages_26-50.md
004-006-038,,004,006,Caliper Brake Air Operated Hose Pool | 036 014 002 | Camora Driver Disk Management System,VMRS_HB_COMPLETE_v20 page 5_pages_26-50.md
094-000-030,,094,000,"Caliper - Drake, All Operated Hose Reel | 030-014-002 | Camera - Diver Hisk Management System",VMRS_HB_COMPLETE_v20 page 5_pages_26-50.md
207-013-007,,207,013,"Caliper - Diake, Ducket | 030-002-000 | Camera - Lane Departure",VMRS_HB_COMPLETE_v20 page 5_pages_26-50.md
013-017-002,,013,017,"Callper - Brake, Position Not Specified | 036-003-010 | Camera - Night View Assist",VMRS_HB_COMPLETE_v20 page 5_pages_26-50.md
024-002-087,,024,002,Caliper - Driveshaft Brake | 036-008-002 | Camera - Surveillance System,VMRS_HB_COMPLETE_v20 page 5_pages_26-50.md
013-003-028,,013,003,Caliper - Parking Brake | 036-003-001 | Camera - Visual Assist Back-Up Camera,VMRS_HB_COMPLETE_v20 page 5_pages_26-50.md
013-017-016,,013,017,"Caliper and Bracket Assembly - Position Not | 059-044-002 | Camera Kit - Monitoring, Electronic Sensor",VMRS_HB_COMPLETE_v20 page 5_pages_26-50.md
013-002-122,,013,002,"Caliper Assembly - Disc Brake, Rear | 073-007-023 | Camlatch Assembly - Hopper",VMRS_HB_COMPLETE_v20 page 5_pages_26-50.md
013-001-028,,013,001,Caliper Assembly - Front Disc Brake | 045-008-098 | Camshaft,VMRS_HB_COMPLETE_v20 page 5_pages_26-50.md
013-001-148,,013,001,Caliper Assembly (Loaded) - Front Disc Brake | 045-008-000 | Camshaft - Accessory Drive & Valve Mechanism,VMRS_HB_COMPLETE_v20 page 5_pages_26-50.md
013-002-168,,013,002,Caliper Assembly (Loaded) - Rear Disc Brake | 151-001-168 | Camshaft - API I,VMRS_HB_COMPLETE_v20 page 5_pages_26-50.md
013-014-028,,013,014,"Caliper Assembly, Tag/pusher Avle Disc Brakes | 010 002 044 | Camphalt Automatic Chassis Lubricator",VMRS_HB_COMPLETE_v20 page 5_pages_26-50.md
013-014-020,,013,014,Caliper Assembly- Tag/pusiter Akle Disc Brakes | 019-002-044 | Campball - Automatic Chassis Lubicator,VMRS_HB_COMPLETE_v20 page 5_pages_26-50.md
098-011-008,,098,011,"Cam | 013-003-054 | Camshall - Brake, Parking",VMRS_HB_COMPLETE_v20 page 5_pages_26-50.md
044-005-037,,044,005,"Cam - Accelerator Pump | 013-017-004 | Camshaft - Brake, Position Not Specified",VMRS_HB_COMPLETE_v20 page 5_pages_26-50.md
016-001-037,,016,001,"Cam - Adjustment, Ball Joint | 099-006-003 | Camshaft - Fire Valve",VMRS_HB_COMPLETE_v20 page 5_pages_26-50.md
019-002-043,,019,002,Cam - Automatic Chassis Lubricator | 044-003-025 | Camshaft - Injection Pump,VMRS_HB_COMPLETE_v20 page 5_pages_26-50.md
022-004-037,,022,004,"Cam - Automatic Lockout, Inner | 013-014-031 | Camshaft - Slack Adjuster, Tag/Pusher Axle",VMRS_HB_COMPLETE_v20 page 5_pages_26-50.md
022-004-038,,022,004,"Cam - Automatic Lockout, Outer | | Brakes",VMRS_HB_COMPLETE_v20 page 5_pages_26-50.md
002-027-028,,002,027,"Cam - Back Pivot, Seat | 013-001-031 | Camshaft - Slack, Front Brake",VMRS_HB_COMPLETE_v20 page 5_pages_26-50.md
058-003-008,,058,003,Cam - Brake | 013-002-029 | Camshaft - Slack Bear Brake,VMRS_HB_COMPLETE_v20 page 5_pages_26-50.md
094-011-005,,094,011,Cam - Brass Quick Disconnect Coupler | 045-008-001 | Camshaft (Inc. Drive Gear For Oil Pump &,VMRS_HB_COMPLETE_v20 page 5_pages_26-50.md
002-025-008,,002,025,Cam - Cab Or Front Door | 0-00-001 | Distributor),VMRS_HB_COMPLETE_v20 page 5_pages_26-50.md
016-001-026,,016,001,Cam Cambor Adjustment | 002 002 065 | Can Air Strainar,VMRS_HB_COMPLETE_v20 page 5_pages_26-50.md
010-001-036,,010,001,Cam - Camper Adjustment | 092-002-005,VMRS_HB_COMPLETE_v20 page 5_pages_26-50.md
016-023-006,,016,023,"Cam - Camper Adjustment | 016-005-210 | Can - Restrictor, Rubber Spring",VMRS_HB_COMPLETE_v20 page 5_pages_26-50.md
054-001-057,,054,001,"Cam - Cancelling, Horn | 045-011-024 | Can (Housing)- Oil Filter",VMRS_HB_COMPLETE_v20 page 5_pages_26-50.md
055-032-008,,055,032,Cam - Cargo Bunk | 043-001-044 | Canister - Evaporative Emission Control,VMRS_HB_COMPLETE_v20 page 5_pages_26-50.md
016-001-034,,016,001,Cam - Caster Adjustment | 044-016-001 | Canister - Evaporative Emission Control,VMRS_HB_COMPLETE_v20 page 5_pages_26-50.md
016-023-004,,016,023,"Cam - Caster Adjustment, Independent Rear | 168-003-007 | Canister - Tank Assembly, Mower",VMRS_HB_COMPLETE_v20 page 5_pages_26-50.md
002-006-058,,002,006,Suspension | | Canopy,VMRS_HB_COMPLETE_v20 page 5_pages_26-50.md
075-001-007,,075,001,"Cam - Closing, Fill Lid | 172-001-024 | Canopy - Container Body",VMRS_HB_COMPLETE_v20 page 5_pages_26-50.md
367-005-009,,367,005,Cam - Control Linkage | 068-001-076 | Canopy - Platform Boom,VMRS_HB_COMPLETE_v20 page 5_pages_26-50.md
,000-005,000,005,"55, | can contor Enhage | 000 001 0/0 | sanopy inationity, bootin",VMRS_HB_COMPLETE_v20 page 5_pages_26-50.md
068-001-053,,068,001,"Canopy - Splicer Platform | 002-008-151 | Cap - Cover, Instrument Panel",VMRS_HB_COMPLETE_v20 page 5_pages_26-50.md
018-006-016,,018,006,"Cap | 013-003-089 | Cap - Cover, Parking Brake",VMRS_HB_COMPLETE_v20 page 5_pages_26-50.md
170-002-007,,170,002,"Сар | 014-002-100 | Cap - Cover, Rear Bumper",VMRS_HB_COMPLETE_v20 page 5_pages_26-50.md
002-048-140,,002,048,"Cap - Bow Protector | 002-011-123 | Cap - Cover, Seat Belt Bolt",VMRS_HB_COMPLETE_v20 page 5_pages_26-50.md
098-012-019,,098,012,"Cap - Stem Collar | 002-027-326 | Cap - Cover, Seat Recline",VMRS_HB_COMPLETE_v20 page 5_pages_26-50.md
002-027-324,,002,027,"Cap - Adjust Handle, Seat Recline | 002-027-297 | Cap - Cover, Seat Track",VMRS_HB_COMPLETE_v20 page 5_pages_26-50.md
002-027-293,,002,027,"Cap - Adjustor Rod | 034-002-070 | Cap - Cover, Tall Lamp",VMRS_HB_COMPLETE_v20 page 5_pages_26-50.md
002-027-100,,002,027,"Cap - Adjustment Handle, Seat Height | 016-005-173 | Cap - Cross Tube End Bear S",VMRS_HB_COMPLETE_v20 page 5_pages_26-50.md
002-027-330,,002,027,"Cap - Adjustment Handle, Seat Lumbar | 045-002-087 | Cap - Cylinder Block",VMRS_HB_COMPLETE_v20 page 5_pages_26-50.md
013-010-505,,013,010,"Cap - Adjustment, Caliper | 059-033-023 | Cap - Cylinder Bod Or Stage E",VMRS_HB_COMPLETE_v20 page 5_pages_26-50.md
021-001-118,,021,001,"Cap - Air Chamber, Differential Lock, Driven | 002-018-202 | Cap - Cylinder, Door Lock",VMRS_HB_COMPLETE_v20 page 5_pages_26-50.md
022-003-008,,022,003,Front Steer Axle | | Cap - Differential Carrier Side E,VMRS_HB_COMPLETE_v20 page 5_pages_26-50.md
056-002-012,,056,002,Cap - Air Control Cylinder | 033-002-003 | Cap - Distributor,VMRS_HB_COMPLETE_v20 page 5_pages_26-50.md
013-010-091,,013,010,"Cap - Air Inlet, Relay Valve, Air Brake | 044-002-072 | Cap - Diverter, Secondary Fuel",VMRS_HB_COMPLETE_v20 page 5_pages_26-50.md
001-003-049,,001,003,"Cap - Air Intake Tube, Auxiliary Heater | 002-018-187 | Cap - Door Hinge",VMRS_HB_COMPLETE_v20 page 5_pages_26-50.md
002-057-046,,002,057,"Cap - Anchor Plate, Child Restraint | 002-010-129 | Cap - Door Mirror",VMRS_HB_COMPLETE_v20 page 5_pages_26-50.md
002-011-101,,002,011,"Cap - Armrest, Console | 002-048-214 | Cap - Door Trim",VMRS_HB_COMPLETE_v20 page 5_pages_26-50.md
002-027-303,,002,027,"Cap - Armrest, Seat | 045-009-045 | Cap - Drain Hose",VMRS_HB_COMPLETE_v20 page 5_pages_26-50.md
052-003-003,,052,003,"Cap - Audio Jack, Auxiliary, Radio | 043-007-212 | Cap - Drain Line, DEF Tank",VMRS_HB_COMPLETE_v20 page 5_pages_26-50.md
002-000-092,,002,000,"0.02-003-035 | Cap - Base, Naulo AllennaCap - Boaring Camshaft Housing Overhead | | Cap - Drive Shaft End",VMRS_HB_COMPLETE_v20 page 5_pages_26-50.md
040-000-200,,040,000,Cam | 142-009-005 | Cap - Dual Hose NG,VMRS_HB_COMPLETE_v20 page 5_pages_26-50.md
172-007-042,,172,007,Cap - Bearing Fork Tube Loader | 002-011-152 | Cap - End Cargo Cover,VMRS_HB_COMPLETE_v20 page 5_pages_26-50.md
082-001-076,,082,001,"Cap - Bearing, Housing | 004-005-019 | Cap - End, Chassis Fairing",VMRS_HB_COMPLETE_v20 page 5_pages_26-50.md
082-007-047,,082,007,"Cap - Bearing, Housing | 045-011-054 | Cap - End, Full Flow Oil Filter",VMRS_HB_COMPLETE_v20 page 5_pages_26-50.md
015-003-106,,015,003,"Cap - Bearing, Steering Gear | 002-010-107 | Cap - End, Mirror Bracket",VMRS_HB_COMPLETE_v20 page 5_pages_26-50.md
174-033-090,,174,033,"Cap - Bellows, Inner | 014-011-012 | Cap - End, Post, Quarter Fend",VMRS_HB_COMPLETE_v20 page 5_pages_26-50.md
002-023-080,,002,023,"Cap - Bezel, Door Handle, Inner | 025-001-143 | Cap - End, Transfer Case",VMRS_HB_COMPLETE_v20 page 5_pages_26-50.md
002-023-084,,002,023,"Cap - Bezel, Door Handle, Outer | 014-003-022 | Cap - Engine Support, Rear",VMRS_HB_COMPLETE_v20 page 5_pages_26-50.md
013-014-108,,013,014,"Cap - Bleeder Screw | 042-010-026 | Cap - Exhaust Pipe, Pre-Heate",VMRS_HB_COMPLETE_v20 page 5_pages_26-50.md
013-002-165,,013,002,"Cap - Bleeder Screw, Rear Brakes | 365-006-008 | Cap - Exhaust, Compressor As",VMRS_HB_COMPLETE_v20 page 5_pages_26-50.md
002-011-028,,002,011,Cap - Bolt | 042-003-053 | Cap - Fan Shaft,VMRS_HB_COMPLETE_v20 page 5_pages_26-50.md
002-050-629,,002,050,"Cap - Bolt, Bunk Restraint | 082-001-070 | Cap - Fanshall",VMRS_HB_COMPLETE_v20 page 5_pages_26-50.md
002-017-039,,002,017,"Cap - Bolt, Door SnellCap - Bolt, Seat Track | 002-007-040 | Cap - FanshallCap - Fiberglass Bod",VMRS_HB_COMPLETE_v20 page 5_pages_26-50.md
018-003-057,,018,003,"Cap - Bolt, Wheel Lug | 043-006-074 | Cap - Filler",VMRS_HB_COMPLETE_v20 page 5_pages_26-50.md
082-031-048,,082,031,Cap - Bonnet Charging Port Reefer | 059-037-005 | Cap - Filler Cooler Hydraulic S,VMRS_HB_COMPLETE_v20 page 5_pages_26-50.md
365-007-034,,365,007,"Cap - Bottom Without Guide, Paint Pump | 043-007-002 | Cap - Filler, DEF Tank",VMRS_HB_COMPLETE_v20 page 5_pages_26-50.md
013-010-419,,013,010,"Cap - Bottom, Air Drier | 055-015-004 | Cap - Filler, Pump Unit, Hydrau",VMRS_HB_COMPLETE_v20 page 5_pages_26-50.md
042-007-014,,042,007,"Cap - Bowl, Coolant Filter | 065-017-006 | Cap - Filler, Reservoir, Hydraul",VMRS_HB_COMPLETE_v20 page 5_pages_26-50.md
055-010-211,,055,010,"Cap - Breather, Power Unit, Hydraulic, Liftgate | 043-007-195 | Cap - Filter, DEF",VMRS_HB_COMPLETE_v20 page 5_pages_26-50.md
013-004-010,,013,004,"Cap - Breather, Spring Brake | 002-062-007 | Cap - Finish Panel, Deck Lid",VMRS_HB_COMPLETE_v20 page 5_pages_26-50.md
365-012-007,,365,012,"Cap - Brush Holder, Paint Heating Pump | 059-031-017 | Cap - Fitting Protector, Hydraul",VMRS_HB_COMPLETE_v20 page 5_pages_26-50.md
094-013-027,,094,013,"Cap - Bulk Product Transfer | 002-065-003 | Cap - Fluid Reservoir, Headlam",VMRS_HB_COMPLETE_v20 page 5_pages_26-50.md
174-028-050,,174,028,Cap - Bus Body A/C Duct | 034-001-155 | Cap - Fog Lamp,VMRS_HB_COMPLETE_v20 page 5_pages_26-50.md
174-001-030,,174,001,Cap - Bus Entry Door | 044-001-002 | Cap - Fuel TankCap - Fuel Tank Deefer,VMRS_HB_COMPLETE_v20 page 5_pages_26-50.md
094-000-009,,094,000,"Cap - Bushing, Reel Diacket | 024 004 424 | Cap - Fuer Tarik, Reeler",VMRS_HB_COMPLETE_v20 page 5_pages_26-50.md
032-001-029,,032,001,Cap - Dypass valve | 099-002-003 | Cap - Fusible Cap,VMRS_HB_COMPLETE_v20 page 5_pages_26-50.md
044-016-017,,044,016,"Cap - Canister, Evaporative Emission Control | 044-012-021 | Cap - Gaseous Fuel Tank",VMRS_HB_COMPLETE_v20 page 5_pages_26-50.md
001-001-240,,001,001,"Cap - Charging Valve, Air Conditioner | 044-012-020 | Cap - Gaseous Fuel Tank Filler",VMRS_HB_COMPLETE_v20 page 5_pages_26-50.md
098-007-013,,098,007,"Cap - Check Valve | 015-013-013 | Cap - Gear, Rack & Pinion",VMRS_HB_COMPLETE_v20 page 5_pages_26-50.md
152-003-013,,152,003,"Cap - Check Valve, Lavatory | 002-008-147 | Cap - Glove Box",VMRS_HB_COMPLETE_v20 page 5_pages_26-50.md
023-001-158,,023,001,Cap - Clutch Reservoir | 002-023-051 | Cap - Grab Rail,VMRS_HB_COMPLETE_v20 page 5_pages_26-50.md
016-002-094,,016,002,Cap - Coil Spring | 002-040-063 | Cap - Grip Handle,VMRS_HB_COMPLETE_v20 page 5_pages_26-50.md
016-005-224,,016,005,"Cap - Coil Spring | 002-011-125 | Cap - Guide, Seat Belt",VMRS_HB_COMPLETE_v20 page 5_pages_26-50.md
016-020-035,,016,020,"Cap - Coil Spring | 002-017-048 | Cap - Handle, Door Panel",VMRS_HB_COMPLETE_v20 page 5_pages_26-50.md
015-002-007,,015,002,"Cap - Column, Steering Gear | 002-027-286 | Cap - Handle, Latch Release, F",VMRS_HB_COMPLETE_v20 page 5_pages_26-50.md
034-002-078,,034,002,"Cap - Combination Lamp Assembly | 002-006-124 | Cap - Handle, Sunroof",VMRS_HB_COMPLETE_v20 page 5_pages_26-50.md
001-003-156,,001,003,"Cap - Compressor, HVAC, Self-Powered | 002-023-033 | Cap - Handle, Window Regulat",VMRS_HB_COMPLETE_v20 page 5_pages_26-50.md
045-006-019,,045,006,"Cap - Connecting Rod | 002-006-094 | Cap - Header Panel, Roof",VMRS_HB_COMPLETE_v20 page 5_pages_26-50.md
002-011-104,,002,011,Cap - Collant Reservoir Invertor Hybrid | 004-001-100 | Cap - Headrast,VMRS_HB_COMPLETE_v20 page 5_pages_26-50.md
042-008-008,,042,008,Cap - Coolant Tank (Reservoir) | 044-002-077 | Cap - Heat Exchanger Fuel/M,VMRS_HB_COMPLETE_v20 page 5_pages_26-50.md
002-050-261,,002,050,Cap - Corner Post | 034-002-076 | Cap - High Mount Tail Lamp As,VMRS_HB_COMPLETE_v20 page 5_pages_26-50.md
071-002-054,,071,002,Cap - Corner Post | 075-001-005 | Cap - Hinge Retainer Fill Lid,VMRS_HB_COMPLETE_v20 page 5_pages_26-50.md
026-002-043,,026,002,"Cap - Countershaft | 002-060-014 | Cap - Hinge, Convertible Top",VMRS_HB_COMPLETE_v20 page 5_pages_26-50.md
014-002-087,,014,002,"Cap - Cover Filler Panel, Front Bumper | 002-061-035 | Cap - Hinge, Liftgate",VMRS_HB_COMPLETE_v20 page 5_pages_26-50.md
014-002-084,,014,002,"Cap - Cover, Front Bumper | 002-009-028 | Cap - Holder, Sun Visor",VMRS_HB_COMPLETE_v20 page 5_pages_26-50.md
034-002-064,,034,002,"Cap - Cover, High Mount Stop Lamp | 002-004-210 | Cap - Hood",VMRS_HB_COMPLETE_v20 page 5_pages_26-50.md
,000-101,000,101,"00L | oup ooton, modamont i anor",VMRS_HB_COMPLETE_v20 page 5_pages_26-50.md
013-003-089,,013,003,"Cap - Cover, Parking Brake",VMRS_HB_COMPLETE_v20 page 5_pages_26-50.md
014-002-100,,014,002,"Cap - Cover, Rear Bumper",VMRS_HB_COMPLETE_v20 page 5_pages_26-50.md
002-011-123,,002,011,"Cap - Cover, Seat Belt Bolt",VMRS_HB_COMPLETE_v20 page 5_pages_26-50.md
002-027-326,,002,027,"Cap - Cover, Seat Becline",VMRS_HB_COMPLETE_v20 page 5_pages_26-50.md
002-027-297,,002,027,"Cap - Cover, Seat Track",VMRS_HB_COMPLETE_v20 page 5_pages_26-50.md
034-002-070,,034,002,Cap - Cover Tail Lamp,VMRS_HB_COMPLETE_v20 page 5_pages_26-50.md
002-005-032,,002,005,Cap - Cowl Grille,VMRS_HB_COMPLETE_v20 page 5_pages_26-50.md
016-005-172,,016,005,Cap - Cowi CillieCap - Cross Tube End - Dear Succession,VMRS_HB_COMPLETE_v20 page 5_pages_26-50.md
010-000-173,,010,000,"Cap - Closs Tube Ellu, Real Suspension",VMRS_HB_COMPLETE_v20 page 5_pages_26-50.md
040-002-087,,040,002,Cap - Cylinder Block,VMRS_HB_COMPLETE_v20 page 5_pages_26-50.md
059-033-023,,059,033,Cap - Cylinder Rod Or Stage End,VMRS_HB_COMPLETE_v20 page 5_pages_26-50.md
002-018-202,,002,018,"Cap - Cylinder, Door Lock",VMRS_HB_COMPLETE_v20 page 5_pages_26-50.md
033-002-003,,033,002,Cap - Distributor,VMRS_HB_COMPLETE_v20 page 5_pages_26-50.md
044-002-072,,044,002,"Cap - Diverter, Secondary Fuel Filter",VMRS_HB_COMPLETE_v20 page 5_pages_26-50.md
002-018-187,,002,018,Cap - Door Hinge,VMRS_HB_COMPLETE_v20 page 5_pages_26-50.md
002-010-129,,002,010,Cap - Door Mirror,VMRS_HB_COMPLETE_v20 page 5_pages_26-50.md
002-048-214,,002,048,Cap - Door Trim,VMRS_HB_COMPLETE_v20 page 5_pages_26-50.md
045-009-045,,045,009,Cap - Drain Hose,VMRS_HB_COMPLETE_v20 page 5_pages_26-50.md
043-007-212,,043,007,"Cap - Drain Line, DEF Tank",VMRS_HB_COMPLETE_v20 page 5_pages_26-50.md
002-006-092,,002,006,"Cap - Drip Molding, Roof",VMRS_HB_COMPLETE_v20 page 5_pages_26-50.md
024-002-033,,024,002,Cap - Drive Shaft End,VMRS_HB_COMPLETE_v20 page 5_pages_26-50.md
142-009-005,,142,009,"Cap - Dual Hose, LNG",VMRS_HB_COMPLETE_v20 page 5_pages_26-50.md
002-011-152,,002,011,Cap - End Cargo Cover,VMRS_HB_COMPLETE_v20 page 5_pages_26-50.md
004-005-019,,004,005,Cap - End Chassis Fairing,VMRS_HB_COMPLETE_v20 page 5_pages_26-50.md
045-011-054,,045,011,"Cap - End, Full Flow Oil Filter",VMRS_HB_COMPLETE_v20 page 5_pages_26-50.md
002-010-107,,002,010,"Cap - End, Huirriow Chrinker",VMRS_HB_COMPLETE_v20 page 5_pages_26-50.md
,011-012,011,012,01/ | Cap End Post Quarter Fonder,VMRS_HB_COMPLETE_v20 page 5_pages_26-50.md
014-011-012,,014,011,"Cap - End, Fost, Quarter Fender",VMRS_HB_COMPLETE_v20 page 5_pages_26-50.md
020-001-140,,020,001,"Cap - End, Halislei Case",VMRS_HB_COMPLETE_v20 page 5_pages_26-50.md
014-003-022,,014,003,"Cap - Engine Support, Real",VMRS_HB_COMPLETE_v20 page 5_pages_26-50.md
042-010-020,,042,010,"Cap - Exhaust Pipe, Pre-Heater",VMRS_HB_COMPLETE_v20 page 5_pages_26-50.md
300-000-008,,300,000,"Cap - Exnaust, Compressor Assembly",VMRS_HB_COMPLETE_v20 page 5_pages_26-50.md
042-003-053,,042,003,Cap - Fan Snan,VMRS_HB_COMPLETE_v20 page 5_pages_26-50.md
082-001-070,,082,001,Cap - Fanshaft,VMRS_HB_COMPLETE_v20 page 5_pages_26-50.md
082-007-040,,082,007,Cap - Fanshaft,VMRS_HB_COMPLETE_v20 page 5_pages_26-50.md
002-059-005,,002,059,"Cap - Fiberglass, Bed",VMRS_HB_COMPLETE_v20 page 5_pages_26-50.md
043-006-074,,043,006,Cap - Filler,VMRS_HB_COMPLETE_v20 page 5_pages_26-50.md
059-037-005,,059,037,"Cap - Filler, Cooler, Hydraulic System",VMRS_HB_COMPLETE_v20 page 5_pages_26-50.md
043-007-002,,043,007,"Cap - Filler, DEF Tank",VMRS_HB_COMPLETE_v20 page 5_pages_26-50.md
055-015-004,,055,015,"Cap - Filler, Pump Unit, Hydraulic Liftgate",VMRS_HB_COMPLETE_v20 page 5_pages_26-50.md
065-017-006,,065,017,"Cap - Filler, Reservoir, Hydraulic System",VMRS_HB_COMPLETE_v20 page 5_pages_26-50.md
043-007-195,,043,007,"Cap - Filter, DEF",VMRS_HB_COMPLETE_v20 page 5_pages_26-50.md
002-062-007,,002,062,"Cap - Finish Panel, Deck Lid",VMRS_HB_COMPLETE_v20 page 5_pages_26-50.md
059-031-017,,059,031,"Cap - Fitting Protector, Hydraulic System",VMRS_HB_COMPLETE_v20 page 5_pages_26-50.md
002-065-003,,002,065,"Cap - Fluid Reservoir, Headlamp Washer",VMRS_HB_COMPLETE_v20 page 5_pages_26-50.md
034-001-155,,034,001,Cap - Fog Lamp,VMRS_HB_COMPLETE_v20 page 5_pages_26-50.md
044-001-002,,044,001,Cap - Fuel Tank,VMRS_HB_COMPLETE_v20 page 5_pages_26-50.md
082-039-010,,082,039,"Cap - Fuel Tank, Reefer",VMRS_HB_COMPLETE_v20 page 5_pages_26-50.md
099-002-003,,099,002,Cap - Fusible Cap,VMRS_HB_COMPLETE_v20 page 5_pages_26-50.md
044-012-021,,044,012,Cap - Gaseous Fuel Tank,VMRS_HB_COMPLETE_v20 page 5_pages_26-50.md
044-012-020,,044,012,Cap - Gaseous Fuel Tank Filler Pipe,VMRS_HB_COMPLETE_v20 page 5_pages_26-50.md
015-013-013,,015,013,"Cap - Gear, Rack & Pinion",VMRS_HB_COMPLETE_v20 page 5_pages_26-50.md
002-008-147,,002,008,Cap - Glove Box,VMRS_HB_COMPLETE_v20 page 5_pages_26-50.md
002-023-051,,002,023,Cap - Grab Rail,VMRS_HB_COMPLETE_v20 page 5_pages_26-50.md
002-040-063,,002,040,Cap - Grip Handle,VMRS_HB_COMPLETE_v20 page 5_pages_26-50.md
002-011-125,,002,011,Cap - Guide Seat Belt,VMRS_HB_COMPLETE_v20 page 5_pages_26-50.md
002-017-048,,002,017,"Cap - Handle, Door Panel",VMRS_HB_COMPLETE_v20 page 5_pages_26-50.md
002-027-286,,002,027,"Cap - Handle, Latch Belease, Folding seat",VMRS_HB_COMPLETE_v20 page 5_pages_26-50.md
002-006-124,,002,006,"Cap - Handle, Euton Holeaco, Folding court",VMRS_HB_COMPLETE_v20 page 5_pages_26-50.md
002-000-124,,002,000,"Cap - Handle, Window Begulator",VMRS_HB_COMPLETE_v20 page 5_pages_26-50.md
002-006-004,,002,006,Cap - Header Panel Boof,VMRS_HB_COMPLETE_v20 page 5_pages_26-50.md
,000-054,000,054,02- | Cap - Headlamn,VMRS_HB_COMPLETE_v20 page 5_pages_26-50.md
,001-100,001,100,Can - Headrest,VMRS_HB_COMPLETE_v20 page 5_pages_26-50.md
002-021-219,,002,021,Can - Heat Exchanger Fuel/Mater Senerator,VMRS_HB_COMPLETE_v20 page 5_pages_26-50.md
044-002-077,,044,002,Cap - High Mount Tail Lamp Assembly,VMRS_HB_COMPLETE_v20 page 5_pages_26-50.md
075-001-005,,075,001,Cap - Hinge Convertible Ter,VMRS_HB_COMPLETE_v20 page 5_pages_26-50.md
002-000-014,,002,000,"Cap - Hinge, Convertible Top",VMRS_HB_COMPLETE_v20 page 5_pages_26-50.md
002-009-028,,002,009,"Cap - Holder, Sun Visór",VMRS_HB_COMPLETE_v20 page 5_pages_26-50.md
041-001-028,,041,001,"Cap - Housing, Engine Air Cleaner | 045-016-003 | Cap - Receptacle Cover, Crankcase Heater",VMRS_HB_COMPLETE_v20 page 5_pages_26-50.md
091-001-015,,091,001,"Cap - Housing, Air Cleaner, Blower, Bulk Product | 015-003-087 | Cap - Relief Valve, Steering Gear",VMRS_HB_COMPLETE_v20 page 5_pages_26-50.md
048-001-042,,048,001,"Transfer | | Cap - Reservoir, Cooler, Hybrid",VMRS_HB_COMPLETE_v20 page 5_pages_26-50.md
045-011-082,,045,011,"Cap - Housing, Engine Oil Filter | 055-010-036 | Cap - Reservoir, Hydraulic, Lifts & Attachments",VMRS_HB_COMPLETE_v20 page 5_pages_26-50.md
058-005-030,,058,005,"Cap - Housing, Transmission | 059-014-004 | Cap - Reservoir, Hydraulic, Vehicle Coupling",VMRS_HB_COMPLETE_v20 page 5_pages_26-50.md
023-001-137,,023,001,Cap - Hydraulic Master Cylinder | | Svstem,VMRS_HB_COMPLETE_v20 page 5_pages_26-50.md
082-001-044,,082,001,"Cap - Idler Vent | 013-006-047 | Cap - Reservoir, Master Cylinder",VMRS_HB_COMPLETE_v20 page 5_pages_26-50.md
079-001-004,,079,001,"Cap - Inner Leg. Anti-Nose Dive Pole | 002-006-100 | Cap - Reveal Molding, Roof Panel",VMRS_HB_COMPLETE_v20 page 5_pages_26-50.md
025-001-009,,025,001,"Cap - Input Shaft Bearing, Transfer Case | 026-002-044 | Cap - Reverse Idler",VMRS_HB_COMPLETE_v20 page 5_pages_26-50.md
002-048-244,,002,048,"Cap - Insert, Trim Panel, ""B"" Pillar | 045-008-190 | Cap - Rocker Arm",VMRS_HB_COMPLETE_v20 page 5_pages_26-50.md
002-027-064,,002,027,Cap - Isolator Bearing | 002-031-026 | Cap - Rocker Molding,VMRS_HB_COMPLETE_v20 page 5_pages_26-50.md
026-011-183,,026,011,"Cap - Joint, Shift Shaft | 053-004-069 | Cap - Rod Bottom, Fender Finder",VMRS_HB_COMPLETE_v20 page 5_pages_26-50.md
011-001-064,,011,001,Cap - King Pin | 044-001-085 | Cap - Rod Eyel Control,VMRS_HB_COMPLETE_v20 page 5_pages_26-50.md
002-027-284,,002,027,"Cap - Latch Cover, Folding Seat | 002-006-056 | Cap - Roof Corner",VMRS_HB_COMPLETE_v20 page 5_pages_26-50.md
034-002-060,,034,002,"Cap - License Lamp Assembly | 082-024-016 | Cap - Rubber Boot, Bellows Plate",VMRS_HB_COMPLETE_v20 page 5_pages_26-50.md
002-008-162,,002,008,Cap - Light Sensor | 016-005-165 | Cap - Saddle Bear Suspension,VMRS_HB_COMPLETE_v20 page 5_pages_26-50.md
045-002-008,,045,002,Cap - Main Bearing Crankshaft | 042-002-155 | Cap - Safety Lever Badiator,VMRS_HB_COMPLETE_v20 page 5_pages_26-50.md
026-005-030,,026,005,Cap - Main Drive Bearing | 002-023-072 | Cap - Screw Door Handle Inner,VMRS_HB_COMPLETE_v20 page 5_pages_26-50.md
028-003-008,,028,003,"Cap - Main Drive Gear | 002-023-079 | Cap - Screw Door Handle, Outer",VMRS_HB_COMPLETE_v20 page 5_pages_26-50.md
055-007-038,,055,007,"Cap - Mast | 002-017-051 | Cap - Screw, Door Panel",VMRS_HB_COMPLETE_v20 page 5_pages_26-50.md
013-006-023,,013,006,"Cap - Master Cylinder | 002-017-001 | Cap - Screw, Door Pocket",VMRS_HB_COMPLETE_v20 page 5_pages_26-50.md
051-008-022,,051,008,Cap - Master Oyinder | 002-012-117 | Cap - Scuff Plate Liftgate,VMRS_HB_COMPLETE_v20 page 5_pages_26-50.md
002-057-043,,002,057,"Cap - Microphone, Navigation System, Ch S | 002-062-046 | Cap - Souff Plate Trim Trunk",VMRS_HB_COMPLETE_v20 page 5_pages_26-50.md
002-050-023,,002,050,"Cap - Molding, Dickup Box | 002-002-040 | Cap - Soat Adjustor",VMRS_HB_COMPLETE_v20 page 5_pages_26-50.md
002-039-023,,002,039,"Cap - Molding, Pickup Dox | 002-027-000 | Cap - Seat Aujuster",VMRS_HB_COMPLETE_v20 page 5_pages_26-50.md
002-000-022,,002,000,Cap Mount Shock Absorbor | 016 002 071 | Cap Soat Front Spring,VMRS_HB_COMPLETE_v20 page 5_pages_26-50.md
016-006-012,,016,006,"Cap - Mount, Shock Absorber | 151 002 050 | Cap Service Port A/C APU",VMRS_HB_COMPLETE_v20 page 5_pages_26-50.md
016-000-012,,016,000,"Cap - Mount, Shock Absolber | 092 004 075 | Cap - Service Fort, A/C, AFO",VMRS_HB_COMPLETE_v20 page 5_pages_26-50.md
010-020-021,,010,020,"Cap - Mount, Strut | 062-004-075 | Cap - Service Valve, Compressor Assembly,",VMRS_HB_COMPLETE_v20 page 5_pages_26-50.md
151-001-010,,151,001,Cap - Oil Filler ADU | 000 000 000 | Con Service Valve Mechanical Defrigeration,VMRS_HB_COMPLETE_v20 page 5_pages_26-50.md
045-000-001,,045,000,"Cap - Oil Filler, AFU | 002-022-003 | Cap - Service valve, Mechanical Reingeration",VMRS_HB_COMPLETE_v20 page 5_pages_26-50.md
045-009-021,,045,009,Cap - Oil Pressure Regulator Valve Spring | 001 001 254 | Con Sonico Air Conditioner Hose,VMRS_HB_COMPLETE_v20 page 5_pages_26-50.md
015-005-030,,015,005,"Cap - Oil Fullip TalikCap - Oil Posonioir Auviliani | 001-001-354 | Cap - Service, All Conditioner Hose",VMRS_HB_COMPLETE_v20 page 5_pages_26-50.md
040-017-020,,040,017,"Cap - Oli Reservoli, Auxiliary | 027-033-104 | Cap - Shinning Protection",VMRS_HB_COMPLETE_v20 page 5_pages_26-50.md
042-002-004,,042,002,"Cap - Open/Close Switch, Door | 043-004-160 | Cap - Shipping Protection",VMRS_HB_COMPLETE_v20 page 5_pages_26-50.md
043-003-094,,043,003,"Cap - Oxygen Sensor Filment, Exhaust Fipe | 042-003-134 | Cap - Sillouu, Haulator Fall",VMRS_HB_COMPLETE_v20 page 5_pages_26-50.md
014-002-102,,014,002,"Cap - Pariel Sciew, Console | 002-000-062 | Cap - Side Rall, Luggage Carrier",VMRS_HB_COMPLETE_v20 page 5_pages_26-50.md
014-002-103,,014,002,"Cap - Parlei, Cover Filler, Near Durriper | 012 001 125 | Cap - Sill, Floor",VMRS_HB_COMPLETE_v20 page 5_pages_26-50.md
030-003-019,,030,003,"Cap - Fawi, Diake | 365 000 028 | Cap - Sidek Aujuster",VMRS_HB_COMPLETE_v20 page 5_pages_26-50.md
071-003-033,,071,003,Cap - Posi (Stake) | 042 002 196 | Cap - Solvent TalikCap - Splach Shield Dadiator Support,VMRS_HB_COMPLETE_v20 page 5_pages_26-50.md
012-012-022,,012,012,"Cap - Power Outlet, Cell FlioneCap - Rowershaft Air Disc Brake | 042-002-100 | Cap - Spidsh Shield, Hadiator Support",VMRS_HB_COMPLETE_v20 page 5_pages_26-50.md
042-006-010,,042,006,"Cap - Proversitant, All Disc Diake | 043 003 010 | Cap - SpollerCan - Stack Ding, Exhaust",VMRS_HB_COMPLETE_v20 page 5_pages_26-50.md
045-013-010,,045,013,Cap - Protection Evacuation Hose Disconnect | 011_001_011 | Cap - Steering Knuckle,VMRS_HB_COMPLETE_v20 page 5_pages_26-50.md
040-010-019,,040,010,Coupling | 002-040-062 | Cap - Stran Passonger Assist,VMRS_HB_COMPLETE_v20 page 5_pages_26-50.md
044-004-014,,044,004,Can - Protection Injector Nozzle Holder | 002-040-002 | Cap - Sun Vieor,VMRS_HB_COMPLETE_v20 page 5_pages_26-50.md
031-001-076,,031,001,"Cap - Protection, Injector Nozzie Florder | 042 002 044 | Cap Surgo Tank",VMRS_HB_COMPLETE_v20 page 5_pages_26-50.md
001-008-004,,001,008,Cap - Protector Air Supply Jumper Hose | 044-011-056 | Cap - Switch Cruise Control,VMRS_HB_COMPLETE_v20 page 5_pages_26-50.md
094-000-004,,094,000,"Cap - Protector, All Supply Sumper Hose | 034_002_074 | Cap - Tail Lamp Assembly",VMRS_HB_COMPLETE_v20 page 5_pages_26-50.md
094-001-015,,094,001,"Cap - Protector, Crossover Tube | 367-002-003 | Cap - Tank",VMRS_HB_COMPLETE_v20 page 5_pages_26-50.md
094-001-000,,094,001,"Cap - Protector, Clossover Tube | 365-013-020 | Cap - Tank Tire Spray System",VMRS_HB_COMPLETE_v20 page 5_pages_26-50.md
094-006-012,,094,006,"Cap - Protector, All Supply Tube | 367-000-004 | Cap - Tank, Meter System",VMRS_HB_COMPLETE_v20 page 5_pages_26-50.md
094-000-020,,094,000,"Cap - Protector, Loading Hose | 045-000-051 | Cap - Tank, Water System",VMRS_HB_COMPLETE_v20 page 5_pages_26-50.md
094-002-013,,094,002,"Cap - Protector, Loading Tube | 042-003-140 | Cap - Tensioner Drive Belt",VMRS_HB_COMPLETE_v20 page 5_pages_26-50.md
095-001-006,,095,001,"Cap - Protector, Manifold | 045-008-225 | Cap - Tensioner, Drive Belt",VMRS_HB_COMPLETE_v20 page 5_pages_26-50.md
093-001-000,,093,001,"Cap - Protector, Manifold | 082-024-017 | Cap - Throttling Valve, Reefer",VMRS_HB_COMPLETE_v20 page 5_pages_26-50.md
094-005-013,,094,005,"Cap - Protector, Pump-Off Tube | 002-02-10/ | Cap - Tie-Down Hook",VMRS_HB_COMPLETE_v20 page 5_pages_26-50.md
094-002-016,,094,002,"Cap - Protector, Luloading Hose | 365-007-033 | Cap - Top With Guide, Paint Pump",VMRS_HB_COMPLETE_v20 page 5_pages_26-50.md
094-007-018,,094,007,"Cap - Protector, Vapor Recovery Hose | 082-029-059 | Cap - Top Reefer",VMRS_HB_COMPLETE_v20 page 5_pages_26-50.md
094-007-010,,094,007,"Cap - Protector, Vapor Recovery Tube | 016-002-088 | Cap - Torque Bod",VMRS_HB_COMPLETE_v20 page 5_pages_26-50.md
002-061-052,,002,061,Cap - Pull Handle Liftgate | 016-005-218 | Cap - Torque Rod,VMRS_HB_COMPLETE_v20 page 5_pages_26-50.md
031-001-087,,031,001,Cap - Pulley Alternator | 016-008-127 | Cap - Torque Rod,VMRS_HB_COMPLETE_v20 page 5_pages_26-50.md
042-003-145,,042,003,"Cap - Pulley, AlemanorCap - Pulley, Tensioner, Drive Belt | 014-002-119 | Cap - Tow Eve Cover Bumper",VMRS_HB_COMPLETE_v20 page 5_pages_26-50.md
042-004-073,,042,004,"Cap - Pulley, Vater Pump | 002-061-064 | Cap - Trim Cover Liftgate",VMRS_HB_COMPLETE_v20 page 5_pages_26-50.md
044-009-037,,044,009,"Cap - Pump Outlet Fuel Tank | 002-016-046 | Cap - Trim Cover, Tailgate",VMRS_HB_COMPLETE_v20 page 5_pages_26-50.md
049-003-005,,049,003,"Cap - Quick Connect Hydraulic Hybrid | 002-048-238 | Cap - Trim Panel ""A"" Pillar",VMRS_HB_COMPLETE_v20 page 5_pages_26-50.md
094-011-014,,094,011,"Cap - Quick Disconnect Protector Cam End | 002-048-242 | Cap - Trim Panel ""B"" Pillar",VMRS_HB_COMPLETE_v20 page 5_pages_26-50.md
044-003-067,,044,003,"Cap - Rack Injection Pump | 002-048-247 | Cap - Trim Panel ""C"" Pillar",VMRS_HB_COMPLETE_v20 page 5_pages_26-50.md
002-035-146,,002,035,"Cap Rain Sensor | 002-048-250 | Cap - Trim Panel ""D"" Pillar",VMRS_HB_COMPLETE_v20 page 5_pages_26-50.md
001-001-416,,001,001,Cap - Receiver Drier | 002-066-004 | Cap - Trim Panel Cross Panel Rear Rody,VMRS_HB_COMPLETE_v20 page 5_pages_26-50.md
059-006-019,,059,006,Cap - Receiver Trailer Hitch | 002-015-198 | Cap - Trim Panel Quarter Panel,VMRS_HB_COMPLETE_v20 page 5_pages_26-50.md
042-009-007,,042,009,Cap - Receptacle Cover Coolant Pre-Heater | 002-027-328 | Cap - Trim Panel Seat,VMRS_HB_COMPLETE_v20 page 5_pages_26-50.md
002-027-321,,002,027,Can - Trim Panel Seat Back | Couc,VMRS_HB_COMPLETE_v20 page 5_pages_26-50.md
002-062-042,,002,062,"Cap - Trim Panel, Trunk | 044-0",VMRS_HB_COMPLETE_v20 page 5_pages_26-50.md
002-048-252,,002,048,"Cap - Trim, Kick Panel | 044-0",VMRS_HB_COMPLETE_v20 page 5_pages_26-50.md
002-061-062,,002,061,"Cap - Trim, Liftgate | 046-0",VMRS_HB_COMPLETE_v20 page 5_pages_26-50.md
002-064-005,,002,064,"Cap - Trim, Package Tray | 046-0",VMRS_HB_COMPLETE_v20 page 5_pages_26-50.md
002-015-196,,002,015,"Cap - Trim, Quarter Panel | 141-0",VMRS_HB_COMPLETE_v20 page 5_pages_26-50.md
002-015-204,,002,015,"Cap - Trim, Window, Quarter Panel | 021-0",VMRS_HB_COMPLETE_v20 page 5_pages_26-50.md
016-005-194,,016,005,Cap - Trunnion | 055-0,VMRS_HB_COMPLETE_v20 page 5_pages_26-50.md
021-001-066,,021,001,"Cap - Trunnion, Driven Front Steer Axle | 036-0",VMRS_HB_COMPLETE_v20 page 5_pages_26-50.md
016-018-027,,016,018,"Cap - Trunnion, Slider | 036-0",VMRS_HB_COMPLETE_v20 page 5_pages_26-50.md
034-003-174,,034,003,Cap - Turn Signal Lamp Assembly | 055-0,VMRS_HB_COMPLETE_v20 page 5_pages_26-50.md
010-000-105,,010,000,Cap - Uppor | 055-0,VMRS_HB_COMPLETE_v20 page 5_pages_26-50.md
014-002-131,,014,002,Cap - OpperCan - Valance Panel Bumper | 055-0,VMRS_HB_COMPLETE_v20 page 5_pages_26-50.md
082-018-010,,082,018,Cap - Value | 002-0,VMRS_HB_COMPLETE_v20 page 5_pages_26-50.md
082-041-063,,082,041,"Cap - Valve Spring, Engine, Reefer | 002-0",VMRS_HB_COMPLETE_v20 page 5_pages_26-50.md
045-008-038,,045,008,"Cap - Valve Spring, Exhaust | 002-0",VMRS_HB_COMPLETE_v20 page 5_pages_26-50.md
045-008-039,,045,008,"Cap - Valve Spring, Intake | 002-0",VMRS_HB_COMPLETE_v20 page 5_pages_26-50.md
013-010-427,,013,010,"Cap - Valve, Air Tank Charger | 002-0",VMRS_HB_COMPLETE_v20 page 5_pages_26-50.md
151-001-143,,151,001,"Cap - Valve, Cylinder Head, APU | 002-0",VMRS_HB_COMPLETE_v20 page 5_pages_26-50.md
044-012-051,,044,012,"Cap - Vent Line, Gaseous | 002-0",VMRS_HB_COMPLETE_v20 page 5_pages_26-50.md
025-001-157,,025,001,"Cap - Vent, Transfer Case | 002-0",VMRS_HB_COMPLETE_v20 page 5_pages_26-50.md
091-004-004,,091,004,Cap - Vibrator | 002-0,VMRS_HB_COMPLETE_v20 page 5_pages_26-50.md
002-035-107,,002,035,Cap - Washer Reservoir | 002-0,VMRS_HB_COMPLETE_v20 page 5_pages_26-50.md
002-035-129,,002,035,"Cap - Weather, Wiper Am | 002-0",VMRS_HB_COMPLETE_v20 page 5_pages_26-50.md
002-035-164,,002,035,Cap - Windshield Winer Arm | 002-0,VMRS_HB_COMPLETE_v20 page 5_pages_26-50.md
002-063-010,,002,063,Cap - Windemed Wiper ArmCap - Wiper Arm Back Glass | 002-0,VMRS_HB_COMPLETE_v20 page 5_pages_26-50.md
001-003-024,,001,003,"Cap - Wiring Harness, Auxiliary Heater | 002-0",VMRS_HB_COMPLETE_v20 page 5_pages_26-50.md
013-010-418,,013,010,"Cap -Top, Air Drier | 002-0",VMRS_HB_COMPLETE_v20 page 5_pages_26-50.md
077-003-016,,077,003,Cap (Washer) - Axle | 002-0,VMRS_HB_COMPLETE_v20 page 5_pages_26-50.md
019-002-021,,019,002,Cap & Chain - Quick Disconnect Fitting | 002-0,VMRS_HB_COMPLETE_v20 page 5_pages_26-50.md
013-013-063,,013,013,"Cap & Grease Service Kit - Caliper, Air Disc | 002-0",VMRS_HB_COMPLETE_v20 page 5_pages_26-50.md
034-004-324,,034,004,Cap & Ring - Power Receptacle | 002-0,VMRS_HB_COMPLETE_v20 page 5_pages_26-50.md
033-003-003,,033,003,Cap & Terminal - Ignition Coil | 002-0,VMRS_HB_COMPLETE_v20 page 5_pages_26-50.md
043-007-235,,043,007,Cap And Adapter Assembly - DEF Tank | 002-0,VMRS_HB_COMPLETE_v20 page 5_pages_26-50.md
044-015-020,,044,015,Cap Assembly - Fuel Healer | 002-0,VMRS_HB_COMPLETE_v20 page 5_pages_26-50.md
082-023-002,,082,023,Cap Assembly - Lower | 002-0,VMRS_HB_COMPLETE_v20 page 5_pages_26-50.md
044-002-060,,044,002,Cap Assembly - Top | 002-0,VMRS_HB_COMPLETE_v20 page 5_pages_26-50.md
018-003-047,,018,003,Cap Nut | 002-0,VMRS_HB_COMPLETE_v20 page 5_pages_26-50.md
002-019-047,,002,019,Cap Protector - Lock Assembly | 002-0,VMRS_HB_COMPLETE_v20 page 5_pages_26-50.md
053-007-089,,053,007,Cap Screw | 002-0,VMRS_HB_COMPLETE_v20 page 5_pages_26-50.md
045-012-026,,045,012,Cap Screw - Oil Filter Minder | 055-0,VMRS_HB_COMPLETE_v20 page 5_pages_26-50.md
013-001-109,,013,001,"Cap, Bleeder Screw - Front Brake | 163-0",VMRS_HB_COMPLETE_v20 page 5_pages_26-50.md
002-017-024,,002,017,"Cap, Door - Front Or Entrance | 462-0",VMRS_HB_COMPLETE_v20 page 5_pages_26-50.md
012-002-010,,012,002,"Cap, King Pin - Non-Driven, Tag Or Pusher Axle | 055-0",VMRS_HB_COMPLETE_v20 page 5_pages_26-50.md
013-002-094,,013,002,"Cap, Pressure Relief - Self Adjuster, Pawl & | 365-0",VMRS_HB_COMPLETE_v20 page 5_pages_26-50.md
034-006-033,,034,006,"Spring, Rear Drakes | 069.0",VMRS_HB_COMPLETE_v20 page 5_pages_26-50.md
174-002-006,,174,002,"Cap, Nall Lifu - Light DalCap, Tread Wear, Heated - Rus Entry Sten | 055-0",VMRS_HB_COMPLETE_v20 page 5_pages_26-50.md
174-002-005,,174,002,"Cap Tread Wear, Heated - Bus Entry Step | 055-0",VMRS_HB_COMPLETE_v20 page 5_pages_26-50.md
174-001-186,,174,001,Cap/Cover - Bow | 055-0,VMRS_HB_COMPLETE_v20 page 5_pages_26-50.md
365-013-017,,365,013,Cap/wGasket - Tire Spray System | 068-0,VMRS_HB_COMPLETE_v20 page 5_pages_26-50.md
031-001-021,,031,001,Capacitor - Alternator | 055-0,VMRS_HB_COMPLETE_v20 page 5_pages_26-50.md
151-001-186,,151,001,Capacitor - APU | 055-0,VMRS_HB_COMPLETE_v20 page 5_pages_26-50.md
001-003-167,,001,003,Capacitor - Auxiliary HVAC | 055-0,VMRS_HB_COMPLETE_v20 page 5_pages_26-50.md
032-001-061,,032,001,Capacitor - Electrochemical,VMRS_HB_COMPLETE_v20 page 5_pages_26-50.md
033-002-042,,033,002,Capacitor - Electronic Ignition | 055-0,VMRS_HB_COMPLETE_v20 page 5_pages_26-50.md
082-001-100,,082,001,"Capacitor - Fan Drive, Reefer | 055-0",VMRS_HB_COMPLETE_v20 page 5_pages_26-50.md
084-001-017,,084,001,Capacitor - Run | 055-0,VMRS_HB_COMPLETE_v20 page 5_pages_26-50.md
040-004-010,,040,004,Capacitor - Solid State Controls | 045-0,VMRS_HB_COMPLETE_v20 page 5_pages_26-50.md
001-001-010,,001,001,Capacitor - StartCapillary Vacuum Valva (Cold) | 040-0,VMRS_HB_COMPLETE_v20 page 5_pages_26-50.md
001-001-199,,001,001,Capillary Vacuum Valve (Hot) | 0021-0,VMRS_HB_COMPLETE_v20 page 5_pages_26-50.md
016-005-100,,016,005,Caps - Equalizer Bushing | 034-0,VMRS_HB_COMPLETE_v20 page 5_pages_26-50.md
055-009-003,,055,009,"Capscrew - Crosshead, Lift Cvlinder | 027-0",VMRS_HB_COMPLETE_v20 page 5_pages_26-50.md
055-007-040,,055,007,Capscrew - Drive Axle | 027-0,VMRS_HB_COMPLETE_v20 page 5_pages_26-50.md
034-004-426,,034,004,Capsule - Halogen Lamp | 036-0,VMRS_HB_COMPLETE_v20 page 5_pages_26-50.md
034-001-139,,034,001,"Capsule - High Intensity Discharge (HID), | 078-0",VMRS_HB_COMPLETE_v20 page 5_pages_26-50.md
044-005-000,,044,005,Carburetor,VMRS_HB_COMPLETE_v20 page 5_pages_26-50.md
044-005-001,,044,005,Carburetor Assembly,VMRS_HB_COMPLETE_v20 page 5_pages_26-50.md
046-004-015,,046,004,"Card - Dual Motor, Solid State Controls",VMRS_HB_COMPLETE_v20 page 5_pages_26-50.md
046-004-011,,046,004,"Card - Oscillator, Solid State Controls",VMRS_HB_COMPLETE_v20 page 5_pages_26-50.md
141-001-003,,141,001,"Card - SD, Hydrogen Fuel Cell",VMRS_HB_COMPLETE_v20 page 5_pages_26-50.md
021-001-045,,021,001,Cardan Joint Kit (CV) - Driven Front Steer Axle,VMRS_HB_COMPLETE_v20 page 5_pages_26-50.md
055-030-000,,055,030,Cargo,VMRS_HB_COMPLETE_v20 page 5_pages_26-50.md
036-006-000,,036,006,Cargo Asset Tracking Assembly Complete,VMRS_HB_COMPLETE_v20 page 5_pages_26-50.md
055-032-000,,055,032,Cargo Asset Tracking Assembly - Complete,VMRS_HB_COMPLETE_v20 page 5_pages_26-50.md
055-032-001,,055,032,Cargo Bunk - Assembly,VMRS_HB_COMPLETE_v20 page 5_pages_26-50.md
055-000-000,,055,000,"Cargo Handling, Restraints, & Lift Systems",VMRS_HB_COMPLETE_v20 page 5_pages_26-50.md
055-012-000,,055,012,Cargo Restraints,VMRS_HB_COMPLETE_v20 page 5_pages_26-50.md
002-048-222,,002,048,Carpet - Bulkhead,VMRS_HB_COMPLETE_v20 page 5_pages_26-50.md
002-050-500,,002,050,"Carpet - Cabinet, Lower Left",VMRS_HB_COMPLETE_v20 page 5_pages_26-50.md
002-050-499,,002,050,"Carpet - Cabinet, Middle Left",VMRS_HB_COMPLETE_v20 page 5_pages_26-50.md
002-050-496,,002,050,"Carpet - Cabinet, Middle Right",VMRS_HB_COMPLETE_v20 page 5_pages_26-50.md
002-050-498,,002,050,"Carpet - Cabinet, Upper Left",VMRS_HB_COMPLETE_v20 page 5_pages_26-50.md
002-050-495,,002,050,"Carpet - Cabinet, Upper Right",VMRS_HB_COMPLETE_v20 page 5_pages_26-50.md
002-050-182,,002,050,Carpet - Door Cover,VMRS_HB_COMPLETE_v20 page 5_pages_26-50.md
002-000-707,,002,000,Carpet - Drawer,VMRS_HB_COMPLETE_v20 page 5_pages_26-50.md
002-048-204,,002,048,Carpet - Eligine TullielCarpet - Floor,VMRS_HB_COMPLETE_v20 page 5_pages_26-50.md
002-013-008,,002,013,Carpet - Floor,VMRS_HB_COMPLETE_v20 page 5_pages_26-50.md
002-050-372,,002,050,Carpet - Floor. Front,VMRS_HB_COMPLETE_v20 page 5_pages_26-50.md
002-050-189,,002,050,"Carpet - Full, Sleeper",VMRS_HB_COMPLETE_v20 page 5_pages_26-50.md
002-050-738,,002,050,"Carpet - HVAC, Storage Compartment",VMRS_HB_COMPLETE_v20 page 5_pages_26-50.md
002-050-665,,002,050,"Carpet - Insert, Bunk Partition",VMRS_HB_COMPLETE_v20 page 5_pages_26-50.md
002-048-108,,002,048,Carpet - Kick Panel,VMRS_HB_COMPLETE_v20 page 5_pages_26-50.md
002-050-341,,002,050,Carpet - Lower,VMRS_HB_COMPLETE_v20 page 5_pages_26-50.md
002-050-497,,002,050,Carpet - Lower Right Cabinet,VMRS_HB_COMPLETE_v20 page 5_pages_26-50.md
002-050-491,,002,050,"Carpet - Rear Cabinet, Lower Lett",VMRS_HB_COMPLETE_v20 page 5_pages_26-50.md
002-050-331,,002,050,"Carpet - Rear Cabinet, Lower Right",VMRS_HB_COMPLETE_v20 page 5_pages_26-50.md
002-050-493,,002,050,"Carpet - Rear Cabinet, Middle",VMRS_HB_COMPLETE_v20 page 5_pages_26-50.md
002-050-494,,002,050,"Carpet - Rear Cabinet, Outer Right",VMRS_HB_COMPLETE_v20 page 5_pages_26-50.md
002-050-489,,002,050,"Carpet - Rear Cabinet, Upper Left",VMRS_HB_COMPLETE_v20 page 5_pages_26-50.md
002-050-492,,002,050,"Carpet - Rear Cabinet, Upper Right",VMRS_HB_COMPLETE_v20 page 5_pages_26-50.md
002-029-037,,002,029,Carpet - Seat,VMRS_HB_COMPLETE_v20 page 5_pages_26-50.md
002-050-501,,002,050,"Carpet - Shelf, Front",VMRS_HB_COMPLETE_v20 page 5_pages_26-50.md
002-050-481,,002,050,"Carpet - Sleeper, Front",VMRS_HB_COMPLETE_v20 page 5_pages_26-50.md
002-050-482,,002,050,"Carpet - Sleeper, Rear",VMRS_HB_COMPLETE_v20 page 5_pages_26-50.md
002-017-001,,002,017,"Carpet - IIIII, Door Pocket",VMRS_HB_COMPLETE_v20 page 5_pages_26-50.md
163-001-016,,163,001,"Carriage - Feed Boller, Brush Chipper",VMRS_HB_COMPLETE_v20 page 5_pages_26-50.md
462-010-003,,462,010,Carriage - Platform Elevator,VMRS_HB_COMPLETE_v20 page 5_pages_26-50.md
055-009-000,,055,009,Carriage & Lift Assembly - Lift Truck,VMRS_HB_COMPLETE_v20 page 5_pages_26-50.md
365-008-001,,365,008,Carriage Assembly,VMRS_HB_COMPLETE_v20 page 5_pages_26-50.md
055-008-000,,055,008,Carriage Assembly - Lift Truck,VMRS_HB_COMPLETE_v20 page 5_pages_26-50.md
068-006-000,,068,006,Carriage Assembly - Lift Trucks,VMRS_HB_COMPLETE_v20 page 5_pages_26-50.md
055-011-000,,055,011,Carriage Assembly Attachments,VMRS_HB_COMPLETE_v20 page 5_pages_26-50.md
055-011-025,,055,011,Carriage Face Frame Roller Assembly,VMRS_HB_COMPLETE_v20 page 5_pages_26-50.md
055-011-030,,055,011,Carriage Roller Plug,VMRS_HB_COMPLETE_v20 page 5_pages_26-50.md
055-011-013,,055,011,Carriage Side - Shift Assembly,VMRS_HB_COMPLETE_v20 page 5_pages_26-50.md
055-011-034,,055,011,Carriage Side Shift Bearing Segment,VMRS_HB_COMPLETE_v20 page 5_pages_26-50.md
055-011-022,,055,011,Carriage Side Shift Cylinder Assembly,VMRS_HB_COMPLETE_v20 page 5_pages_26-50.md
055-011-021,,055,011,Carriage Side Shift Face Frame Assembly,VMRS_HB_COMPLETE_v20 page 5_pages_26-50.md
055-011-035,,055,011,Carriage Side Shift Roller Maintenance Kit,VMRS_HB_COMPLETE_v20 page 5_pages_26-50.md
055-011-014,,055,011,Carriage Side Shift Stop Member,VMRS_HB_COMPLETE_v20 page 5_pages_26-50.md
045-003-053,,045,003,"Carrier - Crankshaft Seal, Front",VMRS_HB_COMPLETE_v20 page 5_pages_26-50.md
021-009-002,,021,009,"Carrier - Dillerential, Transaxle",VMRS_HB_COMPLETE_v20 page 5_pages_26-50.md
002-017-040,,002,017,Carrier - Electrical Vault,VMRS_HB_COMPLETE_v20 page 5_pages_26-50.md
027-016-001,,027,016,Carrier - Eist Bange Planetary,VMRS_HB_COMPLETE_v20 page 5_pages_26-50.md
027-006-017,,027,006,Carrier - Forward Planetary,VMRS_HB_COMPLETE_v20 page 5_pages_26-50.md
036-008-022,,036,008,"Carrier - Hard Drive, Surveillance System",VMRS_HB_COMPLETE_v20 page 5_pages_26-50.md
078-003-000,,078,003,Carrier - Hose,VMRS_HB_COMPLETE_v20 page 5_pages_26-50.md
267-001-010,,267,001,"Carrier - Hose, Boom | 044-002-006 | Case - Secondary Fuel Filter",VMRS_HB_COMPLETE_v20 page 5_pages_26-50.md
002-008-011,,002,008,Carrier - Instrument | 026-001-001 | Case - Transmission,VMRS_HB_COMPLETE_v20 page 5_pages_26-50.md
055-012-031,,055,012,"Carrier - Load Lock | 026-001-099 | Case - Transmission, Front, Manual",VMRS_HB_COMPLETE_v20 page 5_pages_26-50.md
002-006-078,,002,006,Carrier - Luggage | | Transmission,VMRS_HB_COMPLETE_v20 page 5_pages_26-50.md
021-001-073,,021,001,"Carrier - Planet Gear, Driven Front Steer Axle | 026-001-100 | Case - Transmission, Rear, Manual Transmission",VMRS_HB_COMPLETE_v20 page 5_pages_26-50.md
026-017-002,,026,017,Carrier - Planetary | 058-001-004 | Case - Winch,VMRS_HB_COMPLETE_v20 page 5_pages_26-50.md
027-015-003,,027,015,"Carrier - Planetary (Output, Rear Or Low) | 048-001-075 | Case Assembly - Air Conditioning, Battery",VMRS_HB_COMPLETE_v20 page 5_pages_26-50.md
018-002-057,,018,002,"Carrier - Planetary Gear, Drive Wheel Hub | 027 001 001 | Compariment, Hybrid",VMRS_HB_COMPLETE_v20 page 5_pages_26-50.md
022-004-125,,022,004,"Carrier - Planetally Geal, Intel-Axle Differential | 027-001-001 | Case Assembly - Automatic Transmission",VMRS_HB_COMPLETE_v20 page 5_pages_26-50.md
027-018-004,,027,018,Carrier - Reverse Bange Planetary | 001-001-058 | Case Assembly - Cool Pack,VMRS_HB_COMPLETE_v20 page 5_pages_26-50.md
057-001-001,,057,001,"Carrier - Spare Wheel | 021-001-007 | Case Assembly - Differential, Driven Front Steer",VMRS_HB_COMPLETE_v20 page 5_pages_26-50.md
027-011-008,,027,011,Carrier - Splitter Planetary | | Axle,VMRS_HB_COMPLETE_v20 page 5_pages_26-50.md
042-003-106,,042,003,"Carrier - Spring, Fan Drive | 022-003-012 | Case Assembly - Differential, Rear Axle",VMRS_HB_COMPLETE_v20 page 5_pages_26-50.md
053-001-002,,053,001,Carrier - Tire Chain | 001-001-053 | Case Assembly - Evaporator,VMRS_HB_COMPLETE_v20 page 5_pages_26-50.md
016-008-008,,016,008,Carrier - Trailing Arm Retainer | 001-001-081 | Case Assembly - Plenum Blower,VMRS_HB_COMPLETE_v20 page 5_pages_26-50.md
016-008-035,,016,008,"Carrier - Trailing Arm Retaining, Front | 051-009-035 | Cashbox Assembly",VMRS_HB_COMPLETE_v20 page 5_pages_26-50.md
082-001-011,,082,001,Suspension | | Casing - Evaporator,VMRS_HB_COMPLETE_v20 page 5_pages_26-50.md
027-013-001,,027,013,Carrier - Transmission Planetary | 077-010-003 | Caster - Dolly Jack,VMRS_HB_COMPLETE_v20 page 5_pages_26-50.md
002-010-119,,002,010,Carrier & Glass Assembly - Auxiliary Mirror | 071-026-014 | Casting - Bow,VMRS_HB_COMPLETE_v20 page 5_pages_26-50.md
058-005-012,,058,005,"Carrier Assembly | 002-004-211 | Casting - Hood, Corner",VMRS_HB_COMPLETE_v20 page 5_pages_26-50.md
027-015-000,,027,015,"Carrier Assembly - Rear Or Low, Output | 072-002-007 | Casting - Lower",VMRS_HB_COMPLETE_v20 page 5_pages_26-50.md
022-003-001,,022,003,"Carrier Assembly - Complete, Dillerential, | 071-002-024 | Casting - Lower Corner",VMRS_HB_COMPLETE_v20 page 5_pages_26-50.md
021-001-002,,021,001,"Driven, RealCarrier Assembly Differential Driven Front | 055-001-049 | Casting - Ramp End",VMRS_HB_COMPLETE_v20 page 5_pages_26-50.md
027-011-002,,027,011,Carrier Assembly - Planet Splitter | 072-002-006 | Casting - Upper,VMRS_HB_COMPLETE_v20 page 5_pages_26-50.md
053-004-086,,053,004,Carrying Case - Fusee (Flare) | 071-002-023 | Casting - Upper Corner,VMRS_HB_COMPLETE_v20 page 5_pages_26-50.md
055-011-009,,055,011,Carton Clamp | 053-007-137 | Castle Nut Kit,VMRS_HB_COMPLETE_v20 page 5_pages_26-50.md
065-019-007,,065,019,Cartridge | 043-006-084 | Catalyst - Diesel Oxidation,VMRS_HB_COMPLETE_v20 page 5_pages_26-50.md
045-011-057,,045,011,"Cartridge - Air Valve, Bypass Oil Filter | 043-001-030 | Catalytic Converter - Emission Controls",VMRS_HB_COMPLETE_v20 page 5_pages_26-50.md
168-003-020,,168,003,"Cartridge - Brake Valve, Mower | 043-006-020 | Catalytic Converter - Exhaust Aftertreatment",VMRS_HB_COMPLETE_v20 page 5_pages_26-50.md
052-006-005,,052,006,"Cartridge - Disc Changer, CD Player | | Devices",VMRS_HB_COMPLETE_v20 page 5_pages_26-50.md
059-027-025,,059,027,Cartridge - Double Check Valve | 043-007-065 | Catalytic Converter - Selective Catalytic,VMRS_HB_COMPLETE_v20 page 5_pages_26-50.md
053-006-172,,053,006,Cartridge - Fluid Sampling | | Reduction,VMRS_HB_COMPLETE_v20 page 5_pages_26-50.md
174-032-047,,174,032,"Cartridge - Manifold, Wheelchair Ramp | 014-005-008 | Catch - Battery Box",VMRS_HB_COMPLETE_v20 page 5_pages_26-50.md
100-005-011,,100,005,Mechanism | 071-006-019 | Catch - Bulkhead Door,VMRS_HB_COMPLETE_v20 page 5_pages_26-50.md
162-005-011,,162,005,"Cartridge - Reller, Control Valve | 002-050-485 | Catch - Bunk Center",VMRS_HB_COMPLETE_v20 page 5_pages_26-50.md
094-007-027,,094,007,"Cartridge - Replacement, Air Filter, vapor | 1/4-001-183 | Catch - Bus Engine Cover",VMRS_HB_COMPLETE_v20 page 5_pages_26-50.md
163-005-008,,163,005,Cartridge - Resistor Brush Chipper | 002-000-012 | Catch - Compartment Door,VMRS_HB_COMPLETE_v20 page 5_pages_26-50.md
053-010-010,,053,010,Cartridge - Respirator | 002-060-025 | Catch - Convertible Top,VMRS_HB_COMPLETE_v20 page 5_pages_26-50.md
016-020-011,,016,020,Cartridge - Strut | 015-011-009 | Catch - Dash Panel,VMRS_HB_COMPLETE_v20 page 5_pages_26-50.md
065-015-009,,065,015,Cartridge Assembly | 071-020-020 | Catch - Deck Support,VMRS_HB_COMPLETE_v20 page 5_pages_26-50.md
071-033-016,,071,033,"Cartridge Valve - Tarp System, Walking Floor | 002-050-405 | Catch - Door",VMRS_HB_COMPLETE_v20 page 5_pages_26-50.md
291-005-005,,291,005,"Cartridge Valve Assembly - Hydraulic, Speed & | 002-020-012 | Catch - Door Latch",VMRS_HB_COMPLETE_v20 page 5_pages_26-50.md
002-046-041,,002,046,"Tension, Hose Reel | | Catch - Door, Lower",VMRS_HB_COMPLETE_v20 page 5_pages_26-50.md
001-001-459,,001,001,Case - Air Inlet | 002-012-032 | Catch - Engine Cover,VMRS_HB_COMPLETE_v20 page 5_pages_26-50.md
027-001-000,,027,001,Case - Automatic Transmission | 002-046-066 | Catch - Lock,VMRS_HB_COMPLETE_v20 page 5_pages_26-50.md
028-001-000,,028,001,"Case - Auxiliary Transmission | 002-001-009 | Catch - Magnetic, Radiator Access Door",VMRS_HB_COMPLETE_v20 page 5_pages_26-50.md
368-001-003,,368,001,"Case - Belt-Drive, Base | 002-050-033 | Catch - Plug",VMRS_HB_COMPLETE_v20 page 5_pages_26-50.md
368-001-002,,368,001,"Case - Belt-Drive, Upper | 072-003-043 | Catch - Retainer, Door Handle",VMRS_HB_COMPLETE_v20 page 5_pages_26-50.md
001-002-041,,001,002,"Case - Blower & Air Inlet | 072-007-019 | Catch - Retainer, Door Handle, Reefer Door",VMRS_HB_COMPLETE_v20 page 5_pages_26-50.md
002-010-097,,002,010,Case - Cap Door Lock | 014-010-006 | Catch Safety Hood Fastener,VMRS_HB_COMPLETE_v20 page 5_pages_26-50.md
002-012-001,,002,012,Case - Defroster & Air Conditioning | 002-004-005 | Catch - Upper Bunk,VMRS_HB_COMPLETE_v20 page 5_pages_26-50.md
022-003-011,,022,003,Case - Differential Support | 002-050-052 | Catch Plug,VMRS_HB_COMPLETE_v20 page 5_pages_26-50.md
013-004-016,,013,004,Case - Elange Or Cylinder | 197-009-003 | Catcher - Fines Boom,VMRS_HB_COMPLETE_v20 page 5_pages_26-50.md
151-001-077,,151,001,"Case - Gear Housing, APU | 193-014-000 | Catwalks - Belt Convevor System",VMRS_HB_COMPLETE_v20 page 5_pages_26-50.md
162-001-030,,162,001,"Case - Gear, Conveyor Assembly | 194-014-000 | Catwalks - Bucket Conveyor System",VMRS_HB_COMPLETE_v20 page 5_pages_26-50.md
001-002-032,,001,002,Case - Heater Air Distributor | 197-013-000 | Catwalks - Chain Conveyor System,VMRS_HB_COMPLETE_v20 page 5_pages_26-50.md
001-002-205,,001,002,Case - Heater Core | 196-014-000 | Catwalks - Roller Conveyor System,VMRS_HB_COMPLETE_v20 page 5_pages_26-50.md
002-050-431,,002,050,Case - Lock Cylinder | 195-014-000 | Catwalks - Screw Conveyor System,VMRS_HB_COMPLETE_v20 page 5_pages_26-50.md
082-016-004,,082,016,"Case - Mechanical Refrigeration Unit (MRU), | 053-999-092 | Caulking - Sealant",VMRS_HB_COMPLETE_v20 page 5_pages_26-50.md
053-006-083,,053,006,Rear | | Caulking Gun,VMRS_HB_COMPLETE_v20 page 5_pages_26-50.md
058-004-004,,058,004,"Case - Motor, Winch | 052-006-000 | CD Player",VMRS_HB_COMPLETE_v20 page 5_pages_26-50.md
022-004-002,,022,004,Case - Power Divider | 052-006-001 | CD Player - Assembly,VMRS_HB_COMPLETE_v20 page 5_pages_26-50.md
022-004-008,,022,004,Case - Power Divider Differential | 052-012-007 | Cell Phone Holder,VMRS_HB_COMPLETE_v20 page 5_pages_26-50.md
044-002-005,,044,002,Case - Primary Fuel Filter | 052-012-000 | Cellular Telephone,VMRS_HB_COMPLETE_v20 page 5_pages_26-50.md
053-999-066,,053,999,000-1001-000 | Case - PTUCase - Doar goar Train Automatic Transmission | | Cement Tire Paten,VMRS_HB_COMPLETE_v20 page 5_pages_26-50.md
027-001-071,,027,001,"Case - Rear gear Train, Automatic Transmission | 000-988-082 | Gement - The Patch",VMRS_HB_COMPLETE_v20 page 5_pages_26-50.md
016-005-058,,016,005,Center (Spindle) - Adjustable Radius Rod | 199-003-005,VMRS_HB_COMPLETE_v20 page 5_pages_26-50.md
015-001-014,,015,001,"Center Assembly - Complete, Steering Wheel | 199-005-004",VMRS_HB_COMPLETE_v20 page 5_pages_26-50.md
053-006-167,,053,006,Centering Tool - Drive Shaft | 024-004-001,VMRS_HB_COMPLETE_v20 page 5_pages_26-50.md
053-014-027,,053,014,Central Assembly - Aqueous Parts Washer | 072-005-001,VMRS_HB_COMPLETE_v20 page 5_pages_26-50.md
097-001-000,,097,001,Centrifugal Pump - Product Discharge | 072-005-000,VMRS_HB_COMPLETE_v20 page 5_pages_26-50.md
053-006-291,,053,006,Centrifuge - Heated | 055-001-035,VMRS_HB_COMPLETE_v20 page 5_pages_26-50.md
045-011-066,,045,011,Centrifuge - Soot | 174-033-042,VMRS_HB_COMPLETE_v20 page 5_pages_26-50.md
053-007-032,,053,007,Chain | 197-001-004,VMRS_HB_COMPLETE_v20 page 5_pages_26-50.md
053-001-004,,053,001,111_010_000 | Chain,VMRS_HB_COMPLETE_v20 page 5_pages_26-50.md
053-001-014,,053,001,Chain Automatic Traction Dovico | 053 001 001,VMRS_HB_COMPLETE_v20 page 5_pages_26-50.md
104-002-000,,104,002,Chain - Rucket Convoyor System | 260 005 022,VMRS_HB_COMPLETE_v20 page 5_pages_26-50.md
055-022-010,,055,022,Chain - Ducket Conveyor System | 309-000-022,VMRS_HB_COMPLETE_v20 page 5_pages_26-50.md
107-001-007,,107,001,Chain - Cargo DulikChain - Chain Convoyor | 052 001 022,VMRS_HB_COMPLETE_v20 page 5_pages_26-50.md
197-001-007,,197,001,Chain - Chain Conveyor | 053-001-023,VMRS_HB_COMPLETE_v20 page 5_pages_26-50.md
304-007-004,,304,007,Assembly | 053-999-150,VMRS_HB_COMPLETE_v20 page 5_pages_26-50.md
264-000-002,,264,000,Assembly | 033-000-147,VMRS_HB_COMPLETE_v20 page 5_pages_26-50.md
304-009-003,,304,009,"Chain - Connecting Link, Tank | 042-003-074",VMRS_HB_COMPLETE_v20 page 5_pages_26-50.md
162-002-002,,162,002,Chain - Conveyor Assembly | 022-004-106,VMRS_HB_COMPLETE_v20 page 5_pages_26-50.md
197-001-000,,197,001,Chain - Conveyor System | 001 001 040,VMRS_HB_COMPLETE_v20 page 5_pages_26-50.md
168-001-011,,168,001,"Chain - Coupling, Mower | 021-001-042",VMRS_HB_COMPLETE_v20 page 5_pages_26-50.md
364-007-003,,364,007,"Chain - Coupling, Pump Agitator Assembly | 011-001-060",VMRS_HB_COMPLETE_v20 page 5_pages_26-50.md
027-012-028,,027,012,Chain - Drive | 365-007-046,VMRS_HB_COMPLETE_v20 page 5_pages_26-50.md
027-040-004,,027,040,Chain - Drive | 013-010-245,VMRS_HB_COMPLETE_v20 page 5_pages_26-50.md
045-008-227,,045,008,"Chain - Drive, Balance Shaft | 043-004-052",VMRS_HB_COMPLETE_v20 page 5_pages_26-50.md
364-009-002,,364,009,"Chain - Drive, Tank | 013-010-244",VMRS_HB_COMPLETE_v20 page 5_pages_26-50.md
173-001-008,,173,001,Chain - Dump Body | 013-010-097,VMRS_HB_COMPLETE_v20 page 5_pages_26-50.md
174-033-028,,174,033,"Chain - Energy, Control Unit | 013-004-030",VMRS_HB_COMPLETE_v20 page 5_pages_26-50.md
162-001-004,,162,001,Chain - Feedgate | 002-015-200,VMRS_HB_COMPLETE_v20 page 5_pages_26-50.md
065-017-007,,065,017,Chain - Filler Cap | 365-007-049,VMRS_HB_COMPLETE_v20 page 5_pages_26-50.md
053-023-001,,053,023,"Chain - G30, Hardware Grade | 013-010-034",VMRS_HB_COMPLETE_v20 page 5_pages_26-50.md
055-031-001,,055,031,"Chain - G70, Transport Grade | 013-013-060",VMRS_HB_COMPLETE_v20 page 5_pages_26-50.md
053-023-000,,053,023,Chain - Hardware Grade,VMRS_HB_COMPLETE_v20 page 5_pages_26-50.md
162-004-002,,162,004,"Chain - Hold Down, Spreader Assembly | 016-018-059",VMRS_HB_COMPLETE_v20 page 5_pages_26-50.md
069-004-002,,069,004,Chain - Latch | 013-004-027,VMRS_HB_COMPLETE_v20 page 5_pages_26-50.md
462-006-001,,462,006,"Chain - Leveling, Lower Boom | 013-010-248",VMRS_HB_COMPLETE_v20 page 5_pages_26-50.md
462-011-001,,462,011,"Chain - Leveling, Upper, Lower Boom Leveling",VMRS_HB_COMPLETE_v20 page 5_pages_26-50.md
055-009-010,,055,009,"Chain - Lift Assembly, Lift Truck | 013-013-048",VMRS_HB_COMPLETE_v20 page 5_pages_26-50.md
055-016-018,,055,016,"Chain - Lift Assembly, Power Tailgate",VMRS_HB_COMPLETE_v20 page 5_pages_26-50.md
055-023-021,,055,023,"Chain - Lift, Wheelchair Lift Platform | 044-010-050",VMRS_HB_COMPLETE_v20 page 5_pages_26-50.md
057-001-012,,057,001,"Chain - Link, Spare Tire Carrier | 053-001-021",VMRS_HB_COMPLETE_v20 page 5_pages_26-50.md
172-007-077,,172,007,"Chain - Lower, Loader | 027-024-044",VMRS_HB_COMPLETE_v20 page 5_pages_26-50.md
045-008-161,,045,008,Chain - Oil Pump Drive | 071-020-018,VMRS_HB_COMPLETE_v20 page 5_pages_26-50.md
045-009-052,,045,009,Chain - Oil Pump Drive | 174-028-051,VMRS_HB_COMPLETE_v20 page 5_pages_26-50.md
056-001-011,,056,001,Chain - PTO Drive | 079-001-008,VMRS_HB_COMPLETE_v20 page 5_pages_26-50.md
094-006-005,,094,006,Chain - Reel Drive | 002-025-014,VMRS_HB_COMPLETE_v20 page 5_pages_26-50.md
059-014-005,,059,014,Chain - Reservoir Cap | 071-002-030,VMRS_HB_COMPLETE_v20 page 5_pages_26-50.md
072-004-058,,072,004,"Chain - Retaining, Padlock | 002-004-117",VMRS_HB_COMPLETE_v20 page 5_pages_26-50.md
174-012-038,,174,012,"Chain - Retaining, Side Emergency Door | 072-004-086",VMRS_HB_COMPLETE_v20 page 5_pages_26-50.md
055-006-008,,055,006,Chain - Roller | 041-001-084,VMRS_HB_COMPLETE_v20 page 5_pages_26-50.md
002-020-039,,002,020,"Chain - Roller, Door | 002-050-285",VMRS_HB_COMPLETE_v20 page 5_pages_26-50.md
072-004-060,,072,004,Chain - Safety (For 072-004-039) | 071-023-016,VMRS_HB_COMPLETE_v20 page 5_pages_26-50.md
059-004-003,,059,004,"Chain - Safety, Drawbar | 174-001-009",VMRS_HB_COMPLETE_v20 page 5_pages_26-50.md
364-001-022,,364,001,"Chain - Safety, Paver/Melter Assembly | 174-021-010",VMRS_HB_COMPLETE_v20 page 5_pages_26-50.md
055-001-010,,055,001,"Chain - Safety, Power Liftgate | 055-012-048",VMRS_HB_COMPLETE_v20 page 5_pages_26-50.md
002-015-055,,002,015,"Chain - Safety, Rear Quarter & Deck Panels | 172-001-032",VMRS_HB_COMPLETE_v20 page 5_pages_26-50.md
034-001-126,,034,001,Chain - Spot Lamp | 071-026-015,VMRS_HB_COMPLETE_v20 page 5_pages_26-50.md
065-013-023,,065,013,Chain - Sprocket Drive | 002-025-009,VMRS_HB_COMPLETE_v20 page 5_pages_26-50.md
045-008-016,,045,008,"Chain - Timing, Engine | 002-017-019",VMRS_HB_COMPLETE_v20 page 5_pages_26-50.md
111-010-001,,111,010,Chain - Track | 002-025-018,VMRS_HB_COMPLETE_v20 page 5_pages_26-50.md
025-001-158,,025,001,Chain - Transfer Case | 174-001-221,VMRS_HB_COMPLETE_v20 page 5_pages_26-50.md
055-031-000,,055,031,Chain - Transport Grade | 071-020-002,VMRS_HB_COMPLETE_v20 page 5_pages_26-50.md
174-003-031,,174,003,Chain - Underbody Storage Compartment Door | 174-033-109,VMRS_HB_COMPLETE_v20 page 5_pages_26-50.md
172-007-076,,172,007,"Chain - Upper, Loader | 002-050-045",VMRS_HB_COMPLETE_v20 page 5_pages_26-50.md
055-012-016,,055,012,Chain Anchor - Tie-Down | 174-010-036,VMRS_HB_COMPLETE_v20 page 5_pages_26-50.md
016-005-150,,016,005,Chain Arm - Instant Traction | 002-012-078,VMRS_HB_COMPLETE_v20 page 5_pages_26-50.md
059-006-013,,059,006,"Chain Attachment - Tow Device, Front | 071-003-051",VMRS_HB_COMPLETE_v20 page 5_pages_26-50.md
197-000-000,,197,000,Chain Conveyor System | 077-004-003,VMRS_HB_COMPLETE_v20 page 5_pages_26-50.md
013-013-058,,013,013,Chain Cover Kit | 071-002-029,VMRS_HB_COMPLETE_v20 page 5_pages_26-50.md
024-004-000,,024,004,Chain Drive | 002-018-068,VMRS_HB_COMPLETE_v20 page 5_pages_26-50.md
199-004-005,,199,004,Chain Drive - Fines Screen | 002-018-021,VMRS_HB_COMPLETE_v20 page 5_pages_26-50.md
199-001-005,,199,001,Chain Drive - OCC Screen | 174-033-125,VMRS_HB_COMPLETE_v20 page 5_pages_26-50.md
199-002-005,,199,002,Chain Drive - ONP Screen | 072-001-029,VMRS_HB_COMPLETE_v20 page 5_pages_26-50.md
,003-005,003,005,9- | Chain Drive - Polishing Screen,VMRS_HB_COMPLETE_v20 page 5_pages_26-50.md
,005-001,005,001,2 | Chain Drive Assembly,VMRS_HB_COMPLETE_v20 page 5_pages_26-50.md
,033-042,033,042,4- | Chain Kit - Control Unit,VMRS_HB_COMPLETE_v20 page 5_pages_26-50.md
,001-004,001,004,7- | Chain Ring - Chain Conveyor,VMRS_HB_COMPLETE_v20 page 5_pages_26-50.md
,001-016,001,016,3- | Chainplate - Automatic Traction Device,VMRS_HB_COMPLETE_v20 page 5_pages_26-50.md
,001-001,001,001,3- | Chains - Tire,VMRS_HB_COMPLETE_v20 page 5_pages_26-50.md
,005-022,005,022,"9- | Chains and Sprocket - Drive, Fabricated",VMRS_HB_COMPLETE_v20 page 5_pages_26-50.md
,001-023,001,023,3- | Chainwheel - Automatic Traction Device,VMRS_HB_COMPLETE_v20 page 5_pages_26-50.md
,999-156,999,156,3- | Chalk,VMRS_HB_COMPLETE_v20 page 5_pages_26-50.md
,006-147,006,147,3- | Chalk (Plumb) Box,VMRS_HB_COMPLETE_v20 page 5_pages_26-50.md
,003-074,003,074,2- | Chamber - Air,VMRS_HB_COMPLETE_v20 page 5_pages_26-50.md
,001-042,001,042,1- | Chamber - Air Driven Front Axle,VMRS_HB_COMPLETE_v20 page 5_pages_26-50.md
,001-060,001,060,"1- | Chamber - Air, Front Axle",VMRS_HB_COMPLETE_v20 page 5_pages_26-50.md
,007-046,007,046,"5- | Chamber - Air, Paint Pump",VMRS_HB_COMPLETE_v20 page 5_pages_26-50.md
,010-245,010,245,"3- | Chamber - Cover Section, Service Brake",VMRS_HB_COMPLETE_v20 page 5_pages_26-50.md
,004-052,004,052,3- | Chamber - Isolation,VMRS_HB_COMPLETE_v20 page 5_pages_26-50.md
,010-244,010,244,"3- | Chamber - Mounting Section, Service Brake",VMRS_HB_COMPLETE_v20 page 5_pages_26-50.md
,010-097,010,097,3- | Chamber - Non-Pressure,VMRS_HB_COMPLETE_v20 page 5_pages_26-50.md
,004-030,004,030,"3- | Chamber - Non-Pressure, Spring Brake",VMRS_HB_COMPLETE_v20 page 5_pages_26-50.md
,015-200,015,200,"2- | Chamber - Vent, Quarter Panel",VMRS_HB_COMPLETE_v20 page 5_pages_26-50.md
,007-049,007,049,"5- | Chamber - Water, Paint Pump",VMRS_HB_COMPLETE_v20 page 5_pages_26-50.md
,010-034,010,034,3- | Chamber Assembly - Service Brake,VMRS_HB_COMPLETE_v20 page 5_pages_26-50.md
,013-060,013,060,"3- | Chamber Assembly - Service Brake, Air Disc",VMRS_HB_COMPLETE_v20 page 5_pages_26-50.md
,018-059,018,059,"6- | Chamber Assembly - Service Brake, Slider",VMRS_HB_COMPLETE_v20 page 5_pages_26-50.md
,004-027,004,027,3- | Chamber Assembly - Spring & Service Brake,VMRS_HB_COMPLETE_v20 page 5_pages_26-50.md
,010-248,010,248,3- | Chamber Assembly - Spring Brake (Integral To,VMRS_HB_COMPLETE_v20 page 5_pages_26-50.md
,013-048,013,048,"3- | Chamber Assembly - Spring Brake, Air Disc",VMRS_HB_COMPLETE_v20 page 5_pages_26-50.md
,010-050,010,050,4 | Brake,VMRS_HB_COMPLETE_v20 page 5_pages_26-50.md
,001-021,001,021,"3- | Champel, All - Automatic Traction Device",VMRS_HB_COMPLETE_v20 page 5_pages_26-50.md
,028-051,028,051,4- | Channel - A/C Hose,VMRS_HB_COMPLETE_v20 page 5_pages_26-50.md
,025-014,025,014,2- | Channel - Back Glass,VMRS_HB_COMPLETE_v20 page 5_pages_26-50.md
,002-030,002,030,1- | Channel - Body,VMRS_HB_COMPLETE_v20 page 5_pages_26-50.md
,004-117,004,117,"2- | Channel - Bolt Head, Lock",VMRS_HB_COMPLETE_v20 page 5_pages_26-50.md
,004-086,004,086,"2- | Channel - Bottom, Roll-Up Rear Door",VMRS_HB_COMPLETE_v20 page 5_pages_26-50.md
,001-084,001,084,"1- | Channel - Brace, Stack, Air Intake",VMRS_HB_COMPLETE_v20 page 5_pages_26-50.md
,050-285,050,285,2- | Channel - Bulkhead,VMRS_HB_COMPLETE_v20 page 5_pages_26-50.md
,023-016,023,016,1- | Channel - Bulkhead Door,VMRS_HB_COMPLETE_v20 page 5_pages_26-50.md
,001-009,001,009,4- | Channel - Bus Floor,VMRS_HB_COMPLETE_v20 page 5_pages_26-50.md
,021-010,021,010,4- | Channel - Bus Luggage Rack Book Panel,VMRS_HB_COMPLETE_v20 page 5_pages_26-50.md
,012-048,012,048,5- | Channel - Captive Beam,VMRS_HB_COMPLETE_v20 page 5_pages_26-50.md
,001-032,001,032,2- | Channel - Container Body,VMRS_HB_COMPLETE_v20 page 5_pages_26-50.md
,026-015,026,015,1- | Channel - Curtain,VMRS_HB_COMPLETE_v20 page 5_pages_26-50.md
,025-009,025,009,"2- | Channel - Division, Cab Or Front Door",VMRS_HB_COMPLETE_v20 page 5_pages_26-50.md
,017-019,017,019,2- | Channel - Door Assembly,VMRS_HB_COMPLETE_v20 page 5_pages_26-50.md
,025-018,025,018,"2- | Channel - Door Glass, Upper",VMRS_HB_COMPLETE_v20 page 5_pages_26-50.md
,001-221,001,221,4- | Channel End Detaining Election,VMRS_HB_COMPLETE_v20 page 5_pages_26-50.md
,020-002,020,002,"1- | Channel - End Retaining, Flooring Section",VMRS_HB_COMPLETE_v20 page 5_pages_26-50.md
,050-045,050,045,2 | Channel Floor Doinforcomont,VMRS_HB_COMPLETE_v20 page 5_pages_26-50.md
,030-045,030,045,2- | Channel - Folding Entrance Door Guide Boller,VMRS_HB_COMPLETE_v20 page 5_pages_26-50.md
,012-078,012,078,2- | Channel - Foot Valve,VMRS_HB_COMPLETE_v20 page 5_pages_26-50.md
,003-051,003,051,1- | Channel - Front Cover,VMRS_HB_COMPLETE_v20 page 5_pages_26-50.md
,004-003,004,003,7- | Channel - Front Frame,VMRS_HB_COMPLETE_v20 page 5_pages_26-50.md
,002-029,002,029,1- | Channel - Front Wall,VMRS_HB_COMPLETE_v20 page 5_pages_26-50.md
,018-068,018,068,2- | Channel - Glass Lift,VMRS_HB_COMPLETE_v20 page 5_pages_26-50.md
,018-021,018,021,"2- | Channel - Glass, Front Ventilator",VMRS_HB_COMPLETE_v20 page 5_pages_26-50.md
,033-125,033,125,"4- | Channel - Guiding, Roller Assembly",VMRS_HB_COMPLETE_v20 page 5_pages_26-50.md
461-001-021,,461,001,"Channel - Large, Arrow Board | 053-007-138 | Chassis Hardware Kit",VMRS_HB_COMPLETE_v20 page 5_pages_26-50.md
002-015-053,,002,015,Channel - Lower | 176-000-000 | Chassis Shipping Unit,VMRS_HB_COMPLETE_v20 page 5_pages_26-50.md
002-050-356,,002,050,Channel - Lower Rear Cabinet | 176-001-000 | Chassis Shipping Unit - Assembly,VMRS_HB_COMPLETE_v20 page 5_pages_26-50.md
071-003-049,,071,003,Channel - Main | 002-018-008 | Check - Cab Or Front Door,VMRS_HB_COMPLETE_v20 page 5_pages_26-50.md
461-001-020,,461,001,"Channel - Medium. Arrow Board | 002-050-536 | Check - Compartment, Baggage Door",VMRS_HB_COMPLETE_v20 page 5_pages_26-50.md
174-001-133,,174,001,"Channel - Mounting, Bus Engine Slide-Out | 002-008-115 | Check - Glove Compartment Door, Dash",VMRS_HB_COMPLETE_v20 page 5_pages_26-50.md
002-015-160,,002,015,"Channel - Mounting, Cabinet | 002-022-005 | Check - Rear Door",VMRS_HB_COMPLETE_v20 page 5_pages_26-50.md
365-001-016,,365,001,Channel - Paint Heater | 045-010-023 | Check & Fill Assembly - Oil,VMRS_HB_COMPLETE_v20 page 5_pages_26-50.md
016-018-045,,016,018,Channel - Pin Cage | 065-019-003 | Check Ball - Check Valve Assembly,VMRS_HB_COMPLETE_v20 page 5_pages_26-50.md
002-025-013,,002,025,Channel - Quarter Glass | 065-016-007 | Check Ball - Reciprocating Pump (Diaphragm,VMRS_HB_COMPLETE_v20 page 5_pages_26-50.md
072-007-025,,072,007,"Channel - Reinforcement, Center, Reefer Door | | Type)",VMRS_HB_COMPLETE_v20 page 5_pages_26-50.md
072-007-024,,072,007,"Channel - Reinforcement, Side, Reefer Door | 044-002-042 | Check Ball W/Seal",VMRS_HB_COMPLETE_v20 page 5_pages_26-50.md
055-019-002,,055,019,Channel - Roller Bed | 027-024-019 | Check Or Rear Pump Priming Ball,VMRS_HB_COMPLETE_v20 page 5_pages_26-50.md
071-004-013,,071,004,Channel - Root | 053-008-022 | Check Valve,VMRS_HB_COMPLETE_v20 page 5_pages_26-50.md
002-025-005,,002,025,"Channel - Run, Cab Or Front Door Glass | 056-003-015 | Check Valve",VMRS_HB_COMPLETE_v20 page 5_pages_26-50.md
002-025-006,,002,025,"Channel - Run, Rear Door Glass | 042-002-053 | Check valve - Radiator",VMRS_HB_COMPLETE_v20 page 5_pages_26-50.md
002-025-007,,002,025,"Channel - Run, Side Door Glass | 065-019-001 | Check valve Assembly - Hydraulic System",VMRS_HB_COMPLETE_v20 page 5_pages_26-50.md
002-025-010,,002,025,"Channel - Run, Side Silding Glass | 000-019-000 | Check valve Assembly Components",VMRS_HB_COMPLETE_v20 page 5_pages_26-50.md
002-025-004,,002,025,"Channel - Sash, Dack Window (Window Flame) | 111 000 004 | Check Valve - 2-vvay, Locking Device",VMRS_HB_COMPLETE_v20 page 5_pages_26-50.md
174-001-175,,174,001,Channel Scrow Bus Door Mounting | 013 010 087 | Check Valve - Aujuster,VMRS_HB_COMPLETE_v20 page 5_pages_26-50.md
002-027-145,,002,027,"Channel - Solew, Bus Door Mounting | 026-011-142 | Check Valve - Air Eilter",VMRS_HB_COMPLETE_v20 page 5_pages_26-50.md
055-022-005,,055,022,Channel - Shelving | 0/3-001-015 | Check Valve - Air Manifold,VMRS_HB_COMPLETE_v20 page 5_pages_26-50.md
002-025-015,,002,025,Channel - Side Stationary Glass | 022-005-017 | Check Valve - Air Mannold,VMRS_HB_COMPLETE_v20 page 5_pages_26-50.md
071-003-053,,071,003,Channel - Side Wall | 016-008-112 | Check Valve - Air Bide Suspension,VMRS_HB_COMPLETE_v20 page 5_pages_26-50.md
174-005-030,,174,005,Channel - Slide Rus Body Side Window | 032-004-002 | Check Valve - Air Supply,VMRS_HB_COMPLETE_v20 page 5_pages_26-50.md
002-019-056,,002,019,Channel - Sliding Side Door | 059-001-077 | Check Valve - Air Eifth Wheel,VMRS_HB_COMPLETE_v20 page 5_pages_26-50.md
461-001-019,,461,001,Channel - Small Arrow Board | 013-010-013 | Check Valve - Air Power Brakes,VMRS_HB_COMPLETE_v20 page 5_pages_26-50.md
004-001-020,,004,001,"Channel - Support Boof Air Deflector | 041-004-007 | Check Valve - Air, Tip Turbine",VMRS_HB_COMPLETE_v20 page 5_pages_26-50.md
002-015-185,,002,015,"Channel - Surround, Glass, Quarter Panel | 043-004-008 | Check Valve - Air. Turbocharger",VMRS_HB_COMPLETE_v20 page 5_pages_26-50.md
069-004-003,,069,004,Channel - Transition | 013-009-036 | Check Valve - Alcohol Evaporator,VMRS_HB_COMPLETE_v20 page 5_pages_26-50.md
002-025-039,,002,025,Channel - Vent Window | 044-003-174 | Check Valve - Aneroid,VMRS_HB_COMPLETE_v20 page 5_pages_26-50.md
002-025-017,,002,025,"Channel - Ventilator Glass, Cab Or Front Door | 002-035-077 | Check Valve - Anti-Spill, Windshield Washer",VMRS_HB_COMPLETE_v20 page 5_pages_26-50.md
071-003-042,,071,003,"Channel - Vertical Adapter, For FRP Side Panel | 044-003-047 | Check Valve - Bleed-Back",VMRS_HB_COMPLETE_v20 page 5_pages_26-50.md
013-008-038,,013,008,Ends | | Check Valve - Breakaway,VMRS_HB_COMPLETE_v20 page 5_pages_26-50.md
002-025-057,,002,025,"Channel - Weatherstrip, Windshield Frame | 082-004-030 | Check Valve - Compressor",VMRS_HB_COMPLETE_v20 page 5_pages_26-50.md
055-023-063,,055,023,Channel - Wheelchair Lift | 082-023-014 | Check Valve - Condenser,VMRS_HB_COMPLETE_v20 page 5_pages_26-50.md
002-025-003,,002,025,"Channel - Window Sash, Cab Or Front Door | 055-020-006 | Check Valve - Control Panel",VMRS_HB_COMPLETE_v20 page 5_pages_26-50.md
174-001-220,,174,001,"Channel - Window, Bus Body | 055-021-005 | Check Valve - Control System",VMRS_HB_COMPLETE_v20 page 5_pages_26-50.md
002-025-012,,002,025,Channel - Windshield Glass | 065-020-033 | Check Valve - Control Valve,VMRS_HB_COMPLETE_v20 page 5_pages_26-50.md
002-027-084,,002,027,"Channel Assembly | 042-011-002 | Check Valve - Coolant Pre-Heater, Engine",VMRS_HB_COMPLETE_v20 page 5_pages_26-50.md
055-010-191,,055,010,Channel Assembly - Hose Guide | 044-011-065 | Check Valve - Cruise Control,VMRS_HB_COMPLETE_v20 page 5_pages_26-50.md
042-002-090,,042,002,"Channel, Mounting - Radiator to Heat Exchanger | 065-004-025 | Check Valve - Cylinder, Hydraulic System",VMRS_HB_COMPLETE_v20 page 5_pages_26-50.md
174-004-007,,174,004,"Channel, Slide-Out - Underbody Battery | 042-009-019 | Check Valve - Engine Pre-Heater",VMRS_HB_COMPLETE_v20 page 5_pages_26-50.md
174-009-006,,174,009,"Channel, Silding - Bus Driver Side Window | 044-016-006 | Check valve - Evaporative Emission System",VMRS_HB_COMPLETE_v20 page 5_pages_26-50.md
041-004-000,,041,004,Charge Air Cooler | 307-003-000 | Check Valve - Flow Control,VMRS_HB_COMPLETE_v20 page 5_pages_26-50.md
041-004-021,,041,004,Charge Port Electric Vehicle | 027-024-025 | Check Valve - Front Pump,VMRS_HB_COMPLETE_v20 page 5_pages_26-50.md
367-003-004,,367,003,Charge Poil - Electric Venicle | 044-001-077 | Check Valve - FuelCheck Valve - Fuel Filter/Water Separator,VMRS_HB_COMPLETE_v20 page 5_pages_26-50.md
032-005-002,,032,005,"Charger - Battory Trickle, On Board | 044-002-099 | Check Valve - Fuel Line, Gasoous",VMRS_HB_COMPLETE_v20 page 5_pages_26-50.md
052-003-002,,052,003,Charger - Cell Phone | 044-012-012 | Check Valve - Fuel Pump,VMRS_HB_COMPLETE_v20 page 5_pages_26-50.md
052-012-012,,052,012,Charger - Computer Tablet | 001-003-151 | Check Valve - Fuel Auxiliary Heater,VMRS_HB_COMPLETE_v20 page 5_pages_26-50.md
053-006-025,,053,006,Charger - Lamp Portable | 082-039-049 | Check Valve - Fuel/Water Separator Beefer,VMRS_HB_COMPLETE_v20 page 5_pages_26-50.md
063-005-006,,063,005,Charger - Portable Handheld Device | 001-002-062 | Check Valve - Heater Core,VMRS_HB_COMPLETE_v20 page 5_pages_26-50.md
031-006-000,,031,006,Charging Control Unit - Electric Vehicle | 044-014-010 | Check Valve - High Pressure Oil Pump,VMRS_HB_COMPLETE_v20 page 5_pages_26-50.md
031-006-001,,031,006,Charging Control Unit Assembly - Electric | 367-003-005 | Check Valve - Hvdraulic System,VMRS_HB_COMPLETE_v20 page 5_pages_26-50.md
055-023-099,,055,023,"Vehicle | | Check Valve - Hydraulic System, Wheelchair Lift",VMRS_HB_COMPLETE_v20 page 5_pages_26-50.md
031-007-000,,031,007,"Charging Interface - Electric Vehicle | 045-011-056 | Check Valve - Inlet, Bypass Oil Filter",VMRS_HB_COMPLETE_v20 page 5_pages_26-50.md
055-001-111,,055,001,Charging Plate Assembly - Trail Charger | 044-003-245 | Check Valve - Integrated Fuel Systems,VMRS_HB_COMPLETE_v20 page 5_pages_26-50.md
031-000-000,,031,000,Charging System | | Management (IFSM),VMRS_HB_COMPLETE_v20 page 5_pages_26-50.md
051-004-018,,051,004,Chart - Graph | 013-008-034 | Check Valve - Manifold,VMRS_HB_COMPLETE_v20 page 5_pages_26-50.md
015-001-012,,015,001,"Chassis - Center, Steering Wheel | 291-003-011 | Check Valve - Non-Return, Air Controlled, Air",VMRS_HB_COMPLETE_v20 page 5_pages_26-50.md
004-014-019,,004,014,Chassis Air Flow Fairing Assembly - Complete | | Eliminator Vessel,VMRS_HB_COMPLETE_v20 page 5_pages_26-50.md
004-014-000,,004,014,Chassis Air Flow Management Fairing Aerokit | 026-011-141 | Check Valve - Oil,VMRS_HB_COMPLETE_v20 page 5_pages_26-50.md
053-006-232,,053,006,Chassis Alignment Tool | 082-002-047 | Check Valve - Oil Pump,VMRS_HB_COMPLETE_v20 page 5_pages_26-50.md
061-006-000,,061,006,Chassis Assembly - Scrubber | 082-002-048 | Check Valve - Oil Return,VMRS_HB_COMPLETE_v20 page 5_pages_26-50.md
061-001-000,,061,001,Chassis Assembly - Sweeper | 051-013-009 | Check Valve - On Board Air Pump,VMRS_HB_COMPLETE_v20 page 5_pages_26-50.md
013-010-461,,013,010,"Chassis Communication Module - Air Brake | 045-011-062 | Check Valve - Outlet, Bypass Oil Filter",VMRS_HB_COMPLETE_v20 page 5_pages_26-50.md
