code_9d,code_6d,system,subcode,description,source_file
,004-220,004,220,02- | Frame - Hood,VMRS_HB_COMPLETE_v20 page 7_pages_76-100.md
,004-221,004,221,02- | Bracket - Hood Spring,VMRS_HB_COMPLETE_v20 page 7_pages_76-100.md
,004-222,004,222,"02- | Bracket - Isolator, Hood Support",VMRS_HB_COMPLETE_v20 page 7_pages_76-100.md
,004-223,004,223,"02- | Bracket - Damper, Hood",VMRS_HB_COMPLETE_v20 page 7_pages_76-100.md
,004-224,004,224,"02- | Backing Plate - End Tie, Hood",VMRS_HB_COMPLETE_v20 page 7_pages_76-100.md
,004-225,004,225,02- | Collar - Hood,VMRS_HB_COMPLETE_v20 page 7_pages_76-100.md
,004-226,004,226,02- | Trim - Hood,VMRS_HB_COMPLETE_v20 page 7_pages_76-100.md
,004-227,004,227,02- | Panel - Headlamp Mounting,VMRS_HB_COMPLETE_v20 page 7_pages_76-100.md
,004-228,004,228,02- | Reinforcement - Headlamp Panel,VMRS_HB_COMPLETE_v20 page 7_pages_76-100.md
,004-229,004,229,"02- | Cover - Hinge, Access Door",VMRS_HB_COMPLETE_v20 page 7_pages_76-100.md
,004-230,004,230,"02- | Block - Bearing, Torsion Bar",VMRS_HB_COMPLETE_v20 page 7_pages_76-100.md
,004-231,004,231,"02- | Strip - Protective, Cowl",VMRS_HB_COMPLETE_v20 page 7_pages_76-100.md
,004-232,004,232,02- | Mounting Bracket - Hood Bezel,VMRS_HB_COMPLETE_v20 page 7_pages_76-100.md
,004-233,004,233,"02- | Bezel - Hood, Side",VMRS_HB_COMPLETE_v20 page 7_pages_76-100.md
,004-234,004,234,02- | Strut - Hood Tilt Assist,VMRS_HB_COMPLETE_v20 page 7_pages_76-100.md
,004-235,004,235,"02- | Shroud - HVAC, Top",VMRS_HB_COMPLETE_v20 page 7_pages_76-100.md
,004-236,004,236,"02- | Shroud - HVAC, Side",VMRS_HB_COMPLETE_v20 page 7_pages_76-100.md
,004-237,004,237,"02- | Screen - Scoop, Hood",VMRS_HB_COMPLETE_v20 page 7_pages_76-100.md
,004-238,004,238,02- | Repair Kit - Hood,VMRS_HB_COMPLETE_v20 page 7_pages_76-100.md
,004-239,004,239,"02- | Spacer - Torsion Bar, Hood",VMRS_HB_COMPLETE_v20 page 7_pages_76-100.md
,004-240,004,240,"02- | Mounting Plate - Torsion Bar, Hood",VMRS_HB_COMPLETE_v20 page 7_pages_76-100.md
,004-241,004,241,"02- | Spacer - Latch, Access Door, Hood",VMRS_HB_COMPLETE_v20 page 7_pages_76-100.md
,004-242,004,242,"02- | Bracket - Grille, Intake, Hood",VMRS_HB_COMPLETE_v20 page 7_pages_76-100.md
,004-243,004,243,"02- | Backing Plate - Intake Grille, Hood",VMRS_HB_COMPLETE_v20 page 7_pages_76-100.md
,004-244,004,244,"02- | Bezel - Complete, Hood",VMRS_HB_COMPLETE_v20 page 7_pages_76-100.md
,004-245,004,245,02- | Spring - Pivot Hood,VMRS_HB_COMPLETE_v20 page 7_pages_76-100.md
,004-246,004,246,02- | Snow Door - Hood,VMRS_HB_COMPLETE_v20 page 7_pages_76-100.md
,004-247,004,247,"02- | Mechanism - Snow Door, Hood",VMRS_HB_COMPLETE_v20 page 7_pages_76-100.md
,004-248,004,248,"02- | Housing - Snow Door, Hood",VMRS_HB_COMPLETE_v20 page 7_pages_76-100.md
,004-249,004,249,"02- | Frame - Snow Door, Hood",VMRS_HB_COMPLETE_v20 page 7_pages_76-100.md
,004-250,004,250,"02- | Flap - Snow Door, Hood",VMRS_HB_COMPLETE_v20 page 7_pages_76-100.md
,004-251,004,251,"02- | Linkage - Snow Door, Hood",VMRS_HB_COMPLETE_v20 page 7_pages_76-100.md
,004-252,004,252,"02- | Cylinder - Air, Snow Door, Hood",VMRS_HB_COMPLETE_v20 page 7_pages_76-100.md
,004-253,004,253,02- | Hinge - Pivot Hood,VMRS_HB_COMPLETE_v20 page 7_pages_76-100.md
,004-254,004,254,02- | Plate - Isolator Front Hood Mount,VMRS_HB_COMPLETE_v20 page 7_pages_76-100.md
,004-255,004,255,"02- | Panel - Antiglare, Hood",VMRS_HB_COMPLETE_v20 page 7_pages_76-100.md
002-004-256,,002,004,"Support - Pivot Bracket, Right, Hood",VMRS_HB_COMPLETE_v20 page 7_pages_76-100.md
,004-257,004,257,"02- | Support - Pivot Bracket, Left, Hood",VMRS_HB_COMPLETE_v20 page 7_pages_76-100.md
,004-258,004,258,"02- | Bracket - Pivot, Right, Hood",VMRS_HB_COMPLETE_v20 page 7_pages_76-100.md
,004-259,004,259,"02- | Bracket - Pivot, Left, Hood",VMRS_HB_COMPLETE_v20 page 7_pages_76-100.md
002-004-260,,002,004,Rod End - Hood Pivot Hinge Bracket,VMRS_HB_COMPLETE_v20 page 7_pages_76-100.md
002-004-261,,002,004,Bracket - Hood Pivot Hinge,VMRS_HB_COMPLETE_v20 page 7_pages_76-100.md
,004-262,004,262,"02- | Skin - Hood, Top",VMRS_HB_COMPLETE_v20 page 7_pages_76-100.md
,004-263,004,263,"02- | Skin - Hood, Right",VMRS_HB_COMPLETE_v20 page 7_pages_76-100.md
,004-264,004,264,"02- | Skin - Hood, Left",VMRS_HB_COMPLETE_v20 page 7_pages_76-100.md
002-004-265,,002,004,"Brace - Hood, Pivot",VMRS_HB_COMPLETE_v20 page 7_pages_76-100.md
,004-266,004,266,02- | J-Hook - Hood Pivot,VMRS_HB_COMPLETE_v20 page 7_pages_76-100.md
,004-267,004,267,"02- | Cover - Hood Latch, Left",VMRS_HB_COMPLETE_v20 page 7_pages_76-100.md
,004-268,004,268,"02- | Cover - Hood Latch, Right",VMRS_HB_COMPLETE_v20 page 7_pages_76-100.md
,004-269,004,269,02- | Reinforcement - Hood Latch,VMRS_HB_COMPLETE_v20 page 7_pages_76-100.md
,004-270,004,270,"02- | Reinforcement - Hood, Grille",VMRS_HB_COMPLETE_v20 page 7_pages_76-100.md
,004-271,004,271,02- | Gasket - Air Scoop,VMRS_HB_COMPLETE_v20 page 7_pages_76-100.md
,004-272,004,272,"02- | Gasket - Emblem, Hood",VMRS_HB_COMPLETE_v20 page 7_pages_76-100.md
,004-273,004,273,"02- | Plate - Striker, Hood Lock",VMRS_HB_COMPLETE_v20 page 7_pages_76-100.md
,004-274,004,274,"02- | Gasket - Molding, Hood",VMRS_HB_COMPLETE_v20 page 7_pages_76-100.md
,004-275,004,275,"02- | Gasket - Ornament, Hood",VMRS_HB_COMPLETE_v20 page 7_pages_76-100.md
,004-276,004,276,"02- | Bushing - Rod, Hood Support",VMRS_HB_COMPLETE_v20 page 7_pages_76-100.md
,004-277,004,277,"02- | Hold-Down - Rod, Hood Support",VMRS_HB_COMPLETE_v20 page 7_pages_76-100.md
,004-278,004,278,"02- | Holder - Strut, Hood Support",VMRS_HB_COMPLETE_v20 page 7_pages_76-100.md
,004-279,004,279,02- | Weatherstrip - Hood,VMRS_HB_COMPLETE_v20 page 7_pages_76-100.md
,004-280,004,280,"02- | Support - Latch, Hood",VMRS_HB_COMPLETE_v20 page 7_pages_76-100.md
,004-281,004,281,02- | Cylinder - Hood Restraint,VMRS_HB_COMPLETE_v20 page 7_pages_76-100.md
,004-282,004,282,02- | Hook - Hood Hold-Down,VMRS_HB_COMPLETE_v20 page 7_pages_76-100.md
,004-283,004,283,02- | Shroud - Air Intake,VMRS_HB_COMPLETE_v20 page 7_pages_76-100.md
002-005-000,,002,005,Cowl Panels,VMRS_HB_COMPLETE_v20 page 7_pages_76-100.md
002-005-001,,002,005,Panel Assembly - Cowl. Cab,VMRS_HB_COMPLETE_v20 page 7_pages_76-100.md
002-005-002,,002,005,Reinforcements - Cowl Panel,VMRS_HB_COMPLETE_v20 page 7_pages_76-100.md
002-005-003,,002,005,Door - Access,VMRS_HB_COMPLETE_v20 page 7_pages_76-100.md
002-005-004,,002,005,Support & Anchor Plate - Hood Hinge,VMRS_HB_COMPLETE_v20 page 7_pages_76-100.md
002-005-005,,002,005,Ventilator - Cowl,VMRS_HB_COMPLETE_v20 page 7_pages_76-100.md
,005-006,005,006,02- | Retainer - Access Door Panel,VMRS_HB_COMPLETE_v20 page 7_pages_76-100.md
002-005-007,,002,005,"Pull Knob - Ventilator Door | 002-006-038 | Hardware, Mounting - Headliner",VMRS_HB_COMPLETE_v20 page 7_pages_76-100.md
002-005-008,,002,005,"Control - Hand, Cowl Vent | 002-006-039 | Handle - Hatch",VMRS_HB_COMPLETE_v20 page 7_pages_76-100.md
002-005-009,,002,005,Rod - Pull Knob To Ventilator Door | 002-006-040 | Header - Cab Roof,VMRS_HB_COMPLETE_v20 page 7_pages_76-100.md
002-005-010,,002,005,"Hardware, Mounting - Cowi Panel Assembly | 002-006-041 | Reinforcement - Roof, Cab",VMRS_HB_COMPLETE_v20 page 7_pages_76-100.md
002-005-011,,002,005,Gasket - Access Door | 002-006-042 | Clin - Rim Sunroof Hatch,VMRS_HB_COMPLETE_v20 page 7_pages_76-100.md
002-005-012,,002,005,Stop - Access Door | 002-006-043 | Cover - Suproof Hatch,VMRS_HB_COMPLETE_v20 page 7_pages_76-100.md
002-005-014,,002,005,Bracket - Cowl Support | 002-006-045 | Glass - Sunroof Hatch,VMRS_HB_COMPLETE_v20 page 7_pages_76-100.md
002-005-015,,002,005,"Tray - Rain | 002-006-046 | Motor - Sunroof, Hatch",VMRS_HB_COMPLETE_v20 page 7_pages_76-100.md
002-005-016,,002,005,"Panel - Sheet Metal, Cowl | 002-006-047 | Plate - Sunroof, Hatch",VMRS_HB_COMPLETE_v20 page 7_pages_76-100.md
002-005-017,,002,005,"Insulation - Side, Cowl | 002-006-048 | Rim - Sunroof, Hatch",VMRS_HB_COMPLETE_v20 page 7_pages_76-100.md
002-005-018,,002,005,"Tube - Drain, Rain Tray | 002-006-049 | Vent - Roof, Powered",VMRS_HB_COMPLETE_v20 page 7_pages_76-100.md
002-005-019,,002,005,"Plug - Rain Tray | 002-006-050 | Shield - Rain, Header",VMRS_HB_COMPLETE_v20 page 7_pages_76-100.md
002-005-020,,002,005,Seal - Rain Iray | 002-006-051 | Harness - Root Exit Hatch,VMRS_HB_COMPLETE_v20 page 7_pages_76-100.md
002-005-021,,002,005,Hinge - Access Door | 002-006-052 | Switch - Roof Exit Hatch,VMRS_HB_COMPLETE_v20 page 7_pages_76-100.md
002-005-022,,002,005,End Plate - Cowl | 002-006-053 | Nose - Roof Front,VMRS_HB_COMPLETE_v20 page 7_pages_76-100.md
002-005-025,,002,005,Corner - Cowl | 002-006-054 | Nosing - Boof Front,VMRS_HB_COMPLETE_v20 page 7_pages_76-100.md
002-005-026,,002,005,"Trim - Cowl | 002-006-057 | Beam - Shelf, Parcel",VMRS_HB_COMPLETE_v20 page 7_pages_76-100.md
002-005-027,,002,005,"Trough - Drip, Cowl | 002-006-058 | Canopy",VMRS_HB_COMPLETE_v20 page 7_pages_76-100.md
002-005-028,,002,005,"Extension - Cowl, Side | 002-006-059 | Frame - Canopy",VMRS_HB_COMPLETE_v20 page 7_pages_76-100.md
002-005-029,,002,005,"Cowling - Door, Side | 002-006-060 | Support - Canopy",VMRS_HB_COMPLETE_v20 page 7_pages_76-100.md
002-005-030,,002,005,"Adhesive Kit - Cowl | 002-006-061 | Shim - Transition, Roof",VMRS_HB_COMPLETE_v20 page 7_pages_76-100.md
002-005-031,,002,005,Cross Member - Cowl | 002-006-062 | Lift Support - Rear Hatch,VMRS_HB_COMPLETE_v20 page 7_pages_76-100.md
002-005-032,,002,005,"Cap - Cowl Grille | 002-006-063 | Rack - Root, Exterior",VMRS_HB_COMPLETE_v20 page 7_pages_76-100.md
002-005-033,,002,005,Band Cowl Grillo | 002-006-064 | Air Deflector - Retractable Roof Papel,VMRS_HB_COMPLETE_v20 page 7_pages_76-100.md
002-005-034,,002,005,Gasket - Panel Cowl Grille | 002-006-065 | Cover - Betractable Roof Panel,VMRS_HB_COMPLETE_v20 page 7_pages_76-100.md
002-005-036,,002,005,Insulator - Cowl | 002-006-067 | Cover Assembly - Retractable Roof Panel,VMRS_HB_COMPLETE_v20 page 7_pages_76-100.md
002-005-037,,002,005,"Drain Valve - Cowl Panel | 002-006-068 | Cable - Drive, Retractable Roof Panel",VMRS_HB_COMPLETE_v20 page 7_pages_76-100.md
002-005-038,,002,005,Seal Kit - Cowl Panel | 002-006-069 | Drive Unit - Retractable Roof Panel,VMRS_HB_COMPLETE_v20 page 7_pages_76-100.md
002-005-039,,002,005,Panel - Cowl Plenum | 002-006-070 | Motor - Retractable Roof Panel,VMRS_HB_COMPLETE_v20 page 7_pages_76-100.md
002-005-040,,002,005,"Panel -Cowl, Side | 002-006-071 | Pin - Retractable Roof Panel",VMRS_HB_COMPLETE_v20 page 7_pages_76-100.md
002-005-041,,002,005,Screen - Cowl Vent | 002-006-072 | Slide - Retractable Roof Panel,VMRS_HB_COMPLETE_v20 page 7_pages_76-100.md
002-005-042,,002,005,"Deflector - Water, Cowl | 002-006-073 | Support - Retractable Roof Panel",VMRS_HB_COMPLETE_v20 page 7_pages_76-100.md
002-006-000,,002,006,"Roof Panel & Reinforcements | 002-006-074 | Cable - Tension, Retractable Roof Panel",VMRS_HB_COMPLETE_v20 page 7_pages_76-100.md
002-006-001,,002,006,"Panel - Root, Cab | 002-006-075 | Weatherstrip - Retractable Root Panel",VMRS_HB_COMPLETE_v20 page 7_pages_76-100.md
002-006-002,,002,006,Venillator - RoonMolding - Drin | 002-006-070 | Weatherstrin - T-Top,VMRS_HB_COMPLETE_v20 page 7_pages_76-100.md
002-006-003,,002,006,"Bail - Side & Bear Boof, Inner & Outer | 002-006-077 | Carrier - Luggage",VMRS_HB_COMPLETE_v20 page 7_pages_76-100.md
002-006-005,,002,006,Roof Bow - Cab | 002-006-079 | Cover - Luggage Carrier,VMRS_HB_COMPLETE_v20 page 7_pages_76-100.md
002-006-006,,002,006,"Rail - Rear Corner, Upper Left | 002-006-080 | Rail - Cross, Luggage Carrier",VMRS_HB_COMPLETE_v20 page 7_pages_76-100.md
002-006-007,,002,006,"Rail - Rear Corner, Upper Right | 002-006-081 | Rail - Side, Luggage Carrier",VMRS_HB_COMPLETE_v20 page 7_pages_76-100.md
002-006-008,,002,006,"Panel - Cowl, Front, Upper | 002-006-082 | Cap - Side Rail, Luggage Carrier",VMRS_HB_COMPLETE_v20 page 7_pages_76-100.md
002-006-009,,002,006,"Headliner - Cab Roof | 002-006-083 | Gasket - Side Rail, Luggage Carrier",VMRS_HB_COMPLETE_v20 page 7_pages_76-100.md
002-006-010,,002,006,"Hatch - Exit, Roof | 002-006-084 | Slat - Luggage Carrier",VMRS_HB_COMPLETE_v20 page 7_pages_76-100.md
002-006-011,,002,006,Mounting Frame - Hatch | 002-006-085 | Support - Luggage Carrier,VMRS_HB_COMPLETE_v20 page 7_pages_76-100.md
002-006-012,,002,006,"Hinge - Halch | 002-006-080 | Gasket - Support, Luggage Carrier",VMRS_HB_COMPLETE_v20 page 7_pages_76-100.md
002-006-013,,002,006,Link & Flunger Assembly - HalonHinde - Belease Hatch | 002-000-087 | Glass - Boof Panel,VMRS_HB_COMPLETE_v20 page 7_pages_76-100.md
002-006-015,,002,006,"Gasket - Seal, Hatch | 002-006-089 | Weatherstrip - Glass Boof Panel",VMRS_HB_COMPLETE_v20 page 7_pages_76-100.md
002-006-016,,002,006,Release Assembly - Hatch | 002-006-090 | Bezel - Roof,VMRS_HB_COMPLETE_v20 page 7_pages_76-100.md
002-006-017,,002,006,"Shield - Release Handle, Hatch | 002-006-091 | Cover - Chrome, Roof",VMRS_HB_COMPLETE_v20 page 7_pages_76-100.md
002-006-019,,002,006,"Support Bracket - Headliner | 002-006-092 | Cap - Drip Molding, Roof",VMRS_HB_COMPLETE_v20 page 7_pages_76-100.md
002-006-020,,002,006,Support - Headliner | 002-006-093 | Gutter - Roof,VMRS_HB_COMPLETE_v20 page 7_pages_76-100.md
002-006-021,,002,006,"Beam - Z | 002-006-094 | Cap - Header Panel, Roof",VMRS_HB_COMPLETE_v20 page 7_pages_76-100.md
002-006-022,,002,006,Stringer - Roof | 002-006-095 | Insulator - Roof,VMRS_HB_COMPLETE_v20 page 7_pages_76-100.md
002-006-024,,002,006,"Support - Side, Lower | 002-006-096 | Pad - RootAdhasiwa Kita Daef Danal",VMRS_HB_COMPLETE_v20 page 7_pages_76-100.md
002-000-025,,002,000,"Diaukel - Noui DUWHardware, Mounting - Roof Exit Hatob | 002-000-097 | Auriesive Ail - Roof Panel",VMRS_HB_COMPLETE_v20 page 7_pages_76-100.md
002-000-020,,002,000,Rail - Air Intake Opening | 002-006-098 | Molding - Reveal Boof Panel,VMRS_HB_COMPLETE_v20 page 7_pages_76-100.md
002-006-028,,002,006,"Lining - Air Intake Opening | 002-006-100 | Cap - Reveal Molding, Roof Panel",VMRS_HB_COMPLETE_v20 page 7_pages_76-100.md
002-006-029,,002,006,"Clip - Crossing Bar, Lining | 002-006-101 | Rail - Roof",VMRS_HB_COMPLETE_v20 page 7_pages_76-100.md
002-006-030,,002,006,Retainer - Roof Lining | 002-006-102 | Reinforcement - Roof Rail,VMRS_HB_COMPLETE_v20 page 7_pages_76-100.md
002-006-031,,002,006,Bracket - Header | 002-006-103 | Sunroof Assembly,VMRS_HB_COMPLETE_v20 page 7_pages_76-100.md
002-006-032,,002,006,"Guard - Cab Roof | 002-006-104 | Deflector - Air, Sunroof",VMRS_HB_COMPLETE_v20 page 7_pages_76-100.md
002-006-033,,002,006,"Bulkhead - Front | 002-006-105 | Hinge - Deflector, Sunroof",VMRS_HB_COMPLETE_v20 page 7_pages_76-100.md
002-006-034,,002,006,Bracket - Bulkhead | 002-006-106 | Control Module - Sunroof,VMRS_HB_COMPLETE_v20 page 7_pages_76-100.md
002-006-035,,002,006,"Panel - Shelf Danal | 002-006-107 | Guide - Cover, Sunroot",VMRS_HB_COMPLETE_v20 page 7_pages_76-100.md
002-000-030,,002,000,"Cover - Shell Panel | 002-000-108 | Hanule - Crank, Sunroon",VMRS_HB_COMPLETE_v20 page 7_pages_76-100.md
002-006-109,,002,006,Hose - Drain Sunroof,VMRS_HB_COMPLETE_v20 page 7_pages_76-100.md
002-006-110,,002,006,"Adapter - Drain Hose, Suproof",VMRS_HB_COMPLETE_v20 page 7_pages_76-100.md
002-006-111,,002,006,Clamp - Hose Drain Suproof,VMRS_HB_COMPLETE_v20 page 7_pages_76-100.md
002-006-112,,002,006,"Drain Valvo - Drain Hoso, Suproof",VMRS_HB_COMPLETE_v20 page 7_pages_76-100.md
002-000-112,,002,000,"Dialit Valve - Dialit Hose, Suffoor",VMRS_HB_COMPLETE_v20 page 7_pages_76-100.md
002-000-113,,002,000,Cable Drive Suproof,VMRS_HB_COMPLETE_v20 page 7_pages_76-100.md
002-006-115,,002,006,"Cable - Drive, Sunrool",VMRS_HB_COMPLETE_v20 page 7_pages_76-100.md
002-006-116,,002,006,"Clamp - Drive Cable Guide, Sunroot",VMRS_HB_COMPLETE_v20 page 7_pages_76-100.md
002-006-117,,002,006,"Housing - Drive Cable, Sunroot",VMRS_HB_COMPLETE_v20 page 7_pages_76-100.md
002-006-118,,002,006,"Gear - Drive, Sunroot",VMRS_HB_COMPLETE_v20 page 7_pages_76-100.md
002-006-119,,002,006,Frame - Sunroot,VMRS_HB_COMPLETE_v20 page 7_pages_76-100.md
002-006-120,,002,006,"Pin - Frame, Sunroof",VMRS_HB_COMPLETE_v20 page 7_pages_76-100.md
002-006-121,,002,006,Guide - Sunroof,VMRS_HB_COMPLETE_v20 page 7_pages_76-100.md
002-006-122,,002,006,"Rail - Guide, Sunroof",VMRS_HB_COMPLETE_v20 page 7_pages_76-100.md
002-006-123,,002,006,Handle - Sunroof,VMRS_HB_COMPLETE_v20 page 7_pages_76-100.md
002-006-124,,002,006,"Cap - Handle, Sunroof",VMRS_HB_COMPLETE_v20 page 7_pages_76-100.md
002-006-125,,002,006,"Insulator - Handle, Sunroof",VMRS_HB_COMPLETE_v20 page 7_pages_76-100.md
002-006-126,,002,006,Hinge - Sunroof,VMRS_HB_COMPLETE_v20 page 7_pages_76-100.md
002-006-127,,002,006,"Insulator - Hinge, Sunroof",VMRS_HB_COMPLETE_v20 page 7_pages_76-100.md
002-006-128,,002,006,Lifter - Sunroof,VMRS_HB_COMPLETE_v20 page 7_pages_76-100.md
002-006-129,,002,006,Molding - Sunroof,VMRS_HB_COMPLETE_v20 page 7_pages_76-100.md
002-006-130,,002,006,"Gasket - Molding, Sunroof",VMRS_HB_COMPLETE_v20 page 7_pages_76-100.md
002-006-131,,002,006,"Trim - Opening, Sunroof",VMRS_HB_COMPLETE_v20 page 7_pages_76-100.md
002-006-132,,002,006,Reinforcement - Sunroof,VMRS_HB_COMPLETE_v20 page 7_pages_76-100.md
002-006-133,,002,006,Slide - Sunroof,VMRS_HB_COMPLETE_v20 page 7_pages_76-100.md
002-006-134,,002,006,Stopper - Sunroof,VMRS_HB_COMPLETE_v20 page 7_pages_76-100.md
002-006-135,,002,006,Switch - Sunroof,VMRS_HB_COMPLETE_v20 page 7_pages_76-100.md
002-006-136,,002,006,Transformer - Sunroof,VMRS_HB_COMPLETE_v20 page 7_pages_76-100.md
002-006-137,,002,006,Weatherstrip - Sunroof,VMRS_HB_COMPLETE_v20 page 7_pages_76-100.md
002-006-138,,002,006,Wiring Harness - Sunroof,VMRS_HB_COMPLETE_v20 page 7_pages_76-100.md
002-006-139,,002,006,Weatherstrip - Roof,VMRS_HB_COMPLETE_v20 page 7_pages_76-100.md
002-006-140,,002,006,"Trim - Opening, Roof",VMRS_HB_COMPLETE_v20 page 7_pages_76-100.md
002-006-141,,002,006,Plug - Header Trim,VMRS_HB_COMPLETE_v20 page 7_pages_76-100.md
002-006-142,,002,006,"Solar Panel - Roof, Tractor",VMRS_HB_COMPLETE_v20 page 7_pages_76-100.md
002-006-143,,002,006,"Panel - Roof, Side, Cab",VMRS_HB_COMPLETE_v20 page 7_pages_76-100.md
002-007-000,,002,007,Pillar & Reinforcements,VMRS_HB_COMPLETE_v20 page 7_pages_76-100.md
002-007-001,,002,007,Pillar - Center,VMRS_HB_COMPLETE_v20 page 7_pages_76-100.md
002-007-002,,002,007,Anchor Plate - Lock Striker,VMRS_HB_COMPLETE_v20 page 7_pages_76-100.md
002-007-003,,002,007,Anchor Plate - Hinge,VMRS_HB_COMPLETE_v20 page 7_pages_76-100.md
002-007-004,,002,007,"Pillar - Front, Upper Right",VMRS_HB_COMPLETE_v20 page 7_pages_76-100.md
002-007-005,,002,007,"Pillar - Front, Upper Left",VMRS_HB_COMPLETE_v20 page 7_pages_76-100.md
002-007-006,,002,007,"Cover - ""A"" Pillar",VMRS_HB_COMPLETE_v20 page 7_pages_76-100.md
002-007-007,,002,007,"Hardware, Mounting - Center Pillar",VMRS_HB_COMPLETE_v20 page 7_pages_76-100.md
002-007-008,,002,007,"Mounting Bracket - ""B"" Pillar",VMRS_HB_COMPLETE_v20 page 7_pages_76-100.md
002-007-009,,002,007,Reinforcement - Pillar,VMRS_HB_COMPLETE_v20 page 7_pages_76-100.md
002-007-010,,002,007,Extension - Pillar,VMRS_HB_COMPLETE_v20 page 7_pages_76-100.md
002-007-011,,002,007,Panel - Pillar,VMRS_HB_COMPLETE_v20 page 7_pages_76-100.md
002-007-012,,002,007,Pillar - A,VMRS_HB_COMPLETE_v20 page 7_pages_76-100.md
002-007-013,,002,007,Pillar - B,VMRS_HB_COMPLETE_v20 page 7_pages_76-100.md
002-007-014,,002,007,Pillar - C,VMRS_HB_COMPLETE_v20 page 7_pages_76-100.md
002-007-015,,002,007,Bracket - A Pillar Lower,VMRS_HB_COMPLETE_v20 page 7_pages_76-100.md
002-007-016,,002,007,"Plate - Baffle ""A"" Pillar",VMRS_HB_COMPLETE_v20 page 7_pages_76-100.md
002-007-017,,002,007,"Cover - Chrome ""A"" Pillar",VMRS_HB_COMPLETE_v20 page 7_pages_76-100.md
002-007-018,,002,007,"Insulator - ""A"" Pillar",VMRS_HB_COMPLETE_v20 page 7_pages_76-100.md
002-007-019,,002,007,"Plate - Reinforcement Anchor ""A"" Pillar",VMRS_HB_COMPLETE_v20 page 7_pages_76-100.md
002-007-020,,002,007,"Plate - Reinforcement ""A"" Pillar",VMRS_HB_COMPLETE_v20 page 7_pages_76-100.md
002-007-021,,002,007,"Panel - ""B"" Pillar and Bocker",VMRS_HB_COMPLETE_v20 page 7_pages_76-100.md
002-007-022,,002,007,"Plate - Baffle ""B"" Pillar",VMRS_HB_COMPLETE_v20 page 7_pages_76-100.md
002-007-024,,002,007,"Insulator - Molding ""B"" Pillar",VMRS_HB_COMPLETE_v20 page 7_pages_76-100.md
002-007-025,,002,007,"Plato Bafflo ""C"" Dillar",VMRS_HB_COMPLETE_v20 page 7_pages_76-100.md
002-007-027,,002,007,"Bracket - ""D"" Dillar",VMRS_HB_COMPLETE_v20 page 7_pages_76-100.md
002-007-029,,002,007,Unisido,VMRS_HB_COMPLETE_v20 page 7_pages_76-100.md
002-007-030,,002,007,Deinforcement Uniside,VMRS_HB_COMPLETE_v20 page 7_pages_76-100.md
002-007-031,,002,007,,VMRS_HB_COMPLETE_v20 page 7_pages_76-100.md
002-007-032,,002,007,Linetrument Denel,VMRS_HB_COMPLETE_v20 page 7_pages_76-100.md
002-008-000,,002,008,,VMRS_HB_COMPLETE_v20 page 7_pages_76-100.md
002-008-001,,002,008,Pariel - Dasn,VMRS_HB_COMPLETE_v20 page 7_pages_76-100.md
002-008-002,,002,008,Instrument Panel - Assembly,VMRS_HB_COMPLETE_v20 page 7_pages_76-100.md
002-008-003,,002,008,Support - Radio,VMRS_HB_COMPLETE_v20 page 7_pages_76-100.md
002-008-004,,002,008,Reinforcement - Instrument Panel,VMRS_HB_COMPLETE_v20 page 7_pages_76-100.md
002-008-005,,002,008,Compartment - Instrument Panel,VMRS_HB_COMPLETE_v20 page 7_pages_76-100.md
002-008-006,,002,008,"Door - Compartment, Dash",VMRS_HB_COMPLETE_v20 page 7_pages_76-100.md
002-008-007,,002,008,Hinges & Reinforcements - Compartment Door,VMRS_HB_COMPLETE_v20 page 7_pages_76-100.md
002-008-008,,002,008,Lock - Compartment Door,VMRS_HB_COMPLETE_v20 page 7_pages_76-100.md
002-008-009,,002,008,Cover Plate - Accessory Hole,VMRS_HB_COMPLETE_v20 page 7_pages_76-100.md
002-008-010,,002,008,"Shelf - Parcel, Instrument Panel",VMRS_HB_COMPLETE_v20 page 7_pages_76-100.md
002-008-011,,002,008,Carrier - Instrument,VMRS_HB_COMPLETE_v20 page 7_pages_76-100.md
002-008-012,,002,008,"Hardware, Mounting - Instrument Carrier",VMRS_HB_COMPLETE_v20 page 7_pages_76-100.md
002-008-013,,002,008,Glass - Instrument Carrier,VMRS_HB_COMPLETE_v20 page 7_pages_76-100.md
002-008-014,,002,008,Bezel - Instrument Carrier,VMRS_HB_COMPLETE_v20 page 7_pages_76-100.md
002-008-018,,002,008,Molding - Compartment Door,VMRS_HB_COMPLETE_v20 page 7_pages_76-100.md
002-008-019,,002,008,Bracket - Compartment Door,VMRS_HB_COMPLETE_v20 page 7_pages_76-100.md
002-008-020,,002,008,Lock Set - Compartment Door,VMRS_HB_COMPLETE_v20 page 7_pages_76-100.md
002-008-021,,002,008,Fastener - Pad Instrument Panel,VMRS_HB_COMPLETE_v20 page 7_pages_76-100.md
002-008-022,,002,008,Emblem - Compartment Door,VMRS_HB_COMPLETE_v20 page 7_pages_76-100.md
002-008-023,,002,008,Stop - Compartment Door,VMRS_HB_COMPLETE_v20 page 7_pages_76-100.md
002-008-024,,002,008,Key - Compartment Door,VMRS_HB_COMPLETE_v20 page 7_pages_76-100.md
002-008-025,,002,008,Catch - Compartment Door,VMRS_HB_COMPLETE_v20 page 7_pages_76-100.md
002-008-026,,002,008,Cover - End Wiper,VMRS_HB_COMPLETE_v20 page 7_pages_76-100.md
002-008-027,,002,008,Cover - Center,VMRS_HB_COMPLETE_v20 page 7_pages_76-100.md
002-008-028,,002,008,Cover - Dash Panel,VMRS_HB_COMPLETE_v20 page 7_pages_76-100.md
002-008-029,,002,008,Support - Dash Panel,VMRS_HB_COMPLETE_v20 page 7_pages_76-100.md
002-008-030,,002,008,Support - Instrument Panel,VMRS_HB_COMPLETE_v20 page 7_pages_76-100.md
002-008-031,,002,008,Frame - Dash Support,VMRS_HB_COMPLETE_v20 page 7_pages_76-100.md
002-008-032,,002,008,Support - Steering Column,VMRS_HB_COMPLETE_v20 page 7_pages_76-100.md
002-008-033,,002,008,"Hardware, Mounting - Dash Panel",VMRS_HB_COMPLETE_v20 page 7_pages_76-100.md
002-008-034,,002,008,Brace - Under Dash,VMRS_HB_COMPLETE_v20 page 7_pages_76-100.md
002-008-035,,002,008,Panel - Under Dash,VMRS_HB_COMPLETE_v20 page 7_pages_76-100.md
002-008-036,,002,008,"Hinge - Instrument Panel, Lower",VMRS_HB_COMPLETE_v20 page 7_pages_76-100.md
002-008-037,,002,008,"Hinge - Instrument Panel, Upper",VMRS_HB_COMPLETE_v20 page 7_pages_76-100.md
002-008-038,,002,008,"Hinge - Control Panel, Upper",VMRS_HB_COMPLETE_v20 page 7_pages_76-100.md
002-008-039,,002,008,"Hinge - Control Panel, Lower",VMRS_HB_COMPLETE_v20 page 7_pages_76-100.md
002-006-040,,002,006,"Tray - Opper, Center",VMRS_HB_COMPLETE_v20 page 7_pages_76-100.md
002-008-047,,002,008,Vont - Dash,VMRS_HB_COMPLETE_v20 page 7_pages_76-100.md
002-008-043,,002,008,Control Panel - Dash,VMRS_HB_COMPLETE_v20 page 7_pages_76-100.md
002-008-044,,002,008,Plug - Button,VMRS_HB_COMPLETE_v20 page 7_pages_76-100.md
002-008-045,,002,008,"Hardware, Mounting - Instrument Panel",VMRS_HB_COMPLETE_v20 page 7_pages_76-100.md
002-008-046,,002,008,Mounting Plate - CB Relay,VMRS_HB_COMPLETE_v20 page 7_pages_76-100.md
002-008-048,,002,008,Mounting Bracket - Dash,VMRS_HB_COMPLETE_v20 page 7_pages_76-100.md
002-008-049,,002,008,"Hardware, Mounting - Instrument Panel",VMRS_HB_COMPLETE_v20 page 7_pages_76-100.md
002-008-050,,002,008,Electronic Dash,VMRS_HB_COMPLETE_v20 page 7_pages_76-100.md
002-008-051,,002,008,Keypad - Electronic Dash,VMRS_HB_COMPLETE_v20 page 7_pages_76-100.md
002-008-052,,002,008,Wiring Harness - Electronic Dash,VMRS_HB_COMPLETE_v20 page 7_pages_76-100.md
002-008-053,,002,008,Ribbon - Fiber-Optic,VMRS_HB_COMPLETE_v20 page 7_pages_76-100.md
002-008-054,,002,008,"Cable - Door, Luggage Compartment",VMRS_HB_COMPLETE_v20 page 7_pages_76-100.md
002-008-055,,002,008,Plate - Radio Trim,VMRS_HB_COMPLETE_v20 page 7_pages_76-100.md
002-008-056,,002,008,Latch - Compartment Door,VMRS_HB_COMPLETE_v20 page 7_pages_76-100.md
002-008-057,,002,008,"""Cover - Instrument Panel """,VMRS_HB_COMPLETE_v20 page 7_pages_76-100.md
002-008-058,,002,008,Module - Electronic Dash / Instrument,VMRS_HB_COMPLETE_v20 page 7_pages_76-100.md
002-008-059,,002,008,Switch - Multi-Function Stark Lever,VMRS_HB_COMPLETE_v20 page 7_pages_76-100.md
002-008-061,,002,008,Assembly - Information Center,VMRS_HB_COMPLETE_v20 page 7_pages_76-100.md
002-008-062,,002,008,Connector - Information Center Assembly,VMRS_HB_COMPLETE_v20 page 7_pages_76-100.md
002-008-063,,002,008,Display - Information Center Assembly,VMRS_HB_COMPLETE_v20 page 7_pages_76-100.md
002-008-064,,002,008,Keynad - Information Center Assembly,VMRS_HB_COMPLETE_v20 page 7_pages_76-100.md
502-000-004,,502,000,Instrument Panel,VMRS_HB_COMPLETE_v20 page 7_pages_76-100.md
002-008-065,,002,008,Module - Information Center Assembly,VMRS_HB_COMPLETE_v20 page 7_pages_76-100.md
002-008-066,,002,008,Housing - Air Gauge,VMRS_HB_COMPLETE_v20 page 7_pages_76-100.md
002-008-067,,002,008,Holder - Relay/Breaker,VMRS_HB_COMPLETE_v20 page 7_pages_76-100.md
002-008-068,,002,008,"Light Source - Wiring, Dash",VMRS_HB_COMPLETE_v20 page 7_pages_76-100.md
002-008-069,,002,008,"Bracket - Wiring, Dash",VMRS_HB_COMPLETE_v20 page 7_pages_76-100.md
002-008-070,,002,008,Spacer - Dash,VMRS_HB_COMPLETE_v20 page 7_pages_76-100.md
002-008-071,,002,008,"Button - Latch, Compartment Door",VMRS_HB_COMPLETE_v20 page 7_pages_76-100.md
002-008-072,,002,008,Retaining Ring - Instrument Cluster | 002-008-141 | Pad - Instrument Panel,VMRS_HB_COMPLETE_v20 page 7_pages_76-100.md
002-008-073,,002,008,Gasket - Instrument Panel | 002-008-142 | Pocket - Instrument Panel,VMRS_HB_COMPLETE_v20 page 7_pages_76-100.md
002-008-074,,002,008,"Gasket - LED, Warning Lamp | 002-008-143 | Side Cover - Instrument Panel",VMRS_HB_COMPLETE_v20 page 7_pages_76-100.md
002-008-075,,002,008,Console - Dash | 002-008-144 | Trim Panel - Instrument Panel,VMRS_HB_COMPLETE_v20 page 7_pages_76-100.md
002-008-076,,002,008,Bezel - Parking Brake Release | 002-008-145 | Trim Plate - Instrument Panel,VMRS_HB_COMPLETE_v20 page 7_pages_76-100.md
002-008-077,,002,008,Filler - Dash | 002-008-146 | Weatherstrip - Instrument Panel,VMRS_HB_COMPLETE_v20 page 7_pages_76-100.md
002-008-078,,002,008,Handle - Compartment Door Dash | 002-008-147 | Cap - Glove Box,VMRS_HB_COMPLETE_v20 page 7_pages_76-100.md
002-000-073,,002,000,Linor Storage Dech | 002-000-140 | Switch Set Driver Information Display,VMRS_HB_COMPLETE_v20 page 7_pages_76-100.md
002-000-000,,002,000,"Liner - Storage, Dash | 002-000-149 | Switch - Set, Driver Information Display",VMRS_HB_COMPLETE_v20 page 7_pages_76-100.md
002-000-001,,002,000,"Pin - Hinge, Compartment Door, Dash | 002-000-150 | Switch - Mode, Driver Information Display",VMRS_HB_COMPLETE_v20 page 7_pages_76-100.md
002-008-082,,002,008,"Housing - Key Switch, Dash | 002-008-151 | Cap - Cover, Instrument Panel",VMRS_HB_COMPLETE_v20 page 7_pages_76-100.md
002-008-083,,002,008,"Circuit Board - Instrument Panel | 002-008-152 | Insulator - Pad, Instrument Panel",VMRS_HB_COMPLETE_v20 page 7_pages_76-100.md
002-008-084,,002,008,"Insert - Wood Grain, Dash | 002-008-153 | Insulator - Trim Panel, Instrument Panel",VMRS_HB_COMPLETE_v20 page 7_pages_76-100.md
002-008-085,,002,008,Mask - Instrument Cluster | 002-008-154 | Sound Absorber,VMRS_HB_COMPLETE_v20 page 7_pages_76-100.md
002-008-086,,002,008,Kit - Electronic Dash | 002-008-155 | Cover - Blank,VMRS_HB_COMPLETE_v20 page 7_pages_76-100.md
002-008-087,,002,008,"Compartment - Glove, Dash | 002-008-156 | Bezel and Lens Assembly - Instrument Cluster",VMRS_HB_COMPLETE_v20 page 7_pages_76-100.md
002-008-088,,002,008,"Door - Glove Compartment, Dash | 002-008-157 | Cover - Housing, Instrument Cluster",VMRS_HB_COMPLETE_v20 page 7_pages_76-100.md
002-008-089,,002,008,"Hinge - Glove Compartment, Dash | 002-008-158 | Gasket - Lens. Instrument Cluster",VMRS_HB_COMPLETE_v20 page 7_pages_76-100.md
002-008-090,,002,008,Lock - Glove Compartment Dash | 002-008-159 | Visor - Instrument Cluster,VMRS_HB_COMPLETE_v20 page 7_pages_76-100.md
002-008-091,,002,008,"Latch - Glove Compartment, Dash | 002-008-160 | Lens - Warning Lamp Instrument Cluster",VMRS_HB_COMPLETE_v20 page 7_pages_76-100.md
002-000-032,,002,000,Dash Assombly | 002-000-101 | Cap Light Sensor,VMRS_HB_COMPLETE_v20 page 7_pages_76-100.md
002-000-093,,002,000,End Can Dook Laft | 002-000-102 | Cap - Light Sensor,VMRS_HB_COMPLETE_v20 page 7_pages_76-100.md
002-008-094,,002,008,"End Cap - Dash, Leit | 002-008-163 | Compartment - Remote, Reviess Entry",VMRS_HB_COMPLETE_v20 page 7_pages_76-100.md
002-008-095,,002,008,"Trim Cap - Dash, Right | 002-008-164 | Grile - Instrument",VMRS_HB_COMPLETE_v20 page 7_pages_76-100.md
002-008-096,,002,008,Mounting Plate - Electrical Junction | 002-008-165 | Speaker - Instrument Cluster,VMRS_HB_COMPLETE_v20 page 7_pages_76-100.md
002-008-097,,002,008,"Insulation - Dash | 002-008-166 | Switch - Pre-Trip Light, On/Off, Instrument Panel",VMRS_HB_COMPLETE_v20 page 7_pages_76-100.md
002-008-098,,002,008,Seal - Dash | 002-009-000 | Sun Visor - Exterior & Interior,VMRS_HB_COMPLETE_v20 page 7_pages_76-100.md
002-008-099,,002,008,Cover - Vent Outlet | 002-009-001 | Sun Visor - Exterior,VMRS_HB_COMPLETE_v20 page 7_pages_76-100.md
002-008-100,,002,008,"Gasket - Dash Vent | 002-009-002 | Bracket & Support - Sun Visor, Exterior",VMRS_HB_COMPLETE_v20 page 7_pages_76-100.md
002-008-101,,002,008,"Panel - Shift Display, Dash | 002-009-003 | End - Sun Visor, Exterior",VMRS_HB_COMPLETE_v20 page 7_pages_76-100.md
002-008-102,,002,008,"Spring - Instrument Panel Lift | 002-009-004 | Hardware, Mounting - Sun Visor, Exterior",VMRS_HB_COMPLETE_v20 page 7_pages_76-100.md
002-008-103,,002,008,"Panel - Closeout, Dash | 002-009-005 | Clip - Sun Visor, Exterior",VMRS_HB_COMPLETE_v20 page 7_pages_76-100.md
002-008-104,,002,008,"Trim - Dash, Front | 002-009-006 | Insert - Sun Visor, Side, Exterior",VMRS_HB_COMPLETE_v20 page 7_pages_76-100.md
002-008-105,,002,008,"Software - Electronic Dash Module | 002-009-007 | Reinforcement - Sun Visor, Exterior",VMRS_HB_COMPLETE_v20 page 7_pages_76-100.md
002-008-106,,002,008,"Housing - Register, Air Conditioner | 002-009-008 | Gasket - Sun Visor, Exterior",VMRS_HB_COMPLETE_v20 page 7_pages_76-100.md
002-008-107,,002,008,"Wiring Harness - Instrument Panel | 002-009-009 | Cover - Wiring Harness, Sun Visor, Exterior",VMRS_HB_COMPLETE_v20 page 7_pages_76-100.md
002-008-108,,002,008,Socket & Wiring - Instrument Panel Lamp | 002-009-010 | Insert - Sun Visor Exterior,VMRS_HB_COMPLETE_v20 page 7_pages_76-100.md
002-008-109,,002,008,"Wiring Harness - Information Center Assembly | 002-009-011 | Spacer - Sun Visor, Exterior",VMRS_HB_COMPLETE_v20 page 7_pages_76-100.md
002-008-110,,002,008,Plate - Tapping Latch Glove Box | 002-009-012 | Extension - Sun Visor Exterior Side,VMRS_HB_COMPLETE_v20 page 7_pages_76-100.md
002-008-111,,002,008,"Rezel - Instrument Panel | 002-009-013 | Cover - Sun Visor, Exterior",VMRS_HB_COMPLETE_v20 page 7_pages_76-100.md
002-008-112,,002,008,"Switch - Inflation Suspension Air Bag | 002-009-014 | Decal - Sun Visor, Exterior",VMRS_HB_COMPLETE_v20 page 7_pages_76-100.md
002-008-113,,002,008,"Panol - Switch | 002 000 015 | Extension Strip - Sun Visor, Exterior Bottom",VMRS_HB_COMPLETE_v20 page 7_pages_76-100.md
002-000-114,,002,000,"Check Cleve Compartment Deer Deeh | 002-009-010 | Nouning - Sunshade, Exterior",VMRS_HB_COMPLETE_v20 page 7_pages_76-100.md
002-000-110,,002,000,"Check - Glove Compartment Door, Dash | 002-009-017 | Sunshaue - Exterior",VMRS_HB_COMPLETE_v20 page 7_pages_76-100.md
002-008-117,,002,008,"Rod - Latch Lock, Glove Compartment Door, | 002-009-019 | Clip - Sun Visor, Interior",VMRS_HB_COMPLETE_v20 page 7_pages_76-100.md
002-009-020,,002,009,"Dash | | Cover - Sun Visor, Interior",VMRS_HB_COMPLETE_v20 page 7_pages_76-100.md
002-008-118,,002,008,"Strap - Glove Compartment, Dash | 002-009-021 | Support - Sun Visor, Interior",VMRS_HB_COMPLETE_v20 page 7_pages_76-100.md
002-008-119,,002,008,"Strut - Glove Compartment, Dash | 002-009-022 | Restraint - Sun Visor, Interior",VMRS_HB_COMPLETE_v20 page 7_pages_76-100.md
002-008-120,,002,008,"Cover - Lock Cylinder, Glove Compartment, | 002-009-023 | Hardware, Mounting - Sun Visor, Interior",VMRS_HB_COMPLETE_v20 page 7_pages_76-100.md
002-009-024,,002,009,"Dash | | Spacer - Sun Visor, Interior",VMRS_HB_COMPLETE_v20 page 7_pages_76-100.md
002-008-121,,002,008,"Lamp - Glove Compartment, Dash | 002-009-025 | Bezel - Visor Arm, Interior",VMRS_HB_COMPLETE_v20 page 7_pages_76-100.md
002-008-122,,002,008,"Lens - Lamp, Glove Compartment, Dash | 002-009-026 | Bracket - Sun Visor, Interior",VMRS_HB_COMPLETE_v20 page 7_pages_76-100.md
002-008-123,,002,008,"Handle - Glove Compartment, Dash | 002-009-027 | Cap - Sun Visor",VMRS_HB_COMPLETE_v20 page 7_pages_76-100.md
002-008-124,,002,008,"Pin - Hinge, Glove Compartment, Dash | 002-009-028 | Cap - Holder, Sun Visor",VMRS_HB_COMPLETE_v20 page 7_pages_76-100.md
002-008-125,,002,008,Display Unit - Heads Up | 002-009-029 | Lamp - Sun Visor,VMRS_HB_COMPLETE_v20 page 7_pages_76-100.md
002-008-126,,002,008,"Cover - Access, Instrument Panel | 002-009-030 | Mirror - Sun Visor",VMRS_HB_COMPLETE_v20 page 7_pages_76-100.md
002-008-127,,002,008,Coin Holder - Instrument Panel | 002-010-000 | Mirrors,VMRS_HB_COMPLETE_v20 page 7_pages_76-100.md
002-008-128,,002,008,"Column Filler - Instrument Panel | 002-010-001 | Mirror - Tilt Type, Inner",VMRS_HB_COMPLETE_v20 page 7_pages_76-100.md
002-008-129,,002,008,"Cover - Courtesv Lamp, Instrument Panel | 002-010-002 | Mirror - Rearview",VMRS_HB_COMPLETE_v20 page 7_pages_76-100.md
002-008-130,,002,008,"Cross Member - Instrument Panel | 002-010-003 | Hardware, Mounting - Review Mirror",VMRS_HB_COMPLETE_v20 page 7_pages_76-100.md
002-008-131,,002,008,Cup Holder - Instrument Panel | 002-010-004 | Bracket - Rearview Mirror Inner,VMRS_HB_COMPLETE_v20 page 7_pages_76-100.md
002-008-132,,002,008,Deflector - Instrument Panel | 002-010-005 | Support Bracket - Rearview Mirror,VMRS_HB_COMPLETE_v20 page 7_pages_76-100.md
002-008-133,,002,008,Motor - Deflector Instrument Panel | 002-010-006 | Mirror Assembly - Rearview Outer,VMRS_HB_COMPLETE_v20 page 7_pages_76-100.md
002-008-134,,002,008,Evtension - Instrument Danel | 002-010-000 | Support & Braces - Dearview Mirror Outor,VMRS_HB_COMPLETE_v20 page 7_pages_76-100.md
002-000-104,,002,000,Entenoion - motrument Penel | 002 010 000 | Mirror Spot,VMRS_HB_COMPLETE_v20 page 7_pages_76-100.md
002-000-133,,002,000,Finish Panel - Instrument Panel | 002-010-008,VMRS_HB_COMPLETE_v20 page 7_pages_76-100.md
002-008-136,,002,008,"Hole Cover - Instrument Panel | 002-010-009 | Glass - Mirror, Outer",VMRS_HB_COMPLETE_v20 page 7_pages_76-100.md
002-008-137,,002,008,"Insulator - Instrument Panel | 002-010-010 | Mounting Bracket - Mirror, Upper",VMRS_HB_COMPLETE_v20 page 7_pages_76-100.md
002-008-138,,002,008,"Knee Bolster - Instrument Panel | 002-010-011 | Brace - Mirror, Upper",VMRS_HB_COMPLETE_v20 page 7_pages_76-100.md
002-008-139,,002,008,Molding - Instrument Panel | 002-010-012 | Arm - Mirror,VMRS_HB_COMPLETE_v20 page 7_pages_76-100.md
002-008-140,,002,008,Nameplate - Instrument Panel | 002-010-013 | Bracket - Mirror Clamp,VMRS_HB_COMPLETE_v20 page 7_pages_76-100.md
002-010-014,,002,010,"Head - Mirror, Right",VMRS_HB_COMPLETE_v20 page 7_pages_76-100.md
002-010-015,,002,010,"Head - Mirror, Left",VMRS_HB_COMPLETE_v20 page 7_pages_76-100.md
002-010-016,,002,010,"Head - Mirror, Lighted & Heated, Right",VMRS_HB_COMPLETE_v20 page 7_pages_76-100.md
002-010-017,,002,010,"Head - Mirror, Lighted & Heated, Left",VMRS_HB_COMPLETE_v20 page 7_pages_76-100.md
002-010-018,,002,010,"Head - Mirror, Heated, Right",VMRS_HB_COMPLETE_v20 page 7_pages_76-100.md
002-010-019,,002,010,"Head - Mirror, Heated, Left",VMRS_HB_COMPLETE_v20 page 7_pages_76-100.md
002-010-020,,002,010,Heating Element - Outside Mirror,VMRS_HB_COMPLETE_v20 page 7_pages_76-100.md
002-010-021,,002,010,Marker Lamp - Outside Mirror,VMRS_HB_COMPLETE_v20 page 7_pages_76-100.md
002-010-022,,002,010,"Brace - Mirror, Lower",VMRS_HB_COMPLETE_v20 page 7_pages_76-100.md
002-010-023,,002,010,Adjusting Knob - Outside Mirror,VMRS_HB_COMPLETE_v20 page 7_pages_76-100.md
002-010-024,,002,010,"Support Brace - Mirror Assembly, Lower",VMRS_HB_COMPLETE_v20 page 7_pages_76-100.md
002-010-025,,002,010,"Mounting Bracket - Mirror, Lower",VMRS_HB_COMPLETE_v20 page 7_pages_76-100.md
002-010-026,,002,010,Mirror - Convex,VMRS_HB_COMPLETE_v20 page 7_pages_76-100.md
002-010-027,,002,010,Mounting Bracket - Convex Mirror,VMRS_HB_COMPLETE_v20 page 7_pages_76-100.md
002-010-028,,002,010,On/Off Switch - Heated Mirror,VMRS_HB_COMPLETE_v20 page 7_pages_76-100.md
002-010-029,,002,010,Circuit Breaker - Heated Mirror,VMRS_HB_COMPLETE_v20 page 7_pages_76-100.md
002-010-030,,002,010,Tee Bolt - Mirror Bracket,VMRS_HB_COMPLETE_v20 page 7_pages_76-100.md
002-010-031,,002,010,Acorn Nut - Mirror Bracket Bolt,VMRS_HB_COMPLETE_v20 page 7_pages_76-100.md
002-010-032,,002,010,Adapter - Mirror,VMRS_HB_COMPLETE_v20 page 7_pages_76-100.md
002-010-033,,002,010,Plate - Backup Mirror,VMRS_HB_COMPLETE_v20 page 7_pages_76-100.md
002-010-034,,002,010,Retainer - Rubber Mirror,VMRS_HB_COMPLETE_v20 page 7_pages_76-100.md
002-010-035,,002,010,Reinforcements - Mirror Bracket,VMRS_HB_COMPLETE_v20 page 7_pages_76-100.md
002-010-036,,002,010,Glass - Mirror Inner,VMRS_HB_COMPLETE_v20 page 7_pages_76-100.md
002-010-037,,002,010,Mirror - Heated Convex,VMRS_HB_COMPLETE_v20 page 7_pages_76-100.md
002-010-038,,002,010,Mirror - Aerodynamic,VMRS_HB_COMPLETE_v20 page 7_pages_76-100.md
002-010-000,,002,010,Mirror - Motorized,VMRS_HB_COMPLETE_v20 page 7_pages_76-100.md
002-010-009,,002,010,Mirror - Motorized & Heated,VMRS_HB_COMPLETE_v20 page 7_pages_76-100.md
002-010-040,,002,010,Pod - Mirror,VMRS_HB_COMPLETE_v20 page 7_pages_76-100.md
002-010-041,,002,010,Mirror - Safety View,VMRS_HB_COMPLETE_v20 page 7_pages_76-100.md
002-010-044,,002,010,Mirror Hoad Safety View,VMRS_HB_COMPLETE_v20 page 7_pages_76-100.md
002-010-045,,002,010,Holo Plug - Mirror,VMRS_HB_COMPLETE_v20 page 7_pages_76-100.md
002-010-047,,002,010,Motor & Transmission Assembly - Mirror,VMRS_HB_COMPLETE_v20 page 7_pages_76-100.md
002-010-049,,002,010,Aux Mirror Tripod Mountod,VMRS_HB_COMPLETE_v20 page 7_pages_76-100.md
002-010-050,,002,010,Rischet - Swivel Mirror,VMRS_HB_COMPLETE_v20 page 7_pages_76-100.md
002-010-051,,002,010,Cup Mounting,VMRS_HB_COMPLETE_v20 page 7_pages_76-100.md
002-010-052,,002,010,Base - Mounting,VMRS_HB_COMPLETE_v20 page 7_pages_76-100.md
002-010-054,,002,010,Switch - Motor Demote Control,VMRS_HB_COMPLETE_v20 page 7_pages_76-100.md
002-010-056,,002,010,Wiring Harpess - Power Mirror,VMRS_HB_COMPLETE_v20 page 7_pages_76-100.md
002-010-057,,002,010,Hardware Mounting - Shot Mirror,VMRS_HB_COMPLETE_v20 page 7_pages_76-100.md
002-010-077,,002,010,Root - Wiring Harness,VMRS_HB_COMPLETE_v20 page 7_pages_76-100.md
002-010-070,,002,010,Bracket - Mounting Lloper,VMRS_HB_COMPLETE_v20 page 7_pages_76-100.md
002-010-001,,002,010,Module - Mirror Control,VMRS_HB_COMPLETE_v20 page 7_pages_76-100.md
002-010-002,,002,010,Hoad Mirror Crossview,VMRS_HB_COMPLETE_v20 page 7_pages_76-100.md
002-010-003,,002,010,Actuator Mirror,VMRS_HB_COMPLETE_v20 page 7_pages_76-100.md
002-010-004,,002,010,Pivot - Mirror,VMRS_HB_COMPLETE_v20 page 7_pages_76-100.md
002-010-086,,002,010,Plate Structure - Mirror Motor,VMRS_HB_COMPLETE_v20 page 7_pages_76-100.md
002-010-007,,002,010,Hoad Mirror Convox,VMRS_HB_COMPLETE_v20 page 7_pages_76-100.md
002-010-090,,002,010,"Dezel - Real view Willion, Outer",VMRS_HB_COMPLETE_v20 page 7_pages_76-100.md
002-010-091,,002,010,Soal Mirror Auxiliary,VMRS_HB_COMPLETE_v20 page 7_pages_76-100.md
002-010-092,,002,010,Geeket Mirror,VMRS_HB_COMPLETE_v20 page 7_pages_76-100.md
002-010-093,,002,010,Clamp Support Mirror,VMRS_HB_COMPLETE_v20 page 7_pages_76-100.md
002-010-094,,002,010,"Clamp - Support, Mirror",VMRS_HB_COMPLETE_v20 page 7_pages_76-100.md
002-010-095,,002,010,"Ball - Swivel, Mirror",VMRS_HB_COMPLETE_v20 page 7_pages_76-100.md
002-010-096,,002,010,"Glass - Mirror, Convex, Non-Heated",VMRS_HB_COMPLETE_v20 page 7_pages_76-100.md
002-010-097,,002,010,"Signiscreen - Silicon, Auxiliary Mirror",VMRS_HB_COMPLETE_v20 page 7_pages_76-100.md
002-010-098,,002,010,"Glass - Millfor, Convex, Heated",VMRS_HB_COMPLETE_v20 page 7_pages_76-100.md
002-010-099,,002,010,wounting Bracket - Control Module,VMRS_HB_COMPLETE_v20 page 7_pages_76-100.md
002-010-100,,002,010,Dustiing - Mirror,VMRS_HB_COMPLETE_v20 page 7_pages_76-100.md
002-010-101,,002,010,Crammet Bracket Mirror,VMRS_HB_COMPLETE_v20 page 7_pages_76-100.md
002-010-102,,002,010,"Grommet - Bracket, Mirror",VMRS_HB_COMPLETE_v20 page 7_pages_76-100.md
002-010-103,,002,010,"Spring - Bracket, Mirror",VMRS_HB_COMPLETE_v20 page 7_pages_76-100.md
002-010-104,,002,010,"Pag - Mirror, Heating Element",VMRS_HB_COMPLETE_v20 page 7_pages_76-100.md
002-010-105,,002,010,"Bearing - Mirror, Primary",VMRS_HB_COMPLETE_v20 page 7_pages_76-100.md
002-010-106,,002,010,"Sneii - Mirror, Primary",VMRS_HB_COMPLETE_v20 page 7_pages_76-100.md
002-010-107,,002,010,"Cap - End, Mirror Bracket",VMRS_HB_COMPLETE_v20 page 7_pages_76-100.md
002-010-108,,002,010,Lens - Mirror Head,VMRS_HB_COMPLETE_v20 page 7_pages_76-100.md
002-010-109,,002,010,Light - Mirror Head,VMRS_HB_COMPLETE_v20 page 7_pages_76-100.md
002-010-110,,002,010,"Transmission - Motor, Mirror",VMRS_HB_COMPLETE_v20 page 7_pages_76-100.md
002-010-111,,002,010,"Plate - Structure, Primary Mirror Head",VMRS_HB_COMPLETE_v20 page 7_pages_76-100.md
002-010-112,,002,010,"Plate - Structure, Convex Mirror Head",VMRS_HB_COMPLETE_v20 page 7_pages_76-100.md
002-010-113,,002,010,Gasket - Mounting Mirror Base/Bracket,VMRS_HB_COMPLETE_v20 page 7_pages_76-100.md
002-010-115,,002,010,Service Kit - Mirror,VMRS_HB_COMPLETE_v20 page 7_pages_76-100.md
002-010-116,,002,010,Extension - Rearview Mirror,VMRS_HB_COMPLETE_v20 page 7_pages_76-100.md
002-010-117,,002,010,"Mirror - Heated, Rearview",VMRS_HB_COMPLETE_v20 page 7_pages_76-100.md
002-010-118,,002,010,"Timer - Mirror, Heated",VMRS_HB_COMPLETE_v20 page 7_pages_76-100.md
002-010-119,,002,010,Carrier & Glass Assembly - Auxiliary Mirror,VMRS_HB_COMPLETE_v20 page 7_pages_76-100.md
002-010-120,,002,010,"Hardware , Mounting - Wiring, Heated Mirror",VMRS_HB_COMPLETE_v20 page 7_pages_76-100.md
002-010-121,,002,010,"Housing - Mirror, Safety View",VMRS_HB_COMPLETE_v20 page 7_pages_76-100.md
002-010-122,,002,010,Deflector Daip Mirror,VMRS_HB_COMPLETE_v20 page 7_pages_76-100.md
002-010-123,,002,010,Mirror Assembly - Crossview,VMRS_HB_COMPLETE_v20 page 7_pages_76-100.md
002-010-125,,002,010,Tri-Pod Assembly - Mirror,VMRS_HB_COMPLETE_v20 page 7_pages_76-100.md
002-010-126,,002,010,"Support Block - Mirror, Cab Mounted",VMRS_HB_COMPLETE_v20 page 7_pages_76-100.md
002-010-127,,002,010,Wiring Harness - Heated Mirror,VMRS_HB_COMPLETE_v20 page 7_pages_76-100.md
002-010-128,,002,010,"Gasket - Bezel, Door Mirror",VMRS_HB_COMPLETE_v20 page 7_pages_76-100.md
002-010-129,,002,010,Cap - Door Mirror,VMRS_HB_COMPLETE_v20 page 7_pages_76-100.md
002-010-130,,002,010,Clamp - Door Mirror,VMRS_HB_COMPLETE_v20 page 7_pages_76-100.md
002-010-131,,002,010,Housing - Door Mirror,VMRS_HB_COMPLETE_v20 page 7_pages_76-100.md
002-010-132,,002,010,Motor - Door Mirror,VMRS_HB_COMPLETE_v20 page 7_pages_76-100.md
002-010-134,,002,010,Trim - Door Mirror,VMRS_HB_COMPLETE_v20 page 7_pages_76-100.md
002-010-135,,002,010,Cover - Windshield Mounted Mirror,VMRS_HB_COMPLETE_v20 page 7_pages_76-100.md
002-010-136,,002,010,Cap - Windshield Mounted Mirror,VMRS_HB_COMPLETE_v20 page 7_pages_76-100.md
002-010-137,,002,010,Insulator - Windshield Mounted Mirror,VMRS_HB_COMPLETE_v20 page 7_pages_76-100.md
002-010-138,,002,010,Mirror - Look Down,VMRS_HB_COMPLETE_v20 page 7_pages_76-100.md
002-010-139,,002,010,Mirror - Self-Adhesive,VMRS_HB_COMPLETE_v20 page 7_pages_76-100.md
002-010-140,,002,010,"Connector - Wiring, Heated Mirror",VMRS_HB_COMPLETE_v20 page 7_pages_76-100.md
002-010-141,,002,010,Mirror - Rearview W/Integrated LCD Screen,VMRS_HB_COMPLETE_v20 page 7_pages_76-100.md
002-010-142,,002,010,Boot Assembly - Mirror Arm,VMRS_HB_COMPLETE_v20 page 7_pages_76-100.md
002-010-145,,002,010,"Mirror - Heated, Hood Mounted",VMRS_HB_COMPLETE_v20 page 7_pages_76-100.md
002-010-146,,002,010,Mirror - Hood Mounted,VMRS_HB_COMPLETE_v20 page 7_pages_76-100.md
002-010-147,,002,010,"Mirror Assembly - Fender/Hood, Left",VMRS_HB_COMPLETE_v20 page 7_pages_76-100.md
002-010-148,,002,010,"Mirror Assembly - Fender/Hood, Right",VMRS_HB_COMPLETE_v20 page 7_pages_76-100.md
002-010-149,,002,010,"Head - Mirror, Rectangular, Vertical",VMRS_HB_COMPLETE_v20 page 7_pages_76-100.md
002-011-000,,002,011,Cab Accessories - Interior,VMRS_HB_COMPLETE_v20 page 7_pages_76-100.md
002-011-002,,002,011,Retractor - Seat Belt,VMRS_HB_COMPLETE_v20 page 7_pages_76-100.md
002-011-003,,002,011,Seat Belt & Retainer Assembly,VMRS_HB_COMPLETE_v20 page 7_pages_76-100.md
002-011-004,,002,011,Seat Belt - 3 Point,VMRS_HB_COMPLETE_v20 page 7_pages_76-100.md
002-011-005,,002,011,Buckle Assembly - Seat Belt,VMRS_HB_COMPLETE_v20 page 7_pages_76-100.md
002-011-006,,002,011,Bar - Seat Belt Slide,VMRS_HB_COMPLETE_v20 page 7_pages_76-100.md
002-011-007,,002,011,Retainer - Seat Belt,VMRS_HB_COMPLETE_v20 page 7_pages_76-100.md
002-011-008,,002,011,Seal - Seat Belt Retainer,VMRS_HB_COMPLETE_v20 page 7_pages_76-100.md
002-011-010,,002,011,Console Of Control Island Assembly,VMRS_HB_COMPLETE_v20 page 7_pages_76-100.md
002-011-012,,002,011,Panel - Kick,VMRS_HB_COMPLETE_v20 page 7_pages_76-100.md
002-011-013,,002,011,Ash Trav,VMRS_HB_COMPLETE_v20 page 7_pages_76-100.md
002-011-014,,002,011,Fan - Cab,VMRS_HB_COMPLETE_v20 page 7_pages_76-100.md
002-011-016,,002,011,Coat Hook - Cab,VMRS_HB_COMPLETE_v20 page 7_pages_76-100.md
002-011-017,,002,011,"Hardware, Mounting - Coat Hook",VMRS_HB_COMPLETE_v20 page 7_pages_76-100.md
002-011-018,,002,011,Retainer - Ash Tray,VMRS_HB_COMPLETE_v20 page 7_pages_76-100.md
002-011-019,,002,011,Washer - Ash Tray Retainer,VMRS_HB_COMPLETE_v20 page 7_pages_76-100.md
002-011-024,,002,011,Anchor - Seat Belt,VMRS_HB_COMPLETE_v20 page 7_pages_76-100.md
002-011-025,,002,011,Bolt-Eve,VMRS_HB_COMPLETE_v20 page 7_pages_76-100.md
002-011-027,,002,011,"Hardware, Mounting - Seat Belt & Retainer",VMRS_HB_COMPLETE_v20 page 7_pages_76-100.md
002-011-028,,002,011,Cap - Bolt,VMRS_HB_COMPLETE_v20 page 7_pages_76-100.md
002-011-029,,002,011,Bracket - Retractor,VMRS_HB_COMPLETE_v20 page 7_pages_76-100.md
002-011-032,,002,011,Bezel - Ashtray,VMRS_HB_COMPLETE_v20 page 7_pages_76-100.md
002-011-033,,002,011,"Hardware, Mounting - Ash Tray",VMRS_HB_COMPLETE_v20 page 7_pages_76-100.md
002-011-035,,002,011,"Hardware, Mounting - Cab Fan",VMRS_HB_COMPLETE_v20 page 7_pages_76-100.md
,011-000,011,000,"33L | The strate, mounting Oub Full",VMRS_HB_COMPLETE_v20 page 7_pages_76-100.md
002-011-038,,002,011,"0022111-040 Tim Ki- Interior 0022111-14 Lock Cylinder, Console 0022111-041 Console Tim Console Tim Console Tim 0022111-043 Tim Ring, Adhtray 0022111-111 Kock Cylinder, Console 0022111-044 Console Tim 0022111-111 Kock Cylinder, Console 0022111-044 Console Tim 0022111-111 Kock Cylinder, Console 0022111-044 Console Tim 0022111-112 Cancel Tim Console Tim 0022111-045 Finack-Shotgun 0022111-121 Cancel Tim Console Tim 0022111-045 Finack-Shotgun 0022111-121 Cancel Console 002211-121 Cancel Console 0022111-051 Finack-Shotgun 0022111-121 Cancel Console 002211-121 Cancel Console 0022111-051 Finack-Shotgun 0022111-121 Cancel Console 002211-121 Cancel Console 0022111-051 Finack-Shotgun 002211-122 Cancel Console 002211-021 Cancel Console 002211-052 Console Console 002211-122 Cancel Console 002211-021 Cancel Consol | | Seat - Auxiliary, Cab | 002-011-112 | Striker - Lid, Console",VMRS_HB_COMPLETE_v20 page 7_pages_76-100.md
002-011-041,,002,011,"Rack: Sholiguin 002-011-141 Lock Cylinder, Console 002-011-043 Cornsole Tim 002-011-151 Mourit - Lock Cylinder, Console 002-011-044 Cornsole Tim 002-011-161 Mourit - Lock Cylinder, Console 002-011-045 Cornsole Accessory 002-011-181 Mail - Cornsole 002-011-045 Cornsole Accessory 002-011-182 Cornsole 002-011-045 Nimity Hamess Electronic Accessory 002-011-122 Carn- Cornsole 002-011-045 Nimity Hamess Electronic Accessory 002-011-122 Carn- Cornsole 002-011-051 Wimity Hamess Electronic Accessory 002-011-122 Carn- Cornsole 002-011-052 Mail - Cornsole 002-011-122 Lane - Tim, Cornsole 002-011-051 Wimity Hamess Cornsole 002-011-122 Lane - Tim, Cornsole 002-011-051 Waste Bin 002-011-122 Lane - Tim, Cornsole 002-011-051 Waste Bin 002-011-122 Lane - Tim, Cornsole 002-011-052 Waste Bin 002-011-122 Lane - Saat Belt 002-011-051 Waste Bin | 002-011-040 | Trim Kit - Interior | 002-011-113 | Lock - Console",VMRS_HB_COMPLETE_v20 page 7_pages_76-100.md
002-011-043,,002,011,"0022011-044 Console Trim 0022011-05 Cover Filta - Console 0022011-045 Cover Filta - Console 0022011-05 Cover Filta - Console 0022011-045 Cover Filta - Console 0022011-05 Cover - Tim, Lock Cylinder, Console 0022011-045 Cover Filta - Console 0022011-05 Cover - Tim, Lock Cylinder, Console 0022011-045 Cover Filta - Console 0022011-05 Cover - Tim, Lock Cylinder, Console 0022011-045 Cover Filta - Console 0022011-05 Cover - Tim, Console 0022011-045 Cover Filta - Cover, Sant Bell 0022011-05 Cover, Sant Bell 0022011-045 Cover - Sant Bell 0022011-123 Cover, Sant Bell 0022011-05 Tim, Scant Bell 0022011-124 Cover, Sant Bell 0022011-05 Cover, Sant Bell 0022011-123 Cover, Sant Bell 0022011-05 Cover, Sant Bell 0022011-124 Cover, Sant Bell 0022011-05 Cover, Sant Bell 0022011-123 Cover, Sant Bell 0022011-05 Cover - Sant Bell 0022011-133 Cover - Sant Bell 0022011-05 Raw displars, | | Trim Bing - Ashtrav | 002-011-115 | Housing - Lock Cylinder, Console",VMRS_HB_COMPLETE_v20 page 7_pages_76-100.md
011-047-002,,011,047,"0022011-045 Cover Finale - Console 0022011-047 Wring Harness - Electronic Accessory 00222011-047 Wring Harness - Electronic Accessory 0022011-047 0022011-047 Bracket - Electronic Accessory 0022011-047 0022011-047 Bracket - Electronic Accessory 0022011-05 0022011-047 Bracket - Electronic Accessory 0022011-05 0022011-047 Bracket - Electronic Accessory 0022011-05 0022011-045 Bracket - Ubergen Seat Bell 0022011-05 0022011-045 Bracket - Ubergen Seat Bell 0022011-05 0022011-05 Bracket - Ubergen Seat Bell 0022011-05 0022011-05 Bracket - Ubergen Seat Bell 0022011-05 0022011-05 Bracket - Ubergen Seat Bell 0022011-05 0022011-05 Bracket - Ubergen Seat Bell 0022011-05 0022011-05 Bracket - Ubergen Seat Bell 0022011-05 0022011-05 Bracket - Bracket Bell 0022011-05 0022011-05 Bracket - Bracket Bell 0022011-05 0022011-05 Bracket - Bracket Bell 0022011-165 | 002-011-044 | Console Trim | 002-011-116 | Mount - Lock Cylinder, Console",VMRS_HB_COMPLETE_v20 page 7_pages_76-100.md
011-051-002,,011,051,"0022011-046 Control Panel - Console 0022011-147 Mat - Console 0022011-047 Wring Hamess - Electronic Accessory 0022011-147 Insulator - Panel - Console 0022011-047 Wring Hamess - Electronic Accessory 0022011-147 Panel - Console 0022011-048 Tablers - Seat Belt 0022011-147 Panel - Console 0022011-047 Console 022011-047 Console 0022011-048 Console 022011-047 Console 0022011-051 Waste Bin 0022011-051 Console 0222011-052 Waste Bin 0022011-126 Latch - Seat Belt 0022011-051 0022011-052 Waste Bin 0022011-126 Latch - Seat Belt 0022011-051 0022011-052 Waste Bin 0022011-126 Latch - Seat Belt 0022011-052 0022011-059 Panel - Console 0022011-1126 Latch - Seat Belt 0022011-052 0022011-059 Panel - Cargo 0022011-132 Button - Liming, Seat Belt 0022011-052 0022011-059 Panel - Cargo 0022011-133 Belt - Rear, Cab < | 002 011 045 | Covor Plato - Consolo | 002 011 117 | Cover Trim Lock Cylinder, Console",VMRS_HB_COMPLETE_v20 page 7_pages_76-100.md
002-011-045,,002,011,"00000111-0000 Outling Transfer 00000111-110 Wate Stand Console 00000111-0000 Darksket - Electricie Accessory 000000111-120 Cap. Panel Scrow, Console 00000111-0000 Barksket - Electricie Accessory 000000111-120 Cap. Console 00000111-0000 Barksket - Electricie Accessory 000000000000000000000000000000000000 | | Control Danol Concolo | 002-011-117 | Mat Capacia",VMRS_HB_COMPLETE_v20 page 7_pages_76-100.md
011-132-002,,011,132,"0.02.011-047 Wiring Harrises - Electronic Accessory 0.02.011-109 Frank. Console 0.02.011-048 Backet - Electronic Accessory 0.02.011-124 Gauge Console 0.02.011-045 Backet - Electronic Accessory 0.02.011-124 Gauge Console 0.02.011-054 Gauge Console 0.02.011-124 Gauge Console 0.02.011-054 Gauge Console 0.02.011-124 Gauge Console 0.02.011-054 Gauge Console 0.02.011-124 Gauge Console 0.02.011-054 Spring - Waste Bin 0.02.011-126 Console Gauge Console 0.02.011-054 Spring - Waste Bin 0.02.011-126 Console Gauge Console 0.02.011-054 Spring - Waste Bin 0.02.011-126 Console Gauge Console 0.02.011-054 Spring - Waste Bin 0.02.011-128 Latch - Seat Belt Gauge Console 0.02.011-055 Spring - Waste Bin 0.02.011-132 Buiton - Lang and Shoulder, Seat Belt 0.02.011-056 Spring - Market Script Console 0.02.011-132 Buiton - Seat Belt 0.02.011-057 Spring - Market Script Console 0.02.-011-040 Control Panel - Console 002-011-110 Mat - Console | 002-011-040 | Control Panel - Console | 002-011-110 | Mat - Console",VMRS_HB_COMPLETE_v20 page 7_pages_76-100.md
002-011-048,,002,011,"Bracket - Lectronic Accessory 002-011-120 Insultator - Panel, Console 002-011-045 Bracket - Upper, Seat Belt, 3 point 002-011-124 Cap Coart, Scat Belt 002-011-057 Bracket - Upper, Seat Belt, 3 point 002-011-124 Cap Coart, Scat Belt 002-011-057 Bracket - Upper, Seat Belt, 3 point 002-011-124 Cap Coart, Scat Belt 002-011-057 Bracket - Main, Main 002-011-124 Cap Coart, Scat Belt 002-011-057 Dort, Waste Din 002-011-124 Coart, Scat Belt 002-011-057 Dort, Waste Din 002-011-124 Coart, Scat Belt 002-011-057 Dart, Scat Belt 002-011-123 Coart, Scat Belt 002-011-057 Bushing - Headrest 002-011-133 Switch - Latch, Scat Belt 002-011-067 Bushing - Headrest 002-011-133 Switch - Latch, Scat Belt 002-011-067 Bushing - Headrest 002-011-133 Switch - Latch, Scat Belt 002-011-067 Part Belt Coart - Scat Scat Scat Scat Scat Scat Scat Scat | 002-011-047 | Wiring Harness - Electronic Accessory | 002-011-119 | Panel - Console",VMRS_HB_COMPLETE_v20 page 7_pages_76-100.md
002-011-049,,002,011,"Adjuster - Shoulder Strap 002-011-121 Cap - Panel Screw, Console 002-011-050 Bracket - Upper, Seat Belt 002-011-123 Cap - Cover, Seat Belt Cap - Cover, Seat Belt 002-011-050 Door - Waste Bin 002-011-123 Cap - Guide, Seat Belt Cover - Height Adjuster, Seat Belt 002-011-050 Symp - Waste Bin 002-011-124 Cap - Guide, Seat Belt Cover - Height Adjuster, Seat Belt 002-011-054 Symp - Waste Bin 002-011-124 Cap - Guide, Seat Belt Cover - Height Adjuster, Seat Belt 002-011-056 May Belt 002-011-124 Cap - Guide, Seat Belt Cover - Height Adjuster, Seat Belt 002-011-057 Bushing - Headres1 002-011-133 Switch - Lach, Seat Belt 002-011-058 Bushing - Headres1 002-011-133 Bushing - Headres1 002-011-050 Shetl - Rear, Cab 002-011-133 Belt Shetl - Seat Belt 002-011-050 Rack, Lugage - Interior 002-011-133 Belt Shetl - Seat Belt 002-011-061 Rack, Book - Interior 002-011-133 Cover - Readres1 002-011-061 Rack, Book - Interior 002-011-133 | 002-011-048 | Bracket - Electronic Accessory | 002-011-120 | Insulator - Panel, Console",VMRS_HB_COMPLETE_v20 page 7_pages_76-100.md
002-011-050,,002,011,"Bracket - Upper, Seat Belt, 3 point 002-011-124 Guide - Seat Belt 002-011-051 Teher - Seat Belt 002-011-124 Guide - Seat Belt 002-011-052 Door - Waste Bin 002-011-124 Guide - Seat Belt 002-011-053 Door - Waste Bin 002-011-128 Cap - Guide, Seat Belt 002-011-054 Spring - Voiste Bin 002-011-128 Care - Care, Seat Belt 002-011-128 002-011-055 Dushing - Haadreat 002-011-128 Care - Care, Seat Belt 002-011-128 002-011-056 Dushing - Haadreat 002-011-130 Cover - Lato, Seat Belt 002-011-130 002-011-058 Destring - Covier - Seat Belt 002-011-130 Switch - Lato, Seat Belt 002-011-058 Destring - Covier - Seat Belt 002-011-130 Switch - Lato, Seat Belt 002-011-058 Destring - Covier - Seat Belt 002-011-130 Switch - Lato, Seat Belt 002-011-058 Destring - Covier - Seat Belt 002-011-130 Switch - Lato, Seat Belt 002-011-058 Destring - Seat Belt 002-011-130 Switch - Seat Belt 002-011-130 002-011-054 | 002-011-049 | Adjuster - Shoulder Strap | 002-011-121 | Cap - Panel Screw, Console",VMRS_HB_COMPLETE_v20 page 7_pages_76-100.md
002-011-051,,002,011,"Tehler- Seat Belt 002-011-02 Cap - Cover, Seat Belt Bolt 002-011-052 Door - Waste Bin 002-011-125 Cap - Guide, Seat Belt 002-011-055 Tray - Cooler Cabinet 002-011-127 Bushing - Lap and Shoulder, Seat Belt 002-011-057 Bushing - Lap and Shoulder, Seat Belt 002-011-128 Cover - Hight Adjuster, Sat Belt 002-011-057 Bushing - Lap and Shoulder, Seat Belt 002-011-128 Cover - Seat Belt 002-011-057 Bushing - Lap and Shoulder, Seat Belt 002-011-133 Switch - Latch, Seat Belt 002-011-057 Bushing - Lap and Shoulder, Seat Belt 002-011-133 Switch - Latch, Seat Belt 002-011-058 Panel - Cargo 002-011-133 Switch - Latch, Seat Belt 002-011-058 Panel - Cargo Panel 002-011-133 Felnitocement - Seat Belt 002-011-058 Switch - Latch, Seat Belt 002-011-133 Felnitocement - Seat Belt 002-011-058 Switch - Latch, Seat Belt 002-011-133 Felnitocement - Seat Belt 002-011-058 Switch - Latch, Seat Belt 002-011-137 Felnitocement - Seat Belt 002-011-057 Switch - Switch - La | 002-011-050 | Bracket - Upper, Seat Belt, 3 point | 002-011-122 | Panel - Trim, Console",VMRS_HB_COMPLETE_v20 page 7_pages_76-100.md
002-011-052,,002,011,"0022111-063 Door - Washe Bin 0022111-26 Cap - Guide, Seat Belt 0022111-054 Tray - Cooler Cabinet 0022111-27 Bushing - Lap and Shoulder, Seat Belt 0022111-054 Bushing - Lead Belt 0022111-28 Cover - Feed Belt Mounting 0022111-28 Cover - Seat Belt 0022111-054 Bushing - Lead Belt 0022111-31 Switch - Lach, Seat Belt 0022111-054 Cover - Seat Belt 0022111-33 Switch - Lach, Seat Belt 0022111-054 Cover - Seat Belt 0022111-33 Switch - Lach, Seat Belt 0022111-054 Paration - Cargo Panel 0022111-33 Belt - Shoulder, Seat Belt 0022111-054 Paration - Cargo Panel 0022111-33 Belt - Shoulder, Seat Belt 0022111-054 Rack, Book - Interior 0022111-33 Belt - Cargo 0022111-054 Rack, Book - Interior 0022111-33 Belt - Cargo 0022111-054 Rack, Book - Interior 0022111-33 Belt - Cargo 0022111-054 Rack, Book - Interior 0022111-33 Belt - Cargo 0022111-054 Hader - Vindow 0022111-37 Net - Cargo Waste Bin002-011-124Guide - Seat Belt | 002-011-052 | Waste Bin | 002-011-124 | Guide - Seat Belt",VMRS_HB_COMPLETE_v20 page 7_pages_76-100.md
002-011-053,,002,011,"022011-056 Spring, Waste Bin 0022011-057 Bushing - Headrest 0022011-057 Bushing - Headrest 0022011-057 Bushing - Headrest 0022011-057 Bushing - Headrest 0022011-057 Bushing - Headrest 0022011-057 Bushing - Headrest 0022011-057 Bushing - Headrest 0022011-057 Bushing - Headrest 0022011-057 Bushing - Headrest 0022011-057 Bushing - Headrest 0022011-057 Bushing - Headrest 0022011-057 Panel - Cargo 0022011-051 Bushing - Headrest 0022011-056 Panel - Cargo 0022011-051 Bushing - Headrest 0022011-067 Panel - Cargo 0022011-061 Bushing - Headrest 0022011-067 Baster - Door 0022011-061 Cover - Cargo 0022011-067 Headre - Mindow 0022011-133 Transmitter - Garage Door 0022011-067 Headre - Mindow 0022011-137 Transmitter - Garage Door 0022011-067 Headre - Mindow 0022011-137 Transmitter - Garage Door 0022011-077 Headre - Mindow 0022011-147 Headre - M | | Door - Waste Bin | 002-011-125 | Cap - Guide, Seat Belt",VMRS_HB_COMPLETE_v20 page 7_pages_76-100.md
002-011-054,,002,011,"0022011-055 Tray Cooler Cabinet 0022011-27 Bushing - Lap and Boulder, Seat Belt 0022011-057 Bushing - Headnest 0022011-31 Switch - Latch, Seat Belt 0022011-056 Cover - Seat Belt 0022011-32 Bushing - Lab, Seat Belt 0022011-057 Bushing - Headnest 0022011-33 Beinforcement - Seat Belt 0022011-058 Cover - Seat Belt 0022011-33 Beinforcement - Seat Belt 0022011-058 Shef - Rear, Cab 0022011-33 Beinforcement - Seat Belt 0022011-068 Fhack, Boot - Inheroir 0022011-33 Tommetter - Gargo 0022011-068 Fhack, Boot - Inheroir 0022011-37 Tommetter - Gargo 0022011-068 Headage - Inheroir 0022011-37 Tommetter - Gargo Boor 0022011-068 Headage - Menior 0022011-37 Tommetter - Gargo Boor 0022011-078 Headage - Menior 0022011-41 Tommetter - Gargo Boor 0022011-078 Headage - Menior 0022011-41 Headage Boor 0022011-078 Headage - Mano Assambly 0022011-42 Fin - Hingo, Cargo Cover 0022011-079 | | Spring - Waste Bin | 002-011-126 | Cover - Height Adjuster, Seat Belt",VMRS_HB_COMPLETE_v20 page 7_pages_76-100.md
002-011-055,,002,011,"00000 1112 Cover Seat Belt 00000 11125 Clamp - Latch, Seat Belt 00000 11125 Clamp - Latch, Seat Belt 00000 11135 Switch - Latch, Seat Belt 00000 11135 Switch - Latch, Seat Belt 00000 11135 Switch - Latch, Seat Belt 00000 11135 Switch - Latch, Seat Belt 00000 11135 Butch - Seat Belt 00000 11135 Butch - Latch, Seat Belt 00000 11135 Switch - Latch, Seat Belt 000000 11135 Switch - Latch, Seat Belt 000000 11135 Switch - Latch, Seat Belt 0000000 11135 Switch - Latch, Seat Belt 0000000000 11135 Switch - Latch, Seat Belt 0000000000000000000 11135 Switch - Latch, Seat Belt 000000000000000000000000000000000000 | | Tray Cooler Cabinet | 002 011 127 | Bushing Lan and Shouldor Soat Bolt",VMRS_HB_COMPLETE_v20 page 7_pages_76-100.md
011-056-002,,011,056,"0022011-05 Ediamo - Latch, Seat Belt 0022011-056 Cover - Seat Belt Mounting 00222011-056 Panel - Cargo 0022011-051 0022011-056 Panel - Cargo 0022011-051 0022011-056 Shelf - Rear, Cab 0022011-051 0022011-056 Shelf - Rear, Cab 0022011-051 0022011-056 Shelf - Rear, Cab 0022011-051 0022011-056 Shelf - Rear, Cab 0022011-051 0022011-056 Fack, Boot - Interior 0022011-051 0022011-067 Fack, Boot - Interior 0022011-071 0022011-067 Fack, Boot - Interior 0022011-071 0022011-076 Header - Nindow 0022011-071 0022011-076 Header - Nondow 0022011-071 00211-076 Header - Nondow 0022011-173 0022011-077 Abit Tay & Relatiner - Assembly 0022011-174 0022011-077 Header - Nondow 0022011-174 0022011-077 Abit Tay & Relatiner - Assembly 0022011-174 0022011-077 Cover Plate - Ash Tray & Relatiner - Assembly 0022011-174 | 002-011-050 | Aujuster - Seat Deit | 002-011-120 | Classe Latek Oast Dalt",VMRS_HB_COMPLETE_v20 page 7_pages_76-100.md
002-011-057,,002,011,"0022011-058 Cover - Seat Belt Mounting 0022011-030 Cover - Seat Belt 0022011-050 Panel - Cargo Panel 0022011-031 Button - Latch, Seat Belt 0022011-061 Panet - Cargo Panel 0022011-035 Belt - Shoulder, Seat Belt 0022011-061 Rack, Luggage - Interior 0022011-036 Transmitter - Gargo Panel 0022011-065 Rack, Dook - Interior 0022011-037 Net - Cargo 0022011-064 Rack, Dook - Interior 0022011-037 Net - Cargo 0022011-065 Rack, Dook - Interior 0022011-037 Net - Cargo 0022011-067 Header - Window 0022011-138 Cover - Cargo 0022011-067 Header - Window 0022011-143 Transmitter - Gargo Door 0022011-067 Header - Window 0022011-143 Trans- Strage Door 0022011-078 Bolt - Restrain. Seat Belt 0022011-143 Transmitter - Gargo Cover 0022011-077 Bolt - Restrain. Seat Belt 0022011-143 Transmitter - Gargo Cover 0022011-077 Ash Tray & Retainer - Assembly 0022011-143 Transmitter - Gargo Cover 0022011-077 | | Busning - Headrest | 002-011-129 | Clamp - Latch, Seat Belt",VMRS_HB_COMPLETE_v20 page 7_pages_76-100.md
002-011-058,,002,011,"0022011-035 Switch - Lach, Seat Belt 0022011-061 Pocket - Rear 0022011-132 Bittoro-centrol - Seat Belt 0022011-061 Pocket - Rear 0022011-132 Bittoro-centrol - Seat Belt 0022011-062 Shef - Rear, Cab 0022011-136 Tim - Seat Belt 0022011-063 Rack, Book - Interior 0022011-136 Tim - Seat Belt 0022011-064 Rack, Cabo - Interior 0022011-138 Tim Seat Belt 0022011-065 Header - Window 0022011-138 Tim Seat Belt 0022011-066 Header - Window 0022011-140 Handle - Cargo Cover 0022011-070 Bott - Restraint, Seat Belt 0022011-140 Handle - Cargo Cover 0022011-071 Header - Nindow Nozzle 0022011-140 Handle - Cargo Cover 0022011-072 Guide - Ash Tray 0022011-142 Pin - Hingp, Cargo Cover 0022011-073 Housing - Ash Tray Kasembly 0022011-142 Motor - Sunshade, Back Glass 0022011-074 Ludie - Ash Tray 0022011-145 Motor - Sunshade, Back Glass 0022011-075 Stide - Wasake Bin 0022011-146 Motor - Sun | | Cover - Seat Belt Mounting | 002-011-130 | Cover - Latch, Seat Belt",VMRS_HB_COMPLETE_v20 page 7_pages_76-100.md
002-011-060,,002,011,"Partition - Cargo Panel 002-011-132 Button - Limiting, Seat Belt 002-011-061 Sheft - Rear, Cab 002-011-135 Cover - Retractor, Seat Belt 002-011-064 Rack, Luggage - Interior 002-011-136 Trim - Seat Belt 002-011-064 Rack, Dook - Interior 002-011-137 Net - Shoulder, Seat 002-011-067 Rack, Dook - Interior 002-011-138 Triansmitter - Garago Door 002-011-067 Header - Window 002-011-148 Triansmitter - Garago Door 002-011-067 Header - Window 002-011-143 Triansmitter - Garago Door 002-011-068 Air Garago Exore - Cargo Triansmitter - Garago Exore - Cargo 002-011-071 Ash Tray & Retainer - Assembly 002-011-143 Trians- Scat Belt 002-011-072 Guide - Ash Tray 002-011-145 Motor - Sunshade, Back Glass 002-011-071 Ash Tray & Retainer - Assembly 002-011-145 Motor - Sunshade, Back Glass 002-011-071 Ash Tray & Altray Lighter 002-011-145 Motor - Sunshade, Back Glass 002-011-071 Housing - Ash Tray Sunshade, Back Glass 002-011-146 Motor - Sunsha | 002-011-059 | Panel - Cargo | 002-011-131 | Switch - Latch, Seat Belt",VMRS_HB_COMPLETE_v20 page 7_pages_76-100.md
002-011-061,,002,011,"Pocket - Rear 002-011-132 Reinforcement - Seat Belt 002-011-065 Rack, Book - Interior 002-011-136 Tim - Seat Belt 002-011-066 Header - Window 002-011-136 Tim - Seat Belt 002-011-066 Header - Window 002-011-138 Tiansmitter - Garage Door 002-011-066 Header - Window 002-011-140 Handle - Cargo Cover 002-011-068 Tay - Storage, Console 002-011-140 Handle - Cargo Cover 002-011-070 Bolt - Restraint, Seat Belt 002-011-140 Handle - Cargo Cover 002-011-071 Bolt - Restraint, Seat Belt 002-011-142 Pin - Hinge, Cargo Cover 002-011-071 Bolt - Restraint, Seat Belt 002-011-142 Pin - Hinge, Cargo Cover 002-011-071 Ash Taya, Kanthare - Assembly 002-011-142 Wind - Sunshade, Back Glass 002-011-071 Housing - Ash Trayk Charler 002-011-143 Motor - Sunshade, Back Glass 002-011-071 Housing - Ash Trayk Adjustiment, Seat Belt 002-011-145 Motor - Sunshade, Back Glass 002-011-071 Housing - Ash Trayk Adjustiment, Seat Belt 002-011-08 002-011-060Partition - Cargo Panel002-011-132Button - Limiting, Seat Belt | 002-011-060 | Partition - Cargo Panel | 002-011-132 | Button - Limiting, Seat Belt",VMRS_HB_COMPLETE_v20 page 7_pages_76-100.md
002-011-062,,002,011,"Shelf - Rear, Cab 002-011-136 Cover - Retractor, Seat Belt 002-011-064 Rack, Logage - Interior 002-011-136 Trim - Seat Belt 002-011-064 Rack, Dook - Interior 002-011-137 Net - Cargo 002-011-064 Haader - Nindow 002-011-138 Tramsmitter - Gargo Ever - Cargo 002-011-064 Haader - Door 002-011-141 Spring - Handle, Cargo Cover 002-011-064 Ain Tay Stage, Console 002-011-142 Pin - Hinge, Cargo Cover 002-011-072 Guide - Ash Tray 002-011-142 Pin - Hinge, Cargo Cover 002-011-073 Ketainer - Assembly 002-011-144 Motor - Sunshade, Back Glass 002-011-074 Lai - Record Hoider 002-011-145 Motor - Sunshade, Back Glass 002-011-075 Cover Plate - Ash Tray 002-011-146 Motor - Sunshade, Back Glass 002-011-074 Lai - Record Hoider 002-011-146 Motor - Sunshade, Back Glass 002-011-077 Housing - Ash Tray Stage 002-011-146 Motor - Sunshade, Back Glass 002-011-077 Housing - Ash Tray Stage 002-011-148 Motor - Sunshade, Back Glass | 002-011-061 | Pocket - Rear | 002-011-133 | Reinforcement - Seat Belt",VMRS_HB_COMPLETE_v20 page 7_pages_76-100.md
002-011-064,,002,011,"Rack, Luggage - Interior 002-011-05 Belt - Shoulder, Saat 002-011-065 Header - Window 002-011-067 Transmittar - Garage Door 002-011-068 Tray - Storage, Console 002-011-138 Transmittar - Garage Door 002-011-067 Header - Window 002-011-148 Transmittar - Garage Door 002-011-068 Tray - Storage, Console 002-011-141 String - Handle, Cargo Cover 002-011-071 Ash Tray 002-011-142 Tranck - Automatic Saat Belt 002-011-143 002-011-072 Guide - Ash Tray 002-011-143 Track - Automatic Saat Belt 002-011-143 002-011-073 Housing - Ash Tray/Lighter 002-011-144 Smitch - Sunshade, Back Glass 002-011-075 Side - Waste Bin 002-011-144 Motor - Sunshade, Back Glass 002-011-075 Side - Ash Tray 002-011-148 Motor - Sunshade, Back Glass 002-011-075 Wallet - Visor 002-011-148 Motor - Sunshade, Back Glass 002-011-075 Wallet - Ash Tray 002-011-148 Motor - Sunshade, Back Glass 002-011-077 Houder - Business Card 002-011-1 | 002-011-062 | Shelf - Rear, Cab | 002-011-134 | Cover - Retractor, Seat Belt",VMRS_HB_COMPLETE_v20 page 7_pages_76-100.md
002-011-065,,002,011,"Rack, Boxk - Interior 002-011-138 Trim - Seal Bett 002-011-067 Header - Door 002-011-138 Transmitter - Garage Door 002-011-067 Header - Door 002-011-138 Transmitter - Garage Door 002-011-068 Handle - Cargo Cover 002-011-148 Handle - Cargo Cover 002-011-070 Bolt - Restraint, Seat Belt 002-011-142 Pin - Hinge, Cargo Cover 002-011-072 Guide - Ash Tray 002-011-142 Pin - Hinge, Cargo Cover 002-011-073 Katas Retainer - Assembly 002-011-143 Track - Automatic Seat Belt 002-011-074 Housing - Ash Tray Katas 002-011-144 Motor - Sunshade, Back Glass 002-011-075 Housing - Ash Tray Katas 002-011-144 Motor - Sunshade, Back Glass 002-011-077 Housing - Ash Tray Katas 002-011-145 Motor - Height Adjustment, Seat Belt 002-011-077 Holder - Business Card 002-011-148 Motor - Height Adjustment, Seat Belt 002-011-077 Holder - Business Card 002-011-148 Motor - Height Adjustment, Seat Belt 002-011-079 Puoch - Tether 002-011-148 M | 002-011-064 | Rack, Luggage - Interior | 002-011-135 | Belt - Shoulder, Seat",VMRS_HB_COMPLETE_v20 page 7_pages_76-100.md
022-011-086,,022,011,"Header - Window 022-011-137 Net - Cargo 022-011-086 Tray - Storage, Console 002-011-138 Transmitter - Gargo Cover 022-011-087 Air Cun Blower Nozzle 002-011-148 String - Handle, Cargo Cover 002-011-071 Ahr Tray & Retainer - Assembly 002-011-142 Pin - Hinge, Cargo Cover 002-011-072 Guide - Ash Tray 002-011-143 Track - Automatic Sate Balt 002-011-073 Housing - Ash Tray Xulghter 002-011-143 Track - Automatic Sate Balt 002-011-075 Sidae - Waste Bin 002-011-144 Motor - Sunshade, Back Glass 002-011-075 Sidae - Ash Tray 002-011-145 Motor - Sunshade, Back Glass 002-011-075 Sidae - Ash Tray 002-011-145 Motor - Sunshade, Back Glass 002-011-076 Wallet - Visor 002-011-148 Motor - Sunshade, Back Glass 002-011-077 Housing - Sate Balt 002-011-149 Cover - Luggage 002-011-078 Wallet - Visor 002-011-148 Cover - Luggage 002-011-077 Housing - Sate Balt 002-011-149 Cover - Luggage 002-011- | 002-011-065 | Back Book - Interior | 002-011-136 | Trim - Seat Belt",VMRS_HB_COMPLETE_v20 page 7_pages_76-100.md
002-011-140,,002,011,"0022011-065 Header - Door 0022011-07 Guide - Ash Tray 0022011-07 Bolt - Restraint, Seat Belt Handle - Cargo Cover 0022011-07 Bolt - Restraint, Seat Belt 002-011-141 Spring - Handle, Cargo Cover 0022011-07 Bolt - Restraint, Seat Belt 002-011-142 Track - Automatic Seat Belt 002-011-07 Housing - Ash Tray Kash 002-011-143 Track - Mutomatic Seat Belt 002-011-07 Housing - Ash Tray Kash 002-011-144 Motor - Sunshade, Back Glass 002-011-07 Housing - Ash Tray Kash 002-011-144 Smitch - Sunshade, Back Glass 002-011-07 Housing - Ash Tray Kash 002-011-145 Smitch - Sunshade, Back Glass 002-011-07 Housing - Ash Tray Kash 002-011-145 Smitch - Sunshade, Back Glass 002-011-07 Housing - Ash Tray Kash 002-011-146 Smitch - Sunshade, Back Glass 002-011-07 Housing - Ash Tray Kash 002-011-148 Motor - Height Adjustment, Seat Belt 002-011-07 Housing - Sat Belt 002-011-148 Smitch - Sunshade, Back Glass 002-011-08 Sole Desk 002-011-148 | 002-011-066 | Header - Window | 002-011-137 | Net - Cargo",VMRS_HB_COMPLETE_v20 page 7_pages_76-100.md
022-011-005,,022,011,"0 Track-Storage, Console 002-011-100 Handle - Cargo Cover 0022-011-010 Air Tay & Retainer - Assembly 002-011-140 Handle - Cargo Cover 002-011-017 Ash Tray & Retainer - Assembly 002-011-141 Pin - Hinge, Cargo Cover 002-011-027 Guide - Ash Tray 002-011-142 Pin - Hinge, Cargo Cover 002-011-037 Housing - Ash Tray 002-011-143 Motor - Sunshade, Back Glass 002-011-073 Housing - Ash Tray 002-011-143 Motor - Sunshade, Back Glass 002-011-075 Silde - Waste Bin 002-011-147 Motor - Sunshade, Back Glass 002-011-076 Cover Plate - Ash Tray 002-011-147 Motor - Height Adjustment, Seat Belt 002-011-077 Housines - Card 002-011-147 Wining Harness - Console 002-011-079 Pouch - Tether 002-011-149 Box - Beverage Cooler 002-011-079 Pouch - Lap 002-011-140 Cover - Laggage 002-011-082 Extension - Seat Belt 002-011-150 Box - Beverage Cooler 002-011-082 Extension - Seat Belt 002-011-082 Cover - Laggace | 002-011-067 | Header - Door | 002-011-138 | Transmitter - Garage Door",VMRS_HB_COMPLETE_v20 page 7_pages_76-100.md
011-152-002,,011,152,"0022011-008 Handle - Cargo Cover 0022011-070 Bolt - Restraint, Seat Belt 0022011-141 Spring - Handle, Cargo Cover 0022011-071 Guide - Ash Tray 0022011-142 Control Module - Sunshade, Back Glass 0022011-072 Guide - Ash Tray 0022011-143 Track - Automatic Seat Belt 0022011-075 Silde - Waste Bin 0022011-145 Motor - Sunshade, Back Glass 0022011-075 Silde - Waste Bin 0022011-146 Wintor - Sunshade, Back Glass 0022011-075 Silde - Waste Bin 0022011-146 Wotor - Sunshade, Back Glass 0022011-076 Cover Plate - Ash Tray 0022011-146 Wotor - Height Adjustment, Seat Belt 0022011-077 Holder - Business Card 0022011-148 Wotor - Height Adjustment, Seat Belt 0022011-078 Wallet - Visor 0022011-148 Extension - Seat Belt 00222011-081 Seat Belt - Lap 0022011-152 Cap - End, Cargo Cover 0022011-081 Seat Belt 0022011-081 Seat Belt 0022011-081 Seat Belt 0022011-081 Seat Seat Seat Seat Seat Seat Seat Seat | 002-011-007 | Tray Starage Cancele | 002-011-130 | Cover Corgo",VMRS_HB_COMPLETE_v20 page 7_pages_76-100.md
002-011-069,,002,011,"Air Gun BioWer No22le 002-011-140 Francie - Jargo Cover 002-011-071 Ash Tray & Retainer - Assembly 002-011-142 Pin - Hinge, Cargo Cover 002-011-073 Housing - Ash Tray 002-011-143 Motor - Sunshade, Back Glass 002-011-075 Side - Waste Bin 002-011-143 Motor - Sunshade, Back Glass 002-011-075 Side - Waste Bin 002-011-144 Control Module - Sunshade, Back Glass 002-011-075 Side - Waste Bin 002-011-144 Motor - Sunshade, Back Glass 002-011-076 Cover Plate - Ash Tray 002-011-147 Wiring Harness - Console 002-011-076 Cover Plate - Ash Tray 002-011-140 Switch - Sunshade, Back Glass 002-011-077 Holder - Business Card 002-011-140 Switch - Sunshade, Back Glass 002-011-078 Wallet - Visor 002-011-140 Box - Beverage Cooler 002-011-081 Box Best Belt 002-011-151 Dor - Box, Beverage Cooler 002-011-082 Extension - Seat Belt 002-011-152 Cap - End, Cargo Cover 002-011-084 Bushing - Mounting, Seat Belt 002-011-081 Foor Pan - Cab | 002-011-000 | Tray - Storage, Console | 002-011-139 | Cover - Cargo",VMRS_HB_COMPLETE_v20 page 7_pages_76-100.md
002-011-070,,002,011,"Bolt - Hestraint, Seat Belt 002-011-141 Spring - Handle, Cargo Cover 002-011-071 Guide - Ash Tray 002-011-143 Track - Automatic Seat Belt 002-011-074 Lid - Record Holder 002-011-144 Control Module - Sunshade, Back Glass 002-011-074 Lid - Record Holder 002-011-145 Switch - Sunshade, Back Glass 002-011-074 Lid - Record Holder 002-011-144 Switch - Sunshade, Back Glass 002-011-074 Lid - Record Holder 002-011-144 Motor - Sunshade, Back Glass 002-011-077 Holder - Business Card 002-011-148 Switch - Sunshade, Back Glass 002-011-078 Wallet - Visor 002-011-150 Box - Box, Beverage Cooler 002-011-078 Wallet - Visor 002-011-152 Cay - End, Cargo Cover 002-011-081 Seat Belt 002-011-153 Dore - Jack 002-011-081 Seat Belt 002-011-154 Fire Extinguisher - In Cab 002-011-082 Extension - Seat Belt 002-011-154 Fire Extinguisher - In Cab 002-011-084 Mounting Bracket - Clipboard 002-012-000 Fioor Pan - Cab Deck | 002-011-069 | Air Gun Biower Nozzie | 002-011-140 | Handle - Cargo Cover",VMRS_HB_COMPLETE_v20 page 7_pages_76-100.md
002-011-071,,002,011,"Ash Tray & Retainer - Assembly 002-011-072 Track - Automatic Seat Belt 002-011-073 Housing - Ash Tray/Lighter 002-011-144 Control Module - Sunshade, Back Glass 002-011-073 Silde - Waste Bin 002-011-145 Switch - Sunshade, Back Glass 002-011-074 Lid - Record Holder 002-011-147 Winner, Seat Belt 002-011-075 Silde - Waste Bin 002-011-148 Motor - Sunshade, Back Glass 002-011-074 Wallet - Record Holder 002-011-147 Winner, Seat Belt 002-011-077 Wallet - Visor 002-011-152 Cap - Cap - Loggage 002-011-078 Wallet - Visor 002-011-151 Door - Box, Beverage Cooler 002-011-081 Seat Belt 002-011-152 Cap - Cap - Cap - Cap - Cap - Cap - Cap - Cap - Cap - Cap - Cap - Cap - Cap - Cap - Cap - Cap - Cap - Cap - Cap - Cap - Cap - Cap - Cap - Cap - Cap - Cap - Cap - Cap - Cap - Cap - Cap - Cap - Cap - Cap - Cap - Cap - Cap - Cap - Cap - Cap - Cap - Cap - Cap - Cap - Cap - Cap - Cap - Cap - Cap - Cap - Cap - Cap - Cap - Cap - Cap - Cap - Cap - Cap - Cap - Cap - Cap - Cap - Cap - Cap - Cap - Cap - Cap - Cap - Cap - Cap - Cap - Cap - Cap - Cap - Cap - Cap - Cap - Cap - Cap - Cap - Cap - Cap - Cap - Cap - Cap - Cap - Cap - Cap - Cap - Cap - Cap - Cap - Cap - Cap - Cap - Cap - Cap - Cap - Cap - Cap - Cap - Cap - Cap - Cap - Cap - Cap - Cap - Cap - Cap - Cap - Cap - Cap - Ca | 002-011-070 | Bolt - Restraint, Seat Belt | 002-011-141 | Spring - Handle, Cargo Cover",VMRS_HB_COMPLETE_v20 page 7_pages_76-100.md
002-011-072,,002,011,"Guide - Ash Tray 002-011-143 Track - Automatic Seat Belt 002-011-073 Side - Waste Bin 002-011-145 Motor - Sunshade, Back Glass 002-011-073 Side - Waste Bin 002-011-145 Motor - Sunshade, Back Glass 002-011-074 Lid - Record Holder 002-011-144 Wring Harmess - Console 002-011-077 Holder - Sunshade, Back Glass 002-011-144 Motor - Height Adjustment, Seat Belt 002-011-078 Wallet - Visor 002-011-150 Box - Beverage Cooler 002-011-078 Wallet - Visor 002-011-151 Door - Box, Beverage Cooler 002-011-078 Wallet - Visor 002-011-151 Door - Box, Beverage Cooler 002-011-084 Anchor - Tether 002-011-151 Door - Box, Beverage Cooler 002-011-085 Mounting, Seat Belt 002-011-153 Cover - Luggade 002-011-085 Mounting Bracket - Clipboard 002-012-001 Floor Pan 002-011-085 Mounting Seat Belt 002-012-003 Floor Pan 002-011-085 Mounting Seat Belt 002-012-005 Floor Pan 002-011-086 Box | 002-011-071 | Ash Tray & Retainer - Assembly | 002-011-142 | Pin - Hinge, Cargo Cover",VMRS_HB_COMPLETE_v20 page 7_pages_76-100.md
002-011-073,,002,011,"Housing - Ash Tray/Lighter 002-011-144 Control Module - Sunshade, Back Glass 002-011-075 Slide - Waste Bin 002-011-146 Switch - Sunshade, Back Glass 002-011-074 Lid - Record Holder 002-011-147 Wing Harness - Console 002-011-074 Cover Plate - Ash Tray 002-011-148 Motor - Sunshade, Back Glass 002-011-077 Holder - Business Card 002-011-148 Motor - Height Adjustment, Seat Belt 002-011-079 Pouch - Tether 002-011-150 Box - Beverage Cooler 002-011-081 Seat Belt - Lap 002-011-152 Cap - End, Cargo Cover 002-011-082 Extension - Seat Belt 002-011-152 Cover - Jack 002-011-084 Bushing - Mounting, Seat Belt 002-011-081 Dock - Cargo Cover 002-011-085 Boushing - Mounting, Seat Belt 002-012-001 Foor Pan 002-011-084 Bushing - Seat Belt 002-012-001 Foor Pan 002-011-085 Boushing - Seat Belt 002-012-001 Foor Pan 002-011-085 Boushing - Seat Belt 002-012-001 Foor Pan 002-011-085 | 002-011-072 | Guide - Ash Tray | 002-011-143 | Track - Automatic Seat Belt",VMRS_HB_COMPLETE_v20 page 7_pages_76-100.md
002-011-074,,002,011,"Lid - Récord Holder 002-011-145 Motor - Sunshade, Back Glass 002-011-075 Silde - Waste Bin 002-011-147 Wining Harness - Console 002-011-076 Cover Plate - Ash Tray 002-011-148 Motor - Height Adjustment, Seat Belt 002-011-077 Holder - Business Card 002-011-150 Box - Beverage Cooler 002-011-078 Wallet - Visor 002-011-150 Box - Beverage Cooler 002-011-078 Anchor - Tether 002-011-152 Cap - End, Cargo Cover 002-011-078 Seat Belt 002-011-152 Cap - End, Cargo Cover 002-011-080 Anchor - Tether 002-011-153 Cover - Jack 002-011-081 Seat Belt 002-011-154 Fire Extinguisher - In Cab 002-011-084 Bushing - Mounting, Seat Belt 002-012-000 Floor Pan - Cab Deck 002-011-085 Mounting Bracket - Clipboard 002-012-003 Floor Pan - Cab Deck 002-011-086 Box - Console 002-012-005 Floor Pan - Cab Deck 002-011-086 Box - Console, Floor Mounted 002-012-007 Floor Pan - Cab Deck 002-011-089 | 002-011-073 | Housing - Ash Tray/Lighter | 002-011-144 | Control Module - Sunshade, Back Glass",VMRS_HB_COMPLETE_v20 page 7_pages_76-100.md
002-011-075,,002,011,"Slide - Waste Bin 002-011-146 Switch - Sunshade, Back Glass 002-011-077 Holder - Business Card 002-011-148 Motor - Height Adjustment, Seat Belt 002-011-077 Pouch - Tether 002-011-149 Motor - Height Adjustment, Seat Belt 002-011-078 Wallet - Visor 002-011-150 Box - Beverage Cooler 002-011-081 Seat Belt - Lap 002-011-151 Door - Box, Beverage Cooler 002-011-083 Seat Belt - Lap 002-011-153 Cover - Jack 002-011-084 Extension - Seat Belt 002-011-154 Fire Extinguisher - In Cab 002-011-085 Mounting Bracket - Clipboard 002-012-001 Toe Pan - Cab Deck 002-011-085 Mounting Bracket - Clipboard 002-012-005 Fioor Pan 002-011-084 Bos - Coin, Console 002-012-006 Fioor Pan - Cab Deck 002-011-085 Mounting Bracket - Clipboard 002-012-007 Fial - Seat Anchor, Rear 002-011-084 Bos- Coin, Console 002-012-006 Fioor Pan - Cab Deck 002-011-084 Bracket - Pencil Holder 002-012-007 Frame - Rear Compartment | 002-011-074 | Lid - Record Holder | 002-011-145 | Motor - Sunshade, Back Glass",VMRS_HB_COMPLETE_v20 page 7_pages_76-100.md
002-011-077,,002,011,"Holder - Business Card 002-011-148 Cover - Luggage 002-011-078 Wallet - Visor 002-011-150 Box - Beverage Cooler 002-011-079 Pouch - Tether 002-011-151 Box - Beverage Cooler 002-011-081 Seat Belt - Lap 002-011-152 Cap - End, Cargo Cover 002-011-082 Extension - Seat Belt 002-011-153 Cover - Jack 002-011-084 Box - Beverage Cooler Cover - Jack Cover - Jack 002-011-085 Mounting, Seat Belt 002-011-153 Cover - Jack 002-011-084 Bushing - Mounting, Seat Belt 002-012-000 Fioor Pan Cab Deck 002-011-085 Mounting Bracket - Clipboard 002-012-000 Floor Pan - Cab Deck Doc - Jack 002-011-086 Box - Coin, Console 002-012-000 Floor Pan - Cab Or Front Cover - Engine Housing 002-011-087 Relay - Seat Belt 002-012-003 Cover - Engine Housing Cover - Engine Housing 002-011-088 Bolenoid - Seat Belt Switch 002-012-005 Frame - Rear Compartment 002-011-089 Bracket - Pencil 002-012-0 | 002-011-076 | Cover Plate - Ash Trav | 002-011-147 | Wiring Harness - Console",VMRS_HB_COMPLETE_v20 page 7_pages_76-100.md
002-011-078,,002,011,"Wallet - Visor 002-011-149 Cover - Luggage 002-011-078 Pouch - Tether 002-011-150 Dox - Box, Beverage Cooler 002-011-081 Seat Belt - Lap 002-011-152 Cap - End, Cargo Cover 002-011-083 Pouch - Tether 002-011-153 Cover - Jack 002-011-084 Bushing - Mounting, Seat Belt 002-011-154 Fire Extinguisher - In Cab 002-011-085 Mounting Bracket - Cipboard 002-012-000 Floor Pan 002-011-086 Box - Coin, Console 002-012-002 Floor Pan - Cab Deck 002-011-086 Box - Coin, Console 002-012-002 Floor Pan - Cab Deck 002-011-086 Box - Coin, Console 002-012-004 Floor Pan - Cab Deck 002-011-086 Box - Coin, Console 002-012-005 Frame - Rear Compartment 002-011-089 Bracket - Pencil Holder 002-012-005 Frame - Rear Compartment 002-011-091 Bracket - Console, Floor Mounted 002-012-007 Rait - Saet Anchor, Rear 002-011-092 Bracket - Rifle, Military, Passenger, Upper 002-012-008 Platform 002-011-093 | 002-011-077 | Holder - Business Card | 002-011-148 | Motor - Height Adjustment, Seat Belt",VMRS_HB_COMPLETE_v20 page 7_pages_76-100.md
002-011-079,,002,011,"Pouch - Tether 002-011-150 Box - Beverage Cooler 002-011-080 Anchor - Tether 002-011-152 Cap - End, Cargo Cover 002-011-081 Seat Belt - Lap 002-011-152 Cap - End, Cargo Cover 002-011-082 Extension - Seat Belt 002-011-153 Cover - Jack 002-011-084 Bushing - Mounting, Seat Belt 002-011-154 Fire Extinguisher - In Cab 002-011-085 Mounting Bracket - Clipboard 002-012-000 Floor Pan 002-011-086 Box - Seat Belt 002-012-002 Floor Pan 002-011-086 Box - Cain, Console 002-012-002 Floor Pan - Cab Or Front 002-011-087 Relay - Seat Belt 002-012-003 Floor Pan & Extension - Rear 002-011-088 Solenoid - Seat Belt Switch 002-012-004 Floor Pan & Extension - Rear 002-011-099 Bracket - Pencil Holder 002-012-007 Rait - Seat Anchor, Rear 002-011-091 Bracket - Console, Floor Mounted 002-012-007 Rait - Seat Anchor, Rear 002-011-092 Bracket + Rifle, Military, Passenger, Upper 002-012-007 Sill - Stat Anchor, Rear | 002-011-078 | Wallet - Visor | 002-011-149 | Cover - Luggage",VMRS_HB_COMPLETE_v20 page 7_pages_76-100.md
002-011-080,,002,011,"ODE 011 010 Doke 11 015 Door - Box, Beverage Cooler Anchor - Tether 002-011-151 Door - Box, Beverage Cooler 002-011-081 Seat Belt - Lap 002-011-153 Cover - Jack 002-011-083 Pouch - Log Book 002-011-154 Fire Extinguisher - In Cab 002-011-084 Bushing - Mounting, Seat Belt 002-011-154 Fire Extinguisher - In Cab 002-011-085 Mounting Bracket - Clipboard 002-012-000 Floor Pan 002-011-086 Box - Coin, Console 002-012-001 Toe Pan - Cab Deck 002-011-086 Solenoid - Seat Belt Switch 002-012-002 Floor Pan & Extension - Rear 002-011-087 Relay - Seat Belt 002-012-005 Frame - Rear Compartment 002-011-088 Solenoid - Seat Belt Switch 002-012-006 Rocker Panel 002-011-099 Bracket - Console, Floor Mounted 002-012-007 Rai - Seat Anchor, Rear 002-011-091 Bracket - Console, Floor Mounted 002-012-008 Sill - Platform 002-011-093 Bracket - Rifle, Military, Driver, Upper 002-012-010 Bracket - Platform 002-011-09 | 002-011-070 | Pouch - Tether | 002-011-150 | Box - Beverage Cooler",VMRS_HB_COMPLETE_v20 page 7_pages_76-100.md
002-011-030,,002,011,"1 Sear Belt - Lap 002-011-153 Cover - Jack 002-011-083 Pouch - Log Book 002-011-154 Fire Extinguisher - In Cab 002-011-084 Bushing - Mounting, Seat Belt 002-012-001 Floor Pan 002-011-085 Mounting, Bracket - Clipboard 002-012-001 Toe Pan - Cab Deck 002-011-086 Box - Coin, Console 002-012-002 Floor Pan Extension - Rear 002-011-088 Solenoid - Seat Belt 002-012-003 Cover - Lagite Extension - Rear 002-011-088 Solenoid - Seat Belt Switch 002-012-004 Floor Pan & Extension - Rear 002-011-089 Bracket - Pencil Holder 002-012-005 Frame - Rear Compartment 002-011-091 Bracket - Console, Floor Mounted 002-012-007 Rail - Seat Anchor, Rear 002-011-092 Bracket - Console, Floor Mounted 002-012-007 Rail - Seat Anchor, Rear 002-011-093 Bracket - Console, Floor Mounted 002-012-007 Rail - Seat Anchor, Rear 002-011-094 Handle - Lid, Console, Floor Mounted 002-012-010 Bracket - Platform 002-011-095 Module - Vehicle Data Recorde | 002-011-000 | | 002-011-151 | Con End Cargo Cover",VMRS_HB_COMPLETE_v20 page 7_pages_76-100.md
002-011-085,,002,011,"OD2-011-052 Extension - Seat Belt OD2-011-053 Cover - Jack Pouch - Log Book O02-011-053 Fire Extinguisher - In Cab 002-011-086 Mounting Bracket - Clipboard O02-012-000 Floor Pan Cab Deck 002-011-086 Box - Cain, Console O02-012-003 Cover - Engine Housing Cover - Engine Housing 002-011-088 Solenoid - Seat Belt O02-012-004 Floor Pan - Cab Deck Frame - Rear Compartment 002-011-088 Solenoid - Seat Belt Switch O02-012-006 Rocker Panel O02-012-007 002-011-099 Bracket - Pencil O02-012-007 Rail - Seat Anchor, Rear O02-012-008 002-011-090 Holder - Pencil O02-012-008 Ricket - Pencil Holder O02-012-009 002-011-091 Bracket - Rifle, Military, Driver, Upper O02-012-009 Sill - Platform Floor Pan 002-011-092 Bracket - Rifle, Military, Driver, Upper O02-012-009 Sill - Platform O02-012-010 002-011-093 Bracket - Rifle, Military, Driver, Upper O02-012-010 Bracket - Platform O02-012-010 002-011-093 | 002-011-001 | Seal Dell - Lap | 002-011-152 | Cap - Elid, Cargo Cover",VMRS_HB_COMPLETE_v20 page 7_pages_76-100.md
002-011-084,,002,011,"Bushing - Mounting, Seat Belt 002-012-000 Floor Pan 002-011-085 Mounting Bracket - Clipboard 002-012-001 Toe Pan - Cab Deck 002-011-086 Box - Coin, Console 002-012-003 Cover - Engine Housing 002-011-087 Relay - Seat Belt 002-012-004 Floor Pan & Extension - Rear 002-011-088 Solenoid - Seat Belt Switch 002-012-005 Frame - Rear Compartment 002-011-089 Bracket - Pencil 002-012-006 Rocker Panel 002-011-090 Holder - Pencil 002-012-007 Rail - Seat Anchor, Rear 002-011-091 Bracket - Console, Floor Mounted 002-012-008 Platform - Floorpan, Cab 002-011-093 Bracket - Rifle, Military, Passenger, Upper 002-012-010 Bracket - Platform 002-011-094 Handle - Lid, Console, Floor Mounted 002-012-010 Bracket - Platform 002-011-095 Moule - Vehicle Data Recorder 002-012-011 Bracket - Platform 002-011-095 Valve Assembly - In-Cab Air Supply 002-012-013 Sill - Cross, Intermediate 002-011-097 Lift Support - Cargo Hatch 002-012-013 002-011-083Pouch - Log Book002-011-154Fire Extinguisher - In Cab | 002-011-083 | Pouch - Log Book | 002-011-154 | Fire Extinguisher - In Cab",VMRS_HB_COMPLETE_v20 page 7_pages_76-100.md
002-011-086,,002,011,"Box - Coin, Console 002-012-002 Floor Pan - Cab Or Front 002-011-087 Relay - Seat Belt 002-012-003 Cover - Engine Housing 002-011-088 Solenoid - Seat Belt Switch 002-012-006 Rocker Panel 002-011-090 Holder - Pencil 002-012-006 Rocker Panel 002-011-091 Bracket - Console, Floor Mounted 002-012-007 Rail - Seat Anchor, Rear 002-011-092 Bracket - Rifle, Military, Driver, Upper 002-012-008 Platform - Floorpan, Cab 002-011-093 Bracket - Rifle, Military, Passenger, Upper 002-012-009 Sill - Platform 002-011-094 Handle - Lid, Console, Floor Mounted 002-012-010 Bracket - Platform 002-011-094 Handle - Cargo Hatch 002-012-011 Sill - Side 002-011-095 Module - Vehicle Data Recorder 002-012-013 Sill - Cross, Intermediate 002-011-096 Valve Assembly - In-Cab Air Supply 002-012-014 Sill - Cross, Intermediate 002-011-097 Lift Support - Cargo Hatch 002-012-013 Sill - Cross, Intermediate 002-011-098 Air Vent - Console 002-012-015 | 002-011-085 | Mounting Bracket - Clipboard | 002-012-001 | Toe Pan - Cab Deck",VMRS_HB_COMPLETE_v20 page 7_pages_76-100.md
002-011-087,,002,011,"Relay - Seat Belt 002-012-003 Cover - Engine Housing 002-011-088 Solenoid - Seat Belt Switch 002-012-004 Floor Pan & Extension - Rear 002-011-089 Bracket - Pencil 002-012-006 Rocker Panel 002-011-091 Bracket - Console, Floor Mounted 002-012-007 Rail - Seat Anchor, Rear 002-011-092 Bracket - Rifle, Military, Driver, Upper 002-012-008 Platform - Floorpan, Cab 002-011-093 Bracket - Rifle, Military, Driver, Upper 002-012-009 Sill - Platform 002-011-094 Handle - Lid, Console, Floor Mounted 002-012-010 Bracket - Platform 002-011-095 Module - Vehicle Data Recorder 002-012-011 Sill - Platform 002-011-096 Valve Assembly - In-Cab Air Supply 002-012-011 Sill - Side 002-011-097 Lift Support - Cargo Hatch 002-012-013 Sill - Cross, Rear 002-011-098 Air Vent - Console 002-012-014 Sill - Cross, Rear 002-011-099 Armrest, Console 002-012-015 Reinforcement - Floor Pan 002-011-099 Armrest, Console 002-012-016 Cover Strap - | 002-011-086 | Box - Coin, Console | 002-012-002 | Floor Pan - Cab Or Front",VMRS_HB_COMPLETE_v20 page 7_pages_76-100.md
002-011-088,,002,011,"Solenoid - Seat Belt Switch002-012-004Floor Pan & Extension - Rear002-011-089Bracket - Pencil002-012-005Frame - Rear Compartment002-011-091Bracket - Console, Floor Mounted002-012-007Rail - Seat Anchor, Rear002-011-092Bracket - Rifle, Military, Driver, Upper002-012-008Platform - Floorpan, Cab002-011-093Bracket - Rifle, Military, Driver, Upper002-012-009Sill - Platform002-011-094Handle - Lid, Console, Floor Mounted002-012-010Bracket - Platform002-011-095Module - Vehicle Data Recorder002-012-011Sill - Side002-011-096Valve Assembly - In-Cab Air Supply002-012-012Cross, Sill - Front002-011-097Lift Support - Cargo Hatch002-012-013Sill - Cross, Intermediate002-011-098Air Vent - Console002-012-015Reinforcement - Floor Pan002-011-099Armrest, Console002-012-016Cover Strap - Engine Housing002-011-100Bumper - Armrest, Console002-012-017Hardware, Mounting - Engine Housing Cover002-011-101Cap - Armrest, Console002-012-019Sill - Side, Left002-011-102Cover - Armrest, Console002-012-020Scuff Plate - Side Sill, Left002-011-103Pin - Armrest, Console002-012-021Scuff Plate - Side Sill, Left002-011-104Cap - Console002-012-022Scuff Plate - Side Sill, Left002-011-105Spring - Coin Holder, Console002-012-022Scuff Plate - Side Sill, Left002-011-104Cup H | 002-011-087 | Relay - Seat Belt | 002-012-003 | Cover - Engine Housing",VMRS_HB_COMPLETE_v20 page 7_pages_76-100.md
002-011-089,,002,011,"Bracket - Pencil 002-012-005 Frame - Rear Compartment 002-011-090 Holder - Pencil 002-012-006 Rocker Panel 002-011-091 Bracket - Console, Floor Mounted 002-012-007 Rail - Seat Anchor, Rear 002-011-093 Bracket - Rifle, Military, Driver, Upper 002-012-008 Platform - Floorpan, Cab 002-011-094 Handle - Lid, Console, Floor Mounted 002-012-010 Bracket - Platform 002-011-095 Module - Vehicle Data Recorder 002-012-011 Sill - Platform 002-011-097 Lift Support - Cargo Hatch 002-012-013 Sill - Cross, Intermediate 002-011-097 Lift Support - Cargo Hatch 002-012-014 Sill - Cross, Rear 002-011-098 Air Vent - Console 002-012-015 Reinforcement - Floor Pan 002-011-099 Armrest, Console 002-012-016 Cover Strap - Engine Housing 002-011-100 Bumper - Armrest, Console 002-012-019 Sill - Side, Left 002-011-100 Bumper - Armrest, Console 002-012-019 Sill - Side, Left 002-011-101 Cap - Console 002-012-019 Sill - Side, Left | 002-011-088 | Solenoid - Seat Belt Switch | 002-012-004 | Floor Pan & Extension - Rear",VMRS_HB_COMPLETE_v20 page 7_pages_76-100.md
002-011-090,,002,011,"Holder - Pencil002-012-006Rocker Panel002-011-091Bracket - Console, Floor Mounted002-012-007Rail - Seat Anchor, Rear002-011-092Bracket - Rifle, Military, Driver, Upper002-012-008Platform - Floorpan, Cab002-011-093Bracket - Rifle, Military, Passenger, Upper002-012-009Sill - Platform002-011-094Handle - Lid, Console, Floor Mounted002-012-010Bracket - Platform002-011-095Module - Vehicle Data Recorder002-012-011Sill - Side002-011-097Lift Support - Cargo Hatch002-012-013Sill - Cross, Intermediate002-011-098Air Vent - Console002-012-014Sill - Cross, Rear002-011-099Armrest - Console002-012-017Reinforcement - Floor Pan002-011-098Air Vent - Console002-012-017Hardware, Mounting - Engine Housing002-011-100Burper - Armrest, Console002-012-017Hardware, Mounting - Engine Housing002-011-101Cap - Armrest, Console002-012-018Sill - Side, Left002-011-102Cover - Armrest, Console002-012-018Sill - Side, Right002-011-103Pin - Armrest, Console002-012-021Scuff Plate - Side Sill, Left002-011-104Cap - Console002-012-022Panel - Cab, Left002-011-105Spring - Coin Holder, Console002-012-022Panel - Cab, Left002-011-105Spring - Coin Holder, Console002-012-022Panel - Cab, Left002-011-105Spring - Coin Holder, Console002-012-022Panel - Cab, Lef | 002-011-089 | Bracket - Pencil Holder | 002-012-005 | Frame - Rear Compartment",VMRS_HB_COMPLETE_v20 page 7_pages_76-100.md
002-011-091,,002,011,"OOD-011-091Bracket - Console, Floor MountedOOD-012-007Rail - Seat Anchor, RearBracket - Rifle, Military, Driver, Upper002-012-008Platform - Floorpan, Cab002-011-093Bracket - Rifle, Military, Passenger, Upper002-012-009Sill - Platform002-011-094Handle - Lid, Console, Floor Mounted002-012-010Bracket - Platform002-011-095Module - Vehicle Data Recorder002-012-011Sill - Side002-011-096Valve Assembly - In-Cab Air Supply002-012-012Cross, Sill - Front002-011-097Lift Support - Cargo Hatch002-012-013Sill - Cross, Intermediate002-011-098Air Vent - Console002-012-014Sill - Cross, Rear002-011-099Armrest - Console002-012-015Reinforcement - Floor Pan002-011-099Armrest, Console002-012-016Cover Strap - Engine Housing002-011-100Bumper - Armrest, Console002-012-018Sill - Side, Left002-011-102Cover - Armrest, Console002-012-019Sill - Side, Right002-011-103Pin - Armrest, Console002-012-020Scuff Plate - Side Sill, Left002-011-104Cap - Console002-012-021Scuff Plate - Side Sill, Left002-011-105Spring - Coin Holder, Console002-012-022Scuff Plate - Side Sill, Right002-011-107Bezel - Cup Holder, Console002-012-024Gusset - Cab, Left002-011-108Hinge, Console002-012-024Gusset - Cab Sill, Right Rear002-011-109Pin - Hinge, Console002-012-026 002-011-090Holder - Pencil002-012-006Rocker Panel | 002-011-090 | Holder - Pencil | 002-012-006 | Rocker Panel",VMRS_HB_COMPLETE_v20 page 7_pages_76-100.md
002-011-093,,002,011,"Diacket - Rifle, Military, Diver, OpperOD2-012-006Frationin - Proprint - CabBracket - Rifle, Military, Passenger, Upper002-012-009Sill - Platform002-011-094Handle - Lid, Console, Floor Mounted002-012-011Sill - Side002-011-095Module - Vehicle Data Recorder002-012-012Cross, Sill - Front002-011-096Valve Assembly - In-Cab Air Supply002-012-013Sill - Cross, Intermediate002-011-097Lift Support - Cargo Hatch002-012-014Sill - Cross, Rear002-011-098Air Vent - Console002-012-015Reinforcement - Floor Pan002-011-009Armrest - Console002-012-016Cover Strap - Engine Housing002-011-100Bumper - Armrest, Console002-012-017Hardware, Mounting - Engine Housing002-011-102Cover - Armrest, Console002-012-018Sill - Side, Left002-011-103Pin - Armrest, Console002-012-019Sill - Side, Reight002-011-104Cap - Console002-012-019Sill - Side, Right002-011-105Spring - Coin Holder, Console002-012-020Scuff Plate - Side Sill, Left002-011-106Cup Holder - Console002-012-021Scuff Plate - Side Sill, Right002-011-107Bezel - Cup Holder, Console002-012-024Gusset - Cab Sill, Right Rear002-011-108Hinge, Console002-012-024Gusset - Cab Sill, Left Rear002-011-109Pin - Hinge, Console002-012-025Gusset - Cab Sill, Left Rear002-011-109Pin - Hinge, Cons | 002-011-031 | Bracket - Console, Hoor Mounted | 002-012-007 | Platform Electron Cob",VMRS_HB_COMPLETE_v20 page 7_pages_76-100.md
002-011-095,,002,011,"Bracket - Filite / Military, Passenger, Opper002-012-009Sill - Platform002-011-094Handle - Lid, Console, Floor Mounted002-012-010Bracket - Platform002-011-095Module - Vehicle Data Recorder002-012-011Sill - Cross, Sill - Front002-011-097Lift Support - Cargo Hatch002-012-013Sill - Cross, Rear002-011-098Air Vent - Console002-012-014Sill - Cross, Rear002-011-099Armrest - Console002-012-016Cover Strap - Engine Housing002-011-100Bumper - Armrest, Console002-012-017Hardware, Mounting - Engine Housing002-011-102Cover - Armrest, Console002-012-018Sill - Side, Left002-011-102Cover - Armrest, Console002-012-019Sill - Side, Right002-011-103Pin - Armrest, Console002-012-019Sill - Side, Right002-011-104Cap - Console002-012-020Scuff Plate - Side Sill, Left002-011-105Spring - Coin Holder, Console002-012-021Scuff Plate - Side Sill, Left002-011-106Cup Holder - Console002-012-022Panel - Cab, Left002-011-107Bezel - Cup Holder, Console002-012-022Panel - Cab, Left002-011-108Hinge - Console002-012-024Gusset - Cab Sill, Right Rear002-011-109Pin - Hinge, Console002-012-024Gusset - Cab Sill, Left Rear002-011-109Pin - Hinge, Console002-012-025Gusset - Cab Sill, Left Rear002-011-109Pin - Hinge, Console002-012-026Heat Shield - Cab< | 002-011-092 | Bracket - Rille, Military, Driver, Opper | 002-012-000 | Cill Diatform",VMRS_HB_COMPLETE_v20 page 7_pages_76-100.md
002-011-094,,002,011,"Handle - Lid, Console, Floor Mounted002-012-010Bracket - Platform002-011-095Module - Vehicle Data Recorder002-012-011Sill - Side002-011-096Valve Assembly - In-Cab Air Supply002-012-013Sill - Cross, Intermediate002-011-097Lift Support - Cargo Hatch002-012-013Sill - Cross, Rear002-011-098Air Vent - Console002-012-015Reinforcement - Floor Pan002-011-109Bumper - Armrest, Console002-012-017Hardware, Mounting - Engine Housing002-011-102Cover - Armrest, Console002-012-018Sill - Side, Left002-011-102Cover - Armrest, Console002-012-018Sill - Side, Left002-011-103Pin - Armrest, Console002-012-018Sill - Side, Right002-011-104Cap - Console002-012-019Sill - Side, Right002-011-105Spring - Coin Holder, Console002-012-020Scuff Plate - Side Sill, Left002-011-106Cup Holder - Console002-012-021Scuff Plate - Side Sill, Right002-011-107Bezel - Cup Holder, Console002-012-022Panel - Cab, Left002-011-108Hinge - Console002-012-024Gusset - Cab Sill, Right Rear002-011-109Pin - Hinge, Console002-012-025Gusset - Cab Sill, Left Rear002-011-109Pin - Hinge, Console002-012-026Heat Shield - Cab002-011-109Pin - Hinge, Console002-012-027Mounting Bracket - Engine Cover | 002-011-093 | Bracket - Rille, Military, Passenger, Opper | 002-012-009 | Sili - Platiorm",VMRS_HB_COMPLETE_v20 page 7_pages_76-100.md
002-011-096,,002,011,"Valve Assembly - In-Cab Air Supply002-012-012Cross-Sill - Front002-011-097Lift Support - Cargo Hatch002-012-013Sill - Cross, Intermediate002-011-098Air Vent - Console002-012-014Sill - Cross, Rear002-011-099Armrest - Console002-012-015Reinforcement - Floor Pan002-011-100Bumper - Armrest, Console002-012-016Cover Strap - Engine Housing002-011-101Cap - Armrest, Console002-012-017Hardware, Mounting - Engine Housing Cover002-011-102Cover - Armrest, Console002-012-018Sill - Side, Left002-011-103Pin - Armrest, Console002-012-019Sill - Side, Left002-011-104Cap - Console002-012-020Scuff Plate - Side Sill, Left002-011-105Spring - Coin Holder, Console002-012-021Scuff Plate - Side Sill, Left002-011-106Cup Holder - Console002-012-022Panel - Cab, Left002-011-107Bezel - Cup Holder, Console002-012-024Gusset - Cab Sill, Right002-011-108Hinge - Console002-012-025Gusset - Cab Sill, Right Rear002-011-109Pin - Hinge, Console002-012-025Gusset - Cab Sill, Right Rear002-011-109Pin - Hinge, Console002-012-026Heat Shield - Cab002-011-109Pin - Hinge, Console002-012-026Heat Shield - Cab002-011-109Pin - Hinge, Console002-012-027Mounting Bracket - Engine Cover | 002-011-095 | Module - Vehicle Data Recorder | 002-012-011 | Sill - Side",VMRS_HB_COMPLETE_v20 page 7_pages_76-100.md
002-011-097,,002,011,"Lift Support - Cargo Hatch002-012-013Sill - Cross, Intermediate002-011-098Air Vent - Console002-012-014Sill - Cross, Rear002-011-099Armrest - Console002-012-015Reinforcement - Floor Pan002-011-100Bumper - Armrest, Console002-012-016Cover Strap - Engine Housing002-011-102Cover - Armrest, Console002-012-017Hardware, Mounting - Engine Housing Cover002-011-103Pin - Armrest, Console002-012-018Sill - Side, Left002-011-104Cap - Console002-012-019Sill - Side, Right002-011-105Spring - Coin Holder, Console002-012-020Scuff Plate - Side Sill, Left002-011-106Cup Holder - Console002-012-021Scuff Plate - Side Sill, Left002-011-107Bezel - Cup Holder, Console002-012-022Panel - Cab, Left002-011-108Hinge - Console002-012-024Gusset - Cab Sill, Right002-011-109Pin - Hinge, Console002-012-025Gusset - Cab Sill, Right Rear002-011-109Pin - Hinge, Console002-012-026Heat Shield - Cab002-011-109Pin - Hinge, Console002-012-026Heat Shield - Cab002-011-109Pin - Hinge, Console002-012-026Heat Shield - Cab002-011-109Pin - Hinge, Console002-012-027Mounting Bracket - Engine Cover | 002-011-096 | Valve Assembly - In-Cab Air Supply | 002-012-012 | Cross-Sill - Front",VMRS_HB_COMPLETE_v20 page 7_pages_76-100.md
002-011-098,,002,011,"Air Vent - Console 002-012-014 Sill - Cross, Rear 002-011-099 Armrest - Console 002-012-015 Reinforcement - Floor Pan 002-011-100 Bumper - Armrest, Console 002-012-016 Cover Strap - Engine Housing 002-011-101 Cap - Armrest, Console 002-012-017 Hardware, Mounting - Engine Housing Cover 002-011-102 Cover - Armrest, Console 002-012-018 Sill - Side, Left 002-011-103 Pin - Armrest, Console 002-012-019 Sill - Side, Left 002-011-104 Cap - Console 002-012-029 Scuff Plate - Side Sill, Left 002-011-105 Spring - Coin Holder, Console 002-012-021 Scuff Plate - Side Sill, Left 002-011-106 Cup Holder, Console 002-012-021 Scuff Plate - Side Sill, Right 002-011-107 Bezel - Cup Holder, Console 002-012-021 Scuff Plate - Side Sill, Right 002-011-107 Bezel - Cup Holder, Console 002-012-021 Gusset - Cab, Left 002-011-108 Hinge - Console 002-012-025 Gusset - Cab Sill, Right Rear 002-011-109 Pin - Hinge, Console 002-012-025 Gu | 002-011-097 | Lift Support - Cargo Hatch | 002-012-013 | Sill - Cross, Intermediate",VMRS_HB_COMPLETE_v20 page 7_pages_76-100.md
002-011-099,,002,011,"Armrest - Console002-012-015Reinforcement - Floor Pan002-011-100Bumper - Armrest, Console002-012-016Cover Strap - Engine Housing002-011-101Cap - Armrest, Console002-012-017Hardware, Mounting - Engine Housing Cover002-011-102Cover - Armrest, Console002-012-018Sill - Side, Left002-011-103Pin - Armrest, Console002-012-019Sill - Side, Right002-011-104Cap - Console002-012-020Scuff Plate - Side Sill, Left002-011-105Spring - Coin Holder, Console002-012-021Scuff Plate - Side Sill, Left002-011-106Cup Holder - Console002-012-022Panel - Cab, Left002-011-107Bezel - Cup Holder, Console002-012-024Gusset - Cab Sill, Right002-011-108Hinge - Console002-012-025Gusset - Cab Sill, Right Rear002-011-109Pin - Hinge, Console002-012-026Heat Shield - Cab002-011-101Lid - Console002-012-027Mounting Bracket - Engine Cover | 002-011-098 | Air Vent - Console | 002-012-014 | Sill - Cross, Rear",VMRS_HB_COMPLETE_v20 page 7_pages_76-100.md
002-011-100,,002,011,"Bumper - Armrest, Console002-012-016Cover Strap - Engine Housing002-011-101Cap - Armrest, Console002-012-017Hardware, Mounting - Engine Housing Cover002-011-102Cover - Armrest, Console002-012-018Sill - Side, Left002-011-103Pin - Armrest, Console002-012-019Sill - Side, Right002-011-104Cap - Console002-012-020Scuff Plate - Side Sill, Left002-011-105Spring - Coin Holder, Console002-012-021Scuff Plate - Side Sill, Left002-011-106Cup Holder - Console002-012-022Panel - Cab, Left002-011-107Bezel - Cup Holder, Console002-012-024Gusset - Cab Sill, Right Rear002-011-108Hinge - Console002-012-025Gusset - Cab Sill, Left Rear002-011-109Pin - Hinge, Console002-012-025Gusset - Cab Sill, Left Rear002-011-101Lid - Console002-012-026Heat Shield - Cab002-011-110Lid - Console002-012-027Mounting Bracket - Engine Cover | 002-011-099 | Armrest - Console | 002-012-015 | Reinforcement - Floor Pan",VMRS_HB_COMPLETE_v20 page 7_pages_76-100.md
002-011-101,,002,011,"Cap - Armrest, Console002-012-017Hardware, Mounting - Engine Housing CoverStrap002-011-102Cover - Armrest, Console002-012-018Sill - Side, Left002-011-103Pin - Armrest, Console002-012-019Sill - Side, Right002-011-104Cap - Console002-012-019Sill - Side, Right002-011-105Spring - Coin Holder, Console002-012-020Scuff Plate - Side Sill, Left002-011-106Cup Holder - Console002-012-021Scuff Plate - Side Sill, Right002-011-107Bezel - Cup Holder, Console002-012-022Panel - Cab, Left002-011-108Hinge - Console002-012-024Gusset - Cab Sill, Right Rear002-011-109Pin - Hinge, Console002-012-025Gusset - Cab Sill, Left Rear002-011-101Lid - Console002-012-026Heat Shield - Cab002-011-110Lid - Console002-012-027Mounting Bracket - Engine Cover | 002-011-100 | Bumper - Armrest, Console | 002-012-016 | Cover Strap - Engine Housing",VMRS_HB_COMPLETE_v20 page 7_pages_76-100.md
002-011-102,,002,011,"Cover - Armrest, ConsoleStrap002-011-103Pin - Armrest, Console002-012-018Sill - Side, Left002-011-104Cap - Console002-012-019Sill - Side, Right002-011-105Spring - Coin Holder, Console002-012-020Scuff Plate - Side Sill, Left002-011-107Bezel - Cup Holder, Console002-012-021Scuff Plate - Side Sill, Right002-011-108Hinge - Console002-012-022Panel - Cab, Left002-011-109Pin - Hinge, Console002-012-025Gusset - Cab Sill, Right Rear002-011-101Lid - Console002-012-026Heat Shield - Cab002-011-110Lid - Console002-012-027Mounting Bracket - Engine Cover | 002-011-101 | Cap - Armrest, Console | 002-012-017 | Hardware, Mounting - Engine Housing Cover",VMRS_HB_COMPLETE_v20 page 7_pages_76-100.md
002-011-104,,002,011,"Cap - Console 002-012-019 Sill - Side, Right 002-011-105 Spring - Coin Holder, Console 002-012-020 Scuff Plate - Side Sill, Left 002-011-106 Cup Holder - Console 002-012-021 Scuff Plate - Side Sill, Right 002-011-107 Bezel - Cup Holder, Console 002-012-022 Panel - Cab, Left 002-011-108 Hinge - Console 002-012-024 Gusset - Cab Sill, Right Rear 002-011-109 Pin - Hinge, Console 002-012-025 Gusset - Cab Sill, Left Rear 002-011-101 Lid - Console 002-012-026 Heat Shield - Cab 002-011-110 Lid - Console 002-012-027 Mounting Bracket - Engine Cover | 002-011-103 | Pin - Armrest Console | 002-012-018 | Sill_Side Left",VMRS_HB_COMPLETE_v20 page 7_pages_76-100.md
002-011-105,,002,011,"OD2-011-104 Corp - Console OD2-012-015 Still - Side, Hight Spring - Coin Holder, Console 002-012-020 Scuff Plate - Side Sill, Left 002-011-106 Cup Holder - Console 002-012-021 Scuff Plate - Side Sill, Right 002-011-107 Bezel - Cup Holder, Console 002-012-022 Panel - Cab, Left 002-011-108 Hinge - Console 002-012-024 Gusset - Cab Sill, Right Rear 002-011-109 Pin - Hinge, Console 002-012-025 Gusset - Cab Sill, Left Rear 002-011-109 Lid - Console 002-012-026 Heat Shield - Cab 002-011-110 Lid - Console 002-012-027 Mounting Bracket - Engine Cover | 002-011 104 | Can - Consolo | 002-012-010 | Sill Side Right",VMRS_HB_COMPLETE_v20 page 7_pages_76-100.md
002-011-106,,002,011,"CO2-011-105 Cup Holder, Console CO2-012-020 Scuff Plate - Side Sill, Left Cup Holder, Console 002-012-021 Scuff Plate - Side Sill, Right 002-011-107 Bezel - Cup Holder, Console 002-012-022 Panel - Cab, Left 002-011-108 Hinge - Console 002-012-024 Gusset - Cab Sill, Right Rear 002-011-109 Pin - Hinge, Console 002-012-025 Gusset - Cab Sill, Left Rear 002-011-100 Lid - Console 002-012-026 Heat Shield - Cab 002-011-110 Lid - Console 002-012-027 Mounting Bracket - Engine Cover | 002-011-104 | Cap - Outsole | 002-012-019 | Suff Diata Sida Sill Latt",VMRS_HB_COMPLETE_v20 page 7_pages_76-100.md
002-011-107,,002,011,"OU2-011-100 Cup Holder - Console OU2-012-021 Scuff Plate - Side Sill, Hight Bezel - Cup Holder, Console 002-012-022 Panel - Cab, Left 002-011-108 Hinge - Console 002-012-024 Gusset - Cab Sill, Right Rear 002-011-109 Pin - Hinge, Console 002-012-025 Gusset - Cab Sill, Left Rear 002-011-101 Lid - Console 002-012-026 Heat Shield - Cab 002-011-111 Gasket - Lid, Console 002-012-027 Mounting Bracket - Engine Cover | 002-011-105 | Spring - Communication Console | 002-012-020 | Souri Flate - Side Sill, Leit",VMRS_HB_COMPLETE_v20 page 7_pages_76-100.md
002-012-022,,002,012,"UU2-011-10/ Bezel - Cup Holder, Console Panel - Cab, Left 002-011-108 Hinge - Console 002-012-024 Gusset - Cab Sill, Right Rear 002-011-109 Pin - Hinge, Console 002-012-025 Gusset - Cab Sill, Left Rear 002-011-110 Lid - Console 002-012-026 Heat Shield - Cab 002-011-111 Gasket - Lid, Console 002-012-027 Mounting Bracket - Engine Cover | 002-011-106 | Cup Holder - Console | 002-012-021 | Scull Plate - Side Sill, Right",VMRS_HB_COMPLETE_v20 page 7_pages_76-100.md
002-011-108,,002,011,"Hinge - Console 002-012-024 Gusset - Cab Sill, Right Rear 002-011-109 Pin - Hinge, Console 002-012-025 Gusset - Cab Sill, Left Rear 002-011-110 Lid - Console 002-012-026 Heat Shield - Cab 002-011-111 Gasket - Lid, Console 002-012-027 Mounting Bracket - Engine Cover | 002-011-107 | Bezel - Cup Holder, Console | 002-012-022 | Panel - Cab, Lett",VMRS_HB_COMPLETE_v20 page 7_pages_76-100.md
002-011-109,,002,011,"Pin - Hinge, Console 002-012-025 Gusset - Cab Sill, Left Rear 002-011-110 Lid - Console 002-012-026 Heat Shield - Cab 002-011-111 Gasket - Lid, Console 002-012-027 Mounting Bracket - Engine Cover | 002-011-108 | Hinge - Console | 002-012-024 | Gusset - Cab Sill, Right Rear",VMRS_HB_COMPLETE_v20 page 7_pages_76-100.md
002-011-110,,002,011,"Lid - Console 002-012-026 Heat Shield - Cab 002-011-111 Gasket - Lid, Console 002-012-027 Mounting Bracket - Engine Cover | 002-011-109 | Pin - Hinge, Console | 002-012-025 | Gusset - Cab Sill, Left Rear",VMRS_HB_COMPLETE_v20 page 7_pages_76-100.md
002-011-111,,002,011,"Gasket - Lid, Console 002-012-027 Mounting Bracket - Engine Cover | 002-011-110 | Lid - Console | 002-012-026 | Heat Shield - Cab",VMRS_HB_COMPLETE_v20 page 7_pages_76-100.md
002-012-028,,002,012,Seal - Engine Cover,VMRS_HB_COMPLETE_v20 page 7_pages_76-100.md
002-012-029,,002,012,Insulation - Engine Cover,VMRS_HB_COMPLETE_v20 page 7_pages_76-100.md
002-012-030,,002,012,Screws - Floor Board,VMRS_HB_COMPLETE_v20 page 7_pages_76-100.md
002-012-031,,002,012,Latch - Engine Cover,VMRS_HB_COMPLETE_v20 page 7_pages_76-100.md
002-012-032,,002,012,Hardware Mounting Loft Cab Papel,VMRS_HB_COMPLETE_v20 page 7_pages_76-100.md
002-012-035,,002,012,Seal - Cab Panel,VMRS_HB_COMPLETE_v20 page 7_pages_76-100.md
002-012-036,,002,012,Seal - Pan,VMRS_HB_COMPLETE_v20 page 7_pages_76-100.md
002-012-037,,002,012,Support - Seat Inner,VMRS_HB_COMPLETE_v20 page 7_pages_76-100.md
002-012-038,,002,012,Support - Seat. Outer,VMRS_HB_COMPLETE_v20 page 7_pages_76-100.md
002-012-039,,002,012,Reinforcement - Seat Mounting,VMRS_HB_COMPLETE_v20 page 7_pages_76-100.md
002-012-040,,002,012,Pan - Recess,VMRS_HB_COMPLETE_v20 page 7_pages_76-100.md
002-012-041,,002,012,Cover Plate - Floor Pan,VMRS_HB_COMPLETE_v20 page 7_pages_76-100.md
002-012-042,,002,012,"Plate - Cab, Front",VMRS_HB_COMPLETE_v20 page 7_pages_76-100.md
002-012-043,,002,012,"Rail - Slant, Left",VMRS_HB_COMPLETE_v20 page 7_pages_76-100.md
002-012-044,,002,012,"Rail - Slant, Right",VMRS_HB_COMPLETE_v20 page 7_pages_76-100.md
002-012-045,,002,012,"Plate - Diamond, Floor",VMRS_HB_COMPLETE_v20 page 7_pages_76-100.md
002-012-047,,002,012,Hardware Mounting - Floorpan Beinforcement,VMRS_HB_COMPLETE_v20 page 7_pages_76-100.md
002-012-049,,002,012,"Hardware, Mounting - Engine Housing Cover",VMRS_HB_COMPLETE_v20 page 7_pages_76-100.md
002-012-052,,002,012,"Cross Member - Floor, Left Rear",VMRS_HB_COMPLETE_v20 page 7_pages_76-100.md
002-012-053,,002,012,"Cross Member - Floor, Right Rear",VMRS_HB_COMPLETE_v20 page 7_pages_76-100.md
002-012-054,,002,012,Reinforcement - Cab Floor,VMRS_HB_COMPLETE_v20 page 7_pages_76-100.md
002-012-055,,002,012,"Support - Side member, Right",VMRS_HB_COMPLETE_v20 page 7_pages_76-100.md
002-012-056,,002,012,Plate - Floor,VMRS_HB_COMPLETE_v20 page 7_pages_76-100.md
002-012-057,,002,012,"Side Member Assembly - Floor, Left",VMRS_HB_COMPLETE_v20 page 7_pages_76-100.md
002-012-058,,002,012,"Side Member Assembly - Floor, Right",VMRS_HB_COMPLETE_v20 page 7_pages_76-100.md
002-012-059,,002,012,Heat Shield - Recessed,VMRS_HB_COMPLETE_v20 page 7_pages_76-100.md
002-012-060,,002,012,Grommet Heat Shield,VMRS_HB_COMPLETE_v20 page 7_pages_76-100.md
002-012-001,,002,012,Gasket - Sill Side,VMRS_HB_COMPLETE_v20 page 7_pages_76-100.md
002-012-064,,002,012,Shelf - Clutch,VMRS_HB_COMPLETE_v20 page 7_pages_76-100.md
002-012-065,,002,012,Shelf - Heater,VMRS_HB_COMPLETE_v20 page 7_pages_76-100.md
002-012-066,,002,012,Yoke - Cab Pivot,VMRS_HB_COMPLETE_v20 page 7_pages_76-100.md
002-012-067,,002,012,"Leg - Inner, Front",VMRS_HB_COMPLETE_v20 page 7_pages_76-100.md
002-012-068,,002,012,"Leg - Outer, Front",VMRS_HB_COMPLETE_v20 page 7_pages_76-100.md
002-012-069,,002,012,"Gasket - Access, Plate",VMRS_HB_COMPLETE_v20 page 7_pages_76-100.md
002-012-070,,002,012,Plate - Access,VMRS_HB_COMPLETE_v20 page 7_pages_76-100.md
002-012-071,,002,012,Beam - Crotch,VMRS_HB_COMPLETE_v20 page 7_pages_76-100.md
002-012-072,,002,012,"Panel - Cab Front, Center",VMRS_HB_COMPLETE_v20 page 7_pages_76-100.md
002-012-073,,002,012,Spacer - Main plateBook Assembly,VMRS_HB_COMPLETE_v20 page 7_pages_76-100.md
002-012-074,,002,012,Beak - Upper,VMRS_HB_COMPLETE_v20 page 7_pages_76-100.md
002-012-076,,002,012,Beak - Side,VMRS_HB_COMPLETE_v20 page 7_pages_76-100.md
002-012-077,,002,012,Angle - Beak,VMRS_HB_COMPLETE_v20 page 7_pages_76-100.md
002-012-078,,002,012,Channel - Foot Valve,VMRS_HB_COMPLETE_v20 page 7_pages_76-100.md
002-012-079,,002,012,Nose - Bumper Assembly,VMRS_HB_COMPLETE_v20 page 7_pages_76-100.md
002-012-080,,002,012,Side Member - Cab,VMRS_HB_COMPLETE_v20 page 7_pages_76-100.md
002-012-081,,002,012,Cross Member - Floor Pan,VMRS_HB_COMPLETE_v20 page 7_pages_76-100.md
002-012-082,,002,012,Plate - Center,VMRS_HB_COMPLETE_v20 page 7_pages_76-100.md
002-012-083,,002,012,Bracket - Cab Pivot,VMRS_HB_COMPLETE_v20 page 7_pages_76-100.md
002-012-084,,002,012,"Panel - Front, Opper",VMRS_HB_COMPLETE_v20 page 7_pages_76-100.md
002-012-085,,002,012,Hardware Mounting - Cab / Front Floor Pan,VMRS_HB_COMPLETE_v20 page 7_pages_76-100.md
002-012-087,,002,012,"Hardware, Mounting - Bear Cross Sill",VMRS_HB_COMPLETE_v20 page 7_pages_76-100.md
002-012-088,,002,012,Support - Access Panel,VMRS_HB_COMPLETE_v20 page 7_pages_76-100.md
002-012-089,,002,012,Bracket - Cab Leg,VMRS_HB_COMPLETE_v20 page 7_pages_76-100.md
002-012-090,,002,012,Bracket - Firewall,VMRS_HB_COMPLETE_v20 page 7_pages_76-100.md
002-012-091,,002,012,"Panel - Cab, Right",VMRS_HB_COMPLETE_v20 page 7_pages_76-100.md
002-012-092,,002,012,Panel - Firewall,VMRS_HB_COMPLETE_v20 page 7_pages_76-100.md
002-012-093,,002,012,"Flooring - Vestibule, Cab",VMRS_HB_COMPLETE_v20 page 7_pages_76-100.md
002-012-094,,002,012,"Wheelwell - Floor, Front, Cab",VMRS_HB_COMPLETE_v20 page 7_pages_76-100.md
002-012-095,,002,012,"Bracket - Bottom, Air Intake Panel",VMRS_HB_COMPLETE_v20 page 7_pages_76-100.md
002-012-097,,002,012,Bracket - Shifter Tunnel Mounted,VMRS_HB_COMPLETE_v20 page 7_pages_76-100.md
002-012-099,,002,012,"Bracket - Cab Mounting, Floor",VMRS_HB_COMPLETE_v20 page 7_pages_76-100.md
002-012-100,,002,012,Reinforcement - Firewall,VMRS_HB_COMPLETE_v20 page 7_pages_76-100.md
002-012-101,,002,012,Support - Firewall,VMRS_HB_COMPLETE_v20 page 7_pages_76-100.md
002-012-102,,002,012,Tunnel - Engine,VMRS_HB_COMPLETE_v20 page 7_pages_76-100.md
002-012-103,,002,012,"Plug, Sealing - Floor Pan",VMRS_HB_COMPLETE_v20 page 7_pages_76-100.md
002-012-104,,002,012,Gusset - Rear Floor,VMRS_HB_COMPLETE_v20 page 7_pages_76-100.md
002-012-105,,002,012,Insulation - Floor,VMRS_HB_COMPLETE_v20 page 7_pages_76-100.md
002-012-106,,002,012,Adapter - Engine Cover,VMRS_HB_COMPLETE_v20 page 7_pages_76-100.md
002-012-107,,002,012,"Panel - Front, Wheelwell",VMRS_HB_COMPLETE_v20 page 7_pages_76-100.md
002-012-108,,002,012,"Panel - Closer, Plenum",VMRS_HB_COMPLETE_v20 page 7_pages_76-100.md
002-012-109,,002,012,"Panel - Floor Pan, Rear, Corner",VMRS_HB_COMPLETE_v20 page 7_pages_76-100.md
002-012-110,,002,012,Support Bracket - Scuff Plate,VMRS_HB_COMPLETE_v20 page 7_pages_76-100.md
002-012-111,,002,012,"Bracket - Heat Shield, Cab",VMRS_HB_COMPLETE_v20 page 7_pages_76-100.md
002-012-112,,002,012,"Sill - Coupler, Corner",VMRS_HB_COMPLETE_v20 page 7_pages_76-100.md
002-012-113,,002,012,Trim Plate - Floor Pan,VMRS_HB_COMPLETE_v20 page 7_pages_76-100.md
002-012-114,,002,012,"Enclosure - Air Cleaner, Cab",VMRS_HB_COMPLETE_v20 page 7_pages_76-100.md
002-012-115,,002,012,"Bracket - Support, Rain Tray",VMRS_HB_COMPLETE_v20 page 7_pages_76-100.md
002-012-116,,002,012,"Plate - Trim Scutt, Littgate",VMRS_HB_COMPLETE_v20 page 7_pages_76-100.md
002-012-117,,002,012,"Cap - Scull Plate, Lillgale",VMRS_HB_COMPLETE_v20 page 7_pages_76-100.md
002-012-119,,002,012,Insulator - Carpet Floor,VMRS_HB_COMPLETE_v20 page 7_pages_76-100.md
002-012-120,,002,012,Extension - Floor,VMRS_HB_COMPLETE_v20 page 7_pages_76-100.md
002-012-122,,002,012,Drain Plug - Floor Pan,VMRS_HB_COMPLETE_v20 page 7_pages_76-100.md
002-012-123,,002,012,Heat Shield - Floor Pan,VMRS_HB_COMPLETE_v20 page 7_pages_76-100.md
002-012-124,,002,012,"Shield - Splash, Floor Pan",VMRS_HB_COMPLETE_v20 page 7_pages_76-100.md
002-012-125,,002,012,"End Cap - Reinforcement, Floor",VMRS_HB_COMPLETE_v20 page 7_pages_76-100.md
002-012-126,,002,012,"Reinforcement - Rail, Floor, Side",VMRS_HB_COMPLETE_v20 page 7_pages_76-100.md
002-012-127,,002,012,"Cap - Sill, Floor",VMRS_HB_COMPLETE_v20 page 7_pages_76-100.md
002-012-128,,002,012,"Compartment - Storage, Floor",VMRS_HB_COMPLETE_v20 page 7_pages_76-100.md
002-012-129,,002,012,"Lid - Storage Compartment, Floor",VMRS_HB_COMPLETE_v20 page 7_pages_76-100.md
002-012-130,,002,012,Support - Floor,VMRS_HB_COMPLETE_v20 page 7_pages_76-100.md
002-012-131,,002,012,"Cover - Access, Fuel Tank",VMRS_HB_COMPLETE_v20 page 7_pages_76-100.md
002-012-132,,002,012,"Gasket - Access Cover, Fuel Tank",VMRS_HB_COMPLETE_v20 page 7_pages_76-100.md
002-012-133,,002,012,Adhesive Kit - Rocker Panel,VMRS_HB_COMPLETE_v20 page 7_pages_76-100.md
002-012-134,,002,012,Reinforcement - Rocker Panel,VMRS_HB_COMPLETE_v20 page 7_pages_76-100.md
002-012-135,,002,012,Drain Valve - Firewall,VMRS_HB_COMPLETE_v20 page 7_pages_76-100.md
002-012-136,,002,012,Insulator - Firewall,VMRS_HB_COMPLETE_v20 page 7_pages_76-100.md
002-012-137,,002,012,"Extrusion - Inresnoid Irim, Cab",VMRS_HB_COMPLETE_v20 page 7_pages_76-100.md
002-013-000,,002,013,Floor Coverings,VMRS_HB_COMPLETE_v20 page 7_pages_76-100.md
002-013-001,,002,013,Covering - Cab Or Floor,VMRS_HB_COMPLETE_v20 page 7_pages_76-100.md
002-013-002,,002,013,Eloor Mat - Auxiliary,VMRS_HB_COMPLETE_v20 page 7_pages_76-100.md
002-013-003,,002,013,Retainer - Floor Cover,VMRS_HB_COMPLETE_v20 page 7_pages_76-100.md
002-013-006,,002,013,Trim - Floor Cover,VMRS_HB_COMPLETE_v20 page 7_pages_76-100.md
002-013-007,,002,013,Cover - Brake Pedal,VMRS_HB_COMPLETE_v20 page 7_pages_76-100.md
002-013-008,,002,013,Carpet - Floor,VMRS_HB_COMPLETE_v20 page 7_pages_76-100.md
002-013-009,,002,013,"Mat - Rubber, Driver",VMRS_HB_COMPLETE_v20 page 7_pages_76-100.md
002-013-010,,002,013,"Mat - Rubber, Passenger",VMRS_HB_COMPLETE_v20 page 7_pages_76-100.md
002-013-011,,002,013,Floor Mat,VMRS_HB_COMPLETE_v20 page 7_pages_76-100.md
002-013-012,,002,013,Mat - Cab Floor,VMRS_HB_COMPLETE_v20 page 7_pages_76-100.md
002-013-013,,002,013,Jute - Carpet,VMRS_HB_COMPLETE_v20 page 7_pages_76-100.md
002-013-014,,002,013,Floor Covering - Cab and Sleeper,VMRS_HB_COMPLETE_v20 page 7_pages_76-100.md
002-013-015,,002,013,"Pad - Rub, Accelerator",VMRS_HB_COMPLETE_v20 page 7_pages_76-100.md
002-014-000,,002,014,Panel Deadeners,VMRS_HB_COMPLETE_v20 page 7_pages_76-100.md
002-014-001,,002,014,Deadeners Or Insulation - Body,VMRS_HB_COMPLETE_v20 page 7_pages_76-100.md
002-014-002,,002,014,Cover - Wheel,VMRS_HB_COMPLETE_v20 page 7_pages_76-100.md
002-014-003,,002,014,"Cover - Wheel, W/Plywood",VMRS_HB_COMPLETE_v20 page 7_pages_76-100.md
002-014-004,,002,014,Lipholstony Cab,VMRS_HB_COMPLETE_v20 page 7_pages_76-100.md
002-014-005,,002,014,Silencer - Floor Pan,VMRS_HB_COMPLETE_v20 page 7_pages_76-100.md
002-015-001,,002,015,Panel - Rear Door Extension,VMRS_HB_COMPLETE_v20 page 7_pages_76-100.md
002-015-002,,002,015,Quarter Panel - Outer Or Fender,VMRS_HB_COMPLETE_v20 page 7_pages_76-100.md
002-015-003,,002,015,Panel - Rear End. Lower,VMRS_HB_COMPLETE_v20 page 7_pages_76-100.md
002-015-004,,002,015,Compartment - Tool,VMRS_HB_COMPLETE_v20 page 7_pages_76-100.md
002-015-005,,002,015,Hinge - Fuel Filler Door,VMRS_HB_COMPLETE_v20 page 7_pages_76-100.md
002-015-006,,002,015,Door - Fuel Filler,VMRS_HB_COMPLETE_v20 page 7_pages_76-100.md
002-015-007,,002,015,"Panel - Cab, Side",VMRS_HB_COMPLETE_v20 page 7_pages_76-100.md
002-015-008,,002,015,"Panel - Cab, Rear",VMRS_HB_COMPLETE_v20 page 7_pages_76-100.md
002-015-009,,002,015,"Panel - Body, Side",VMRS_HB_COMPLETE_v20 page 7_pages_76-100.md
002-015-010,,002,015,"Panel - Quarter, Inner",VMRS_HB_COMPLETE_v20 page 7_pages_76-100.md
002-015-011,,002,015,wneel House Assembly (Includes Rear Fender,VMRS_HB_COMPLETE_v20 page 7_pages_76-100.md
002-015-012,,002,015,Pillar - Body Quartor,VMRS_HB_COMPLETE_v20 page 7_pages_76-100.md
202-010-012,,202,010,ina bouy adultor,VMRS_HB_COMPLETE_v20 page 7_pages_76-100.md
002-015-013,,002,015,Support - Rear Fender | 002-015-080 | Cab Assembly - Bear,VMRS_HB_COMPLETE_v20 page 7_pages_76-100.md
002-015-014,,002,015,Gravel Deflector - Bear Fender | 002-015-009 | Bail - Rear Cab,VMRS_HB_COMPLETE_v20 page 7_pages_76-100.md
002-015-015,,002,015,"Panel - Front Corner, Right | 002-015-090 | Pad - Rear Cab Support",VMRS_HB_COMPLETE_v20 page 7_pages_76-100.md
002-015-017,,002,015,Stialifei - Real Fallei | 002-015-093 | Cross Member Banel Boar,VMRS_HB_COMPLETE_v20 page 7_pages_76-100.md
002-015-019,,002,015,"Attaching Gussel - Cab Panel, Leit | 002-015-095 | Guard - Rear Window",VMRS_HB_COMPLETE_v20 page 7_pages_76-100.md
002-015-020,,002,015,"Attaching Gusset - Cab Panel, Right | 002-015-096 | Hardware, Mounting - Fuel Filler Door",VMRS_HB_COMPLETE_v20 page 7_pages_76-100.md
002-015-021,,002,015,"Door - Oil Filler Hatch | 002-015-097 | Hardware, Mounting - Wheelhouse Assembly",VMRS_HB_COMPLETE_v20 page 7_pages_76-100.md
002-015-022,,002,015,"Latch - Oil Filler Hatch Door | 002-015-098 | Hardware, Mounting - Body Quarter Pillar",VMRS_HB_COMPLETE_v20 page 7_pages_76-100.md
002-015-023,,002,015,"Hardware, Mounting - Rear Cab Panel | 002-015-099 | Hardware, Mounting - Cab Corner Brace",VMRS_HB_COMPLETE_v20 page 7_pages_76-100.md
002-015-024,,002,015,Latch - Side Compartment Panel | 002-015-100 | Lid - Trunk,VMRS_HB_COMPLETE_v20 page 7_pages_76-100.md
002-015-025,,002,015,Seal - Compartment Door | 002-015-101 | Latch Kit,VMRS_HB_COMPLETE_v20 page 7_pages_76-100.md
002-015-026,,002,015,"Hardware, Mounting - Compartment Door Seal | 002-015-102 | Engine Access Door",VMRS_HB_COMPLETE_v20 page 7_pages_76-100.md
002-015-027,,002,015,"Hardware, Mounting - Right Front Corner Panel | 002-015-103 | Shaft - Engine Door",VMRS_HB_COMPLETE_v20 page 7_pages_76-100.md
002-015-028,,002,015,"Door Jamb | 002-015-104 | Guide - Engine Door, Side",VMRS_HB_COMPLETE_v20 page 7_pages_76-100.md
002-015-029,,002,015,"Insert - Lower | 002-015-105 | Hardware, Mounting - Rear Panel Support",VMRS_HB_COMPLETE_v20 page 7_pages_76-100.md
002-015-030,,002,015,Brace - Cab Corner | 002-015-106 | Spring - Fuel Door,VMRS_HB_COMPLETE_v20 page 7_pages_76-100.md
002-015-031,,002,015,"Hardware, Mounting - Cab Side Panel | 002-015-107 | Bracket - Fuel Door",VMRS_HB_COMPLETE_v20 page 7_pages_76-100.md
002-015-032,,002,015,Reinforcement - A-Post | 002-015-108 | Bracket - Deck Attachment,VMRS_HB_COMPLETE_v20 page 7_pages_76-100.md
002-015-033,,002,015,Gusset - Header | 002-015-109 | Bracket - Roof Attachment,VMRS_HB_COMPLETE_v20 page 7_pages_76-100.md
002-015-035,,002,015,Panel - Rear Corner | 002-015-110 | Bracket - Tunnel Attachment,VMRS_HB_COMPLETE_v20 page 7_pages_76-100.md
002-015-037,,002,015,Splash Guard | 002-015-111 | Modesty Panel,VMRS_HB_COMPLETE_v20 page 7_pages_76-100.md
002-015-038,,002,015,"Bracket - Guard, Lower | 002-015-112 | Bumper Plug - Engine Door",VMRS_HB_COMPLETE_v20 page 7_pages_76-100.md
002-015-039,,002,015,"Bracket - Guard, Upper | 002-015-113 | Cylinder Bracket - Engine Door",VMRS_HB_COMPLETE_v20 page 7_pages_76-100.md
002-015-041,,002,015,"Bracket - Cover Plate | 002-015-114 | Cable - Engine Door, RH",VMRS_HB_COMPLETE_v20 page 7_pages_76-100.md
002-015-042,,002,015,Skirt - Brace | 002-015-115 | Cylinder - Engine Door,VMRS_HB_COMPLETE_v20 page 7_pages_76-100.md
002-015-043,,002,015,Stiffener - Side Skin | 002-015-116 | Ball Stud- Engine Door,VMRS_HB_COMPLETE_v20 page 7_pages_76-100.md
002-015-044,,002,015,Plate - Skip | 002-015-117 | Lever- Engine Door,VMRS_HB_COMPLETE_v20 page 7_pages_76-100.md
002-015-045,,002,015,"Plate - Tap, Quarter Panel | 002-015-118 | Lever, Pantograph - Engine Door",VMRS_HB_COMPLETE_v20 page 7_pages_76-100.md
002-015-046,,002,015,Stiffener - Door Jamb | 002-015-119 | Striker Plate - Engine Door,VMRS_HB_COMPLETE_v20 page 7_pages_76-100.md
002-015-047,,002,015,"Panel - Side, Rear Corner | 002-015-120 | Stabilizer - Engine Door",VMRS_HB_COMPLETE_v20 page 7_pages_76-100.md
002-015-048,,002,015,Cab Assembly - Side | 002-015-121 | Support Bracket - Engine Door,VMRS_HB_COMPLETE_v20 page 7_pages_76-100.md
002-015-049,,002,015,Bracket - Door Stop | 002-015-122 | Stop Bracket - Engine Door,VMRS_HB_COMPLETE_v20 page 7_pages_76-100.md
002-015-050,,002,015,Tie Plate - Door Frame | 002-015-123 | Rubber Bumper - Engine Door,VMRS_HB_COMPLETE_v20 page 7_pages_76-100.md
002-015-051,,002,015,"Skirt - Rear | 002-015-124 | Cable - Engine Door, LH",VMRS_HB_COMPLETE_v20 page 7_pages_76-100.md
002-015-053,,002,015,Channel - Lower | 002-015-125 | Hook - Engine Door,VMRS_HB_COMPLETE_v20 page 7_pages_76-100.md
002-015-054,,002,015,Tube - Connecting | 002-015-126 | Spring - Engine Door,VMRS_HB_COMPLETE_v20 page 7_pages_76-100.md
002-015-055,,002,015,"Chain - Safety, Rear Quarter & Deck Panels | 002-015-128 | Stop - Engine Door",VMRS_HB_COMPLETE_v20 page 7_pages_76-100.md
002-015-057,,002,015,Rail - Slant | 002-015-129 | Compression Spring - Engine Door,VMRS_HB_COMPLETE_v20 page 7_pages_76-100.md
002-015-058,,002,015,Locking Plate - Front Pillar | 002-015-130 | Tensioner - Engine Door,VMRS_HB_COMPLETE_v20 page 7_pages_76-100.md
002-015-059,,002,015,Reinforcement - Rear Column | 002-015-131 | Cable Sleeve - Engine Door,VMRS_HB_COMPLETE_v20 page 7_pages_76-100.md
002-015-060,,002,015,"Plate - Rear Column | 002-015-132 | Latch - Engine Door, LH",VMRS_HB_COMPLETE_v20 page 7_pages_76-100.md
002-015-061,,002,015,"Plate - Pillar Angle | 002-015-133 | Latch - Engine Door, RH",VMRS_HB_COMPLETE_v20 page 7_pages_76-100.md
002-015-062,,002,015,Plate - Pillar | 002-015-134 | Clip - Fuel Door,VMRS_HB_COMPLETE_v20 page 7_pages_76-100.md
002-015-063,,002,015,Plug - Pillar | 002-015-135 | Label - Fuel Door,VMRS_HB_COMPLETE_v20 page 7_pages_76-100.md
002-015-064,,002,015,"Gusset - Cab Panel, Left | 002-015-136 | Panel - Center, Exterior Side, Air Intake",VMRS_HB_COMPLETE_v20 page 7_pages_76-100.md
002-015-065,,002,015,"Gusset - Cab Panel, Right | 002-015-137 | Panel - Rear, Exterior Side, Air Intake",VMRS_HB_COMPLETE_v20 page 7_pages_76-100.md
002-015-066,,002,015,"Longhorn - Cab | 002-015-138 | Screening Plate - Exterior Side, Air Intake",VMRS_HB_COMPLETE_v20 page 7_pages_76-100.md
002-015-067,,002,015,"Brace - Longhorn | 002-015-139 | Bracket - Right Panel, Engine Compartment",VMRS_HB_COMPLETE_v20 page 7_pages_76-100.md
002-015-068,,002,015,"Frame - Walk thru | 002-015-140 | Bracket - Center Panel, Engine Compartment",VMRS_HB_COMPLETE_v20 page 7_pages_76-100.md
002-015-069,,002,015,Spacer - Roof Walk thru | 002-015-141 | Seal - Paneling,VMRS_HB_COMPLETE_v20 page 7_pages_76-100.md
002-015-070,,002,015,Connector - Upper | 002-015-142 | Retainer - Tapping Plate,VMRS_HB_COMPLETE_v20 page 7_pages_76-100.md
002-015-071,,002,015,Connector - Lower | 002-015-143 | Sill - Cab Side,VMRS_HB_COMPLETE_v20 page 7_pages_76-100.md
002-015-072,,002,015,"Stiffener - Plug, Horizontal | 002-015-144 | Rail - Cab Side",VMRS_HB_COMPLETE_v20 page 7_pages_76-100.md
002-015-073,,002,015,"Stiffener - Plug, Vertical | 002-015-145 | Retainer - Body Panel, Side",VMRS_HB_COMPLETE_v20 page 7_pages_76-100.md
002-015-074,,002,015,"Stiffener - Window Trim | 002-015-146 | Bracket - Body Panel, Side",VMRS_HB_COMPLETE_v20 page 7_pages_76-100.md
002-015-075,,002,015,"Plug - Frame, Window | 002-015-147 | Panel - Access, Side",VMRS_HB_COMPLETE_v20 page 7_pages_76-100.md
002-015-076,,002,015,Reinforcement - Panel | 002-015-148 | Sill - Rear Panel,VMRS_HB_COMPLETE_v20 page 7_pages_76-100.md
002-015-077,,002,015,"Beam - Horizontal, Cab | 002-015-149 | Bracket - Skirt, Rear Panel",VMRS_HB_COMPLETE_v20 page 7_pages_76-100.md
002-015-078,,002,015,"Post - Horizontal, Rear | 002-015-150 | Panel - Valance, Cab",VMRS_HB_COMPLETE_v20 page 7_pages_76-100.md
002-015-079,,002,015,"Plate - Main, Rear | 002-015-151 | Angle - Rolled, Wheelhouse, Sidewall",VMRS_HB_COMPLETE_v20 page 7_pages_76-100.md
002-015-080,,002,015,"Brace - Exhaust | 002-015-152 | Support - Hinge, Compartment Panel",VMRS_HB_COMPLETE_v20 page 7_pages_76-100.md
002-015-081,,002,015,Crossbar - Exhaust | 002-015-153 | Bracket - Valance. Cab,VMRS_HB_COMPLETE_v20 page 7_pages_76-100.md
002-015-082,,002,015,"Bracket - Cab Mount, Upper | 002-015-154 | Spacer - Adhesive. Cab Valance",VMRS_HB_COMPLETE_v20 page 7_pages_76-100.md
002-015-083,,002,015,Post - Rear Skin | 002-015-155 | Latch - Fuel Door,VMRS_HB_COMPLETE_v20 page 7_pages_76-100.md
002-015-084,,002,015,"Bracket - Upper, Side | 002-015-156 | Lock - Fuel Door",VMRS_HB_COMPLETE_v20 page 7_pages_76-100.md
002-015-085,,002,015,"Bracket - Backpad, Upper | 002-015-157 | Cover - Body Plate",VMRS_HB_COMPLETE_v20 page 7_pages_76-100.md
002-015-086,,002,015,Stiffener - Rear Cab Panel | 002-015-158 | Hand Rail,VMRS_HB_COMPLETE_v20 page 7_pages_76-100.md
002-015-087,,002,015,Beam - Rear | 002-015-159 | Mounting Bracket - Access Panel Lock,VMRS_HB_COMPLETE_v20 page 7_pages_76-100.md
002-015-088,,002,015,"Latch - Cab, Upper | 002-015-160 | Channel - Mounting, Cabinet",VMRS_HB_COMPLETE_v20 page 7_pages_76-100.md
002-015-161,,002,015,Lift Support - Trunk Lid | 002-016-025,VMRS_HB_COMPLETE_v20 page 7_pages_76-100.md
002-015-162,,002,015,"Cable - Release, Trunk Lid | 002-016-026",VMRS_HB_COMPLETE_v20 page 7_pages_76-100.md
002-015-163,,002,015,"Cable - Release, Fuel Door | 002-016-027",VMRS_HB_COMPLETE_v20 page 7_pages_76-100.md
002-015-164,,002,015,Pocket - Fuel Filler | 002-016-028,VMRS_HB_COMPLETE_v20 page 7_pages_76-100.md
002-015-165,,002,015,"Gasket - Pocket, Fuel Filler | 002-016-029",VMRS_HB_COMPLETE_v20 page 7_pages_76-100.md
002-015-166,,002,015,Bumper - Fuel Door | 002-016-030,VMRS_HB_COMPLETE_v20 page 7_pages_76-100.md
002-015-167,,002,015,Gasket - Fuel Door | 002-016-031,VMRS_HB_COMPLETE_v20 page 7_pages_76-100.md
002-015-168,,002,015,"Actuator - Release, Fuel Door | 002-016-032",VMRS_HB_COMPLETE_v20 page 7_pages_76-100.md
002-015-169,,002,015,"Clamp - Actuator, Fuel Door Release | 002-016-033",VMRS_HB_COMPLETE_v20 page 7_pages_76-100.md
002-015-170,,002,015,"Cable - Release, Fuel Door | 002-016-034",VMRS_HB_COMPLETE_v20 page 7_pages_76-100.md
002-015-171,,002,015,"Handle - Release, Fuel Door | 002-016-035",VMRS_HB_COMPLETE_v20 page 7_pages_76-100.md
002-015-172,,002,015,"Switch - Release, Fuel Door | 002-016-036",VMRS_HB_COMPLETE_v20 page 7_pages_76-100.md
002-015-173,,002,015,"Grille - Air Vent, Quarter Panel | 002-016-037",VMRS_HB_COMPLETE_v20 page 7_pages_76-100.md
002-015-174,,002,015,"Gasket - Grille, Air Vent, Quarter Panel | 002-016-038",VMRS_HB_COMPLETE_v20 page 7_pages_76-100.md
002-015-175,,002,015,Armrest - Quarter Panel | 002-016-039,VMRS_HB_COMPLETE_v20 page 7_pages_76-100.md
002-015-176,,002,015,"Molding - Belt, Quarter Panel | 002-016-040",VMRS_HB_COMPLETE_v20 page 7_pages_76-100.md
002-015-177,,002,015,Cup Holder - Quarter Panel | 002-016-041,VMRS_HB_COMPLETE_v20 page 7_pages_76-100.md
002-015-178,,002,015,Extension - Quarter Panel | 002-016-042,VMRS_HB_COMPLETE_v20 page 7_pages_76-100.md
002-015-179,,002,015,Panel - Quarter Filler | 002-016-043,VMRS_HB_COMPLETE_v20 page 7_pages_76-100.md
002-015-180,,002,015,"Gasket - Glass, Quarter Panel | 002-016-044",VMRS_HB_COMPLETE_v20 page 7_pages_76-100.md
002-015-181,,002,015,"Guide - Glass, Quarter Panel | 002-016-045",VMRS_HB_COMPLETE_v20 page 7_pages_76-100.md
002-015-182,,002,015,"Cover - Guide, Glass, Quarter Panel | 002-016-046",VMRS_HB_COMPLETE_v20 page 7_pages_76-100.md
002-015-183,,002,015,"Latch - Glass, Quarter Panel | 002-016-047",VMRS_HB_COMPLETE_v20 page 7_pages_76-100.md
002-015-184,,002,015,"Retainer - Latch, Glass, Quarter Panel | 002-016-048",VMRS_HB_COMPLETE_v20 page 7_pages_76-100.md
002-015-185,,002,015,"Channel - Surround, Glass, Quarter Panel | 002-017-000",VMRS_HB_COMPLETE_v20 page 7_pages_76-100.md
002-015-187,,002,015,"Weatherstrip - Glass, Quarter Panel | 002-017-002",VMRS_HB_COMPLETE_v20 page 7_pages_76-100.md
002-015-188,,002,015,Guller - Quarter Panel | 002-017-003,VMRS_HB_COMPLETE_v20 page 7_pages_76-100.md
002-015-189,,002,015,Insulator - Quarter Panel | 002-017-004,VMRS_HB_COMPLETE_v20 page 7_pages_76-100.md
002-015-190,,002,015,Overlay - Quarter Parler | 002-017-005,VMRS_HB_COMPLETE_v20 page 7_pages_76-100.md
002-015-191,,002,015,Melding Deveel Quarter Danel | 002-017-000,VMRS_HB_COMPLETE_v20 page 7_pages_76-100.md
002-015-192,,002,015,Adapter Molding Reveal Quarter Panel | 002 017 007,VMRS_HB_COMPLETE_v20 page 7_pages_76-100.md
002-015-193,,002,015,"Auapter - Molding, Neveal, Quarter Panel | 002-017-007",VMRS_HB_COMPLETE_v20 page 7_pages_76-100.md
002-015-194,,002,015,Compartment - Storage Quarter Panel | 002-017-008,VMRS_HB_COMPLETE_v20 page 7_pages_76-100.md
002-015-195,,002,015,Can - Trim Quarter Panel | 002-017-000,VMRS_HB_COMPLETE_v20 page 7_pages_76-100.md
002-015-197,,002,015,Papel - Quarter Trim | 002-017-010,VMRS_HB_COMPLETE_v20 page 7_pages_76-100.md
002-015-198,,002,015,Cap - Trim Panel Quarter Panel | 002-017-011,VMRS_HB_COMPLETE_v20 page 7_pages_76-100.md
002-015-199,,002,015,"Insulator - Trim Panel, Quarter Panel | 002-017-012",VMRS_HB_COMPLETE_v20 page 7_pages_76-100.md
002-015-200,,002,015,"Chamber - Vent, Quarter Panel | 002-017-013",VMRS_HB_COMPLETE_v20 page 7_pages_76-100.md
002-015-201,,002,015,"Gasket - Vent Chamber, Quarter Panel | 002-017-014",VMRS_HB_COMPLETE_v20 page 7_pages_76-100.md
002-015-202,,002,015,"Frame - Window, Quarter Panel | 002-017-015",VMRS_HB_COMPLETE_v20 page 7_pages_76-100.md
002-015-203,,002,015,"Trim - Window, Quarter Panel | 002-017-016",VMRS_HB_COMPLETE_v20 page 7_pages_76-100.md
002-015-204,,002,015,"Cap - Trim, Window, Quarter Panel | 002-017-017",VMRS_HB_COMPLETE_v20 page 7_pages_76-100.md
002-015-205,,002,015,"Motor - Window, Power Vent | 002-017-019",VMRS_HB_COMPLETE_v20 page 7_pages_76-100.md
002-015-206,,002,015,Pocket - Tail Lamp | 002-017-020,VMRS_HB_COMPLETE_v20 page 7_pages_76-100.md
002-015-207,,002,015,Panel - Aperture | 002-017-021,VMRS_HB_COMPLETE_v20 page 7_pages_76-100.md
002-016-000,,002,016,Tailgate - Rear | 002-017-022,VMRS_HB_COMPLETE_v20 page 7_pages_76-100.md
002-016-001,,002,016,Remote Control Assembly - Tailgate | 002-017-023,VMRS_HB_COMPLETE_v20 page 7_pages_76-100.md
002-016-002,,002,016,Lock Assembly - Tailgate | 002-017-024,VMRS_HB_COMPLETE_v20 page 7_pages_76-100.md
002-016-003,,002,016,Support Assembly - Tailgate | 002-017-025,VMRS_HB_COMPLETE_v20 page 7_pages_76-100.md
002-016-004,,002,016,Striker - Tailgate | 002-017-026,VMRS_HB_COMPLETE_v20 page 7_pages_76-100.md
002-016-005,,002,016,Lock Cylinder - Tailgate | 002-017-027,VMRS_HB_COMPLETE_v20 page 7_pages_76-100.md
002-016-007,,002,016,Tailgate Assembly | 002-017-028,VMRS_HB_COMPLETE_v20 page 7_pages_76-100.md
002-016-008,,002,016,Hinge - Tailgate | 002-017-029,VMRS_HB_COMPLETE_v20 page 7_pages_76-100.md
002-016-009,,002,016,Cover - Tailgate | 002-017-030,VMRS_HB_COMPLETE_v20 page 7_pages_76-100.md
002-016-010,,002,016,Panel - Tailgate | 002-017-031,VMRS_HB_COMPLETE_v20 page 7_pages_76-100.md
002-016-011,,002,016,Bed Liner | 002-017-032,VMRS_HB_COMPLETE_v20 page 7_pages_76-100.md
002-016-012,,002,016,Cable - Tailgate | 002-017-033,VMRS_HB_COMPLETE_v20 page 7_pages_76-100.md
002-016-013,,002,016,Prop Rod - Tailgate | 002-017-034,VMRS_HB_COMPLETE_v20 page 7_pages_76-100.md
002-016-014,,002,016,"Plug - 2 Way, Tractor, Tailgate | 002-017-035",VMRS_HB_COMPLETE_v20 page 7_pages_76-100.md
002-016-015,,002,016,"Cable - Electrical, 2 Way, Tailgate | 002-017-036",VMRS_HB_COMPLETE_v20 page 7_pages_76-100.md
002-016-017,,002,016,"Receptacle - 2 Way, Taligate | 002-017-037",VMRS_HB_COMPLETE_v20 page 7_pages_76-100.md
002-016-022,,002,016,Latch - Tailgate | 002-017-043,VMRS_HB_COMPLETE_v20 page 7_pages_76-100.md
002-016-024,,002,016,Cover - Access Tailgate | 002-017-045,VMRS_HB_COMPLETE_v20 page 7_pages_76-100.md
,016-025,016,025,02- | Bumper - Tailgate,VMRS_HB_COMPLETE_v20 page 7_pages_76-100.md
,016-026,016,026,02- | Bushing - Tailgate,VMRS_HB_COMPLETE_v20 page 7_pages_76-100.md
,016-027,016,027,02- | Handle - Tailgate,VMRS_HB_COMPLETE_v20 page 7_pages_76-100.md
,010-027,010,027,02- | Cover Handle Tailgate,VMRS_HB_COMPLETE_v20 page 7_pages_76-100.md
,010-028,010,028,"JZ- | Cover - Handle, Taligate",VMRS_HB_COMPLETE_v20 page 7_pages_76-100.md
,016-029,016,029,"J2- | Shield - Hinge Bracket, Taligate",VMRS_HB_COMPLETE_v20 page 7_pages_76-100.md
,016-030,016,030,"02- | Cover - Hinge, Tailgate",VMRS_HB_COMPLETE_v20 page 7_pages_76-100.md
,016-031,016,031,02- | Hinge Kit - Tailgate,VMRS_HB_COMPLETE_v20 page 7_pages_76-100.md
,016-032,016,032,"02- | Rod - Latch Control, Tailgate",VMRS_HB_COMPLETE_v20 page 7_pages_76-100.md
,016-033,016,033,"02- | Cover - Latch, Tailgate",VMRS_HB_COMPLETE_v20 page 7_pages_76-100.md
,016-034,016,034,"02- | Insulator - Latch Mount, Tailgate",VMRS_HB_COMPLETE_v20 page 7_pages_76-100.md
,016-035,016,035,02- | Plate - Latch Mount Tailgate,VMRS_HB_COMPLETE_v20 page 7_pages_76-100.md
,016-036,016,036,02- | Actuator - Lock Tailgate,VMRS_HB_COMPLETE_v20 page 7_pages_76-100.md
,010-000,010,000,02- | Cable Lock Tailgate,VMRS_HB_COMPLETE_v20 page 7_pages_76-100.md
,010-037,010,037,"02- | Diate Lock, Taligate",VMRS_HB_COMPLETE_v20 page 7_pages_76-100.md
,010-038,010,038,"J2- | Plate - Lock Striker, Taligate",VMRS_HB_COMPLETE_v20 page 7_pages_76-100.md
,016-039,016,039,02- | Molding - Tailgate,VMRS_HB_COMPLETE_v20 page 7_pages_76-100.md
,016-040,016,040,02- | Panel Kit - Tailgate,VMRS_HB_COMPLETE_v20 page 7_pages_76-100.md
,016-041,016,041,"02- | Motor - Power Window, Tailgate",VMRS_HB_COMPLETE_v20 page 7_pages_76-100.md
,016-042,016,042,"02- | Switch - Release, Tailgate",VMRS_HB_COMPLETE_v20 page 7_pages_76-100.md
,016-043,016,043,"02- | Strut - Support, Tailgate",VMRS_HB_COMPLETE_v20 page 7_pages_76-100.md
,016-044,016,044,"02- | Holder - Strut Support, Tailgate",VMRS_HB_COMPLETE_v20 page 7_pages_76-100.md
,016-045,016,045,02- | Cover - Trim Tailgate,VMRS_HB_COMPLETE_v20 page 7_pages_76-100.md
,016-046,016,046,"02- | Cap - Trim Cover, Tailgate",VMRS_HB_COMPLETE_v20 page 7_pages_76-100.md
,016-047,016,047,02- | Weatherstrin - Tailgate,VMRS_HB_COMPLETE_v20 page 7_pages_76-100.md
,016-049,016,049,02 | Wiring Harnoss - Tailgate,VMRS_HB_COMPLETE_v20 page 7_pages_76-100.md
,010-040,010,040,02- | Willing Hamess - Taligate,VMRS_HB_COMPLETE_v20 page 7_pages_76-100.md
,017-000,017,000,JZ- | Cab Or Front Door Panels,VMRS_HB_COMPLETE_v20 page 7_pages_76-100.md
,017-001,017,001,J2- | Door Assembly - Cab Or Front,VMRS_HB_COMPLETE_v20 page 7_pages_76-100.md
,017-002,017,002,"02- | Panel - Cab Or Front Door, Outer",VMRS_HB_COMPLETE_v20 page 7_pages_76-100.md
,017-003,017,003,"02- | Panel - Cab Or Front Door, Inner",VMRS_HB_COMPLETE_v20 page 7_pages_76-100.md
,017-004,017,004,"02- | Frame - Cab Or Front Door, Upper",VMRS_HB_COMPLETE_v20 page 7_pages_76-100.md
,017-005,017,005,02- | Reinforcements & Supports,VMRS_HB_COMPLETE_v20 page 7_pages_76-100.md
,017-006,017,006,"02- | Hardware, Mounting - Cab Or Front Door",VMRS_HB_COMPLETE_v20 page 7_pages_76-100.md
,017-007,017,007,"02- | Hardware, Mounting - Cab Or Front Door Outer",VMRS_HB_COMPLETE_v20 page 7_pages_76-100.md
,017-008,017,008,"02- | Fasteners - Door Trim, Inside Panel",VMRS_HB_COMPLETE_v20 page 7_pages_76-100.md
,017-009,017,009,02- | Hardware Kit - Door,VMRS_HB_COMPLETE_v20 page 7_pages_76-100.md
,017-010,017,010,02- | Frame - Door Front Or Entrance,VMRS_HB_COMPLETE_v20 page 7_pages_76-100.md
,017-011,017,011,02- | Door - Sleeper,VMRS_HB_COMPLETE_v20 page 7_pages_76-100.md
,017-012,017,012,02- | Seal - Door Sleeper,VMRS_HB_COMPLETE_v20 page 7_pages_76-100.md
,017-013,017,013,02- | Sill Outor,VMRS_HB_COMPLETE_v20 page 7_pages_76-100.md
,017-014,017,014,02- | Bainforcement Deer Sill,VMRS_HB_COMPLETE_v20 page 7_pages_76-100.md
,017-015,017,015,02- | Maar Dista Cab Or Front Door,VMRS_HB_COMPLETE_v20 page 7_pages_76-100.md
,017-017,017,017,J2- | Support - Guide,VMRS_HB_COMPLETE_v20 page 7_pages_76-100.md
,017-019,017,019,02- | Channel - Door Assembly,VMRS_HB_COMPLETE_v20 page 7_pages_76-100.md
,017-020,017,020,02- | Closure - Corner,VMRS_HB_COMPLETE_v20 page 7_pages_76-100.md
,017-021,017,021,"02- | Sill - Door, Inner",VMRS_HB_COMPLETE_v20 page 7_pages_76-100.md
,017-022,017,022,02- | Plug - Door Frame,VMRS_HB_COMPLETE_v20 page 7_pages_76-100.md
,017-023,017,023,"02- | Seal, Door - Front Or Entrance",VMRS_HB_COMPLETE_v20 page 7_pages_76-100.md
,017-024,017,024,"02- | Cap, Door - Front Or Entrance",VMRS_HB_COMPLETE_v20 page 7_pages_76-100.md
,017-025,017,025,02- | Seal - Vent Window,VMRS_HB_COMPLETE_v20 page 7_pages_76-100.md
,017-026,017,026,02- | Seal - Channel Door Window,VMRS_HB_COMPLETE_v20 page 7_pages_76-100.md
,017-027,017,027,02- | Bracket - Lateral Protective Device,VMRS_HB_COMPLETE_v20 page 7_pages_76-100.md
,017-028,017,028,02- | Panel - Trim Door Upper,VMRS_HB_COMPLETE_v20 page 7_pages_76-100.md
,017-029,017,029,02- | Parrier Weter Ceb Deer,VMRS_HB_COMPLETE_v20 page 7_pages_76-100.md
,017-030,017,030,"JZ- | Barrier - Waler, Cab Door",VMRS_HB_COMPLETE_v20 page 7_pages_76-100.md
,017-031,017,031,"JZ- | Panel - Trim, Door Controls",VMRS_HB_COMPLETE_v20 page 7_pages_76-100.md
,017-032,017,032,"J2- | Irim - visibility window, interior",VMRS_HB_COMPLETE_v20 page 7_pages_76-100.md
,017-033,017,033,"02- | Insert - Door Trim, Panel",VMRS_HB_COMPLETE_v20 page 7_pages_76-100.md
,017-034,017,034,"02- | Tape - Pillar Cover, Exterior",VMRS_HB_COMPLETE_v20 page 7_pages_76-100.md
,017-035,017,035,"02- | Panel - Switch, Door",VMRS_HB_COMPLETE_v20 page 7_pages_76-100.md
,017-036,017,036,"02- | Panel - Compartment/Storage, Door",VMRS_HB_COMPLETE_v20 page 7_pages_76-100.md
,017-037,017,037,02- | Cover - Hinge,VMRS_HB_COMPLETE_v20 page 7_pages_76-100.md
,017-038,017,038,"02- | Bracket - Door Seal, Flange",VMRS_HB_COMPLETE_v20 page 7_pages_76-100.md
,017-039,017,039,02- | Door Hardware Assembly - Complete,VMRS_HB_COMPLETE_v20 page 7_pages_76-100.md
,017-040,017,040,02- | Lift Support - Door,VMRS_HB_COMPLETE_v20 page 7_pages_76-100.md
,017-041,017,041,02- | Pocket - Door,VMRS_HB_COMPLETE_v20 page 7_pages_76-100.md
,017-042,017,042,"02- | Cap - Screw, Door Pocket",VMRS_HB_COMPLETE_v20 page 7_pages_76-100.md
,017-043,017,043,02- | Shell - Door,VMRS_HB_COMPLETE_v20 page 7_pages_76-100.md
,017-044,017,044,02- | Plug - Door Shell,VMRS_HB_COMPLETE_v20 page 7_pages_76-100.md
,017-045,017,045,02- | Insulator - Door,VMRS_HB_COMPLETE_v20 page 7_pages_76-100.md
002-017-046,,002,017,"Carrier - Door Panel | 002-018-047 | Spring - Push Button & Shaft, Door Handle,",VMRS_HB_COMPLETE_v20 page 7_pages_76-100.md
002-017-047,,002,017,Handle - Door Panel | | Outer,VMRS_HB_COMPLETE_v20 page 7_pages_76-100.md
002-017-048,,002,017,"Cap - Handle, Door Panel | 002-018-048 | Washer - Door Handle Button, Outer",VMRS_HB_COMPLETE_v20 page 7_pages_76-100.md
002-017-049,,002,017,"Cover - Handle, Door Panel | 002-018-049 | Striker Plate - Front Door",VMRS_HB_COMPLETE_v20 page 7_pages_76-100.md
002-017-050,,002,017,Insulation - Door Panel | 002-018-050 | Roller - Window Regulator,VMRS_HB_COMPLETE_v20 page 7_pages_76-100.md
002-017-051,,002,017,"Cap - Screw, Door Panel | 002-018-051 | Bushing - Hinge Pin, Front Door",VMRS_HB_COMPLETE_v20 page 7_pages_76-100.md
002-017-052,,002,017,"Lamp - Courtesy, Door Panel | 002-018-052 | Bracket - Door Latch",VMRS_HB_COMPLETE_v20 page 7_pages_76-100.md
002-017-053,,002,017,"Sleeve - Courtesy Lamp, Door Panel | 002-018-053 | Screw - Door Latch",VMRS_HB_COMPLETE_v20 page 7_pages_76-100.md
002-017-054,,002,017,"Deflector - Water, Door | 002-018-054 | Connecting Rod - Door Handle, Inner",VMRS_HB_COMPLETE_v20 page 7_pages_76-100.md
002-017-055,,002,017,Drain Plug - Door Panel | 002-018-055 | Bolting Strip - Cab Or Front Door,VMRS_HB_COMPLETE_v20 page 7_pages_76-100.md
002-017-056,,002,017,"Reflector - Door | 002-018-056 | Retainer - Bolting Strip, Cab Or Front Door",VMRS_HB_COMPLETE_v20 page 7_pages_76-100.md
002-017-057,,002,017,Overlay - Door | 002-018-057 | Pin - Door Check,VMRS_HB_COMPLETE_v20 page 7_pages_76-100.md
002-017-058,,002,017,"Insulator - Reinforcement Bar, Door | 002-018-058 | Strap - Door Check",VMRS_HB_COMPLETE_v20 page 7_pages_76-100.md
002-017-059,,002,017,"Cap - Doll, Door SnellTrim - Diastia with Carnet Deer Deeket | 002-010-059 | Seal - Door Check",VMRS_HB_COMPLETE_v20 page 7_pages_76-100.md
002-017-000,,002,017,Carpet - Trim Door Pocket | 002-018-061 | Clevis - Door Stop,VMRS_HB_COMPLETE_v20 page 7_pages_76-100.md
002-017-001,,002,017,Handle - Accent Door Panel | 002-018-062 | Nut Plate - Door Hinge,VMRS_HB_COMPLETE_v20 page 7_pages_76-100.md
002-017-063,,002,017,Plug - Lower Door Pad | 002-018-063 | Access Cover - Nut Plate,VMRS_HB_COMPLETE_v20 page 7_pages_76-100.md
002-018-000,,002,018,Cab Or Front Door Mechanism | 002-018-064 | Grommet - Door,VMRS_HB_COMPLETE_v20 page 7_pages_76-100.md
002-018-001,,002,018,"Lock, Door - Cab Or Front | 002-018-065 | Insulation - Door, Cab",VMRS_HB_COMPLETE_v20 page 7_pages_76-100.md
002-018-002,,002,018,Lock Cylinder - Cab Or Front Door | 002-018-066 | Gasket - Door Grommet,VMRS_HB_COMPLETE_v20 page 7_pages_76-100.md
002-018-003,,002,018,"Locking Rod & Knob - Cab Or Front Door, Inner | 002-018-067 | Gasket - Ventilator, Front Door",VMRS_HB_COMPLETE_v20 page 7_pages_76-100.md
002-018-004,,002,018,"Push Button & Shaft - Cab Or Front Door, Outer | 002-018-068 | Channel - Glass Lift",VMRS_HB_COMPLETE_v20 page 7_pages_76-100.md
002-018-005,,002,018,Remote Control - Cab Or Front Door | 002-018-069 | Spacer - Air Cylinder,VMRS_HB_COMPLETE_v20 page 7_pages_76-100.md
002-018-006,,002,018,Striker - Cab Or Front Door | 002-018-070 | Nameplate - Cab Door,VMRS_HB_COMPLETE_v20 page 7_pages_76-100.md
002-018-007,,002,018,"Hinge - Cab Or Front Door | 002-018-071 | Tubing - Sheathed, Dual",VMRS_HB_COMPLETE_v20 page 7_pages_76-100.md
002-018-008,,002,018,Check - Cab Or Front Door | 002-018-073 | Hose - Nylon,VMRS_HB_COMPLETE_v20 page 7_pages_76-100.md
002-018-009,,002,018,Torque Rod - Hinge Cab Or Front Door | 002-018-075 | Adapter - Female Flare,VMRS_HB_COMPLETE_v20 page 7_pages_76-100.md
002-018-010,,002,018,Track & Rollers - Sliding Door | 002-018-076 | Bar Assembly - Channel Division,VMRS_HB_COMPLETE_v20 page 7_pages_76-100.md
002-018-011,,002,018,"Regulator Assembly - Window, Cab Or Front | 002-018-077 | Vent Window Assembly",VMRS_HB_COMPLETE_v20 page 7_pages_76-100.md
000-010-010,,000,010,"Door, ManualFrama Assembly Vantilator | 002-018-078 | Bearing - Vent Window",VMRS_HB_COMPLETE_v20 page 7_pages_76-100.md
002-018-013,,002,018,"Pin - Hinge, Cab Or Front Door | 002-018-081 | Guard - Latch Pin, Cab Door",VMRS_HB_COMPLETE_v20 page 7_pages_76-100.md
002-018-014,,002,018,Pin - Ventilator Regulator | 002-018-082 | Tane - Sealing,VMRS_HB_COMPLETE_v20 page 7_pages_76-100.md
002-018-016,,002,018,Washer - Front Ventilator Regulator | 002-018-084 | Rod - Handle Outer,VMRS_HB_COMPLETE_v20 page 7_pages_76-100.md
002-018-017,,002,018,"Hardware, Mounting - Cab Or Front Door | 002-018-085 | Plate - Nut",VMRS_HB_COMPLETE_v20 page 7_pages_76-100.md
002-018-086,,002,018,Window Reg. Assembly | | Rod - Horizontal. Door,VMRS_HB_COMPLETE_v20 page 7_pages_76-100.md
002-018-018,,002,018,"Hardware, Mounting - Ventilator Frame Assembly | 002-018-087 | Wave Washer",VMRS_HB_COMPLETE_v20 page 7_pages_76-100.md
002-018-019,,002,018,"Hardware, Mounting - Cab Or Front Door Striker | 002-018-089 | Toggle Valve - Air Door Lock",VMRS_HB_COMPLETE_v20 page 7_pages_76-100.md
002-018-020,,002,018,"Hardware, Mounting - Cab Or Front Door Hinge | 002-018-090 | Nameplate - Air Door Lock",VMRS_HB_COMPLETE_v20 page 7_pages_76-100.md
002-018-021,,002,018,"Channel - Glass, Front Ventilator | 002-018-091 | Fitting - Air Door Lock",VMRS_HB_COMPLETE_v20 page 7_pages_76-100.md
002-018-022,,002,018,"Retainer - Door Arm Check | 002-018-092 | Hose - Dual, Air Door Lock",VMRS_HB_COMPLETE_v20 page 7_pages_76-100.md
002-018-023,,002,018,"Retaining Clip - Lock Cylinder, Cab Or Front | 002-018-093 | Cylinder Assembly - Air Door Lock",VMRS_HB_COMPLETE_v20 page 7_pages_76-100.md
002-018-094,,002,018,"Door | | Rod - Idler, Door Lock",VMRS_HB_COMPLETE_v20 page 7_pages_76-100.md
002-018-024,,002,018,"Door Latch - Cab Or Front, Right | 002-018-097 | Case - Cab Door Lock",VMRS_HB_COMPLETE_v20 page 7_pages_76-100.md
002-018-025,,002,018,"Door Latch - Cab Or Front, Lett | 002-018-098 | Shaft - Cab Door Lock",VMRS_HB_COMPLETE_v20 page 7_pages_76-100.md
002-018-029,,002,018,Coupling - Transmission Electric Window | 002-018-102 | Clip Assembly - Nylon,VMRS_HB_COMPLETE_v20 page 7_pages_76-100.md
002-018-030,,002,018,"Switch - Control, Electric (Power) Window | 002-018-104 | Spring - Toggle",VMRS_HB_COMPLETE_v20 page 7_pages_76-100.md
002-018-031,,002,018,Motor & Transmission - Electric Window | 002-018-105 | Angle - Door Latch,VMRS_HB_COMPLETE_v20 page 7_pages_76-100.md
002-018-106,,002,018,Regulator | | Bell Crank Assembly,VMRS_HB_COMPLETE_v20 page 7_pages_76-100.md
002-018-032,,002,018,"Lift Cylinder Assembly - Air Regulated Window | 002-018-107 | Retaining Ring - Bell Crank Assembly, Cab Door",VMRS_HB_COMPLETE_v20 page 7_pages_76-100.md
002-018-033,,002,018,Two-Way Check Valve - Air Regulated Window | 002-018-109 | Plug - Door Hinge,VMRS_HB_COMPLETE_v20 page 7_pages_76-100.md
002-018-034,,002,018,Brake Cylinder Assembly - Air Regulated | 002-018-110 | Rod - Door Chock,VMRS_HB_COMPLETE_v20 page 7_pages_76-100.md
002-018-111,,002,018,"Window | | Pin - Rod Stem, Chock",VMRS_HB_COMPLETE_v20 page 7_pages_76-100.md
002-018-035,,002,018,Knob - Window Regulator | 002-018-112 | Protector - Door Stop,VMRS_HB_COMPLETE_v20 page 7_pages_76-100.md
002-018-036,,002,018,Support - Door Window | 002-018-113 | Spacer - Door Hinge,VMRS_HB_COMPLETE_v20 page 7_pages_76-100.md
002-018-037,,002,018,"Plate - Wedge Striker, Front Door, Upper | 002-018-114 | Hardware, Mounting - Door Chock Rod",VMRS_HB_COMPLETE_v20 page 7_pages_76-100.md
002-018-038,,002,018,"Shim - Wedge, Front Door, Upper | 002-018-115 | Clip - LugWindow Door Cuido",VMRS_HB_COMPLETE_v20 page 7_pages_76-100.md
002-018-039,,002,018,"Wedge - Flott Door, Lower | 002-010-110 | Window - Door GuideHardware, Mounting, Vent Window Assembly",VMRS_HB_COMPLETE_v20 page 7_pages_76-100.md
002-018-040,,002,018,Pad - Push Button Door Handle | 002-018-110 | Clip - Door Lock,VMRS_HB_COMPLETE_v20 page 7_pages_76-100.md
002-018-042,,002,018,Wedge - Front Door Upper | 002-018-120 | Clip - Locking Bod,VMRS_HB_COMPLETE_v20 page 7_pages_76-100.md
002-018-043,,002,018,"Shim - Striker Plate, Front Door Latch | 002-018-121 | Bushing - Guide, Locking Rod",VMRS_HB_COMPLETE_v20 page 7_pages_76-100.md
002-018-044,,002,018,Escutcheon - Cylinder. Door Latch | 002-018-122 | Lock Set - Door & Ianition,VMRS_HB_COMPLETE_v20 page 7_pages_76-100.md
002-018-045,,002,018,"Bushing - Door Lock Rod | 002-018-123 | Support - Guide, Door Check",VMRS_HB_COMPLETE_v20 page 7_pages_76-100.md
002-018-046,,002,018,"Rod Retainer - Front Door Lock | 002-018-124 | Hardware, Mounting - Door Window Support",VMRS_HB_COMPLETE_v20 page 7_pages_76-100.md
002-018-126,,002,018,Actuator - Electric Door Lock,VMRS_HB_COMPLETE_v20 page 7_pages_76-100.md
002-018-127,,002,018,Clip - Door Linkage,VMRS_HB_COMPLETE_v20 page 7_pages_76-100.md
002-018-132,,002,018,"Plate - Anchor, Door Stop",VMRS_HB_COMPLETE_v20 page 7_pages_76-100.md
002-018-133,,002,018,Spacer - Door Stop,VMRS_HB_COMPLETE_v20 page 7_pages_76-100.md
002-018-134,,002,018,Stop - Cab Or Front Door,VMRS_HB_COMPLETE_v20 page 7_pages_76-100.md
002-018-135,,002,018,"Window, Door - Complete Assembly",VMRS_HB_COMPLETE_v20 page 7_pages_76-100.md
002-018-136,,002,018,"Window, Door - Lower Assembly",VMRS_HB_COMPLETE_v20 page 7_pages_76-100.md
002-018-137,,002,018,"Hardware, Mounting - Door Window Assembly",VMRS_HB_COMPLETE_v20 page 7_pages_76-100.md
002-018-138,,002,018,"Control, Door - Front Or Entrance",VMRS_HB_COMPLETE_v20 page 7_pages_76-100.md
002-018-139,,002,018,"Cylinder, Door - Front Or Entrance",VMRS_HB_COMPLETE_v20 page 7_pages_76-100.md
002-018-140,,002,018,Relay - Window Regulator,VMRS_HB_COMPLETE_v20 page 7_pages_76-100.md
002-018-141,,002,018,"Control - Keyless Entry, FOB",VMRS_HB_COMPLETE_v20 page 7_pages_76-100.md
002-018-142,,002,018,Control - Central Locking,VMRS_HB_COMPLETE_v20 page 7_pages_76-100.md
002-018-143,,002,018,Control Module - Power Window,VMRS_HB_COMPLETE_v20 page 7_pages_76-100.md
002-018-144,,002,018,Latch - Vent Window,VMRS_HB_COMPLETE_v20 page 7_pages_76-100.md
002-018-145,,002,018,"Cable - Bowden, Door",VMRS_HB_COMPLETE_v20 page 7_pages_76-100.md
002-018-146,,002,018,"Bracket - Module, Power Window",VMRS_HB_COMPLETE_v20 page 7_pages_76-100.md
002-018-147,,002,018,Mechanism - Door Latch,VMRS_HB_COMPLETE_v20 page 7_pages_76-100.md
002-018-148,,002,018,"Stud - Bell Crank, Cab Door",VMRS_HB_COMPLETE_v20 page 7_pages_76-100.md
002-018-149,,002,018,"Lever - Linkage, Door Lock",VMRS_HB_COMPLETE_v20 page 7_pages_76-100.md
002-018-150,,002,018,"Gasket - Door Latch, Cab Or Front Door",VMRS_HB_COMPLETE_v20 page 7_pages_76-100.md
002-018-151,,002,018,Shim - Door Lock,VMRS_HB_COMPLETE_v20 page 7_pages_76-100.md
002-018-152,,002,018,Pivot - Vent Window,VMRS_HB_COMPLETE_v20 page 7_pages_76-100.md
002-018-153,,002,018,Linkage - Door Latch,VMRS_HB_COMPLETE_v20 page 7_pages_76-100.md
002-018-154,,002,018,Reinforcement - Door Hinge,VMRS_HB_COMPLETE_v20 page 7_pages_76-100.md
002-018-155,,002,018,Reinforcement - Door Check,VMRS_HB_COMPLETE_v20 page 7_pages_76-100.md
002-018-156,,002,018,"Plate - Motor, Window Regulator",VMRS_HB_COMPLETE_v20 page 7_pages_76-100.md
002-018-157,,002,018,Decal - Door Lock,VMRS_HB_COMPLETE_v20 page 7_pages_76-100.md
002-018-158,,002,018,"Rod - Release, Door Latch",VMRS_HB_COMPLETE_v20 page 7_pages_76-100.md
002-018-159,,002,018,Guide - Door Latch,VMRS_HB_COMPLETE_v20 page 7_pages_76-100.md
002-018-160,,002,018,"Bellows - Wiring Harness, Door",VMRS_HB_COMPLETE_v20 page 7_pages_76-100.md
002-018-161,,002,018,"Clip - Boot, Door",VMRS_HB_COMPLETE_v20 page 7_pages_76-100.md
002-018-162,,002,018,"Spring - Pivot, Vent Window",VMRS_HB_COMPLETE_v20 page 7_pages_76-100.md
002-018-163,,002,018,"Bridge - Pivot, Vent Window",VMRS_HB_COMPLETE_v20 page 7_pages_76-100.md
002-018-164,,002,018,"Striker - Latch, Vent Window",VMRS_HB_COMPLETE_v20 page 7_pages_76-100.md
002-018-165,,002,018,"Bracket - Actuator, Door Lock",VMRS_HB_COMPLETE_v20 page 7_pages_76-100.md
002-018-166,,002,018,Seal - Door Hinge,VMRS_HB_COMPLETE_v20 page 7_pages_76-100.md
002-018-167,,002,018,Plate - Vent Window,VMRS_HB_COMPLETE_v20 page 7_pages_76-100.md
002-018-168,,002,018,"Bracket - Cable Mounting, Front Door",VMRS_HB_COMPLETE_v20 page 7_pages_76-100.md
002-018-169,,002,018,Wiring Harness - Power Door Locks/Kevless,VMRS_HB_COMPLETE_v20 page 7_pages_76-100.md
002-018-170,,002,018,Switch - Door Lock,VMRS_HB_COMPLETE_v20 page 7_pages_76-100.md
002-018-171,,002,018,Switch - Door Aiar,VMRS_HB_COMPLETE_v20 page 7_pages_76-100.md
002-018-172,,002,018,"Wiring Harness - Multi-Purpose, Door",VMRS_HB_COMPLETE_v20 page 7_pages_76-100.md
002-018-173,,002,018,Module - Mechanism Cab Door,VMRS_HB_COMPLETE_v20 page 7_pages_76-100.md
002-018-174,,002,018,Mounting Bracket - Hinge,VMRS_HB_COMPLETE_v20 page 7_pages_76-100.md
002-018-175,,002,018,Rod - Door Lock. Outside,VMRS_HB_COMPLETE_v20 page 7_pages_76-100.md
002-018-176,,002,018,Mounting Bracket - Vent Window,VMRS_HB_COMPLETE_v20 page 7_pages_76-100.md
002-018-177,,002,018,"Reinforcement - Striker Plate, Front Door",VMRS_HB_COMPLETE_v20 page 7_pages_76-100.md
002-018-178,,002,018,Spacer - Lift Window Regulator,VMRS_HB_COMPLETE_v20 page 7_pages_76-100.md
002-018-179,,002,018,Harness - Window Regulator,VMRS_HB_COMPLETE_v20 page 7_pages_76-100.md
002-018-180,,002,018,Rod End - Linkage Adjustable,VMRS_HB_COMPLETE_v20 page 7_pages_76-100.md
002-018-181,,002,018,"Retainer - Door Handle, Outer",VMRS_HB_COMPLETE_v20 page 7_pages_76-100.md
002-018-182,,002,018,Betainer - Door Latch Outer,VMRS_HB_COMPLETE_v20 page 7_pages_76-100.md
002-018-183,,002,018,Control Module - Door Belay,VMRS_HB_COMPLETE_v20 page 7_pages_76-100.md
002-018-184,,002,018,Lock Cylinder and Keys - Door Cab,VMRS_HB_COMPLETE_v20 page 7_pages_76-100.md
002-018-185,,002,018,Lock Cylinder and Keys - Ignition Cab,VMRS_HB_COMPLETE_v20 page 7_pages_76-100.md
002-018-186,,002,018,Battery - Keyless Entry Fob,VMRS_HB_COMPLETE_v20 page 7_pages_76-100.md
002-018-187,,002,018,Cap - Door Hinge,VMRS_HB_COMPLETE_v20 page 7_pages_76-100.md
002-018-188,,002,018,Pin and Bushing Kit - Door Hinge,VMRS_HB_COMPLETE_v20 page 7_pages_76-100.md
002-018-190,,002,018,Roller - Door Hinge,VMRS_HB_COMPLETE_v20 page 7_pages_76-100.md
002-018-100,,002,018,Spring - Door Hinge,VMRS_HB_COMPLETE_v20 page 7_pages_76-100.md
002-010-190,,002,010,,VMRS_HB_COMPLETE_v20 page 7_pages_76-100.md
002-010-191,,002,010,Gasket - Door Check,VMRS_HB_COMPLETE_v20 page 7_pages_76-100.md
002-010-192,,002,010,Insulator - Window Dogulator,VMRS_HB_COMPLETE_v20 page 7_pages_76-100.md
002-010-193,,002,010,Motor Window Dogulator,VMRS_HB_COMPLETE_v20 page 7_pages_76-100.md
002-010-194,,002,010,Goar Motor Window Degulator,VMRS_HB_COMPLETE_v20 page 7_pages_76-100.md
002-018-196,,002,018,Cable - Door Lock,VMRS_HB_COMPLETE_v20 page 7_pages_76-100.md
002-018-197,,002,018,"Clamp - Cable, Door Lock",VMRS_HB_COMPLETE_v20 page 7_pages_76-100.md
002-018-198,,002,018,"Rod - Control, Door Lock",VMRS_HB_COMPLETE_v20 page 7_pages_76-100.md
002-018-199,,002,018,"Bushing - Control Rod, Door Lock",VMRS_HB_COMPLETE_v20 page 7_pages_76-100.md
002-018-200,,002,018,Control Unit - Door Lock,VMRS_HB_COMPLETE_v20 page 7_pages_76-100.md
002-018-201,,002,018,Cover - Door Lock,VMRS_HB_COMPLETE_v20 page 7_pages_76-100.md
002-018-202,,002,018,"Cap - Cylinder, Door Lock",VMRS_HB_COMPLETE_v20 page 7_pages_76-100.md
002-018-203,,002,018,"Sensor - Position, Door Lock",VMRS_HB_COMPLETE_v20 page 7_pages_76-100.md
002-018-204,,002,018,"Cable - Power, Door Lock",VMRS_HB_COMPLETE_v20 page 7_pages_76-100.md
002-018-205,,002,018,LOCK Sel - Door,VMRS_HB_COMPLETE_v20 page 7_pages_76-100.md
002-010-200,,002,010,Diate Striker Detainer Deer Leek,VMRS_HB_COMPLETE_v20 page 7_pages_76-100.md
002-018-207,,002,018,"Guide - Control Rod, Door Handle",VMRS_HB_COMPLETE_v20 page 7_pages_76-100.md
002-018-210,,002,018,Beinforcement - Door Latch,VMRS_HB_COMPLETE_v20 page 7_pages_76-100.md
002-018-211,,002,018,Bushing - Door Latch,VMRS_HB_COMPLETE_v20 page 7_pages_76-100.md
002-018-212,,002,018,Rail - Guide. Window Regulator,VMRS_HB_COMPLETE_v20 page 7_pages_76-100.md
002-018-213,,002,018,Gasket - Window Regulator,VMRS_HB_COMPLETE_v20 page 7_pages_76-100.md
002-018-214,,002,018,"Track - Flex Drive, Window Regulator",VMRS_HB_COMPLETE_v20 page 7_pages_76-100.md
002-018-215,,002,018,Bushing Kit - Window Regulator,VMRS_HB_COMPLETE_v20 page 7_pages_76-100.md
002-018-216,,002,018,Gasket - Window Regulator and Motor Assembly,VMRS_HB_COMPLETE_v20 page 7_pages_76-100.md
002-018-217,,002,018,Switch - Window Lock,VMRS_HB_COMPLETE_v20 page 7_pages_76-100.md
002-018-218,,002,018,Mounting Kit - Door Check,VMRS_HB_COMPLETE_v20 page 7_pages_76-100.md
002-018-219,,002,018,Frame - Door Window,VMRS_HB_COMPLETE_v20 page 7_pages_76-100.md
002-018-220,,002,018,"Cap - Open/Close Switch, Door",VMRS_HB_COMPLETE_v20 page 7_pages_76-100.md
002-018-221,,002,018,Cover - Door Striker,VMRS_HB_COMPLETE_v20 page 7_pages_76-100.md
002-018-222,,002,018,"Pin - Lock Cylinder, Door",VMRS_HB_COMPLETE_v20 page 7_pages_76-100.md
002-018-223,,002,018,"Locking Strip - Window, Lower Door",VMRS_HB_COMPLETE_v20 page 7_pages_76-100.md
002-018-224,,002,018,Relay - Front Door Power Lock,VMRS_HB_COMPLETE_v20 page 7_pages_76-100.md
002-018-225,,002,018,"Regulator Assembly - Window, Cab or Front",VMRS_HB_COMPLETE_v20 page 7_pages_76-100.md
000-010-006,,000,010,"Door, Power",VMRS_HB_COMPLETE_v20 page 7_pages_76-100.md
002-010-220,,002,010,Coble Deleges Inside Deer Handle to Lateh,VMRS_HB_COMPLETE_v20 page 7_pages_76-100.md
002-010-227,,002,010,"Cable - Release, Inside Door Handle to Latch,",VMRS_HB_COMPLETE_v20 page 7_pages_76-100.md
002-019-000,,002,019,Panel - Side Door Outer,VMRS_HB_COMPLETE_v20 page 7_pages_76-100.md
002-019-002,,002,019,"Panel - Side Door, Inner",VMRS_HB_COMPLETE_v20 page 7_pages_76-100.md
002-019-003,,002,019,Ramp - Loading Side Door,VMRS_HB_COMPLETE_v20 page 7_pages_76-100.md
002-019-004,,002,019,Boards - Body Side,VMRS_HB_COMPLETE_v20 page 7_pages_76-100.md
002-019-005,,002,019,Stakes - Body Side,VMRS_HB_COMPLETE_v20 page 7_pages_76-100.md
002-019-006,,002,019,Jam - Baggage Door,VMRS_HB_COMPLETE_v20 page 7_pages_76-100.md
002-019-007,,002,019,Door Assembly - Side,VMRS_HB_COMPLETE_v20 page 7_pages_76-100.md
002-019-008,,002,019,"Hardware, Mounting - Baggage Door Jamb",VMRS_HB_COMPLETE_v20 page 7_pages_76-100.md
002-019-010,,002,019,Washer - Belleville Spring,VMRS_HB_COMPLETE_v20 page 7_pages_76-100.md
002-019-011,,002,019,"Angle Attachment, Lower - Compartment Door",VMRS_HB_COMPLETE_v20 page 7_pages_76-100.md
002-019-014,,002,019,"Bumper, Stop - Compartment Door",VMRS_HB_COMPLETE_v20 page 7_pages_76-100.md
002-019-015,,002,019,"Arm, Pantograph - Compartment Door",VMRS_HB_COMPLETE_v20 page 7_pages_76-100.md
002-019-016,,002,019,"Cylinder, Closure - Compartment Door",VMRS_HB_COMPLETE_v20 page 7_pages_76-100.md
002-019-017,,002,019,Gasket - Entrance Door Control,VMRS_HB_COMPLETE_v20 page 7_pages_76-100.md
002-019-018,,002,019,"Guide, Closure - Compartment Door",VMRS_HB_COMPLETE_v20 page 7_pages_76-100.md
002-019-019,,002,019,Handle - Compartment Door,VMRS_HB_COMPLETE_v20 page 7_pages_76-100.md
002-019-020,,002,019,Hinge - Entrance Door Control,VMRS_HB_COMPLETE_v20 page 7_pages_76-100.md
002-019-021,,002,019,Lock Cylinder - Compartment Door,VMRS_HB_COMPLETE_v20 page 7_pages_76-100.md
002-019-022,,002,019,Closure Plate - Compartment Door,VMRS_HB_COMPLETE_v20 page 7_pages_76-100.md
002-019-025,,002,019,"Rod - Compartment Door, LH",VMRS_HB_COMPLETE_v20 page 7_pages_76-100.md
002-019-026,,002,019,"Spring, Torsion - Entrance Door Control",VMRS_HB_COMPLETE_v20 page 7_pages_76-100.md
002-019-027,,002,019,"Bumper, Rubber - Entrance Door Control",VMRS_HB_COMPLETE_v20 page 7_pages_76-100.md
002-019-028,,002,019,Compartment Door Striker Pin,VMRS_HB_COMPLETE_v20 page 7_pages_76-100.md
002-019-029,,002,019,Support - Closure Cylinder,VMRS_HB_COMPLETE_v20 page 7_pages_76-100.md
002-019-030,,002,019,"Trim, Door - Compartment, Exterior",VMRS_HB_COMPLETE_v20 page 7_pages_76-100.md
002-019-031,,002,019,"Tumbler, Lock Cylinder - Compartment Door",VMRS_HB_COMPLETE_v20 page 7_pages_76-100.md
002-019-032,,002,019,"Door - Compartment, Side Door",VMRS_HB_COMPLETE_v20 page 7_pages_76-100.md
002-019-033,,002,019,Gasket Seal - Compartment Door,VMRS_HB_COMPLETE_v20 page 7_pages_76-100.md
002-019-034,,002,019,Protector - Lock Tumbler,VMRS_HB_COMPLETE_v20 page 7_pages_76-100.md
002-019-035,,002,019,"Clip, Retaining Rod",VMRS_HB_COMPLETE_v20 page 7_pages_76-100.md
002-019-036,,002,019,"Hou - Compariment Door, HH",VMRS_HB_COMPLETE_v20 page 7_pages_76-100.md
,002-019,002,019,-03/,VMRS_HB_COMPLETE_v20 page 7_pages_76-100.md
002-019-040,,002,019,Extrusion - Compartment Door | 002-020-048 | Tube - Door Cylinder,VMRS_HB_COMPLETE_v20 page 7_pages_76-100.md
002-019-041,,002,019,Plug - Compartment Door | 002-020-049 | Tie Bod - Door Cylinder,VMRS_HB_COMPLETE_v20 page 7_pages_76-100.md
002-019-042,,002,019,Arm Auxiliary - Compartment Door | 002-020-050 | Gasket - Door Cylinder,VMRS_HB_COMPLETE_v20 page 7_pages_76-100.md
002-019-043,,002,019,Bushing Nyliner- Compartment Door | 002-020-051 | Cut-Off Valve - Door Pump,VMRS_HB_COMPLETE_v20 page 7_pages_76-100.md
002-019-044,,002,019,"Bushing, Spacer- Compartment Door | 002-020-052 | Switch - Console Door",VMRS_HB_COMPLETE_v20 page 7_pages_76-100.md
002-019-045,,002,019,Protector - Compartment Door | 002-020-053 | Switch - Control (Trigger) Door,VMRS_HB_COMPLETE_v20 page 7_pages_76-100.md
002-019-046,,002,019,Floating Nut Assembly - Compartment Door | 002-020-054 | Retainer Ring - Door Bearing,VMRS_HB_COMPLETE_v20 page 7_pages_76-100.md
002-019-047,,002,019,Can Protector - Lock Assembly | 002-020-055 | Bearing - Stop Front Door,VMRS_HB_COMPLETE_v20 page 7_pages_76-100.md
002-019-048,,002,019,"Gasket - Handle Assembly | 002-020-056 | Plate - End Betainer, Door",VMRS_HB_COMPLETE_v20 page 7_pages_76-100.md
002-019-050,,002,019,Panel - Side Door Opening | 002-020-058 | End Assembly - Door,VMRS_HB_COMPLETE_v20 page 7_pages_76-100.md
002-019-051,,002,019,Plug - Hole | 002-020-059 | Rivet - Retainer Door,VMRS_HB_COMPLETE_v20 page 7_pages_76-100.md
002-019-052,,002,019,Seal - Door Side | 002-020-060 | Clip - Retaining Door,VMRS_HB_COMPLETE_v20 page 7_pages_76-100.md
002-010-053,,002,010,Frame Door - Side | 002-020-061 | Plunger - Door,VMRS_HB_COMPLETE_v20 page 7_pages_76-100.md
002-019-054,,002,019,Trim Door - Compartment Interior | 002-020-001 | Spring - Door,VMRS_HB_COMPLETE_v20 page 7_pages_76-100.md
002-019-055,,002,019,Spring - Lock Tumbler | 002-020-063 | Washer - Door,VMRS_HB_COMPLETE_v20 page 7_pages_76-100.md
002-019-056,,002,019,Channel - Sliding Side Door | 002-020-064 | Screw - Switch Plate Door,VMRS_HB_COMPLETE_v20 page 7_pages_76-100.md
002-019-057,,002,019,Panel - Header Sliding Side Door | 002-020-065 | Bushing - Sliding Door,VMRS_HB_COMPLETE_v20 page 7_pages_76-100.md
002-019-058,,002,019,Pocket Assembly - Sliding Side Door | 002-020-066 | Cover - Check Sliding Door,VMRS_HB_COMPLETE_v20 page 7_pages_76-100.md
002-019-059,,002,019,Track - Sliding Side Door | 002-020-067 | Handle - Sliding Door Side,VMRS_HB_COMPLETE_v20 page 7_pages_76-100.md
002-019-060,,002,019,Shell - Sliding Door | 002-020-068 | Pin - Striker Side Door,VMRS_HB_COMPLETE_v20 page 7_pages_76-100.md
002-019-061,,002,019,Striker - Sliding Door | 002-020-069 | Stop - Sliding Door,VMRS_HB_COMPLETE_v20 page 7_pages_76-100.md
002-019-062,,002,019,Frame - Window Sliding Door | 002-020-070 | Weather Strip - Sliding Door,VMRS_HB_COMPLETE_v20 page 7_pages_76-100.md
002-019-063,,002,019,"Cam - Lock Cylinder, Compartment Door | 002-020-070 | Rail - Slider Sliding Door",VMRS_HB_COMPLETE_v20 page 7_pages_76-100.md
002-020-000,,002,020,"Side Door Mechanism | 002-020-071 | Cylinder, Door - Side",VMRS_HB_COMPLETE_v20 page 7_pages_76-100.md
002-020-007,,002,020,Lock Door - Side | 002-020-070 | Bracket - Aft Door,VMRS_HB_COMPLETE_v20 page 7_pages_76-100.md
002-020-002,,002,020,Control Door - Side | 002-020-074,VMRS_HB_COMPLETE_v20 page 7_pages_76-100.md
002-020-005,,002,020,"Hinge - Side Door Glass | 002-020-070 | Cable - Lock Actuator, Sliding Door",VMRS_HB_COMPLETE_v20 page 7_pages_76-100.md
002-020-006,,002,020,"Latch - Side Door Glass | 002-020-077 | Bod - Lock Actuator, Sliding Door",VMRS_HB_COMPLETE_v20 page 7_pages_76-100.md
002-020-008,,002,020,Hinde - Sleener | 002-020-075 | Sensor - Alarm Sliding Door,VMRS_HB_COMPLETE_v20 page 7_pages_76-100.md
002-020-009,,002,020,"Hardware, Mounting - Body Side Door Hinge | 002-020-001 | Gasket - Handle Sliding Door",VMRS_HB_COMPLETE_v20 page 7_pages_76-100.md
002-020-010,,002,020,Latch - Side Door | 002-020-083 | Sensor - Resistance Pinch Power Door,VMRS_HB_COMPLETE_v20 page 7_pages_76-100.md
002-020-012,,002,020,Catch - Door Latch | 002-020-000 | Striker - Sliding Door,VMRS_HB_COMPLETE_v20 page 7_pages_76-100.md
002-020-014,,002,020,Clip - Jamb | 002-021-000 | Door Assembly - Bear,VMRS_HB_COMPLETE_v20 page 7_pages_76-100.md
002-020-015,,002,020,"Handle - Locking | 002-021-007 | Panel - Rear Door, Outer",VMRS_HB_COMPLETE_v20 page 7_pages_76-100.md
002-020-016,,002,020,"Hardware, Mounting - Side Door Latch | 002-021-002 | Panel - Rear Door, Duer",VMRS_HB_COMPLETE_v20 page 7_pages_76-100.md
002-020-017,,002,020,"Hardware, Mounting - Door Clip | 002-021-000 | Frame - Rear Door Upper",VMRS_HB_COMPLETE_v20 page 7_pages_76-100.md
002-020-018,,002,020,"Hardware, Mounting - Door Latch Catch | 002-021-004 | Reinforcements & Supports - Rear Door",VMRS_HB_COMPLETE_v20 page 7_pages_76-100.md
002-020-020,,002,020,Plate - Lock | 002-021-000 | Panel W/Window - Left Bear Door Inner,VMRS_HB_COMPLETE_v20 page 7_pages_76-100.md
002-020-027,,002,020,Clin - Compartment Lamp | 002-021-009 | Frame - Door Bear,VMRS_HB_COMPLETE_v20 page 7_pages_76-100.md
002-020-022,,002,020,Seal - Baggage Door | 002-021-010 | Ramp - Loading Rear Door,VMRS_HB_COMPLETE_v20 page 7_pages_76-100.md
002-020-024,,002,020,"Cable - Door Belease, Side Door | 002-02-0012 | Rear Door Mechanism",VMRS_HB_COMPLETE_v20 page 7_pages_76-100.md
002-020-026,,002,020,Anchor Bracket - Cable | 002-022-000 | Lock - Bear Door,VMRS_HB_COMPLETE_v20 page 7_pages_76-100.md
002-020-028,,002,020,Clamp - Cable Side Door Belease | 002-022-007 | Striker - Bear Door,VMRS_HB_COMPLETE_v20 page 7_pages_76-100.md
002-020-029,,002,020,Handle - Side Door Cab | 002-022-003 | Hinge Door - Bear,VMRS_HB_COMPLETE_v20 page 7_pages_76-100.md
002-020-030,,002,020,Baggage Door Assembly - Cab | 002-022-000 | Plate - Door Window Wedge Bear,VMRS_HB_COMPLETE_v20 page 7_pages_76-100.md
002-020-031,,002,020,Dump Valve - Door | 002-022-004 | Check - Bear Door,VMRS_HB_COMPLETE_v20 page 7_pages_76-100.md
002-020-032,,002,020,"Wiring Harness - Door, Front Or Bear | 002-022-006 | Security Plate - Door Lock",VMRS_HB_COMPLETE_v20 page 7_pages_76-100.md
002-020-033,,002,020,Bearing - Door Bracket | 002-022-007 | Latch - Bear Door Window,VMRS_HB_COMPLETE_v20 page 7_pages_76-100.md
002-020-034,,002,020,Door Guide - Arm Assembly | 002-022-007 | Grommet - Rear Door Window Latch,VMRS_HB_COMPLETE_v20 page 7_pages_76-100.md
002-020-035,,002,020,Adapter - Door Control | 002-022-000 | Nut - Well Rear Door Window Latch,VMRS_HB_COMPLETE_v20 page 7_pages_76-100.md
002-020-036,,002,020,Gear Assembly - Door | 002-022-000 | Barlock - Rear Door,VMRS_HB_COMPLETE_v20 page 7_pages_76-100.md
002-020-037,,002,020,Pron - Door Closure (Lever) Assembly | 002-022-010 | Handle - Barlock Bear Door,VMRS_HB_COMPLETE_v20 page 7_pages_76-100.md
002-020-038,,002,020,"Motor - Door Front Or Bear | 002-022-011 | Cover - Barlock, Rear Door",VMRS_HB_COMPLETE_v20 page 7_pages_76-100.md
002-020-040,,002,020,Button Door Dump Valvo | 002-022-013,VMRS_HB_COMPLETE_v20 page 7_pages_76-100.md
002-020-041,,002,020,Spring - Door Control | 002-022-016 | Cam W/Key - Door Lock,VMRS_HB_COMPLETE_v20 page 7_pages_76-100.md
002-020-042,,002,020,Valve Assembly - Emergency Door | 002-022-010 | Cover Assembly - Lock System,VMRS_HB_COMPLETE_v20 page 7_pages_76-100.md
002-020-043,,002,020,Ball Stud - Door | 002-022-017 | Micro Switch,VMRS_HB_COMPLETE_v20 page 7_pages_76-100.md
002-020-044,,002,020,Fitting - Door Pivot | 002-022-010 | Stran Assembly - Rear Door,VMRS_HB_COMPLETE_v20 page 7_pages_76-100.md
002-020-047,,002,020,"opacer - Deaning, Door | 002-022-021 | Hardware, Mounting - Near Door Stilker",VMRS_HB_COMPLETE_v20 page 7_pages_76-100.md
002-022-022,,002,022,"Hardware, Mounting - Rear Door Barlock Cover | 002-023-046 | Hardware, Mounting - Handle Trim, Inner",VMRS_HB_COMPLETE_v20 page 7_pages_76-100.md
002-022-024,,002,022,"Hardware, Mounting - Interior Barlock Handle | 002-023-047 | Pin - Handle, Vent Wing",VMRS_HB_COMPLETE_v20 page 7_pages_76-100.md
002-022-025,,002,022,"Hardware, Mounting - Lock System Cover | 002-023-048 | Clamp - Low Pivot, Vent Wing",VMRS_HB_COMPLETE_v20 page 7_pages_76-100.md
000-000-006,,000,000,"Assembly | 002-023-049 | Pivot Bolt - Clamp, Lower",VMRS_HB_COMPLETE_v20 page 7_pages_76-100.md
002-022-020,,002,022,"Hardware, Mounting - Micro-Switch | 002-023-050 | Screw - Door Handle",VMRS_HB_COMPLETE_v20 page 7_pages_76-100.md
002-022-027,,002,022,"Hardware, Mounting - Rear Door Strap Assembly | 002-023-051 | Cap - Grab RallHandle - Rear Door",VMRS_HB_COMPLETE_v20 page 7_pages_76-100.md
002-022-031,,002,022,"Lock - Cable Assembly | 002-023-056 | Latch, Push Out - Rear Window",VMRS_HB_COMPLETE_v20 page 7_pages_76-100.md
002-022-032,,002,022,Holder - Door Roller | 002-023-057 | Grab Handle - A Post,VMRS_HB_COMPLETE_v20 page 7_pages_76-100.md
002-022-033,,002,022,"Retainer - Pull Strap, Door | 002-023-058 | Sash - Handle",VMRS_HB_COMPLETE_v20 page 7_pages_76-100.md
002-022-034,,002,022,"Pull Strap - Door | 002-023-059 | Retainer - Door Handle, Outer",VMRS_HB_COMPLETE_v20 page 7_pages_76-100.md
002-022-035,,002,022,Bracket - Cable Attachment | 002-023-060 | Grab Handle - B Pillar,VMRS_HB_COMPLETE_v20 page 7_pages_76-100.md
002-022-036,,002,022,"Bumper - Rear Door | 002-023-061 | Grab Handle - Door, Inner",VMRS_HB_COMPLETE_v20 page 7_pages_76-100.md
002-022-038,,002,022,"Hinge - Tube | 002-023-062 | Bezel - Door Handle, Chrome, Left",VMRS_HB_COMPLETE_v20 page 7_pages_76-100.md
002-022-039,,002,022,"Cable - Counterbalance | 002-023-063 | Trim - Handle, Outer",VMRS_HB_COMPLETE_v20 page 7_pages_76-100.md
002-022-040,,002,022,"Bracket - Counterbalance | 002-023-064 | Bezel - Door Handle, Chrome, Right",VMRS_HB_COMPLETE_v20 page 7_pages_76-100.md
002-022-041,,002,022,Lock Cylinder - Rear Door | 002-023-065 | Bezel - Door Handle,VMRS_HB_COMPLETE_v20 page 7_pages_76-100.md
002-022-042,,002,022,"Adjuster - Rear DoorCentest - Rear Door Look Boor Door | 002-023-000 | Base - Door Handle, Inner",VMRS_HB_COMPLETE_v20 page 7_pages_76-100.md
002-022-043,,002,022,"Latch Door - Poar | 002-023-007 | Cover - Door Handle, Inner",VMRS_HB_COMPLETE_v20 page 7_pages_76-100.md
002-022-044,,002,022,"Namenlate - Bear Door | 002-023-060 | Pad - Door Handle, Inner",VMRS_HB_COMPLETE_v20 page 7_pages_76-100.md
002-022-047,,002,022,"Rear Door Striker Plate | 002-023-071 | Reinforcement - Door Handle, Inner",VMRS_HB_COMPLETE_v20 page 7_pages_76-100.md
002-022-048,,002,022,"Retainer - Adjuster, Rear Door | 002-023-072 | Cap - Screw, Door Handle, Inner",VMRS_HB_COMPLETE_v20 page 7_pages_76-100.md
002-022-049,,002,022,"Stop - Rear Door, Cab | 002-023-073 | Base - Door Handle, Outer",VMRS_HB_COMPLETE_v20 page 7_pages_76-100.md
002-022-050,,002,022,"Wiring Harness - Power Door Lock, Rear Door | 002-023-074 | Bezel - Door Handle, Outer",VMRS_HB_COMPLETE_v20 page 7_pages_76-100.md
002-022-051,,002,022,"Bracket - Hinge, Cab Rear Door | 002-023-075 | Cover - Door Handle, Outer",VMRS_HB_COMPLETE_v20 page 7_pages_76-100.md
002-022-052,,002,022,"Actuator - Power Door Lock | 002-023-076 | Pad - Door Handle, Outer",VMRS_HB_COMPLETE_v20 page 7_pages_76-100.md
002-023-000,,002,023,"Handles - Inner & Outer | 002-023-077 | Pivot - Door Handle, Outer",VMRS_HB_COMPLETE_v20 page 7_pages_76-100.md
002-023-001,,002,023,"Handle - Door, Inner | 002-023-078 | Reinforcement - Door Handle, Outer",VMRS_HB_COMPLETE_v20 page 7_pages_76-100.md
002-023-002,,002,023,"Handle - Door, Outer | 002-023-079 | Cap - Screw, Door Handle, Outer",VMRS_HB_COMPLETE_v20 page 7_pages_76-100.md
002-023-003,,002,023,"Handle - Ventilator Regulator | 002-023-080 | Cap - Bezel, Door Handle, Inner",VMRS_HB_COMPLETE_v20 page 7_pages_76-100.md
002-023-004,,002,023,"Latch - Ventilator Lock | 002-023-081 | Gasket - Cover, Door Handle, Inner",VMRS_HB_COMPLETE_v20 page 7_pages_76-100.md
002-023-005,,002,023,"Handle - Window Regulator | 002-023-062 | Clasket - Dase, Door Handle, Inner",VMRS_HB_COMPLETE_v20 page 7_pages_76-100.md
002-023-010,,002,023,"Spring - Escutcheon Door Handle Inner | 002-023-085 | Gasket - Cover Door Handle, Outer",VMRS_HB_COMPLETE_v20 page 7_pages_76-100.md
002-023-011,,002,023,"Handle Assembly - Tailgate Or Back Door | 002-023-086 | Gasket - Base, Door Handle, Outer",VMRS_HB_COMPLETE_v20 page 7_pages_76-100.md
002-023-012,,002,023,"Bracket - Ventilator Window Handle | 002-023-087 | Sleeve - Door Handle, Outer",VMRS_HB_COMPLETE_v20 page 7_pages_76-100.md
002-023-013,,002,023,"Hardware, Mounting - Ventilator Window Handle | 002-023-088 | Clamp - Handle, Door Window",VMRS_HB_COMPLETE_v20 page 7_pages_76-100.md
002-023-089,,002,023,"Bracket | | Hardware, Mounting - Grab Handle",VMRS_HB_COMPLETE_v20 page 7_pages_76-100.md
002-023-014,,002,023,"Pin - Handle | 002-023-090 | Grab Handle - Access, Rear",VMRS_HB_COMPLETE_v20 page 7_pages_76-100.md
002-023-015,,002,023,"Escutcheon - Handle, Window Regulator | 002-024-000 | Glass",VMRS_HB_COMPLETE_v20 page 7_pages_76-100.md
002-023-016,,002,023,"Wedge - Door Handle, Outer | 002-024-001 | Glass - Windshield",VMRS_HB_COMPLETE_v20 page 7_pages_76-100.md
002-023-017,,002,023,"Bushing - Vent Glass Handle | 002-024-002 | Glass - Ventilator, Cab Or Front Door",VMRS_HB_COMPLETE_v20 page 7_pages_76-100.md
002-023-018,,002,023,Nut - Vent Glass Handle | 002-024-003 | Glass - Cab Or Front Door,VMRS_HB_COMPLETE_v20 page 7_pages_76-100.md
002-023-019,,002,023,Plunger - Vent Glass Handle | 002-024-004 | Glass - Rear Door,VMRS_HB_COMPLETE_v20 page 7_pages_76-100.md
002-023-020,,002,023,Washer - Vent Glass Handle | 002-024-005 | Glass - Quarter Window,VMRS_HB_COMPLETE_v20 page 7_pages_76-100.md
002-023-021,,002,023,Screw - Window HandleHandle Deer Sleeper | 002-024-000 | Glass - Back Window,VMRS_HB_COMPLETE_v20 page 7_pages_76-100.md
002-023-022,,002,023,Brace - Door Handle | 002-024-007 | Glass - Side Stationary,VMRS_HB_COMPLETE_v20 page 7_pages_76-100.md
002-023-024,,002,023,Space - Brace Door Handle | 002-024-000 | Glass - Side Sliding,VMRS_HB_COMPLETE_v20 page 7_pages_76-100.md
002-023-026,,002,023,Spring - Window Handle | 002-024-010 | Glass - Tailgate Or Back Door,VMRS_HB_COMPLETE_v20 page 7_pages_76-100.md
002-023-027,,002,023,Handle - Vent Window | 002-024-011 | Ventilator Assembly - Front,VMRS_HB_COMPLETE_v20 page 7_pages_76-100.md
002-023-028,,002,023,Spacer - Window Handle | 002-024-012 | Clip - Window Glass,VMRS_HB_COMPLETE_v20 page 7_pages_76-100.md
002-023-029,,002,023,"Gasket - Door Handle, Outer | 002-024-013 | Glass - Parkway Window",VMRS_HB_COMPLETE_v20 page 7_pages_76-100.md
002-023-030,,002,023,"Hardware, Mounting - Door Handle, Outer | 002-024-014 | Lens - Wide Angle, Vanguard",VMRS_HB_COMPLETE_v20 page 7_pages_76-100.md
002-023-031,,002,023,"Spring - Handle, Internal | 002-024-015 | Glass - Corner, Windshield",VMRS_HB_COMPLETE_v20 page 7_pages_76-100.md
002-023-032,,002,023,"Hardware, Mounting - Door Handle, Inner | 002-024-016 | Seal - Meeting Rubber, Window",VMRS_HB_COMPLETE_v20 page 7_pages_76-100.md
002-023-033,,002,023,"Cap - Handle, Window Regulator | 002-024-017 | Strip - Filler",VMRS_HB_COMPLETE_v20 page 7_pages_76-100.md
002-023-034,,002,023,"Gasket - Handle, Vent Glass | 002-024-018 | Weather Strip - Window",VMRS_HB_COMPLETE_v20 page 7_pages_76-100.md
002-023-035,,002,023,"Hardware, Mounting - Window Regulator Handle | 002-024-019 | Glass - View Window",VMRS_HB_COMPLETE_v20 page 7_pages_76-100.md
002-023-036,,002,023,"Stua - Hanale, vent Wing | 002-024-020 | Glass - Gauge Face",VMRS_HB_COMPLETE_v20 page 7_pages_76-100.md
002-023-037,,002,023,"Packing - Plastic, FrontDecking - Plastic, Poor | 002-024-021 | naroware, wounting - windshield Glass",VMRS_HB_COMPLETE_v20 page 7_pages_76-100.md
002-023-038,,002,023,"Fauniny - Masiic, MearCam - Outer Handle | 002-024-022 | Lock - Sliding Window, HearHandle - Sliding Window, Door",VMRS_HB_COMPLETE_v20 page 7_pages_76-100.md
002-023-039,,002,023,002-024-023 | Window - Sliding Rear,VMRS_HB_COMPLETE_v20 page 7_pages_76-100.md
002-023-040,,002,023,Trim - Handle Inner | 002-024-024 | Glass - Destination Sign,VMRS_HB_COMPLETE_v20 page 7_pages_76-100.md
002-023-045,,002,023,Gasket - Door Handle. Inner | 002-024-026 | Glass - Sleeper Roof Window,VMRS_HB_COMPLETE_v20 page 7_pages_76-100.md
002-024-027,,002,024,"Window Assembly - Sleeper Roof | 002-025-024 | Bracket - Center Post, Lower",VMRS_HB_COMPLETE_v20 page 7_pages_76-100.md
002-024-028,,002,024,"Hardware, Mounting - Rear Sliding Window | 002-025-025 | Bracket - Center Post, Upper",VMRS_HB_COMPLETE_v20 page 7_pages_76-100.md
002-024-029,,002,024,Glass - Side Sleeper Window | 002-025-026 | Trim - Center Post,VMRS_HB_COMPLETE_v20 page 7_pages_76-100.md
002-024-030,,002,024,"Glass, Windshield - Complete Assembly | 002-025-027 | Hardware, Mounting - Center Post Trim",VMRS_HB_COMPLETE_v20 page 7_pages_76-100.md
002-025-028,,002,025,"(including Frame, Weatherstripping, etc.) | | Post - Windshield, Center",VMRS_HB_COMPLETE_v20 page 7_pages_76-100.md
002-024-031,,002,024,"Glass, Standard - Body Side Window | 002-025-029 | Hardware, Mounting - Windshield Center Post",VMRS_HB_COMPLETE_v20 page 7_pages_76-100.md
002-024-032,,002,024,"Glass, Storm - Body Side Window | 002-025-030 | Mullion - Windshield",VMRS_HB_COMPLETE_v20 page 7_pages_76-100.md
002-024-033,,002,024,Glass Top Hinged - Body Side Window | 002-025-033 | Stop Window - Sliding,VMRS_HB_COMPLETE_v20 page 7_pages_76-100.md
002-024-034,,002,024,Glass Side Hinged - Body Side Window | 002-025-036 | Box - Adapter Vent Window,VMRS_HB_COMPLETE_v20 page 7_pages_76-100.md
002-024-035,,002,024,Glass Bear - Push Out Window | 002-025-037 | Frame & Glass Assembly - Vent Window,VMRS_HB_COMPLETE_v20 page 7_pages_76-100.md
002-024-036,,002,024,Glass Service (Entrance) Door | 002-025-038 | Retainer Assembly - Rubber,VMRS_HB_COMPLETE_v20 page 7_pages_76-100.md
002-024-000,,002,024,"Glass, Dervice (Entrance) Door | 002-025-030 | Channel - Vent Window",VMRS_HB_COMPLETE_v20 page 7_pages_76-100.md
002-024-038,,002,024,"Glass, Door - Jack Knife, Cab | 002-025-040 | Guido - Window Glass",VMRS_HB_COMPLETE_v20 page 7_pages_76-100.md
002-024-039,,002,024,"Glass, Door - Equipment Compartment | 002-025-041 | Gaskat Window Glass Innor",VMRS_HB_COMPLETE_v20 page 7_pages_76-100.md
002-024-040,,002,024,"Cido S, Real - Fixed Willow | 002-025-042 | Gasket - Window Glass, Inner",VMRS_HB_COMPLETE_v20 page 7_pages_76-100.md
002-024-041,,002,024,"Seal, Side Hinged - Body Side Window | 002-025-045 | Gaskel - Window Glass, Oulei",VMRS_HB_COMPLETE_v20 page 7_pages_76-100.md
002-024-042,,002,024,"Frame - Side Hinged, Sleeper Side Window | 002-025-044 | Hardware, Mounting - Windshield Glass Frame",VMRS_HB_COMPLETE_v20 page 7_pages_76-100.md
002-024-045,,002,024,"Seal, Rear - Push Out Window | 002-025-045 | Piug - Center Post, Windshield",VMRS_HB_COMPLETE_v20 page 7_pages_76-100.md
002-024-046,,002,024,"Frame, Rear - Push Out Window | 002-025-046 | Frame, Storm - Body Side Window",VMRS_HB_COMPLETE_v20 page 7_pages_76-100.md
002-024-047,,002,024,"Cushion - Door Glass | 002-025-047 | Frame, Top Hinged - Body Side Window",VMRS_HB_COMPLETE_v20 page 7_pages_76-100.md
002-024-048,,002,024,"Stop - Door Glass | 002-025-048 | Frame, Side Hinged - Body Side Window",VMRS_HB_COMPLETE_v20 page 7_pages_76-100.md
002-024-049,,002,024,"Seal - Window, Sleeper Roof | 002-025-049 | Frame, Push Out - Rear Window",VMRS_HB_COMPLETE_v20 page 7_pages_76-100.md
002-024-050,,002,024,"Lock Strip - Retainer, Sleeper Roof Window | 002-025-050 | Frame, Window - Stationary",VMRS_HB_COMPLETE_v20 page 7_pages_76-100.md
002-024-051,,002,024,"Glass - Pop Out, Side Window | 002-025-051 | Mask - Windshield",VMRS_HB_COMPLETE_v20 page 7_pages_76-100.md
002-024-052,,002,024,"Plate - Rear Window, Aluminum Ilo Glass | 002-025-052 | Rivet - Windshield Opening",VMRS_HB_COMPLETE_v20 page 7_pages_76-100.md
002-024-053,,002,024,"Spring - Hold, Rear Glass | 002-025-053 | Frame - Vent, Cab/Sleeper",VMRS_HB_COMPLETE_v20 page 7_pages_76-100.md
002-024-054,,002,024,"Installation Kit - Windshield | 002-025-054 | Spring - Sash, Window",VMRS_HB_COMPLETE_v20 page 7_pages_76-100.md
002-024-055,,002,024,"Seal - Rubber, Windshield | 002-025-055 | Plate - Mount, Windshield Frame",VMRS_HB_COMPLETE_v20 page 7_pages_76-100.md
002-024-056,,002,024,"Motor - Sliding Window, Rear | 002-025-056 | Reinforcement - Frame, Windshield",VMRS_HB_COMPLETE_v20 page 7_pages_76-100.md
002-024-057,,002,024,"Seal - Window, Sleeper, Side | 002-025-057 | Channel - Weatherstrip, Windshield Frame",VMRS_HB_COMPLETE_v20 page 7_pages_76-100.md
002-024-058,,002,024,"Wiring Harness - Windshield, Heated | 002-025-058 | Seal - Weatherstrip, Windshield Frame",VMRS_HB_COMPLETE_v20 page 7_pages_76-100.md
002-024-059,,002,024,"Lift Support - Back Glass | 002-026-000 | Weather Stripping, Gaskets & Bumpers",VMRS_HB_COMPLETE_v20 page 7_pages_76-100.md
002-024-060,,002,024,Tint - Glass | 002-026-001 | Bumpers & Retainers - Cab,VMRS_HB_COMPLETE_v20 page 7_pages_76-100.md
002-024-061,,002,024,"Bushing - Door Glass | 002-026-002 | Weather Strip - Rear End Panel, Engine Access",VMRS_HB_COMPLETE_v20 page 7_pages_76-100.md
002-024-062,,002,024,Insulator - Door Glass | | Door,VMRS_HB_COMPLETE_v20 page 7_pages_76-100.md
002-024-063,,002,024,Control Module - Power Sliding Rear Window | 002-026-003 | Weather Strip - Rear Folding Floor Board,VMRS_HB_COMPLETE_v20 page 7_pages_76-100.md
002-024-064,,002,024,Relay - Motor - Power Sliding Rear Window | 002-026-004 | Weather Strip - Cab Or Front Door,VMRS_HB_COMPLETE_v20 page 7_pages_76-100.md
002-024-065,,002,024,Regulator - Power Sliding Rear Window | 002-026-005 | Weather Strip - Bear Door,VMRS_HB_COMPLETE_v20 page 7_pages_76-100.md
002-024-066,,002,024,Wiring Harness - Power Sliding Rear Window | 002-026-006 | Weather Strip - Side Door,VMRS_HB_COMPLETE_v20 page 7_pages_76-100.md
002-024-067,,002,024,Adhesive Kit - Back Glass | 002-026-007 | Weather Strip - Front Or Side Ventilator,VMRS_HB_COMPLETE_v20 page 7_pages_76-100.md
002-024-068,,002,024,Rushing - Back Glass | 002-026-008 | Weather Strip - Hinge Pillar,VMRS_HB_COMPLETE_v20 page 7_pages_76-100.md
002-024-009,,002,024,Molding - Reveal Back Glass | 002-026-010 | Weather Strip - Cowl,VMRS_HB_COMPLETE_v20 page 7_pages_76-100.md
002-024-070,,002,024,Stoppor Windshield | 002-020-010 | Weather Strip Ventilator Divider Channel Cab,VMRS_HB_COMPLETE_v20 page 7_pages_76-100.md
002-024-071,,002,024,Molding Dovool Windshield | 002-020-011 | Or Front Door,VMRS_HB_COMPLETE_v20 page 7_pages_76-100.md
002-024-072,,002,024,"Nording - Neveal, Windshield | 002 026 012 | Cooling Strip Cob Or Front Door Window",VMRS_HB_COMPLETE_v20 page 7_pages_76-100.md
002-024-073,,002,024,"Dase - Minol, Windshield Left | 002-020-012 | Sealing Stip - Cab Or Front Door Window,",VMRS_HB_COMPLETE_v20 page 7_pages_76-100.md
002-024-074,,002,024,"Glass - Windshield, Leit | 000 000 010 | LowerCasting Chin Days Mindows Lower",VMRS_HB_COMPLETE_v20 page 7_pages_76-100.md
002-024-075,,002,024,"Glass - Windshield, Right | 002-026-013 | Sealing Strip - Rear Door Window, Lower",VMRS_HB_COMPLETE_v20 page 7_pages_76-100.md
002-025-000,,002,025,Glass Channels | 002-026-014 | Weather Strip - Lintgate,VMRS_HB_COMPLETE_v20 page 7_pages_76-100.md
002-025-001,,002,025,Frame - Windshield Glass | 002-026-015 | Weather Strip - Tailgate Or Back Door,VMRS_HB_COMPLETE_v20 page 7_pages_76-100.md
002-025-002,,002,025,"Channel - Sash, Side Door Glass | 002-026-016 | Seal - Corner Windshield",VMRS_HB_COMPLETE_v20 page 7_pages_76-100.md
002-025-003,,002,025,"Channel - Window Sash, Cab Or Front Door | 002-026-017 | Retainer - Seal",VMRS_HB_COMPLETE_v20 page 7_pages_76-100.md
002-025-004,,002,025,"Channel - Sash, Back Window (Window Frame) | 002-026-018 | Seal - Mullion Divider",VMRS_HB_COMPLETE_v20 page 7_pages_76-100.md
002-025-005,,002,025,"Channel - Run, Cab Or Front Door Glass | 002-026-019 | Weather Strip - Door Latch",VMRS_HB_COMPLETE_v20 page 7_pages_76-100.md
002-025-006,,002,025,"Channel - Run, Rear Door Glass | 002-026-020 | Tape - Glass Channel",VMRS_HB_COMPLETE_v20 page 7_pages_76-100.md
002-025-007,,002,025,"Channel - Run, Side Door Glass | 002-026-021 | Weather Strip - View Window",VMRS_HB_COMPLETE_v20 page 7_pages_76-100.md
002-025-008,,002,025,Cam - Cab Or Front Door | 002-026-022 | Weather Strip - Vent Window,VMRS_HB_COMPLETE_v20 page 7_pages_76-100.md
002-025-009,,002,025,"Channel - Division, Cab Or Front Door | 002-026-023 | Filler Strip - Rubber, Vent Window",VMRS_HB_COMPLETE_v20 page 7_pages_76-100.md
002-025-012,,002,025,Channel - Windshield Glass | 002-026-024 | Weather Strip - Stationary Side Glass,VMRS_HB_COMPLETE_v20 page 7_pages_76-100.md
002-025-013,,002,025,"Channel - Quarter Glass | 002-026-025 | Seal - Vinyl, Stationary Side Glass",VMRS_HB_COMPLETE_v20 page 7_pages_76-100.md
002-025-014,,002,025,"Channel - Back Glass | 002-026-026 | Filler - Vinyl, Stationary Side Glass",VMRS_HB_COMPLETE_v20 page 7_pages_76-100.md
002-025-015,,002,025,"Channel - Side Stationary Glass | 002-026-027 | Gasket, Sealing - Door Opening",VMRS_HB_COMPLETE_v20 page 7_pages_76-100.md
002-025-016,,002,025,"Channel - Run, Side Sliding Glass | 002-026-028 | Glass - Vent Window (Re-assigned see 002-024-",VMRS_HB_COMPLETE_v20 page 7_pages_76-100.md
002-025-017,,002,025,"Channel - Ventilator Glass, Cab Or Front Door | | 002)",VMRS_HB_COMPLETE_v20 page 7_pages_76-100.md
002-025-018,,002,025,"Channel - Door Glass, Upper | 002-026-029 | Hardware, Mounting - Vent Window Glass",VMRS_HB_COMPLETE_v20 page 7_pages_76-100.md
002-025-019,,002,025,"Filler - Glass Channel, Fixed Glass, Outer | 002-026-030 | Weather Strip - Luggage / Baggage",VMRS_HB_COMPLETE_v20 page 7_pages_76-100.md
002-025-020,,002,025,Bracket - Door Stop Strap | | Compartment Door,VMRS_HB_COMPLETE_v20 page 7_pages_76-100.md
002-025-021,,002,025,"Retainer - Windshield, Center | 002-026-031 | Seal - Standard, Body Side Window",VMRS_HB_COMPLETE_v20 page 7_pages_76-100.md
002-025-022,,002,025,"Retainer - Mullion Seal | 002-026-032 | Seal - Storm, Body Side Window",VMRS_HB_COMPLETE_v20 page 7_pages_76-100.md
002-025-023,,002,025,"Hardware, Mounting - Windshield Center | 002-026-033 | Seal - Top Hinged, Body Side Window",VMRS_HB_COMPLETE_v20 page 7_pages_76-100.md
002-026-034,,002,026,"Retainer | | Seal - Side Hinged, Body Side Window",VMRS_HB_COMPLETE_v20 page 7_pages_76-100.md
002-026-035,,002,026,"Seal - Push Out , Rear Window | 002-027-065 | Spacer - Back Pivot",VMRS_HB_COMPLETE_v20 page 7_pages_76-100.md
002-026-036,,002,026,Seal - Service (Entrance) Door | 002-027-066 | Spring - Seat Back Pivot,VMRS_HB_COMPLETE_v20 page 7_pages_76-100.md
002-026-037,,002,026,Wiper - Door Glass | 002-027-068 | Stop Block Kit - Back Restriction,VMRS_HB_COMPLETE_v20 page 7_pages_76-100.md
002-026-038,,002,026,"Seal - Rubber, Rear Window Glass | 002-027-069 | Handle - Back & Lumbar Adjust",VMRS_HB_COMPLETE_v20 page 7_pages_76-100.md
002-026-039,,002,026,"Plate - Retainer, Door Weatherstrip | 002-027-070 | Tube - Head Restraint",VMRS_HB_COMPLETE_v20 page 7_pages_76-100.md
002-027-000,,002,027,Seat Frames & Springs | 002-027-071 | Block - Cam,VMRS_HB_COMPLETE_v20 page 7_pages_76-100.md
002-027-001,,002,027,Spring - Front Cushion (Full) | 002-027-072 | Riser & Slide Assembly,VMRS_HB_COMPLETE_v20 page 7_pages_76-100.md
002-027-002,,002,027,Spring - Front Cushion (Bucket) | 002-027-073 | Riser & Seat Mounting Channel,VMRS_HB_COMPLETE_v20 page 7_pages_76-100.md
002-027-003,,002,027,Spring - Front Back (Full) | 002-027-074 | Tilt Bod Assembly,VMRS_HB_COMPLETE_v20 page 7_pages_76-100.md
002-027-004,,002,027,Spring - Front Back (Rucket) | 002-027-075 | Knob - Seat Tilt Back,VMRS_HB_COMPLETE_v20 page 7_pages_76-100.md
002-027-005,,002,027,"Spring - Rear Cushion | 002-027-076 | Clin - Camshaft Bracket, Seat",VMRS_HB_COMPLETE_v20 page 7_pages_76-100.md
002-027-007,,002,027,Spring Auxiliary Seat Cushion | 002 027 070 | CilpIcolator Accomply Earo & Aft,VMRS_HB_COMPLETE_v20 page 7_pages_76-100.md
002-027-009,,002,027,Frame Front Cushion (Full) | 002-027-000 | Diacket - Laten Aujust,VMRS_HB_COMPLETE_v20 page 7_pages_76-100.md
002-027-010,,002,027,"Frame - Front Cushion (Buckel) | 002-027-061 | Hardware, Mounting - Latch Adjust Bracket",VMRS_HB_COMPLETE_v20 page 7_pages_76-100.md
002-027-011,,002,027,Frame - Front Back (Full) | 002-027-082 | Knop - Slide Handle Latch,VMRS_HB_COMPLETE_v20 page 7_pages_76-100.md
002-027-012,,002,027,Frame - Front Back (Bucket) | 002-027-083 | Spring - Laton,VMRS_HB_COMPLETE_v20 page 7_pages_76-100.md
002-027-013,,002,027,Frame - Rear Cusnion | 002-027-084 | Channel Assembly,VMRS_HB_COMPLETE_v20 page 7_pages_76-100.md
002-027-014,,002,027,"Frame - Rear Back | 002-027-085 | Hardware, Mounting - Channel Assembly",VMRS_HB_COMPLETE_v20 page 7_pages_76-100.md
002-027-015,,002,027,Frame - Auxiliary Cushion | 002-027-086 | Latch - Bar Assembly,VMRS_HB_COMPLETE_v20 page 7_pages_76-100.md
002-027-016,,002,027,"Frame - Auxiliary Back | 002-027-087 | Hardware, Mounting - Latch Bar Assembly",VMRS_HB_COMPLETE_v20 page 7_pages_76-100.md
002-027-017,,002,027,Hinge Or Pins - Seat Frame | 002-027-088 | Lever Assembly - Inner,VMRS_HB_COMPLETE_v20 page 7_pages_76-100.md
002-027-018,,002,027,Shock Absorber - Seat | 002-027-089 | Lever Assembly - Outer,VMRS_HB_COMPLETE_v20 page 7_pages_76-100.md
002-027-019,,002,027,"Roll Pin - Control Arm, Seat Air Valve | 002-027-090 | Base Assembly - Seat",VMRS_HB_COMPLETE_v20 page 7_pages_76-100.md
002-027-020,,002,027,Roll Pin - Seat Hinge | 002-027-091 | Bracket - Seat Mounting,VMRS_HB_COMPLETE_v20 page 7_pages_76-100.md
002-027-021,,002,027,Control Valve - Air Seat | 002-027-093 | Hose Assembly - Air Seat,VMRS_HB_COMPLETE_v20 page 7_pages_76-100.md
002-027-022,,002,027,Boot - Air Seat | 002-027-094 | Stop Block,VMRS_HB_COMPLETE_v20 page 7_pages_76-100.md
002-027-023,,002,027,Guard - Seat To Cab Back | 002-027-095 | Bearing - Block Assembly,VMRS_HB_COMPLETE_v20 page 7_pages_76-100.md
002-027-024,,002,027,"Bracket - Shock Absorber | 002-027-096 | Bumper - Rubber, Lower",VMRS_HB_COMPLETE_v20 page 7_pages_76-100.md
002-027-025,,002,027,Frame - Seat & Back Cushion | 002-027-098 | Spacer - Roller,VMRS_HB_COMPLETE_v20 page 7_pages_76-100.md
002-027-026,,002,027,Sleeve - Stud. Cushion Mounting | 002-027-099 | Hardware Mounting - Air Seat Suspension,VMRS_HB_COMPLETE_v20 page 7_pages_76-100.md
002-027-027,,002,027,Cross Shaft with Attached Cam - Back Pivot | 002 02. 000 | Assembly,VMRS_HB_COMPLETE_v20 page 7_pages_76-100.md
002-027-100,,002,027,OUL OLI OLI | Seat | | Suspension Assembly - Air Seat,VMRS_HB_COMPLETE_v20 page 7_pages_76-100.md
002-027-028,,002,027,"Cam - Back Pivot, Seat | 002-027-100 | Shroud - Seat",VMRS_HB_COMPLETE_v20 page 7_pages_76-100.md
002-027-029,,002,027,Brackat Back Divot Dight | 002-027-102 | Frame Assembly Seat Lower,VMRS_HB_COMPLETE_v20 page 7_pages_76-100.md
002-027-030,,002,027,"Bracket - Back Pivot, Hight | 002-027-104 | Lookout Kit Chuggor",VMRS_HB_COMPLETE_v20 page 7_pages_76-100.md
002-027-031,,002,027,"Didckel - Dack Pivol, Leil | 002-027-105 | Chugger Kit",VMRS_HB_COMPLETE_v20 page 7_pages_76-100.md
002-027-032,,002,027,"Dealing - Closs Shall, back Pivol | 002-027-100 | Adiustan Dad Kit. Qualsian",VMRS_HB_COMPLETE_v20 page 7_pages_76-100.md
002-027-033,,002,027,Spring - Latch Handle | 002-027-107 | Adjuster Rod Kit - Cusnion,VMRS_HB_COMPLETE_v20 page 7_pages_76-100.md
002-027-034,,002,027,Spring - Latch Isolator | 002-027-108 | Cap - Adjuster Rod,VMRS_HB_COMPLETE_v20 page 7_pages_76-100.md
002-027-035,,002,027,"Busning - Lever Assembly, Height Control | 002-027-109 | Installation Kit - Back Frame",VMRS_HB_COMPLETE_v20 page 7_pages_76-100.md
002-027-036,,002,027,"Bearing - Flanged, Arm Assembly | 002-027-110 | Track Kit",VMRS_HB_COMPLETE_v20 page 7_pages_76-100.md
002-027-037,,002,027,"Stud W/Lube Fitting | 002-027-111 | Hardware, Mounting - Track Kit",VMRS_HB_COMPLETE_v20 page 7_pages_76-100.md
002-027-039,,002,027,Repair Kit - Fore & Aft Isolator | 002-027-112 | Bar - Belt,VMRS_HB_COMPLETE_v20 page 7_pages_76-100.md
002-027-040,,002,027,Roller - Fore & Aft Isolator | 002-027-113 | Support - Lumbar,VMRS_HB_COMPLETE_v20 page 7_pages_76-100.md
002-027-041,,002,027,"Shaft - Pivot, Seat Back | 002-027-114 | Support - Air Lumbar",VMRS_HB_COMPLETE_v20 page 7_pages_76-100.md
002-027-042,,002,027,"Shaft - Pivot, Seat | 002-027-115 | Knob Kit - Lumbar",VMRS_HB_COMPLETE_v20 page 7_pages_76-100.md
002-027-043,,002,027,Snap Ring - Air Seat Pivot Shafts | 002-027-117 | Retaining Ring - Seat Frame,VMRS_HB_COMPLETE_v20 page 7_pages_76-100.md
002-027-044,,002,027,"Bumper - Rubber, Latch Assembly | 002-027-118 | Hose Assembly - Lumbar",VMRS_HB_COMPLETE_v20 page 7_pages_76-100.md
002-027-045,,002,027,"Shaft - Connecting, Base To Upper Assembly, Air | 002-027-119 | Cover - Seat, Back",VMRS_HB_COMPLETE_v20 page 7_pages_76-100.md
002-027-121,,002,027,Seat | | Hose Assembly - Control Valve,VMRS_HB_COMPLETE_v20 page 7_pages_76-100.md
002-027-046,,002,027,"Shaft - Arm Assembly, Air Seat | 002-027-122 | Support Assembly - Seat",VMRS_HB_COMPLETE_v20 page 7_pages_76-100.md
002-027-047,,002,027,"Sleeve - Mounting Stud, Seat Or Seat Rail | 002-027-123 | Base & Upright Assembly",VMRS_HB_COMPLETE_v20 page 7_pages_76-100.md
002-027-048,,002,027,"Bushing - Seat Shock Absorber, Upper | 002-027-124 | Shaft Kit",VMRS_HB_COMPLETE_v20 page 7_pages_76-100.md
002-027-049,,002,027,"Bushing - Seat Shock Absorber, Lower | 002-027-125 | Bumper - Down Stop",VMRS_HB_COMPLETE_v20 page 7_pages_76-100.md
002-027-050,,002,027,Base Assembly - Seat Lower | 002-027-126 | Seat Riser Assembly,VMRS_HB_COMPLETE_v20 page 7_pages_76-100.md
002-027-051,,002,027,"Arm - Base Assembly, Lower | 002-027-130 | Tilt Assembly - Seat",VMRS_HB_COMPLETE_v20 page 7_pages_76-100.md
002-027-052,,002,027,"Arm - Base Assembly, Loner | 002-027-131 | Pivot - Seat",VMRS_HB_COMPLETE_v20 page 7_pages_76-100.md
002-027-053,,002,027,Air Spring Assembly - Air Seat | 002-027-132 | Ball Stud,VMRS_HB_COMPLETE_v20 page 7_pages_76-100.md
002-027-054,,002,027,Wave Washer Deller Fore & Aft Isolator | 002-027-100 | Apphor Uppor Cylinder,VMRS_HB_COMPLETE_v20 page 7_pages_76-100.md
002-021-000,,002,021,Proseuro Protoction Valvo - Air Adjustable Cost | 002-021-104 | Clin Cable Mounting,VMRS_HB_COMPLETE_v20 page 7_pages_76-100.md
002-027-057,,002,027,Bracket - Lumbar Adjusting | 002-027-136 | Support - Hear Base,VMRS_HB_COMPLETE_v20 page 7_pages_76-100.md
002-027-058,,002,027,"Gear - Seat Back Adjusting | 002-027-137 | Support - Base, Front",VMRS_HB_COMPLETE_v20 page 7_pages_76-100.md
002-027-059,,002,027,"Pawi - Back Rest Tilt | 002-027-138 | Cylinder - Tilt, Seat",VMRS_HB_COMPLETE_v20 page 7_pages_76-100.md
002-027-060,,002,027,"Lever - Control Valve, Seat Back | 002-027-139 | Pin - Release",VMRS_HB_COMPLETE_v20 page 7_pages_76-100.md
002-027-061,,002,027,"Pin - Adjusting, Seat Back | 002-027-140 | Stud - Tilt Seat",VMRS_HB_COMPLETE_v20 page 7_pages_76-100.md
002-027-062,,002,027,"Strap - Back Cushion Adjuster | 002-027-141 | Hardware, Mounting - Seat Tilt Assembly",VMRS_HB_COMPLETE_v20 page 7_pages_76-100.md
002-027-063,,002,027,"Shoulder Bolt - Flanged Bearing | 002-027-142 | Riser - Seat, Upper",VMRS_HB_COMPLETE_v20 page 7_pages_76-100.md
002-027-064,,002,027,"Cap - Isolator Bearing | 002-027-143 | Riser - Seat, Lower",VMRS_HB_COMPLETE_v20 page 7_pages_76-100.md
002-027-144,,002,027,"Hardware, Mounting - Upper Seat Riser | 002-027-214 | Rail - Slide, Seat",VMRS_HB_COMPLETE_v20 page 7_pages_76-100.md
002-027-145,,002,027,"Channel - Seat Mounting | 002-027-215 | Plate - Seat Mounting, Upper",VMRS_HB_COMPLETE_v20 page 7_pages_76-100.md
002-027-146,,002,027,"Hardware, Mounting - Seat Mounting Channel | 002-027-216 | Pad - Heater, Seat Cushion",VMRS_HB_COMPLETE_v20 page 7_pages_76-100.md
002-027-147,,002,027,"Back Rest & Folding Seat Assembly | 002-027-217 | Pad - Heater, Seat Back",VMRS_HB_COMPLETE_v20 page 7_pages_76-100.md
002-027-148,,002,027,Back Best | 002-027-218 | Toolbox - Seat Base,VMRS_HB_COMPLETE_v20 page 7_pages_76-100.md
002-027-149,,002,027,"Hardware, Mounting - Back Best & Folding Seat | 002-027-219 | Bladder - Seat",VMRS_HB_COMPLETE_v20 page 7_pages_76-100.md
002-027-110,,002,027,Assembly | 002-027-220 | Link - Seat Belt,VMRS_HB_COMPLETE_v20 page 7_pages_76-100.md
002-027-150,,002,027,Base - Folding Seat | 002-027-220 | Support - Elex Seat Foam,VMRS_HB_COMPLETE_v20 page 7_pages_76-100.md
002-027-151,,002,027,Bracket - Folding Seat Left | 002-027-221 | Strut - Seat Base,VMRS_HB_COMPLETE_v20 page 7_pages_76-100.md
002-027-152,,002,027,"Backet - Folding Seat, Fight | 002-027-223 | Cover Lover Dealine Sect",VMRS_HB_COMPLETE_v20 page 7_pages_76-100.md
002-027-155,,002,027,Brooket Book Doot | 002-027-224 | Adenter Diser Seat,VMRS_HB_COMPLETE_v20 page 7_pages_76-100.md
002-027-154,,002,027,"Diackel - Dack Resi | 002-027-225 | Adapter - Riser, Seat",VMRS_HB_COMPLETE_v20 page 7_pages_76-100.md
002-027-157,,002,027,"Foot Rest - Folding Seat | 002-027-227 | Manifold - Button, Seat",VMRS_HB_COMPLETE_v20 page 7_pages_76-100.md
002-027-158,,002,027,Valve Guard Assembly | 002-027-228 | Bolster - Seat,VMRS_HB_COMPLETE_v20 page 7_pages_76-100.md
002-027-159,,002,027,"Bracket - Rubber Hook, Seat Frame | 002-027-229 | Pump - Adjustment, Seat Height",VMRS_HB_COMPLETE_v20 page 7_pages_76-100.md
002-027-160,,002,027,Hinge - Valve Guard | 002-027-230 | Hog Ring - Seat,VMRS_HB_COMPLETE_v20 page 7_pages_76-100.md
002-027-161,,002,027,"Cover Plate - Console, Seat | 002-027-231 | Wand - Control, Heat/Massage",VMRS_HB_COMPLETE_v20 page 7_pages_76-100.md
002-027-162,,002,027,"Hook - Rubber, Seat | 002-027-232 | Clevis - Pump, Adjustment, Seat Height",VMRS_HB_COMPLETE_v20 page 7_pages_76-100.md
002-027-163,,002,027,"Anchor - Rubber Hook | 002-027-233 | Hinge - Headrest, Seat",VMRS_HB_COMPLETE_v20 page 7_pages_76-100.md
002-027-164,,002,027,"Stop - Rubber, Bumper | 002-027-234 | Cable - Swivel, Seat",VMRS_HB_COMPLETE_v20 page 7_pages_76-100.md
002-027-165,,002,027,"Frame - Bench Seat | 002-027-235 | Drawer - Safe, Seat Base",VMRS_HB_COMPLETE_v20 page 7_pages_76-100.md
002-027-166,,002,027,"Hardware, Mounting - Bench Seat Frame | 002-027-236 | Safe - Seat Base",VMRS_HB_COMPLETE_v20 page 7_pages_76-100.md
002-027-167,,002,027,"Bracket - Seat | 002-027-237 | Lock - Toolbox, Seat",VMRS_HB_COMPLETE_v20 page 7_pages_76-100.md
002-027-168,,002,027,"Seat - Jump | 002-027-238 | Support - Chugger, Seat",VMRS_HB_COMPLETE_v20 page 7_pages_76-100.md
002-027-169,,002,027,"Cushion - Back | 002-027-239 | Spring - Torsion, Seat Back",VMRS_HB_COMPLETE_v20 page 7_pages_76-100.md
002-027-170,,002,027,"Hardware, Mounting - Seat Lower Base | 002-027-240 | Heater Pad - Seat",VMRS_HB_COMPLETE_v20 page 7_pages_76-100.md
002-027-241,,002,027,Assembly | | Pan - Support Seat,VMRS_HB_COMPLETE_v20 page 7_pages_76-100.md
002-027-171,,002,027,Swivel Assembly - Seat | 002-027-242 | Tray - Storage Box Seat Base,VMRS_HB_COMPLETE_v20 page 7_pages_76-100.md
002-027-172,,002,027,Seat Back Protector | 002-027-243 | Guide - Cushion Pan,VMRS_HB_COMPLETE_v20 page 7_pages_76-100.md
002-027-174,,002,027,Bracket Kit - Air Spring | 002-027-245 | Insort Armrost Soat,VMRS_HB_COMPLETE_v20 page 7_pages_76-100.md
002-027-175,,002,027,Boaring Boo | 002-027-240 | Dick Armrost Sost Nylon,VMRS_HB_COMPLETE_v20 page 7_pages_76-100.md
002-027-177,,002,027,Brackel - Seal Cushion | 002-027-248 | Salety valve - Air Seat,VMRS_HB_COMPLETE_v20 page 7_pages_76-100.md
002-027-178,,002,027,"Headrest - Seat | 002-027-249 | Extension - Thigh, Seat Frame",VMRS_HB_COMPLETE_v20 page 7_pages_76-100.md
002-027-179,,002,027,Alf valve Kit | 002-027-250 | Clamp - Seat Cushion,VMRS_HB_COMPLETE_v20 page 7_pages_76-100.md
002-027-180,,002,027,"Adjustment Kit - Damper Control Cable | 002-027-251 | Latch - Swivel, Seat",VMRS_HB_COMPLETE_v20 page 7_pages_76-100.md
002-027-181,,002,027,"Repair Kit - Seat Back | 002-027-252 | Extension - Guide Pin, Seat Frame",VMRS_HB_COMPLETE_v20 page 7_pages_76-100.md
002-027-182,,002,027,Support - Air Valve | 002-027-253 | Cushion Assembly - Complete,VMRS_HB_COMPLETE_v20 page 7_pages_76-100.md
002-027-183,,002,027,"Valve - Lumbar Control | 002-027-254 | Lever - Hand Pump, Seat Height",VMRS_HB_COMPLETE_v20 page 7_pages_76-100.md
002-027-184,,002,027,"Pump - Lumbar Support | 002-027-255 | Grip - Pump Handle, Seat Height",VMRS_HB_COMPLETE_v20 page 7_pages_76-100.md
002-027-185,,002,027,"Spring - Track Adjust | 002-027-256 | Knob - Adjustment, Seat Shock Absorber",VMRS_HB_COMPLETE_v20 page 7_pages_76-100.md
002-027-186,,002,027,Trim - Seat Track | 002-027-257 | Armrest,VMRS_HB_COMPLETE_v20 page 7_pages_76-100.md
002-027-187,,002,027,Knob - Seat Adjuster | 002-027-258 | Switch - Seat Control,VMRS_HB_COMPLETE_v20 page 7_pages_76-100.md
002-027-188,,002,027,Module - Seat ECU | 002-027-259 | Linkage - Adjusting Arm,VMRS_HB_COMPLETE_v20 page 7_pages_76-100.md
002-027-189,,002,027,"Sensor, Seat - ECU Module | 002-027-260 | Housing - Control Valve",VMRS_HB_COMPLETE_v20 page 7_pages_76-100.md
002-027-190,,002,027,"Switch, Seat - ECU Module | 002-027-261 | Repair Kit - Armrest",VMRS_HB_COMPLETE_v20 page 7_pages_76-100.md
002-027-191,,002,027,"Clamp, Hose - Control Valve | 002-027-262 | Cushion - Seat",VMRS_HB_COMPLETE_v20 page 7_pages_76-100.md
002-027-192,,002,027,Bracket - Seat Shroud | 002-027-263 | Cover Assembly,VMRS_HB_COMPLETE_v20 page 7_pages_76-100.md
002-027-193,,002,027,Fitting - Air Spring | 002-027-264 | Switch - Driver Safety,VMRS_HB_COMPLETE_v20 page 7_pages_76-100.md
002-027-194,,002,027,"Magnet, Headrest - Seat | 002-027-265 | Sleeve - Headrest, Seat",VMRS_HB_COMPLETE_v20 page 7_pages_76-100.md
002-027-195,,002,027,"Switch, Safety Shut-Off - Seat | 002-027-266 | Spacer - Mounting Seat",VMRS_HB_COMPLETE_v20 page 7_pages_76-100.md
002-027-196,,002,027,Potentiometer - Seat | 002-027-267 | Wiring Harness - Safety Shut-Off Switch Seat,VMRS_HB_COMPLETE_v20 page 7_pages_76-100.md
002-027-197,,002,027,"Probe - Seat | 002-027-268 | Bracket - Hand Pump, Seat Height",VMRS_HB_COMPLETE_v20 page 7_pages_76-100.md
002-027-108,,002,027,Compressor - Seat | 002-027-260 | Cover - Armrest,VMRS_HB_COMPLETE_v20 page 7_pages_76-100.md
002-027-199,,002,027,Manifold Air Soat | 002-027-270 | Wiring Harpoon Dowor Soate,VMRS_HB_COMPLETE_v20 page 7_pages_76-100.md
002-027-200,,002,027,Reaket Cast Read Linner | 002-027-271 | Winny Hamess - Fower Seals,VMRS_HB_COMPLETE_v20 page 7_pages_76-100.md
002-027-201,,002,027,"Bracket Seat Base Lewer | 002-027-272 | Willing Hamess - Heat Pau, Seat",VMRS_HB_COMPLETE_v20 page 7_pages_76-100.md
002-027-202,,002,027,"Bracket - Seat Base, Lower | 002-027-273 | Battery Box - Seat Base",VMRS_HB_COMPLETE_v20 page 7_pages_76-100.md
002-027-203,,002,027,"Cover - Seal Base | 002-027-274 | Clip - Spring, Armrest",VMRS_HB_COMPLETE_v20 page 7_pages_76-100.md
002-027-204,,002,027,"Frame - Seat Base, Lower | 002-027-275 | Slider - Seat Track",VMRS_HB_COMPLETE_v20 page 7_pages_76-100.md
002-027-205,,002,027,"Snatt - Seat Base | 002-027-276 | Kit - Silde Hall, Seat",VMRS_HB_COMPLETE_v20 page 7_pages_76-100.md
002-027-206,,002,027,Bushing - Seat Base | 002-027-277 | Liπ Support - Seat,VMRS_HB_COMPLETE_v20 page 7_pages_76-100.md
002-027-207,,002,027,"Indicator Kit - Slide, Seat | 002-027-278 | Lever - Adjustment, Headrest",VMRS_HB_COMPLETE_v20 page 7_pages_76-100.md
002-027-208,,002,027,"Indicator Kit - Recliner, Seat | 002-027-279 | Cap - Headrest",VMRS_HB_COMPLETE_v20 page 7_pages_76-100.md
002-027-209,,002,027,Back Assembly - Complete | 002-027-280 | Cushion - Headrest,VMRS_HB_COMPLETE_v20 page 7_pages_76-100.md
002-027-210,,002,027,Cap - Seat Foot | 002-027-281 | Motor - Headrest,VMRS_HB_COMPLETE_v20 page 7_pages_76-100.md
002-027-211,,002,027,Frame - Headrest | 002-027-282 | Latch - Folding Seat,VMRS_HB_COMPLETE_v20 page 7_pages_76-100.md
002-027-212,,002,027,"Support - Headrest | 002-027-283 | Cover - Latch, Folding Seat",VMRS_HB_COMPLETE_v20 page 7_pages_76-100.md
002-027-213,,002,027,"Bracket - Seat Skirt | 002-027-284 | Cap - Latch Cover, Folding Seat",VMRS_HB_COMPLETE_v20 page 7_pages_76-100.md
002-027-285,,002,027,"Handle - Latch Release, Folding Seat | 002",VMRS_HB_COMPLETE_v20 page 7_pages_76-100.md
002-027-286,,002,027,Can - Handle Latch Belease Folding seat | 002,VMRS_HB_COMPLETE_v20 page 7_pages_76-100.md
002-027-287,,002,027,"Striker - Lock, Folding Seat | 002",VMRS_HB_COMPLETE_v20 page 7_pages_76-100.md
002-027-288,,002,027,"Cable - Release, Folding Seat | 002",VMRS_HB_COMPLETE_v20 page 7_pages_76-100.md
002-027-289,,002,027,Bushing - Seat Hinge | 002,VMRS_HB_COMPLETE_v20 page 7_pages_76-100.md
002-027-290,,002,027,Cover - Seat Hinge | 002,VMRS_HB_COMPLETE_v20 page 7_pages_76-100.md
002-027-230,,002,027,002,VMRS_HB_COMPLETE_v20 page 7_pages_76-100.md
002-027-291,,002,027,Link - Seat Hinge | 002,VMRS_HB_COMPLETE_v20 page 7_pages_76-100.md
002-027-292,,002,027,"Handle - Adjust, Seat Track | 002",VMRS_HB_COMPLETE_v20 page 7_pages_76-100.md
002-027-293,,002,027,"Cap - Adjust Handle, Seat Track | 002",VMRS_HB_COMPLETE_v20 page 7_pages_76-100.md
,002-027,002,027,-20/ | Mechanism - Adjust Seat Track | 002,VMRS_HB_COMPLETE_v20 page 7_pages_76-100.md
002-027-294,,002,027,"Nechanishi - Aujusi, Sear Hack | 002",VMRS_HB_COMPLETE_v20 page 7_pages_76-100.md
002-027-295,,002,027,"Cap - Boil, Seat Track | 002",VMRS_HB_COMPLETE_v20 page 7_pages_76-100.md
002-027-296,,002,027,Cover - Seat Track | 002,VMRS_HB_COMPLETE_v20 page 7_pages_76-100.md
002-027-297,,002,027,"Cap - Cover, Seat Track | 002",VMRS_HB_COMPLETE_v20 page 7_pages_76-100.md
002-027-299,,002,027,Reiniorcement - Seat Track | 002,VMRS_HB_COMPLETE_v20 page 7_pages_76-100.md
002-027-300,,002,027,Support - Seat Track | 002,VMRS_HB_COMPLETE_v20 page 7_pages_76-100.md
002-027-301,,002,027,"Adapter - Armrest, Seat | 002",VMRS_HB_COMPLETE_v20 page 7_pages_76-100.md
002-027-302,,002,027,Rushing - Armrest Seat | 002,VMRS_HB_COMPLETE_v20 page 7_pages_76-100.md
002-027-303,,002,027,"Cap - Armrest, Seat | 002",VMRS_HB_COMPLETE_v20 page 7_pages_76-100.md
002-027-304,,002,027,"Cup Holder - Armrest, Seat | 002",VMRS_HB_COMPLETE_v20 page 7_pages_76-100.md
002-027-305,,002,027,Module and Switch Assembly - Power Seat | 002,VMRS_HB_COMPLETE_v20 page 7_pages_76-100.md
002-027-306,,002,027,Motor - Power Seat | 002,VMRS_HB_COMPLETE_v20 page 7_pages_76-100.md
000-007-007,,000,007,Clamp Mater Dewer Seat | 002,VMRS_HB_COMPLETE_v20 page 7_pages_76-100.md
002-027-307,,002,027,"Clamp - Motor, Power Seat | 002",VMRS_HB_COMPLETE_v20 page 7_pages_76-100.md
002-027-308,,002,027,"Driveshaft - Motor, Power Seat | 002",VMRS_HB_COMPLETE_v20 page 7_pages_76-100.md
002-027-309,,002,027,"Clamp - Motor, Driveshaft, Power Seat | 002",VMRS_HB_COMPLETE_v20 page 7_pages_76-100.md
002-027-310,,002,027,Belay - Power Seat | 002,VMRS_HB_COMPLETE_v20 page 7_pages_76-100.md
002-027-311,,002,027,Bozol Switch Dowor Soat | 002,VMRS_HB_COMPLETE_v20 page 7_pages_76-100.md
002-027-312,,002,027,"Knob - Switch, Power Seat | 002",VMRS_HB_COMPLETE_v20 page 7_pages_76-100.md
002-027-313,,002,027,Motor - Power Lumbar | 002,VMRS_HB_COMPLETE_v20 page 7_pages_76-100.md
002-027-314,,002,027,Switch - Power Lumbar | 002,VMRS_HB_COMPLETE_v20 page 7_pages_76-100.md
002-027-315,,002,027,Cover - Bolt Seat Frame | 002,VMRS_HB_COMPLETE_v20 page 7_pages_76-100.md
002-027-316,,002,027,Clamp - Seat Frame | 002,VMRS_HB_COMPLETE_v20 page 7_pages_76-100.md
002-027-317,,002,027,Insulator - Seat Frame,VMRS_HB_COMPLETE_v20 page 7_pages_76-100.md
002-027-318,,002,027,"Panel - Trim, Seat Trim | 002",VMRS_HB_COMPLETE_v20 page 7_pages_76-100.md
002-027-319,,002,027,Recliner - Seat Back | 002,VMRS_HB_COMPLETE_v20 page 7_pages_76-100.md
002-027-320,,002,027,Lock Soat Back | 002,VMRS_HB_COMPLETE_v20 page 7_pages_76-100.md
002-027-321,,002,027,"Cap - Trim Panel, Seat Back | 002",VMRS_HB_COMPLETE_v20 page 7_pages_76-100.md
002-027-322,,002,027,"Panel - Switch, Seat | 002",VMRS_HB_COMPLETE_v20 page 7_pages_76-100.md
002-027-323,,002,027,Control Module- Seat Heater | 002,VMRS_HB_COMPLETE_v20 page 7_pages_76-100.md
002-027-324,,002,027,"Can - Adjust Handle, Seat Recline | 002",VMRS_HB_COMPLETE_v20 page 7_pages_76-100.md
002-027-325,,002,027,"Mechanism - Adjust, Seat Recline | 002",VMRS_HB_COMPLETE_v20 page 7_pages_76-100.md
002-027-326,,002,027,"Cap - Cover, Seat Recline | 002",VMRS_HB_COMPLETE_v20 page 7_pages_76-100.md
002-027-327,,002,027,Mechanism - Seat Release | 002,VMRS_HB_COMPLETE_v20 page 7_pages_76-100.md
002-027-328,,002,027,"Can - Trim Panel, Seat | 002",VMRS_HB_COMPLETE_v20 page 7_pages_76-100.md
002-027-220,,002,027,Cap Adjustment Handle Seat Height | 002,VMRS_HB_COMPLETE_v20 page 7_pages_76-100.md
002-027-329,,002,027,"Cap - Aujustment Handle, Seat Height | 002",VMRS_HB_COMPLETE_v20 page 7_pages_76-100.md
002-027-330,,002,027,"Cap - Adjustment Handle, Seat Lumbar | 002",VMRS_HB_COMPLETE_v20 page 7_pages_76-100.md
002-027-331,,002,027,"Bushing - Adjustment Handle, Seat Back | 002",VMRS_HB_COMPLETE_v20 page 7_pages_76-100.md
002-027-332,,002,027,Cable - Seat Adjuster | 002,VMRS_HB_COMPLETE_v20 page 7_pages_76-100.md
002-027-333,,002,027,Can - Seat Adjuster | 000,VMRS_HB_COMPLETE_v20 page 7_pages_76-100.md
002-027-334,,002,027,"Flate - Carrier, Seat Leg Support | 002",VMRS_HB_COMPLETE_v20 page 7_pages_76-100.md
002-027-335,,002,027,Wire - Seat | 002,VMRS_HB_COMPLETE_v20 page 7_pages_76-100.md
002-027-336,,002,027,"Cable - Adjuster, Manual, Lumbar Support | 002",VMRS_HB_COMPLETE_v20 page 7_pages_76-100.md
002-027-337,,002,027,"Kit (Includes Air Bag) - Lumbar, Single Chamber | 002",VMRS_HB_COMPLETE_v20 page 7_pages_76-100.md
000-007-000,,000,007,"Air Dag, Lumbar, Cingle Chamber | 002",VMRS_HB_COMPLETE_v20 page 7_pages_76-100.md
002-027-338,,002,027,"Alr Bag - Lumbar, Single Chamber | 002",VMRS_HB_COMPLETE_v20 page 7_pages_76-100.md
002-027-339,,002,027,"Handle Assembly - Recline, Drivers Seat | 002",VMRS_HB_COMPLETE_v20 page 7_pages_76-100.md
002-027-340,,002,027,"Kit - Hose and Connector, Air Seat",VMRS_HB_COMPLETE_v20 page 7_pages_76-100.md
002-027-341,,002,027,"Control Box - Heat/Massage, Seat | 002",VMRS_HB_COMPLETE_v20 page 7_pages_76-100.md
002-027-242,,002,027,Control Valua Haight/Suppopular Sant | 002,VMRS_HB_COMPLETE_v20 page 7_pages_76-100.md
002-027-342,,002,027,"Control valve - Height/Suspension, Seat | 002",VMRS_HB_COMPLETE_v20 page 7_pages_76-100.md
002-027-343,,002,027,Service Kit - Height Adjustment Cable | 002,VMRS_HB_COMPLETE_v20 page 7_pages_76-100.md
002-028-000,,002,028,Adjuster - Front Seat | 002,VMRS_HB_COMPLETE_v20 page 7_pages_76-100.md
002-028-001,,002,028,Adjuster Assembly - Front Seat | 002,VMRS_HB_COMPLETE_v20 page 7_pages_76-100.md
002-028-002,,002,028,Wiring - Seat Adjuster Lock | 000,VMRS_HB_COMPLETE_v20 page 7_pages_76-100.md
000-000-000,,000,000,Hardware Mounting Front Oast Advetor | 002,VMRS_HB_COMPLETE_v20 page 7_pages_76-100.md
002-028-003,,002,028,"naruware, Mounting - Front Seat Adjuster | 002",VMRS_HB_COMPLETE_v20 page 7_pages_76-100.md
002-028-004,,002,028,"Spring - Adjuster, Front Seat | 002",VMRS_HB_COMPLETE_v20 page 7_pages_76-100.md
002-028-005,,002,028,Handle - Seat Adjuster | 003,VMRS_HB_COMPLETE_v20 page 7_pages_76-100.md
002-028-007,,002,028,Kit - Indicator | 002,VMRS_HB_COMPLETE_v20 page 7_pages_76-100.md
002-028-008,,002,028,"Panel, Control | 002",VMRS_HB_COMPLETE_v20 page 7_pages_76-100.md
002-029-000,,002,029,mm - Seat | 002,VMRS_HB_COMPLETE_v20 page 7_pages_76-100.md
002-029-001,,002,029,"Trim - Cushion (Bench Type), Front Seat",VMRS_HB_COMPLETE_v20 page 7_pages_76-100.md
002-029-002,,002,029,"Trim - Back (Full Or Split Type), Front Seat",VMRS_HB_COMPLETE_v20 page 7_pages_76-100.md
002-029-003,,002,029,"Trim - Cushion (Bucket Type), Front Seat",VMRS_HB_COMPLETE_v20 page 7_pages_76-100.md
002-029-004,,002,029,"Trim - Back (Bucket Type), Front Seat",VMRS_HB_COMPLETE_v20 page 7_pages_76-100.md
002-029-005,,002,029,"Cushion - Bucket Seat, Front",VMRS_HB_COMPLETE_v20 page 7_pages_76-100.md
002-029-006,,002,029,Cover. Detachable - Front Seat,VMRS_HB_COMPLETE_v20 page 7_pages_76-100.md
002-029-007,,002,029,Trim - Bear Seat,VMRS_HB_COMPLETE_v20 page 7_pages_76-100.md
002-029-009,,002,029,Fau - Neal Seal,VMRS_HB_COMPLETE_v20 page 7_pages_76-100.md
002-029-010,,002,029,"Cover, Detachable - Rear Seat",VMRS_HB_COMPLETE_v20 page 7_pages_76-100.md
002-029-011,,002,029,"Trim - Cushion, Auxiliary Seat",VMRS_HB_COMPLETE_v20 page 7_pages_76-100.md
002-029-012,,002,029,"Trim - Seat Back, Auxiliary",VMRS_HB_COMPLETE_v20 page 7_pages_76-100.md
002-029-013,,002,029,"Trim - Cushion, Center Seat",VMRS_HB_COMPLETE_v20 page 7_pages_76-100.md
002-029-014,,002,029,"Trim - Back Cushion, Center Seat",VMRS_HB_COMPLETE_v20 page 7_pages_76-100.md
002-029-015,,002,029,Pad - Seat,VMRS_HB_COMPLETE_v20 page 7_pages_76-100.md
002-029-016,,002,029,"Cushion - Seat Back, Front Seat",VMRS_HB_COMPLETE_v20 page 7_pages_76-100.md
002-029-017,,002,029,Repair Kit - Seat Cushion Cover & Pad,VMRS_HB_COMPLETE_v20 page 7_pages_76-100.md
002-029-018,,002,029,Armrest - Seat,VMRS_HB_COMPLETE_v20 page 7_pages_76-100.md
002-029-019,,002,029,Cushion - Bench Back,VMRS_HB_COMPLETE_v20 page 7_pages_76-100.md
002-029-020,,002,029,Cushion - Bench Seat,VMRS_HB_COMPLETE_v20 page 7_pages_76-100.md
002-029-022,,002,029,Cover - Seat Back,VMRS_HB_COMPLETE_v20 page 7_pages_76-100.md
002-029-023,,002,029,Seat Back - Poly Only,VMRS_HB_COMPLETE_v20 page 7_pages_76-100.md
002-029-024,,002,029,Cushion Assembly - Toolbox,VMRS_HB_COMPLETE_v20 page 7_pages_76-100.md
002-029-025,,002,029,Cover - Toolbox Cushion,VMRS_HB_COMPLETE_v20 page 7_pages_76-100.md
002-029-026,,002,029,Polyfoam Pad,VMRS_HB_COMPLETE_v20 page 7_pages_76-100.md
002-029-029,,002,029,"Webbling - Cushion, Seat",VMRS_HB_COMPLETE_v20 page 7_pages_76-100.md
002-029-030,,002,029,"Cover - Side, Seal",VMRS_HB_COMPLETE_v20 page 7_pages_76-100.md
002-029-031,,002,029,"Skiri - Base, Seat",VMRS_HB_COMPLETE_v20 page 7_pages_76-100.md
002-029-032,,002,029,"Guard - Heel, Seat",VMRS_HB_COMPLETE_v20 page 7_pages_76-100.md
002-029-033,,002,029,"Panel - Back, Self-Contained Breathing",VMRS_HB_COMPLETE_v20 page 7_pages_76-100.md
002-029-034,,002,029,"Cover - Headrest, Seat",VMRS_HB_COMPLETE_v20 page 7_pages_76-100.md
002-029-035,,002,029,"Extension - Thigh, Seat Cover",VMRS_HB_COMPLETE_v20 page 7_pages_76-100.md
002-029-036,,002,029,"Pod - Side, Seat",VMRS_HB_COMPLETE_v20 page 7_pages_76-100.md
002-029-037,,002,029,Carpet - Seat,VMRS_HB_COMPLETE_v20 page 7_pages_76-100.md
002-029-038,,002,029,"Box - Tank Compartment, Seat Back",VMRS_HB_COMPLETE_v20 page 7_pages_76-100.md
002-029-039,,002,029,"Cover - Thigh Extension, Seat",VMRS_HB_COMPLETE_v20 page 7_pages_76-100.md
002-029-040,,002,029,"Cover - Bolster, Seat",VMRS_HB_COMPLETE_v20 page 7_pages_76-100.md
002-029-041,,002,029,"Cushion - Seat, Rear",VMRS_HB_COMPLETE_v20 page 7_pages_76-100.md
002-029-042,,002,029,"Clip - Mounting, Seat Cushion",VMRS_HB_COMPLETE_v20 page 7_pages_76-100.md
002-029-043,,002,029,"Tray - Passenger Seat, Back",VMRS_HB_COMPLETE_v20 page 7_pages_76-100.md
002-029-044,,002,029,"Polv/Foam - Armrest, Seat",VMRS_HB_COMPLETE_v20 page 7_pages_76-100.md
002-029-045,,002,029,Pocket - Map Drivers Seat Back,VMRS_HB_COMPLETE_v20 page 7_pages_76-100.md
002-029-046,,002,029,Clamp - Cover Seat Cushion,VMRS_HB_COMPLETE_v20 page 7_pages_76-100.md
002-020-048,,002,020,Unholstery - Seat,VMRS_HB_COMPLETE_v20 page 7_pages_76-100.md
002-029-049,,002,029,Cuchian Bottom Bucket Seat,VMRS_HB_COMPLETE_v20 page 7_pages_76-100.md
002-029-050,,002,029,Cushion Back Bucket Seat,VMRS_HB_COMPLETE_v20 page 7_pages_76-100.md
002-029-051,,002,029,"Cushion - Dack, Ducket Seat",VMRS_HB_COMPLETE_v20 page 7_pages_76-100.md
002-029-052,,002,029,"Fan - Seat Cusnion Vent, Cab Interior",VMRS_HB_COMPLETE_v20 page 7_pages_76-100.md
002-030-000,,002,030,Interior Molaings,VMRS_HB_COMPLETE_v20 page 7_pages_76-100.md
002-030-001,,002,030,Molding - Windshield Garnish,VMRS_HB_COMPLETE_v20 page 7_pages_76-100.md
002-030-002,,002,030,"Moldings, Emblems & Nameplates - Instrument",VMRS_HB_COMPLETE_v20 page 7_pages_76-100.md
002-030-003,,002,030,"Molding - Garnish, Side Window",VMRS_HB_COMPLETE_v20 page 7_pages_76-100.md
002-030-004,,002,030,"Molding - Garnish, Back Window",VMRS_HB_COMPLETE_v20 page 7_pages_76-100.md
002-030-005,,002,030,"Molding - Garnish, Rear Door",VMRS_HB_COMPLETE_v20 page 7_pages_76-100.md
002-030-006,,002,030,"Molding - Garnish, Tailgate Or Back Door",VMRS_HB_COMPLETE_v20 page 7_pages_76-100.md
002-030-007,,002,030,Molding - Roof,VMRS_HB_COMPLETE_v20 page 7_pages_76-100.md
002-030-008,,002,030,Molding - Trim. Door & Quarter,VMRS_HB_COMPLETE_v20 page 7_pages_76-100.md
002-030-009,,002,030,Plate - Sill,VMRS_HB_COMPLETE_v20 page 7_pages_76-100.md
002-030-010,,002,030,Strip - Aluminum Aisle,VMRS_HB_COMPLETE_v20 page 7_pages_76-100.md
002-030-011,,002,030,Bezel - Dome Lamp,VMRS_HB_COMPLETE_v20 page 7_pages_76-100.md
002-030-012,,002,030,Bezel - Interior,VMRS_HB_COMPLETE_v20 page 7_pages_76-100.md
002-000-012,,002,000,Bozol - Switch,VMRS_HB_COMPLETE_v20 page 7_pages_76-100.md
002-000-013,,002,000,Molding Vont Cab Interior,VMRS_HB_COMPLETE_v20 page 7_pages_76-100.md
002-030-014,,002,030,Molding Interior Danal Cab,VMRS_HB_COMPLETE_v20 page 7_pages_76-100.md
002-030-015,,002,030,Molding Cob Interior Flass,VMRS_HB_COMPLETE_v20 page 7_pages_76-100.md
002-030-017,,002,030,"insulator - Sill Plate, Door Trim",VMRS_HB_COMPLETE_v20 page 7_pages_76-100.md
002-030-018,,002,030,"Insert - Sill Plate, Door Trim | 002-032-029 | Extrusion - Trim. Sidewall",VMRS_HB_COMPLETE_v20 page 7_pages_76-100.md
002-030-019,,002,030,"Plate Set - Sill, Door Trim | 002-033-000 | Sheet Metal Ornamentation",VMRS_HB_COMPLETE_v20 page 7_pages_76-100.md
002-030-020,,002,030,"Molding - Door Window | 002-033-001 | Ornaments, Emblems & Nameplates - Front",VMRS_HB_COMPLETE_v20 page 7_pages_76-100.md
002-030-021,,002,030,"Gasket - Molding, Door Window | | Fender",VMRS_HB_COMPLETE_v20 page 7_pages_76-100.md
002-030-022,,002,030,"Cap - Molding, Roof | 002-033-002 | Molding - Wheel Opening, Front Fender",VMRS_HB_COMPLETE_v20 page 7_pages_76-100.md
002-030-023,,002,030,"Molding - Windlace, Bulk, Door Trim | 002-033-003 | Molding - Crown Front Fender",VMRS_HB_COMPLETE_v20 page 7_pages_76-100.md
002-031-000,,002,031,"Body Moldings - Exterior | 002-033-004 | Molding - Front Fender, Side",VMRS_HB_COMPLETE_v20 page 7_pages_76-100.md
002-031-001,,002,031,Molding - Cab Or Front Door Upper | 002-033-005 | Molding - Front Fender Panel,VMRS_HB_COMPLETE_v20 page 7_pages_76-100.md
002-031-002,,002,031,Molding - End Panel Front | 002-033-006 | Molding - Hood Panel Front,VMRS_HB_COMPLETE_v20 page 7_pages_76-100.md
002-031-003,,002,031,"Molding - Cab Or Front Door - Lower | 002-033-007 | Molding - Hood Panel, Center",VMRS_HB_COMPLETE_v20 page 7_pages_76-100.md
002-031-004,,002,031,Molding - Docker Panel | 002-033-008 | Ornamente Embleme & Namenlates - Hood,VMRS_HB_COMPLETE_v20 page 7_pages_76-100.md
002-031-005,,002,031,"Molding - Reveal, WindshieldMolding - Reveal, Cab Or Front Door | 002-003-009 | Grillo",VMRS_HB_COMPLETE_v20 page 7_pages_76-100.md
002-031-007,,002,031,Molding - Mindohiold Division | 002-000-010 | Deed All,VMRS_HB_COMPLETE_v20 page 7_pages_76-100.md
002-031-009,,002,031,Molding Insert Captor Dillor | 002-033-013 | Gooket Emblem Grille,VMRS_HB_COMPLETE_v20 page 7_pages_76-100.md
002-031-010,,002,031,"Molding Insert Deer Deer | 002-033-014 | Orgamenta, Empleme and Nemenlates",VMRS_HB_COMPLETE_v20 page 7_pages_76-100.md
002-031-012,,002,031,"Molding - Insert, Rear Quarter | 002-033-016 | Protector - Ornaments, Emplems and",VMRS_HB_COMPLETE_v20 page 7_pages_76-100.md
002-031-013,,002,031,"Molding - Crown Or Peak, Rear Fender | 000 000 01- | Nameplates",VMRS_HB_COMPLETE_v20 page 7_pages_76-100.md
002-031-014,,002,031,"Molding - Scalp, Front Door Vent Divide | 002-033-017 | Gasket - Emblem, Fender",VMRS_HB_COMPLETE_v20 page 7_pages_76-100.md
002-033-018,,002,033,"Channel, Outer | | Grille - Emblem, Fender",VMRS_HB_COMPLETE_v20 page 7_pages_76-100.md
002-031-015,,002,031,"Panel - Molding, Rear End | 002-034-000 | Exterior Body Ornamentation",VMRS_HB_COMPLETE_v20 page 7_pages_76-100.md
002-031-016,,002,031,Molding - Tail Lamp | 002-034-001 | Guard - Fuel Tank Filler Door Opening,VMRS_HB_COMPLETE_v20 page 7_pages_76-100.md
002-031-017,,002,031,"Molding - Cab Or Van | 002-034-002 | Guard, Safety - Front Or Entrance Door Edge",VMRS_HB_COMPLETE_v20 page 7_pages_76-100.md
002-031-018,,002,031,"Ornaments, Emblems & Nameplates - All | 002-034-003 | Panel - Headlamp Trim",VMRS_HB_COMPLETE_v20 page 7_pages_76-100.md
002-031-019,,002,031,Molding - Ground Effects | 002-034-004 | Bolt - Wiper Blade,VMRS_HB_COMPLETE_v20 page 7_pages_76-100.md
002-031-020,,002,031,"Molding - Air Dam, Rear, Right Or Left | 002-034-005 | Panel - Cab Accent",VMRS_HB_COMPLETE_v20 page 7_pages_76-100.md
002-031-021,,002,031,"Molding - Air Dam, Front, Right Or Left | 002-034-006 | Cover - Lamp Warning",VMRS_HB_COMPLETE_v20 page 7_pages_76-100.md
002-031-022,,002,031,"Molding - Sill, Right Or Left | 002-034-008 | Ground Effects - Bed",VMRS_HB_COMPLETE_v20 page 7_pages_76-100.md
002-031-023,,002,031,"Molding - Wheel Lip Flare, Rear, Right Or Left | 002-034-009 | Ground Effects - Cab",VMRS_HB_COMPLETE_v20 page 7_pages_76-100.md
002-031-024,,002,031,"Molding - Wheel Lip Flare, Front, Right Or Left | 002-034-010 | Ground Effects - Door",VMRS_HB_COMPLETE_v20 page 7_pages_76-100.md
002-031-025,,002,031,"Gasket - Nameplate, Logo | 002-034-011 | Skirt - Sleeper",VMRS_HB_COMPLETE_v20 page 7_pages_76-100.md
002-031-026,,002,031,Cap - Rocker Molding | 002-034-012 | Cover - Wheel Well,VMRS_HB_COMPLETE_v20 page 7_pages_76-100.md
002-031-027,,002,031,"Extension - Rocker Molding | 002-034-013 | Brace - Accent Panel, Cab",VMRS_HB_COMPLETE_v20 page 7_pages_76-100.md
002-031-028,,002,031,"Insulator - Rocker Molding | 002-034-014 | Cover - B-Pillar, Trim, Exterior",VMRS_HB_COMPLETE_v20 page 7_pages_76-100.md
002-031-029,,002,031,Reinforcement - Rocker Molding | 002-034-015 | Trim - Body Panel,VMRS_HB_COMPLETE_v20 page 7_pages_76-100.md
002-031-030,,002,031,"Molding - Door Belt | 002-034-016 | Support - Skirt, Sleeper",VMRS_HB_COMPLETE_v20 page 7_pages_76-100.md
002-031-031,,002,031,Insert - Trim. Rocker Panel | 002-034-017 | Kit - Ground Effects,VMRS_HB_COMPLETE_v20 page 7_pages_76-100.md
002-031-032,,002,031,Molding - Body Trim | 002-035-000 | Windshield Wiper & Washer,VMRS_HB_COMPLETE_v20 page 7_pages_76-100.md
002-031-033,,002,031,Bezel - Trim. Body. Side | 002-035-001 | Motor Assembly - Windshield Wiper,VMRS_HB_COMPLETE_v20 page 7_pages_76-100.md
002-031-034,,002,031,Molding - Side Panel | 002-035-002 | Hardware Mounting - Windshield Wiper Motor,VMRS_HB_COMPLETE_v20 page 7_pages_76-100.md
002-031-035,,002,031,Reinforcement - Side Panel | | Assembly,VMRS_HB_COMPLETE_v20 page 7_pages_76-100.md
002-031-036,,002,031,Tape - Black Out | 002-035-003 | Wiring Harness - Windshield Wiper Motor,VMRS_HB_COMPLETE_v20 page 7_pages_76-100.md
002-031-037,,002,031,Gasket - Wheel Opening Flare | 002-035-004 | Coil - Wiper Motor Relay,VMRS_HB_COMPLETE_v20 page 7_pages_76-100.md
002-031-038,,002,031,Panel - Trim Windshield | 002-035-005 | Armature - Wiper Motor Relay,VMRS_HB_COMPLETE_v20 page 7_pages_76-100.md
002-032-000,,002,032,Sidewall & Miscellaneous Trim | 002-035-006 | Arm - Wiper Motor Latch,VMRS_HB_COMPLETE_v20 page 7_pages_76-100.md
002-032-001,,002,032,Kick Pad - Cowl. Side | 002-035-007 | Coil - Wiper Motor Drive,VMRS_HB_COMPLETE_v20 page 7_pages_76-100.md
002-032-002,,002,032,Pad - Trim Cab Or Front Door | 002-035-008 | Brushes - Wiper Motor,VMRS_HB_COMPLETE_v20 page 7_pages_76-100.md
002-032-003,,002,032,"Emblem - Trim Pad, Cab Or Front Door | 002-035-009 | Board - Electrical Terminal",VMRS_HB_COMPLETE_v20 page 7_pages_76-100.md
002-032-004,,002,032,Trim - Sun Visor | 002-035-010 | Switch - Belay Control,VMRS_HB_COMPLETE_v20 page 7_pages_76-100.md
002-032-005,,002,032,Trim - Center Pillar | 002-035-011 | Drive Gear & Shaft - Winer Motor,VMRS_HB_COMPLETE_v20 page 7_pages_76-100.md
002-032-006,,002,032,Trim Panel - Side Door | 002-035-012 | Crank Arm - Wiper Motor,VMRS_HB_COMPLETE_v20 page 7_pages_76-100.md
002-032-008,,002,032,Trim - Bear Quarter | 002-035-013 | Linkage Assembly - Windshield Winer,VMRS_HB_COMPLETE_v20 page 7_pages_76-100.md
002-032-009,,002,032,Trim Whool House | 002-035-014 | Winor Blade Assembly,VMRS_HB_COMPLETE_v20 page 7_pages_76-100.md
002-032-010,,002,032,Trim Tailgate Or Back Door | 002-035-015 | Arm Accombly Windshield Winer,VMRS_HB_COMPLETE_v20 page 7_pages_76-100.md
002-032-011,,002,032,Cover Spare Tire | 002-035-017 | Ann Assembly - Windshield Wiper,VMRS_HB_COMPLETE_v20 page 7_pages_76-100.md
002-032-012,,002,032,Cover - Spare The | 002-035-017 | Esculcheon (Spacer) - Windshield Wiper,VMRS_HB_COMPLETE_v20 page 7_pages_76-100.md
002-032-013,,002,032,"Strip - Windlace Or Finishing | 002-035-018 | Knob - Control, Windshield Wiper",VMRS_HB_COMPLETE_v20 page 7_pages_76-100.md
002-032-014,,002,032,Curtain - Sleeping Compartment | 002-035-019 | Windshield Washer Assembly,VMRS_HB_COMPLETE_v20 page 7_pages_76-100.md
002-032-015,,002,032,Cilp - Sleeper Curtain | 002-035-020 | INOZZIE - WINDSNIEld WASNER,VMRS_HB_COMPLETE_v20 page 7_pages_76-100.md
002-032-016,,002,032,Hood - Sleeper Curtain | 002-035-021 | rubing (Hose) - Windshield Washer,VMRS_HB_COMPLETE_v20 page 7_pages_76-100.md
002-032-018,,002,032,"Track - Sleeper Curtain, Side | 002-035-022 | Reservoir - Windshield Washer",VMRS_HB_COMPLETE_v20 page 7_pages_76-100.md
002-032-019,,002,032,Hanger - Sleeper Curtain | 002-035-023 | Control Valve Assembly - Windshield Washer,VMRS_HB_COMPLETE_v20 page 7_pages_76-100.md
002-032-020,,002,032,Sleeper Curtain - Side | 002-035-024 | Switch Assembly - Windshield Washer,VMRS_HB_COMPLETE_v20 page 7_pages_76-100.md
002-032-021,,002,032,Sunshade | 002-035-025 | Pump Assembly - Windshield Washer,VMRS_HB_COMPLETE_v20 page 7_pages_76-100.md
002-032-023,,002,032,Vent Shade - Cab Door | 002-035-026 | Nut - Windshield Wiper Arm,VMRS_HB_COMPLETE_v20 page 7_pages_76-100.md
002-032-025,,002,032,Boot Kit - Sleeper | 002-035-027 | Control Valve Assembly - Wiper Motor,VMRS_HB_COMPLETE_v20 page 7_pages_76-100.md
002-032-026,,002,032,"Lock - Sleeper, Side Door | 002-035-028 | Hardware, Mounting - Windshield Washer Pump",VMRS_HB_COMPLETE_v20 page 7_pages_76-100.md
002-032-027,,002,032,Spacer - Body Panel | | Assembly,VMRS_HB_COMPLETE_v20 page 7_pages_76-100.md
002-032-028,,002,032,Trim - Chassis | 002-035-029 | Refill - Wiper Blade Assembly,VMRS_HB_COMPLETE_v20 page 7_pages_76-100.md
002-035-030,,002,035,"Hardware, Mounting - Windshield Wiper Conn.",VMRS_HB_COMPLETE_v20 page 7_pages_76-100.md
000-005-001,,000,005,LINK Drive,VMRS_HB_COMPLETE_v20 page 7_pages_76-100.md
002-035-031,,002,035,"Motor Assembly - Windshield Wiper, Lett",VMRS_HB_COMPLETE_v20 page 7_pages_76-100.md
002-035-032,,002,035,"Cover Assembly - Reservoir, windshield washer",VMRS_HB_COMPLETE_v20 page 7_pages_76-100.md
002-035-033,,002,035,"Hardware, Mounting - windshield wiper Motor",VMRS_HB_COMPLETE_v20 page 7_pages_76-100.md
000-005-004,,000,005,"Assembly, Left",VMRS_HB_COMPLETE_v20 page 7_pages_76-100.md
002-035-034,,002,035,"Motor Assembly - Windshield Wiper, Right",VMRS_HB_COMPLETE_v20 page 7_pages_76-100.md
002-035-035,,002,035,"Hardware, Mounting - Windshield Wiper Motor",VMRS_HB_COMPLETE_v20 page 7_pages_76-100.md
000-005-000,,000,005,"Assembly, Right",VMRS_HB_COMPLETE_v20 page 7_pages_76-100.md
002-035-036,,002,035,Housing - Wiper Motor,VMRS_HB_COMPLETE_v20 page 7_pages_76-100.md
002-035-037,,002,035,"Seal - Housing, wiper Motor",VMRS_HB_COMPLETE_v20 page 7_pages_76-100.md
002-035-038,,002,035,Paddle & Shaft Assembly - Wiper Motor,VMRS_HB_COMPLETE_v20 page 7_pages_76-100.md
002-035-039,,002,035,Piston Assembly - Wiper Motor,VMRS_HB_COMPLETE_v20 page 7_pages_76-100.md
002-035-040,,002,035,Iransmission Gear - Wiper Motor,VMRS_HB_COMPLETE_v20 page 7_pages_76-100.md
002-035-041,,002,035,Piston Gear Rack - Wiper Motor,VMRS_HB_COMPLETE_v20 page 7_pages_76-100.md
002-035-042,,002,035,Drive Shaft & Lever Assembly - Wiper Motor,VMRS_HB_COMPLETE_v20 page 7_pages_76-100.md
002-035-043,,002,035,Shaft - Wiper Motor,VMRS_HB_COMPLETE_v20 page 7_pages_76-100.md
002-035-044,,002,035,"Seal - Piston, Wiper Motor",VMRS_HB_COMPLETE_v20 page 7_pages_76-100.md
002-035-045,,002,035,Valve Housing Assembly - Wiper Motor,VMRS_HB_COMPLETE_v20 page 7_pages_76-100.md
002-035-046,,002,035,"Spool Valve - Reversal, Wiper Motor",VMRS_HB_COMPLETE_v20 page 7_pages_76-100.md
002-035-047,,002,035,"Rod Assembly - Primary, Wiper Motor Valve",VMRS_HB_COMPLETE_v20 page 7_pages_76-100.md
002-035-048,,002,035,"Rod Assembly - Secondary, Wiper Motor Valve",VMRS_HB_COMPLETE_v20 page 7_pages_76-100.md
002-035-049,,002,035,"Seal - Valve Housing, Wiper Motor",VMRS_HB_COMPLETE_v20 page 7_pages_76-100.md
002-035-050,,002,035,"Seal - Cover, Wiper Motor",VMRS_HB_COMPLETE_v20 page 7_pages_76-100.md
002-035-051,,002,035,Pivot Shaft & Connecting Arm Assembly -,VMRS_HB_COMPLETE_v20 page 7_pages_76-100.md
002-035-052,,002,035,Pivot Shaft & Connecting Arm Assembly -,VMRS_HB_COMPLETE_v20 page 7_pages_76-100.md
002-035-053,,002,035,Connecting Arm & Bearing Assembly -,VMRS_HB_COMPLETE_v20 page 7_pages_76-100.md
002-035-054,,002,035,Connecting Arm & Bearing Assembly -,VMRS_HB_COMPLETE_v20 page 7_pages_76-100.md
002-035-055,,002,035,Pivot Shaft & Lever Assembly - Windshield,VMRS_HB_COMPLETE_v20 page 7_pages_76-100.md
002-035-056,,002,035,Pivot Shaft & Lever Assembly - Windshield,VMRS_HB_COMPLETE_v20 page 7_pages_76-100.md
002-035-057,,002,035,"Bearing - Wiper Motor Shaft, Outer",VMRS_HB_COMPLETE_v20 page 7_pages_76-100.md
002-035-058,,002,035,"Knurled Driver - Pivot Shaft, Windshield Wiper",VMRS_HB_COMPLETE_v20 page 7_pages_76-100.md
002-035-059,,002,035,"Hardware, Mounting - Windshield Wiper Arm",VMRS_HB_COMPLETE_v20 page 7_pages_76-100.md
002-035-060,,002,035,"Arm Assembly - Windshield Wiper, Left",VMRS_HB_COMPLETE_v20 page 7_pages_76-100.md
002-035-061,,002,035,"Hardware, Mounting - windshield wiper Arm",VMRS_HB_COMPLETE_v20 page 7_pages_76-100.md
002-035-062,,002,035,"Arm Assembly - Windshield Wiper, Right",VMRS_HB_COMPLETE_v20 page 7_pages_76-100.md
002-035-063,,002,035,"Hardware, Mounting - Windshield Wiper Arm",VMRS_HB_COMPLETE_v20 page 7_pages_76-100.md
002-035-064,,002,035,"Outer Spacer & Guide Pivol Assembly,",VMRS_HB_COMPLETE_v20 page 7_pages_76-100.md
002-035-065,,002,035,"Seal - Spacer/Guide Pivot, windshield wiper,",VMRS_HB_COMPLETE_v20 page 7_pages_76-100.md
002-035-066,,002,035,"Bearing - Pantograph, wiper Arm",VMRS_HB_COMPLETE_v20 page 7_pages_76-100.md
002-035-067,,002,035,"Nozzie - Arm Mounted, Windshield Wiper",VMRS_HB_COMPLETE_v20 page 7_pages_76-100.md
002-035-068,,002,035,"Tubing - Arm Mountea, windshield wiper",VMRS_HB_COMPLETE_v20 page 7_pages_76-100.md
002-035-069,,002,035,Cover & Pump Assembly - Windshield Washer,VMRS_HB_COMPLETE_v20 page 7_pages_76-100.md
002-035-070,,002,035,Control Knob - Windshield Washer,VMRS_HB_COMPLETE_v20 page 7_pages_76-100.md
002-035-071,,002,035,Reversal Stop Valve Assembly - Wiper Motor,VMRS_HB_COMPLETE_v20 page 7_pages_76-100.md
002-035-072,,002,035,valve Assembly - Wiper Motor,VMRS_HB_COMPLETE_v20 page 7_pages_76-100.md
002-035-073,,002,035,Pilot Valve - Wiper Motor,VMRS_HB_COMPLETE_v20 page 7_pages_76-100.md
002-035-074,,002,035,Snuttle & valve Assembly - wiper Motor,VMRS_HB_COMPLETE_v20 page 7_pages_76-100.md
002-035-075,,002,035,"Seal - Cover, Wiper Motor Drive Gear",VMRS_HB_COMPLETE_v20 page 7_pages_76-100.md
002-035-076,,002,035,Motor,VMRS_HB_COMPLETE_v20 page 7_pages_76-100.md
000-005-077,,000,005,Motor,VMRS_HB_COMPLETE_v20 page 7_pages_76-100.md
002-035-077,,002,035,"Check Valve - Anti-Spill, Windshield Washer",VMRS_HB_COMPLETE_v20 page 7_pages_76-100.md
002-035-078,,002,035,Clip - Wiper Pivot To Linkage Housing,VMRS_HB_COMPLETE_v20 page 7_pages_76-100.md
002-035-079,,002,035,Knop & Shatt Assembly - Windshield Wiper,VMRS_HB_COMPLETE_v20 page 7_pages_76-100.md
002-035-080,,002,035,Pivot Shaft & Lever Assembly - Right/Left,VMRS_HB_COMPLETE_v20 page 7_pages_76-100.md
002-035-081,,002,035,"Filter - Reservoir, Windshield Washer",VMRS_HB_COMPLETE_v20 page 7_pages_76-100.md
002-035-082,,002,035,Switch - Windshield Wiper Control,VMRS_HB_COMPLETE_v20 page 7_pages_76-100.md
002-035-083,,002,035,Silencer - Wiper Motor,VMRS_HB_COMPLETE_v20 page 7_pages_76-100.md
002-035-084,,002,035,"Screw - Knob, wiper Control",VMRS_HB_COMPLETE_v20 page 7_pages_76-100.md
002-035-005,,002,035,Mounting Flate - Windshield Washer Reservoir,VMRS_HB_COMPLETE_v20 page 7_pages_76-100.md
002-035-087,,002,035,Gasket - wiper Transmission,VMRS_HB_COMPLETE_v20 page 7_pages_76-100.md
002-035-088,,002,035,Junction Block - Windshield Washer,VMRS_HB_COMPLETE_v20 page 7_pages_76-100.md
002-035-089,,002,035,Mounting Bracket - Windshield Wiper,VMRS_HB_COMPLETE_v20 page 7_pages_76-100.md
002-035-090,,002,035,Motor Assembly - Air,VMRS_HB_COMPLETE_v20 page 7_pages_76-100.md
002-035-091,,002,035,Air Valve - Wiper Motor,VMRS_HB_COMPLETE_v20 page 7_pages_76-100.md
002-035-092,,002,035,Tee - Washer Tubing,VMRS_HB_COMPLETE_v20 page 7_pages_76-100.md
002-035-093,,002,035,Fitting - Washer Tubing,VMRS_HB_COMPLETE_v20 page 7_pages_76-100.md
002-035-094,,002,035,Pivot Shaft Connect Assembly - Center,VMRS_HB_COMPLETE_v20 page 7_pages_76-100.md
002-035-095,,002,035,Mounting Bracket - Wiper Motor Assembly,VMRS_HB_COMPLETE_v20 page 7_pages_76-100.md
002-035-096,,002,035,Spacer - Wiper Arm,VMRS_HB_COMPLETE_v20 page 7_pages_76-100.md
002-035-097,,002,035,"Hardware, Mounting - Windshield Washer Hose/",VMRS_HB_COMPLETE_v20 page 7_pages_76-100.md
002-035-099,,002,035,Nut - Wiper Blade,VMRS_HB_COMPLETE_v20 page 7_pages_76-100.md
002-035-100,,002,035,Washer - Wiper Arm To Motor,VMRS_HB_COMPLETE_v20 page 7_pages_76-100.md
002-035-101,,002,035,"Grommet - Bottle, Washer",VMRS_HB_COMPLETE_v20 page 7_pages_76-100.md
002-035-103,,002,035,Windshield Wiper Assembly,VMRS_HB_COMPLETE_v20 page 7_pages_76-100.md
002-035-107,,002,035,Cap - Washer Reservoir,VMRS_HB_COMPLETE_v20 page 7_pages_76-100.md
002-035-108,,002,035,Wiper Assembly - Air,VMRS_HB_COMPLETE_v20 page 7_pages_76-100.md
002-035-109,,002,035,Wiper Assembly - Electrical,VMRS_HB_COMPLETE_v20 page 7_pages_76-100.md
002-035-110,,002,035,Hardware Mounting - Electrical Winer Assembly,VMRS_HB_COMPLETE_v20 page 7_pages_76-100.md
002-005-110,,002,005,"Hardware, Mounting - Electrical Wiper Assembly",VMRS_HB_COMPLETE_v20 page 7_pages_76-100.md
002-005-112,,002,005,Arm & Blado Assombly - Wipor,VMRS_HB_COMPLETE_v20 page 7_pages_76-100.md
002-035-112,,002,035,Ann & Didde Assembly - Wiper,VMRS_HB_COMPLETE_v20 page 7_pages_76-100.md
002-035-113,,002,035,Mounting Bracket - Reservoir,VMRS_HB_COMPLETE_v20 page 7_pages_76-100.md
002-035-114,,002,035,Control - Electrical,VMRS_HB_COMPLETE_v20 page 7_pages_76-100.md
002-035-115,,002,035,"Mounting Plate - Wipers, Electric",VMRS_HB_COMPLETE_v20 page 7_pages_76-100.md
002-035-116,,002,035,Stiffener Plate - Wiper Mount,VMRS_HB_COMPLETE_v20 page 7_pages_76-100.md
002-035-117,,002,035,Wiring Harness - Windshield Washer Pump &,VMRS_HB_COMPLETE_v20 page 7_pages_76-100.md
002-035-118,,002,035,Sensor - Washer Reservoir,VMRS_HB_COMPLETE_v20 page 7_pages_76-100.md
002-035-119,,002,035,Motor & Bracket Assembly - Windshield Wiper,VMRS_HB_COMPLETE_v20 page 7_pages_76-100.md
002-035-120,,002,035,"Module - Wiper Control, Intermittent",VMRS_HB_COMPLETE_v20 page 7_pages_76-100.md
002-035-121,,002,035,"Bracket - Remote Filler, Windshield Washer",VMRS_HB_COMPLETE_v20 page 7_pages_76-100.md
002-035-122,,002,035,"Filler - Remote, Windshield Washer",VMRS_HB_COMPLETE_v20 page 7_pages_76-100.md
002-035-123,,002,035,"Valve - Washer Relay, Headlamp",VMRS_HB_COMPLETE_v20 page 7_pages_76-100.md
002-035-124,,002,035,"Diaphragm - Pump, Windshield Washer",VMRS_HB_COMPLETE_v20 page 7_pages_76-100.md
002-035-125,,002,035,"Bushing - Shaft, Windshield Wiper",VMRS_HB_COMPLETE_v20 page 7_pages_76-100.md
002-035-126,,002,035,"O-Ring - Shaft, Windshield Wiper",VMRS_HB_COMPLETE_v20 page 7_pages_76-100.md
002-035-127,,002,035,"Retaining Ring - Shaft, Windshield Wiper",VMRS_HB_COMPLETE_v20 page 7_pages_76-100.md
002-035-128,,002,035,"Bellows - Shaft, Windshield Wiper",VMRS_HB_COMPLETE_v20 page 7_pages_76-100.md
002-035-129,,002,035,"Cap - Weather, Wiper Arm",VMRS_HB_COMPLETE_v20 page 7_pages_76-100.md
002-035-130,,002,035,"Bracket - Linkage, Wiper",VMRS_HB_COMPLETE_v20 page 7_pages_76-100.md
002-035-131,,002,035,Governor - Windshield Wiper,VMRS_HB_COMPLETE_v20 page 7_pages_76-100.md
002-035-132,,002,035,Bolt - Wiper Motor,VMRS_HB_COMPLETE_v20 page 7_pages_76-100.md
002-035-133,,002,035,Belay - Wiper Motor,VMRS_HB_COMPLETE_v20 page 7_pages_76-100.md
002-035-134,,002,035,Spring - Tension Wiper Arm,VMRS_HB_COMPLETE_v20 page 7_pages_76-100.md
002-035-135,,002,035,Shield - Protection Washer Reservoir,VMRS_HB_COMPLETE_v20 page 7_pages_76-100.md
002-005-105,,002,005,"Heat Shield - Reservoir, Windshield Washer",VMRS_HB_COMPLETE_v20 page 7_pages_76-100.md
002-005-100,,002,005,Service Kit - Winer Motor,VMRS_HB_COMPLETE_v20 page 7_pages_76-100.md
002-005-107,,002,005,Solenoid - Windshield Washer,VMRS_HB_COMPLETE_v20 page 7_pages_76-100.md
002-000-100,,002,000,Eitting Windshield Washer Water Line Hose,VMRS_HB_COMPLETE_v20 page 7_pages_76-100.md
002-000-109,,002,000,Tubo Dlumbing,VMRS_HB_COMPLETE_v20 page 7_pages_76-100.md
000-005-140,,000,005,Ding Windshield Wesher Weter Line Lless,VMRS_HB_COMPLETE_v20 page 7_pages_76-100.md
002-035-140,,002,035,"O-Ring - Windshield Washer, Water Line, Hose,",VMRS_HB_COMPLETE_v20 page 7_pages_76-100.md
000-005-444,,000,005,"Tube, Plumbing",VMRS_HB_COMPLETE_v20 page 7_pages_76-100.md
002-035-141,,002,035,Diode - wiper Control,VMRS_HB_COMPLETE_v20 page 7_pages_76-100.md
002-035-142,,002,035,Resistor - Wiper Control,VMRS_HB_COMPLETE_v20 page 7_pages_76-100.md
002-035-143,,002,035,Nozzle - Headlamp Washer,VMRS_HB_COMPLETE_v20 page 7_pages_76-100.md
002-035-144,,002,035,LINKage & Motor Assembly - Windshield Wiper,VMRS_HB_COMPLETE_v20 page 7_pages_76-100.md
002-035-145,,002,035,Sensor - Rain,VMRS_HB_COMPLETE_v20 page 7_pages_76-100.md
002-035-146,,002,035,Cap - Rain Sensor,VMRS_HB_COMPLETE_v20 page 7_pages_76-100.md
002-035-147,,002,035,Control Module - Rain Sensor,VMRS_HB_COMPLETE_v20 page 7_pages_76-100.md
002-035-148,,002,035,Cover - Rain Sensor,VMRS_HB_COMPLETE_v20 page 7_pages_76-100.md
002-035-149,,002,035,Wiring Harness - Rain Sensor,VMRS_HB_COMPLETE_v20 page 7_pages_76-100.md
002-035-150,,002,035,"Strainer - Fluid, Windshield Washer",VMRS_HB_COMPLETE_v20 page 7_pages_76-100.md
002-035-151,,002,035,"Insulator - Reservoir, Windshield Washer Fluid",VMRS_HB_COMPLETE_v20 page 7_pages_76-100.md
002-035-152,,002,035,"Drain Plug - Reservoir, Windshield Washer Fluid",VMRS_HB_COMPLETE_v20 page 7_pages_76-100.md
002-035-153,,002,035,"Tube - Pickup, Windshield Washer Fluid",VMRS_HB_COMPLETE_v20 page 7_pages_76-100.md
002-035-154,,002,035,"Gasket - Level Sensor, Windshield Washer Fluid",VMRS_HB_COMPLETE_v20 page 7_pages_76-100.md
002-035-155,,002,035,"Clamp - Hose, Windshield Washer",VMRS_HB_COMPLETE_v20 page 7_pages_76-100.md
002-035-156,,002,035,"Cover - Nozzle, Windshield Washer",VMRS_HB_COMPLETE_v20 page 7_pages_76-100.md
002-035-157,,002,035,"Gasket - Nozzle, Windshield Washer | 002-036-050 | Support - Cab Frame",VMRS_HB_COMPLETE_v20 page 7_pages_76-100.md
002-035-158,,002,035,"Heater - Nozzle, Windshield Washer | 002-036-051 | Hydraulic Hook Assembly - Lower",VMRS_HB_COMPLETE_v20 page 7_pages_76-100.md
002-035-159,,002,035,"Support - Nozzle, Windshield Washer | 002-036-052 | Latch Pin Assembly",VMRS_HB_COMPLETE_v20 page 7_pages_76-100.md
002-035-160,,002,035,Heat Shield - Windshield Washer Pump | 002-036-053 | Actuator Assembly - Cab Tilt,VMRS_HB_COMPLETE_v20 page 7_pages_76-100.md
002-035-161,,002,035,"Relay - Windshield Washer Pump | 002-036-054 | Hardware, Mounting - Lower Hydraulic Hook",VMRS_HB_COMPLETE_v20 page 7_pages_76-100.md
002-035-162,,002,035,Guide - Windshield Washer | 002 036 055 | AssemblyPin Cab Hingo,VMRS_HB_COMPLETE_v20 page 7_pages_76-100.md
002-035-164,,002,035,Control Onli - Windshield Wiper Arm | 002-030-055 | Pill - Cab Filling Mechanism,VMRS_HB_COMPLETE_v20 page 7_pages_76-100.md
002-035-165,,002,035,Plate - Lock Windshield Winer Arm | 002-036-057,VMRS_HB_COMPLETE_v20 page 7_pages_76-100.md
002-035-166,,002,035,Clamp - Windshield Wiper Blade | 002-036-058 | Spring - Bubber,VMRS_HB_COMPLETE_v20 page 7_pages_76-100.md
002-035-167,,002,035,Blade Set - Windshield Wiper | 002-036-059 | Anchor - Safety Stop,VMRS_HB_COMPLETE_v20 page 7_pages_76-100.md
002-035-168,,002,035,"Damper - Linkage, Windshield Wiper | 002-036-060 | Hardware, Mounting - Hood Hold Down Anchor",VMRS_HB_COMPLETE_v20 page 7_pages_76-100.md
002-035-169,,002,035,"Sleeve - Damper, Linkage, Windshield Wiper | 002-036-061 | Handle - Rubber",VMRS_HB_COMPLETE_v20 page 7_pages_76-100.md
002-035-170,,002,035,"Insulator - Linkage, Windshield Wiper | 002-036-062 | Anchor - Hood Hold-Down",VMRS_HB_COMPLETE_v20 page 7_pages_76-100.md
002-035-171,,002,035,"Sleeve - Linkage, Windshield Wiper | 002-036-064 | Pin - Safety Stop",VMRS_HB_COMPLETE_v20 page 7_pages_76-100.md
002-035-172,,002,035,"Cover - Motor, Windshield Wiper | 002-036-065 | Cotter Pin - Hold Down, Tilt Hood",VMRS_HB_COMPLETE_v20 page 7_pages_76-100.md
002-035-173,,002,035,"Insulator - Motor, Windshield Wiper | 002-036-066 | Bushing - Cab Lock Rod",VMRS_HB_COMPLETE_v20 page 7_pages_76-100.md
002-035-174,,002,035,"Switch - Park, Windshield Wiper Motor | 002-036-067 | Pin - Cab Lock Rod",VMRS_HB_COMPLETE_v20 page 7_pages_76-100.md
002-035-175,,002,035,"Holder - Hose, Windshield Washer | 002-036-068 | Rod - Release, Cab Lock",VMRS_HB_COMPLETE_v20 page 7_pages_76-100.md
002-035-176,,002,035,Filler Neck - Windshield Washer Tank | 002-036-069 | Bracket - Cab Lock Rod,VMRS_HB_COMPLETE_v20 page 7_pages_76-100.md
002-035-177,,002,035,Heating Unit - Windshield Washer | 002-036-070 | HOOK - Cab Lock,VMRS_HB_COMPLETE_v20 page 7_pages_76-100.md
002-036-003,,002,036,002-036-074 | Bod Assembly - Cab Latch/Lock,VMRS_HB_COMPLETE_v20 page 7_pages_76-100.md
002-000-004,,002,000,Springs - Cab Tilt Mechanism | 002-036-077 | Torsion Bar Assembly,VMRS_HB_COMPLETE_v20 page 7_pages_76-100.md
002-036-006,,002,036,Torsion Bar - Cab Tilt Mechanism | 002-036-078 | Support - Cab Stop,VMRS_HB_COMPLETE_v20 page 7_pages_76-100.md
002-036-007,,002,036,Latch - Safety Cab Tilt Mechanism | 002-036-079 | Support Assembly - Cab Pivot,VMRS_HB_COMPLETE_v20 page 7_pages_76-100.md
002-036-009,,002,036,Handle - Control Cab Jack | 002-036-080 | Hardware Mounting - Cab Pivot Support,VMRS_HB_COMPLETE_v20 page 7_pages_76-100.md
002-036-010,,002,036,Pin - Plunger Cab Jack Cross | 002 000 000 | Assembly,VMRS_HB_COMPLETE_v20 page 7_pages_76-100.md
002-036-011,,002,036,Clip - Cab Jack Handle | 002-036-081 | Support - Pivot Frame,VMRS_HB_COMPLETE_v20 page 7_pages_76-100.md
002-036-012,,002,036,"Repair Kit - Pump, Tilting Mechanism | 002-036-082 | Arm - Limiter. Cab Linkage",VMRS_HB_COMPLETE_v20 page 7_pages_76-100.md
002-036-013,,002,036,"Seal - Pump, Tilting Mechanism, Upper | 002-036-083 | Support - Limiter Arm",VMRS_HB_COMPLETE_v20 page 7_pages_76-100.md
002-036-014,,002,036,"Fill Plug - Pump, Cab Tilt Mechanism | 002-036-084 | Bushing - Cab Pivot",VMRS_HB_COMPLETE_v20 page 7_pages_76-100.md
002-036-015,,002,036,Bracket - Cab Jack Pump | 002-036-085 | Pad - Front Cab,VMRS_HB_COMPLETE_v20 page 7_pages_76-100.md
002-036-016,,002,036,Prop Rod - Cab | 002-036-086 | Reinforcement,VMRS_HB_COMPLETE_v20 page 7_pages_76-100.md
002-036-017,,002,036,"Bushing - Pump Piston Valve | 002-036-087 | Retaining Ring - Seat Frame, Cab Tilting",VMRS_HB_COMPLETE_v20 page 7_pages_76-100.md
002-036-018,,002,036,"Nut - Check Ball, Pump | | Mechanism",VMRS_HB_COMPLETE_v20 page 7_pages_76-100.md
002-036-019,,002,036,O-Ring - Hydraulic Cylinder | 002-036-088 | Air Inlet Assembly,VMRS_HB_COMPLETE_v20 page 7_pages_76-100.md
002-036-020,,002,036,"Spring - Strut, Hydraulic Cylinder | 002-036-089 | Ball - Cab Tilt",VMRS_HB_COMPLETE_v20 page 7_pages_76-100.md
002-036-021,,002,036,"Handle Assembly - Cab Latch | 002-036-090 | Motor - Air, Cab Tilt",VMRS_HB_COMPLETE_v20 page 7_pages_76-100.md
002-036-022,,002,036,Linkage - Cab Latch | 002-036-091 | Valve - Cab Tilt Pump,VMRS_HB_COMPLETE_v20 page 7_pages_76-100.md
002-036-023,,002,036,U-Bolt - Cab Latch | 002-036-092 | Fitting - Cab Tilt Pump,VMRS_HB_COMPLETE_v20 page 7_pages_76-100.md
002-036-024,,002,036,"Switch - Solenoid, Pump | 002-036-093 | Fitting - Cab Tilt Cylinder",VMRS_HB_COMPLETE_v20 page 7_pages_76-100.md
002-036-025,,002,036,"Spacer - Cab Cylinder | 002-036-094 | Strap, Solenoid - Tilt Pump",VMRS_HB_COMPLETE_v20 page 7_pages_76-100.md
002-036-026,,002,036,"Hardware, Mounting - Tilting Mechanism | 002-036-095 | Mounting Plate - Lock Release, Manual",VMRS_HB_COMPLETE_v20 page 7_pages_76-100.md
000-006-007,,000,006,"Assembly | 002-036-096 | Button - Air, Tilt Pump",VMRS_HB_COMPLETE_v20 page 7_pages_76-100.md
002-036-027,,002,036,Busning - PivotMounting - Dubbor Divot | 002-036-097 | O-Ring - Locking Mechanism,VMRS_HB_COMPLETE_v20 page 7_pages_76-100.md
002-030-029,,002,030,Nounting Bracket - Cylinder | 002-030-099 | Fision & Rou - Till Cylinder,VMRS_HB_COMPLETE_v20 page 7_pages_76-100.md
002-030-030,,002,030,Clamp Cushionod Pull Cablo | 002-030-100,VMRS_HB_COMPLETE_v20 page 7_pages_76-100.md
002-000-002,,002,000,Pin - Clevis Anchor Cable | 002-036-102 | Wiring Harness - Electric Tilt Pump,VMRS_HB_COMPLETE_v20 page 7_pages_76-100.md
002-036-034,,002,036,Plate - Pump | 002-036-104 | Housing - Cab Latch,VMRS_HB_COMPLETE_v20 page 7_pages_76-100.md
002-036-035,,002,036,"Cab Mount Assembly - Lower | 002-036-105 | Clip - Air Inlet, Tilting Mechanism",VMRS_HB_COMPLETE_v20 page 7_pages_76-100.md
002-036-036,,002,036,"Wear Pad - Cab Mount | 002-036-106 | Screen - Inlet Adapter, Tilting Mechanism",VMRS_HB_COMPLETE_v20 page 7_pages_76-100.md
002-036-037,,002,036,"Hardware, Mounting - Lower Cab Mount | 002-036-107 | Seal - Base, Motor, Tilting Mechanism",VMRS_HB_COMPLETE_v20 page 7_pages_76-100.md
002-036-108,,002,036,"Assembly | | Housing - Piston Rod, Tilting Mechanism",VMRS_HB_COMPLETE_v20 page 7_pages_76-100.md
002-036-038,,002,036,"Hook | 002-036-109 | Bearing - Base, Motor, Tilting Mechanism",VMRS_HB_COMPLETE_v20 page 7_pages_76-100.md
002-036-039,,002,036,"Spacer - Cab Tilt Mechanism | 002-036-110 | Boot - Motor, Tilting Mechanism",VMRS_HB_COMPLETE_v20 page 7_pages_76-100.md
002-036-040,,002,036,Roller - Cab Tilt Mechanism | 002-036-111 | Reservoir - Tilting Mechanism,VMRS_HB_COMPLETE_v20 page 7_pages_76-100.md
002-036-041,,002,036,Link | 002-036-112 | Plunger - Tilting Mechanism,VMRS_HB_COMPLETE_v20 page 7_pages_76-100.md
002-036-042,,002,036,"Pin - Link | 002-036-113 | Gland - Cylinder, Tilting Mechanism",VMRS_HB_COMPLETE_v20 page 7_pages_76-100.md
002-036-043,,002,036,"Plate - Trunnion | 002-036-114 | Spool - Pump, Tilt Mechanism",VMRS_HB_COMPLETE_v20 page 7_pages_76-100.md
002-036-044,,002,036,"Plate - Cylinder Mounting | 002-036-115 | Beam - Handle, Tilt Mechanism",VMRS_HB_COMPLETE_v20 page 7_pages_76-100.md
002-036-046,,002,036,"Cylinder Assembly - Cab Latch | 002-036-116 | Adapter - Inlet, Tilting Mechanism",VMRS_HB_COMPLETE_v20 page 7_pages_76-100.md
002-036-047,,002,036,Mounting Bracket - Cab | 002-036-117 | Solenoid - Pump. Tilt Mechanism,VMRS_HB_COMPLETE_v20 page 7_pages_76-100.md
002-036-048,,002,036,"Shim - Mounting, Cab Tilt Mechanism | 002-036-118 | Pump - Cab Tilt, Electric",VMRS_HB_COMPLETE_v20 page 7_pages_76-100.md
002-036-049,,002,036,"Mounting - Cab Latch, Rear | 002-036-119 | Sensor - Cab Lock",VMRS_HB_COMPLETE_v20 page 7_pages_76-100.md
002-036-120,,002,036,Plunger - Cab Lock,VMRS_HB_COMPLETE_v20 page 7_pages_76-100.md
002-036-121,,002,036,Switch - Cab Lock,VMRS_HB_COMPLETE_v20 page 7_pages_76-100.md
002-036-122,,002,036,"Bracket - Latch, Cab Mount",VMRS_HB_COMPLETE_v20 page 7_pages_76-100.md
002-036-123,,002,036,"Fastener - Air Unit, Tilt Pump",VMRS_HB_COMPLETE_v20 page 7_pages_76-100.md
002-036-124,,002,036,Seat Assembly - Tilt Mechanism. Outlet,VMRS_HB_COMPLETE_v20 page 7_pages_76-100.md
002-036-125,,002,036,Clamp - Cab Tilt Stav,VMRS_HB_COMPLETE_v20 page 7_pages_76-100.md
002-036-126,,002,036,"Clamp - Torsion Bar, Cab Tilt Mechanism",VMRS_HB_COMPLETE_v20 page 7_pages_76-100.md
002-036-127,,002,036,Plate Latch Cab Mount,VMRS_HB_COMPLETE_v20 page 7_pages_76-100.md
002-000-127,,002,000,Spring Hook Cab Lock,VMRS_HB_COMPLETE_v20 page 7_pages_76-100.md
002-030-120,,002,030,"Spiring - Nook, Cab Lock",VMRS_HB_COMPLETE_v20 page 7_pages_76-100.md
002-030-129,,002,030,Bushing - Cab Laten,VMRS_HB_COMPLETE_v20 page 7_pages_76-100.md
002-036-130,,002,036,"Hardware, Mounting - Linkage, Cab Latch",VMRS_HB_COMPLETE_v20 page 7_pages_76-100.md
002-036-131,,002,036,"Bracket - Torsion Bar, Tilt Cab",VMRS_HB_COMPLETE_v20 page 7_pages_76-100.md
002-036-132,,002,036,Handle - Cab Hold-Down Control,VMRS_HB_COMPLETE_v20 page 7_pages_76-100.md
002-036-133,,002,036,Rod - Cab Hold-Down,VMRS_HB_COMPLETE_v20 page 7_pages_76-100.md
002-036-134,,002,036,Hook - Cab Hold-Down,VMRS_HB_COMPLETE_v20 page 7_pages_76-100.md
002-036-135,,002,036,Bracket - Cab Hold-Down,VMRS_HB_COMPLETE_v20 page 7_pages_76-100.md
002-036-136,,002,036,Reinforcements - Cab Hold-Down,VMRS_HB_COMPLETE_v20 page 7_pages_76-100.md
002-036-137,,002,036,Joint - Cab Hold-Down Rod,VMRS_HB_COMPLETE_v20 page 7_pages_76-100.md
002-036-138,,002,036,Hinge - Cab,VMRS_HB_COMPLETE_v20 page 7_pages_76-100.md
002-036-139,,002,036,Bushing - Cab Hinge,VMRS_HB_COMPLETE_v20 page 7_pages_76-100.md
002-036-140,,002,036,Pin - Bushing Cab Hinge,VMRS_HB_COMPLETE_v20 page 7_pages_76-100.md
002-036-141,,002,036,Cable - Safety Cab Hold-Down,VMRS_HB_COMPLETE_v20 page 7_pages_76-100.md
002-036-147,,002,036,Lever - Lock Cab Tilt,VMRS_HB_COMPLETE_v20 page 7_pages_76-100.md
002-036-142,,002,036,Dump Lover and Selector Knob Cab Tilt,VMRS_HB_COMPLETE_v20 page 7_pages_76-100.md
002-030-143,,002,030,Pullip Level and Selector Knob - Cab Till,VMRS_HB_COMPLETE_v20 page 7_pages_76-100.md
002-030-144,,002,030,Relay - Cab Till,VMRS_HB_COMPLETE_v20 page 7_pages_76-100.md
002-037-000,,002,037,Seats,VMRS_HB_COMPLETE_v20 page 7_pages_76-100.md
002-037-001,,002,037,Repair Kit - Seat,VMRS_HB_COMPLETE_v20 page 7_pages_76-100.md
002-037-002,,002,037,Seat Assembly - Complete,VMRS_HB_COMPLETE_v20 page 7_pages_76-100.md
002-037-003,,002,037,Seat Assembly,VMRS_HB_COMPLETE_v20 page 7_pages_76-100.md
002-037-004,,002,037,Switch - Heated Seat,VMRS_HB_COMPLETE_v20 page 7_pages_76-100.md
002-037-005,,002,037,"Seat Assembly - Passenger, Rear",VMRS_HB_COMPLETE_v20 page 7_pages_76-100.md
002-037-006,,002,037,Grommet - Thigh Extension,VMRS_HB_COMPLETE_v20 page 7_pages_76-100.md
002-037-007,,002,037,"Seat Assembly - Passenger, Front",VMRS_HB_COMPLETE_v20 page 7_pages_76-100.md
002-037-008,,002,037,"Seat - Auxiliary, Cab",VMRS_HB_COMPLETE_v20 page 7_pages_76-100.md
002-037-009,,002,037,"Bracket - Switch, Heated Seat",VMRS_HB_COMPLETE_v20 page 7_pages_76-100.md
002-037-010,,002,037,Cooling Unit - Seat Climate Controlled,VMRS_HB_COMPLETE_v20 page 7_pages_76-100.md
002-037-011,,002,037,Module - Seat Climate Control,VMRS_HB_COMPLETE_v20 page 7_pages_76-100.md
002-037-012,,002,037,"Switch - Seat, Climate Control",VMRS_HB_COMPLETE_v20 page 7_pages_76-100.md
002-037-013,,002,037,Air Filter Seat Climate Controlled,VMRS_HB_COMPLETE_v20 page 7_pages_76-100.md
002-037-014,,002,037,"Air Filler - Seal, Climate Controlled",VMRS_HB_COMPLETE_v20 page 7_pages_76-100.md
002-037-015,,002,037,"Motor - Biower, Seat, Climate Controlled",VMRS_HB_COMPLETE_v20 page 7_pages_76-100.md
002-037-016,,002,037,"Seat Assembly - Driver Side, Front",VMRS_HB_COMPLETE_v20 page 7_pages_76-100.md
002-037-017,,002,037,"Fan Assembly - Seat, Climate Controlled",VMRS_HB_COMPLETE_v20 page 7_pages_76-100.md
002-038-000,,002,038,Deflector - Non-Aerodynamic,VMRS_HB_COMPLETE_v20 page 7_pages_76-100.md
002-038-001,,002,038,Deflector - Insect/Bug,VMRS_HB_COMPLETE_v20 page 7_pages_76-100.md
002-039-000,,002,039,"Cab Guard Assembly, Headache Rack",VMRS_HB_COMPLETE_v20 page 7_pages_76-100.md
002-039-001,,002,039,"Guard - Cab, Frame Mounted (Headache Rack)",VMRS_HB_COMPLETE_v20 page 7_pages_76-100.md
002-039-002,,002,039,"Hardware, Mounting - Frame Mounted Cab",VMRS_HB_COMPLETE_v20 page 7_pages_76-100.md
002-039-003,,002,039,Window - Cab Guard,VMRS_HB_COMPLETE_v20 page 7_pages_76-100.md
002-039-004,,002,039,Mounting Plate - Cab Guard,VMRS_HB_COMPLETE_v20 page 7_pages_76-100.md
002-039-005,,002,039,Weldment - Cab Guard,VMRS_HB_COMPLETE_v20 page 7_pages_76-100.md
002-039-006,,002,039,Box - Cab Guard/Headache Back,VMRS_HB_COMPLETE_v20 page 7_pages_76-100.md
002-039-007,,002,039,"Lid - Box, Cab Guard/Headache Back",VMRS_HB_COMPLETE_v20 page 7_pages_76-100.md
002-039-008,,002,039,Grab Handle - Cab Guard (Headache Back),VMRS_HB_COMPLETE_v20 page 7_pages_76-100.md
002-040-000,,002,040,Cab Entry Assists,VMRS_HB_COMPLETE_v20 page 7_pages_76-100.md
002-040-001,,002,040,Laddor Assist Cab Entry,VMRS_HB_COMPLETE_v20 page 7_pages_76-100.md
002-040-002,,002,040,"Step - Assist, Cab Entry (Off Cab)",VMRS_HB_COMPLETE_v20 page 7_pages_76-100.md
002-040-003,,002,040,"Handle, Assist - Cab Entry",VMRS_HB_COMPLETE_v20 page 7_pages_76-100.md
002-040-004,,002,040,Insulator - Handle Assist,VMRS_HB_COMPLETE_v20 page 7_pages_76-100.md
002-040-005,,002,040,"Hardware, Mounting - Cab Entry Assist Ladder",VMRS_HB_COMPLETE_v20 page 7_pages_76-100.md
002-040-006,,002,040,Gasket - Ladder,VMRS_HB_COMPLETE_v20 page 7_pages_76-100.md
002-040-007,,002,040,Plate - Side Step,VMRS_HB_COMPLETE_v20 page 7_pages_76-100.md
002-040-008,,002,040,Step,VMRS_HB_COMPLETE_v20 page 7_pages_76-100.md
002-040-010,,002,040,Spacer - Step,VMRS_HB_COMPLETE_v20 page 7_pages_76-100.md
002-040-012,,002,040,Tee S Stanch - Grab Rail,VMRS_HB_COMPLETE_v20 page 7_pages_76-100.md
002-040-013,,002,040,Assembly - Deployable Step,VMRS_HB_COMPLETE_v20 page 7_pages_76-100.md
002-040-014,,002,040,Bracket - Deployable Step,VMRS_HB_COMPLETE_v20 page 7_pages_76-100.md
002-040-015,,002,040,Bearing - Deployable Step,VMRS_HB_COMPLETE_v20 page 7_pages_76-100.md
002-040-016,,002,040,Motor - Deployable Step,VMRS_HB_COMPLETE_v20 page 7_pages_76-100.md
002-040-017,,002,040,Pin - Deployable Step,VMRS_HB_COMPLETE_v20 page 7_pages_76-100.md
002-040-018,,002,040,Swivel - Deployable Step,VMRS_HB_COMPLETE_v20 page 7_pages_76-100.md
002-040-019,,002,040,Rod - Deployable Step,VMRS_HB_COMPLETE_v20 page 7_pages_76-100.md
002-040-020,,002,040,Retainer - Deployable Step,VMRS_HB_COMPLETE_v20 page 7_pages_76-100.md
002-040-021,,002,040,"Hardware, Mounting - Deployable Step",VMRS_HB_COMPLETE_v20 page 7_pages_76-100.md
002-040-022,,002,040,Frame Assembly - Deployable Step,VMRS_HB_COMPLETE_v20 page 7_pages_76-100.md
002-040-023,,002,040,Cover - Deployable Step,VMRS_HB_COMPLETE_v20 page 7_pages_76-100.md
002-040-024,,002,040,Step - Deployable Step,VMRS_HB_COMPLETE_v20 page 7_pages_76-100.md
002-040-025,,002,040,Buzzer - Deplovable Step,VMRS_HB_COMPLETE_v20 page 7_pages_76-100.md
002-040-026,,002,040,"Module, ECU - Deployable Step",VMRS_HB_COMPLETE_v20 page 7_pages_76-100.md
002-040-027,,002,040,Sensor - Deployable Step,VMRS_HB_COMPLETE_v20 page 7_pages_76-100.md
002-040-028,,002,040,Switch - Deployable Step,VMRS_HB_COMPLETE_v20 page 7_pages_76-100.md
002-040-030,,002,040,Software - Deployable Step,VMRS_HB_COMPLETE_v20 page 7_pages_76-100.md
002-040-037,,002,040,Relay Doployable Stop,VMRS_HB_COMPLETE_v20 page 7_pages_76-100.md
002-040-032,,002,040,Relay - Deployable Step,VMRS_HB_COMPLETE_v20 page 7_pages_76-100.md
002-040-033,,002,040,Slide Deployable Step,VMRS_HB_COMPLETE_v20 page 7_pages_76-100.md
002-040-034,,002,040,Slide - Deployable Step,VMRS_HB_COMPLETE_v20 page 7_pages_76-100.md
002-040-035,,002,040,Clevis - Deployable Step,VMRS_HB_COMPLETE_v20 page 7_pages_76-100.md
002-040-036,,002,040,Wiring Harness - Deployable Step,VMRS_HB_COMPLETE_v20 page 7_pages_76-100.md
002-040-038,,002,040,Plate - Deployable Step,VMRS_HB_COMPLETE_v20 page 7_pages_76-100.md
002-040-039,,002,040,Panel - Deployable Step,VMRS_HB_COMPLETE_v20 page 7_pages_76-100.md
002-040-040,,002,040,Retainer - Deployable Step,VMRS_HB_COMPLETE_v20 page 7_pages_76-100.md
002-040-041,,002,040,Stop - Deployable Step,VMRS_HB_COMPLETE_v20 page 7_pages_76-100.md
002-040-042,,002,040,Support - Deployable Step,VMRS_HB_COMPLETE_v20 page 7_pages_76-100.md
002-040-043,,002,040,"Thermostat, Step - Side Heated",VMRS_HB_COMPLETE_v20 page 7_pages_76-100.md
002-040-044,,002,040,"Step, Door - Side Exit",VMRS_HB_COMPLETE_v20 page 7_pages_76-100.md
002-040-045,,002,040,"Hardware, Mounting - Step, Cab Entry Assist",VMRS_HB_COMPLETE_v20 page 7_pages_76-100.md
002-040-046,,002,040,Storage - Deployable Step,VMRS_HB_COMPLETE_v20 page 7_pages_76-100.md
002-040-047,,002,040,"Bracket - Step, Cab Entry",VMRS_HB_COMPLETE_v20 page 7_pages_76-100.md
002-040-048,,002,040,"Insulator - Step, Cab Entry",VMRS_HB_COMPLETE_v20 page 7_pages_76-100.md
002-040-049,,002,040,"Reinforcement - Assist Handle, Cab Entry",VMRS_HB_COMPLETE_v20 page 7_pages_76-100.md
002-040-050,,002,040,"Gasket - Assist Handle, Cab Entry",VMRS_HB_COMPLETE_v20 page 7_pages_76-100.md
002-040-051,,002,040,"Bracket - Assist Handle, Cab Entry",VMRS_HB_COMPLETE_v20 page 7_pages_76-100.md
002-040-052,,002,040,"Shim - Front Slide, Deployable Step",VMRS_HB_COMPLETE_v20 page 7_pages_76-100.md
002-040-053,,002,040,"Panel - Side, Body Step",VMRS_HB_COMPLETE_v20 page 7_pages_76-100.md
002-040-054,,002,040,Mud Flap - Deployable Step,VMRS_HB_COMPLETE_v20 page 7_pages_76-100.md
002-040-055,,002,040,Spacer - Assist Handle Cab Entry,VMRS_HB_COMPLETE_v20 page 7_pages_76-100.md
002-040-056,,002,040,Kick Plate - Sten Cab Entry,VMRS_HB_COMPLETE_v20 page 7_pages_76-100.md
002-040-057,,002,040,Insulation - Stepwell,VMRS_HB_COMPLETE_v20 page 7_pages_76-100.md
002-040-058,,002,040,Reinforcement - Skirting Stepwell,VMRS_HB_COMPLETE_v20 page 7_pages_76-100.md
002-040-059,,002,040,Mat Stop Cab Entry,VMRS_HB_COMPLETE_v20 page 7_pages_76-100.md
002-040-061,,002,040,"Mai - Siep, Cab EntryBracket Kick Dista Stop Cab Entry",VMRS_HB_COMPLETE_v20 page 7_pages_76-100.md
002-040-062,,002,040,"Cap - Strap, Passenger Assist",VMRS_HB_COMPLETE_v20 page 7_pages_76-100.md
002-040-063,,002,040,Cap - Grip Handle,VMRS_HB_COMPLETE_v20 page 7_pages_76-100.md
002-041-000,,002,041,"Guard - Overnead, Operator Protection",VMRS_HB_COMPLETE_v20 page 7_pages_76-100.md
002-041-001,,002,041,Guard Assembly - Operator Protection,VMRS_HB_COMPLETE_v20 page 7_pages_76-100.md
002-041-002,,002,041,"Bracket - Root, Operator Protection",VMRS_HB_COMPLETE_v20 page 7_pages_76-100.md
002-041-003,,002,041,Frame - Operator Protection,VMRS_HB_COMPLETE_v20 page 7_pages_76-100.md
002-041-004,,002,041,"Lock - Handle, Operator Protection",VMRS_HB_COMPLETE_v20 page 7_pages_76-100.md
002-041-005,,002,041,Shaft - Operator Protection,VMRS_HB_COMPLETE_v20 page 7_pages_76-100.md
002-041-006,,002,041,Shock Absorber - Operator Protection,VMRS_HB_COMPLETE_v20 page 7_pages_76-100.md
002-041-007,,002,041,"Switch - Roof, Operator Protection",VMRS_HB_COMPLETE_v20 page 7_pages_76-100.md
002-042-000,,002,042,Crosswalk (Deckplate) - Frame,VMRS_HB_COMPLETE_v20 page 7_pages_76-100.md
002-042-001,,002,042,Plate - Deck,VMRS_HB_COMPLETE_v20 page 7_pages_76-100.md
002-042-002,,002,042,Bracket - Deck Plate,VMRS_HB_COMPLETE_v20 page 7_pages_76-100.md
002-042-003,,002,042,Bolt - Deck Plate,VMRS_HB_COMPLETE_v20 page 7_pages_76-100.md
002-042-004,,002,042,"Clip - Hold-Down, Deck Plate",VMRS_HB_COMPLETE_v20 page 7_pages_76-100.md
002-042-005,,002,042,Washer - Diamond,VMRS_HB_COMPLETE_v20 page 7_pages_76-100.md
002-042-006,,002,042,Lever Assembly - Deck Plate,VMRS_HB_COMPLETE_v20 page 7_pages_76-100.md
002-042-007,,002,042,Pad - Deck Plate,VMRS_HB_COMPLETE_v20 page 7_pages_76-100.md
002-042-008,,002,042,Reinforcement - Deck Plate,VMRS_HB_COMPLETE_v20 page 7_pages_76-100.md
002-042-009,,002,042,Guide - Deck Plate,VMRS_HB_COMPLETE_v20 page 7_pages_76-100.md
002-042-010,,002,042,Gasket - Deck Plate,VMRS_HB_COMPLETE_v20 page 7_pages_76-100.md
002-042-011,,002,042,"Bushing - Rod, Deck Plate",VMRS_HB_COMPLETE_v20 page 7_pages_76-100.md
002-042-012,,002,042,"Latch - Hold-Down, Deck Plate",VMRS_HB_COMPLETE_v20 page 7_pages_76-100.md
002-042-013,,002,042,Spring - Deck Plate,VMRS_HB_COMPLETE_v20 page 7_pages_76-100.md
002-042-014,,002,042,End Cap - Deck Plate,VMRS_HB_COMPLETE_v20 page 7_pages_76-100.md
002-044-000,,002,044,Cab,VMRS_HB_COMPLETE_v20 page 7_pages_76-100.md
002-044-001,,002,044,Cab Assembly - Complete,VMRS_HB_COMPLETE_v20 page 7_pages_76-100.md
,011-001,011,001,30L | cas nooning officio,VMRS_HB_COMPLETE_v20 page 7_pages_76-100.md
002-044-002,,002,044,"Cab Assembly - Service Cab | 002-046-045 | Seal - Side Door, Special Application",VMRS_HB_COMPLETE_v20 page 7_pages_76-100.md
002-044-003,,002,044,"Sidewall - Cab | 002-046-046 | Seal - Half Bulb, Trim",VMRS_HB_COMPLETE_v20 page 7_pages_76-100.md
002-044-004,,002,044,"Panel - Cab, Left | 002-046-048 | Seal - Rubber, View Window",VMRS_HB_COMPLETE_v20 page 7_pages_76-100.md
002-044-005,,002,044,"Heat Shield - Cab | 002-046-049 | Strip - Filler, View Window",VMRS_HB_COMPLETE_v20 page 7_pages_76-100.md
002-044-006,,002,044,Seal - Cab Panel | 002-046-050 | Trim - View Window,VMRS_HB_COMPLETE_v20 page 7_pages_76-100.md
002-044-007,,002,044,Heat Shield - Recessed | 002-046-051 | Angle - Door Pull,VMRS_HB_COMPLETE_v20 page 7_pages_76-100.md
002-044-008,,002,044,Strut - Cab. Heat Shield | 002-046-052 | Window Assembly - Sliding,VMRS_HB_COMPLETE_v20 page 7_pages_76-100.md
002-044-009,,002,044,Grommet - Heat Shield | 002-046-053 | Seal - Window,VMRS_HB_COMPLETE_v20 page 7_pages_76-100.md
002-044-010,,002,044,Panel - Cab Front Center | 002-046-054 | Strin - Locking Seal,VMRS_HB_COMPLETE_v20 page 7_pages_76-100.md
002-044-011,,002,044,Banal Cab Dight | 002-040-055 | Hack & Latch Assembly,VMRS_HB_COMPLETE_v20 page 7_pages_76-100.md
002-044-012,,002,044,"Faller Cab, Night | 002-040-050 | Hordware Mounting Hood & Lateh Accomply",VMRS_HB_COMPLETE_v20 page 7_pages_76-100.md
002-044-013,,002,044,"Filler - Cabin Ali, Cab | 002-040-057 | Hardware, Mounting - Hood & Latch Assembly",VMRS_HB_COMPLETE_v20 page 7_pages_76-100.md
002-044-014,,002,044,wiring Harness - Cab | 002-046-059 | Clip - Pullback Spring,VMRS_HB_COMPLETE_v20 page 7_pages_76-100.md
002-044-015,,002,044,"lag - Data Storage, Cab | 002-046-060 | Cable - Pull Latch Release",VMRS_HB_COMPLETE_v20 page 7_pages_76-100.md
002-044-016,,002,044,"Cover - Cabin Air Filter | 002-046-061 | Bracket, Hose - Stand Off",VMRS_HB_COMPLETE_v20 page 7_pages_76-100.md
002-044-017,,002,044,"Housing - Cabin Air Filter | 002-046-062 | Pin - Clevis, Folding Door Assembly",VMRS_HB_COMPLETE_v20 page 7_pages_76-100.md
002-044-018,,002,044,"Drain Valve - Housing, Cabin Air Filter | 002-046-063 | Clamp - Cushioned Holder, Exterior",VMRS_HB_COMPLETE_v20 page 7_pages_76-100.md
002-044-019,,002,044,"Trim - Exterior | 002-046-064 | Bracket - Door Holder, Exterior",VMRS_HB_COMPLETE_v20 page 7_pages_76-100.md
002-045-000,,002,045,Insulator - Engine Noise | 002-046-065 | Stop -Slide,VMRS_HB_COMPLETE_v20 page 7_pages_76-100.md
002-045-001,,002,045,Mounting Bracket - Engine Noise Insulator | 002-046-066 | Catch - Lock,VMRS_HB_COMPLETE_v20 page 7_pages_76-100.md
002-045-002,,002,045,"Retaining Spring - Hood Insulation | 002-046-067 | Post - Stationary Glass, Center",VMRS_HB_COMPLETE_v20 page 7_pages_76-100.md
002-045-003,,002,045,Noise Shield - Engine | 002-046-068 | Key - Corner,VMRS_HB_COMPLETE_v20 page 7_pages_76-100.md
002-045-004,,002,045,"Screen - Intake, Hood | 002-046-069 | Glazing - Vinyl, Center Post",VMRS_HB_COMPLETE_v20 page 7_pages_76-100.md
002-045-005,,002,045,"Bracket - Noise Shield, Engine | 002-046-070 | Bar - Rear",VMRS_HB_COMPLETE_v20 page 7_pages_76-100.md
002-046-000,,002,046,"Side Door - Special Application | 002-046-071 | Member - Sliding Glass Window, Lower",VMRS_HB_COMPLETE_v20 page 7_pages_76-100.md
002-046-001,,002,046,"Folding Door Assembly | 002-046-072 | Member - Center, Sliding Glass Window",VMRS_HB_COMPLETE_v20 page 7_pages_76-100.md
002-046-002,,002,046,Roller Bracket Weld Assembly - Folding Door | 002-046-073 | Rubber - Elocked Sliding Glass Window,VMRS_HB_COMPLETE_v20 page 7_pages_76-100.md
002-046-003,,002,046,"Door Stop - Overhead, Folding Door | 002-046-070 | Seal - Flocked, Sliding Glass Window",VMRS_HB_COMPLETE_v20 page 7_pages_76-100.md
002-046-007,,002,046,"Relainer - Rubber, Glass, Opper Forward | 000 040 070 | Lock Handle",VMRS_HB_COMPLETE_v20 page 7_pages_76-100.md
002-046-008,,002,046,"Nosing - Rubber, Entrance Door | 002-046-079 | Pouch - Bag",VMRS_HB_COMPLETE_v20 page 7_pages_76-100.md
002-046-009,,002,046,Door Assembly - Forward | 002-046-080 | Cover - Bag,VMRS_HB_COMPLETE_v20 page 7_pages_76-100.md
002-046-010,,002,046,"Retainer - Rubber, Lower Glass | 002-046-082 | Damper - Multiple Lock",VMRS_HB_COMPLETE_v20 page 7_pages_76-100.md
002-046-011,,002,046,"Retainer - Canvas, Forward | 002-046-083 | Mounting Bracket - Left, Folding Door Assembly",VMRS_HB_COMPLETE_v20 page 7_pages_76-100.md
002-046-012,,002,046,"Hinge Assembly - Step, Center | 002-046-084 | Mounting Bracket - Right, Folding Door",VMRS_HB_COMPLETE_v20 page 7_pages_76-100.md
002-046-013,,002,046,"Retainer - Rubber, Entrance Door, Lower | | Assembly",VMRS_HB_COMPLETE_v20 page 7_pages_76-100.md
002-046-085,,002,046,"Forward | | Hardware, Mounting - Folding Door Assembly",VMRS_HB_COMPLETE_v20 page 7_pages_76-100.md
002-046-014,,002,046,"Seal - Rubber, Door, Lower Aft | 002-046-086 | Bracket - Front, Center",VMRS_HB_COMPLETE_v20 page 7_pages_76-100.md
002-046-015,,002,046,Door Assembly - Aft | 002-046-087 | Molding - Trim,VMRS_HB_COMPLETE_v20 page 7_pages_76-100.md
002-046-016,,002,046,"Retainer - Rubber, Folding Door, Upper Forward | 002-046-088 | Cover - Side Mount",VMRS_HB_COMPLETE_v20 page 7_pages_76-100.md
002-046-017,,002,046,"Seal - Rubber, Door Upper | 002-046-091 | Hardware. Mounting - Forward Canvas Cover",VMRS_HB_COMPLETE_v20 page 7_pages_76-100.md
002-046-018,,002,046,"Control Assembly - Door | 002-046-094 | Emblem - Side Door, Special Applications",VMRS_HB_COMPLETE_v20 page 7_pages_76-100.md
002-046-019,,002,046,"Housing Assembly - Door Warning Lamp Switch | 002-046-095 | Frame, Single Door - Wheelchair Lift",VMRS_HB_COMPLETE_v20 page 7_pages_76-100.md
002-046-020,,002,046,Switch - Door Warning Lamp | 002-046-096 | Seal Single Door - Wheelchair Lift,VMRS_HB_COMPLETE_v20 page 7_pages_76-100.md
002-046-021,,002,046,Emergency Door Assembly - Side | 002-046-097 | Latch Single Door - Wheelchair Lift,VMRS_HB_COMPLETE_v20 page 7_pages_76-100.md
002-046-027,,002,046,Frame Assembly - Upper | 002-047-000 | Vent Assembly Components,VMRS_HB_COMPLETE_v20 page 7_pages_76-100.md
002-046-028,,002,046,"Frame Assembly - Side Emergency Door, Lower | 002-047-001 | Vent Assembly",VMRS_HB_COMPLETE_v20 page 7_pages_76-100.md
002-046-029,,002,046,Panel - Outer Upper | 002-047-002 | Gasket - Vent Mounting,VMRS_HB_COMPLETE_v20 page 7_pages_76-100.md
002-046-030,,002,046,Panel - Outer Lower | 002-047-003 | Box - Vent Adapter,VMRS_HB_COMPLETE_v20 page 7_pages_76-100.md
002-046-031,,002,046,Spacer - Frame | 002-047-004 | Cover - Vent Trim,VMRS_HB_COMPLETE_v20 page 7_pages_76-100.md
002-046-032,,002,046,Panel - Inner Upper | 002-047-005 | Bezel - Ventilator,VMRS_HB_COMPLETE_v20 page 7_pages_76-100.md
002-046-033,,002,046,Panel - Inner Lower | 002-047-006 | Filter - Ventilator,VMRS_HB_COMPLETE_v20 page 7_pages_76-100.md
002-046-034,,002,046,S-Nut | 002-047-007 | Grille - Ventilator,VMRS_HB_COMPLETE_v20 page 7_pages_76-100.md
002-046-035,,002,046,Support - Window | 002-047-008 | Bracket - Vent Assembly,VMRS_HB_COMPLETE_v20 page 7_pages_76-100.md
002-046-036,,002,046,Hinge - Door Side Special Application | 002-047-009 | Hardware Mounting - Vent Assembly,VMRS_HB_COMPLETE_v20 page 7_pages_76-100.md
002-046-037,,002,046,"Hardware, Mounting - Side Door Hinge, Special | 002-047-010 | Molding - Drip. Vent",VMRS_HB_COMPLETE_v20 page 7_pages_76-100.md
002-047-011,,002,047,Application Body | | Spring - Compression Door Vent,VMRS_HB_COMPLETE_v20 page 7_pages_76-100.md
002-046-038,,002,046,Hinge - Door Middle | 002-047-012 | Boller - Bod Vent Cab/Sleeper,VMRS_HB_COMPLETE_v20 page 7_pages_76-100.md
002-040-009,,002,040,002-047-013 | Knoh - Vant Cab/Slooner,VMRS_HB_COMPLETE_v20 page 7_pages_76-100.md
002-046-043,,002,046,Seal - Door Laich | 002-048-000 | Opholstery Inim - Cab,VMRS_HB_COMPLETE_v20 page 7_pages_76-100.md
002-046-044,,002,046,Seal - Folding Door | 002-048-001 | Cover - Header,VMRS_HB_COMPLETE_v20 page 7_pages_76-100.md
002-049-077,,002,049,Pad Doof Cab Front,VMRS_HB_COMPLETE_v20 page 7_pages_76-100.md
002-040-077,,002,040,"Fau - Nooi, Cab, Fionic",VMRS_HB_COMPLETE_v20 page 7_pages_76-100.md
002-048-078,,002,048,"Pad - Bulkhead, Center",VMRS_HB_COMPLETE_v20 page 7_pages_76-100.md
002-048-079,,002,048,"Pad - Bulkhead, Side",VMRS_HB_COMPLETE_v20 page 7_pages_76-100.md
002-048-080,,002,048,"Pad - Roof, Rear",VMRS_HB_COMPLETE_v20 page 7_pages_76-100.md
002-048-081,,002,048,Pad - Header,VMRS_HB_COMPLETE_v20 page 7_pages_76-100.md
002-048-082,,002,048,Pouch - Storage,VMRS_HB_COMPLETE_v20 page 7_pages_76-100.md
002-048-083,,002,048,Emblem - Cab Upholstery Trim,VMRS_HB_COMPLETE_v20 page 7_pages_76-100.md
002-048-084,,002,048,Fastener - Emblem,VMRS_HB_COMPLETE_v20 page 7_pages_76-100.md
002-048-085,,002,048,Cover - Bunk,VMRS_HB_COMPLETE_v20 page 7_pages_76-100.md
002-048-086,,002,048,Curtain - Privacy,VMRS_HB_COMPLETE_v20 page 7_pages_76-100.md
002-048-087,,002,048,Curtain - Bunk,VMRS_HB_COMPLETE_v20 page 7_pages_76-100.md
002-048-089,,002,048,"Plate - Tap, Curtain Mounting",VMRS_HB_COMPLETE_v20 page 7_pages_76-100.md
002-048-090,,002,048,Snap - Curtain,VMRS_HB_COMPLETE_v20 page 7_pages_76-100.md
002-048-092,,002,048,Mat - Cab Floor,VMRS_HB_COMPLETE_v20 page 7_pages_76-100.md
002-048-093,,002,048,"Tray - Storage, Overhead",VMRS_HB_COMPLETE_v20 page 7_pages_76-100.md
002-048-094,,002,048,Compartment - Over Door,VMRS_HB_COMPLETE_v20 page 7_pages_76-100.md
002-048-095,,002,048,Cover - Roof Bow,VMRS_HB_COMPLETE_v20 page 7_pages_76-100.md
002-048-096,,002,048,Net - Compartment,VMRS_HB_COMPLETE_v20 page 7_pages_76-100.md
002-048-097,,002,048,Restraint - Bunk,VMRS_HB_COMPLETE_v20 page 7_pages_76-100.md
002-048-098,,002,048,Mount Assembly - Bunk Curtain,VMRS_HB_COMPLETE_v20 page 7_pages_76-100.md
002-048-000,,002,048,Glido - Curtain,VMRS_HB_COMPLETE_v20 page 7_pages_76-100.md
002-040-100,,002,040,End Cap - Curtain Side,VMRS_HB_COMPLETE_v20 page 7_pages_76-100.md
002-048-101,,002,048,Iray - End Bunk,VMRS_HB_COMPLETE_v20 page 7_pages_76-100.md
002-048-102,,002,048,Trim - Header Pad,VMRS_HB_COMPLETE_v20 page 7_pages_76-100.md
002-048-103,,002,048,Trim - Mullion,VMRS_HB_COMPLETE_v20 page 7_pages_76-100.md
002-048-105,,002,048,Cover - Vent Box,VMRS_HB_COMPLETE_v20 page 7_pages_76-100.md
002-048-106,,002,048,Foot Rest - Cab Floor,VMRS_HB_COMPLETE_v20 page 7_pages_76-100.md
002-048-107,,002,048,Trim - Header,VMRS_HB_COMPLETE_v20 page 7_pages_76-100.md
002-048-108,,002,048,Carpet - Kick Panel,VMRS_HB_COMPLETE_v20 page 7_pages_76-100.md
002-048-109,,002,048,Pin - Restraint Release,VMRS_HB_COMPLETE_v20 page 7_pages_76-100.md
002-048-110,,002,048,Angle - Curtain,VMRS_HB_COMPLETE_v20 page 7_pages_76-100.md
002-048-111,,002,048,"Hardware, Mounting - Header Pad Trim",VMRS_HB_COMPLETE_v20 page 7_pages_76-100.md
002-048-112,,002,048,Pad - Closet Wall,VMRS_HB_COMPLETE_v20 page 7_pages_76-100.md
002-048-114,,002,048,Pad - Bunk Forward,VMRS_HB_COMPLETE_v20 page 7_pages_76-100.md
002-048-115,,002,048,Pad - Bunk Bear,VMRS_HB_COMPLETE_v20 page 7_pages_76-100.md
002-048-116,,002,048,Trim - Bunk Catch,VMRS_HB_COMPLETE_v20 page 7_pages_76-100.md
002-048-117,,002,048,Cable - Bunk Catch,VMRS_HB_COMPLETE_v20 page 7_pages_76-100.md
002-040-113,,002,040,Grillo Spockor,VMRS_HB_COMPLETE_v20 page 7_pages_76-100.md
002-040-120,,002,040,Hardware Mounting Sun Vicer Interior,VMRS_HB_COMPLETE_v20 page 7_pages_76-100.md
002-040-121,,002,040,"Paruware, Mounting - Sun Visor, Interior",VMRS_HB_COMPLETE_v20 page 7_pages_76-100.md
002-040-122,,002,040,"Spacer - Sun visor, Interior",VMRS_HB_COMPLETE_v20 page 7_pages_76-100.md
002-048-123,,002,048,Liner - Rear,VMRS_HB_COMPLETE_v20 page 7_pages_76-100.md
002-048-124,,002,048,Cover - Door Post,VMRS_HB_COMPLETE_v20 page 7_pages_76-100.md
002-048-126,,002,048,Scutt Plate - Cab,VMRS_HB_COMPLETE_v20 page 7_pages_76-100.md
002-048-127,,002,048,Cover - Doghouse,VMRS_HB_COMPLETE_v20 page 7_pages_76-100.md
002-048-128,,002,048,Trim - Floor Mat,VMRS_HB_COMPLETE_v20 page 7_pages_76-100.md
002-048-130,,002,048,Diamond Plate - Floor,VMRS_HB_COMPLETE_v20 page 7_pages_76-100.md
002-048-131,,002,048,Grille - Ventilation Door,VMRS_HB_COMPLETE_v20 page 7_pages_76-100.md
002-048-132,,002,048,Covering - Door Protection,VMRS_HB_COMPLETE_v20 page 7_pages_76-100.md
002-048-133,,002,048,Bracket - Armrest,VMRS_HB_COMPLETE_v20 page 7_pages_76-100.md
002-048-134,,002,048,Weather Strip - Rear Panel,VMRS_HB_COMPLETE_v20 page 7_pages_76-100.md
002-048-135,,002,048,Beading,VMRS_HB_COMPLETE_v20 page 7_pages_76-100.md
002-048-136,,002,048,"Bracket - Weather Strip, Rear Pillar",VMRS_HB_COMPLETE_v20 page 7_pages_76-100.md
002-048-137,,002,048,Lining - Roof,VMRS_HB_COMPLETE_v20 page 7_pages_76-100.md
002-048-138,,002,048,Bow - Boof Lining,VMRS_HB_COMPLETE_v20 page 7_pages_76-100.md
002-048-139,,002,048,Clip - Lining Bow,VMRS_HB_COMPLETE_v20 page 7_pages_76-100.md
002-048-140,,002,048,Cap - Bow Protector,VMRS_HB_COMPLETE_v20 page 7_pages_76-100.md
002-048-141,,002,048,Cover - Air Outlet Grille,VMRS_HB_COMPLETE_v20 page 7_pages_76-100.md
002-040-141,,002,040,Wiring Can Innor Panol,VMRS_HB_COMPLETE_v20 page 7_pages_76-100.md
002-040-142,,002,040,Mat Eaststan,VMRS_HB_COMPLETE_v20 page 7_pages_76-100.md
002-040-143,,002,040,Wal - Foolslop,VMRS_HB_COMPLETE_v20 page 7_pages_76-100.md
002-040-144,,002,040,,VMRS_HB_COMPLETE_v20 page 7_pages_76-100.md
002-048-145,,002,048,neadliner - Indoard,VMRS_HB_COMPLETE_v20 page 7_pages_76-100.md
002-048-149,,002,048,Fasteners - Cab Panel,VMRS_HB_COMPLETE_v20 page 7_pages_76-100.md
002-048-150,,002,048,Cup/ I nermos Holder Assembly,VMRS_HB_COMPLETE_v20 page 7_pages_76-100.md
002-048-153,,002,048,"Bezel - Visor Arm, Interior",VMRS_HB_COMPLETE_v20 page 7_pages_76-100.md
002-048-154,,002,048,Bolster - Knee,VMRS_HB_COMPLETE_v20 page 7_pages_76-100.md
002-048-155,,002,048,Bracket - Cab Overhead Storage,VMRS_HB_COMPLETE_v20 page 7_pages_76-100.md
002-048-156,,002,048,"Storage Compartment - Cab, Side",VMRS_HB_COMPLETE_v20 page 7_pages_76-100.md
002-048-157,,002,048,Cover - Curtain Bow,VMRS_HB_COMPLETE_v20 page 7_pages_76-100.md
002-048-158,,002,048,Fastener - Interior Trim,VMRS_HB_COMPLETE_v20 page 7_pages_76-100.md
002-048-159,,002,048,"Net - Storage | 002-048-230 | Bracket - Grab Handle, Door, Inner",VMRS_HB_COMPLETE_v20 page 7_pages_76-100.md
002-048-160,,002,048,"Panel - Rear | 002-048-231 | Bracket - Door Striker, Overhead Console",VMRS_HB_COMPLETE_v20 page 7_pages_76-100.md
002-048-161,,002,048,"Table | 002-048-232 | Bracket - Panel, Interior Trim",VMRS_HB_COMPLETE_v20 page 7_pages_76-100.md
002-048-162,,002,048,Cover - Cup Holder | 002-048-233 | Door Trim - Moisture Barrier,VMRS_HB_COMPLETE_v20 page 7_pages_76-100.md
002-048-163,,002,048,"Lotoh, Storage Compariment - Cab Side | 002-048-234 | Cover - Closeoul, Healer, Sleeper",VMRS_HB_COMPLETE_v20 page 7_pages_76-100.md
002-046-164,,002,046,"Hardware, Mounting - Cab Overhead Storage | 002-046-235 | Strut - Gas Door Overhead Storage",VMRS_HB_COMPLETE_v20 page 7_pages_76-100.md
002-048-166,,002,048,Cover - Belt Rail | 002-048-237 | Bezel - Knob Door Lock,VMRS_HB_COMPLETE_v20 page 7_pages_76-100.md
002-048-167,,002,048,"Door - Overhead Compartment | 002-048-238 | Cap - Trim Panel. ""A"" Pillar",VMRS_HB_COMPLETE_v20 page 7_pages_76-100.md
002-048-168,,002,048,"Liner - Overhead Console, Roof | 002-048-239 | Insert - Trim Panel, ""A"" Pillar",VMRS_HB_COMPLETE_v20 page 7_pages_76-100.md
002-048-169,,002,048,"Trim - Netting Retainer, Overhead Console | 002-048-240 | Insulator - Trim Panel, ""A"" Pillar",VMRS_HB_COMPLETE_v20 page 7_pages_76-100.md
002-048-170,,002,048,"Track - Trash Bin, Dash | 002-048-241 | Plug - Trim Panel, ""A"" Pillar",VMRS_HB_COMPLETE_v20 page 7_pages_76-100.md
002-048-171,,002,048,"Hinge - Cover, Storage Console | 002-048-242 | Cap - Trim Panel, ""B"" Pillar",VMRS_HB_COMPLETE_v20 page 7_pages_76-100.md
002-048-172,,002,048,"Latch - Cover, Storage Console | 002-048-243 | Insert - Trim Panel, ""B"" Pillar",VMRS_HB_COMPLETE_v20 page 7_pages_76-100.md
002-040-173,,002,040,"Support - Cover Storage Console | 002-040-244 | Cap - Insell, Thin Parlel, D. Pillar",VMRS_HB_COMPLETE_v20 page 7_pages_76-100.md
002-048-175,,002,048,"Base - Storage Console | 002-048-246 | Panel - Trim ""C"" Pillar",VMRS_HB_COMPLETE_v20 page 7_pages_76-100.md
002-048-176,,002,048,"Track - Privacy Curtain, Windshield | 002-048-247 | Cap - Trim Panel, ""C"" Pillar",VMRS_HB_COMPLETE_v20 page 7_pages_76-100.md
002-048-177,,002,048,"Hinge - Door, Electrical Access | 002-048-248 | Insert - Trim Panel, ""C"" Pillar",VMRS_HB_COMPLETE_v20 page 7_pages_76-100.md
002-048-178,,002,048,"Bracket - Electrical Compartment, B-Pillar | 002-048-249 | Panel - Trim, ""D"" Pillar",VMRS_HB_COMPLETE_v20 page 7_pages_76-100.md
002-048-179,,002,048,"Panel - Front, Interior Trim | 002-048-250 | Cap - Trim Panel, ""D"" Pillar",VMRS_HB_COMPLETE_v20 page 7_pages_76-100.md
002-048-180,,002,048,Spacer - Interior Trim | 002-048-251 | Trim - Kick Panel,VMRS_HB_COMPLETE_v20 page 7_pages_76-100.md
002-048-181,,002,048,"Cover - Duct, Interior Trim | 002-048-252 | Cap - Trim, Kick Panel",VMRS_HB_COMPLETE_v20 page 7_pages_76-100.md
002-048-182,,002,048,"Relainer - Cab Interior | 002-048-253 | Clamp - Trim, Kick Panel",VMRS_HB_COMPLETE_v20 page 7_pages_76-100.md
002-048-183,,002,048,Trim - Instrument Panel | 002-048-255 | Sunshade - Back Glass,VMRS_HB_COMPLETE_v20 page 7_pages_76-100.md
002-048-185,,002,048,"Cover - Armrest, Door | 002-048-256 | Control Module - Sunshade, Door Glass",VMRS_HB_COMPLETE_v20 page 7_pages_76-100.md
002-048-186,,002,048,"Bracket - Sun Visor, Interior | 002-048-257 | Motor - Sunshade, Door Glass",VMRS_HB_COMPLETE_v20 page 7_pages_76-100.md
002-048-187,,002,048,"Striker - Latch, Electrical Access Panel | 002-048-258 | Switch - Sunshade, Door Glass",VMRS_HB_COMPLETE_v20 page 7_pages_76-100.md
002-048-188,,002,048,"Latch - Leg, Table | 002-048-259 | Wiring Harness - Sunshade, Door Glass",VMRS_HB_COMPLETE_v20 page 7_pages_76-100.md
002-048-189,,002,048,"Bumper - Latching Leg, Table | 002-048-260 | Cover - Access, Tail Lamp",VMRS_HB_COMPLETE_v20 page 7_pages_76-100.md
002-048-190,,002,048,Cushion - Mattress Extension | 002-048-261 | Wiring Harness - Headliner,VMRS_HB_COMPLETE_v20 page 7_pages_76-100.md
002-048-191,,002,048,"Cusnion - Seat, Sleeper | 002-048-262 | Irim - Interior",VMRS_HB_COMPLETE_v20 page 7_pages_76-100.md
002-046-192,,002,046,Panel - R-Pillar Trim | 002-048-263 | Carpet - Engine Tunnel,VMRS_HB_COMPLETE_v20 page 7_pages_76-100.md
002-048-194,,002,048,"Holder - Paper Towel, Cab Overhead Storage | 002-048-265 | Panel - Trim, ""A"" Pillar",VMRS_HB_COMPLETE_v20 page 7_pages_76-100.md
002-048-195,,002,048,"Latch - Door, Cab Overhead Storage | 002-050-000 | Sleeper",VMRS_HB_COMPLETE_v20 page 7_pages_76-100.md
002-048-196,,002,048,"Striker - Glove Box, Cab Overhead Storage | 002-050-001 | Sheet - Bunk",VMRS_HB_COMPLETE_v20 page 7_pages_76-100.md
002-048-197,,002,048,"Spring - Glove Box, Cab Overhead Storage | 002-050-002 | Cover - Access Hole",VMRS_HB_COMPLETE_v20 page 7_pages_76-100.md
002-048-198,,002,048,"Cover - Overhead Beam, Forward | 002-050-003 | Beam - Bunk, Front",VMRS_HB_COMPLETE_v20 page 7_pages_76-100.md
002-048-199,,002,048,Pocket - Sunglasses | 002-050-004 | Angle - Backing Iongue,VMRS_HB_COMPLETE_v20 page 7_pages_76-100.md
002-048-200,,002,048,"Insen - Sunglasses Pocket | 002-050-005 | Pariliion - Bunk, FroniLiner - Rear Corner",VMRS_HB_COMPLETE_v20 page 7_pages_76-100.md
002-048-207,,002,048,Bezel - Overhead Storage | 002-050-000 | Cover - Closet Upper,VMRS_HB_COMPLETE_v20 page 7_pages_76-100.md
002-048-203,,002,048,"Panel - Overhead Console, Front | 002-050-008 | Support - Closet, Lower",VMRS_HB_COMPLETE_v20 page 7_pages_76-100.md
002-048-204,,002,048,"Plug - Clock, Overhead Storage | 002-050-009 | Side - Closet",VMRS_HB_COMPLETE_v20 page 7_pages_76-100.md
002-048-205,,002,048,Trim Plate - Overhead Console | 002-050-010 | Rod - Clothes Hanger,VMRS_HB_COMPLETE_v20 page 7_pages_76-100.md
002-048-206,,002,048,"Grommet - Door Handle, Opening | 002-050-011 | Shelf Assembly",VMRS_HB_COMPLETE_v20 page 7_pages_76-100.md
002-048-208,,002,048,Insert - Door Panel | 002-050-013 | Support Bracket - Side,VMRS_HB_COMPLETE_v20 page 7_pages_76-100.md
002-046-209,,002,046,"Lipholstery - Door Lipper | 002-050-014 | Support Diacket - RealHardware, Mounting - Bunk Sheet",VMRS_HB_COMPLETE_v20 page 7_pages_76-100.md
002-048-210,,002,048,"Bezel - Demist, Door | 002-050-016 | Floor - Closet",VMRS_HB_COMPLETE_v20 page 7_pages_76-100.md
002-048-212,,002,048,"Duct - Demist, Door | 002-050-017 | Duct",VMRS_HB_COMPLETE_v20 page 7_pages_76-100.md
002-048-213,,002,048,"Latch - Paddle, Door | 002-050-018 | Divider - Closet",VMRS_HB_COMPLETE_v20 page 7_pages_76-100.md
002-048-214,,002,048,Cap - Door Trim | 002-050-019 | Register,VMRS_HB_COMPLETE_v20 page 7_pages_76-100.md
002-048-215,,002,048,"Vent - Door Trim | 002-050-020 | Hardware, Mounting - Shelf Assembly",VMRS_HB_COMPLETE_v20 page 7_pages_76-100.md
002-048-216,,002,048,"Mat - Floor, Refrigerator | 002-050-021 | Bunk Assembly - Upper Forward",VMRS_HB_COMPLETE_v20 page 7_pages_76-100.md
002-048-217,,002,048,Bracket - Cup Holder | 002-050-022 | Front - Bunk,VMRS_HB_COMPLETE_v20 page 7_pages_76-100.md
002-040-210,,002,040,Nut Plate - Sun Visor Interior | 002-050-023 | Edge - Bunk,VMRS_HB_COMPLETE_v20 page 7_pages_76-100.md
002-048-220,,002,048,Cover - Bulkhead Module | 002-050-024 | Stop - Bunk,VMRS_HB_COMPLETE_v20 page 7_pages_76-100.md
002-048-221,,002,048,"Shade - Interior, Window | 002-050-027 | Board - Bunk. Rear",VMRS_HB_COMPLETE_v20 page 7_pages_76-100.md
002-048-222,,002,048,"Carpet - Bulkhead | 002-050-028 | Beam - Bunk, Upper",VMRS_HB_COMPLETE_v20 page 7_pages_76-100.md
002-048-223,,002,048,"Mirror - Vanity, Sun Visor, Interior | 002-050-029 | Rubber - Lock",VMRS_HB_COMPLETE_v20 page 7_pages_76-100.md
002-048-224,,002,048,"Filler - Track, Privacy Curtain | 002-050-030 | Support Angle - Rear",VMRS_HB_COMPLETE_v20 page 7_pages_76-100.md
002-048-225,,002,048,"Door - Storage Box, Floor | 002-050-031 | Support Angle - Side",VMRS_HB_COMPLETE_v20 page 7_pages_76-100.md
002-048-226,,002,048,"Cover - Cutout, Door Trim | 002-050-032 | Catch - Upper Bunk",VMRS_HB_COMPLETE_v20 page 7_pages_76-100.md
002-040-227,,002,040,"Farrer - Overneau Console, SideCup - Pull Door Papel | 002-050-033 | Boof - Sleeper",VMRS_HB_COMPLETE_v20 page 7_pages_76-100.md
002-048-229,,002,048,"Bezel - Grille, Speaker | 002-050-035 | Roof Bow",VMRS_HB_COMPLETE_v20 page 7_pages_76-100.md
002-050-036,,002,050,"Bracket - Corner, Rear",VMRS_HB_COMPLETE_v20 page 7_pages_76-100.md
002-050-037,,002,050,"Bracket - Corner, Forward",VMRS_HB_COMPLETE_v20 page 7_pages_76-100.md
002-050-038,,002,050,Connector - Roof Bow To Jamb,VMRS_HB_COMPLETE_v20 page 7_pages_76-100.md
002-050-039,,002,050,Extension - Roof Bow,VMRS_HB_COMPLETE_v20 page 7_pages_76-100.md
002-050-041,,002,050,Bracket - Extension,VMRS_HB_COMPLETE_v20 page 7_pages_76-100.md
002-050-042,,002,050,Eleor Shoot - Loft Slooper,VMRS_HB_COMPLETE_v20 page 7_pages_76-100.md
002-050-043,,002,050,Floor Sneet - Right,VMRS_HB_COMPLETE_v20 page 7_pages_76-100.md
002-050-044,,002,050,"Cover Plate - Floor, Sleeper",VMRS_HB_COMPLETE_v20 page 7_pages_76-100.md
002-050-045,,002,050,Channel - Floor Reinforcement,VMRS_HB_COMPLETE_v20 page 7_pages_76-100.md
002-050-046,,002,050,"Mounting Bracket - Speaker, Bunk",VMRS_HB_COMPLETE_v20 page 7_pages_76-100.md
002-050-047,,002,050,"Mounting Bracket - Speaker, Floor",VMRS_HB_COMPLETE_v20 page 7_pages_76-100.md
002-050-048,,002,050,"Gasket - Ventilator, Sleeper",VMRS_HB_COMPLETE_v20 page 7_pages_76-100.md
002-050-049,,002,050,Ventilator,VMRS_HB_COMPLETE_v20 page 7_pages_76-100.md
002-050-050,,002,050,"Bracket - Lamp, Rear",VMRS_HB_COMPLETE_v20 page 7_pages_76-100.md
002-050-051,,002,050,Mounting - Cover Plate,VMRS_HB_COMPLETE_v20 page 7_pages_76-100.md
002-050-053,,002,050,Skin - Walkthru Front,VMRS_HB_COMPLETE_v20 page 7_pages_76-100.md
002-050-054,,002,050,Frama Walkthru,VMRS_HB_COMPLETE_v20 page 7_pages_76-100.md
002-050-055,,002,050,"Skin - Front Comer, Right",VMRS_HB_COMPLETE_v20 page 7_pages_76-100.md
002-050-056,,002,050,"Skin - Front Corner, Lett",VMRS_HB_COMPLETE_v20 page 7_pages_76-100.md
002-050-057,,002,050,"Skin - Upper, Front",VMRS_HB_COMPLETE_v20 page 7_pages_76-100.md
002-050-058,,002,050,"Skin - Lower, Front",VMRS_HB_COMPLETE_v20 page 7_pages_76-100.md
002-050-059,,002,050,Reinforcement - Walkthru,VMRS_HB_COMPLETE_v20 page 7_pages_76-100.md
002-050-060,,002,050,Jamb - Door,VMRS_HB_COMPLETE_v20 page 7_pages_76-100.md
002-050-061,,002,050,Sill - Front,VMRS_HB_COMPLETE_v20 page 7_pages_76-100.md
002-050-062,,002,050,"Reinforcement - Skin, Front",VMRS_HB_COMPLETE_v20 page 7_pages_76-100.md
002-050-063,,002,050,Stiffener - Side Bight,VMRS_HB_COMPLETE_v20 page 7_pages_76-100.md
002-050-064,,002,050,Beinforcement - Skin Side,VMRS_HB_COMPLETE_v20 page 7_pages_76-100.md
002-050-004,,002,050,Side Member Sleeper,VMRS_HB_COMPLETE_v20 page 7_pages_76-100.md
002-050-005,,002,050,Side Member - Sleeper,VMRS_HB_COMPLETE_v20 page 7_pages_76-100.md
002-050-000,,002,050,Gussel - Side Member,VMRS_HB_COMPLETE_v20 page 7_pages_76-100.md
002-050-067,,002,050,Brace - Right Front,VMRS_HB_COMPLETE_v20 page 7_pages_76-100.md
002-050-068,,002,050,"Extension - Flap, Left",VMRS_HB_COMPLETE_v20 page 7_pages_76-100.md
002-050-069,,002,050,"Extension - Flap, Right",VMRS_HB_COMPLETE_v20 page 7_pages_76-100.md
002-050-070,,002,050,Extension Bracket - Left Corner,VMRS_HB_COMPLETE_v20 page 7_pages_76-100.md
002-050-071,,002,050,Vertical Stiffener - Corner,VMRS_HB_COMPLETE_v20 page 7_pages_76-100.md
002-050-072,,002,050,"Longeron - Sleeper, Left",VMRS_HB_COMPLETE_v20 page 7_pages_76-100.md
002-050-073,,002,050,"Longeron - Sleeper, Right",VMRS_HB_COMPLETE_v20 page 7_pages_76-100.md
002-050-074,,002,050,"Connector - Sleeper, Upper",VMRS_HB_COMPLETE_v20 page 7_pages_76-100.md
002-050-075,,002,050,"Connector - Sleeper, Lower",VMRS_HB_COMPLETE_v20 page 7_pages_76-100.md
002-050-076,,002,050,Bracket - Pad. Rear,VMRS_HB_COMPLETE_v20 page 7_pages_76-100.md
002-050-077,,002,050,Skin - Rear,VMRS_HB_COMPLETE_v20 page 7_pages_76-100.md
002-050-078,,002,050,Brace - Rear Pad,VMRS_HB_COMPLETE_v20 page 7_pages_76-100.md
002-050-079,,002,050,Vertical Member - Rear,VMRS_HB_COMPLETE_v20 page 7_pages_76-100.md
002-050-080,,002,050,Frame - Rear Window,VMRS_HB_COMPLETE_v20 page 7_pages_76-100.md
002-050-081,,002,050,Brace - Bight Bear,VMRS_HB_COMPLETE_v20 page 7_pages_76-100.md
002-050-082,,002,050,Horizontal Member - Rear,VMRS_HB_COMPLETE_v20 page 7_pages_76-100.md
002-050-002,,002,050,"Braco, Sido Dight Doar",VMRS_HB_COMPLETE_v20 page 7_pages_76-100.md
002-050-003,,002,050,"Brace - Side, hight heat",VMRS_HB_COMPLETE_v20 page 7_pages_76-100.md
002-050-085,,002,050,Support Bracket - Cabinet,VMRS_HB_COMPLETE_v20 page 7_pages_76-100.md
002-050-086,,002,050,"Sill - Rear, Sleeper",VMRS_HB_COMPLETE_v20 page 7_pages_76-100.md
002-050-087,,002,050,"Skin - Side, Right",VMRS_HB_COMPLETE_v20 page 7_pages_76-100.md
002-050-088,,002,050,"Reinforcement - Skin, Rear",VMRS_HB_COMPLETE_v20 page 7_pages_76-100.md
002-050-089,,002,050,"Stiffener - Vertical Side, Upper",VMRS_HB_COMPLETE_v20 page 7_pages_76-100.md
002-050-090,,002,050,"Stiffener - Vertical Side, Lower",VMRS_HB_COMPLETE_v20 page 7_pages_76-100.md
002-050-091,,002,050,"Stiffener - Horizontal Side, Right",VMRS_HB_COMPLETE_v20 page 7_pages_76-100.md
002-050-092,,002,050,Cover - Ventilator Box,VMRS_HB_COMPLETE_v20 page 7_pages_76-100.md
002-050-093,,002,050,Adapter - Ventilator Box,VMRS_HB_COMPLETE_v20 page 7_pages_76-100.md
002-050-094,,002,050,Bracket - Left Corner,VMRS_HB_COMPLETE_v20 page 7_pages_76-100.md
002-050-095,,002,050,Brace - Upper Upper Left,VMRS_HB_COMPLETE_v20 page 7_pages_76-100.md
002-050-007,,002,050,Braco Door Jamb,VMRS_HB_COMPLETE_v20 page 7_pages_76-100.md
002-050-097,,002,050,Comprossion Ding Small,VMRS_HB_COMPLETE_v20 page 7_pages_76-100.md
002-050-099,,002,050,Compression Ring - Small,VMRS_HB_COMPLETE_v20 page 7_pages_76-100.md
002-050-100,,002,050,,VMRS_HB_COMPLETE_v20 page 7_pages_76-100.md
002-050-101,,002,050,,VMRS_HB_COMPLETE_v20 page 7_pages_76-100.md
002-050-102,,002,050,"Seal - Door, Sleeper",VMRS_HB_COMPLETE_v20 page 7_pages_76-100.md
002-050-103,,002,050,Restraint Assembly - Bunk,VMRS_HB_COMPLETE_v20 page 7_pages_76-100.md
002-050-104,,002,050,"Pin - Restraint Release, Sleeper",VMRS_HB_COMPLETE_v20 page 7_pages_76-100.md
002-050-105,,002,050,Fasteners - Boot & Bunk Restraints,VMRS_HB_COMPLETE_v20 page 7_pages_76-100.md
002-050-106,,002,050,Control Panel - Sleeper,VMRS_HB_COMPLETE_v20 page 7_pages_76-100.md
002-050-108,,002,050,Grille - Heater Outlet,VMRS_HB_COMPLETE_v20 page 7_pages_76-100.md
002-050-109,,002,050,Ball - Knob,VMRS_HB_COMPLETE_v20 page 7_pages_76-100.md
002-050-110,,002,050,Rod - Closet,VMRS_HB_COMPLETE_v20 page 7_pages_76-100.md
002-050-111,,002,050,Windlace - Shelf Trim,VMRS_HB_COMPLETE_v20 page 7_pages_76-100.md
002-050-112,,002,050,Essa Dista Shalf Laft,VMRS_HB_COMPLETE_v20 page 7_pages_76-100.md
002-050-113,,002,050,"Face Flate - Shell, RightMounting Anglo Sholf",VMRS_HB_COMPLETE_v20 page 7_pages_76-100.md
002-050-114,,002,050,Mounting Angle - Shell,VMRS_HB_COMPLETE_v20 page 7_pages_76-100.md
002-050-115,,002,050,Support - Side Compartment,VMRS_HB_COMPLETE_v20 page 7_pages_76-100.md
002-050-117,,002,050,Class Fixed Deer Window (see 002 024 040),VMRS_HB_COMPLETE_v20 page 7_pages_76-100.md
002-050-118,,002,050,"Window Assembly - Sliding Glass, Rear",VMRS_HB_COMPLETE_v20 page 7_pages_76-100.md
002-050-119,,002,050,"Glass - Sliding, Sliding Rear Window",VMRS_HB_COMPLETE_v20 page 7_pages_76-100.md
002-050-120,,002,050,"Glass - Fixed, Sliding Rear Window",VMRS_HB_COMPLETE_v20 page 7_pages_76-100.md
002-050-121,,002,050,Lock - Rear Window,VMRS_HB_COMPLETE_v20 page 7_pages_76-100.md
002-050-122,,002,050,Handle - Rear Window,VMRS_HB_COMPLETE_v20 page 7_pages_76-100.md
002-050-123,,002,050,Seal - Window Mounting,VMRS_HB_COMPLETE_v20 page 7_pages_76-100.md
002-050-124,,002,050,Filler Strip - Mounting Seal,VMRS_HB_COMPLETE_v20 page 7_pages_76-100.md
002-050-125,,002,050,"Trim - Rear Window, Sleeper",VMRS_HB_COMPLETE_v20 page 7_pages_76-100.md
002-050-126,,002,050,Suitcase Wall - Left,VMRS_HB_COMPLETE_v20 page 7_pages_76-100.md
002-050-127,,002,050,Suitcase Wall - Right,VMRS_HB_COMPLETE_v20 page 7_pages_76-100.md
002-050-128,,002,050,Liner - Bag Compartment,VMRS_HB_COMPLETE_v20 page 7_pages_76-100.md
002-050-129,,002,050,Wall - Heater Compartment,VMRS_HB_COMPLETE_v20 page 7_pages_76-100.md
002-050-130,,002,050,Access Panel - Heater,VMRS_HB_COMPLETE_v20 page 7_pages_76-100.md
002-050-131,,002,050,Restraint/Reinforcement - Sheet,VMRS_HB_COMPLETE_v20 page 7_pages_76-100.md
002-050-132,,002,050,Bunk Sheet - Left,VMRS_HB_COMPLETE_v20 page 7_pages_76-100.md
002-050-133,,002,050,Bunk Sheet - Right,VMRS_HB_COMPLETE_v20 page 7_pages_76-100.md
002-050-134,,002,050,Closet Wall - Left,VMRS_HB_COMPLETE_v20 page 7_pages_76-100.md
002-050-135,,002,050,Closet Wall - Right,VMRS_HB_COMPLETE_v20 page 7_pages_76-100.md
002-050-136,,002,050,Tray - Bunk End,VMRS_HB_COMPLETE_v20 page 7_pages_76-100.md
002-050-137,,002,050,Bracket - Bunk End,VMRS_HB_COMPLETE_v20 page 7_pages_76-100.md
002-050-138,,002,050,Angle - Bag Compartment,VMRS_HB_COMPLETE_v20 page 7_pages_76-100.md
002-050-139,,002,050,"Mounting - Restraint, Lower",VMRS_HB_COMPLETE_v20 page 7_pages_76-100.md
002-050-141,,002,050,Luggage Stop,VMRS_HB_COMPLETE_v20 page 7_pages_76-100.md
002-050-142,,002,050,Diffuser Assembly,VMRS_HB_COMPLETE_v20 page 7_pages_76-100.md
002-050-143,,002,050,Heater Guard,VMRS_HB_COMPLETE_v20 page 7_pages_76-100.md
002-050-146,,002,050,Jack Plug Assembly,VMRS_HB_COMPLETE_v20 page 7_pages_76-100.md
002-050-147,,002,050,Mounting Plate - Cabinet,VMRS_HB_COMPLETE_v20 page 7_pages_76-100.md
002-050-148,,002,050,Mat - Closet Shelf,VMRS_HB_COMPLETE_v20 page 7_pages_76-100.md
002-050-149,,002,050,Mat - Rear Shelf,VMRS_HB_COMPLETE_v20 page 7_pages_76-100.md
002-050-150,,002,050,Mat - Bag Compartment,VMRS_HB_COMPLETE_v20 page 7_pages_76-100.md
002-050-151,,002,050,Mat - Heater Compartment,VMRS_HB_COMPLETE_v20 page 7_pages_76-100.md
002-050-152,,002,050,Mat - Tool Compartment,VMRS_HB_COMPLETE_v20 page 7_pages_76-100.md
002-050-155,,002,050,Wiring Harness - Sleeper,VMRS_HB_COMPLETE_v20 page 7_pages_76-100.md
002-050-156,,002,050,Wiring Harness - Accessory Jack,VMRS_HB_COMPLETE_v20 page 7_pages_76-100.md
002-050-157,,002,050,Restraint - Tongue,VMRS_HB_COMPLETE_v20 page 7_pages_76-100.md
002-050-158,,002,050,Trim/Cover - Roof Bow,VMRS_HB_COMPLETE_v20 page 7_pages_76-100.md
002-050-159,,002,050,Cover - Closet Post,VMRS_HB_COMPLETE_v20 page 7_pages_76-100.md
002-050-161,,002,050,Shelf - Closet,VMRS_HB_COMPLETE_v20 page 7_pages_76-100.md
002-050-163,,002,050,Knob - Coat Hook,VMRS_HB_COMPLETE_v20 page 7_pages_76-100.md
002-050-164,,002,050,Coat Hook - Sleeper Compartment,VMRS_HB_COMPLETE_v20 page 7_pages_76-100.md
002-050-165,,002,050,Side - Storage Cabinet,VMRS_HB_COMPLETE_v20 page 7_pages_76-100.md
002-050-166,,002,050,Cabinet Door - Roll-Up,VMRS_HB_COMPLETE_v20 page 7_pages_76-100.md
002-050-167,,002,050,Trim - Shelf,VMRS_HB_COMPLETE_v20 page 7_pages_76-100.md
002-050-168,,002,050,"Shelf - Side, Rear",VMRS_HB_COMPLETE_v20 page 7_pages_76-100.md
002-050-169,,002,050,Compartment - Side,VMRS_HB_COMPLETE_v20 page 7_pages_76-100.md
002-050-170,,002,050,Shelf - High Back,VMRS_HB_COMPLETE_v20 page 7_pages_76-100.md
002-050-171,,002,050,Hole Plug - Sleeper,VMRS_HB_COMPLETE_v20 page 7_pages_76-100.md
002-050-172,,002,050,Trim - Side Panel,VMRS_HB_COMPLETE_v20 page 7_pages_76-100.md
002-050-174,,002,050,Storage Compartment,VMRS_HB_COMPLETE_v20 page 7_pages_76-100.md
002-050-175,,002,050,Door - Storage Compartment,VMRS_HB_COMPLETE_v20 page 7_pages_76-100.md
002-050-176,,002,050,Cover Pad - Compartment,VMRS_HB_COMPLETE_v20 page 7_pages_76-100.md
002-050-177,,002,050,Back Pad,VMRS_HB_COMPLETE_v20 page 7_pages_76-100.md
002-050-179,,002,050,Corner Pad - Left,VMRS_HB_COMPLETE_v20 page 7_pages_76-100.md
002-050-180,,002,050,Roof Pad,VMRS_HB_COMPLETE_v20 page 7_pages_76-100.md
002-050-181,,002,050,Walkthru Kit,VMRS_HB_COMPLETE_v20 page 7_pages_76-100.md
002-050-182,,002,050,Carpet - Door Cover,VMRS_HB_COMPLETE_v20 page 7_pages_76-100.md
002-050-183,,002,050,Curtain - Walkthru,VMRS_HB_COMPLETE_v20 page 7_pages_76-100.md
002-050-184,,002,050,Mounting - Curtain,VMRS_HB_COMPLETE_v20 page 7_pages_76-100.md
002-050-185,,002,050,End Cap - Sleeper Curtain Mount,VMRS_HB_COMPLETE_v20 page 7_pages_76-100.md
002-050-186,,002,050,Curtain Mount Assembly,VMRS_HB_COMPLETE_v20 page 7_pages_76-100.md
002-050-187,,002,050,Edge Clip,VMRS_HB_COMPLETE_v20 page 7_pages_76-100.md
002-050-188,,002,050,Pad - Rear Roof,VMRS_HB_COMPLETE_v20 page 7_pages_76-100.md
002-050-189,,002,050,"Carpet - Full, Sleeper",VMRS_HB_COMPLETE_v20 page 7_pages_76-100.md
002-050-190,,002,050,Pad - Under Cabinet,VMRS_HB_COMPLETE_v20 page 7_pages_76-100.md
002-050-191,,002,050,"Pad - Under Bunk, Rear",VMRS_HB_COMPLETE_v20 page 7_pages_76-100.md
