code_9d,code_6d,system,subcode,description,source_file
029-005-018,,029,005,"Spacer - Splitter Or Hole Gear, Main Shaft",VMRS_HB_COMPLETE_v20 page 7_pages_26-50.md
063-008-007,,063,008,"Speaker - GSM Assembly, Cab",VMRS_HB_COMPLETE_v20 page 7_pages_26-50.md
013-013-054,,013,013,"Spacer - Spring Brake Chamber, Air Disc Brake",VMRS_HB_COMPLETE_v20 page 7_pages_26-50.md
002-008-165,,002,008,Speaker - Instrument Cluster,VMRS_HB_COMPLETE_v20 page 7_pages_26-50.md
059-004-012,,059,004,"Spacer - Spring, Drawbar",VMRS_HB_COMPLETE_v20 page 7_pages_26-50.md
036-002-013,,036,002,Speaker - Lane Departure,VMRS_HB_COMPLETE_v20 page 7_pages_26-50.md
044-003-029,,044,003,"Spacer - Spring, Inner",VMRS_HB_COMPLETE_v20 page 7_pages_26-50.md
052-009-009,,052,009,Speaker - Remote,VMRS_HB_COMPLETE_v20 page 7_pages_26-50.md
044-003-030,,044,003,"Spacer - Spring, Outer",VMRS_HB_COMPLETE_v20 page 7_pages_26-50.md
053-004-061,,053,004,Speaker - Siren,VMRS_HB_COMPLETE_v20 page 7_pages_26-50.md
014-003-040,,014,003,"Spacer - Spring, Rear Transmission Support",VMRS_HB_COMPLETE_v20 page 7_pages_26-50.md
054-001-038,,054,001,Speaker - Siren,VMRS_HB_COMPLETE_v20 page 7_pages_26-50.md
032-019-044,,032,019,Spacer - Starter Mounting,VMRS_HB_COMPLETE_v20 page 7_pages_26-50.md
052-003-003,,052,003,Speaker Assembly - Badio,VMRS_HB_COMPLETE_v20 page 7_pages_26-50.md
015-002-035,,015,002,Spacer - Steering Column,VMRS_HB_COMPLETE_v20 page 7_pages_26-50.md
052-009-000,,052,009,Speakers,VMRS_HB_COMPLETE_v20 page 7_pages_26-50.md
002-040-010,,002,040,Spacer - Step,VMRS_HB_COMPLETE_v20 page 7_pages_26-50.md
044-011-000,,044,011,Speed Control System,VMRS_HB_COMPLETE_v20 page 7_pages_26-50.md
002-061-050,,002,061,"Spacer - Striker Plate, Lock, Liftgate",VMRS_HB_COMPLETE_v20 page 7_pages_26-50.md
003-004-035,,003,004,Speed Limiter Kit,VMRS_HB_COMPLETE_v20 page 7_pages_26-50.md
002-009-011,,002,009,"Spacer - Sun Visor, Exterior",VMRS_HB_COMPLETE_v20 page 7_pages_26-50.md
028-007-002,,028,007,Speed Sensor - Output Housing,VMRS_HB_COMPLETE_v20 page 7_pages_26-50.md
002-009-024,,002,009,"Spacer - Sun Visor, Interior",VMRS_HB_COMPLETE_v20 page 7_pages_26-50.md
001-001-111,,001,001,Speed-Up Switch - Idle,VMRS_HB_COMPLETE_v20 page 7_pages_26-50.md
002-048-122,,002,048,"Spacer - Sun Visor, Interior",VMRS_HB_COMPLETE_v20 page 7_pages_26-50.md
051-010-000,,051,010,Speedograph,VMRS_HB_COMPLETE_v20 page 7_pages_26-50.md
032-002-076,,032,002,"Spacer - Switch, Battery Disconnect",VMRS_HB_COMPLETE_v20 page 7_pages_26-50.md
003-002-000,,003,002,Speedometer,VMRS_HB_COMPLETE_v20 page 7_pages_26-50.md
034-004-330,,034,004,"Spacer - Switch, Luggage Compartment Lamp",VMRS_HB_COMPLETE_v20 page 7_pages_26-50.md
013-001-000,,013,001,Spider - Front Drake,VMRS_HB_COMPLETE_v20 page 7_pages_26-50.md
027-013-028,,027,013,Spacer - Thrust Bearing,VMRS_HB_COMPLETE_v20 page 7_pages_26-50.md
018-002-047,,018,002,Spider - Planetary Hub,VMRS_HB_COMPLETE_v20 page 7_pages_26-50.md
055-009-030,,055,009,Spacer - Tilt Control,VMRS_HB_COMPLETE_v20 page 7_pages_26-50.md
022-008-025,,022,008,Spider - Planetary Hub. Portal Assembly. Rear,VMRS_HB_COMPLETE_v20 page 7_pages_26-50.md
055-010-206,,055,010,Spacer - Tilt Cylinder,VMRS_HB_COMPLETE_v20 page 7_pages_26-50.md
082-029-075,,082,029,"Spacer - Top Door, Reefer",VMRS_HB_COMPLETE_v20 page 7_pages_26-50.md
022-004-009,,022,004,Spider - Power Divider Differential,VMRS_HB_COMPLETE_v20 page 7_pages_26-50.md
016-005-155,,016,005,Spacer - Torque Rod,VMRS_HB_COMPLETE_v20 page 7_pages_26-50.md
013-002-105,,013,002,Spider - Rear Brake,VMRS_HB_COMPLETE_v20 page 7_pages_26-50.md
002-004-239,,002,004,"Spacer - Torsion Bar, Hood",VMRS_HB_COMPLETE_v20 page 7_pages_26-50.md
013-014-088,,013,014,Spider - Tag/Pusher Axle,VMRS_HB_COMPLETE_v20 page 7_pages_26-50.md
059-003-009,,059,003,Spacer - Tow Hook,VMRS_HB_COMPLETE_v20 page 7_pages_26-50.md
021-001-145,,021,001,Spider Assembly - CV Joint,VMRS_HB_COMPLETE_v20 page 7_pages_26-50.md
025-001-152,,025,001,Spacer - Transfer Case,VMRS_HB_COMPLETE_v20 page 7_pages_26-50.md
013-002-070,,013,002,"Spider Bushing, Anchor Pin - Rear Brakes",VMRS_HB_COMPLETE_v20 page 7_pages_26-50.md
016-005-206,,016,005,Spacer - Truppion,VMRS_HB_COMPLETE_v20 page 7_pages_26-50.md
013-002-009,,013,002,"Spider Bushing, Camshall - Rear Brakes",VMRS_HB_COMPLETE_v20 page 7_pages_26-50.md
016-018-039,,016,018,Spacer - Trunnion Slider,VMRS_HB_COMPLETE_v20 page 7_pages_26-50.md
053-000-290,,053,000,Spill Kit - Safety,VMRS_HB_COMPLETE_v20 page 7_pages_26-50.md
016-002-052,,016,002,Spacer - Tube,VMRS_HB_COMPLETE_v20 page 7_pages_26-50.md
011-001-056,,011,001,Spindle,VMRS_HB_COMPLETE_v20 page 7_pages_26-50.md
034-003-152,,034,003,Spacer - Turn Signal Wiring,VMRS_HB_COMPLETE_v20 page 7_pages_26-50.md
027-013-020,,027,013,Spindle,VMRS_HB_COMPLETE_v20 page 7_pages_26-50.md
016-005-008,,016,005,"Spacer - U-Bolt, Rear Spring",VMRS_HB_COMPLETE_v20 page 7_pages_26-50.md
025-001-104,,025,001,"Spindle - Planetary Carrier, Transfer Case",VMRS_HB_COMPLETE_v20 page 7_pages_26-50.md
174-003-027,,174,003,Spacer - Underbody Storage Compartment Door,VMRS_HB_COMPLETE_v20 page 7_pages_26-50.md
168-001-024,,168,001,"Spindle - Blade Bar, Mower",VMRS_HB_COMPLETE_v20 page 7_pages_26-50.md
174-004-021,,174,004,Spacer - Underbody Storage Compartment Door,VMRS_HB_COMPLETE_v20 page 7_pages_26-50.md
174-033-102,,174,033,"Spindle - Bottom Assembly, Center Hoop",VMRS_HB_COMPLETE_v20 page 7_pages_26-50.md
044-007-055,,044,007,Latch,VMRS_HB_COMPLETE_v20 page 7_pages_26-50.md
021-001-032,,021,001,Spindle - Driven Front Steer Axle,VMRS_HB_COMPLETE_v20 page 7_pages_26-50.md
011-001-059,,011,001,"Spindle - Front Axie, independent Front",VMRS_HB_COMPLETE_v20 page 7_pages_26-50.md
042-005-007,,042,005,Spacer - Vibration Damper,VMRS_HB_COMPLETE_v20 page 7_pages_26-50.md
168-001-000,,168,001,SuspensionSpindlo Mowor,VMRS_HB_COMPLETE_v20 page 7_pages_26-50.md
018-003-010,,018,003,Spacer - Wheel Rim,VMRS_HB_COMPLETE_v20 page 7_pages_26-50.md
018-002-053,,018,002,Spindle - Planetary Hub,VMRS_HB_COMPLETE_v20 page 7_pages_26-50.md
055-023-090,,055,023,Spacer - Wheelchair Lift,VMRS_HB_COMPLETE_v20 page 7_pages_26-50.md
022-008-030,,022,008,"Spindle - Planetary Hub, Portal Assembly, Rear",VMRS_HB_COMPLETE_v20 page 7_pages_26-50.md
174-014-031,,174,014,Spacer - Wheelchair Lift Door Hinge,VMRS_HB_COMPLETE_v20 page 7_pages_26-50.md
267-012-012,,267,012,Spacer - Winch,VMRS_HB_COMPLETE_v20 page 7_pages_26-50.md
012-001-004,,012,001,Spindle - Rear Axle,VMRS_HB_COMPLETE_v20 page 7_pages_26-50.md
002-023-028,,002,023,Spacer - Window Handle,VMRS_HB_COMPLETE_v20 page 7_pages_26-50.md
019-001-008,,019,001,Spindle - Reservoir Paddle,VMRS_HB_COMPLETE_v20 page 7_pages_26-50.md
002-035-096,,002,035,Spacer - Wiper Arm,VMRS_HB_COMPLETE_v20 page 7_pages_26-50.md
011-001-057,,011,001,Spindle - Vertical,VMRS_HB_COMPLETE_v20 page 7_pages_26-50.md
029-004-015,,029,004,Spacer -Synchronizer,VMRS_HB_COMPLETE_v20 page 7_pages_26-50.md
042-007-016,,042,007,Spindle - Water Filter,VMRS_HB_COMPLETE_v20 page 7_pages_26-50.md
044-007-108,,044,007,Spacer Block - Accelerator Pedal,VMRS_HB_COMPLETE_v20 page 7_pages_26-50.md
010-001-010,,010,001,Spinner - Steering wheel,VMRS_HB_COMPLETE_v20 page 7_pages_26-50.md
056-001-019,,056,001,Spacer Kit - Input Gear PTO,VMRS_HB_COMPLETE_v20 page 7_pages_26-50.md
002-015-001,,002,015,Splash Guard - Aerodynamic,VMRS_HB_COMPLETE_v20 page 7_pages_26-50.md
027-012-023,,027,012,Spacer Kit - Torque Converter,VMRS_HB_COMPLETE_v20 page 7_pages_26-50.md
027-001-069,,027,001,Splash Guard - Automatic Transmission,VMRS_HB_COMPLETE_v20 page 7_pages_26-50.md
011-001-054,,011,001,"Spacer Plate - King Pin, Non-Driven Front Axle",VMRS_HB_COMPLETE_v20 page 7_pages_26-50.md
043-007-222,,043,007,Splash Guard - DEF Fluid Supply Module,VMRS_HB_COMPLETE_v20 page 7_pages_26-50.md
362-001-009,,362,001,Spacer Plate - Rear Carriage,VMRS_HB_COMPLETE_v20 page 7_pages_26-50.md
043-007-203,,043,007,"Splash Guard - DEF Tank, Lower",VMRS_HB_COMPLETE_v20 page 7_pages_26-50.md
018-002-059,,018,002,"Spacer Ring - Planetary Hub, Rear Drive Axle",VMRS_HB_COMPLETE_v20 page 7_pages_26-50.md
061-009-005,,061,009,Splash Guard Assembly - Scrubber,VMRS_HB_COMPLETE_v20 page 7_pages_26-50.md
016-018-005,,016,018,"Spacer, Air Spring - Slider Air Ride Suspension",VMRS_HB_COMPLETE_v20 page 7_pages_26-50.md
061-009-000,,061,009,"Splash Guard System - Front and Side, Scrubber",VMRS_HB_COMPLETE_v20 page 7_pages_26-50.md
026-005-018,,026,005,Spacer/Shim Kit - Main Drive Gear,VMRS_HB_COMPLETE_v20 page 7_pages_26-50.md
151-003-047,,151,003,"Splice - Hose, A/C, APU",VMRS_HB_COMPLETE_v20 page 7_pages_26-50.md
013-001-070,,013,001,"Spacer/Washer - Brake Cam, Front Brake",VMRS_HB_COMPLETE_v20 page 7_pages_26-50.md
071-026-055,,071,026,Splice - Roller Shaft,VMRS_HB_COMPLETE_v20 page 7_pages_26-50.md
013-014-070,,013,014,"Spacer/Washer - Diake Cam, Tay/Pusher AxeSpacer/Washer Brake Cam - Dear Brakes",VMRS_HB_COMPLETE_v20 page 7_pages_26-50.md
072-003-077,,072,003,"Splice Plate - Post, Hillged DoolSplice Plate - Side Wall Papel",VMRS_HB_COMPLETE_v20 page 7_pages_26-50.md
199-004-015,,199,004,Spacers - Fines Screen,VMRS_HB_COMPLETE_v20 page 7_pages_26-50.md
068-001-044,,068,001,Splicer Platform - Boom,VMRS_HB_COMPLETE_v20 page 7_pages_26-50.md
199-001-014,,199,001,Spacers - OCC Screen,VMRS_HB_COMPLETE_v20 page 7_pages_26-50.md
058-002-014,,058,002,"Spline Hub - Drive, Drum",VMRS_HB_COMPLETE_v20 page 7_pages_26-50.md
199-002-015,,199,002,Spacers - ONP Screen,VMRS_HB_COMPLETE_v20 page 7_pages_26-50.md
058-002-013,,058,002,"Spline Ring - Drive, Drum",VMRS_HB_COMPLETE_v20 page 7_pages_26-50.md
199-003-015,,199,003,Spacers - Polishing Screen,VMRS_HB_COMPLETE_v20 page 7_pages_26-50.md
077-003-064,,077,003,Split Collar Assembly - Powered Landing Gear,VMRS_HB_COMPLETE_v20 page 7_pages_26-50.md
071-019-027,,071,019,"Spacers - Polystyrene, Door",VMRS_HB_COMPLETE_v20 page 7_pages_26-50.md
053-007-054,,053,007,Split Loom - Plastic,VMRS_HB_COMPLETE_v20 page 7_pages_26-50.md
071-019-028,,071,019,"Spacers - Polystyrene, Floor",VMRS_HB_COMPLETE_v20 page 7_pages_26-50.md
056-001-111,,056,001,Split Shaft - PTO,VMRS_HB_COMPLETE_v20 page 7_pages_26-50.md
071-019-025,,071,019,"Spacers - Polystyrene, Front Wall",VMRS_HB_COMPLETE_v20 page 7_pages_26-50.md
022-004-114,,022,004,"Split lorque - Differential, Inter-Axle",VMRS_HB_COMPLETE_v20 page 7_pages_26-50.md
071-019-026,,071,019,"Spacers - Polystyrene, Rear Wall",VMRS_HB_COMPLETE_v20 page 7_pages_26-50.md
020-000-072,,020,000,"Spin washer - Imain Shan, 2nd & Reverse Gear,Main Drive Gear, Manual Transmission",VMRS_HB_COMPLETE_v20 page 7_pages_26-50.md
057-000-002,,057,000,Spare Wheel Mounting,VMRS_HB_COMPLETE_v20 page 7_pages_26-50.md
027-011-000,,027,011,Splitter,VMRS_HB_COMPLETE_v20 page 7_pages_26-50.md
057-001-000,,057,001,Spare Wheel Mounting Assembly,VMRS_HB_COMPLETE_v20 page 7_pages_26-50.md
052-005-020,,052,005,"Splitter - Dual Antenna, CB Radio",VMRS_HB_COMPLETE_v20 page 7_pages_26-50.md
043-003-049,,043,003,Spark Arrestor,VMRS_HB_COMPLETE_v20 page 7_pages_26-50.md
027-011-001,,027,011,Splitter Assembly,VMRS_HB_COMPLETE_v20 page 7_pages_26-50.md
043-006-036,,043,006,Spark Plug - Doser System,VMRS_HB_COMPLETE_v20 page 7_pages_26-50.md
052-003-039,,052,003,"Splitter Box - Antenna Cable, Radio/CB",VMRS_HB_COMPLETE_v20 page 7_pages_26-50.md
079-002-007,,079,002,Speaker,VMRS_HB_COMPLETE_v20 page 7_pages_26-50.md
004-012-001,,004,012,Spoiler,VMRS_HB_COMPLETE_v20 page 7_pages_26-50.md
052-009-003,,052,009,Speaker - Base & Grille,VMRS_HB_COMPLETE_v20 page 7_pages_26-50.md
004-011-000,,004,011,"Spoiler - Air, Cab, Roof Mounted",VMRS_HB_COMPLETE_v20 page 7_pages_26-50.md
004-012-000,,004,012,Spoiler - Body,VMRS_HB_COMPLETE_v20 page 7_pages_26-50.md
082-024-008,,082,024,Spring - Bellows,VMRS_HB_COMPLETE_v20 page 7_pages_26-50.md
044-007-092,,044,007,"Spool - Cable, Accelerator",VMRS_HB_COMPLETE_v20 page 7_pages_26-50.md
045-002-086,,045,002,Spring - Bleed Valve,VMRS_HB_COMPLETE_v20 page 7_pages_26-50.md
094-006-047,,094,006,"Spool - Chrome, Hose Reel",VMRS_HB_COMPLETE_v20 page 7_pages_26-50.md
026-006-110,,026,006,"Spring - Blocking, Synchronizer",VMRS_HB_COMPLETE_v20 page 7_pages_26-50.md
059-025-004,,059,025,Spool - Control Valve,VMRS_HB_COMPLETE_v20 page 7_pages_26-50.md
041-003-022,,041,003,Spring - Blower Drive Shaft,VMRS_HB_COMPLETE_v20 page 7_pages_26-50.md
065-020-027,,065,020,Spool - Control Valve Hydraulic System,VMRS_HB_COMPLETE_v20 page 7_pages_26-50.md
016-005-177,,016,005,Spring - Bolster Bear Suspension,VMRS_HB_COMPLETE_v20 page 7_pages_26-50.md
065-021-013,,065,021,Spool - Counter Balance Valve Hydraulic,VMRS_HB_COMPLETE_v20 page 7_pages_26-50.md
016-005-182,,016,005,"Spring - Bolster, Walking Beam Suspension",VMRS_HB_COMPLETE_v20 page 7_pages_26-50.md
000-021-010,,000,021,System,VMRS_HB_COMPLETE_v20 page 7_pages_26-50.md
010-000-102,,010,000,Spring - Bolt Exhaust Manifold,VMRS_HB_COMPLETE_v20 page 7_pages_26-50.md
027-024-027,,027,024,Speed Inching Valve,VMRS_HB_COMPLETE_v20 page 7_pages_26-50.md
040-002-000,,040,002,"Spring - Doit, Exhaust Manifold",VMRS_HB_COMPLETE_v20 page 7_pages_26-50.md
027-024-037,,027,024,Spool - Incrining valve,VMRS_HB_COMPLETE_v20 page 7_pages_26-50.md
000-001-021,,000,001,"Spring - Doom, Linnig/Onloading Onit",VMRS_HB_COMPLETE_v20 page 7_pages_26-50.md
015-007-000,,015,007,"Spool - Pump, Till Mechanism",VMRS_HB_COMPLETE_v20 page 7_pages_26-50.md
002-010-103,,002,010,"Spring - Dracker, Million",VMRS_HB_COMPLETE_v20 page 7_pages_26-50.md
010-007-020,,010,007,Spool - Reaction valve,VMRS_HB_COMPLETE_v20 page 7_pages_26-50.md
056-003-010,,056,003,Spring - Drake,VMRS_HB_COMPLETE_v20 page 7_pages_26-50.md
016-014-073,,016,014,Spool Assembly - Lift Axie Controls,VMRS_HB_COMPLETE_v20 page 7_pages_26-50.md
013-005-010,,013,005,Spring - Brake Pedal Return,VMRS_HB_COMPLETE_v20 page 7_pages_26-50.md
071-033-008,,071,033,"Spool Assembly - Pheumatic, walking Floor",VMRS_HB_COMPLETE_v20 page 7_pages_26-50.md
045-014-019,,045,014,Spring - Breatner,VMRS_HB_COMPLETE_v20 page 7_pages_26-50.md
055-010-069,,055,010,Spool Spring,VMRS_HB_COMPLETE_v20 page 7_pages_26-50.md
031-001-010,,031,001,Spring - Brush,VMRS_HB_COMPLETE_v20 page 7_pages_26-50.md
015-007-017,,015,007,Spool Valve,VMRS_HB_COMPLETE_v20 page 7_pages_26-50.md
015-008-006,,015,008,"Spring - Brush Holder, Power Steering Pump",VMRS_HB_COMPLETE_v20 page 7_pages_26-50.md
002-035-046,,002,035,"Spool Valve - Reversal, Wiper Motor",VMRS_HB_COMPLETE_v20 page 7_pages_26-50.md
055-023-072,,055,023,Spool Valve - Wheelchair Lift,VMRS_HB_COMPLETE_v20 page 7_pages_26-50.md
001-002-076,,001,002,"Spring - Brush, Motor",VMRS_HB_COMPLETE_v20 page 7_pages_26-50.md
015-006-003,,015,006,Spool Valve & Plug,VMRS_HB_COMPLETE_v20 page 7_pages_26-50.md
046-001-022,,046,001,"Spring - Brushes, Electric Motor",VMRS_HB_COMPLETE_v20 page 7_pages_26-50.md
082-023-011,,082,023,Spool Valve Assembly,VMRS_HB_COMPLETE_v20 page 7_pages_26-50.md
034-001-110,,034,001,"Spring - Bulb Retaining, Headlamp",VMRS_HB_COMPLETE_v20 page 7_pages_26-50.md
082-013-001,,082,013,Spool Valve Assembly - Three-Way,VMRS_HB_COMPLETE_v20 page 7_pages_26-50.md
174-006-014,,174,006,Spring - Bus Body Side Push-Out Window,VMRS_HB_COMPLETE_v20 page 7_pages_26-50.md
053-998-035,,053,998,Spot Putty,VMRS_HB_COMPLETE_v20 page 7_pages_26-50.md
174-022-016,,174,022,Spring - Bus Flip Seat,VMRS_HB_COMPLETE_v20 page 7_pages_26-50.md
027-007-003,,027,007,Sprag - Intermediate,VMRS_HB_COMPLETE_v20 page 7_pages_26-50.md
002-018-103,,002,018,Spring - Bypass,VMRS_HB_COMPLETE_v20 page 7_pages_26-50.md
027-014-012,,027,014,Sprag Assembly - Low Clutch Or Low Roller,VMRS_HB_COMPLETE_v20 page 7_pages_26-50.md
082-002-069,,082,002,"Spring - Bypass, Unloader Head",VMRS_HB_COMPLETE_v20 page 7_pages_26-50.md
015-002-042,,015,002,"Spring - Cable Extension, Steering Column",VMRS_HB_COMPLETE_v20 page 7_pages_26-50.md
053-999-144,,053,999,Spray - Expandable Foam,VMRS_HB_COMPLETE_v20 page 7_pages_26-50.md
013-001-133,,013,001,Spring - Caliper,VMRS_HB_COMPLETE_v20 page 7_pages_26-50.md
053-006-143,,053,006,Sprav Gun - Paint,VMRS_HB_COMPLETE_v20 page 7_pages_26-50.md
013-001-135,,013,001,Spring - Caliper Piston,VMRS_HB_COMPLETE_v20 page 7_pages_26-50.md
053-006-185,,053,006,Spray Nozzle,VMRS_HB_COMPLETE_v20 page 7_pages_26-50.md
267-013-012,,267,013,"Spring - Caliper, Bucket",VMRS_HB_COMPLETE_v20 page 7_pages_26-50.md
365-013-021,,365,013,Spray Wand - Tire Spray System,VMRS_HB_COMPLETE_v20 page 7_pages_26-50.md
055-032-011,,055,032,Spring - Cargo Bunk,VMRS_HB_COMPLETE_v20 page 7_pages_26-50.md
053-006-097,,053,006,Spreader - Body Filler,VMRS_HB_COMPLETE_v20 page 7_pages_26-50.md
015-006-004,,015,006,Spring - Centering Valve Spool,VMRS_HB_COMPLETE_v20 page 7_pages_26-50.md
162-001-000,,162,001,Spreader Assembly,VMRS_HB_COMPLETE_v20 page 7_pages_26-50.md
019-002-024,,019,002,Spring - Check Ball,VMRS_HB_COMPLETE_v20 page 7_pages_26-50.md
055-012-071,,055,012,Spreader Bar,VMRS_HB_COMPLETE_v20 page 7_pages_26-50.md
032-004-022,,032,004,Spring - Check Valve Air Supply,VMRS_HB_COMPLETE_v20 page 7_pages_26-50.md
162-000-000,,162,000,Spreading,VMRS_HB_COMPLETE_v20 page 7_pages_26-50.md
053-007-028,,053,007,Spring,VMRS_HB_COMPLETE_v20 page 7_pages_26-50.md
000-019-010,,000,019,"Spring Check Valve, Hydraulic System",VMRS_HB_COMPLETE_v20 page 7_pages_26-50.md
033-007-020,,033,007,Spring Evel Heater Electrical,VMRS_HB_COMPLETE_v20 page 7_pages_26-50.md
002-002-070,,002,002,Spring Clock,VMRS_HB_COMPLETE_v20 page 7_pages_26-50.md
044-010-021,,044,010,"Spring - Fuel Healer, Electrical",VMRS_HB_COMPLETE_v20 page 7_pages_26-50.md
002-057-011,,002,057,Spring - Clutch,VMRS_HB_COMPLETE_v20 page 7_pages_26-50.md
013-010-447,,013,010,"Spring - Hanger, Trailer Connect",VMRS_HB_COMPLETE_v20 page 7_pages_26-50.md
027-040-010,,027,040,Spring - Clutch,VMRS_HB_COMPLETE_v20 page 7_pages_26-50.md
082-019-032,,082,019,Spring - Relay Hold-Down,VMRS_HB_COMPLETE_v20 page 7_pages_26-50.md
000-003-001,,000,003,Spring - Clutch,VMRS_HB_COMPLETE_v20 page 7_pages_26-50.md
072-004-018,,072,004,Spring - Rivel Keeper,VMRS_HB_COMPLETE_v20 page 7_pages_26-50.md
020-015-081,,020,015,"Spring - Clutch Actuator, Automated",VMRS_HB_COMPLETE_v20 page 7_pages_26-50.md
027-024-073,,027,024,Spring - A/R valve,VMRS_HB_COMPLETE_v20 page 7_pages_26-50.md
045-008-137,,045,008,Spring - Accessory Drive Coupling,VMRS_HB_COMPLETE_v20 page 7_pages_26-50.md
027-004-009,,027,004,"Spring - Clutch Cushion, Direct Drive Clutch",VMRS_HB_COMPLETE_v20 page 7_pages_26-50.md
027-024-062,,027,024,Spring - Accumulator,VMRS_HB_COMPLETE_v20 page 7_pages_26-50.md
027-010-005,,027,010,"Spring - Clutch Cushion, Reverse Clutch",VMRS_HB_COMPLETE_v20 page 7_pages_26-50.md
065-002-009,,065,002,"Spring - Accumulator Piston, Hydraulic System",VMRS_HB_COMPLETE_v20 page 7_pages_26-50.md
023-002-008,,023,002,Spring - Clutch Damper,VMRS_HB_COMPLETE_v20 page 7_pages_26-50.md
015-002-041,,015,002,"Spring - Actuator, Housing",VMRS_HB_COMPLETE_v20 page 7_pages_26-50.md
027-029-038,,027,029,Spring - Clutch Valve,VMRS_HB_COMPLETE_v20 page 7_pages_26-50.md
015-007-006,,015,007,Spring - Adapter Ball Seat,VMRS_HB_COMPLETE_v20 page 7_pages_26-50.md
018-006-012,,018,006,Spring - Coil,VMRS_HB_COMPLETE_v20 page 7_pages_26-50.md
013-002-006,,013,002,"Spring - Adjuster Sprocket/Screw, Rear Brake",VMRS_HB_COMPLETE_v20 page 7_pages_26-50.md
016-005-001,,016,005,"Spring - Coil, Rear",VMRS_HB_COMPLETE_v20 page 7_pages_26-50.md
002-011-105,,002,011,"Spring - Coin Holder, Console",VMRS_HB_COMPLETE_v20 page 7_pages_26-50.md
002-028-004,,002,028,"Spring - Adjuster, Front Seat",VMRS_HB_COMPLETE_v20 page 7_pages_26-50.md
001-001-197,,001,001,Spring - Compression (Cvv),VMRS_HB_COMPLETE_v20 page 7_pages_26-50.md
013-001-006,,013,001,"Spring - Adjusting Sprocket Screw, Front Brake",VMRS_HB_COMPLETE_v20 page 7_pages_26-50.md
071-026-068,,071,026,"Spring - Compression, Curtain",VMRS_HB_COMPLETE_v20 page 7_pages_26-50.md
002-047-011,,002,047,"Spring - Compression, Door Vent",VMRS_HB_COMPLETE_v20 page 7_pages_26-50.md
013-014-006,,013,014,"Spring - Adjusting Sprocket Screw, Tag/Pusher",VMRS_HB_COMPLETE_v20 page 7_pages_26-50.md
046-002-010,,046,002,"Spring - Compression, Electro-Mechanical",VMRS_HB_COMPLETE_v20 page 7_pages_26-50.md
016-002-083,,016,002,Spring - Air,VMRS_HB_COMPLETE_v20 page 7_pages_26-50.md
014-015-003,,014,015,"Spring - Compression, Lifting Hook Receptacle",VMRS_HB_COMPLETE_v20 page 7_pages_26-50.md
016-009-014,,016,009,Spring - Air,VMRS_HB_COMPLETE_v20 page 7_pages_26-50.md
059-001-039,,059,001,"Spring - Compression, Lock Assembly Plunger",VMRS_HB_COMPLETE_v20 page 7_pages_26-50.md
016-008-070,,016,008,Spring - Air Cylinder,VMRS_HB_COMPLETE_v20 page 7_pages_26-50.md
055-025-014,,055,025,"Spring - Compression, Pallet Jack",VMRS_HB_COMPLETE_v20 page 7_pages_26-50.md
013-010-330,,013,010,Spring - Air Drier,VMRS_HB_COMPLETE_v20 page 7_pages_26-50.md
045-018-048,,045,018,Spring - Constant Throttle Valve (CTV),VMRS_HB_COMPLETE_v20 page 7_pages_26-50.md
098-013-005,,098,013,Spring - Air Emergency Valve Bulk Product,VMRS_HB_COMPLETE_v20 page 7_pages_26-50.md
367-005-034,,367,005,Spring - Control Cable,VMRS_HB_COMPLETE_v20 page 7_pages_26-50.md
082-012-045,,082,012,Spring - Control Cover,VMRS_HB_COMPLETE_v20 page 7_pages_26-50.md
026-011-166,,026,011,Spring - Air Filter Transmission,VMRS_HB_COMPLETE_v20 page 7_pages_26-50.md
027-024-057,,027,024,Spring - Control Belief,VMRS_HB_COMPLETE_v20 page 7_pages_26-50.md
050-025-005,,050,025,Spring - Control Valve Spool,VMRS_HB_COMPLETE_v20 page 7_pages_26-50.md
001-001-075,,001,001,Spring Air Shift Cylindor,VMRS_HB_COMPLETE_v20 page 7_pages_26-50.md
065-020-029,,065,020,Spring Control Valve Hydraulia System,VMRS_HB_COMPLETE_v20 page 7_pages_26-50.md
056-002-006,,056,002,Spring Air Shiftor,VMRS_HB_COMPLETE_v20 page 7_pages_26-50.md
005-020-020,,005,020,"Spring - Control Valve, Hydraulic System",VMRS_HB_COMPLETE_v20 page 7_pages_26-50.md
000-002-000,,000,002,Spring Anti Dattle Clutch Disc,VMRS_HB_COMPLETE_v20 page 7_pages_26-50.md
040-016-012,,040,016,"Spring - Control Valve, Inner",VMRS_HB_COMPLETE_v20 page 7_pages_26-50.md
023-002-038,,023,002,"Spring - Anti Rattle, Clutch Disc",VMRS_HB_COMPLETE_v20 page 7_pages_26-50.md
043-005-015,,043,005,"Spring - Control Valve, Inner, Exhaust Brake",VMRS_HB_COMPLETE_v20 page 7_pages_26-50.md
013-013-038,,013,013,"Spring - Anti Rattie, Disc Brake Caliper",VMRS_HB_COMPLETE_v20 page 7_pages_26-50.md
043-005-014,,043,005,"Spring - Control Valve, Outer",VMRS_HB_COMPLETE_v20 page 7_pages_26-50.md
055-001-040,,055,001,"Spring - Anti-Bounce, Ramp",VMRS_HB_COMPLETE_v20 page 7_pages_26-50.md
045-018-011,,045,018,"Spring - Control Valve, Outer",VMRS_HB_COMPLETE_v20 page 7_pages_26-50.md
043-002-010,,043,002,"Spring - Anti-Rattle, Manifold Heat Control Valve",VMRS_HB_COMPLETE_v20 page 7_pages_26-50.md
367-005-051,,367,005,"Spring - Control Valve, Roller Control",VMRS_HB_COMPLETE_v20 page 7_pages_26-50.md
081-005-020,,081,005,"Spring - Attaching, Fuel Bottle",VMRS_HB_COMPLETE_v20 page 7_pages_26-50.md
162-005-004,,162,005,"Spring - Control Valve, Spreader Assembly",VMRS_HB_COMPLETE_v20 page 7_pages_26-50.md
027-031-043,,027,031,Spring - Automatic Transmission,VMRS_HB_COMPLETE_v20 page 7_pages_26-50.md
367-005-052,,367,005,"Spring - Control, Return",VMRS_HB_COMPLETE_v20 page 7_pages_26-50.md
002-027-008,,002,027,Spring - Auxiliary Seat Back,VMRS_HB_COMPLETE_v20 page 7_pages_26-50.md
027-029-055,,027,029,Spring - Converter Flow,VMRS_HB_COMPLETE_v20 page 7_pages_26-50.md
002-027-007,,002,027,Spring - Auxiliary Seat Cushion,VMRS_HB_COMPLETE_v20 page 7_pages_26-50.md
027-024-087,,027,024,Spring - Converter Regulator Valve,VMRS_HB_COMPLETE_v20 page 7_pages_26-50.md
016-005-006,,016,005,"Spring - Auxiliary, Rear",VMRS_HB_COMPLETE_v20 page 7_pages_26-50.md
071-020-011,,071,020,Spring - Counter Balance,VMRS_HB_COMPLETE_v20 page 7_pages_26-50.md
015-004-038,,015,004,"Spring - Ball Socket, Drag Link",VMRS_HB_COMPLETE_v20 page 7_pages_26-50.md
065-021-014,,065,021,"Spring - Counter Balance Valve, Hydraulic",VMRS_HB_COMPLETE_v20 page 7_pages_26-50.md
015-007-037,,015,007,Spring - Ball Stud,VMRS_HB_COMPLETE_v20 page 7_pages_26-50.md
026-010-055,,026,010,"Spring - Ball, Interlock",VMRS_HB_COMPLETE_v20 page 7_pages_26-50.md
068-006-020,,068,006,"Spring - Cradlestop Release Lever, Lift Truck",VMRS_HB_COMPLETE_v20 page 7_pages_26-50.md
068-004-029,,068,004,"Spring - Cradlestop Release Lever, Unloader",VMRS_HB_COMPLETE_v20 page 7_pages_26-50.md
368-001-030,,368,001,"Spring - Gas, Drum Support",VMRS_HB_COMPLETE_v20 page 7_pages_26-50.md
072-004-025,,072,004,Spring - Crank Arm,VMRS_HB_COMPLETE_v20 page 7_pages_26-50.md
015-002-052,,015,002,"Spring - Gas, Tilt Steering Column",VMRS_HB_COMPLETE_v20 page 7_pages_26-50.md
151-001-157,,151,001,"Spring - Cylinder Head, APU",VMRS_HB_COMPLETE_v20 page 7_pages_26-50.md
041-001-091,,041,001,"Spring - Gate, Inside/Outside Air",VMRS_HB_COMPLETE_v20 page 7_pages_26-50.md
082-007-024,,082,007,Spring - Damper,VMRS_HB_COMPLETE_v20 page 7_pages_26-50.md
026-002-015,,026,002,Spring - Gearshift Detent,VMRS_HB_COMPLETE_v20 page 7_pages_26-50.md
082-003-026,,082,003,Spring - Damper Blade,VMRS_HB_COMPLETE_v20 page 7_pages_26-50.md
002-048-197,,002,048,"Spring - Glove Box, Cab Overhead Storage",VMRS_HB_COMPLETE_v20 page 7_pages_26-50.md
082-035-012,,082,035,Spring - Damper Blade,VMRS_HB_COMPLETE_v20 page 7_pages_26-50.md
044-003-055,,044,003,Spring - Governor,VMRS_HB_COMPLETE_v20 page 7_pages_26-50.md
082-001-023,,082,001,"Spring - Damper, Evaporator, Mechanical",VMRS_HB_COMPLETE_v20 page 7_pages_26-50.md
027-034-003,,027,034,Spring - Governor Weight,VMRS_HB_COMPLETE_v20 page 7_pages_26-50.md
044-003-112,,044,003,"Spring - Governor, Inner",VMRS_HB_COMPLETE_v20 page 7_pages_26-50.md
013-002-026,,013,002,"Spring - Damper, Rear Brake Drum",VMRS_HB_COMPLETE_v20 page 7_pages_26-50.md
002-011-141,,002,011,"Spring - Handle, Cargo Cover",VMRS_HB_COMPLETE_v20 page 7_pages_26-50.md
002-042-013,,002,042,Spring - Deck Plate,VMRS_HB_COMPLETE_v20 page 7_pages_26-50.md
002-023-031,,002,023,"Spring - Handle, Internal",VMRS_HB_COMPLETE_v20 page 7_pages_26-50.md
044-003-134,,044,003,Spring - Delivery Valve,VMRS_HB_COMPLETE_v20 page 7_pages_26-50.md
077-003-070,,077,003,Spring - Handle. Landing Gear,VMRS_HB_COMPLETE_v20 page 7_pages_26-50.md
026-015-051,,026,015,"Spring - Detent, Automated Transmission",VMRS_HB_COMPLETE_v20 page 7_pages_26-50.md
046-002-030,,046,002,"Spring - Hinge, Contactor",VMRS_HB_COMPLETE_v20 page 7_pages_26-50.md
027-033-055,,027,033,"Spring - Detent, Shift Linkage, Automatic",VMRS_HB_COMPLETE_v20 page 7_pages_26-50.md
004-005-021,,004,005,"Spring - Hinge, Fuel Door, Chassis Fairing",VMRS_HB_COMPLETE_v20 page 7_pages_26-50.md
001-001-102,,001,001,Iransmission,VMRS_HB_COMPLETE_v20 page 7_pages_26-50.md
013-014-016,,013,014,"Spring - Hold Down, Tag/Pusher Axie Brake",VMRS_HB_COMPLETE_v20 page 7_pages_26-50.md
001-001-192,,001,001,"Spring - Detent, Temperature Control, HVAC",VMRS_HB_COMPLETE_v20 page 7_pages_26-50.md
013-001-005,,013,001,"Shine - Hold-Down, Front Brake Shoe",VMRS_HB_COMPLETE_v20 page 7_pages_26-50.md
044-003-226,,044,003,Spring - Diaphragm Fuel Pump,VMRS_HB_COMPLETE_v20 page 7_pages_26-50.md
013-002-015,,013,002,"Spring - Hold-Down, From Brake Shoe",VMRS_HB_COMPLETE_v20 page 7_pages_26-50.md
001-001-236,,001,001,Spring - Directional Duct Outlet,VMRS_HB_COMPLETE_v20 page 7_pages_26-50.md
002-024-053,,002,024,Spring - Hold Bear Glass,VMRS_HB_COMPLETE_v20 page 7_pages_26-50.md
033-002-011,,033,002,Spring - Distributor Weight,VMRS_HB_COMPLETE_v20 page 7_pages_26-50.md
053-006-160,,053,006,Spring - Holder Jack,VMRS_HB_COMPLETE_v20 page 7_pages_26-50.md
002-020-062,,002,020,Spring - Door,VMRS_HB_COMPLETE_v20 page 7_pages_26-50.md
082-006-036,,082,006,Spring - Holdout Relay,VMRS_HB_COMPLETE_v20 page 7_pages_26-50.md
002-020-042,,002,020,Spring - Door Control,VMRS_HB_COMPLETE_v20 page 7_pages_26-50.md
002-004-012,,002,004,Spring - Hood Hinge,VMRS_HB_COMPLETE_v20 page 7_pages_26-50.md
174-011-077,,174,011,"Spring - Door Handle, Outward Opening",VMRS_HB_COMPLETE_v20 page 7_pages_26-50.md
002-004-186,,002,004,Spring - Hood Latch,VMRS_HB_COMPLETE_v20 page 7_pages_26-50.md
002-004-042,,002,004,Spring - Hood Stop Cable,VMRS_HB_COMPLETE_v20 page 7_pages_26-50.md
002-018-190,,002,018,Spring - Door Hinge,VMRS_HB_COMPLETE_v20 page 7_pages_26-50.md
002-036-128,,002,036,"Spring - Hook, Cab Lock",VMRS_HB_COMPLETE_v20 page 7_pages_26-50.md
072-004-064,,072,004,Spring - Door Operator,VMRS_HB_COMPLETE_v20 page 7_pages_26-50.md
054-001-009,,054,001,Spring - Horn Contact,VMRS_HB_COMPLETE_v20 page 7_pages_26-50.md
082-012-050,,082,012,"Spring - Door, Control Panel",VMRS_HB_COMPLETE_v20 page 7_pages_26-50.md
013-010-060,,013,010,Spring - Hose & Cable Tender,VMRS_HB_COMPLETE_v20 page 7_pages_26-50.md
027-029-023,,027,029,Spring - Downshift Timing Valve,VMRS_HB_COMPLETE_v20 page 7_pages_26-50.md
055-009-021,,055,009,Spring - Hose Guide,VMRS_HB_COMPLETE_v20 page 7_pages_26-50.md
059-004-011,,059,004,Spring - Drawbar,VMRS_HB_COMPLETE_v20 page 7_pages_26-50.md
015-002-040,,015,002,"Spring - Housing, Tilt Steering Column",VMRS_HB_COMPLETE_v20 page 7_pages_26-50.md
021-001-053,,021,001,Spring - Driven Front Steer Axle,VMRS_HB_COMPLETE_v20 page 7_pages_26-50.md
013-001-101,,013,001,"Spring - Hydraulic Wheel Cylinder, Front Brake",VMRS_HB_COMPLETE_v20 page 7_pages_26-50.md
016-005-044,,016,005,"Spring - Dust Shield, Torque Rod End",VMRS_HB_COMPLETE_v20 page 7_pages_26-50.md
013-014-101,,013,014,"Spring - Hydraulic, Wheel Cylinder",VMRS_HB_COMPLETE_v20 page 7_pages_26-50.md
041-002-016,,041,002,"Spring - Element, Fuel Filter",VMRS_HB_COMPLETE_v20 page 7_pages_26-50.md
013-002-162,,013,002,"Spring - Hydraulic, Wheel Cylinder, Rear Brakes",VMRS_HB_COMPLETE_v20 page 7_pages_26-50.md
044-002-061,,044,002,"Spring - Element, Fuel Filter",VMRS_HB_COMPLETE_v20 page 7_pages_26-50.md
044-003-053,,044,003,Spring - Idle,VMRS_HB_COMPLETE_v20 page 7_pages_26-50.md
002-015-126,,002,015,Spring - Engine Door,VMRS_HB_COMPLETE_v20 page 7_pages_26-50.md
044-005-063,,044,005,Spring - Idle Adjusting Screw,VMRS_HB_COMPLETE_v20 page 7_pages_26-50.md
013-003-018,,013,003,Spring - Equalizer Return,VMRS_HB_COMPLETE_v20 page 7_pages_26-50.md
027-024-105,,027,024,Spring - Inching Valve,VMRS_HB_COMPLETE_v20 page 7_pages_26-50.md
002-023-010,,002,023,"Spring - Escutcheon, Door Handle, Inner",VMRS_HB_COMPLETE_v20 page 7_pages_26-50.md
044-003-023,,044,003,Spring - Injection Delivery Pump,VMRS_HB_COMPLETE_v20 page 7_pages_26-50.md
043-005-052,,043,005,Spring - Exhaust Brake,VMRS_HB_COMPLETE_v20 page 7_pages_26-50.md
044-004-004,,044,004,Spring - Injector Tip Valve,VMRS_HB_COMPLETE_v20 page 7_pages_26-50.md
043-003-075,,043,003,Spring - Exhaust Pipe,VMRS_HB_COMPLETE_v20 page 7_pages_26-50.md
044-003-130,,044,003,Spring - Inlet/Outlet Valve,VMRS_HB_COMPLETE_v20 page 7_pages_26-50.md
027-024-055,,027,024,Spring - Exnaust valve,VMRS_HB_COMPLETE_v20 page 7_pages_26-50.md
000-000-100,,000,000,Spring - Inner Mast Latch,VMRS_HB_COMPLETE_v20 page 7_pages_26-50.md
002-002-071,,002,002,"Spring - Expansion, Mud Flap, Rear",VMRS_HB_COMPLETE_v20 page 7_pages_26-50.md
002-008-102,,002,008,Spring - Instrument Panel Litt,VMRS_HB_COMPLETE_v20 page 7_pages_26-50.md
014-014-010,,014,014,"Spring - Expansion, Mud Flap, Real Wheel",VMRS_HB_COMPLETE_v20 page 7_pages_26-50.md
027-024-099,,027,024,Spring Int,VMRS_HB_COMPLETE_v20 page 7_pages_26-50.md
068-007-002,,068,007,Spring - Extension,VMRS_HB_COMPLETE_v20 page 7_pages_26-50.md
002-004-004,,002,004,Spring - Jump-Lin Hood,VMRS_HB_COMPLETE_v20 page 7_pages_26-50.md
026-006-104,,026,006,Spring - Key Synchronizer,VMRS_HB_COMPLETE_v20 page 7_pages_26-50.md
059-001-162,,059,001,Spring - Extension Assembly,VMRS_HB_COMPLETE_v20 page 7_pages_26-50.md
002-027-083,,002,027,Spring - Latch,VMRS_HB_COMPLETE_v20 page 7_pages_26-50.md
042-003-103,,042,003,Spring - Fan Clutch,VMRS_HB_COMPLETE_v20 page 7_pages_26-50.md
002-027-033,,002,027,Spring - Latch Handle,VMRS_HB_COMPLETE_v20 page 7_pages_26-50.md
163-001-024,,163,001,"Spring - Feed Roller, Brush Chipper",VMRS_HB_COMPLETE_v20 page 7_pages_26-50.md
002-027-034,,002,027,Spring - Latch Isolator,VMRS_HB_COMPLETE_v20 page 7_pages_26-50.md
059-001-122,,059,001,Spring - Fifth Wheel Timer,VMRS_HB_COMPLETE_v20 page 7_pages_26-50.md
027-024-084,,027,024,Spring - Latch Valve,VMRS_HB_COMPLETE_v20 page 7_pages_26-50.md
059-036-028,,059,036,Spring - Filter Element,VMRS_HB_COMPLETE_v20 page 7_pages_26-50.md
267-011-006,,267,011,"Spring - Latch, Auger",VMRS_HB_COMPLETE_v20 page 7_pages_26-50.md
001-003-052,,001,003,"Spring - Flame Sensor, Auxiliary Heater",VMRS_HB_COMPLETE_v20 page 7_pages_26-50.md
082-029-020,,082,029,"Spring - Latch, Door",VMRS_HB_COMPLETE_v20 page 7_pages_26-50.md
013-008-018,,013,008,Spring - Floating Control,VMRS_HB_COMPLETE_v20 page 7_pages_26-50.md
016-015-048,,016,015,"Spring - Leaf, Cab Suspension",VMRS_HB_COMPLETE_v20 page 7_pages_26-50.md
015-005-017,,015,005,"Spring - Flow Control Valve, Power Steering",VMRS_HB_COMPLETE_v20 page 7_pages_26-50.md
016-002-001,,016,002,"Spring - Leaf, Front",VMRS_HB_COMPLETE_v20 page 7_pages_26-50.md
016-005-002,,016,005,"Spring - Leaf, Rear",VMRS_HB_COMPLETE_v20 page 7_pages_26-50.md
059-028-008,,059,028,"Spring - Flow Control Valve, Vehicle Coupling",VMRS_HB_COMPLETE_v20 page 7_pages_26-50.md
013-003-091,,013,003,"Spring - Lever Link, Parking Brake",VMRS_HB_COMPLETE_v20 page 7_pages_26-50.md
015-011-025,,015,011,Spring - Lever Return,VMRS_HB_COMPLETE_v20 page 7_pages_26-50.md
014-001-074,,014,001,Spring - Frame Attaching,VMRS_HB_COMPLETE_v20 page 7_pages_26-50.md
068-006-008,,068,006,Spring - Lift Fork Latch Pin,VMRS_HB_COMPLETE_v20 page 7_pages_26-50.md
001-002-056,,001,002,Spring - Fresh Air Door,VMRS_HB_COMPLETE_v20 page 7_pages_26-50.md
055-023-028,,055,023,"Spring - Lift Plate, Wheelchair Lift",VMRS_HB_COMPLETE_v20 page 7_pages_26-50.md
055-023-037,,055,023,"Spring - Lift, Wheelchair Lift",VMRS_HB_COMPLETE_v20 page 7_pages_26-50.md
002-027-004,,002,027,Spring - Front Back (Bucket),VMRS_HB_COMPLETE_v20 page 7_pages_26-50.md
072-004-035,,072,004,Spring - Lock Assembly,VMRS_HB_COMPLETE_v20 page 7_pages_26-50.md
002-027-003,,002,027,Spring - Front Cushien (Pueket),VMRS_HB_COMPLETE_v20 page 7_pages_26-50.md
072-004-024,,072,004,Spring Lock Handle,VMRS_HB_COMPLETE_v20 page 7_pages_26-50.md
002-027-002,,002,027,Spring - Front Cushion (Eull),VMRS_HB_COMPLETE_v20 page 7_pages_26-50.md
072-004-030,,072,004,Spring Lock Level,VMRS_HB_COMPLETE_v20 page 7_pages_26-50.md
002-027-001,,002,027,Spring - Front Cushiofi (Full),VMRS_HB_COMPLETE_v20 page 7_pages_26-50.md
072-004-029,,072,004,Spring Lock Din,VMRS_HB_COMPLETE_v20 page 7_pages_26-50.md
027-023-007,,027,023,"Spring - Front Servo Piston, Miler",VMRS_HB_COMPLETE_v20 page 7_pages_26-50.md
002-019-055,,002,019,Spring - Lock Tumbler,VMRS_HB_COMPLETE_v20 page 7_pages_26-50.md
002-015-106,,002,015,Spring - Fuel Door,VMRS_HB_COMPLETE_v20 page 7_pages_26-50.md
059-001-089,,059,001,Spring - Lock Secondary,VMRS_HB_COMPLETE_v20 page 7_pages_26-50.md
044-009-035,,044,009,"Spring - Fuel Heater, Non-Flectrical",VMRS_HB_COMPLETE_v20 page 7_pages_26-50.md
059-001-007,,059,001,Spring - Locking,VMRS_HB_COMPLETE_v20 page 7_pages_26-50.md
044-003-034,,044,003,Spring - Fuel Injection Nozzle,VMRS_HB_COMPLETE_v20 page 7_pages_26-50.md
016-019-003,,016,019,"Spring - Locking Device, Ride Height",VMRS_HB_COMPLETE_v20 page 7_pages_26-50.md
044-003-190,,044,003,Spring - Fuel Strainer Element,VMRS_HB_COMPLETE_v20 page 7_pages_26-50.md
059-001-040,,059,001,Spring - Locking Pin. Slide Release Mechanism,VMRS_HB_COMPLETE_v20 page 7_pages_26-50.md
034-004-147,,034,004,Spring - Fuse Holder,VMRS_HB_COMPLETE_v20 page 7_pages_26-50.md
027-024-079,,027,024,Spring - Lockup Relay Valve,VMRS_HB_COMPLETE_v20 page 7_pages_26-50.md
018-006-011,,018,006,Spring - Garter,VMRS_HB_COMPLETE_v20 page 7_pages_26-50.md
172-007-010,,172,007,Spring - Lower Tipper Hook,VMRS_HB_COMPLETE_v20 page 7_pages_26-50.md
002-020-024,,002,020,Spring - Gas Assist,VMRS_HB_COMPLETE_v20 page 7_pages_26-50.md
027-029-058,,027,029,Spring - Lube Regulator,VMRS_HB_COMPLETE_v20 page 7_pages_26-50.md
014-005-053,,014,005,"Spring - Gas, Cover, Battery Box",VMRS_HB_COMPLETE_v20 page 7_pages_26-50.md
174-001-198,,174,001,Spring - Luggage Door,VMRS_HB_COMPLETE_v20 page 7_pages_26-50.md
027-024-081,,027,024,Spring - Main Control Valve,VMRS_HB_COMPLETE_v20 page 7_pages_26-50.md
027-029-060,,027,029,Spring - Main Regulator,VMRS_HB_COMPLETE_v20 page 7_pages_26-50.md
098-012-004,,098,012,"Spring - Main, Emergency Valve, Bulk Product",VMRS_HB_COMPLETE_v20 page 7_pages_26-50.md
013-004-005,,013,004,"Spring - Main, Parking Brake Chamber",VMRS_HB_COMPLETE_v20 page 7_pages_26-50.md
098-011-005,,098,011,"Spring - Mechanical Emergency Valve, Bulk",VMRS_HB_COMPLETE_v20 page 7_pages_26-50.md
025-001-106,,025,001,"Spring - Modulating Valve, Transfer Case",VMRS_HB_COMPLETE_v20 page 7_pages_26-50.md
001-002-070,,001,002,Spring - Motor Heater,VMRS_HB_COMPLETE_v20 page 7_pages_26-50.md
078-009-017,,078,009,Spring - Mud Flap,VMRS_HB_COMPLETE_v20 page 7_pages_26-50.md
022-003-053,,022,003,Spring - No-Spin Differential,VMRS_HB_COMPLETE_v20 page 7_pages_26-50.md
045-012-018,,045,012,Spring - Oil Cooler,VMRS_HB_COMPLETE_v20 page 7_pages_26-50.md
027-029-019,,027,029,Spring - Oil Cooler Or Lubrication Bypass,VMRS_HB_COMPLETE_v20 page 7_pages_26-50.md
045-011-028,,045,011,Spring - Oil Filter,VMRS_HB_COMPLETE_v20 page 7_pages_26-50.md
045-009-019,,045,009,Spring - Oil Pressure Regulator Valve,VMRS_HB_COMPLETE_v20 page 7_pages_26-50.md
098-007-005,,098,007,Spring - One-Way Check Valve Bulk Product,VMRS_HB_COMPLETE_v20 page 7_pages_26-50.md
000-007-000,,000,007,Transfer,VMRS_HB_COMPLETE_v20 page 7_pages_26-50.md
059-001-087,,059,001,Spring - Operating Rod,VMRS_HB_COMPLETE_v20 page 7_pages_26-50.md
026-011-162,,026,011,"Spring - Over Center, Monotrol Pedal",VMRS_HB_COMPLETE_v20 page 7_pages_26-50.md
044-003-168,,044,003,"Spring - Overflow Valve, Injection Pump",VMRS_HB_COMPLETE_v20 page 7_pages_26-50.md
001-003-134,,001,003,"Spring - Overheat Sensor, Auxiliary Heater",VMRS_HB_COMPLETE_v20 page 7_pages_26-50.md
027-024-076,,027,024,Spring - Override Valve,VMRS_HB_COMPLETE_v20 page 7_pages_26-50.md
009-001-008,,009,001,Spring - Pallet Stop,VMRS_HB_COMPLETE_v20 page 7_pages_26-50.md
013-003-011,,013,003,Spring - Parking Brake Pedal Return,VMRS_HB_COMPLETE_v20 page 7_pages_26-50.md
013-003-007,,013,003,"Spring - Parking Brake Release Rod, Anti-Rattle",VMRS_HB_COMPLETE_v20 page 7_pages_26-50.md
027-032-003,,027,032,Spring - Parking Pawl Disengaging,VMRS_HB_COMPLETE_v20 page 7_pages_26-50.md
015-002-043,,015,002,"Spring - Pedal Return, Steering Column",VMRS_HB_COMPLETE_v20 page 7_pages_26-50.md
065-024-013,,065,024,"Spring - Pilot Valve, Hydraulic System",VMRS_HB_COMPLETE_v20 page 7_pages_26-50.md
059-002-009,,059,002,Spring - Pintle Hook,VMRS_HB_COMPLETE_v20 page 7_pages_26-50.md
039-002-013,,039,002,Spring - Pintie Hook Locking Pawi,VMRS_HB_COMPLETE_v20 page 7_pages_26-50.md
019-002-010,,019,002,Spring - Piston Assembly Automatic Chassis,VMRS_HB_COMPLETE_v20 page 7_pages_26-50.md
010-002-010,,010,002,Lubricator Pump,VMRS_HB_COMPLETE_v20 page 7_pages_26-50.md
027-022-010,,027,022,Spring - Piston Return,VMRS_HB_COMPLETE_v20 page 7_pages_26-50.md
098-012-005,,098,012,"Spring - Piston, Hydraulic Emergency Valve,",VMRS_HB_COMPLETE_v20 page 7_pages_26-50.md
043-005-023,,043,005,"Spring - Piston, Master",VMRS_HB_COMPLETE_v20 page 7_pages_26-50.md
045-018-014,,045,018,"Spring - Piston, Master, Engine Retarder",VMRS_HB_COMPLETE_v20 page 7_pages_26-50.md
045-018-013,,045,018,"Spring - Piston, Slave Engine Retarder",VMRS_HB_COMPLETE_v20 page 7_pages_26-50.md
082-023-013,,082,023,"Spring - Piston, Three Way Valve, Mechanical",VMRS_HB_COMPLETE_v20 page 7_pages_26-50.md
082-013-005,,082,013,"Spring - Piston, Three-Way Valve",VMRS_HB_COMPLETE_v20 page 7_pages_26-50.md
082-024-013,,082,024,"Spring - Piston, Throttling Valve, Mechanical",VMRS_HB_COMPLETE_v20 page 7_pages_26-50.md
000-000-005,,000,000,Refrigeration System,VMRS_HB_COMPLETE_v20 page 7_pages_26-50.md
082-003-025,,082,003,Spring - Pivot,VMRS_HB_COMPLETE_v20 page 7_pages_26-50.md
002-035-011,,002,035,Spring - PivolSpring - Pivot Hood,VMRS_HB_COMPLETE_v20 page 7_pages_26-50.md
002-018-162,,002,018,"Spring - Pivot, Vent Window",VMRS_HB_COMPLETE_v20 page 7_pages_26-50.md
026-011-178,,026,011,"Spring - Plate, Deck Seal",VMRS_HB_COMPLETE_v20 page 7_pages_26-50.md
013-014-038,,013,014,Spring - Plunger Guide,VMRS_HB_COMPLETE_v20 page 7_pages_26-50.md
013-001-038,,013,001,"Spring - Plunger Guide, Front Brake",VMRS_HB_COMPLETE_v20 page 7_pages_26-50.md
032-004-027,,032,004,"Spring - Plunger Return, Control Valve",VMRS_HB_COMPLETE_v20 page 7_pages_26-50.md
028-002-008,,028,002,Spring - Poppet Ball,VMRS_HB_COMPLETE_v20 page 7_pages_26-50.md
026-010-092,,026,010,"Spring - Poppet Ball, Manual Transmission",VMRS_HB_COMPLETE_v20 page 7_pages_26-50.md
025-001-223,,025,001,"Spring - Poppet, Nack, Steering Gear",VMRS_HB_COMPLETE_v20 page 7_pages_26-50.md
023-002-014,,023,002,Spring - Pressure,VMRS_HB_COMPLETE_v20 page 7_pages_26-50.md
097-002-017,,097,002,Spring - Pressure Control Valve,VMRS_HB_COMPLETE_v20 page 7_pages_26-50.md
015-005-038,,015,005,"Spring - Pressure Plate, Oil Pump",VMRS_HB_COMPLETE_v20 page 7_pages_26-50.md
027-029-026,,027,029,Spring - Pressure Regulator,VMRS_HB_COMPLETE_v20 page 7_pages_26-50.md
044-005-064,,044,005,Spring - Priming Pump,VMRS_HB_COMPLETE_v20 page 7_pages_26-50.md
027-033-082,,027,033,Spring - PKINDL Selector,VMRS_HB_COMPLETE_v20 page 7_pages_26-50.md
022-004-090,,022,004,Spring - Pump Relief Valve,VMRS_HB_COMPLETE_v20 page 7_pages_26-50.md
002-018-047,,002,018,Spring - Push Button & Shaft Door Handle,VMRS_HB_COMPLETE_v20 page 7_pages_26-50.md
046-002-027,,046,002,"Spring - Push Rod, Contactor",VMRS_HB_COMPLETE_v20 page 7_pages_26-50.md
002-001-008,,002,001,Spring - Radiator Access Door,VMRS_HB_COMPLETE_v20 page 7_pages_26-50.md
042-002-113,,042,002,Spring -,VMRS_HB_COMPLETE_v20 page 7_pages_26-50.md
026-011-101,,026,011,Spring -,VMRS_HB_COMPLETE_v20 page 7_pages_26-50.md
015-007-015,,015,007,Spring -,VMRS_HB_COMPLETE_v20 page 7_pages_26-50.md
027-021-009,,027,021,Spring -,VMRS_HB_COMPLETE_v20 page 7_pages_26-50.md
002-027-006,,002,027,Spring -,VMRS_HB_COMPLETE_v20 page 7_pages_26-50.md
002-027-005,,002,027,Spring -,VMRS_HB_COMPLETE_v20 page 7_pages_26-50.md
034-003-049,,034,003,Spring -,VMRS_HB_COMPLETE_v20 page 7_pages_26-50.md
019-002-027,,019,002,Spring -,VMRS_HB_COMPLETE_v20 page 7_pages_26-50.md
174-001-157,,174,001,Spring -,VMRS_HB_COMPLETE_v20 page 7_pages_26-50.md
044-010-040,,044,010,Spring -,VMRS_HB_COMPLETE_v20 page 7_pages_26-50.md
,024-071,024,071,Spring -,VMRS_HB_COMPLETE_v20 page 7_pages_26-50.md
065-026-013,,065,026,Spring -,VMRS_HB_COMPLETE_v20 page 7_pages_26-50.md
,004-004,004,004,Spring -,VMRS_HB_COMPLETE_v20 page 7_pages_26-50.md
,010-227,010,227,Spring -,VMRS_HB_COMPLETE_v20 page 7_pages_26-50.md
,013-038,013,038,Spring -,VMRS_HB_COMPLETE_v20 page 7_pages_26-50.md
527-010-000,,527,010,Transmi,VMRS_HB_COMPLETE_v20 page 7_pages_26-50.md
174-005-036,,174,005,Spring -,VMRS_HB_COMPLETE_v20 page 7_pages_26-50.md
369-002-008,,369,002,Spring -,VMRS_HB_COMPLETE_v20 page 7_pages_26-50.md
059-001-029,,059,001,Spring -,VMRS_HB_COMPLETE_v20 page 7_pages_26-50.md
055-023-032,,055,023,Spring -,VMRS_HB_COMPLETE_v20 page 7_pages_26-50.md
059-026-016,,059,026,Spring -,VMRS_HB_COMPLETE_v20 page 7_pages_26-50.md
065-027-015,,065,027,Spring -,VMRS_HB_COMPLETE_v20 page 7_pages_26-50.md
015-003-079,,015,003,Spring -,VMRS_HB_COMPLETE_v20 page 7_pages_26-50.md
098-009-009,,098,009,Spring -,VMRS_HB_COMPLETE_v20 page 7_pages_26-50.md
001-002-153,,001,002,Spring -,VMRS_HB_COMPLETE_v20 page 7_pages_26-50.md
027-001-021,,027,001,Spring -,VMRS_HB_COMPLETE_v20 page 7_pages_26-50.md
078-003-002,,078,003,Spring -,VMRS_HB_COMPLETE_v20 page 7_pages_26-50.md
,002-130,002,130,Spring -,VMRS_HB_COMPLETE_v20 page 7_pages_26-50.md
023-002-015,,023,002,Spring -,VMRS_HB_COMPLETE_v20 page 7_pages_26-50.md
059-001-164,,059,001,Spring -,VMRS_HB_COMPLETE_v20 page 7_pages_26-50.md
026-010-041,,026,010,Spring -,VMRS_HB_COMPLETE_v20 page 7_pages_26-50.md
045-008-057,,045,008,Spring -,VMRS_HB_COMPLETE_v20 page 7_pages_26-50.md
013-003-037,,013,003,Spring -,VMRS_HB_COMPLETE_v20 page 7_pages_26-50.md
174-015-017,,174,015,Spring -,VMRS_HB_COMPLETE_v20 page 7_pages_26-50.md
002-036-058,,002,036,Spring -,VMRS_HB_COMPLETE_v20 page 7_pages_26-50.md
016-005-209,,016,005,Spring -,VMRS_HB_COMPLETE_v20 page 7_pages_26-50.md
,011-018,011,018,Spring -,VMRS_HB_COMPLETE_v20 page 7_pages_26-50.md
,025-054,025,054,Spring -,VMRS_HB_COMPLETE_v20 page 7_pages_26-50.md
367-010-026,,367,010,Spring -,VMRS_HB_COMPLETE_v20 page 7_pages_26-50.md
,027-066,027,066,Spring -,VMRS_HB_COMPLETE_v20 page 7_pages_26-50.md
082-029-057,,082,029,Spring -,VMRS_HB_COMPLETE_v20 page 7_pages_26-50.md
077-003-013,,077,003,Spring -,VMRS_HB_COMPLETE_v20 page 7_pages_26-50.md
077-003-012,,077,003,,VMRS_HB_COMPLETE_v20 page 7_pages_26-50.md
023-002-005,,023,002,Spring -,VMRS_HB_COMPLETE_v20 page 7_pages_26-50.md
027-021-008,,027,021,Spring -,VMRS_HB_COMPLETE_v20 page 7_pages_26-50.md
059-001-037,,059,001,Spring -,VMRS_HB_COMPLETE_v20 page 7_pages_26-50.md
027-024-049,,027,024,Spring -,VMRS_HB_COMPLETE_v20 page 7_pages_26-50.md
026-010-047,,026,010,Spring -,VMRS_HB_COMPLETE_v20 page 7_pages_26-50.md
026-010-059,,026,010,Spring -,VMRS_HB_COMPLETE_v20 page 7_pages_26-50.md
022-022-014,,022,022,Spring,VMRS_HB_COMPLETE_v20 page 7_pages_26-50.md
027-000-014,,027,000,Spring -,VMRS_HB_COMPLETE_v20 page 7_pages_26-50.md
014-009-015,,014,009,Spring -,VMRS_HB_COMPLETE_v20 page 7_pages_26-50.md
059-027-019,,059,027,Spring -,VMRS_HB_COMPLETE_v20 page 7_pages_26-50.md
174-005-035,,174,005,Spring -,VMRS_HB_COMPLETE_v20 page 7_pages_26-50.md
003-001-050,,003,001,Spring -,VMRS_HB_COMPLETE_v20 page 7_pages_26-50.md
075-001-004,,075,001,Spring -,VMRS_HB_COMPLETE_v20 page 7_pages_26-50.md
013-013-004,,013,013,Spring -,VMRS_HB_COMPLETE_v20 page 7_pages_26-50.md
056-001-117,,056,001,Spring -,VMRS_HB_COMPLETE_v20 page 7_pages_26-50.md
065-022-012,,065,022,Spring -,VMRS_HB_COMPLETE_v20 page 7_pages_26-50.md
071-024-004,,071,024,Spring -,VMRS_HB_COMPLETE_v20 page 7_pages_26-50.md
132-002-020,,132,002,Spring -,VMRS_HB_COMPLETE_v20 page 7_pages_26-50.md
127-002-011,,127,002,Spring -,VMRS_HB_COMPLETE_v20 page 7_pages_26-50.md
,031-053,031,053,Spring -,VMRS_HB_COMPLETE_v20 page 7_pages_26-50.md
002-036-020,,002,036,Spring -,VMRS_HB_COMPLETE_v20 page 7_pages_26-50.md
014-004-037,,014,004,Spring -,VMRS_HB_COMPLETE_v20 page 7_pages_26-50.md
016-015-060,,016,015,Spring -,VMRS_HB_COMPLETE_v20 page 7_pages_26-50.md
053-003-002,,053,003,Spring - Swinging Bunk,VMRS_HB_COMPLETE_v20 page 7_pages_26-50.md
013-010-251,,013,010,Spring Brake Assembly,VMRS_HB_COMPLETE_v20 page 7_pages_26-50.md
033-001-013,,033,001,"Spring - Switch, Starter Interrupter",VMRS_HB_COMPLETE_v20 page 7_pages_26-50.md
058-003-003,,058,003,Spring Brake Assembly,VMRS_HB_COMPLETE_v20 page 7_pages_26-50.md
029-004-003,,029,004,Spring - Synchronizer,VMRS_HB_COMPLETE_v20 page 7_pages_26-50.md
013-011-067,,013,011,"Spring Clip - Sensor, Wheel Speed",VMRS_HB_COMPLETE_v20 page 7_pages_26-50.md
168-003-005,,168,003,"Spring - Tank Assembly, Mower",VMRS_HB_COMPLETE_v20 page 7_pages_26-50.md
016-002-051,,016,002,Spring Eye - Cast,VMRS_HB_COMPLETE_v20 page 7_pages_26-50.md
173-008-005,,173,008,"Spring - Tarp Assembly, Dump Body",VMRS_HB_COMPLETE_v20 page 7_pages_26-50.md
013-010-506,,013,010,Spring Fitting,VMRS_HB_COMPLETE_v20 page 7_pages_26-50.md
078-017-010,,078,017,Spring - Tarp Roller,VMRS_HB_COMPLETE_v20 page 7_pages_26-50.md
072-004-036,,072,004,"Spring Guide - Cam End, Lock Assembly",VMRS_HB_COMPLETE_v20 page 7_pages_26-50.md
001-001-196,,001,001,Spring - Tension (Cvv),VMRS_HB_COMPLETE_v20 page 7_pages_26-50.md
072-004-037,,072,004,"Spring Guide - Fixed End, Lock Assembly",VMRS_HB_COMPLETE_v20 page 7_pages_26-50.md
023-001-021,,023,001,"Spring - Tension, Clutch Release Fork",VMRS_HB_COMPLETE_v20 page 7_pages_26-50.md
077-009-000,,077,009,Spring Hangers,VMRS_HB_COMPLETE_v20 page 7_pages_26-50.md
045-008-259,,045,008,"Spring - Tension, Engine Balance Shaft",VMRS_HB_COMPLETE_v20 page 7_pages_26-50.md
016-002-045,,016,002,Spring Helper,VMRS_HB_COMPLETE_v20 page 7_pages_26-50.md
001-004-074,,001,004,"Spring - Tension, Heater And A/C, Sleeper",VMRS_HB_COMPLETE_v20 page 7_pages_26-50.md
055-032-007,,055,032,Spring Kit - Cargo Bunk,VMRS_HB_COMPLETE_v20 page 7_pages_26-50.md
043-003-036,,043,003,"Spring - Tension, Muffler Hanger",VMRS_HB_COMPLETE_v20 page 7_pages_26-50.md
013-001-142,,013,001,Spring Kit - Front Brake,VMRS_HB_COMPLETE_v20 page 7_pages_26-50.md
016-005-047,,016,005,"Spring - Tension, Torque Rod End",VMRS_HB_COMPLETE_v20 page 7_pages_26-50.md
078-028-012,,078,028,Spring Latch - Tarp Box,VMRS_HB_COMPLETE_v20 page 7_pages_26-50.md
055-023-027,,055,023,"Spring - Tension, Wheelchair Lift",VMRS_HB_COMPLETE_v20 page 7_pages_26-50.md
013-004-000,,013,004,Spring Parking Brake (Separate Or Combination,VMRS_HB_COMPLETE_v20 page 7_pages_26-50.md
002-035-134,,002,035,"Spring - Iension, Wiper Arm",VMRS_HB_COMPLETE_v20 page 7_pages_26-50.md
040-007-017,,040,007,W/Service Brake),VMRS_HB_COMPLETE_v20 page 7_pages_26-50.md
045-009-053,,045,009,Spring - Tensioner,VMRS_HB_COMPLETE_v20 page 7_pages_26-50.md
042-007-017,,042,007,Spring Pin,VMRS_HB_COMPLETE_v20 page 7_pages_26-50.md
042-000-012,,042,000,Spring Throttle,VMRS_HB_COMPLETE_v20 page 7_pages_26-50.md
020-001-107,,020,001,"Spring Pin - Modulating Valve, Transfer Case",VMRS_HB_COMPLETE_v20 page 7_pages_26-50.md
044-007-030,,044,007,Spring - Throttling Valvo,VMRS_HB_COMPLETE_v20 page 7_pages_26-50.md
002-050-420,,002,050,Spring Poteinor Lock Pin,VMRS_HB_COMPLETE_v20 page 7_pages_26-50.md
050-001-006,,050,001,Spring Tio Pod Oscillating Fifth Whool Base,VMRS_HB_COMPLETE_v20 page 7_pages_26-50.md
010-010-034,,010,010,Spring Pollor Assombly,VMRS_HB_COMPLETE_v20 page 7_pages_26-50.md
002-004-130,,002,004,Spring - Tilt Assist,VMRS_HB_COMPLETE_v20 page 7_pages_26-50.md
055-001-071,,055,001,Spring Ston - Left,VMRS_HB_COMPLETE_v20 page 7_pages_26-50.md
002-018-104,,002,018,Spring - Toggle,VMRS_HB_COMPLETE_v20 page 7_pages_26-50.md
055-001-072,,055,001,Spring Stop - Bight,VMRS_HB_COMPLETE_v20 page 7_pages_26-50.md
044-003-098,,044,003,Spring - Torsion Engine Injection Pump,VMRS_HB_COMPLETE_v20 page 7_pages_26-50.md
015-006-016,,015,006,Spring Valve - Control Integral Gear Type,VMRS_HB_COMPLETE_v20 page 7_pages_26-50.md
059-001-091,,059,001,Spring - Torsion Lock Guard,VMRS_HB_COMPLETE_v20 page 7_pages_26-50.md
367-003-044,,367,003,Spring Valve - Boller Hydraulics,VMRS_HB_COMPLETE_v20 page 7_pages_26-50.md
002-027-239,,002,027,"Spring - Torsion, Seat Back",VMRS_HB_COMPLETE_v20 page 7_pages_26-50.md
013-014-095,,013,014,Spring Hold Down - Tag/Pusher Axle Brake,VMRS_HB_COMPLETE_v20 page 7_pages_26-50.md
034-001-123,,034,001,"Spring - Torsion, Spot Lamp",VMRS_HB_COMPLETE_v20 page 7_pages_26-50.md
010-011-000,,010,011,Shoe,VMRS_HB_COMPLETE_v20 page 7_pages_26-50.md
055-017-005,,055,017,"Spring - Torsion, Steering Head, Cargo Handling",VMRS_HB_COMPLETE_v20 page 7_pages_26-50.md
013-002-038,,013,002,"Spring, Plunger Guide - Rear Brake",VMRS_HB_COMPLETE_v20 page 7_pages_26-50.md
026-011-103,,026,011,"Spring, Shift Lever - Shifter",VMRS_HB_COMPLETE_v20 page 7_pages_26-50.md
002-027-185,,002,027,Spring - Track Adjust,VMRS_HB_COMPLETE_v20 page 7_pages_26-50.md
026-011-034,,026,011,"Spring, Shift Lever - Transmission",VMRS_HB_COMPLETE_v20 page 7_pages_26-50.md
025-001-105,,025,001,Spring - Transfer Case,VMRS_HB_COMPLETE_v20 page 7_pages_26-50.md
013-002-080,,013,002,"Spring, Slack Adjuster Guide Pawl - Rear Brakes",VMRS_HB_COMPLETE_v20 page 7_pages_26-50.md
027-024-064,,027,024,Spring - Trim,VMRS_HB_COMPLETE_v20 page 7_pages_26-50.md
002-019-026,,002,019,"Spring, Torsion - Entrance Door Control",VMRS_HB_COMPLETE_v20 page 7_pages_26-50.md
098-008-005,,098,008,"Spring - Two-Way Check Valve, Bulk Product",VMRS_HB_COMPLETE_v20 page 7_pages_26-50.md
066-001-010,,066,001,"Spring, Trip - Snow Plow",VMRS_HB_COMPLETE_v20 page 7_pages_26-50.md
002-036-005,,002,036,Springs - Cab Tilt Mechanism,VMRS_HB_COMPLETE_v20 page 7_pages_26-50.md
174-004-015,,174,004,Spring - Underbody Battery Compartment Latch,VMRS_HB_COMPLETE_v20 page 7_pages_26-50.md
078-028-004,,078,028,"Springs - Latch, Tarp Box",VMRS_HB_COMPLETE_v20 page 7_pages_26-50.md
013-009-048,,013,009,"Spring - Unloader, Compressor",VMRS_HB_COMPLETE_v20 page 7_pages_26-50.md
077-009-019,,077,009,"Springs - Rear Suspension, Trailer",VMRS_HB_COMPLETE_v20 page 7_pages_26-50.md
162-001-017,,162,001,Spring - Upper Hopper,VMRS_HB_COMPLETE_v20 page 7_pages_26-50.md
016-019-010,,016,019,"Springs - Tension, Locking Device",VMRS_HB_COMPLETE_v20 page 7_pages_26-50.md
098-010-005,,098,010,"Spring - Vacuum Breaker Vent Valve, Bulk",VMRS_HB_COMPLETE_v20 page 7_pages_26-50.md
068-007-000,,068,007,Springs - Unloader,VMRS_HB_COMPLETE_v20 page 7_pages_26-50.md
367-009-013,,367,009,Sprinkler - Water System,VMRS_HB_COMPLETE_v20 page 7_pages_26-50.md
044-010-041,,044,010,Spring - Vacuum Lock,VMRS_HB_COMPLETE_v20 page 7_pages_26-50.md
111-005-000,,111,005,Sprocket,VMRS_HB_COMPLETE_v20 page 7_pages_26-50.md
045-008-037,,045,008,Spring - Valve,VMRS_HB_COMPLETE_v20 page 7_pages_26-50.md
170-003-005,,170,003,Sprocket,VMRS_HB_COMPLETE_v20 page 7_pages_26-50.md
015-007-018,,015,007,Spring - Valve Adjusting,VMRS_HB_COMPLETE_v20 page 7_pages_26-50.md
170-004-007,,170,004,Sprocket,VMRS_HB_COMPLETE_v20 page 7_pages_26-50.md
082-004-069,,082,004,"Spring - Valve Plate, Compressor Assembly,",VMRS_HB_COMPLETE_v20 page 7_pages_26-50.md
364-007-006,,364,007,"Sprocket - Agitator Drive, Pump Agitator",VMRS_HB_COMPLETE_v20 page 7_pages_26-50.md
000-000-040,,000,000,"Open Type, Mechanical Refrigeration Unit",VMRS_HB_COMPLETE_v20 page 7_pages_26-50.md
082-002-043,,082,002,"Spring - Valve Plate, Compressor, Mechanical",VMRS_HB_COMPLETE_v20 page 7_pages_26-50.md
045-008-230,,045,008,Sprocket - Balance Shaft,VMRS_HB_COMPLETE_v20 page 7_pages_26-50.md
000-010-012,,000,010,Reingeration Unit,VMRS_HB_COMPLETE_v20 page 7_pages_26-50.md
364-007-002,,364,007,"Sprocket - Chain Coupling, Pump Agitator",VMRS_HB_COMPLETE_v20 page 7_pages_26-50.md
090-019-013,,090,019,"Spring - Valve, Bulk Product Transfer",VMRS_HB_COMPLETE_v20 page 7_pages_26-50.md
005-001-007,,005,001,Assembly,VMRS_HB_COMPLETE_v20 page 7_pages_26-50.md
072-007-019,,072,007,"Spring - Valve, Fuel Pump, Reelei",VMRS_HB_COMPLETE_v20 page 7_pages_26-50.md
025-001-227,,025,001,"Sprocket - Driven Output Shall, Harisler Case",VMRS_HB_COMPLETE_v20 page 7_pages_26-50.md
073-007-018,,073,007,"Spring - Valve, HopperSpring - Vane, Hydraulic Pump",VMRS_HB_COMPLETE_v20 page 7_pages_26-50.md
364-000-001,,364,000,"Sprocket - Driven, Tank",VMRS_HB_COMPLETE_v20 page 7_pages_26-50.md
002-011-054,,002,011,"Spring - Vale, Hydraulic FullipSpring - Waste Rin",VMRS_HB_COMPLETE_v20 page 7_pages_26-50.md
018-006-010,,018,006,Spring - Waste Bin,VMRS_HB_COMPLETE_v20 page 7_pages_26-50.md
121-001-013,,121,001,Sprocket - Final Drive,VMRS_HB_COMPLETE_v20 page 7_pages_26-50.md
059-001-130,,059,001,Spring - Wedge Stop,VMRS_HB_COMPLETE_v20 page 7_pages_26-50.md
199-004-016,,199,004,Sprocket - Fines Screen,VMRS_HB_COMPLETE_v20 page 7_pages_26-50.md
267-012-016,,267,012,Spring - Winch,VMRS_HB_COMPLETE_v20 page 7_pages_26-50.md
045-008-260,,045,008,Sprocket - Idler Engine Timing,VMRS_HB_COMPLETE_v20 page 7_pages_26-50.md
002-023-026,,002,023,Spring - Window Handle,VMRS_HB_COMPLETE_v20 page 7_pages_26-50.md
065-013-022,,065,013,Sprocket - Key Drive,VMRS_HB_COMPLETE_v20 page 7_pages_26-50.md
002-018-027,,002,018,Spring - Window Regulator,VMRS_HB_COMPLETE_v20 page 7_pages_26-50.md
462-006-004,,462,006,"Sprocket - Leveling, Lower Boom",VMRS_HB_COMPLETE_v20 page 7_pages_26-50.md
013-004-028,,013,004,Spring & Cap Assembly,VMRS_HB_COMPLETE_v20 page 7_pages_26-50.md
462-011-004,,462,011,"Sprocket - Leveling, Upper, Lower Boom",VMRS_HB_COMPLETE_v20 page 7_pages_26-50.md
027-010-004,,027,010,"Spring & Retainer - Clutch Piston Return,",VMRS_HB_COMPLETE_v20 page 7_pages_26-50.md
055-016-015,,055,016,Sprocket - Lift Chain,VMRS_HB_COMPLETE_v20 page 7_pages_26-50.md
027-004-008,,027,004,Spring & Retainer - Clutch Return,VMRS_HB_COMPLETE_v20 page 7_pages_26-50.md
055-009-008,,055,009,"Sprocket - Lift Chain , Lift Cylinder",VMRS_HB_COMPLETE_v20 page 7_pages_26-50.md
027-008-010,,027,008,Spring & Retainer - Intermediate Clutch Release,VMRS_HB_COMPLETE_v20 page 7_pages_26-50.md
168-001-013,,168,001,Sprocket - Mower,VMRS_HB_COMPLETE_v20 page 7_pages_26-50.md
027-007-011,,027,007,Spring & Retainer - Piston Release,VMRS_HB_COMPLETE_v20 page 7_pages_26-50.md
199-001-015,,199,001,Sprocket - OCC Screen,VMRS_HB_COMPLETE_v20 page 7_pages_26-50.md
027-006-007,,027,006,Spring & Retainers - Piston Release,VMRS_HB_COMPLETE_v20 page 7_pages_26-50.md
045-009-073,,045,009,Sprocket - Oil Pump,VMRS_HB_COMPLETE_v20 page 7_pages_26-50.md
027-033-002,,027,033,Spring & Roller - Manual Detent,VMRS_HB_COMPLETE_v20 page 7_pages_26-50.md
199-002-016,,199,002,Sprocket - ONP Screen,VMRS_HB_COMPLETE_v20 page 7_pages_26-50.md
016-005-181,,016,005,Spring & Saddle - Assembly,VMRS_HB_COMPLETE_v20 page 7_pages_26-50.md
199-003-016,,199,003,Sprocket - Polishing Screen,VMRS_HB_COMPLETE_v20 page 7_pages_26-50.md
016-009-008,,016,009,"Spring Assembly - Air Leaf Suspension, Rear",VMRS_HB_COMPLETE_v20 page 7_pages_26-50.md
094-006-004,,094,006,Sprocket - Reel Drive,VMRS_HB_COMPLETE_v20 page 7_pages_26-50.md
027-013-025,,027,013,"Spring Assembly - Planetary Carrier, Automatic",VMRS_HB_COMPLETE_v20 page 7_pages_26-50.md
078-017-021,,078,017,Sprocket - Tarp Roller,VMRS_HB_COMPLETE_v20 page 7_pages_26-50.md
,000-010,000,010,Iransmission,VMRS_HB_COMPLETE_v20 page 7_pages_26-50.md
199-005-016,,199,005,Sprocket - Trommel,VMRS_HB_COMPLETE_v20 page 7_pages_26-50.md
071-020-010,,071,020,Spring Box - Lett,VMRS_HB_COMPLETE_v20 page 7_pages_26-50.md
045-008-261,,045,008,"Sprocket - Variable Timing, Engine",VMRS_HB_COMPLETE_v20 page 7_pages_26-50.md
071-020-009,,071,020,Spring Box - Right,VMRS_HB_COMPLETE_v20 page 7_pages_26-50.md
094-006-041,,094,006,Sprocket & Brake Disc,VMRS_HB_COMPLETE_v20 page 7_pages_26-50.md
013-004-001,,013,004,Spring Brake (Piggy Back) Assembly,VMRS_HB_COMPLETE_v20 page 7_pages_26-50.md
013-002-007,,013,002,"Sprocket & Screw - Shoe Adjuster, Rear Brake",VMRS_HB_COMPLETE_v20 page 7_pages_26-50.md
013-013-049,,013,013,Spring Brake (Piggy Back) Chamber - Air Disc,VMRS_HB_COMPLETE_v20 page 7_pages_26-50.md
013-001-007,,013,001,"Sprocket & Screw - Shoe Adjusting, Front Brake",VMRS_HB_COMPLETE_v20 page 7_pages_26-50.md
013-003-034,,013,003,Sprocket & Screw - Transmission Parking Brake,VMRS_HB_COMPLETE_v20 page 7_pages_26-50.md
010-014-007,,010,014,Correction Chas Adjusting Tag/Duchar,VMRS_HB_COMPLETE_v20 page 7_pages_26-50.md
013-014-007,,013,014,"Sprocket & Screw, Shoe Adjusting - Tag/Pusher",VMRS_HB_COMPLETE_v20 page 7_pages_26-50.md
045-008-013,,045,008,Sprocket Or Gear - Camshaft Timing,VMRS_HB_COMPLETE_v20 page 7_pages_26-50.md
045-008-009,,045,008,"Sprocket Or Gear - Camshaft, Engine Timing",VMRS_HB_COMPLETE_v20 page 7_pages_26-50.md
045-003-013,,045,003,Sprocket Wheel - Power Take-Off Chain,VMRS_HB_COMPLETE_v20 page 7_pages_26-50.md
268-013-000,,268,013,Sprockets,VMRS_HB_COMPLETE_v20 page 7_pages_26-50.md
151-001-108,,151,001,"Spud - Filter, APU",VMRS_HB_COMPLETE_v20 page 7_pages_26-50.md
068-001-107,,068,001,Spur Gear - Boom,VMRS_HB_COMPLETE_v20 page 7_pages_26-50.md
053-006-090,,053,006,Squeeqee,VMRS_HB_COMPLETE_v20 page 7_pages_26-50.md
061-011-001,,061,011,Squeegee Assembly - Scrubber,VMRS_HB_COMPLETE_v20 page 7_pages_26-50.md
112-000-000,,112,000,Stabilization,VMRS_HB_COMPLETE_v20 page 7_pages_26-50.md
004-004-022,,004,004,Stabilizari Cab Mount Eairing Cab Extender,VMRS_HB_COMPLETE_v20 page 7_pages_26-50.md
004-004-023,,004,004,"Stabilizer - Cab Mourit, Failing, Cab Exterider,",VMRS_HB_COMPLETE_v20 page 7_pages_26-50.md
000-015-100,,000,015,NealStabilizer Engine Deer,VMRS_HB_COMPLETE_v20 page 7_pages_26-50.md
002-015-120,,002,015,Stabilizer - Engine Door,VMRS_HB_COMPLETE_v20 page 7_pages_26-50.md
365-001-037,,365,001,Stabilizer - Paint Gun Assembly,VMRS_HB_COMPLETE_v20 page 7_pages_26-50.md
016-007-000,,016,007,Stabilizer - Rear,VMRS_HB_COMPLETE_v20 page 7_pages_26-50.md
015-004-072,,015,004,Stabilizer - Steering,VMRS_HB_COMPLETE_v20 page 7_pages_26-50.md
017-008-010,,017,008,Stabilizer - Valve Stem,VMRS_HB_COMPLETE_v20 page 7_pages_26-50.md
174-033-114,,174,033,Stabilizer Assembly - Energy Guiding System,VMRS_HB_COMPLETE_v20 page 7_pages_26-50.md
178-006-000,,178,006,Stabilizer Wheel - Roll-Off & Lugger Bodies,VMRS_HB_COMPLETE_v20 page 7_pages_26-50.md
178-006-001,,178,006,Stabilizer Wheel Assembly,VMRS_HB_COMPLETE_v20 page 7_pages_26-50.md
012-002-013,,012,002,"Stabilizer, Steering Damper - Non-Driven, Tag Or",VMRS_HB_COMPLETE_v20 page 7_pages_26-50.md
004-004-021,,004,004,Stabilizers - Vortex (Gap Sealers) Fairing Cab,VMRS_HB_COMPLETE_v20 page 7_pages_26-50.md
001-001-021,,001,001,Evtender,VMRS_HB_COMPLETE_v20 page 7_pages_26-50.md
141-001-042,,141,001,Stock Accombly Hydrogon Evol Coll,VMRS_HB_COMPLETE_v20 page 7_pages_26-50.md
100-001-005,,100,001,Stack Assembly - Hydrogen Fuer Cell,VMRS_HB_COMPLETE_v20 page 7_pages_26-50.md
196-001-005,,196,001,Stack Tumer Assembly,VMRS_HB_COMPLETE_v20 page 7_pages_26-50.md
078-027-000,,078,027,Stacking Deck,VMRS_HB_COMPLETE_v20 page 7_pages_26-50.md
078-027-001,,078,027,Stacking Deck Assembly - Complete,VMRS_HB_COMPLETE_v20 page 7_pages_26-50.md
053-004-012,,053,004,Staff - Red Flag,VMRS_HB_COMPLETE_v20 page 7_pages_26-50.md
055-010-137,,055,010,Stage Telescopic Cylinder Tube,VMRS_HB_COMPLETE_v20 page 7_pages_26-50.md
055-032-006,,055,032,"Stake - Bottom, Cargo Bunk",VMRS_HB_COMPLETE_v20 page 7_pages_26-50.md
055-032-004,,055,032,"Stake - Foldable, Cargo Bunk",VMRS_HB_COMPLETE_v20 page 7_pages_26-50.md
055-032-005,,055,032,"Stake - Top, Cargo Bunk",VMRS_HB_COMPLETE_v20 page 7_pages_26-50.md
002-019-005,,002,019,Stakes - Body Side,VMRS_HB_COMPLETE_v20 page 7_pages_26-50.md
174-018-005,,174,018,Stanchion - Bus Body Barrier,VMRS_HB_COMPLETE_v20 page 7_pages_26-50.md
173-001-016,,173,001,Stanchion - Handle,VMRS_HB_COMPLETE_v20 page 7_pages_26-50.md
172-001-002,,172,001,Stanchion - Latching Handle,VMRS_HB_COMPLETE_v20 page 7_pages_26-50.md
055-022-021,,055,022,Stanchion - Shelf,VMRS_HB_COMPLETE_v20 page 7_pages_26-50.md
068-001-077,,068,001,Stand - Bullwheel Boom,VMRS_HB_COMPLETE_v20 page 7_pages_26-50.md
053-006-268,,053,006,Stand - Crimp Machine,VMRS_HB_COMPLETE_v20 page 7_pages_26-50.md
062-004-001,,062,004,Stand Display/Keyboard,VMRS_HB_COMPLETE_v20 page 7_pages_26-50.md
003-004-001,,003,004,Stand Engine,VMRS_HB_COMPLETE_v20 page 7_pages_26-50.md
,000-200,000,200,Stand - Engine,VMRS_HB_COMPLETE_v20 page 7_pages_26-50.md
168-001-064,,168,001,"Stand - Fire Suppression, Mower",VMRS_HB_COMPLETE_v20 page 7_pages_26-50.md
014-009-013,,014,009,Stand - Side / Center,VMRS_HB_COMPLETE_v20 page 7_pages_26-50.md
002-050-206,,002,050,Standard - Roof,VMRS_HB_COMPLETE_v20 page 7_pages_26-50.md
055-012-038,,055,012,Standard Foot - Captive Beam,VMRS_HB_COMPLETE_v20 page 7_pages_26-50.md
082-028-000,,082,028,Standby Motor,VMRS_HB_COMPLETE_v20 page 7_pages_26-50.md
055-020-022,,055,020,Standoff - Control Panel,VMRS_HB_COMPLETE_v20 page 7_pages_26-50.md
362-004-006,,362,004,Standoff - Main Board,VMRS_HB_COMPLETE_v20 page 7_pages_26-50.md
142-009-007,,142,009,Standoff Assembly - LNG,VMRS_HB_COMPLETE_v20 page 7_pages_26-50.md
013-002-131,,013,002,"Standoff Bracket - Support, Camshaft Tube",VMRS_HB_COMPLETE_v20 page 7_pages_26-50.md
044-009-010,,044,009,Standpipe,VMRS_HB_COMPLETE_v20 page 7_pages_26-50.md
042-010-029,,042,010,Standpipe - Fuel Coolant Pre-Heater,VMRS_HB_COMPLETE_v20 page 7_pages_26-50.md
044-002-066,,044,002,Standpipe - Fuel/ Water Separator,VMRS_HB_COMPLETE_v20 page 7_pages_26-50.md
052-007-000,,052,007,Stanlag Uphalatan,VMRS_HB_COMPLETE_v20 page 7_pages_26-50.md
002-002-050,,002,002,Stapies - OphoisieryStar Talaranaa Ding,VMRS_HB_COMPLETE_v20 page 7_pages_26-50.md
092-002-059,,092,002,Star - IUlerance Ring,VMRS_HB_COMPLETE_v20 page 7_pages_26-50.md
002-019-000,,002,019,Start & Stop Controller Assembly,VMRS_HB_COMPLETE_v20 page 7_pages_26-50.md
082-015-061,,082,015,Start Stop Controller Assembly,VMRS_HB_COMPLETE_v20 page 7_pages_26-50.md
032-002-000,,032,002,Starter,VMRS_HB_COMPLETE_v20 page 7_pages_26-50.md
082-016-002,,082,016,"Starter - Hermetic Type, Compressor Motor",VMRS_HB_COMPLETE_v20 page 7_pages_26-50.md
032-004-000,,032,004,Starter - Air,VMRS_HB_COMPLETE_v20 page 7_pages_26-50.md
151-001-052,,151,001,Starter - APU,VMRS_HB_COMPLETE_v20 page 7_pages_26-50.md
092-002-004,,092,002,"Starter - Compressor Motor, Bulk Product",VMRS_HB_COMPLETE_v20 page 7_pages_26-50.md
082-004-004,,082,004,"Starter - Compressor Motor, Mechanical",VMRS_HB_COMPLETE_v20 page 7_pages_26-50.md
082-016-003,,082,016,Starter - Hermetic Type,VMRS_HB_COMPLETE_v20 page 7_pages_26-50.md
032-007-000,,032,007,Starter - Hydraulic,VMRS_HB_COMPLETE_v20 page 7_pages_26-50.md
082-012-040,,082,012,"Starter - Motor, Electric",VMRS_HB_COMPLETE_v20 page 7_pages_26-50.md
032-004-034,,032,004,Starter Assembly - Air,VMRS_HB_COMPLETE_v20 page 7_pages_26-50.md
032-007-001,,032,007,Starter Assembly - Hydraulic,VMRS_HB_COMPLETE_v20 page 7_pages_26-50.md
082-028-003,,082,028,Starter Motor - Electric,VMRS_HB_COMPLETE_v20 page 7_pages_26-50.md
048-001-052,,048,001,"Starter/Generator - Integrated (ISG), Hybrid",VMRS_HB_COMPLETE_v20 page 7_pages_26-50.md
026-011-160,,026,011,Station - Transmission,VMRS_HB_COMPLETE_v20 page 7_pages_26-50.md
153-000-000,,153,000,Stationary Generator,VMRS_HB_COMPLETE_v20 page 7_pages_26-50.md
153-001-000,,153,001,Stationary Generator,VMRS_HB_COMPLETE_v20 page 7_pages_26-50.md
153-001-001,,153,001,Stationary Generator Assembly,VMRS_HB_COMPLETE_v20 page 7_pages_26-50.md
027-013-040,,027,013,Stator,VMRS_HB_COMPLETE_v20 page 7_pages_26-50.md
031-001-017,,031,001,Stator - Alternator,VMRS_HB_COMPLETE_v20 page 7_pages_26-50.md
033-002-039,,033,002,Stator - Electronic Ignition,VMRS_HB_COMPLETE_v20 page 7_pages_26-50.md
068-001-083,,068,001,Stator - Gearbox,VMRS_HB_COMPLETE_v20 page 7_pages_26-50.md
001-002-069,,001,002,"Stator - Motor, Heater",VMRS_HB_COMPLETE_v20 page 7_pages_26-50.md
365-012-003,,365,012,Stator - Paint Heating Pump,VMRS_HB_COMPLETE_v20 page 7_pages_26-50.md
024-003-007,,024,003,"Stator - Retarder, Drive Shaft",VMRS_HB_COMPLETE_v20 page 7_pages_26-50.md
017-009-013,,017,009,Stator - Rotary Union,VMRS_HB_COMPLETE_v20 page 7_pages_26-50.md
045-003-057,,045,003,Stator - Timing,VMRS_HB_COMPLETE_v20 page 7_pages_26-50.md
027-002-021,,027,002,Stator Assembly,VMRS_HB_COMPLETE_v20 page 7_pages_26-50.md
027-002-022,,027,002,Stator Assembly - Second,VMRS_HB_COMPLETE_v20 page 7_pages_26-50.md
024-003-008,,024,003,"Stator Carrier - Retarder, Drive Shatt",VMRS_HB_COMPLETE_v20 page 7_pages_26-50.md
027-027-003,,027,027,Stator Control valve,VMRS_HB_COMPLETE_v20 page 7_pages_26-50.md
014-002-095,,014,002,"Stay - Cover, Front Bumper",VMRS_HB_COMPLETE_v20 page 7_pages_26-50.md
014-002-111,,014,002,"Stay - Cover, Rear Bumper",VMRS_HB_COMPLETE_v20 page 7_pages_26-50.md
043-003-045,,043,003,Stay Hou - Exhaust Stack,VMRS_HB_COMPLETE_v20 page 7_pages_26-50.md
053-000-151,,053,000,Steal Stainless,VMRS_HB_COMPLETE_v20 page 7_pages_26-50.md
053-009-015,,053,009,Steel - Stainless,VMRS_HB_COMPLETE_v20 page 7_pages_26-50.md
015-000-000,,015,000,Steering - All Steer,VMRS_HB_COMPLETE_v20 page 7_pages_26-50.md
011-001-070,,011,001,Steering Arm - Lower,VMRS_HB_COMPLETE_v20 page 7_pages_26-50.md
011-001-019,,011,001,Steering Arm - Upper Left,VMRS_HB_COMPLETE_v20 page 7_pages_26-50.md
011-001-025,,011,001,Steering Arm - Upper Bight,VMRS_HB_COMPLETE_v20 page 7_pages_26-50.md
011-001-071,,011,001,Steering Arm Assembly,VMRS_HB_COMPLETE_v20 page 7_pages_26-50.md
015-011-000,,015,011,Steering Assembly - Transferable (Vario Pilot),VMRS_HB_COMPLETE_v20 page 7_pages_26-50.md
015-002-004,,015,002,Steering Column,VMRS_HB_COMPLETE_v20 page 7_pages_26-50.md
015-003-000,,015,003,Steering Gear,VMRS_HB_COMPLETE_v20 page 7_pages_26-50.md
015-013-000,,015,013,Steering Gear - Rack & Pinion Type,VMRS_HB_COMPLETE_v20 page 7_pages_26-50.md
015-003-061,,015,003,Steering Gear Assembly,VMRS_HB_COMPLETE_v20 page 7_pages_26-50.md
015-013-001,,015,013,Steering Gear Assembly - Rack & Pinion,VMRS_HB_COMPLETE_v20 page 7_pages_26-50.md
055-017-000,,055,017,Steering Head,VMRS_HB_COMPLETE_v20 page 7_pages_26-50.md
059-041-001,,059,041,Steering Hitch Assembly - Complete,VMRS_HB_COMPLETE_v20 page 7_pages_26-50.md
059-041-000,,059,041,Steering Hitch System,VMRS_HB_COMPLETE_v20 page 7_pages_26-50.md
015-004-000,,015,004,Steering Linkage,VMRS_HB_COMPLETE_v20 page 7_pages_26-50.md
015-003-119,,015,003,"Steering Shaft - Lower, Twin Steer",VMRS_HB_COMPLETE_v20 page 7_pages_26-50.md
015-009-026,,015,009,Steering Shaft - Right,VMRS_HB_COMPLETE_v20 page 7_pages_26-50.md
015-002-000,,015,002,Steering Shaft Support,VMRS_HB_COMPLETE_v20 page 7_pages_26-50.md
015-001-000,,015,001,Steering Wheel,VMRS_HB_COMPLETE_v20 page 7_pages_26-50.md
015-001-001,,015,001,Steering Wheel Assembly,VMRS_HB_COMPLETE_v20 page 7_pages_26-50.md
094-008-042,,094,008,Stem - Aeration Cone,VMRS_HB_COMPLETE_v20 page 7_pages_26-50.md
098-001-004,,098,001,"Stem - Ball Valve, Bulk Product Transfer",VMRS_HB_COMPLETE_v20 page 7_pages_26-50.md
098-011-009,,098,011,Stem - Cam,VMRS_HB_COMPLETE_v20 page 7_pages_26-50.md
098-014-010,,098,014,Stem - Cover,VMRS_HB_COMPLETE_v20 page 7_pages_26-50.md
098-013-008,,098,013,Stem - Cylinder,VMRS_HB_COMPLETE_v20 page 7_pages_26-50.md
098-010-002,,098,010,"Stem - Diaphragm Valve, Bulk Product Transfer",VMRS_HB_COMPLETE_v20 page 7_pages_26-50.md
098-013-002,,098,013,"Stem - Disc, Air Emergency valve, Bulk Product",VMRS_HB_COMPLETE_v20 page 7_pages_26-50.md
009-011-002,,009,011,Stom Disa Machanical Emorganov Valva Bulk,VMRS_HB_COMPLETE_v20 page 7_pages_26-50.md
090-011-002,,090,011,"Stern - Disc, Mechanical Emergency valve, bulk",VMRS_HB_COMPLETE_v20 page 7_pages_26-50.md
009-014-002,,009,014,Stom Disa Sanitary Valva Bulk Product,VMRS_HB_COMPLETE_v20 page 7_pages_26-50.md
090-014-002,,090,014,Transfor,VMRS_HB_COMPLETE_v20 page 7_pages_26-50.md
008-003-004,,008,003,Stem - Flush Valva Bulk Product Transfor,VMRS_HB_COMPLETE_v20 page 7_pages_26-50.md
098-004-004,,098,004,"Stem - Gate Valve, Bulk Product Transfer",VMRS_HB_COMPLETE_v20 page 7_pages_26-50.md
098-012-002,,098,012,Stem - Hydraulic Emergency Valve Rulk Product,VMRS_HB_COMPLETE_v20 page 7_pages_26-50.md
,000-012,000,012,Transfer,VMRS_HB_COMPLETE_v20 page 7_pages_26-50.md
098-002-011,,098,002,Stem - Lower,VMRS_HB_COMPLETE_v20 page 7_pages_26-50.md
065-024-014,,065,024,"Stem - Pilot Valve, Hvdraulic System",VMRS_HB_COMPLETE_v20 page 7_pages_26-50.md
059-026-003,,059,026,Stem - Relief Valve,VMRS_HB_COMPLETE_v20 page 7_pages_26-50.md
065-027-016,,065,027,"Stem - Relief Valve, Hydraulic Svstem",VMRS_HB_COMPLETE_v20 page 7_pages_26-50.md
082-018-008,,082,018,Stem - Service Valve,VMRS_HB_COMPLETE_v20 page 7_pages_26-50.md
002-005-013,,002,005,Stop - Access Door,VMRS_HB_COMPLETE_v20 page 7_pages_26-50.md
098-005-003,,098,005,"Stem - Slide Valve, Bulk Product Transfer",VMRS_HB_COMPLETE_v20 page 7_pages_26-50.md
016-008-046,,016,008,"Stop - Axle, Front Air Ride Suspension",VMRS_HB_COMPLETE_v20 page 7_pages_26-50.md
098-006-003,,098,006,"Stem - Three-Way Diversion Valve, Bulk Product",VMRS_HB_COMPLETE_v20 page 7_pages_26-50.md
016-009-051,,016,009,"Stop - Axle, Rear Air Leaf Suspension",VMRS_HB_COMPLETE_v20 page 7_pages_26-50.md
098-002-003,,098,002,Stem - Unner,VMRS_HB_COMPLETE_v20 page 7_pages_26-50.md
014-005-057,,014,005,Stop - Ballery IrayStop - Brake Pedal Air,VMRS_HB_COMPLETE_v20 page 7_pages_26-50.md
098-019-014,,098,019,"Stem - Valve, Bulk Product Transfer",VMRS_HB_COMPLETE_v20 page 7_pages_26-50.md
048-001-084,,048,001,"Stop - Bumper, Charging Port Door, Hybrid",VMRS_HB_COMPLETE_v20 page 7_pages_26-50.md
002-040-008,,002,040,Step,VMRS_HB_COMPLETE_v20 page 7_pages_26-50.md
174-017-041,,174,017,"Stop - Bumper, School Bus Stop Arm Assembly",VMRS_HB_COMPLETE_v20 page 7_pages_26-50.md
082-012-051,,082,012,"Step - Access, Control Panel",VMRS_HB_COMPLETE_v20 page 7_pages_26-50.md
002-050-026,,002,050,Stop - Bunk,VMRS_HB_COMPLETE_v20 page 7_pages_26-50.md
002-040-002,,002,040,"Step - Assist, Cab Entry (On Cab)",VMRS_HB_COMPLETE_v20 page 7_pages_26-50.md
174-005-021,,174,005,Stop - Bus Body Side Window,VMRS_HB_COMPLETE_v20 page 7_pages_26-50.md
014-005-028,,014,005,Step - Battery Box,VMRS_HB_COMPLETE_v20 page 7_pages_26-50.md
174-009-008,,174,009,Stop - Bus Driver Side Sliding Window,VMRS_HB_COMPLETE_v20 page 7_pages_26-50.md
004-005-013,,004,005,Step - Chassis Fairing,VMRS_HB_COMPLETE_v20 page 7_pages_26-50.md
014-004-062,,014,004,"Stop - Cab Mounting, Upper",VMRS_HB_COMPLETE_v20 page 7_pages_26-50.md
043-007-147,,043,007,"Step - Cover, DEF TallkStep - Cover, Exhaust Aftertreatment Device",VMRS_HB_COMPLETE_v20 page 7_pages_26-50.md
072-004-057,,072,004,Stop - Cable End,VMRS_HB_COMPLETE_v20 page 7_pages_26-50.md
002-040-024,,002,040,Step - Deplovable Step,VMRS_HB_COMPLETE_v20 page 7_pages_26-50.md
055-005-015,,055,005,Stop - Cargo,VMRS_HB_COMPLETE_v20 page 7_pages_26-50.md
174-002-024,,174,002,Step - Drivers Entrance,VMRS_HB_COMPLETE_v20 page 7_pages_26-50.md
055-009-031,,055,009,Stop - Chain,VMRS_HB_COMPLETE_v20 page 7_pages_26-50.md
055-001-094,,055,001,"Step - Flexible, Platform, Liftgate",VMRS_HB_COMPLETE_v20 page 7_pages_26-50.md
023-001-080,,023,001,Stop - Clutch,VMRS_HB_COMPLETE_v20 page 7_pages_26-50.md
173-001-018,,173,001,Step - Folding,VMRS_HB_COMPLETE_v20 page 7_pages_26-50.md
023-001-108,,023,001,"Stop - Clutch, Upper",VMRS_HB_COMPLETE_v20 page 7_pages_26-50.md
172-001-004,,172,001,"Step - Folding Entry, Container Body",VMRS_HB_COMPLETE_v20 page 7_pages_26-50.md
002-008-023,,002,008,Stop - Compartment Door,VMRS_HB_COMPLETE_v20 page 7_pages_26-50.md
002-002-017,,002,002,"Step - Folding, Kick Pad",VMRS_HB_COMPLETE_v20 page 7_pages_26-50.md
014-001-012,,014,001,Step - Frame Rail MountedStep - Front Fender   eft,VMRS_HB_COMPLETE_v20 page 7_pages_26-50.md
027-029-056,,027,029,Stop - Control valve,VMRS_HB_COMPLETE_v20 page 7_pages_26-50.md
002-002-036,,002,002,"Step - Front Fender, Right",VMRS_HB_COMPLETE_v20 page 7_pages_26-50.md
027-024-088,,027,024,Stop - Converter Regulator Valve,VMRS_HB_COMPLETE_v20 page 7_pages_26-50.md
174-023-003,,174,023,Step - Side Emergency Exit,VMRS_HB_COMPLETE_v20 page 7_pages_26-50.md
014-002-096,,014,002,"Stop - Cover, Front Bumper",VMRS_HB_COMPLETE_v20 page 7_pages_26-50.md
071-024-002,,071,024,"Step - Side, Box Body",VMRS_HB_COMPLETE_v20 page 7_pages_26-50.md
014-002-112,,014,002,"Stop - Cover, Rear Bumper",VMRS_HB_COMPLETE_v20 page 7_pages_26-50.md
002-050-556,,002,050,Step - Sleeper Access,VMRS_HB_COMPLETE_v20 page 7_pages_26-50.md
071-026-057,,071,026,Stop - Curtain Rail,VMRS_HB_COMPLETE_v20 page 7_pages_26-50.md
014-002-017,,014,002,"Step - Stirrup, Front Bumper",VMRS_HB_COMPLETE_v20 page 7_pages_26-50.md
082-001-088,,082,001,Stop - Damper,VMRS_HB_COMPLETE_v20 page 7_pages_26-50.md
044-001-024,,044,001,"Step - Strap, Fuel Tank",VMRS_HB_COMPLETE_v20 page 7_pages_26-50.md
082-007-061,,082,007,Stop - Damper,VMRS_HB_COMPLETE_v20 page 7_pages_26-50.md
014-010-019,,014,010,Step - Toolbox,VMRS_HB_COMPLETE_v20 page 7_pages_26-50.md
002-040-041,,002,040,Stop - Deployable Step,VMRS_HB_COMPLETE_v20 page 7_pages_26-50.md
012-002-016,,012,002,Step - Opper Burk AccessStep Assembly - Rear Rumper,VMRS_HB_COMPLETE_v20 page 7_pages_26-50.md
174-011-094,,174,011,"Stop - Door Control, Outward Opening Entrance",VMRS_HB_COMPLETE_v20 page 7_pages_26-50.md
014-005-046,,014,005,Step Brackets - Battery Box,VMRS_HB_COMPLETE_v20 page 7_pages_26-50.md
174-011-004,,174,011,Door,VMRS_HB_COMPLETE_v20 page 7_pages_26-50.md
002-002-010,,002,002,"Step Plate - Fender, Front, Left",VMRS_HB_COMPLETE_v20 page 7_pages_26-50.md
002-024-048,,002,024,Stop - Door Glass,VMRS_HB_COMPLETE_v20 page 7_pages_26-50.md
002-002-009,,002,002,"Step Plate - Fender, Front, Right",VMRS_HB_COMPLETE_v20 page 7_pages_26-50.md
174-001-223,,174,001,"Stop - Door, Bus Body",VMRS_HB_COMPLETE_v20 page 7_pages_26-50.md
002-040-044,,002,040,"Step, Door - Side Exit",VMRS_HB_COMPLETE_v20 page 7_pages_26-50.md
072-003-036,,072,003,"Stop - Door, Hinged, Rear, Body",VMRS_HB_COMPLETE_v20 page 7_pages_26-50.md
174-023-001,,174,023,"Step, Folding - Windshield Cleaning Assist",VMRS_HB_COMPLETE_v20 page 7_pages_26-50.md
152-002-005,,152,002,"Stop - Drain, Sink",VMRS_HB_COMPLETE_v20 page 7_pages_26-50.md
014-002-047,,014,002,"Step, Folding, Bumper, Front",VMRS_HB_COMPLETE_v20 page 7_pages_26-50.md
002-015-128,,002,015,Stop - Engine Door,VMRS_HB_COMPLETE_v20 page 7_pages_26-50.md
201-002-024,,201,002,Steppoard - Fender,VMRS_HB_COMPLETE_v20 page 7_pages_26-50.md
027-024-080,,027,024,Stop - Exnaust Valve,VMRS_HB_COMPLETE_v20 page 7_pages_26-50.md
464-002-000,,464,002,Stick,VMRS_HB_COMPLETE_v20 page 7_pages_26-50.md
016-002-057,,016,002,Stop - Front Axle,VMRS_HB_COMPLETE_v20 page 7_pages_26-50.md
053-006-148,,053,006,"Stick - Measuring, Fuel Tank",VMRS_HB_COMPLETE_v20 page 7_pages_26-50.md
004-005-026,,004,005,"Stop - Fuel Door, Chassis Fairing",VMRS_HB_COMPLETE_v20 page 7_pages_26-50.md
077-005-005,,077,005,Stiffener,VMRS_HB_COMPLETE_v20 page 7_pages_26-50.md
072-003-040,,072,003,"Stop - Hinged Door, Rear",VMRS_HB_COMPLETE_v20 page 7_pages_26-50.md
045-002-111,,045,002,"Stiffener - Block, Power Plant",VMRS_HB_COMPLETE_v20 page 7_pages_26-50.md
004-005-036,,004,005,"Stop - Kick Plate, Chassis Fairing",VMRS_HB_COMPLETE_v20 page 7_pages_26-50.md
071-023-024,,071,023,Stiffener - Bulkhead Door,VMRS_HB_COMPLETE_v20 page 7_pages_26-50.md
027-024-085,,027,024,Stop - Latch Valve,VMRS_HB_COMPLETE_v20 page 7_pages_26-50.md
071-026-056,,071,026,Stiffener - Curtain,VMRS_HB_COMPLETE_v20 page 7_pages_26-50.md
055-001-037,,055,001,Stop - Liftgate,VMRS_HB_COMPLETE_v20 page 7_pages_26-50.md
002-050-009,,002,050,"Stillener - Curtain, Side Window",VMRS_HB_COMPLETE_v20 page 7_pages_26-50.md
045-002-108,,045,002,Stiffener - Engine Block,VMRS_HB_COMPLETE_v20 page 7_pages_26-50.md
027-029-030,,027,029,Stop - Main Control Valve,VMRS_HB_COMPLETE_v20 page 7_pages_26-50.md
002-002-084,,002,002,"Stiffener - Extension, Mud Flap, Rear",VMRS_HB_COMPLETE_v20 page 7_pages_26-50.md
027-029-061,,027,029,Stop - Main Regulator Valve,VMRS_HB_COMPLETE_v20 page 7_pages_26-50.md
002-002-102,,002,002,Stiffener - Fender,VMRS_HB_COMPLETE_v20 page 7_pages_26-50.md
025-001-108,,025,001,"Stop - Modulating Valve, Transfer Case",VMRS_HB_COMPLETE_v20 page 7_pages_26-50.md
019-001-002,,019,001,"Stiffener - Grease Reservoir, Automatic Chassis",VMRS_HB_COMPLETE_v20 page 7_pages_26-50.md
027-024-077,,027,024,Stop - Override Valve,VMRS_HB_COMPLETE_v20 page 7_pages_26-50.md
023-001-121,,023,001,Stop - Pedal,VMRS_HB_COMPLETE_v20 page 7_pages_26-50.md
002-050-091,,002,050,"Stiffener - Horizontal Side, Right",VMRS_HB_COMPLETE_v20 page 7_pages_26-50.md
022-005-037,,022,005,"Stop - Piston, Air Shift Cylinder",VMRS_HB_COMPLETE_v20 page 7_pages_26-50.md
014-014-014,,014,014,"Stiffener - Mud Flap, Rear Wheel",VMRS_HB_COMPLETE_v20 page 7_pages_26-50.md
015-004-061,,015,004,Stop - Pitman ArmStop - Plato Rumpor,VMRS_HB_COMPLETE_v20 page 7_pages_26-50.md
002-015-072,,002,015,"Stiffener - Plug, Vertical",VMRS_HB_COMPLETE_v20 page 7_pages_26-50.md
014-002-019,,014,002,"Stop - Plate, Bulliper",VMRS_HB_COMPLETE_v20 page 7_pages_26-50.md
002-015-086,,002,015,Stiffener - Rear Cab Panel,VMRS_HB_COMPLETE_v20 page 7_pages_26-50.md
174-013-033,,174,013,Stop - Rear Emergency Door Release Handle,VMRS_HB_COMPLETE_v20 page 7_pages_26-50.md
055-022-022,,055,022,Stiffener - Shelf,VMRS_HB_COMPLETE_v20 page 7_pages_26-50.md
016-005-042,,016,005,Stop - Rear Spring Hanger,VMRS_HB_COMPLETE_v20 page 7_pages_26-50.md
042-002-137,,042,002,"Stiffener - Shroud, Radiator Fan",VMRS_HB_COMPLETE_v20 page 7_pages_26-50.md
059-001-114,,059,001,Stop - Roller,VMRS_HB_COMPLETE_v20 page 7_pages_26-50.md
002-004-055,,002,004,Stiffener - Side,VMRS_HB_COMPLETE_v20 page 7_pages_26-50.md
055-019-006,,055,019,Stop - Roller Bed,VMRS_HB_COMPLETE_v20 page 7_pages_26-50.md
002-015-043,,002,015,Stiffener - Side Skin,VMRS_HB_COMPLETE_v20 page 7_pages_26-50.md
002-027-164,,002,027,"Stop - Rubber, Bumper",VMRS_HB_COMPLETE_v20 page 7_pages_26-50.md
002-050-063,,002,050,"Stiffener - Side, Right",VMRS_HB_COMPLETE_v20 page 7_pages_26-50.md
,025-012,025,012,Stop - School Bus Crossing Gate Arm,VMRS_HB_COMPLETE_v20 page 7_pages_26-50.md
002-004-070,,002,004,Stiffener - Vertical Side Lower,VMRS_HB_COMPLETE_v20 page 7_pages_26-50.md
055-022-018,,055,022,Stop - Sciapei,VMRS_HB_COMPLETE_v20 page 7_pages_26-50.md
002-050-089,,002,050,Stiffener - Vertical Side Upper,VMRS_HB_COMPLETE_v20 page 7_pages_26-50.md
027-033-056,,027,033,Stop - Shift Lever,VMRS_HB_COMPLETE_v20 page 7_pages_26-50.md
002-015-074,,002,015,Stiffener - Window Trim,VMRS_HB_COMPLETE_v20 page 7_pages_26-50.md
174-012-041,,174,012,Stop - Side Emergency Door Release Handle,VMRS_HB_COMPLETE_v20 page 7_pages_26-50.md
002-035-116,,002,035,Stiffener Plate - Wiper Mount,VMRS_HB_COMPLETE_v20 page 7_pages_26-50.md
013-001-123,,013,001,Stop - Slack Adjuster,VMRS_HB_COMPLETE_v20 page 7_pages_26-50.md
073-004-000,,073,004,Stiffeners,VMRS_HB_COMPLETE_v20 page 7_pages_26-50.md
002-020-069,,002,020,Stop - Sliding Door,VMRS_HB_COMPLETE_v20 page 7_pages_26-50.md
073-004-001,,073,004,Stiffeners - Baffles,VMRS_HB_COMPLETE_v20 page 7_pages_26-50.md
059-001-082,,059,001,Stop - Sliding Fifth Wheel,VMRS_HB_COMPLETE_v20 page 7_pages_26-50.md
,004-002,004,002,Stimeners - Bulkheads,VMRS_HB_COMPLETE_v20 page 7_pages_26-50.md
011-001-008,,011,001,Stop - Steering Knuckle,VMRS_HB_COMPLETE_v20 page 7_pages_26-50.md
,000-113,000,113,Ston - A/R Valve,VMRS_HB_COMPLETE_v20 page 7_pages_26-50.md
002-000-040,,002,000,"Stop - Stowage Compartment, Convertible Top",VMRS_HB_COMPLETE_v20 page 7_pages_26-50.md
,510-011,510,011,,VMRS_HB_COMPLETE_v20 page 7_pages_26-50.md
044-007-028,,044,007,Stop - Throttle Lever,VMRS_HB_COMPLETE_v20 page 7_pages_26-50.md
151-001-217,,151,001,"Strainer - Fuel, APU",VMRS_HB_COMPLETE_v20 page 7_pages_26-50.md
059-001-139,,059,001,"Stop - Tilt, Fifth Wheel",VMRS_HB_COMPLETE_v20 page 7_pages_26-50.md
151-002-007,,151,002,"Strainer - Glow Pin, Heater, APU",VMRS_HB_COMPLETE_v20 page 7_pages_26-50.md
059-010-015,,059,010,Stop - Tow Bar,VMRS_HB_COMPLETE_v20 page 7_pages_26-50.md
055-010-045,,055,010,Strainer - Hydraulic Fluid Inlet,VMRS_HB_COMPLETE_v20 page 7_pages_26-50.md
174-001-224,,174,001,"Stop - Window, Bus Body",VMRS_HB_COMPLETE_v20 page 7_pages_26-50.md
065-017-023,,065,017,Strainer - Hydraulic System,VMRS_HB_COMPLETE_v20 page 7_pages_26-50.md
002-046-065,,002,046,Stop -Slide,VMRS_HB_COMPLETE_v20 page 7_pages_26-50.md
065-006-016,,065,006,Strainer - Inlet Screen,VMRS_HB_COMPLETE_v20 page 7_pages_26-50.md
051-006-003,,051,006,Stop Arm - Air,VMRS_HB_COMPLETE_v20 page 7_pages_26-50.md
367-009-023,,367,009,"Strainer - Lines, Water System",VMRS_HB_COMPLETE_v20 page 7_pages_26-50.md
174-017-051,,174,017,"Stop Arm - Air Operated, Complete Assembly,",VMRS_HB_COMPLETE_v20 page 7_pages_26-50.md
045-010-041,,045,010,Strainer - Oil Filler Tube,VMRS_HB_COMPLETE_v20 page 7_pages_26-50.md
082-002-044,,082,002,"Strainer - Oil, Compressor Assembly, Mechanical",VMRS_HB_COMPLETE_v20 page 7_pages_26-50.md
174-017-007,,174,017,"Stop Arm - Air, Complete Assembly, School Bus",VMRS_HB_COMPLETE_v20 page 7_pages_26-50.md
051-006-004,,051,006,Stop Arm - Electric,VMRS_HB_COMPLETE_v20 page 7_pages_26-50.md
082-004-009,,082,004,"Strainer - Oil, Compressor Assembly, Open",VMRS_HB_COMPLETE_v20 page 7_pages_26-50.md
174-017-001,,174,017,"Stop Arm - Electrical, Complete Assembly,",VMRS_HB_COMPLETE_v20 page 7_pages_26-50.md
002-002-000,,002,002,"Type, Mechanical Reingeration Unit",VMRS_HB_COMPLETE_v20 page 7_pages_26-50.md
051-006-002,,051,006,Stop Arm Vacuum,VMRS_HB_COMPLETE_v20 page 7_pages_26-50.md
,002-009,002,009,"Strainer - Oil, Compressor, Burk Product Hansier",VMRS_HB_COMPLETE_v20 page 7_pages_26-50.md
174-017-042,,174,017,Stop Arm - Vacuum Complete Assembly School,VMRS_HB_COMPLETE_v20 page 7_pages_26-50.md
367-003-049,,367,003,Strainer - Pickun Tube,VMRS_HB_COMPLETE_v20 page 7_pages_26-50.md
,174-017,174,017,Bus,VMRS_HB_COMPLETE_v20 page 7_pages_26-50.md
094-011-018,,094,011,Strainer - Quick Disconnect,VMRS_HB_COMPLETE_v20 page 7_pages_26-50.md
034-003-127,,034,003,Stop Arm Assembly - Air Operated,VMRS_HB_COMPLETE_v20 page 7_pages_26-50.md
002-015-017,,002,015,Strainer - Rear Panel,VMRS_HB_COMPLETE_v20 page 7_pages_26-50.md
034-003-128,,034,003,Stop Arm Assembly - Electric,VMRS_HB_COMPLETE_v20 page 7_pages_26-50.md
013-006-043,,013,006,"Strainer - Reservoir, Master Cylinder",VMRS_HB_COMPLETE_v20 page 7_pages_26-50.md
002-027-094,,002,027,Stop Block,VMRS_HB_COMPLETE_v20 page 7_pages_26-50.md
082-002-045,,082,002,"Strainer - Suction Gas, Compressor Assembly,",VMRS_HB_COMPLETE_v20 page 7_pages_26-50.md
055-001-069,,055,001,Stop Block - Lower Left,VMRS_HB_COMPLETE_v20 page 7_pages_26-50.md
077-007-004,,077,007,Stop Block - Lower Sub-Frame,VMRS_HB_COMPLETE_v20 page 7_pages_26-50.md
082-004-014,,082,004,"Strainer - Suction Gas, Compressor Assembly,",VMRS_HB_COMPLETE_v20 page 7_pages_26-50.md
055-001-070,,055,001,"Stop Block - Lower, Right",VMRS_HB_COMPLETE_v20 page 7_pages_26-50.md
002-027-068,,002,027,Stop Block Kit - Back Restriction,VMRS_HB_COMPLETE_v20 page 7_pages_26-50.md
092-002-014,,092,002,"Strainer - Suction Gas, Compressor, Bulk",VMRS_HB_COMPLETE_v20 page 7_pages_26-50.md
002-015-122,,002,015,Stop Bracket - Engine Door,VMRS_HB_COMPLETE_v20 page 7_pages_26-50.md
034-002-037,,034,002,Stop Lamp - High Mount,VMRS_HB_COMPLETE_v20 page 7_pages_26-50.md
365-013-018,,365,013,"Strainer - Tip, Tire Spray System",VMRS_HB_COMPLETE_v20 page 7_pages_26-50.md
068-001-062,,068,001,Stop Pawl - Turntable,VMRS_HB_COMPLETE_v20 page 7_pages_26-50.md
365-013-014,,365,013,Strainer - Tire Spray System,VMRS_HB_COMPLETE_v20 page 7_pages_26-50.md
068-004-011,,068,004,Stop Pipe - Lock Pin Handle,VMRS_HB_COMPLETE_v20 page 7_pages_26-50.md
025-001-125,,025,001,Strainer - Transfer Case,VMRS_HB_COMPLETE_v20 page 7_pages_26-50.md
068-006-014,,068,006,"Stop Plate - Fork Assembly, Carriage, LIIT Truck",VMRS_HB_COMPLETE_v20 page 7_pages_26-50.md
367-009-014,,367,009,"Strainer - Water Tank, Water System",VMRS_HB_COMPLETE_v20 page 7_pages_26-50.md
042-007-162,,042,007,"Stop Plate - Fork Assembly, Unloader",VMRS_HB_COMPLETE_v20 page 7_pages_26-50.md
364-009-008,,364,009,Strainer Assembly - Tank,VMRS_HB_COMPLETE_v20 page 7_pages_26-50.md
043-007-103,,043,007,Stop Flug - FullipStop Rod - Wedge Fifth Wheel,VMRS_HB_COMPLETE_v20 page 7_pages_26-50.md
072-004-000,,072,004,Strap Adjusting Alternator,VMRS_HB_COMPLETE_v20 page 7_pages_26-50.md
174-017-027,,174,017,Stop Sign - School Bus Stop Arm Assembly,VMRS_HB_COMPLETE_v20 page 7_pages_26-50.md
016-008-078,,016,008,Strap - Air Bag,VMRS_HB_COMPLETE_v20 page 7_pages_26-50.md
082-015-000,,082,015,Stop Start Controller,VMRS_HB_COMPLETE_v20 page 7_pages_26-50.md
002-027-062,,002,027,Strap - Back Cushion Adjuster,VMRS_HB_COMPLETE_v20 page 7_pages_26-50.md
002-025-033,,002,025,"Stop, Window - Sliding",VMRS_HB_COMPLETE_v20 page 7_pages_26-50.md
082-044-010,,082,044,"Strap - Batter Hold-Down, Reefer",VMRS_HB_COMPLETE_v20 page 7_pages_26-50.md
022-001-019,,022,001,Stop/Bumper - Rear Axle,VMRS_HB_COMPLETE_v20 page 7_pages_26-50.md
024-002-043,,024,002,Strap - Bearing Restraint,VMRS_HB_COMPLETE_v20 page 7_pages_26-50.md
461-001-022,,461,001,"Stopper Rubber, Arrow Board",VMRS_HB_COMPLETE_v20 page 7_pages_26-50.md
075-001-015,,075,001,Strap - Cam,VMRS_HB_COMPLETE_v20 page 7_pages_26-50.md
014-001-103,,014,001,"Stopper - Cross Member, Suspension",VMRS_HB_COMPLETE_v20 page 7_pages_26-50.md
078-027-014,,078,027,Strap - Cam Buckle,VMRS_HB_COMPLETE_v20 page 7_pages_26-50.md
002-006-134,,002,006,Stopper - Sunroof,VMRS_HB_COMPLETE_v20 page 7_pages_26-50.md
058-009-008,,058,009,Strap - Coupling and Hook,VMRS_HB_COMPLETE_v20 page 7_pages_26-50.md
002-024-071,,002,024,Stopper - Windshield,VMRS_HB_COMPLETE_v20 page 7_pages_26-50.md
024-001-008,,024,001,Strap - Cross Retaining,VMRS_HB_COMPLETE_v20 page 7_pages_26-50.md
175-001-000,,175,001,Storage,VMRS_HB_COMPLETE_v20 page 7_pages_26-50.md
071-026-058,,071,026,Strap - Curtain,VMRS_HB_COMPLETE_v20 page 7_pages_26-50.md
093-000-000,,093,000,Storage - Bulk Storage System,VMRS_HB_COMPLETE_v20 page 7_pages_26-50.md
000-031-007,,000,031,"Strap - Della Ring, Transport Grade",VMRS_HB_COMPLETE_v20 page 7_pages_26-50.md
053-006-021,,053,006,Storage - Deployable Step,VMRS_HB_COMPLETE_v20 page 7_pages_26-50.md
061-009-004,,061,009,Strap - Dipstick Tube,VMRS_HB_COMPLETE_v20 page 7_pages_26-50.md
174-032-063,,174,032,"Storage - Occupant Restraint, Wheelchair Tie-",VMRS_HB_COMPLETE_v20 page 7_pages_26-50.md
002-018-058,,002,018,Strap - Door Check,VMRS_HB_COMPLETE_v20 page 7_pages_26-50.md
082-029-070,,082,029,"Strap - Door Pull Down, Reefer",VMRS_HB_COMPLETE_v20 page 7_pages_26-50.md
053-006-216,,053,006,Storage Box,VMRS_HB_COMPLETE_v20 page 7_pages_26-50.md
268-008-016,,268,008,"Strap - Door, Personnel Bucket",VMRS_HB_COMPLETE_v20 page 7_pages_26-50.md
174-031-001,,174,031,"Storage Box Assembly - Complete, Bus Under",VMRS_HB_COMPLETE_v20 page 7_pages_26-50.md
059-004-023,,059,004,Strap - Drawbar,VMRS_HB_COMPLETE_v20 page 7_pages_26-50.md
034-005-001,,034,005,Strap - Electrical Ground,VMRS_HB_COMPLETE_v20 page 7_pages_26-50.md
174-030-001,,174,030,"Storage Box Assembly - Complete, Bus Under",VMRS_HB_COMPLETE_v20 page 7_pages_26-50.md
172-007-062,,172,007,"Strap - Finger Assembly, Gripper",VMRS_HB_COMPLETE_v20 page 7_pages_26-50.md
000-050-500,,000,050,Passenger Seat,VMRS_HB_COMPLETE_v20 page 7_pages_26-50.md
055-031-005,,055,031,"Strap - Flat Hook, Transport Grade",VMRS_HB_COMPLETE_v20 page 7_pages_26-50.md
002-050-569,,002,050,"Storage Cabinet - Rear, Floor",VMRS_HB_COMPLETE_v20 page 7_pages_26-50.md
044-001-019,,044,001,Strap - Fuel TankStrap - Fuel Tank Desfar,VMRS_HB_COMPLETE_v20 page 7_pages_26-50.md
002-030-174,,002,030,Storage Compartment - Cab. Side,VMRS_HB_COMPLETE_v20 page 7_pages_26-50.md
002-039-019,,002,039,"Strap - Fuel Talik, ReeleiStrap - Glove Compartment, Dash",VMRS_HB_COMPLETE_v20 page 7_pages_26-50.md
002-040-150,,002,040,Storage Compartment - Stowage Compartment,VMRS_HB_COMPLETE_v20 page 7_pages_26-50.md
032-001-021,,032,001,Strap - Ground,VMRS_HB_COMPLETE_v20 page 7_pages_26-50.md
,002-000,002,000,Convertible Top,VMRS_HB_COMPLETE_v20 page 7_pages_26-50.md
044-003-204,,044,003,"Strap - Ground, Fuel Pump Solenoid",VMRS_HB_COMPLETE_v20 page 7_pages_26-50.md
078-028-000,,078,028,Storage Compartment - Trailer,VMRS_HB_COMPLETE_v20 page 7_pages_26-50.md
151-001-213,,151,001,"Strap - Ground, APU",VMRS_HB_COMPLETE_v20 page 7_pages_26-50.md
078-028-001,,078,028,Storage Compartment Assembly - Trailer,VMRS_HB_COMPLETE_v20 page 7_pages_26-50.md
036-001-014,,036,001,"Strap - Ground, Collision Avoidance System",VMRS_HB_COMPLETE_v20 page 7_pages_26-50.md
055-012-047,,055,012,Storage Container - Straps,VMRS_HB_COMPLETE_v20 page 7_pages_26-50.md
045-002-114,,045,002,"Strap - Ground, Engine to Frame",VMRS_HB_COMPLETE_v20 page 7_pages_26-50.md
001-003-091,,001,003,Storage Cooler Assembly - Self-Powered,VMRS_HB_COMPLETE_v20 page 7_pages_26-50.md
059-001-125,,059,001,"Strap - Ground, Fifth Wheel",VMRS_HB_COMPLETE_v20 page 7_pages_26-50.md
002-048-039,,002,048,Storage Pouch Assembly,VMRS_HB_COMPLETE_v20 page 7_pages_26-50.md
063-005-011,,063,005,"Strap - Ground, Modem, External Terrestrial",VMRS_HB_COMPLETE_v20 page 7_pages_26-50.md
063-006-007,,063,006,Storage/Distribution Box - Load Tracking,VMRS_HB_COMPLETE_v20 page 7_pages_26-50.md
051-009-009,,051,009,"Strap - Ground, Pedestal",VMRS_HB_COMPLETE_v20 page 7_pages_26-50.md
041-001-006,,041,001,Stove - Therm Air Conditioning Heat,VMRS_HB_COMPLETE_v20 page 7_pages_26-50.md
048-001-033,,048,001,"Strap - Ground, Power Train, Hybrid",VMRS_HB_COMPLETE_v20 page 7_pages_26-50.md
055-023-051,,055,023,Stow Block - Wheelchair Lift,VMRS_HB_COMPLETE_v20 page 7_pages_26-50.md
063-006-017,,063,006,"Strap - Handheid Unit, Load Tracking, RFID",VMRS_HB_COMPLETE_v20 page 7_pages_26-50.md
302-002-010,,302,002,Strain Relief,VMRS_HB_COMPLETE_v20 page 7_pages_26-50.md
071-025-008,,071,025,Strap - Hold Down,VMRS_HB_COMPLETE_v20 page 7_pages_26-50.md
027-030-010,,027,030,Strainer - Oil Fill,VMRS_HB_COMPLETE_v20 page 7_pages_26-50.md
002-004-040,,002,004,Strap - Noou Latern,VMRS_HB_COMPLETE_v20 page 7_pages_26-50.md
013-009-081,,013,009,Strainer - Air,VMRS_HB_COMPLETE_v20 page 7_pages_26-50.md
043-003-071,,043,003,Strap - Muffler,VMRS_HB_COMPLETE_v20 page 7_pages_26-50.md
043-007-196,,043,007,Strainer - DEF Pump,VMRS_HB_COMPLETE_v20 page 7_pages_26-50.md
061-011-009,,061,011,"Strap - Outer, Squeegee",VMRS_HB_COMPLETE_v20 page 7_pages_26-50.md
065-006-015,,065,006,Strainer - Drive for Motor or Pump,VMRS_HB_COMPLETE_v20 page 7_pages_26-50.md
111-001-010,,111,001,Strap - Plate,VMRS_HB_COMPLETE_v20 page 7_pages_26-50.md
059-014-007,,059,014,Strainer - Fluid Inlet,VMRS_HB_COMPLETE_v20 page 7_pages_26-50.md
023-002-029,,023,002,"Strap - Plate, Intermediate",VMRS_HB_COMPLETE_v20 page 7_pages_26-50.md
002-035-150,,002,035,"Strainer - Fluid, Windshield Washer",VMRS_HB_COMPLETE_v20 page 7_pages_26-50.md
014-004-049,,014,004,"Strap - Pull, Cab Mount",VMRS_HB_COMPLETE_v20 page 7_pages_26-50.md
294-001-003,,294,001,Strainer - Fuel Meter,VMRS_HB_COMPLETE_v20 page 7_pages_26-50.md
016-015-068,,016,015,"Strap - Pull, Cab Mount",VMRS_HB_COMPLETE_v20 page 7_pages_26-50.md
002-050-603,,002,050,"Strap - Pull, Exit Door",VMRS_HB_COMPLETE_v20 page 7_pages_26-50.md
002-016-004,,002,016,Striker - Tailgate,VMRS_HB_COMPLETE_v20 page 7_pages_26-50.md
002-001-053,,002,001,"Strap - Pull, Grille Panel",VMRS_HB_COMPLETE_v20 page 7_pages_26-50.md
174-003-025,,174,003,Striker - Underbody Storage Compartment Door,VMRS_HB_COMPLETE_v20 page 7_pages_26-50.md
071-030-013,,071,030,"Strap - Pull, Side Compartment Roll-Up Door",VMRS_HB_COMPLETE_v20 page 7_pages_26-50.md
002-050-617,,002,050,Striker - Upper Bunk,VMRS_HB_COMPLETE_v20 page 7_pages_26-50.md
055-012-052,,055,012,Strap - Ratchet,VMRS_HB_COMPLETE_v20 page 7_pages_26-50.md
053-004-041,,053,004,Striker - Warning Bell,VMRS_HB_COMPLETE_v20 page 7_pages_26-50.md
078-027-015,,078,027,Strap - Ratchet Buckle,VMRS_HB_COMPLETE_v20 page 7_pages_26-50.md
002-050-426,,002,050,Striker Pin,VMRS_HB_COMPLETE_v20 page 7_pages_26-50.md
016-005-171,,016,005,"Strap - Rebound, Rear Suspension",VMRS_HB_COMPLETE_v20 page 7_pages_26-50.md
002-050-425,,002,050,Striker Plate,VMRS_HB_COMPLETE_v20 page 7_pages_26-50.md
016-002-067,,016,002,"Strap - Retaining, Front Spring",VMRS_HB_COMPLETE_v20 page 7_pages_26-50.md
002-015-119,,002,015,Striker Plate - Engine Door,VMRS_HB_COMPLETE_v20 page 7_pages_26-50.md
044-001-057,,044,001,Strap - Rock Shield,VMRS_HB_COMPLETE_v20 page 7_pages_26-50.md
002-018-049,,002,018,Striker Plate - Front Door,VMRS_HB_COMPLETE_v20 page 7_pages_26-50.md
174-032-068,,174,032,Strap - Seatbelt Wheelchair Tie-Down,VMRS_HB_COMPLETE_v20 page 7_pages_26-50.md
174-001-014,,174,001,Stringer - Bus Boof,VMRS_HB_COMPLETE_v20 page 7_pages_26-50.md
017-009-045,,017,009,"Strap - Sensor, Tire Pressure Monitoring System",VMRS_HB_COMPLETE_v20 page 7_pages_26-50.md
002-006-022,,002,006,Stringer - Roof,VMRS_HB_COMPLETE_v20 page 7_pages_26-50.md
016-008-153,,016,008,Strap - Shock Absorber,VMRS_HB_COMPLETE_v20 page 7_pages_26-50.md
002-030-010,,002,030,Strip - Aluminum Aisle,VMRS_HB_COMPLETE_v20 page 7_pages_26-50.md
061-009-008,,061,009,"Strap - Splash Guard Assembly, Scrubber",VMRS_HB_COMPLETE_v20 page 7_pages_26-50.md
078-009-010,,078,009,Strip - Bolting,VMRS_HB_COMPLETE_v20 page 7_pages_26-50.md
016-005-125,,016,005,Strap - Spring Eve,VMRS_HB_COMPLETE_v20 page 7_pages_26-50.md
014-014-012,,014,014,"Strip - Conspicuity Mud Flap, Rear Wheel",VMRS_HB_COMPLETE_v20 page 7_pages_26-50.md
034-004-360,,034,004,Strap - Static,VMRS_HB_COMPLETE_v20 page 7_pages_26-50.md
002-002-073,,002,002,"Strip - Conspicuity, Rear Mud Flap",VMRS_HB_COMPLETE_v20 page 7_pages_26-50.md
043-006-100,,043,006,Strap - Support Muffler,VMRS_HB_COMPLETE_v20 page 7_pages_26-50.md
002-024-017,,002,024,Strip - Filler,VMRS_HB_COMPLETE_v20 page 7_pages_26-50.md
082-008-080,,082,008,Strap - Tank Accumulator,VMRS_HB_COMPLETE_v20 page 7_pages_26-50.md
002-046-049,,002,046,Strip - Filler View Window,VMRS_HB_COMPLETE_v20 page 7_pages_26-50.md
168-001-071,,168,001,"Strap - Tank, Wetcut Mower",VMRS_HB_COMPLETE_v20 page 7_pages_26-50.md
002-046-054,,002,046,Strip - Locking Seal,VMRS_HB_COMPLETE_v20 page 7_pages_26-50.md
078-012-002,,078,012,Strap - Tarpaulin,VMRS_HB_COMPLETE_v20 page 7_pages_26-50.md
002-004-231,,002,004,Strip - Protective Cowl,VMRS_HB_COMPLETE_v20 page 7_pages_26-50.md
058-009-002,,058,009,Strap - Tow,VMRS_HB_COMPLETE_v20 page 7_pages_26-50.md
174-033-084,,174,033,Strip - Retaining Bellows Bottom,VMRS_HB_COMPLETE_v20 page 7_pages_26-50.md
002-050-353,,002,050,Strap - TV/VCB,VMRS_HB_COMPLETE_v20 page 7_pages_26-50.md
014-010-015,,014,010,Strip - Rubber,VMRS_HB_COMPLETE_v20 page 7_pages_26-50.md
055-031-006,,055,031,Strap - Twist Loop Transport Grade,VMRS_HB_COMPLETE_v20 page 7_pages_26-50.md
002-032-013,,002,032,Strip - Windlace Or Finishing,VMRS_HB_COMPLETE_v20 page 7_pages_26-50.md
002-050-320,,002,050,Strap - Upper Bunk,VMRS_HB_COMPLETE_v20 page 7_pages_26-50.md
174-037-007,,174,037,Striping,VMRS_HB_COMPLETE_v20 page 7_pages_26-50.md
031-002-013,,031,002,Strap - Voltage Regulator,VMRS_HB_COMPLETE_v20 page 7_pages_26-50.md
053-999-203,,053,999,Stripper - Paint,VMRS_HB_COMPLETE_v20 page 7_pages_26-50.md
174-023-005,,174,023,Strap - Wheelchair Tie-Down Bus Floor,VMRS_HB_COMPLETE_v20 page 7_pages_26-50.md
034-006-028,,034,006,Strobe - Light Bar,VMRS_HB_COMPLETE_v20 page 7_pages_26-50.md
174-032-002,,174,032,Strap - Wheelchair Tie-Down Lift Assembly Bus,VMRS_HB_COMPLETE_v20 page 7_pages_26-50.md
034-001-063,,034,001,Strobe Lamp Assembly W/Base,VMRS_HB_COMPLETE_v20 page 7_pages_26-50.md
034-006-048,,034,006,Strobe Lamp Assembly W/Base,VMRS_HB_COMPLETE_v20 page 7_pages_26-50.md
057-001-018,,057,001,Stran - Winch Spare Tire,VMRS_HB_COMPLETE_v20 page 7_pages_26-50.md
058-007-000,,058,007,Structure,VMRS_HB_COMPLETE_v20 page 7_pages_26-50.md
049-004-007,,049,004,Strap Assembly - Accumulator Hydraulic Hybrid,VMRS_HB_COMPLETE_v20 page 7_pages_26-50.md
061-001-001,,061,001,Structure - Chassis Framing Sweeper,VMRS_HB_COMPLETE_v20 page 7_pages_26-50.md
055-012-010,,055,012,Strap Assembly - Cargo (Includes Buckle &,VMRS_HB_COMPLETE_v20 page 7_pages_26-50.md
199-005-007,,199,005,Structure - Frame Work Trommel,VMRS_HB_COMPLETE_v20 page 7_pages_26-50.md
000-012-010,,000,012,Fittings),VMRS_HB_COMPLETE_v20 page 7_pages_26-50.md
174-001-002,,174,001,Structure Complete - Bus Body,VMRS_HB_COMPLETE_v20 page 7_pages_26-50.md
002-022-019,,002,022,Stran Assembly - Bear Door,VMRS_HB_COMPLETE_v20 page 7_pages_26-50.md
024-002-072,,024,002,Strap Kit - Universal Joint,VMRS_HB_COMPLETE_v20 page 7_pages_26-50.md
174-001-003,,174,001,"Structure, Front - Bus Body",VMRS_HB_COMPLETE_v20 page 7_pages_26-50.md
071-033-004,,071,033,Strap Roller Assembly - Walking Floor,VMRS_HB_COMPLETE_v20 page 7_pages_26-50.md
174-001-007,,174,001,"Structure, Front Bus Body",VMRS_HB_COMPLETE_v20 page 7_pages_26-50.md
016-014-023,,016,014,Strap- Nylon Liftable Air Suspension,VMRS_HB_COMPLETE_v20 page 7_pages_26-50.md
174-001-004,,174,001,Structure Bear - Bus Body,VMRS_HB_COMPLETE_v20 page 7_pages_26-50.md
174-032-017,,174,032,Strap- Pull-Up Wheelchair Bamp,VMRS_HB_COMPLETE_v20 page 7_pages_26-50.md
174-001-005,,174,001,"Structure, Right Rear - Bus Body",VMRS_HB_COMPLETE_v20 page 7_pages_26-50.md
002-036-094,,002,036,"Strap, Solenoid - Tilt Pump",VMRS_HB_COMPLETE_v20 page 7_pages_26-50.md
174-001-006,,174,001,"Structure, Right Side - Bus Body",VMRS_HB_COMPLETE_v20 page 7_pages_26-50.md
174-001-085,,174,001,Strap Tie-Down - Safety Tools/Equipment,VMRS_HB_COMPLETE_v20 page 7_pages_26-50.md
174-002-001,,174,002,"Structure, Step - Bus Entry",VMRS_HB_COMPLETE_v20 page 7_pages_26-50.md
053-014-038,,053,014,Street Elbow - Aqueous Parts Washer,VMRS_HB_COMPLETE_v20 page 7_pages_26-50.md
016-020-000,,016,020,Strut,VMRS_HB_COMPLETE_v20 page 7_pages_26-50.md
002-050-758,,002,050,Striker - Bunk Latch,VMRS_HB_COMPLETE_v20 page 7_pages_26-50.md
014-005-047,,014,005,Strut - Battery Box Lid,VMRS_HB_COMPLETE_v20 page 7_pages_26-50.md
174-001-155,,174,001,Striker - Bus Engine Access Door,VMRS_HB_COMPLETE_v20 page 7_pages_26-50.md
013-003-057,,013,003,"Strut - Brake, Parking",VMRS_HB_COMPLETE_v20 page 7_pages_26-50.md
174-031-016,,174,031,Striker - Bus Under Driver Seat Storage Box,VMRS_HB_COMPLETE_v20 page 7_pages_26-50.md
174-001-152,,174,001,Strut - Bus Engine Access Door,VMRS_HB_COMPLETE_v20 page 7_pages_26-50.md
174-031-017,,174,031,Strut - Bus Under Driver Seat Storage Box Door,VMRS_HB_COMPLETE_v20 page 7_pages_26-50.md
174-030-016,,174,030,Striker - Bus Under Passenger Seat Storage Box,VMRS_HB_COMPLETE_v20 page 7_pages_26-50.md
174-030-017,,174,030,Strut - Bus Under Passenger Seat Storage Box,VMRS_HB_COMPLETE_v20 page 7_pages_26-50.md
002-018-006,,002,018,Striker - Cab Or Front Door,VMRS_HB_COMPLETE_v20 page 7_pages_26-50.md
004-004-020,,004,004,"Strut - Cab Extender, Lower",VMRS_HB_COMPLETE_v20 page 7_pages_26-50.md
002-050-613,,002,050,"Striker - Cabinet, Refrigerator",VMRS_HB_COMPLETE_v20 page 7_pages_26-50.md
004-004-019,,004,004,"Strut - Cab Extender, Upper",VMRS_HB_COMPLETE_v20 page 7_pages_26-50.md
002-008-079,,002,008,"Striker - Compartment Door, Dash",VMRS_HB_COMPLETE_v20 page 7_pages_26-50.md
002-012-060,,002,012,Strut - Cab Heat Shield,VMRS_HB_COMPLETE_v20 page 7_pages_26-50.md
002-062-033,,002,062,Striker - Deck Lid,VMRS_HB_COMPLETE_v20 page 7_pages_26-50.md
002-044-008,,002,044,"Strut - Cab, Heat Shield",VMRS_HB_COMPLETE_v20 page 7_pages_26-50.md
174-001-203,,174,001,"Striker - Door Latch, Bus Body",VMRS_HB_COMPLETE_v20 page 7_pages_26-50.md
001-001-386,,001,001,"Strut - Condenser, Frame Mounted",VMRS_HB_COMPLETE_v20 page 7_pages_26-50.md
002-050-592,,002,050,"Striker - Door, Cabinet",VMRS_HB_COMPLETE_v20 page 7_pages_26-50.md
002-060-051,,002,060,Strut - Convertible Top,VMRS_HB_COMPLETE_v20 page 7_pages_26-50.md
082-012-052,,082,012,"Striker - Door, Control Panel",VMRS_HB_COMPLETE_v20 page 7_pages_26-50.md
002-060-009,,002,060,Strut - Convertible Top Cover,VMRS_HB_COMPLETE_v20 page 7_pages_26-50.md
082-029-046,,082,029,"Striker - Door, Reefer",VMRS_HB_COMPLETE_v20 page 7_pages_26-50.md
014-010-022,,014,010,"Strut - Cover, Toolbox",VMRS_HB_COMPLETE_v20 page 7_pages_26-50.md
002-050-759,,002,050,"Striker - Drawer, Closet",VMRS_HB_COMPLETE_v20 page 7_pages_26-50.md
291-006-006,,291,006,Strut - Door,VMRS_HB_COMPLETE_v20 page 7_pages_26-50.md
002-061-028,,002,061,"Striker - Glass, Liftgate",VMRS_HB_COMPLETE_v20 page 7_pages_26-50.md
077-009-008,,077,009,Strut - Equalizer Hanger,VMRS_HB_COMPLETE_v20 page 7_pages_26-50.md
002-048-196,,002,048,"Striker - Glove Box, Cab Overhead Storage",VMRS_HB_COMPLETE_v20 page 7_pages_26-50.md
002-002-030,,002,002,"Strut - Fender, Upper",VMRS_HB_COMPLETE_v20 page 7_pages_26-50.md
002-008-092,,002,008,"Striker - Glove Compartment, Dash",VMRS_HB_COMPLETE_v20 page 7_pages_26-50.md
001-002-054,,001,002,Strut - Fresh Air Vent,VMRS_HB_COMPLETE_v20 page 7_pages_26-50.md
072-003-032,,072,003,"Striker - Hinged Door, Rear",VMRS_HB_COMPLETE_v20 page 7_pages_26-50.md
077-009-012,,077,009,Strut - Front Hanger,VMRS_HB_COMPLETE_v20 page 7_pages_26-50.md
002-004-207,,002,004,Striker - Hood,VMRS_HB_COMPLETE_v20 page 7_pages_26-50.md
461-001-030,,461,001,"Strut - Gas, Arrow Board",VMRS_HB_COMPLETE_v20 page 7_pages_26-50.md
002-048-187,,002,048,"Striker - Latch, Electrical Access Panel",VMRS_HB_COMPLETE_v20 page 7_pages_26-50.md
002-048-236,,002,048,"Strut - Gas, Door, Overhead Storage",VMRS_HB_COMPLETE_v20 page 7_pages_26-50.md
002-001-043,,002,001,"Striker - Latch, Radiator Grille",VMRS_HB_COMPLETE_v20 page 7_pages_26-50.md
082-029-040,,082,029,"Strut - Gas, Reefer",VMRS_HB_COMPLETE_v20 page 7_pages_26-50.md
002-018-164,,002,018,"Striker - Latch, Vent Window",VMRS_HB_COMPLETE_v20 page 7_pages_26-50.md
002-008-119,,002,008,"Strut - Glove Compartment, Dash",VMRS_HB_COMPLETE_v20 page 7_pages_26-50.md
002-011-112,,002,011,"Striker - Lid, Console",VMRS_HB_COMPLETE_v20 page 7_pages_26-50.md
042-002-122,,042,002,"Strut - Guard, Radiator",VMRS_HB_COMPLETE_v20 page 7_pages_26-50.md
002-060-044,,002,060,"Striker - Lid, Stowage Compartment, Convertible",VMRS_HB_COMPLETE_v20 page 7_pages_26-50.md
002-004-234,,002,004,Strut - Hood Tilt Assist,VMRS_HB_COMPLETE_v20 page 7_pages_26-50.md
016-001-021,,016,001,Strut - Lower Control Arm,VMRS_HB_COMPLETE_v20 page 7_pages_26-50.md
002-027-287,,002,027,"Striker - Lock, Folding Seat",VMRS_HB_COMPLETE_v20 page 7_pages_26-50.md
002-001-033,,002,001,Strut - Radiator Access Door,VMRS_HB_COMPLETE_v20 page 7_pages_26-50.md
174-011-035,,174,011,Striker - Outward Opening Entrance Door,VMRS_HB_COMPLETE_v20 page 7_pages_26-50.md
077-009-004,,077,009,Strut - Rear Hanger,VMRS_HB_COMPLETE_v20 page 7_pages_26-50.md
002-022-002,,002,022,Striker - Rear Door,VMRS_HB_COMPLETE_v20 page 7_pages_26-50.md
004-001-028,,004,001,"Strut - Roof Air Deflector, Lower",VMRS_HB_COMPLETE_v20 page 7_pages_26-50.md
174-015-009,,174,015,Striker - Roof Emergency Escape Hatch,VMRS_HB_COMPLETE_v20 page 7_pages_26-50.md
004-001-027,,004,001,"Strut - Roof Air Deflector, Upper",VMRS_HB_COMPLETE_v20 page 7_pages_26-50.md
174-012-034,,174,012,Striker - Side Emergency Door,VMRS_HB_COMPLETE_v20 page 7_pages_26-50.md
002-027-222,,002,027,Strut - Seat Base,VMRS_HB_COMPLETE_v20 page 7_pages_26-50.md
002-019-061,,002,019,Striker - Sliding Door,VMRS_HB_COMPLETE_v20 page 7_pages_26-50.md
034-001-111,,034,001,"Strut - Structure, Headlamp",VMRS_HB_COMPLETE_v20 page 7_pages_26-50.md
002-020-084,,002,020,Striker - Silding Door,VMRS_HB_COMPLETE_v20 page 7_pages_26-50.md
004-005-016,,004,005,"Strut - Support, Chassis Fairing",VMRS_HB_COMPLETE_v20 page 7_pages_26-50.md
002-062-034,,002,062,"Strut - Support, Deck Lid",VMRS_HB_COMPLETE_v20 page 7_pages_26-50.md
002-061-030,,002,061,"Strut - Support, Glass, Liftgate",VMRS_HB_COMPLETE_v20 page 7_pages_26-50.md
002-059-019,,002,059,"Strut - Support, Lid, Pickup Box",VMRS_HB_COMPLETE_v20 page 7_pages_26-50.md
002-061-059,,002,061,"Strut - Support, Liftgate",VMRS_HB_COMPLETE_v20 page 7_pages_26-50.md
002-016-043,,002,016,"Strut - Support, Tailgate",VMRS_HB_COMPLETE_v20 page 7_pages_26-50.md
014-004-040,,014,004,"Strut - Suspension, Cab",VMRS_HB_COMPLETE_v20 page 7_pages_26-50.md
016-015-063,,016,015,"Strut - Suspension, Cab",VMRS_HB_COMPLETE_v20 page 7_pages_26-50.md
174-003-017,,174,003,Strut - Underbody Storage Compartment Door,VMRS_HB_COMPLETE_v20 page 7_pages_26-50.md
002-050-542,,002,050,Strut - Vent Window,VMRS_HB_COMPLETE_v20 page 7_pages_26-50.md
174-014-028,,174,014,Strut - Wheelchair Lift Door,VMRS_HB_COMPLETE_v20 page 7_pages_26-50.md
016-020-001,,016,020,Strut Assembly,VMRS_HB_COMPLETE_v20 page 7_pages_26-50.md
024-002-074,,024,002,"Stub - Flange, Drive Shaft",VMRS_HB_COMPLETE_v20 page 7_pages_26-50.md
026-011-132,,026,011,Stub - Lever,VMRS_HB_COMPLETE_v20 page 7_pages_26-50.md
014-011-006,,014,011,Stub - Mounting,VMRS_HB_COMPLETE_v20 page 7_pages_26-50.md
096-002-011,,096,002,"Stub Yoke - Accessory End, PTO",VMRS_HB_COMPLETE_v20 page 7_pages_26-50.md
053-007-015,,053,007,Stud,VMRS_HB_COMPLETE_v20 page 7_pages_26-50.md
097-002-003,,097,002,Stud - Bearing Busning,VMRS_HB_COMPLETE_v20 page 7_pages_26-50.md
015-007-004,,015,007,Stud - Adapter Ball,VMRS_HB_COMPLETE_v20 page 7_pages_26-50.md
013-002-154,,013,002,Stud - Adjuster,VMRS_HB_COMPLETE_v20 page 7_pages_26-50.md
013-014-080,,013,014,Stud - Adjuster,VMRS_HB_COMPLETE_v20 page 7_pages_26-50.md
010-000-071,,010,000,Stud - All Cylinder Housing,VMRS_HB_COMPLETE_v20 page 7_pages_26-50.md
010-009-010,,010,009,Stud Altorpator,VMRS_HB_COMPLETE_v20 page 7_pages_26-50.md
031-001-030,,031,001,Stud - Arle Ta Whool,VMRS_HB_COMPLETE_v20 page 7_pages_26-50.md
022-002-004,,022,002,Stud - Axie To WileelStud - Ball Clutch Dologgo Fork,VMRS_HB_COMPLETE_v20 page 7_pages_26-50.md
023-001-020,,023,001,Stud Ball Front Avio,VMRS_HB_COMPLETE_v20 page 7_pages_26-50.md
002-018-148,,002,018,"Stud - Bell Crank, Cab Door",VMRS_HB_COMPLETE_v20 page 7_pages_26-50.md
015-007-034,,015,007,Stud - Booster Cylinder To Belay Bod Ball,VMRS_HB_COMPLETE_v20 page 7_pages_26-50.md
013-010-341,,013,010,Stud - Brake Chamber,VMRS_HB_COMPLETE_v20 page 7_pages_26-50.md
016-001-050,,016,001,Stud - Camber Cam Suspension,VMRS_HB_COMPLETE_v20 page 7_pages_26-50.md
013-010-274,,013,010,Stud - Clamping,VMRS_HB_COMPLETE_v20 page 7_pages_26-50.md
059-001-159,,059,001,"Stud - Control Lever, Fifth Wheel",VMRS_HB_COMPLETE_v20 page 7_pages_26-50.md
055-013-002,,055,013,Stud - Counterweight Mount,VMRS_HB_COMPLETE_v20 page 7_pages_26-50.md
028-001-005,,028,001,Stud - Cover Or Adapter,VMRS_HB_COMPLETE_v20 page 7_pages_26-50.md
026-009-005,,026,009,"Stud - Cover, Transmission Case",VMRS_HB_COMPLETE_v20 page 7_pages_26-50.md
045-007-044,,045,007,Stud - Cylinder Head,VMRS_HB_COMPLETE_v20 page 7_pages_26-50.md
022-002-012,,022,002,"Stud - Drive, Axle to Hub",VMRS_HB_COMPLETE_v20 page 7_pages_26-50.md
042-003-037,,042,003,"Stud - Drive, Viscous Fan",VMRS_HB_COMPLETE_v20 page 7_pages_26-50.md
014-003-013,,014,003,Stud - Engine Mounting,VMRS_HB_COMPLETE_v20 page 7_pages_26-50.md
043-002-026,,043,002,Stud - Exhaust Manifold,VMRS_HB_COMPLETE_v20 page 7_pages_26-50.md
082-040-010,,082,040,"Stud - Exhaust Manifold, Reefer",VMRS_HB_COMPLETE_v20 page 7_pages_26-50.md
045-003-017,,045,003,"Stud - Fastener, Multiple Positions",VMRS_HB_COMPLETE_v20 page 7_pages_26-50.md
022-001-011,,022,001,"Stud - Flange, Axle Housing",VMRS_HB_COMPLETE_v20 page 7_pages_26-50.md
071-003-038,,071,003,"Stud - For Cable Or Rail Attaching, Post",VMRS_HB_COMPLETE_v20 page 7_pages_26-50.md
045-001-029,,045,001,Stud - Front Plate,VMRS_HB_COMPLETE_v20 page 7_pages_26-50.md
002-023-036,,002,023,"Stud - Handle, Vent Wing",VMRS_HB_COMPLETE_v20 page 7_pages_26-50.md
002-004-087,,002,004,Stud - Hood Cable,VMRS_HB_COMPLETE_v20 page 7_pages_26-50.md
018-004-018,,018,004,Stud - Hub,VMRS_HB_COMPLETE_v20 page 7_pages_26-50.md
018-001-010,,018,001,"Stud - Hub, Front Steer Wheel",VMRS_HB_COMPLETE_v20 page 7_pages_26-50.md
018-002-003,,018,002,"Stud - Hub, Rear Drive Wheel",VMRS_HB_COMPLETE_v20 page 7_pages_26-50.md
040-007-014,,040,007,Stud - Injector Nozzie Holder,VMRS_HB_COMPLETE_v20 page 7_pages_26-50.md
029-007-003,,029,007,Stud - Internediate Housing,VMRS_HB_COMPLETE_v20 page 7_pages_26-50.md
032-001-049,,032,001,Stud - Junction Block Battery,VMRS_HB_COMPLETE_v20 page 7_pages_26-50.md
004-005-012,,004,005,Stud - Latch Chassis Fairing,VMRS_HB_COMPLETE_v20 page 7_pages_26-50.md
013-009-020,,013,009,Stud - Mounting Air Compressor Brakes,VMRS_HB_COMPLETE_v20 page 7_pages_26-50.md
029-001-003,,029,001,"Stud - Mounting, All Compressor, Drakes",VMRS_HB_COMPLETE_v20 page 7_pages_26-50.md
020-001-000,,020,001,Transmission,VMRS_HB_COMPLETE_v20 page 7_pages_26-50.md
043-004-014,,043,004,Stud - Mounting Turbocharger,VMRS_HB_COMPLETE_v20 page 7_pages_26-50.md
045-011-027,,045,011,Stud - Oil Filter,VMRS_HB_COMPLETE_v20 page 7_pages_26-50.md
365-007-044,,365,007,Stud - Paint Pump,VMRS_HB_COMPLETE_v20 page 7_pages_26-50.md
034-004-407,,034,004,"Stud - Pass-Thru, Electrical",VMRS_HB_COMPLETE_v20 page 7_pages_26-50.md
015-004-002,,015,004,Stud - Relay Rod Ball,VMRS_HB_COMPLETE_v20 page 7_pages_26-50.md
045-008-059,,045,008,Stud - Rocker Arm,VMRS_HB_COMPLETE_v20 page 7_pages_26-50.md
002-004-131,,002,004,Stud - Spring / Cable,VMRS_HB_COMPLETE_v20 page 7_pages_26-50.md
002-004-132,,002,004,Stud - Spring Assist,VMRS_HB_COMPLETE_v20 page 7_pages_26-50.md
016-005-064,,016,005,"Stud - Spring Seat, Tandem",VMRS_HB_COMPLETE_v20 page 7_pages_26-50.md
002-004-093,,002,004,"Stud - Spring, Hood",VMRS_HB_COMPLETE_v20 page 7_pages_26-50.md
002-004-133,,002,004,Stud - Stop Cable,VMRS_HB_COMPLETE_v20 page 7_pages_26-50.md
002-027-140,,002,027,Stud - Tilt Seat,VMRS_HB_COMPLETE_v20 page 7_pages_26-50.md
016-005-049,,016,005,Stud - Torque Rod End,VMRS_HB_COMPLETE_v20 page 7_pages_26-50.md
,003-015,003,015,Stud - Transmission Mounting,VMRS_HB_COMPLETE_v20 page 7_pages_26-50.md
,041-060,041,060,"Stud - Valve Cover, Engine, Reefer",VMRS_HB_COMPLETE_v20 page 7_pages_26-50.md
,003-009,003,009,Stud - Wheel,VMRS_HB_COMPLETE_v20 page 7_pages_26-50.md
,012-017,012,017,Stud - Winch,VMRS_HB_COMPLETE_v20 page 7_pages_26-50.md
,003-133,003,133,"Stud Bolt - Air Chamber, Fan Hub",VMRS_HB_COMPLETE_v20 page 7_pages_26-50.md
,025-021,025,021,"Stud Bolt - Handle, Knob",VMRS_HB_COMPLETE_v20 page 7_pages_26-50.md
,003-164,003,164,Stud Kit - Fan Clutch Rebuild Kit,VMRS_HB_COMPLETE_v20 page 7_pages_26-50.md
,001-145,001,145,"Stud Kit - Mounting, PTO",VMRS_HB_COMPLETE_v20 page 7_pages_26-50.md
,006-009,006,009,Stud Plate - Cargo Sensor,VMRS_HB_COMPLETE_v20 page 7_pages_26-50.md
,027-037,027,037,Stud W/Lube Fitting,VMRS_HB_COMPLETE_v20 page 7_pages_26-50.md
,001-086,001,086,Stud. Adjuster - Front Brake,VMRS_HB_COMPLETE_v20 page 7_pages_26-50.md
,008-151,008,151,"Stud, Bolt - Sway Bar Link, Rear Suspension",VMRS_HB_COMPLETE_v20 page 7_pages_26-50.md
,001-039,001,039,"Stud, Grounding - Front Wiring Harness",VMRS_HB_COMPLETE_v20 page 7_pages_26-50.md
,006-016,006,016,"Stylus - Handheld Unit, Load Tracking, RFID",VMRS_HB_COMPLETE_v20 page 7_pages_26-50.md
,004-008,004,008,Stylus - Tachograph,VMRS_HB_COMPLETE_v20 page 7_pages_26-50.md
,001-013,001,013,Sub-Assembly - Limit Switch,VMRS_HB_COMPLETE_v20 page 7_pages_26-50.md
,001-029,001,029,Sub-Frame - Independent Front Suspension,VMRS_HB_COMPLETE_v20 page 7_pages_26-50.md
,007-000,007,000,Sub-Frame - Lower,VMRS_HB_COMPLETE_v20 page 7_pages_26-50.md
,001-015,001,015,Sub-Frame - Upper,VMRS_HB_COMPLETE_v20 page 7_pages_26-50.md
,008-019,008,019,Sub-Frame Assembly - Slider,VMRS_HB_COMPLETE_v20 page 7_pages_26-50.md
,007-010,007,010,Sub-Frame Assembly - Stationary,VMRS_HB_COMPLETE_v20 page 7_pages_26-50.md
,011-147,011,147,Sub-Plate - Mounting Pilot Valve,VMRS_HB_COMPLETE_v20 page 7_pages_26-50.md
,001-041,001,041,Subpan - Floor,VMRS_HB_COMPLETE_v20 page 7_pages_26-50.md
,001-164,001,164,Suction Gauge Valve,VMRS_HB_COMPLETE_v20 page 7_pages_26-50.md
,001-023,001,023,"Suction Valve Assembly - Reed Valves, Front &",VMRS_HB_COMPLETE_v20 page 7_pages_26-50.md
,050-126,050,126,Suitcase Wall - Left,VMRS_HB_COMPLETE_v20 page 7_pages_26-50.md
,050-127,050,127,Suitcase Wall - Right,VMRS_HB_COMPLETE_v20 page 7_pages_26-50.md
,001-089,001,089,"Sump - Oil, APU",VMRS_HB_COMPLETE_v20 page 7_pages_26-50.md
,002-004,002,004,"Sump - Oil, Compressor, Mechanical",VMRS_HB_COMPLETE_v20 page 7_pages_26-50.md
,013-026,013,026,Sump - Oil Engine,VMRS_HB_COMPLETE_v20 page 7_pages_26-50.md
,008-000,008,000,Sumps,VMRS_HB_COMPLETE_v20 page 7_pages_26-50.md
,017-000,017,000,Sun Gear & Shaft Assembly,VMRS_HB_COMPLETE_v20 page 7_pages_26-50.md
,003-006,003,006,"Sun Visor - Display Monitor, Visual Assist Back-",VMRS_HB_COMPLETE_v20 page 7_pages_26-50.md
,019-002,019,002,Sun Visor - Driver Interior,VMRS_HB_COMPLETE_v20 page 7_pages_26-50.md
,009-001,009,001,Sun Visor - Exterior,VMRS_HB_COMPLETE_v20 page 7_pages_26-50.md
,009-000,009,000,Sun Visor - Exterior & Interior,VMRS_HB_COMPLETE_v20 page 7_pages_26-50.md
,009-018,009,018,Sun Visor - Interior,VMRS_HB_COMPLETE_v20 page 7_pages_26-50.md
,048-010,048,010,Sun visor - Interior,VMRS_HB_COMPLETE_v20 page 7_pages_26-50.md
,000-103,000,103,Sunshade,VMRS_HB_COMPLETE_v20 page 7_pages_26-50.md
,048-255,048,255,Sunshade - Back Glass,VMRS_HB_COMPLETE_v20 page 7_pages_26-50.md
,009-017,009,017,Sunshade - Exterior,VMRS_HB_COMPLETE_v20 page 7_pages_26-50.md
,999-100,999,100,Super Glue,VMRS_HB_COMPLETE_v20 page 7_pages_26-50.md
,000-000,000,000,Supplemental Information Devices,VMRS_HB_COMPLETE_v20 page 7_pages_26-50.md
,057-051,057,051,Supplemental Restraint System - Complete,VMRS_HB_COMPLETE_v20 page 7_pages_26-50.md
,011-000,011,000,Supplies,VMRS_HB_COMPLETE_v20 page 7_pages_26-50.md
,011-007,011,007,Supplies - Cleaning,VMRS_HB_COMPLETE_v20 page 7_pages_26-50.md
,011-001,011,001,Supplies - Shop,VMRS_HB_COMPLETE_v20 page 7_pages_26-50.md
,005-009,005,009,Supply Tube - Aftercooler,VMRS_HB_COMPLETE_v20 page 7_pages_26-50.md
,004-000,004,000,Support Closure Cylinder,VMRS_HB_COMPLETE_v20 page 7_pages_26-50.md
,008-010,008,010,Support - Air Supply Jumper Hose,VMRS_HB_COMPLETE_v20 page 7_pages_26-50.md
,012-088,012,088,Support - Access Panel,VMRS_HB_COMPLETE_v20 page 7_pages_26-50.md
,013-003,013,003,Support - Adaptive Cruise Control,VMRS_HB_COMPLETE_v20 page 7_pages_26-50.md
,009-006,009,006,"Support - Air Deflector, Cab Front",VMRS_HB_COMPLETE_v20 page 7_pages_26-50.md
,027-114,027,114,Support - Air Lumbar,VMRS_HB_COMPLETE_v20 page 7_pages_26-50.md
,008-006,008,006,"Support - Air Spring, Rear Suspension",VMRS_HB_COMPLETE_v20 page 7_pages_26-50.md
,027-182,027,182,Support - All Valve,VMRS_HB_COMPLETE_v20 page 7_pages_26-50.md
,001-110,001,110,"Support - Anchor, Drake",VMRS_HB_COMPLETE_v20 page 7_pages_26-50.md
174-033-057,,174,033,"Support - Angle, Controller",VMRS_HB_COMPLETE_v20 page 7_pages_26-50.md
004-005-050,,004,005,"Support - Fairing, Center Forward",VMRS_HB_COMPLETE_v20 page 7_pages_26-50.md
151-004-000,,151,004,Support - APU,VMRS_HB_COMPLETE_v20 page 7_pages_26-50.md
068-001-113,,068,001,Support - Fairlead,VMRS_HB_COMPLETE_v20 page 7_pages_26-50.md
002-050-226,,002,050,Support - Baggage Door,VMRS_HB_COMPLETE_v20 page 7_pages_26-50.md
001-001-369,,001,001,"Support - Filter, Air Conditioner",VMRS_HB_COMPLETE_v20 page 7_pages_26-50.md
002-027-137,,002,027,"Support - Base, Front",VMRS_HB_COMPLETE_v20 page 7_pages_26-50.md
002-012-101,,002,012,Support - Firewall,VMRS_HB_COMPLETE_v20 page 7_pages_26-50.md
268-008-002,,268,008,"Support - Basket, Personnel Bucket",VMRS_HB_COMPLETE_v20 page 7_pages_26-50.md
002-027-221,,002,027,"Support - Flex, Seat Foam",VMRS_HB_COMPLETE_v20 page 7_pages_26-50.md
192-004-000,,192,004,Support - Batch Mobile Processor,VMRS_HB_COMPLETE_v20 page 7_pages_26-50.md
046-002-023,,046,002,"Support - Flex. Connector, Contactor",VMRS_HB_COMPLETE_v20 page 7_pages_26-50.md
014-005-001,,014,005,Support - Battery,VMRS_HB_COMPLETE_v20 page 7_pages_26-50.md
002-012-130,,002,012,Support - Floor,VMRS_HB_COMPLETE_v20 page 7_pages_26-50.md
174-033-052,,174,033,"Support - Dealing, Hansier Case",VMRS_HB_COMPLETE_v20 page 7_pages_26-50.md
077-001-000,,077,001,Support - Frame Assembly,VMRS_HB_COMPLETE_v20 page 7_pages_26-50.md
002-002-003,,002,002,Support - Front Pump,VMRS_HB_COMPLETE_v20 page 7_pages_26-50.md
015-009-024,,015,009,Support - Bevel Box,VMRS_HB_COMPLETE_v20 page 7_pages_26-50.md
049-001-007,,049,001,Support - Front Power Slit Drive Unit Hydraulic,VMRS_HB_COMPLETE_v20 page 7_pages_26-50.md
164-004-000,,164,004,Support - Blower,VMRS_HB_COMPLETE_v20 page 7_pages_26-50.md
010-001-007,,010,001,Hybrid,VMRS_HB_COMPLETE_v20 page 7_pages_26-50.md
002-066-005,,002,066,Support - Body,VMRS_HB_COMPLETE_v20 page 7_pages_26-50.md
044-001-061,,044,001,Support - Fuel Fill,VMRS_HB_COMPLETE_v20 page 7_pages_26-50.md
262-004-000,,262,004,Support - Breaker,VMRS_HB_COMPLETE_v20 page 7_pages_26-50.md
014-006-001,,014,006,Support - Fuel Tank,VMRS_HB_COMPLETE_v20 page 7_pages_26-50.md
067-004-000,,067,004,Support - Bucket,VMRS_HB_COMPLETE_v20 page 7_pages_26-50.md
027-034-008,,027,034,Support - Governor Body,VMRS_HB_COMPLETE_v20 page 7_pages_26-50.md
194-004-000,,194,004,Support - Bucket Conveyor,VMRS_HB_COMPLETE_v20 page 7_pages_26-50.md
264-004-000,,264,004,Support - Grappler,VMRS_HB_COMPLETE_v20 page 7_pages_26-50.md
191-004-000,,191,004,Support - Bulk Storage,VMRS_HB_COMPLETE_v20 page 7_pages_26-50.md
002-017-017,,002,017,Support - Guide,VMRS_HB_COMPLETE_v20 page 7_pages_26-50.md
071-023-023,,071,023,Support - Bulkhead Door,VMRS_HB_COMPLETE_v20 page 7_pages_26-50.md
002-036-074,,002,036,"Support - Guide, Cab Lock Rod",VMRS_HB_COMPLETE_v20 page 7_pages_26-50.md
014-002-083,,014,002,"Support - Bumper Latch, Left",VMRS_HB_COMPLETE_v20 page 7_pages_26-50.md
002-018-123,,002,018,"Support - Guide, Door Check",VMRS_HB_COMPLETE_v20 page 7_pages_26-50.md
014-002-082,,014,002,"Support - Bumper Latch, Right",VMRS_HB_COMPLETE_v20 page 7_pages_26-50.md
002-050-658,,002,050,"Support - Guide, Table, Sleeper",VMRS_HB_COMPLETE_v20 page 7_pages_26-50.md
014-002-020,,014,002,Support - Bumper Plate,VMRS_HB_COMPLETE_v20 page 7_pages_26-50.md
263-004-000,,263,004,Support - Hammer,VMRS_HB_COMPLETE_v20 page 7_pages_26-50.md
002-050-583,,002,050,Support - Bunk Pan,VMRS_HB_COMPLETE_v20 page 7_pages_26-50.md
002-004-216,,002,004,"Support - Headlamp, Hood Panel",VMRS_HB_COMPLETE_v20 page 7_pages_26-50.md
002-030-050,,002,030,Support - Cab Frame,VMRS_HB_COMPLETE_v20 page 7_pages_26-50.md
002-000-020,,002,000,Support - Headiner,VMRS_HB_COMPLETE_v20 page 7_pages_26-50.md
002-030-078,,002,030,Support - Cab Stop,VMRS_HB_COMPLETE_v20 page 7_pages_26-50.md
002-027-212,,002,027,Support Headrest,VMRS_HB_COMPLETE_v20 page 7_pages_26-50.md
014-004-000,,014,004,"Support Cab, Florit",VMRS_HB_COMPLETE_v20 page 7_pages_26-50.md
001-002-107,,001,002,Support - Healer Guard,VMRS_HB_COMPLETE_v20 page 7_pages_26-50.md
174-024-142,,174,024,Support Cable Childmate System,VMRS_HB_COMPLETE_v20 page 7_pages_26-50.md
002-015-152,,002,015,"Support - Hinge, Compartment Paner",VMRS_HB_COMPLETE_v20 page 7_pages_26-50.md
082-038-004,,082,038,Support Cago,VMRS_HB_COMPLETE_v20 page 7_pages_26-50.md
002-004-097,,002,004,Support Hoso,VMRS_HB_COMPLETE_v20 page 7_pages_26-50.md
172-007-085,,172,007,Support - Hose Loader,VMRS_HB_COMPLETE_v20 page 7_pages_26-50.md
045-002-001,,045,002,Support - Camshalt Bearing,VMRS_HB_COMPLETE_v20 page 7_pages_26-50.md
107-003-001,,107,003,Support - Housing Chain Conveyor,VMRS_HB_COMPLETE_v20 page 7_pages_26-50.md
043-002-103,,043,002,Support - Canony,VMRS_HB_COMPLETE_v20 page 7_pages_26-50.md
002-060-017,,002,060,"Support - Housing, Chain Convertible Top",VMRS_HB_COMPLETE_v20 page 7_pages_26-50.md
026-001-009,,026,001,Support - Case,VMRS_HB_COMPLETE_v20 page 7_pages_26-50.md
022-001-038,,022,001,"Support - Housing, Convertible Top",VMRS_HB_COMPLETE_v20 page 7_pages_26-50.md
022-003-111,,022,003,Support - Case Differential,VMRS_HB_COMPLETE_v20 page 7_pages_26-50.md
022-003-153,,022,003,"Support - Housing, Differential",VMRS_HB_COMPLETE_v20 page 7_pages_26-50.md
014-005-043,,014,005,Support - Catch Battery Box,VMRS_HB_COMPLETE_v20 page 7_pages_26-50.md
015-002-078,,015,002,"Support - Housing, Steering Column",VMRS_HB_COMPLETE_v20 page 7_pages_26-50.md
027-008-001,,027,008,Support - Center,VMRS_HB_COMPLETE_v20 page 7_pages_26-50.md
056-001-094,,056,001,"Support - Hydraulic Lines, PTO",VMRS_HB_COMPLETE_v20 page 7_pages_26-50.md
197-003-000,,197,003,Support - Chain Conveyor,VMRS_HB_COMPLETE_v20 page 7_pages_26-50.md
059-016-016,,059,016,Support - Hydraulic Pump,VMRS_HB_COMPLETE_v20 page 7_pages_26-50.md
163-004-000,,163,004,Support - Chipper,VMRS_HB_COMPLETE_v20 page 7_pages_26-50.md
015-004-017,,015,004,Support - Idler Arm,VMRS_HB_COMPLETE_v20 page 7_pages_26-50.md
002-027-238,,002,027,"Support - Chugger, Seat",VMRS_HB_COMPLETE_v20 page 7_pages_26-50.md
044-003-065,,044,003,Support - Injector Line,VMRS_HB_COMPLETE_v20 page 7_pages_26-50.md
002-050-205,,002,050,Support - Closet Cover,VMRS_HB_COMPLETE_v20 page 7_pages_26-50.md
002-008-030,,002,008,Support - Instrument Panel,VMRS_HB_COMPLETE_v20 page 7_pages_26-50.md
002-050-008,,002,050,"Support - Closet, Lower",VMRS_HB_COMPLETE_v20 page 7_pages_26-50.md
049-001-003,,049,001,"Support - Junction Block, Hydraulic Hybrid",VMRS_HB_COMPLETE_v20 page 7_pages_26-50.md
023-001-004,,023,001,Support - Clutch Pedal,VMRS_HB_COMPLETE_v20 page 7_pages_26-50.md
027-033-074,,027,033,"Support - Knob, Shift Lever",VMRS_HB_COMPLETE_v20 page 7_pages_26-50.md
023-001-114,,023,001,Support - Clutch Pulley,VMRS_HB_COMPLETE_v20 page 7_pages_26-50.md
002-004-280,,002,004,"Support - Latch, Hood",VMRS_HB_COMPLETE_v20 page 7_pages_26-50.md
172-004-000,,172,004,Support - Compacter,VMRS_HB_COMPLETE_v20 page 7_pages_26-50.md
002-036-083,,002,036,Support - Limiter Arm,VMRS_HB_COMPLETE_v20 page 7_pages_26-50.md
034-001-169,,034,001,"Support - Component, Headlamp",VMRS_HB_COMPLETE_v20 page 7_pages_26-50.md
055-023-076,,055,023,"Support - Linkage, Wheelchair Lift",VMRS_HB_COMPLETE_v20 page 7_pages_26-50.md
013-009-072,,013,009,Support - Compressor,VMRS_HB_COMPLETE_v20 page 7_pages_26-50.md
002-002-031,,002,002,Support - Lower,VMRS_HB_COMPLETE_v20 page 7_pages_26-50.md
002-011-011,,002,011,Support - Control Island,VMRS_HB_COMPLETE_v20 page 7_pages_26-50.md
002-004-147,,002,004,"Support - Lower Hood, Rear",VMRS_HB_COMPLETE_v20 page 7_pages_26-50.md
069-004-000,,069,004,Support - Conveyance,VMRS_HB_COMPLETE_v20 page 7_pages_26-50.md
002-006-085,,002,006,Support - Luggage Carrier,VMRS_HB_COMPLETE_v20 page 7_pages_26-50.md
043-001-073,,043,001,"Support - Cooler, EGR",VMRS_HB_COMPLETE_v20 page 7_pages_26-50.md
002-027-113,,002,027,Support - Lumbar,VMRS_HB_COMPLETE_v20 page 7_pages_26-50.md
042-002-130,,042,002,"Support - Cooling Module, Auxiliary",VMRS_HB_COMPLETE_v20 page 7_pages_26-50.md
265-004-000,,265,004,Support - Magnet,VMRS_HB_COMPLETE_v20 page 7_pages_26-50.md
002-048-022,,002,048,Support - Corner Trim Strip,VMRS_HB_COMPLETE_v20 page 7_pages_26-50.md
013-004-023,,013,004,Support - Main Spring,VMRS_HB_COMPLETE_v20 page 7_pages_26-50.md
014-005-000,,014,005,"Support - Cover, Battery Box",VMRS_HB_COMPLETE_v20 page 7_pages_26-50.md
171-004-000,,171,004,"Support - Mirror, Cabinet",VMRS_HB_COMPLETE_v20 page 7_pages_26-50.md
014-002-097,,014,002,"Support - Cover, Front Bumper",VMRS_HB_COMPLETE_v20 page 7_pages_26-50.md
014-002-113,,014,002,"Support - Cover, Rear Bumper",VMRS_HB_COMPLETE_v20 page 7_pages_26-50.md
169-004-000,,169,004,Support - Mouor,VMRS_HB_COMPLETE_v20 page 7_pages_26-50.md
002-040-174,,002,040,"Support - Cover, Storage Console",VMRS_HB_COMPLETE_v20 page 7_pages_26-50.md
100-004-000,,100,004,Support Mud Elan Trim Chassis Egiring,VMRS_HB_COMPLETE_v20 page 7_pages_26-50.md
363-004-000,,363,004,Support - Dasir Farler,VMRS_HB_COMPLETE_v20 page 7_pages_26-50.md
014-005-055,,014,005,Support - Mud Flap Rear Wheel,VMRS_HB_COMPLETE_v20 page 7_pages_26-50.md
002-040-042,,002,040,Support - Deleter,VMRS_HB_COMPLETE_v20 page 7_pages_26-50.md
002-035-159,,002,035,"Support - Nozzle, Windshield Washer",VMRS_HB_COMPLETE_v20 page 7_pages_26-50.md
027-033-003,,027,033,Support - Deployable Step,VMRS_HB_COMPLETE_v20 page 7_pages_26-50.md
365-001-034,,365,001,Support - Paint Gun Assembly,VMRS_HB_COMPLETE_v20 page 7_pages_26-50.md
004-004-025,,004,004,Support - Diagonal Stabilizer Fairing Cab,VMRS_HB_COMPLETE_v20 page 7_pages_26-50.md
365-004-000,,365,004,Support - Painting & Spraving,VMRS_HB_COMPLETE_v20 page 7_pages_26-50.md
013-003-104,,013,003,Support - Parking Brake Lever,VMRS_HB_COMPLETE_v20 page 7_pages_26-50.md
021-001-164,,021,001,Support - Differential Housing,VMRS_HB_COMPLETE_v20 page 7_pages_26-50.md
364-004-000,,364,004,Support - Paver,VMRS_HB_COMPLETE_v20 page 7_pages_26-50.md
022-003-023,,022,003,Support - Differential Planet & Secondary Drive,VMRS_HB_COMPLETE_v20 page 7_pages_26-50.md
002-004-257,,002,004,"Support - Pivot Bracket, Left, Hood",VMRS_HB_COMPLETE_v20 page 7_pages_26-50.md
043-003-096,,043,003,Support - Diffuser,VMRS_HB_COMPLETE_v20 page 7_pages_26-50.md
002-004-256,,002,004,"Support - Pivot Bracket, Right, Hood",VMRS_HB_COMPLETE_v20 page 7_pages_26-50.md
002-018-036,,002,018,Support - Door Window,VMRS_HB_COMPLETE_v20 page 7_pages_26-50.md
002-036-081,,002,036,Support - Pivot Frame,VMRS_HB_COMPLETE_v20 page 7_pages_26-50.md
059-004-024,,059,004,Support - Drawbar,VMRS_HB_COMPLETE_v20 page 7_pages_26-50.md
034-003-054,,034,003,Support - Plug,VMRS_HB_COMPLETE_v20 page 7_pages_26-50.md
267-004-000,,267,004,Support - Driller/Borer,VMRS_HB_COMPLETE_v20 page 7_pages_26-50.md
048-001-034,,048,001,"Support - Power Train, Rear, Hybrid",VMRS_HB_COMPLETE_v20 page 7_pages_26-50.md
058-007-001,,058,007,Support - Drum,VMRS_HB_COMPLETE_v20 page 7_pages_26-50.md
002-004-156,,002,004,"Support - Prop, Hood",VMRS_HB_COMPLETE_v20 page 7_pages_26-50.md
269-004-000,,269,004,Support - Dust/Debris Collector,VMRS_HB_COMPLETE_v20 page 7_pages_26-50.md
268-004-000,,268,004,Support - Puller,VMRS_HB_COMPLETE_v20 page 7_pages_26-50.md
043-003-095,,043,003,Support - Exhaust Pipe,VMRS_HB_COMPLETE_v20 page 7_pages_26-50.md
014-011-010,,014,011,Support - Quarter Fender,VMRS_HB_COMPLETE_v20 page 7_pages_26-50.md
002-050-227,,002,050,Support - Exit Door,VMRS_HB_COMPLETE_v20 page 7_pages_26-50.md
042-002-014,,042,002,Support - Radiator Core,VMRS_HB_COMPLETE_v20 page 7_pages_26-50.md
369-005-001,,369,005,Support - Fabricated Structure,VMRS_HB_COMPLETE_v20 page 7_pages_26-50.md
014-001-057,,014,001,"Support - Radiator, Lower",VMRS_HB_COMPLETE_v20 page 7_pages_26-50.md
002-008-003,,002,008,Support - Radio,VMRS_HB_COMPLETE_v20 page 7_pages_26-50.md
002-010-007,,002,010,"Support & Braces - Rearview Mirror, Outer",VMRS_HB_COMPLETE_v20 page 7_pages_26-50.md
026-010-062,,026,010,"Support - Rail, Shift",VMRS_HB_COMPLETE_v20 page 7_pages_26-50.md
043-003-015,,043,003,"Support & Insulator Assembly - Tail Pipe, Front",VMRS_HB_COMPLETE_v20 page 7_pages_26-50.md
261-004-000,,261,004,Support - Raker,VMRS_HB_COMPLETE_v20 page 7_pages_26-50.md
043-003-016,,043,003,"Support & Insulator Assembly - Tail Pipe, Rear",VMRS_HB_COMPLETE_v20 page 7_pages_26-50.md
014-009-003,,014,009,Support - Rear,VMRS_HB_COMPLETE_v20 page 7_pages_26-50.md
002-019-038,,002,019,"Support Angle - Compartment Door, LH",VMRS_HB_COMPLETE_v20 page 7_pages_26-50.md
001-001-269,,001,001,Support - Rear A/C Rack,VMRS_HB_COMPLETE_v20 page 7_pages_26-50.md
002-019-037,,002,019,"Support Angle - Compartment Door, RH",VMRS_HB_COMPLETE_v20 page 7_pages_26-50.md
002-027-136,,002,027,Support - Rear Base,VMRS_HB_COMPLETE_v20 page 7_pages_26-50.md
051-009-017,,051,009,Support Angle - Key Housing,VMRS_HB_COMPLETE_v20 page 7_pages_26-50.md
002-015-013,,002,015,Support - Rear Fender,VMRS_HB_COMPLETE_v20 page 7_pages_26-50.md
002-050-030,,002,050,Support Angle - Rear,VMRS_HB_COMPLETE_v20 page 7_pages_26-50.md
016-007-005,,016,007,Support - Rear Stabilizer,VMRS_HB_COMPLETE_v20 page 7_pages_26-50.md
002-050-344,,002,050,Support Angle - Refrigerator,VMRS_HB_COMPLETE_v20 page 7_pages_26-50.md
027-001-068,,027,001,"Support - Rear, Automatic Transmission",VMRS_HB_COMPLETE_v20 page 7_pages_26-50.md
002-050-340,,002,050,Support Angle - Shelf,VMRS_HB_COMPLETE_v20 page 7_pages_26-50.md
002-004-095,,002,004,"Support - Rear, Hood",VMRS_HB_COMPLETE_v20 page 7_pages_26-50.md
002-050-031,,002,050,Support Angle - Side,VMRS_HB_COMPLETE_v20 page 7_pages_26-50.md
049-001-008,,049,001,"Support - Rear, Power Split Drive Unit, Hydraulic",VMRS_HB_COMPLETE_v20 page 7_pages_26-50.md
045-011-012,,045,011,Support Assembly - Bypass Oil Filter,VMRS_HB_COMPLETE_v20 page 7_pages_26-50.md
016-009-015,,016,009,Support Assembly - Air Spring,VMRS_HB_COMPLETE_v20 page 7_pages_26-50.md
042-002-064,,042,002,Support - Recirculation Shield,VMRS_HB_COMPLETE_v20 page 7_pages_26-50.md
024-002-008,,024,002,"Support Assembly - Bearing, Drive Shaft",VMRS_HB_COMPLETE_v20 page 7_pages_26-50.md
002-050-345,,002,050,Support - Reingerator,VMRS_HB_COMPLETE_v20 page 7_pages_26-50.md
002-030-079,,002,030,Support Assembly - Cab Pivol,VMRS_HB_COMPLETE_v20 page 7_pages_26-50.md
040-017-000,,040,017,Support Regulator valve,VMRS_HB_COMPLETE_v20 page 7_pages_26-50.md
023-001-023,,023,001,Support Assembly - Clutch Release Dealing,VMRS_HB_COMPLETE_v20 page 7_pages_26-50.md
267-004-001,,267,004,Support - Reinforcement,VMRS_HB_COMPLETE_v20 page 7_pages_26-50.md
045-011-002,,045,011,Support Assembly - Oil Filter,VMRS_HB_COMPLETE_v20 page 7_pages_26-50.md
002-006-073,,002,006,"Support - Rest, Doom",VMRS_HB_COMPLETE_v20 page 7_pages_26-50.md
043-011-002,,043,011,Support Assembly - Oil Pump,VMRS_HB_COMPLETE_v20 page 7_pages_26-50.md
002-027-122,,002,027,Support Assembly - Seat,VMRS_HB_COMPLETE_v20 page 7_pages_26-50.md
045-008-056,,045,008,Support - Rocker Arm Shaft,VMRS_HB_COMPLETE_v20 page 7_pages_26-50.md
002-016-003,,002,016,Support Assembly - Tailgate,VMRS_HB_COMPLETE_v20 page 7_pages_26-50.md
082-041-038,,082,041,"Support - Bocker Arm Shaft, Beefer",VMRS_HB_COMPLETE_v20 page 7_pages_26-50.md
002-010-126,,002,010,"Support Block - Mirror, Cab Mounted",VMRS_HB_COMPLETE_v20 page 7_pages_26-50.md
151-001-159,,151,001,"Support - Rocker Arm, Cylinder Head, APU",VMRS_HB_COMPLETE_v20 page 7_pages_26-50.md
002-010-024,,002,010,"Support Brace - Mirror Assembly, Lower",VMRS_HB_COMPLETE_v20 page 7_pages_26-50.md
196-004-000,,196,004,Support - Roller Convevor,VMRS_HB_COMPLETE_v20 page 7_pages_26-50.md
042-010-002,,042,010,Support Bracket,VMRS_HB_COMPLETE_v20 page 7_pages_26-50.md
367-004-000,,367,004,Support - Rolling Components,VMRS_HB_COMPLETE_v20 page 7_pages_26-50.md
013-002-067,,013,002,"Support Bracket - Camshaft, Rear Brakes",VMRS_HB_COMPLETE_v20 page 7_pages_26-50.md
366-004-000,,366,004,Support - Sawing,VMRS_HB_COMPLETE_v20 page 7_pages_26-50.md
013-010-272,,013,010,Support Bracket - Air Chamber & Camshaft,VMRS_HB_COMPLETE_v20 page 7_pages_26-50.md
066-004-000,,066,004,Support - Scraper,VMRS_HB_COMPLETE_v20 page 7_pages_26-50.md
014-002-042,,014,002,Support Bracket - Air Dam,VMRS_HB_COMPLETE_v20 page 7_pages_26-50.md
082-009-018,,082,009,"Support - Screen, Upper",VMRS_HB_COMPLETE_v20 page 7_pages_26-50.md
016-008-002,,016,008,Support Bracket - Air Spring,VMRS_HB_COMPLETE_v20 page 7_pages_26-50.md
082-029-012,,082,029,"Support - Screen, Upper",VMRS_HB_COMPLETE_v20 page 7_pages_26-50.md
016-008-030,,016,008,"Support Bracket - Air Spring, Front",VMRS_HB_COMPLETE_v20 page 7_pages_26-50.md
195-004-000,,195,004,Support - Screw Conveyor,VMRS_HB_COMPLETE_v20 page 7_pages_26-50.md
015-009-025,,015,009,Support Bracket - Bevel Box,VMRS_HB_COMPLETE_v20 page 7_pages_26-50.md
002-027-300,,002,027,Support - Seat Track,VMRS_HB_COMPLETE_v20 page 7_pages_26-50.md
174-027-027,,174,027,Support Bracket - Bus Entrance Step Heater,VMRS_HB_COMPLETE_v20 page 7_pages_26-50.md
002-012-037,,002,012,"Support - Seat, Inner",VMRS_HB_COMPLETE_v20 page 7_pages_26-50.md
002-012-038,,002,012,"Support - Seat, Outer",VMRS_HB_COMPLETE_v20 page 7_pages_26-50.md
002-050-085,,002,050,Support Bracket - Cabinet,VMRS_HB_COMPLETE_v20 page 7_pages_26-50.md
055-022-019,,055,022,"Support - Shelf, Body",VMRS_HB_COMPLETE_v20 page 7_pages_26-50.md
013-014-068,,013,014,"Support Bracket - Camshaft Chamber, Left",VMRS_HB_COMPLETE_v20 page 7_pages_26-50.md
002-050-012,,002,050,"Support - Shelf, Closet",VMRS_HB_COMPLETE_v20 page 7_pages_26-50.md
013-014-067,,013,014,"Support Bracket - Camshaft Chamber, Right",VMRS_HB_COMPLETE_v20 page 7_pages_26-50.md
082-035-001,,082,035,Support - Shutter Side,VMRS_HB_COMPLETE_v20 page 7_pages_26-50.md
023-001-140,,023,001,Support Bracket - Clutch Cable,VMRS_HB_COMPLETE_v20 page 7_pages_26-50.md
082-003-020,,082,003,"Support - Shutter, Lower",VMRS_HB_COMPLETE_v20 page 7_pages_26-50.md
042-002-021,,042,002,Support Bracket - Core Frame,VMRS_HB_COMPLETE_v20 page 7_pages_26-50.md
082-035-006,,082,035,"Support - Snutter, Lower",VMRS_HB_COMPLETE_v20 page 7_pages_26-50.md
022-003-157,,022,003,Support Bracket - Differential,VMRS_HB_COMPLETE_v20 page 7_pages_26-50.md
002-003-019,,002,003,Support - Shutter Upper,VMRS_HB_COMPLETE_v20 page 7_pages_26-50.md
002-010-121,,002,010,Support Bracket - Engine Door,VMRS_HB_COMPLETE_v20 page 7_pages_26-50.md
002-050-005,,002,050,Support - Silde Compartment,VMRS_HB_COMPLETE_v20 page 7_pages_26-50.md
042-003-117,,042,003,Support Bracket - Fall Silloud,VMRS_HB_COMPLETE_v20 page 7_pages_26-50.md
002-030-113,,002,030,Support - Side compartment,VMRS_HB_COMPLETE_v20 page 7_pages_26-50.md
013-001-068,,013,001,Support Bracket - Front Brake Camshaft,VMRS_HB_COMPLETE_v20 page 7_pages_26-50.md
002-012-000,,002,012,Support - Side Lower,VMRS_HB_COMPLETE_v20 page 7_pages_26-50.md
010-001-000,,010,001,Chamber Left,VMRS_HB_COMPLETE_v20 page 7_pages_26-50.md
014-002-030,,014,002,Support - Skirt,VMRS_HB_COMPLETE_v20 page 7_pages_26-50.md
013-001-067,,013,001,Support Bracket - Front Brake Camshaft,VMRS_HB_COMPLETE_v20 page 7_pages_26-50.md
002-034-016,,002,034,"Support - Skirt, Sleeper",VMRS_HB_COMPLETE_v20 page 7_pages_26-50.md
162-004-000,,162,004,Support - Spreader,VMRS_HB_COMPLETE_v20 page 7_pages_26-50.md
044-001-075,,044,001,Support Bracket - Fuel Lines,VMRS_HB_COMPLETE_v20 page 7_pages_26-50.md
002-008-032,,002,008,Support - Steering Column,VMRS_HB_COMPLETE_v20 page 7_pages_26-50.md
002-006-019,,002,006,Support Bracket - Headliner,VMRS_HB_COMPLETE_v20 page 7_pages_26-50.md
014-002-051,,014,002,"Support - Step, Bumper",VMRS_HB_COMPLETE_v20 page 7_pages_26-50.md
053-008-010,,053,008,Support Bracket - Hoses & Tubing,VMRS_HB_COMPLETE_v20 page 7_pages_26-50.md
014-010-021,,014,010,"Support - Step, Toolbox",VMRS_HB_COMPLETE_v20 page 7_pages_26-50.md
014-008-006,,014,008,"Support Bracket - Hoses, Lines, Tubes & Wire",VMRS_HB_COMPLETE_v20 page 7_pages_26-50.md
002-009-021,,002,009,"Support - Sun Visor, Interior",VMRS_HB_COMPLETE_v20 page 7_pages_26-50.md
043-006-014,,043,006,Support Bracket - Particulate Filter,VMRS_HB_COMPLETE_v20 page 7_pages_26-50.md
002-048-070,,002,048,"Support - Sun Visor, Interior",VMRS_HB_COMPLETE_v20 page 7_pages_26-50.md
013-008-003,,013,008,"Support Bracket - Power Cylinder, Rear",VMRS_HB_COMPLETE_v20 page 7_pages_26-50.md
161-004-000,,161,004,Support - Sweeper,VMRS_HB_COMPLETE_v20 page 7_pages_26-50.md
002-050-014,,002,050,Support Bracket - Rear,VMRS_HB_COMPLETE_v20 page 7_pages_26-50.md
167-004-000,,167,004,Support - Tiller,VMRS_HB_COMPLETE_v20 page 7_pages_26-50.md
013-002-148,,013,002,Support Bracket - Rear Brake Camshaft,VMRS_HB_COMPLETE_v20 page 7_pages_26-50.md
173-004-000,,173,004,Support - Tilt Body,VMRS_HB_COMPLETE_v20 page 7_pages_26-50.md
059-010-017,,059,010,Support - Tow Bar,VMRS_HB_COMPLETE_v20 page 7_pages_26-50.md
013-002-147,,013,002,Support Bracket - Rear Brake Camshaft,VMRS_HB_COMPLETE_v20 page 7_pages_26-50.md
016-008-033,,016,008,Support - Trailing Arm,VMRS_HB_COMPLETE_v20 page 7_pages_26-50.md
000-040-005,,000,040,"Chamber, Right",VMRS_HB_COMPLETE_v20 page 7_pages_26-50.md
014-003-038,,014,003,"Support - Transmission, Rear",VMRS_HB_COMPLETE_v20 page 7_pages_26-50.md
002-010-005,,002,010,Support Bracket - Rearview Mirror,VMRS_HB_COMPLETE_v20 page 7_pages_26-50.md
002-004-108,,002,004,Support Bracket - Roller,VMRS_HB_COMPLETE_v20 page 7_pages_26-50.md
043-004-180,,043,004,Support - Turbocharger,VMRS_HB_COMPLETE_v20 page 7_pages_26-50.md
002-012-110,,002,012,Support Bracket - Scull Plate,VMRS_HB_COMPLETE_v20 page 7_pages_26-50.md
043-004-079,,043,004,Support - Turboconveyor,VMRS_HB_COMPLETE_v20 page 7_pages_26-50.md
174-012-022,,174,012,Support Bracket Side Emorgonov Deer Safety,VMRS_HB_COMPLETE_v20 page 7_pages_26-50.md
165-004-000,,165,004,Support - Vocuum,VMRS_HB_COMPLETE_v20 page 7_pages_26-50.md
174-012-032,,174,012,Bron,VMRS_HB_COMPLETE_v20 page 7_pages_26-50.md
058-008-008,,058,008,Support - Valve,VMRS_HB_COMPLETE_v20 page 7_pages_26-50.md
014-001-014,,014,001,Support Bracket - Side Step,VMRS_HB_COMPLETE_v20 page 7_pages_26-50.md
004-004-024,,004,004,Support - Vertical Stabilizer Fairing Cab,VMRS_HB_COMPLETE_v20 page 7_pages_26-50.md
053-005-010,,053,005,Support Bracket - Side Step,VMRS_HB_COMPLETE_v20 page 7_pages_26-50.md
,001-007,001,007,Extender,VMRS_HB_COMPLETE_v20 page 7_pages_26-50.md
053-005-009,,053,005,Support Bracket - Sign Frame Outer Corper,VMRS_HB_COMPLETE_v20 page 7_pages_26-50.md
002-050-225,,002,050,Support - Walkthru,VMRS_HB_COMPLETE_v20 page 7_pages_26-50.md
014-001-013,,014,001,Support Bracket - Step Mounting,VMRS_HB_COMPLETE_v20 page 7_pages_26-50.md
042-004-041,,042,004,Support - Water Pump,VMRS_HB_COMPLETE_v20 page 7_pages_26-50.md
015-011-029,,015,011,Support Bracket - Tube Mounting,VMRS_HB_COMPLETE_v20 page 7_pages_26-50.md
174-001-179,,174,001,Support - Wheelwell,VMRS_HB_COMPLETE_v20 page 7_pages_26-50.md
002-002-066,,002,002,Support Bracket -Front Mud Flap,VMRS_HB_COMPLETE_v20 page 7_pages_26-50.md
002-046-035,,002,046,Support - Window,VMRS_HB_COMPLETE_v20 page 7_pages_26-50.md
013-013-006,,013,013,Support Bracket Assembly - Air Disc Brake,VMRS_HB_COMPLETE_v20 page 7_pages_26-50.md
002-050-540,,002,050,"Support - Wing, Bunk",VMRS_HB_COMPLETE_v20 page 7_pages_26-50.md
014-009-001,,014,009,Support Channel - Rear,VMRS_HB_COMPLETE_v20 page 7_pages_26-50.md
002-050-680,,002,050,"Support - Work Surface, Sleeper",VMRS_HB_COMPLETE_v20 page 7_pages_26-50.md
021-001-114,,021,001,"Support Hub - Ring Gear, Driven Front Steer",VMRS_HB_COMPLETE_v20 page 7_pages_26-50.md
002-005-004,,002,005,Support & Anchor Plate - Hood Hinge,VMRS_HB_COMPLETE_v20 page 7_pages_26-50.md
013-001-128,,013,001,Support Key - Brake Caliper,VMRS_HB_COMPLETE_v20 page 7_pages_26-50.md
034-006-038,,034,006,Switch - Beacon Lamp,VMRS_HB_COMPLETE_v20 page 7_pages_26-50.md
043-003-063,,043,003,Support Plata Exhaust System,VMRS_HB_COMPLETE_v20 page 7_pages_26-50.md
001-001-211,,001,001,Switch Bi Lovel Boost,VMRS_HB_COMPLETE_v20 page 7_pages_26-50.md
043-003-003,,043,003,,VMRS_HB_COMPLETE_v20 page 7_pages_26-50.md
013-010-329,,013,010,Support Ring & Exit Tube - Air Drier,VMRS_HB_COMPLETE_v20 page 7_pages_26-50.md
001-001-395,,001,001,"Switch - Binary, Air Conditioning",VMRS_HB_COMPLETE_v20 page 7_pages_26-50.md
142-009-010,,142,009,"Support Tray - Hose Assembly, LNG",VMRS_HB_COMPLETE_v20 page 7_pages_26-50.md
151-003-025,,151,003,"Switch - Binary, APU",VMRS_HB_COMPLETE_v20 page 7_pages_26-50.md
033-003-014,,033,003,"Support, Secondary Wiring - Spark Plugs & Coil",VMRS_HB_COMPLETE_v20 page 7_pages_26-50.md
082-015-010,,082,015,Switch - Block Temperature,VMRS_HB_COMPLETE_v20 page 7_pages_26-50.md
112-004-000,,112,004,Supports,VMRS_HB_COMPLETE_v20 page 7_pages_26-50.md
001-001-187,,001,001,Switch - Blower Motor,VMRS_HB_COMPLETE_v20 page 7_pages_26-50.md
015-005-008,,015,005,Supports & Clamps - Hose,VMRS_HB_COMPLETE_v20 page 7_pages_26-50.md
001-004-106,,001,004,Switch - Blower Motor Sleeper,VMRS_HB_COMPLETE_v20 page 7_pages_26-50.md
046-000-007,,046,000,Supports & Oldrigs - Hose,VMRS_HB_COMPLETE_v20 page 7_pages_26-50.md
001-001-115,,001,001,Switch Blower Speed A/C Meter,VMRS_HB_COMPLETE_v20 page 7_pages_26-50.md
040-002-007,,040,002,,VMRS_HB_COMPLETE_v20 page 7_pages_26-50.md
052-003-009,,052,003,"Suppressor - Static, Radio Receiver/Transceiver",VMRS_HB_COMPLETE_v20 page 7_pages_26-50.md
001-002-021,,001,002,"Switch - Blower Speed, Heater Motor",VMRS_HB_COMPLETE_v20 page 7_pages_26-50.md
041-001-114,,041,001,Suppressor Assembly - Noise,VMRS_HB_COMPLETE_v20 page 7_pages_26-50.md
151-005-004,,151,005,"Switch - Blower, APU",VMRS_HB_COMPLETE_v20 page 7_pages_26-50.md
174-033-047,,174,033,"Surface - Sliding, Platform",VMRS_HB_COMPLETE_v20 page 7_pages_26-50.md
293-001-008,,293,001,"Switch - Bowl Heater, Oil Shaker Box",VMRS_HB_COMPLETE_v20 page 7_pages_26-50.md
153-002-025,,153,002,Surge Suppressor - Alternator (AC) Stationary,VMRS_HB_COMPLETE_v20 page 7_pages_26-50.md
013-005-016,,013,005,Switch - Brake Light Pedal Assembly,VMRS_HB_COMPLETE_v20 page 7_pages_26-50.md
100-002-020,,100,002,Gonorator,VMRS_HB_COMPLETE_v20 page 7_pages_26-50.md
050-000-040,,050,000,Curre Currencer Dedie,VMRS_HB_COMPLETE_v20 page 7_pages_26-50.md
052-003-040,,052,003,Surge Suppressor - Radio,VMRS_HB_COMPLETE_v20 page 7_pages_26-50.md
044-011-041,,044,011,"Switch - Brake, Speed Control System",VMRS_HB_COMPLETE_v20 page 7_pages_26-50.md
365-009-035,,365,009,Surge Tank Assembly - Complete,VMRS_HB_COMPLETE_v20 page 7_pages_26-50.md
364-005-019,,364,005,Switch - Breakaway,VMRS_HB_COMPLETE_v20 page 7_pages_26-50.md
002-001-032,,002,001,"Surround - Grille, Hood",VMRS_HB_COMPLETE_v20 page 7_pages_26-50.md
013-012-011,,013,012,"Switch - Breakaway, Electric Brakes",VMRS_HB_COMPLETE_v20 page 7_pages_26-50.md
036-008-000,,036,008,Surveillance System,VMRS_HB_COMPLETE_v20 page 7_pages_26-50.md
043-005-045,,043,005,Switch - Buffer,VMRS_HB_COMPLETE_v20 page 7_pages_26-50.md
036-008-001,,036,008,Surveillance System - Complete,VMRS_HB_COMPLETE_v20 page 7_pages_26-50.md
174-024-031,,174,024,Switch - Bus 8 Way Stop Light,VMRS_HB_COMPLETE_v20 page 7_pages_26-50.md
016-000-000,,016,000,Supporcion,VMRS_HB_COMPLETE_v20 page 7_pages_26-50.md
174-028-021,,174,028,Switch Bus Body A/C Tomporature Control,VMRS_HB_COMPLETE_v20 page 7_pages_26-50.md
010-000-000,,010,000,Suspension Air Last Assaults Front,VMRS_HB_COMPLETE_v20 page 7_pages_26-50.md
174-020-021,,174,020,Switch - Bus Douy A/C Temperature Control,VMRS_HB_COMPLETE_v20 page 7_pages_26-50.md
016-009-053,,016,009,"Suspension - Air Leat Assembly, Front",VMRS_HB_COMPLETE_v20 page 7_pages_26-50.md
174-024-030,,174,024,Switch - Bus Celling Lamp,VMRS_HB_COMPLETE_v20 page 7_pages_26-50.md
016-005-000,,016,005,Suspension - Rear (Non-Air),VMRS_HB_COMPLETE_v20 page 7_pages_26-50.md
174-024-123,,174,024,Switch - Bus Electrical Compartment Lamp,VMRS_HB_COMPLETE_v20 page 7_pages_26-50.md
016-009-056,,016,009,"Suspension Assembly - Air Leaf, Complete",VMRS_HB_COMPLETE_v20 page 7_pages_26-50.md
174-024-044,,174,024,Switch - Bus Emergency Door Lamp,VMRS_HB_COMPLETE_v20 page 7_pages_26-50.md
016-008-097,,016,008,"Suspension Assembly - Air Ride, Complete",VMRS_HB_COMPLETE_v20 page 7_pages_26-50.md
174-024-070,,174,024,Switch - Bus Entry Door Interior Lamp,VMRS_HB_COMPLETE_v20 page 7_pages_26-50.md
002-027-100,,002,027,Suspension Assembly - Air Seat,VMRS_HB_COMPLETE_v20 page 7_pages_26-50.md
174-024-076,,174,024,Switch - Bus Entry Door Lamp,VMRS_HB_COMPLETE_v20 page 7_pages_26-50.md
016-015-056,,016,015,Suspension Assembly Cab/Slooper Complete,VMRS_HB_COMPLETE_v20 page 7_pages_26-50.md
010-015-050,,010,015,"Suspension Assembly - Cab/Sieeper, Complete",VMRS_HB_COMPLETE_v20 page 7_pages_26-50.md
174-024-024,,174,024,Switch - Bus Entry Door Step Lamp,VMRS_HB_COMPLETE_v20 page 7_pages_26-50.md
016-001-031,,016,001,"Suspension Assembly - Complete, Independent",VMRS_HB_COMPLETE_v20 page 7_pages_26-50.md
174-024-131,,174,024,Switch - Bus Interior Noise Suppression,VMRS_HB_COMPLETE_v20 page 7_pages_26-50.md
174-026-013,,174,026,Switch - Bus Passenger Heater Temperature,VMRS_HB_COMPLETE_v20 page 7_pages_26-50.md
016-014-053,,016,014,Suspension Assembly - Liftable Air Suspension,VMRS_HB_COMPLETE_v20 page 7_pages_26-50.md
016-005-151,,016,005,Suspension Assembly - Rear,VMRS_HB_COMPLETE_v20 page 7_pages_26-50.md
174-024-083,,174,024,Switch - Bus Passenger Reading Lamp,VMRS_HB_COMPLETE_v20 page 7_pages_26-50.md
016-005-186,,016,005,Suspension Assembly - Rear (Non-Air),VMRS_HB_COMPLETE_v20 page 7_pages_26-50.md
174-024-051,,174,024,Switch - Bus Boof Emergence Escape Hatch,VMRS_HB_COMPLETE_v20 page 7_pages_26-50.md
010-000-100,,010,000,Complete,VMRS_HB_COMPLETE_v20 page 7_pages_26-50.md
174-016-000,,174,016,Switch - Bus Roof Vent,VMRS_HB_COMPLETE_v20 page 7_pages_26-50.md
010-010-015,,010,010,,VMRS_HB_COMPLETE_v20 page 7_pages_26-50.md
174-010-009,,174,010,Switch - Bus Rool Veni,VMRS_HB_COMPLETE_v20 page 7_pages_26-50.md
016-018-015,,016,018,"Suspension Assembly - Slider, Complete",VMRS_HB_COMPLETE_v20 page 7_pages_26-50.md
174-024-088,,174,024,Switch - Bus Video Camera,VMRS_HB_COMPLETE_v20 page 7_pages_26-50.md
016-005-153,,016,005,Suspension Kit - Rear,VMRS_HB_COMPLETE_v20 page 7_pages_26-50.md
174-024-129,,174,024,Switch - Bus Wheelchair Lift Door Lamp,VMRS_HB_COMPLETE_v20 page 7_pages_26-50.md
016-015-050,,016,015,Sway Bar - Cab Mount,VMRS_HB_COMPLETE_v20 page 7_pages_26-50.md
174-024-053,,174,024,Switch - Bus Wiring Harness,VMRS_HB_COMPLETE_v20 page 7_pages_26-50.md
016-008-147,,016,008,Sway Bar - Rear Suspension,VMRS_HB_COMPLETE_v20 page 7_pages_26-50.md
014-004-041,,014,004,Switch - Cab Latch,VMRS_HB_COMPLETE_v20 page 7_pages_26-50.md
059-004-021,,059,004,Sway Block - Drawbar,VMRS_HB_COMPLETE_v20 page 7_pages_26-50.md
016-015-064,,016,015,Switch - Cab Latch,VMRS_HB_COMPLETE_v20 page 7_pages_26-50.md
050-000-000,,050,000,Swedge,VMRS_HB_COMPLETE_v20 page 7_pages_26-50.md
002-026-121,,002,026,Switch Cab Lack,VMRS_HB_COMPLETE_v20 page 7_pages_26-50.md
002-030-121,,002,030,Switch - Cab Lock,VMRS_HB_COMPLETE_v20 page 7_pages_26-50.md
161-000-000,,161,000,Sweeping,VMRS_HB_COMPLETE_v20 page 7_pages_26-50.md
051-007-002,,051,007,"Switch - Chime, Fire Detection",VMRS_HB_COMPLETE_v20 page 7_pages_26-50.md
078-026-015,,078,026,Swing Arm,VMRS_HB_COMPLETE_v20 page 7_pages_26-50.md
034-004-034,,034,004,Switch - Clearance & Marker Lamps,VMRS_HB_COMPLETE_v20 page 7_pages_26-50.md
464-005-000,,464,005,Swing Gear,VMRS_HB_COMPLETE_v20 page 7_pages_26-50.md
042-003-160,,042,003,"Switch - Clutch Override, Engine Fan",VMRS_HB_COMPLETE_v20 page 7_pages_26-50.md
042-008-013,,042,008,Switch,VMRS_HB_COMPLETE_v20 page 7_pages_26-50.md
045-018-001,,045,018,"Switch - Clutch, Engine Retarder",VMRS_HB_COMPLETE_v20 page 7_pages_26-50.md
082-012-003,,082,012,Switch - Defrost Manual,VMRS_HB_COMPLETE_v20 page 7_pages_26-50.md
043-005-029,,043,005,Switch - Clutch Exhaust Brake,VMRS_HB_COMPLETE_v20 page 7_pages_26-50.md
082-006-027,,082,006,Switch Ston/Start Thormostat,VMRS_HB_COMPLETE_v20 page 7_pages_26-50.md
056-001-160,,056,001,Switch Clutch PTO,VMRS_HB_COMPLETE_v20 page 7_pages_26-50.md
002-000-027,,002,000,"Switch - Stop/Start, memosiat",VMRS_HB_COMPLETE_v20 page 7_pages_26-50.md
030-001-100,,030,001,"Switch - Clutch, FTO",VMRS_HB_COMPLETE_v20 page 7_pages_26-50.md
094-006-031,,094,006,"Switch - Weatherproot Push Button, Hose Reel",VMRS_HB_COMPLETE_v20 page 7_pages_26-50.md
044-011-040,,044,011,"Switch - Clutch, Speed Control System",VMRS_HB_COMPLETE_v20 page 7_pages_26-50.md
001-001-469,,001,001,Switch - A/C Damper Door,VMRS_HB_COMPLETE_v20 page 7_pages_26-50.md
034-004-451,,034,004,Switch - Combination,VMRS_HB_COMPLETE_v20 page 7_pages_26-50.md
001-001-235,,001,001,Switch - A/C Thermostat,VMRS_HB_COMPLETE_v20 page 7_pages_26-50.md
001-001-117,,001,001,"Switch - Compressor Clutch, Air Conditioning",VMRS_HB_COMPLETE_v20 page 7_pages_26-50.md
013-011-119,,013,011,"Switch - ABS Test, Diagnostic",VMRS_HB_COMPLETE_v20 page 7_pages_26-50.md
053-001-069,,053,001,"Switch - Compressor, Automatic Traction Device",VMRS_HB_COMPLETE_v20 page 7_pages_26-50.md
013-011-136,,013,011,Switch - Accessory Load ABS,VMRS_HB_COMPLETE_v20 page 7_pages_26-50.md
001-001-213,,001,001,Switch - Condenser Fan,VMRS_HB_COMPLETE_v20 page 7_pages_26-50.md
012-002-000,,012,002,Switch Activation Darking Brake,VMRS_HB_COMPLETE_v20 page 7_pages_26-50.md
002-020-052,,002,020,Switch Concello Dear,VMRS_HB_COMPLETE_v20 page 7_pages_26-50.md
013-003-000,,013,003,"Switch - Activation, Parking Drake",VMRS_HB_COMPLETE_v20 page 7_pages_26-50.md
015-002-082,,015,002,"Switch - Adjust, Steering Column",VMRS_HB_COMPLETE_v20 page 7_pages_26-50.md
002-020-053,,002,020,"Switch - Control (Trigger), Door",VMRS_HB_COMPLETE_v20 page 7_pages_26-50.md
054-001-043,,054,001,Switch - Air Horn,VMRS_HB_COMPLETE_v20 page 7_pages_26-50.md
023-001-154,,023,001,"Switch - Control Assembly, Hydraulic Clutch",VMRS_HB_COMPLETE_v20 page 7_pages_26-50.md
013-010-392,,013,010,Switch - Air Management Unit,VMRS_HB_COMPLETE_v20 page 7_pages_26-50.md
055-003-008,,055,003,"Switch - Control Solenoid, Power Tailgate",VMRS_HB_COMPLETE_v20 page 7_pages_26-50.md
082-011-045,,082,011,Switch - Air Pressure Differential,VMRS_HB_COMPLETE_v20 page 7_pages_26-50.md
002-057-037,,002,057,"Switch - Control Unit, Air Bag",VMRS_HB_COMPLETE_v20 page 7_pages_26-50.md
003-001-208,,003,001,Switch - Air Restriction,VMRS_HB_COMPLETE_v20 page 7_pages_26-50.md
015-009-039,,015,009,Switch - Control Dual Steering,VMRS_HB_COMPLETE_v20 page 7_pages_26-50.md
022-005-044,,022,005,Switch Air Shift,VMRS_HB_COMPLETE_v20 page 7_pages_26-50.md
002-019-020,,002,019,"Switch Control, Electric (Bower) Window",VMRS_HB_COMPLETE_v20 page 7_pages_26-50.md
022-003-044,,022,003,Switch - Air Shill,VMRS_HB_COMPLETE_v20 page 7_pages_26-50.md
002-010-030,,002,010,"Switch - Control, Electric (Fower) Window",VMRS_HB_COMPLETE_v20 page 7_pages_26-50.md
067-001-013,,067,001,"Switch - Air, Control",VMRS_HB_COMPLETE_v20 page 7_pages_26-50.md
034-003-096,,034,003,"Switch - Control, Flasher",VMRS_HB_COMPLETE_v20 page 7_pages_26-50.md
099-008-016,,099,008,"Switch - Air, Hose Save Device, Overfill System",VMRS_HB_COMPLETE_v20 page 7_pages_26-50.md
065-030-016,,065,030,"Switch - Control, Motor",VMRS_HB_COMPLETE_v20 page 7_pages_26-50.md
099-008-009,,099,008,"Switch - Air, Overfill System",VMRS_HB_COMPLETE_v20 page 7_pages_26-50.md
055-015-005,,055,015,"Switch - Control, Powerdown",VMRS_HB_COMPLETE_v20 page 7_pages_26-50.md
065-031-006,,065,031,Switch - Air/Electric Control,VMRS_HB_COMPLETE_v20 page 7_pages_26-50.md
025-001-239,,025,001,"Switch - Control, Transfer Case",VMRS_HB_COMPLETE_v20 page 7_pages_26-50.md
065-031-005,,065,031,Switch - Air/Hydraulic Control,VMRS_HB_COMPLETE_v20 page 7_pages_26-50.md
015-001-025,,015,001,Switch - Control Transmission Shift Steering,VMRS_HB_COMPLETE_v20 page 7_pages_26-50.md
002-062-002,,002,062,Switch Aigr Dock Lid,VMRS_HB_COMPLETE_v20 page 7_pages_26-50.md
010-001-020,,010,001,Wheel,VMRS_HB_COMPLETE_v20 page 7_pages_26-50.md
002-002-002,,002,002,"Switch - Ajar, Deck Lid",VMRS_HB_COMPLETE_v20 page 7_pages_26-50.md
002-061-003,,002,061,"Switch - Ajar, Littgate",VMRS_HB_COMPLETE_v20 page 7_pages_26-50.md
367-008-014,,367,008,"Switch - Control, Vibration System",VMRS_HB_COMPLETE_v20 page 7_pages_26-50.md
174-024-005,,174,024,"Switch - Alarm, Childmate System",VMRS_HB_COMPLETE_v20 page 7_pages_26-50.md
002-060-053,,002,060,Switch - Convertible Top,VMRS_HB_COMPLETE_v20 page 7_pages_26-50.md
003-005-016,,003,005,Switch - Anti-Theft Alarm Control,VMRS_HB_COMPLETE_v20 page 7_pages_26-50.md
003-001-140,,003,001,"Switch - Cradle Latch Indicator, Propane",VMRS_HB_COMPLETE_v20 page 7_pages_26-50.md
151-003-062,,151,003,"Switch - Arctic, Coolant, APU",VMRS_HB_COMPLETE_v20 page 7_pages_26-50.md
022-006-012,,022,006,Switch - Automatic,VMRS_HB_COMPLETE_v20 page 7_pages_26-50.md
082-006-022,,082,006,Switch - Cut Off High Discharge,VMRS_HB_COMPLETE_v20 page 7_pages_26-50.md
052-001-012,,052,001,Quitab Automatic Traction Daviss,VMRS_HB_COMPLETE_v20 page 7_pages_26-50.md
040-000-000,,040,000,"Switch - Out Off, Flight Discharge",VMRS_HB_COMPLETE_v20 page 7_pages_26-50.md
000-001-013,,000,001,Switch - Automatic Traction Device,VMRS_HB_COMPLETE_v20 page 7_pages_26-50.md
042-003-003,,042,003,"Switch - Out-Oil, Pan Hub Pressure",VMRS_HB_COMPLETE_v20 page 7_pages_26-50.md
052-010-002,,052,010,Switch - Auxiliary Fan,VMRS_HB_COMPLETE_v20 page 7_pages_26-50.md
082-006-038,,082,006,"Switch - Cutout, High Temperature",VMRS_HB_COMPLETE_v20 page 7_pages_26-50.md
034-003-068,,034,003,Switch - Backup Alarm,VMRS_HB_COMPLETE_v20 page 7_pages_26-50.md
082-015-058,,082,015,Switch - Cycle Sentry,VMRS_HB_COMPLETE_v20 page 7_pages_26-50.md
034-003-031,,034,003,Switch - Backup Lamp,VMRS_HB_COMPLETE_v20 page 7_pages_26-50.md
082-019-025,,082,019,Switch - Cycle Sentry,VMRS_HB_COMPLETE_v20 page 7_pages_26-50.md
036-012-006,,036,012,Switch - Backup Warning System,VMRS_HB_COMPLETE_v20 page 7_pages_26-50.md
041-005-004,,041,005,Switch - Cycling Automatic,VMRS_HB_COMPLETE_v20 page 7_pages_26-50.md
045-018-002,,045,018,"Switch - Dash (On-Off), Engine Retarder",VMRS_HB_COMPLETE_v20 page 7_pages_26-50.md
082-012-013,,082,012,Switch - Glow Plug,VMRS_HB_COMPLETE_v20 page 7_pages_26-50.md
043-007-239,,043,007,Switch - DEF Pump,VMRS_HB_COMPLETE_v20 page 7_pages_26-50.md
032-003-007,,032,003,Switch - Glow Plug & Starter,VMRS_HB_COMPLETE_v20 page 7_pages_26-50.md
082-011-044,,082,011,"Switch - Defrost Manual, Mechanical",VMRS_HB_COMPLETE_v20 page 7_pages_26-50.md
044-003-219,,044,003,Switch - Governor,VMRS_HB_COMPLETE_v20 page 7_pages_26-50.md
034-001-007,,034,001,Switch - Headlamp (General Lamp),VMRS_HB_COMPLETE_v20 page 7_pages_26-50.md
082-011-043,,082,011,Switch - Defrost Termination,VMRS_HB_COMPLETE_v20 page 7_pages_26-50.md
034-001-087,,034,001,Switch - Headlamp Leveling,VMRS_HB_COMPLETE_v20 page 7_pages_26-50.md
001-002-048,,001,002,Switch - Defroster,VMRS_HB_COMPLETE_v20 page 7_pages_26-50.md
002-065-020,,002,065,Switch - Headlamp Wiper,VMRS_HB_COMPLETE_v20 page 7_pages_26-50.md
002-040-028,,002,040,Switch - Deployable Step,VMRS_HB_COMPLETE_v20 page 7_pages_26-50.md
082-006-021,,082,006,Switch - Heat/Cool,VMRS_HB_COMPLETE_v20 page 7_pages_26-50.md
045-021-032,,045,021,Switch - Diagnostic,VMRS_HB_COMPLETE_v20 page 7_pages_26-50.md
002-037-004,,002,037,Switch - Heated Seat,VMRS_HB_COMPLETE_v20 page 7_pages_26-50.md
022-004-107,,022,004,Switch - Differential Lock,VMRS_HB_COMPLETE_v20 page 7_pages_26-50.md
174-002-008,,174,002,Switch - Heated Tread Wear Cap,VMRS_HB_COMPLETE_v20 page 7_pages_26-50.md
013-006-035,,013,006,"Switch - Differential Pressure, Master Cylinder",VMRS_HB_COMPLETE_v20 page 7_pages_26-50.md
001-002-105,,001,002,Switch - Heater Control,VMRS_HB_COMPLETE_v20 page 7_pages_26-50.md
174-024-038,,174,024,Switch - Dimmer Bus Drivers Dome Lamp,VMRS_HB_COMPLETE_v20 page 7_pages_26-50.md
293-001-009,,293,001,"Switch - Heater Pocket, Oil Shaker Box",VMRS_HB_COMPLETE_v20 page 7_pages_26-50.md
034-001-008,,034,001,"Switch - Dimmer, Headlamp",VMRS_HB_COMPLETE_v20 page 7_pages_26-50.md
082-012-005,,082,012,Switch - Heating & Cooling,VMRS_HB_COMPLETE_v20 page 7_pages_26-50.md
034-004-429,,034,004,Switch - Dimmer Instrument Panel,VMRS_HB_COMPLETE_v20 page 7_pages_26-50.md
001-001-242,,001,001,Switch - High Pressure,VMRS_HB_COMPLETE_v20 page 7_pages_26-50.md
002-057-032,,002,057,Switch - Disarm Air Bag Passenger Side,VMRS_HB_COMPLETE_v20 page 7_pages_26-50.md
151-003-027,,151,003,Switch - High Pressure Cut Off APU,VMRS_HB_COMPLETE_v20 page 7_pages_26-50.md
032-002-050,,032,002,Switch - Disconnect Battery,VMRS_HB_COMPLETE_v20 page 7_pages_26-50.md
174-028-059,,174,028,Switch - High Pressure Bus Body A/C System,VMRS_HB_COMPLETE_v20 page 7_pages_26-50.md
044-011-004,,044,011,"Switch - Disengage, Control System",VMRS_HB_COMPLETE_v20 page 7_pages_26-50.md
174-033-024,,174,033,"Switch - High Pressure, Control Unit",VMRS_HB_COMPLETE_v20 page 7_pages_26-50.md
002-058-027,,002,058,Switch - Display Assembly Lamp,VMRS_HB_COMPLETE_v20 page 7_pages_26-50.md
001-003-081,,001,003,Switch - High Pressured A/C. Self-Powered,VMRS_HB_COMPLETE_v20 page 7_pages_26-50.md
033-002-028,,033,002,Switch - Distributor,VMRS_HB_COMPLETE_v20 page 7_pages_26-50.md
003-004-011,,003,004,Switch - High Temperature (Alarmstat),VMRS_HB_COMPLETE_v20 page 7_pages_26-50.md
034-004-022,,034,004,Switch - Dome Lamp,VMRS_HB_COMPLETE_v20 page 7_pages_26-50.md
048-001-069,,048,001,Switch - High Voltage Disconnect Hybrid,VMRS_HB_COMPLETE_v20 page 7_pages_26-50.md
002-018-171,,002,018,Switch - Door Ajar,VMRS_HB_COMPLETE_v20 page 7_pages_26-50.md
003-001-247,,003,001,Switch - High Water Temperature Warning,VMRS_HB_COMPLETE_v20 page 7_pages_26-50.md
034-004-015,,034,004,Switch - Door Jamb,VMRS_HB_COMPLETE_v20 page 7_pages_26-50.md
000-001-247,,000,001,Override,VMRS_HB_COMPLETE_v20 page 7_pages_26-50.md
002-018-170,,002,018,Switch - Door Lock,VMRS_HB_COMPLETE_v20 page 7_pages_26-50.md
026-015-095,,026,015,Switch - Hill Assist Automated Transmission,VMRS_HB_COMPLETE_v20 page 7_pages_26-50.md
002-046-020,,002,046,Switch - Door Warning Lamp,VMRS_HB_COMPLETE_v20 page 7_pages_26-50.md
369-005-003,,369,005,Switch - HOA Eabricated Structure,VMRS_HB_COMPLETE_v20 page 7_pages_26-50.md
082-020-031,,082,020,Switch - Door Magnetic,VMRS_HB_COMPLETE_v20 page 7_pages_26-50.md
055-025-011,,055,025,Switch - Horn Pallot Jack,VMRS_HB_COMPLETE_v20 page 7_pages_26-50.md
072-003-074,,072,003,"Switch - Door, Magnetic Rear Door",VMRS_HB_COMPLETE_v20 page 7_pages_26-50.md
072-000-074,,072,000,Switch Down Shift Timing,VMRS_HB_COMPLETE_v20 page 7_pages_26-50.md
033-001-001,,033,001,Switch Ignition,VMRS_HB_COMPLETE_v20 page 7_pages_26-50.md
003-006-010,,003,006,Switch - Driver Menu Control (MCS),VMRS_HB_COMPLETE_v20 page 7_pages_26-50.md
002-027-264,,002,027,Switch - Driver Safety,VMRS_HB_COMPLETE_v20 page 7_pages_26-50.md
021-001-000,,021,001,Front Steer Avle,VMRS_HB_COMPLETE_v20 page 7_pages_26-50.md
002-027-204,,002,027,"Switch - Dump Valve, Dear Suspension",VMRS_HB_COMPLETE_v20 page 7_pages_26-50.md
022-003-102,,022,003,"Switch - Indicator Lamp, Carrier Housing, Driven",VMRS_HB_COMPLETE_v20 page 7_pages_26-50.md
360-005-015,,360,005,Switch - E-Ston Safety Eabricated Structure,VMRS_HB_COMPLETE_v20 page 7_pages_26-50.md
022-000-102,,022,000,Boar Avlo,VMRS_HB_COMPLETE_v20 page 7_pages_26-50.md
045-021-086,,045,021,Switch - Economy,VMRS_HB_COMPLETE_v20 page 7_pages_26-50.md
003-001-039,,003,001,Switch - Indicator Lamp Differential Lockout,VMRS_HB_COMPLETE_v20 page 7_pages_26-50.md
045-021-055,,045,021,Switch - ECU,VMRS_HB_COMPLETE_v20 page 7_pages_26-50.md
003-001-061,,003,001,"Switch - Indicator Lamp, Differential Econom",VMRS_HB_COMPLETE_v20 page 7_pages_26-50.md
043-001-060,,043,001,Switch - EGB Pressure,VMRS_HB_COMPLETE_v20 page 7_pages_26-50.md
025-001-001,,025,001,Switch - Indicator A-Wheel Drive Transfer Case,VMRS_HB_COMPLETE_v20 page 7_pages_26-50.md
042-003-073,,042,003,Switch - Electric Ean,VMRS_HB_COMPLETE_v20 page 7_pages_26-50.md
056-002-013,,056,002,"Switch - Indicator, 4-Wheel Drive, Transfer Gase",VMRS_HB_COMPLETE_v20 page 7_pages_26-50.md
152-001-003,,152,001,Switch - Electric Tailet,VMRS_HB_COMPLETE_v20 page 7_pages_26-50.md
003-001-018,,003,001,"Switch - Indicator, Findine Coolant Temperature",VMRS_HB_COMPLETE_v20 page 7_pages_26-50.md
065-020-011,,065,020,Switch - Electric/Hydraulic Warning,VMRS_HB_COMPLETE_v20 page 7_pages_26-50.md
003-001-010,,003,001,"Switch - Indicator, Engine Ocolant Temperature",VMRS_HB_COMPLETE_v20 page 7_pages_26-50.md
053-017-001,,053,017,Switch - Electrical,VMRS_HB_COMPLETE_v20 page 7_pages_26-50.md
001-003-147,,001,003,Switch - Inertia Auxiliary Heater,VMRS_HB_COMPLETE_v20 page 7_pages_26-50.md
034-003-013,,034,003,Switch - Emergency Disability,VMRS_HB_COMPLETE_v20 page 7_pages_26-50.md
044-003-303,,044,003,"Switch - Inertia, Fuel System",VMRS_HB_COMPLETE_v20 page 7_pages_26-50.md
046-002-012,,046,002,Switch - Emergency Disconnect,VMRS_HB_COMPLETE_v20 page 7_pages_26-50.md
002-008-112,,002,008,Switch - Inflation Suspension Air Bag,VMRS_HB_COMPLETE_v20 page 7_pages_26-50.md
027-033-110,,027,033,Switch - Inhibitor Automatic Transmission,VMRS_HB_COMPLETE_v20 page 7_pages_26-50.md
055-010-208,,055,010,"Switch - Emergency Stop, Hydraulic System",VMRS_HB_COMPLETE_v20 page 7_pages_26-50.md
034-004-018,,034,004,Switch - Instrument Panel Lamp,VMRS_HB_COMPLETE_v20 page 7_pages_26-50.md
044-011-069,,044,011,"Switch - Engagement, Cruise Control",VMRS_HB_COMPLETE_v20 page 7_pages_26-50.md
052-013-006,,052,013,Switch - Intercom,VMRS_HB_COMPLETE_v20 page 7_pages_26-50.md
174-024-112,,174,024,Switch - Engine Access Door Lamp,VMRS_HB_COMPLETE_v20 page 7_pages_26-50.md
151-005-022,,151,005,Switch - Interconnect APLI,VMRS_HB_COMPLETE_v20 page 7_pages_26-50.md
032-003-001,,032,003,Switch - Engine Air Heater,VMRS_HB_COMPLETE_v20 page 7_pages_26-50.md
034-004-014,,034,004,Switch - Interior Lamp,VMRS_HB_COMPLETE_v20 page 7_pages_26-50.md
045-001-026,,045,001,Switch - Engine Shutdown Override Front Cover,VMRS_HB_COMPLETE_v20 page 7_pages_26-50.md
034-004-422,,034,004,Switch - Interrupter Dash,VMRS_HB_COMPLETE_v20 page 7_pages_26-50.md
003-004-007,,003,004,Switch - Engine Shutdown Low Oil Pressure,VMRS_HB_COMPLETE_v20 page 7_pages_26-50.md
369-005-016,,369,005,Switch - Jam Safety Fabricated Structure,VMRS_HB_COMPLETE_v20 page 7_pages_26-50.md
043-006-035,,043,006,Switch - Exhaust Aftertreatment Regeneration,VMRS_HB_COMPLETE_v20 page 7_pages_26-50.md
027-024-119,,027,024,Switch - Kickdown Solenoid Automatic,VMRS_HB_COMPLETE_v20 page 7_pages_26-50.md
034-004-399,,034,004,Switch - Exterior Lamp,VMRS_HB_COMPLETE_v20 page 7_pages_26-50.md
027-024-110,,027,024,Transmission,VMRS_HB_COMPLETE_v20 page 7_pages_26-50.md
174-028-020,,174,028,"Switch - Ean Speed, Bus Body A/C",VMRS_HB_COMPLETE_v20 page 7_pages_26-50.md
059-001-165,,059,001,Switch - King Pin Belease,VMRS_HB_COMPLETE_v20 page 7_pages_26-50.md
174-027-012,,174,027,"Switch - Fan Speed, Bus Entrance Step Heater",VMRS_HB_COMPLETE_v20 page 7_pages_26-50.md
016-008-039,,016,008,Switch - Kneel,VMRS_HB_COMPLETE_v20 page 7_pages_26-50.md
174-026-012,,174,026,"Switch - Ean Speed, Bus Passenger Heater",VMRS_HB_COMPLETE_v20 page 7_pages_26-50.md
034-004-373,,034,004,Switch - Lamp Glove Box,VMRS_HB_COMPLETE_v20 page 7_pages_26-50.md
001-003-154,,001,003,Switch - Fan Auxiliary Heater,VMRS_HB_COMPLETE_v20 page 7_pages_26-50.md
034-004-093,,034,004,"Switch - Lamp, Luggage Compartment",VMRS_HB_COMPLETE_v20 page 7_pages_26-50.md
151-003-044,,151,003,Switch - Ean Pre-Cooler APU,VMRS_HB_COMPLETE_v20 page 7_pages_26-50.md
002-011-131,,002,011,Switch - Latch Seat Belt,VMRS_HB_COMPLETE_v20 page 7_pages_26-50.md
044-003-243,,044,003,Switch - East Idle,VMRS_HB_COMPLETE_v20 page 7_pages_26-50.md
034-006-026,,034,006,Switch - Light Bar,VMRS_HB_COMPLETE_v20 page 7_pages_26-50.md
059-001-119,,059,001,Switch - Fifth Wheel Slide,VMRS_HB_COMPLETE_v20 page 7_pages_26-50.md
052-008-046,,052,008,Switch - Light Befrigerator,VMRS_HB_COMPLETE_v20 page 7_pages_26-50.md
365-005-001,,365,005,Switch - Fire Suppression,VMRS_HB_COMPLETE_v20 page 7_pages_26-50.md
034-004-388,,034,004,Switch - Lighting Master,VMRS_HB_COMPLETE_v20 page 7_pages_26-50.md
168-001-067,,168,001,Switch - Fire Suppression Mower,VMRS_HB_COMPLETE_v20 page 7_pages_26-50.md
172-010-003,,172,010,Switch - Limit Container Body,VMRS_HB_COMPLETE_v20 page 7_pages_26-50.md
001-004-075,,001,004,"Switch - Float, Heater And A/C, Sleeper",VMRS_HB_COMPLETE_v20 page 7_pages_26-50.md
056-001-166,,056,001,Switch - Limit PTO,VMRS_HB_COMPLETE_v20 page 7_pages_26-50.md
367-003-026,,367,003,Switch - Flow Control Solenoid,VMRS_HB_COMPLETE_v20 page 7_pages_26-50.md
112-006-007,,112,006,"Switch - Limit, Vertical Leg. Outrigger",VMRS_HB_COMPLETE_v20 page 7_pages_26-50.md
017-009-005,,017,009,Switch - Flow Sensing,VMRS_HB_COMPLETE_v20 page 7_pages_26-50.md
055-023-039,,055,023,"Switch - Limit, Wheelchair Lift",VMRS_HB_COMPLETE_v20 page 7_pages_26-50.md
027-024-117,,027,024,Switch - Fluid Temperature,VMRS_HB_COMPLETE_v20 page 7_pages_26-50.md
065-029-004,,065,029,Switch - Limiting,VMRS_HB_COMPLETE_v20 page 7_pages_26-50.md
034-001-014,,034,001,Switch - Fog Lamp,VMRS_HB_COMPLETE_v20 page 7_pages_26-50.md
027-024-121,,027,024,Switch - Lockup Torque Converter,VMRS_HB_COMPLETE_v20 page 7_pages_26-50.md
045-018-028,,045,018,Switch - Foot Control Engine Betarder,VMRS_HB_COMPLETE_v20 page 7_pages_26-50.md
013-010-194,,013,010,Switch - Low Air Pressure,VMRS_HB_COMPLETE_v20 page 7_pages_26-50.md
043-005-061,,043,005,Switch - Foot Exhaust Brake,VMRS_HB_COMPLETE_v20 page 7_pages_26-50.md
082-002-083,,082,002,Switch - Low Oil Level,VMRS_HB_COMPLETE_v20 page 7_pages_26-50.md
046-002-016,,046,002,Switch - Forward Speed Control Electro-,VMRS_HB_COMPLETE_v20 page 7_pages_26-50.md
082-041-011,,082,041,Switch - Low Oil Pressure Engine Reefer,VMRS_HB_COMPLETE_v20 page 7_pages_26-50.md
001-001-243,,001,001,Switch - Low Pressure,VMRS_HB_COMPLETE_v20 page 7_pages_26-50.md
001-001-256,,001,001,Switch - Ereeze Contact,VMRS_HB_COMPLETE_v20 page 7_pages_26-50.md
001-003-082,,001,003,Switch - Low Pressure A/C. Self-Powered,VMRS_HB_COMPLETE_v20 page 7_pages_26-50.md
001-002-057,,001,002,Switch - Fresh Air Door,VMRS_HB_COMPLETE_v20 page 7_pages_26-50.md
151-003-038,,151,003,Switch - Low Pressure Cut Off APU,VMRS_HB_COMPLETE_v20 page 7_pages_26-50.md
044-003-295,,044,003,Switch - Fuel Pressure,VMRS_HB_COMPLETE_v20 page 7_pages_26-50.md
174-028-060,,174,028,Switch - Low Pressure Bus Body A/C System,VMRS_HB_COMPLETE_v20 page 7_pages_26-50.md
043-004-057,,043,004,Switch - Fuel Pump,VMRS_HB_COMPLETE_v20 page 7_pages_26-50.md
174-033-021,,174,033,Switch - Low Pressure Control Unit,VMRS_HB_COMPLETE_v20 page 7_pages_26-50.md
022-006-014,,022,006,Switch - Gear Shift Lever,VMRS_HB_COMPLETE_v20 page 7_pages_26-50.md
099-008-011,,099,008,"Switch - Magnetic Valve, Hose Saver Device",VMRS_HB_COMPLETE_v20 page 7_pages_26-50.md
172-010-004,,172,010,,VMRS_HB_COMPLETE_v20 page 7_pages_26-50.md
002-027-314,,002,027,Switch - Power Lumbar,VMRS_HB_COMPLETE_v20 page 7_pages_26-50.md
002-003-001,,002,003,,VMRS_HB_COMPLETE_v20 page 7_pages_26-50.md
052-007-017,,052,007,"Switch - Power, Satellite Dome, Television",VMRS_HB_COMPLETE_v20 page 7_pages_26-50.md
024-004-182,,024,004,,VMRS_HB_COMPLETE_v20 page 7_pages_26-50.md
002-008-166,,002,008,"Switch - Pre-Trip Light, On/Off, Instrument Panel",VMRS_HB_COMPLETE_v20 page 7_pages_26-50.md
058-008-018,,058,008,Switch - Pressure,VMRS_HB_COMPLETE_v20 page 7_pages_26-50.md
,027-151,027,151,,VMRS_HB_COMPLETE_v20 page 7_pages_26-50.md
003-001-197,,003,001,"Switch - Pressure Differential, Power Steering",VMRS_HB_COMPLETE_v20 page 7_pages_26-50.md
003-004-005,,003,004,,VMRS_HB_COMPLETE_v20 page 7_pages_26-50.md
043-004-161,,043,004,"Switch - Pressure Safety, Turbocharger Boost",VMRS_HB_COMPLETE_v20 page 7_pages_26-50.md
003-001-027,,003,001,,VMRS_HB_COMPLETE_v20 page 7_pages_26-50.md
065-029-009,,065,029,Switch - Pressure Warning,VMRS_HB_COMPLETE_v20 page 7_pages_26-50.md
013-006-030,,013,006,,VMRS_HB_COMPLETE_v20 page 7_pages_26-50.md
001-001-118,,001,001,,VMRS_HB_COMPLETE_v20 page 7_pages_26-50.md
019-005-004,,019,005,"Switch - Pressure, Automatic Chassis Lubricator",VMRS_HB_COMPLETE_v20 page 7_pages_26-50.md
082-019-016,,082,019,,VMRS_HB_COMPLETE_v20 page 7_pages_26-50.md
016-014-035,,016,014,"Switch - Pressure, Axle Lift",VMRS_HB_COMPLETE_v20 page 7_pages_26-50.md
,174-011,174,011,,VMRS_HB_COMPLETE_v20 page 7_pages_26-50.md
048-001-051,,048,001,"Switch - Pressure, Brake, Hybrid",VMRS_HB_COMPLETE_v20 page 7_pages_26-50.md
045-008-088,,045,008,"Switch - Pressure, Mechanical Variable Timing",VMRS_HB_COMPLETE_v20 page 7_pages_26-50.md
055-025-012,,055,025,,VMRS_HB_COMPLETE_v20 page 7_pages_26-50.md
001-001-363,,001,001,"Switch - Pressure, Oil Pump",VMRS_HB_COMPLETE_v20 page 7_pages_26-50.md
013-003-065,,013,003,,VMRS_HB_COMPLETE_v20 page 7_pages_26-50.md
174-011-075,,174,011,"Switch - Pressure, Outward Opening Entrance",VMRS_HB_COMPLETE_v20 page 7_pages_26-50.md
001-001-290,,001,001,,VMRS_HB_COMPLETE_v20 page 7_pages_26-50.md
065-020-028,,065,020,,VMRS_HB_COMPLETE_v20 page 7_pages_26-50.md
013-003-086,,013,003,"Switch - Pressure, Parking Brake",VMRS_HB_COMPLETE_v20 page 7_pages_26-50.md
043-005-030,,043,005,,VMRS_HB_COMPLETE_v20 page 7_pages_26-50.md
015-005-121,,015,005,"Switch - Pressure, Power Steering",VMRS_HB_COMPLETE_v20 page 7_pages_26-50.md
013-005-031,,013,005,,VMRS_HB_COMPLETE_v20 page 7_pages_26-50.md
056-001-103,,056,001,"Switch - Pressure, PTO",VMRS_HB_COMPLETE_v20 page 7_pages_26-50.md
082-005-008,,082,005,,VMRS_HB_COMPLETE_v20 page 7_pages_26-50.md
027-003-020,,027,003,"Switch - Pressure, Retarder Control",VMRS_HB_COMPLETE_v20 page 7_pages_26-50.md
082-019-017,,082,019,,VMRS_HB_COMPLETE_v20 page 7_pages_26-50.md
017-009-074,,017,009,"Switch - Pressure, Tire Pressure Control System",VMRS_HB_COMPLETE_v20 page 7_pages_26-50.md
027-024-060,,027,024,,VMRS_HB_COMPLETE_v20 page 7_pages_26-50.md
025-001-127,,025,001,"Switch - Pressure, Transfer Case",VMRS_HB_COMPLETE_v20 page 7_pages_26-50.md
052-013-016,,052,013,,VMRS_HB_COMPLETE_v20 page 7_pages_26-50.md
001-055-022,,001,055,,VMRS_HB_COMPLETE_v20 page 7_pages_26-50.md
016-022-008,,016,022,,VMRS_HB_COMPLETE_v20 page 7_pages_26-50.md
055-023-034,,055,023,"Switch - Pressure, Wheelchair Lift",VMRS_HB_COMPLETE_v20 page 7_pages_26-50.md
002-008-150,,002,008,,VMRS_HB_COMPLETE_v20 page 7_pages_26-50.md
034-006-030,,034,006,Switch - Proximity,VMRS_HB_COMPLETE_v20 page 7_pages_26-50.md
024-024-278,,024,024,,VMRS_HB_COMPLETE_v20 page 7_pages_26-50.md
172-010-006,,172,010,"Switch - Proximity, Container Body",VMRS_HB_COMPLETE_v20 page 7_pages_26-50.md
068-003-033,,068,003,,VMRS_HB_COMPLETE_v20 page 7_pages_26-50.md
044-003-224,,044,003,"Switch - Pump, Reprime",VMRS_HB_COMPLETE_v20 page 7_pages_26-50.md
002-010-055,,002,010,,VMRS_HB_COMPLETE_v20 page 7_pages_26-50.md
046-002-013,,046,002,"Switch - Push Button, Controls",VMRS_HB_COMPLETE_v20 page 7_pages_26-50.md
002-008-059,,002,008,,VMRS_HB_COMPLETE_v20 page 7_pages_26-50.md
034-004-362,,034,004,"Switch - Push Button, Universal",VMRS_HB_COMPLETE_v20 page 7_pages_26-50.md
034-003-165,,034,003,,VMRS_HB_COMPLETE_v20 page 7_pages_26-50.md
034-004-110,,034,004,"Switch - Push-Pull, Universal",VMRS_HB_COMPLETE_v20 page 7_pages_26-50.md
028-010-071,,028,010,,VMRS_HB_COMPLETE_v20 page 7_pages_26-50.md
151-001-050,,151,001,"Switch - Radiator Fan, APU",VMRS_HB_COMPLETE_v20 page 7_pages_26-50.md
026-011-015,,026,011,,VMRS_HB_COMPLETE_v20 page 7_pages_26-50.md
001-001-455,,001,001,"Switch - Recirculating, HVAC",VMRS_HB_COMPLETE_v20 page 7_pages_26-50.md
001-001-475,,001,001,,VMRS_HB_COMPLETE_v20 page 7_pages_26-50.md
036-008-045,,036,008,"Switch - Recorder, Surveillance System",VMRS_HB_COMPLETE_v20 page 7_pages_26-50.md
027-033-010,,027,033,,VMRS_HB_COMPLETE_v20 page 7_pages_26-50.md
027-038-029,,027,038,,VMRS_HB_COMPLETE_v20 page 7_pages_26-50.md
002-035-010,,002,035,Switch - Relay Control,VMRS_HB_COMPLETE_v20 page 7_pages_26-50.md
082-041-020,,082,041,,VMRS_HB_COMPLETE_v20 page 7_pages_26-50.md
013-008-050,,013,008,"Switch - Relay, Booster",VMRS_HB_COMPLETE_v20 page 7_pages_26-50.md
003-001-024,,003,001,,VMRS_HB_COMPLETE_v20 page 7_pages_26-50.md
034-004-033,,034,004,"Switch - Relay, Instrument Panel",VMRS_HB_COMPLETE_v20 page 7_pages_26-50.md
081-001-006,,081,001,,VMRS_HB_COMPLETE_v20 page 7_pages_26-50.md
002-062-030,,002,062,"Switch - Release, Deck Lid",VMRS_HB_COMPLETE_v20 page 7_pages_26-50.md
151-005-002,,151,005,,VMRS_HB_COMPLETE_v20 page 7_pages_26-50.md
002-015-172,,002,015,"Switch - Release, Fuel Door",VMRS_HB_COMPLETE_v20 page 7_pages_26-50.md
034-004-431,,034,004,,VMRS_HB_COMPLETE_v20 page 7_pages_26-50.md
002-061-025,,002,061,"Switch - Release, Glass, Liftgate",VMRS_HB_COMPLETE_v20 page 7_pages_26-50.md
081-001-021,,081,001,,VMRS_HB_COMPLETE_v20 page 7_pages_26-50.md
002-061-055,,002,061,"Switch - Release, Liftgate",VMRS_HB_COMPLETE_v20 page 7_pages_26-50.md
016-022-023,,016,022,,VMRS_HB_COMPLETE_v20 page 7_pages_26-50.md
002-016-042,,002,016,"Switch - Release, Tailgate",VMRS_HB_COMPLETE_v20 page 7_pages_26-50.md
151-005-011,,151,005,,VMRS_HB_COMPLETE_v20 page 7_pages_26-50.md
058-006-011,,058,006,Switch - Remote,VMRS_HB_COMPLETE_v20 page 7_pages_26-50.md
044-011-007,,044,011,,VMRS_HB_COMPLETE_v20 page 7_pages_26-50.md
033-001-024,,033,001,Switch - Remote Start,VMRS_HB_COMPLETE_v20 page 7_pages_26-50.md
017-009-070,,017,009,,VMRS_HB_COMPLETE_v20 page 7_pages_26-50.md
151-005-025,,151,005,Switch - Reset Assembly,VMRS_HB_COMPLETE_v20 page 7_pages_26-50.md
082-012-002,,082,012,,VMRS_HB_COMPLETE_v20 page 7_pages_26-50.md
042-011-005,,042,011,,VMRS_HB_COMPLETE_v20 page 7_pages_26-50.md
027-003-019,,027,003,Switch - Retarder Control Lever,VMRS_HB_COMPLETE_v20 page 7_pages_26-50.md
034-004-409,,034,004,,VMRS_HB_COMPLETE_v20 page 7_pages_26-50.md
045-015-003,,045,015,"Switch - Retarder, Flywheel Type",VMRS_HB_COMPLETE_v20 page 7_pages_26-50.md
174-024-134,,174,024,,VMRS_HB_COMPLETE_v20 page 7_pages_26-50.md
034-003-122,,034,003,"Switch - Retractable Stop Arm, Side Mount",VMRS_HB_COMPLETE_v20 page 7_pages_26-50.md
078-017-029,,078,017,,VMRS_HB_COMPLETE_v20 page 7_pages_26-50.md
026-010-064,,026,010,Switch - Reverse Lamp,VMRS_HB_COMPLETE_v20 page 7_pages_26-50.md
174-024-049,,174,024,,VMRS_HB_COMPLETE_v20 page 7_pages_26-50.md
026-015-023,,026,015,"Switch - Reverse, Ball Type, Automated",VMRS_HB_COMPLETE_v20 page 7_pages_26-50.md
040-002-015,,040,002,,VMRS_HB_COMPLETE_v20 page 7_pages_26-50.md
040-000-015,,040,000,Iransmission,VMRS_HB_COMPLETE_v20 page 7_pages_26-50.md
003-004-004,,003,004,,VMRS_HB_COMPLETE_v20 page 7_pages_26-50.md
046-002-015,,046,002,"Switch - Reverse, Electro-Mechanical Controls",VMRS_HB_COMPLETE_v20 page 7_pages_26-50.md
003-001-026,,003,001,,VMRS_HB_COMPLETE_v20 page 7_pages_26-50.md
034-004-074,,034,004,Switch - Rocker,VMRS_HB_COMPLETE_v20 page 7_pages_26-50.md
036-008-041,,036,008,,VMRS_HB_COMPLETE_v20 page 7_pages_26-50.md
044-003-199,,044,003,,VMRS_HB_COMPLETE_v20 page 7_pages_26-50.md
151-005-003,,151,005,"Switch - Rocker, APUSwitch - Decker, Bunk Heater, Sleener",VMRS_HB_COMPLETE_v20 page 7_pages_26-50.md
027-033-077,,027,033,,VMRS_HB_COMPLETE_v20 page 7_pages_26-50.md
001-004-105,,001,004,"Switch - Rocker, Bunk Heater, Sleeper",VMRS_HB_COMPLETE_v20 page 7_pages_26-50.md
365-005-010,,365,005,,VMRS_HB_COMPLETE_v20 page 7_pages_26-50.md
001-002-152,,001,002,"Switch - Rocker, Electrical",VMRS_HB_COMPLETE_v20 page 7_pages_26-50.md
002-035-174,,002,035,,VMRS_HB_COMPLETE_v20 page 7_pages_26-50.md
010-011-154,,010,011,"Switch - Rocker, Storage Cooler, Sell-Powered",VMRS_HB_COMPLETE_v20 page 7_pages_26-50.md
013-011-134,,013,011,"Switch - Rocker, Haction Control",VMRS_HB_COMPLETE_v20 page 7_pages_26-50.md
013-005-042,,013,005,,VMRS_HB_COMPLETE_v20 page 7_pages_26-50.md
032-002-032,,032,002,Switch - Rollover Auxiliany Heater Sleeper,VMRS_HB_COMPLETE_v20 page 7_pages_26-50.md
002-006-052,,002,006,,VMRS_HB_COMPLETE_v20 page 7_pages_26-50.md
001-004-094,,001,004,"Switch - Rollover, Ruxillary Fleater, Sleeper",VMRS_HB_COMPLETE_v20 page 7_pages_26-50.md
013-005-022,,013,005,,VMRS_HB_COMPLETE_v20 page 7_pages_26-50.md
002-000-002,,002,000,Switch - Roof Operator Protection,VMRS_HB_COMPLETE_v20 page 7_pages_26-50.md
001-001-362,,001,001,,VMRS_HB_COMPLETE_v20 page 7_pages_26-50.md
065-041-007,,065,041,Switch - Rotary,VMRS_HB_COMPLETE_v20 page 7_pages_26-50.md
056-001-122,,056,001,0/5-01/-012,VMRS_HB_COMPLETE_v20 page 7_pages_26-50.md
001-020-030,,001,020,Switch - Rotary Mode Control,VMRS_HB_COMPLETE_v20 page 7_pages_26-50.md
050-001-122,,050,001,,VMRS_HB_COMPLETE_v20 page 7_pages_26-50.md
052-003-057,,052,003,,VMRS_HB_COMPLETE_v20 page 7_pages_26-50.md
170-002-002,,170,002,Switch - Safety,VMRS_HB_COMPLETE_v20 page 7_pages_26-50.md
065-013-020,,065,013,,VMRS_HB_COMPLETE_v20 page 7_pages_26-50.md
044-003-270,,044,003,"Switch - Safety Cut-Off, Fuel Pump",VMRS_HB_COMPLETE_v20 page 7_pages_26-50.md
015-011-001,,015,011,"Switch - Safety, Dash Panel",VMRS_HB_COMPLETE_v20 page 7_pages_26-50.md
015-011-002,,015,011,"Switch - Safety, Column",VMRS_HB_COMPLETE_v20 page 7_pages_26-50.md
001-004-010,,001,004,"Switch - Toggle, Heater, Sleeper",VMRS_HB_COMPLETE_v20 page 7_pages_26-50.md
053-002-005,,053,002,Switch - Sander,VMRS_HB_COMPLETE_v20 page 7_pages_26-50.md
365-005-002,,365,005,"Switch - Toggle, Paint Heater",VMRS_HB_COMPLETE_v20 page 7_pages_26-50.md
174-025-017,,174,025,Switch - School Bus Crossing Gate,VMRS_HB_COMPLETE_v20 page 7_pages_26-50.md
055-010-216,,055,010,"Switch - Toggle, Power Unit, Liftgate",VMRS_HB_COMPLETE_v20 page 7_pages_26-50.md
174-017-009,,174,017,Switch - School Bus Stop Arm Assembly,VMRS_HB_COMPLETE_v20 page 7_pages_26-50.md
042-010-028,,042,010,"Switch - Toggle, Pre-Heater, Coolant",VMRS_HB_COMPLETE_v20 page 7_pages_26-50.md
002-027-258,,002,027,Switch - Seat Climate Central,VMRS_HB_COMPLETE_v20 page 7_pages_26-50.md
153-005-013,,153,005,"Switch - loggle, Stationary Generator",VMRS_HB_COMPLETE_v20 page 7_pages_26-50.md
002-037-012,,002,037,Switch Selector Cylinder Engine Poterder,VMRS_HB_COMPLETE_v20 page 7_pages_26-50.md
163-001-003,,163,001,Switch Tongue Ext Breakaway Brush Chipper,VMRS_HB_COMPLETE_v20 page 7_pages_26-50.md
045-016-004,,045,016,Switch - Selector Eyel Tank,VMRS_HB_COMPLETE_v20 page 7_pages_26-50.md
013-011-160,,013,011,Switch - Traction Control,VMRS_HB_COMPLETE_v20 page 7_pages_26-50.md
016-008-043,,016,008,Switch - Sensing Kneel,VMRS_HB_COMPLETE_v20 page 7_pages_26-50.md
052-011-023,,052,011,Switch - Transfer Generator,VMRS_HB_COMPLETE_v20 page 7_pages_26-50.md
032-001-009,,032,001,Switch - Series Parallel,VMRS_HB_COMPLETE_v20 page 7_pages_26-50.md
027-033-011,,027,033,Switch - Transmission Disengage,VMRS_HB_COMPLETE_v20 page 7_pages_26-50.md
046-003-007,,046,003,"Switch - Service, Battery Pack",VMRS_HB_COMPLETE_v20 page 7_pages_26-50.md
168-006-021,,168,006,"Switch - Travel Lock, Boom, Mower",VMRS_HB_COMPLETE_v20 page 7_pages_26-50.md
015-011-003,,015,011,"Switch - Servo, Release",VMRS_HB_COMPLETE_v20 page 7_pages_26-50.md
168-005-003,,168,005,"Switch - Travel Lock, Mower",VMRS_HB_COMPLETE_v20 page 7_pages_26-50.md
002-008-149,,002,008,"Switch - Set, Driver Information Display",VMRS_HB_COMPLETE_v20 page 7_pages_26-50.md
001-001-231,,001,001,Switch - Trinary,VMRS_HB_COMPLETE_v20 page 7_pages_26-50.md
044-011-016,,044,011,"Switch - Set/Resume, Cruise Control System",VMRS_HB_COMPLETE_v20 page 7_pages_26-50.md
151-005-007,,151,005,"Switch - Trinary, APU",VMRS_HB_COMPLETE_v20 page 7_pages_26-50.md
001-001-220,,001,001,"Switch - Shutdown, Condenser Overheat",VMRS_HB_COMPLETE_v20 page 7_pages_26-50.md
034-003-016,,034,003,Switch - Turn Signal Operating,VMRS_HB_COMPLETE_v20 page 7_pages_26-50.md
003-004-003,,003,004,"Switch - Shutdown, High Temperature",VMRS_HB_COMPLETE_v20 page 7_pages_26-50.md
034-004-017,,034,004,Switch - Under Hood Lamp,VMRS_HB_COMPLETE_v20 page 7_pages_26-50.md
071-030-017,,071,030,Switch - Side Compartment Roll-Up Door,VMRS_HB_COMPLETE_v20 page 7_pages_26-50.md
174-024-029,,174,024,Switch - Underbody Storage Compartment Lamp,VMRS_HB_COMPLETE_v20 page 7_pages_26-50.md
003-001-008,,003,001,Switch - Signal Low Hydraulic Pressure,VMRS_HB_COMPLETE_v20 page 7_pages_26-50.md
043-001-168,,043,001,"Switch - Vacuum, Vapor Canister Purge",VMRS_HB_COMPLETE_v20 page 7_pages_26-50.md
053-004-062,,053,004,Switch - Siren,VMRS_HB_COMPLETE_v20 page 7_pages_26-50.md
174-024-007,,174,024,Switch - Vandal Lock,VMRS_HB_COMPLETE_v20 page 7_pages_26-50.md
054-001-039,,054,001,Switch - Siren,VMRS_HB_COMPLETE_v20 page 7_pages_26-50.md
003-001-023,,003,001,"Switch - Warning Indicator, Low Fuel",VMRS_HB_COMPLETE_v20 page 7_pages_26-50.md
046-002-028,,046,002,"Switch - Snap, Contactor",VMRS_HB_COMPLETE_v20 page 7_pages_26-50.md
034-006-040,,034,006,Switch - Warning Lamp,VMRS_HB_COMPLETE_v20 page 7_pages_26-50.md
043-005-007,,043,005,"Switch - Solenoid, Exhaust Brake",VMRS_HB_COMPLETE_v20 page 7_pages_26-50.md
013-006-057,,013,006,"Switch - Warning, Brake Booster",VMRS_HB_COMPLETE_v20 page 7_pages_26-50.md
052-011-002,,052,011,"Switch - Solenoid, Isolated Battery",VMRS_HB_COMPLETE_v20 page 7_pages_26-50.md
034-003-150,,034,003,"Switch - Warning, Turn Signal",VMRS_HB_COMPLETE_v20 page 7_pages_26-50.md
002-036-024,,002,036,"Switch - Solenoid, Pump",VMRS_HB_COMPLETE_v20 page 7_pages_26-50.md
044-002-104,,044,002,Switch - Water in Fuel,VMRS_HB_COMPLETE_v20 page 7_pages_26-50.md
027-024-120,,027,024,"Switch - Spark Control, Automatic Transmission",VMRS_HB_COMPLETE_v20 page 7_pages_26-50.md
081-001-005,,081,001,Switch - Water Temperature,VMRS_HB_COMPLETE_v20 page 7_pages_26-50.md
004-012-006,,004,012,Switch - Spoiler,VMRS_HB_COMPLETE_v20 page 7_pages_26-50.md
151-005-001,,151,005,"Switch - Water Temperature, APU",VMRS_HB_COMPLETE_v20 page 7_pages_26-50.md
034-001-017,,034,001,Switch - Spot Lamp,VMRS_HB_COMPLETE_v20 page 7_pages_26-50.md
055-023-030,,055,023,Switch - Wheelchair Lift,VMRS_HB_COMPLETE_v20 page 7_pages_26-50.md
151-005-010,,151,005,Switch Stand By,VMRS_HB_COMPLETE_v20 page 7_pages_26-50.md
174-014-020,,174,014,Switch - Wheelchair Lill DoorSwitch - Wheelchair Pamp Mechanism,VMRS_HB_COMPLETE_v20 page 7_pages_26-50.md
023-001-156,,023,001,Switch - Start Clutch Pedal,VMRS_HB_COMPLETE_v20 page 7_pages_26-50.md
045-021-084,,045,021,Switch - Wide Open Throttle,VMRS_HB_COMPLETE_v20 page 7_pages_26-50.md
044-012-007,,044,012,Switch - Starter Interlock CNG Receptacle,VMRS_HB_COMPLETE_v20 page 7_pages_26-50.md
001-001-409,,001,001,Switch - Wide Open Throttle Cutoff Air,VMRS_HB_COMPLETE_v20 page 7_pages_26-50.md
033-001-012,,033,001,Switch - Starter Interrupter,VMRS_HB_COMPLETE_v20 page 7_pages_26-50.md
081-001-017,,081,001,Switch - Starter Lockout,VMRS_HB_COMPLETE_v20 page 7_pages_26-50.md
002-018-217,,002,018,Switch - Window Lock,VMRS_HB_COMPLETE_v20 page 7_pages_26-50.md
032-002-014,,032,002,Switch - Starter Solenoid,VMRS_HB_COMPLETE_v20 page 7_pages_26-50.md
002-035-082,,002,035,Switch - Windshield Wiper Control,VMRS_HB_COMPLETE_v20 page 7_pages_26-50.md
015-001-008,,015,001,Switch - Steering Wheel Lock,VMRS_HB_COMPLETE_v20 page 7_pages_26-50.md
002-063-007,,002,063,"Switch - Wiper, Back Glass",VMRS_HB_COMPLETE_v20 page 7_pages_26-50.md
051-006-006,,051,006,Switch - Stop Arm,VMRS_HB_COMPLETE_v20 page 7_pages_26-50.md
034-004-384,,034,004,Switch - Work Lamp,VMRS_HB_COMPLETE_v20 page 7_pages_26-50.md
044-007-104,,044,007,Switch - Stop Control,VMRS_HB_COMPLETE_v20 page 7_pages_26-50.md
034-006-039,,034,006,Switch - Work Lamp,VMRS_HB_COMPLETE_v20 page 7_pages_26-50.md
034-002-008,,034,002,Switch - Stop Lamp,VMRS_HB_COMPLETE_v20 page 7_pages_26-50.md
364-005-003,,364,005,"Switch - loggle, Control Box",VMRS_HB_COMPLETE_v20 page 7_pages_26-50.md
174-038-001,,174,038,Switch Stop Request,VMRS_HB_COMPLETE_v20 page 7_pages_26-50.md
034-004-073,,034,004,Switch (Pocostat) Lamp,VMRS_HB_COMPLETE_v20 page 7_pages_26-50.md
082-015-007,,082,015,Switch - Stop/Start,VMRS_HB_COMPLETE_v20 page 7_pages_26-50.md
036-002-010,,036,002,Switch (Hieldstat) - LampSwitch /wl amps   ane Departure,VMRS_HB_COMPLETE_v20 page 7_pages_26-50.md
034-004-358,,034,004,Switch - Strobe Lamp,VMRS_HB_COMPLETE_v20 page 7_pages_26-50.md
044-011-066,,044,011,"Switch Assembly - Actuator, Cruise Control",VMRS_HB_COMPLETE_v20 page 7_pages_26-50.md
034-006-062,,034,006,Switch - Strobe Light,VMRS_HB_COMPLETE_v20 page 7_pages_26-50.md
065-029-003,,065,029,Switch Assembly - Limiting,VMRS_HB_COMPLETE_v20 page 7_pages_26-50.md
013-006-046,,013,006,"Switch - Stroke, Brake Booster",VMRS_HB_COMPLETE_v20 page 7_pages_26-50.md
002-035-024,,002,035,Switch Assembly - Windshield Washer,VMRS_HB_COMPLETE_v20 page 7_pages_26-50.md
002-006-135,,002,006,Switch - Sunroof,VMRS_HB_COMPLETE_v20 page 7_pages_26-50.md
174-027-013,,174,027,Switch Bus Entrance Step Heater Temperature,VMRS_HB_COMPLETE_v20 page 7_pages_26-50.md
002-011-146,,002,011,"Switch - Sunshade, Back Glass",VMRS_HB_COMPLETE_v20 page 7_pages_26-50.md
002-048-258,,002,048,"Switch - Sunshade, Door Glass",VMRS_HB_COMPLETE_v20 page 7_pages_26-50.md
014-005-065,,014,005,Switch Panel - Battery Compartment,VMRS_HB_COMPLETE_v20 page 7_pages_26-50.md
082-006-026,,082,006,Switch - Temperature,VMRS_HB_COMPLETE_v20 page 7_pages_26-50.md
079-002-004,,079,002,Switch w/ Lamps,VMRS_HB_COMPLETE_v20 page 7_pages_26-50.md
151-005-005,,151,005,"Switch - Temperature Control, APU",VMRS_HB_COMPLETE_v20 page 7_pages_26-50.md
174-024-004,,174,024,"Switch, Alarm - Emergency Door Or Window Ajar",VMRS_HB_COMPLETE_v20 page 7_pages_26-50.md
041-005-018,,041,005,"Switch - Temperature, Ether Injector",VMRS_HB_COMPLETE_v20 page 7_pages_26-50.md
054-002-003,,054,002,"Switch, Anale - Snow Plow",VMRS_HB_COMPLETE_v20 page 7_pages_26-50.md
034-004-442,,034,004,"Switch - Temperature, Evaporator",VMRS_HB_COMPLETE_v20 page 7_pages_26-50.md
034-001-096,,034,001,"Switch, Flasher - Headlamp",VMRS_HB_COMPLETE_v20 page 7_pages_26-50.md
042-003-097,,042,003,Switch - Thermal,VMRS_HB_COMPLETE_v20 page 7_pages_26-50.md
052-008-045,,052,008,"Switch, On/Off, Refrigerator",VMRS_HB_COMPLETE_v20 page 7_pages_26-50.md
001-001-477,,001,001,Switch - Thermal Limiter,VMRS_HB_COMPLETE_v20 page 7_pages_26-50.md
174-010-021,,174,010,"Switch, Operating - Folding Entrance Door",VMRS_HB_COMPLETE_v20 page 7_pages_26-50.md
045-021-099,,045,021,Switch - Thermal Override,VMRS_HB_COMPLETE_v20 page 7_pages_26-50.md
174-011-021,,174,011,"Switch, Operating - Outward Opening Entrance",VMRS_HB_COMPLETE_v20 page 7_pages_26-50.md
045-021-100,,045,021,Switch - Thermostat Vacuum Control,VMRS_HB_COMPLETE_v20 page 7_pages_26-50.md
044-002-058,,044,002,"Switch - Thermostat, Fuel Filter",VMRS_HB_COMPLETE_v20 page 7_pages_26-50.md
051-013-008,,051,013,"Switch, Pressure - On Board Air Pump",VMRS_HB_COMPLETE_v20 page 7_pages_26-50.md
082-005-002,,082,005,"Switch - Thermostat, Mechanical Refrigeration",VMRS_HB_COMPLETE_v20 page 7_pages_26-50.md
032-001-035,,032,001,"Switch, Relay - Battery Isolator",VMRS_HB_COMPLETE_v20 page 7_pages_26-50.md
041-001-015,,041,001,Unit,VMRS_HB_COMPLETE_v20 page 7_pages_26-50.md
055-010-198,,055,010,"Switch, Reset - Deicer Boom (GSE)",VMRS_HB_COMPLETE_v20 page 7_pages_26-50.md
002-027-195,,002,027,"Switch, Salety Shut-Oil - Seal",VMRS_HB_COMPLETE_v20 page 7_pages_26-50.md
002-004-167,,002,004,Switch - Tilt Hood,VMRS_HB_COMPLETE_v20 page 7_pages_26-50.md
066-001-012,,066,001,Switch Single Lever Type - Snow Plow,VMRS_HB_COMPLETE_v20 page 7_pages_26-50.md
001-001-182,,001,001,Switch - Time Delay A/C Compressor,VMRS_HB_COMPLETE_v20 page 7_pages_26-50.md
043-005-046,,043,005,"Switch - Time Delay, Exhaust Brake",VMRS_HB_COMPLETE_v20 page 7_pages_26-50.md
168-005-001,,168,005,Switchbox - Mower,VMRS_HB_COMPLETE_v20 page 7_pages_26-50.md
367-009-015,,367,009,"Switch - Timer, Water System",VMRS_HB_COMPLETE_v20 page 7_pages_26-50.md
079-004-001,,079,004,Switches - All Body,VMRS_HB_COMPLETE_v20 page 7_pages_26-50.md
001-005-004,,001,005,Switch - Toggle,VMRS_HB_COMPLETE_v20 page 7_pages_26-50.md
013-011-078,,013,011,"Switches - Relay, Electrical",VMRS_HB_COMPLETE_v20 page 7_pages_26-50.md
034-004-081,,034,004,Switch - Toggle,VMRS_HB_COMPLETE_v20 page 7_pages_26-50.md
071-033-022,,071,033,Switching Valve - Walking Floor,VMRS_HB_COMPLETE_v20 page 7_pages_26-50.md
034-004-416,,034,004,"Switch - Toggle, Cab",VMRS_HB_COMPLETE_v20 page 7_pages_26-50.md
013-010-235,,013,010,Swivel - Air Line Coupling,VMRS_HB_COMPLETE_v20 page 7_pages_26-50.md
043-005-008,,043,005,"Switch - Toggle, Dash, Exhaust Brake",VMRS_HB_COMPLETE_v20 page 7_pages_26-50.md
168-006-005,,168,006,"Swivel - Boom, Mower",VMRS_HB_COMPLETE_v20 page 7_pages_26-50.md
044-015-007,,044,015,"Switch - Toggle, Electrical Fuel Heater",VMRS_HB_COMPLETE_v20 page 7_pages_26-50.md
002-040-018,,002,040,Swivel - Deployable Step,VMRS_HB_COMPLETE_v20 page 7_pages_26-50.md
043-003-050,,043,003,Swivel - Exhaust,VMRS_HB_COMPLETE_v20 page 7_pages_26-50.md
044-004-035,,044,004,Tag Or Plate - Identification,VMRS_HB_COMPLETE_v20 page 7_pages_26-50.md
291-002-005,,291,002,Swivel - PS4 Peristaltic Sampler,VMRS_HB_COMPLETE_v20 page 7_pages_26-50.md
013-014-000,,013,014,Tag/Pusher Axle Brakes,VMRS_HB_COMPLETE_v20 page 7_pages_26-50.md
001-002-192,,001,002,"Swivel - Saddle, Heater Hose",VMRS_HB_COMPLETE_v20 page 7_pages_26-50.md
172-001-016,,172,001,Tailgate - Container Body,VMRS_HB_COMPLETE_v20 page 7_pages_26-50.md
066-001-014,,066,001,Swivel - Snow Plow,VMRS_HB_COMPLETE_v20 page 7_pages_26-50.md
002-016-000,,002,016,Tailgate - Bear,VMRS_HB_COMPLETE_v20 page 7_pages_26-50.md
068-001-031,,068,001,Swivel Assembly,VMRS_HB_COMPLETE_v20 page 7_pages_26-50.md
002-016-007,,002,016,Tailgate Assembly,VMRS_HB_COMPLETE_v20 page 7_pages_26-50.md
002-027-171,,002,027,Swivel Assembly,VMRS_HB_COMPLETE_v20 page 7_pages_26-50.md
173-001-007,,173,001,Tailgate Assembly Dump Body,VMRS_HB_COMPLETE_v20 page 7_pages_26-50.md
072-006-001,,072,006,Tampar Saal Door,VMRS_HB_COMPLETE_v20 page 7_pages_26-50.md
094-000-010,,094,000,Swivel Joint - Reel,VMRS_HB_COMPLETE_v20 page 7_pages_26-50.md
072-000-001,,072,000,Tandem Feiring Center,VMRS_HB_COMPLETE_v20 page 7_pages_26-50.md
291-005-005,,291,005,"Swiver Joint, Hose Reel",VMRS_HB_COMPLETE_v20 page 7_pages_26-50.md
004-014-001,,004,014,Tandem Fairing - Center,VMRS_HB_COMPLETE_v20 page 7_pages_26-50.md
020-000-103,,020,000,Synchronizer - Tst & 2nd,VMRS_HB_COMPLETE_v20 page 7_pages_26-50.md
004-014-006,,004,014,Tandem Fairing - Rear,VMRS_HB_COMPLETE_v20 page 7_pages_26-50.md
026-006-106,,026,006,Synchronizer - 1st & Reverse,VMRS_HB_COMPLETE_v20 page 7_pages_26-50.md
082-008-004,,082,008,Tank - Accumulator,VMRS_HB_COMPLETE_v20 page 7_pages_26-50.md
026-006-101,,026,006,Synchronizer - 3rd & 4th,VMRS_HB_COMPLETE_v20 page 7_pages_26-50.md
013-010-004,,013,010,Iank - Air,VMRS_HB_COMPLETE_v20 page 7_pages_26-50.md
026-006-102,,026,006,Synchronizer - 5th & 6th,VMRS_HB_COMPLETE_v20 page 7_pages_26-50.md
053-001-070,,053,001,Iank - Automatic Traction Device,VMRS_HB_COMPLETE_v20 page 7_pages_26-50.md
026-006-086,,026,006,Synchronizer - Auxiliary Direct Assembly,VMRS_HB_COMPLETE_v20 page 7_pages_26-50.md
041-004-026,,041,004,Tank - Charge Air Cooler,VMRS_HB_COMPLETE_v20 page 7_pages_26-50.md
026-006-085,,026,006,Synchronizer - Auxiliary Low Speed Assembly,VMRS_HB_COMPLETE_v20 page 7_pages_26-50.md
055-021-004,,055,021,Tank - Control System,VMRS_HB_COMPLETE_v20 page 7_pages_26-50.md
026-007-006,,026,007,Synchronizer - Hi-Range Countershaft,VMRS_HB_COMPLETE_v20 page 7_pages_26-50.md
082-033-001,,082,033,"Tank - Coolant Overflow, Reefer",VMRS_HB_COMPLETE_v20 page 7_pages_26-50.md
029-004-002,,029,004,Synchronizer - High Range,VMRS_HB_COMPLETE_v20 page 7_pages_26-50.md
001-003-150,,001,003,"Tank - Coolant Recovery, Auxiliary Heater",VMRS_HB_COMPLETE_v20 page 7_pages_26-50.md
029-004-001,,029,004,Synchronizer - Low Range,VMRS_HB_COMPLETE_v20 page 7_pages_26-50.md
043-007-001,,043,007,Tank - Diesel Exhaust Fluid,VMRS_HB_COMPLETE_v20 page 7_pages_26-50.md
045-021-104,,045,021,Synchronizer - Powertrain Control,VMRS_HB_COMPLETE_v20 page 7_pages_26-50.md
082-033-005,,082,033,"Tank - Expansion, Reefer",VMRS_HB_COMPLETE_v20 page 7_pages_26-50.md
026-006-084,,026,006,Synchronizer - Range Assembly,VMRS_HB_COMPLETE_v20 page 7_pages_26-50.md
168-001-058,,168,001,"Tank - Fire Suppression, Mower",VMRS_HB_COMPLETE_v20 page 7_pages_26-50.md
025-001-234,,025,001,Synchronizer - Transfer Case,VMRS_HB_COMPLETE_v20 page 7_pages_26-50.md
044-001-001,,044,001,Tank - Fuel,VMRS_HB_COMPLETE_v20 page 7_pages_26-50.md
026-006-000,,026,006,Synchronizer & Gears - Main Shaft,VMRS_HB_COMPLETE_v20 page 7_pages_26-50.md
044-012-000,,044,012,"Tank - Fuel, Gaseous",VMRS_HB_COMPLETE_v20 page 7_pages_26-50.md
026-006-013,,026,006,Synchronizer Assembly - Main Shaft Half,VMRS_HB_COMPLETE_v20 page 7_pages_26-50.md
044-001-000,,044,001,"Tank - Fuel, Liquid",VMRS_HB_COMPLETE_v20 page 7_pages_26-50.md
026-006-010,,026,006,Synchronizer Assembly - 2nd & 3rd Or 2nd,VMRS_HB_COMPLETE_v20 page 7_pages_26-50.md
082-039-005,,082,039,"Tank - Fuel, Reefer",VMRS_HB_COMPLETE_v20 page 7_pages_26-50.md
197-002-003,,197,002,Tank - Hydraulic,VMRS_HB_COMPLETE_v20 page 7_pages_26-50.md
026-006-012,,026,006,Synchronizer Assembly - 3rd & Direct,VMRS_HB_COMPLETE_v20 page 7_pages_26-50.md
367-003-050,,367,003,Tank - Hydraulic System,VMRS_HB_COMPLETE_v20 page 7_pages_26-50.md
026-006-043,,026,006,Synchronizer Assembly - 4th Or 5th Speed,VMRS_HB_COMPLETE_v20 page 7_pages_26-50.md
065-003-022,,065,003,Tank - Hydraulic System Cooler,VMRS_HB_COMPLETE_v20 page 7_pages_26-50.md
026-005-006,,026,005,Synchronizer Assembly - Splitter,VMRS_HB_COMPLETE_v20 page 7_pages_26-50.md
065-017-024,,065,017,Tank - Hydraulic System Reservoir,VMRS_HB_COMPLETE_v20 page 7_pages_26-50.md
029-004-000,,029,004,Synchronizer Auxiliary Section,VMRS_HB_COMPLETE_v20 page 7_pages_26-50.md
068-003-003,,068,003,Tank - Hydraulic Lifting & Unloading,VMRS_HB_COMPLETE_v20 page 7_pages_26-50.md
029-004-005,,029,004,Synchronizer Pin - High Bange,VMRS_HB_COMPLETE_v20 page 7_pages_26-50.md
042-002-010,,042,002,Tank - Lower,VMRS_HB_COMPLETE_v20 page 7_pages_26-50.md
029-004-006,,029,004,Synchronizer Pin - Low Bange,VMRS_HB_COMPLETE_v20 page 7_pages_26-50.md
045-017-005,,045,017,Tank - Oil,VMRS_HB_COMPLETE_v20 page 7_pages_26-50.md
026-006-115,,026,006,Synchronizer Set - Manual Transmission,VMRS_HB_COMPLETE_v20 page 7_pages_26-50.md
015-005-028,,015,005,Tank - Oil Pump,VMRS_HB_COMPLETE_v20 page 7_pages_26-50.md
026-006-094,,026,006,Synchronizing Assembly - 6th Speed,VMRS_HB_COMPLETE_v20 page 7_pages_26-50.md
364-009-009,,364,009,Tank - Overflow,VMRS_HB_COMPLETE_v20 page 7_pages_26-50.md
026-006-034,,026,006,Synchronizing Hub - 2nd & 3rd Speed,VMRS_HB_COMPLETE_v20 page 7_pages_26-50.md
013-010-405,,013,010,Tank - Purge Air Drier,VMRS_HB_COMPLETE_v20 page 7_pages_26-50.md
013-010-011,,013,010,Synchronizing Valvo Air Or Hydraulio,VMRS_HB_COMPLETE_v20 page 7_pages_26-50.md
013-010-495,,013,010,Tank Padiator Loft,VMRS_HB_COMPLETE_v20 page 7_pages_26-50.md
042-002-070,,042,002,Tank - Radiator Dight,VMRS_HB_COMPLETE_v20 page 7_pages_26-50.md
042-002-077,,042,002,"Tank - Naulaton, Night",VMRS_HB_COMPLETE_v20 page 7_pages_26-50.md
051-000-015,,051,000,"System, Advisory - Passenger",VMRS_HB_COMPLETE_v20 page 7_pages_26-50.md
084-002-000,,084,002,Tank - Receiver Assembly,VMRS_HB_COMPLETE_v20 page 7_pages_26-50.md
051-000-014,,051,000,"System, Detection - Gas",VMRS_HB_COMPLETE_v20 page 7_pages_26-50.md
084-003-003,,084,003,"Tank - Receiver, Holdover Plate Reingeration",VMRS_HB_COMPLETE_v20 page 7_pages_26-50.md
077-012-013,,077,012,T Rail - Sea-Land Chassis,VMRS_HB_COMPLETE_v20 page 7_pages_26-50.md
000-010-000,,000,010,System,VMRS_HB_COMPLETE_v20 page 7_pages_26-50.md
053-007-037,,053,007,T Screw,VMRS_HB_COMPLETE_v20 page 7_pages_26-50.md
082-018-000,,082,018,"Tank - Receiver, Mechanical Retrigeration Unit",VMRS_HB_COMPLETE_v20 page 7_pages_26-50.md
055-006-010,,055,006,I-Bar,VMRS_HB_COMPLETE_v20 page 7_pages_26-50.md
061-012-004,,061,012,"Tank - Recovery, wash Solution",VMRS_HB_COMPLETE_v20 page 7_pages_26-50.md
016-009-032,,016,009,"Tab - Height Control Valve, Axle Mounted",VMRS_HB_COMPLETE_v20 page 7_pages_26-50.md
055-010-002,,055,010,Tank - Reservoir,VMRS_HB_COMPLETE_v20 page 7_pages_26-50.md
072-003-045,,072,003,"Tab - Corner, Hinged Door, Rear",VMRS_HB_COMPLETE_v20 page 7_pages_26-50.md
044-001-103,,044,001,"Tank - Split, Fuel/Hydraulic",VMRS_HB_COMPLETE_v20 page 7_pages_26-50.md
002-050-421,,002,050,lab - Door Stop,VMRS_HB_COMPLETE_v20 page 7_pages_26-50.md
162-003-001,,162,003,"Tank - Spreader, Hydraulic System",VMRS_HB_COMPLETE_v20 page 7_pages_26-50.md
016-005-086,,016,005,"Tab Lock - Bolt, Equalizer Bushing",VMRS_HB_COMPLETE_v20 page 7_pages_26-50.md
172-001-040,,172,001,"Tank - Sump, Waste Water, Container Body",VMRS_HB_COMPLETE_v20 page 7_pages_26-50.md
002-048-161,,002,048,Table,VMRS_HB_COMPLETE_v20 page 7_pages_26-50.md
032-003-003,,032,003,"Tank - Supply, Engine Air Heater",VMRS_HB_COMPLETE_v20 page 7_pages_26-50.md
053-014-015,,053,014,"Table - Work Station, Aqueous Parts Washer",VMRS_HB_COMPLETE_v20 page 7_pages_26-50.md
042-002-009,,042,002,Tank - Surge,VMRS_HB_COMPLETE_v20 page 7_pages_26-50.md
002-050-507,,002,050,Table Assembly - Sleeper,VMRS_HB_COMPLETE_v20 page 7_pages_26-50.md
151-001-011,,151,001,"Tank - Surge, APU",VMRS_HB_COMPLETE_v20 page 7_pages_26-50.md
051-004-000,,051,004,Tachograph,VMRS_HB_COMPLETE_v20 page 7_pages_26-50.md
365-013-002,,365,013,Tank - Tire Spray System,VMRS_HB_COMPLETE_v20 page 7_pages_26-50.md
051-004-001,,051,004,Tachograph Assembly,VMRS_HB_COMPLETE_v20 page 7_pages_26-50.md
042-002-008,,042,002,Tank - Upper,VMRS_HB_COMPLETE_v20 page 7_pages_26-50.md
051-004-010,,051,004,Tachograph Kit - Odometer & Shaft Assembly,VMRS_HB_COMPLETE_v20 page 7_pages_26-50.md
001-002-043,,001,002,Tank - Vacuum,VMRS_HB_COMPLETE_v20 page 7_pages_26-50.md
051-001-000,,051,001,Tachometer,VMRS_HB_COMPLETE_v20 page 7_pages_26-50.md
152-001-005,,152,001,"Tank - Waste, Toilet",VMRS_HB_COMPLETE_v20 page 7_pages_26-50.md
051-001-016,,051,001,Tachometer Assembly - Electrical,VMRS_HB_COMPLETE_v20 page 7_pages_26-50.md
367-009-016,,367,009,Tank - Water System,VMRS_HB_COMPLETE_v20 page 7_pages_26-50.md
051-001-001,,051,001,Tachometer Assembly - Mechanical,VMRS_HB_COMPLETE_v20 page 7_pages_26-50.md
152-001-004,,152,001,"Tank - Water, Toilet",VMRS_HB_COMPLETE_v20 page 7_pages_26-50.md
058-009-009,,058,009,Tag - Caution,VMRS_HB_COMPLETE_v20 page 7_pages_26-50.md
168-001-068,,168,001,"Tank - Wetcut, Mower",VMRS_HB_COMPLETE_v20 page 7_pages_26-50.md
002-044-015,,002,044,"Tag - Data Storage, Cab",VMRS_HB_COMPLETE_v20 page 7_pages_26-50.md
032-004-005,,032,004,Tank (Receiver) - Air,VMRS_HB_COMPLETE_v20 page 7_pages_26-50.md
017-001-039,,017,001,"Tag - Data Storage, Converter Dolly",VMRS_HB_COMPLETE_v20 page 7_pages_26-50.md
042-008-004,,042,008,Tank (Reservoir) - Coolant,VMRS_HB_COMPLETE_v20 page 7_pages_26-50.md
018-003-055,,018,003,"Tag - Data Storage, Converter Dolly",VMRS_HB_COMPLETE_v20 page 7_pages_26-50.md
055-004-001,,055,004,Tank Assembly - Dump Trailer Lift Mechanism,VMRS_HB_COMPLETE_v20 page 7_pages_26-50.md
059-043-002,,059,043,"Tag - Data Storage, Converter Dolly",VMRS_HB_COMPLETE_v20 page 7_pages_26-50.md
044-012-005,,044,012,Tank Assembly - Fuel Gaseous,VMRS_HB_COMPLETE_v20 page 7_pages_26-50.md
017-001-037,,017,001,"Tag - Data Storage, Tractor/Truck",VMRS_HB_COMPLETE_v20 page 7_pages_26-50.md
365-009-000,,365,009,Tank Assembly - Painting & Spraving,VMRS_HB_COMPLETE_v20 page 7_pages_26-50.md
018-003-053,,018,003,"Tag - Data Storage, Tractor/Truck",VMRS_HB_COMPLETE_v20 page 7_pages_26-50.md
364-009-000,,364,009,Tank Assembly - Paving,VMRS_HB_COMPLETE_v20 page 7_pages_26-50.md
017-001-038,,017,001,"Tag - Data Storage, Trailer",VMRS_HB_COMPLETE_v20 page 7_pages_26-50.md
061-012-001,,061,012,Tank Assembly - Recovery Scrubber,VMRS_HB_COMPLETE_v20 page 7_pages_26-50.md
018-003-054,,018,003,"Tag - Data Storage, Trailer",VMRS_HB_COMPLETE_v20 page 7_pages_26-50.md
061-010-001,,061,010,Tank Assembly - Solution Wash System,VMRS_HB_COMPLETE_v20 page 7_pages_26-50.md
071-024-013,,071,024,"Tag - Data Storage, Trailer",VMRS_HB_COMPLETE_v20 page 7_pages_26-50.md
016-008-026,,016,008,Tank Valve - Air Ride Suspension,VMRS_HB_COMPLETE_v20 page 7_pages_26-50.md
053-004-080,,053,004,Tag - Fire Extinguisher,VMRS_HB_COMPLETE_v20 page 7_pages_26-50.md
045-017-015,,045,017,Tank Valve - Auxiliary Reservoir Engine Oil,VMRS_HB_COMPLETE_v20 page 7_pages_26-50.md
013-001-115,,013,001,Tag - Identification,VMRS_HB_COMPLETE_v20 page 7_pages_26-50.md
068-003-005,,068,003,Tank Hydraulic - Lovel & Rleeder Cock,VMRS_HB_COMPLETE_v20 page 7_pages_26-50.md
053-005-017,,053,005,Tag - Key Identification,VMRS_HB_COMPLETE_v20 page 7_pages_26-50.md
056-001-162,,056,001,Tank Hydraulic PTO,VMRS_HB_COMPLETE_v20 page 7_pages_26-50.md
053-000-067,,053,000,Tano - Adhosivo,VMRS_HB_COMPLETE_v20 page 7_pages_26-50.md
063-006-000,,063,006,,VMRS_HB_COMPLETE_v20 page 7_pages_26-50.md
053-000-001,,053,000,Tapo Aluminum,VMRS_HB_COMPLETE_v20 page 7_pages_26-50.md
082-020-012,,082,020,ray - NEIDTag - Tomporaturo Sopoor Mirolooo,VMRS_HB_COMPLETE_v20 page 7_pages_26-50.md
055-010-000,,055,010,Tag Thickness A Frame,VMRS_HB_COMPLETE_v20 page 7_pages_26-50.md
052-004-000,,052,004,"Tape - Aluminum, Dellows",VMRS_HB_COMPLETE_v20 page 7_pages_26-50.md
171-000-000,,171,000,Tag Arla,VMRS_HB_COMPLETE_v20 page 7_pages_26-50.md
053-004-028,,053,004,Tape Antickid,VMRS_HB_COMPLETE_v20 page 7_pages_26-50.md
,008-003,008,003,ray Axie,VMRS_HB_COMPLETE_v20 page 7_pages_26-50.md
000-999-131,,000,999,Tape - Antiskia,VMRS_HB_COMPLETE_v20 page 7_pages_26-50.md
002-031-036,,002,031,Tape - Black Out,VMRS_HB_COMPLETE_v20 page 7_pages_26-50.md
053-999-077,,053,999,Tape - Butyl,VMRS_HB_COMPLETE_v20 page 7_pages_26-50.md
053-999-158,,053,999,Tape - Duct,VMRS_HB_COMPLETE_v20 page 7_pages_26-50.md
053-999-103,,053,999,Tape - Electrical,VMRS_HB_COMPLETE_v20 page 7_pages_26-50.md
053-999-187,,053,999,"Tape - Electrical, Liquid",VMRS_HB_COMPLETE_v20 page 7_pages_26-50.md
001-002-135,,001,002,"Tape - Foam, Duct",VMRS_HB_COMPLETE_v20 page 7_pages_26-50.md
004-007-006,,004,007,"Tape - Foam, Fairing, Sleeper Extender",VMRS_HB_COMPLETE_v20 page 7_pages_26-50.md
002-020-020,,002,020,Tape - Glass Channel,VMRS_HB_COMPLETE_v20 page 7_pages_26-50.md
053-999-159,,053,999,Tape - Masking,VMRS_HB_COMPLETE_v20 page 7_pages_26-50.md
002-017-034,,002,017,Tape - Pillar Cover Exterior,VMRS_HB_COMPLETE_v20 page 7_pages_26-50.md
036-008-012,,036,008,"Tape - Recording, Surveillance System",VMRS_HB_COMPLETE_v20 page 7_pages_26-50.md
053-005-018,,053,005,Tape - Reflective (Conspicuity),VMRS_HB_COMPLETE_v20 page 7_pages_26-50.md
053-004-076,,053,004,Tape - Rescue,VMRS_HB_COMPLETE_v20 page 7_pages_26-50.md
053-999-163,,053,999,Tape - Roof Seam,VMRS_HB_COMPLETE_v20 page 7_pages_26-50.md
002-018-082,,002,018,Tape - Sealing,VMRS_HB_COMPLETE_v20 page 7_pages_26-50.md
053-999-126,,053,999,Tape - Seat Repair,VMRS_HB_COMPLETE_v20 page 7_pages_26-50.md
053-998-040,,053,998,Tape - Stripe,VMRS_HB_COMPLETE_v20 page 7_pages_26-50.md
053-004-063,,053,004,"Tape - Walk, Salety",VMRS_HB_COMPLETE_v20 page 7_pages_26-50.md
052-004-001,,052,004,Tape Player - Assembly,VMRS_HB_COMPLETE_v20 page 7_pages_26-50.md
199-004-018,,199,004,Taper Lock - Fines Screen,VMRS_HB_COMPLETE_v20 page 7_pages_26-50.md
199-001-017,,199,001,Taper Lock - OCC Screen,VMRS_HB_COMPLETE_v20 page 7_pages_26-50.md
199-002-018,,199,002,Taper Lock - ONP Screen,VMRS_HB_COMPLETE_v20 page 7_pages_26-50.md
199-003-018,,199,003,Taper Lock - Polishing Screen,VMRS_HB_COMPLETE_v20 page 7_pages_26-50.md
053-007-062,,053,007,"Tapit - Aluminum, With Pin",VMRS_HB_COMPLETE_v20 page 7_pages_26-50.md
053-007-061,,053,007,"Tapit - Nylon, With Pin",VMRS_HB_COMPLETE_v20 page 7_pages_26-50.md
045-008-073,,045,008,Tappet - Injector,VMRS_HB_COMPLETE_v20 page 7_pages_26-50.md
071-017-006,,071,017,Tappet - Multiple Locations,VMRS_HB_COMPLETE_v20 page 7_pages_26-50.md
071-017-000,,071,017,"Tappet - Nylon, All",VMRS_HB_COMPLETE_v20 page 7_pages_26-50.md
071-017-003,,071,017,"Tappet - Nylon, DoolTappet - Nylon, Front Wall",VMRS_HB_COMPLETE_v20 page 7_pages_26-50.md
071-017-004,,071,017,"Tappet - Nylon, Pront Wall",VMRS_HB_COMPLETE_v20 page 7_pages_26-50.md
071-017-001,,071,017,"Tappet - Nylon, Roof",VMRS_HB_COMPLETE_v20 page 7_pages_26-50.md
071-017-002,,071,017,"Tappet - Nylon, Side Wall",VMRS_HB_COMPLETE_v20 page 7_pages_26-50.md
044-003-200,,044,003,Tappet - Prime Pump,VMRS_HB_COMPLETE_v20 page 7_pages_26-50.md
045-008-074,,045,008,Tappet - Valve,VMRS_HB_COMPLETE_v20 page 7_pages_26-50.md
013-013-059,,013,013,Tappet Boot Kit,VMRS_HB_COMPLETE_v20 page 7_pages_26-50.md
014-002-045,,014,002,Tapping Plate - Bumper,VMRS_HB_COMPLETE_v20 page 7_pages_26-50.md
044-001-069,,044,001,"Tapping Plate - Support, Fuel Tank Step",VMRS_HB_COMPLETE_v20 page 7_pages_26-50.md
053-006-124,,053,006,Taps/Dies,VMRS_HB_COMPLETE_v20 page 7_pages_26-50.md
077-013-000,,077,013,Tarp & Bow Kit Assembly,VMRS_HB_COMPLETE_v20 page 7_pages_26-50.md
173-008-000,,173,008,Tarp & Bow Kit Assembly,VMRS_HB_COMPLETE_v20 page 7_pages_26-50.md
071-033-002,,071,033,Tarp System - Walking Floor,VMRS_HB_COMPLETE_v20 page 7_pages_26-50.md
078-014-000,,078,014,Tarpaulin,VMRS_HB_COMPLETE_v20 page 7_pages_26-50.md
078-014-004,,078,014,Tarpaulin - Canvas,VMRS_HB_COMPLETE_v20 page 7_pages_26-50.md
078-014-002,,078,014,Tarpaulin - Lumber,VMRS_HB_COMPLETE_v20 page 7_pages_26-50.md
078-014-005,,078,014,Tarpaulin - Side Kit,VMRS_HB_COMPLETE_v20 page 7_pages_26-50.md
078-014-006,,078,014,Tarpaulin - Synthetic,VMRS_HB_COMPLETE_v20 page 7_pages_26-50.md
078-014-003,,078,014,Tarpaulin - Vinyl,VMRS_HB_COMPLETE_v20 page 7_pages_26-50.md
078-014-001,,078,014,Tarpaulin Assembly,VMRS_HB_COMPLETE_v20 page 7_pages_26-50.md
078-013-000,,078,013,Tarpaulin Basket,VMRS_HB_COMPLETE_v20 page 7_pages_26-50.md
461-001-015,,461,001,Tear Drop - Arrow Board,VMRS_HB_COMPLETE_v20 page 7_pages_26-50.md
055-001-079,,055,001,Teardrop - Lift Chain Left,VMRS_HB_COMPLETE_v20 page 7_pages_26-50.md
055-001-080,,055,001,"Teardrop - Lift Chain, Right",VMRS_HB_COMPLETE_v20 page 7_pages_26-50.md
053-007-114,,053,007,Тее,VMRS_HB_COMPLETE_v20 page 7_pages_26-50.md
041-001-034,,041,001,Tee - Air Intake Pipe,VMRS_HB_COMPLETE_v20 page 7_pages_26-50.md
043-004-105,,043,004,"Tee - Air, Wastegate Actuator",VMRS_HB_COMPLETE_v20 page 7_pages_26-50.md
013-010-132,,013,010,Tee - Anchor Distribution,VMRS_HB_COMPLETE_v20 page 7_pages_26-50.md
055-021-009,,055,021,Tee - Control System,VMRS_HB_COMPLETE_v20 page 7_pages_26-50.md
082-001-094,,082,001,Tee - Evaporator Coil,VMRS_HB_COMPLETE_v20 page 7_pages_26-50.md
013-008-021,,013,008,Iee - Exhaust,VMRS_HB_COMPLETE_v20 page 7_pages_26-50.md
007-001-010,,007,001,Tee - Hot Water Pump,VMRS_HB_COMPLETE_v20 page 7_pages_26-50.md
027-001-012,,027,001,Tee - Dir FipeTee - Pipe Control Papel,VMRS_HB_COMPLETE_v20 page 7_pages_26-50.md
051-006-010,,051,006,Tee - Stop Arm,VMRS_HB_COMPLETE_v20 page 7_pages_26-50.md
055-020-015,,055,020,"Tee - Swivel, Control Panel",VMRS_HB_COMPLETE_v20 page 7_pages_26-50.md
082-011-038,,082,011,Tee - Tile Spray System,VMRS_HB_COMPLETE_v20 page 7_pages_26-50.md
082-031-036,,082,031,Tee - Tube/Hose,VMRS_HB_COMPLETE_v20 page 7_pages_26-50.md
016-015-013,,016,015,Tee - Union,VMRS_HB_COMPLETE_v20 page 7_pages_26-50.md
002-035-092,,002,035,Tee - Washer Tubing,VMRS_HB_COMPLETE_v20 page 7_pages_26-50.md
098-018-000,,098,018,Tee Assembly - Bottom Drop,VMRS_HB_COMPLETE_v20 page 7_pages_26-50.md
013-009-130,,013,009,Tee Fitting - Coolant Line,VMRS_HB_COMPLETE_v20 page 7_pages_26-50.md
055-005-018,,055,005,Tee Fitting - Female,VMRS_HB_COMPLETE_v20 page 7_pages_26-50.md
055-005-019,,055,005,Tee Fitting - Tubing,VMRS_HB_COMPLETE_v20 page 7_pages_26-50.md
055-005-017,,055,005,"Tee Fitting - Tubing, Male",VMRS_HB_COMPLETE_v20 page 7_pages_26-50.md
002-040-012,,002,040,Tee S Stanch - Grab Rall,VMRS_HB_COMPLETE_v20 page 7_pages_26-50.md
267-011-008,,267,011,Teeth - Auger,VMRS_HB_COMPLETE_v20 page 7_pages_26-50.md
067-007-001,,067,007,Teeth - Bucket,VMRS_HB_COMPLETE_v20 page 7_pages_26-50.md
082-030-001,,082,030,Telematic Control Assembly,VMRS_HB_COMPLETE_v20 page 7_pages_26-50.md
462-016-000,,462,016,Telematics,VMRS_HB_COMPLETE_v20 page 7_pages_26-50.md
170-001-006,,170,001,Telescope,VMRS_HB_COMPLETE_v20 page 7_pages_26-50.md
170-003-008,,170,003,Telescope,VMRS_HB_COMPLETE_v20 page 7_pages_26-50.md
170-004-008,,170,004,Telescope,VMRS_HB_COMPLETE_v20 page 7_pages_26-50.md
052-007-001,,052,007,Television - Assembly,VMRS_HB_COMPLETE_v20 page 7_pages_26-50.md
174-028-038,,174,028,Temperature Control Module - Bus Body A/C,VMRS_HB_COMPLETE_v20 page 7_pages_26-50.md
001-003-107,,001,003,"SystemTemperature Sensor - Air Handler, Self-Dowered",VMRS_HB_COMPLETE_v20 page 7_pages_26-50.md
001-003-015,,001,003,Temperature Sensor - Auxiliary Heater,VMRS_HB_COMPLETE_v20 page 7_pages_26-50.md
082-019-018,,082,019,Temperature Warning Assembly - Electric,VMRS_HB_COMPLETE_v20 page 7_pages_26-50.md
078-026-024,,078,026,Template,VMRS_HB_COMPLETE_v20 page 7_pages_26-50.md
174-032-016,,174,032,"Template - Flooring, Wheelchair Ramp",VMRS_HB_COMPLETE_v20 page 7_pages_26-50.md
013-010-061,,013,010,Tender - Hose & Cable (Pogo Stick),VMRS_HB_COMPLETE_v20 page 7_pages_26-50.md
013-010-191,,013,010,Tender (Includes Suspender & Separator) - Air,VMRS_HB_COMPLETE_v20 page 7_pages_26-50.md
014-001-080,,014,001,"Tension Member - Frame, Left",VMRS_HB_COMPLETE_v20 page 7_pages_26-50.md
014-001-081,,014,001,"Tension Member - Frame, Right",VMRS_HB_COMPLETE_v20 page 7_pages_26-50.md
031-001-084,,031,001,Tensioner - Alternator,VMRS_HB_COMPLETE_v20 page 7_pages_26-50.md
174-033-076,,174,033,"Tensioner - Bellows, Outer",VMRS_HB_COMPLETE_v20 page 7_pages_26-50.md
042-003-076,,042,003,Tensioner - Belt,VMRS_HB_COMPLETE_v20 page 7_pages_26-50.md
045-008-216,,045,008,"Tensioner - Belt, Balance Shaft",VMRS_HB_COMPLETE_v20 page 7_pages_26-50.md
151-001-004,,151,001,"Tensioner - Belt, Generator, APU",VMRS_HB_COMPLETE_v20 page 7_pages_26-50.md
082-042-002,,082,042,"Tensioner - Belt, Generator, Reefer",VMRS_HB_COMPLETE_v20 page 7_pages_26-50.md
082-041-042,,082,041,"Tensioner - Belt, Reefer",VMRS_HB_COMPLETE_v20 page 7_pages_26-50.md
055-001-113,,055,001,Tensioner - Chain,VMRS_HB_COMPLETE_v20 page 7_pages_26-50.md
,020-059,020,059,Tensioner - Curtain,VMRS_HB_COMPLETE_v20 page 7_pages_26-50.md
368-001-027,,368,001,Tensioner - Drum Support,VMRS_HB_COMPLETE_v20 page 7_pages_26-50.md
002-015-130,,002,015,Tensioner - Engine Door,VMRS_HB_COMPLETE_v20 page 7_pages_26-50.md
048-001-060,,048,001,Tensioner - Integrated Starter Generator (ISG).,VMRS_HB_COMPLETE_v20 page 7_pages_26-50.md
044-001-081,,044,001,"Tensioner - Lug, Fuel Tank Strap",VMRS_HB_COMPLETE_v20 page 7_pages_26-50.md
121-001-008,,121,001,"Tensioner - Spring, Final Drive",VMRS_HB_COMPLETE_v20 page 7_pages_26-50.md
055-022-015,,055,022,"Tensioner - Support, Shelf",VMRS_HB_COMPLETE_v20 page 7_pages_26-50.md
045-008-210,,045,008,Tensioner - Timing Belt,VMRS_HB_COMPLETE_v20 page 7_pages_26-50.md
045-008-224,,045,008,Iensioner - Timing Belt,VMRS_HB_COMPLETE_v20 page 7_pages_26-50.md
040-008-108,,040,008,Tensioner Assembly - Accessory Drive,VMRS_HB_COMPLETE_v20 page 7_pages_26-50.md
045-008-017,,045,008,Tensioner Assembly - Timing Chain,VMRS_HB_COMPLETE_v20 page 7_pages_26-50.md
031-001-052,,031,001,Terminal - Alternator,VMRS_HB_COMPLETE_v20 page 7_pages_26-50.md
053-017-012,,053,017,Terminal - Barrel,VMRS_HB_COMPLETE_v20 page 7_pages_26-50.md
034-004-264,,034,004,Terminal - Data Link,VMRS_HB_COMPLETE_v20 page 7_pages_26-50.md
051-005-018,,051,005,Terminal - Data Link,VMRS_HB_COMPLETE_v20 page 7_pages_26-50.md
063-006-001,,063,006,Terminal - Electrical Connection,VMRS_HB_COMPLETE_v20 page 7_pages_26-50.md
027-031-044,,027,031,Terminal - Electrical Connector,VMRS_HB_COMPLETE_v20 page 7_pages_26-50.md
052-005-009,,052,005,"Ierminal - Electrical, CB Transmitter",VMRS_HB_COMPLETE_v20 page 7_pages_26-50.md
043-004-118,,043,004,"Ierminal - Electrical, Turbocharger",VMRS_HB_COMPLETE_v20 page 7_pages_26-50.md
053-007-094,,053,007,Terminal Female,VMRS_HB_COMPLETE_v20 page 7_pages_26-50.md
034-004-051,,034,004,Terminal - Female,VMRS_HB_COMPLETE_v20 page 7_pages_26-50.md
052-005-015,,052,005,Terminal - Ground CB Radio,VMRS_HB_COMPLETE_v20 page 7_pages_26-50.md
032-001-054,,032,001,Terminal - Jump Start,VMRS_HB_COMPLETE_v20 page 7_pages_26-50.md
053-007-093,,053,007,Terminal - Male,VMRS_HB_COMPLETE_v20 page 7_pages_26-50.md
053-017-009,,053,017,Terminal - Male,VMRS_HB_COMPLETE_v20 page 7_pages_26-50.md
174-002-010,,174,002,Thermostat - Heated Tread Wear Cap,VMRS_HB_COMPLETE_v20 page 7_pages_26-50.md
001-005-015,,001,005,Terminal - Motor,VMRS_HB_COMPLETE_v20 page 7_pages_26-50.md
013-010-065,,013,010,"Thermostat - Heater, Air Drier",VMRS_HB_COMPLETE_v20 page 7_pages_26-50.md
001-003-125,,001,003,"Terminal - Motor, Auxiliary Heater",VMRS_HB_COMPLETE_v20 page 7_pages_26-50.md
082-019-022,,082,019,Thermostat - Hub & Cam,VMRS_HB_COMPLETE_v20 page 7_pages_26-50.md
365-001-015,,365,001,Terminal - Paint Heater,VMRS_HB_COMPLETE_v20 page 7_pages_26-50.md
001-003-071,,001,003,"Thermostat - HVAC, Self-Powered",VMRS_HB_COMPLETE_v20 page 7_pages_26-50.md
013-011-106,,013,011,Ierminal - Power Cable,VMRS_HB_COMPLETE_v20 page 7_pages_26-50.md
141-001-021,,141,001,Thermostat - Hydrogen Fuel Cell,VMRS_HB_COMPLETE_v20 page 7_pages_26-50.md
003-000-000,,003,000,Terminal - Sensor Connection,VMRS_HB_COMPLETE_v20 page 7_pages_26-50.md
043-002-009,,043,002,Thermostat - Manifold Heat Control Valve,VMRS_HB_COMPLETE_v20 page 7_pages_26-50.md
065-020-045,,065,020,"Terminal - Stattel, Dive End",VMRS_HB_COMPLETE_v20 page 7_pages_26-50.md
002-019-019,,002,019,(MRII),VMRS_HB_COMPLETE_v20 page 7_pages_26-50.md
043-005-019,,043,005,Terminal Assembly - Solenoid,VMRS_HB_COMPLETE_v20 page 7_pages_26-50.md
293-001-006,,293,001,Thermostat - Oil Shaker Box,VMRS_HB_COMPLETE_v20 page 7_pages_26-50.md
153-004-007,,153,004,Terminal Block - Stationary Generator,VMRS_HB_COMPLETE_v20 page 7_pages_26-50.md
033-001-019,,033,001,"Thermostat - Optimized Idle, Starter Control",VMRS_HB_COMPLETE_v20 page 7_pages_26-50.md
082-006-008,,082,006,Terminal Board Assembly,VMRS_HB_COMPLETE_v20 page 7_pages_26-50.md
052-008-013,,052,008,Thermostat - Refrigerator,VMRS_HB_COMPLETE_v20 page 7_pages_26-50.md
032-001-079,,032,001,Terminal End - Battery,VMRS_HB_COMPLETE_v20 page 7_pages_26-50.md
082-019-002,,082,019,Thermostat - Relay,VMRS_HB_COMPLETE_v20 page 7_pages_26-50.md
061-000-000,,061,000,Terminal Equipment - Multi Applications,VMRS_HB_COMPLETE_v20 page 7_pages_26-50.md
001-004-022,,001,004,Thermostat - Sleeper Controls,VMRS_HB_COMPLETE_v20 page 7_pages_26-50.md
364-005-006,,364,005,Terminal Strip - Control Box,VMRS_HB_COMPLETE_v20 page 7_pages_26-50.md
001-003-095,,001,003,"Inermostat - Storage Cooler, Self-Powered",VMRS_HB_COMPLETE_v20 page 7_pages_26-50.md
040-001-009,,040,001,Terminal Stud - Electric Propulsion Motor,VMRS_HB_COMPLETE_v20 page 7_pages_26-50.md
001-002-020,,001,002,Thermostat Assembly - Mechanical Refrigeration,VMRS_HB_COMPLETE_v20 page 7_pages_26-50.md
099-003-009,,099,003,Terminator,VMRS_HB_COMPLETE_v20 page 7_pages_26-50.md
002-013-021,,002,013,Unit,VMRS_HB_COMPLETE_v20 page 7_pages_26-50.md
058-002-010,,058,002,Terminator - Rope,VMRS_HB_COMPLETE_v20 page 7_pages_26-50.md
042-006-001,,042,006,Thermostat Assembly - Water Or Air,VMRS_HB_COMPLETE_v20 page 7_pages_26-50.md
053-007-131,,053,007,Test Clip,VMRS_HB_COMPLETE_v20 page 7_pages_26-50.md
055-010-159,,055,010,Thermostat Bypass Valve,VMRS_HB_COMPLETE_v20 page 7_pages_26-50.md
082-002-084,,082,002,Test Kit - Acid,VMRS_HB_COMPLETE_v20 page 7_pages_26-50.md
059-036-030,,059,036,Thermostat Bypass Valve - Hydraulic Filter,VMRS_HB_COMPLETE_v20 page 7_pages_26-50.md
036-005-004,,036,005,"Test Kit - Power Line Carrier (PLC), Data",VMRS_HB_COMPLETE_v20 page 7_pages_26-50.md
082-005-000,,082,005,Thermostat Components - Mechanical,VMRS_HB_COMPLETE_v20 page 7_pages_26-50.md
050-007-004,,050,007,Communication,VMRS_HB_COMPLETE_v20 page 7_pages_26-50.md
000-040-040,,000,040,Refrigeration Unit,VMRS_HB_COMPLETE_v20 page 7_pages_26-50.md
053-007-081,,053,007,Test Strip - Brake Fluid,VMRS_HB_COMPLETE_v20 page 7_pages_26-50.md
002-040-043,,002,040,"Inermostat, Step - Side Heated",VMRS_HB_COMPLETE_v20 page 7_pages_26-50.md
053-999-105,,053,999,Test Strips - Coolant,VMRS_HB_COMPLETE_v20 page 7_pages_26-50.md
001-001-110,,001,001,,VMRS_HB_COMPLETE_v20 page 7_pages_26-50.md
003-004-048,,003,004,Test Valve,VMRS_HB_COMPLETE_v20 page 7_pages_26-50.md
059-002-015,,059,002,Thimble - Pintle Hook Push Bod,VMRS_HB_COMPLETE_v20 page 7_pages_26-50.md
053-006-199,,053,006,Tester - Circuit,VMRS_HB_COMPLETE_v20 page 7_pages_26-50.md
053-998-007,,053,998,Thinner - Lacguer,VMRS_HB_COMPLETE_v20 page 7_pages_26-50.md
053-006-022,,053,006,"Tester, Bench - Alternator",VMRS_HB_COMPLETE_v20 page 7_pages_26-50.md
002-010-054,,002,010,Threaded Leg,VMRS_HB_COMPLETE_v20 page 7_pages_26-50.md
053-999-236,,053,999,Testing Supplies - Crude Oil,VMRS_HB_COMPLETE_v20 page 7_pages_26-50.md
098-006-000,,098,006,Three-Way Diversion Valve,VMRS_HB_COMPLETE_v20 page 7_pages_26-50.md
014-005-059,,014,005,"Tether - Cover, Battery Box",VMRS_HB_COMPLETE_v20 page 7_pages_26-50.md
082-023-000,,082,023,Three-Way Valve,VMRS_HB_COMPLETE_v20 page 7_pages_26-50.md
044-001-087,,044,001,Tether - Fuel Tank Filler Cap,VMRS_HB_COMPLETE_v20 page 7_pages_26-50.md
043-005-011,,043,005,"Three-Way Valve - Lever Actuated, Exhaust",VMRS_HB_COMPLETE_v20 page 7_pages_26-50.md
034-004-325,,034,004,Iether - Power Module,VMRS_HB_COMPLETE_v20 page 7_pages_26-50.md
000-000-001,,000,000,Supply Delivery,VMRS_HB_COMPLETE_v20 page 7_pages_26-50.md
002-011-031,,002,011,Thermal Insulator Lamp Assembly,VMRS_HB_COMPLETE_v20 page 7_pages_26-50.md
082-023-001,,082,023,Three-Way Valve Assembly Complete,VMRS_HB_COMPLETE_v20 page 7_pages_26-50.md
002-008-019,,002,008,Thermal Vacuum Valve - Radiator Core,VMRS_HB_COMPLETE_v20 page 7_pages_26-50.md
174-001-209,,174,001,Threshold - Door Bus Body,VMRS_HB_COMPLETE_v20 page 7_pages_26-50.md
043-006-138,,043,006,Thermal Wrap,VMRS_HB_COMPLETE_v20 page 7_pages_26-50.md
071-020-022,,071,020,"Threshold - Flooring Section, Rear",VMRS_HB_COMPLETE_v20 page 7_pages_26-50.md
082-015-011,,082,015,Thermistor - Block Temperature,VMRS_HB_COMPLETE_v20 page 7_pages_26-50.md
041-006-000,,041,006,Throttle Body,VMRS_HB_COMPLETE_v20 page 7_pages_26-50.md
082-019-020,,082,019,Thermistor - Block Temperature,VMRS_HB_COMPLETE_v20 page 7_pages_26-50.md
044-005-049,,044,005,Throttle Body - TBI (Throttle Body Injection),VMRS_HB_COMPLETE_v20 page 7_pages_26-50.md
001-001-403,,001,001,Thermistor - Heater and A/C,VMRS_HB_COMPLETE_v20 page 7_pages_26-50.md
044-005-009,,044,005,Throttle Body Assembly,VMRS_HB_COMPLETE_v20 page 7_pages_26-50.md
001-004-087,,001,004,"Thermistor - Heater And A/C, Sleeper",VMRS_HB_COMPLETE_v20 page 7_pages_26-50.md
044-011-003,,044,011,Throttle Control Assembly,VMRS_HB_COMPLETE_v20 page 7_pages_26-50.md
001-003-075,,001,003,"Inermistor - HVAC, Self-Powered",VMRS_HB_COMPLETE_v20 page 7_pages_26-50.md
044-007-047,,044,007,Inrottle Control Assembly - Electronic,VMRS_HB_COMPLETE_v20 page 7_pages_26-50.md
174-020-030,,174,020,"Thermistor - III, Bus Body A/C System",VMRS_HB_COMPLETE_v20 page 7_pages_26-50.md
044-007-022,,044,007,Throttle Control Assembly - Preumatic Foot,VMRS_HB_COMPLETE_v20 page 7_pages_26-50.md
052-008-012,,052,008,Thermistor - Befrigerator,VMRS_HB_COMPLETE_v20 page 7_pages_26-50.md
044-007-000,,044,007,Throttle Controls,VMRS_HB_COMPLETE_v20 page 7_pages_26-50.md
002-037-013,,002,037,"Thermistor - Seat, Climate Control",VMRS_HB_COMPLETE_v20 page 7_pages_26-50.md
168-001-047,,168,001,"Throttle Plate - Motor, Mower",VMRS_HB_COMPLETE_v20 page 7_pages_26-50.md
084-002-004,,084,002,Thermo Expansion Valve,VMRS_HB_COMPLETE_v20 page 7_pages_26-50.md
044-003-040,,044,003,Throttle Shaft,VMRS_HB_COMPLETE_v20 page 7_pages_26-50.md
001-001-202,,001,001,Thermo Vacuum Valve - Heater Core,VMRS_HB_COMPLETE_v20 page 7_pages_26-50.md
044-007-075,,044,007,Throttle Switch Kit,VMRS_HB_COMPLETE_v20 page 7_pages_26-50.md
081-005-003,,081,005,Thermocouple - Pilot Burner,VMRS_HB_COMPLETE_v20 page 7_pages_26-50.md
043-006-031,,043,006,Throttle Valve - Air Intake,VMRS_HB_COMPLETE_v20 page 7_pages_26-50.md
043-002-021,,043,002,Thermocouple - Pyrometer,VMRS_HB_COMPLETE_v20 page 7_pages_26-50.md
027-024-023,,027,024,Throttle Valve - Automatic Transmission,VMRS_HB_COMPLETE_v20 page 7_pages_26-50.md
082-009-022,,082,009,Thermometer,VMRS_HB_COMPLETE_v20 page 7_pages_26-50.md
044-005-011,,044,005,Throttle Carburetor,VMRS_HB_COMPLETE_v20 page 7_pages_26-50.md
082-012-054,,082,012,Thermometer,VMRS_HB_COMPLETE_v20 page 7_pages_26-50.md
082-024-000,,082,024,"Throttle, Throttle Controls",VMRS_HB_COMPLETE_v20 page 7_pages_26-50.md
053-006-050,,053,006,Thermometer - Pocket,VMRS_HB_COMPLETE_v20 page 7_pages_26-50.md
082-024-001,,082,024,Throttling Valve Assembly,VMRS_HB_COMPLETE_v20 page 7_pages_26-50.md
084-001-014,,084,001,Thermometer - Recess Mounted,VMRS_HB_COMPLETE_v20 page 7_pages_26-50.md
082-004-032,,082,004,Throttling Valve Assembly - Complete,VMRS_HB_COMPLETE_v20 page 7_pages_26-50.md
084-001-015,,084,001,Thermometer - Surface Mounted,VMRS_HB_COMPLETE_v20 page 7_pages_26-50.md
017-009-014,,017,009,Through Tee - Rotary Union,VMRS_HB_COMPLETE_v20 page 7_pages_26-50.md
082-005-001,,082,005,Thermometer - Thermostat,VMRS_HB_COMPLETE_v20 page 7_pages_26-50.md
022-004-103,,022,004,Thru Shaft,VMRS_HB_COMPLETE_v20 page 7_pages_26-50.md
081-001-022,,081,001,Thermostat,VMRS_HB_COMPLETE_v20 page 7_pages_26-50.md
022-004-131,,022,004,Thru Shaft Assembly (Output) - Power Divider,VMRS_HB_COMPLETE_v20 page 7_pages_26-50.md
001-001-239,,001,001,Inermostat - Air Conditioner Temperature,VMRS_HB_COMPLETE_v20 page 7_pages_26-50.md
017-000-047,,017,000,Differential,VMRS_HB_COMPLETE_v20 page 7_pages_26-50.md
013-010-286,,013,010,Thermostat - Air Drier,VMRS_HB_COMPLETE_v20 page 7_pages_26-50.md
017-009-047,,017,009,System,VMRS_HB_COMPLETE_v20 page 7_pages_26-50.md
151-001-021,,151,001,Thermostat - APU,VMRS_HB_COMPLETE_v20 page 7_pages_26-50.md
013-009-112,,013,009,Thrush Washer - Air Compressor,VMRS_HB_COMPLETE_v20 page 7_pages_26-50.md
044-005-030,,044,005,Thermostat - Automatic Choke,VMRS_HB_COMPLETE_v20 page 7_pages_26-50.md
151-001-164,,151,001,Thrust Bearing - APU,VMRS_HB_COMPLETE_v20 page 7_pages_26-50.md
001-003-005,,001,003,Thermostat - Auxiliary Heater,VMRS_HB_COMPLETE_v20 page 7_pages_26-50.md
013-013-012,,013,013,Thrust Bearing - Air Disc Brake,VMRS_HB_COMPLETE_v20 page 7_pages_26-50.md
041-004-051,,041,004,Thermostat - Charge Air Cooler,VMRS_HB_COMPLETE_v20 page 7_pages_26-50.md
068-001-040,,068,001,Thrust Bearing - Boom,VMRS_HB_COMPLETE_v20 page 7_pages_26-50.md
042-008-007,,042,008,Thermostat - Coolant Tank,VMRS_HB_COMPLETE_v20 page 7_pages_26-50.md
091-003-021,,091,003,Thrust Bearing - Core Assembly,VMRS_HB_COMPLETE_v20 page 7_pages_26-50.md
042-009-010,,042,009,Inermostat - Coolant Temperature,VMRS_HB_COMPLETE_v20 page 7_pages_26-50.md
045-002-011,,045,002,"Inrust Bearing - Crankshaft, Engine",VMRS_HB_COMPLETE_v20 page 7_pages_26-50.md
042-000-000,,042,000,Thermostat - Engine Cooling System,VMRS_HB_COMPLETE_v20 page 7_pages_26-50.md
077-010-002,,077,010,Thrust Bearing - Dolly JackThrust Bearing - Fan Hub,VMRS_HB_COMPLETE_v20 page 7_pages_26-50.md
001-001-361,,001,001,Thermostat - Evaporator,VMRS_HB_COMPLETE_v20 page 7_pages_26-50.md
011-001-015,,011,001,Thrust Bearing - King Pin,VMRS_HB_COMPLETE_v20 page 7_pages_26-50.md
151-003-019,,151,003,"Thermostat - Freeze, Evaporator, APU",VMRS_HB_COMPLETE_v20 page 7_pages_26-50.md
011-001-052,,011,001,"Thrust Bearing - King Pin, Non-Driven Front Axle",VMRS_HB_COMPLETE_v20 page 7_pages_26-50.md
044-015-017,,044,015,Thermostat - Fuel Heater,VMRS_HB_COMPLETE_v20 page 7_pages_26-50.md
077-003-019,,077,003,Thrust Bearing - Lower Leg Assembly,VMRS_HB_COMPLETE_v20 page 7_pages_26-50.md
027-019-009,,027,019,Thrust Bearing - Main Shaft,VMRS_HB_COMPLETE_v20 page 7_pages_26-50.md
022-004-065,,022,004,"Thrust Washer - Forward Side Gear, Power",VMRS_HB_COMPLETE_v20 page 7_pages_26-50.md
001-001-014,,001,001,Thrust Bearing - Needle,VMRS_HB_COMPLETE_v20 page 7_pages_26-50.md
027-019-006,,027,019,"Thrust Bearing - Needle, Internal Gear To Output",VMRS_HB_COMPLETE_v20 page 7_pages_26-50.md
027-014-011,,027,014,Thrust Washer - Front Internal To Reaction,VMRS_HB_COMPLETE_v20 page 7_pages_26-50.md
027-017-008,,027,017,"Thrust Bearing - Needle, Sun Gear To Internal",VMRS_HB_COMPLETE_v20 page 7_pages_26-50.md
065-010-020,,065,010,"Thrust Washer - Gear Motor, Hydraulic System",VMRS_HB_COMPLETE_v20 page 7_pages_26-50.md
027-017-000,,027,017,Gear,VMRS_HB_COMPLETE_v20 page 7_pages_26-50.md
065-013-018,,065,013,"Thrust Washer - Gear Pump, Hydraulic System",VMRS_HB_COMPLETE_v20 page 7_pages_26-50.md
027-017-005,,027,017,"Thrust Bearing - Needle, Support To Sun Gear",VMRS_HB_COMPLETE_v20 page 7_pages_26-50.md
065-014-018,,065,014,"Thrust Washer - Gerotor Pump, Hydraulic",VMRS_HB_COMPLETE_v20 page 7_pages_26-50.md
026-002-005,,026,002,Thrust Bearing - Reverse Idler Gear Manual,VMRS_HB_COMPLETE_v20 page 7_pages_26-50.md
000-011-010,,000,011,System,VMRS_HB_COMPLETE_v20 page 7_pages_26-50.md
020-002-000,,020,002,Transmission,VMRS_HB_COMPLETE_v20 page 7_pages_26-50.md
044-006-024,,044,006,Thrust Washer - Governor,VMRS_HB_COMPLETE_v20 page 7_pages_26-50.md
055-018-001,,055,018,Thrust Bearing - Scissors,VMRS_HB_COMPLETE_v20 page 7_pages_26-50.md
022-004-040,,022,004,Thrust Washer - Helical Side Gear Power,VMRS_HB_COMPLETE_v20 page 7_pages_26-50.md
068-001-048,,068,001,Thrust Bearing - Splicer Platform,VMRS_HB_COMPLETE_v20 page 7_pages_26-50.md
016-001-003,,016,001,Thrust Bearing - Steering Knuckle,VMRS_HB_COMPLETE_v20 page 7_pages_26-50.md
026-007-007,,026,007,Thrust Washer - Hi-Bange Countershaft,VMRS_HB_COMPLETE_v20 page 7_pages_26-50.md
025-001-109,,025,001,Thrust Bearing - Transfer Case,VMRS_HB_COMPLETE_v20 page 7_pages_26-50.md
027-013-005,,027,013,Thrust Washer - Input Sun Gear To Carrier,VMRS_HB_COMPLETE_v20 page 7_pages_26-50.md
021-001-107,,021,001,"Thrust Bearing - Trunnion, Driven Front Steer",VMRS_HB_COMPLETE_v20 page 7_pages_26-50.md
026-008-005,,026,008,Thrust Washer - Low-Range Countershaft,VMRS_HB_COMPLETE_v20 page 7_pages_26-50.md
015-006-005,,015,006,Thrust Bearing - Valve Spool,VMRS_HB_COMPLETE_v20 page 7_pages_26-50.md
027-029-039,,027,029,"Thrust Washer - Oil Pump, Automatic",VMRS_HB_COMPLETE_v20 page 7_pages_26-50.md
015-003-026,,015,003,"Thrust Bearing - Worm Gear, Lower",VMRS_HB_COMPLETE_v20 page 7_pages_26-50.md
015-003-019,,015,003,"Thrust Bearing - Worm Gear, Upper",VMRS_HB_COMPLETE_v20 page 7_pages_26-50.md
027-013-012,,027,013,"Thrust Washer - Output Shaft To Case Selective,",VMRS_HB_COMPLETE_v20 page 7_pages_26-50.md
098-016-008,,098,016,Thrust Bearing (Steel),VMRS_HB_COMPLETE_v20 page 7_pages_26-50.md
027-013-004,,027,013,Thrust Bearing Assembly - Needle,VMRS_HB_COMPLETE_v20 page 7_pages_26-50.md
027-013-011,,027,013,"Thrust Washer - Output Shaft To Case, Planetary",VMRS_HB_COMPLETE_v20 page 7_pages_26-50.md
045-008-156,,045,008,Thrust Bearing Kit - Camshaft,VMRS_HB_COMPLETE_v20 page 7_pages_26-50.md
022-003-017,,022,003,Thrust Block - Ring Gear,VMRS_HB_COMPLETE_v20 page 7_pages_26-50.md
026-006-108,,026,006,"Thrust Washer - Output Shaft, Manual",VMRS_HB_COMPLETE_v20 page 7_pages_26-50.md
045-001-032,,045,001,Thrust Bushing - Idle Gear,VMRS_HB_COMPLETE_v20 page 7_pages_26-50.md
045-008-264,,045,008,Thrust Button - Camshaft,VMRS_HB_COMPLETE_v20 page 7_pages_26-50.md
056-001-035,,056,001,"Thrust Washer - Output Shaft, PTO",VMRS_HB_COMPLETE_v20 page 7_pages_26-50.md
018-001-046,,018,001,"Thrust Button - Spider, Planetary Hub, Front",VMRS_HB_COMPLETE_v20 page 7_pages_26-50.md
021-001-011,,021,001,"Thrust Washer - Pinion Gear, Differential, Driven",VMRS_HB_COMPLETE_v20 page 7_pages_26-50.md
016-005-062,,016,005,Thrust Cup (Shim) - Torque Rod,VMRS_HB_COMPLETE_v20 page 7_pages_26-50.md
022-003-037,,022,003,"Thrust Washer - Pinion Gear, Differential, Driven",VMRS_HB_COMPLETE_v20 page 7_pages_26-50.md
045-008-066,,045,008,Thrust Flange - Camshaft,VMRS_HB_COMPLETE_v20 page 7_pages_26-50.md
022-008-031,,022,008,"Thrust Pin - Planetary Hub, Portal Assembly,",VMRS_HB_COMPLETE_v20 page 7_pages_26-50.md
021-009-007,,021,009,"Thrust Washer - Pinion Gear, Differential,",VMRS_HB_COMPLETE_v20 page 7_pages_26-50.md
015-005-040,,015,005,Thrust Plate - Oil Pump,VMRS_HB_COMPLETE_v20 page 7_pages_26-50.md
065-011-020,,065,011,"Thrust Washer - Piston Motor, Hydraulic System",VMRS_HB_COMPLETE_v20 page 7_pages_26-50.md
045-002-110,,045,002,Thrust Plate - Crankshaft,VMRS_HB_COMPLETE_v20 page 7_pages_26-50.md
025-001-110,,025,001,"Thrust Washer - Planetary Carrier, Transfer Case",VMRS_HB_COMPLETE_v20 page 7_pages_26-50.md
027-002-041,,027,002,Thrust Plate - Stator,VMRS_HB_COMPLETE_v20 page 7_pages_26-50.md
027-004-006,,027,004,Thrust Washer - Pump Cover To Drum,VMRS_HB_COMPLETE_v20 page 7_pages_26-50.md
027-019-005,,027,019,Thrust Race - Internal Gear To Output Shaft,VMRS_HB_COMPLETE_v20 page 7_pages_26-50.md
065-016-023,,065,016,"Thrust Washer - Reciprocating Pump, Hydraulic",VMRS_HB_COMPLETE_v20 page 7_pages_26-50.md
027-017-007,,027,017,Thrust Race - Sun Gear To Internal Gear,VMRS_HB_COMPLETE_v20 page 7_pages_26-50.md
027-017-004,,027,017,Thrust Race - Support To Sun Gear,VMRS_HB_COMPLETE_v20 page 7_pages_26-50.md
026-006-054,,026,006,"Thrust Washer - Reverse Gear, Main Drive Gear,",VMRS_HB_COMPLETE_v20 page 7_pages_26-50.md
091-003-022,,091,003,Thrust Ring - Core Assembly,VMRS_HB_COMPLETE_v20 page 7_pages_26-50.md
018-004-031,,018,004,Thrust Washer,VMRS_HB_COMPLETE_v20 page 7_pages_26-50.md
026-002-006,,026,002,"Thrust Washer - Reverse Idler Gear, Reverse,",VMRS_HB_COMPLETE_v20 page 7_pages_26-50.md
026-005-007,,026,005,"Thrust Washer - Main Shaft, Main Drive Gear,",VMRS_HB_COMPLETE_v20 page 7_pages_26-50.md
027-001-046,,027,001,Thrust Washer - Scavenge Pump,VMRS_HB_COMPLETE_v20 page 7_pages_26-50.md
043-004-040,,043,004,"Thrust Washer - Turbocharger, Compressor",VMRS_HB_COMPLETE_v20 page 7_pages_26-50.md
022-003-049,,022,003,"Thrust Washer - Side Gear, Differential, Driven",VMRS_HB_COMPLETE_v20 page 7_pages_26-50.md
026-006-026,,026,006,"Thrust Washer - 1st Speed Gear, Main Drive",VMRS_HB_COMPLETE_v20 page 7_pages_26-50.md
021-009-013,,021,009,"Thrust Washer - Side Gear, Differential,",VMRS_HB_COMPLETE_v20 page 7_pages_26-50.md
000-000-015,,000,000,"Gear, Manual Transmission",VMRS_HB_COMPLETE_v20 page 7_pages_26-50.md
011-001-000,,011,001,Transaxie,VMRS_HB_COMPLETE_v20 page 7_pages_26-50.md
026-006-015,,026,006,"Inrust Washer - 2nd & 3rd Speed Gear, Main",VMRS_HB_COMPLETE_v20 page 7_pages_26-50.md
011-001-020,,011,001,"I nrust washer - Spindle, Steering Knuckle",VMRS_HB_COMPLETE_v20 page 7_pages_26-50.md
000-000-050,,000,000,"Drive Gear, Manual Transmission",VMRS_HB_COMPLETE_v20 page 7_pages_26-50.md
015-007-021,,015,007,Inrust Washer - Spring,VMRS_HB_COMPLETE_v20 page 7_pages_26-50.md
026-006-058,,026,006,"Inrust washer - 3rd & 4th Speed Gear, Main",VMRS_HB_COMPLETE_v20 page 7_pages_26-50.md
027-008-011,,027,008,"Inrust wasner - Support To Reaction Drum,",VMRS_HB_COMPLETE_v20 page 7_pages_26-50.md
006-006-060,,006,006,"Drive gear, Manual Transmission",VMRS_HB_COMPLETE_v20 page 7_pages_26-50.md
016-005-076,,016,005,Intermediate Clutch and Center Support,VMRS_HB_COMPLETE_v20 page 7_pages_26-50.md
020-000-000,,020,000,"Inrust Washer - 4th Speed, Main Drive Gear,Menual Transmission",VMRS_HB_COMPLETE_v20 page 7_pages_26-50.md
010-000-070,,010,000,Thrust Washer - U-Bolt Nut,VMRS_HB_COMPLETE_v20 page 7_pages_26-50.md
005-015-020,,005,015,Hudraulia Svetem,VMRS_HB_COMPLETE_v20 page 7_pages_26-50.md
020-000-001,,020,000,Manual Transmission,VMRS_HB_COMPLETE_v20 page 7_pages_26-50.md
042-004-050,,042,004,Thrust Washer - Water Dump Drive,VMRS_HB_COMPLETE_v20 page 7_pages_26-50.md
045-009-106,,045,009,Manual Masher Accessory Drive,VMRS_HB_COMPLETE_v20 page 7_pages_26-50.md
042-004-059,,042,004,Thrust Washer (Pronzo) Dinion Low Sprag,VMRS_HB_COMPLETE_v20 page 7_pages_26-50.md
043-000-100,,043,000,Thrust Washer - Air Disc Brake,VMRS_HB_COMPLETE_v20 page 7_pages_26-50.md
027-014-000,,027,014,Clutch Automatic Transmission,VMRS_HB_COMPLETE_v20 page 7_pages_26-50.md
018-001-052,,018,001,Thrust Washer - Rearing Front Steer Wheel,VMRS_HB_COMPLETE_v20 page 7_pages_26-50.md
027-015-006,,027,015,Thrust Washer (Bronze) - Pinion Planetary,VMRS_HB_COMPLETE_v20 page 7_pages_26-50.md
058-005-013,,058,005,Thrust Washer - Carrier,VMRS_HB_COMPLETE_v20 page 7_pages_26-50.md
027-013-000,,027,013,Carrier Automatic Transmission,VMRS_HB_COMPLETE_v20 page 7_pages_26-50.md
065-012-020,,065,012,"Thrust Washer - Centrifical Pump, Hydraulic",VMRS_HB_COMPLETE_v20 page 7_pages_26-50.md
027-014-007,,027,014,Thrust Washer (Steel) - Pinion Low Sprag,VMRS_HB_COMPLETE_v20 page 7_pages_26-50.md
000-012-020,,000,012,System,VMRS_HB_COMPLETE_v20 page 7_pages_26-50.md
027-006-008,,027,006,"Thrust Washer - Clutch Hub, Forward Clutch",VMRS_HB_COMPLETE_v20 page 7_pages_26-50.md
027-015-005,,027,015,Thrust Washer (Steel) - Pinion Planetary Carrier,VMRS_HB_COMPLETE_v20 page 7_pages_26-50.md
027-000-000,,027,000,Assembly,VMRS_HB_COMPLETE_v20 page 7_pages_26-50.md
027-010-000,,027,010,Automatic Transmission,VMRS_HB_COMPLETE_v20 page 7_pages_26-50.md
027-004-014,,027,004,Thrust Washer - Clutch Hub Front Direct Drive,VMRS_HB_COMPLETE_v20 page 7_pages_26-50.md
027-002-005,,027,002,Thrust Washer Or Bearing - Pump,VMRS_HB_COMPLETE_v20 page 7_pages_26-50.md
045-008-005,,045,008,Thrust Washer Or Plate - Camshaft,VMRS_HB_COMPLETE_v20 page 7_pages_26-50.md
027-004-013,,027,004,Thrust Washer - Clutch Hub Rear Direct Drive,VMRS_HB_COMPLETE_v20 page 7_pages_26-50.md
053-007-123,,053,007,Tie - Metal,VMRS_HB_COMPLETE_v20 page 7_pages_26-50.md
027-004-010,,027,004,Clutch Assembly,VMRS_HB_COMPLETE_v20 page 7_pages_26-50.md
170-005-002,,170,005,Tie Bar,VMRS_HB_COMPLETE_v20 page 7_pages_26-50.md
026-002-012,,026,002,"Thrust Washer - Counter Gear, Reverse, Regular",VMRS_HB_COMPLETE_v20 page 7_pages_26-50.md
013-002-132,,013,002,Tie Bar - Brake Caliper,VMRS_HB_COMPLETE_v20 page 7_pages_26-50.md
002-015-050,,002,015,Tie Plate - Door Frame,VMRS_HB_COMPLETE_v20 page 7_pages_26-50.md
045-002-044,,045,002,Thrust Washer - Crankshaft,VMRS_HB_COMPLETE_v20 page 7_pages_26-50.md
059-001-178,,059,001,Tie Plate - Fifth Wheel,VMRS_HB_COMPLETE_v20 page 7_pages_26-50.md
077-010-006,,077,010,Thrust Washer - Dolly Jack,VMRS_HB_COMPLETE_v20 page 7_pages_26-50.md
078-026-019,,078,026,Tie Rod,VMRS_HB_COMPLETE_v20 page 7_pages_26-50.md
058-002-004,,058,002,Thrust Washer - Drum,VMRS_HB_COMPLETE_v20 page 7_pages_26-50.md
002-020-049,,002,020,Tie Rod - Door Cylinder,VMRS_HB_COMPLETE_v20 page 7_pages_26-50.md
027-006-014,,027,006,Thrust Washer - Forward Clutch Hub To Direct,VMRS_HB_COMPLETE_v20 page 7_pages_26-50.md
015-004-070,,015,004,Tie Rod - Inner,VMRS_HB_COMPLETE_v20 page 7_pages_26-50.md
015-004-020,,015,004,Tie Rod - Left,VMRS_HB_COMPLETE_v20 page 7_pages_26-50.md
059-001-094,,059,001,Tie Rod - Oscillating Fifth Wheel Base,VMRS_HB_COMPLETE_v20 page 7_pages_26-50.md
365-013-016,,365,013,Tip - Tire Spray System,VMRS_HB_COMPLETE_v20 page 7_pages_26-50.md
042-002-017,,042,002,Tie Rod - Radiator,VMRS_HB_COMPLETE_v20 page 7_pages_26-50.md
168-001-057,,168,001,"Tip - Tooth, Saw Blade, Mower",VMRS_HB_COMPLETE_v20 page 7_pages_26-50.md
015-004-019,,015,004,Tie Rod - Right,VMRS_HB_COMPLETE_v20 page 7_pages_26-50.md
169-002-001,,169,002,"Tip - Wearable, Ripper",VMRS_HB_COMPLETE_v20 page 7_pages_26-50.md
015-013-005,,015,013,"Tie Rod - Steering Gear, Rack & Pinion, Left",VMRS_HB_COMPLETE_v20 page 7_pages_26-50.md
053-006-132,,053,006,"Tip - Welding, Torch",VMRS_HB_COMPLETE_v20 page 7_pages_26-50.md
015-013-004,,015,013,"Tie Rod - Steering Gear, Rack & Pinion, Right",VMRS_HB_COMPLETE_v20 page 7_pages_26-50.md
053-015-002,,053,015,Tipper Accombly,VMRS_HB_COMPLETE_v20 page 7_pages_26-50.md
012-002-028,,012,002,Tie Rod Assembly - Tag Or Pusher Ayle,VMRS_HB_COMPLETE_v20 page 7_pages_26-50.md
017-001-003,,017,001,Tipper Assembly,VMRS_HB_COMPLETE_v20 page 7_pages_26-50.md
015-004-024,,015,004,Tie Rod End Assembly - Left,VMRS_HB_COMPLETE_v20 page 7_pages_26-50.md
017-001-024,,017,001,Tire - Casing Wide Base,VMRS_HB_COMPLETE_v20 page 7_pages_26-50.md
015-004-023,,015,004,Tie Rod End Assembly - Bight,VMRS_HB_COMPLETE_v20 page 7_pages_26-50.md
017-003-000,,017,003,Tire - Cushion,VMRS_HB_COMPLETE_v20 page 7_pages_26-50.md
168-001-044,,168,001,"Tie Rod Kit - Load Sense Valve, Mower",VMRS_HB_COMPLETE_v20 page 7_pages_26-50.md
017-003-002,,017,003,"Tire - Cushion, No Tread",VMRS_HB_COMPLETE_v20 page 7_pages_26-50.md
011-001-061,,011,001,"Tie Rod, Tube & Ends Assembly",VMRS_HB_COMPLETE_v20 page 7_pages_26-50.md
017-003-001,,017,003,"Tire - Cushion, Tread",VMRS_HB_COMPLETE_v20 page 7_pages_26-50.md
174-029-012,,174,029,Tie Strap - Bus Davenport Cushion,VMRS_HB_COMPLETE_v20 page 7_pages_26-50.md
017-010-000,,017,010,Tire - Foam Filled,VMRS_HB_COMPLETE_v20 page 7_pages_26-50.md
034-004-029,,034,004,Tie Strap - For Wiring Or Wiring Harness,VMRS_HB_COMPLETE_v20 page 7_pages_26-50.md
017-010-001,,017,010,"Tire - Foam Filled, Rib Tread",VMRS_HB_COMPLETE_v20 page 7_pages_26-50.md
053-007-053,,053,007,Tie Strap - Nylon,VMRS_HB_COMPLETE_v20 page 7_pages_26-50.md
017-001-010,,017,001,Tire - Mud & Snow,VMRS_HB_COMPLETE_v20 page 7_pages_26-50.md
043-006-139,,043,006,Tie Strap - Thermal Wrap,VMRS_HB_COMPLETE_v20 page 7_pages_26-50.md
017-001-000,,017,001,Tire - PheumaticTire - Decumatic Rise Div Lug Tread,VMRS_HB_COMPLETE_v20 page 7_pages_26-50.md
014-006-005,,014,006,Tubes & Wiring Harpess,VMRS_HB_COMPLETE_v20 page 7_pages_26-50.md
017-001-004,,017,001,"Tire - Pheumatic, Blas Ply, Lug Head",VMRS_HB_COMPLETE_v20 page 7_pages_26-50.md
002-029-049,,002,029,Tie Straps - Seat,VMRS_HB_COMPLETE_v20 page 7_pages_26-50.md
017-001-015,,017,001,"Tire - Pneumatic, Bias Ply, Smooth Tread",VMRS_HB_COMPLETE_v20 page 7_pages_26-50.md
055-012-055,,055,012,Tie-Down - Cab Rack,VMRS_HB_COMPLETE_v20 page 7_pages_26-50.md
017-001-017,,017,001,"Tire - Pneumatic, Bias/Belted Rib Tread",VMRS_HB_COMPLETE_v20 page 7_pages_26-50.md
053-004-090,,053,004,Tie-Down - Fire Extinguisher,VMRS_HB_COMPLETE_v20 page 7_pages_26-50.md
017-001-016,,017,001,"Tire - Pneumatic, Bias/Belted, Lug Tread",VMRS_HB_COMPLETE_v20 page 7_pages_26-50.md
052-008-006,,052,008,Tie-Down - Refrigerator,VMRS_HB_COMPLETE_v20 page 7_pages_26-50.md
017-001-018,,017,001,"Tire - Pneumatic, Bias/Belted, Smooth Tread",VMRS_HB_COMPLETE_v20 page 7_pages_26-50.md
078-012-000,,078,012,Tie-Down - Tarpaulin,VMRS_HB_COMPLETE_v20 page 7_pages_26-50.md
017-001-020,,017,001,"Tire - Pneumatic, Drive",VMRS_HB_COMPLETE_v20 page 7_pages_26-50.md
167-001-000,,167,001,Tiller Assembly,VMRS_HB_COMPLETE_v20 page 7_pages_26-50.md
017-001-021,,017,001,"Tire - Pneumatic, Pusher",VMRS_HB_COMPLETE_v20 page 7_pages_26-50.md
055-025-007,,055,025,Tiller Assembly - Pallet Jack,VMRS_HB_COMPLETE_v20 page 7_pages_26-50.md
017-001-042,,017,001,"Tire - Pneumatic, Radial, All-Season",VMRS_HB_COMPLETE_v20 page 7_pages_26-50.md
167-000-000,,167,000,Tilling,VMRS_HB_COMPLETE_v20 page 7_pages_26-50.md
017-001-043,,017,001,"Tire - Pneumatic, Radial, All-Weather",VMRS_HB_COMPLETE_v20 page 7_pages_26-50.md
192-015-000,,192,015,Tilt Assembly - Seat,VMRS_HB_COMPLETE_v20 page 7_pages_26-50.md
017-001-001,,017,001,"Tire - Pheumalic, Radial, Lug Tread",VMRS_HB_COMPLETE_v20 page 7_pages_26-50.md
055-001-066,,055,001,Tilt Assembly - Upper Left,VMRS_HB_COMPLETE_v20 page 7_pages_26-50.md
017-001-002,,017,001,"Tire - Pneumatic, Radial, ND Tread",VMRS_HB_COMPLETE_v20 page 7_pages_26-50.md
055-001-067,,055,001,"Tilt Assembly - Upper, Bight",VMRS_HB_COMPLETE_v20 page 7_pages_26-50.md
017-001-019,,017,001,"Tire - Pneumatic, Steer",VMRS_HB_COMPLETE_v20 page 7_pages_26-50.md
002-004-202,,002,004,Tilt Assist Assembly - Hood,VMRS_HB_COMPLETE_v20 page 7_pages_26-50.md
017-001-027,,017,001,"Tire - Pneumatic, Studded",VMRS_HB_COMPLETE_v20 page 7_pages_26-50.md
173-000-000,,173,000,Tilt Bodies,VMRS_HB_COMPLETE_v20 page 7_pages_26-50.md
017-001-022,,017,001,"Tire - Pneumatic, Tag",VMRS_HB_COMPLETE_v20 page 7_pages_26-50.md
002-027-074,,002,027,Tilt Rod Assembly,VMRS_HB_COMPLETE_v20 page 7_pages_26-50.md
017-001-023,,017,001,"Tire - Pneumatic, Trailer",VMRS_HB_COMPLETE_v20 page 7_pages_26-50.md
002-036-000,,002,036,Tilting Mechanism,VMRS_HB_COMPLETE_v20 page 7_pages_26-50.md
017-001-026,,017,001,"Tire - Retread, Mud & Snow",VMRS_HB_COMPLETE_v20 page 7_pages_26-50.md
002-036-001,,002,036,Tilting Mechanism Assembly,VMRS_HB_COMPLETE_v20 page 7_pages_26-50.md
017-001-011,,017,001,"Tire - Retread, Trailer",VMRS_HB_COMPLETE_v20 page 7_pages_26-50.md
019-003-000,,019,003,Timer,VMRS_HB_COMPLETE_v20 page 7_pages_26-50.md
017-001-012,,017,001,"Tire - Retread, Truck, Tractor",VMRS_HB_COMPLETE_v20 page 7_pages_26-50.md
045-017-013,,045,017,"Timer - Auto Fill, Oll",VMRS_HB_COMPLETE_v20 page 7_pages_26-50.md
017-001-034,,017,001,"Tire - Runout, Drive",VMRS_HB_COMPLETE_v20 page 7_pages_26-50.md
174-026-030,,174,026,Timer - Auxiliary Heater,VMRS_HB_COMPLETE_v20 page 7_pages_26-50.md
017-001-035,,017,001,"Tire - Runout, Steer",VMRS_HB_COMPLETE_v20 page 7_pages_26-50.md
044-007-078,,044,007,Timer - Engine Idle,VMRS_HB_COMPLETE_v20 page 7_pages_26-50.md
017-001-040,,017,001,"Tire - Runout, Wide Base",VMRS_HB_COMPLETE_v20 page 7_pages_26-50.md
059-001-081,,059,001,Timer - Fifth Wheel,VMRS_HB_COMPLETE_v20 page 7_pages_26-50.md
017-001-025,,017,001,Tire - Scrap,VMRS_HB_COMPLETE_v20 page 7_pages_26-50.md
081-001-018,,081,001,Timer - Fuel,VMRS_HB_COMPLETE_v20 page 7_pages_26-50.md
017-002-000,,017,002,Tire - Semi-Pneumatic,VMRS_HB_COMPLETE_v20 page 7_pages_26-50.md
052-002-003,,052,002,Timer - Ignition,VMRS_HB_COMPLETE_v20 page 7_pages_26-50.md
017-002-002,,017,002,"Tire - Semi-Pneumatic, No Tread",VMRS_HB_COMPLETE_v20 page 7_pages_26-50.md
002-010-118,,002,010,"Timer - Mirror, Heated",VMRS_HB_COMPLETE_v20 page 7_pages_26-50.md
017-002-001,,017,002,"Tire - Semi-Pneumatic, Tread",VMRS_HB_COMPLETE_v20 page 7_pages_26-50.md
026-013-026,,026,013,Timer - Oil Heater,VMRS_HB_COMPLETE_v20 page 7_pages_26-50.md
017-005-000,,017,005,Tire - Solid,VMRS_HB_COMPLETE_v20 page 7_pages_26-50.md
032-003-021,,032,003,Timer - Pre-Heater,VMRS_HB_COMPLETE_v20 page 7_pages_26-50.md
017-005-002,,017,005,"Tire - Solid, No Tread",VMRS_HB_COMPLETE_v20 page 7_pages_26-50.md
003-004-044,,003,004,Timer - Shutdown,VMRS_HB_COMPLETE_v20 page 7_pages_26-50.md
017-005-001,,017,005,Tire Used,VMRS_HB_COMPLETE_v20 page 7_pages_26-50.md
,000-041,000,041,Timer - Water Heater,VMRS_HB_COMPLETE_v20 page 7_pages_26-50.md
017-001-045,,017,001,"Tire - Wide Base, Lug Tread",VMRS_HB_COMPLETE_v20 page 7_pages_26-50.md
367-009-017,,367,009,Timer - Water Neater,VMRS_HB_COMPLETE_v20 page 7_pages_26-50.md
017-001-029,,017,001,"Tire - Wide Base, Edg Tread",VMRS_HB_COMPLETE_v20 page 7_pages_26-50.md
044-003-282,,044,003,Timer Assembly - Fuel Injection,VMRS_HB_COMPLETE_v20 page 7_pages_26-50.md
017-001-031,,017,001,"Tire - Wide Base, Retread, Rib Tread, Tractor",VMRS_HB_COMPLETE_v20 page 7_pages_26-50.md
019-003-001,,019,003,Timer Body - Air,VMRS_HB_COMPLETE_v20 page 7_pages_26-50.md
017-001-041,,017,001,"Tire - Wide Base, Retread, Rib Tread, Trailer",VMRS_HB_COMPLETE_v20 page 7_pages_26-50.md
019-003-002,,019,003,Timer Body - Electric,VMRS_HB_COMPLETE_v20 page 7_pages_26-50.md
017-001-028,,017,001,"Tire - Wide Base, Rib Tread",VMRS_HB_COMPLETE_v20 page 7_pages_26-50.md
044-003-294,,044,003,Timing Advance Unit,VMRS_HB_COMPLETE_v20 page 7_pages_26-50.md
017-001-030,,017,001,"Tire - Wide Base, Rib Tread, Trailer",VMRS_HB_COMPLETE_v20 page 7_pages_26-50.md
045-008-212,,045,008,Timing Chain and Gear Set,VMRS_HB_COMPLETE_v20 page 7_pages_26-50.md
017-001-033,,017,001,"Tire - Wide Base, Scrap",VMRS_HB_COMPLETE_v20 page 7_pages_26-50.md
045-008-231,,045,008,Timing Chain and Gear Set,VMRS_HB_COMPLETE_v20 page 7_pages_26-50.md
017-001-013,,017,001,Tire Assembly - Spare,VMRS_HB_COMPLETE_v20 page 7_pages_26-50.md
027-024-011,,027,024,Timing Valve - Hign Speed Downsnift,VMRS_HB_COMPLETE_v20 page 7_pages_26-50.md
053-006-091,,053,006,Tire Cage,VMRS_HB_COMPLETE_v20 page 7_pages_26-50.md
002-024-000,,002,024,Tin - Air Bag Inflator,VMRS_HB_COMPLETE_v20 page 7_pages_26-50.md
078-008-000,,078,008,Tire Chains,VMRS_HB_COMPLETE_v20 page 7_pages_26-50.md
463-001-001,,463,001,Tip - Boom Digger Derrick,VMRS_HB_COMPLETE_v20 page 7_pages_26-50.md
365-013-000,,365,013,Tire Disinfectant Spray System,VMRS_HB_COMPLETE_v20 page 7_pages_26-50.md
463-001-002,,463,001,"Tip - Boom, Fiberglass, Digger Derrick",VMRS_HB_COMPLETE_v20 page 7_pages_26-50.md
053-006-295,,053,006,Tire Inflation Kit - Portable,VMRS_HB_COMPLETE_v20 page 7_pages_26-50.md
462-004-005,,462,004,"Tip - Boom, Upper Boom",VMRS_HB_COMPLETE_v20 page 7_pages_26-50.md
053-006-093,,053,006,Tire Iron,VMRS_HB_COMPLETE_v20 page 7_pages_26-50.md
053-006-130,,053,006,"Tip - Cleaner, Torch",VMRS_HB_COMPLETE_v20 page 7_pages_26-50.md
053-006-094,,053,006,Tire Machine,VMRS_HB_COMPLETE_v20 page 7_pages_26-50.md
053-006-131,,053,006,"Tip - Cutting, Torch",VMRS_HB_COMPLETE_v20 page 7_pages_26-50.md
053-999-094,,053,999,Tire Patch,VMRS_HB_COMPLETE_v20 page 7_pages_26-50.md
043-003-076,,043,003,Tip - Exhaust Pipe,VMRS_HB_COMPLETE_v20 page 7_pages_26-50.md
017-009-000,,017,009,Tire Pressure Inflation and Monitoring Systems,VMRS_HB_COMPLETE_v20 page 7_pages_26-50.md
068-006-025,,068,006,"Tip - Fork, Lift Truck",VMRS_HB_COMPLETE_v20 page 7_pages_26-50.md
018-003-066,,018,003,Tire Saver - Wheel,VMRS_HB_COMPLETE_v20 page 7_pages_26-50.md
044-004-005,,044,004,Tip - Injector Spray,VMRS_HB_COMPLETE_v20 page 7_pages_26-50.md
365-013-001,,365,013,Tire Spray System - Complete,VMRS_HB_COMPLETE_v20 page 7_pages_26-50.md
001-001-191,,001,001,Tip - LeverTip - Mixing,VMRS_HB_COMPLETE_v20 page 7_pages_26-50.md
017-010-010,,017,010,Tires Tubes Liners & Values,VMRS_HB_COMPLETE_v20 page 7_pages_26-50.md
168-001-088,,168,001,Tip - Nozzle Spraver Wetcut Mower,VMRS_HB_COMPLETE_v20 page 7_pages_26-50.md
002-012-001,,002,012,Toe Pan - Cab Deck,VMRS_HB_COMPLETE_v20 page 7_pages_26-50.md
051-001-008,,051,001,"Tip - Shaft, Tachometer Drive",VMRS_HB_COMPLETE_v20 page 7_pages_26-50.md
174-001-229,,174,001,Toe Plate - Bus Body,VMRS_HB_COMPLETE_v20 page 7_pages_26-50.md
003-002-009,,003,002,Tip - Speedometer Drive,VMRS_HB_COMPLETE_v20 page 7_pages_26-50.md
174-001-210,,174,001,Toeboard - Bus Body,VMRS_HB_COMPLETE_v20 page 7_pages_26-50.md
094-006-030,,094,006,"Toggle - Weatherproof, Hose Reel",VMRS_HB_COMPLETE_v20 page 7_pages_26-50.md
013-010-198,,013,010,Toggle Control Valve,VMRS_HB_COMPLETE_v20 page 7_pages_26-50.md
369-006-005,,369,006,Toggle Spring Assembly,VMRS_HB_COMPLETE_v20 page 7_pages_26-50.md
002-018-089,,002,018,Toggle Valve - Air Door Lock,VMRS_HB_COMPLETE_v20 page 7_pages_26-50.md
002-050-458,,002,050,Toggle Valve Assembly,VMRS_HB_COMPLETE_v20 page 7_pages_26-50.md
152-001-000,,152,001,Toilet Assembly - Complete,VMRS_HB_COMPLETE_v20 page 7_pages_26-50.md
053-011-049,,053,011,Toilet Tissue,VMRS_HB_COMPLETE_v20 page 7_pages_26-50.md
026-006-123,,026,006,Tone Bing - Mainshaft Speed,VMRS_HB_COMPLETE_v20 page 7_pages_26-50.md
026-017-001,,026,017,Tone Ring - Output Speed,VMRS_HB_COMPLETE_v20 page 7_pages_26-50.md
025-001-213,,025,001,Tone Ring - Speed Sensor Transfer Case,VMRS_HB_COMPLETE_v20 page 7_pages_26-50.md
013-011-165,,013,011,Tone Ring - Wheel Speed Sensor ABS,VMRS_HB_COMPLETE_v20 page 7_pages_26-50.md
027-013-027,,027,013,Tone Wheel,VMRS_HB_COMPLETE_v20 page 7_pages_26-50.md
027-006-026,,027,006,Tone Wheel - Turbine,VMRS_HB_COMPLETE_v20 page 7_pages_26-50.md
002-048-065,,002,048,Tongue - Curtain Restraint,VMRS_HB_COMPLETE_v20 page 7_pages_26-50.md
002-050-689,,002,050,Tongue - Curtain Restraint,VMRS_HB_COMPLETE_v20 page 7_pages_26-50.md
014-012-004,,014,012,Tongue - Jackstand,VMRS_HB_COMPLETE_v20 page 7_pages_26-50.md
059-010-016,,059,010,Tongue - Tow Bar,VMRS_HB_COMPLETE_v20 page 7_pages_26-50.md
059-004-004,,059,004,Tongue Jack - Drawbar,VMRS_HB_COMPLETE_v20 page 7_pages_26-50.md
002-059-003,,002,059,Tonneau Cover - Truck Bed,VMRS_HB_COMPLETE_v20 page 7_pages_26-50.md
036-002-015,,036,002,"Tool - Bracket Installation, Lane Departure",VMRS_HB_COMPLETE_v20 page 7_pages_26-50.md
001-003-146,,001,003,"Tool - Diagnostic Adapter, Auxiliary Heater",VMRS_HB_COMPLETE_v20 page 7_pages_26-50.md
079-003-003,,079,003,"Tool - Diagnostic, Electronic Stability Control,",VMRS_HB_COMPLETE_v20 page 7_pages_26-50.md
053-006-048,,053,006,Tool - Engine Diagnostic,VMRS_HB_COMPLETE_v20 page 7_pages_26-50.md
053-006-009,,053,006,Tool - General,VMRS_HB_COMPLETE_v20 page 7_pages_26-50.md
053-006-049,,053,006,Tool - Multiplexed Diagnostic,VMRS_HB_COMPLETE_v20 page 7_pages_26-50.md
053-006-010,,053,006,Tool - Riveting,VMRS_HB_COMPLETE_v20 page 7_pages_26-50.md
053-001-051,,053,001,"Tool - Tightening, Automatic Traction Device",VMRS_HB_COMPLETE_v20 page 7_pages_26-50.md
172-009-003,,172,009,Tool Box - Container Body,VMRS_HB_COMPLETE_v20 page 7_pages_26-50.md
053-006-273,,053,006,Tool Locator - Crimp Machine,VMRS_HB_COMPLETE_v20 page 7_pages_26-50.md
053-006-287,,053,006,Tool Set,VMRS_HB_COMPLETE_v20 page 7_pages_26-50.md
053-006-008,,053,006,Toolbox,VMRS_HB_COMPLETE_v20 page 7_pages_26-50.md
197-026-000,,197,026,Toolbox - Chain Conveyor,VMRS_HB_COMPLETE_v20 page 7_pages_26-50.md
002-027-218,,002,027,Toolbox - Seat Base,VMRS_HB_COMPLETE_v20 page 7_pages_26-50.md
014-010-001,,014,010,Toolbox Assembly,VMRS_HB_COMPLETE_v20 page 7_pages_26-50.md
014-010-000,,014,010,Toolbox Mounting,VMRS_HB_COMPLETE_v20 page 7_pages_26-50.md
053-006-011,,053,006,Tools - Engine Service,VMRS_HB_COMPLETE_v20 page 7_pages_26-50.md
053-006-282,,053,006,Tools - Hose End Fitting Machine,VMRS_HB_COMPLETE_v20 page 7_pages_26-50.md
051-015-000,,051,015,Tools - Spare Tire,VMRS_HB_COMPLETE_v20 page 7_pages_26-50.md
053-006-095,,053,006,Iools - Tire Repair,VMRS_HB_COMPLETE_v20 page 7_pages_26-50.md
053-006-000,,053,006,Iools & Diagnostic Devices,VMRS_HB_COMPLETE_v20 page 7_pages_26-50.md
108-001-000,,108,001,"Tooth - Saw Blade, Mower",VMRS_HB_COMPLETE_v20 page 7_pages_26-50.md
198-001-003,,198,001,Tooln Gear - Auger,VMRS_HB_COMPLETE_v20 page 7_pages_26-50.md
002-050-517,,002,050,Top - Cabinet,VMRS_HB_COMPLETE_v20 page 7_pages_26-50.md
002-050-661,,002,050,"Top - Rod, Felider Filider",VMRS_HB_COMPLETE_v20 page 7_pages_26-50.md
002-050-001,,002,050,Top Topk Grille Guard,VMRS_HB_COMPLETE_v20 page 7_pages_26-50.md
068-001-051,,068,001,Top Plate Divet Bearing Splicer Platform,VMRS_HB_COMPLETE_v20 page 7_pages_26-50.md
004-013-004,,004,013,Top Plate - II Shanod Adjustable Whool Cover,VMRS_HB_COMPLETE_v20 page 7_pages_26-50.md
004-015-004,,004,015,Tonhead & Bonnet,VMRS_HB_COMPLETE_v20 page 7_pages_26-50.md
053-015-003,,053,015,Torches - Welding,VMRS_HB_COMPLETE_v20 page 7_pages_26-50.md
077-008-020,,077,008,Torque Arm - Adjustable,VMRS_HB_COMPLETE_v20 page 7_pages_26-50.md
016-015-055,,016,015,Torque Arm - Cab Air Suspension,VMRS_HB_COMPLETE_v20 page 7_pages_26-50.md
016-018-014,,016,018,Torque Arm - Slider Air Ride Suspension,VMRS_HB_COMPLETE_v20 page 7_pages_26-50.md
016-008-119,,016,008,Torque Box - Air Ride Suspension,VMRS_HB_COMPLETE_v20 page 7_pages_26-50.md
027-012-029,,027,012,Torque Converter Assembly,VMRS_HB_COMPLETE_v20 page 7_pages_26-50.md
198-001-002,,198,001,Torque Converter Auger,VMRS_HB_COMPLETE_v20 page 7_pages_26-50.md
044-003-048,,044,003,Torque Limiter,VMRS_HB_COMPLETE_v20 page 7_pages_26-50.md
013-013-014,,013,013,Torque Plate Assembly - Air Disc Brake,VMRS_HB_COMPLETE_v20 page 7_pages_26-50.md
016-002-049,,016,002,Torque Rod,VMRS_HB_COMPLETE_v20 page 7_pages_26-50.md
002-018-009,,002,018,Torque Rod - Hinge Cab Or Front Door,VMRS_HB_COMPLETE_v20 page 7_pages_26-50.md
016-008-012,,016,008,Torque Rod Assembly,VMRS_HB_COMPLETE_v20 page 7_pages_26-50.md
016-008-038,,016,008,Torque Rod Assembly - Front Suspension,VMRS_HB_COMPLETE_v20 page 7_pages_26-50.md
016-008-154,,016,008,"Torque Rod Assembly - Top Pad, Air Suspension",VMRS_HB_COMPLETE_v20 page 7_pages_26-50.md
053-006-178,,053,006,Torque Rod End Bushing Tool,VMRS_HB_COMPLETE_v20 page 7_pages_26-50.md
014-003-042,,014,003,Torque Strut - Engine Mount,VMRS_HB_COMPLETE_v20 page 7_pages_26-50.md
013-012-024,,013,012,"Torsion - Rubber, Electric Brakes",VMRS_HB_COMPLETE_v20 page 7_pages_26-50.md
002-036-006,,002,036,Torsion Bar - Cab Tilt Mechanism,VMRS_HB_COMPLETE_v20 page 7_pages_26-50.md
016-005-234,,016,005,Torsion Bar - Rear Suspension,VMRS_HB_COMPLETE_v20 page 7_pages_26-50.md
014-004-010,,014,004,Torsion Bar - Tilt Cab,VMRS_HB_COMPLETE_v20 page 7_pages_26-50.md
002-062-040,,002,062,Torsion Bar - Trunk,VMRS_HB_COMPLETE_v20 page 7_pages_26-50.md
002-036-077,,002,036,Torsion Bar Assembly,VMRS_HB_COMPLETE_v20 page 7_pages_26-50.md
055-010-016,,055,010,Torsion Spring,VMRS_HB_COMPLETE_v20 page 7_pages_26-50.md
055-001-032,,055,001,"Torsion Spring, L. H.",VMRS_HB_COMPLETE_v20 page 7_pages_26-50.md
055-001-027,,055,001,"Iorsion Spring, R. H.",VMRS_HB_COMPLETE_v20 page 7_pages_26-50.md
999-999-000,,999,999,Total Venicle Assembly,VMRS_HB_COMPLETE_v20 page 7_pages_26-50.md
059-010-001,,059,010,Tow Bar Components,VMRS_HB_COMPLETE_v20 page 7_pages_26-50.md
059-003-002,,059,003,Tow Hook - Left,VMRS_HB_COMPLETE_v20 page 7_pages_26-50.md
059-003-003,,059,003,Tow Hook - Right,VMRS_HB_COMPLETE_v20 page 7_pages_26-50.md
059-003-000,,059,003,Tow Hooks,VMRS_HB_COMPLETE_v20 page 7_pages_26-50.md
059-008-000,,059,008,Tow Ring Assembly,VMRS_HB_COMPLETE_v20 page 7_pages_26-50.md
016-015-042,,016,015,Tower - Cab Latch,VMRS_HB_COMPLETE_v20 page 7_pages_26-50.md
026-015-024,,026,015,Tower - Shifter,VMRS_HB_COMPLETE_v20 page 7_pages_26-50.md
014-001-091,,014,001,Tower - Suspension Strut,VMRS_HB_COMPLETE_v20 page 7_pages_26-50.md
026-011-010,,026,011,Tower Assembly - Shifting,VMRS_HB_COMPLETE_v20 page 7_pages_26-50.md
059-006-000,,059,006,Iowing Hitch,VMRS_HB_COMPLETE_v20 page 7_pages_26-50.md
059-009-000,,059,009,Iowing Snackle Assembly,VMRS_HB_COMPLETE_v20 page 7_pages_26-50.md
002-011-142,,002,011,Track Automatic Seat Bolt,VMRS_HB_COMPLETE_v20 page 7_pages_26-50.md
002-011-143,,002,011,Track - Rody Bulkbead Door Aluminum Body,VMRS_HB_COMPLETE_v20 page 7_pages_26-50.md
071-025-010,,071,025,"Track - Body Bulkhead Door, Rolster",VMRS_HB_COMPLETE_v20 page 7_pages_26-50.md
071-026-060,,071,026,Track - Curtain,VMRS_HB_COMPLETE_v20 page 7_pages_26-50.md
078-027-013,,078,027,"Track - Double Row, Flanged",VMRS_HB_COMPLETE_v20 page 7_pages_26-50.md
002-018-214,,002,018,"Track - Flex Drive, Window Regulator",VMRS_HB_COMPLETE_v20 page 7_pages_26-50.md
071-020-016,,071,020,Track - Guide,VMRS_HB_COMPLETE_v20 page 7_pages_26-50.md
071-020-017,,071,020,"Track - Load, Body Floor",VMRS_HB_COMPLETE_v20 page 7_pages_26-50.md
055-012-004,,055,012,"Track - Load, Cargo Restraints",VMRS_HB_COMPLETE_v20 page 7_pages_26-50.md
172-007-004,,172,007,Track - Loader,VMRS_HB_COMPLETE_v20 page 7_pages_26-50.md
078-027-011,,078,027,"Track - Low Profile, Flanged",VMRS_HB_COMPLETE_v20 page 7_pages_26-50.md
078-027-010,,078,027,"Track - Low Profile, Single Row",VMRS_HB_COMPLETE_v20 page 7_pages_26-50.md
174-032-064,,174,032,"Irack - Occupant Restraint, Wheelchair Tie-",VMRS_HB_COMPLETE_v20 page 7_pages_26-50.md
002-048-176,,002,048,Track - Privacy Curtain Windshield,VMRS_HB_COMPLETE_v20 page 7_pages_26-50.md
072-004-002,,072,004,Track - Rear Door,VMRS_HB_COMPLETE_v20 page 7_pages_26-50.md
002-032-018,,002,032,"Track - Sleeper Curtain, Side",VMRS_HB_COMPLETE_v20 page 7_pages_26-50.md
002-019-059,,002,019,Track - Sliding Side Door,VMRS_HB_COMPLETE_v20 page 7_pages_26-50.md
078-027-012,,078,027,"Track - Standard, Single Row",VMRS_HB_COMPLETE_v20 page 7_pages_26-50.md
002-048-170,,002,048,"Track - Trash Bin, Dash",VMRS_HB_COMPLETE_v20 page 7_pages_26-50.md
055-012-013,,055,012,"Track - Winch, Tie-Down",VMRS_HB_COMPLETE_v20 page 7_pages_26-50.md
002-018-010,,002,018,Track & Rollers - Sliding Door,VMRS_HB_COMPLETE_v20 page 7_pages_26-50.md
111-001-001,,111,001,Track Assembly - Complete,VMRS_HB_COMPLETE_v20 page 7_pages_26-50.md
002-050-333,,002,050,Track Assembly - Curtain,VMRS_HB_COMPLETE_v20 page 7_pages_26-50.md
016-005-157,,016,005,Track Bar Dell Jaint,VMRS_HB_COMPLETE_v20 page 7_pages_26-50.md
010-005-242,,010,005,Track Bar - Ball Joint,VMRS_HB_COMPLETE_v20 page 7_pages_26-50.md
011-001-072,,011,001,Track Bar - Front Spring,VMRS_HB_COMPLETE_v20 page 7_pages_26-50.md
002-027-110,,002,027,Track Kit,VMRS_HB_COMPLETE_v20 page 7_pages_26-50.md
174-001-066,,174,001,"Track, Seat Mounting - Interior Bus Floor",VMRS_HB_COMPLETE_v20 page 7_pages_26-50.md
174-019-001,,174,019,"Track, Slide - Driver Sun Visor & Defogger",VMRS_HB_COMPLETE_v20 page 7_pages_26-50.md
063-008-002,,063,008,"Tracker - GSM Assembly, Cab",VMRS_HB_COMPLETE_v20 page 7_pages_26-50.md
063-009-002,,063,009,"Tracker - GSM Assembly, Trailer",VMRS_HB_COMPLETE_v20 page 7_pages_26-50.md
016-009-022,,016,009,Tracking - Rod,VMRS_HB_COMPLETE_v20 page 7_pages_26-50.md
121-002-000,,121,002,Tracks - Final Drive,VMRS_HB_COMPLETE_v20 page 7_pages_26-50.md
013-011-077,,013,011,Traction Control Valve (TCV) - Antilock Brakes,VMRS_HB_COMPLETE_v20 page 7_pages_26-50.md
053-001-012,,053,001,"Traction Device, Automatic - Complete Assembly",VMRS_HB_COMPLETE_v20 page 7_pages_26-50.md
013-010-016,,013,010,Tractor Protection Control Valve,VMRS_HB_COMPLETE_v20 page 7_pages_26-50.md
174-037-006,,174,037,Irade Name,VMRS_HB_COMPLETE_v20 page 7_pages_26-50.md
055-001-098,,055,001,Trail Charger Assembly,VMRS_HB_COMPLETE_v20 page 7_pages_26-50.md
013-010-488,,013,010,Trailer Frame & Support,VMRS_HB_COMPLETE_v20 page 7_pages_26-50.md
079-000-000,,079,000,Trailer Safety/Stability Devices,VMRS_HB_COMPLETE_v20 page 7_pages_26-50.md
036-011-000,,036,011,Trailer Sensor System,VMRS_HB_COMPLETE_v20 page 7_pages_26-50.md
078-022-000,,078,022,Trailer Shelf Components,VMRS_HB_COMPLETE_v20 page 7_pages_26-50.md
018-004-000,,018,004,"Trailer/Tag, Pusher, Lift Axle Wheel End",VMRS_HB_COMPLETE_v20 page 7_pages_26-50.md
016-008-007,,016,008,Trailing Arm,VMRS_HB_COMPLETE_v20 page 7_pages_26-50.md
016-008-034,,016,008,Trailing Arm - Front Suspension,VMRS_HB_COMPLETE_v20 page 7_pages_26-50.md
021-001-039,,021,001,Transaxle Assembly - Driven Front Steer Axle,VMRS_HB_COMPLETE_v20 page 7_pages_26-50.md
021-009-000,,021,009,Transaxle Assembly - Driven Front Steer Axle,VMRS_HB_COMPLETE_v20 page 7_pages_26-50.md
063-003-000,,063,003,Transceiver - Satellite Communications Systems,VMRS_HB_COMPLETE_v20 page 7_pages_26-50.md
062-005-000,,062,005,Components,VMRS_HB_COMPLETE_v20 page 7_pages_26-50.md
063-005-000,,063,005,Transceiver / Antenna Unit,VMRS_HB_COMPLETE_v20 page 7_pages_26-50.md
063-003-003,,063,003,Transceiver Assembly - Satellite,VMRS_HB_COMPLETE_v20 page 7_pages_26-50.md
045-021-021,,045,021,Transducer,VMRS_HB_COMPLETE_v20 page 7_pages_26-50.md
082-008-079,,082,008,"Transducer - Discharge, Condenser Pressure",VMRS_HB_COMPLETE_v20 page 7_pages_26-50.md
042-003-132,,042,003,Transducer - Hydraulic Fan Drive,VMRS_HB_COMPLETE_v20 page 7_pages_26-50.md
027-024-125,,027,024,Transducer - PressureTransducer - Pressure Air Brake Chamber,VMRS_HB_COMPLETE_v20 page 7_pages_26-50.md
001-001-402,,001,001,"Transducer - Pressure, Air Conditioner",VMRS_HB_COMPLETE_v20 page 7_pages_26-50.md
015-012-010,,015,012,"Transducer - Pressure, Electronic Stability",VMRS_HB_COMPLETE_v20 page 7_pages_26-50.md
017-009-050,,017,009,"Transducer - Pressure, Tire Pressure Inflation",VMRS_HB_COMPLETE_v20 page 7_pages_26-50.md
082-008-095,,082,008,"Transducer - Suction, Condenser Pressure",VMRS_HB_COMPLETE_v20 page 7_pages_26-50.md
082-001-101,,082,001,"Transducer - Suction, Evaporator, Reeler",VMRS_HB_COMPLETE_v20 page 7_pages_26-50.md
001-001-044,,001,001,Transducer - vacuumTransducer Assembly - Roof Air Deflector,VMRS_HB_COMPLETE_v20 page 7_pages_26-50.md
025-000-000,,025,000,Transfer Case,VMRS_HB_COMPLETE_v20 page 7_pages_26-50.md
049-005-000,,049,005,Transfer Case - Hybrid,VMRS_HB_COMPLETE_v20 page 7_pages_26-50.md
025-001-000,,025,001,Transfer Case Assembly,VMRS_HB_COMPLETE_v20 page 7_pages_26-50.md
013-010-006,,013,010,Transfer Or Double Check Valve - Air Brake,VMRS_HB_COMPLETE_v20 page 7_pages_26-50.md
044-003-305,,044,003,"Transformer - Isolation, Fuel System",VMRS_HB_COMPLETE_v20 page 7_pages_26-50.md
046-004-004,,046,004,Transformer - Solid State Controls,VMRS_HB_COMPLETE_v20 page 7_pages_26-50.md
153-002-009,,153,002,Transformer - Stationary Generator,VMRS_HB_COMPLETE_v20 page 7_pages_26-50.md
002-006-136,,002,006,Transformer - Sunroof,VMRS_HB_COMPLETE_v20 page 7_pages_26-50.md
082-005-013,,082,005,Transformer - Thermostat Assembly,VMRS_HB_COMPLETE_v20 page 7_pages_26-50.md
046-004-017,,046,004,"Transistor - Control, Solid State Controls",VMRS_HB_COMPLETE_v20 page 7_pages_26-50.md
031-002-006,,031,002,Transistors - Regulator,VMRS_HB_COMPLETE_v20 page 7_pages_26-50.md
051-005-021,,051,005,Transmission Automated Hybrid,VMRS_HB_COMPLETE_v20 page 7_pages_26-50.md
028-006-000,,028,006,Transmission - Auxiliary,VMRS_HB_COMPLETE_v20 page 7_pages_26-50.md
082-007-002,,082,007,Transmission - Compressor To Prime Mover,VMRS_HB_COMPLETE_v20 page 7_pages_26-50.md
002-060-055,,002,060,Transmission - Convertible Top,VMRS_HB_COMPLETE_v20 page 7_pages_26-50.md
027-042-000,,027,042,Transmission - Electric Vehicle,VMRS_HB_COMPLETE_v20 page 7_pages_26-50.md
026-000-000,,026,000,"Transmission - Main, Manual",VMRS_HB_COMPLETE_v20 page 7_pages_26-50.md
002-010-110,,002,010,"Transmission - MOLOR, MILLION",VMRS_HB_COMPLETE_v20 page 7_pages_26-50.md
043-004-141,,043,004,Transmission - Turbocompound,VMRS_HB_COMPLETE_v20 page 7_pages_26-50.md
026-001-063,,026,001,Transmission Assembly,VMRS_HB_COMPLETE_v20 page 7_pages_26-50.md
027-037-000,,027,037,Transmission Assembly - Automatic,VMRS_HB_COMPLETE_v20 page 7_pages_26-50.md
027-037-001,,027,037,"Transmission Assembly - Complete, Automatic",VMRS_HB_COMPLETE_v20 page 7_pages_26-50.md
026-012-001,,026,012,"Transmission Assembly - Complete, Manual",VMRS_HB_COMPLETE_v20 page 7_pages_26-50.md
027-042-001,,027,042,Transmission Assembly - Electric Vehicle,VMRS_HB_COMPLETE_v20 page 7_pages_26-50.md
026-012-000,,026,012,Transmission Assembly - Manual,VMRS_HB_COMPLETE_v20 page 7_pages_26-50.md
026-011-000,,026,011,Transmission External Control,VMRS_HB_COMPLETE_v20 page 7_pages_26-50.md
002-035-040,,002,035,Transmission Gear - Wiper Motor,VMRS_HB_COMPLETE_v20 page 7_pages_26-50.md
058-005-000,,058,005,"Transmission, Gear, Housing",VMRS_HB_COMPLETE_v20 page 7_pages_26-50.md
052-005-000,,052,005,Transmitter - CB,VMRS_HB_COMPLETE_v20 page 7_pages_26-50.md
002-011-138,,002,011,Transmitter - Garage Door,VMRS_HB_COMPLETE_v20 page 7_pages_26-50.md
018-007-003,,018,007,Transmitter - Hub Monitoring System,VMRS_HB_COMPLETE_v20 page 7_pages_26-50.md
099-008-007,,099,008,Transmitter - Remote Automated Fuel Transfer,VMRS_HB_COMPLETE_v20 page 7_pages_26-50.md
003-005-003,,003,005,Transmitter - Security System,VMRS_HB_COMPLETE_v20 page 7_pages_26-50.md
017-009-069,,017,009,Transmitter - Tire Pressure Monitor,VMRS_HB_COMPLETE_v20 page 7_pages_26-50.md
052-005-001,,052,005,Transmitter Assembly - CB,VMRS_HB_COMPLETE_v20 page 7_pages_26-50.md
036-004-000,,036,004,Transponder,VMRS_HB_COMPLETE_v20 page 7_pages_26-50.md
036-004-004,,036,004,Transponder - Entry/Egress,VMRS_HB_COMPLETE_v20 page 7_pages_26-50.md
036-004-003,,036,004,Transponder - Venicle Data,VMRS_HB_COMPLETE_v20 page 7_pages_26-50.md
050-004-001,,050,004,Transponder Onit - Complete,VMRS_HB_COMPLETE_v20 page 7_pages_26-50.md
174-001-227,,174,001,Trash Guard - Window. Bus Body,VMRS_HB_COMPLETE_v20 page 7_pages_26-50.md
168-006-017,,168,006,"Travel Lock - Boom, Mower",VMRS_HB_COMPLETE_v20 page 7_pages_26-50.md
,011-033,011,033,"Tray - Assembly, Outward Opening Entrance",VMRS_HB_COMPLETE_v20 page 7_pages_26-50.md
,050-136,050,136,DoorTray - Bunk End,VMRS_HB_COMPLETE_v20 page 7_pages_26-50.md
,001-071,001,071,Tray - Chain Automatic Traction Device,VMRS_HB_COMPLETE_v20 page 7_pages_26-50.md
,011-055,011,055,Tray - Cooler Cabinet,VMRS_HB_COMPLETE_v20 page 7_pages_26-50.md
,008-026,008,026,"Tray - Drip, Refrigerator",VMRS_HB_COMPLETE_v20 page 7_pages_26-50.md
,048-101,048,101,Tray - End Bunk,VMRS_HB_COMPLETE_v20 page 7_pages_26-50.md
,050-699,050,699,Tray - End Bunk,VMRS_HB_COMPLETE_v20 page 7_pages_26-50.md
,008-041,008,041,Tray - Engine Cover,VMRS_HB_COMPLETE_v20 page 7_pages_26-50.md
,001-094,001,094,"Tray - High Voltage Battery, Hybrid",VMRS_HB_COMPLETE_v20 page 7_pages_26-50.md
,005-033,005,033,"Tray - Lower Section, Battery Box",VMRS_HB_COMPLETE_v20 page 7_pages_26-50.md
,020-008,020,008,"Tray - Module, Bus Drivers Control Console",VMRS_HB_COMPLETE_v20 page 7_pages_26-50.md
,011-009,011,009,Tray - Mounting,VMRS_HB_COMPLETE_v20 page 7_pages_26-50.md
,064-001,064,001,Tray - Package,VMRS_HB_COMPLETE_v20 page 7_pages_26-50.md
,029-043,029,043,"Tray - Passenger Seat, Back",VMRS_HB_COMPLETE_v20 page 7_pages_26-50.md
,015-029,015,029,"Tray - Power, Electric Motor",VMRS_HB_COMPLETE_v20 page 7_pages_26-50.md
,015-030,015,030,"Tray - Power, Engine",VMRS_HB_COMPLETE_v20 page 7_pages_26-50.md
,005-015,005,015,Tray - Rain,VMRS_HB_COMPLETE_v20 page 7_pages_26-50.md
,019-003,019,003,Tray - Roller Bed,VMRS_HB_COMPLETE_v20 page 7_pages_26-50.md
,027-242,027,242,"Tray - Storage, Box Seat Base",VMRS_HB_COMPLETE_v20 page 7_pages_26-50.md
,011-068,011,068,"Tray - Storage, Console",VMRS_HB_COMPLETE_v20 page 7_pages_26-50.md
,048-028,048,028,"Tray - Storage, Header",VMRS_HB_COMPLETE_v20 page 7_pages_26-50.md
,048-093,048,093,"Tray - Storage, Overnead",VMRS_HB_COMPLETE_v20 page 7_pages_26-50.md
,008-040,008,040,"Tray - Upper, Center",VMRS_HB_COMPLETE_v20 page 7_pages_26-50.md
,048-053,048,053,Tray Assembly Slooper,VMRS_HB_COMPLETE_v20 page 7_pages_26-50.md
,040-033,040,033,Tread - Anti-Skid Storage Compartment,VMRS_HB_COMPLETE_v20 page 7_pages_26-50.md
,002-018,002,018,Tread - Bus Entry Step,VMRS_HB_COMPLETE_v20 page 7_pages_26-50.md
,050-590,050,590,Tread - Step Cabinet,VMRS_HB_COMPLETE_v20 page 7_pages_26-50.md
,002-074,002,074,"Tread - Step, Front Bumper",VMRS_HB_COMPLETE_v20 page 7_pages_26-50.md
,001-017,001,017,Tread Plate,VMRS_HB_COMPLETE_v20 page 7_pages_26-50.md
,033-048,033,048,Tread Plate - Platform,VMRS_HB_COMPLETE_v20 page 7_pages_26-50.md
,999-248,999,248,Treatment - Engine,VMRS_HB_COMPLETE_v20 page 7_pages_26-50.md
,999-253,999,253,Treatment - Power Steering,VMRS_HB_COMPLETE_v20 page 7_pages_26-50.md
,001-016,001,016,Tree Assembly - Mower,VMRS_HB_COMPLETE_v20 page 7_pages_26-50.md
,001-000,001,000,Trencher Assembly,VMRS_HB_COMPLETE_v20 page 7_pages_26-50.md
,010-125,010,125,Iri-Pod Assembly - Mirror,VMRS_HB_COMPLETE_v20 page 7_pages_26-50.md
,049-020,049,020,Trim A Doot,VMRS_HB_COMPLETE_v20 page 7_pages_26-50.md
,040-020,040,020,Trim Air Vont,VMRS_HB_COMPLETE_v20 page 7_pages_26-50.md
,040-000,040,000,Trim - Back (Bucket Type) Front Seat,VMRS_HB_COMPLETE_v20 page 7_pages_26-50.md
,029-002,029,002,"Trim - Back (Eull Or Split Type), Front Seat",VMRS_HB_COMPLETE_v20 page 7_pages_26-50.md
,029-014,029,014,Trim - Back Cushion Center Seat,VMRS_HB_COMPLETE_v20 page 7_pages_26-50.md
,029-008,029,008,Trim - Back. Rear Seat,VMRS_HB_COMPLETE_v20 page 7_pages_26-50.md
,050-645,050,645,"Trim - Beltline, Sleeper",VMRS_HB_COMPLETE_v20 page 7_pages_26-50.md
,034-015,034,015,Trim - Body Panel,VMRS_HB_COMPLETE_v20 page 7_pages_26-50.md
,002-071,002,071,Trim - Bumper,VMRS_HB_COMPLETE_v20 page 7_pages_26-50.md
,048-116,048,116,Trim - Bunk Catch,VMRS_HB_COMPLETE_v20 page 7_pages_26-50.md
,050-703,050,703,Trim - Bunk Catch,VMRS_HB_COMPLETE_v20 page 7_pages_26-50.md
,006-015,006,015,Trim - Bus Body Side Push-Out Window,VMRS_HB_COMPLETE_v20 page 7_pages_26-50.md
,005-024,005,024,Trim - Bus Body Side Window,VMRS_HB_COMPLETE_v20 page 7_pages_26-50.md
,001-158,001,158,Irim - Bus Door Header,VMRS_HB_COMPLETE_v20 page 7_pages_26-50.md
,009-009,009,009,Trim - Bus Drivers Side Silding Window,VMRS_HB_COMPLETE_v20 page 7_pages_26-50.md
,001-134,001,134,Trim Bus Floor Covering,VMRS_HB_COMPLETE_v20 page 7_pages_26-50.md
,001-125,001,125,Trim - Bus Soat,VMRS_HB_COMPLETE_v20 page 7_pages_26-50.md
,022-021,022,021,Trim - Bus Window Header,VMRS_HB_COMPLETE_v20 page 7_pages_26-50.md
,032-005,032,005,Trim - Center Pillar,VMRS_HB_COMPLETE_v20 page 7_pages_26-50.md
,025-026,025,026,Trim - Center Post,VMRS_HB_COMPLETE_v20 page 7_pages_26-50.md
,032-028,032,028,Trim - Chassis,VMRS_HB_COMPLETE_v20 page 7_pages_26-50.md
,048-034,048,034,Trim - Corner,VMRS_HB_COMPLETE_v20 page 7_pages_26-50.md
,001-180,001,180,"Trim - Corner Panel, Rear",VMRS_HB_COMPLETE_v20 page 7_pages_26-50.md
,005-026,005,026,Trim - Cowl,VMRS_HB_COMPLETE_v20 page 7_pages_26-50.md
,029-001,029,001,"Trim - Cushion (Bench Type), Front Seat",VMRS_HB_COMPLETE_v20 page 7_pages_26-50.md
,029-003,029,003,"Trim - Cushion (Bucket Type), Front Seat",VMRS_HB_COMPLETE_v20 page 7_pages_26-50.md
,029-011,029,011,"Trim - Cushion, Auxiliary Seat",VMRS_HB_COMPLETE_v20 page 7_pages_26-50.md
,029-013,029,013,"Trim - Cushion, Center Seat",VMRS_HB_COMPLETE_v20 page 7_pages_26-50.md
002-050-781,,002,050,,VMRS_HB_COMPLETE_v20 page 7_pages_26-50.md
002-008-104,,002,008,"Trim - Dash, Front",VMRS_HB_COMPLETE_v20 page 7_pages_26-50.md
002-010-134,,002,010,,VMRS_HB_COMPLETE_v20 page 7_pages_26-50.md
002-048-059,,002,048,,VMRS_HB_COMPLETE_v20 page 7_pages_26-50.md
002-048-056,,002,048,,VMRS_HB_COMPLETE_v20 page 7_pages_26-50.md
002-048-069,,002,048,Trim - Door Post,VMRS_HB_COMPLETE_v20 page 7_pages_26-50.md
002-050-061,,002,050,,VMRS_HB_COMPLETE_v20 page 7_pages_26-50.md
002-044-019,,002,044,,VMRS_HB_COMPLETE_v20 page 7_pages_26-50.md
002-050-681,,002,050,"Irim - Drawer, Sleeper",VMRS_HB_COMPLETE_v20 page 7_pages_26-50.md
043-007-174,,043,007,,VMRS_HB_COMPLETE_v20 page 7_pages_26-50.md
002-013-006,,002,013,,VMRS_HB_COMPLETE_v20 page 7_pages_26-50.md
071-001-030,,071,001,Trim - Floor,VMRS_HB_COMPLETE_v20 page 7_pages_26-50.md
002-048-128,,002,048,,VMRS_HB_COMPLETE_v20 page 7_pages_26-50.md
004-005-030,,004,005,,VMRS_HB_COMPLETE_v20 page 7_pages_26-50.md
002-001-046,,002,001,,VMRS_HB_COMPLETE_v20 page 7_pages_26-50.md
002-023-063,,002,023,,VMRS_HB_COMPLETE_v20 page 7_pages_26-50.md
002-023-044,,002,023,"Trim - Handle, Inner",VMRS_HB_COMPLETE_v20 page 7_pages_26-50.md
002-004-023,,002,004,,VMRS_HB_COMPLETE_v20 page 7_pages_26-50.md
002-048-102,,002,048,,VMRS_HB_COMPLETE_v20 page 7_pages_26-50.md
002-050-364,,002,050,,VMRS_HB_COMPLETE_v20 page 7_pages_26-50.md
002-048-107,,002,048,Trim - Header Pad,VMRS_HB_COMPLETE_v20 page 7_pages_26-50.md
002-004-226,,002,004,,VMRS_HB_COMPLETE_v20 page 7_pages_26-50.md
002-048-184,,002,048,,VMRS_HB_COMPLETE_v20 page 7_pages_26-50.md
002-048-262,,002,048,,VMRS_HB_COMPLETE_v20 page 7_pages_26-50.md
002-048-251,,002,048,,VMRS_HB_COMPLETE_v20 page 7_pages_26-50.md
002-061-061,,002,061,,VMRS_HB_COMPLETE_v20 page 7_pages_26-50.md
004-005-032,,004,005,,VMRS_HB_COMPLETE_v20 page 7_pages_26-50.md
002-048-105,,002,048,,VMRS_HB_COMPLETE_v20 page 7_pages_26-50.md
002-006-105,,002,006,,VMRS_HB_COMPLETE_v20 page 7_pages_26-50.md
002-046-103,,002,046,"Trim - Netting Retainer, Overhead Console",VMRS_HB_COMPLETE_v20 page 7_pages_26-50.md
002-006-131,,002,006,,VMRS_HB_COMPLETE_v20 page 7_pages_26-50.md
002-006-140,,002,006,Trim - Opening Roof,VMRS_HB_COMPLETE_v20 page 7_pages_26-50.md
001-002-206,,001,002,,VMRS_HB_COMPLETE_v20 page 7_pages_26-50.md
002-064-004,,002,064,,VMRS_HB_COMPLETE_v20 page 7_pages_26-50.md
002-017-060,,002,017,,VMRS_HB_COMPLETE_v20 page 7_pages_26-50.md
174-001-181,,174,001,,VMRS_HB_COMPLETE_v20 page 7_pages_26-50.md
014-011-017,,014,011,,VMRS_HB_COMPLETE_v20 page 7_pages_26-50.md
002-032-008,,002,032,,VMRS_HB_COMPLETE_v20 page 7_pages_26-50.md
002-029-007,,002,029,,VMRS_HB_COMPLETE_v20 page 7_pages_26-50.md
002-050-025,,002,050,,VMRS_HB_COMPLETE_v20 page 7_pages_26-50.md
071-004-023,,071,004,,VMRS_HB_COMPLETE_v20 page 7_pages_26-50.md
002-050-125,,002,050,"Trim - Rear Window, Sleeper",VMRS_HB_COMPLETE_v20 page 7_pages_26-50.md
002-029-000,,002,029,,VMRS_HB_COMPLETE_v20 page 7_pages_26-50.md
002-029-012,,002,029,,VMRS_HB_COMPLETE_v20 page 7_pages_26-50.md
002-011-136,,002,011,,VMRS_HB_COMPLETE_v20 page 7_pages_26-50.md
002-027-186,,002,027,,VMRS_HB_COMPLETE_v20 page 7_pages_26-50.md
002-050-167,,002,050,,VMRS_HB_COMPLETE_v20 page 7_pages_26-50.md
002-030-072,,002,030,,VMRS_HB_COMPLETE_v20 page 7_pages_26-50.md
002-050-107,,002,050,Trim - Side Panel,VMRS_HB_COMPLETE_v20 page 7_pages_26-50.md
004-005-038,,004,005,,VMRS_HB_COMPLETE_v20 page 7_pages_26-50.md
078-025-022,,078,025,Trim - Side Panel,VMRS_HB_COMPLETE_v20 page 7_pages_26-50.md
002-032-009,,002,032,"Trim - Sidewall, Rear Compartment",VMRS_HB_COMPLETE_v20 page 7_pages_26-50.md
002-020-075,,002,020,,VMRS_HB_COMPLETE_v20 page 7_pages_26-50.md
174-002-021,,174,002,,VMRS_HB_COMPLETE_v20 page 7_pages_26-50.md
002-048-021,,002,048,,VMRS_HB_COMPLETE_v20 page 7_pages_26-50.md
002-032-014,,002,032,,VMRS_HB_COMPLETE_v20 page 7_pages_26-50.md
002-032-011,,002,032,,VMRS_HB_COMPLETE_v20 page 7_pages_26-50.md
002-032-004,,002,032,Trim - Sun Visor,VMRS_HB_COMPLETE_v20 page 7_pages_26-50.md
078-014-008,,078,014,,VMRS_HB_COMPLETE_v20 page 7_pages_26-50.md
002-048-035,,002,048,,VMRS_HB_COMPLETE_v20 page 7_pages_26-50.md
174-004-019,,174,004,,VMRS_HB_COMPLETE_v20 page 7_pages_26-50.md
002-050-325,,002,050,,VMRS_HB_COMPLETE_v20 page 7_pages_26-50.md
002-046-050,,002,046,,VMRS_HB_COMPLETE_v20 page 7_pages_26-50.md
002-017-032,,002,017,,VMRS_HB_COMPLETE_v20 page 7_pages_26-50.md
002-046-055,,002,046,,VMRS_HB_COMPLETE_v20 page 7_pages_26-50.md
002-015-203,,002,015,,VMRS_HB_COMPLETE_v20 page 7_pages_26-50.md
002-048-033,,002,048,,VMRS_HB_COMPLETE_v20 page 7_pages_26-50.md
053-013-004,,053,013,,VMRS_HB_COMPLETE_v20 page 7_pages_26-50.md
000-010-004,,000,010,,VMRS_HB_COMPLETE_v20 page 7_pages_26-50.md
078-000-000,,078,000,,VMRS_HB_COMPLETE_v20 page 7_pages_26-50.md
172-009-000,,172,009,,VMRS_HB_COMPLETE_v20 page 7_pages_26-50.md
052-007-026,,052,007,,VMRS_HB_COMPLETE_v20 page 7_pages_26-50.md
002-008-095,,002,008,,VMRS_HB_COMPLETE_v20 page 7_pages_26-50.md
002-011-040,,002,011,,VMRS_HB_COMPLETE_v20 page 7_pages_26-50.md
002-050-710,,002,050,,VMRS_HB_COMPLETE_v20 page 7_pages_26-50.md
002-008-144,,002,008,Trim Panel - Instrument Panel,VMRS_HB_COMPLETE_v20 page 7_pages_26-50.md
002-050-675,,002,050,"Trim Panel - Shelf, Upper Deck",VMRS_HB_COMPLETE_v20 page 7_pages_26-50.md
002-032-006,,002,032,Trim Panel - Side Door,VMRS_HB_COMPLETE_v20 page 7_pages_26-50.md
002-012-113,,002,012,Trim Plate - Floor Pan,VMRS_HB_COMPLETE_v20 page 7_pages_26-50.md
002-008-145,,002,008,Trim Plate - Instrument Panel,VMRS_HB_COMPLETE_v20 page 7_pages_26-50.md
002-048-205,,002,048,Trim Plate - Overhead Console,VMRS_HB_COMPLETE_v20 page 7_pages_26-50.md
002-011-043,,002,011,Trim Ring - Ashtray,VMRS_HB_COMPLETE_v20 page 7_pages_26-50.md
041-001-066,,041,001,"Trim Ring - Duct, Cowl Side",VMRS_HB_COMPLETE_v20 page 7_pages_26-50.md
174-001-141,,174,001,Trim Ring - Fuel Access Door,VMRS_HB_COMPLETE_v20 page 7_pages_26-50.md
002-048-218,,002,048,"Trim Ring - Rear Window, Cab",VMRS_HB_COMPLETE_v20 page 7_pages_26-50.md
018-003-060,,018,003,Trim Ring - Wheel,VMRS_HB_COMPLETE_v20 page 7_pages_26-50.md
002-050-328,,002,050,Trim Ring - Window,VMRS_HB_COMPLETE_v20 page 7_pages_26-50.md
174-015-007,,174,015,"Trim Ring, Interior - Roof Emergency Escape",VMRS_HB_COMPLETE_v20 page 7_pages_26-50.md
000-050-100,,000,050,"HalchTrim Strin, Sleeper",VMRS_HB_COMPLETE_v20 page 7_pages_26-50.md
002-050-195,,002,050,Trim Tab Extender Doof Fairing Loft,VMRS_HB_COMPLETE_v20 page 7_pages_26-50.md
004-003-020,,004,003,"Trim Tab - Extender, Roof Fairing, Left",VMRS_HB_COMPLETE_v20 page 7_pages_26-50.md
004-006-006,,004,006,"Trim Tab - Extender, Noor Fairing, Right",VMRS_HB_COMPLETE_v20 page 7_pages_26-50.md
004-006-007,,004,006,"Trim Tab - Extender, Sleeper Hoor Fairing, Leit",VMRS_HB_COMPLETE_v20 page 7_pages_26-50.md
004-006-005,,004,006,"Trim Tab - Extender, Sleeper Roof Fairing, Hight",VMRS_HB_COMPLETE_v20 page 7_pages_26-50.md
004-004-033,,004,004,"Trim Tab - Extender, Oceper Hoor Failing, Opper",VMRS_HB_COMPLETE_v20 page 7_pages_26-50.md
004-004-032,,004,004,"Trim Tab - Fairing, Cab Extender, Bight",VMRS_HB_COMPLETE_v20 page 7_pages_26-50.md
004-007-012,,004,007,"Trim Tab - Fairing, Sleeper Extender Left",VMRS_HB_COMPLETE_v20 page 7_pages_26-50.md
004-007-007,,004,007,"Trim Tab - Fairing, Sleeper Extender, Bight",VMRS_HB_COMPLETE_v20 page 7_pages_26-50.md
004-003-026,,004,003,Trim Tabs Kit - Extender Roof Fairing,VMRS_HB_COMPLETE_v20 page 7_pages_26-50.md
002-019-030,,002,019,Trim. Door - Compartment. Exterior,VMRS_HB_COMPLETE_v20 page 7_pages_26-50.md
002-019-054,,002,019,"Trim, Door - Compartment, Interior",VMRS_HB_COMPLETE_v20 page 7_pages_26-50.md
002-050-158,,002,050,Trim/Cover - Roof Bow,VMRS_HB_COMPLETE_v20 page 7_pages_26-50.md
002-004-009,,002,004,Trip - Hood Fastener Handle,VMRS_HB_COMPLETE_v20 page 7_pages_26-50.md
055-004-005,,055,004,Trip Rod Assembly - Pump,VMRS_HB_COMPLETE_v20 page 7_pages_26-50.md
071-020-005,,071,020,Trolley Assembly - Left,VMRS_HB_COMPLETE_v20 page 7_pages_26-50.md
071-020-004,,071,020,Trolley Assembly - Right,VMRS_HB_COMPLETE_v20 page 7_pages_26-50.md
199-005-000,,199,005,Trommel,VMRS_HB_COMPLETE_v20 page 7_pages_26-50.md
199-005-001,,199,005,Trommel Assembly,VMRS_HB_COMPLETE_v20 page 7_pages_26-50.md
002-005-027,,002,005,"Trough - Drip, Cowl",VMRS_HB_COMPLETE_v20 page 7_pages_26-50.md
026-010-067,,026,010,Trough - Oil,VMRS_HB_COMPLETE_v20 page 7_pages_26-50.md
022-003-124,,022,003,"Trough - Oil, Differential, Rear Axle",VMRS_HB_COMPLETE_v20 page 7_pages_26-50.md
002-059-000,,002,059,Truck Bed,VMRS_HB_COMPLETE_v20 page 7_pages_26-50.md
021-001-078,,021,001,Trunnion - Driven Front Steer Axle,VMRS_HB_COMPLETE_v20 page 7_pages_26-50.md
055-001-062,,055,001,Irunnion - Lift,VMRS_HB_COMPLETE_v20 page 7_pages_26-50.md
026-011-191,,026,011,Irunnion - Shift Iower,VMRS_HB_COMPLETE_v20 page 7_pages_26-50.md
094-006-048,,094,006,"Trunnion - Snort, Hose Reel",VMRS_HB_COMPLETE_v20 page 7_pages_26-50.md
028-006-011,,028,006,"Trunnion - Support, Auxiliary Transmission",VMRS_HB_COMPLETE_v20 page 7_pages_26-50.md
010-005-144,,010,005,Trunnion Assembly,VMRS_HB_COMPLETE_v20 page 7_pages_26-50.md
001-004-097,,001,004,"Tub - Drain, Healer and A/C, Sleeper",VMRS_HB_COMPLETE_v20 page 7_pages_26-50.md
002-030-002,,002,030,"Tub - Storage, Lower Burk",VMRS_HB_COMPLETE_v20 page 7_pages_26-50.md
003-003-019,,003,003,Tube - Cooler Manifold,VMRS_HB_COMPLETE_v20 page 7_pages_26-50.md
082-031-056,,082,031,Tube - 3-Way to Joint Hot Gas,VMRS_HB_COMPLETE_v20 page 7_pages_26-50.md
094-013-011,,094,013,Tube - Abrasive Dry Product,VMRS_HB_COMPLETE_v20 page 7_pages_26-50.md
082-011-037,,082,011,Tube - Accumulator Tank Bleed,VMRS_HB_COMPLETE_v20 page 7_pages_26-50.md
082-031-035,,082,031,Tube - Accumulator Tank Bleed,VMRS_HB_COMPLETE_v20 page 7_pages_26-50.md
061-012-007,,061,012,"Tube - Air Evacuate, Stand Pipe",VMRS_HB_COMPLETE_v20 page 7_pages_26-50.md
043-004-017,,043,004,Tube - Air Intake To Turbocharger,VMRS_HB_COMPLETE_v20 page 7_pages_26-50.md
001-003-043,,001,003,"Tube - Air Intake, Auxiliary Heater",VMRS_HB_COMPLETE_v20 page 7_pages_26-50.md
094-008-015,,094,008,Tube - Air Supply,VMRS_HB_COMPLETE_v20 page 7_pages_26-50.md
172-007-082,,172,007,"Tube - Arm Mast, Loader",VMRS_HB_COMPLETE_v20 page 7_pages_26-50.md
022-001-005,,022,001,Tube - Axle,VMRS_HB_COMPLETE_v20 page 7_pages_26-50.md
094-009-004,,094,009,Tube - Blowdown,VMRS_HB_COMPLETE_v20 page 7_pages_26-50.md
041-003-018,,041,003,Tube - Blower Oiler,VMRS_HB_COMPLETE_v20 page 7_pages_26-50.md
002-057-031,,002,057,"Tube - Bracket, Clock Spring",VMRS_HB_COMPLETE_v20 page 7_pages_26-50.md
013-004-044,,013,004,"Tube - Breather, Brake Chamber",VMRS_HB_COMPLETE_v20 page 7_pages_26-50.md
094-013-022,,094,013,Tube - Bulk Product Transfer,VMRS_HB_COMPLETE_v20 page 7_pages_26-50.md
082-011-016,,082,011,Tube - Bulkhead To Heat Exchanger,VMRS_HB_COMPLETE_v20 page 7_pages_26-50.md
082-031-014,,082,031,Tube - Bulkhead To Heat Exchanger,VMRS_HB_COMPLETE_v20 page 7_pages_26-50.md
,001-034,001,034,"Tube - Bumper, Hear Wall",VMRS_HB_COMPLETE_v20 page 7_pages_26-50.md
001-003-060,,001,003,"Tube - Burner, Auxillary Heater",VMRS_HB_COMPLETE_v20 page 7_pages_26-50.md
082-011-017,,082,011,,VMRS_HB_COMPLETE_v20 page 7_pages_26-50.md
002-031-015,,002,031,Tube - Bypass Check Valve To Defrost Tube,VMRS_HB_COMPLETE_v20 page 7_pages_26-50.md
013-002-176,,013,002,Tube - Bypass Check Valve To Defrost TubeTube - Bypass Check Valve To Defrost Tube,VMRS_HB_COMPLETE_v20 page 7_pages_26-50.md
082-033-025,,082,033,"Tube - Engine Cooling, Engine to Radiator,",VMRS_HB_COMPLETE_v20 page 7_pages_26-50.md
015-004-053,,015,004,Tube - Center,VMRS_HB_COMPLETE_v20 page 7_pages_26-50.md
082-011-018,,082,011,Tube - Check Valve To Receiver Tank,VMRS_HB_COMPLETE_v20 page 7_pages_26-50.md
016-005-097,,016,005,Tube - Equalizer,VMRS_HB_COMPLETE_v20 page 7_pages_26-50.md
082-031-016,,082,031,Tube - Check Valve To Receiver Tank,VMRS_HB_COMPLETE_v20 page 7_pages_26-50.md
082-011-024,,082,011,"Tube - Equalizer, Expansion Valve",VMRS_HB_COMPLETE_v20 page 7_pages_26-50.md
094-013-015,,094,013,Tube - Chemical Liquid Product,VMRS_HB_COMPLETE_v20 page 7_pages_26-50.md
082-031-022,,082,031,"Tube - Equalizer, Expansion Valve",VMRS_HB_COMPLETE_v20 page 7_pages_26-50.md
023-002-042,,023,002,Tube - Clutch Lube,VMRS_HB_COMPLETE_v20 page 7_pages_26-50.md
082-031-052,,082,031,"Tube - Evaporator to Heat Exchanger, Reefer",VMRS_HB_COMPLETE_v20 page 7_pages_26-50.md
023-001-059,,023,001,Tube - Clutch Pedal Shaft,VMRS_HB_COMPLETE_v20 page 7_pages_26-50.md
001-001-291,,001,001,"Tube - Evaporator, Liquid Line",VMRS_HB_COMPLETE_v20 page 7_pages_26-50.md
172-002-009,,172,002,Tube - Compaction Assembly,VMRS_HB_COMPLETE_v20 page 7_pages_26-50.md
041-004-040,,041,004,"Tube - Extension, Air Supply Duct, Charge Air",VMRS_HB_COMPLETE_v20 page 7_pages_26-50.md
082-011-042,,082,011,Tube - Compound Gauge,VMRS_HB_COMPLETE_v20 page 7_pages_26-50.md
001-004-090,,001,004,CoolerTuba Extension Water Value Hester And A/C,VMRS_HB_COMPLETE_v20 page 7_pages_26-50.md
062-031-040,,062,031,Tube - Compound Gauge,VMRS_HB_COMPLETE_v20 page 7_pages_26-50.md
001-004-060,,001,004,"Tube - Extension, water valve, Heater And A/C,",VMRS_HB_COMPLETE_v20 page 7_pages_26-50.md
013-009-013,,013,009,Tube - Contensor To Check Valve,VMRS_HB_COMPLETE_v20 page 7_pages_26-50.md
267-002-001,,267,002,Jube - Feeder Assembly,VMRS_HB_COMPLETE_v20 page 7_pages_26-50.md
082-031-017,,082,031,Tube - Condenser To Check Valve,VMRS_HB_COMPLETE_v20 page 7_pages_26-50.md
044-001-099,,044,001,Tube - Filler Reservoir,VMRS_HB_COMPLETE_v20 page 7_pages_26-50.md
002-015-054,,002,015,Tube - Connecting,VMRS_HB_COMPLETE_v20 page 7_pages_26-50.md
094-013-018,,094,013,Tube - Flammable Gas Product,VMRS_HB_COMPLETE_v20 page 7_pages_26-50.md
172-001-027,,172,001,Tube - Container Body,VMRS_HB_COMPLETE_v20 page 7_pages_26-50.md
082-029-036,,082,029,"Tube - Floor Drain, Reefer",VMRS_HB_COMPLETE_v20 page 7_pages_26-50.md
027-024-035,,027,024,"Tube - Control Valve, Automatic Transmission",VMRS_HB_COMPLETE_v20 page 7_pages_26-50.md
065-017-025,,065,017,Tube - Fluid Inlet,VMRS_HB_COMPLETE_v20 page 7_pages_26-50.md
044-003-297,,044,003,"Tube - Control, Fuel Injector",VMRS_HB_COMPLETE_v20 page 7_pages_26-50.md
055-010-046,,055,010,Tube - Fluid Inlet on Reservoir,VMRS_HB_COMPLETE_v20 page 7_pages_26-50.md
013-009-132,,013,009,"Tube - Coolant, Air Compressor Inlet",VMRS_HB_COMPLETE_v20 page 7_pages_26-50.md
065-017-026,,065,017,Tube - Fluid Outlet,VMRS_HB_COMPLETE_v20 page 7_pages_26-50.md
013-009-137,,013,009,"Tube - Coolant, Air Compressor Outlet,",VMRS_HB_COMPLETE_v20 page 7_pages_26-50.md
055-010-047,,055,010,Tube - Fluid Return,VMRS_HB_COMPLETE_v20 page 7_pages_26-50.md
082-030-009,,082,030,Tube - Focus,VMRS_HB_COMPLETE_v20 page 7_pages_26-50.md
013-009-138,,013,009,"Tube - Coolant, Air Compressor, Primary",VMRS_HB_COMPLETE_v20 page 7_pages_26-50.md
151-001-109,,151,001,"Tube - Fuel Pick-Up, APU",VMRS_HB_COMPLETE_v20 page 7_pages_26-50.md
043-001-198,,043,001,"Tube - Coolant, EGR Cooler Supply",VMRS_HB_COMPLETE_v20 page 7_pages_26-50.md
151-001-007,,151,001,"Tube - Fuel Pickup, APU",VMRS_HB_COMPLETE_v20 page 7_pages_26-50.md
001-004-029,,001,004,"Tube - Cooling, Motor, Sleeper",VMRS_HB_COMPLETE_v20 page 7_pages_26-50.md
151-001-093,,151,001,"Tube - Fuel Return, Fuel Injection Valve, APU",VMRS_HB_COMPLETE_v20 page 7_pages_26-50.md
094-013-016,,094,013,Tube - Corrosive Chemical Liquid Product,VMRS_HB_COMPLETE_v20 page 7_pages_26-50.md
151-002-013,,151,002,"Tube - Fuel, Heater, APU",VMRS_HB_COMPLETE_v20 page 7_pages_26-50.md
094-001-023,,094,001,"Tube - Crossover, Abrasive Dry Product",VMRS_HB_COMPLETE_v20 page 7_pages_26-50.md
044-006-003,,044,006,Tube - Governor Vacuum,VMRS_HB_COMPLETE_v20 page 7_pages_26-50.md
094-001-027,,094,001,"Tube - Crossover, Chemical Liquid Product",VMRS_HB_COMPLETE_v20 page 7_pages_26-50.md
023-001-060,,023,001,Tube - Grease Fitting,VMRS_HB_COMPLETE_v20 page 7_pages_26-50.md
094-001-028,,094,001,"Tube - Crossover, Corrosive Chemical Liquid",VMRS_HB_COMPLETE_v20 page 7_pages_26-50.md
016-005-207,,016,005,Tube - Hanger Cover,VMRS_HB_COMPLETE_v20 page 7_pages_26-50.md
002-027-070,,002,027,Tube - Head Restraint,VMRS_HB_COMPLETE_v20 page 7_pages_26-50.md
094-001-030,,094,001,"Tube - Crossover, Flammable Gas Product",VMRS_HB_COMPLETE_v20 page 7_pages_26-50.md
044-009-011,,044,009,Tube - Heat Exchanger,VMRS_HB_COMPLETE_v20 page 7_pages_26-50.md
094-001-024,,094,001,"Tube - Crossover, Nonabrasive Dry Product",VMRS_HB_COMPLETE_v20 page 7_pages_26-50.md
082-011-025,,082,011,Tube - Heat Exchanger To Expansion Valve,VMRS_HB_COMPLETE_v20 page 7_pages_26-50.md
094-001-031,,094,001,"Tube - Crossover, Nonliammable Gas Product",VMRS_HB_COMPLETE_v20 page 7_pages_26-50.md
082-031-023,,082,031,Tube - Heat Exchanger To Expansion valve,VMRS_HB_COMPLETE_v20 page 7_pages_26-50.md
094-001-025,,094,001,"Tube - Crossover, Petroleum Liquid Product",VMRS_HB_COMPLETE_v20 page 7_pages_26-50.md
151-001-127,,151,001,Tube - Healer Core,VMRS_HB_COMPLETE_v20 page 7_pages_26-50.md
101-001-107,,101,001,"Tube - Hose to Radiator, APO",VMRS_HB_COMPLETE_v20 page 7_pages_26-50.md
094-001-029,,094,001,"Tube - Crossover, Sanitary Elquid Floduct",VMRS_HB_COMPLETE_v20 page 7_pages_26-50.md
082-011-020,,082,011,"Tube - Hot Gas, Drain Pan",VMRS_HB_COMPLETE_v20 page 7_pages_26-50.md
094-013-020,,094,013,Tube - Cryogenic Product,VMRS_HB_COMPLETE_v20 page 7_pages_26-50.md
082-001-024,,082,001,"Tube - Hot Gas, Drain Pan To Dist",VMRS_HB_COMPLETE_v20 page 7_pages_26-50.md
071-003-056,,071,003,Tube - Debris Gutter Drain,VMRS_HB_COMPLETE_v20 page 7_pages_26-50.md
082-031-025,,082,031,"Tube - Hot Gas, Drain Pan To Dist",VMRS_HB_COMPLETE_v20 page 7_pages_26-50.md
071-020-019,,071,020,Tube - Deck Support,VMRS_HB_COMPLETE_v20 page 7_pages_26-50.md
082-011-029,,082,011,"Tube - Hot Gas, Three-Way Valve To Defrost",VMRS_HB_COMPLETE_v20 page 7_pages_26-50.md
082-011-039,,082,011,Tube - Defrost,VMRS_HB_COMPLETE_v20 page 7_pages_26-50.md
082-031-037,,082,031,Tube - Defrost,VMRS_HB_COMPLETE_v20 page 7_pages_26-50.md
082-031-027,,082,031,"Tube - Hot Gas, Three-Way Valve To Defrost",VMRS_HB_COMPLETE_v20 page 7_pages_26-50.md
082-011-041,,082,011,Tube - Defrost To Dist,VMRS_HB_COMPLETE_v20 page 7_pages_26-50.md
082-031-039,,082,031,Tube - Defrost To Dist,VMRS_HB_COMPLETE_v20 page 7_pages_26-50.md
082-011-028,,082,011,"Tube - Hot Gas, Through Bulkhead",VMRS_HB_COMPLETE_v20 page 7_pages_26-50.md
082-031-026,,082,031,"Tube - Hot Gas, Through Bulkhead",VMRS_HB_COMPLETE_v20 page 7_pages_26-50.md
082-031-018,,082,031,Tube - Dehydrator To Bulkhead,VMRS_HB_COMPLETE_v20 page 7_pages_26-50.md
034-001-176,,034,001,"Tube - Housing Vent, Headlamp",VMRS_HB_COMPLETE_v20 page 7_pages_26-50.md
082-011-036,,082,011,Tube - Dehydrator To Heat Exchanger,VMRS_HB_COMPLETE_v20 page 7_pages_26-50.md
013-007-016,,013,007,"Tube - Hydraulic Brake Line, Left",VMRS_HB_COMPLETE_v20 page 7_pages_26-50.md
082-031-034,,082,031,Tube - Dehydrator To Heat Exchanger,VMRS_HB_COMPLETE_v20 page 7_pages_26-50.md
013-007-015,,013,007,"Tube - Hydraulic Brake Line, Right",VMRS_HB_COMPLETE_v20 page 7_pages_26-50.md
045-010-005,,045,010,"Tube - Dipstick, Engine Oil",VMRS_HB_COMPLETE_v20 page 7_pages_26-50.md
013-007-056,,013,007,"Tube - Hydraulic Piping, Chassis",VMRS_HB_COMPLETE_v20 page 7_pages_26-50.md
026-001-055,,026,001,"Tube - Dipstick, Manual Transmission",VMRS_HB_COMPLETE_v20 page 7_pages_26-50.md
059-032-028,,059,032,Tube - Hydraulic System,VMRS_HB_COMPLETE_v20 page 7_pages_26-50.md
001-001-027,,001,001,Tube - Discharge Crossover,VMRS_HB_COMPLETE_v20 page 7_pages_26-50.md
013-007-017,,013,007,"Tube - Hydraulic, Dieteo Brake Line",VMRS_HB_COMPLETE_v20 page 7_pages_26-50.md
082-011-022,,082,011,"Tube - Discharge, Service Valve To Vibrasorber",VMRS_HB_COMPLETE_v20 page 7_pages_26-50.md
013-007-003,,013,007,"Tube - Hydraulic, Distributor To Poar Brake Hose",VMRS_HB_COMPLETE_v20 page 7_pages_26-50.md
082-031-020,,082,031,"Tube - Discharge, Service Valve To Vibrasorbei",VMRS_HB_COMPLETE_v20 page 7_pages_26-50.md
013-007-009,,013,007,"Tube - Hydraulic, Distributor To Hear Drake Hose",VMRS_HB_COMPLETE_v20 page 7_pages_26-50.md
082-031-019,,082,031,"Tube - Discharge, Three-Way To Condenser",VMRS_HB_COMPLETE_v20 page 7_pages_26-50.md
013-007-011,,013,007,"Tube - Hydraulic, Junction To Rear Brake",VMRS_HB_COMPLETE_v20 page 7_pages_26-50.md
082-011-023,,082,011,"Tube - Discharge, Vibrasorber To Three-Way",VMRS_HB_COMPLETE_v20 page 7_pages_26-50.md
013-007-002,,013,007,"Tube - Hydraulic, Master Cylinder To Distributor",VMRS_HB_COMPLETE_v20 page 7_pages_26-50.md
002-011-020,,002,011,Valve,VMRS_HB_COMPLETE_v20 page 7_pages_26-50.md
082-031-021,,082,031,"Tube - Discharge, Vibrasorber To Three-Way",VMRS_HB_COMPLETE_v20 page 7_pages_26-50.md
045-007-017,,045,007,Tube - Injector,VMRS_HB_COMPLETE_v20 page 7_pages_26-50.md
017-009-024,,017,009,Tube - Inlet,VMRS_HB_COMPLETE_v20 page 7_pages_26-50.md
002-020-048,,002,020,Tube - Door Cylinder,VMRS_HB_COMPLETE_v20 page 7_pages_26-50.md
043-006-135,,043,006,"Tube - Inlet Pressure, Diesel Oxidation Catalyst",VMRS_HB_COMPLETE_v20 page 7_pages_26-50.md
045-002-048,,045,002,"Tube - Drain, Air Box",VMRS_HB_COMPLETE_v20 page 7_pages_26-50.md
059-014-008,,059,014,"Tube - Inlet, Fluid",VMRS_HB_COMPLETE_v20 page 7_pages_26-50.md
151-003-010,,151,003,"Tube - Drain, APU",VMRS_HB_COMPLETE_v20 page 7_pages_26-50.md
082-033-015,,082,033,"Tube - Inlet, Radiator, Reefer",VMRS_HB_COMPLETE_v20 page 7_pages_26-50.md
001-002-106,,001,002,"Tube - Drain, Blower Housing",VMRS_HB_COMPLETE_v20 page 7_pages_26-50.md
061-012-005,,061,012,"Tube - Inlet, Stand Pipe",VMRS_HB_COMPLETE_v20 page 7_pages_26-50.md
001-004-078,,001,004,"Tube - Drain, Heater And A/C, Sleeper",VMRS_HB_COMPLETE_v20 page 7_pages_26-50.md
151-002-031,,151,002,"Tube - Intake Air, Heater, APU",VMRS_HB_COMPLETE_v20 page 7_pages_26-50.md
002-005-018,,002,005,"Tube - Drain, Rain Tray",VMRS_HB_COMPLETE_v20 page 7_pages_26-50.md
151-001-048,,151,001,"Tube - Intake, APU",VMRS_HB_COMPLETE_v20 page 7_pages_26-50.md
151-003-008,,151,003,"Tube - Drier / Cond, APU",VMRS_HB_COMPLETE_v20 page 7_pages_26-50.md
014-012-005,,014,012,Tube - Jackstand,VMRS_HB_COMPLETE_v20 page 7_pages_26-50.md
058-002-012,,058,002,Tube - Drum,VMRS_HB_COMPLETE_v20 page 7_pages_26-50.md
082-001-093,,082,001,Tube - Joint to Expansion Valve,VMRS_HB_COMPLETE_v20 page 7_pages_26-50.md
043-001-130,,043,001,Tube - EGR Cooler Supply,VMRS_HB_COMPLETE_v20 page 7_pages_26-50.md
068-001-028,,068,001,Tube - L.H. Telescoping,VMRS_HB_COMPLETE_v20 page 7_pages_26-50.md
043-001-076,,043,001,Tube - EGR TO TURDO,VMRS_HB_COMPLETE_v20 page 7_pages_26-50.md
094-012-005,,094,012,"Tube - Line, Storage",VMRS_HB_COMPLETE_v20 page 7_pages_26-50.md
082-011-014,,082,011,"Tube - Elbow Inlet, Accumulator",VMRS_HB_COMPLETE_v20 page 7_pages_26-50.md
094-002-021,,094,002,"Tube - Loading, Abrasive Dry Product",VMRS_HB_COMPLETE_v20 page 7_pages_26-50.md
082-031-012,,082,031,Tube - Elbow Outlet Accumulator,VMRS_HB_COMPLETE_v20 page 7_pages_26-50.md
094-002-025,,094,002,"Tube - Loading, Chemical Liquid Product",VMRS_HB_COMPLETE_v20 page 7_pages_26-50.md
082-031-013,,082,031,"Tube - Elbow Outlet, Accumulator",VMRS_HB_COMPLETE_v20 page 7_pages_26-50.md
034-002-020,,034,002,Product,VMRS_HB_COMPLETE_v20 page 7_pages_26-50.md
,001-010,001,010,,VMRS_HB_COMPLETE_v20 page 7_pages_26-50.md
