code_9d,code_6d,system,subcode,description,source_file
151-002-030,,151,002,"Reefer | | Hose - Heater Exhaust, APU",VMRS_HB_COMPLETE_v20 page 6_pages_26-50.md
065-003-023,,065,003,"Hose - Cooling | 001-003-047 | Hose - Heater to Check Valve, Auxiliary Heater",VMRS_HB_COMPLETE_v20 page 6_pages_26-50.md
048-001-020,,048,001,"Hose - Cooling, Power Train, Hybrid | 142-009-003 | Hose - Heater, LNG",VMRS_HB_COMPLETE_v20 page 6_pages_26-50.md
094-013-006,,094,013,"Hose - Corrosive Chemical Liquid Product | 049-004-002 | Hose - High Pressure, Accumulator, Hydraulic",VMRS_HB_COMPLETE_v20 page 6_pages_26-50.md
154-001-005,,154,001,Hose - CPAP | | Hybrid,VMRS_HB_COMPLETE_v20 page 6_pages_26-50.md
041-003-014,,041,003,"Hose - Crossover (Turbocharger To IntakeManifold) | 049-001-016 | Hose - High Pressure, Junction Block, HydraulicHybrid",VMRS_HB_COMPLETE_v20 page 6_pages_26-50.md
094-001-005,,094,001,"094-001-009 | Hose - Crossover, Abrasive Dry ProductHose - Crossover, Chemical Liquid Product | 049-001-018 | Hose - High Pressure, Pilot Pump, HydraulicHybrid",VMRS_HB_COMPLETE_v20 page 6_pages_26-50.md
094-001-010,,094,001,"Hose - Crossover, Corrosive Chemical Liquid | 094-006-022 | Hose - Hose Reel",VMRS_HB_COMPLETE_v20 page 6_pages_26-50.md
365-007-014,,365,007,Product | | Hose - Hot Water Pump,VMRS_HB_COMPLETE_v20 page 6_pages_26-50.md
094-001-012,,094,001,"Hose - Crossover, Flammable Gas Product | 043-007-081 | Hose - Hot Water Return, Tank Heater to Engine",VMRS_HB_COMPLETE_v20 page 6_pages_26-50.md
094-001-006,,094,001,"Hose - Crossover, Non-Abrasive Dry Product | 043-007-078 | Hose - Hot Water Supply, Pump to Tank Heater",VMRS_HB_COMPLETE_v20 page 6_pages_26-50.md
094-001-013,,094,001,"Hose - Crossover, Nonflammable Gas Product | 043-007-075 | Hose - Hot Water Supply, Engine to Pump",VMRS_HB_COMPLETE_v20 page 6_pages_26-50.md
094-001-008,,094,001,"Hose - Crossover, Petroleum Liquid Product | 053-008-027 | Hose - Hydraulic",VMRS_HB_COMPLETE_v20 page 6_pages_26-50.md
094-001-007,,094,001,"Hose - Crossover, Sanitary Dry Product | 055-004-023 | Hose - Hydraulic Pump, Pressure",VMRS_HB_COMPLETE_v20 page 6_pages_26-50.md
094-001-011,,094,001,"Hose - Crossover, Sanitary Liquid Product | 059-032-029 | Hose - Hydraulic System, Vehicle Coupling",VMRS_HB_COMPLETE_v20 page 6_pages_26-50.md
094-001-014,,094,001,"Hose - Crossover, Cryogenic Product | 000 015 005 | System",VMRS_HB_COMPLETE_v20 page 6_pages_26-50.md
044-011-025,,044,011,"Hose - Cruise Control | 026-015-035 | Hose - Hydraulic, High Pressure, Automation",VMRS_HB_COMPLETE_v20 page 6_pages_26-50.md
042-002-148,,042,002,Hose - Cryogenic Product | 026 015 034 | Controls,VMRS_HB_COMPLETE_v20 page 6_pages_26-50.md
042-002-140,,042,002,"Hose - Deseration, Radiator | 020-015-034 | Controls",VMRS_HB_COMPLETE_v20 page 6_pages_26-50.md
043-001-136,,043,001,Hose - Delta P Sensor | 013-007-007 | Hose - Hydraulic Front Brake,VMRS_HB_COMPLETE_v20 page 6_pages_26-50.md
082-011-008,,082,011,"Hose - Discharge Compressor | 042-003-096 | Hose - Hydraulic, Hydraulic Fan Cooler",VMRS_HB_COMPLETE_v20 page 6_pages_26-50.md
082-031-006,,082,031,"Hose - Discharge Compressor | 055-010-022 | Hose - Hydraulic, Lift System",VMRS_HB_COMPLETE_v20 page 6_pages_26-50.md
045-009-047,,045,009,"Hose - Drain | 068-003-009 | Hose - Hydraulic, Lifting/Unloading System",VMRS_HB_COMPLETE_v20 page 6_pages_26-50.md
082-007-016,,082,007,"Hose - Drain Pan | 056-001-099 | Hose - Hydraulic, PTO",VMRS_HB_COMPLETE_v20 page 6_pages_26-50.md
082-008-021,,082,008,"Hose - Drain Pan, Condenser | 013-007-012 | Hose - Hydraulic, Rear Brake",VMRS_HB_COMPLETE_v20 page 6_pages_26-50.md
082-001-014,,082,001,"Hose - Drain Pan, Evaporator | 267-003-008 | Hose - Hydraulic, Turret",VMRS_HB_COMPLETE_v20 page 6_pages_26-50.md
041-004-009,,041,004,"Hose - Drain Tube Connection, Charge Air | 044-014-005 | Hose - Injection Control Pressure Sensor",VMRS_HB_COMPLETE_v20 page 6_pages_26-50.md
082-008-075,,082,008,Cooler | | Hose - Inlet,VMRS_HB_COMPLETE_v20 page 6_pages_26-50.md
174-028-042,,174,028,"Hose - Drain, Bus Body A/C System | 048-001-099 | Hose - Inlet, Cooling System, Inverter, Hybrid",VMRS_HB_COMPLETE_v20 page 6_pages_26-50.md
061-012-002,,061,012,"Hose - Drain, Recovery Tank | 017-009-010 | Hose - Inside Tire",VMRS_HB_COMPLETE_v20 page 6_pages_26-50.md
002-060-036,,002,060,"Hose - Drain, Stowage Compartment, | 041-002-012 | Hose - Intake Manifold",VMRS_HB_COMPLETE_v20 page 6_pages_26-50.md
002-006-100,,002,006,"Conventible Top | 041 004 010 | Hose Intake, All Cleanel, APU",VMRS_HB_COMPLETE_v20 page 6_pages_26-50.md
002-000-109,,002,000,Hose - Dual Air Door Lock | 022-005-038 | Hose - Inter Ayle Differential Lock,VMRS_HB_COMPLETE_v20 page 6_pages_26-50.md
043-001-107,,043,001,Hose - EGB Coolant Diverter | 044-001-020 | Hose - Interconnecting Fuel Tank To Tank,VMRS_HB_COMPLETE_v20 page 6_pages_26-50.md
082-040-006,,082,040,Hose - EGR Cooler to Engine Reefer | 094-008-005 | Hose - Jumper Air Supply,VMRS_HB_COMPLETE_v20 page 6_pages_26-50.md
053-008-012,,053,008,Hose - Elbow | 044-003-018 | Hose - Leak-Off. Fuel Nozzle,VMRS_HB_COMPLETE_v20 page 6_pages_26-50.md
043-001-045,,043,001,"Hose - Emission Control | 094-002-004 | Hose - Loading, Abrasive Dry Product",VMRS_HB_COMPLETE_v20 page 6_pages_26-50.md
026-011-151,,026,011,"Hose - End Plate | 094-002-008 | Hose - Loading, Chemical Liquid Product",VMRS_HB_COMPLETE_v20 page 6_pages_26-50.md
001-001-147,,001,001,"Hose - Evaporator To Compressor, HVAC | 094-002-009 | Hose - Loading, Corrosive Chemical Liquid",VMRS_HB_COMPLETE_v20 page 6_pages_26-50.md
082-001-015,,082,001,"Hose - Evaporator To Compressor, Mechanical | 094-002-011 | Hose - Loading, Flammable Gas Product",VMRS_HB_COMPLETE_v20 page 6_pages_26-50.md
010-000-000,,010,000,"Refrigeration Unit | 094-002-005 | Hose - Loading, Nonabrasive Dry Product",VMRS_HB_COMPLETE_v20 page 6_pages_26-50.md
013-008-020,,013,008,"Hose - Exhaust Deefer | 094-002-012 | Hose - Loading, Nonliammable Gas Product",VMRS_HB_COMPLETE_v20 page 6_pages_26-50.md
002-040-013,,002,040,"Hose - Exhausi, ReeleiHose - Exhausion Tank, Charge Air Cooler | 094-002-007 | Hose - Loading, Petroleum Liquid Product",VMRS_HB_COMPLETE_v20 page 6_pages_26-50.md
044-014-027,,044,014,"Hose - Feed High Pressure (HFUI) | 094-002-000 | Hose - Loading, Sanitary Dry Hoddet",VMRS_HB_COMPLETE_v20 page 6_pages_26-50.md
044-001-110,,044,001,"Hose - Filler Neck, Fuel Tank | 094-002-013 | Hose - Loading, Cryogenic Product",VMRS_HB_COMPLETE_v20 page 6_pages_26-50.md
061-012-012,,061,012,"Hose - Filter Box Assembly to Vacuum Assembly | 049-001-025 | Hose - Low Pressure, Oil Cooler, Hydraulic",VMRS_HB_COMPLETE_v20 page 6_pages_26-50.md
094-013-008,,094,013,Hose - Flammable Gas Product | | Hybrid,VMRS_HB_COMPLETE_v20 page 6_pages_26-50.md
044-001-013,,044,001,"Hose - Flexible | 049-001-019 | Hose - Low Pressure, Pilot Pump, Hydraulic",VMRS_HB_COMPLETE_v20 page 6_pages_26-50.md
045-002-058,,045,002,"Hose - Flexible, Multiple Positions | | Hybrid",VMRS_HB_COMPLETE_v20 page 6_pages_26-50.md
013-010-511,,013,010,"Hose - Four-In-One | 049-001-021 | Hose - Low Pressure, Power Split Drive Unit,",VMRS_HB_COMPLETE_v20 page 6_pages_26-50.md
003-001-149,,003,001,Hose - Fuel Pressure | | Hydraulic Hybrid,VMRS_HB_COMPLETE_v20 page 6_pages_26-50.md
053-006-149,,053,006,"Hose - Fuel lank | 049-003-003 | Hose - Low Pressure, Reservoir, Hydraulic",VMRS_HB_COMPLETE_v20 page 6_pages_26-50.md
151-001-105,,151,001,"Hose - Fuel, Fuel Fliter, APU | 002 001 011 | Hyprid",VMRS_HB_COMPLETE_v20 page 6_pages_26-50.md
100-000-015,,100,000,"Hose - Gland Port of Shield Cylinder, Booth,Mower | 1/2-000-002 | Hose - Metal I NG",VMRS_HB_COMPLETE_v20 page 6_pages_26-50.md
168-006-014,,168,006,"Hose - Gland Port Botary Cylinder, Boom | 042-005-002 | Hose - Molded (Multiple Positions)",VMRS_HB_COMPLETE_v20 page 6_pages_26-50.md
100-000-014,,100,000,"Mower | 013-009-136 | Hose - Molded Air Intake, Compressor",VMRS_HB_COMPLETE_v20 page 6_pages_26-50.md
053-006-108,,053,006,Hose - Grease Gun | 094-013-002 | Hose - Non-Abrasive Drv Product,VMRS_HB_COMPLETE_v20 page 6_pages_26-50.md
002-065-004,,002,065,Hose - Headlamp Washer | 094-013-009 | Hose - Nonflammable Gas Product,VMRS_HB_COMPLETE_v20 page 6_pages_26-50.md
041-001-007,,041,001,Hose - Heat Air Pipe Adapter | 002-018-073 | Hose - Nylon,VMRS_HB_COMPLETE_v20 page 6_pages_26-50.md
043-007-093,,043,007,"Hose - Heated Return, Pump to Tank | 027-039-020 | Hose - Oil Cooler",VMRS_HB_COMPLETE_v20 page 6_pages_26-50.md
043-007-087,,043,007,"Hose - Heated Supply, Pump to Metering Device | 026-013-017 | Hose - Oil Cooler, Manual Transmission",VMRS_HB_COMPLETE_v20 page 6_pages_26-50.md
043-007-084,,043,007,"Hose - Heated Supply, Tank to Pump | 043-004-021 | Hose - Oil Drain, Turbocharger",VMRS_HB_COMPLETE_v20 page 6_pages_26-50.md
043-007-199,,043,007,"Hose - Heated, Supply/Return, DEF | 045-010-017 | Hose - Oil Fill",VMRS_HB_COMPLETE_v20 page 6_pages_26-50.md
044-009-024,,044,009,Hose - Heater | 026-013-024 | Hose - OII Heater,VMRS_HB_COMPLETE_v20 page 6_pages_26-50.md
045-007-030,,045,007,Hose - Oil Separator,VMRS_HB_COMPLETE_v20 page 6_pages_26-50.md
043-007-030,,043,007,Hose Oil Supply Turbochargor,VMRS_HB_COMPLETE_v20 page 6_pages_26-50.md
043-004-000,,043,004,"Hose - Oli Supply, Turbocharger",VMRS_HB_COMPLETE_v20 page 6_pages_26-50.md
017-009-037,,017,009,Hose Outlet,VMRS_HB_COMPLETE_v20 page 6_pages_26-50.md
082-008-076,,082,008,Hose - Outlet,VMRS_HB_COMPLETE_v20 page 6_pages_26-50.md
041-004-011,,041,004,"Hose - Outlet, Charge Alr Cooler",VMRS_HB_COMPLETE_v20 page 6_pages_26-50.md
048-001-101,,048,001,"Hose - Outlet, Cooling System, Inverter, Hybrid",VMRS_HB_COMPLETE_v20 page 6_pages_26-50.md
082-033-014,,082,033,"Hose - Outlet, Expansion Tank, Reefer",VMRS_HB_COMPLETE_v20 page 6_pages_26-50.md
001-001-080,,001,001,Hose - Outside Air Inlet,VMRS_HB_COMPLETE_v20 page 6_pages_26-50.md
017-009-009,,017,009,Hose - Outside Tire,VMRS_HB_COMPLETE_v20 page 6_pages_26-50.md
042-002-059,,042,002,"Hose - Overflow, Recovery",VMRS_HB_COMPLETE_v20 page 6_pages_26-50.md
094-013-004,,094,013,Hose - Petroleum Liquid Product,VMRS_HB_COMPLETE_v20 page 6_pages_26-50.md
045-002-067,,045,002,Hose - Plain (Stick Hose),VMRS_HB_COMPLETE_v20 page 6_pages_26-50.md
042-008-002,,042,008,Hose - Power Plant To Coolant Tank,VMRS_HB_COMPLETE_v20 page 6_pages_26-50.md
042-010-004,,042,010,Hose - Pre-Heater,VMRS_HB_COMPLETE_v20 page 6_pages_26-50.md
065-007-006,,065,007,Hose - Pressure,VMRS_HB_COMPLETE_v20 page 6_pages_26-50.md
026-011-152,,026,011,Hose - PTO Cover,VMRS_HB_COMPLETE_v20 page 6_pages_26-50.md
094-005-021,,094,005,"Hose - Pump Off, Petroleum Liquid Product",VMRS_HB_COMPLETE_v20 page 6_pages_26-50.md
001-003-046,,001,003,"Hose - Pump to Check Valve, Auxiliary Heater",VMRS_HB_COMPLETE_v20 page 6_pages_26-50.md
094-005-018,,094,005,"Hose - Pump-Off, Abrasive Dry Product",VMRS_HB_COMPLETE_v20 page 6_pages_26-50.md
094-005-022,,094,005,"Hose - Pump-Off, Chemical Liquid Product",VMRS_HB_COMPLETE_v20 page 6_pages_26-50.md
094-005-023,,094,005,"Hose - Pump-Off, Corrosive Chemical Liquid",VMRS_HB_COMPLETE_v20 page 6_pages_26-50.md
094-005-019,,094,005,"Hose - Pump-Off, Nonabrasive Dry Product",VMRS_HB_COMPLETE_v20 page 6_pages_26-50.md
094-005-020,,094,005,"Hose - Pump-Off, Sanitary Dry Product",VMRS_HB_COMPLETE_v20 page 6_pages_26-50.md
094-005-024,,094,005,"Hose - Pump-Off, Sanitary Liquid Product",VMRS_HB_COMPLETE_v20 page 6_pages_26-50.md
053-008-024,,053,008,Hose - Push-Lock Type,VMRS_HB_COMPLETE_v20 page 6_pages_26-50.md
042-004-061,,042,004,"Hose - Radiator, Universal",VMRS_HB_COMPLETE_v20 page 6_pages_26-50.md
048-001-104,,048,001,"Hose - Radiator, Inverter, Hybrid",VMRS_HB_COMPLETE_v20 page 6_pages_26-50.md
042-004-015,,042,004,"Hose - Radiator, Lower",VMRS_HB_COMPLETE_v20 page 6_pages_26-50.md
151-001-230,,151,001,"Hose - Radiator, Lower, APU",VMRS_HB_COMPLETE_v20 page 6_pages_26-50.md
042-004-014,,042,004,"Hose - Radiator, Upper",VMRS_HB_COMPLETE_v20 page 6_pages_26-50.md
151-001-229,,151,001,"Hose - Radiator, Upper APU",VMRS_HB_COMPLETE_v20 page 6_pages_26-50.md
082-011-009,,082,011,Hose - Receiver/Drier To Expansion Valve,VMRS_HB_COMPLETE_v20 page 6_pages_26-50.md
082-031-007,,082,031,Hose - Receiver/Drier To Expansion Valve,VMRS_HB_COMPLETE_v20 page 6_pages_26-50.md
151-003-005,,151,003,Hose - Refrigerant APU,VMRS_HB_COMPLETE_v20 page 6_pages_26-50.md
044-010-038,,044,010,Hose - Regulator to Carburetor,VMRS_HB_COMPLETE_v20 page 6_pages_26-50.md
065-007-007,,065,007,Hose - Beturn,VMRS_HB_COMPLETE_v20 page 6_pages_26-50.md
,027-016,027,016,17/- | Hose - Return Bus Entrance Sten Heater,VMRS_HB_COMPLETE_v20 page 6_pages_26-50.md
174-026-016,,174,026,"Hose - Return, Bus Passanger Heater",VMRS_HB_COMPLETE_v20 page 6_pages_26-50.md
042-002-086,,042,002,"Hose - Return, Cooler",VMRS_HB_COMPLETE_v20 page 6_pages_26-50.md
042-002-000,,042,002,Hose Doturn Low Tomporature Dadiator,VMRS_HB_COMPLETE_v20 page 6_pages_26-50.md
042-004-002,,042,004,"Hose - Return, Low Temperature Radiator",VMRS_HB_COMPLETE_v20 page 6_pages_26-50.md
094-013-003,,094,013,Hose - Sanitary Liquid Droduct,VMRS_HB_COMPLETE_v20 page 6_pages_26-50.md
041-001-104,,041,001,Hose - Sanitary Liquid Product,VMRS_HB_COMPLETE_v20 page 6_pages_26-50.md
001-004-040,,001,004,"Hose - Silicone, Sleeper",VMRS_HB_COMPLETE_v20 page 6_pages_26-50.md
010-018-002,,010,018,Hose - Slider,VMRS_HB_COMPLETE_v20 page 6_pages_26-50.md
108-001-080,,108,001,"Hose - Sprayer, wetcut, Mower",VMRS_HB_COMPLETE_v20 page 6_pages_26-50.md
053-006-152,,053,006,Hose - Steam Cleaner,VMRS_HB_COMPLETE_v20 page 6_pages_26-50.md
045-007-047,,045,007,Hose - Steam Crossover,VMRS_HB_COMPLETE_v20 page 6_pages_26-50.md
017-009-018,,017,009,Hose - Steering Axle,VMRS_HB_COMPLETE_v20 page 6_pages_26-50.md
042-004-050,,042,004,Hose - Stick,VMRS_HB_COMPLETE_v20 page 6_pages_26-50.md
013-007-028,,013,007,Hose - Stop Lamp Switch,VMRS_HB_COMPLETE_v20 page 6_pages_26-50.md
065-007-008,,065,007,Hose - Suction,VMRS_HB_COMPLETE_v20 page 6_pages_26-50.md
082-011-010,,082,011,"Hose - Suction, Evaporator To Comp",VMRS_HB_COMPLETE_v20 page 6_pages_26-50.md
082-031-008,,082,031,"Hose - Suction, Evaporator To Compressor",VMRS_HB_COMPLETE_v20 page 6_pages_26-50.md
045-017-003,,045,017,Hose - Supply,VMRS_HB_COMPLETE_v20 page 6_pages_26-50.md
043-007-090,,043,007,"Hose - Supply, Metering Device to Injector",VMRS_HB_COMPLETE_v20 page 6_pages_26-50.md
174-027-015,,174,027,"Hose - Supply, Bus Entrance Step Heater",VMRS_HB_COMPLETE_v20 page 6_pages_26-50.md
174-026-015,,174,026,"Hose - Supply, Bus Passenger Heater",VMRS_HB_COMPLETE_v20 page 6_pages_26-50.md
042-004-063,,042,004,"Hose - Supply, Low Temperature Radiator",VMRS_HB_COMPLETE_v20 page 6_pages_26-50.md
042-002-061,,042,002,Hose - Surge Tank,VMRS_HB_COMPLETE_v20 page 6_pages_26-50.md
065-006-017,,065,006,Hose - Tank to Filter,VMRS_HB_COMPLETE_v20 page 6_pages_26-50.md
061-012-009,,061,012,Hose - Tank to Filter Box Assembly,VMRS_HB_COMPLETE_v20 page 6_pages_26-50.md
044-010-032,,044,010,Hose - Tank to Main Fuel Line,VMRS_HB_COMPLETE_v20 page 6_pages_26-50.md
094-004-008,,094,004,"Hose - Unloading, Chemical Liquid Product",VMRS_HB_COMPLETE_v20 page 6_pages_26-50.md
094-004-009,,094,004,"Hose - Unloading, Corrosive Chemical Liquid",VMRS_HB_COMPLETE_v20 page 6_pages_26-50.md
094-004-011,,094,004,"Hose - Unloading, Flammable Gas Product",VMRS_HB_COMPLETE_v20 page 6_pages_26-50.md
094-004-005,,094,004,"Hose - Unloading, Nonabrasive Dry Product",VMRS_HB_COMPLETE_v20 page 6_pages_26-50.md
094-004-012,,094,004,"Hose - Unloading, Nonflammable Gas Product",VMRS_HB_COMPLETE_v20 page 6_pages_26-50.md
094-004-007,,094,004,"Hose - Unloading, Petroleum Liquid Product",VMRS_HB_COMPLETE_v20 page 6_pages_26-50.md
094-004-006,,094,004,"Hose - Unloading, Sanitary Dry Product",VMRS_HB_COMPLETE_v20 page 6_pages_26-50.md
094-004-010,,094,004,"Hose - Unloading, Sanitary Liquid Product",VMRS_HB_COMPLETE_v20 page 6_pages_26-50.md
041-002-008,,041,002,Hose - Vacuum Balance Tube,VMRS_HB_COMPLETE_v20 page 6_pages_26-50.md
041-001-009,,041,001,"Hose - Vacuum, Climatic Combustion Control",VMRS_HB_COMPLETE_v20 page 6_pages_26-50.md
044-011-058,,044,011,"Hose - Vacuum, Cruise Control",VMRS_HB_COMPLETE_v20 page 6_pages_26-50.md
001-002-026,,001,002,"Hose - Vacuum, Heater & Ventilator",VMRS_HB_COMPLETE_v20 page 6_pages_26-50.md
061-011-011,,061,011,"Hose - Vacuum, Squeegee",VMRS_HB_COMPLETE_v20 page 6_pages_26-50.md
055-010-010,,055,010,Hose - Valve to Lift Cylinder,VMRS_HB_COMPLETE_v20 page 6_pages_26-50.md
098-019-018,,098,019,"Hose - Valve, Bulk Product Transfer",VMRS_HB_COMPLETE_v20 page 6_pages_26-50.md
094-007-015,,094,007,Hose - Vapor Recovery,VMRS_HB_COMPLETE_v20 page 6_pages_26-50.md
032-001-031,,032,001,Hose - Vent Battery,VMRS_HB_COMPLETE_v20 page 6_pages_26-50.md
045-017-018,,045,017,"Hose - Vent, Auto OII FIII",VMRS_HB_COMPLETE_v20 page 6_pages_26-50.md
002-001-007,,002,001,"Hose - Washer, Liligale",VMRS_HB_COMPLETE_v20 page 6_pages_26-50.md
042-007-009,,042,007,Hose - Water Filter,VMRS_HB_COMPLETE_v20 page 6_pages_26-50.md
001-002-022,,001,002,Hose - Water Heater,VMRS_HB_COMPLETE_v20 page 6_pages_26-50.md
045-012-035,,045,012,"Hose - Water Inlet, Oil Cooler",VMRS_HB_COMPLETE_v20 page 6_pages_26-50.md
042-004-017,,042,004,Hose - Water Outlet Sleeve,VMRS_HB_COMPLETE_v20 page 6_pages_26-50.md
045-012-036,,045,012,"Hose - Water Outlet, Oil Cooler",VMRS_HB_COMPLETE_v20 page 6_pages_26-50.md
053-015-005,,053,015,Hose - Welding,VMRS_HB_COMPLETE_v20 page 6_pages_26-50.md
043-001-003,,043,001,Hose & Connector - Air Injection Reactor Pump,VMRS_HB_COMPLETE_v20 page 6_pages_26-50.md
042-006-005,,042,006,Hose &/Or Tube - Thermostat Bypass,VMRS_HB_COMPLETE_v20 page 6_pages_26-50.md
017-008-006,,017,008,"Hose Assembly - Air Balance, Dual Tires",VMRS_HB_COMPLETE_v20 page 6_pages_26-50.md
002-027-093,,002,027,Hose Assembly - Air Seat,VMRS_HB_COMPLETE_v20 page 6_pages_26-50.md
094-008-019,,094,008,Hose Assembly - Air Supply,VMRS_HB_COMPLETE_v20 page 6_pages_26-50.md
002-027-121,,002,027,Hose Assembly - Collant Supply Charge Air,VMRS_HB_COMPLETE_v20 page 6_pages_26-50.md
041-004-041,,041,004,Cooler,VMRS_HB_COMPLETE_v20 page 6_pages_26-50.md
045-012-047,,045,012,Hose Assembly - Engine Oil Cooler,VMRS_HB_COMPLETE_v20 page 6_pages_26-50.md
044-009-025,,044,009,Hose Assembly - Fuel Heater,VMRS_HB_COMPLETE_v20 page 6_pages_26-50.md
162-003-003,,162,003,Hose Assembly - Hydraulic,VMRS_HB_COMPLETE_v20 page 6_pages_26-50.md
023-001-098,,023,001,Hose Assembly - Hydraulic Clutch,VMRS_HB_COMPLETE_v20 page 6_pages_26-50.md
068-003-012,,068,003,"Hose Assembly - Lift, Boom",VMRS_HB_COMPLETE_v20 page 6_pages_26-50.md
002-027-118,,002,027,Hose Assembly - Lumbar,VMRS_HB_COMPLETE_v20 page 6_pages_26-50.md
068-003-016,,068,003,Hose Assembly - Pedestal,VMRS_HB_COMPLETE_v20 page 6_pages_26-50.md
015-005-001,,015,005,Hose Assembly - Power Cylinder,VMRS_HB_COMPLETE_v20 page 6_pages_26-50.md
015-015-011,,015,015,Hose Assembly - Prossure Line,VMRS_HB_COMPLETE_v20 page 6_pages_26-50.md
094-006-019,,094,006,Hose Assembly - Reel,VMRS_HB_COMPLETE_v20 page 6_pages_26-50.md
015-005-005,,015,005,Hose Assembly - Return Line,VMRS_HB_COMPLETE_v20 page 6_pages_26-50.md
015-005-065,,015,005,Hose Assembly - Suction,VMRS_HB_COMPLETE_v20 page 6_pages_26-50.md
068-003-015,,068,003,Hose Assembly - Turntable,VMRS_HB_COMPLETE_v20 page 6_pages_26-50.md
174-032-032,,174,032,Hose Assembly - Wheelchair Ramp Mechanism,VMRS_HB_COMPLETE_v20 page 6_pages_26-50.md
094-009-007,,094,009,Hose Assembly W/Fittings - Blowdown,VMRS_HB_COMPLETE_v20 page 6_pages_26-50.md
094-001-002,,094,001,"Hose Assembly W/Fittings - Crossover, Left",VMRS_HB_COMPLETE_v20 page 6_pages_26-50.md
094-001-001,,094,001,"Hose Assembly W/Fittings - Crossover, Right",VMRS_HB_COMPLETE_v20 page 6_pages_26-50.md
094-008-001,,094,008,"Hose Assembly W/Fittings - Jumper, Air Supply",VMRS_HB_COMPLETE_v20 page 6_pages_26-50.md
094-002-001,,094,002,Hose Assembly W/Fittings - Loading,VMRS_HB_COMPLETE_v20 page 6_pages_26-50.md
094-002-013,,094,002,Hose Assembly W/Fittings - Fump-OnHose Assembly W/Fittings - Unloading,VMRS_HB_COMPLETE_v20 page 6_pages_26-50.md
094-007-012,,094,007,Hose Assembly W/Fittings - Vapor Recovery,VMRS_HB_COMPLETE_v20 page 6_pages_26-50.md
142-009-001,,142,009,"Hose Assembly, LNG",VMRS_HB_COMPLETE_v20 page 6_pages_26-50.md
053-014-018,,053,014,Hose Clamp - Aqueous Parts Washer,VMRS_HB_COMPLETE_v20 page 6_pages_26-50.md
044-001-111,,044,001,"Hose Clamp - Filler Neck, Fuel Tank",VMRS_HB_COMPLETE_v20 page 6_pages_26-50.md
045-007-040,,045,007,Hose Connection - Exhaust Regulator Valve,VMRS_HB_COMPLETE_v20 page 6_pages_26-50.md
053-006-207,,053,006,Hose Cutter,VMRS_HB_COMPLETE_v20 page 6_pages_26-50.md
053-006-281,,053,006,Hose End Fitting Machine,VMRS_HB_COMPLETE_v20 page 6_pages_26-50.md
068-001-014,,068,001,Hose Guide - Lower Base,VMRS_HB_COMPLETE_v20 page 6_pages_26-50.md
045-014-001,,045,014,Hose Or Pipe - Grankcase Ventilation,VMRS_HB_COMPLETE_v20 page 6_pages_26-50.md
291-005-000,,291,005,Hose Real - Fire Suppression Mower,VMRS_HB_COMPLETE_v20 page 6_pages_26-50.md
291-005-001,,291,005,Hose Reel Assembly,VMRS_HB_COMPLETE_v20 page 6_pages_26-50.md
099-008-010,,099,008,Hose Saver Device - Overfill System,VMRS_HB_COMPLETE_v20 page 6_pages_26-50.md
053-014-036,,053,014,"Hose Shank - Aqueous Parts Washer | 061-001-006 | Housing - Battery Pack, Sweeper",VMRS_HB_COMPLETE_v20 page 6_pages_26-50.md
084-003-009,,084,003,"Hose W/Fittings - Liguid Ammonia | 013-002-138 | Housing - Bearing, Camshaft, Rear Brake",VMRS_HB_COMPLETE_v20 page 6_pages_26-50.md
084-003-011,,084,003,"Hose W/Fittings - Liquid. Refrigerant | 043-004-024 | Housing - Bearing, Drive Shaft, Turbocharger",VMRS_HB_COMPLETE_v20 page 6_pages_26-50.md
084-003-010,,084,003,"Hose W/Fittings - Suction, Ammonia | 367-010-004 | Housing - Bearing, Drum",VMRS_HB_COMPLETE_v20 page 6_pages_26-50.md
084-003-012,,084,003,"Hose W/Fittings - Suction Refrigerant | 053-016-008 | Housing - Bearing, Non-Vehicle Usage",VMRS_HB_COMPLETE_v20 page 6_pages_26-50.md
053-001-018,,053,001,"Hose Air - Automatic Traction Device | 015-009-004 | Housing - Bevel Box, Left",VMRS_HB_COMPLETE_v20 page 6_pages_26-50.md
096-002-018,,096,002,"Hose Coolant Inlet | 015-009-003 | Housing - Bevel Box, Bight",VMRS_HB_COMPLETE_v20 page 6_pages_26-50.md
096-002-017,,096,002,Hose Coolant Return | 061-003-008 | Housing - Blower,VMRS_HB_COMPLETE_v20 page 6_pages_26-50.md
001-001-285,,001,001,Hose Line Assembly - A/C | 082-001-028 | Housing - Blower,VMRS_HB_COMPLETE_v20 page 6_pages_26-50.md
044-015-029,,044,015,Hose Preformed - Fuel Heater | 082-007-017 | Housing - Blower,VMRS_HB_COMPLETE_v20 page 6_pages_26-50.md
174-028-053,,174,028,"Hose, Refrigerant - Bus Body A/C Assembly | 082-006-056 | Housing - Blower & Fan Control Box Reefer",VMRS_HB_COMPLETE_v20 page 6_pages_26-50.md
027-001-039,,027,001,Hose Scavenge Pump | 151-003-017 | Housing - Blower APU,VMRS_HB_COMPLETE_v20 page 6_pages_26-50.md
019-007-000,,019,007,Hose Tubing & Connectors | 001-001-373 | Housing - Blower Bottom,VMRS_HB_COMPLETE_v20 page 6_pages_26-50.md
367-003-017,,367,003,"Hose/Lines | 082-001-077 | Housing - Blower, Evaporator",VMRS_HB_COMPLETE_v20 page 6_pages_26-50.md
367-009-009,,367,009,"Hose/Lines - Water System | 082-007-048 | Housing - Blower, Evaporator",VMRS_HB_COMPLETE_v20 page 6_pages_26-50.md
042-002-135,,042,002,Hose/Pining Kit - Engine Cooling | 001-004-018 | Housing - Blower Heater Sleeper,VMRS_HB_COMPLETE_v20 page 6_pages_26-50.md
055-003-004,,055,003,"Hoses | 001-001-374 | Housing - Blower, Middle",VMRS_HB_COMPLETE_v20 page 6_pages_26-50.md
017-009-084,,017,009,"Hoses - Check-Port Tire Pressure Monitoring | 001-001-375 | Housing - Blower, Top",VMRS_HB_COMPLETE_v20 page 6_pages_26-50.md
017-000-004,,017,000,System | 058-003-017 | Housing - Brake,VMRS_HB_COMPLETE_v20 page 6_pages_26-50.md
013-009-055,,013,009,Hoses - Coolant Air Compressor | 045-014-014 | Housing - Breather,VMRS_HB_COMPLETE_v20 page 6_pages_26-50.md
199-004-009,,199,004,Hoses - Hydraulic Fines Screen | 081-005-033 | Housing - Burner,VMRS_HB_COMPLETE_v20 page 6_pages_26-50.md
100-001-000,,100,001,"Hoses - Hydraulic, OCC Screen | 365-011-005 | Housing - Burner Assembly",VMRS_HB_COMPLETE_v20 page 6_pages_26-50.md
199-002-009,,199,002,"Hoses - Hydraulic, ONP Screen | 174-028-013 | Housing - Bus Body A/C Blower Wheel",VMRS_HB_COMPLETE_v20 page 6_pages_26-50.md
100-003-000,,100,003,"Hoses - Hydraulic, ONF Screen | 174-020-010 | Housing - Bus Body A/C Evaporator Assombly",VMRS_HB_COMPLETE_v20 page 6_pages_26-50.md
142-000-000,,142,000,174-028-008 | Housing - Bus Body A/C Evaporator Core,VMRS_HB_COMPLETE_v20 page 6_pages_26-50.md
053-006-120,,053,006,Hoses Torch | 174-020-000 | Housing - Bus Entranco Stop Hoator Fan,VMRS_HB_COMPLETE_v20 page 6_pages_26-50.md
174-027-009,,174,027,000-129 | Hoses Tubing Defrector | | Housing - Dus Entrance Step Heater Fan,VMRS_HB_COMPLETE_v20 page 6_pages_26-50.md
082-011-000,,082,011,Hoses Tubing Defroster | 016 015 051 | Housing Bushing Sway Bar Cab Mount,VMRS_HB_COMPLETE_v20 page 6_pages_26-50.md
065-007-000,,065,007,"Hoses & Fittings | 045 011 049 | Housing - Dushing, Sway Dai, Cab Mount",VMRS_HB_COMPLETE_v20 page 6_pages_26-50.md
000-007-000,,000,007,Hoses & Tubing | 043-011-040 | Housing Cab Lateb,VMRS_HB_COMPLETE_v20 page 6_pages_26-50.md
053-008-000,,053,008,Hoses & Tubing | 002-030-104 | Housing - Cabin Air Filtor,VMRS_HB_COMPLETE_v20 page 6_pages_26-50.md
360-000-000,,360,000,Hoses and Pining - Crusher | 012-044-017 | Housing - Caliner Brake,VMRS_HB_COMPLETE_v20 page 6_pages_26-50.md
045-008-101,,045,008,369-005-01/ | Hoses and Pining - Unbrigation Eabricated | | Housing - Cam Follower,VMRS_HB_COMPLETE_v20 page 6_pages_26-50.md
000-000-014,,000,000,Structure | 045-008-011 | Housing - Camshaft (Overhead Cam),VMRS_HB_COMPLETE_v20 page 6_pages_26-50.md
013-009-116,,013,009,Hostler Valve - Air Compressor | 022-004-120 | Housing - Carrier Inter-Axle Differential,VMRS_HB_COMPLETE_v20 page 6_pages_26-50.md
365-007-000,,365,007,"Hot Water Pump Assembly | 016-020-014 | Housing - Cartridge, Strut",VMRS_HB_COMPLETE_v20 page 6_pages_26-50.md
365-007-001,,365,007,Hot Water Pump Assembly - Complete | 027-031-001 | Housing - Case Extension,VMRS_HB_COMPLETE_v20 page 6_pages_26-50.md
151-001-017,,151,001,"Hour Meter - APU | 065-012-012 | Housing - Centrifugal Pump, Hydraulic System",VMRS_HB_COMPLETE_v20 page 6_pages_26-50.md
082-012-071,,082,012,Hour Meter - Reefer | 197-003-002 | Housing - Chain Conveyor,VMRS_HB_COMPLETE_v20 page 6_pages_26-50.md
051-003-000,,051,003,Hourmeter | 041-004-001 | Housing - Charge Air Cooler,VMRS_HB_COMPLETE_v20 page 6_pages_26-50.md
051-003-001,,051,003,Hourmeter Assembly | 174-024-141 | Housing - Childmate System,VMRS_HB_COMPLETE_v20 page 6_pages_26-50.md
016-008-062,,016,008,Housing - Air Cylinder | 044-005-025 | Housing - Choke,VMRS_HB_COMPLETE_v20 page 6_pages_26-50.md
065-017-029,,065,017,Housing - Hydraulic Filter | 034-004-059 | Housing - Clearance Lamp,VMRS_HB_COMPLETE_v20 page 6_pages_26-50.md
097-001-001,,097,001,Housing - Centrifugal Pump | 026-001-052 | Housing - Clutch,VMRS_HB_COMPLETE_v20 page 6_pages_26-50.md
097-002-037,,097,002,"Housing - Pump Body | 048-001-008 | Housing - Clutch, Power Train, Hybrid",VMRS_HB_COMPLETE_v20 page 6_pages_26-50.md
091-003-017,,091,003,"Housing - Turbine Conveyor | 043-004-025 | Housing - Collector, Turbocharger",VMRS_HB_COMPLETE_v20 page 6_pages_26-50.md
045-008-064,,045,008,Housing - Accessory Drive Shaft | 091-003-030 | Housing - Compressor (Compressed Gases),VMRS_HB_COMPLETE_v20 page 6_pages_26-50.md
065-002-007,,065,002,"Housing - Accumulator, Hydraulic System | 053-001-064 | Housing - Compressor, Automatic Traction",VMRS_HB_COMPLETE_v20 page 6_pages_26-50.md
013-002-158,,013,002,Housing - Actuator | | Device,VMRS_HB_COMPLETE_v20 page 6_pages_26-50.md
013-014-096,,013,014,"Housing - Actuator | 043-004-004 | Housing - Compressor, Turbocharger",VMRS_HB_COMPLETE_v20 page 6_pages_26-50.md
018-006-032,,018,006,Housing - Actuator | 027-038-010 | Housing - Connector,VMRS_HB_COMPLETE_v20 page 6_pages_26-50.md
015-007-002,,015,007,"Housing - Adapter | 172-005-001 | Housing - Control Box, Compactor",VMRS_HB_COMPLETE_v20 page 6_pages_26-50.md
013-010-354,,013,010,Housing - Air Brake Chamber | 002-027-260 | Housing - Control Valve,VMRS_HB_COMPLETE_v20 page 6_pages_26-50.md
041-001-026,,041,001,"Housing - Air Cleaner | 001-004-061 | Housing - Control, Heater And A/C, Sleeper",VMRS_HB_COMPLETE_v20 page 6_pages_26-50.md
091-001-013,,091,001,"Housing - Air Cleaner, Blower, Single Stage | 027-012-001 | Housing - Converter (Bell Housing), Assembly",VMRS_HB_COMPLETE_v20 page 6_pages_26-50.md
013-010-237,,013,010,Housing - Air Drier | 002-060-016 | Housing - Convertible Top,VMRS_HB_COMPLETE_v20 page 6_pages_26-50.md
078-005-009,,078,005,"Housing - Air Eliminator | 042-009-030 | Housing - Coolant Heater, In Block",VMRS_HB_COMPLETE_v20 page 6_pages_26-50.md
151-001-216,,151,001,"Housing - Air Filter, APU | 042-008-016 | Housing - Coolant Heater, On Power Plant",VMRS_HB_COMPLETE_v20 page 6_pages_26-50.md
082-041-041,,082,041,"Housing - Air Filter, Reefer | 027-039-019 | Housing - Cooler",VMRS_HB_COMPLETE_v20 page 6_pages_26-50.md
002-008-066,,002,008,Housing - Air Gauge | 034-003-170 | Housing - Cornering Lamp,VMRS_HB_COMPLETE_v20 page 6_pages_26-50.md
001-003-105,,001,003,"Housing - Air Handler, Self-Powered | 026-016-001 | Housing - Countershaft Brake",VMRS_HB_COMPLETE_v20 page 6_pages_26-50.md
041-001-110,,041,001,Housing - Air Pre-Cleaner | 013-009-069 | Housing - Crankcase,VMRS_HB_COMPLETE_v20 page 6_pages_26-50.md
022-005-026,,022,005,"Housing - Air Shift Cylinder | 056-001-130 | Housing - Cylinder, PTO",VMRS_HB_COMPLETE_v20 page 6_pages_26-50.md
001-001-341,,001,001,"Housing - Air, Fresh/Recirculated | 025-001-142 | Housing - Cylinder, Transfer Case",VMRS_HB_COMPLETE_v20 page 6_pages_26-50.md
031-001-065,,031,001,"Housing - Alternator | 056-001-135 | Housing - Declutch, PTO",VMRS_HB_COMPLETE_v20 page 6_pages_26-50.md
151-001-067,,151,001,"Housing - APU | 025-001-184 | Housing - Declutch, Transfer Case",VMRS_HB_COMPLETE_v20 page 6_pages_26-50.md
032-002-079,,032,002,"Housing - Armature, Starter | 022-003-133 | Housing - Differential, Driven Rear Axle",VMRS_HB_COMPLETE_v20 page 6_pages_26-50.md
002-011-073,,002,011,Housing - Ash Tray/Lighter | 027-007-001 | Housing - Direct Clutch,VMRS_HB_COMPLETE_v20 page 6_pages_26-50.md
033-002-007,,033,002,U29-001-001 | Housing - Auxiliary Section | | Housing - Distributor,VMRS_HB_COMPLETE_v20 page 6_pages_26-50.md
003-001-183,,003,001,"Housing - Back, Message Center | 034-004-020 | Housing - Dome Lamp",VMRS_HB_COMPLETE_v20 page 6_pages_26-50.md
061-006-007,,061,006,"Housing - Battery Pack, Scrubber | 002-010-131 | Housing - Door Mirror",VMRS_HB_COMPLETE_v20 page 6_pages_26-50.md
002-006-117,,002,006,"Housing - Drive Cable, Sunroof | 001-002-052 | Housing - Motor, Heater",VMRS_HB_COMPLETE_v20 page 6_pages_26-50.md
021-001-017,,021,001,Housing - Driven Front Steer Axle | 045-012-003 | Housing - Oil Cooler,VMRS_HB_COMPLETE_v20 page 6_pages_26-50.md
002-002-051,,002,002,"Housing - Dual Headlamp | 045-012-013 | Housing - Oil Inlet, Oil Cooler",VMRS_HB_COMPLETE_v20 page 6_pages_26-50.md
034-001-146,,034,001,Housing - Dual Headlamp | 082-002-065 | Housing - Oil Pump,VMRS_HB_COMPLETE_v20 page 6_pages_26-50.md
362-004-004,,362,004,"Housing - ECU (J-Box) | 151-001-087 | Housing - Oil Seal, Oil Sump, APU",VMRS_HB_COMPLETE_v20 page 6_pages_26-50.md
043-001-179,,043,001,"Housing - EGR Valve | 082-041-064 | Housing - Oil Seal, Rear Main, Reefer",VMRS_HB_COMPLETE_v20 page 6_pages_26-50.md
046-001-001,,046,001,"Housing - Electric Propulsion Motor | 021-008-002 | Housing - Outer, Portal Assembly, Front Driven",VMRS_HB_COMPLETE_v20 page 6_pages_26-50.md
082-001-055,,082,001,"Housing - End Bell, Evaporator Fan Motor | | Axle",VMRS_HB_COMPLETE_v20 page 6_pages_26-50.md
082-012-038,,082,012,"Housing - End Bell, Evaporator Fan Motor | 022-008-002 | Housing - Outer, Portal Assembly, Rear Driven",VMRS_HB_COMPLETE_v20 page 6_pages_26-50.md
082-012-034,,082,012,"Housing - End Bell, Main Drive | | Axle",VMRS_HB_COMPLETE_v20 page 6_pages_26-50.md
082-028-005,,082,028,"Housing - End Bell, Main Drive | 042-004-074 | Housing - Outlet, Engine Coolant",VMRS_HB_COMPLETE_v20 page 6_pages_26-50.md
045-018-023,,045,018,"Housing - Engine Brake | 025-001-067 | Housing - Output Shaft Clutch, Transfer Case",VMRS_HB_COMPLETE_v20 page 6_pages_26-50.md
045-011-081,,045,011,Housing - Engine Oil Filter | 034-003-179 | Housing - Parking Lamp,VMRS_HB_COMPLETE_v20 page 6_pages_26-50.md
151-003-035,,151,003,"Housing - Evaporator, APU | 368-001-017 | Housing - Pendulum Roller Bearing, Drum",VMRS_HB_COMPLETE_v20 page 6_pages_26-50.md
020-001-004,,020,001,Housing - Extension (For Transfer Case) | 050 006 010 | SupportHousing Din Front Tow Dovice,VMRS_HB_COMPLETE_v20 page 6_pages_26-50.md
042-003-047,,042,003,"Housing Fanshaft | 015 000 005 | Housing - Pin, Front Tow Device",VMRS_HB_COMPLETE_v20 page 6_pages_26-50.md
082-001-000,,082,001,Housing - Fanshaft | 082-024-015 | Housing - Piston,VMRS_HB_COMPLETE_v20 page 6_pages_26-50.md
034-004-140,,034,004,"Housing - Female 4-Way | 065-011-013 | Housing - Piston Motor, Hydraulic System",VMRS_HB_COMPLETE_v20 page 6_pages_26-50.md
027-036-019,,027,036,Housing - Filter | 002-036-108 | Housing - Piston Bod Tilting Mechanism,VMRS_HB_COMPLETE_v20 page 6_pages_26-50.md
026-011-078,,026,011,Housing - Filter Transmission Air | 015-007-027 | Housing - Piston Control Valve Steering,VMRS_HB_COMPLETE_v20 page 6_pages_26-50.md
003-002-011,,003,002,"Housing - Flexible Shaft (Cable), Speedometer | 0.000.01 | Cylinder",VMRS_HB_COMPLETE_v20 page 6_pages_26-50.md
045-004-001,,045,004,"Housing - Flywheel | 026-010-074 | Housing - Piston, Manual Transmission Shift",VMRS_HB_COMPLETE_v20 page 6_pages_26-50.md
034-001-158,,034,001,"Housing - Fog Lamp | 082-024-010 | Housing - Piston, Throttle Valve, Mechanical",VMRS_HB_COMPLETE_v20 page 6_pages_26-50.md
027-006-001,,027,006,Housing - Forward Clutch | | Refrigeration Unit,VMRS_HB_COMPLETE_v20 page 6_pages_26-50.md
197-005-001,,197,005,"Housing - Frame, Chain Conveyor | 013-011-097 | Housing - Power Cable",VMRS_HB_COMPLETE_v20 page 6_pages_26-50.md
369-005-004,,369,005,"Housing - Frame, Fabricated Structure | 001-003-099 | Housing - Power Pack, Self-Powered",VMRS_HB_COMPLETE_v20 page 6_pages_26-50.md
362-002-003,,362,002,Housing - Front | 015-008-001 | Housing - Power Steering Pump Motor,VMRS_HB_COMPLETE_v20 page 6_pages_26-50.md
021-001-015,,021,001,"Housing - Front Axle Carrier, Driven Front Steer | 065-006-010 | Housing - Primary Filter",VMRS_HB_COMPLETE_v20 page 6_pages_26-50.md
001-001-076,,001,001,Axle | | Housing - Programmer,VMRS_HB_COMPLETE_v20 page 6_pages_26-50.md
034-003-001,,034,003,"Housing - Front Turn Signal & Parking Lamp | 025-001-144 | Housing - Pump, Transfer Case",VMRS_HB_COMPLETE_v20 page 6_pages_26-50.md
044-002-092,,044,002,Housing - Fuel Filter | 027-033-079 | Housing - Pushbutton Shift Selector,VMRS_HB_COMPLETE_v20 page 6_pages_26-50.md
082-039-016,,082,039,"Housing - Fuel Filter, Reefer | 015-013-015 | Housing - Rack & Pinion",VMRS_HB_COMPLETE_v20 page 6_pages_26-50.md
044-009-001,,044,009,Housing - Fuel Line Heater Core | 362-002-004 | Housing - Rear,VMRS_HB_COMPLETE_v20 page 6_pages_26-50.md
044-003-272,,044,003,Housing - Fuel Pump | 034-003-070 | Housing - Receptacle Adapter,VMRS_HB_COMPLETE_v20 page 6_pages_26-50.md
026-015-087,,026,015,"Housing - Gear Cylinder | 042-009-025 | Housing - Receptacle, Coolant Pre-Heater",VMRS_HB_COMPLETE_v20 page 6_pages_26-50.md
065-010-014,,065,010,"Housing - Gear Motor, Hydraulic System | 042-009-026 | Housing - Receptacle, Engine Pre-Heater",VMRS_HB_COMPLETE_v20 page 6_pages_26-50.md
059-010-023,,059,010,"Housing - Gear Tune Dump, Hudraulia Svatam | 002-030-076 | Housing - Receptacle, Television",VMRS_HB_COMPLETE_v20 page 6_pages_26-50.md
169-003-012,,169,003,"Housing - Gear Type Pump, Hydraulic System | 005-010-014 | Reciprocating Pump, Hydraulic",VMRS_HB_COMPLETE_v20 page 6_pages_26-50.md
065-014-011,,065,014,"Housing - Gerotor Pump, Hydraulic System | 002-008-106 | BysiennHousing - Register Air Conditioner",VMRS_HB_COMPLETE_v20 page 6_pages_26-50.md
044-003-157,,044,003,"Housing - Governor | 002-062-026 | Housing - Release Actuator, Deck Lid",VMRS_HB_COMPLETE_v20 page 6_pages_26-50.md
001-004-006,,001,004,Housing - Heater Sleeper | 058-006-012 | Housing - Remote,VMRS_HB_COMPLETE_v20 page 6_pages_26-50.md
016-008-100,,016,008,Housing - Height Control Valve | 026-011-063 | Housing - Remote Control,VMRS_HB_COMPLETE_v20 page 6_pages_26-50.md
094-008-028,,094,008,"Housing - Hopper Aerator, Air Supply | 034-004-436 | Housing - Retainer, Power Outlet",VMRS_HB_COMPLETE_v20 page 6_pages_26-50.md
055-014-001,,055,014,Housing - Hydraulic Lift Pump Motor | 045-008-104 | Housing - Rocker Arm,VMRS_HB_COMPLETE_v20 page 6_pages_26-50.md
013-016-003,,013,016,Housing - Hydraulic Motor Brake | 027-006-031 | Housing - Rotating Clutch,VMRS_HB_COMPLETE_v20 page 6_pages_26-50.md
055-005-016,,055,005,Housing - Hydraulic Pump & Valve | 367-003-034 | Housing - Rotator,VMRS_HB_COMPLETE_v20 page 6_pages_26-50.md
013-002-140,,013,002,"Housing - Hydraulic Wheel Cylinder, Rear | 027-001-040 | Housing - Scavenge Pump",VMRS_HB_COMPLETE_v20 page 6_pages_26-50.md
174-025-032,,174,025,Brakes | | Housing - School Bus Crossing Gate,VMRS_HB_COMPLETE_v20 page 6_pages_26-50.md
082-001-074,,082,001,Housing - Idler | 065-006-020 | Housing - Secondary Filter,VMRS_HB_COMPLETE_v20 page 6_pages_26-50.md
082-007-044,,082,007,"Housing - Idler | 036-006-007 | Housing - Sensor, Asset Tracking",VMRS_HB_COMPLETE_v20 page 6_pages_26-50.md
097-001-026,,097,001,"Housing - Impeller Shaft | 036-012-002 | Housing - Sensor, Backup Warning System",VMRS_HB_COMPLETE_v20 page 6_pages_26-50.md
044-003-167,,044,003,Housing - Injector Pump | 026-010-049 | Housing - Shift Bar,VMRS_HB_COMPLETE_v20 page 6_pages_26-50.md
365-007-051,,365,007,"Housing - Inlet, Paint Pump | 026-015-080 | Housing - Shift Gate, Automated Transmission",VMRS_HB_COMPLETE_v20 page 6_pages_26-50.md
042-006-017,,042,006,"Housing - Integrated Assembly, Thermostat | 027-033-037 | Housing - Shift Lever",VMRS_HB_COMPLETE_v20 page 6_pages_26-50.md
029-007-001,,029,007,Housing - Intermediate Section | 022-006-007 | Housing - Shitt Motor,VMRS_HB_COMPLETE_v20 page 6_pages_26-50.md
002-008-082,,002,008,"Housing - Key Switch, Dash | 002-004-248 | Housing - Snow Door, Hood",VMRS_HB_COMPLETE_v20 page 6_pages_26-50.md
014-007-009,,014,007,Housing - License Plate | 034-001-137 | Housing - Spot Lamp,VMRS_HB_COMPLETE_v20 page 6_pages_26-50.md
002-011-115,,002,011,"Housing - Lock Cylinder, Console | 013-004-045 | Housing - Spring Dake Chamber",VMRS_HB_COMPLETE_v20 page 6_pages_26-50.md
002-002-022,,002,002,"Housing - Lock Cylinder, Deck Lid | 367_000_022 | Housing - Sprinkler Water System",VMRS_HB_COMPLETE_v20 page 6_pages_26-50.md
098-010-013,,098,010,Housing - Lower | 002-022-015 | Housing - Starter Interlock Bolt,VMRS_HB_COMPLETE_v20 page 6_pages_26-50.md
056-003-030,,056,003,Housing - Lube Pump | 032-002-010 | Housing - Starter Pinion,VMRS_HB_COMPLETE_v20 page 6_pages_26-50.md
027-024-104,,027,024,Housing - Main Modulator Valve | 015-002-079 | Housing - Steering Column,VMRS_HB_COMPLETE_v20 page 6_pages_26-50.md
043-006-029,,043,006,"Housing - Main, Doser Valve | 015-003-037 | Housing - Steering Column (Mast Jacket)",VMRS_HB_COMPLETE_v20 page 6_pages_26-50.md
068-001-067,,068,001,"Housing - Main, Gearbox | 015-003-001 | Housing - Steering Gear",VMRS_HB_COMPLETE_v20 page 6_pages_26-50.md
034-004-444,,034,004,"Housing - Marker Lamp | 021-001-029 | Housing - Steering Knuckle, Driven Front Steer",VMRS_HB_COMPLETE_v20 page 6_pages_26-50.md
002-010-121,,002,010,"Housing - Mirror, Safety View | | Axle",VMRS_HB_COMPLETE_v20 page 6_pages_26-50.md
065-030-014,,065,030,"Housing - Motor | 002-050-570 | Housing - Storage Unit, Floor, Rear",VMRS_HB_COMPLETE_v20 page 6_pages_26-50.md
019-002-051,,019,002,"Housing - Motor, Automatic Chassis Lubricator | 056-001-125 | Housing - Support, Shaft, PTO",VMRS_HB_COMPLETE_v20 page 6_pages_26-50.md
015-002-076,,015,002,"Housing - Switch, Steering Column | 043-007-228 | Housing Assembly with Filter - DEF",VMRS_HB_COMPLETE_v20 page 6_pages_26-50.md
051-001-013,,051,001,Housing - Tachometer Drive | 013-002-049 | Housing Assembly Plunger - Rear Brakes 12,VMRS_HB_COMPLETE_v20 page 6_pages_26-50.md
034-002-012,,034,002,Housing - Tail/Stop Lamp Combination Bear | 010 002 010 | Degree Left,VMRS_HB_COMPLETE_v20 page 6_pages_26-50.md
055-002-012,,055,002,Housing Tank Wheeleheir Lift | 012 002 050 | Housing Assembly Dlunger Dear Brokes 12,VMRS_HB_COMPLETE_v20 page 6_pages_26-50.md
000-020-084,,000,020,"Housing - Tank, wheelchair Lift | 013-002-050 | Housing Assembly, Plunger - Rear Brakes, 12",VMRS_HB_COMPLETE_v20 page 6_pages_26-50.md
034-004-326,,034,004,"Housing - Terminal Block | | Degree, Right",VMRS_HB_COMPLETE_v20 page 6_pages_26-50.md
045-012-055,,045,012,Housing - Thermatic Oil Control Valve | 027-012-000 | Housing Converter (Bell Housing),VMRS_HB_COMPLETE_v20 page 6_pages_26-50.md
082-033-018,,082,033,"Housing - Thermostat, Reefer | 001-001-480 | Housing Kit - HVAC",VMRS_HB_COMPLETE_v20 page 6_pages_26-50.md
082-019-040,,082,019,"Housing - Thermostat, Thermoguard | 042-004-076 | Housing Kit - Outlet, Engine Coolant",VMRS_HB_COMPLETE_v20 page 6_pages_26-50.md
045-022-001,,045,022,"Housing - Timing, Rear | 013-001-096 | Housing, Actuator - Front Brake",VMRS_HB_COMPLETE_v20 page 6_pages_26-50.md
172-007-006,,172,007,Housing - Tipper | 142-002-000 | HP Accumulator,VMRS_HB_COMPLETE_v20 page 6_pages_26-50.md
001-002-126,,001,002,Housing Top | 027-011-012 | Hub - Clutch - Splitter,VMRS_HB_COMPLETE_v20 page 6_pages_26-50.md
001-002-120,,001,002,Housing - Top | 027-011-012 | Hub Driving Direct Clutch,VMRS_HB_COMPLETE_v20 page 6_pages_26-50.md
020-001-000,,020,001,"Housing - Transier Case | 027-000-012 | Hub - Driving, Direct Clutch",VMRS_HB_COMPLETE_v20 page 6_pages_26-50.md
058-005-014,,058,005,Housing - Transmission | 082-001-002 | Hub - Evaporator Fan,VMRS_HB_COMPLETE_v20 page 6_pages_26-50.md
043-004-034,,043,004,"Housing - Turbine, Turbocharger | 044-007-057 | Hub - Accelerator Lever",VMRS_HB_COMPLETE_v20 page 6_pages_26-50.md
034-003-017,,034,003,Housing - Turn Signal Operating Switch | 041-003-017 | Hub - Blower Shaft,VMRS_HB_COMPLETE_v20 page 6_pages_26-50.md
034-004-335,,034,004,Housing - Utility Lamp | 058-003-020 | Hub - Brake,VMRS_HB_COMPLETE_v20 page 6_pages_26-50.md
061-012-016,,061,012,"Housing - Vacuum Assembly | 068-001-104 | Hub - Brake, Boom",VMRS_HB_COMPLETE_v20 page 6_pages_26-50.md
015-007-011,,015,007,Housing - Valve | 023-002-007 | Hub - Clutch Driven Plate,VMRS_HB_COMPLETE_v20 page 6_pages_26-50.md
026-015-084,,026,015,Housing - Valve Body | 026-006-034 | Hub - Clutch 3rd & 4th Speed,VMRS_HB_COMPLETE_v20 page 6_pages_26-50.md
026-006-100,,026,006,015-003-08/ | Housing - Valve Steering Gear | | Hub - Clutch 5th & 6th,VMRS_HB_COMPLETE_v20 page 6_pages_26-50.md
050-015-011,,050,015,Housing - Vane Dump | 026-006-000 | Hub Clutch Deverse,VMRS_HB_COMPLETE_v20 page 6_pages_26-50.md
009-010-011,,009,010,"Housing - Variable Astronom | 020-000-099 | Hub - Clutch, Reverse",VMRS_HB_COMPLETE_v20 page 6_pages_26-50.md
045-008-169,,045,008,Housing - Variable Actuator | 082-003-006 | Hub - Condenser Fan,VMRS_HB_COMPLETE_v20 page 6_pages_26-50.md
065-015-012,,065,015,"Housing - Variable Displacement Pump, | 027-002-004 | Hub - Converter Pump",VMRS_HB_COMPLETE_v20 page 6_pages_26-50.md
045-003-058,,045,003,Hydraulic System | | Hub - Crankshaft,VMRS_HB_COMPLETE_v20 page 6_pages_26-50.md
045-012-012,,045,012,"Housing - Water Inlet, Oil Cooler | 163-001-004 | Hub - Cutter, Drum Sheave, Brush Chipper",VMRS_HB_COMPLETE_v20 page 6_pages_26-50.md
045-012-017,,045,012,"Housing - Water Outlet, Oil Cooler | 027-004-010 | Hub - Direct Clutch",VMRS_HB_COMPLETE_v20 page 6_pages_26-50.md
042-004-037,,042,004,Housing - Water Pump | 170-002-005 | Hub - Drive,VMRS_HB_COMPLETE_v20 page 6_pages_26-50.md
042-004-058,,042,004,"Housing - Water Pump Inlet | 044-003-136 | Hub - Drive Gear, Clutch & Drive Assembly",VMRS_HB_COMPLETE_v20 page 6_pages_26-50.md
042-004-000,,042,004,Housing - Water Thormostat | 045 008 243 | Hub Driven Gear Injection Pump,VMRS_HB_COMPLETE_v20 page 6_pages_26-50.md
042-000-002,,042,000,Housing - Water Memostal | 045-000-245 | Hub Ean,VMRS_HB_COMPLETE_v20 page 6_pages_26-50.md
013-001-119,,013,001,"Housing - Wheel Cylinder, Hydraulic | 000-003-013 | nub - Fail",VMRS_HB_COMPLETE_v20 page 6_pages_26-50.md
267-012-002,,267,012,"Housing - Winch | 042-003-005 | Hub - Fan Pulley, Driven",VMRS_HB_COMPLETE_v20 page 6_pages_26-50.md
002-035-036,,002,035,"Housing - Wiper Motor | 082-008-006 | Hub - Fan, Condenser",VMRS_HB_COMPLETE_v20 page 6_pages_26-50.md
053-001-027,,053,001,"Housing , Cylinder - Automatic Traction Device | 059-037-009 | Hub - Fan, Hydraulic Cooler",VMRS_HB_COMPLETE_v20 page 6_pages_26-50.md
043-004-058,,043,004,"Housing (Cartridge) Assembly - Bearing Drive | 027-006-009 | Hub - Forward, Clutch",VMRS_HB_COMPLETE_v20 page 6_pages_26-50.md
170-002-006,,170,002,"Shaft, Turbocharger | | Hub - Idler",VMRS_HB_COMPLETE_v20 page 6_pages_26-50.md
041-003-003,,041,003,"Housing & End Plates - Blower | 092-002-029 | Hub - Input, Compressor Drive",VMRS_HB_COMPLETE_v20 page 6_pages_26-50.md
045-008-110,,045,008,Housing & Follower Assembly | 023-001-135 | Hub - Lever Clutch Belease,VMRS_HB_COMPLETE_v20 page 6_pages_26-50.md
034-002-052,,034,002,Housing & Lamp Liconso Plato | 022 001 122 | Hub Lover Intermediate Clutch Bodal,VMRS_HB_COMPLETE_v20 page 6_pages_26-50.md
034-002-055,,034,002,Housing & Lamp Wivietal Blacket - License Plate | 010-001-000 | Hub - Locking,VMRS_HB_COMPLETE_v20 page 6_pages_26-50.md
015-002-049,,015,002,Housing And Bearing Assembly - Steering | 027-012-016 | Hub - Oli Pump Drive,VMRS_HB_COMPLETE_v20 page 6_pages_26-50.md
025-001-069,,025,001,"Column | | Hub - Output Shaft Clutch, Transfer case",VMRS_HB_COMPLETE_v20 page 6_pages_26-50.md
015-002-028,,015,002,"Housing and Bushing - Tilt Lever | 018-002-049 | Hub - Planetary Ring Gear, Drive",VMRS_HB_COMPLETE_v20 page 6_pages_26-50.md
026-015-050,,026,015,"Housing Assembly - Actuator, Automated | 022-008-027 | Hub - Planetary Ring Gear, Portal Assembly,",VMRS_HB_COMPLETE_v20 page 6_pages_26-50.md
034-003-027,,034,003,Housing Assembly - Backup Lamp | 056-001-112 | Hub - PTO,VMRS_HB_COMPLETE_v20 page 6_pages_26-50.md
091-001-008,,091,001,Housing Assembly - Blower Single Stage | 027-012-017 | Hub - PTO Automatic Transmission,VMRS_HB_COMPLETE_v20 page 6_pages_26-50.md
001-002-008,,001,002,"Housing Assembly - Blower, Two Stage | 042-004-030 | Hub - Pulley Water Pump",VMRS_HB_COMPLETE_v20 page 6_pages_26-50.md
091-002-000,,091,002,"Housing Assembly - Diowel, Two Stage | 042-004-009 | Hub Ding Coor Dianatany Carrier Inter Ayle",VMRS_HB_COMPLETE_v20 page 6_pages_26-50.md
027-007-010,,027,007,"Housing Assembly - Clutch Fiston | 022-004-120 | Rub - Ring Geal, Flanelary Carrier, Inter-Axie",VMRS_HB_COMPLETE_v20 page 6_pages_26-50.md
027-001-033,,027,001,"Housing Assembly - Clutch, Complete | | Differential",VMRS_HB_COMPLETE_v20 page 6_pages_26-50.md
001-001-286,,001,001,"Housing Assembly - Defroster | 026-006-064 | Hub - Shift, 1st & Reverse",VMRS_HB_COMPLETE_v20 page 6_pages_26-50.md
002-046-019,,002,046,Housing Assembly - Door Warning Lamp Switch | 026-006-111 | Hub - Synchronizer,VMRS_HB_COMPLETE_v20 page 6_pages_26-50.md
043-005-012,,043,005,Housing Assembly - Exhaust Brake | 025-001-068 | Hub - Transfer Case,VMRS_HB_COMPLETE_v20 page 6_pages_26-50.md
059-036-025,,059,036,Housing Assembly - Filter Element | 016-005-201 | Hub - Trunnion,VMRS_HB_COMPLETE_v20 page 6_pages_26-50.md
013-001-049,,013,001,"Housing Assembly - Front Black Plunger, 12 | 016-018-034 | Hub - Trunnion, Slider",VMRS_HB_COMPLETE_v20 page 6_pages_26-50.md
015-001-003,,015,001,Degree Left | | Hub - Upper Shaft To Steering Wheel,VMRS_HB_COMPLETE_v20 page 6_pages_26-50.md
013-001-050,,013,001,Housing Assembly - Front Black Plunger 12 | 082-005-009 | Hub & Cam - Thermostat,VMRS_HB_COMPLETE_v20 page 6_pages_26-50.md
010-001-000,,010,001,Degree Dight | 045 005 004 | Hub & Cane Targianal Balanger,VMRS_HB_COMPLETE_v20 page 6_pages_26-50.md
004-001-001,,004,001,040-000-004,VMRS_HB_COMPLETE_v20 page 6_pages_26-50.md
034-001-001,,034,001,Housing Assembly - Headlamp | 018-001-003 | Hub & Cup - Front Steer Wheel,VMRS_HB_COMPLETE_v20 page 6_pages_26-50.md
034-002-010,,034,002,"Housing Assembly - License Lamp, Rear | 018-002-001 | Hub & Cup - Rear Drive Wheel",VMRS_HB_COMPLETE_v20 page 6_pages_26-50.md
013-014-049,,013,014,"Housing Assembly - Plunger, 12 Degree, Left | 018-004-004 | Hub & Cup Assembly",VMRS_HB_COMPLETE_v20 page 6_pages_26-50.md
013-014-050,,013,014,"Housing Assembly - Plunger, 12 Degree, Right | 018-004-034 | Hub & Drum Assembly",VMRS_HB_COMPLETE_v20 page 6_pages_26-50.md
034-002-001,,034,002,Housing Assembly - Rear Lamp (Tail/Stop/Turn | 018-001-030 | Hub & Drum Assembly - Front Steer Wheel,VMRS_HB_COMPLETE_v20 page 6_pages_26-50.md
018-004-037,,018,004,Signal) | | Hub & Drum Assembly - Preadjusted,VMRS_HB_COMPLETE_v20 page 6_pages_26-50.md
111-001-009,,111,001,"Housing Assembly - Recoil | 018-001-059 | Hub & Drum Assembly - Preadiusted, Front",VMRS_HB_COMPLETE_v20 page 6_pages_26-50.md
026-015-048,,026,015,Housing Assembly - Roller Automated | | Steer Wheel,VMRS_HB_COMPLETE_v20 page 6_pages_26-50.md
018-002-068,,018,002,Transmission | | Hub & Drum Assembly - Preadjusted Rear Drive,VMRS_HB_COMPLETE_v20 page 6_pages_26-50.md
026-011-042,,026,011,Housing Assombly Chiff Indianter | 010-002-000 | Wheel,VMRS_HB_COMPLETE_v20 page 6_pages_26-50.md
020-011-043,,020,011,Housing Assembly - Shill Indicator | 010 000 000,VMRS_HB_COMPLETE_v20 page 6_pages_26-50.md
034-003-079,,034,003,Housing Assembly - Side Turn Signal | 018-002-033 | Hub & Drum Assembly - Rear Drive Wheel,VMRS_HB_COMPLETE_v20 page 6_pages_26-50.md
034-003-173,,034,003,"Housing Assembly - Turn Signal, Front | 018-004-039 | Hub & Rotor Assembly",VMRS_HB_COMPLETE_v20 page 6_pages_26-50.md
034-003-024,,034,003,"Housing Assembly - Turn Signal, Rear | 018-001-040 | Hub & Rotor Assembly - Front Steer Wheel",VMRS_HB_COMPLETE_v20 page 6_pages_26-50.md
015-011-017,,015,011,Housing Assembly - Upper | 018-004-038 | Hub & Rotor Assembly - Preadjusted,VMRS_HB_COMPLETE_v20 page 6_pages_26-50.md
018-001-060,,018,001,"Hub & Rotor Assembly - Preadjusted, Front | 068-003-000",VMRS_HB_COMPLETE_v20 page 6_pages_26-50.md
018-002-069,,018,002,"Hub & Rotor Assembly - Preadjusted, Rear Drive | 265-003-000",VMRS_HB_COMPLETE_v20 page 6_pages_26-50.md
018-002-062,,018,002,Hub & Rotor Assembly - Rear Drive Axle | 168-003-000,VMRS_HB_COMPLETE_v20 page 6_pages_26-50.md
018-002-048,,018,002,"Hub & Rotor Assembly - Rear, Complete | 365-003-000",VMRS_HB_COMPLETE_v20 page 6_pages_26-50.md
022-008-026,,022,008,"Hub & Rotor Assembly - Rear, Complete, Portal | 364-003-000",VMRS_HB_COMPLETE_v20 page 6_pages_26-50.md
015-005-120,,015,005,"Assembly, Rear Drive Axle",VMRS_HB_COMPLETE_v20 page 6_pages_26-50.md
061-008-008,,061,008,Hub and Arm Assembly - Broom | 268-003-000,VMRS_HB_COMPLETE_v20 page 6_pages_26-50.md
061-008-006,,061,008,"Hub and Arm Assembly - w/Sheave, Broom | 261-003-000",VMRS_HB_COMPLETE_v20 page 6_pages_26-50.md
018-005-005,,018,005,Hub Assembly - Position Not Specified | 169-003-000,VMRS_HB_COMPLETE_v20 page 6_pages_26-50.md
018-004-030,,018,004,Hub Assembly - Preadjusted | 366-003-000,VMRS_HB_COMPLETE_v20 page 6_pages_26-50.md
018-001-001,,018,001,"Hub Assembly - Preadjusted, Front Steer Wheel | 162 003 000",VMRS_HB_COMPLETE_v20 page 6_pages_26-50.md
061-002-040,,061,002,Hub Assembly - Roll Main Broom | 161-003-000,VMRS_HB_COMPLETE_v20 page 6_pages_26-50.md
017-009-003,,017,009,Hub Cap | 167-003-000,VMRS_HB_COMPLETE_v20 page 6_pages_26-50.md
018-007-000,,018,007,Hub Monitoring System | 166-003-000,VMRS_HB_COMPLETE_v20 page 6_pages_26-50.md
018-007-001,,018,007,Hub Monitoring System Assembly | 165-003-000,VMRS_HB_COMPLETE_v20 page 6_pages_26-50.md
018-001-039,,018,001,"Hub, Cap, Stud Assembly - Front Steer Wheel | 059-013-000",VMRS_HB_COMPLETE_v20 page 6_pages_26-50.md
018-004-040,,018,004,"Hub,Cup,Stud Assembly - Complete | 055-010-063",VMRS_HB_COMPLETE_v20 page 6_pages_26-50.md
018-002-045,,018,002,"Hub/Cup/Stud - Complete, Rear Drive Wheel | 055-010-062",VMRS_HB_COMPLETE_v20 page 6_pages_26-50.md
018-004-029,,018,004,HubcapHubcap Axlo Covor | 055-010-129,VMRS_HB_COMPLETE_v20 page 6_pages_26-50.md
018-001-026,,018,001,Hubcap - Front Steer Wheel | 065-000-000,VMRS_HB_COMPLETE_v20 page 6_pages_26-50.md
018-002-002,,018,002,Hubcap - Rear Drive Wheel | 065-001-001,VMRS_HB_COMPLETE_v20 page 6_pages_26-50.md
051-002-004,,051,002,Hubcap - Trailer Axle | 013-011-173,VMRS_HB_COMPLETE_v20 page 6_pages_26-50.md
018-004-017,,018,004,Hubcap & Seal Assembly | 192-003-000,VMRS_HB_COMPLETE_v20 page 6_pages_26-50.md
018-001-009,,018,001,Hubcap & Seal Assembly - Front Steer Wheel | 193-003-000,VMRS_HB_COMPLETE_v20 page 6_pages_26-50.md
051-002-000,,051,002,Hubodometer | 194-003-000,VMRS_HB_COMPLETE_v20 page 6_pages_26-50.md
051-002-001,,051,002,Hubodometer Assembly | 191-003-000,VMRS_HB_COMPLETE_v20 page 6_pages_26-50.md
053-007-103,,053,007,HUCKDOITHuckbolt Cross Member to Frame | 197-002-000,VMRS_HB_COMPLETE_v20 page 6_pages_26-50.md
154-001-042,,154,001,369-004-000,VMRS_HB_COMPLETE_v20 page 6_pages_26-50.md
141-001-018,,141,001,Humidifier - Hydrogen Fuel Cell | 196-003-000,VMRS_HB_COMPLETE_v20 page 6_pages_26-50.md
367-003-000,,367,003,Hydraulic | 195-003-000,VMRS_HB_COMPLETE_v20 page 6_pages_26-50.md
002-060-018,,002,060,Hydraulic Assembly - Convertible Top | 112-002-000,VMRS_HB_COMPLETE_v20 page 6_pages_26-50.md
023-001-163,,023,001,"Hydraulic Clutch System - Brakes, Complete | 173-003-000",VMRS_HB_COMPLETE_v20 page 6_pages_26-50.md
059-033-035,,059,033,Hydraulic Cylinder Assembly - Maintenance Kit | 141-000-000,VMRS_HB_COMPLETE_v20 page 6_pages_26-50.md
002-036-051,,002,036,Hydraulic Hook Assembly - Lower | 141-001-000,VMRS_HB_COMPLETE_v20 page 6_pages_26-50.md
055-010-134,,055,010,Hydraulic Line Beel | 053-006-191,VMRS_HB_COMPLETE_v20 page 6_pages_26-50.md
013-016-001,,013,016,Hydraulic Motor Brake Assembly - Complete | 053-009-008,VMRS_HB_COMPLETE_v20 page 6_pages_26-50.md
013-016-000,,013,016,Hydraulic Motor Brake System | 053-006-114,VMRS_HB_COMPLETE_v20 page 6_pages_26-50.md
142-006-000,,142,006,Hydraulic Pump | 036-005-003,VMRS_HB_COMPLETE_v20 page 6_pages_26-50.md
168-003-008,,168,003,"Hydraulic Pump - Front, Mower",VMRS_HB_COMPLETE_v20 page 6_pages_26-50.md
055-010-058,,055,010,Hydraulic Pump Assembly - Gear Type | 017-008-011,VMRS_HB_COMPLETE_v20 page 6_pages_26-50.md
055-010-060,,055,010,Hydraulic Pump Assembly - Gerotor Type | 044-005-050,VMRS_HB_COMPLETE_v20 page 6_pages_26-50.md
055-010-061,,055,010,Hydraulic Pump Assembly - Piston Type | 044-005-043,VMRS_HB_COMPLETE_v20 page 6_pages_26-50.md
055-010-059,,055,010,Hydraulic Pump Assembly - Rotary Type | 044-005-012,VMRS_HB_COMPLETE_v20 page 6_pages_26-50.md
055-010-057,,055,010,Hydraulic Pump Assembly - Vane Type | 045-001-028,VMRS_HB_COMPLETE_v20 page 6_pages_26-50.md
027-003-000,,027,003,Hydraulic Retarder Rotor | 044-005-044,VMRS_HB_COMPLETE_v20 page 6_pages_26-50.md
015-014-001,,015,014,Hydraulic Steering Assembly - Complete | 111-003-000,VMRS_HB_COMPLETE_v20 page 6_pages_26-50.md
015-014-000,,015,014,Hydraulic Steering System (Construction | 042-013-007,VMRS_HB_COMPLETE_v20 page 6_pages_26-50.md
261-002-000,,261,002,Equipment) | 045-008-257,VMRS_HB_COMPLETE_v20 page 6_pages_26-50.md
164-003-000,,164,003,Hydraulic System - All Compressor | 121-001-006,VMRS_HB_COMPLETE_v20 page 6_pages_26-50.md
013-007-059,,013,007,"Hydraulic System - Brakes, Complete | 042-004-029",VMRS_HB_COMPLETE_v20 page 6_pages_26-50.md
262-003-000,,262,003,Hydraulic System - Breaking | 082-001-058,VMRS_HB_COMPLETE_v20 page 6_pages_26-50.md
067-003-000,,067,003,Hydraulic System - Buckets | 082-007-027,VMRS_HB_COMPLETE_v20 page 6_pages_26-50.md
163-003-000,,163,003,Hydraulic System - Chipping | 061-008-005,VMRS_HB_COMPLETE_v20 page 6_pages_26-50.md
061-002-016,,061,002,Hydraulic System - Compactor | 001-001-293,VMRS_HB_COMPLETE_v20 page 6_pages_26-50.md
171-003-001,,171,003,Hydraulic System - Concrete Mixer | 013-003-036,VMRS_HB_COMPLETE_v20 page 6_pages_26-50.md
363-003-000,,363,003,Hydraulic System - Conveyance | 001.002.026,VMRS_HB_COMPLETE_v20 page 6_pages_26-50.md
267-003-000,,267,003,Hydraulic System - DelolingHydraulic System - Drilling and Boring | 081-005-004,VMRS_HB_COMPLETE_v20 page 6_pages_26-50.md
269-003-000,,269,003,Hydraulic System - Dust and Debris Collection | 365-011-006,VMRS_HB_COMPLETE_v20 page 6_pages_26-50.md
264-003-000,,264,003,Hydraulic System - Grappling | 034-001-149,VMRS_HB_COMPLETE_v20 page 6_pages_26-50.md
263-003-000,,263,003,Hydraulic System - Hammering | 365-001-038,VMRS_HB_COMPLETE_v20 page 6_pages_26-50.md
061-002-012,,061,002,Hydraulic System - Hopper Dump | 081-006-005,VMRS_HB_COMPLETE_v20 page 6_pages_26-50.md
462-002-000,,462,002,Hydraulic System - Insulating Lift Equipment | 033-001-000,VMRS_HB_COMPLETE_v20 page 6_pages_26-50.md
033-000-000,,033,000,"Ignition System | 141-001-033 | Inductor - Bracket and Bus Assembly, Hydrogen",VMRS_HB_COMPLETE_v20 page 6_pages_26-50.md
036-008-035,,036,008,"Illuminator - Infrared, Surveillance System | | Fuel Cell",VMRS_HB_COMPLETE_v20 page 6_pages_26-50.md
097-001-009,,097,001,"Impeller - Centrifugal Pump | 141-001-011 | Inductor - Load, Hydrogen Fuel Cell",VMRS_HB_COMPLETE_v20 page 6_pages_26-50.md
065-012-013,,065,012,"Impeller - Centrifugal Pump, Hydraulic System | 055-012-057 | Inflator - Air Bag",VMRS_HB_COMPLETE_v20 page 6_pages_26-50.md
065-014-012,,065,014,"Impeller - Gerotor Pump, Hydraulic System | 051-011-000 | Information Center",VMRS_HB_COMPLETE_v20 page 6_pages_26-50.md
201-001-003,,201,001,Impeller - Paint Heating Pump | 020-010-023 | Innibitor - Reverse,VMRS_HB_COMPLETE_v20 page 6_pages_26-50.md
291-002-004,,291,002,Impeller - PS4 Peristaltic Sampler | 013-009-127 | Injector - Alcohol Air Brakes,VMRS_HB_COMPLETE_v20 page 6_pages_26-50.md
043-004-010,,043,004,Impeller - Turbocharger | 019-002-046 | Injector - Automatic Chassis Lubricator,VMRS_HB_COMPLETE_v20 page 6_pages_26-50.md
042-004-005,,042,004,Impeller - Water Pump | 044-014-042 | Injector - Cold Start Valve,VMRS_HB_COMPLETE_v20 page 6_pages_26-50.md
048-001-068,,048,001,"Inclinometer - Hybrid | 043-007-165 | Injector - Doser Valve, DEF",VMRS_HB_COMPLETE_v20 page 6_pages_26-50.md
016-001-000,,016,001,"Independent Front Suspension | 043-006-026 | Injector - Doser Valve, Hydrocarbon (HC)",VMRS_HB_COMPLETE_v20 page 6_pages_26-50.md
016-023-000,,016,023,"Independent Rear Suspension | 151-001-005 | Injector - Fuel, APU",VMRS_HB_COMPLETE_v20 page 6_pages_26-50.md
026-011-003,,026,011,"Index Plate - Gearshift Lever | 082-039-035 | Injector - Fuel, Reefer",VMRS_HB_COMPLETE_v20 page 6_pages_26-50.md
362-002-000,,362,002,IndicatorIndicator Air Destrictor Air Cleaner Desfer | 044-014-031 | Injector Assembly - Central Port Injection (CPI),VMRS_HB_COMPLETE_v20 page 6_pages_26-50.md
002-041-040,,002,041,Indicator - Angle Lift Bodies | 044-014-001 | Injector Assembly - Electronic,VMRS_HB_COMPLETE_v20 page 6_pages_26-50.md
267-005-001,,267,005,Indicator - Boom Angle | 044-004-001 | Injector Assembly - Mechanical,VMRS_HB_COMPLETE_v20 page 6_pages_26-50.md
013-001-154,,013,001,"Indicator - Brake Stroke, Front Brake | 044-014-032 | Injector Assembly - Sequential Central Port",VMRS_HB_COMPLETE_v20 page 6_pages_26-50.md
013-017-015,,013,017,"Indicator - Brake Stroke, Position Not Specified | | Injection (SCPI)",VMRS_HB_COMPLETE_v20 page 6_pages_26-50.md
013-002-175,,013,002,"Indicator - Brake Stroke, Rear Brake | 044-004-034 | Injector Cleaner Kit",VMRS_HB_COMPLETE_v20 page 6_pages_26-50.md
003-001-195,,003,001,"Indicator - Decal, Dash Control | 044-014-000 | Injectors - Electronic",VMRS_HB_COMPLETE_v20 page 6_pages_26-50.md
059-001-129,,059,001,Indicator - Fifth Wheel | 044-004-000 | Injectors - Mechanical,VMRS_HB_COMPLETE_v20 page 6_pages_26-50.md
043-007-014,,043,007,"Indicator - Fill Level, DEF Tank | 048-001-055 | Inlet - Air, Turbo, Hybrid",VMRS_HB_COMPLETE_v20 page 6_pages_26-50.md
027-036-013,,027,036,"Indicator - Fliter, Transmission | 168-001-037 | Inlet - End Cover, Load Sense Valve, Mower",VMRS_HB_COMPLETE_v20 page 6_pages_26-50.md
019-002-042,,019,002,"Indicator - Headlamp Beam | 082-041-025 | Inlet - Intake Manifold, Engine, Reelei",VMRS_HB_COMPLETE_v20 page 6_pages_26-50.md
073-008-002,,073,008,Indicator - Level Sump | 045-011-037 | Inlet Hose,VMRS_HB_COMPLETE_v20 page 6_pages_26-50.md
082-018-003,,082,018,"Indicator - Liquid | 082-004-024 | Inlet Valve - Spring Loaded, Loading Mechanism",VMRS_HB_COMPLETE_v20 page 6_pages_26-50.md
013-010-242,,013,010,Indicator - Moisture/Air | 013-009-007 | Inlet Valve - Compressor,VMRS_HB_COMPLETE_v20 page 6_pages_26-50.md
092-002-011,,092,002,"Indicator - Oil Level, Compressor, Bulk Product | 092-002-023 | Inlet Valve - Open Compressor, Bulk Product",VMRS_HB_COMPLETE_v20 page 6_pages_26-50.md
082-002-025,,082,002,"Indicator - Oil Level, Compressor, Mechanical | 082-004-023 | Inlet Valve - Open Compressor, Mechanical",VMRS_HB_COMPLETE_v20 page 6_pages_26-50.md
000-004-011,,000,004,Refrigeration Unit | 000 000 004 | Refrigeration Unit,VMRS_HB_COMPLETE_v20 page 6_pages_26-50.md
082-004-011,,082,004,"Indicator - OII Level, Compressor, Mechanical | 092-002-024 | Inlet Valve - Spring Loaded, Loading Mechanism",VMRS_HB_COMPLETE_v20 page 6_pages_26-50.md
367-003-035,,367,003,Indicator - Oil Level Hydraulic System | 044-003-131 | Inner Boom Assembly,VMRS_HB_COMPLETE_v20 page 6_pages_26-50.md
002-057-007,,002,057,Indicator - Beadiness Light | 017-004-000 | Inner Tube - Pneumatic Tire,VMRS_HB_COMPLETE_v20 page 6_pages_26-50.md
032-003-020,,032,003,"Indicator - Ready, Glow Plug | 017-004-001 | Inner Tube Assembly - Pneumatic Tire",VMRS_HB_COMPLETE_v20 page 6_pages_26-50.md
141-001-029,,141,001,"Indicator - Remote Status, Top Assembly, | 022-004-122 | Input Cover - Inter-Axle Differential",VMRS_HB_COMPLETE_v20 page 6_pages_26-50.md
053-999-145,,053,999,Hydrogen Fuel Cell | | Insect Repellant,VMRS_HB_COMPLETE_v20 page 6_pages_26-50.md
003-001-013,,003,001,"Indicator - Tell-Tale, Alternator | 365-001-026 | Insert - 9 Pin, Paint Heater",VMRS_HB_COMPLETE_v20 page 6_pages_26-50.md
003-001-003,,003,001,"Indicator - Tell-Tale, Oil Pressure | 001-001-345 | Insert - Actuator",VMRS_HB_COMPLETE_v20 page 6_pages_26-50.md
045-001-007,,045,001,"Indicator - Timing | 044-001-084 | Insert - Antisiphon, Filler Neck",VMRS_HB_COMPLETE_v20 page 6_pages_26-50.md
174-024-084,,174,024,"Indicator - Turn SignalIndicator - Visual Bus Body Electrical System | 043-007-183 | Insert - Antisiphon, Filier Neck, DEF",VMRS_HB_COMPLETE_v20 page 6_pages_26-50.md
003-001-028,,003,001,Indicator - Visual Low Air Pressure | 045-008-122 | Insert - Cam Follower,VMRS_HB_COMPLETE_v20 page 6_pages_26-50.md
003-001-029,,003,001,"Indicator - Visual, Low Vacuum | 002-048-208 | Insert - Door Panel",VMRS_HB_COMPLETE_v20 page 6_pages_26-50.md
003-001-054,,003,001,"Indicator - Warning, Coolant Level | 002-017-033 | Insert - Door Trim, Panel",VMRS_HB_COMPLETE_v20 page 6_pages_26-50.md
003-001-015,,003,001,"Indicator - Warning, Glow Plug | 045-013-035 | Insert - Drain Plug, Oil Pan",VMRS_HB_COMPLETE_v20 page 6_pages_26-50.md
003-001-022,,003,001,"Indicator - Warning, Low Fuel | 034-003-187 | Insert - Dual Pole Plug",VMRS_HB_COMPLETE_v20 page 6_pages_26-50.md
034-003-104,,034,003,Indicator - Wig-Wag | 034-003-188 | Insert - Dual Pole Socket,VMRS_HB_COMPLETE_v20 page 6_pages_26-50.md
362-002-001,,362,002,"Indicator Assembly | 004-004-029 | Insert - Fairing, Cab Extender",VMRS_HB_COMPLETE_v20 page 6_pages_26-50.md
026-011-041,,026,011,Indicator Assembly - Snift | 002-015-029 | Insert - Lower,VMRS_HB_COMPLETE_v20 page 6_pages_26-50.md
003-001-046,,003,001,"Indicator Assembly - Visual Warning, Non- | 013-010-220 | Insert - Pision & Valve, Emergency Relay Valve",VMRS_HB_COMPLETE_v20 page 6_pages_26-50.md
003-001-111,,003,001,Indicator Assembly -Fluid Level Master Cylinder | 042-002-047 | Insert - Radiator Insulator,VMRS_HB_COMPLETE_v20 page 6_pages_26-50.md
002-027-208,,002,027,Indicator Kit - Recliner. Seat | 026-011-194 | Insert - Shift Knob,VMRS_HB_COMPLETE_v20 page 6_pages_26-50.md
002-027-207,,002,027,"Indicator Kit - Slide, Seat | 026-010-079 | Insert - Shift Yoke, Transmission",VMRS_HB_COMPLETE_v20 page 6_pages_26-50.md
013-013-056,,013,013,"Indicator Kit - Warning, Pad Wear | 002-030-018 | Insert - Sill Plate, Door Trim",VMRS_HB_COMPLETE_v20 page 6_pages_26-50.md
013-011-079,,013,011,"Indicator Lamp - ABS Error, Dash Mounted | 002-009-010 | Insert - Sun Visor, Exterior",VMRS_HB_COMPLETE_v20 page 6_pages_26-50.md
013-011-109,,013,011,"Indicator Lamp - ABS Error, Trailer Mounted | 002-009-006 | Insert - Sun Visor, Side, Exterior",VMRS_HB_COMPLETE_v20 page 6_pages_26-50.md
174-024-138,,174,024,Indicator Lamp - Childmate System | 002-048-200 | Insert - Sunglasses Pocket,VMRS_HB_COMPLETE_v20 page 6_pages_26-50.md
003-001-141,,003,001,Indicator Lamp - Gruise Centrel | 0/3-00/ 020 | Insert - Synchronizer,VMRS_HB_COMPLETE_v20 page 6_pages_26-50.md
003-004-110,,003,004,"Indicator Lamp - Offise Control | 053-004-039 | Insert - Tenon, TurbochargerInsert - Threaded",VMRS_HB_COMPLETE_v20 page 6_pages_26-50.md
003-001-105,,003,001,"Indicator Lamp - Engine Pre-Heater | 174-033-016 | Insert - Threaded, Ring Frame",VMRS_HB_COMPLETE_v20 page 6_pages_26-50.md
003-001-228,,003,001,"Indicator Lamp - General Usage | 071-030-022 | Insert - Track, Side Compartment Roll-Up Door",VMRS_HB_COMPLETE_v20 page 6_pages_26-50.md
003-001-030,,003,001,Indicator Lamp - Hydraulic Brake Failure | 026-011-148 | Insert - Transmission Ear,VMRS_HB_COMPLETE_v20 page 6_pages_26-50.md
056-001-091,,056,001,"Indicator Lamp - PTO | 002-048-239 | Insert - Trim Panel, ""A"" Pillar",VMRS_HB_COMPLETE_v20 page 6_pages_26-50.md
055-020-033,,055,020,"Indicator, Pressure - Control Panel | 002-048-243 | Insert - Trim Panel, ""B"" Pillar",VMRS_HB_COMPLETE_v20 page 6_pages_26-50.md
002-048-248,,002,048,"Insert - Trim Panel, ""C"" Pillar | 002-050-386",VMRS_HB_COMPLETE_v20 page 6_pages_26-50.md
002-031-031,,002,031,Insert - Trim. Rocker Panel | 152-001-013,VMRS_HB_COMPLETE_v20 page 6_pages_26-50.md
013-010-280,,013,010,"Insert - Tubing To Compression Nut, Air Brake | 071-019-000",VMRS_HB_COMPLETE_v20 page 6_pages_26-50.md
098-001-002,,098,001,"Insert - Valve, Bulk Product Transfer | 174-001-189",VMRS_HB_COMPLETE_v20 page 6_pages_26-50.md
026-011-124,,026,011,"Insert - Valve, Manual Transmission | 174-001-149",VMRS_HB_COMPLETE_v20 page 6_pages_26-50.md
071-026-035,,071,026,Insert - Wear | 174-001-128,VMRS_HB_COMPLETE_v20 page 6_pages_26-50.md
018-003-058,,018,003,Insert - Wheel Cover | 174-001-129,VMRS_HB_COMPLETE_v20 page 6_pages_26-50.md
002-008-084,,002,008,"Insert - Wood Grain, Dash | 174-001-130",VMRS_HB_COMPLETE_v20 page 6_pages_26-50.md
034-003-087,,034,003,"Insert Socket, Receptacle - 12 Conductor / 24 | 174-001-127",VMRS_HB_COMPLETE_v20 page 6_pages_26-50.md
174-001-126,,174,001,Volt,VMRS_HB_COMPLETE_v20 page 6_pages_26-50.md
034-003-040,,034,003,"Insert, Electrical Cable - 7 Pin Female | 002-048-058",VMRS_HB_COMPLETE_v20 page 6_pages_26-50.md
002-050-381,,002,050,Receptacle Connector,VMRS_HB_COMPLETE_v20 page 6_pages_26-50.md
034-003-041,,034,003,"Insert, Electrical Cable - 7 Pin Male Connector | 045-014-028",VMRS_HB_COMPLETE_v20 page 6_pages_26-50.md
002-008-097,,002,008,Plug Replacement,VMRS_HB_COMPLETE_v20 page 6_pages_26-50.md
034-003-047,,034,003,"Insert, Plug - 6 Pin Male Connector | 002-062-015",VMRS_HB_COMPLETE_v20 page 6_pages_26-50.md
034-003-114,,034,003,"Insert, Receptacle - 4 Way Connector | 002-017-050",VMRS_HB_COMPLETE_v20 page 6_pages_26-50.md
034-003-046,,034,003,"Insert, Receptacle - 6 Pin Female Connector | 002-018-065",VMRS_HB_COMPLETE_v20 page 6_pages_26-50.md
034-003-085,,034,003,"Insert, Receptacle Pin - 12 Connector / 24 Volt | 002-050-452",VMRS_HB_COMPLETE_v20 page 6_pages_26-50.md
053-006-252,,053,006,"Inserts - Base Plate Adapter Rings, Crimp | 041-001-050",VMRS_HB_COMPLETE_v20 page 6_pages_26-50.md
069-004-004,,069,004,Inanastian Dista | 001-002-144,VMRS_HB_COMPLETE_v20 page 6_pages_26-50.md
012-000-076,,012,000,Inspection Plate | 001-001-321,VMRS_HB_COMPLETE_v20 page 6_pages_26-50.md
151-001-214,,151,001,Installation Kit ADU | 001-003-139,VMRS_HB_COMPLETE_v20 page 6_pages_26-50.md
101-001-214,,101,001,Installation Kit - APU | 002 012 020,VMRS_HB_COMPLETE_v20 page 6_pages_26-50.md
002-027-109,,002,027,Installation Kit - Dack Flame | 002-012-029,VMRS_HB_COMPLETE_v20 page 6_pages_26-50.md
041-003-013,,041,003,Installation Kit Clutch | 001-004-091,VMRS_HB_COMPLETE_v20 page 6_pages_26-50.md
020-001-101,,020,001,Installation Kit - Clutch (Bushings & Bearings | 002-050-307,VMRS_HB_COMPLETE_v20 page 6_pages_26-50.md
025-002-045,,025,002,Installation Kit - Complete | 002-050-397,VMRS_HB_COMPLETE_v20 page 6_pages_26-50.md
044-011-011,,044,011,Installation Kit - Cruise Control System | 002-030-030,VMRS_HB_COMPLETE_v20 page 6_pages_26-50.md
004-001-018,,004,001,Installation Kit - Deflector Airfoil Boof Mounted | 002-012-100,VMRS_HB_COMPLETE_v20 page 6_pages_26-50.md
082-029-068,,082,029,Installation Kit - Door Curbside Reefer | 365-001-008,VMRS_HB_COMPLETE_v20 page 6_pages_26-50.md
082-029-069,,082,029,"Installation Kit - Door, Boadside, Reefer | 365-007-016",VMRS_HB_COMPLETE_v20 page 6_pages_26-50.md
055-003-019,,055,003,Installation Kit - Dual Pole Charge Liftgate | 002-050-451,VMRS_HB_COMPLETE_v20 page 6_pages_26-50.md
003-004-058,,003,004,Installation Kit - Engine Shutdown | 082-040-008,VMRS_HB_COMPLETE_v20 page 6_pages_26-50.md
044-008-006,,044,008,Installation Kit - Engine Shutdown | 367-002-002,VMRS_HB_COMPLETE_v20 page 6_pages_26-50.md
016-005-087,,016,005,Installation Kit - Equalizer | 074-001-004,VMRS_HB_COMPLETE_v20 page 6_pages_26-50.md
043-005-006,,043,005,Installation Kit - Exhaust Brake | 002-050-380,VMRS_HB_COMPLETE_v20 page 6_pages_26-50.md
063-004-019,,063,004,Installation Kit - Flash Adapter | 002-050-384,VMRS_HB_COMPLETE_v20 page 6_pages_26-50.md
044-003-307,,044,003,Installation Kit - Fuel Pump | 002-050-393,VMRS_HB_COMPLETE_v20 page 6_pages_26-50.md
003-001-094,,003,001,Installation Kit - Gauge | 002-050-398,VMRS_HB_COMPLETE_v20 page 6_pages_26-50.md
044-004-037,,044,004,Installation Kit - Injector | 002-050-382,VMRS_HB_COMPLETE_v20 page 6_pages_26-50.md
002-016-019,,002,016,"Installation Kit - Liftgate Electrical, Tailgate | 002-005-017",VMRS_HB_COMPLETE_v20 page 6_pages_26-50.md
036-007-003,,036,007,Installation Kit - On Board Computer | 002-004-065,VMRS_HB_COMPLETE_v20 page 6_pages_26-50.md
036-005-007,,036,005,"Installation Kit - Power Line Carrier (PLC), Data | 153-006-002",VMRS_HB_COMPLETE_v20 page 6_pages_26-50.md
002-004-064,,002,004,Communication,VMRS_HB_COMPLETE_v20 page 6_pages_26-50.md
077-003-063,,077,003,Installation Kit - Powered Landing Gear | 002-040-057,VMRS_HB_COMPLETE_v20 page 6_pages_26-50.md
059-037-002,,059,037,"Installation Kit - Radiator, Heat & Cooler System | 053-008-008",VMRS_HB_COMPLETE_v20 page 6_pages_26-50.md
004-003-001,,004,003,Installation Kit - Roof Fairing | 002-050-387,VMRS_HB_COMPLETE_v20 page 6_pages_26-50.md
044-011-012,,044,011,Installation Kit - Speed Sender | 002-050-394,VMRS_HB_COMPLETE_v20 page 6_pages_26-50.md
036-008-036,,036,008,Installation Kit - Surveillance System | 002-050-395,VMRS_HB_COMPLETE_v20 page 6_pages_26-50.md
029-004-007,,029,004,Installation Kit - Synchronizer | 002-050-379,VMRS_HB_COMPLETE_v20 page 6_pages_26-50.md
042-007-010,,042,007,Installation Kit - Water Filter | 002-050-388,VMRS_HB_COMPLETE_v20 page 6_pages_26-50.md
042-004-009,,042,004,Installation Kit - Water Pump | 002-007-018,VMRS_HB_COMPLETE_v20 page 6_pages_26-50.md
002-024-054,,002,024,Installation Kit Windshield | 002-007-023,VMRS_HB_COMPLETE_v20 page 6_pages_26-50.md
062-024-004,,062,024,Installation Kit Modem - External Terrestrial | 001-001-423,VMRS_HB_COMPLETE_v20 page 6_pages_26-50.md
003-002-024,,003,002,Instrument Cluster - Complete | 044_011_064,VMRS_HB_COMPLETE_v20 page 6_pages_26-50.md
034-004-061,,034,004,0/1_001_030,VMRS_HB_COMPLETE_v20 page 6_pages_26-50.md
002-008-000,,002,008,Instrument Panel | 016-022-013,VMRS_HB_COMPLETE_v20 page 6_pages_26-50.md
002-008-002,,002,008,Instrument Panel - Assembly | 042-002-181,VMRS_HB_COMPLETE_v20 page 6_pages_26-50.md
003-000-000,,003,000,"Instruments, Gauges, Warning & Shutdown | 043-001-141",VMRS_HB_COMPLETE_v20 page 6_pages_26-50.md
011-001-068,,011,001,"Devices, & Meters",VMRS_HB_COMPLETE_v20 page 6_pages_26-50.md
463-000-000,,463,000,Insulating Drilling and Boring Equipment | 014-005-019,VMRS_HB_COMPLETE_v20 page 6_pages_26-50.md
462-009-005,,462,009,Insulating Hardware - Platform | 016-020-013,VMRS_HB_COMPLETE_v20 page 6_pages_26-50.md
462-000-000,,462,000,Insulating Lift Equipment | 001-001-299,VMRS_HB_COMPLETE_v20 page 6_pages_26-50.md
002-050-391,,002,050,Insulation - Above Baggage Door | 014-004-003,VMRS_HB_COMPLETE_v20 page 6_pages_26-50.md
002-050-383,,002,050,Insulation - Above/Below Door | 001-001-457,VMRS_HB_COMPLETE_v20 page 6_pages_26-50.md
151-001-039,,151,001,Insulation - APU | 004-003-042,VMRS_HB_COMPLETE_v20 page 6_pages_26-50.md
002-050-390,,002,050,"Insulation - Baggage Door, Fore/Aft | 042-004-065",VMRS_HB_COMPLETE_v20 page 6_pages_26-50.md
002-050-389,,002,050,Insulation - Below Baggage Door | 013-008-055,VMRS_HB_COMPLETE_v20 page 6_pages_26-50.md
002-050-385,,002,050,Insulation - Below Walkthru | 045-014-033,VMRS_HB_COMPLETE_v20 page 6_pages_26-50.md
,050-386,050,386,02- | Insulation - Beside Walkthru,VMRS_HB_COMPLETE_v20 page 6_pages_26-50.md
,001-013,001,013,"52- | Insulation - Blanket, Toilet Tank",VMRS_HB_COMPLETE_v20 page 6_pages_26-50.md
,019-000,019,000,71- | Insulation - Body,VMRS_HB_COMPLETE_v20 page 6_pages_26-50.md
,001-189,001,189,74- | Insulation - Bus Body,VMRS_HB_COMPLETE_v20 page 6_pages_26-50.md
,001-149,001,149,74- | Insulation - Bus Engine Cover,VMRS_HB_COMPLETE_v20 page 6_pages_26-50.md
,001-128,001,128,74- | Insulation - Bus Floor,VMRS_HB_COMPLETE_v20 page 6_pages_26-50.md
,001-129,001,129,74- | Insulation - Bus Front Wall,VMRS_HB_COMPLETE_v20 page 6_pages_26-50.md
,001-130,001,130,74- | Insulation - Bus Rear Wall,VMRS_HB_COMPLETE_v20 page 6_pages_26-50.md
,001-127,001,127,74- | Insulation - Bus Roof,VMRS_HB_COMPLETE_v20 page 6_pages_26-50.md
,001-126,001,126,74- | Insulation - Bus Side Wall,VMRS_HB_COMPLETE_v20 page 6_pages_26-50.md
,048-058,048,058,02- | Insulation - Cab,VMRS_HB_COMPLETE_v20 page 6_pages_26-50.md
,050-381,050,381,"J2- | Insulation - Corner Post, Front",VMRS_HB_COMPLETE_v20 page 6_pages_26-50.md
,014-028,014,028,42- | Insulation - Crankcase Breather,VMRS_HB_COMPLETE_v20 page 6_pages_26-50.md
,000-097,000,097,02- | Insulation - DashInsulation - Deck Lid,VMRS_HB_COMPLETE_v20 page 6_pages_26-50.md
,017-050,017,050,02- | Insulation - Door Panel,VMRS_HB_COMPLETE_v20 page 6_pages_26-50.md
,018-065,018,065,"02- | Insulation - Door, Cab",VMRS_HB_COMPLETE_v20 page 6_pages_26-50.md
,050-452,050,452,"02- | Insulation - Door, Sleeper",VMRS_HB_COMPLETE_v20 page 6_pages_26-50.md
,001-050,001,050,"41- | Insulation - Duct, Air Intake",VMRS_HB_COMPLETE_v20 page 6_pages_26-50.md
,002-144,002,144,"01- | Insulation - Duct, Heater, Main",VMRS_HB_COMPLETE_v20 page 6_pages_26-50.md
,001-321,001,321,"01- | Insulation - Duct, Main",VMRS_HB_COMPLETE_v20 page 6_pages_26-50.md
,003-139,003,139,"01- | Insulation - Electrical Cover, HVAC, Self-",VMRS_HB_COMPLETE_v20 page 6_pages_26-50.md
,012-029,012,029,02- | Insulation - Engine Cover,VMRS_HB_COMPLETE_v20 page 6_pages_26-50.md
,004-091,004,091,"J1- | Insulation - Evaporator, Auxiliary Heater And A/C,",VMRS_HB_COMPLETE_v20 page 6_pages_26-50.md
,050-307,050,307,12- | SieepeiInsulation - Exit Door Above/Below,VMRS_HB_COMPLETE_v20 page 6_pages_26-50.md
,050-397,050,397,"12- | Insulation - Exit Door, Fore/Aft",VMRS_HB_COMPLETE_v20 page 6_pages_26-50.md
,012-105,012,105,02- | Insulation - Eloor,VMRS_HB_COMPLETE_v20 page 6_pages_26-50.md
,050-392,050,392,02- | Insulation - Forward Of Vent,VMRS_HB_COMPLETE_v20 page 6_pages_26-50.md
,001-008,001,008,65- | Insulation - Heat Exchanger,VMRS_HB_COMPLETE_v20 page 6_pages_26-50.md
,007-016,007,016,65- | Insulation - Hot Water Pump,VMRS_HB_COMPLETE_v20 page 6_pages_26-50.md
,050-451,050,451,02- | Insulation - Lock,VMRS_HB_COMPLETE_v20 page 6_pages_26-50.md
,040-008,040,008,"82- | Insulation - Muffler, Reefer",VMRS_HB_COMPLETE_v20 page 6_pages_26-50.md
,002-002,002,002,67- | Insulation - Noise Suppression,VMRS_HB_COMPLETE_v20 page 6_pages_26-50.md
,001-004,001,004,74- | Insulation - Outer Jacket,VMRS_HB_COMPLETE_v20 page 6_pages_26-50.md
,050-380,050,380,"02- | Insulation - Panel, Back/Side",VMRS_HB_COMPLETE_v20 page 6_pages_26-50.md
,050-393,050,393,12- | Insulation - Roof,VMRS_HB_COMPLETE_v20 page 6_pages_26-50.md
,050-382,050,382,02- | Insulation - Side,VMRS_HB_COMPLETE_v20 page 6_pages_26-50.md
,005-017,005,017,"02- | Insulation - Side, Cowl",VMRS_HB_COMPLETE_v20 page 6_pages_26-50.md
,004-065,004,065,"02- | Insulation - Sound, Side Panel",VMRS_HB_COMPLETE_v20 page 6_pages_26-50.md
,006-002,006,002,"53- | Insulation - Sound, Stationary Generator",VMRS_HB_COMPLETE_v20 page 6_pages_26-50.md
,004-064,004,064,"02- | Insulation - Sound, Upper Panel, Hood",VMRS_HB_COMPLETE_v20 page 6_pages_26-50.md
,040-057,040,057,02- | Insulation - Stepwell,VMRS_HB_COMPLETE_v20 page 6_pages_26-50.md
,008-008,008,008,53- | Insulation - Tubing,VMRS_HB_COMPLETE_v20 page 6_pages_26-50.md
,050-387,050,387,02- | Insulation - Upper Of Walkthru,VMRS_HB_COMPLETE_v20 page 6_pages_26-50.md
,050-394,050,394,JZ- | Insulation - Upper Right,VMRS_HB_COMPLETE_v20 page 6_pages_26-50.md
,050-395,050,395,02- | Insulation Kit - Lower,VMRS_HB_COMPLETE_v20 page 6_pages_26-50.md
,050-388,050,388,02- | Insulation Kit - Luggage Door,VMRS_HB_COMPLETE_v20 page 6_pages_26-50.md
,007-018,007,018,"02- | Insulator - ""A"" Pillar",VMRS_HB_COMPLETE_v20 page 6_pages_26-50.md
,007-023,007,023,"02- | Insulator - ""B"" Pillar",VMRS_HB_COMPLETE_v20 page 6_pages_26-50.md
,022-003,022,003,"16- | Insulator - Accumulator, Active Suspension",VMRS_HB_COMPLETE_v20 page 6_pages_26-50.md
,001-423,001,423,"01- | Insulator - Accumulator, Air Conditioning",VMRS_HB_COMPLETE_v20 page 6_pages_26-50.md
,011-064,011,064,"44- | Insulator - Actuator, Cruise Control",VMRS_HB_COMPLETE_v20 page 6_pages_26-50.md
,001-030,001,030,41- | Insulator - Air Cleaner,VMRS_HB_COMPLETE_v20 page 6_pages_26-50.md
,022-013,022,013,"16- | Insulator - Air Compressor, Active Suspension",VMRS_HB_COMPLETE_v20 page 6_pages_26-50.md
,002-181,002,181,"42- | Insulator - Air Deflector, Radiator Support",VMRS_HB_COMPLETE_v20 page 6_pages_26-50.md
,001-141,001,141,"43- | Insulator - Air Pump, Air Injection System",VMRS_HB_COMPLETE_v20 page 6_pages_26-50.md
,001-000,001,000,11- | Insulator - Rattery Box,VMRS_HB_COMPLETE_v20 page 6_pages_26-50.md
,020-013,020,013,16- | Insulator - Bearing Strut,VMRS_HB_COMPLETE_v20 page 6_pages_26-50.md
,001-299,001,299,01- | Insulator - Blower Motor,VMRS_HB_COMPLETE_v20 page 6_pages_26-50.md
,004-003,004,003,14- | Insulator - Body To Frame,VMRS_HB_COMPLETE_v20 page 6_pages_26-50.md
,001-457,001,457,"01- | Insulator - Bracket, Condenser, Air Conditioning",VMRS_HB_COMPLETE_v20 page 6_pages_26-50.md
,003-042,003,042,"04- | Insulator - Bracket, Roof Fairing",VMRS_HB_COMPLETE_v20 page 6_pages_26-50.md
,008-055,008,055,13- | Insulator - Brake Vacuum Pump,VMRS_HB_COMPLETE_v20 page 6_pages_26-50.md
,014-033,014,033,45- | Insulator - Breather,VMRS_HB_COMPLETE_v20 page 6_pages_26-50.md
014-004-050,,014,004,"Insulator - Cab Mounting, Rear | 002-060-026 | Insulator - Hydraulic Pump, Convertible Top",VMRS_HB_COMPLETE_v20 page 6_pages_26-50.md
052-003-052,,052,003,Insulator - Cable Antenna Badio | 044-003-156 | Insulator - Injector Line Support,VMRS_HB_COMPLETE_v20 page 6_pages_26-50.md
044-005-059,,044,005,Insulator - Carburetor to Manifold | 002-008-137 | Insulator - Instrument Panel,VMRS_HB_COMPLETE_v20 page 6_pages_26-50.md
002-012-120,,002,012,Insulator - Carpet Floor | 041-002-020 | Insulator - Intake Manifold,VMRS_HB_COMPLETE_v20 page 6_pages_26-50.md
082-030-030,,082,030,Insulator - Chafing Strip Fuel Tank Beefer | 002-016-034 | Insulator - Latch Mount Tailgate,VMRS_HB_COMPLETE_v20 page 6_pages_26-50.md
044-016-015,,044,016,"Insulator - Chack Valvo, Evaporativo Emission | 016 002 006 | Insulator - Loof Spring",VMRS_HB_COMPLETE_v20 page 6_pages_26-50.md
044-010-015,,044,010,Sustem | 002 025 170 | Insulator - Lear Spring,VMRS_HB_COMPLETE_v20 page 6_pages_26-50.md
016-002-001,,016,002,"SystemInsulator Coil Spring | 002-003-170 | Insulator - Linkage, Windshield Wiper",VMRS_HB_COMPLETE_v20 page 6_pages_26-50.md
010-002-091,,010,002,"Insulator - Coll Spring | 002-007-025 | Insulator - Molding, D. Filial",VMRS_HB_COMPLETE_v20 page 6_pages_26-50.md
010-020-006,,010,020,"Insulator - Coll Spring, Lower | 002-015-194 | Insulator - Molding, Reveal, Quarter Panel",VMRS_HB_COMPLETE_v20 page 6_pages_26-50.md
016-020-005,,016,020,"Insulator - Coll Spring, Opper | 001-001-336 | Insulator - Motor, Condenser, Root Mounted",VMRS_HB_COMPLETE_v20 page 6_pages_26-50.md
001-001-430,,001,001,"Insulator - Condenser Fan Assembly, Air | 034-001-183 | Insulator - Motor, Headlamp Door",VMRS_HB_COMPLETE_v20 page 6_pages_26-50.md
040-044-450,,040,044,"Conditioning | 002-035-173 | Insulator - Motor, Windshield Wiper",VMRS_HB_COMPLETE_v20 page 6_pages_26-50.md
013-011-158,,013,011,"Insulator - Control Module, ABS | 043-001-143 | Insulator - Mount, Air Pump, Air Injections",VMRS_HB_COMPLETE_v20 page 6_pages_26-50.md
055-010-222,,055,010,Insulator - Control Valve | | System,VMRS_HB_COMPLETE_v20 page 6_pages_26-50.md
048-001-098,,048,001,"Insulator - Coolant Reservoir, Inverter, Hybrid | 021-001-163 | Insulator - Mount, Differential Housing",VMRS_HB_COMPLETE_v20 page 6_pages_26-50.md
042-002-019,,042,002,"Insulator - Core Support To Frame | 016-020-023 | Insulator - Mount, Strut",VMRS_HB_COMPLETE_v20 page 6_pages_26-50.md
014-002-090,,014,002,"Insulator - Cover - Front Bumper | 028-001-017 | Insulator - Mounting, Auxiliary Transmission",VMRS_HB_COMPLETE_v20 page 6_pages_26-50.md
045-020-010,,045,020,"Insulator - Cover, Engine Appearance | 045-011-058 | Insulator - Mounting, Bypass Oil Filter",VMRS_HB_COMPLETE_v20 page 6_pages_26-50.md
014-002-106,,014,002,"Insulator - Cover, Rear Bumper | 041-004-013 | Insulator - Mounting, Charge Air Cooler",VMRS_HB_COMPLETE_v20 page 6_pages_26-50.md
002-005-036,,002,005,"Insulator - Cowl | 055-014-004 | Insulator - Mounting, Hydraulic Lift Pump Motor",VMRS_HB_COMPLETE_v20 page 6_pages_26-50.md
014-003-045,,014,003,"Insulator - Cradle, Engine | 014-004-029 | Insulator - Mounting, Sleeper",VMRS_HB_COMPLETE_v20 page 6_pages_26-50.md
014-001-102,,014,001,"Insulator - Cross Member, Suspension | 046-004-016 | Insulator - Mounting, Solid State Controls",VMRS_HB_COMPLETE_v20 page 6_pages_26-50.md
002-062-016,,002,062,"Insulator - Deck Lid | 042-002-108 | Insulator - Oil Cooler, Auxiliary",VMRS_HB_COMPLETE_v20 page 6_pages_26-50.md
043-007-213,,043,007,"Insulator - DEF Tank | 015-005-115 | Insulator - Oil Cooler, Power Steering",VMRS_HB_COMPLETE_v20 page 6_pages_26-50.md
021-001-160,,021,001,"Insulator - Differential Housing | 042-002-112 | Insulator - Oil Cooler, Transmission",VMRS_HB_COMPLETE_v20 page 6_pages_26-50.md
002-017-045,,002,017,Insulator - Door | 002-064-003 | Insulator - Package Tray,VMRS_HB_COMPLETE_v20 page 6_pages_26-50.md
002-024-062,,002,024,"Insulator - Door Glass | 002-008-152 | Insulator - Pad, Instrument Panel",VMRS_HB_COMPLETE_v20 page 6_pages_26-50.md
002-010-132,,002,010,"Insulator - Door Mirror | 002-011-120 | Insulator - Panel, Console",VMRS_HB_COMPLETE_v20 page 6_pages_26-50.md
043-006-065,,043,006,Insulator - Doser Injector | 367-005-025 | Insulator - Pedestal Mounting,VMRS_HB_COMPLETE_v20 page 6_pages_26-50.md
024-002-009,,024,002,Insulator - Drive Shaft Center Bearing | 016-008-135 | Insulator - Pivot Bushing,VMRS_HB_COMPLETE_v20 page 6_pages_26-50.md
041-001-099,,041,001,Insulator - Duct. Air Intake | 015-005-103 | Insulator - Pressure Line,VMRS_HB_COMPLETE_v20 page 6_pages_26-50.md
045-021-040,,045,021,Insulator - ECM Mounting | 033-002-026 | Insulator - Primary Lead,VMRS_HB_COMPLETE_v20 page 6_pages_26-50.md
002-045-000,,002,045,Insulator - Engine Noise | 002-065-023 | Insulator - Pump Headlamp Washer,VMRS_HB_COMPLETE_v20 page 6_pages_26-50.md
014-003-009,,014,003,"Insulator - Engine Rear | 044-009-038 | Insulator - Pump, Fuel Tank",VMRS_HB_COMPLETE_v20 page 6_pages_26-50.md
001-001-427,,001,001,Insulator - Evaporator Case | 002-015-189 | Insulator - Quarter Panel,VMRS_HB_COMPLETE_v20 page 6_pages_26-50.md
001-001-428,,001,001,Insulator - Evaporator Core Air Conditioning | 042-003-147 | Insulator - Badiator Fan Assembly,VMRS_HB_COMPLETE_v20 page 6_pages_26-50.md
001-001-059,,001,001,Insulator - Evaporator Thermo-Bulb | 048-001-107 | Insulator - Radiator Inverter Hybrid,VMRS_HB_COMPLETE_v20 page 6_pages_26-50.md
016-005-244,,016,005,0/3-003-033 | Insulator - Evaporator memo-Baib | | Insulator - Radius Rod,VMRS_HB_COMPLETE_v20 page 6_pages_26-50.md
002-002-005,,002,002,Insulator - Exhladist ripe a Mamer | 016-005-051 | Insulator - Rear Spring Lower,VMRS_HB_COMPLETE_v20 page 6_pages_26-50.md
002-012-136,,002,012,"Insulator - Firowall | 016-005-050 | Insulator - Dear Spring, Lower",VMRS_HB_COMPLETE_v20 page 6_pages_26-50.md
016-004-008,,016,004,"01/ 003 008 | Insulator Front | | Insulator - Real Spring, Opper",VMRS_HB_COMPLETE_v20 page 6_pages_26-50.md
014-003-000,,014,003,Insulator Front Shock Absorbor | 021 001 057 | Insulator - Real Stabilizer,VMRS_HB_COMPLETE_v20 page 6_pages_26-50.md
010-003-021,,010,003,Insulator Front Stabilizer | 001 001 440 | Insulator - Rectifier Mounting Bolt,VMRS_HB_COMPLETE_v20 page 6_pages_26-50.md
010-004-007,,010,004,"Insulator - Fiofil Stabilizer | 001-001-440 | Insulator - Reingerant Line, All Conditioning",VMRS_HB_COMPLETE_v20 page 6_pages_26-50.md
044-002-097,,044,002,"Insulator - Fuel Piler | 002-017-056 | Insulator - Reiniorcement Dar, Door",VMRS_HB_COMPLETE_v20 page 6_pages_26-50.md
044-014-036,,044,014,"Insulator - Fuel Injector | 002-002-020 | Insulator - Release Cable, Deck Lid",VMRS_HB_COMPLETE_v20 page 6_pages_26-50.md
044-003-273,,044,003,"Insulator - Fuel Pump | 015-005-109 | Insulator - Reservoir, Steering Pump",VMRS_HB_COMPLETE_v20 page 6_pages_26-50.md
044-001-120,,044,001,"Insulator - Fuel Tank | 002-035-151 | Insulator - Reservoir, windshield washer Fluid",VMRS_HB_COMPLETE_v20 page 6_pages_26-50.md
014-006-004,,014,006,"Insulator - Fuel Tank Support | 041-001-094 | Insulator - Resonator, Alr Intake",VMRS_HB_COMPLETE_v20 page 6_pages_26-50.md
044-012-027,,044,012,"Insulator - Fuel Tank, Gaseous | 002-031-028 | Insulator - Rocker Molding",VMRS_HB_COMPLETE_v20 page 6_pages_26-50.md
002-008-148,,002,008,Insulator - Glove Box | 002-006-095 | Insulator - Root,VMRS_HB_COMPLETE_v20 page 6_pages_26-50.md
002-001-054,,002,001,Insulator - Grille | 002-006-098 | Insulator - Root Panel,VMRS_HB_COMPLETE_v20 page 6_pages_26-50.md
002-040-004,,002,040,"Insulator - Handle Assist | 002-012-118 | Insulator - Scutt Plate Trim, Liftgate",VMRS_HB_COMPLETE_v20 page 6_pages_26-50.md
002-006-125,,002,006,"Insulator - Handle, Sunroof | 002-062-047 | Insulator - Scuff Plate, Trim, Trunk",VMRS_HB_COMPLETE_v20 page 6_pages_26-50.md
034-004-141,,034,004,Insulator - Harness Protector | 002-027-317 | Insulator - Seat Frame,VMRS_HB_COMPLETE_v20 page 6_pages_26-50.md
044-006-023,,044,006,"Insulator - Heat, Converter | 026-011-127 | Insulator - Shift Lever",VMRS_HB_COMPLETE_v20 page 6_pages_26-50.md
001-002-176,,001,002,"Insulator - Heater Assembly | 042-003-156 | Insulator - Shroud, Radiator Fan",VMRS_HB_COMPLETE_v20 page 6_pages_26-50.md
001-002-199,,001,002,"Insulator - Heater Control Valve | 002-030-017 | Insulator - Sill Plate, Door Trim",VMRS_HB_COMPLETE_v20 page 6_pages_26-50.md
048-001-092,,048,001,"Insulator - High Voltage Battery, Hybrid | 044-001-125 | Insulator - Skid Plate, Fuel Tank",VMRS_HB_COMPLETE_v20 page 6_pages_26-50.md
002-006-127,,002,006,"Insulator - Hinge, Sunroof | 032-002-027 | Insulator - Starter Field",VMRS_HB_COMPLETE_v20 page 6_pages_26-50.md
002-004-016,,002,004,"Insulator - Hood | 043-003-067 | Insulator - Stay Rod, Exhaust Stack",VMRS_HB_COMPLETE_v20 page 6_pages_26-50.md
054-001-010,,054,001,Insulator - Horn Contact | 015-002-002 | Insulator - Steering Column Bracket To,VMRS_HB_COMPLETE_v20 page 6_pages_26-50.md
367-003-018,,367,003,Insulator - Hose Hold Down | | Instrument Panel,VMRS_HB_COMPLETE_v20 page 6_pages_26-50.md
022-001-037,,022,001,"Insulator - Housing Mount, Differential | 015-005-108 | Insulator - Steering Pump",VMRS_HB_COMPLETE_v20 page 6_pages_26-50.md
022-003-152,,022,003,"Insulator - Housing Mount, Differential | 002-040-048 | Insulator - Step, Cab Entry",VMRS_HB_COMPLETE_v20 page 6_pages_26-50.md
022-001-034,,022,001,"Insulator - Housing, Differential | 044-001-023 | Insulator - Strap, Fuel Tank",VMRS_HB_COMPLETE_v20 page 6_pages_26-50.md
022-003-149,,022,003,"Insulator - Housing, Differential | 016-020-018 | Insulator - Strut",VMRS_HB_COMPLETE_v20 page 6_pages_26-50.md
045-011-087,,045,011,"Insulator - Housing, Engine Oil Filter | 014-003-053 | Insulator - Support Bracket, Engine Mount",VMRS_HB_COMPLETE_v20 page 6_pages_26-50.md
018-005-007,,018,005,"Insulator - Hub to Rotor, Position Not Specified | 014-002-099 | Insulator - Support, Cover, Front Bumper",VMRS_HB_COMPLETE_v20 page 6_pages_26-50.md
013-011-162,,013,011,"Insulator - Hydraulic Actuator, ABS | 014-002-115 | Insulator - Support, Cover, Rear Bumper",VMRS_HB_COMPLETE_v20 page 6_pages_26-50.md
013-011-163,,013,011,"Insulator - Hydraulic Control Unit. ABS | 002-006-087 | Insulator - Support, Luggage Carrier",VMRS_HB_COMPLETE_v20 page 6_pages_26-50.md
013-011-164,,013,011,"Insulator - Hydraulic Pump. ABS | 042-002-167 | Insulator - Surge Tank, Engine Coolant",VMRS_HB_COMPLETE_v20 page 6_pages_26-50.md
002-020-041,,002,020,"Insulator - Switch, Door | 0",VMRS_HB_COMPLETE_v20 page 6_pages_26-50.md
034-002-072,,034,002,Insulator - Tail Lamp Assembly | 0,VMRS_HB_COMPLETE_v20 page 6_pages_26-50.md
367-009-010,,367,009,"Insulator - Tank Mounting, Water System | 0",VMRS_HB_COMPLETE_v20 page 6_pages_26-50.md
042-002-045,,042,002,"Insulator - Tie Rod, Radiator | 0",VMRS_HB_COMPLETE_v20 page 6_pages_26-50.md
014-003-048,,014,003,"Insulator - Torque Strut, Engine` | 0",VMRS_HB_COMPLETE_v20 page 6_pages_26-50.md
043-001-159,,043,001,"Insulator - Transducer Valve, Exhaust Back | 0",VMRS_HB_COMPLETE_v20 page 6_pages_26-50.md
014-003-010,,014,003,Insulator - Transmission | 0,VMRS_HB_COMPLETE_v20 page 6_pages_26-50.md
002-048-240,,002,048,"Insulator - Trim Panel, ""A"" Pillar | 0",VMRS_HB_COMPLETE_v20 page 6_pages_26-50.md
002-048-245,,002,048,"Insulator - Trim Panel, ""B"" Pillar | 0",VMRS_HB_COMPLETE_v20 page 6_pages_26-50.md
002-008-153,,002,008,"Insulator - Trim Panel, Instrument Panel | 0",VMRS_HB_COMPLETE_v20 page 6_pages_26-50.md
002-015-199,,002,015,"Insulator - Trim Panel, Quarter Panel | 0",VMRS_HB_COMPLETE_v20 page 6_pages_26-50.md
002-062-044,,002,062,"Insulator - Trim Panel, Trunk | 0",VMRS_HB_COMPLETE_v20 page 6_pages_26-50.md
002-048-254,,002,048,"Insulator - Trim, Kick Panel | 0",VMRS_HB_COMPLETE_v20 page 6_pages_26-50.md
002-061-066,,002,061,"Insulator - Trim, Liftgate | 0",VMRS_HB_COMPLETE_v20 page 6_pages_26-50.md
041-004-044,,041,004,"Insulator - Tube, Charge Air Cooler | 0",VMRS_HB_COMPLETE_v20 page 6_pages_26-50.md
044-010-025,,044,010,"Insulator - Vacuum Reservoir, Emission System | 0",VMRS_HB_COMPLETE_v20 page 6_pages_26-50.md
367-008-013,,367,008,Insulator Vibration System | 0,VMRS_HB_COMPLETE_v20 page 6_pages_26-50.md
002-018-193,,002,018,Insulator - Window Regulator | 0,VMRS_HB_COMPLETE_v20 page 6_pages_26-50.md
002-010-137,,002,010,Insulator - Windshield Mounted Mirror | 0,VMRS_HB_COMPLETE_v20 page 6_pages_26-50.md
002-063-005,,002,063,"Insulator - Wiper Motor, Back Glass | 0",VMRS_HB_COMPLETE_v20 page 6_pages_26-50.md
031-001-053,,031,001,"Insulator, Rubber - Alternator Terminal | 0",VMRS_HB_COMPLETE_v20 page 6_pages_26-50.md
053-006-176,,053,006,"Insulator, Warmer - Refrigerant Tank, AC | 0",VMRS_HB_COMPLETE_v20 page 6_pages_26-50.md
041-001-075,,041,001,Intake Heater | 0,VMRS_HB_COMPLETE_v20 page 6_pages_26-50.md
058-004-016,,058,004,"Intake Housing - Cooling Fan, Winch | 0",VMRS_HB_COMPLETE_v20 page 6_pages_26-50.md
041-002-000,,041,002,Intake Manifold | 0,VMRS_HB_COMPLETE_v20 page 6_pages_26-50.md
044-007-112,,044,007,Intake Socket - Throttle Plate Position | 1,VMRS_HB_COMPLETE_v20 page 6_pages_26-50.md
045-008-034,,045,008,Intake Valve | 3,VMRS_HB_COMPLETE_v20 page 6_pages_26-50.md
016-023-007,,016,023,Integral Link - Independent Rear Suspension | 0,VMRS_HB_COMPLETE_v20 page 6_pages_26-50.md
022-004-062,,022,004,Inter-Axle Kit | 0,VMRS_HB_COMPLETE_v20 page 6_pages_26-50.md
052-013-000,,052,013,Intercom System | 0,VMRS_HB_COMPLETE_v20 page 6_pages_26-50.md
012-011-140,,012,011,Intercooler Assembly | 0,VMRS_HB_COMPLETE_v20 page 6_pages_26-50.md
013-011-140,,013,011,Interface - Control Monitor Navigation System | 0,VMRS_HB_COMPLETE_v20 page 6_pages_26-50.md
001-000-000,,001,000,GPS | 0,VMRS_HB_COMPLETE_v20 page 6_pages_26-50.md
141-001-035,,141,001,"Interface - GenDrive User, Hvdrogen Fuel Cell | 0",VMRS_HB_COMPLETE_v20 page 6_pages_26-50.md
036-005-006,,036,005,"Interface - Handheld, Power Line Carrier (PLC), | 0",VMRS_HB_COMPLETE_v20 page 6_pages_26-50.md
051-001-020,,051,001,Interface Module - Frequency To Voltage | 0,VMRS_HB_COMPLETE_v20 page 6_pages_26-50.md
003-001-128,,003,001,Interface Module - Frequency to Voltage Block | 0,VMRS_HB_COMPLETE_v20 page 6_pages_26-50.md
003-001-082,,003,001,Interface Module - Instrument Panel | 0,VMRS_HB_COMPLETE_v20 page 6_pages_26-50.md
003-001-129,,003,001,Interface Module - Pressure/Vacuum Block | 0,VMRS_HB_COMPLETE_v20 page 6_pages_26-50.md
003-001-127,,003,001,Interface Module - Vacuum Block | 0,VMRS_HB_COMPLETE_v20 page 6_pages_26-50.md
098-013-015,,098,013,Interference valve | 0,VMRS_HB_COMPLETE_v20 page 6_pages_26-50.md
002-050-365,,002,050,Interior Kit - Lower | 0,VMRS_HB_COMPLETE_v20 page 6_pages_26-50.md
002-030-000,,002,030,Interior Moldings | 0,VMRS_HB_COMPLETE_v20 page 6_pages_26-50.md
100-004-011,,100,004,Interlock Eines Scroon | 0,VMRS_HB_COMPLETE_v20 page 6_pages_26-50.md
100-001-011,,100,001,Interlock - OCC Screen | U,VMRS_HB_COMPLETE_v20 page 6_pages_26-50.md
199-002-011,,199,002,Interlock - ONP Screen | 0,VMRS_HB_COMPLETE_v20 page 6_pages_26-50.md
199-003-011,,199,003,Interlock - Polishing Screen | 0,VMRS_HB_COMPLETE_v20 page 6_pages_26-50.md
026-002-014,,026,002,Interlock - Shifter Shaft | 3,VMRS_HB_COMPLETE_v20 page 6_pages_26-50.md
199-005-009,,199,005,Interlock - Trommel | 0,VMRS_HB_COMPLETE_v20 page 6_pages_26-50.md
055-023-020,,055,023,Interlock - Wheelchair Lift | 0,VMRS_HB_COMPLETE_v20 page 6_pages_26-50.md
174-014-019,,174,014,Interlock - Wheelchair Lift Door | 0,VMRS_HB_COMPLETE_v20 page 6_pages_26-50.md
027-024-098,,027,024,Interlock Valve,VMRS_HB_COMPLETE_v20 page 6_pages_26-50.md
071-026-036,,071,026,Intermediate Assembly | 0,VMRS_HB_COMPLETE_v20 page 6_pages_26-50.md
027-008-000,,027,008,Intermediate Clutch & Center Support | 3,VMRS_HB_COMPLETE_v20 page 6_pages_26-50.md
029-007-000,,029,007,Intermediate Section Housing | 0,VMRS_HB_COMPLETE_v20 page 6_pages_26-50.md
044-011-021,,044,011,Inversion Valve | 0,VMRS_HB_COMPLETE_v20 page 6_pages_26-50.md
151-006-000,,151,006,Inversion valve - Alf Brake | 2,VMRS_HB_COMPLETE_v20 page 6_pages_26-50.md
151-000-000,,151,000,2,VMRS_HB_COMPLETE_v20 page 6_pages_26-50.md
039-004-000,,039,004,Inverter - Electric Vehicle | 0,VMRS_HB_COMPLETE_v20 page 6_pages_26-50.md
048-001-002,,048,001,Inverter - Motor/Generator Hybrid | 0,VMRS_HB_COMPLETE_v20 page 6_pages_26-50.md
151-006-001,,151,006,Inverter Assembly - APU | 0,VMRS_HB_COMPLETE_v20 page 6_pages_26-50.md
039-004-001,,039,004,Inverter Assembly - Electric Vehicle | 0,VMRS_HB_COMPLETE_v20 page 6_pages_26-50.md
052-011-007,,052,011,"Inverter, Power - AC to DC | 0",VMRS_HB_COMPLETE_v20 page 6_pages_26-50.md
052-011-012,,052,011,"Inverter, Power - DC to AC | 0",VMRS_HB_COMPLETE_v20 page 6_pages_26-50.md
063-005-007,,063,005,"Inverter, Power - Handheld Device",VMRS_HB_COMPLETE_v20 page 6_pages_26-50.md
063-006-026,,063,006,"Inverter, Power - Handheld Device",VMRS_HB_COMPLETE_v20 page 6_pages_26-50.md
001-003-102,,001,003,"Inverter/Charger - Power Pack, Self-Powered",VMRS_HB_COMPLETE_v20 page 6_pages_26-50.md
027-033-062,,027,033,Isolation Kit - ECU,VMRS_HB_COMPLETE_v20 page 6_pages_26-50.md
032-001-072,,032,001,"Isolator - Battery Cable, Positive",VMRS_HB_COMPLETE_v20 page 6_pages_26-50.md
042-014-007,,042,014,"Isolator - Battery Coolant Pump, Electric Vehicle",VMRS_HB_COMPLETE_v20 page 6_pages_26-50.md
014-005-016,,014,005,Isolator - Battery Stud,VMRS_HB_COMPLETE_v20 page 6_pages_26-50.md
023-001-130,,023,001,Isolator - Clutch Linkage,VMRS_HB_COMPLETE_v20 page 6_pages_26-50.md
001-001-399,,001,001,"Isolator - Condensel, All Conditioner",VMRS_HB_COMPLETE_v20 page 6_pages_26-50.md
001-001-453,,001,001,Isolator - Duct HVAC,VMRS_HB_COMPLETE_v20 page 6_pages_26-50.md
014-003-056,,014,003,Isolator - Engine Mount,VMRS_HB_COMPLETE_v20 page 6_pages_26-50.md
042-003-118,,042,003,Isolator - Fan Drive,VMRS_HB_COMPLETE_v20 page 6_pages_26-50.md
026-011-052,,026,011,Isolator - Gear Shift Lever O-Ring,VMRS_HB_COMPLETE_v20 page 6_pages_26-50.md
002-001-029,,002,001,Isolator - Grille,VMRS_HB_COMPLETE_v20 page 6_pages_26-50.md
002-004-179,,002,004,Isolator - Hood Support,VMRS_HB_COMPLETE_v20 page 6_pages_26-50.md
058-004-005,,058,004,"Isolator - Motor, Winch",VMRS_HB_COMPLETE_v20 page 6_pages_26-50.md
042-011-022,,042,011,Isolator - Mounting,VMRS_HB_COMPLETE_v20 page 6_pages_26-50.md
043-003-065,,043,003,"Isolator - Mounting, Rubber, Exhaust Pipe",VMRS_HB_COMPLETE_v20 page 6_pages_26-50.md
014-014-015,,014,014,"Isolator - Mud Flap Brackel, Rear Wheel",VMRS_HB_COMPLETE_v20 page 6_pages_26-50.md
013-008-023,,013,008,"Isolator - Power Steering Fump, high voltage",VMRS_HB_COMPLETE_v20 page 6_pages_26-50.md
026-011-131,,026,011,Isolator - Shift Lever,VMRS_HB_COMPLETE_v20 page 6_pages_26-50.md
013-010-491,,013,010,"Isolator - Slide Bar, Trailer Air Hose",VMRS_HB_COMPLETE_v20 page 6_pages_26-50.md
052-011-003,,052,011,"Isolator - Solid State, Isolated Battery",VMRS_HB_COMPLETE_v20 page 6_pages_26-50.md
053-001-006,,053,001,Isolator - Tire Carrier,VMRS_HB_COMPLETE_v20 page 6_pages_26-50.md
013-010-516,,013,010,"Isolator - Vibration, Air Tank Mounting",VMRS_HB_COMPLETE_v20 page 6_pages_26-50.md
002-027-079,,002,027,Isolator Assembly - Fore & Aft,VMRS_HB_COMPLETE_v20 page 6_pages_26-50.md
153-004-005,,153,004,Isolator Block - Stationary Generator,VMRS_HB_COMPLETE_v20 page 6_pages_26-50.md
364-001-005,,364,001,Isomount - Paver/Melter Assembly,VMRS_HB_COMPLETE_v20 page 6_pages_26-50.md
032-004-006,,032,004,J-Brackets - Tank,VMRS_HB_COMPLETE_v20 page 6_pages_26-50.md
002-004-266,,002,004,J-HOOK - HOOD PIVOT,VMRS_HB_COMPLETE_v20 page 6_pages_26-50.md
053-006-012,,053,006,Jack - Bottle,VMRS_HB_COMPLETE_v20 page 6_pages_26-50.md
053-006-076,,053,006,Jack - Eloor,VMRS_HB_COMPLETE_v20 page 6_pages_26-50.md
055-028-000,,055,028,Jack - Ground Support Equipment (GSE),VMRS_HB_COMPLETE_v20 page 6_pages_26-50.md
053-006-075,,053,006,Jack - Transmission,VMRS_HB_COMPLETE_v20 page 6_pages_26-50.md
051-015-002,,051,015,Jack - Vehicle Lifting,VMRS_HB_COMPLETE_v20 page 6_pages_26-50.md
002-050-146,,002,050,Jack Plug Assembly,VMRS_HB_COMPLETE_v20 page 6_pages_26-50.md
053-006-073,,053,006,Jack Stand,VMRS_HB_COMPLETE_v20 page 6_pages_26-50.md
002-036-072,,002,036,Jacket - Cab Lock,VMRS_HB_COMPLETE_v20 page 6_pages_26-50.md
074-000-000,,074,000,"Jacket - Tank Vessel, Outer",VMRS_HB_COMPLETE_v20 page 6_pages_26-50.md
015-002-065,,015,002,"Jacket/Tube - Shaft, Steering Column",VMRS_HB_COMPLETE_v20 page 6_pages_26-50.md
014-012-000,,014,012,Jackstand Assembly - Complete,VMRS_HB_COMPLETE_v20 page 6_pages_26-50.md
002-019-006,,002,019,Jam - Baggage Door,VMRS_HB_COMPLETE_v20 page 6_pages_26-50.md
002-050-241,,002,050,Jam - Walkthru Frame,VMRS_HB_COMPLETE_v20 page 6_pages_26-50.md
075-004-004,,075,004,Jam Nut - Hold-Down Clamp,VMRS_HB_COMPLETE_v20 page 6_pages_26-50.md
012-001-006,,012,001,"Jam Nut - Outer, Non-Driven Rear Axle",VMRS_HB_COMPLETE_v20 page 6_pages_26-50.md
012-002-006,,012,002,"Jam Nut - Outer, Non-Driven, Tag Or Pusher",VMRS_HB_COMPLETE_v20 page 6_pages_26-50.md
013-004-038,,013,004,Jam Nut - Spring Brake Chamber,VMRS_HB_COMPLETE_v20 page 6_pages_26-50.md
002-004-030,,002,004,"Jam Nut - Tilt Adjustment, Hood",VMRS_HB_COMPLETE_v20 page 6_pages_26-50.md
362-001-011,,362,001,Jam Nut - Weigh Bar Assembly,VMRS_HB_COMPLETE_v20 page 6_pages_26-50.md
,023-032,023,032,0/1- | Jamb - Bulknead Door,VMRS_HB_COMPLETE_v20 page 6_pages_26-50.md
002-050-060,,002,050,Jamb Nut Adjustment Screw Variable Valve,VMRS_HB_COMPLETE_v20 page 6_pages_26-50.md
040-000-200,,040,000,Actuator,VMRS_HB_COMPLETE_v20 page 6_pages_26-50.md
045-008-055,,045,008,Jamb Nut - Rocker Arm Adjusting,VMRS_HB_COMPLETE_v20 page 6_pages_26-50.md
369-002-000,,369,002,Jaws - Crusher,VMRS_HB_COMPLETE_v20 page 6_pages_26-50.md
059-001-014,,059,001,Jaws - Locking,VMRS_HB_COMPLETE_v20 page 6_pages_26-50.md
044-005-016,,044,005,Jet - Main Metering,VMRS_HB_COMPLETE_v20 page 6_pages_26-50.md
267-001-014,,267,001,Jib - Boom,VMRS_HB_COMPLETE_v20 page 6_pages_26-50.md
267-001-013,,267,001,Jib Assembly - Boom,VMRS_HB_COMPLETE_v20 page 6_pages_26-50.md
071-001-010,,071,001,Joint - Above Drop,VMRS_HB_COMPLETE_v20 page 6_pages_26-50.md
071-001-011,,071,001,Joint - Below Drop,VMRS_HB_COMPLETE_v20 page 6_pages_26-50.md
071-001-006,,071,001,Joint - Board To Board,VMRS_HB_COMPLETE_v20 page 6_pages_26-50.md
,001-007,001,007,0/1- | Joint Board To Hat Section,VMRS_HB_COMPLETE_v20 page 6_pages_26-50.md
071-001-009,,071,001,Joint - Board To Rear,VMRS_HB_COMPLETE_v20 page 6_pages_26-50.md
071-001-005,,071,001,Joint - Board To Side Rail,VMRS_HB_COMPLETE_v20 page 6_pages_26-50.md
002-036-137,,002,036,Joint - Cab Hold-Down Rod | 026-002-034 | Key - Countershaft,VMRS_HB_COMPLETE_v20 page 6_pages_26-50.md
014-004-017,,014,004,Joint - Cab Hold-Down Rod | 045-005-008 | Key - Crankshaft,VMRS_HB_COMPLETE_v20 page 6_pages_26-50.md
055-022-013,,055,022,"Joint - Shelf | 082-004-052 | Key - Crankshaft, Compressor",VMRS_HB_COMPLETE_v20 page 6_pages_26-50.md
071-001-004,,071,001,"Joint - Threshold, Side Door | 082-041-039 | Key - Damper Pulley, Engine, Reefer",VMRS_HB_COMPLETE_v20 page 6_pages_26-50.md
082-033-006,,082,033,"Joint - Water Pump, Reefer | 002-018-099 | Key - Door Lock",VMRS_HB_COMPLETE_v20 page 6_pages_26-50.md
013-005-030,,013,005,"Joint Assembly - Ball, Inching Control | 174-001-170 | Key - Door Lock, Bus Body",VMRS_HB_COMPLETE_v20 page 6_pages_26-50.md
024-002-015,,024,002,Journal - Universal Joint | 045-009-010 | Key - Drive Gear,VMRS_HB_COMPLETE_v20 page 6_pages_26-50.md
464-006-002,,464,006,JOYSTICK | 032-002-049 | Key - Drive ShallKey - Drive Shaft Te Gear,VMRS_HB_COMPLETE_v20 page 6_pages_26-50.md
404-000-002,,404,000,Joystick - Axis Control | 082-001-029 | Key - Evaporator Shaft Pulley,VMRS_HB_COMPLETE_v20 page 6_pages_26-50.md
068-005-009,,068,005,Joystick - Boom | 082-001-062 | Key - Eanshaft,VMRS_HB_COMPLETE_v20 page 6_pages_26-50.md
059-025-020,,059,025,Jovstick - Hvdraulic Control | 082-007-031 | Key - Fanshaft,VMRS_HB_COMPLETE_v20 page 6_pages_26-50.md
168-005-007,,168,005,Joystick - Mower | 045-004-018 | Key - Flywheel,VMRS_HB_COMPLETE_v20 page 6_pages_26-50.md
173-005-005,,173,005,"Joystick, Controls - Dump Body Tailgate | 044-003-178 | Key - Fuel Pump Drive Gear",VMRS_HB_COMPLETE_v20 page 6_pages_26-50.md
032-001-043,,032,001,"Jumper - Battery Cable, Negative | 151-001-128 | Key - Gear, APU",VMRS_HB_COMPLETE_v20 page 6_pages_26-50.md
032-001-042,,032,001,"Jumper - Battery Cable, Positive | 022-004-069 | Key - Helical Driven Gear",VMRS_HB_COMPLETE_v20 page 6_pages_26-50.md
032-002-048,,032,002,Jumper - Brush Holder | 097-002-026 | Key - Idler Shaft To Gear,VMRS_HB_COMPLETE_v20 page 6_pages_26-50.md
174-024-108,,174,024,"Jumper - Bus Body Electrical System | 097-001-014 | Key - Impeller Shaft, Driven End",VMRS_HB_COMPLETE_v20 page 6_pages_26-50.md
364-005-007,,364,005,Jumper - Control Box | 097-001-011 | Key - Impeller To Impeller Shaft,VMRS_HB_COMPLETE_v20 page 6_pages_26-50.md
001-003-057,,001,003,"Jumper - Fuse, Inline, Auxiliary Heater | 026-010-085 | Key - Interlock, Shift Bar Housing",VMRS_HB_COMPLETE_v20 page 6_pages_26-50.md
012-011-152,,012,011,"Jumper Caples | 172 007 070 | Key - King Pili, Diaw",VMRS_HB_COMPLETE_v20 page 6_pages_26-50.md
044-015-011,,044,015,Jumper Mire | 051_000_032 | Key - Lock Assembly,VMRS_HB_COMPLETE_v20 page 6_pages_26-50.md
003-001-083,,003,001,Jumpers - Smartgauge | 051-003-002 | Key - Lock Assembly Tachograph,VMRS_HB_COMPLETE_v20 page 6_pages_26-50.md
017-009-072,,017,009,"Junction - ABS Wire Harness, Central Tire | 018-006-026 | Key - Locking",VMRS_HB_COMPLETE_v20 page 6_pages_26-50.md
059-001-116,,059,001,Inflation System | | Key - Mounting Bracket Pin,VMRS_HB_COMPLETE_v20 page 6_pages_26-50.md
013-007-005,,013,007,"Junction - Hydraulic, Front | 082-004-084 | Key - Mounting, Coupling To Compressor",VMRS_HB_COMPLETE_v20 page 6_pages_26-50.md
013-007-010,,013,007,"Junction - Hydraulic, Rear | 168-001-012 | Key - Mower",VMRS_HB_COMPLETE_v20 page 6_pages_26-50.md
001-001-311,,001,001,Junction Block - A/C | 364-007-005 | Key - Pump Agitator Assembly,VMRS_HB_COMPLETE_v20 page 6_pages_26-50.md
013-007-040,,013,007,Junction Block - Air Lines | 015-005-026 | Key - Pump Pulley To Shaft,VMRS_HB_COMPLETE_v20 page 6_pages_26-50.md
174-024-101,,174,024,"Junction Block - Bus Body Electrical System | 027-030-006 | Key - Rear Pump Drive, Automatic Transmission",VMRS_HB_COMPLETE_v20 page 6_pages_26-50.md
034-004-408,,034,004,"Junction Block - Configuration, Data Link | 015-004-042 | Key - Relay Arm",VMRS_HB_COMPLETE_v20 page 6_pages_26-50.md
049-001-014,,049,001,Junction Block - Hydraulic Hybrid | 015-004-041 | Key - Relay Rod,VMRS_HB_COMPLETE_v20 page 6_pages_26-50.md
367-003-019,,367,003,Junction Block - Hydraulic System | 077-003-039 | Key - Screw (For 077-003-020),VMRS_HB_COMPLETE_v20 page 6_pages_26-50.md
001-004-059,,001,004,"Junction Block - Sleeper, HVAC | 042-002-002 | Key - Shall, Compressor DriveKey - Shaft Angle Drive Dadiator Fan",VMRS_HB_COMPLETE_v20 page 6_pages_26-50.md
002-035-066,,002,035,Junction Block Body Plug | 042-003-031 | Key - Shaft Oil Pump,VMRS_HB_COMPLETE_v20 page 6_pages_26-50.md
055-010-182,,055,010,Junction Block Body Shap Bing | 056-001-036 | Key - Shaft Output PTO,VMRS_HB_COMPLETE_v20 page 6_pages_26-50.md
055-010-184,,055,010,Junction Block Shaft | 026-010-084 | Key - Shift Bar Housing,VMRS_HB_COMPLETE_v20 page 6_pages_26-50.md
055-010-186,,055,010,Junction Block Shaft Fitting | 071-030-011 | Key - Side Compartment Roll-Up Door,VMRS_HB_COMPLETE_v20 page 6_pages_26-50.md
055-010-185,,055,010,"Junction Block Shaft Plug | 013-013-044 | Key - Slide, Caliper",VMRS_HB_COMPLETE_v20 page 6_pages_26-50.md
365-001-030,,365,001,"Junction Box - Fire Suppression | 011-001-041 | Key - Tie Rod, Steering Arm",VMRS_HB_COMPLETE_v20 page 6_pages_26-50.md
038-001-001,,038,001,"Junction Box - High Voltage, Electric Vehicle | 016-002-110 | Key - Torsion Bar, Adjustable",VMRS_HB_COMPLETE_v20 page 6_pages_26-50.md
365-001-023,,365,001,Junction Box - Paint Heater | 025-001-138 | Key - Transfer Case,VMRS_HB_COMPLETE_v20 page 6_pages_26-50.md
162-006-003,,162,006,Junction Box - Spreader Assembly | 045-008-040 | Key - Valve Spring,VMRS_HB_COMPLETE_v20 page 6_pages_26-50.md
034-003-067,,034,003,Junction Box - Trailer (W/Electrical Receptacles | 029-005-016 | Key & Pin Assembly,VMRS_HB_COMPLETE_v20 page 6_pages_26-50.md
000-010-010,,000,010,& Air Line Couplers) | 053-006-213 | Key Cutting Machine,VMRS_HB_COMPLETE_v20 page 6_pages_26-50.md
002-013-013,,002,013,"Jute - CarpetKeener, Cam Look Hinged Deer Beer | 026-013-003 | Key Drive - Oli Pump, Internal",VMRS_HB_COMPLETE_v20 page 6_pages_26-50.md
072-003-010,,072,003,"Keeper - Cam Lock, Hinged Door, Real | 072-009-010 | Key Foo - Power Roll-Op Door",VMRS_HB_COMPLETE_v20 page 6_pages_26-50.md
045-008-187,,045,008,Keeper - Intake/Exhaust Valve | 015-001-027 | Key Pad - Smartwheel,VMRS_HB_COMPLETE_v20 page 6_pages_26-50.md
174-013-034,,174,013,"Keeper - Bear Emergency Door Belease Handle | 072-009-009 | Key Pad - Wireless, Power Boll-Up Door",VMRS_HB_COMPLETE_v20 page 6_pages_26-50.md
072-004-017,,072,004,"Keeper - Rivet | 014-005-060 | Key Set - Lock, Battery Box",VMRS_HB_COMPLETE_v20 page 6_pages_26-50.md
462-013-005,,462,013,"Keeper - Rope, Winch, High Articulation Jib | 141-001-039 | Key Switch Assembly - Hydrogen Fuel Cell",VMRS_HB_COMPLETE_v20 page 6_pages_26-50.md
462-012-004,,462,012,"Keeper - Rope, Winch, Material Handling Jib | 036-007-010 | Keyboard - On Board Computer",VMRS_HB_COMPLETE_v20 page 6_pages_26-50.md
462-014-005,,462,014,"Keeper - Rope, Winch, Removable Jib | 002-018-226 | Keyless Entry System - Complete",VMRS_HB_COMPLETE_v20 page 6_pages_26-50.md
174-012-042,,174,012,Keeper - Side Emergency Door Release Handle | 099-007-002 | Keypad - Automated Fuel Transfer,VMRS_HB_COMPLETE_v20 page 6_pages_26-50.md
072-004-026,,072,004,"Keeper - Spring | 082-012-065 | Keypad - Control Panel, Reefer",VMRS_HB_COMPLETE_v20 page 6_pages_26-50.md
151-001-153,,151,001,"Keeper - Valve, APU | 036-014-009 | Keypad - Driver Risk Management System",VMRS_HB_COMPLETE_v20 page 6_pages_26-50.md
072-004-014,,072,004,Keeper Assembly | 002-008-051 | Keypad - Electronic Dash,VMRS_HB_COMPLETE_v20 page 6_pages_26-50.md
053-999-261,,053,999,KeroseneKey Mein Shoft | 051-011-004 | Keypad - Information Center Assembly,VMRS_HB_COMPLETE_v20 page 6_pages_26-50.md
020-000-040,,020,000,"Key - Maili SilaliKey - Adapter Plug To Sleeve Bearing | 002-000-004 | Reypau - Information Center Assembly,",VMRS_HB_COMPLETE_v20 page 6_pages_26-50.md
003-002-013,,003,002,Key - Adapter Speedometer | 003-005-005 | Kevpad - Kevless Entry,VMRS_HB_COMPLETE_v20 page 6_pages_26-50.md
011-001-045,,011,001,"Key - Beam, Front Axle | 027-033-031 | Keypad - Lever Type Shift Selector",VMRS_HB_COMPLETE_v20 page 6_pages_26-50.md
053-007-042,,053,007,Key - Blank | 027-033-038 | Keypad - Pushbutton Shift Selector,VMRS_HB_COMPLETE_v20 page 6_pages_26-50.md
045-008-157,,045,008,Key - Camshaft Gear | 362-002-011 | Keypad - Scale,VMRS_HB_COMPLETE_v20 page 6_pages_26-50.md
023-001-073,,023,001,"Key - Clutch Shaft | 173-005-006 | Keypad, Controls - Dump Body Tailgate",VMRS_HB_COMPLETE_v20 page 6_pages_26-50.md
002-008-024,,002,008,Key - Compartment Door | 033-001-011 | Keys - Key Set,VMRS_HB_COMPLETE_v20 page 6_pages_26-50.md
002-019-021,,002,019,Key - Compartment Door Lock | 002-002-015 | Kick Pad,VMRS_HB_COMPLETE_v20 page 6_pages_26-50.md
002-046-068,,002,046,"Key - Corner | 002-032-001 | Kick Pad - Cowl, Side",VMRS_HB_COMPLETE_v20 page 6_pages_26-50.md
002-048-027,,002,048,Kick Panel | 078-025-002 | Kit - Fastener (Non Pre-Assembly) Side Skirt,VMRS_HB_COMPLETE_v20 page 6_pages_26-50.md
002-046-025,,002,046,Kick Panel - Side Emergency Door | | Fairing Assembly,VMRS_HB_COMPLETE_v20 page 6_pages_26-50.md
004-005-034,,004,005,"Kick Plate - Chassis Fairing | 004-010-002 | Kit - Fastener (Non Preassembly), Belly",VMRS_HB_COMPLETE_v20 page 6_pages_26-50.md
002-040-056,,002,040,"KICK Plate - Step, Cab EntryKing Pin, Aylo, Non Drivon, Front | 078 025 003 | Assembly, IrallerKit Eastopor (Pro Assombly) Sido Skirt Eairing",VMRS_HB_COMPLETE_v20 page 6_pages_26-50.md
170-005-007,,170,005,King Pin - Lower | 070-025-005 | Assembly,VMRS_HB_COMPLETE_v20 page 6_pages_26-50.md
012-002-009,,012,002,"King Pin - Non-Driver, Tag Or Pusher Axle | 004-010-003 | Kit - Fastener (Preassembly), Belly Assembly,",VMRS_HB_COMPLETE_v20 page 6_pages_26-50.md
012-001-021,,012,001,King Pin - Rear Axle | | Trailer,VMRS_HB_COMPLETE_v20 page 6_pages_26-50.md
077-005-001,,077,005,"King Pin - Trailer Coupler | 001-002-194 | Kit - Field Fix, Heater Pipes",VMRS_HB_COMPLETE_v20 page 6_pages_26-50.md
170-005-006,,170,005,"King Pin - Upper | 044-003-268 | Kit - Filter Can, Fuel Pump",VMRS_HB_COMPLETE_v20 page 6_pages_26-50.md
002-002-013,,002,002,Kit - Flushing & SolveniKit - Front Wheel Quarter Fender | 013-010-517 | Kit - FittingsKit - Elipper Valve,VMRS_HB_COMPLETE_v20 page 6_pages_26-50.md
036-010-003,,036,010,Kit - 16 Pin Direct Electronic Logging Device | 017-009-089 | Kit - Flow-Thru Tire Pressure Monitoring System,VMRS_HB_COMPLETE_v20 page 6_pages_26-50.md
036-010-004,,036,010,"Kit - 16 Pin Y, Electronic Logging Device | 053-006-171 | Kit - Fluid Sampling",VMRS_HB_COMPLETE_v20 page 6_pages_26-50.md
044-007-062,,044,007,Kit - Accelerator | 044-003-225 | Kit - Fuel Priming Valve,VMRS_HB_COMPLETE_v20 page 6_pages_26-50.md
151-001-106,,151,001,"Kit - Access Cover, Fuel Tank, APU | 044-003-312 | Kit - Fuel, Tube",VMRS_HB_COMPLETE_v20 page 6_pages_26-50.md
043-004-116,,043,004,"Kit - Air Control Valve, Turbocharger Wastegate | 003-001-205 | Kit - Gauge, Oil Level",VMRS_HB_COMPLETE_v20 page 6_pages_26-50.md
016-008-004,,016,008,"Kit - Air Suspension, Complete | 267-001-022 | Kit - Gearbox Brake, Boom",VMRS_HB_COMPLETE_v20 page 6_pages_26-50.md
016-008-094,,016,008,"Kit - Air Suspension, Rear Suspension | 002-034-017 | Kit - Ground Effects",VMRS_HB_COMPLETE_v20 page 6_pages_26-50.md
053-001-057,,053,001,"Kit - Air, Automatic Traction Device | 082-039-006 | Kit - Hanger, Fuel Tank, Reefer",VMRS_HB_COMPLETE_v20 page 6_pages_26-50.md
017-009-057,,017,009,"Kit - Aluminum Valve | 078-026-036 | Kit - Hardware, Aerodynamic Devices, Trailer",VMRS_HB_COMPLETE_v20 page 6_pages_26-50.md
044-003-233,,044,003,"Kit - Anti-Contamination, Injection Pump | 016-018-060 | Kit - Height Control Valve,",VMRS_HB_COMPLETE_v20 page 6_pages_26-50.md
151-003-063,,151,003,"Kit - Arctic Switch, Coolant, APU | 043-001-185 | Kit - High Temp, EGR Cooler Core",VMRS_HB_COMPLETE_v20 page 6_pages_26-50.md
053-016-004,,053,016,"Kit - Baskel, RearKit - Bearing Cup & Cope Non-Vehicle Usage | 041-004-060 | Kit - Hose and Clamp, Charge Air Cooler",VMRS_HB_COMPLETE_v20 page 6_pages_26-50.md
018-005-003,,018,005,"Kit - Bearing, Cup and Cone, Non-Venicle Osage | 082-039-033 | Kit - Hose Fuel Return Injector Reefer",VMRS_HB_COMPLETE_v20 page 6_pages_26-50.md
082-041-016,,082,041,"Kit - Belt, Engine PM, Reefer | 002-028-007 | Kit - Indicator",VMRS_HB_COMPLETE_v20 page 6_pages_26-50.md
021-001-127,,021,001,"Kit - Boot, Cardan Joint (CV) | 026-005-033 | Kit - Input Shaft",VMRS_HB_COMPLETE_v20 page 6_pages_26-50.md
059-001-138,,059,001,"Kit - Bracket Connection | 032-002-053 | Kit - Insulator, Brush Holder",VMRS_HB_COMPLETE_v20 page 6_pages_26-50.md
055-007-018,,055,007,"Kit - Bushing Replacement | 017-009-081 | Kit - Internal Sensor, Tire Pressure Monitoring",VMRS_HB_COMPLETE_v20 page 6_pages_26-50.md
045-008-237,,045,008,Kit - Camshaft Bearing | 059-001-137 | SystemKit - Jaw Oversize Eccentric Pin,VMRS_HB_COMPLETE_v20 page 6_pages_26-50.md
082-012-061,,082,012,"Kit - Cap & Nut, USB, Control Panel, Reefer | 045-002-107 | Kit - Liner, Cylinder",VMRS_HB_COMPLETE_v20 page 6_pages_26-50.md
017-009-082,,017,009,"Kit - Cap Sensor, Tire Pressure Monitoring | 055-012-042 | Kit - Lock Repair, Removable Beam",VMRS_HB_COMPLETE_v20 page 6_pages_26-50.md
072-003-067,,072,003,"System | | Kit - Lock Rod Assembly, Rear Door",VMRS_HB_COMPLETE_v20 page 6_pages_26-50.md
016-001-063,,016,001,"Kit - Caster Rod, Suspension | 072-003-068 | Kit - Lock Rod, Top End Loose, Rear Door",VMRS_HB_COMPLETE_v20 page 6_pages_26-50.md
016-001-064,,016,001,"Kit - Caster Shim, Suspension | 043-001-186 | Kit - Low Temp, EGR Cooler Core",VMRS_HB_COMPLETE_v20 page 6_pages_26-50.md
016-001-060,,016,001,Kit - Caster/Camber Suspension | 055-011-042 | Kit - Lower Bearing Filler BodyKit - Lower Hook,VMRS_HB_COMPLETE_v20 page 6_pages_26-50.md
151-001-091,,151,001,"Kit - Check Valve, Fuel Injection Valve, APU | 075-002-002 | Kit - Lug Bolt Assembly",VMRS_HB_COMPLETE_v20 page 6_pages_26-50.md
043-001-123,,043,001,"Kit - Cleaner, EGR Cooler | 051-008-038 | Kit - Modem Installation Supply, GPS",VMRS_HB_COMPLETE_v20 page 6_pages_26-50.md
082-040-014,,082,040,"Kit - Cleaner, EGR Cooler, Reefer | 051-008-031 | Kit - Mount Installation, GPS",VMRS_HB_COMPLETE_v20 page 6_pages_26-50.md
043-006-087,,043,006,"Kit - Cleaning, Aftertreatment Fuel Injection (AFI) | 014-003-055 | Kit - Mount, Engine, Front",VMRS_HB_COMPLETE_v20 page 6_pages_26-50.md
013-010-498,,013,010,"Kit - Colled Air Line, Service/Emergency | 014-003-043 | Kit - Mount, Engine, Rear",VMRS_HB_COMPLETE_v20 page 6_pages_26-50.md
053-006-212,,053,006,Kit - Coolant Maintenance | 014-014-017 | Kit - Mud Flap,VMRS_HB_COMPLETE_v20 page 6_pages_26-50.md
058-004-018,,058,004,"Kit - Cooling Fan Assembly, Winch | 078-009-021 | Kit - Mud Flap Mounting Arm",VMRS_HB_COMPLETE_v20 page 6_pages_26-50.md
026-016-002,,026,016,"Kit - Countershaft Brake Disc Set | 082-040-018 | Kit - Muffler, Reefer",VMRS_HB_COMPLETE_v20 page 6_pages_26-50.md
026-016-008,,026,016,Kit - Countershaft Brake Piston Seal | 063-005-020 | Kit - Multiple Bus Interface w/o Repeater &,VMRS_HB_COMPLETE_v20 page 6_pages_26-50.md
026-016-006,,026,016,Kit - Countershaft Brake Valve | | Vehicle Backbone,VMRS_HB_COMPLETE_v20 page 6_pages_26-50.md
021-001-142,,021,001,"KIT - CV Joint Driveshaft | 044-014-020 | Kit - O-Ring, Electronic Injector",VMRS_HB_COMPLETE_v20 page 6_pages_26-50.md
015-004-078,,015,004,Kit - Damper | 026-015-059 | Kit - Oil Filter Automated Transmission,VMRS_HB_COMPLETE_v20 page 6_pages_26-50.md
001-003-144,,001,003,"Kit - Diagnostic, Auxiliary Heater | 045-009-064 | Kit - Oil Pump",VMRS_HB_COMPLETE_v20 page 6_pages_26-50.md
002-018-129,,002,018,Kit - Door | 053-006-180 | Kit - Oil Sample,VMRS_HB_COMPLETE_v20 page 6_pages_26-50.md
068-001-097,,068,001,"Kit - Door, Fiberglass | 045-021-025 | Kit - Optimized Idle",VMRS_HB_COMPLETE_v20 page 6_pages_26-50.md
017-009-062,,017,009,"Kit - Dress Up | 043-001-055 | Kit - Particulate Trap, Emission Controls",VMRS_HB_COMPLETE_v20 page 6_pages_26-50.md
043-001-126,,043,001,"Kit - EGR Cooler Return Manifold | 043-006-023 | Kit - Particulate Trap, Exhaust Aftertreatment",VMRS_HB_COMPLETE_v20 page 6_pages_26-50.md
043-001-131,,043,001,"Kit - EGR Tube, Hot Side | 050-001-173 | Kit - Pin/Collar, Fifth Wheel",VMRS_HB_COMPLETE_v20 page 6_pages_26-50.md
043-001-122,,043,001,Kit - EGR Valve Lube | 053-006-249 | Kit - Pinion Shaft Crimp Machine,VMRS_HB_COMPLETE_v20 page 6_pages_26-50.md
048-001-016,,048,001,"Kit - Electric Clutch Actuator (ECA), Hybrid | 055-010-006 | Kit - Piston Seal - Hydraulic Cylinder Assembly",VMRS_HB_COMPLETE_v20 page 6_pages_26-50.md
048-001-006,,048,001,"Kit - Electric Power Take-Off (EPTO), Hybrid | 053-007-105 | Kit - Pre-Delivery",VMRS_HB_COMPLETE_v20 page 6_pages_26-50.md
034-004-458,,034,004,"Kit - Electrical Connector Assortment | 082-041-014 | Kit - Pulley and Seal, Engine Crankshaft, Front,",VMRS_HB_COMPLETE_v20 page 6_pages_26-50.md
002-008-086,,002,008,Kit - Electronic Dash | 007 001 040 | Keeter,VMRS_HB_COMPLETE_v20 page 6_pages_26-50.md
044-014-030,,044,014,"KIL - Electronic Fuel Injector W/O-KingKit - Engine Remote Interface, Customer | 050-001-046 | Kit - Release Handle, Fifth Wheel",VMRS_HB_COMPLETE_v20 page 6_pages_26-50.md
004-004-410,,004,004,"Installed | 043-006-024 | Kit - Removal, Exhaust Gas Recirculation (FGR)",VMRS_HB_COMPLETE_v20 page 6_pages_26-50.md
043-002-041,,043,002,Kit - Exhaust Manifold Slip Joint Repair | | Temperature Sensor,VMRS_HB_COMPLETE_v20 page 6_pages_26-50.md
016-018-037,,016,018,"Kit - Repair, Attaching, Slider | 056-001-089 | Knob - Control Cable, PTO",VMRS_HB_COMPLETE_v20 page 6_pages_26-50.md
014-002-070,,014,002,"Kit - Repair, Bumper | 025-001-240 | Knob - Control Switch, Transfer Case",VMRS_HB_COMPLETE_v20 page 6_pages_26-50.md
029-004-013,,029,004,"Kit - Repair, Shift Yoke | 162-005-003 | Knob - Control Valve",VMRS_HB_COMPLETE_v20 page 6_pages_26-50.md
029-004-010,,029,004,"Kit - Repair, Yoke Bar | 055-010-013 | Knob - Control Valve Handle, Hydraulic Lifts &",VMRS_HB_COMPLETE_v20 page 6_pages_26-50.md
035-001-050,,035,001,"Kit - Replacement Pivol Pin, Liligate | 050 025 014 | AllachmenisKnob Control Valvo Handlo Vobialo Coupling",VMRS_HB_COMPLETE_v20 page 6_pages_26-50.md
121-001-002,,121,001,Kit - Roller and Idler Final Drive | 009-020-014 | System,VMRS_HB_COMPLETE_v20 page 6_pages_26-50.md
267-001-021,,267,001,"Kit - Rotation Bearing, Boom | 077-008-016 | Knob - Control Valve, Air Slide",VMRS_HB_COMPLETE_v20 page 6_pages_26-50.md
367-010-010,,367,010,"Kit - Rotation, Drum | 065-020-010 | Knob - Control Valve, Hydraulic System",VMRS_HB_COMPLETE_v20 page 6_pages_26-50.md
001-002-191,,001,002,"Kit - Routing, Heater/Air Conditioning Hose | 001-001-103 | Knob - Control, Air Conditioning",VMRS_HB_COMPLETE_v20 page 6_pages_26-50.md
059-003-008,,059,003,"Kit - Safety Latch, Tow Hook | 001-004-112 | Knob - Control, HVAC",VMRS_HB_COMPLETE_v20 page 6_pages_26-50.md
053-019-005,,053,019,"Kit - Seal | 002-035-018 | Knob - Control, Windshield Wiper",VMRS_HB_COMPLETE_v20 page 6_pages_26-50.md
001-002-195,,001,002,"Kit - Sealant, Drain Valve | 367-005-045 | Knob - Controls",VMRS_HB_COMPLETE_v20 page 6_pages_26-50.md
308-001-033,,308,001,"Kit - Sealing, Drum SupportKit - Sloovo & Evolot Evol Filtor APU | 151-005-014 | Knob - Controls, APU",VMRS_HB_COMPLETE_v20 page 6_pages_26-50.md
013-013-064,,013,013,Kit - Slide Pins w/Bushings & Retainers Air Disc | 053-006-250 | Knob - Crimp Machine,VMRS_HB_COMPLETE_v20 page 6_pages_26-50.md
036-001-031,,036,001,"Brake | | Knob - Display Unit, Collision Avoidance System",VMRS_HB_COMPLETE_v20 page 6_pages_26-50.md
002-027-276,,002,027,"Kit - Slide Rail, Seat | 002-018-080 | Knob - Door Lock",VMRS_HB_COMPLETE_v20 page 6_pages_26-50.md
267-001-019,,267,001,"Kit - Slip Ring, Boom | 052-001-010 | Knob - Element, Cigar Lighter",VMRS_HB_COMPLETE_v20 page 6_pages_26-50.md
004-012-005,,004,012,"Kit - Spoiler | 044-012-026 | Knob - Fuel Tank, Gaseous",VMRS_HB_COMPLETE_v20 page 6_pages_26-50.md
071-026-067,,071,026,"Kit - Spring, Compression | 026-011-004 | Knob - Gearshift Lever",VMRS_HB_COMPLETE_v20 page 6_pages_26-50.md
016-004-021,,016,004,Kit - Stabilizer Bar | 071-028-006 | Knob - Glass Rack,VMRS_HB_COMPLETE_v20 page 6_pages_26-50.md
010-007-010,,010,007,"Kit - Stabilizer DarKit - Start Un & Maintonanco, Air Compressor | 001-002-047 | Knob - Height Control Valva Air Pida",VMRS_HB_COMPLETE_v20 page 6_pages_26-50.md
053-999-268,,053,999,"Kit - Start Up, Gas Engine | 010-000-113 | Suspension",VMRS_HB_COMPLETE_v20 page 6_pages_26-50.md
015-001-019,,015,001,"Kit - Switch, Steering Wheel Pods | 015-002-045 | Knob - Lever. Tilt Steering Column",VMRS_HB_COMPLETE_v20 page 6_pages_26-50.md
017-009-055,,017,009,Kit - Thermal Plug | 001-001-175 | Knob - Nozzle Shut-Off Door,VMRS_HB_COMPLETE_v20 page 6_pages_26-50.md
016-001-067,,016,001,"Kit - Thrust/Setback Adjusting, Suspension | 034-004-054 | Knob - Panel Lamp",VMRS_HB_COMPLETE_v20 page 6_pages_26-50.md
017-009-038,,017,009,"Kit - Tire Pressure Monitoring System, Complete | 046-003-004 | Knob - Plunger, Battery Connector",VMRS_HB_COMPLETE_v20 page 6_pages_26-50.md
016-001-068,,016,001,"Kit - Toe Adjusting, Suspension | 052-003-018 | Knob - Radio",VMRS_HB_COMPLETE_v20 page 6_pages_26-50.md
016-001-069,,016,001,"Kit - Toe Bolt, Suspension | 294-001-017 | Knob - Register Switch, Fuel Meter",VMRS_HB_COMPLETE_v20 page 6_pages_26-50.md
010-010-007,,010,010,"Kit - Traction Polay Valvo, Campaign/Pocall | 174-015-005 | Knob - Rooi Emergency Escape Halch",VMRS_HB_COMPLETE_v20 page 6_pages_26-50.md
013-012-025,,013,012,Kit - Trailer Breakaway | 002-027-075 | Knob - Seat Tilt Back,VMRS_HB_COMPLETE_v20 page 6_pages_26-50.md
036-011-001,,036,011,"Kit - Trailer Sensor System, Wireless | 027-033-039 | Knob - Shift Lever",VMRS_HB_COMPLETE_v20 page 6_pages_26-50.md
041-001-108,,041,001,"Kit - Treatment, Air Filter | 025-001-218 | Knob - Shift Lever, Transfer Case",VMRS_HB_COMPLETE_v20 page 6_pages_26-50.md
019-002-040,,019,002,"Kit - Tubing, Harness | 002-027-082 | Knob - Slide Handle Latch",VMRS_HB_COMPLETE_v20 page 6_pages_26-50.md
079-003-006,,079,003,"Kit - Upgrade, Electronic Stability Control, Trailer | 052-009-006 | Knob - Speaker Control",VMRS_HB_COMPLETE_v20 page 6_pages_26-50.md
267-003-019,,267,003,"Kit - Valve Replacement | 044-007-050 | Knob - Speed, Manual",VMRS_HB_COMPLETE_v20 page 6_pages_26-50.md
045-011-072,,045,011,"Kit - Valve, OII Pressure Relief | 002 007 212 | Knob - Switch, Blower Speed",VMRS_HB_COMPLETE_v20 page 6_pages_26-50.md
016-001-056,,016,001,"Kit - Water Fump, FM, ReelerKit - Wedge Camber Suspension | 052-027-312 | Knob - Thermostat Refrigerator",VMRS_HB_COMPLETE_v20 page 6_pages_26-50.md
004-013-007,,004,013,"Kit - Weege, Camber, Caspension | 016-014-067 | Knob - Toggle Switch, Lift Axle Control",VMRS_HB_COMPLETE_v20 page 6_pages_26-50.md
018-003-043,,018,003,"Kit - Wheel Nut, Trailer Axle | 034-003-015 | Knob - Turn Signal Operating Lever",VMRS_HB_COMPLETE_v20 page 6_pages_26-50.md
002-027-337,,002,027,"Kit (Includes Air Bag) - Lumbar, Single Chamber | 098-010-012 | Knob - Valve Air Control, Main Valve",VMRS_HB_COMPLETE_v20 page 6_pages_26-50.md
018-006-028,,018,006,"Kit- Assembly | 082-041-058 | Knob - Valve Cover, Reefer",VMRS_HB_COMPLETE_v20 page 6_pages_26-50.md
003-001-166,,003,001,"Kit-Gauge - Multiple | 016-014-040 | Knob - Valve, Lift Axle",VMRS_HB_COMPLETE_v20 page 6_pages_26-50.md
044-010-028,,044,010,"Kit, Conversion - Propane | 002-047-014 | Knob - Vent, Cab/Sleeper",VMRS_HB_COMPLETE_v20 page 6_pages_26-50.md
047-001-005,,047,001,"Kit, Filter - Diesel Engine | 001-002-165 | Knob - Window Regulator",VMRS_HB_COMPLETE_v20 page 6_pages_26-50.md
047-001-000,,047,001,"Kit, Filter - Engine | 002-063-008 | Knob - Window Hogulaton",VMRS_HB_COMPLETE_v20 page 6_pages_26-50.md
047-001-002,,047,001,"Kit, Filter - Gasoline Engine | 044-007-038 | Knob (Handle) - Stop Control",VMRS_HB_COMPLETE_v20 page 6_pages_26-50.md
047-001-004,,047,001,"Kit, Filter - LNG Engine | 034-001-031 | Knob & Shaft Assembly - Headlamp Control",VMRS_HB_COMPLETE_v20 page 6_pages_26-50.md
047-001-003,,047,001,"Kit, Filter - LPG Engine | | Switch",VMRS_HB_COMPLETE_v20 page 6_pages_26-50.md
047-000-000,,047,000,"Kit, Filter - Multi System | 002-035-079 | Knob & Shaft Assembly - Windshield Wiper",VMRS_HB_COMPLETE_v20 page 6_pages_26-50.md
052-003-020,,052,003,"Kit, Wiring - Radio | 001 001 454 | Control",VMRS_HB_COMPLETE_v20 page 6_pages_26-50.md
002-000-130,,002,000,Knee Brace - Glass Back | 001-001-454 | Knob Kit - Lumbar,VMRS_HB_COMPLETE_v20 page 6_pages_26-50.md
016-008-041,,016,008,Kneel Solenoid Kit | 173-005-007 | Knob Controls - Dump Body Tailgate,VMRS_HB_COMPLETE_v20 page 6_pages_26-50.md
016-008-042,,016,008,"Kneel Valve - Suspension | 055-020-031 | Knob, Valve - Control Panel",VMRS_HB_COMPLETE_v20 page 6_pages_26-50.md
053-006-198,,053,006,Knife | 464-007-000 | Knuckle,VMRS_HB_COMPLETE_v20 page 6_pages_26-50.md
163-001-014,,163,001,"Knife - Drum, Brush Chipper | 026-011-196 | Knuckle - Bar, Linkage",VMRS_HB_COMPLETE_v20 page 6_pages_26-50.md
168-001-026,,168,001,Knife - Mower | 011-001-004 | Knuckle - Steering Spindle,VMRS_HB_COMPLETE_v20 page 6_pages_26-50.md
163-001-002,,163,001,"Knite Gauge - Brush Chipper | 021-001-027 | Knuckle - Steering, Driven Front Steer Axle",VMRS_HB_COMPLETE_v20 page 6_pages_26-50.md
000-007-118,,000,007,"Knob | 200-012-000 | Knuckle (Fivol Foifil)Knuckle / Spindle - Non-Driven, Tag Or Pusher",VMRS_HB_COMPLETE_v20 page 6_pages_26-50.md
002-027-029,,002,027,"Knob - Adjusting, Back Pivot, Seat | 012-002-004 | Axle",VMRS_HB_COMPLETE_v20 page 6_pages_26-50.md
002-027-256,,002,027,"Knob - Adjustment, Seat Shock Absorber | 016-023-001 | Knuckle Assembly - Independent Rear",VMRS_HB_COMPLETE_v20 page 6_pages_26-50.md
267-013-003,,267,013,Knob - Bucket | | Suspension,VMRS_HB_COMPLETE_v20 page 6_pages_26-50.md
002-050-163,,002,050,"Knob - Coat Hook | 002-035-058 | Knurled Driver - Pivot Shaft, Windshield Wiper",VMRS_HB_COMPLETE_v20 page 6_pages_26-50.md
067-005-001,,067,005,Knob - Control | 044-015-014 | Label,VMRS_HB_COMPLETE_v20 page 6_pages_26-50.md
013-011-141,,013,011,Label - ABS,VMRS_HB_COMPLETE_v20 page 6_pages_26-50.md
013-011-120,,013,011,Label - Air Bag,VMRS_HB_COMPLETE_v20 page 6_pages_26-50.md
002-057-017,,002,057,"Label - Air Bag, Occupant Safety Device",VMRS_HB_COMPLETE_v20 page 6_pages_26-50.md
001-001-300,,001,001,Label - Air Conditioning System,VMRS_HB_COMPLETE_v20 page 6_pages_26-50.md
053-001-065,,053,001,"Label - Auto Device, Automatic Traction Device",VMRS_HB_COMPLETE_v20 page 6_pages_26-50.md
044-015-013,,044,015,Label - Bezel,VMRS_HB_COMPLETE_v20 page 6_pages_26-50.md
027-033-101,,027,033,Label - Brake Shift Interlock,VMRS_HB_COMPLETE_v20 page 6_pages_26-50.md
174-020-006,,174,020,Label - Bus Driver Control Console,VMRS_HB_COMPLETE_v20 page 6_pages_26-50.md
015-012-009,,015,012,"Label - Caution, Electronic Stability Control",VMRS_HB_COMPLETE_v20 page 6_pages_26-50.md
002-057-049,,002,057,Label - Child Lock,VMRS_HB_COMPLETE_v20 page 6_pages_26-50.md
053-005-031,,053,005,Label - Clean Air Idle Certification,VMRS_HB_COMPLETE_v20 page 6_pages_26-50.md
043-001-074,,043,001,Label - Clean Idle,VMRS_HB_COMPLETE_v20 page 6_pages_26-50.md
053-005-019,,053,005,Label - Coolant,VMRS_HB_COMPLETE_v20 page 6_pages_26-50.md
042-001-007,,042,001,Label - Dash Switch,VMRS_HB_COMPLETE_v20 page 6_pages_26-50.md
043-001-097,,043,001,Label - Emission Control,VMRS_HB_COMPLETE_v20 page 6_pages_26-50.md
042-005-090,,042,005,"Label - Fluid Snocs, Cold Weather System",VMRS_HB_COMPLETE_v20 page 6_pages_26-50.md
002-015-135,,002,015,Label - Fuel Door,VMRS_HB_COMPLETE_v20 page 6_pages_26-50.md
044-001-062,,044,001,Label - Fuel Tank,VMRS_HB_COMPLETE_v20 page 6_pages_26-50.md
034-004-186,,034,004,Label - Fuse Block,VMRS_HB_COMPLETE_v20 page 6_pages_26-50.md
141-001-038,,141,001,"Label - Manual Shutoff Valve, Hvdrogen Fuel",VMRS_HB_COMPLETE_v20 page 6_pages_26-50.md
053-005-021,,053,005,Label - Miscellaneous,VMRS_HB_COMPLETE_v20 page 6_pages_26-50.md
014-005-029,,014,005,Label - No Step,VMRS_HB_COMPLETE_v20 page 6_pages_26-50.md
055-001-039,,055,001,"Label - Operating Instruction, Ramp",VMRS_HB_COMPLETE_v20 page 6_pages_26-50.md
045-017-019,,045,017,"Label - Operating Instructions, Auxiliary",VMRS_HB_COMPLETE_v20 page 6_pages_26-50.md
043-005-040,,043,005,"Label - Operating Instructions, Exhaust Brake",VMRS_HB_COMPLETE_v20 page 6_pages_26-50.md
051-009-025,,051,009,Label - Power Switch,VMRS_HB_COMPLETE_v20 page 6_pages_26-50.md
014-002-040,,014,002,Label - Rear Impact Guard Certification,VMRS_HB_COMPLETE_v20 page 6_pages_26-50.md
072-001-019,,072,001,"Label - Real Impact Guard Certification, Trailer",VMRS_HB_COMPLETE_v20 page 6_pages_26-50.md
002-004-100,,002,004,"Label - Seat Belt, SPACE Assembly",VMRS_HB_COMPLETE_v20 page 6_pages_26-50.md
043-001-098,,043,001,Label - Smog Index,VMRS_HB_COMPLETE_v20 page 6_pages_26-50.md
026-001-071,,026,001,Label - Transmission,VMRS_HB_COMPLETE_v20 page 6_pages_26-50.md
016-015-025,,016,015,"Label - Warning, Cab/Sleeper Suspension",VMRS_HB_COMPLETE_v20 page 6_pages_26-50.md
015-012-008,,015,012,"Label - Warning, Electronic Stability Control",VMRS_HB_COMPLETE_v20 page 6_pages_26-50.md
003-004-036,,003,004,"Label - Warning, Engine Shutdown",VMRS_HB_COMPLETE_v20 page 6_pages_26-50.md
013-010-520,,013,010,Labels - Solenoid Valve,VMRS_HB_COMPLETE_v20 page 6_pages_26-50.md
193-002-002,,193,002,Lacing - Conveyor Belt,VMRS_HB_COMPLETE_v20 page 6_pages_26-50.md
191-010-000,,191,010,Ladder,VMRS_HB_COMPLETE_v20 page 6_pages_26-50.md
174-023-035,,174,023,"Ladder - Access, Roof Mounted Luggage Rack,",VMRS_HB_COMPLETE_v20 page 6_pages_26-50.md
070-000-004,,070,000,Bus Body,VMRS_HB_COMPLETE_v20 page 6_pages_26-50.md
078-023-004,,078,023,Ladder - Aluminum,VMRS_HB_COMPLETE_v20 page 6_pages_26-50.md
002-040-001,,002,040,"Ladder - Assisi, Cab Entry",VMRS_HB_COMPLETE_v20 page 6_pages_26-50.md
172-001-014,,172,001,"Ladder - Durik, Sleeper",VMRS_HB_COMPLETE_v20 page 6_pages_26-50.md
107-017-002,,107,017,Ladder Container Dody,VMRS_HB_COMPLETE_v20 page 6_pages_26-50.md
071-020-000,,071,020,Ladder - Flin Lin,VMRS_HB_COMPLETE_v20 page 6_pages_26-50.md
173-001-017,,173,001,Ladder - Folding,VMRS_HB_COMPLETE_v20 page 6_pages_26-50.md
172-001-003,,172,001,"Ladder - Folding Entry, Container Body",VMRS_HB_COMPLETE_v20 page 6_pages_26-50.md
053-006-115,,053,006,Ladder - Shop,VMRS_HB_COMPLETE_v20 page 6_pages_26-50.md
078-023-001,,078,023,Ladder - Stainless,VMRS_HB_COMPLETE_v20 page 6_pages_26-50.md
071-025-000,,071,025,Ladder Rack,VMRS_HB_COMPLETE_v20 page 6_pages_26-50.md
071-025-001,,071,025,Ladder Rack Assembly,VMRS_HB_COMPLETE_v20 page 6_pages_26-50.md
071-002-034,,071,002,Ladder Rung - Front Wall,VMRS_HB_COMPLETE_v20 page 6_pages_26-50.md
078-023-000,,078,023,Ladders - Trailers,VMRS_HB_COMPLETE_v20 page 6_pages_26-50.md
369-005-018,,369,005,"Ladders and Stairs - Catwalk, Fabricated",VMRS_HB_COMPLETE_v20 page 6_pages_26-50.md
034-003-057,,034,003,Lamp - Front Turn Signal & Parking,VMRS_HB_COMPLETE_v20 page 6_pages_26-50.md
024-004-201,,024,004,Combination Assembly,VMRS_HB_COMPLETE_v20 page 6_pages_26-50.md
034-004-201,,034,004,Lamp - Accent,VMRS_HB_COMPLETE_v20 page 6_pages_26-50.md
034-003-170,,034,003,Lamp - Baddade Compartment,VMRS_HB_COMPLETE_v20 page 6_pages_26-50.md
034-004-200,,034,004,Lamp - Daggage Compartment,VMRS_HB_COMPLETE_v20 page 6_pages_26-50.md
034-006-056,,034,006,Lamp - Beacon,VMRS_HB_COMPLETE_v20 page 6_pages_26-50.md
034-004-142,,034,004,Lamp - Bunk Lower,VMRS_HB_COMPLETE_v20 page 6_pages_26-50.md
174-024-017,,174,024,Lamp - Bus Ceiling,VMRS_HB_COMPLETE_v20 page 6_pages_26-50.md
174-024-119,,174,024,Lamp - Bus Electrical Compartment,VMRS_HB_COMPLETE_v20 page 6_pages_26-50.md
174-024-039,,174,024,Lamp - Bus Emergency Door,VMRS_HB_COMPLETE_v20 page 6_pages_26-50.md
174-024-014,,174,024,Lamp - Bus Entry Step,VMRS_HB_COMPLETE_v20 page 6_pages_26-50.md
174-024-078,,174,024,Lamp - Bus Passenger Reading,VMRS_HB_COMPLETE_v20 page 6_pages_26-50.md
034-004-100,,034,004,Lamp - Cargo,VMRS_HB_COMPLETE_v20 page 6_pages_26-50.md
034-004-024,,034,004,Lamp - Clearance,VMRS_HB_COMPLETE_v20 page 6_pages_26-50.md
034-004-068,,034,004,Lamp - Courtesy,VMRS_HB_COMPLETE_v20 page 6_pages_26-50.md
002-017-052,,002,017,"Lamp - Courtesy, Door Panel",VMRS_HB_COMPLETE_v20 page 6_pages_26-50.md
002-062-037,,002,062,"Lamp - Courtesy, Trunk",VMRS_HB_COMPLETE_v20 page 6_pages_26-50.md
034-001-153,,034,001,Lamp - Daytime Running,VMRS_HB_COMPLETE_v20 page 6_pages_26-50.md
002-058-017,,002,058,Lamp - Display Assembly,VMRS_HB_COMPLETE_v20 page 6_pages_26-50.md
034-004-089,,034,004,Lamp - Dome,VMRS_HB_COMPLETE_v20 page 6_pages_26-50.md
174-024-033,,174,024,"Lamp - Dome, Bus Drivers Compartment",VMRS_HB_COMPLETE_v20 page 6_pages_26-50.md
034-004-127,,034,004,"Lamp - Door, Exterior",VMRS_HB_COMPLETE_v20 page 6_pages_26-50.md
034-001-027,,034,001,Lamp - Driving,VMRS_HB_COMPLETE_v20 page 6_pages_26-50.md
034-001-021,,034,001,Lamp - Emergency warning,VMRS_HB_COMPLETE_v20 page 6_pages_26-50.md
174-024-111,,174,024,Lamp - Engine Access Door,VMRS_HB_COMPLETE_v20 page 6_pages_26-50.md
174-024-104,,174,024,Lamp - Exterior Bus Wheelchall Lift Door,VMRS_HB_COMPLETE_v20 page 6_pages_26-50.md
043-007-116,,043,007,Lamp - Fault Exhaust Aftertreatment Diagnostic,VMRS_HB_COMPLETE_v20 page 6_pages_26-50.md
034-001-098,,034,001,Lamp - Flood,VMRS_HB_COMPLETE_v20 page 6_pages_26-50.md
034-004-064,,034,004,Lamp - Fluorescent,VMRS_HB_COMPLETE_v20 page 6_pages_26-50.md
034-001-012,,034,001,Lamp - Fog,VMRS_HB_COMPLETE_v20 page 6_pages_26-50.md
034-003-010,,034,003,Lamp - Front Turn Signal (Separate From,VMRS_HB_COMPLETE_v20 page 6_pages_26-50.md
002-008-121,,002,008,"Lamp - Glove Compartment, Dash",VMRS_HB_COMPLETE_v20 page 6_pages_26-50.md
034-001-074,,034,001,Lamp - Headlamp & Turn Signal Combination,VMRS_HB_COMPLETE_v20 page 6_pages_26-50.md
034-004-082,,034,004,Lamp - Hi Beam,VMRS_HB_COMPLETE_v20 page 6_pages_26-50.md
033-001-003,,033,001,Lamp - Ignition Key,VMRS_HB_COMPLETE_v20 page 6_pages_26-50.md
017-009-015,,017,009,Lamp - Indicator,VMRS_HB_COMPLETE_v20 page 6_pages_26-50.md
034-006-003,,034,006,"Lamp - Indicator, 4 Wheel Drive",VMRS_HB_COMPLETE_v20 page 6_pages_26-50.md
082-012-049,,082,012,"Lamp - Indicator, Control Panel",VMRS_HB_COMPLETE_v20 page 6_pages_26-50.md
024-003-004,,024,003,"Lamp - Indicator, Retarder, Drive Shaft",VMRS_HB_COMPLETE_v20 page 6_pages_26-50.md
036-008-031,,036,008,"Lamp - Indicator, Surveillance System",VMRS_HB_COMPLETE_v20 page 6_pages_26-50.md
174-024-103,,174,024,Lamp - Interior Bus Wheelchair Lift Door,VMRS_HB_COMPLETE_v20 page 6_pages_26-50.md
174-024-005,,174,024,"Lamp - Interior, Bus Entry Door",VMRS_HB_COMPLETE_v20 page 6_pages_26-50.md
033-000-024,,033,000,Lamp Liconso,VMRS_HB_COMPLETE_v20 page 6_pages_26-50.md
034-002-050,,034,002,Lamp - Load,VMRS_HB_COMPLETE_v20 page 6_pages_26-50.md
034-004-065,,034,004,Lamp - Map/Reading,VMRS_HB_COMPLETE_v20 page 6_pages_26-50.md
034-004-021,,034,004,Lamp - Marker,VMRS_HB_COMPLETE_v20 page 6_pages_26-50.md
034-002-080,,034,002,Lamp - Miniature,VMRS_HB_COMPLETE_v20 page 6_pages_26-50.md
174-024-047,,174,024,Lamp - Overhead Emergency Equipment,VMRS_HB_COMPLETE_v20 page 6_pages_26-50.md
034-004-391,,034,004,Lamp - Pilot,VMRS_HB_COMPLETE_v20 page 6_pages_26-50.md
034-004-419,,034,004,Lamp - Position,VMRS_HB_COMPLETE_v20 page 6_pages_26-50.md
174-017-005,,174,017,Lamp - School Bus Stop Arm,VMRS_HB_COMPLETE_v20 page 6_pages_26-50.md
027-033-047,,027,033,Lamp - Shift Selector,VMRS_HB_COMPLETE_v20 page 6_pages_26-50.md
020-010-038,,020,010,"Lamp - Shill Selector, Dash Display",VMRS_HB_COMPLETE_v20 page 6_pages_26-50.md
034-001-015,,034,001,Lamp Stopwoll,VMRS_HB_COMPLETE_v20 page 6_pages_26-50.md
034-004-122,,034,004,Lamp - Stop,VMRS_HB_COMPLETE_v20 page 6_pages_26-50.md
034-002-058,,034,002,Lamp - Stop Turn Tail Lamp,VMRS_HB_COMPLETE_v20 page 6_pages_26-50.md
002-009-029,,002,009,Lamp - Sun Visor,VMRS_HB_COMPLETE_v20 page 6_pages_26-50.md
034-004-413,,034,004,"Lamp - Tail/Stop/Turn, Towing, Magnetic",VMRS_HB_COMPLETE_v20 page 6_pages_26-50.md
034-004-143,,034,004,Lamp - Trouble,VMRS_HB_COMPLETE_v20 page 6_pages_26-50.md
034-004-116,,034,004,Lamp - Trunk,VMRS_HB_COMPLETE_v20 page 6_pages_26-50.md
034-004-299,,034,004,Lamp - Under Hood,VMRS_HB_COMPLETE_v20 page 6_pages_26-50.md
174-024-025,,174,024,Lamp - Underbody Storage Compartment,VMRS_HB_COMPLETE_v20 page 6_pages_26-50.md
034-004-184,,034,004,Lamp - Utility,VMRS_HB_COMPLETE_v20 page 6_pages_26-50.md
034-004-389,,034,004,"Lamp - Warning, Visor",VMRS_HB_COMPLETE_v20 page 6_pages_26-50.md
034-006-031,,034,006,Lamp - Work,VMRS_HB_COMPLETE_v20 page 6_pages_26-50.md
034-003-163,,034,003,Lamp & Bracket Assembly - Front Turn Signal,VMRS_HB_COMPLETE_v20 page 6_pages_26-50.md
034-003-074,,034,003,Lamp Assembly - Backup,VMRS_HB_COMPLETE_v20 page 6_pages_26-50.md
034-001-188,,034,001,Lamp Assembly - Contening,VMRS_HB_COMPLETE_v20 page 6_pages_26-50.md
034-001-189,,034,001,Lamp Assembly - Fog and Turn Signal,VMRS_HB_COMPLETE_v20 page 6_pages_26-50.md
034-001-190,,034,001,Lamp Assembly - Fog/Turn Signal and Park,VMRS_HB_COMPLETE_v20 page 6_pages_26-50.md
034-004-083,,034,004,Lamp Assembly - Interior,VMRS_HB_COMPLETE_v20 page 6_pages_26-50.md
034-002-021,,034,002,Lamp Assembly - License & Tail Lamp,VMRS_HB_COMPLETE_v20 page 6_pages_26-50.md
034-006-021,,034,006,Lamp Assembly - Light Bar,VMRS_HB_COMPLETE_v20 page 6_pages_26-50.md
034-004-270,,034,004,Lamp Assembly - Luggage Compartment,VMRS_HB_COMPLETE_v20 page 6_pages_26-50.md
034-003-081,,034,003,Lamp Assembly - Mid Trailer Side Turn Indicator,VMRS_HB_COMPLETE_v20 page 6_pages_26-50.md
034-003-172,,034,003,Lamp Assembly - Park and Cornering | 002-062-017 | Latch - Deck Lid,VMRS_HB_COMPLETE_v20 page 6_pages_26-50.md
034-002-013,,034,002,Lamp Assembly - Rear Tail/Stop Lamp | 002-058-029 | Latch - Destination Sign,VMRS_HB_COMPLETE_v20 page 6_pages_26-50.md
081-001-014,,081,001,Combination | | Latch - Door,VMRS_HB_COMPLETE_v20 page 6_pages_26-50.md
034-003-110,,034,003,Lamp Assembly - Retractable Stop Arm Side | 082-029-019 | Latch - Door,VMRS_HB_COMPLETE_v20 page 6_pages_26-50.md
004-000-110,,004,000,Mount | 002-046-055 | Latch - Door Hold-Down Exterior,VMRS_HB_COMPLETE_v20 page 6_pages_26-50.md
034-003-007,,034,003,"Lamp Assambly - Sida Turn Indicator & | 082 020 081 | Latch - Door Kit, Socondary, Poofor",VMRS_HB_COMPLETE_v20 page 6_pages_26-50.md
034-003-097,,034,003,Clearance Mid Treater | 071 022 005 | Latch Door Rolly Corgo Roy,VMRS_HB_COMPLETE_v20 page 6_pages_26-50.md
024-002-056,,024,002,"Clearance, Milu Tractor | 174 001 100 | Latch Door Buo Body",VMRS_HB_COMPLETE_v20 page 6_pages_26-50.md
034-002-030,,034,002,"Lamp Assembly - Tail Chan & Lissnes | 174-001-190 | Latch - Door, Dus Douy",VMRS_HB_COMPLETE_v20 page 6_pages_26-50.md
034-002-022,,034,002,"Lamp Assembly - Tall, Stop, & License | 002-048-195 | Latch - Door, Cab Overnead Storage",VMRS_HB_COMPLETE_v20 page 6_pages_26-50.md
268-008-015,,268,008,"Complication, Rear | | Latch - Door, Personnel Bucket",VMRS_HB_COMPLETE_v20 page 6_pages_26-50.md
034-003-181,,034,003,"Lamp Assembly - Turn Signal and Side Marker | 002-050-402 | Latch - Door, Sleeper",VMRS_HB_COMPLETE_v20 page 6_pages_26-50.md
034-003-071,,034,003,"Lamp Assembly - Turn Signal, Rear | 002-050-282 | Latch - Drawer",VMRS_HB_COMPLETE_v20 page 6_pages_26-50.md
001-001-241,,001,001,Lamp Control - Heater/Air Conditioning | 174-001-095 | Latch - Driver Front Accessory Compartment,VMRS_HB_COMPLETE_v20 page 6_pages_26-50.md
034-004-112,,034,004,"Lamp Strip - Fiber Optic, Dash | | Door",VMRS_HB_COMPLETE_v20 page 6_pages_26-50.md
174-024-020,,174,024,"Lamp, 8-Way Stop - School Bus Front | 174-001-102 | Latch - Driver Side Accessory Compartment",VMRS_HB_COMPLETE_v20 page 6_pages_26-50.md
174-024-021,,174,024,"Lamp, 8-Way Stop - School Bus Rear | | Door",VMRS_HB_COMPLETE_v20 page 6_pages_26-50.md
174-024-071,,174,024,"Lamp, Exterior - Bus Entry Door | 078-026-032 | Latch - Electric, Curbside",VMRS_HB_COMPLETE_v20 page 6_pages_26-50.md
174-024-091,,174,024,"Lamp, Interior, Bus Emergency Door | 078-026-033 | Latch - Electric, Roadside",VMRS_HB_COMPLETE_v20 page 6_pages_26-50.md
034-002-043,,034,002,"Lamp, Stop - 8 Way Front | 174-001-108 | Latch - Electrical Compartment Access Door",VMRS_HB_COMPLETE_v20 page 6_pages_26-50.md
034-002-044,,034,002,"Lamp, Stop - 8 Way Rear | 002-012-031 | Latch - Engine Cover",VMRS_HB_COMPLETE_v20 page 6_pages_26-50.md
034-002-000,,034,002,"Lamps - Tail, Stop, Turn & License, Rear | 002-015-132 | Latch - Engine Door, LH",VMRS_HB_COMPLETE_v20 page 6_pages_26-50.md
034-004-450,,034,004,"Lamps - Auxiliary | 002-015-133 | Latch - Engine Door, RH",VMRS_HB_COMPLETE_v20 page 6_pages_26-50.md
036-002-000,,036,002,Lane Departure Warning System | 002-027-282 | Latch - Folding Seat,VMRS_HB_COMPLETE_v20 page 6_pages_26-50.md
036-002-019,,036,002,Lane Departure Warning System - Complete | 002-015-155 | Latch - Fuel Door,VMRS_HB_COMPLETE_v20 page 6_pages_26-50.md
044-012-055,,044,012,Assembly | | Latch - Fuel Tank Access Door Gaseous,VMRS_HB_COMPLETE_v20 page 6_pages_26-50.md
059-010-010,,059,010,"Lanvard - Hitch Pin, Bear Attaching Bracket, Tow | 068-001-023 | Latch - Gate Boller",VMRS_HB_COMPLETE_v20 page 6_pages_26-50.md
050-010-006,,050,010,"Lanvard Hold Down Forward Attaching | 002-001-024 | Latch Glass, Elitgate",VMRS_HB_COMPLETE_v20 page 6_pages_26-50.md
059-010-000,,059,010,"Lanyaru - Holu Down, Forwaru AllachingBrooket, Tew Per | 002-010-100 | Latch Glove Compartment Dech",VMRS_HB_COMPLETE_v20 page 6_pages_26-50.md
174-001-165,,174,001,"Diackel, IOW Dai | 002-000-091 | Latch - Giove Compartment, Dash",VMRS_HB_COMPLETE_v20 page 6_pages_26-50.md
174-001-105,,174,001,"Lanyard - Stop, Electrical Compartment Access | 072-003-021 | Latela Handla, Gida Daar Hinnad",VMRS_HB_COMPLETE_v20 page 6_pages_26-50.md
045-010-004,,045,010,"Door | 071-005-022 | Latch - Handle, Side Door, Hinged",VMRS_HB_COMPLETE_v20 page 6_pages_26-50.md
045-018-034,,045,018,Lash Adjuster - Engine Brake | 071-020-014 | Latch - Hold-Down,VMRS_HB_COMPLETE_v20 page 6_pages_26-50.md
043-005-017,,043,005,"Lash Assembly | 002-042-012 | Latch - Hold-Down, Deck Plate",VMRS_HB_COMPLETE_v20 page 6_pages_26-50.md
081-005-023,,081,005,"Latch - Fuel Supply Access Door | 002-004-201 | Latch - Hood, Access Door",VMRS_HB_COMPLETE_v20 page 6_pages_26-50.md
174-004-013,,174,004,"Latch - Underbody Battery Compartment Door | 002-004-019 | Latch - Hood, Front",VMRS_HB_COMPLETE_v20 page 6_pages_26-50.md
082-029-006,,082,029,"Latch - Access Door (MRU) | 002-004-007 | Latch - Hood, Lower",VMRS_HB_COMPLETE_v20 page 6_pages_26-50.md
151-001-185,,151,001,"Latch - Access Door, Center, APU | 002-004-021 | Latch - Hood, Rear",VMRS_HB_COMPLETE_v20 page 6_pages_26-50.md
082-016-005,,082,016,"Latch - Access Door, Mechanical Refrigeration | 002-004-006 | Latch - Hood, Upper",VMRS_HB_COMPLETE_v20 page 6_pages_26-50.md
057-001-021,,057,001,"Unit (MRU) | | Latch - Housing Cover, Spare Tire",VMRS_HB_COMPLETE_v20 page 6_pages_26-50.md
001-001-249,,001,001,"Latch - Air Filter | 041-001-056 | Latch - Housing, Air Cleaner",VMRS_HB_COMPLETE_v20 page 6_pages_26-50.md
267-011-004,,267,011,Latch - Auger | 002-002-049 | Latch - Inner Fender,VMRS_HB_COMPLETE_v20 page 6_pages_26-50.md
002-024-069,,002,024,"Latch - Back Glass | 002-048-188 | Latch - Leg, Table",VMRS_HB_COMPLETE_v20 page 6_pages_26-50.md
002-027-086,,002,027,"Latch - Bar Assembly | 002-050-704 | Latch - Leg, Table",VMRS_HB_COMPLETE_v20 page 6_pages_26-50.md
014-005-007,,014,005,"Latch - Battery Box | 002-059-012 | Latch - Lid, Pickup Box",VMRS_HB_COMPLETE_v20 page 6_pages_26-50.md
462-005-002,,462,005,"Latch - Boom, Upper | 002-061-039 | Latch - Liftgate",VMRS_HB_COMPLETE_v20 page 6_pages_26-50.md
013-010-432,,013,010,"Latch - Brake Belease, Hand Valve | 055-001-105 | Latch - Liftgate Assembly",VMRS_HB_COMPLETE_v20 page 6_pages_26-50.md
071-023-017,,071,023,Latch - Bulkhead Door | 002-018-100 | Latch - Lock,VMRS_HB_COMPLETE_v20 page 6_pages_26-50.md
002-020-021,,002,020,01/-002-081 | Latch - Bumper | | Latch - Locking,VMRS_HB_COMPLETE_v20 page 6_pages_26-50.md
002-050-023,,002,050,Latch - Bunk | 055-007-007 | Latch - Mast Innor,VMRS_HB_COMPLETE_v20 page 6_pages_26-50.md
002-000-020,,002,000,Latch Burner Access Door | 055 007 015 | Latch Mast Intermodiate,VMRS_HB_COMPLETE_v20 page 6_pages_26-50.md
174-007-006,,174,007,Latch - Duffer Access Door | 002 015 022 | Latch Oil Filler Hatch Door,VMRS_HB_COMPLETE_v20 page 6_pages_26-50.md
174-007-000,,174,007,Latch - Bus Body Side Duck Out Window | 174 001 076 | Latch - Oli Filler Hatch Door,VMRS_HB_COMPLETE_v20 page 6_pages_26-50.md
174-000-000,,174,000,Latch - Bus Body Side Push-Out Window | 174-001-076 | Latel - Overnead Console Door,VMRS_HB_COMPLETE_v20 page 6_pages_26-50.md
174-009-007,,174,009,"Latch - Bus Driver Side Sliding Window | 002-048-213 | Latch - Paddle, Door",VMRS_HB_COMPLETE_v20 page 6_pages_26-50.md
174-001-115,,174,001,Latch - Bus Engine Access Door | 002-001-034 | Latch - Radiator Grille,VMRS_HB_COMPLETE_v20 page 6_pages_26-50.md
174-001-147,,174,001,Latch - Bus Engine Cover | 055-001-043 | Latch - Ramp,VMRS_HB_COMPLETE_v20 page 6_pages_26-50.md
174-016-007,,174,016,Latch - Bus Root Vent | 002-022-007 | Latch - Rear Door Window,VMRS_HB_COMPLETE_v20 page 6_pages_26-50.md
174-031-011,,174,031,Latch - Bus Under Driver Seat Storage Box Door | 174-013-010 | Latch - Rear Emergency Door,VMRS_HB_COMPLETE_v20 page 6_pages_26-50.md
174-030-011,,174,030,Latch - Bus Under Passenger Seat Storage Box | 174-001-046 | Latch - Refueling Access Door,VMRS_HB_COMPLETE_v20 page 6_pages_26-50.md
052-005-017,,052,005,"Door | | Latch - Release, CB Tray",VMRS_HB_COMPLETE_v20 page 6_pages_26-50.md
002-015-088,,002,015,"Latch - Cab, Upper | 055-001-115 | Latch - Remote Pump Box",VMRS_HB_COMPLETE_v20 page 6_pages_26-50.md
004-005-028,,004,005,Latch - Chassis Fairing | 071-020-021 | Latch - Retaining - Retracted Deck To Side Wall,VMRS_HB_COMPLETE_v20 page 6_pages_26-50.md
368-001-009,,368,001,"Latch - Closing, Case | 072-004-077 | Latch - Roll-Up Door",VMRS_HB_COMPLETE_v20 page 6_pages_26-50.md
002-008-056,,002,008,Latch - Compartment Door | 174-015-003 | Latch - Roof Emergency Escape Hatch,VMRS_HB_COMPLETE_v20 page 6_pages_26-50.md
002-050-538,,002,050,"Latch - Compartment, Baggage Door | 079-004-002 | Latch - Safety",VMRS_HB_COMPLETE_v20 page 6_pages_26-50.md
077-001-010,,077,001,"Latch - Container | 059-004-016 | Latch - Safety Hook, Dolly",VMRS_HB_COMPLETE_v20 page 6_pages_26-50.md
172-001-029,,172,001,"Latch - Container Body | 077-010-012 | Latch - Safety Hook, Dollv",VMRS_HB_COMPLETE_v20 page 6_pages_26-50.md
002-060-027,,002,060,"Latch - Convertible Top | 002-036-007 | Latch - Safety, Cab Tilt Mechanism",VMRS_HB_COMPLETE_v20 page 6_pages_26-50.md
151-004-006,,151,004,"Latch - Cover, APU | 015-011-008 | Latch - Safety, Dash Panel",VMRS_HB_COMPLETE_v20 page 6_pages_26-50.md
002-048-172,,002,048,"Latch - Cover, Storage Console | 059-001-056 | Latch - Safety Fifth Wheel",VMRS_HB_COMPLETE_v20 page 6_pages_26-50.md
078-026-025,,078,026,"Latch - Cross-Over Cable | 174-010-035 | Latch - Safety, Folding Entrance Door",VMRS_HB_COMPLETE_v20 page 6_pages_26-50.md
071-026-037,,071,026,"Latch - Curtain | 174-011-045 | Latch - Safety, Outward Opening Entrance Door",VMRS_HB_COMPLETE_v20 page 6_pages_26-50.md
002-011-128,,002,011,Latch - Seat Belt | 034-001-151,VMRS_HB_COMPLETE_v20 page 6_pages_26-50.md
055-022-016,,055,022,Latch - Shelf | 034-003-159,VMRS_HB_COMPLETE_v20 page 6_pages_26-50.md
078-022-003,,078,022,"Latch - Shelf, Trailer | 034-004-269",VMRS_HB_COMPLETE_v20 page 6_pages_26-50.md
002-015-024,,002,015,Latch - Side Compartment Panel | 034-002-054,VMRS_HB_COMPLETE_v20 page 6_pages_26-50.md
034-002-042,,034,002,0/1-030-00/ | Latch - Side Compartment Roll-Up Door,VMRS_HB_COMPLETE_v20 page 6_pages_26-50.md
002-020-011,,002,020,Latch - Side Door Glass | 034-002-063,VMRS_HB_COMPLETE_v20 page 6_pages_26-50.md
174-012-021,,174,012,Latch - Side Emergency Door | 034-002-041,VMRS_HB_COMPLETE_v20 page 6_pages_26-50.md
174-005-020,,174,005,"Latch - Side Hinged, Bus Body Side Window | 034-004-256",VMRS_HB_COMPLETE_v20 page 6_pages_26-50.md
002-050-631,,002,050,"Latch - Side Window, Sleeper | 034-002-059",VMRS_HB_COMPLETE_v20 page 6_pages_26-50.md
162-001-012,,162,001,Latch - Spreader Assembly | 034-004-402,VMRS_HB_COMPLETE_v20 page 6_pages_26-50.md
059-002-003,,059,002,Latch - Spring | 034-002-087,VMRS_HB_COMPLETE_v20 page 6_pages_26-50.md
071-024-009,,071,024,Latch - Stack Lock | 034-003-193,VMRS_HB_COMPLETE_v20 page 6_pages_26-50.md
174-005-008,,174,005,"Latch - Standard, Bus Body Side Window | 024 002 100",VMRS_HB_COMPLETE_v20 page 6_pages_26-50.md
174-017-035,,174,017,Assembly | 034-003-192,VMRS_HB_COMPLETE_v20 page 6_pages_26-50.md
002-060-038,,002,060,"Latch - Stowage Compartment, Convertible Top | 034-003-191",VMRS_HB_COMPLETE_v20 page 6_pages_26-50.md
002-050-541,,002,050,Latch - Sunroof,VMRS_HB_COMPLETE_v20 page 6_pages_26-50.md
002-027-251,,002,027,"Latch - Swivel, Seat | 034-003-141",VMRS_HB_COMPLETE_v20 page 6_pages_26-50.md
002-016-023,,002,016,Latch - Tailgate | 034-003-194,VMRS_HB_COMPLETE_v20 page 6_pages_26-50.md
078-028-003,,078,028,Latch - Tarp Box | 053-006-294,VMRS_HB_COMPLETE_v20 page 6_pages_26-50.md
055-012-043,,055,012,Latch - Tie-Down | 053-006-293,VMRS_HB_COMPLETE_v20 page 6_pages_26-50.md
014-010-012,,014,010,Latch - Ioolbox | 174-033-049,VMRS_HB_COMPLETE_v20 page 6_pages_26-50.md
059-010-013,,059,010,Latch - Tow Bar | 079-001-002,VMRS_HB_COMPLETE_v20 page 6_pages_26-50.md
071-020-006,,071,020,Latch - Trolley Assembly | 174-018-016,VMRS_HB_COMPLETE_v20 page 6_pages_26-50.md
174-003-009,,174,003,Latch - Underbody Storage Compartment Door | 174-022-026,VMRS_HB_COMPLETE_v20 page 6_pages_26-50.md
174-024-008,,174,024,Latch - Vandal Lock | 059-043-003,VMRS_HB_COMPLETE_v20 page 6_pages_26-50.md
002-018-144,,002,018,Latch - Vent Window | 112-006-003,VMRS_HB_COMPLETE_v20 page 6_pages_26-50.md
002-023-004,,002,023,Latch - Ventilator Lock | 002-012-067,VMRS_HB_COMPLETE_v20 page 6_pages_26-50.md
002-050-734,,002,050,"Latch - Vertical Pinch, Cabinet Door | 002-012-068",VMRS_HB_COMPLETE_v20 page 6_pages_26-50.md
004-013-008,,004,013,Latch - Wheeleheir Lift | 112-006-001,VMRS_HB_COMPLETE_v20 page 6_pages_26-50.md
174-014-018,,174,014,Latch - Wheelchair Lift Double Door | 077-003-020,VMRS_HB_COMPLETE_v20 page 6_pages_26-50.md
174-014-009,,174,014,Latch - Wheelchair Lift Single Door | 079-001-009,VMRS_HB_COMPLETE_v20 page 6_pages_26-50.md
004-014-011,,004,014,"Latch Assembly - Wheel Cover, Adjustable | 077-003-000",VMRS_HB_COMPLETE_v20 page 6_pages_26-50.md
004-014-017,,004,014,"Latch Assembly - Wheel Cover, Fixed | 077-003-062",VMRS_HB_COMPLETE_v20 page 6_pages_26-50.md
002-015-101,,002,015,Latch Kit | 077-003-001,VMRS_HB_COMPLETE_v20 page 6_pages_26-50.md
068-006-002,,068,006,Latch Kit - Lift Forks | 077-003-002,VMRS_HB_COMPLETE_v20 page 6_pages_26-50.md
002-036-052,,002,036,Latch Pin Assembly | 055-019-012,VMRS_HB_COMPLETE_v20 page 6_pages_26-50.md
059-010-012,,059,010,Latch System - Pulse Vacuum | 055-019-014,VMRS_HB_COMPLETE_v20 page 6_pages_26-50.md
027-024-083,,027,024,Latch Valve | 055-019-013,VMRS_HB_COMPLETE_v20 page 6_pages_26-50.md
002-022-044,,002,022,"Latch, Door - Rear | 077-003-057",VMRS_HB_COMPLETE_v20 page 6_pages_26-50.md
002-048-164,,002,048,"Latch, Door - Storage Compartment | 016-019-007",VMRS_HB_COMPLETE_v20 page 6_pages_26-50.md
002-046-102,,002,046,"Latch, Double Door - Wheelchair Lift | 034-004-283",VMRS_HB_COMPLETE_v20 page 6_pages_26-50.md
002-023-056,,002,023,"Latch, Push Out - Rear Window | 034-003-177",VMRS_HB_COMPLETE_v20 page 6_pages_26-50.md
002-023-055,,002,023,"Latch, Side Hinged - Body Side Window | 034-003-029",VMRS_HB_COMPLETE_v20 page 6_pages_26-50.md
002-040-097,,002,040,"Latch, Single Door - Wheelchair Lift | 034-004-380",VMRS_HB_COMPLETE_v20 page 6_pages_26-50.md
291-006-005,,291,006,Latch/Lock - Ice Box Door | 034-000-003,VMRS_HB_COMPLETE_v20 page 6_pages_26-50.md
044-010-045,,044,010,Latches - Regulator Case | 174-024-057,VMRS_HB_COMPLETE_v20 page 6_pages_26-50.md
044-010-029,,044,010,Latches / Hold Down - Propane Tank | 174-024-035,VMRS_HB_COMPLETE_v20 page 6_pages_26-50.md
079-002-002,,079,002,LDWS Kit | 174-024-120,VMRS_HB_COMPLETE_v20 page 6_pages_26-50.md
052-007-004,,052,007,"Lead - Antenna, Television | 174-024-061",VMRS_HB_COMPLETE_v20 page 6_pages_26-50.md
052-009-010,,052,009,Lead - Speaker | 174-024-093,VMRS_HB_COMPLETE_v20 page 6_pages_26-50.md
053-999-266,,053,999,Lead Substitute | 174-024-041,VMRS_HB_COMPLETE_v20 page 6_pages_26-50.md
016-008-101,,016,008,"Leading Arm - Suspension , Front | 174-024-073",VMRS_HB_COMPLETE_v20 page 6_pages_26-50.md
053-999-111,,053,999,Leak Detector - Oil Fuel & Coolant | 174-024-118,VMRS_HB_COMPLETE_v20 page 6_pages_26-50.md
053-999-042,,053,999,Leak Detector - Refrigerant | 174-024-080,VMRS_HB_COMPLETE_v20 page 6_pages_26-50.md
461-001-002,,461,001,"LED - 12 Volt, Arrow Board | 034-004-028",VMRS_HB_COMPLETE_v20 page 6_pages_26-50.md
461-001-004,,461,001,"LED - 12 Volt, UV Treated, Arrow Board | 082-012-025",VMRS_HB_COMPLETE_v20 page 6_pages_26-50.md
461-001-003,,461,001,"LED - 24 Volt, Arrow Board | 003-001-068",VMRS_HB_COMPLETE_v20 page 6_pages_26-50.md
461-001-005,,461,001,"LED - 24 Volt, UV Treated, Arrow Board | 034-003-171",VMRS_HB_COMPLETE_v20 page 6_pages_26-50.md
401-001-006,,401,001,"LED - 63 AMP, Arrow Board | 003-001-067",VMRS_HB_COMPLETE_v20 page 6_pages_26-50.md
052-008-047,,052,008,LED - Bulb Refrigerator | 034-004-046,VMRS_HB_COMPLETE_v20 page 6_pages_26-50.md
034-004-462,,034,004,LED - Clearance and Marker Lamp Combination | 034-001-060,VMRS_HB_COMPLETE_v20 page 6_pages_26-50.md
001-004-100,,001,004,"LED - Control Panel, Auxiliary HVAC, Sleeper | 034-001-022",VMRS_HB_COMPLETE_v20 page 6_pages_26-50.md
034-004-452,,034,004,LED - Dome Lamp | 034-001-042,VMRS_HB_COMPLETE_v20 page 6_pages_26-50.md
034-001-151,,034,001,LED - Headlamp,VMRS_HB_COMPLETE_v20 page 6_pages_26-50.md
034-003-159,,034,003,"LED - Lamp, Front Turn Signal, Blackout",VMRS_HB_COMPLETE_v20 page 6_pages_26-50.md
034-004-269,,034,004,"LED - Lamp, Luggage Compartment",VMRS_HB_COMPLETE_v20 page 6_pages_26-50.md
034-002-054,,034,002,"LED - Lamp, Rear Stop/Turn, Military Blackout",VMRS_HB_COMPLETE_v20 page 6_pages_26-50.md
034-002-083,,034,002,LED - License Lamp,VMRS_HB_COMPLETE_v20 page 6_pages_26-50.md
034-004-253,,034,004,LED - Marker Lamp,VMRS_HB_COMPLETE_v20 page 6_pages_26-50.md
034-002-041,,034,002,LED - Rear Tail Light / Stop Light Assembly,VMRS_HB_COMPLETE_v20 page 6_pages_26-50.md
034-004-256,,034,004,LED - Stepwell Lamp,VMRS_HB_COMPLETE_v20 page 6_pages_26-50.md
034-002-059,,034,002,LED - Stop/Turn/Tail Lamp,VMRS_HB_COMPLETE_v20 page 6_pages_26-50.md
034-004-402,,034,004,LED - Strobe Lamp,VMRS_HB_COMPLETE_v20 page 6_pages_26-50.md
034-002-087,,034,002,LED - Tail Lamp,VMRS_HB_COMPLETE_v20 page 6_pages_26-50.md
034-003-193,,034,003,ED - Turn Indicator and Marker Lamp Mid-,VMRS_HB_COMPLETE_v20 page 6_pages_26-50.md
001-000-100,,001,000,Trailer Side,VMRS_HB_COMPLETE_v20 page 6_pages_26-50.md
034-003-192,,034,003,"LED - Turn Indicator and Marker, Mid-Tractor,",VMRS_HB_COMPLETE_v20 page 6_pages_26-50.md
034-003-191,,034,003,LED - Turn Signal and Parking Combination,VMRS_HB_COMPLETE_v20 page 6_pages_26-50.md
034-003-141,,034,003,"LED - Turn Signal Lamp, Front",VMRS_HB_COMPLETE_v20 page 6_pages_26-50.md
034-003-194,,034,003,"LED - Turn Signal Lamp, Rear",VMRS_HB_COMPLETE_v20 page 6_pages_26-50.md
053-006-294,,053,006,LED - Utility Light,VMRS_HB_COMPLETE_v20 page 6_pages_26-50.md
053-006-293,,053,006,LED - Work Lamp,VMRS_HB_COMPLETE_v20 page 6_pages_26-50.md
174-033-049,,174,033,"Ledge - Covering, Platform",VMRS_HB_COMPLETE_v20 page 6_pages_26-50.md
079-001-002,,079,001,"Leg - Anti-Nose Dive Pole, Inner",VMRS_HB_COMPLETE_v20 page 6_pages_26-50.md
079-001-001,,079,001,"Leg - Anti-Nose Dive Pole, Outer",VMRS_HB_COMPLETE_v20 page 6_pages_26-50.md
174-018-016,,174,018,Leg - Bus Body Barrier,VMRS_HB_COMPLETE_v20 page 6_pages_26-50.md
174-022-026,,174,022,Leg - Bus Seat,VMRS_HB_COMPLETE_v20 page 6_pages_26-50.md
059-043-003,,059,043,Leg - Converter Dolly,VMRS_HB_COMPLETE_v20 page 6_pages_26-50.md
112-006-003,,112,006,Leg - Horizontal Outrigger,VMRS_HB_COMPLETE_v20 page 6_pages_26-50.md
002-012-067,,002,012,Leg - Inner Front,VMRS_HB_COMPLETE_v20 page 6_pages_26-50.md
002-012-068,,002,012,"Leg - Outer, Front",VMRS_HB_COMPLETE_v20 page 6_pages_26-50.md
112-006-001,,112,006,Leg - Vertical Outrigger,VMRS_HB_COMPLETE_v20 page 6_pages_26-50.md
077-003-020,,077,003,Leg & Screw Assembly - Lower (Or Inner),VMRS_HB_COMPLETE_v20 page 6_pages_26-50.md
077-003-068,,077,003,Leg Assembly,VMRS_HB_COMPLETE_v20 page 6_pages_26-50.md
079-001-009,,079,001,Leg Assembly - Anti-Nose Dive,VMRS_HB_COMPLETE_v20 page 6_pages_26-50.md
077-003-000,,077,003,Leg Assembly - Landing Gear,VMRS_HB_COMPLETE_v20 page 6_pages_26-50.md
077-003-062,,077,003,Leg Assembly - Powered Landing Gear,VMRS_HB_COMPLETE_v20 page 6_pages_26-50.md
077-003-001,,077,003,"Leg Assembly - Upper, Crankside",VMRS_HB_COMPLETE_v20 page 6_pages_26-50.md
077-003-002,,077,003,"Leg Assembly - Upper, Opposite Side",VMRS_HB_COMPLETE_v20 page 6_pages_26-50.md
055-019-012,,055,019,Leg Mounting Foot - Roller Bed,VMRS_HB_COMPLETE_v20 page 6_pages_26-50.md
055-019-014,,055,019,Leg Mounting Plate - Platform,VMRS_HB_COMPLETE_v20 page 6_pages_26-50.md
055-019-015,,055,019,Leg Mounting Plate - Platform/Boller Bed,VMRS_HB_COMPLETE_v20 page 6_pages_26-50.md
055-019-013,,055,019,Leg Reinforcement - Roller Bed,VMRS_HB_COMPLETE_v20 page 6_pages_26-50.md
077-003-057,,077,003,Leg Set,VMRS_HB_COMPLETE_v20 page 6_pages_26-50.md
016-019-007,,016,019,Leas - Locking Device Assembly,VMRS_HB_COMPLETE_v20 page 6_pages_26-50.md
034-004-283,,034,004,Lens - Accent Lamp,VMRS_HB_COMPLETE_v20 page 6_pages_26-50.md
034-003-177,,034,003,Lens - Backup and Tail Lamp,VMRS_HB_COMPLETE_v20 page 6_pages_26-50.md
034-003-029,,034,003,Lens - Backup Lamp,VMRS_HB_COMPLETE_v20 page 6_pages_26-50.md
034-004-380,,034,004,Lens - Beacon,VMRS_HB_COMPLETE_v20 page 6_pages_26-50.md
034-006-063,,034,006,Lens - Beacon,VMRS_HB_COMPLETE_v20 page 6_pages_26-50.md
034-004-113,,034,004,Lens - Bumper Guide (Fender Finder),VMRS_HB_COMPLETE_v20 page 6_pages_26-50.md
174-024-057,,174,024,Lens - Bus Ceiling Lamp,VMRS_HB_COMPLETE_v20 page 6_pages_26-50.md
174-024-035,,174,024,Lens - Bus Drivers Dome Lamp,VMRS_HB_COMPLETE_v20 page 6_pages_26-50.md
174-024-120,,174,024,Lens - Bus Electrical Compartment Lamp,VMRS_HB_COMPLETE_v20 page 6_pages_26-50.md
174-024-061,,174,024,Lens - Bus Emergency Door Exterior Lamp,VMRS_HB_COMPLETE_v20 page 6_pages_26-50.md
174-024-093,,174,024,Lens - Bus Emergency Door Interior Lamp,VMRS_HB_COMPLETE_v20 page 6_pages_26-50.md
174-024-041,,174,024,Lens - Bus Emergency Door Lamp,VMRS_HB_COMPLETE_v20 page 6_pages_26-50.md
174-024-073,,174,024,Lens - Bus Entry Door Exterior Lamp,VMRS_HB_COMPLETE_v20 page 6_pages_26-50.md
174-024-067,,174,024,Lens - Bus Entry Door Internal Lamp,VMRS_HB_COMPLETE_v20 page 6_pages_26-50.md
174-024-118,,174,024,Lens - Bus Entry Step Lamp,VMRS_HB_COMPLETE_v20 page 6_pages_26-50.md
174-024-080,,174,024,Lens - Bus Passenger Reading Lamp,VMRS_HB_COMPLETE_v20 page 6_pages_26-50.md
034-004-028,,034,004,Lens - Clearance Lamp,VMRS_HB_COMPLETE_v20 page 6_pages_26-50.md
082-012-025,,082,012,Lens - Control Case,VMRS_HB_COMPLETE_v20 page 6_pages_26-50.md
003-001-068,,003,001,Lens - Coolant Level Warning Lamp,VMRS_HB_COMPLETE_v20 page 6_pages_26-50.md
034-003-171,,034,003,Lens - Cornering Lamp,VMRS_HB_COMPLETE_v20 page 6_pages_26-50.md
003-001-067,,003,001,Lens - Differential Lockout,VMRS_HB_COMPLETE_v20 page 6_pages_26-50.md
002-058-016,,002,058,Lens - Display Assembly,VMRS_HB_COMPLETE_v20 page 6_pages_26-50.md
034-004-046,,034,004,Lens - Dome Lamp,VMRS_HB_COMPLETE_v20 page 6_pages_26-50.md
034-001-060,,034,001,Lens - Driving Lamp,VMRS_HB_COMPLETE_v20 page 6_pages_26-50.md
034-001-022,,034,001,Lens - Emergency Warning Lamp,VMRS_HB_COMPLETE_v20 page 6_pages_26-50.md
034-001-042,,034,001,Lens - Fog Lamp,VMRS_HB_COMPLETE_v20 page 6_pages_26-50.md
034-003-011,,034,003,Lens - Front Turn Signal (Separate From Parking | 058-005-017 | Lever - Clutch,VMRS_HB_COMPLETE_v20 page 6_pages_26-50.md
023-001-093,,023,001,Lamp) | | Lever - Clutch Control,VMRS_HB_COMPLETE_v20 page 6_pages_26-50.md
034-003-004,,034,003,Lens - Front Turn Signal & Parking Lamp | 023-001-055 | Lever - Clutch Pull Back Return Spring,VMRS_HB_COMPLETE_v20 page 6_pages_26-50.md
003-002-036,,003,002,Lens - Gauge | 023-001-112 | Lever - Clutch Pulley,VMRS_HB_COMPLETE_v20 page 6_pages_26-50.md
034-001-102,,034,001,Lens - Headlamp | 015-011-019 | Lever - Column Release,VMRS_HB_COMPLETE_v20 page 6_pages_26-50.md
034-002-065,,034,002,"Lens - High Mount Stop Lamp | 065-020-012 | Lever - Control Valve, Hydraulic System",VMRS_HB_COMPLETE_v20 page 6_pages_26-50.md
003-001-138,,003,001,"Lens - Indicator Lamp | 002-027-060 | Lever - Control Valve, Seat Back",VMRS_HB_COMPLETE_v20 page 6_pages_26-50.md
003-001-108,,003,001,"Lens - Indicator, Check Transmission | 059-025-011 | Lever - Control Valve, Vehicle Coupling System",VMRS_HB_COMPLETE_v20 page 6_pages_26-50.md
003-001-106,,003,001,"Lens - Indicator, Drive | 151-001-099 | Lever - Control, Fuel Injection Pump, APU",VMRS_HB_COMPLETE_v20 page 6_pages_26-50.md
034-003-095,,034,003,"Lens - Indicator, Flasher | 000-001-002 | Lever - Control, PTO",VMRS_HB_COMPLETE_v20 page 6_pages_26-50.md
003-001-107,,003,001,"Lens Indicator Shutdown | 043 004 047 | Lever - Control, Roller",VMRS_HB_COMPLETE_v20 page 6_pages_26-50.md
003-004-037,,003,004,"Lens - Indicator, Shutdown | 043-004-047 | Lever - Crossover Fuel Injection",VMRS_HB_COMPLETE_v20 page 6_pages_26-50.md
002-008-122,,002,008,Lens - Lamp Glove Compartment Dash | 001-001-105 | Lever - Dash Control Assembly,VMRS_HB_COMPLETE_v20 page 6_pages_26-50.md
014-007-010,,014,007,Lens - License Plate | 001-001-193 | Lever - Defrost,VMRS_HB_COMPLETE_v20 page 6_pages_26-50.md
003-001-190,,003,001,"Lens - Light Bar, Message Center | 098-007-004 | Lever - Disc. One-Way Check Valve",VMRS_HB_COMPLETE_v20 page 6_pages_26-50.md
034-004-027,,034,004,Lens - Marker Lamp | 098-008-004 | Lever - Disc. Two-Way Check Valve,VMRS_HB_COMPLETE_v20 page 6_pages_26-50.md
002-010-108,,002,010,"Lens - Mirror Head | 152-001-006 | Lever - Discharge, Toilet",VMRS_HB_COMPLETE_v20 page 6_pages_26-50.md
003-004-040,,003,004,"Lens - Oil Return | 001-001-342 | Lever - Door, Air, Fresh/Recirculated",VMRS_HB_COMPLETE_v20 page 6_pages_26-50.md
034-003-008,,034,003,Lens - Parking Lamp (Separate From Turn | 022-005-003 | Lever - Double Reduction Shifter,VMRS_HB_COMPLETE_v20 page 6_pages_26-50.md
173-001-005,,173,001,Signal) | | Lever - Dump Body,VMRS_HB_COMPLETE_v20 page 6_pages_26-50.md
053-005-011,,053,005,Lens - Permit Holder | 043-001-202 | Lever - EGR Actuator Rod,VMRS_HB_COMPLETE_v20 page 6_pages_26-50.md
034-004-425,,034,004,"Lens - Reading Lamp | 098-011-011 | Lever - Emergency Valve, Bulk Product Transfer",VMRS_HB_COMPLETE_v20 page 6_pages_26-50.md
034-002-011,,034,002,Lens - Rear License Lamp | 043-005-041 | Lever - Engine Brake,VMRS_HB_COMPLETE_v20 page 6_pages_26-50.md
034-002-014,,034,002,Lens - Rear Tail/Stop Combination Lamp | 003-004-052 | Lever - Engine Shutdown,VMRS_HB_COMPLETE_v20 page 6_pages_26-50.md
034-003-025,,034,003,Lens - Rear Turn Signal | 026-011-054 | Lever - Gear Shift,VMRS_HB_COMPLETE_v20 page 6_pages_26-50.md
034-003-109,,034,003,"Lens - Retractable Stop Arm, Side Mount | 026-011-019 | Lever - Gearshift Control Shaft, Lower",VMRS_HB_COMPLETE_v20 page 6_pages_26-50.md
174-024-098,,174,024,"Lens - School Bus 8 Way Stop Light | 025-001-231 | Lever - Gearshift, Transfer Case",VMRS_HB_COMPLETE_v20 page 6_pages_26-50.md
174-017-047,,174,017,"Lens - School Bus Stop Arm Assembly | 002-027-254 | Lever - Hand Pump, Seat Height",VMRS_HB_COMPLETE_v20 page 6_pages_26-50.md
027-033-075,,027,033,Lens - Shift Control | 001-002-046 | Lever - Heater Control Panel Assembly,VMRS_HB_COMPLETE_v20 page 6_pages_26-50.md
034-001-054,,034,001,Lens - Spot Lamp | 044-004-028 | Lever - Injector Control Tube,VMRS_HB_COMPLETE_v20 page 6_pages_26-50.md
034-004-396,,034,004,"Lens - Stepwell Lamp | 045-008-147 | Lever - Injector, Cam Follower",VMRS_HB_COMPLETE_v20 page 6_pages_26-50.md
034-001-004,,034,001,"Lens - Strobe Lamp | 023-001-010 | Lever - Intermediate, Clutch Pedal",VMRS_HB_COMPLETE_v20 page 6_pages_26-50.md
036-008-004,,036,008,Lens - Surveillance System | 002-004-057 | Lever - Latch Hold-Down,VMRS_HB_COMPLETE_v20 page 6_pages_26-50.md
034-004-383,,034,004,"Lens - Switch Identification | 059-002-029 | Lever - Latch, Pintle Hook",VMRS_HB_COMPLETE_v20 page 6_pages_26-50.md
034-002-003,,034,002,Lens - Tail Lamp | 065-029-006 | Lever - Limiting Switch,VMRS_HB_COMPLETE_v20 page 6_pages_26-50.md
082-005-015,,082,005,"Lens - Thermometer | 002-018-149 | Lever - Linkage, Door Lock",VMRS_HB_COMPLETE_v20 page 6_pages_26-50.md
034-004-379,,034,004,"Lens - Utility Lamp | 002-050-642 | Lever - Lock, Access Door, Sleeper",VMRS_HB_COMPLETE_v20 page 6_pages_26-50.md
034-006-035,,034,006,"Lens - Warning Lamp | 002-050-643 | Lever - Lock, Baggage Door",VMRS_HB_COMPLETE_v20 page 6_pages_26-50.md
002-008-160,,002,008,"Lens - Warning Lamp, Instrument Cluster | 002-036-142 | Lever - Lock, Cab Tilt",VMRS_HB_COMPLETE_v20 page 6_pages_26-50.md
002-024-014,,002,024,"Lens - Wide Angle, Vanguard | 015-002-010 | Lever - Locking Tilt, Steering Column",VMRS_HB_COMPLETE_v20 page 6_pages_26-50.md
034-006-032,,034,006,Lens - Work Lamp | 059-001-083 | Lever - Operating Linkage,VMRS_HB_COMPLETE_v20 page 6_pages_26-50.md
002-058-018,,002,058,"Lens Spacer - Display Assembly | 065-016-015 | Lever - Operating, Pump, Hydraulic System",VMRS_HB_COMPLETE_v20 page 6_pages_26-50.md
034-006-012,,034,006,"Lens, Center Module - Light Bar | 001-001-190 | Lever - Operating, Temperature Control, HVAC",VMRS_HB_COMPLETE_v20 page 6_pages_26-50.md
034-006-013,,034,006,"Lens, Corner Module - Light Bar | 010 000 000 | System",VMRS_HB_COMPLETE_v20 page 6_pages_26-50.md
174-037-005,,174,037,Lettering - Legal | 013-003-029 | Lever - Parking Brake,VMRS_HB_COMPLETE_v20 page 6_pages_26-50.md
023-001-092,,023,001,"Level - Clutch | 013-003-001 | Lever - Pedal & Sector Assembly, Parking Brake",VMRS_HB_COMPLETE_v20 page 6_pages_26-50.md
082-006-032,,082,006,"Level - Monitoring | 002-000-031 | Lever - Pivol, Pusit Rod, Convertible Top",VMRS_HB_COMPLETE_v20 page 6_pages_26-50.md
002-000-002,,002,000,Level Kit - Filter Unloader | 022-004-022 | Lever - Power Divider Shift Lockout,VMRS_HB_COMPLETE_v20 page 6_pages_26-50.md
044-009-040,,044,009,"Level Unit - Regulator, Euel Tank | 023-002-018 | Lever - Pressure Plate",VMRS_HB_COMPLETE_v20 page 6_pages_26-50.md
268-014-000,,268,014,"Leveling Assembly | 173-010-003 | Lever - Quick Release, Platform Assembly",VMRS_HB_COMPLETE_v20 page 6_pages_26-50.md
462-009-007,,462,009,Leveling Bracket - Platform | 027-033-001 | Lever - Range Selector Or Manual Detent,VMRS_HB_COMPLETE_v20 page 6_pages_26-50.md
462-011-006,,462,011,"Leveling Rod - Fiberglass, Upper, Lower Boom | 027-033-012 | Lever - Range Selector, Vehicle Operator",VMRS_HB_COMPLETE_v20 page 6_pages_26-50.md
013-008-025,,013,008,Leveling | | Lever - Reaction,VMRS_HB_COMPLETE_v20 page 6_pages_26-50.md
462-006-000,,462,006,Leveling System - Upper and Lower Boom | 059-001-019 | Lever - Release,VMRS_HB_COMPLETE_v20 page 6_pages_26-50.md
016-008-023,,016,008,"Leveling Valve | 002-062-029 | Lever - Release, Deck Lid",VMRS_HB_COMPLETE_v20 page 6_pages_26-50.md
014-004-024,,014,004,Leveling Valve - Cab Mount | 023-001-115 | Lever - Reservoir,VMRS_HB_COMPLETE_v20 page 6_pages_26-50.md
044-001-038,,044,001,Leveling Valve - Fuel Tanks | 027-003-014 | Lever - Retarder Control,VMRS_HB_COMPLETE_v20 page 6_pages_26-50.md
464-006-001,,464,006,Lever | 026-011-039 | Lever - Reverse Shift,VMRS_HB_COMPLETE_v20 page 6_pages_26-50.md
044-005-038,,044,005,"Lever - Accelerator Pump | 026-010-020 | Lever - Reverse Shift, Internal Shift Mechanism",VMRS_HB_COMPLETE_v20 page 6_pages_26-50.md
022-006-008,,022,006,"Lever - Actuating, Shift Fork | 016-014-079 | Lever - Reversing, Liftable Rear Suspension",VMRS_HB_COMPLETE_v20 page 6_pages_26-50.md
044-007-016,,044,007,"Lever - Actuating, Throttle Control (Hand) | 027-033-009 | Lever - Roller Detent",VMRS_HB_COMPLETE_v20 page 6_pages_26-50.md
023-001-038,,023,001,"Lever - Adjusting, Clutch Release | 002-028-009 | Lever - Seat Adjustment",VMRS_HB_COMPLETE_v20 page 6_pages_26-50.md
002-027-278,,002,027,"Lever - Adjustment, Headřest | 026-011-031 | Lever - Shift Linkage, Idler",VMRS_HB_COMPLETE_v20 page 6_pages_26-50.md
001-002-112,,001,002,"Level - All Intake Door | 020-011-03/ | Lever - Shift, 1st & Zha Speed",VMRS_HB_COMPLETE_v20 page 6_pages_26-50.md
022-003-029,,022,003,"Lever - All Still Cylinder, Itiller | 020-011-035 | Level - Shill, ISLA Nevelse",VMRS_HB_COMPLETE_v20 page 6_pages_26-50.md
267-013-011,,267,013,Lever - Cam Bucket | 026-011-038 | Lever - Shift 3rd & 4th Sneed,VMRS_HB_COMPLETE_v20 page 6_pages_26-50.md
055-031-002,,055,031,"Lever - Chain Binder, Transport Grade | 026-015-009 | Lever - Shifter",VMRS_HB_COMPLETE_v20 page 6_pages_26-50.md
071-020-010,,071,020,Lover Side Compartment Bell Up Deer,VMRS_HB_COMPLETE_v20 page 6_pages_26-50.md
071-030-010,,071,030,Level - Side Compartment Roll-Op Dool,VMRS_HB_COMPLETE_v20 page 6_pages_26-50.md
082-006-068,,082,006,Lever - Speed Reefer,VMRS_HB_COMPLETE_v20 page 6_pages_26-50.md
032-002-009,,032,002,Lever - Starter Motor Shift,VMRS_HB_COMPLETE_v20 page 6_pages_26-50.md
044-003-079,,044,003,Lever - Stop. Injector Pump,VMRS_HB_COMPLETE_v20 page 6_pages_26-50.md
044-007-027,,044,007,Lever - Throttle,VMRS_HB_COMPLETE_v20 page 6_pages_26-50.md
041-006-004,,041,006,Lever - Throttle Body,VMRS_HB_COMPLETE_v20 page 6_pages_26-50.md
027-033-008,,027,033,Lever - Throttle Valve Control,VMRS_HB_COMPLETE_v20 page 6_pages_26-50.md
044-011-010,,044,011,"Lever - Throttle, Cruise Control System",VMRS_HB_COMPLETE_v20 page 6_pages_26-50.md
002-036-102,,002,036,Lever - Tilt Mechanism,VMRS_HB_COMPLETE_v20 page 6_pages_26-50.md
016-014-066,,016,014,"Lever - Toggle Switch, Lift Axle Control",VMRS_HB_COMPLETE_v20 page 6_pages_26-50.md
048-001-047,,048,001,"Lever - Transmission Shift, Hybrid",VMRS_HB_COMPLETE_v20 page 6_pages_26-50.md
034-003-014,,034,003,Lever - Turn Signal Operating,VMRS_HB_COMPLETE_v20 page 6_pages_26-50.md
098-019-008,,098,019,"Lever - Valve, Bulk Product Transfer",VMRS_HB_COMPLETE_v20 page 6_pages_26-50.md
055-023-074,,055,023,Lever - Wineb Drum Clutch,VMRS_HB_COMPLETE_v20 page 6_pages_26-50.md
030-001-003,,030,001,Lever - Winch Drum Cluich,VMRS_HB_COMPLETE_v20 page 6_pages_26-50.md
022-003-003,,022,003,Lever & Bracket Assembly - Clutch Control,VMRS_HB_COMPLETE_v20 page 6_pages_26-50.md
044-003-093,,044,003,Lever & Link Assembly - Fulcrum,VMRS_HB_COMPLETE_v20 page 6_pages_26-50.md
027-033-005,,027,033,Lever & Shaft - Bange Selector Or Manual,VMRS_HB_COMPLETE_v20 page 6_pages_26-50.md
,000-000,000,000,02. | Outer,VMRS_HB_COMPLETE_v20 page 6_pages_26-50.md
002-042-006,,002,042,Lever Assembly - Deck Plate,VMRS_HB_COMPLETE_v20 page 6_pages_26-50.md
044-003-094,,044,003,"Lever Assembly - Fulcrum, Injection Pump",VMRS_HB_COMPLETE_v20 page 6_pages_26-50.md
002-027-088,,002,027,Lever Assembly - Inner,VMRS_HB_COMPLETE_v20 page 6_pages_26-50.md
044-003-104,,044,003,Lever Assembly - Operating,VMRS_HB_COMPLETE_v20 page 6_pages_26-50.md
002-027-089,,002,027,Lever Assembly - Outer,VMRS_HB_COMPLETE_v20 page 6_pages_26-50.md
026-011-001,,026,011,Lever Assembly - Transmission Gearshift,VMRS_HB_COMPLETE_v20 page 6_pages_26-50.md
026-011-032,,026,011,Lever Assembly - Transmission Shifter,VMRS_HB_COMPLETE_v20 page 6_pages_26-50.md
168-001-042,,168,001,"Lever Kit - Load Sense Valve, Mower",VMRS_HB_COMPLETE_v20 page 6_pages_26-50.md
002-015-117,,002,015,Lever- Engine Door,VMRS_HB_COMPLETE_v20 page 6_pages_26-50.md
173-005-003,,173,005,"Lever, Controls - Dump Body Tailgate",VMRS_HB_COMPLETE_v20 page 6_pages_26-50.md
002-015-118,,002,015,"Lever, Pantograph - Engine Door",VMRS_HB_COMPLETE_v20 page 6_pages_26-50.md
016-004-017,,016,004,"Lever, Reversing, Littable Rear Suspension",VMRS_HB_COMPLETE_v20 page 6_pages_26-50.md
014-007-000,,014,007,License Carrier,VMRS_HB_COMPLETE_v20 page 6_pages_26-50.md
053-014-025,,053,014,"Lid - 5-LED, Aqueous Parts Washer",VMRS_HB_COMPLETE_v20 page 6_pages_26-50.md
368-001-012,,368,001,Lid - All Cyllinder Housing,VMRS_HB_COMPLETE_v20 page 6_pages_26-50.md
002-039-007,,002,039,Lid - Box Cab Guard/Headache Back,VMRS_HB_COMPLETE_v20 page 6_pages_26-50.md
368-001-008,,368,001,Lid - Case,VMRS_HB_COMPLETE_v20 page 6_pages_26-50.md
002-011-110,,002,011,Lid - Console,VMRS_HB_COMPLETE_v20 page 6_pages_26-50.md
017-009-053,,017,009,"Lid - Control Box Assembly, Central Tire Inflation",VMRS_HB_COMPLETE_v20 page 6_pages_26-50.md
019-004-002,,019,004,Lid - Controller,VMRS_HB_COMPLETE_v20 page 6_pages_26-50.md
365-009-021,,365,009,Lid - Glass Tank,VMRS_HB_COMPLETE_v20 page 6_pages_26-50.md
044-002-026,,044,002,"Lid - Molded Or Metal, Clear Or Solid",VMRS_HB_COMPLETE_v20 page 6_pages_26-50.md
365-009-002,,365,009,Lid - Paint Tank Assembly,VMRS_HB_COMPLETE_v20 page 6_pages_26-50.md
053-005-026,,053,005,Lid - Permit Holder,VMRS_HB_COMPLETE_v20 page 6_pages_26-50.md
002-011-074,,002,011,Lid - Record Holder,VMRS_HB_COMPLETE_v20 page 6_pages_26-50.md
174-015-010,,174,015,"Lid - Reservoir, Automatic Chassis Lubricator",VMRS_HB_COMPLETE_v20 page 6_pages_26-50.md
002-012-129,,002,012,"Lid - Storage Compartment, Pickup Box",VMRS_HB_COMPLETE_v20 page 6_pages_26-50.md
002-060-039,,002,060,"Lid - Stowage Compartment, Fickup Dox",VMRS_HB_COMPLETE_v20 page 6_pages_26-50.md
055-009-040,,055,009,Lid - Tilt Cylinder Cover,VMRS_HB_COMPLETE_v20 page 6_pages_26-50.md
002-015-100,,002,015,Lid - Trunk,VMRS_HB_COMPLETE_v20 page 6_pages_26-50.md
053-001-028,,053,001,"Lid, Cylinder - Automatic Traction Device",VMRS_HB_COMPLETE_v20 page 6_pages_26-50.md
152-001-002,,152,001,Lid/Seat - Toilet,VMRS_HB_COMPLETE_v20 page 6_pages_26-50.md
034-001-081,,034,001,Life Extender - Headlamp,VMRS_HB_COMPLETE_v20 page 6_pages_26-50.md
082-029-007,,082,029,Lift Access (MRU),VMRS_HB_COMPLETE_v20 page 6_pages_26-50.md
055-001-030,,055,001,"Lift Arm, L. H.",VMRS_HB_COMPLETE_v20 page 6_pages_26-50.md
055-001-016,,055,001,"Lift Arm, R. H.",VMRS_HB_COMPLETE_v20 page 6_pages_26-50.md
055-009-020,,055,009,Lift Assembly - Lift Truck,VMRS_HB_COMPLETE_v20 page 6_pages_26-50.md
055-023-064,,055,023,Lift Assembly - Wheelchair Lift,VMRS_HB_COMPLETE_v20 page 6_pages_26-50.md
082-016-006,,082,016,Litt Assist - Mechanical Refrigeration Unit (MRU),VMRS_HB_COMPLETE_v20 page 6_pages_26-50.md
055-009-013,,055,009,"Lift Chain Anchor - Lift Assembly, Lift Trucks",VMRS_HB_COMPLETE_v20 page 6_pages_26-50.md
055-009-015,,055,009,Lift Chain Anchor Pin - Lift Assembly,VMRS_HB_COMPLETE_v20 page 6_pages_26-50.md
055-009-012,,055,009,"Lift Chain Link - Replacement, Lift Assembly",VMRS_HB_COMPLETE_v20 page 6_pages_26-50.md
055-009-017,,055,009,Lift Cylinder,VMRS_HB_COMPLETE_v20 page 6_pages_26-50.md
002-018-032,,002,018,Lift Cylinder Assembly - Air Regulated Window,VMRS_HB_COMPLETE_v20 page 6_pages_26-50.md
055-011-002,,055,011,Lift Fork Latch Kit,VMRS_HB_COMPLETE_v20 page 6_pages_26-50.md
055-011-003,,055,011,Lift Fork Latch Pin,VMRS_HB_COMPLETE_v20 page 6_pages_26-50.md
055-011-005,,055,011,Lift Fork Latch Pin Rivet,VMRS_HB_COMPLETE_v20 page 6_pages_26-50.md
055-011-004,,055,011,Lift Fork Latch Pin Spring,VMRS_HB_COMPLETE_v20 page 6_pages_26-50.md
055-011-007,,055,011,Lift Fork Latch Washer,VMRS_HB_COMPLETE_v20 page 6_pages_26-50.md
068-006-001,,068,006,LITT FORKS - LITT TRUCK,VMRS_HB_COMPLETE_v20 page 6_pages_26-50.md
055-011-001,,055,011,Lift Framo Anti Backing,VMRS_HB_COMPLETE_v20 page 6_pages_26-50.md
055-023-018,,055,023,Lift Frame - Vehicle Chassis Side,VMRS_HB_COMPLETE_v20 page 6_pages_26-50.md
071-003-048,,071,003,Lift Pad,VMRS_HB_COMPLETE_v20 page 6_pages_26-50.md
057-001-017,,057,001,Lift Plate - Spare Tire Carrier,VMRS_HB_COMPLETE_v20 page 6_pages_26-50.md
002-024-059,,002,024,Lift Support - Back Glass,VMRS_HB_COMPLETE_v20 page 6_pages_26-50.md
002-011-097,,002,011,Lift Support - Cargo Hatch,VMRS_HB_COMPLETE_v20 page 6_pages_26-50.md
002-017-040,,002,017,Lift Support - Door,VMRS_HB_COMPLETE_v20 page 6_pages_26-50.md
002-006-062,,002,006,Lift Support - Rear Hatch,VMRS_HB_COMPLETE_v20 page 6_pages_26-50.md
002-027-277,,002,027,Lift Support - Trunk Lid,VMRS_HB_COMPLETE_v20 page 6_pages_26-50.md
053-007-110,,053,007,Lift Support - Universal,VMRS_HB_COMPLETE_v20 page 6_pages_26-50.md
016-014-000,,016,014,Liftable Air Suspension,VMRS_HB_COMPLETE_v20 page 6_pages_26-50.md
151-001-152,,151,001,Lifter - APU,VMRS_HB_COMPLETE_v20 page 6_pages_26-50.md
002-006-128,,002,006,Lifter - Sunroof,VMRS_HB_COMPLETE_v20 page 6_pages_26-50.md
045-008-027,,045,008,Lifter - Valve,VMRS_HB_COMPLETE_v20 page 6_pages_26-50.md
055-001-017,,055,001,,VMRS_HB_COMPLETE_v20 page 6_pages_26-50.md
002-061-000,,002,061,Liftgate - Auto or Van,VMRS_HB_COMPLETE_v20 page 6_pages_26-50.md
055-001-087,,055,001,Liftgate Assembly - Complete,VMRS_HB_COMPLETE_v20 page 6_pages_26-50.md
055-029-000,,055,029,Liftgate Battery Charging System,VMRS_HB_COMPLETE_v20 page 6_pages_26-50.md
055-029-001,,055,029,Liftgate Battery Charging System Assembly,VMRS_HB_COMPLETE_v20 page 6_pages_26-50.md
068-000-000,,068,000,Lifting / Unloading,VMRS_HB_COMPLETE_v20 page 6_pages_26-50.md
014-015-000,,014,015,Lifting Devices,VMRS_HB_COMPLETE_v20 page 6_pages_26-50.md
055-023-011,,055,023,Lifting Frame - Curb Side Platform,VMRS_HB_COMPLETE_v20 page 6_pages_26-50.md
163-005-002,,163,005,"Light - Amber LED, Control Panel, Brush Chipper",VMRS_HB_COMPLETE_v20 page 6_pages_26-50.md
364-005-004,,364,005,Light - Control Box,VMRS_HB_COMPLETE_v20 page 6_pages_26-50.md
078-026-028,,078,026,Light - Deployment Indicator,VMRS_HB_COMPLETE_v20 page 6_pages_26-50.md
365-001-011,,365,001,Light - Fire Suppression,VMRS_HB_COMPLETE_v20 page 6_pages_26-50.md
044-012-044,,044,012,"Light - Green, Leak Detection, Fuel, Gaseous",VMRS_HB_COMPLETE_v20 page 6_pages_26-50.md
168-005-005,,168,005,"Light - Indicator, Mower",VMRS_HB_COMPLETE_v20 page 6_pages_26-50.md
002-010-109,,002,010,Light - Mirror Head,VMRS_HB_COMPLETE_v20 page 6_pages_26-50.md
365-001-013,,365,001,Light - Paint Heater,VMRS_HB_COMPLETE_v20 page 6_pages_26-50.md
044-012-045,,044,012,Light - Red Leak Detection Fuel Gaseous,VMRS_HB_COMPLETE_v20 page 6_pages_26-50.md
082-026-001,,082,026,Light - Remote Status,VMRS_HB_COMPLETE_v20 page 6_pages_26-50.md
013-011-172,,013,011,Light - Traction Control,VMRS_HB_COMPLETE_v20 page 6_pages_26-50.md
056-001-167,,056,001,"Light - Warning, PTO",VMRS_HB_COMPLETE_v20 page 6_pages_26-50.md
461-001-031,,461,001,"Light - Work, Arrow Board",VMRS_HB_COMPLETE_v20 page 6_pages_26-50.md
003-001-210,,003,001,Light Bar - Instrument Panel,VMRS_HB_COMPLETE_v20 page 6_pages_26-50.md
034-004-149,,034,004,Light Bar - Marker Lamp,VMRS_HB_COMPLETE_v20 page 6_pages_26-50.md
002-008-068,,002,008,Light Source - Wiring Dash,VMRS_HB_COMPLETE_v20 page 6_pages_26-50.md
053-006-128,,053,006,Lighter - Spark Torch,VMRS_HB_COMPLETE_v20 page 6_pages_26-50.md
034-000-000,,034,000,Lighting System,VMRS_HB_COMPLETE_v20 page 6_pages_26-50.md
027-024-014,,027,024,Limit Valve - Modulator,VMRS_HB_COMPLETE_v20 page 6_pages_26-50.md
016-015-046,,016,015,Limiter - Cab Mount,VMRS_HB_COMPLETE_v20 page 6_pages_26-50.md
174-013-042,,174,013,Limiter - Rear Emergency Door,VMRS_HB_COMPLETE_v20 page 6_pages_26-50.md
042-010-019,,042,010,Limiter - Temperature,VMRS_HB_COMPLETE_v20 page 6_pages_26-50.md
013-010-010,,013,010,Limiter Valve - Air,VMRS_HB_COMPLETE_v20 page 6_pages_26-50.md
065-007-088,,065,007,Lincipin,VMRS_HB_COMPLETE_v20 page 6_pages_26-50.md
016-015-011,,016,015,Line - Air,VMRS_HB_COMPLETE_v20 page 6_pages_26-50.md
174-011-025,,174,011,Line - Air - Outward Opening Entrance Door,VMRS_HB_COMPLETE_v20 page 6_pages_26-50.md
016-008-014,,016,008,Line - Air (All),VMRS_HB_COMPLETE_v20 page 6_pages_26-50.md
013-007-020,,013,007,Line - Air (Metallic),VMRS_HB_COMPLETE_v20 page 6_pages_26-50.md
013-007-019,,013,007,Line - Air (Non-Metallic),VMRS_HB_COMPLETE_v20 page 6_pages_26-50.md
013-007-024,,013,007,Line - All Colled,VMRS_HB_COMPLETE_v20 page 6_pages_26-50.md
094-004-024,,094,004,"Line - All EliminatorLine - Air Intake, Compressor",VMRS_HB_COMPLETE_v20 page 6_pages_26-50.md
022-005-022,,022,005,Line - Air Or Vacuum Shift,VMRS_HB_COMPLETE_v20 page 6_pages_26-50.md
043-006-047,,043,006,"Line - Air Purge, Doser",VMRS_HB_COMPLETE_v20 page 6_pages_26-50.md
094-008-000,,094,008,Line - Air Supply,VMRS_HB_COMPLETE_v20 page 6_pages_26-50.md
045-018-039,,045,018,"Line - Air Supply, Constant Throttle Valve (CTV)",VMRS_HB_COMPLETE_v20 page 6_pages_26-50.md
026-011-061,,026,011,"Line - Air Supply, Manual Transmission | 001-001-407 | Line - High Side, Orifice Tube to Condenser w/",VMRS_HB_COMPLETE_v20 page 6_pages_26-50.md
043-006-076,,043,006,"Line - Air Supply, Pump, Diesel Particulate Filter | | Junction Block",VMRS_HB_COMPLETE_v20 page 6_pages_26-50.md
016-022-018,,016,022,"Line - Air, Active Suspension | 002-036-004 | Line - Hydraulic",VMRS_HB_COMPLETE_v20 page 6_pages_26-50.md
043-004-137,,043,004,"Line - Air, Compressed, Turbocompound | 023-004-010 | Line - Hydraulic, Automated Clutch",VMRS_HB_COMPLETE_v20 page 6_pages_26-50.md
013-010-502,,013,010,"Line - Air, Compressor to Air Governor | 023-001-030 | Line - Hydraulic, Clutch Master Cylinder",VMRS_HB_COMPLETE_v20 page 6_pages_26-50.md
026-016-012,,026,016,"Line - Air, Countersnatt Brake | 002-060-022 | Line - Hydraulic, Convertible Top",VMRS_HB_COMPLETE_v20 page 6_pages_26-50.md
013-009-023,,013,009,"Line - Air, Discharge | 013-002-021 | Interconnecting",VMRS_HB_COMPLETE_v20 page 6_pages_26-50.md
016-018-058,,016,018,"Line - Air, Slider Air Ride Suspension | 013-014-021 | Line - Hydraulic Tag/Pusher Brake Cylinder",VMRS_HB_COMPLETE_v20 page 6_pages_26-50.md
013-009-088,,013,009,Line - Alcohol Evaporator | | Interconnecting,VMRS_HB_COMPLETE_v20 page 6_pages_26-50.md
097-001-037,,097,001,Line - Balance | 044-003-308 | Line - Injection Cylinder #1,VMRS_HB_COMPLETE_v20 page 6_pages_26-50.md
094-009-000,,094,009,Line - Blowdown | 044-003-309 | Line - Injection Cylinder #2,VMRS_HB_COMPLETE_v20 page 6_pages_26-50.md
013-001-127,,013,001,"Line - Brake Caliper, Connecting | 044-003-019 | Line - Injection, Fuel Nozzle",VMRS_HB_COMPLETE_v20 page 6_pages_26-50.md
045-015-009,,045,015,Line - Brake Saver | 044-003-244 | Line - Injector,VMRS_HB_COMPLETE_v20 page 6_pages_26-50.md
013-017-011,,013,017,"Line - Brake, Steel, Position Not Specified | 001-001-296 | Line - Junction Block to Compressor",VMRS_HB_COMPLETE_v20 page 6_pages_26-50.md
369-005-006,,369,005,Line - Duik Plotuci Hansier | 001-001-405 | Line - Lube Oil,VMRS_HB_COMPLETE_v20 page 6_pages_26-50.md
013-010-283,,013,010,Line - Coiled Air | 001-001-396 | Line - Manifold Air Conditioning,VMRS_HB_COMPLETE_v20 page 6_pages_26-50.md
013-010-490,,013,010,"Line - Coiled, Air (Rubber) | 001-001-145 | Line - Oil Bleed, Evaporator To Suction Throttling",VMRS_HB_COMPLETE_v20 page 6_pages_26-50.md
094-006-017,,094,006,Line - Compressed Air Reel Drive | | Valve,VMRS_HB_COMPLETE_v20 page 6_pages_26-50.md
043-004-177,,043,004,Line - Compressed Air to Boost Pressure Control | 045-012-011 | Line - Oil Cooler,VMRS_HB_COMPLETE_v20 page 6_pages_26-50.md
043-007-100,,043,007,"Line - Compressed Air, Air Control to Pump | 042-002-120 | Line - Oil Cooler, Transmission",VMRS_HB_COMPLETE_v20 page 6_pages_26-50.md
043-007-098,,043,007,"Line - Compressed Air, Air Control Unit to | 045-009-065 | Line - Oil Intake Manifold to Oil Pump",VMRS_HB_COMPLETE_v20 page 6_pages_26-50.md
003-001-002,,003,001,"0.40,007,000 | Metering Device | | Line - Oil Pressure Gauge",VMRS_HB_COMPLETE_v20 page 6_pages_26-50.md
043-007-096,,043,007,"Line - Compressed Air, Air Supply to Air Control | 043-004-159 | Line - Oli Pressure, Transmission,",VMRS_HB_COMPLETE_v20 page 6_pages_26-50.md
001-001-257,,001,001,Line - Compressor/Accumulator | 082-002-087 | Line - Oil Supply Compressor to Filter,VMRS_HB_COMPLETE_v20 page 6_pages_26-50.md
001-001-157,,001,001,"Line - Condenser To Receiver/Dehydrator | 045-018-041 | Line - Oil Supply, Constant Throttle Valve (CTV)",VMRS_HB_COMPLETE_v20 page 6_pages_26-50.md
041-004-046,,041,004,"Line - Coolant Bypass, Charge Air Cooler | 044-014-051 | Line - Oil Supply, Diesel Injection Pump",VMRS_HB_COMPLETE_v20 page 6_pages_26-50.md
043-006-124,,043,006,"Line - Coolant Return, Doser | 013-008-056 | Line - Oil, Brake Vacuum Pump",VMRS_HB_COMPLETE_v20 page 6_pages_26-50.md
043-006-078,,043,006,"Line - Coolant, Doser | 013-007-023 | Line - Pre-Assembled W/Fittings",VMRS_HB_COMPLETE_v20 page 6_pages_26-50.md
043-007-143,,043,007,"Line - Coolant, Engine, Return | 013-010-282 | Line - Pre-Assembled W/Fittings, Air",VMRS_HB_COMPLETE_v20 page 6_pages_26-50.md
043-007-142,,043,007,"Line - Coolant, Engine, Supply | 171-009-009 | Line - Pressure, Chute Valve, Concrete Mixer",VMRS_HB_COMPLETE_v20 page 6_pages_26-50.md
043-007-150,,043,007,"Line - Coolant, Jumper, DEF Tank | 021-001-049 | Line - Pressurized, Vent, Driven Front Steer Axle",VMRS_HB_COMPLETE_v20 page 6_pages_26-50.md
045-012-043,,045,012,"Line - Coolani, Oli Cooler | 094-002-000 | Line - Product Loading",VMRS_HB_COMPLETE_v20 page 6_pages_26-50.md
043-004-087,,043,004,Line - Cooling Turbocharger | 094-005-000 | (See 095-001 For Manifold),VMRS_HB_COMPLETE_v20 page 6_pages_26-50.md
082-031-049,,082,031,Line - Curbside Condenser Out to Boadside | 082-009-003 | Line - Receiver To Drier,VMRS_HB_COMPLETE_v20 page 6_pages_26-50.md
082-031-002,,082,031,Condenser In | | Line - Receiver To Drier,VMRS_HB_COMPLETE_v20 page 6_pages_26-50.md
043-007-221,,043,007,Line - Diesel Exhaust Fluid (DEF) | 001-001-138 | Line - Receiver/Dehydrator To Expansion Valve,VMRS_HB_COMPLETE_v20 page 6_pages_26-50.md
082-009-021,,082,009,"Line - Drier to Expansion Valve | 171-009-008 | Line - Return, Chute Valve, Concrete Mixer",VMRS_HB_COMPLETE_v20 page 6_pages_26-50.md
082-010-003,,082,010,"Line - Drier To Expansion Valve | 043-007-238 | Line - Return, Injector, DEF Coolant",VMRS_HB_COMPLETE_v20 page 6_pages_26-50.md
082-031-046,,082,031,"Line - Drier to Expansion Valve | 197-002-005 | Line - Rubber, Hydraulic",VMRS_HB_COMPLETE_v20 page 6_pages_26-50.md
001-001-142,,001,001,"Line - Equalizer Expansion valve to Suction | 197-002-004 | Line - Steel, Hydraulic",VMRS_HB_COMPLETE_v20 page 6_pages_26-50.md
094-012-000,,094,012,0/1-005-021 | Line - Ether Supply | | Line - Siorage,VMRS_HB_COMPLETE_v20 page 6_pages_26-50.md
001-001-301,,001,001,"Line - Expansion Valve to Compressor | 043-007-237 | Line - Supply, DET Tank to Fump",VMRS_HB_COMPLETE_v20 page 6_pages_26-50.md
082-001-041,,082,001,"Line - Expansion Valve To Evaporator | 094-004-000 | Line - Unloading, Product (See 095-001 For",VMRS_HB_COMPLETE_v20 page 6_pages_26-50.md
082-031-001,,082,031,Line - Expansion Valve To Evaporator | | Manifold),VMRS_HB_COMPLETE_v20 page 6_pages_26-50.md
001-001-218,,001,001,"Line - Expansion Valve To Evaporator, HVAC | 043-007-177 | Line - Urea, Doser",VMRS_HB_COMPLETE_v20 page 6_pages_26-50.md
013-008-007,,013,008,System | | Line - Vacuum,VMRS_HB_COMPLETE_v20 page 6_pages_26-50.md
044-001-011,,044,001,"Line - Fuel | 027-026-007 | Line - Vacuum Modulator, Automatic",VMRS_HB_COMPLETE_v20 page 6_pages_26-50.md
081-005-008,,081,005,"Line - Fuel (Pigtali), Burner | 006 011 044 | Iransmission",VMRS_HB_COMPLETE_v20 page 6_pages_26-50.md
044-003-010,,044,003,"Line - Fuel Pump Rall | 020-011-044 | Line - Vacuum Modulator, Manual Transmission",VMRS_HB_COMPLETE_v20 page 6_pages_26-50.md
044-012-031,,044,012,"Line - Fuel Return | 082-011-011 | Line - Vibrasorber, Discharge",VMRS_HB_COMPLETE_v20 page 6_pages_26-50.md
044-002-082,,044,002,"Line - Fuel Separator | 082-031-009 | Line - Vibrasorber, Discharge",VMRS_HB_COMPLETE_v20 page 6_pages_26-50.md
043-006-112,,043,006,"Line - Fuel, Aftertreatment Device | 082-011-012 | Line - Vibrasorber, Suction",VMRS_HB_COMPLETE_v20 page 6_pages_26-50.md
001-003-007,,001,003,"Line - Fuel, Auxiliary Heater | 082-031-010 | Line - Vibrasorber, Suction",VMRS_HB_COMPLETE_v20 page 6_pages_26-50.md
081-005-040,,081,005,"Line - Fuel, Cargo Heating Unit | 152-002-006 | Line - Water Supply, Sink",VMRS_HB_COMPLETE_v20 page 6_pages_26-50.md
081-006-003,,081,006,"Line - Fuel, Control To Burner | 152-001-012 | Line - Water Supply, Toilet",VMRS_HB_COMPLETE_v20 page 6_pages_26-50.md
043-007-193,,043,007,"Line - Fuel, DEF | 055-010-117 | Line Assemblies - Hydraulic System",VMRS_HB_COMPLETE_v20 page 6_pages_26-50.md
043-006-079,,043,006,"Line - Fuel, Doser | 065-008-001 | Line Assembly",VMRS_HB_COMPLETE_v20 page 6_pages_26-50.md
009-032-022,,009,032,"044-012-03/ | Line - Fuel, Flexible, Gaseous | | Line Assembly - Actuator To Reservoir, HydraulicSystem",VMRS_HB_COMPLETE_v20 page 6_pages_26-50.md
044-003-278,,044,003,Line - Fuel Low Pressure | 055-010-121 | Line Assembly - Actuator to Reservoir Hydraulic,VMRS_HB_COMPLETE_v20 page 6_pages_26-50.md
082-039-003,,082,039,"Line - Fuel, Reefer | EI | System, Lift Truck",VMRS_HB_COMPLETE_v20 page 6_pages_26-50.md
082-031-047,,082,031,"Line - Fuel, Transfer Pump | 059-032-021 | Line Assembly - Actuator To Valve, Hydraulic",VMRS_HB_COMPLETE_v20 page 6_pages_26-50.md
044-006-007,,044,006,"Line - Governor, Oil | | System",VMRS_HB_COMPLETE_v20 page 6_pages_26-50.md
043-001-085,,043,001,"Line - Heat Exchanger | 055-010-120 | Line Assembly - Actuator to Valve, Hydraulic",VMRS_HB_COMPLETE_v20 page 6_pages_26-50.md
001-001-295,,001,001,"Line - High Pressure, Bunk | | System, Lift Truck",VMRS_HB_COMPLETE_v20 page 6_pages_26-50.md
059-032-023,,059,032,"Line Assembly - Filter To Reservoir, HydraulicSystem | 045-008-0073-001-0",VMRS_HB_COMPLETE_v20 page 6_pages_26-50.md
055-010-122,,055,010,"Line Assembly - Filter to Reservoir, HydraulicSystem, Lift Truck | 002-048-1002-050-0",VMRS_HB_COMPLETE_v20 page 6_pages_26-50.md
059-032-000,,059,032,Line Assembly - Hydraulic System | 016-005-0,VMRS_HB_COMPLETE_v20 page 6_pages_26-50.md
059-032-024,,059,032,"Line Assembly - Pilot Operated Actuator, | 071-004-0",VMRS_HB_COMPLETE_v20 page 6_pages_26-50.md
055-010-102,,055,010,Hydraulic System | 073-001-0,VMRS_HB_COMPLETE_v20 page 6_pages_26-50.md
055-010-123,,055,010,"Line Assembly - Pilot Operated Actuator,Hydraulic System Lift Truck | 071-011-0",VMRS_HB_COMPLETE_v20 page 6_pages_26-50.md
015-005-099,,015,005,Line Assembly - Pressure and Return | 174-029-0,VMRS_HB_COMPLETE_v20 page 6_pages_26-50.md
059-032-025,,059,032,"Line Assembly - Pump Case Drain, Hydraulic | 002-050-6",VMRS_HB_COMPLETE_v20 page 6_pages_26-50.md
,002-008,002,008,System | -0,VMRS_HB_COMPLETE_v20 page 6_pages_26-50.md
055-010-124,,055,010,"Line Assembly - Pump Case Drain, Hydraulic | 053-014-0",VMRS_HB_COMPLETE_v20 page 6_pages_26-50.md
,016-005,016,005,"System, Lift Truck | -1",VMRS_HB_COMPLETE_v20 page 6_pages_26-50.md
055-010-118,,055,010,Line Assembly - Pump Reservoir | 002-004-1,VMRS_HB_COMPLETE_v20 page 6_pages_26-50.md
059-032-002,,059,032,"Line Assembly - Pump To Valve, Hydraulic | 002-002-0",VMRS_HB_COMPLETE_v20 page 6_pages_26-50.md
055-010-119,,055,010,"Line Assembly - Pump to Valve, Hydraulic | 017-006-0",VMRS_HB_COMPLETE_v20 page 6_pages_26-50.md
,098-013,098,013,"System, Lift Truck | -0",VMRS_HB_COMPLETE_v20 page 6_pages_26-50.md
059-032-026,,059,032,"Line Assembly - Relief Valve Return, Hydraulic | 001-003-0",VMRS_HB_COMPLETE_v20 page 6_pages_26-50.md
,094-001,094,001,System | -0,VMRS_HB_COMPLETE_v20 page 6_pages_26-50.md
055-010-125,,055,010,"Line Assembly - Relief Valve Return, HydraulicSystem, Lift Truck | 044-016-0",VMRS_HB_COMPLETE_v20 page 6_pages_26-50.md
059-032-001,,059,032,Line Assembly - Reservoir To Pump | 098-012-0,VMRS_HB_COMPLETE_v20 page 6_pages_26-50.md
059-032-020,,059,032,"Line Assembly - Valve To Actuator, Hydraulic | 199-005-0",VMRS_HB_COMPLETE_v20 page 6_pages_26-50.md
055-040-400,,055,040,System | 043-004-0,VMRS_HB_COMPLETE_v20 page 6_pages_26-50.md
055-010-180,,055,010,"Line Assembly - Valve to Actuator, Hydraulic | 001-003-0",VMRS_HB_COMPLETE_v20 page 6_pages_26-50.md
068-001-122,,068,001,Line Block | 001-003-0,VMRS_HB_COMPLETE_v20 page 6_pages_26-50.md
003-001-148,,003,001,Line Air - Air Cleaner Restriction Gauge | 083-011-0,VMRS_HB_COMPLETE_v20 page 6_pages_26-50.md
013-010-388,,013,010,"Line, Air - Air Management Unit | 027-001-0",VMRS_HB_COMPLETE_v20 page 6_pages_26-50.md
003-001-147,,003,001,"Line, Air - Air Pressure Gauge",VMRS_HB_COMPLETE_v20 page 6_pages_26-50.md
032-004-060,,032,004,"Line, Air - Air Starter | 361-011-0",VMRS_HB_COMPLETE_v20 page 6_pages_26-50.md
043-005-053,,043,005,"Line, Air - Exhaust Brake | 094-000-0",VMRS_HB_COMPLETE_v20 page 6_pages_26-50.md
042-003-005,,042,003,"Line, Air - Fan Hub | 004-013-0",VMRS_HB_COMPLETE_v20 page 6_pages_26-50.md
001-002-102,,001,002,"Line, Air - Fresh Air Door Actuator | 002-006-0",VMRS_HB_COMPLETE_v20 page 6_pages_26-50.md
044-003-220,,044,003,"Line, Air - Governor | 013-001-0",VMRS_HB_COMPLETE_v20 page 6_pages_26-50.md
022-004-108,,022,004,"Line, Air - Inter-Axle Differential | 042-003-1",VMRS_HB_COMPLETE_v20 page 6_pages_26-50.md
051-013-004,,051,013,"Line, Air - On Board Air Pump | 071-008-0",VMRS_HB_COMPLETE_v20 page 6_pages_26-50.md
013-003-048,,013,003,"Line, Air - Parking Brake (Metallic) | 071-008-0",VMRS_HB_COMPLETE_v20 page 6_pages_26-50.md
042-001-008,,042,001,"Line, Air - Shutter Control | 071-008-0",VMRS_HB_COMPLETE_v20 page 6_pages_26-50.md
013-010-379,,013,010,"Line, Air - Tractor Protection Control Valve | 071-008-0",VMRS_HB_COMPLETE_v20 page 6_pages_26-50.md
001-001-303,,001,001,"Line, Air - Vacuum Control Valve | 071-008-0",VMRS_HB_COMPLETE_v20 page 6_pages_26-50.md
001-001-310,,001,001,"Line, Copper - Condenser, Inlet/Outlet | 045-008-2",VMRS_HB_COMPLETE_v20 page 6_pages_26-50.md
173-001-013,,173,001,"Line, Hydraulic - Dump Body Tailgate | 071-009-0",VMRS_HB_COMPLETE_v20 page 6_pages_26-50.md
013-001-021,,013,001,"Line, Hydraulic - Front Brake Cylinder | 071-009-0",VMRS_HB_COMPLETE_v20 page 6_pages_26-50.md
174-000-046,,174,000,Interconnecting | 071-009-0,VMRS_HB_COMPLETE_v20 page 6_pages_26-50.md
174-020-040,,174,020,Accumulator | 071-009-0,VMRS_HB_COMPLETE_v20 page 6_pages_26-50.md
003-001-099,,003,001,Line/Hose - Oil Gauge | 071-009-0,VMRS_HB_COMPLETE_v20 page 6_pages_26-50.md
043-001-075,,043,001,Line/Tube - EGR Cooler | 013-003-0,VMRS_HB_COMPLETE_v20 page 6_pages_26-50.md
002-050-128,,002,050,Liner - Bag Compartment | 013-003-0,VMRS_HB_COMPLETE_v20 page 6_pages_26-50.md
065-030-003,,065,030,"Liner - Bearing, Rotator | 071-007-0",VMRS_HB_COMPLETE_v20 page 6_pages_26-50.md
097-002-015,,097,002,"Liner - Body, Pump | 071-007-0",VMRS_HB_COMPLETE_v20 page 6_pages_26-50.md
015-002-009,,015,002,Liner - Bushing Steering Column | 071-007-0,VMRS_HB_COMPLETE_v20 page 6_pages_26-50.md
002-050-598,,002,050,"Liner - Console, Rear Mid-Roof | 071-007-0",VMRS_HB_COMPLETE_v20 page 6_pages_26-50.md
045-002-004,,045,002,Liner - Cylinder | 071-007-0,VMRS_HB_COMPLETE_v20 page 6_pages_26-50.md
002-050-437,,002,050,"Liner - Door, Inner | 071-027-0",VMRS_HB_COMPLETE_v20 page 6_pages_26-50.md
073-001-004,,073,001,Liner - Epoxy Coated | 071-027-0,VMRS_HB_COMPLETE_v20 page 6_pages_26-50.md
002-002-020,,002,002,"Liner - Fender, Stone | 013-002-0",VMRS_HB_COMPLETE_v20 page 6_pages_26-50.md
013-001-002,,013,001,Liner - Fiberglass Gel CoatLiner - Frame Bail | 071-014-0,VMRS_HB_COMPLETE_v20 page 6_pages_26-50.md
016-002-023,,016,002,Liner - Front Springs | 071-014-0,VMRS_HB_COMPLETE_v20 page 6_pages_26-50.md
369-006-001,,369,006,"Liner - Hopper, Frame Side, External Protection | 071-014-0",VMRS_HB_COMPLETE_v20 page 6_pages_26-50.md
045-008-075,,045,008,Liner - Injector | 071-014-0,VMRS_HB_COMPLETE_v20 page 6_pages_26-50.md
462-009-009,,462,009,"Liner - Insulating, Platform | 071-014-0",VMRS_HB_COMPLETE_v20 page 6_pages_26-50.md
154-001-003,,154,001,"Liner - Mask, CPAP | 071-014-0",VMRS_HB_COMPLETE_v20 page 6_pages_26-50.md
002-048-168,,002,048,"Liner - Overhead Console, Roof | 071-003-0",VMRS_HB_COMPLETE_v20 page 6_pages_26-50.md
045-008-076,,045,008,"Liner - Plug, Rocker Shaft",VMRS_HB_COMPLETE_v20 page 6_pages_26-50.md
073-001-003,,073,001,Liner - Polyvinylidene Fluoride (PVDF),VMRS_HB_COMPLETE_v20 page 6_pages_26-50.md
002-048-123,,002,048,Liner - Rear,VMRS_HB_COMPLETE_v20 page 6_pages_26-50.md
002-050-006,,002,050,Liner - Bear Corner,VMRS_HB_COMPLETE_v20 page 6_pages_26-50.md
002-000-000,,002,000,Liner - Bear Spring,VMRS_HB_COMPLETE_v20 page 6_pages_26-50.md
071-004-020,,071,004,Liner - Boof,VMRS_HB_COMPLETE_v20 page 6_pages_26-50.md
072-001-001,,072,001,Liner Dubbar,VMRS_HB_COMPLETE_v20 page 6_pages_26-50.md
073-001-001,,073,001,,VMRS_HB_COMPLETE_v20 page 6_pages_26-50.md
,011-001,011,001,J71- | Liner - Scull,VMRS_HB_COMPLETE_v20 page 6_pages_26-50.md
,011-002,011,002,"J71- | Liner - Scull, Synthetic",VMRS_HB_COMPLETE_v20 page 6_pages_26-50.md
174-029-016,,174,029,"Liner - Sheif, Bus Davenport",VMRS_HB_COMPLETE_v20 page 6_pages_26-50.md
002-050-644,,002,050,"Liner - Shelf, Storage Cabinet",VMRS_HB_COMPLETE_v20 page 6_pages_26-50.md
002-008-080,,002,008,"Liner - Storage, Dash",VMRS_HB_COMPLETE_v20 page 6_pages_26-50.md
053-014-047,,053,014,Liner - Toolbox,VMRS_HB_COMPLETE_v20 page 6_pages_26-50.md
016-005-175,,016,005,"Liner - Torque Rod, Rear Suspension",VMRS_HB_COMPLETE_v20 page 6_pages_26-50.md
002-004-199,,002,004,Liner - Torsion Bar,VMRS_HB_COMPLETE_v20 page 6_pages_26-50.md
002-002-007,,002,002,Liner - Wheel Opening,VMRS_HB_COMPLETE_v20 page 6_pages_26-50.md
017-006-000,,017,006,Liner (Flap) - Pneumatic Tire,VMRS_HB_COMPLETE_v20 page 6_pages_26-50.md
017-006-001,,017,006,Liner (Flap) Assembly - Pneumatic Tire,VMRS_HB_COMPLETE_v20 page 6_pages_26-50.md
098-013-019,,098,013,Lines - Air Control System,VMRS_HB_COMPLETE_v20 page 6_pages_26-50.md
001-003-094,,001,003,"Lines - Coolant, Storage Cooler, Self-Powered",VMRS_HB_COMPLETE_v20 page 6_pages_26-50.md
094-001-000,,094,001,Lines - Crossover,VMRS_HB_COMPLETE_v20 page 6_pages_26-50.md
044-016-008,,044,016,Lines - Fuel. Evaporative Emission Control,VMRS_HB_COMPLETE_v20 page 6_pages_26-50.md
098-012-014,,098,012,Lines - Hydraulic Control System,VMRS_HB_COMPLETE_v20 page 6_pages_26-50.md
199-005-010,,199,005,Lines - Lube Trommel,VMRS_HB_COMPLETE_v20 page 6_pages_26-50.md
143-004-092,,143,004,Lines - Oil Feed Turbo,VMRS_HB_COMPLETE_v20 page 6_pages_26-50.md
,003-088,003,088,01- | Lines - Refrigerant - A/C. Self-Powered,VMRS_HB_COMPLETE_v20 page 6_pages_26-50.md
001-003-093,,001,003,Doworod,VMRS_HB_COMPLETE_v20 page 6_pages_26-50.md
002-011-000,,002,011,,VMRS_HB_COMPLETE_v20 page 6_pages_26-50.md
003-011-000,,003,011,Lines (All),VMRS_HB_COMPLETE_v20 page 6_pages_26-50.md
,001-020,001,020,"JZ7- | Lines & Hoses - Case Assembly, Automatic",VMRS_HB_COMPLETE_v20 page 6_pages_26-50.md
001-011-000,,001,011,Lines and Linese,VMRS_HB_COMPLETE_v20 page 6_pages_26-50.md
361-011-000,,361,011,Lines and Hoses,VMRS_HB_COMPLETE_v20 page 6_pages_26-50.md
094-013-000,,094,013,"Lines, Tubes, Hoses and Fittings - Unspecified",VMRS_HB_COMPLETE_v20 page 6_pages_26-50.md
002-006-028,,002,006,Lining - Air Intake Opening,VMRS_HB_COMPLETE_v20 page 6_pages_26-50.md
013-001-015,,013,001,Lining - Brake Front,VMRS_HB_COMPLETE_v20 page 6_pages_26-50.md
042-003-104,,042,003,"Lining - Clutch, Fan Drive",VMRS_HB_COMPLETE_v20 page 6_pages_26-50.md
071-008-000,,071,008,Lining - Flat Fiberglass,VMRS_HB_COMPLETE_v20 page 6_pages_26-50.md
071-008-005,,071,008,"Lining - Flat Fiberglass, Door",VMRS_HB_COMPLETE_v20 page 6_pages_26-50.md
071-008-003,,071,008,"Lining - Flat Fiberglass, Front Wall",VMRS_HB_COMPLETE_v20 page 6_pages_26-50.md
071-008-004,,071,008,"Lining - Flat Fiberglass, Rear Wall",VMRS_HB_COMPLETE_v20 page 6_pages_26-50.md
071-008-001,,071,008,"Lining - Flat Fiberglass, Roof",VMRS_HB_COMPLETE_v20 page 6_pages_26-50.md
071-008-002,,071,008,"Lining - Flat Fiberglass, Side Wall",VMRS_HB_COMPLETE_v20 page 6_pages_26-50.md
045-008-262,,045,008,"Lining - Guide, Timing Chain",VMRS_HB_COMPLETE_v20 page 6_pages_26-50.md
071-009-000,,071,009,Lining - Molded Fiberglass,VMRS_HB_COMPLETE_v20 page 6_pages_26-50.md
071-009-005,,071,009,"Lining - Molded Fiberglass, Door",VMRS_HB_COMPLETE_v20 page 6_pages_26-50.md
071-009-003,,071,009,"Lining - Molded Fiberglass, Front Wall",VMRS_HB_COMPLETE_v20 page 6_pages_26-50.md
071-009-004,,071,009,"Lining - Molded Fiberglass, Rear Wall",VMRS_HB_COMPLETE_v20 page 6_pages_26-50.md
071-009-001,,071,009,Lining - Molded Fiberglass Roof,VMRS_HB_COMPLETE_v20 page 6_pages_26-50.md
071-009-002,,071,009,Lining - Molded Fiberglass Side Wall,VMRS_HB_COMPLETE_v20 page 6_pages_26-50.md
013-003-025,,013,003,Lining - Parking Brake,VMRS_HB_COMPLETE_v20 page 6_pages_26-50.md
013-003-066,,013,003,Lining - Parking Brake Drive Shaft,VMRS_HB_COMPLETE_v20 page 6_pages_26-50.md
071-007-000,,071,007,Lining - Plywood,VMRS_HB_COMPLETE_v20 page 6_pages_26-50.md
071-007-005,,071,007,Lining - Plywood Door,VMRS_HB_COMPLETE_v20 page 6_pages_26-50.md
071-007-003,,071,007,"Lining - Flywood, Floht Wall",VMRS_HB_COMPLETE_v20 page 6_pages_26-50.md
,007-004,007,004,"J71- | Lining - Plywood, Real Wall",VMRS_HB_COMPLETE_v20 page 6_pages_26-50.md
,007-001,007,001,"J71- | Lining - Plywood, Rool",VMRS_HB_COMPLETE_v20 page 6_pages_26-50.md
071-007-002,,071,007,"Lining - Plywood, Side Wall",VMRS_HB_COMPLETE_v20 page 6_pages_26-50.md
013-002-014,,013,002,Lining - Rear Brake,VMRS_HB_COMPLETE_v20 page 6_pages_26-50.md
,014-000,014,000,J/1- | Lining - Seal Coated Plywood,VMRS_HB_COMPLETE_v20 page 6_pages_26-50.md
071-014-005,,071,014,"Lining - Seal Coated Plywood, Door",VMRS_HB_COMPLETE_v20 page 6_pages_26-50.md
071-014-003,,071,014,"Lining - Seal Coated Plywood, Front Wall",VMRS_HB_COMPLETE_v20 page 6_pages_26-50.md
071-014-004,,071,014,"Lining - Seal Coated Plywood, Rear Wall",VMRS_HB_COMPLETE_v20 page 6_pages_26-50.md
071-014-001,,071,014,"Lining - Seal Coated Plywood, Roof",VMRS_HB_COMPLETE_v20 page 6_pages_26-50.md
071-014-002,,071,014,"Lining - Seal Coated Plywood, Side Wall",VMRS_HB_COMPLETE_v20 page 6_pages_26-50.md
071-003-060,,071,003,Lining - Synthetic,VMRS_HB_COMPLETE_v20 page 6_pages_26-50.md
071-031-000,,071,031,"Lining - Synthetic, Side Wall, Interior | 055-017-006 | Link Bracket Assembly",VMRS_HB_COMPLETE_v20 page 6_pages_26-50.md
071-031-001,,071,031,"Lining - Synthetic, Side Wall, Interior, Complete | 059-004-025 | Link End - Center Link, Drawbar",VMRS_HB_COMPLETE_v20 page 6_pages_26-50.md
013-014-015,,013,014,Lining - Tag/Pusher Axle Brakes | 016-004-023 | Link Kit - Stabilizer Bar,VMRS_HB_COMPLETE_v20 page 6_pages_26-50.md
071-003-058,,071,003,Lining - Welded | 016-007-018 | Link Kit - Stabilizer Bar,VMRS_HB_COMPLETE_v20 page 6_pages_26-50.md
013-003-027,,013,003,"Lining Assembly - Disc Parking Brake | 061-007-025 | Linkage - Actuator, Scrub Brush",VMRS_HB_COMPLETE_v20 page 6_pages_26-50.md
002-036-041,,002,036,Link | 002-027-259 | Linkage - Adjusting Arm,VMRS_HB_COMPLETE_v20 page 6_pages_26-50.md
013-003-019,,013,003,"Link - Adjusting, Parking Brake Cable | 061-008-014 | Linkage - Adjustment, Broom",VMRS_HB_COMPLETE_v20 page 6_pages_26-50.md
031-001-072,,031,001,"Link - Adjustment, Alternator | 015-010-001 | Linkage - All Steel",VMRS_HB_COMPLETE_v20 page 6_pages_26-50.md
023-001-164,,023,001,Link - Am Lower | 013-005-003 | Linkage - Riake Pedal,VMRS_HB_COMPLETE_v20 page 6_pages_26-50.md
023-001-067,,023,001,"Link - Arm, Upper | 067-001-015 | Linkage - Bucket",VMRS_HB_COMPLETE_v20 page 6_pages_26-50.md
001-001-448,,001,001,"Link - Blend Door, HVAC | 002-036-022 | Linkage - Cab Latch",VMRS_HB_COMPLETE_v20 page 6_pages_26-50.md
462-004-003,,462,004,"Link - Boom Drive, Upper Boom | 014-004-034 | Linkage - Cab Leveling Valve",VMRS_HB_COMPLETE_v20 page 6_pages_26-50.md
053-007-066,,053,007,Link - Chain | 016-015-059 | Linkage - Cab Leveling Valve,VMRS_HB_COMPLETE_v20 page 6_pages_26-50.md
055-012-020,,055,012,"Link - Chain, Anchor | 023-001-007 | Linkage - Clutch Pedal",VMRS_HB_COMPLETE_v20 page 6_pages_26-50.md
053-001-049,,053,001,"Link - Chain, Automatic Traction Device | 065-020-013 | Linkage - Control Valve, Hydraulic System",VMRS_HB_COMPLETE_v20 page 6_pages_26-50.md
053-023-004,,053,023,"Link - Chain, Hardware Grade | 061-011-015 | Linkage - Control, Squeegee",VMRS_HB_COMPLETE_v20 page 6_pages_26-50.md
111-010-003,,111,010,"Link - Chain, Leit | 025-001-004 | Linkage - Control, Transfer Case",VMRS_HB_COMPLETE_v20 page 6_pages_26-50.md
162-001-036,,162,001,"Link - Connecting, Conveyor Assembly | 001-001-096 | Linkage - Cruise ControlLinkage - Diverter To Deflector Door",VMRS_HB_COMPLETE_v20 page 6_pages_26-50.md
027-033-087,,027,033,"Link - Connector Column Mounted Shifter | 464-008-004 | Linkage - Dog Bone, Bucket Linkage",VMRS_HB_COMPLETE_v20 page 6_pages_26-50.md
067-005-002,,067,005,Link - Control | 002-018-153 | Linkage - Door Latch,VMRS_HB_COMPLETE_v20 page 6_pages_26-50.md
026-011-023,,026,011,"Link - Control Rod Stabilizer | 001-004-093 | Linkage - Door, Auxiliary Heater And A/C,",VMRS_HB_COMPLETE_v20 page 6_pages_26-50.md
021-001-046,,021,001,"Link - Cross, Driven Front Steer Axle | | Sleeper",VMRS_HB_COMPLETE_v20 page 6_pages_26-50.md
267-011-002,,267,011,"Link - Digger, Auger | 174-010-008 | Linkage - Folding Entrance Door",VMRS_HB_COMPLETE_v20 page 6_pages_26-50.md
015-004-012,,015,004,"Link - Drag, Idler | 026-011-013 | Linkage - Foot Pedal To Retarder Valve",VMRS_HB_COMPLETE_v20 page 6_pages_26-50.md
045-018-020,,045,018,"Link - Engine Brake | 462-004-002 | Linkage - Four-Bar, Upper Boom",VMRS_HB_COMPLETE_v20 page 6_pages_26-50.md
162-001-002,,162,001,Link - Feedgate | 016-001-027 | Linkage - Front Strut,VMRS_HB_COMPLETE_v20 page 6_pages_26-50.md
016-004-006,,016,004,"LINK - Front Stabilizer | 044-003-301 | Linkage - Governor Control, Fuel System",VMRS_HB_COMPLETE_v20 page 6_pages_26-50.md
002-001-020,,002,001,Link - Fusible Cap | 002-005-018 | Linkage - Height Control,VMRS_HB_COMPLETE_v20 page 6_pages_26-50.md
055-010-034,,055,010,Link - Handle to Control Valve Lever | 016-009-066 | Linkage - Height Control Valve,VMRS_HB_COMPLETE_v20 page 6_pages_26-50.md
016-015-023,,016,015,Link - Height Control | 002-062-014 | Linkage - Hvdraulic Pump. Deck Lid,VMRS_HB_COMPLETE_v20 page 6_pages_26-50.md
002-004-197,,002,004,"Link - Hood Hinge | 172-002-008 | Linkage - Latch, Body Access Door, Compaction",VMRS_HB_COMPLETE_v20 page 6_pages_26-50.md
044-004-020,,044,004,Link - Injector | | Assembly,VMRS_HB_COMPLETE_v20 page 6_pages_26-50.md
034-001-163,,034,001,"Link - Level Sensor, Adaptive Headlamp | 016-008-024 | Linkage - Leveling Control",VMRS_HB_COMPLETE_v20 page 6_pages_26-50.md
462-006-005,,462,006,"Link - Leveling, Lower Boom | 172-007-071 | Linkage - Leveling, Loader",VMRS_HB_COMPLETE_v20 page 6_pages_26-50.md
055-010-033,,055,010,Link - Lever to Control Valve | 015-011-020 | Linkage - Lever Release,VMRS_HB_COMPLETE_v20 page 6_pages_26-50.md
013-003-090,,013,003,"Link - Lever, Parking Brake | 294-001-018 | Linkage - Offset Link, Fuel Meter",VMRS_HB_COMPLETE_v20 page 6_pages_26-50.md
462-001-003,,462,001,"LINK - LOCKING PIN, SIIder | 1/4-011-008 | Linkage - Outward Opening Entrance Door",VMRS_HB_COMPLETE_v20 page 6_pages_26-50.md
402-001-003,,402,001,Link - Master | 173-010-002 | Linkage - Parking Drake,VMRS_HB_COMPLETE_v20 page 6_pages_26-50.md
056-001-087,,056,001,"Link - Off Set Sprocket Chain, PTO | 042-001-003 | Linkage - Radiator Shutter, Diesel",VMRS_HB_COMPLETE_v20 page 6_pages_26-50.md
098-011-024,,098,011,"Link - Offset | 026-011-011 | Linkage - Remote Control, Manual Transmission",VMRS_HB_COMPLETE_v20 page 6_pages_26-50.md
055-018-008,,055,018,"Link - Outside, Left | 025-001-219 | Linkage - Shift, Transfer Case",VMRS_HB_COMPLETE_v20 page 6_pages_26-50.md
055-018-007,,055,018,"Link - Outside, Right | 174-012-010 | Linkage - Side Emergency Door",VMRS_HB_COMPLETE_v20 page 6_pages_26-50.md
053-006-034,,053,006,"Link - Piston, Jack | 077-008-008 | Linkage - Slider, Trailer Support",VMRS_HB_COMPLETE_v20 page 6_pages_26-50.md
023-002-020,,023,002,"Link - Pressure Plate | 002-004-251 | Linkage - Snow Door, Hood",VMRS_HB_COMPLETE_v20 page 6_pages_26-50.md
053-001-050,,053,001,"Link - Repair, Automatic Traction Device | 016-014-033 | Linkage - Steering, Reverse, Liftable Air",VMRS_HB_COMPLETE_v20 page 6_pages_26-50.md
059-004-017,,059,004,"LINK - Satety Hook, Dolly | 044 006 000 | Suspension",VMRS_HB_COMPLETE_v20 page 6_pages_26-50.md
077-010-013,,077,010,"LINK - Salety HOOK, DOlly | 044-000-009 | Linkage - Throttle",VMRS_HB_COMPLETE_v20 page 6_pages_26-50.md
002-027-220,,002,027,Link - Seat Hinge | 026-011-012 | Linkage - Throttle Control Valve Transmission,VMRS_HB_COMPLETE_v20 page 6_pages_26-50.md
016-005-019,,016,005,"Link - Spring Control, Lower Control Arm | 044-007-079 | Linkage - Throttle Position Sensor",VMRS_HB_COMPLETE_v20 page 6_pages_26-50.md
462-008-002,,462,008,"Link - Tension, Boom Articulating Amr | 082-039-031 | Linkage - Throttle, Reefer",VMRS_HB_COMPLETE_v20 page 6_pages_26-50.md
045-008-162,,045,008,"Link - Timing Chain | 172-007-012 | Linkage - Tipper Hook Assembly, Loader",VMRS_HB_COMPLETE_v20 page 6_pages_26-50.md
015-004-069,,015,004,"Link - Timing, Twin Steer | 168-001-022 | Linkage - Tree Assembly, Mower",VMRS_HB_COMPLETE_v20 page 6_pages_26-50.md
016-005-246,,016,005,Link - Toe Compensator | 016-015-008 | Linkage - Valve,VMRS_HB_COMPLETE_v20 page 6_pages_26-50.md
026-011-187,,026,011,Link - Transmission Shift | 055-023-075 | Linkage - Wheelchair Lift,VMRS_HB_COMPLETE_v20 page 6_pages_26-50.md
016-002-108,,016,002,Link - Iransversal | 002-035-144 | Linkage & Motor Assembly - Windshield Wiper,VMRS_HB_COMPLETE_v20 page 6_pages_26-50.md
462-001-006,,462,001,"Link - Upper, Unit Elevator | 002-035-013 | Linkage Assembly - Windshield Wiper",VMRS_HB_COMPLETE_v20 page 6_pages_26-50.md
027-033-004,,027,033,Link - Variable | 010-000-044 | Linkage Rit - Leveling Valve,VMRS_HB_COMPLETE_v20 page 6_pages_26-50.md
002-006-013,,002,006,Link & Plunger Assembly - Hatch | 173-005-001 | Linkage Controls - Dump Body,VMRS_HB_COMPLETE_v20 page 6_pages_26-50.md
172-007-075,,172,007,"Link Arm - Loader | 173-005-004 | Linkage, Controls - Dump Body",VMRS_HB_COMPLETE_v20 page 6_pages_26-50.md
044-003-096,,044,003,"Link Assembly | 002-020-073 | Linkage, Door - Side",VMRS_HB_COMPLETE_v20 page 6_pages_26-50.md
001-001-184,,001,001,"Link Assembly - Power Servo | 016-018-009 | Linkage, Height Control - Slider Air Ride",VMRS_HB_COMPLETE_v20 page 6_pages_26-50.md
016-007-003,,016,007,Link Assembly - Stabilizer | | Suspension,VMRS_HB_COMPLETE_v20 page 6_pages_26-50.md
059-004-026,,059,004,"Link Body - Center Link, Drawbar | 065-015-013 | Links",VMRS_HB_COMPLETE_v20 page 6_pages_26-50.md
059-042-002,,059,042,"Link Body - Left, Telescoping | 055-022-012 | Lip - Shelf",VMRS_HB_COMPLETE_v20 page 6_pages_26-50.md
059-042-003,,059,042,"LINK Body - Hight, Telescoping | 053-999-110 | Liquid - Deodorizer",VMRS_HB_COMPLETE_v20 page 6_pages_26-50.md
053-999-181,,053,999,Liquid - Metal | 059-001-026 | Lock - Guard (Or King Pin Slide Sub-Assembly),VMRS_HB_COMPLETE_v20 page 6_pages_26-50.md
053-999-171,,053,999,"Liquid - Stop Leak, EGR Cooler | 002-041-004 | Lock - Handle, Operator Protection",VMRS_HB_COMPLETE_v20 page 6_pages_26-50.md
053-999-173,,053,999,"Liquid - Stop Leak, Engine Seals | 013-010-315 | Lock - Hex Nut, Brass",VMRS_HB_COMPLETE_v20 page 6_pages_26-50.md
053-999-123,,053,999,"Liquid - Stop Leak, Radiator | 059-002-032 | Lock - Hitch To Cross Member",VMRS_HB_COMPLETE_v20 page 6_pages_26-50.md
083-002-003,,083,002,Liquid Control Valve | 002-004-212 | Lock - Hood,VMRS_HB_COMPLETE_v20 page 6_pages_26-50.md
083-002-002,,083,002,Liquid Solenoid Valve | 013-006-014 | Lock - Hydraulic Brake Holding,VMRS_HB_COMPLETE_v20 page 6_pages_26-50.md
142-008-000,,142,008,LNG Fuel Plicer | 077-005-008 | LOCK - KING PIN,VMRS_HB_COMPLETE_v20 page 6_pages_26-50.md
142-003-000,,142,003,"Lood Reakrest Extension | 013-003-093 | Lock - Lever Pin, Parking Brake",VMRS_HB_COMPLETE_v20 page 6_pages_26-50.md
034-004-150,,034,004,"Load Contor Cab | 002-009-013 | Lock - Liu, Fickup Box",VMRS_HB_COMPLETE_v20 page 6_pages_26-50.md
013-012-006,,013,012,"Load Control - Flectric Brakes | 045-002-042 | Lock - Nozzle, Oil Piston Cooling",VMRS_HB_COMPLETE_v20 page 6_pages_26-50.md
016-002-102,,016,002,Load Cushion - Auxiliary Spring | 112-005-001 | Lock - Outrigger,VMRS_HB_COMPLETE_v20 page 6_pages_26-50.md
016-002-112,,016,002,Load Kit - Torsion Bar | 059-002-010 | Lock - Pintle Hook Pin,VMRS_HB_COMPLETE_v20 page 6_pages_26-50.md
055-012-030,,055,012,Load Lock | 173-010-004 | Lock - Quick Release. Platform Assembly,VMRS_HB_COMPLETE_v20 page 6_pages_26-50.md
072-009-019,,072,009,Load Manager - Power Roll-Up Door | 016-005-098 | Lock - Radius Rod Bolt,VMRS_HB_COMPLETE_v20 page 6_pages_26-50.md
013-013-021,,013,013,Load Plate - Disc Brake | 002-022-001 | Lock - Rear Door,VMRS_HB_COMPLETE_v20 page 6_pages_26-50.md
055-011-015,,055,011,Load Push - Pull | 174-013-012 | Lock - Rear Emergency Door,VMRS_HB_COMPLETE_v20 page 6_pages_26-50.md
055-011-016,,055,011,Load Push - Pull Gripper | 002-050-121 | Lock - Rear Window,VMRS_HB_COMPLETE_v20 page 6_pages_26-50.md
053-007-036,,053,007,Load Seal | 174-001-156 | Lock - Refueling Access Door,VMRS_HB_COMPLETE_v20 page 6_pages_26-50.md
016-008-114,,016,008,"Load Sensing Valve - Air Ride Suspension | 013-001-054 | Lock - Retainer, Front Brake Shoe",VMRS_HB_COMPLETE_v20 page 6_pages_26-50.md
071-020-015,,071,020,"Load Stops - Adjustable | 013-002-142 | Lock - Retainer, Rear Brake Shoe",VMRS_HB_COMPLETE_v20 page 6_pages_26-50.md
053-006-161,,053,006,"Load Tester - Battery | 013-014-054 | Lock - Retainer, Tag/Pusher Axle Brake Shoe",VMRS_HB_COMPLETE_v20 page 6_pages_26-50.md
063-006-000,,063,006,"Load Tracking | 045-002-049 | Lock - Retaining Bolt, Rear Seal",VMRS_HB_COMPLETE_v20 page 6_pages_26-50.md
063-006-015,,063,006,Load Tracking Assembly | 002-027-320 | Lock - Seat Back,VMRS_HB_COMPLETE_v20 page 6_pages_26-50.md
192-010-000,,192,010,Loader | 059-001-043 | Lock - Secondary,VMRS_HB_COMPLETE_v20 page 6_pages_26-50.md
172-007-000,,172,007,Loader Assembly | 071-030-012 | Lock - Side Compartment Roll-Up Door,VMRS_HB_COMPLETE_v20 page 6_pages_26-50.md
197-023-000,,197,023,Loading Doors - Chain Conveyor | 174-012-012 | Lock - Side Emergency Door,VMRS_HB_COMPLETE_v20 page 6_pages_26-50.md
022-003-158,,022,003,"Lock - Adjuster, Bearing Cap, Differential Carrier | 002-023-006 | Lock - Side Sliding Window",VMRS_HB_COMPLETE_v20 page 6_pages_26-50.md
022-003-046,,022,003,"Lock - Adjusting Nut, Differential Side Bearing | 002-032-026 | Lock - Sleeper, Side Door",VMRS_HB_COMPLETE_v20 page 6_pages_26-50.md
013-010-499,,013,010,LOCK - AIr Brake | 071-006-030 | Lock - Silding Gate,VMRS_HB_COMPLETE_v20 page 6_pages_26-50.md
172-001-006,,172,001,"Lock - Barrier, Container Body | 002-024-022 | Lock - Silding Window, Rear",VMRS_HB_COMPLETE_v20 page 6_pages_26-50.md
014-005-012,,014,005,Lock - Dallery DOX | 057-001-004 | Lock - Spare Writeer,VMRS_HB_COMPLETE_v20 page 6_pages_26-50.md
071-024-008,,071,024,17/-001-117 | Lock - Bus Engine Access Door | | Lock - Spinule Nut,VMRS_HB_COMPLETE_v20 page 6_pages_26-50.md
174-001-117,,174,001,Lock - Bus Lingine Access Dool | 071-024-000 | Lock - Steering Column,VMRS_HB_COMPLETE_v20 page 6_pages_26-50.md
174-030-013,,174,030,Lock - Bus Under Passenger Seat Storage Box | 014-010-011 | Lock - Toolbox,VMRS_HB_COMPLETE_v20 page 6_pages_26-50.md
174-000-010,,174,000,Door | 002-027-237 | Lock - Toolbox Seat,VMRS_HB_COMPLETE_v20 page 6_pages_26-50.md
002-036-073,,002,036,Lock - Cab Tilt | 174-003-011 | Lock - Underbody Storage Compartment Door,VMRS_HB_COMPLETE_v20 page 6_pages_26-50.md
002-020-009,,002,020,"Lock - Cab, Side Door | 045-008-197 | Lock - Valve Keeper",VMRS_HB_COMPLETE_v20 page 6_pages_26-50.md
071-026-038,,071,026,Lock - Cable | 045-008-185 | Lock - Valve Spring,VMRS_HB_COMPLETE_v20 page 6_pages_26-50.md
002-022-031,,002,022,Lock - Cable Assembly | 017-008-002 | Lock - Valve Stem,VMRS_HB_COMPLETE_v20 page 6_pages_26-50.md
368-001-004,,368,001,Lock - Case | 042-004-043 | Lock - Water Pump Pulley,VMRS_HB_COMPLETE_v20 page 6_pages_26-50.md
002-008-008,,002,008,Lock - Compartment Door | 174-014-011 | Lock - Wheelchair Lift Door,VMRS_HB_COMPLETE_v20 page 6_pages_26-50.md
002-050-537,,002,050,"Lock - Compartment, Baggage Door | 174-023-006 | Lock - Wheelchair Tie-Down, Bus Floor",VMRS_HB_COMPLETE_v20 page 6_pages_26-50.md
045-006-016,,045,006,"Lock - Connecting Rod | 174-032-003 | Lock - Wheelchair Tie-Down, Lift Assembly",VMRS_HB_COMPLETE_v20 page 6_pages_26-50.md
027-038-011,,027,038,Lock - Connector | 174-005-038 | Lock - Window,VMRS_HB_COMPLETE_v20 page 6_pages_26-50.md
002-011-113,,002,011,Lock - Console | 082-004-019 | Lock - Wrist Pin,VMRS_HB_COMPLETE_v20 page 6_pages_26-50.md
023-002-027,,023,002,"Lock - Cover, Adjusting Mechanism | 092-002-019 | Lock - Wrist Pin, Compressor, Bulk Product",VMRS_HB_COMPLETE_v20 page 6_pages_26-50.md
071-026-039,,071,026,Lock - Curtain | | Iransfer,VMRS_HB_COMPLETE_v20 page 6_pages_26-50.md
002-062-018,,002,062,"Lock - Deck Lid | 082-002-028 | Lock - Wrist Pin, Compressor, Mechanical",VMRS_HB_COMPLETE_v20 page 6_pages_26-50.md
022-003-144,,022,003,Lock - Differential | 070 004 000 | Refrigeration Unit,VMRS_HB_COMPLETE_v20 page 6_pages_26-50.md
082-029-008,,082,029,Lock - Door (MRU) | 072-004-039 | Lock & Safety Chain Assembly,VMRS_HB_COMPLETE_v20 page 6_pages_26-50.md
051-009-020,,051,009,"1/4-001-191 | Lock - Door, Bus Body | | Lock Assembly - Fale Dox",VMRS_HB_COMPLETE_v20 page 6_pages_26-50.md
152-003-003,,152,003,"Lock - Door, Machanical Pofrigoration Unit | 059-001-010 | Lock Assembly - Filli Wileel",VMRS_HB_COMPLETE_v20 page 6_pages_26-50.md
002-010-007,,002,010,016-014-046 | Lock Assembly - Noi-Op Near Door,VMRS_HB_COMPLETE_v20 page 6_pages_26-50.md
174-011-088,,174,011,"Lock - Door, Outward Opening Entrance Door | 010-014-040 | Suspension",VMRS_HB_COMPLETE_v20 page 6_pages_26-50.md
052-008-016,,052,008,"Lock - Door, Befrigerator | 051-004-005 | Lock Assembly - Tachograph",VMRS_HB_COMPLETE_v20 page 6_pages_26-50.md
082-004-041,,082,004,"Lock - Drive Gear, Compressor | 002-016-002 | Lock Assembly - Tailgate",VMRS_HB_COMPLETE_v20 page 6_pages_26-50.md
036-008-040,,036,008,Lock - Enclosure Surveillance System | 015-002-048 | Lock Assembly - Tilt Steering Column,VMRS_HB_COMPLETE_v20 page 6_pages_26-50.md
053-007-107,,053,007,Lock - Enforcer. Door | 015-002-074 | Lock Bar - Steering Column,VMRS_HB_COMPLETE_v20 page 6_pages_26-50.md
016-005-094,,016,005,Lock - Equalizer Wear Bracket | 002-050-448 | Lock Board,VMRS_HB_COMPLETE_v20 page 6_pages_26-50.md
002-015-156,,002,015,"Lock - Fuel Door | 021-009-009 | Lock Bolt - Pinion Shaft, Differential. Transaxle",VMRS_HB_COMPLETE_v20 page 6_pages_26-50.md
044-001-004,,044,001,Lock - Fuel Tank Cap | 053-007-097 | Lock Box - Extra Key Set,VMRS_HB_COMPLETE_v20 page 6_pages_26-50.md
034-004-052,,034,004,Lock - Fuse Panel | 071-023-030 | Lock Cylinder - Bulkhead Door,VMRS_HB_COMPLETE_v20 page 6_pages_26-50.md
013-010-464,,013,010,Lock - Gladhand | 002-018-002 | Lock Cylinder - Cab Or Front Door,VMRS_HB_COMPLETE_v20 page 6_pages_26-50.md
053-006-146,,053,006,Lock - Gladhand | 002-019-022 | Lock Cylinder - Compartment Door,VMRS_HB_COMPLETE_v20 page 6_pages_26-50.md
053-007-109,,053,007,Lock - Gladhand | 002-062-019 | Lock Cylinder - Deck Lid,VMRS_HB_COMPLETE_v20 page 6_pages_26-50.md
002-008-090,,002,008,"Lock - Glove Compartment, Dash | 002-022-041 | Lock Cylinder - Rear Door",VMRS_HB_COMPLETE_v20 page 6_pages_26-50.md
072-004-079,,072,004,092 012 009 | Look Spring Three Way Valve,VMRS_HB_COMPLETE_v20 page 6_pages_26-50.md
062-013-000,,062,013,0/2-004-0/6 | Lock Cylinder - Tailgate | | Lock Spring - Tilt Steering Column Handle,VMRS_HB_COMPLETE_v20 page 6_pages_26-50.md
002-011-114,,002,011,Lock Cylinder and Key - Console | 012-024-050 | Lock Spring - The Steering Column Handle,VMRS_HB_COMPLETE_v20 page 6_pages_26-50.md
002-050-751,,002,050,Lock Cylinder and Keys - Baggage Compartment | 027-002-013 | Lock Up Clutch Assembly - Converter,VMRS_HB_COMPLETE_v20 page 6_pages_26-50.md
002-062-020,,002,062,Lock Cylinder and Keys - Deck Lid | 026-011-089 | Lock Valve (In Neutral) - Airmatic,VMRS_HB_COMPLETE_v20 page 6_pages_26-50.md
002-018-184,,002,018,"Lock Cylinder and Keys - Door, Cab | 053-007-007 | Lock Washer",VMRS_HB_COMPLETE_v20 page 6_pages_26-50.md
002-018-185,,002,018,"Lock Cylinder and Keys - Ignition, Cab | 045-006-017 | Lock Washer - Connecting Rod",VMRS_HB_COMPLETE_v20 page 6_pages_26-50.md
002-050-750,,002,050,"Lock Cylinder and Keys - Sleeper | 013-009-037 | Lock Washer - Drive Gear, Air Compressor",VMRS_HB_COMPLETE_v20 page 6_pages_26-50.md
002-050-463,,002,050,Lock Cylinder Assembly - Sleeper | 044-003-121 | Lock Washer - Shaft Assembly,VMRS_HB_COMPLETE_v20 page 6_pages_26-50.md
002-050-462,,002,050,"Lock Kit - Door Air Space | 053-007-072 | Lock-Out, Safety",VMRS_HB_COMPLETE_v20 page 6_pages_26-50.md
002-050-429,,002,050,"Lock Knob | 056-001-034 | Lock-Ring - Shaft, Output, PTO",VMRS_HB_COMPLETE_v20 page 6_pages_26-50.md
053-007-035,,053,007,"LOCK NULLock Nut Stooring Cylinder | 002-018-001 | Lock, Door - Cab Or Front",VMRS_HB_COMPLETE_v20 page 6_pages_26-50.md
091-001-033,,091,001,"Lock Nut - Steering Cylinder | 174-024-006 | Lock, Dool - SideLock, Vandal - Bus Emergency Exits",VMRS_HB_COMPLETE_v20 page 6_pages_26-50.md
098-007-009,,098,007,Lock Nut - Disc | 013-010-241 | Locking Arm - Gland,VMRS_HB_COMPLETE_v20 page 6_pages_26-50.md
018-004-045,,018,004,"Lock Nut - Self-Locking, Axle Spindle | 059-002-025 | Locking Assembly Bolt - Pintle Hook",VMRS_HB_COMPLETE_v20 page 6_pages_26-50.md
016-008-067,,016,008,"Lock Nut - Air Cylinder Housing | 163-001-015 | Locking Assembly - Drum, Brush Chipper",VMRS_HB_COMPLETE_v20 page 6_pages_26-50.md
015-009-010,,015,009,"Lock Nut - Bevel Box, Dual Steering | 027-038-012 | Locking Bar - Connector",VMRS_HB_COMPLETE_v20 page 6_pages_26-50.md
042-012-005,,042,012,"Lock Nut - Coil, Coolant Diverter | 051-009-034 | Locking Bar Assembly",VMRS_HB_COMPLETE_v20 page 6_pages_26-50.md
022-002-008,,022,002,Lock Nut - Drive Flange | 016-019-000 | Locking Device - Ride Height,VMRS_HB_COMPLETE_v20 page 6_pages_26-50.md
018-003-049,,018,003,"Lock Nut - Drum to Spoke Wheel | 078-017-005 | Locking Mechanism - Fastening, Side Cover",VMRS_HB_COMPLETE_v20 page 6_pages_26-50.md
043-002-034,,043,002,Lock Nut - Exhaust Manifold | 073-007-021 | Locking Mechanism - Hopper,VMRS_HB_COMPLETE_v20 page 6_pages_26-50.md
010-003-008,,010,003,Lock Nut - Front Snock Absorber | 016 002 022 | Locking Plate - Front Plilar,VMRS_HB_COMPLETE_v20 page 6_pages_26-50.md
072-004-023,,072,004,Lock Nut - No Air Screw Adjuster | 368-001-015 | Locking Ring - Rearing Drum Support,VMRS_HB_COMPLETE_v20 page 6_pages_26-50.md
082-004-062,,082,004,Lock Nut - Piston Head | 002-018-003 | Locking Rod & Knob - Cab Or Front Door Inner,VMRS_HB_COMPLETE_v20 page 6_pages_26-50.md
045-008-111,,045,008,"Lock Nut - Pulley Accessory Drive | 002-018-223 | Locking Strip - Window, Lower Door",VMRS_HB_COMPLETE_v20 page 6_pages_26-50.md
016-005-083,,016,005,Lock Nut - Spring Anchor Bolt | 058-005-018 | Lockout - Clutch Lever,VMRS_HB_COMPLETE_v20 page 6_pages_26-50.md
015-003-021,,015,003,Lock Nut - Worm Gear Bearing Adjuster | 022-004-137 | Lockout Cylinder Assembly - Power Divider,VMRS_HB_COMPLETE_v20 page 6_pages_26-50.md
079-001-005,,079,001,Lock Pin - Anti-Nose Dive Pole | 002-027-105 | Lockout Kit - Chugger,VMRS_HB_COMPLETE_v20 page 6_pages_26-50.md
013-002-059,,013,002,"Lock Pin - Cam Rollers, Rear Brake | 044-010-010 | Lockout Valve",VMRS_HB_COMPLETE_v20 page 6_pages_26-50.md
022-005-004,,022,005,Lock Pin - Double Reduction Shifter | 072-007-012 | Lockrod - Reefer Door,VMRS_HB_COMPLETE_v20 page 6_pages_26-50.md
021-001-112,,021,001,"Lock Plate - Adjuster, Driven Front Steer Axle | 072-003-013 | Lockrod Assembly",VMRS_HB_COMPLETE_v20 page 6_pages_26-50.md
018-002-054,,018,002,"Lock Plate - Planetary Hub, Rear Drive Axle | 112-005-000 | LOCKS",VMRS_HB_COMPLETE_v20 page 6_pages_26-50.md
052-023-009,,052,023,Lock Ring - Automatic Traction Device | 020-001-014 | Lockscrew - Auxiliary Shift Toke,VMRS_HB_COMPLETE_v20 page 6_pages_26-50.md
018-004-032,,018,004,Lock Ring - Rearing | 026-011-073 | Lockscrew - Remote Shift Finger,VMRS_HB_COMPLETE_v20 page 6_pages_26-50.md
021-001-156,,021,001,"Lock Ring - Bearing, Axle Shaft | 026-010-043 | Lockscrew - Shift Fork Or Block",VMRS_HB_COMPLETE_v20 page 6_pages_26-50.md
044-003-238,,044,003,"Lock Ring - Cover, Fuel Pump | 024-002-045 | Lockstrap",VMRS_HB_COMPLETE_v20 page 6_pages_26-50.md
082-019-042,,082,019,"Lock Ring - Electrical Connector, Reefer | 053-004-074 | Logbook - Driver",VMRS_HB_COMPLETE_v20 page 6_pages_26-50.md
022-003-136,,022,003,"Lock Ring - End Yoke, Drive Pinion | 168-003-017 | Logic Element - Brake Valve, Mower",VMRS_HB_COMPLETE_v20 page 6_pages_26-50.md
044-001-105,,044,001,Lock Ring - Fuel Tank | 071-003-028 | Logistic Tracks,VMRS_HB_COMPLETE_v20 page 6_pages_26-50.md
055-005-028,,055,005,Lock Ring - Hydraulic Pump | 055-012-035 | Logistics Track - Captive Beam,VMRS_HB_COMPLETE_v20 page 6_pages_26-50.md
022-004-139,,022,004,LOCK RING - INPUT Shaft Portal Front Avia | 002-004-050 | Logo - Identification,VMRS_HB_COMPLETE_v20 page 6_pages_26-50.md
022-008-005,,022,008,Lock Ring - Input Shaft Portal Rear Ayle | 043-002-102 | Long Diock Assembly,VMRS_HB_COMPLETE_v20 page 6_pages_26-50.md
056-003-032,,056,003,"Lock Ring - Input PTO | 002-050-072 | Longeron - Sleeper, Bight",VMRS_HB_COMPLETE_v20 page 6_pages_26-50.md
059-001-160,,059,001,"Lock Ring - No Lube Pad, Fifth Wheel | 002-015-066 | Longhorn - Cab",VMRS_HB_COMPLETE_v20 page 6_pages_26-50.md
056-001-021,,056,001,"Lock Ring - Output Shaft, PTO | 016-008-015 | Loom",VMRS_HB_COMPLETE_v20 page 6_pages_26-50.md
022-003-087,,022,003,"Lock Ring - Pinion Bearing | 016-015-049 | Loom - Corrugated, Sleeper",VMRS_HB_COMPLETE_v20 page 6_pages_26-50.md
015-005-104,,015,005,"Lock Ring - Pressure Line | 001-002-196 | Loom - Water, Heater Hose",VMRS_HB_COMPLETE_v20 page 6_pages_26-50.md
082-013-007,,082,013,Lock Ring - Three-Way Valve | 174-032-053 | Loom - Wheelchair Ramp Mechanism,VMRS_HB_COMPLETE_v20 page 6_pages_26-50.md
042-004-044,,042,004,Lock Ring - Water Pump Cover | 034-004-030 | Loom - Wiring Or Wiring Harness,VMRS_HB_COMPLETE_v20 page 6_pages_26-50.md
018-003-008,,018,003,Lock Ring - Wheel Bearing | 013-011-098 | Loom Assembly - Power Cable,VMRS_HB_COMPLETE_v20 page 6_pages_26-50.md
018-002-064,,018,002,Lock Ring - Wheel Bearing | 001-001-265 | Louver - Rall,VMRS_HB_COMPLETE_v20 page 6_pages_26-50.md
018-002-043,,018,002,Lock Ring - Wheel Hub Bearing Portal | 174-028-025 | Louver - Bus Body A/C Vent,VMRS_HB_COMPLETE_v20 page 6_pages_26-50.md
010-002-010,,010,002,Assembly. Rear Drive Axle | 174-016-015 | Louver - Bus Roof Vent,VMRS_HB_COMPLETE_v20 page 6_pages_26-50.md
022-008-023,,022,008,"Lock Ring - Wheel Hub Bearing, Portal | 001-001-221 | Louver - Directional, Outlet Duct",VMRS_HB_COMPLETE_v20 page 6_pages_26-50.md
001-002-031,,001,002,"Assembly, Rear Drive Axle | | Louver - Heater Case",VMRS_HB_COMPLETE_v20 page 6_pages_26-50.md
021-001-153,,021,001,"Lock Ring - Yoke, Pinion End, Driven Front Steer | 001-003-076 | Louver - HVAC, Self-Powered",VMRS_HB_COMPLETE_v20 page 6_pages_26-50.md
034-001-148,,034,001,"Axle | | Louver - Lamp, Fog/Driving",VMRS_HB_COMPLETE_v20 page 6_pages_26-50.md
002-050-447,,002,050,Lock Rod | 002-050-354 | Louver - Vent,VMRS_HB_COMPLETE_v20 page 6_pages_26-50.md
072-003-065,,072,003,"LOCK HOd - Custom, Hear Door | 027-009-000 | Low Range Clutch",VMRS_HB_COMPLETE_v20 page 6_pages_26-50.md
072-003-000,,072,003,Lock Rod Assembly | 068-001 025 | LOW SERVO ASSEMDLY,VMRS_HB_COMPLETE_v20 page 6_pages_26-50.md
044-003-014,,044,003,Lock Screw - End Can Wire | 462-011-000 | Lower Boom Leveling System,VMRS_HB_COMPLETE_v20 page 6_pages_26-50.md
002-008-020,,002,008,Lock Set - Compartment Door | 082-013-002 | Lower Cap Assembly - Three-Way Valve,VMRS_HB_COMPLETE_v20 page 6_pages_26-50.md
002-018-205,,002,018,Lock Set - Door | 055-010-053 | Lower Check Plug - Hydraulic Reservoir,VMRS_HB_COMPLETE_v20 page 6_pages_26-50.md
002-018-122,,002,018,Lock Set - Door & Ignition | 053-999-193 | Lube - Chain,VMRS_HB_COMPLETE_v20 page 6_pages_26-50.md
082-023-012,,082,023,"Lock Spring | 053-999-273 | Lube - Spray, Food Grade",VMRS_HB_COMPLETE_v20 page 6_pages_26-50.md
053-999-049,,053,999,Lubricant - Chain & Cable | 082-004-034 | Main Seal Assembly,VMRS_HB_COMPLETE_v20 page 6_pages_26-50.md
053-999-050,,053,999,Lubricant - Door | 028-004-002 | Main Shaft - Auxiliary Transmission,VMRS_HB_COMPLETE_v20 page 6_pages_26-50.md
053-999-247,,053,999,Lubricant - Graphite | 029-005-004 | Main Shaft - Range Shift,VMRS_HB_COMPLETE_v20 page 6_pages_26-50.md
053-999-195,,053,999,Lubricant - Lithium | 027-011-005 | Main Shaft - Splitter,VMRS_HB_COMPLETE_v20 page 6_pages_26-50.md
053-999-058,,053,999,Lubricant - Multi-Purpose | 027-019-001 | Main Shaft - Transmission,VMRS_HB_COMPLETE_v20 page 6_pages_26-50.md
053-999-196,,053,999,Lubricant - Synthetic | 028-004-001 | Main Shaft Assembly,VMRS_HB_COMPLETE_v20 page 6_pages_26-50.md
053-999-133,,053,999,Lubricant - Tire | 027-019-000 | Main Shaft Assembly & Rear Internal Gear,VMRS_HB_COMPLETE_v20 page 6_pages_26-50.md
053-999-055,,053,999,Lubricant - Water Pump | 029-005-001 | Main Shaft Auxiliary,VMRS_HB_COMPLETE_v20 page 6_pages_26-50.md
053-006-223,,053,006,Lubrication Equipment - Shop | 029-005-000 | Main Shaft Auxiliary Section,VMRS_HB_COMPLETE_v20 page 6_pages_26-50.md
019-001-004,,019,001,Lubrication System - Automatic | 028-004-000 | Main Shaft Components - Auxiliary Transmission,VMRS_HB_COMPLETE_v20 page 6_pages_26-50.md
059-001-175,,059,001,"Lubrication System - Centralized, Fifth Wheel | 055-010-136 | Main Telescopic Cylinder Tube",VMRS_HB_COMPLETE_v20 page 6_pages_26-50.md
032-004-012,,032,004,Lubricator - Fuel Oil | 001-001-134 | Main Vacuum Valve,VMRS_HB_COMPLETE_v20 page 6_pages_26-50.md
032-004-011,,032,004,Lubricator - In-Line | 026-003-000 | Maindrive & Main Shaft Bearings,VMRS_HB_COMPLETE_v20 page 6_pages_26-50.md
032-004-013,,032,004,Lubricator - Lube Oil | 026-005-000 | Maindrive Gear,VMRS_HB_COMPLETE_v20 page 6_pages_26-50.md
091-004-007,,091,004,Lubricator - Vibrator Piston | 055-001-018 | Mainframe,VMRS_HB_COMPLETE_v20 page 6_pages_26-50.md
019-002-050,,019,002,"Lubricator Assembly - Automatic Chassis | 029-004-008 | Mainshaft - Auxiliary, Synchronizer",VMRS_HB_COMPLETE_v20 page 6_pages_26-50.md
026-006-090,,026,006,Lubricator | | Mainshaft - Fifth Gear,VMRS_HB_COMPLETE_v20 page 6_pages_26-50.md
023-002-006,,023,002,Lug - Driven | 055-010-096 | Maintenance Kit,VMRS_HB_COMPLETE_v20 page 6_pages_26-50.md
462-004-008,,462,004,"Lug - Pin, Upper Boom | 055-016-026 | Maintenance Kit - Roller Assembly",VMRS_HB_COMPLETE_v20 page 6_pages_26-50.md
023-002-021,,023,002,Lug - Pressure Plate Drive | 013-010-161 | Maintenance Kit - Air Regulator Or Governor,VMRS_HB_COMPLETE_v20 page 6_pages_26-50.md
026-010-010,,026,010,Lug - Reverse Shifter | 059-027-028 | Maintenance Kit - Double Check Valve,VMRS_HB_COMPLETE_v20 page 6_pages_26-50.md
018-003-056,,018,003,"Lug Bolt - Wheel | 013-010-177 | Maintenance Kit - End Cap, Air Drier",VMRS_HB_COMPLETE_v20 page 6_pages_26-50.md
018-003-027,,018,003,Lug Nut - Chrome Covered | 059-028-011 | Maintenance Kit - Flow Control Valve,VMRS_HB_COMPLETE_v20 page 6_pages_26-50.md
053-006-001,,053,006,Lug Wrench | 055-010-029 | Maintenance Kit - Hydraulic Control,VMRS_HB_COMPLETE_v20 page 6_pages_26-50.md
174-021-008,,174,021,"Luggage Rack - Interior Bus, Complete | 059-025-018 | Maintenance Kit - Hydraulic Control Valve",VMRS_HB_COMPLETE_v20 page 6_pages_26-50.md
002-050-141,,002,050,Luggage Stop | 055-010-005 | Maintenance Kit - Hydraulic Cylinder,VMRS_HB_COMPLETE_v20 page 6_pages_26-50.md
153-004-003,,153,004,"Lugs - Breaker, Stationary Generator | 059-016-015 | Maintenance Kit - Hydraulic Pump Assembly,",VMRS_HB_COMPLETE_v20 page 6_pages_26-50.md
059-007-001,,059,007,Lunette | | Gear Type,VMRS_HB_COMPLETE_v20 page 6_pages_26-50.md
059-007-000,,059,007,"Lunette Assembly | 059-015-014 | Maintenance kit - Hydraulic Pump Assembly,",VMRS_HB_COMPLETE_v20 page 6_pages_26-50.md
052-006-004,,052,006,"Magazine - Disc Changer, CD Player | | Vane Type",VMRS_HB_COMPLETE_v20 page 6_pages_26-50.md
022-003-143,,022,003,Magnet | 055-010-088 | Maintenance Kit - Hydraulic Relief Valve,VMRS_HB_COMPLETE_v20 page 6_pages_26-50.md
053-007-117,,053,007,"Magnet | | Assembly, Cargo Handling System",VMRS_HB_COMPLETE_v20 page 6_pages_26-50.md
174-025-026,,174,025,Magnet - School Bus Crossing Gate | 059-026-022 | Maintenance Kit - Hydraulic Relief Valve,VMRS_HB_COMPLETE_v20 page 6_pages_26-50.md
029-001-005,,029,001,"Magnet - Auxiliary Section, Manual Transmission | | Assembly, Vehicle Coupling System",VMRS_HB_COMPLETE_v20 page 6_pages_26-50.md
028-001-007,,028,001,Magnet - Auxiliary Transmission | 059-027-022 | Maintenance Kit - Single Check Valve,VMRS_HB_COMPLETE_v20 page 6_pages_26-50.md
045-008-247,,045,008,Magnet - Camshaft Position | 013-010-293 | Maintenance Kit - Thermostat Cover,VMRS_HB_COMPLETE_v20 page 6_pages_26-50.md
026-001-074,,026,001,"Magnet - Case, Transmission | 013-010-169 | Maintenance Kit - Thermostat, Air Drier",VMRS_HB_COMPLETE_v20 page 6_pages_26-50.md
027-039-007,,027,039,Magnet - Cooler Manifold | 094-008-009 | Mandrel - Air Supply Jumper Hose,VMRS_HB_COMPLETE_v20 page 6_pages_26-50.md
082-029-034,,082,029,Magnet - Door Switch | 075-003-000 | Manhole Collar,VMRS_HB_COMPLETE_v20 page 6_pages_26-50.md
042-003-111,,042,003,Magnet - Fan Drive | 075-002-000 | Manhole Cover,VMRS_HB_COMPLETE_v20 page 6_pages_26-50.md
029-007-008,,029,007,"Magnet - Intermediate Section, Manual | 075-004-000 | Manhole Cover Hold-Down Clamp Components",VMRS_HB_COMPLETE_v20 page 6_pages_26-50.md
075-000-000,,075,000,Transmission | | Manholes,VMRS_HB_COMPLETE_v20 page 6_pages_26-50.md
027-036-012,,027,036,Magnet - Oil Pan | 065-017-032 | Manifold - Hydraulic Oil Feed,VMRS_HB_COMPLETE_v20 page 6_pages_26-50.md
072-009-023,,072,009,Magnet - Power Roll-Up Door | 002-027-200 | Manifold - Air Seat,VMRS_HB_COMPLETE_v20 page 6_pages_26-50.md
018-002-015,,018,002,"Magnet - Rear Drive Wheel | 174-032-044 | Manifold - Block, Wheelchair Ramp Mechanism",VMRS_HB_COMPLETE_v20 page 6_pages_26-50.md
027-033-041,,027,033,Magnet - Shift Lever | 041-003-009 | Manifold - Blower Air Inlet,VMRS_HB_COMPLETE_v20 page 6_pages_26-50.md
032-002-082,,032,002,Magnet - Starter | 068-003-039 | Manifold - Boom,VMRS_HB_COMPLETE_v20 page 6_pages_26-50.md
036-001-023,,036,001,"Magnet - Steering Wheel Sensor Pickup, | 002-027-227 | Manifold - Button, Seat",VMRS_HB_COMPLETE_v20 page 6_pages_26-50.md
022-004-112,,022,004,"Collision Avoidance System | | Manifold - Bypass, Axle Housing",VMRS_HB_COMPLETE_v20 page 6_pages_26-50.md
065-006-012,,065,006,Magnet - Strainer | 043-001-100 | Manifold - Compressed Air Distribution,VMRS_HB_COMPLETE_v20 page 6_pages_26-50.md
269-002-002,,269,002,Magnet - Sweeper | 001-001-389 | Manifold - Compressor,VMRS_HB_COMPLETE_v20 page 6_pages_26-50.md
025-001-147,,025,001,"Magnet - Transfer Case | 151-003-056 | Manifold - Compressor, A/C, APU",VMRS_HB_COMPLETE_v20 page 6_pages_26-50.md
265-001-000,,265,001,"Magnet Assembly | 151-003-041 | Manifold - Compressor, APU",VMRS_HB_COMPLETE_v20 page 6_pages_26-50.md
002-027-194,,002,027,"Magnet, Headrest - Seat | 055-020-004 | Manifold - Control Panel",VMRS_HB_COMPLETE_v20 page 6_pages_26-50.md
265-000-000,,265,000,"Magnets | 042-003-128 | Manifold - Control, Hydraulic Fan Drive",VMRS_HB_COMPLETE_v20 page 6_pages_26-50.md
026-003-001,,026,003,"Main Bearing Assembly - Transmission, Front, | 014-008-011 | Manifold - Convolute Tubing",VMRS_HB_COMPLETE_v20 page 6_pages_26-50.md
362-002-018,,362,002,Manual TransmissionMain Board - Indicator | 043-007-184 | Manifold - Coolant Electric Drive System,VMRS_HB_COMPLETE_v20 page 6_pages_26-50.md
153-002-016,,153,002,Main Body Assembly Alternator (AC) | 042 014 000 | Manifold Coolant High Voltage Battery Electric,VMRS_HB_COMPLETE_v20 page 6_pages_26-50.md
155-002-010,,155,002,Stationary Generator | 042-014-003 | Vehicle,VMRS_HB_COMPLETE_v20 page 6_pages_26-50.md
171-009-002,,171,009,Main Chute | 082-004-072 | Manifold - Discharge,VMRS_HB_COMPLETE_v20 page 6_pages_26-50.md
055-020-018,,055,020,"Main Control Valve - Control Panel | 082-002-029 | Manifold - Discharge, Compressor, Mechanical",VMRS_HB_COMPLETE_v20 page 6_pages_26-50.md
028-003-000,,028,003,Main Drive | | Refrigeration Unit,VMRS_HB_COMPLETE_v20 page 6_pages_26-50.md
028-003-001,,028,003,"Main Drive Assembly | 365-007-050 | Manifold - Discharge, Paint Pump",VMRS_HB_COMPLETE_v20 page 6_pages_26-50.md
055-029-005,,055,029,"Main Harness - Liftgate Battery Charging | 043-006-133 | Manifold - Dosing Injection, Aftertreatment",VMRS_HB_COMPLETE_v20 page 6_pages_26-50.md
291-001-001,,291,001,Main Pump | | Device,VMRS_HB_COMPLETE_v20 page 6_pages_26-50.md
291-001-000,,291,001,Main Pumping Assembly | 044-002-048 | Manifold - Dual,VMRS_HB_COMPLETE_v20 page 6_pages_26-50.md
153-002-010,,153,002,"Main Rotor Assembly - Alternator (AC), | 043-002-001 | Manifold - Exhaust",VMRS_HB_COMPLETE_v20 page 6_pages_26-50.md
043-002-038,,043,002,Stationary Generator | | Manifold - Exhaust w/Integrated Catalytic,VMRS_HB_COMPLETE_v20 page 6_pages_26-50.md
002-048-143,,002,048,Converter | | Mat - Footstop,VMRS_HB_COMPLETE_v20 page 6_pages_26-50.md
013-009-111,,013,009,"Manifold - Exhaust, Air Compressor | 002-050-151 | Mat - Heater Compartment",VMRS_HB_COMPLETE_v20 page 6_pages_26-50.md
151-001-112,,151,001,"Manifold - Exhaust, APU | 053-014-050 | Mat - Office",VMRS_HB_COMPLETE_v20 page 6_pages_26-50.md
082-040-013,,082,040,"Manifold - Exhaust, Reefer | 002-050-149 | Mat - Rear Shelf",VMRS_HB_COMPLETE_v20 page 6_pages_26-50.md
044-003-015,,044,003,"Manifold - Fuel | 002-013-009 | Mat - Rubber, Driver",VMRS_HB_COMPLETE_v20 page 6_pages_26-50.md
365-009-019,,365,009,"Manifold - Glass Tank | 002-048-013 | Mat - Rubber, Driver",VMRS_HB_COMPLETE_v20 page 6_pages_26-50.md
001-002-157,,001,002,"Manifold - Heater Plumbing | 071-028-013 | Mat - Rubber, Glass Rack",VMRS_HB_COMPLETE_v20 page 6_pages_26-50.md
098-012-012,,098,012,"Manifold - Hydraulic Control | 002-013-010 | Mat - Rubber, Passenger",VMRS_HB_COMPLETE_v20 page 6_pages_26-50.md
026-015-030,,026,015,"Manifold - Hydraulic Control Unit, Automation | 002-048-014 | Mat - Rubber, Passenger",VMRS_HB_COMPLETE_v20 page 6_pages_26-50.md
002-040-060,,002,040,"Controls | | Mat - Step, Cab Entry",VMRS_HB_COMPLETE_v20 page 6_pages_26-50.md
041-002-001,,041,002,Manifold - Intake | 002-050-152 | Mat - Tool Compartment,VMRS_HB_COMPLETE_v20 page 6_pages_26-50.md
082-041-054,,082,041,"Manifold - Intake, Engine, Reefer | 102-062-039 | Mat - TrunkMeterial Drier",VMRS_HB_COMPLETE_v20 page 6_pages_26-50.md
040-009-007,,040,009,Manifold Oil High Proceure (HELII) | 192-009-000 | Material Uner,VMRS_HB_COMPLETE_v20 page 6_pages_26-50.md
044-014-020,,044,014,"Manifold - Oll, High Flessure (HEOI)Manifold - Plumbing, Tank Heater | 102-008-000 | Material Heater",VMRS_HB_COMPLETE_v20 page 6_pages_26-50.md
065-009-000,,065,009,Manifold - Rotary (Swivel) | 192-001-000 | Material Hopper,VMRS_HB_COMPLETE_v20 page 6_pages_26-50.md
065-009-001,,065,009,Manifold - Rotary Assembly | 053-003-000 | Mattress,VMRS_HB_COMPLETE_v20 page 6_pages_26-50.md
003-004-038,,003,004,Manifold - Shutdown Devices | 053-003-001 | Mattress,VMRS_HB_COMPLETE_v20 page 6_pages_26-50.md
365-009-036,,365,009,"Manifold - Strainer, Surge Tank | 002-050-312 | Mattress - Foam",VMRS_HB_COMPLETE_v20 page 6_pages_26-50.md
042-002-202,,042,002,Manifold - Surge Tank | 002-050-313 | Mattress - Spring,VMRS_HB_COMPLETE_v20 page 6_pages_26-50.md
025-001-070,,025,001,Manifold - Transfer Case | 002-050-323 | Mattress - Upper Bunk,VMRS_HB_COMPLETE_v20 page 6_pages_26-50.md
042-005-001,,042,005,Manifold - Water | 071-004-010 | Meat Rail,VMRS_HB_COMPLETE_v20 page 6_pages_26-50.md
043-001-016,,043,001,Manifold Assembly - Air | 083-002-006 | Mechanical Parts - Ring Assembly,VMRS_HB_COMPLETE_v20 page 6_pages_26-50.md
071-033-005,,071,033,"Manifold Assembly - Tarp System, Walking Floor | 082-000-000 | Mechanical Refrigeration Unit - (MRU)",VMRS_HB_COMPLETE_v20 page 6_pages_26-50.md
071-033-026,,071,033,Manifold Assembly - Walking Floor | 097-002-009 | Mechanical Seal Assembly,VMRS_HB_COMPLETE_v20 page 6_pages_26-50.md
095-001-000,,095,001,"Manifold Assembly W/Fittings | 002-027-325 | Mechanism - Adjust, Seat Recline",VMRS_HB_COMPLETE_v20 page 6_pages_26-50.md
095-000-000,,095,000,"Manifold Components | 002-027-294 | Mechanism - Adjust, Seat Track",VMRS_HB_COMPLETE_v20 page 6_pages_26-50.md
053-100-000,,053,100,"Manual | 061-004-010 | Mechanism - Adjustment, Compression, Main",VMRS_HB_COMPLETE_v20 page 6_pages_26-50.md
053-100-002,,053,100,Manual - Miscellaneous | 000 010 147 | BroomMachaniam Dear Latah,VMRS_HB_COMPLETE_v20 page 6_pages_26-50.md
053-100-001,,053,100,Manual - Owners | 002-018-147 | Mechanism - Door LaichMechanism Lift and Adjustment Side Preem,VMRS_HB_COMPLETE_v20 page 6_pages_26-50.md
053-100-004,,053,100,Manual - ParisManual - Renair | 002-02-327 | Mechanism - Seat Polease,VMRS_HB_COMPLETE_v20 page 6_pages_26-50.md
053-100-005,,053,100,Manual - Service | 025-001-005 | Mechanism - Shifting Transfer Case,VMRS_HB_COMPLETE_v20 page 6_pages_26-50.md
071-033-012,,071,033,Manual Overdrive Valve - Electrically Activated | 002-004-247 | Mechanism - Snow Door Hood,VMRS_HB_COMPLETE_v20 page 6_pages_26-50.md
011-000-012,,011,000,Walking Floor | 154-000-000 | Medical Devices,VMRS_HB_COMPLETE_v20 page 6_pages_26-50.md
013-001-120,,013,001,"Manual Override - Adjustment, Wheel Cylinder | 082-001-078 | Member - Blower",VMRS_HB_COMPLETE_v20 page 6_pages_26-50.md
002-050-336,,002,050,Map Pouch | 082-007-050 | Member - Blower,VMRS_HB_COMPLETE_v20 page 6_pages_26-50.md
053-999-146,,053,999,"Marker - Glass | 014-001-061 | Member - Center, Cross Member",VMRS_HB_COMPLETE_v20 page 6_pages_26-50.md
034-004-372,,034,004,"Marker Lamp - Blackout, Military | 002-046-072 | Member - Center, Sliding Glass Window",VMRS_HB_COMPLETE_v20 page 6_pages_26-50.md
002-010-021,,002,010,"Marker Lamp - Outside Mirror | 014-001-062 | Member - End, Cross Member",VMRS_HB_COMPLETE_v20 page 6_pages_26-50.md
053-005-016,,053,005,Marking Kit - Military | 016-004-001 | Member - Front Stabilizer (Shatt Or Radius Arm),VMRS_HB_COMPLETE_v20 page 6_pages_26-50.md
174-037-000,,174,037,"Markings - Bus BodyMarkings - Vohiele | 002-040-071 | Member - Sliding Glass Window, Lower",VMRS_HB_COMPLETE_v20 page 6_pages_26-50.md
154-001-002,,154,001,Mask CDAD | 014-001-030 | Membrano Housing Carrier,VMRS_HB_COMPLETE_v20 page 6_pages_26-50.md
002-008-085,,002,008,"Mask - Unstrument Cluster | 021-001-105 | Membrane Cover - Carrier Housing, Driven Front",VMRS_HB_COMPLETE_v20 page 6_pages_26-50.md
053-010-011,,053,010,Mask - Respirator | 021-001-100 | Steer Axle,VMRS_HB_COMPLETE_v20 page 6_pages_26-50.md
002-025-051,,002,025,Mask - Windshield | 365-013-013 | Mender - Tire Spray System,VMRS_HB_COMPLETE_v20 page 6_pages_26-50.md
053-998-031,,053,998,Masking Paper | 003-001-078 | Message Center Assembly,VMRS_HB_COMPLETE_v20 page 6_pages_26-50.md
055-016-001,,055,016,"Mast - Inner, Lift System | 053-005-002 | Metal Signs - Letters, Numbers, Symbols",VMRS_HB_COMPLETE_v20 page 6_pages_26-50.md
055-007-006,,055,007,"Mast - Inner, Power Tailgate | 003-003-001 | Meter",VMRS_HB_COMPLETE_v20 page 6_pages_26-50.md
055-007-019,,055,007,"Mast - Outer, Lift Truck | 291-003-008 | Meter - Conductivity, Bubble Detector, Air",VMRS_HB_COMPLETE_v20 page 6_pages_26-50.md
055-016-000,,055,016,Mast Assembly - Power Tailgate | | Eliminator Vessel,VMRS_HB_COMPLETE_v20 page 6_pages_26-50.md
055-007-000,,055,007,Mast Assembly - Lift Truck | 294-001-005 | Meter - Fuel Meter,VMRS_HB_COMPLETE_v20 page 6_pages_26-50.md
098-013-014,,098,013,Master Control Valve - Bulk Product Transfer | 053-006-134 | Meter - Volt/Ohm,VMRS_HB_COMPLETE_v20 page 6_pages_26-50.md
023-004-003,,023,004,Master Cylinder - Automated Clutch | 003-003-000 | Meter Components,VMRS_HB_COMPLETE_v20 page 6_pages_26-50.md
013-006-001,,013,006,Master Cylinder - Brake | 078-005-000 | Meter Components,VMRS_HB_COMPLETE_v20 page 6_pages_26-50.md
013-006-013,,013,006,"Master Cylinder - Brake, Hydraulic AssistMaster Cylinder Assembly - Brake and Clutch | 078-005-003 | Metering Device Discel Exhaust Eluid",VMRS_HB_COMPLETE_v20 page 6_pages_26-50.md
013-000-052,,013,000,Master Cylinder Assembly - Drake and Clutch | 043-007-030 | Metering Unit Automatic Chassis Lubricator,VMRS_HB_COMPLETE_v20 page 6_pages_26-50.md
023-001-020,,023,001,Master Stat - Intercom | 013-002-144 | Metering Valve - Hydraulic Disc Brakes,VMRS_HB_COMPLETE_v20 page 6_pages_26-50.md
001-001-101,,001,001,Master Switch - Electrical (Vacuum-Auto) | 013-001-061 | Metering Valve - Hydraulic Disc Brakes Front,VMRS_HB_COMPLETE_v20 page 6_pages_26-50.md
053-998-032,,053,998,Mastic | 013-014-061 | Metering Valve - Hydraulic Disc Brakes Tag/,VMRS_HB_COMPLETE_v20 page 6_pages_26-50.md
053-014-045,,053,014,Mat - Absorbent | | Pusher Axle,VMRS_HB_COMPLETE_v20 page 6_pages_26-50.md
002-050-150,,002,050,Mat - Bag Compartment | 078-005-001 | Meters,VMRS_HB_COMPLETE_v20 page 6_pages_26-50.md
002-048-057,,002,048,Mat - Baggage Compartment | 002-022-018 | Micro Switch,VMRS_HB_COMPLETE_v20 page 6_pages_26-50.md
002-013-012,,002,013,Mat - Cab Floor | 078-017-018 | Micro Switch - Tarp Roller,VMRS_HB_COMPLETE_v20 page 6_pages_26-50.md
002-048-092,,002,048,"Mat - Cab Floor | 052-003-043 | Microphone - Bluetooth Protocol, Radio",VMRS_HB_COMPLETE_v20 page 6_pages_26-50.md
002-050-148,,002,050,Mat - Closet Shelf | 174-024-144 | Microphone - Bus PA System,VMRS_HB_COMPLETE_v20 page 6_pages_26-50.md
002-011-118,,002,011,Mat - Console | 052-005-003 | Microphone - CB Radio,VMRS_HB_COMPLETE_v20 page 6_pages_26-50.md
071-001-035,,071,001,"Mat - Covering, Floor | 052-013-012 | Microphone - Intercom Headset",VMRS_HB_COMPLETE_v20 page 6_pages_26-50.md
002-048-216,,002,048,"ivial - Floor, Refrigerator | 051-008-021 | wicrophone - Navigation System, GPS",VMRS_HB_COMPLETE_v20 page 6_pages_26-50.md
