code_9d,code_6d,system,subcode,description,source_file
082-009-026,,082,009,Check Valve - Receiver Tank,VMRS_HB_COMPLETE_v20 page 5_pages_51-75.md
034-004-157,,034,004,"Circuit Board - Load Center, Trailer",VMRS_HB_COMPLETE_v20 page 5_pages_51-75.md
065-016-022,,065,016,"Check Valve - Reciprocating Pump, Hydraulic",VMRS_HB_COMPLETE_v20 page 5_pages_51-75.md
082-012-044,,082,012,Circuit Board - Mounting Hardware,VMRS_HB_COMPLETE_v20 page 5_pages_51-75.md
072-009-013,,072,009,Circuit Board - Power Roll-Up Door,VMRS_HB_COMPLETE_v20 page 5_pages_51-75.md
082-039-024,,082,039,Check Valve - Reefer,VMRS_HB_COMPLETE_v20 page 5_pages_51-75.md
056-001-155,,056,001,Circuit Board - PTO,VMRS_HB_COMPLETE_v20 page 5_pages_51-75.md
045-012-042,,045,012,Check Valve - Secondary Oil Filtration,VMRS_HB_COMPLETE_v20 page 5_pages_51-75.md
267-005-012,,267,005,Circuit Board - Selector,VMRS_HB_COMPLETE_v20 page 5_pages_51-75.md
071-033-014,,071,033,"Check Valve - Tarp System, Walking Floor",VMRS_HB_COMPLETE_v20 page 5_pages_51-75.md
027-033-028,,027,033,Circuit Board - Shift Selector,VMRS_HB_COMPLETE_v20 page 5_pages_51-75.md
027-003-027,,027,003,Check Valve - Transmission Retarder,VMRS_HB_COMPLETE_v20 page 5_pages_51-75.md
036-008-023,,036,008,Circuit Board - Surveillance System,VMRS_HB_COMPLETE_v20 page 5_pages_51-75.md
082-002-077,,082,002,Check Valve - Unloader Head,VMRS_HB_COMPLETE_v20 page 5_pages_51-75.md
034-002-084,,034,002,Circuit Board - Tail Lamp,VMRS_HB_COMPLETE_v20 page 5_pages_51-75.md
043-007-236,,043,007,Check Valve - Urea Pump Inlet. One-Wav,VMRS_HB_COMPLETE_v20 page 5_pages_51-75.md
052-007-025,,052,007,Circuit Board - Television,VMRS_HB_COMPLETE_v20 page 5_pages_51-75.md
044-016-004,,044,016,"Check Valve - Vacuum Reservoir, Emission",VMRS_HB_COMPLETE_v20 page 5_pages_51-75.md
267-005-013,,267,005,Circuit Board - Upper Control,VMRS_HB_COMPLETE_v20 page 5_pages_51-75.md
001-001-186,,001,001,Circuit Board & Amplifier Assembly,VMRS_HB_COMPLETE_v20 page 5_pages_51-75.md
043-001-174,,043,001,"Check Valve - Vacuum, Early Fuel Evaporator",VMRS_HB_COMPLETE_v20 page 5_pages_51-75.md
174-024-011,,174,024,Circuit Board #1 - Bus Electrical Control,VMRS_HB_COMPLETE_v20 page 5_pages_51-75.md
043-001-151,,043,001,Check Valve - Vacuum EGB,VMRS_HB_COMPLETE_v20 page 5_pages_51-75.md
174-024-012,,174,024,Circuit Board #2 - Bus Electrical Control,VMRS_HB_COMPLETE_v20 page 5_pages_51-75.md
001-002-030,,001,002,"Check Valve - Vacuum, HVAC System",VMRS_HB_COMPLETE_v20 page 5_pages_51-75.md
013-008-006,,013,008,"Check Valve - Vacuum, Power Brakes",VMRS_HB_COMPLETE_v20 page 5_pages_51-75.md
001-002-179,,001,002,Circuit Breaker,VMRS_HB_COMPLETE_v20 page 5_pages_51-75.md
367-009-005,,367,009,Check Valve - Water System,VMRS_HB_COMPLETE_v20 page 5_pages_51-75.md
034-004-010,,034,004,Circuit Breaker,VMRS_HB_COMPLETE_v20 page 5_pages_51-75.md
082-008-037,,082,008,Check Valve Assembly - Condenser,VMRS_HB_COMPLETE_v20 page 5_pages_51-75.md
052-011-026,,052,011,Circuit Breaker,VMRS_HB_COMPLETE_v20 page 5_pages_51-75.md
082-031-044,,082,031,Check Valve Assembly - Condenser,VMRS_HB_COMPLETE_v20 page 5_pages_51-75.md
053-017-010,,053,017,Circuit Breaker,VMRS_HB_COMPLETE_v20 page 5_pages_51-75.md
050-027-000,,050,027,Check Valve Assembly - Condenser,VMRS_HB_COMPLETE_v20 page 5_pages_51-75.md
000-017-019,,000,017,,VMRS_HB_COMPLETE_v20 page 5_pages_51-75.md
201-005-012,,201,005,Check Valve Assembly - Hyurdulic System,VMRS_HB_COMPLETE_v20 page 5_pages_51-75.md
001-001-015,,001,001,Circuit Breaker Air Conditioning Wiring,VMRS_HB_COMPLETE_v20 page 5_pages_51-75.md
291-003-013,,291,003,"Check Valve Assembly - One-Way, Hose Reel",VMRS_HB_COMPLETE_v20 page 5_pages_51-75.md
151-001-016,,151,001,Circuit Breaker - All Conditioning Willing,VMRS_HB_COMPLETE_v20 page 5_pages_51-75.md
045-014-003,,045,014,Check Valve Assembly - Positive Grankcase,VMRS_HB_COMPLETE_v20 page 5_pages_51-75.md
010-000-010,,010,000,Ventilation (PCV),VMRS_HB_COMPLETE_v20 page 5_pages_51-75.md
153-004-001,,153,004,"Circuit Breaker - Complete, Stationary Generator",VMRS_HB_COMPLETE_v20 page 5_pages_51-75.md
013-006-010,,013,006,Check Valve Assembly - Residual Pressure,VMRS_HB_COMPLETE_v20 page 5_pages_51-75.md
153-005-005,,153,005,"Circuit Breaker - Control Panel, Stationary",VMRS_HB_COMPLETE_v20 page 5_pages_51-75.md
055-010-170,,055,010,Check Valve Assembly Maintenance Kit,VMRS_HB_COMPLETE_v20 page 5_pages_51-75.md
043-004-193,,043,004,Check Valve w/Sensor - Between BVU and,VMRS_HB_COMPLETE_v20 page 5_pages_51-75.md
002-010-029,,002,010,Circuit Breaker - Heated Mirror,VMRS_HB_COMPLETE_v20 page 5_pages_51-75.md
365-001-018,,365,001,Circuit Breaker - Paint Heater,VMRS_HB_COMPLETE_v20 page 5_pages_51-75.md
027-024-108,,027,024,"Check-Ball - Valve Body, Automatic Transmission",VMRS_HB_COMPLETE_v20 page 5_pages_51-75.md
053-004-050,,053,004,Circuit Breaker - Siren,VMRS_HB_COMPLETE_v20 page 5_pages_51-75.md
053-011-052,,053,011,"Chemical - Lavatory, Toilet",VMRS_HB_COMPLETE_v20 page 5_pages_51-75.md
153-004-000,,153,004,Circuit Breaker - Stationary Generator,VMRS_HB_COMPLETE_v20 page 5_pages_51-75.md
152-001-008,,152,001,Chemical Dispenser - Toilet,VMRS_HB_COMPLETE_v20 page 5_pages_51-75.md
174-024-136,,174,024,"Circuit Breaker - Wiring, Bus Body",VMRS_HB_COMPLETE_v20 page 5_pages_51-75.md
174-024-140,,174,024,Childmate System Assembly - Complete,VMRS_HB_COMPLETE_v20 page 5_pages_51-75.md
055-010-200,,055,010,"Circuit Breaker- Motor Assembly, Liftgate",VMRS_HB_COMPLETE_v20 page 5_pages_51-75.md
042-014-004,,042,014,"Chiller - Plate Heat Exchanger, Battery, High",VMRS_HB_COMPLETE_v20 page 5_pages_51-75.md
026-015-028,,026,015,"Circuit Breaker, ECU - Transmission",VMRS_HB_COMPLETE_v20 page 5_pages_51-75.md
015-003-014,,015,003,Circulating Ball - Steering Gear,VMRS_HB_COMPLETE_v20 page 5_pages_51-75.md
051-007-001,,051,007,Chime - Fire Detection,VMRS_HB_COMPLETE_v20 page 5_pages_51-75.md
094-004-027,,094,004,Clamp,VMRS_HB_COMPLETE_v20 page 5_pages_51-75.md
174-017-034,,174,017,Chime - School Bus Stop Arm Assembly,VMRS_HB_COMPLETE_v20 page 5_pages_51-75.md
013-010-446,,013,010,"Clamp - Hanger, Trailer Connect",VMRS_HB_COMPLETE_v20 page 5_pages_51-75.md
034-007-006,,034,007,Chime - Stop Request,VMRS_HB_COMPLETE_v20 page 5_pages_51-75.md
041-001-035,,041,001,Clamp - Housing Air Cleaner Cap,VMRS_HB_COMPLETE_v20 page 5_pages_51-75.md
174-038-006,,174,038,Chime - Stop Request,VMRS_HB_COMPLETE_v20 page 5_pages_51-75.md
044-007-064,,044,007,Clamp - Accelerator Cable,VMRS_HB_COMPLETE_v20 page 5_pages_51-75.md
003-001-097,,003,001,Chime Assembly - Door,VMRS_HB_COMPLETE_v20 page 5_pages_51-75.md
001-001-422,,001,001,"Clamp - Accumulator, Air Conditioning",VMRS_HB_COMPLETE_v20 page 5_pages_51-75.md
034-003-146,,034,003,"Chimes - Flasher, Turn Signal",VMRS_HB_COMPLETE_v20 page 5_pages_51-75.md
002-015-169,,002,015,"Clamp - Actuator, Fuel Door Release",VMRS_HB_COMPLETE_v20 page 5_pages_51-75.md
151-005-021,,151,005,Chip/Software - APU,VMRS_HB_COMPLETE_v20 page 5_pages_51-75.md
041-004-039,,041,004,"Clamp - Air Casting Pipe, Charge Air Cooler",VMRS_HB_COMPLETE_v20 page 5_pages_51-75.md
163-001-000,,163,001,Chipper Assembly,VMRS_HB_COMPLETE_v20 page 5_pages_51-75.md
013-010-346,,013,010,"Clamp - Air Drier, Air Brake",VMRS_HB_COMPLETE_v20 page 5_pages_51-75.md
163-000-000,,163,000,Chipping/Grinding,VMRS_HB_COMPLETE_v20 page 5_pages_51-75.md
031-001-091,,031,001,"Clamp - Air Duct, Alternator",VMRS_HB_COMPLETE_v20 page 5_pages_51-75.md
053-006-192,,053,006,Chisel,VMRS_HB_COMPLETE_v20 page 5_pages_51-75.md
016-022-017,,016,022,"Clamp - Air Filter, Active Suspension",VMRS_HB_COMPLETE_v20 page 5_pages_51-75.md
053-004-087,,053,004,"Chock - Pipe, Load Securement",VMRS_HB_COMPLETE_v20 page 5_pages_51-75.md
151-002-027,,151,002,"Clamp - Air Hose, Heater Intake, APU",VMRS_HB_COMPLETE_v20 page 5_pages_51-75.md
053-004-013,,053,004,Chock - Wheel,VMRS_HB_COMPLETE_v20 page 5_pages_51-75.md
091-003-039,,091,003,Clamp - Air Intake,VMRS_HB_COMPLETE_v20 page 5_pages_51-75.md
044-005-023,,044,005,Choke Assembly - Automatic,VMRS_HB_COMPLETE_v20 page 5_pages_51-75.md
043-004-164,,043,004,"Clamp - Air Intake Tube, Turbocharger",VMRS_HB_COMPLETE_v20 page 5_pages_51-75.md
044-005-033,,044,005,Choke Linkage & Fast Idle Cam,VMRS_HB_COMPLETE_v20 page 5_pages_51-75.md
016-008-103,,016,008,"Clamp - Air Line, Rear Suspension",VMRS_HB_COMPLETE_v20 page 5_pages_51-75.md
141-001-025,,141,001,"Chopper - Main Power Converter, Hydrogen Fuel",VMRS_HB_COMPLETE_v20 page 5_pages_51-75.md
016-009-040,,016,009,"Clamp - Air Spring, Lower",VMRS_HB_COMPLETE_v20 page 5_pages_51-75.md
016-009-039,,016,009,"Clamp - Air Spring, Upper",VMRS_HB_COMPLETE_v20 page 5_pages_51-75.md
053-008-016,,053,008,Chuck (Connector) - Air Hose,VMRS_HB_COMPLETE_v20 page 5_pages_51-75.md
031-001-075,,031,001,Clamp - Alternator,VMRS_HB_COMPLETE_v20 page 5_pages_51-75.md
002-027-106,,002,027,Chugger Kit,VMRS_HB_COMPLETE_v20 page 5_pages_51-75.md
001-001-463,,001,001,Clamp - Ambient Air Temperature Sensor,VMRS_HB_COMPLETE_v20 page 5_pages_51-75.md
078-021-001,,078,021,Chute,VMRS_HB_COMPLETE_v20 page 5_pages_51-75.md
052-012-016,,052,012,"Clamp - Antenna Cable, Cell Phone",VMRS_HB_COMPLETE_v20 page 5_pages_51-75.md
082-043-001,,082,043,Chute - Air,VMRS_HB_COMPLETE_v20 page 5_pages_51-75.md
053-014-029,,053,014,Clamp - Aqueous Parts Washer,VMRS_HB_COMPLETE_v20 page 5_pages_51-75.md
172-007-088,,172,007,Chute - Loader,VMRS_HB_COMPLETE_v20 page 5_pages_51-75.md
053-001-038,,053,001,Clamp - Automatic Traction Device,VMRS_HB_COMPLETE_v20 page 5_pages_51-75.md
016-005-117,,016,005,Clamp - Avlo,VMRS_HB_COMPLETE_v20 page 5_pages_51-75.md
171-000-004,,171,000,Chute Assembly - Concrete Mixer,VMRS_HB_COMPLETE_v20 page 5_pages_51-75.md
032-001-053,,032,001,Clamp Battony Cablo,VMRS_HB_COMPLETE_v20 page 5_pages_51-75.md
171-009-004,,171,009,Chute Look,VMRS_HB_COMPLETE_v20 page 5_pages_51-75.md
032-001-000,,032,001,Clamp Battery Cable,VMRS_HB_COMPLETE_v20 page 5_pages_51-75.md
171-009-007,,171,009,Chute Chutter & Step,VMRS_HB_COMPLETE_v20 page 5_pages_51-75.md
040-003-015,,040,003,Clamp - Battery Tray,VMRS_HB_COMPLETE_v20 page 5_pages_51-75.md
171-009-005,,171,009,Chute Shuller & Slop,VMRS_HB_COMPLETE_v20 page 5_pages_51-75.md
014-005-074,,014,005,Clamp - Dalley Tray,VMRS_HB_COMPLETE_v20 page 5_pages_51-75.md
171-010-001,,171,010,Chute Wash Assembly,VMRS_HB_COMPLETE_v20 page 5_pages_51-75.md
043-001-108,,043,001,"Clamp - Bellows, Connector, Altertreatment to",VMRS_HB_COMPLETE_v20 page 5_pages_51-75.md
171-010-000,,171,010,Chule wash System - Onboard,VMRS_HB_COMPLETE_v20 page 5_pages_51-75.md
015-010-007,,015,010,EGR,VMRS_HB_COMPLETE_v20 page 5_pages_51-75.md
171-009-000,,171,009,Chutes,VMRS_HB_COMPLETE_v20 page 5_pages_51-75.md
015-013-007,,015,013,"Clamp - Bellows, Rack & Pinion, Steering Gear",VMRS_HB_COMPLETE_v20 page 5_pages_51-75.md
052-001-009,,052,001,Cigar Lighter Assembly - Complete,VMRS_HB_COMPLETE_v20 page 5_pages_51-75.md
001-001-111,,001,001,LINKage,VMRS_HB_COMPLETE_v20 page 5_pages_51-75.md
052-001-000,,052,001,"Cigar, Cigarette Lighter",VMRS_HB_COMPLETE_v20 page 5_pages_51-75.md
001-001-411,,001,001,"Clamp - Blower Case, HVAC",VMRS_HB_COMPLETE_v20 page 5_pages_51-75.md
462-002-007,,462,002,"Circuit - Hydraulic Tool, Platform",VMRS_HB_COMPLETE_v20 page 5_pages_51-75.md
001-004-028,,001,004,"Clamp - Blower Wheel, Sleeper",VMRS_HB_COMPLETE_v20 page 5_pages_51-75.md
019-002-052,,019,002,Circuit Board - Automatic Chassis Lubricator,VMRS_HB_COMPLETE_v20 page 5_pages_51-75.md
021-001-128,,021,001,"Clamp - Boot, Cardan Joint (CV)",VMRS_HB_COMPLETE_v20 page 5_pages_51-75.md
052-008-018,,052,008,"Circuit Board - Condenser, Refrigerator",VMRS_HB_COMPLETE_v20 page 5_pages_51-75.md
024-002-054,,024,002,"Clamp - Boot, Drive Shaft",VMRS_HB_COMPLETE_v20 page 5_pages_51-75.md
082-012-022,,082,012,Circuit Board - Control Box,VMRS_HB_COMPLETE_v20 page 5_pages_51-75.md
015-002-086,,015,002,"Clamp - Boot, Steering Column",VMRS_HB_COMPLETE_v20 page 5_pages_51-75.md
055-023-052,,055,023,"Circuit Board - Controls, Wheelchair Lift",VMRS_HB_COMPLETE_v20 page 5_pages_51-75.md
072-004-074,,072,004,"Clamp - Bracket, Balancer",VMRS_HB_COMPLETE_v20 page 5_pages_51-75.md
034-001-152,,034,001,Circuit Board - Headlamp,VMRS_HB_COMPLETE_v20 page 5_pages_51-75.md
174-033-029,,174,033,"Clamp - Bracket, Control Unit",VMRS_HB_COMPLETE_v20 page 5_pages_51-75.md
002-008-083,,002,008,Circuit Board - Instrument Panel,VMRS_HB_COMPLETE_v20 page 5_pages_51-75.md
002-010-101,,002,010,"Clamp - Bracket, Mirror",VMRS_HB_COMPLETE_v20 page 5_pages_51-75.md
034-004-397,,034,004,Circuit Board - Lamp Monitor,VMRS_HB_COMPLETE_v20 page 5_pages_51-75.md
013-010-340,,013,010,Clamp - Brake Chamber,VMRS_HB_COMPLETE_v20 page 5_pages_51-75.md
024-004-100,,024,004,Clamp Bumper Guide Kit,VMRS_HB_COMPLETE_v20 page 5_pages_51-75.md
052-009-007,,052,009,Clamp Concrol,VMRS_HB_COMPLETE_v20 page 5_pages_51-75.md
174-029-044,,174,029,Clamp - Bus Rody A/C System Hose,VMRS_HB_COMPLETE_v20 page 5_pages_51-75.md
033-006-007,,033,006,Clamp Governor Engine,VMRS_HB_COMPLETE_v20 page 5_pages_51-75.md
002-036-125,,002,036,Clamp - Dus Douy A/C System Hose,VMRS_HB_COMPLETE_v20 page 5_pages_51-75.md
462-015-002,,462,015,"Clamp - Governor, Engine",VMRS_HB_COMPLETE_v20 page 5_pages_51-75.md
053-007-064,,053,007,Clamp - Cable,VMRS_HB_COMPLETE_v20 page 5_pages_51-75.md
402-013-002,,402,013,"Clamp - Handle, Deck Lid",VMRS_HB_COMPLETE_v20 page 5_pages_51-75.md
044-011-042,,044,011,Clamp - Cable Cruise Control,VMRS_HB_COMPLETE_v20 page 5_pages_51-75.md
002-023-088,,002,023,"Clamp - Handle, Door Window",VMRS_HB_COMPLETE_v20 page 5_pages_51-75.md
002-018-197,,002,018,"Clamp - Cable, Door Lock",VMRS_HB_COMPLETE_v20 page 5_pages_51-75.md
016-002-059,,016,002,Clamp - Hanger Bear Front Suspension,VMRS_HB_COMPLETE_v20 page 5_pages_51-75.md
044-007-041,,044,007,"Clamp - Cable, Hand Throttle",VMRS_HB_COMPLETE_v20 page 5_pages_51-75.md
034-001-168,,034,001,Clamp - Headlamp,VMRS_HB_COMPLETE_v20 page 5_pages_51-75.md
365-001-027,,365,001,"Clamp - Cable, Paint Heater",VMRS_HB_COMPLETE_v20 page 5_pages_51-75.md
043-004-081,,043,004,Clamp - Heat Shield,VMRS_HB_COMPLETE_v20 page 5_pages_51-75.md
002-020-028,,002,020,"Clamp - Cable, Side Door Release",VMRS_HB_COMPLETE_v20 page 5_pages_51-75.md
043-006-117,,043,006,"Clamp - Heat Shield, Exhaust Aftertreatment",VMRS_HB_COMPLETE_v20 page 5_pages_51-75.md
043-006-118,,043,006,Clamp - Catalytic Converter,VMRS_HB_COMPLETE_v20 page 5_pages_51-75.md
055-009-035,,055,009,Clamp - Chain Anchor,VMRS_HB_COMPLETE_v20 page 5_pages_51-75.md
043-003-074,,043,003,"Clamp - Heat Shield, Exhaust Pipe",VMRS_HB_COMPLETE_v20 page 5_pages_51-75.md
004-005-018,,004,005,Clamp - Chassis Fairing,VMRS_HB_COMPLETE_v20 page 5_pages_51-75.md
001-002-197,,001,002,Clamp - Heater Control Valve,VMRS_HB_COMPLETE_v20 page 5_pages_51-75.md
171-010-003,,171,010,Clamp - Chute Wash,VMRS_HB_COMPLETE_v20 page 5_pages_51-75.md
001-002-203,,001,002,Clamp - Heater Core,VMRS_HB_COMPLETE_v20 page 5_pages_51-75.md
015-003-016,,015,003,Clamp - Circulating Ball Guide,VMRS_HB_COMPLETE_v20 page 5_pages_51-75.md
016-022-022,,016,022,"Clamp - Height Sensor, Active Suspension",VMRS_HB_COMPLETE_v20 page 5_pages_51-75.md
043-004-140,,043,004,"Clamp - Compressed Air Line, Turbocompound",VMRS_HB_COMPLETE_v20 page 5_pages_51-75.md
014-005-009,,014,005,"Clamp - Hold-Down, Battery",VMRS_HB_COMPLETE_v20 page 5_pages_51-75.md
027-038-003,,027,038,Clamp - Connector,VMRS_HB_COMPLETE_v20 page 5_pages_51-75.md
043-002-025,,043,002,"Clamp - Hold-Down, Exhaust Manifold",VMRS_HB_COMPLETE_v20 page 5_pages_51-75.md
142-009-009,,142,009,"Clamp - Constant Tension Band, LNG",VMRS_HB_COMPLETE_v20 page 5_pages_51-75.md
065-007-003,,065,007,"Clamp - Hold-Down, Hoses",VMRS_HB_COMPLETE_v20 page 5_pages_51-75.md
002-001-041,,002,001,"Clamp - Control Rod, Latch, Liligate",VMRS_HB_COMPLETE_v20 page 5_pages_51-75.md
065-008-004,,065,008,"Clamp - Hold-Down, Injector",VMRS_HB_COMPLETE_v20 page 5_pages_51-75.md
043-004-171,,043,004,"Clamp - Coolant Line, Turbocharger",VMRS_HB_COMPLETE_v20 page 5_pages_51-75.md
000-000-004,,000,000,"Clamp Hold Down, Manholo Covor",VMRS_HB_COMPLETE_v20 page 5_pages_51-75.md
042-002-174,,042,002,Clamp - Coolant Pre-Heater Liquid Eueled,VMRS_HB_COMPLETE_v20 page 5_pages_51-75.md
075-004-002,,075,004,Clamp - Hood Belease Cable,VMRS_HB_COMPLETE_v20 page 5_pages_51-75.md
042-002-084,,042,002,Clamp - Cooler Line,VMRS_HB_COMPLETE_v20 page 5_pages_51-75.md
053-008-020,,053,008,Clamp - Hose,VMRS_HB_COMPLETE_v20 page 5_pages_51-75.md
043-001-156,,043,001,"Clamp - Cooler to Valve, EGB",VMRS_HB_COMPLETE_v20 page 5_pages_51-75.md
013-010-375,,013,010,Clamp - Hose & Cable Tender,VMRS_HB_COMPLETE_v20 page 5_pages_51-75.md
045-020-008,,045,020,"Clamp - Cover, Engine Appearance",VMRS_HB_COMPLETE_v20 page 5_pages_51-75.md
055-010-192,,055,010,Clamp - Hose Guide Channel,VMRS_HB_COMPLETE_v20 page 5_pages_51-75.md
015-005-088,,015,005,"Clamp - Cover, Oil Pump Tank",VMRS_HB_COMPLETE_v20 page 5_pages_51-75.md
043-004-016,,043,004,"Clamp - Hose, Air Intake",VMRS_HB_COMPLETE_v20 page 5_pages_51-75.md
002-029-046,,002,029,"Clamp - Cover, Seat Cushion",VMRS_HB_COMPLETE_v20 page 5_pages_51-75.md
041-004-012,,041,004,"Clamp - Hose, Charge Air Cooler",VMRS_HB_COMPLETE_v20 page 5_pages_51-75.md
057-001-019,,057,001,"Clamp - Cover, Spare Tire",VMRS_HB_COMPLETE_v20 page 5_pages_51-75.md
082-008-074,,082,008,"Clamp - Hose, (MRU)",VMRS_HB_COMPLETE_v20 page 5_pages_51-75.md
041-003-016,,041,003,Clamp - Crossover Hose,VMRS_HB_COMPLETE_v20 page 5_pages_51-75.md
041-001-019,,041,001,"Clamp - Hose, Air Cleaner",VMRS_HB_COMPLETE_v20 page 5_pages_51-75.md
071-026-016,,071,026,Clamp - Curtain,VMRS_HB_COMPLETE_v20 page 5_pages_51-75.md
001-001-160,,001,001,"Clamp - Hose, Air Conditioning",VMRS_HB_COMPLETE_v20 page 5_pages_51-75.md
002-046-063,,002,046,"Clamp - Cushioned Holder, Exterior",VMRS_HB_COMPLETE_v20 page 5_pages_51-75.md
001-003-022,,001,003,"Clamp - Hose, Auxiliary Heater",VMRS_HB_COMPLETE_v20 page 5_pages_51-75.md
002-036-031,,002,036,"Clamp - Cushioned, Pull Cable",VMRS_HB_COMPLETE_v20 page 5_pages_51-75.md
174-027-017,,174,027,"Clamp - Hose, Bus Entrance Step Heater",VMRS_HB_COMPLETE_v20 page 5_pages_51-75.md
041-005-011,,041,005,Clamp - Cylinder,VMRS_HB_COMPLETE_v20 page 5_pages_51-75.md
174-026-017,,174,026,"Clamp - Hose, Bus Passenger Heater",VMRS_HB_COMPLETE_v20 page 5_pages_51-75.md
055-009-032,,055,009,Clamp - Cylinder Boot,VMRS_HB_COMPLETE_v20 page 5_pages_51-75.md
042-007-012,,042,007,"Clamp - Hose, Coolant Filter",VMRS_HB_COMPLETE_v20 page 5_pages_51-75.md
045-010-015,,045,010,Clamp - Dipstick Tube,VMRS_HB_COMPLETE_v20 page 5_pages_51-75.md
041-004-050,,041,004,"Clamp - Hose, Coolant, Charge Air Cooler",VMRS_HB_COMPLETE_v20 page 5_pages_51-75.md
091-003-007,,091,003,"Clamp - Diverter valve Housing, Opper Hall To",VMRS_HB_COMPLETE_v20 page 5_pages_51-75.md
040-014-018,,040,014,"Clamp - Hose, Crankcase Venulation",VMRS_HB_COMPLETE_v20 page 5_pages_51-75.md
002-010-130,,002,010,Clamp Door Mirror,VMRS_HB_COMPLETE_v20 page 5_pages_51-75.md
002-060-037,,002,060,"Clamp - Hose, Drain, Slowage Compartment,",VMRS_HB_COMPLETE_v20 page 5_pages_51-75.md
002-010-150,,002,010,Clamp - Door Million,VMRS_HB_COMPLETE_v20 page 5_pages_51-75.md
002-006-111,,002,006,Clamp - Hose Drain Suproof,VMRS_HB_COMPLETE_v20 page 5_pages_51-75.md
002-006-116,,002,006,"Clamp - Drain rubeClamp - Drive Cable Guide, Suproof",VMRS_HB_COMPLETE_v20 page 5_pages_51-75.md
001-002-163,,001,002,"Clamp - Hose, Diatil, Outrioon",VMRS_HB_COMPLETE_v20 page 5_pages_51-75.md
142-009-006,,142,009,Clamp - Dual Hose LNG,VMRS_HB_COMPLETE_v20 page 5_pages_51-75.md
044-015-030,,044,015,Clamp - Hose Fuel Heater Electrical,VMRS_HB_COMPLETE_v20 page 5_pages_51-75.md
001-001-379,,001,001,Clamp - Duct Hose,VMRS_HB_COMPLETE_v20 page 5_pages_51-75.md
044-009-021,,044,009,"Clamp - Hose, Fuel Heater, Non-Electrical",VMRS_HB_COMPLETE_v20 page 5_pages_51-75.md
041-001-098,,041,001,"Clamp - Duct, Air Intake",VMRS_HB_COMPLETE_v20 page 5_pages_51-75.md
002-065-005,,002,065,"Clamp - Hose, Headlamp Washer",VMRS_HB_COMPLETE_v20 page 5_pages_51-75.md
001-004-098,,001,004,"Clamp - Duct, Auxiliary HVAC System, Sleeper",VMRS_HB_COMPLETE_v20 page 5_pages_51-75.md
043-007-095,,043,007,"Clamp - Hose, Heated Return Hose, Pump to",VMRS_HB_COMPLETE_v20 page 5_pages_51-75.md
041-004-031,,041,004,"Clamp - Duct, Charge Air Cooler",VMRS_HB_COMPLETE_v20 page 5_pages_51-75.md
001-003-113,,001,003,"Clamp - Duct, Warm Air Outlet, Auxiliary Heater",VMRS_HB_COMPLETE_v20 page 5_pages_51-75.md
043-007-089,,043,007,"Clamp - Hose, Heated Supply Hose, Pump to",VMRS_HB_COMPLETE_v20 page 5_pages_51-75.md
016-020-015,,016,020,"Clamp - Dust Cover, Strut",VMRS_HB_COMPLETE_v20 page 5_pages_51-75.md
043-001-093,,043,001,Clamp - EGR Pipe,VMRS_HB_COMPLETE_v20 page 5_pages_51-75.md
043-007-086,,043,007,"Clamp - Hose, Heated Supply Hose, Tank Heater",VMRS_HB_COMPLETE_v20 page 5_pages_51-75.md
042-011-014,,042,011,Clamp - Exhaust,VMRS_HB_COMPLETE_v20 page 5_pages_51-75.md
001-003-114,,001,003,"Clamp - Exhaust Flex Hose, Auxiliary Heater",VMRS_HB_COMPLETE_v20 page 5_pages_51-75.md
001-002-050,,001,002,"Clamp - Hose, Heater",VMRS_HB_COMPLETE_v20 page 5_pages_51-75.md
043-002-019,,043,002,"Clamp - Exhaust Intake Tube, Turbocharger",VMRS_HB_COMPLETE_v20 page 5_pages_51-75.md
043-007-083,,043,007,"Clamp - Hose, Hot Water Return Hose, Tank",VMRS_HB_COMPLETE_v20 page 5_pages_51-75.md
043-004-155,,043,004,Clamp - Exhaust Line - Turbocompound,VMRS_HB_COMPLETE_v20 page 5_pages_51-75.md
042-007-077,,042,007,Clamp Llaca Llat Water Supply Llaca Engine,VMRS_HB_COMPLETE_v20 page 5_pages_51-75.md
043-004-154,,043,004,Clamp - Exhaust Line Turbocompound,VMRS_HB_COMPLETE_v20 page 5_pages_51-75.md
043-007-077,,043,007,to Pump,VMRS_HB_COMPLETE_v20 page 5_pages_51-75.md
043-002-044,,043,002,"Clamp - Exhaust Eine, Turbocompound",VMRS_HB_COMPLETE_v20 page 5_pages_51-75.md
043-007-080,,043,007,Clamp - Hose Hot Water Supply Line Pump to,VMRS_HB_COMPLETE_v20 page 5_pages_51-75.md
151-002-033,,151,002,"Clamp - Exhaust Pipe, Heater APU",VMRS_HB_COMPLETE_v20 page 5_pages_51-75.md
040-007-000,,040,007,Tank Heater,VMRS_HB_COMPLETE_v20 page 5_pages_51-75.md
043-003-078,,043,003,Clamp - Exhaust Pressure Regulator,VMRS_HB_COMPLETE_v20 page 5_pages_51-75.md
001-004-012,,001,004,"Clamp - Hose, HVAC System, Sleeper",VMRS_HB_COMPLETE_v20 page 5_pages_51-75.md
043-003-013,,043,003,Clamp - Exhaust System,VMRS_HB_COMPLETE_v20 page 5_pages_51-75.md
065-007-013,,065,007,"Clamp - Hose, Hydraulic",VMRS_HB_COMPLETE_v20 page 5_pages_51-75.md
043-006-131,,043,006,Clamp - Exhaust to Aftertreatment System,VMRS_HB_COMPLETE_v20 page 5_pages_51-75.md
023-001-117,,023,001,"Clamp - Hose, Hydraulic Clutch",VMRS_HB_COMPLETE_v20 page 5_pages_51-75.md
151-001-201,,151,001,"Clamp - Exhaust, APU",VMRS_HB_COMPLETE_v20 page 5_pages_51-75.md
056-001-100,,056,001,"Clamp - Hose, Hydraulic, PTO",VMRS_HB_COMPLETE_v20 page 5_pages_51-75.md
044-001-108,,044,001,"Clamp - Filler Neck, Fuel Tank",VMRS_HB_COMPLETE_v20 page 5_pages_51-75.md
048-001-100,,048,001,"Clamp - Hose, Inlet, Cooling System, Inverter,",VMRS_HB_COMPLETE_v20 page 5_pages_51-75.md
045-011-034,,045,011,Clamp - Filter,VMRS_HB_COMPLETE_v20 page 5_pages_51-75.md
043-006-102,,043,006,"Clamp - Fitting, Doser Coolant Line",VMRS_HB_COMPLETE_v20 page 5_pages_51-75.md
041-002-019,,041,002,"Clamp - Hose, Intake Manifold",VMRS_HB_COMPLETE_v20 page 5_pages_51-75.md
014-008-001,,014,008,"Clamp - Frame Attaching, For Hoses, Lines,",VMRS_HB_COMPLETE_v20 page 5_pages_51-75.md
026-013-032,,026,013,"Clamp - Hose, Oil Cooler, Transmission",VMRS_HB_COMPLETE_v20 page 5_pages_51-75.md
010-001-010,,010,001,"Tubes, Wiring",VMRS_HB_COMPLETE_v20 page 5_pages_51-75.md
045-013-015,,045,013,"Clamp - Hose, Oil Evacuation",VMRS_HB_COMPLETE_v20 page 5_pages_51-75.md
016-004-019,,016,004,Clamp - Front Stabilizer,VMRS_HB_COMPLETE_v20 page 5_pages_51-75.md
045-010-016,,045,010,"Clamp - Hose, Oll Fill",VMRS_HB_COMPLETE_v20 page 5_pages_51-75.md
044-002-080,,044,002,Clamp Fuel history,VMRS_HB_COMPLETE_v20 page 5_pages_51-75.md
045-011-039,,045,011,Clamp Hose Outlet Cooling System Invester,VMRS_HB_COMPLETE_v20 page 5_pages_51-75.md
044-014-040,,044,014,Clamp - Fuel Injector,VMRS_HB_COMPLETE_v20 page 5_pages_51-75.md
040-001-102,,040,001,Hybrid,VMRS_HB_COMPLETE_v20 page 5_pages_51-75.md
151-002-026,,151,002,Clamp - Fuel Line Heater APLI,VMRS_HB_COMPLETE_v20 page 5_pages_51-75.md
042-002-150,,042,002,Clamp - Hose Overflow Reservoir Engine,VMRS_HB_COMPLETE_v20 page 5_pages_51-75.md
044-003-189,,044,003,Clamp - Fuel Pump Bowl,VMRS_HB_COMPLETE_v20 page 5_pages_51-75.md
512-002-100,,512,002,Coolant,VMRS_HB_COMPLETE_v20 page 5_pages_51-75.md
151-002-036,,151,002,"Clamp - Fuel Pump, Heater, APU",VMRS_HB_COMPLETE_v20 page 5_pages_51-75.md
042-004-013,,042,004,"Clamp - Hose, Radiator",VMRS_HB_COMPLETE_v20 page 5_pages_51-75.md
048-001-106,,048,001,"Clamp - Hose, Radiator, Inverter, Hybrid",VMRS_HB_COMPLETE_v20 page 5_pages_51-75.md
002-027-250,,002,027,Clamp - Seat Cushion,VMRS_HB_COMPLETE_v20 page 5_pages_51-75.md
043-007-092,,043,007,"Clamp - Hose, Supply Hose, Metering Device to",VMRS_HB_COMPLETE_v20 page 5_pages_51-75.md
002-027-316,,002,027,Clamp - Seat Frame,VMRS_HB_COMPLETE_v20 page 5_pages_51-75.md
040-000-100,,040,000,Injector,VMRS_HB_COMPLETE_v20 page 5_pages_51-75.md
041-001-105,,041,001,"Clamp - Sensor, Mass Air Flow",VMRS_HB_COMPLETE_v20 page 5_pages_51-75.md
042-002-138,,042,002,"Clamp - Hose, Surge Tarik",VMRS_HB_COMPLETE_v20 page 5_pages_51-75.md
017-009-071,,017,009,"Clamp - Sensor, The Pressure Monitor",VMRS_HB_COMPLETE_v20 page 5_pages_51-75.md
042-000-000,,042,000,"Clamp - Hose, Thermostal Dypass",VMRS_HB_COMPLETE_v20 page 5_pages_51-75.md
021-001-135,,021,001,"Clamp - Shall Damper, CV Axie",VMRS_HB_COMPLETE_v20 page 5_pages_51-75.md
043-007-200,,043,007,"Clamp - Hose, Universal, DEFClamp - Hose, Vacuum, Brake Power Booster",VMRS_HB_COMPLETE_v20 page 5_pages_51-75.md
020-011-190,,020,011,"Clamp - Shift Mechanism, Transmission",VMRS_HB_COMPLETE_v20 page 5_pages_51-75.md
002-061-069,,002,061,"Clamp - Hose, Washer Liftgate",VMRS_HB_COMPLETE_v20 page 5_pages_51-75.md
042-003-155,,042,003,Clamp - Shroud Badiator Fan,VMRS_HB_COMPLETE_v20 page 5_pages_51-75.md
042-011-015,,042,011,"Clamp - Hose, Water Heater",VMRS_HB_COMPLETE_v20 page 5_pages_51-75.md
022-005-053,,022,005,"Clamp - Solenoid, Differential Lock, Power",VMRS_HB_COMPLETE_v20 page 5_pages_51-75.md
002-035-155,,002,035,"Clamp - Hose, Windshield Washer",VMRS_HB_COMPLETE_v20 page 5_pages_51-75.md
365-007-015,,365,007,Clamp - Hot Water Pump,VMRS_HB_COMPLETE_v20 page 5_pages_51-75.md
042-003-123,,042,003,"Clamp - Solenoid, Fan Control",VMRS_HB_COMPLETE_v20 page 5_pages_51-75.md
022-001-036,,022,001,"Clamp - Housing Mount, Differential",VMRS_HB_COMPLETE_v20 page 5_pages_51-75.md
001-004-099,,001,004,"Clamp - Solenoid, HVAC, Sleeper",VMRS_HB_COMPLETE_v20 page 5_pages_51-75.md
022-003-151,,022,003,"Clamp - Housing Mount, Differential",VMRS_HB_COMPLETE_v20 page 5_pages_51-75.md
026-001-075,,026,001,"Clamp - Solenoid, Transfer Case",VMRS_HB_COMPLETE_v20 page 5_pages_51-75.md
033-001-034,,033,001,"Clamp - Housing, Lock Cylinder, Ignition",VMRS_HB_COMPLETE_v20 page 5_pages_51-75.md
004-012-003,,004,012,Clamp - Spoiler,VMRS_HB_COMPLETE_v20 page 5_pages_51-75.md
015-002-089,,015,002,"Clamp - Housing, Steering Column",VMRS_HB_COMPLETE_v20 page 5_pages_51-75.md
015-002-087,,015,002,Clamp - Steering Column,VMRS_HB_COMPLETE_v20 page 5_pages_51-75.md
033-001-036,,033,001,Clamp - Ignition Switch,VMRS_HB_COMPLETE_v20 page 5_pages_51-75.md
015-003-062,,015,003,Clamp - Steering Shaft,VMRS_HB_COMPLETE_v20 page 5_pages_51-75.md
014-002-121,,014,002,"Clamp - Impact Bar, Bumper",VMRS_HB_COMPLETE_v20 page 5_pages_51-75.md
044-001-070,,044,001,"Clamp - Step, Fuel Tank",VMRS_HB_COMPLETE_v20 page 5_pages_51-75.md
044-003-064,,044,003,Clamp - Injector Line,VMRS_HB_COMPLETE_v20 page 5_pages_51-75.md
015-005-106,,015,005,Clamp - Suction Line,VMRS_HB_COMPLETE_v20 page 5_pages_51-75.md
053-006-141,,053,006,Clamp - Jumper Cable,VMRS_HB_COMPLETE_v20 page 5_pages_51-75.md
021-001-137,,021,001,"Clamp - Support Bearing, CV Axie",VMRS_HB_COMPLETE_v20 page 5_pages_51-75.md
002-011-129,,002,011,"Clamp - Laich, Seal BellClamp - Line Air Air Cleaner Postriction Gauge",VMRS_HB_COMPLETE_v20 page 5_pages_51-75.md
014-002-077,,014,002,"Clamp - Support Bracket, Front Bumper",VMRS_HB_COMPLETE_v20 page 5_pages_51-75.md
003-001-209,,003,001,"Clamp - Line, All, All Cleaner Restriction Gauge",VMRS_HB_COMPLETE_v20 page 5_pages_51-75.md
013-007-048,,013,007,"Clamp - Support, Drake Lines/10565",VMRS_HB_COMPLETE_v20 page 5_pages_51-75.md
044-010-020,,044,010,System,VMRS_HB_COMPLETE_v20 page 5_pages_51-75.md
014-002-098,,014,002,"Clamp - Support, Cover, Front Bumper",VMRS_HB_COMPLETE_v20 page 5_pages_51-75.md
094-012-001,,094,012,Clamp - Line Storage,VMRS_HB_COMPLETE_v20 page 5_pages_51-75.md
014-002-114,,014,002,"Clamp - Support, Cover, Rear Bumper",VMRS_HB_COMPLETE_v20 page 5_pages_51-75.md
034-001-164,,034,001,"Clamp - Link, Level Sensor, Adaptive Headlamp",VMRS_HB_COMPLETE_v20 page 5_pages_51-75.md
001-003-112,,001,003,"Clamp - Support, Fuel Hose Auxiliary Heater",VMRS_HB_COMPLETE_v20 page 5_pages_51-75.md
142-009-008,,142,009,Clamp - LNG Hose,VMRS_HB_COMPLETE_v20 page 5_pages_51-75.md
001-001-383,,001,001,"Clamp - Support, HVAC Line/Hose",VMRS_HB_COMPLETE_v20 page 5_pages_51-75.md
033-001-032,,033,001,"Clamp - Lock Cylinder, Ignition",VMRS_HB_COMPLETE_v20 page 5_pages_51-75.md
042-003-124,,042,003,"Clamp - Support, Hydraulic Fan Drive Hose",VMRS_HB_COMPLETE_v20 page 5_pages_51-75.md
015-002-091,,015,002,"Clamp - Lock, Steering Column",VMRS_HB_COMPLETE_v20 page 5_pages_51-75.md
002-010-094,,002,010,"Clamp - Support, Mirror",VMRS_HB_COMPLETE_v20 page 5_pages_51-75.md
002-023-048,,002,023,"Clamp - Low Pivot, Vent Wing",VMRS_HB_COMPLETE_v20 page 5_pages_51-75.md
013-003-074,,013,003,"Clamp - Support, Parking Brake Cable",VMRS_HB_COMPLETE_v20 page 5_pages_51-75.md
055-032-022,,055,032,"Clamp - Lower, Cargo Bunk",VMRS_HB_COMPLETE_v20 page 5_pages_51-75.md
042-002-139,,042,002,"Clamp - Support, Radiator Hose",VMRS_HB_COMPLETE_v20 page 5_pages_51-75.md
044-011-054,,044,011,"Clamp - Module, Cruise Control",VMRS_HB_COMPLETE_v20 page 5_pages_51-75.md
026-001-076,,026,001,"Clamp - Support, Transmission Dipstick Tube",VMRS_HB_COMPLETE_v20 page 5_pages_51-75.md
001-001-087,,001,001,Clamp - Motor Air Outlet Tube,VMRS_HB_COMPLETE_v20 page 5_pages_51-75.md
026-013-033,,026,013,"Clamp - Support, Transmission Oil Cooler Hose",VMRS_HB_COMPLETE_v20 page 5_pages_51-75.md
002-027-309,,002,027,"Clamp - Motor, Driveshaft, Power Seat",VMRS_HB_COMPLETE_v20 page 5_pages_51-75.md
042-002-162,,042,002,"Clamp - Surge Tank, Engine Coolant",VMRS_HB_COMPLETE_v20 page 5_pages_51-75.md
002-027-307,,002,027,"Clamp - Motor, Power Seat",VMRS_HB_COMPLETE_v20 page 5_pages_51-75.md
022-006-021,,022,006,"Clamp - Switch, Electric Shift",VMRS_HB_COMPLETE_v20 page 5_pages_51-75.md
021-001-162,,021,001,"Clamp - Mount, Differential Housing",VMRS_HB_COMPLETE_v20 page 5_pages_51-75.md
043-006-073,,043,006,"Clamp - T Bolt, Diesel Particulate Filter",VMRS_HB_COMPLETE_v20 page 5_pages_51-75.md
015-013-019,,015,013,"Clamp - Mount, Rack & Pinion",VMRS_HB_COMPLETE_v20 page 5_pages_51-75.md
043-001-127,,043,001,Clamp - I-Bolt,VMRS_HB_COMPLETE_v20 page 5_pages_51-75.md
043-003-056,,043,003,"Clamp - Mounting Bracket, Muffler",VMRS_HB_COMPLETE_v20 page 5_pages_51-75.md
051-001-015,,051,001,Clamp - Tachometer Adapter,VMRS_HB_COMPLETE_v20 page 5_pages_51-75.md
151-004-007,,151,004,"Clamp - Mounting, APO",VMRS_HB_COMPLETE_v20 page 5_pages_51-75.md
015-004-028,,015,004,Clamp - Tie Rod End,VMRS_HB_COMPLETE_v20 page 5_pages_51-75.md
044-002-003,,044,002,"Clamp - Mounting, Filter Assembly",VMRS_HB_COMPLETE_v20 page 5_pages_51-75.md
016-002-020,,016,002,Clamp - Tire Spray System,VMRS_HB_COMPLETE_v20 page 5_pages_51-75.md
001-001-384,,001,001,"Clamp - Mounting, Receiver/Drier Air",VMRS_HB_COMPLETE_v20 page 5_pages_51-75.md
016-005-219,,016,005,Clamp - Torque Rod,VMRS_HB_COMPLETE_v20 page 5_pages_51-75.md
001-001-004,,001,001,Conditioning,VMRS_HB_COMPLETE_v20 page 5_pages_51-75.md
016-008-128,,016,008,Clamp - Torque Rod,VMRS_HB_COMPLETE_v20 page 5_pages_51-75.md
004-003-032,,004,003,"Clamp - Mounting, Roof Fairing",VMRS_HB_COMPLETE_v20 page 5_pages_51-75.md
002-004-142,,002,004,Clamp - Torsion Bar,VMRS_HB_COMPLETE_v20 page 5_pages_51-75.md
053-008-025,,053,008,Clamp - Multi-Purpose,VMRS_HB_COMPLETE_v20 page 5_pages_51-75.md
002-036-126,,002,036,"Clamp - Torsion Bar, Cab Tilt Mechanism",VMRS_HB_COMPLETE_v20 page 5_pages_51-75.md
015-005-114,,015,005,"Clamp - Oil Cooler, Power Steering",VMRS_HB_COMPLETE_v20 page 5_pages_51-75.md
059-006-007,,059,006,Clamp - Tow Hitch,VMRS_HB_COMPLETE_v20 page 5_pages_51-75.md
026-013-023,,026,013,Clamp - Oil Heater Hose,VMRS_HB_COMPLETE_v20 page 5_pages_51-75.md
002-062-043,,002,062,"Clamp - Trim Panel, Trunk",VMRS_HB_COMPLETE_v20 page 5_pages_51-75.md
043-004-166,,043,004,"Clamp - Oil Line, Turbocharger",VMRS_HB_COMPLETE_v20 page 5_pages_51-75.md
002-048-253,,002,048,"Clamp - Trim, Kick Panel",VMRS_HB_COMPLETE_v20 page 5_pages_51-75.md
045-013-037,,045,013,Clamp - Oil Pan,VMRS_HB_COMPLETE_v20 page 5_pages_51-75.md
082-011-040,,082,011,"Clamp - Tube / Hose, All",VMRS_HB_COMPLETE_v20 page 5_pages_51-75.md
174-011-054,,174,011,Clamp - Outward Opening Entrance Door Vandal,VMRS_HB_COMPLETE_v20 page 5_pages_51-75.md
082-033-019,,082,033,"Clamp - Tube or Hose, Cooling System, Reefer",VMRS_HB_COMPLETE_v20 page 5_pages_51-75.md
041-004-043,,041,004,"Clamp - Tube, Charge Air Cooler",VMRS_HB_COMPLETE_v20 page 5_pages_51-75.md
043-006-016,,043,006,Clamp - Particulate Filter Connection,VMRS_HB_COMPLETE_v20 page 5_pages_51-75.md
082-031-038,,082,031,"Clamp - Tube/Hose, All",VMRS_HB_COMPLETE_v20 page 5_pages_51-75.md
043-004-153,,043,004,Clamp - Pipe Section to Turbocompound,VMRS_HB_COMPLETE_v20 page 5_pages_51-75.md
013-010-135,,013,010,"Clamp - Tubing, Air Brake",VMRS_HB_COMPLETE_v20 page 5_pages_51-75.md
043-001-193,,043,001,"Clamp - Pipe, Back Pressure valve",VMRS_HB_COMPLETE_v20 page 5_pages_51-75.md
042-001-069,,042,001,Clamp - Turbine Housing To Core Assembly,VMRS_HB_COMPLETE_v20 page 5_pages_51-75.md
015-005-101,,015,005,Clamp Prossure Line,VMRS_HB_COMPLETE_v20 page 5_pages_51-75.md
043-001-008,,043,001,Clamp Unloader Bypass Type,VMRS_HB_COMPLETE_v20 page 5_pages_51-75.md
013-005-101,,013,005,"Clamp - Pressure Sensor Line, Diesel Particulate",VMRS_HB_COMPLETE_v20 page 5_pages_51-75.md
055-032-021,,055,032,"Clamp - Unper, Cargo Bunk",VMRS_HB_COMPLETE_v20 page 5_pages_51-75.md
040-000-120,,040,000,Filter,VMRS_HB_COMPLETE_v20 page 5_pages_51-75.md
043-006-072,,043,006,Clamp - V Band Diesel Particulate Filter,VMRS_HB_COMPLETE_v20 page 5_pages_51-75.md
044-001-072,,044,001,"Clamp - Pump, Fuel Tank",VMRS_HB_COMPLETE_v20 page 5_pages_51-75.md
043-007-223,,043,007,"Clamp - V-Band, Decomposition Pipe",VMRS_HB_COMPLETE_v20 page 5_pages_51-75.md
014-011-011,,014,011,Clamp - Quarter Fender,VMRS_HB_COMPLETE_v20 page 5_pages_51-75.md
043-004-035,,043,004,"Clamp - V-Band, Turbocharger",VMRS_HB_COMPLETE_v20 page 5_pages_51-75.md
098-015-009,,098,015,Clamp - Quick Removable Bonnet (QRB),VMRS_HB_COMPLETE_v20 page 5_pages_51-75.md
021-001-095,,021,001,"Clamp - Vent, Driven Front Steer Axle",VMRS_HB_COMPLETE_v20 page 5_pages_51-75.md
042-002-168,,042,002,Clamp - Radiator,VMRS_HB_COMPLETE_v20 page 5_pages_51-75.md
045-012-031,,045,012,"Clamp - Water Outlet Hose, Oil Cooler",VMRS_HB_COMPLETE_v20 page 5_pages_51-75.md
016-005-226,,016,005,Clamp - Radius Arm,VMRS_HB_COMPLETE_v20 page 5_pages_51-75.md
042-004-066,,042,004,Clamp - Water Pump,VMRS_HB_COMPLETE_v20 page 5_pages_51-75.md
041-001-096,,041,001,"Clamp - Resonator, Air Intake",VMRS_HB_COMPLETE_v20 page 5_pages_51-75.md
018-003-013,,018,003,Clamp - Wheel Rim,VMRS_HB_COMPLETE_v20 page 5_pages_51-75.md
019-002-030,,019,002,"Clamp - Retaining, Chamber",VMRS_HB_COMPLETE_v20 page 5_pages_51-75.md
002-035-166,,002,035,Clamp - Windshield Wiper Blade,VMRS_HB_COMPLETE_v20 page 5_pages_51-75.md
015-005-076,,015,005,Clamp - Return Hose,VMRS_HB_COMPLETE_v20 page 5_pages_51-75.md
034-004-261,,034,004,"Clamp - Wiring Harness, Chassis",VMRS_HB_COMPLETE_v20 page 5_pages_51-75.md
015-005-090,,015,005,Clamp - Return Line,VMRS_HB_COMPLETE_v20 page 5_pages_51-75.md
004-001-038,,004,001,"Clamp - Wiring Harness, Roof Air Deflector",VMRS_HB_COMPLETE_v20 page 5_pages_51-75.md
174-033-012,,174,033,Clamp - Ring Frame,VMRS_HB_COMPLETE_v20 page 5_pages_51-75.md
004-001-039,,004,001,"Clamp - Worm Drive, Roof Air Deflector",VMRS_HB_COMPLETE_v20 page 5_pages_51-75.md
072-004-048,,072,004,Clamp - Holler Hinge Cover,VMRS_HB_COMPLETE_v20 page 5_pages_51-75.md
015-004-054,,015,004,Clamp Assembly,VMRS_HB_COMPLETE_v20 page 5_pages_51-75.md
071-004-029,,071,004,Clamp Safety,VMRS_HB_COMPLETE_v20 page 5_pages_51-75.md
168-006-010,,168,006,"Clamp Kit, Tubo, Boom, Mower",VMRS_HB_COMPLETE_v20 page 5_pages_51-75.md
015-004-093,,015,004,"Clamp - SaletyClamp - Seal, Steering Column",VMRS_HB_COMPLETE_v20 page 5_pages_51-75.md
078-025-015,,078,025,Clamp Sleeve - Side Skirt Fairing Assombly,VMRS_HB_COMPLETE_v20 page 5_pages_51-75.md
010-002-090,,010,002,"oramp - ooar, otooning oolunnin",VMRS_HB_COMPLETE_v20 page 5_pages_51-75.md
010-020-010,,010,020,Siamp Groove - Olde Okirt I alling Assembly,VMRS_HB_COMPLETE_v20 page 5_pages_51-75.md
004-010-014,,004,010,Clamp Tab - Belly Assembly Trailer,VMRS_HB_COMPLETE_v20 page 5_pages_51-75.md
053-001-039,,053,001,Clip - Arm Automatic Traction Device,VMRS_HB_COMPLETE_v20 page 5_pages_51-75.md
078-025-014,,078,025,Clamp Tab Sido Skirt Eniring Accombly,VMRS_HB_COMPLETE_v20 page 5_pages_51-75.md
002-002-062,,002,002,Clip Bar Stock Mud Flap Boar,VMRS_HB_COMPLETE_v20 page 5_pages_51-75.md
070-020-014,,070,020,,VMRS_HB_COMPLETE_v20 page 5_pages_51-75.md
002-002-002,,002,002,"Olip - Dai Slock, Mud Flag, Real",VMRS_HB_COMPLETE_v20 page 5_pages_51-75.md
032-006-053,,032,006,"Clamp, Cable - Emergency Start",VMRS_HB_COMPLETE_v20 page 5_pages_51-75.md
014-014-008,,014,014,"Clip - Bar Stock, Mud Flap, Rear Wheel",VMRS_HB_COMPLETE_v20 page 5_pages_51-75.md
013-002-055,,013,002,"Clamp, Cylinder Assembly Or Chamber - Rear",VMRS_HB_COMPLETE_v20 page 5_pages_51-75.md
002-018-161,,002,018,"Clip - Boot, Door",VMRS_HB_COMPLETE_v20 page 5_pages_51-75.md
071-004-017,,071,004,"Clip - Bracket, Roof",VMRS_HB_COMPLETE_v20 page 5_pages_51-75.md
002-027-191,,002,027,"Clamp, Hose - Control Valve",VMRS_HB_COMPLETE_v20 page 5_pages_51-75.md
013-014-043,,013,014,"Clip - Brake Shoe, Tag/Pusher Axle Brakes",VMRS_HB_COMPLETE_v20 page 5_pages_51-75.md
041-004-025,,041,004,"Clamp, Mounting Bracket - CAC Pipe",VMRS_HB_COMPLETE_v20 page 5_pages_51-75.md
002-036-011,,002,036,Clip - Cab Jack Handle,VMRS_HB_COMPLETE_v20 page 5_pages_51-75.md
044-015-019,,044,015,Clamping Collar - Euel Heater,VMRS_HB_COMPLETE_v20 page 5_pages_51-75.md
002-027-135,,002,027,Clip - Cable Mounting,VMRS_HB_COMPLETE_v20 page 5_pages_51-75.md
002-027-076,,002,027,Clip - Camshaft Bracket Seat,VMRS_HB_COMPLETE_v20 page 5_pages_51-75.md
174-000-051,,174,000,Clamping Profile Distform,VMRS_HB_COMPLETE_v20 page 5_pages_51-75.md
002-027-070,,002,027,Olip - Campartment Lamp,VMRS_HB_COMPLETE_v20 page 5_pages_51-75.md
174-033-031,,174,033,,VMRS_HB_COMPLETE_v20 page 5_pages_51-75.md
002-020-022,,002,020,Clip - Compartment Lamp,VMRS_HB_COMPLETE_v20 page 5_pages_51-75.md
055-010-023,,055,010,Clamping Ring - Hydraulic System Filter,VMRS_HB_COMPLETE_v20 page 5_pages_51-75.md
001-001-326,,001,001,"Clip - Condenser, Air Conditioner",VMRS_HB_COMPLETE_v20 page 5_pages_51-75.md
151-004-008,,151,004,"Claw - Frame, APU to Vehicle, APU",VMRS_HB_COMPLETE_v20 page 5_pages_51-75.md
031-002-011,,031,002,"Clip - Connector, Alternator To Regulator",VMRS_HB_COMPLETE_v20 page 5_pages_51-75.md
055-010-041,,055,010,Clean Out Panel,VMRS_HB_COMPLETE_v20 page 5_pages_51-75.md
055-023-061,,055,023,"Clip - Control Mounting, Wheelchair Lift",VMRS_HB_COMPLETE_v20 page 5_pages_51-75.md
053-999-252,,053,999,"Cleaner - Aerosol, Upper Intake",VMRS_HB_COMPLETE_v20 page 5_pages_51-75.md
002-050-318,,002,050,Clip - Corner,VMRS_HB_COMPLETE_v20 page 5_pages_51-75.md
364-001-018,,364,001,"Cleaner - Air, Paver/Melter Assembly",VMRS_HB_COMPLETE_v20 page 5_pages_51-75.md
013-010-347,,013,010,Clip - Coupler (Gladhand),VMRS_HB_COMPLETE_v20 page 5_pages_51-75.md
053-999-140,,053,999,Cleaner - Aluminum,VMRS_HB_COMPLETE_v20 page 5_pages_51-75.md
014-005-051,,014,005,Clip - Cover Battery Box,VMRS_HB_COMPLETE_v20 page 5_pages_51-75.md
053-007-074,,053,007,Cleaner - Battery,VMRS_HB_COMPLETE_v20 page 5_pages_51-75.md
042-012-006,,042,012,"Clip - Cover, Coolant Diverter",VMRS_HB_COMPLETE_v20 page 5_pages_51-75.md
052-000-045,,052,000,Cleaner Battery,VMRS_HB_COMPLETE_v20 page 5_pages_51-75.md
042-012-000,,042,012,"Clip Cover, Wiring/Dlumbing",VMRS_HB_COMPLETE_v20 page 5_pages_51-75.md
053-999-045,,053,999,Cleaner Dallery,VMRS_HB_COMPLETE_v20 page 5_pages_51-75.md
014-000-014,,014,000,"Clip - Cover, Willing/Plumbing",VMRS_HB_COMPLETE_v20 page 5_pages_51-75.md
053-999-206,,053,999,"Cleaner - Brake & Parts, Chlorinated",VMRS_HB_COMPLETE_v20 page 5_pages_51-75.md
077-001-009,,077,001,Clip - Cross Member,VMRS_HB_COMPLETE_v20 page 5_pages_51-75.md
053-999-198,,053,999,"Cleaner - Brake & Parts, Non-Chlorinated",VMRS_HB_COMPLETE_v20 page 5_pages_51-75.md
002-006-029,,002,006,"Clip - Crossing Bar, Lining",VMRS_HB_COMPLETE_v20 page 5_pages_51-75.md
053-999-047,,053,999,Cleaner - Brake Parts,VMRS_HB_COMPLETE_v20 page 5_pages_51-75.md
002-020-013,,002,020,Clip - Door,VMRS_HB_COMPLETE_v20 page 5_pages_51-75.md
053-999-053,,053,999,Cleaner - Carburetor,VMRS_HB_COMPLETE_v20 page 5_pages_51-75.md
002-050-601,,002,050,"Clip - Door Handle, Inner, Sleeper",VMRS_HB_COMPLETE_v20 page 5_pages_51-75.md
053-011-008,,053,011,Cleaner - Concrete,VMRS_HB_COMPLETE_v20 page 5_pages_51-75.md
002-018-127,,002,018,Clip - Door Linkage,VMRS_HB_COMPLETE_v20 page 5_pages_51-75.md
154-001-011,,154,001,Cleaner - CPAP,VMRS_HB_COMPLETE_v20 page 5_pages_51-75.md
002-018-119,,002,018,Clip - Door Lock,VMRS_HB_COMPLETE_v20 page 5_pages_51-75.md
053-000-188,,053,000,Cleaner - Degreaser,VMRS_HB_COMPLETE_v20 page 5_pages_51-75.md
045-000-046,,045,000,Clip - Drain Hose,VMRS_HB_COMPLETE_v20 page 5_pages_51-75.md
052-000-054,,052,000,Cleaner Electrical,VMRS_HB_COMPLETE_v20 page 5_pages_51-75.md
043-005-040,,043,005,Clip Exhaust Brake,VMRS_HB_COMPLETE_v20 page 5_pages_51-75.md
055-999-054,,055,999,,VMRS_HB_COMPLETE_v20 page 5_pages_51-75.md
043-005-055,,043,005,,VMRS_HB_COMPLETE_v20 page 5_pages_51-75.md
053-999-060,,053,999,Cleaner - Fuel Injector,VMRS_HB_COMPLETE_v20 page 5_pages_51-75.md
042-003-089,,042,003,Clip - Fan Shroud,VMRS_HB_COMPLETE_v20 page 5_pages_51-75.md
053-999-046,,053,999,Cleaner - Glass,VMRS_HB_COMPLETE_v20 page 5_pages_51-75.md
014-008-002,,014,008,"Clip - Frame Attaching, For Hoses, Lines, Tubes,",VMRS_HB_COMPLETE_v20 page 5_pages_51-75.md
053-999-098,,053,999,Cleaner - Multi-Purpose,VMRS_HB_COMPLETE_v20 page 5_pages_51-75.md
053-999-184,,053,999,Cleaner - Plastic,VMRS_HB_COMPLETE_v20 page 5_pages_51-75.md
013-001-043,,013,001,Clip - Front Brake Shoe,VMRS_HB_COMPLETE_v20 page 5_pages_51-75.md
053-999-109,,053,999,Cleaner - Radiator,VMRS_HB_COMPLETE_v20 page 5_pages_51-75.md
002-015-134,,002,015,Clip - Fuel Door,VMRS_HB_COMPLETE_v20 page 5_pages_51-75.md
053-999-118,,053,999,Cleaner - Tire,VMRS_HB_COMPLETE_v20 page 5_pages_51-75.md
044-002-091,,044,002,Clip - Fuel Filter,VMRS_HB_COMPLETE_v20 page 5_pages_51-75.md
053-000-107,,053,000,Cleaner - Vehicle Wash,VMRS_HB_COMPLETE_v20 page 5_pages_51-75.md
044-010-060,,044,010,Clip - Fuel Hose Injector,VMRS_HB_COMPLETE_v20 page 5_pages_51-75.md
050-333-107,,050,333,,VMRS_HB_COMPLETE_v20 page 5_pages_51-75.md
012-010-220,,012,010,Clip Cladhand,VMRS_HB_COMPLETE_v20 page 5_pages_51-75.md
055-999-002,,055,999,,VMRS_HB_COMPLETE_v20 page 5_pages_51-75.md
013-010-339,,013,010,Olip - Gladhand,VMRS_HB_COMPLETE_v20 page 5_pages_51-75.md
016-008-022,,016,008,Cleaner Assembly - Air Ride,VMRS_HB_COMPLETE_v20 page 5_pages_51-75.md
001-002-129,,001,002,Clip - Heater,VMRS_HB_COMPLETE_v20 page 5_pages_51-75.md
365-009-030,,365,009,Cleaner Tank Assembly - Complete,VMRS_HB_COMPLETE_v20 page 5_pages_51-75.md
001-004-071,,001,004,"Clip - Heater And A/C, Sleeper",VMRS_HB_COMPLETE_v20 page 5_pages_51-75.md
053-999-063,,053,999,Cleaner/Protectant - Upholstery,VMRS_HB_COMPLETE_v20 page 5_pages_51-75.md
077-008-017,,077,008,Clip - Hold Down,VMRS_HB_COMPLETE_v20 page 5_pages_51-75.md
044-001-137,,044,001,Cleaning Kit - Fuel Tank,VMRS_HB_COMPLETE_v20 page 5_pages_51-75.md
002-042-004,,002,042,"Clip - Hold-Down, Deck Plate",VMRS_HB_COMPLETE_v20 page 5_pages_51-75.md
053-006-014,,053,006,Cleaning Supplies,VMRS_HB_COMPLETE_v20 page 5_pages_51-75.md
013-010-512,,013,010,Clip - Hose & Cable Tender,VMRS_HB_COMPLETE_v20 page 5_pages_51-75.md
053-999-113,,053,999,Cleanup Kit - Body Fluid,VMRS_HB_COMPLETE_v20 page 5_pages_51-75.md
151-003-049,,151,003,"Clip - Hose, A/C, APU",VMRS_HB_COMPLETE_v20 page 5_pages_51-75.md
071-028-014,,071,028,Cleat - Type A. Glass Back,VMRS_HB_COMPLETE_v20 page 5_pages_51-75.md
002-020-014,,002,020,Clip - Jamb,VMRS_HB_COMPLETE_v20 page 5_pages_51-75.md
071-028-018,,071,028,Cleat B - w/Hardware - Glass Back,VMRS_HB_COMPLETE_v20 page 5_pages_51-75.md
002-048-130,,002,048,Clip - Liping Bow,VMRS_HB_COMPLETE_v20 page 5_pages_51-75.md
071-020-002,,071,020,"Cleate Hardware, Glass Back",VMRS_HB_COMPLETE_v20 page 5_pages_51-75.md
002-040-103,,002,040,Clip Look End Tailgata Loft,VMRS_HB_COMPLETE_v20 page 5_pages_51-75.md
071-020-003,,071,020,"Cleals, Hardware - Glass Rack",VMRS_HB_COMPLETE_v20 page 5_pages_51-75.md
002-010-022,,002,010,"Clip - Lock End, Taligate, Leit",VMRS_HB_COMPLETE_v20 page 5_pages_51-75.md
053-007-067,,053,007,Clevis,VMRS_HB_COMPLETE_v20 page 5_pages_51-75.md
002-016-021,,002,016,"Clip - Lock Rod, Taligate, Right",VMRS_HB_COMPLETE_v20 page 5_pages_51-75.md
043-005-004,,043,005,"Clevis - Brake Cylinder, Exhaust Brake",VMRS_HB_COMPLETE_v20 page 5_pages_51-75.md
002-018-120,,002,018,Clip - Locking Rod,VMRS_HB_COMPLETE_v20 page 5_pages_51-75.md
367-005-010,,367,005,Clevis - Cable End,VMRS_HB_COMPLETE_v20 page 5_pages_51-75.md
002-018-115,,002,018,Clip - Lug,VMRS_HB_COMPLETE_v20 page 5_pages_51-75.md
023-001-035,,023,001,Clevis - Clutch Pedal Linkage,VMRS_HB_COMPLETE_v20 page 5_pages_51-75.md
016-009-041,,016,009,Clip - Manifold,VMRS_HB_COMPLETE_v20 page 5_pages_51-75.md
059-025-012,,059,025,Clevis - Control Valve Lever,VMRS_HB_COMPLETE_v20 page 5_pages_51-75.md
052-013-021,,052,013,Clip - Microphone,VMRS_HB_COMPLETE_v20 page 5_pages_51-75.md
002-040-035,,002,040,Clevis - Deplovable Step,VMRS_HB_COMPLETE_v20 page 5_pages_51-75.md
174-024-028,,174,024,"Clip - Mounting, Bus Body Wiring Harness",VMRS_HB_COMPLETE_v20 page 5_pages_51-75.md
002-018-061,,002,018,Clevis - Door Stop,VMRS_HB_COMPLETE_v20 page 5_pages_51-75.md
002-029-042,,002,029,Clip - Mounting Seat Cushion,VMRS_HB_COMPLETE_v20 page 5_pages_51-75.md
053-007-041,,053,007,Clevis - Double Link,VMRS_HB_COMPLETE_v20 page 5_pages_51-75.md
034-004-457,,034,004,"Clip - Mounting, Wiring Harness",VMRS_HB_COMPLETE_v20 page 5_pages_51-75.md
461-001-022,,461,001,Clovia Front Arrow Board,VMRS_HB_COMPLETE_v20 page 5_pages_51-75.md
007-002-041,,007,002,"Clip - Modifiling, Willing Flamess",VMRS_HB_COMPLETE_v20 page 5_pages_51-75.md
401-001-023,,401,001,"Clevis - Florit, Allow Doald",VMRS_HB_COMPLETE_v20 page 5_pages_51-75.md
097-002-041,,097,002,,VMRS_HB_COMPLETE_v20 page 5_pages_51-75.md
057-001-013,,057,001,"Clevis - Pin with Clip, Spare Tire Carrier",VMRS_HB_COMPLETE_v20 page 5_pages_51-75.md
016-018-046,,016,018,Clip - Pin Handle,VMRS_HB_COMPLETE_v20 page 5_pages_51-75.md
059-002-031,,059,002,Clevis - Pintle Hook,VMRS_HB_COMPLETE_v20 page 5_pages_51-75.md
368-001-031,,368,001,"Clip - Pin, Drum Support",VMRS_HB_COMPLETE_v20 page 5_pages_51-75.md
174-003-041,,174,003,"Clevis - Pulley, Lift Assist, Luggage Door",VMRS_HB_COMPLETE_v20 page 5_pages_51-75.md
013-007-013,,013,007,Clip - Pipe,VMRS_HB_COMPLETE_v20 page 5_pages_51-75.md
002-027-232,,002,027,"Clevis - Pump, Adjustment, Seat Height",VMRS_HB_COMPLETE_v20 page 5_pages_51-75.md
082-023-021,,082,023,Clip - Piston,VMRS_HB_COMPLETE_v20 page 5_pages_51-75.md
013-006-036,,013,006,"Clevis - Push Rod, Master Cylinder",VMRS_HB_COMPLETE_v20 page 5_pages_51-75.md
174-022-022,,174,022,"Clip - Pivot, Bus Seat",VMRS_HB_COMPLETE_v20 page 5_pages_51-75.md
055-001-012,,055,001,Clevis - Safety Chain,VMRS_HB_COMPLETE_v20 page 5_pages_51-75.md
002-004-158,,002,004,Clip - Prop Rod,VMRS_HB_COMPLETE_v20 page 5_pages_51-75.md
044-007-031,,044,007,Clevis - Throttle Link To Throttle Shaft,VMRS_HB_COMPLETE_v20 page 5_pages_51-75.md
002-046-059,,002,046,Clip - Pullback Spring,VMRS_HB_COMPLETE_v20 page 5_pages_51-75.md
026-011-022,,026,011,Clovic - Transmission Control Pod,VMRS_HB_COMPLETE_v20 page 5_pages_51-75.md
042-002-104,,042,002,Clip - Padiator,VMRS_HB_COMPLETE_v20 page 5_pages_51-75.md
020-011-022,,020,011,Clevis - Hanshission Control Hou,VMRS_HB_COMPLETE_v20 page 5_pages_51-75.md
013-002-030,,013,002,,VMRS_HB_COMPLETE_v20 page 5_pages_51-75.md
013-002-043,,013,002,Olip - Real Diake Shoe,VMRS_HB_COMPLETE_v20 page 5_pages_51-75.md
010-005-003,,010,005,Clip - Rear Lear Spring,VMRS_HB_COMPLETE_v20 page 5_pages_51-75.md
151-005-023,,151,005,Climate Control Unit (CCU) - APU,VMRS_HB_COMPLETE_v20 page 5_pages_51-75.md
077-007-007,,077,007,"Clip - Reinforcement, Slider Rail",VMRS_HB_COMPLETE_v20 page 5_pages_51-75.md
053-007-029,,053,007,Clip,VMRS_HB_COMPLETE_v20 page 5_pages_51-75.md
044-010-048,,044,010,"Clip - Retainer - Filter, Intake Housing, Injector",VMRS_HB_COMPLETE_v20 page 5_pages_51-75.md
082-019-033,,082,019,Clip - Relay Spring,VMRS_HB_COMPLETE_v20 page 5_pages_51-75.md
174-005-033,,174,005,"Clip - Retainer, Bus Body Side Window Sash",VMRS_HB_COMPLETE_v20 page 5_pages_51-75.md
043-004-188,,043,004,Clip - Actuator Wiring,VMRS_HB_COMPLETE_v20 page 5_pages_51-75.md
027-033-029,,027,033,Clip - Retaining,VMRS_HB_COMPLETE_v20 page 5_pages_51-75.md
001-001-339,,001,001,Clip - Air Conditioner,VMRS_HB_COMPLETE_v20 page 5_pages_51-75.md
002-020-060,,002,020,"Clip - Retaining, Door",VMRS_HB_COMPLETE_v20 page 5_pages_51-75.md
002-036-105,,002,036,Clin - Air Inlet Tilting Mechanism,VMRS_HB_COMPLETE_v20 page 5_pages_51-75.md
023-001-066,,023,001,Clin - Beturn Spring,VMRS_HB_COMPLETE_v20 page 5_pages_51-75.md
012-010-207,,012,010,Clin - Air Management Unit,VMRS_HB_COMPLETE_v20 page 5_pages_51-75.md
,010-010,010,010,,VMRS_HB_COMPLETE_v20 page 5_pages_51-75.md
044-005-046,,044,005,"Clip - Falli, Sullivor, Flattin",VMRS_HB_COMPLETE_v20 page 5_pages_51-75.md
013-002-173,,013,002,"Cip - Anti-Hattie, DISC Pad, Hear",VMRS_HB_COMPLETE_v20 page 5_pages_51-75.md
013-001-153,,013,001,"Clip - Anti-Rattle, Front Brake Pad",VMRS_HB_COMPLETE_v20 page 5_pages_51-75.md
,003-039,003,039,"Clip - Rod, Door Latch, Luggage Door",VMRS_HB_COMPLETE_v20 page 5_pages_51-75.md
462-009-006,,462,009,"Clip - Safety Lanyard , Platform",VMRS_HB_COMPLETE_v20 page 5_pages_51-75.md
463-001-005,,463,001,"Clip - Safety Lanyard, Digger Derrick",VMRS_HB_COMPLETE_v20 page 5_pages_51-75.md
013-011-093,,013,011,Clip - Sensor,VMRS_HB_COMPLETE_v20 page 5_pages_51-75.md
017-009-060,,017,009,Clip - Sensor,VMRS_HB_COMPLETE_v20 page 5_pages_51-75.md
003-001-144,,003,001,Clip - Sensor Retainer,VMRS_HB_COMPLETE_v20 page 5_pages_51-75.md
055-022-007,,055,022,Clip - Shelf,VMRS_HB_COMPLETE_v20 page 5_pages_51-75.md
026-010-056,,026,010,"Clip - Shift Fork, 1st & Reverse",VMRS_HB_COMPLETE_v20 page 5_pages_51-75.md
027-033-030,,027,033,Clip - Shift Knob,VMRS_HB_COMPLETE_v20 page 5_pages_51-75.md
053-005-012,,053,005,Clip - Sign (Placard) Holder,VMRS_HB_COMPLETE_v20 page 5_pages_51-75.md
004-005-039,,004,005,"Clip - Skirt, Chassis Fairing",VMRS_HB_COMPLETE_v20 page 5_pages_51-75.md
002-032-015,,002,032,Clip - Sleeper Curtain,VMRS_HB_COMPLETE_v20 page 5_pages_51-75.md
034-001-121,,034,001,Clip - Spot Lamp,VMRS_HB_COMPLETE_v20 page 5_pages_51-75.md
002-027-274,,002,027,"Clip - Spring, Armrest",VMRS_HB_COMPLETE_v20 page 5_pages_51-75.md
082-006-037,,082,006,"Clip - Spring, Relay",VMRS_HB_COMPLETE_v20 page 5_pages_51-75.md
044-009-017,,044,009,Clip - Stand Pipe,VMRS_HB_COMPLETE_v20 page 5_pages_51-75.md
015-002-030,,015,002,Clip - Steering Courn,VMRS_HB_COMPLETE_v20 page 5_pages_51-75.md
015-003-076,,015,003,Clip - Steering Gear,VMRS_HB_COMPLETE_v20 page 5_pages_51-75.md
002-009-005,,002,009,Clip Sun Visor Interior,VMRS_HB_COMPLETE_v20 page 5_pages_51-75.md
002-048-017,,002,048,"Clip - Sun Visor, Interior",VMRS_HB_COMPLETE_v20 page 5_pages_51-75.md
013-010-504,,013,010,Clin - Support Trailer Connect Air Hose,VMRS_HB_COMPLETE_v20 page 5_pages_51-75.md
013-010-428,,013,010,Clip - Switch Low Air Pressure,VMRS_HB_COMPLETE_v20 page 5_pages_51-75.md
081-005-016,,081,005,Clip - Thermocouple,VMRS_HB_COMPLETE_v20 page 5_pages_51-75.md
081-006-007,,081,006,Clip - Thermostat Sensing Unit,VMRS_HB_COMPLETE_v20 page 5_pages_51-75.md
052-008-005,,052,008,"Clip - Thermostat, Refrigerator",VMRS_HB_COMPLETE_v20 page 5_pages_51-75.md
044-007-083,,044,007,Clip - Throttle Linkage,VMRS_HB_COMPLETE_v20 page 5_pages_51-75.md
082-039-009,,082,039,"Clip - Throttle Linkage, Reefer",VMRS_HB_COMPLETE_v20 page 5_pages_51-75.md
151-002-023,,151,002,"Clip - Top Cover, APU",VMRS_HB_COMPLETE_v20 page 5_pages_51-75.md
045-008-168,,045,008,Clip - Valve Cover,VMRS_HB_COMPLETE_v20 page 5_pages_51-75.md
018-003-045,,018,003,Clip - Wheel Cover,VMRS_HB_COMPLETE_v20 page 5_pages_51-75.md
002-024-012,,002,024,Clip - Window Glass,VMRS_HB_COMPLETE_v20 page 5_pages_51-75.md
002-020-007,,002,020,Clip - Window Regulator To Door Handle,VMRS_HB_COMPLETE_v20 page 5_pages_51-75.md
002-035-078,,002,035,Clip - Wiper Pivot To Linkage Housing,VMRS_HB_COMPLETE_v20 page 5_pages_51-75.md
002-018-102,,002,018,Clip Assembly - Nylon,VMRS_HB_COMPLETE_v20 page 5_pages_51-75.md
016-002-068,,016,002,"Clip Plate - Leaf Spring, Front Suspension",VMRS_HB_COMPLETE_v20 page 5_pages_51-75.md
097-002-042,,097,002,Clip Spring - Packing Gland,VMRS_HB_COMPLETE_v20 page 5_pages_51-75.md
174-001-053,,174,001,"Clip, Mounting - Bus Body",VMRS_HB_COMPLETE_v20 page 5_pages_51-75.md
002-019-035,,002,019,"Clip, Retaining Rod",VMRS_HB_COMPLETE_v20 page 5_pages_51-75.md
002-019-039,,002,019,"Clip, Retaining Rod - Compartment Door",VMRS_HB_COMPLETE_v20 page 5_pages_51-75.md
,001-000,001,000,"Clips, Snear - Bus BodyClips, Detaining, Wiring Harpass, Electronia",VMRS_HB_COMPLETE_v20 page 5_pages_51-75.md
044-014-023,,044,014,Linestors,VMRS_HB_COMPLETE_v20 page 5_pages_51-75.md
027-001-022,,027,001,Cline & Retainers - Case Assembly,VMRS_HB_COMPLETE_v20 page 5_pages_51-75.md
027-031-012,,027,031,Clins & Retainers - Case Extension,VMRS_HB_COMPLETE_v20 page 5_pages_51-75.md
027-019-010,,027,019,Clips & Retainers - Main Shaft,VMRS_HB_COMPLETE_v20 page 5_pages_51-75.md
027-029-031,,027,029,Clips & Retainers - Oil Pump,VMRS_HB_COMPLETE_v20 page 5_pages_51-75.md
027-013-030,,027,013,Clips & Retainers - Planet Carrier,VMRS_HB_COMPLETE_v20 page 5_pages_51-75.md
027-024-050,,027,024,Clips & Retainers - Valve Body,VMRS_HB_COMPLETE_v20 page 5_pages_51-75.md
052-002-000,,052,002,Clock,VMRS_HB_COMPLETE_v20 page 5_pages_51-75.md
052-002-004,,052,002,Clock - Alarm,VMRS_HB_COMPLETE_v20 page 5_pages_51-75.md
052-002-001,,052,002,Clock Assembly,VMRS_HB_COMPLETE_v20 page 5_pages_51-75.md
051-004-003,,051,004,Clock Assembly - Tachograph,VMRS_HB_COMPLETE_v20 page 5_pages_51-75.md
015-003-073,,015,003,Clock Spring - Steering Column,VMRS_HB_COMPLETE_v20 page 5_pages_51-75.md
053-014-041,,053,014,Close Nipple - Aqueous Parts Washer,VMRS_HB_COMPLETE_v20 page 5_pages_51-75.md
002-007-032,,002,007,"Closeout - ""A"" Pillar, Exterior",VMRS_HB_COMPLETE_v20 page 5_pages_51-75.md
004-008-011,,004,008,"Closeout - Cab, Rubber, Left",VMRS_HB_COMPLETE_v20 page 5_pages_51-75.md
004-008-010,,004,008,"Closeout - Cab, Rubber, Right",VMRS_HB_COMPLETE_v20 page 5_pages_51-75.md
002-050-667,,002,050,"Closet - Clothes, Sleeper",VMRS_HB_COMPLETE_v20 page 5_pages_51-75.md
002-050-134,,002,050,Closet Wall - Lett,VMRS_HB_COMPLETE_v20 page 5_pages_51-75.md
002-050-135,,002,050,Closet Wall - Right,VMRS_HB_COMPLETE_v20 page 5_pages_51-75.md
002-017-020,,002,017,Closure - Corner,VMRS_HB_COMPLETE_v20 page 5_pages_51-75.md
020-011-160,,020,011,Closure - Deck Shill,VMRS_HB_COMPLETE_v20 page 5_pages_51-75.md
,014-025,014,025,Closure - Underslund/Overslund Cross Member,VMRS_HB_COMPLETE_v20 page 5_pages_51-75.md
072-004-071,,072,004,Closure Assembly - Roll-Lin Door,VMRS_HB_COMPLETE_v20 page 5_pages_51-75.md
002-019-023,,002,019,Closure Plate - Compartment Door,VMRS_HB_COMPLETE_v20 page 5_pages_51-75.md
059-002-021,,059,002,Closure Plate - Pintle Hook,VMRS_HB_COMPLETE_v20 page 5_pages_51-75.md
026-002-048,,026,002,"Cluster - Gear, Countershaft",VMRS_HB_COMPLETE_v20 page 5_pages_51-75.md
023-002-000,,023,002,Clutch,VMRS_HB_COMPLETE_v20 page 5_pages_51-75.md
026-006-007,,026,006,Clutch - 4th & 5th Sliding,VMRS_HB_COMPLETE_v20 page 5_pages_51-75.md
026-006-093,,026,006,Clutch - 6th & 7th Sliding,VMRS_HB_COMPLETE_v20 page 5_pages_51-75.md
,005-031,005,031,Clutch - Air,VMRS_HB_COMPLETE_v20 page 5_pages_51-75.md
,009-131,009,131,Clutch - Auxiliary Air Compressor,VMRS_HB_COMPLETE_v20 page 5_pages_51-75.md
,028-063,028,063,Clutch - Compressor Bus Body A/C System,VMRS_HB_COMPLETE_v20 page 5_pages_51-75.md
,005-010,005,010,Clutch - Double Beduction Shifter,VMRS_HB_COMPLETE_v20 page 5_pages_51-75.md
,040-001,040,001,Clutch - Drive,VMRS_HB_COMPLETE_v20 page 5_pages_51-75.md
,001-175,001,175,Clutch Ean APLI,VMRS_HB_COMPLETE_v20 page 5_pages_51-75.md
,006-117,006,117,Clutch Front Compound Sliding,VMRS_HB_COMPLETE_v20 page 5_pages_51-75.md
,002-047,002,047,Clutch - Pioni Compound Silding,VMRS_HB_COMPLETE_v20 page 5_pages_51-75.md
,005-000,005,000,Clutch School Bus Crossing Cate,VMRS_HB_COMPLETE_v20 page 5_pages_51-75.md
,020-020,020,020,Clutch - School Bus Crossing Gale,VMRS_HB_COMPLETE_v20 page 5_pages_51-75.md
,017-024,017,024,Clutch - School Bus Stop Arm Assembly,VMRS_HB_COMPLETE_v20 page 5_pages_51-75.md
000-000-005,,000,000,Clutch - Siren Motor,VMRS_HB_COMPLETE_v20 page 5_pages_51-75.md
,000-095,000,095,"Clutch - Sliding, Reverse, Transmission",VMRS_HB_COMPLETE_v20 page 5_pages_51-75.md
,004-020,004,020,"Clutch - Sliding, Synchronizer",VMRS_HB_COMPLETE_v20 page 5_pages_51-75.md
,001-196,001,196,"Clutch - Sliding, Transfer Case",VMRS_HB_COMPLETE_v20 page 5_pages_51-75.md
,013-046,013,046,Clutch - Transmission Planetary Carrier,VMRS_HB_COMPLETE_v20 page 5_pages_51-75.md
,004-142,004,142,"Clutch - Transmission, Turbocompound",VMRS_HB_COMPLETE_v20 page 5_pages_51-75.md
,001-018,001,018,Clutch - Vehicle Winch,VMRS_HB_COMPLETE_v20 page 5_pages_51-75.md
,002-036,002,036,"Clutch ""dog"" - Clutch Brake",VMRS_HB_COMPLETE_v20 page 5_pages_51-75.md
,006-162,006,162,Clutch Adjusting Tool,VMRS_HB_COMPLETE_v20 page 5_pages_51-75.md
,003-148,003,148,Clutch and Pulley - Radiator Fan,VMRS_HB_COMPLETE_v20 page 5_pages_51-75.md
,002-001,002,001,Clutch Assembly - Vehicle Drivetrain,VMRS_HB_COMPLETE_v20 page 5_pages_51-75.md
,001-034,001,034,Clutch Assembly - Air Conditioning Compressor,VMRS_HB_COMPLETE_v20 page 5_pages_51-75.md
,001-032,001,032,Clutch Assembly - Automatic Transmission,VMRS_HB_COMPLETE_v20 page 5_pages_51-75.md
,004-077,004,077,"Clutch Assembly - Compressor, Mechanical",VMRS_HB_COMPLETE_v20 page 5_pages_51-75.md
,004-001,004,001,Clutch Assembly - Direct Drive,VMRS_HB_COMPLETE_v20 page 5_pages_51-75.md
,014-000,014,000,"Clutch Assembly - Drive, (MRU)",VMRS_HB_COMPLETE_v20 page 5_pages_51-75.md
,007-063,007,063,"Clutch Assembly - Drive, Mechanical",VMRS_HB_COMPLETE_v20 page 5_pages_51-75.md
,041-001,041,001,Clutch Assembly - Dual,VMRS_HB_COMPLETE_v20 page 5_pages_51-75.md
,006-030,006,030,Clutch Assembly - Fully Synchronized,VMRS_HB_COMPLETE_v20 page 5_pages_51-75.md
,011-003,011,003,"Clutch Assembly - High, Splitter",VMRS_HB_COMPLETE_v20 page 5_pages_51-75.md
,011-004,011,004,"Clutch Assembly - Low, Splitter",VMRS_HB_COMPLETE_v20 page 5_pages_51-75.md
,001-037,001,037,"Clutch Assembly - Output Shaft, Transfer Case",VMRS_HB_COMPLETE_v20 page 5_pages_51-75.md
,001-015,001,015,"Clutch Assembly - Power Train, Hybrid",VMRS_HB_COMPLETE_v20 page 5_pages_51-75.md
,004-017,004,017,Clutch Collar - Direct & Overdrive,VMRS_HB_COMPLETE_v20 page 5_pages_51-75.md
,004-016,004,016,Clutch Collar - First & Second Speed,VMRS_HB_COMPLETE_v20 page 5_pages_51-75.md
,001-191,001,191,Clutch Field - Transfer Case,VMRS_HB_COMPLETE_v20 page 5_pages_51-75.md
,005-029,005,029,"Clutch Gear - Intermediate, Main Shaft",VMRS_HB_COMPLETE_v20 page 5_pages_51-75.md
,005-009,005,009,Clutch Gear - Splitter,VMRS_HB_COMPLETE_v20 page 5_pages_51-75.md
,006-006,006,006,Clutch Gear & Synchronizer Collar Assembly,VMRS_HB_COMPLETE_v20 page 5_pages_51-75.md
,001-038,001,038,Clutch Housing - Transfer Case,VMRS_HB_COMPLETE_v20 page 5_pages_51-75.md
,006-029,006,029,Clutch Hub - 1st & 2nd Speed,VMRS_HB_COMPLETE_v20 page 5_pages_51-75.md
,013-019,013,019,Clutch Hub - Hydraulic Pump,VMRS_HB_COMPLETE_v20 page 5_pages_51-75.md
,004-021,004,021,Clutch Kit,VMRS_HB_COMPLETE_v20 page 5_pages_51-75.md
,003-000,003,000,Clutch Output Shaft - Divorced Transmission,VMRS_HB_COMPLETE_v20 page 5_pages_51-75.md
,006-014,006,014,Clutch Ring,VMRS_HB_COMPLETE_v20 page 5_pages_51-75.md
,000-000,000,000,Clutch System,VMRS_HB_COMPLETE_v20 page 5_pages_51-75.md
,004-059,004,059,"Clutch, Motor - Siren",VMRS_HB_COMPLETE_v20 page 5_pages_51-75.md
,011-016,011,016,Coat Hook - Cab,VMRS_HB_COMPLETE_v20 page 5_pages_51-75.md
,050-164,050,164,Coat Hook - Sleeper Compartment,VMRS_HB_COMPLETE_v20 page 5_pages_51-75.md
,010-133,010,133,Cock - Air Shut-Off,VMRS_HB_COMPLETE_v20 page 5_pages_51-75.md
,008-006,008,006,Cock - Shut -Off,VMRS_HB_COMPLETE_v20 page 5_pages_51-75.md
,001-333,001,333,"Coil (Core) - Condenser, Air Conditioner",VMRS_HB_COMPLETE_v20 page 5_pages_51-75.md
,001-035,001,035,Coil - Air Conditioning Clutch,VMRS_HB_COMPLETE_v20 page 5_pages_51-75.md
,003-019,003,019,"Coil - Brake Valve, Mower",VMRS_HB_COMPLETE_v20 page 5_pages_51-75.md
,026-046,026,046,Coil - Bus Passenger Heater,VMRS_HB_COMPLETE_v20 page 5_pages_51-75.md
,003-020,003,020,"Coil - Condenser, APU",VMRS_HB_COMPLETE_v20 page 5_pages_51-75.md
,006-003,006,003,Coil - Control,VMRS_HB_COMPLETE_v20 page 5_pages_51-75.md
,005-017,005,017,Coil - Control Valve,VMRS_HB_COMPLETE_v20 page 5_pages_51-75.md
,012-004,012,004,Coil - Coolant Diverter,VMRS_HB_COMPLETE_v20 page 5_pages_51-75.md
,002-040,002,040,Coil - Distributor Pick-Up,VMRS_HB_COMPLETE_v20 page 5_pages_51-75.md
,015-008,015,008,"Coil - Double Spade, Pump Assembly",VMRS_HB_COMPLETE_v20 page 5_pages_51-75.md
267-005-019,,267,005,Coil - Dual Hold,VMRS_HB_COMPLETE_v20 page 5_pages_51-75.md
018-006-025,,018,006,Collar - Thrust,VMRS_HB_COMPLETE_v20 page 5_pages_51-75.md
046-002-009,,046,002,Coil - Electro-Mechanical Controls,VMRS_HB_COMPLETE_v20 page 5_pages_51-75.md
077-003-049,,077,003,Collar - Thrust Bearing,VMRS_HB_COMPLETE_v20 page 5_pages_51-75.md
092-001-010,,092,001,,VMRS_HB_COMPLETE_v20 page 5_pages_51-75.md
077-002-020,,077,002,Collar & Washer Assembly Thrust Bearing,VMRS_HB_COMPLETE_v20 page 5_pages_51-75.md
062-001-010,,062,001,,VMRS_HB_COMPLETE_v20 page 5_pages_51-75.md
077-003-036,,077,003,Collar & Washer Assembly - Thrust Dearing,VMRS_HB_COMPLETE_v20 page 5_pages_51-75.md
151-003-031,,151,003,"Coll - Evaporator, APU",VMRS_HB_COMPLETE_v20 page 5_pages_51-75.md
077-003-019,,077,003,,VMRS_HB_COMPLETE_v20 page 5_pages_51-75.md
031-001-009,,031,001,"Coil - Field, Generator/Alternator",VMRS_HB_COMPLETE_v20 page 5_pages_51-75.md
075-003-001,,075,003,Collar Assembly,VMRS_HB_COMPLETE_v20 page 5_pages_51-75.md
058-004-007,,058,004,"Coil - Field, Motor, Winch",VMRS_HB_COMPLETE_v20 page 5_pages_51-75.md
016-018-006,,016,018,"Collar, Alignment - Slider Air Ride Suspension",VMRS_HB_COMPLETE_v20 page 5_pages_51-75.md
032-002-006,,032,002,"Coil - Field, Starter",VMRS_HB_COMPLETE_v20 page 5_pages_51-75.md
015-011-014,,015,011,"Collar, Coupling - Transfer Input",VMRS_HB_COMPLETE_v20 page 5_pages_51-75.md
033-003-001,,033,003,Coil - Ignition,VMRS_HB_COMPLETE_v20 page 5_pages_51-75.md
043-002-039,,043,002,Collector - Exhaust Header,VMRS_HB_COMPLETE_v20 page 5_pages_51-75.md
033-003-020,,033,003,Coil - Ignition On Spark Plug,VMRS_HB_COMPLETE_v20 page 5_pages_51-75.md
042-002-194,,042,002,Collector Assembly - Coolant,VMRS_HB_COMPLETE_v20 page 5_pages_51-75.md
055-010-220,,055,010,Coil Immersion Breef Lock Value Accombly,VMRS_HB_COMPLETE_v20 page 5_pages_51-75.md
045-011-026,,045,011,Collect Oil Filter Polt,VMRS_HB_COMPLETE_v20 page 5_pages_51-75.md
000-010-220,,000,010,"Coll - Infinersion Floor, Lock valve Assembly,",VMRS_HB_COMPLETE_v20 page 5_pages_51-75.md
040-011-020,,040,011,,VMRS_HB_COMPLETE_v20 page 5_pages_51-75.md
053-006-280,,053,006,Collet Cages,VMRS_HB_COMPLETE_v20 page 5_pages_51-75.md
045-008-200,,045,008,Coil - IVA Warm-Up,VMRS_HB_COMPLETE_v20 page 5_pages_51-75.md
053-006-260,,053,006,Collet Kit,VMRS_HB_COMPLETE_v20 page 5_pages_51-75.md
174-032-045,,174,032,"Coil - Manifold, Wheelchair Ramp Mechanism",VMRS_HB_COMPLETE_v20 page 5_pages_51-75.md
045-018-046,,045,018,Collets - Constant Throttle Valve (CTV),VMRS_HB_COMPLETE_v20 page 5_pages_51-75.md
082-023-004,,082,023,Coil - Pilot Solenoid Valve,VMRS_HB_COMPLETE_v20 page 5_pages_51-75.md
036-001-000,,036,001,Collision Avoidance System,VMRS_HB_COMPLETE_v20 page 5_pages_51-75.md
082-008-051,,082,008,"Coil - Pilot Solenoid Valve, Mechanical",VMRS_HB_COMPLETE_v20 page 5_pages_51-75.md
036-001-027,,036,001,Collision Avoidance System - Complete,VMRS_HB_COMPLETE_v20 page 5_pages_51-75.md
015-015-002,,015,015,Column - Steering Electric Lane Assist,VMRS_HB_COMPLETE_v20 page 5_pages_51-75.md
151-001-134,,151,001,Coil Procool APLI,VMRS_HB_COMPLETE_v20 page 5_pages_51-75.md
015-011-037,,015,011,Column Assombly Transforable Stooring,VMRS_HB_COMPLETE_v20 page 5_pages_51-75.md
044-010-017,,044,010,,VMRS_HB_COMPLETE_v20 page 5_pages_51-75.md
010-011-007,,010,011,,VMRS_HB_COMPLETE_v20 page 5_pages_51-75.md
002-008-128,,002,008,Column Filler - Instrument Panel,VMRS_HB_COMPLETE_v20 page 5_pages_51-75.md
364-005-018,,364,005,Coil - Proportional Valve,VMRS_HB_COMPLETE_v20 page 5_pages_51-75.md
003-002-035,,003,002,Comb - Speedometer,VMRS_HB_COMPLETE_v20 page 5_pages_51-75.md
024-003-010,,024,003,"Coil - Retarder, Drive Shaft",VMRS_HB_COMPLETE_v20 page 5_pages_51-75.md
001-001-108,,001,001,Combination Switch - Clutch & Blower,VMRS_HB_COMPLETE_v20 page 5_pages_51-75.md
291-001-007,,291,001,"Coil - Solenoid, Hydraulic Cartridge",VMRS_HB_COMPLETE_v20 page 5_pages_51-75.md
013-010-104,,013,010,Combination Valve - Parking & Emergency,VMRS_HB_COMPLETE_v20 page 5_pages_51-75.md
043-006-038,,043,006,"Coil - Spark Plug, Doser System",VMRS_HB_COMPLETE_v20 page 5_pages_51-75.md
168-006-022,,168,006,Coil - Travel Lock Boom Mower,VMRS_HB_COMPLETE_v20 page 5_pages_51-75.md
013-010-268,,013,010,Combination Valve - Tractor Protection & Parking,VMRS_HB_COMPLETE_v20 page 5_pages_51-75.md
082-002-070,,082,002,Coil - Unloador Valvo,VMRS_HB_COMPLETE_v20 page 5_pages_51-75.md
043-007-204,,043,007,Combustion Chambor,VMRS_HB_COMPLETE_v20 page 5_pages_51-75.md
002-002-079,,002,002,Coil - Winer Meter Drive,VMRS_HB_COMPLETE_v20 page 5_pages_51-75.md
002-035-007,,002,035,Coll - Wiper Motor Drive,VMRS_HB_COMPLETE_v20 page 5_pages_51-75.md
031-001-011,,031,001,Commutator - Alternator,VMRS_HB_COMPLETE_v20 page 5_pages_51-75.md
002-035-004,,002,035,Coil - Wiper Motor Relay,VMRS_HB_COMPLETE_v20 page 5_pages_51-75.md
032-002-008,,032,002,Commutator - Starter,VMRS_HB_COMPLETE_v20 page 5_pages_51-75.md
082-003-003,,082,003,"Coil (Core) - Condenser, Compressor Assembly,",VMRS_HB_COMPLETE_v20 page 5_pages_51-75.md
465-000-000,,465,000,Compacting,VMRS_HB_COMPLETE_v20 page 5_pages_51-75.md
172-002-000,,172,002,Compaction Assembly,VMRS_HB_COMPLETE_v20 page 5_pages_51-75.md
082-008-002,,082,008,"Coil (Core) - Condenser, Mechanical",VMRS_HB_COMPLETE_v20 page 5_pages_51-75.md
172-002-001,,172,002,Compactor Assembly,VMRS_HB_COMPLETE_v20 page 5_pages_51-75.md
061-002-013,,061,002,Compactor Mechanism - Sweeper,VMRS_HB_COMPLETE_v20 page 5_pages_51-75.md
052-008-019,,052,008,Coil (Core) - Condenser Befrigerator,VMRS_HB_COMPLETE_v20 page 5_pages_51-75.md
021-001-110,,021,001,Companion Flance - Driven Front Steer Ayle,VMRS_HB_COMPLETE_v20 page 5_pages_51-75.md
032-000-013,,032,000,Coil & Spork Dlugo,VMRS_HB_COMPLETE_v20 page 5_pages_51-75.md
049-001-074,,049,001,Comparison Flange - Driven Front Oteer Axie,VMRS_HB_COMPLETE_v20 page 5_pages_51-75.md
033-003-000,,033,003,Coll & Spark Flugs,VMRS_HB_COMPLETE_v20 page 5_pages_51-75.md
040-001-074,,040,001,"Compartment - Ballery, Hybrid",VMRS_HB_COMPLETE_v20 page 5_pages_51-75.md
364-005-011,,364,005,Coll Assembly,VMRS_HB_COMPLETE_v20 page 5_pages_51-75.md
002-008-087,,002,008,"Compartment - Glove, Dash",VMRS_HB_COMPLETE_v20 page 5_pages_51-75.md
058-003-022,,058,003,Coil Assembly - Brake,VMRS_HB_COMPLETE_v20 page 5_pages_51-75.md
002-008-005,,002,008,Compartment - Instrument Panel,VMRS_HB_COMPLETE_v20 page 5_pages_51-75.md
003-004-059,,003,004,Coil Assembly - Shutdown Solenoid,VMRS_HB_COMPLETE_v20 page 5_pages_51-75.md
078-005-010,,078,005,Compartment - Meter,VMRS_HB_COMPLETE_v20 page 5_pages_51-75.md
044-008-007,,044,008,Coil Assembly - Shutdown Solenoid,VMRS_HB_COMPLETE_v20 page 5_pages_51-75.md
061-006-011,,061,006,"Compartment - Operator, Scrubber",VMRS_HB_COMPLETE_v20 page 5_pages_51-75.md
016-002-002,,016,002,Coil Spring - Front,VMRS_HB_COMPLETE_v20 page 5_pages_51-75.md
061-001-010,,061,001,"Compartment - Operator, Sweeper",VMRS_HB_COMPLETE_v20 page 5_pages_51-75.md
016-020-006,,016,020,Coil Spring - Strut,VMRS_HB_COMPLETE_v20 page 5_pages_51-75.md
002-048-094,,002,048,Compartment - Over Door,VMRS_HB_COMPLETE_v20 page 5_pages_51-75.md
016-002-000,,016,002,Coil Spring Set,VMRS_HB_COMPLETE_v20 page 5_pages_51-75.md
002-008-163,,002,008,Compartment - Remote Keyless Entry,VMRS_HB_COMPLETE_v20 page 5_pages_51-75.md
016-005-001,,016,005,Coil Opring Cot,VMRS_HB_COMPLETE_v20 page 5_pages_51-75.md
002-000-100,,002,000,"Compartment - Remote, Reviess Entry",VMRS_HB_COMPLETE_v20 page 5_pages_51-75.md
010-000-221,,010,000,,VMRS_HB_COMPLETE_v20 page 5_pages_51-75.md
002-050-109,,002,050,Compartment - Side,VMRS_HB_COMPLETE_v20 page 5_pages_51-75.md
016-020-032,,016,020,Coll Spring Set,VMRS_HB_COMPLETE_v20 page 5_pages_51-75.md
002-012-128,,002,012,"Compartment - Storage, Floor",VMRS_HB_COMPLETE_v20 page 5_pages_51-75.md
081-002-000,,081,002,Coils - Heater,VMRS_HB_COMPLETE_v20 page 5_pages_51-75.md
002-059-029,,002,059,"Compartment - Storage, Pickup Box",VMRS_HB_COMPLETE_v20 page 5_pages_51-75.md
051-009-029,,051,009,Coin Chute,VMRS_HB_COMPLETE_v20 page 5_pages_51-75.md
002-015-195,,002,015,"Compartment - Storage, Quarter Panel",VMRS_HB_COMPLETE_v20 page 5_pages_51-75.md
002-008-127,,002,008,Coin Holder - Instrument Panel,VMRS_HB_COMPLETE_v20 page 5_pages_51-75.md
002-015-004,,002,015,Compartment - Tool,VMRS_HB_COMPLETE_v20 page 5_pages_51-75.md
016-005-080,,016,005,"Collar - Adjustment, Spring Anchor",VMRS_HB_COMPLETE_v20 page 5_pages_51-75.md
174-003-034,,174,003,Compartment Assembly - Underbody Storage,VMRS_HB_COMPLETE_v20 page 5_pages_51-75.md
016-008-050,,016,008,Collar - Alignment Air Ride Suspension,VMRS_HB_COMPLETE_v20 page 5_pages_51-75.md
002-019-028,,002,019,Compartment Door Striker Pin,VMRS_HB_COMPLETE_v20 page 5_pages_51-75.md
016-014-004,,016,014,"Collar - Alignment, J iftable Air Suspension",VMRS_HB_COMPLETE_v20 page 5_pages_51-75.md
057-001-000,,057,001,Compartment Tire - Spare,VMRS_HB_COMPLETE_v20 page 5_pages_51-75.md
010-014-004,,010,014,"Collar - Alighment, Elitable Ali Suspension",VMRS_HB_COMPLETE_v20 page 5_pages_51-75.md
002-001-102,,002,001,"Compartment, me - Spare",VMRS_HB_COMPLETE_v20 page 5_pages_51-75.md
023-001-080,,023,001,Collar - Cluich Linkage,VMRS_HB_COMPLETE_v20 page 5_pages_51-75.md
003-001-193,,003,001,Compass,VMRS_HB_COMPLETE_v20 page 5_pages_51-75.md
026-006-057,,026,006,"Collar - Clutch, 1st & Reverse Gear",VMRS_HB_COMPLETE_v20 page 5_pages_51-75.md
168-001-043,,168,001,"Compensator - Load Sense Valve, Mower",VMRS_HB_COMPLETE_v20 page 5_pages_51-75.md
025-001-140,,025,001,"Collar - Clutch, Difflock, Transfer Case",VMRS_HB_COMPLETE_v20 page 5_pages_51-75.md
059-001-174,,059,001,Compensator Assembly - Fifth Wheel,VMRS_HB_COMPLETE_v20 page 5_pages_51-75.md
015-002-027,,015,002,Collar - Column,VMRS_HB_COMPLETE_v20 page 5_pages_51-75.md
016-005-236,,016,005,Compensator Assembly - Rear Suspension,VMRS_HB_COMPLETE_v20 page 5_pages_51-75.md
021-001-043,,021,001,Collar - Driven Front Steer Axle,VMRS_HB_COMPLETE_v20 page 5_pages_51-75.md
045-017-017,,045,017,Complete Assembly - Automatic Oil Fill System,VMRS_HB_COMPLETE_v20 page 5_pages_51-75.md
001-003-074,,001,003,"Collar - Duct Mount, Self-Powered",VMRS_HB_COMPLETE_v20 page 5_pages_51-75.md
051-010-001,,051,010,Complete Assembly - Speedograph,VMRS_HB_COMPLETE_v20 page 5_pages_51-75.md
151-003-014,,151,003,Collar - Duct APU,VMRS_HB_COMPLETE_v20 page 5_pages_51-75.md
000-000-000,,000,000,Complete Vehicle,VMRS_HB_COMPLETE_v20 page 5_pages_51-75.md
053-017-016,,053,017,Components - Electrical General Lise,VMRS_HB_COMPLETE_v20 page 5_pages_51-75.md
044-000-004,,044,000,Collar - Fuel Meter Consister,VMRS_HB_COMPLETE_v20 page 5_pages_51-75.md
044-002-064,,044,002,Collar - Fuel/Water Separator,VMRS_HB_COMPLETE_v20 page 5_pages_51-75.md
003-003-003,,003,003,"Components - Parts, Meter",VMRS_HB_COMPLETE_v20 page 5_pages_51-75.md
002-004-225,,002,004,Collar - Hood,VMRS_HB_COMPLETE_v20 page 5_pages_51-75.md
053-999-086,,053,999,Compound - Anti Galling,VMRS_HB_COMPLETE_v20 page 5_pages_51-75.md
014-001-065,,014,001,"Collar - Huckbolt, Cross Member To Frame",VMRS_HB_COMPLETE_v20 page 5_pages_51-75.md
053-999-177,,053,999,Compound - Bonding,VMRS_HB_COMPLETE_v20 page 5_pages_51-75.md
055-007-027,,055,007,Collar - Lift Cylinder,VMRS_HB_COMPLETE_v20 page 5_pages_51-75.md
017-011-001,,017,011,"Compound - Interior, Tire Balance",VMRS_HB_COMPLETE_v20 page 5_pages_51-75.md
072-003-056,,072,003,"Collar - Lock Rod, Rear Door",VMRS_HB_COMPLETE_v20 page 5_pages_51-75.md
053-999-182,,053,999,Compound - Retaining,VMRS_HB_COMPLETE_v20 page 5_pages_51-75.md
097-002-005,,097,002,,VMRS_HB_COMPLETE_v20 page 5_pages_51-75.md
053-999-178,,053,999,"Compound - Shellac, Head Gasket",VMRS_HB_COMPLETE_v20 page 5_pages_51-75.md
018-006-024,,018,006,Collar - Betention,VMRS_HB_COMPLETE_v20 page 5_pages_51-75.md
053-999-068,,053,999,Compound - Thread Locking,VMRS_HB_COMPLETE_v20 page 5_pages_51-75.md
168-001-055,,168,001,Collar - Saw Mower,VMRS_HB_COMPLETE_v20 page 5_pages_51-75.md
016-015-000,,016,015,Collar Chaft Swar Der,VMRS_HB_COMPLETE_v20 page 5_pages_51-75.md
000-399-100,,000,399,Compound - valve annung,VMRS_HB_COMPLETE_v20 page 5_pages_51-75.md
010-010-009,,010,010,,VMRS_HB_COMPLETE_v20 page 5_pages_51-75.md
004-003-008,,004,003,,VMRS_HB_COMPLETE_v20 page 5_pages_51-75.md
025-001-139,,025,001,"Collar - Shatt, Transfer Case",VMRS_HB_COMPLETE_v20 page 5_pages_51-75.md
004-011-003,,004,011,"Compression Limiter - Spoiler, Roof Mounted",VMRS_HB_COMPLETE_v20 page 5_pages_51-75.md
026-011-193,,026,011,Collar - Shift Lever,VMRS_HB_COMPLETE_v20 page 5_pages_51-75.md
002-050-100,,002,050,Compression Ring - Large,VMRS_HB_COMPLETE_v20 page 5_pages_51-75.md
077-003-035,,077,003,Collar - Skid Foot Or Sand Shoe,VMRS_HB_COMPLETE_v20 page 5_pages_51-75.md
002-050-099,,002,050,Compression Ring - Small,VMRS_HB_COMPLETE_v20 page 5_pages_51-75.md
022-003-043,,022,003,Collar - Sliding Clutch,VMRS_HB_COMPLETE_v20 page 5_pages_51-75.md
044-003-124,,044,003,Compression Sleeve - Governor Control Valve,VMRS_HB_COMPLETE_v20 page 5_pages_51-75.md
367-005-044,,367,005,"Collar - Spring, Control Valve",VMRS_HB_COMPLETE_v20 page 5_pages_51-75.md
002-015-129,,002,015,Compression Spring - Engine Door,VMRS_HB_COMPLETE_v20 page 5_pages_51-75.md
069-004-004,,069,004,Collar - Swivel,VMRS_HB_COMPLETE_v20 page 5_pages_51-75.md
174-028-068,,174,028,Compressor - A/C Bus Body High Voltage,VMRS_HB_COMPLETE_v20 page 5_pages_51-75.md
022-004-055,,022,004,Collar - Thru Shaft (Output) Poor,VMRS_HB_COMPLETE_v20 page 5_pages_51-75.md
022-004-000,,022,004,"oonar - milu onan (Output), near",VMRS_HB_COMPLETE_v20 page 5_pages_51-75.md
,001-002,001,002,,VMRS_HB_COMPLETE_v20 page 5_pages_51-75.md
001-001-002,,001,001,,VMRS_HB_COMPLETE_v20 page 5_pages_51-75.md
018-004-005,,018,004,"Cone - Bearing, Inner",VMRS_HB_COMPLETE_v20 page 5_pages_51-75.md
061-001-051,,061,001,,VMRS_HB_COMPLETE_v20 page 5_pages_51-75.md
028-005-007,,028,005,"Cone - Bearing, Countershaft, Auxiliary",VMRS_HB_COMPLETE_v20 page 5_pages_51-75.md
022-003-094,,022,003,,VMRS_HB_COMPLETE_v20 page 5_pages_51-75.md
042-014-008,,042,014,,VMRS_HB_COMPLETE_v20 page 5_pages_51-75.md
026-002-030,,026,002,"Cone - Bearing, Countershaft, Manual",VMRS_HB_COMPLETE_v20 page 5_pages_51-75.md
022-003-004,,022,003,,VMRS_HB_COMPLETE_v20 page 5_pages_51-75.md
082-000-000,,082,000,,VMRS_HB_COMPLETE_v20 page 5_pages_51-75.md
022-003-121,,022,003,"Cone - Bearing, Differential Carrier",VMRS_HB_COMPLETE_v20 page 5_pages_51-75.md
088-016-004,,088,016,,VMRS_HB_COMPLETE_v20 page 5_pages_51-75.md
084-003-002,,084,003,,VMRS_HB_COMPLETE_v20 page 5_pages_51-75.md
022-003-096,,022,003,"Cone - Bearing, Drive Pinion, Outer, Differential",VMRS_HB_COMPLETE_v20 page 5_pages_51-75.md
025-001-040,,025,001,,VMRS_HB_COMPLETE_v20 page 5_pages_51-75.md
082-002-000,,082,002,,VMRS_HB_COMPLETE_v20 page 5_pages_51-75.md
022-003-097,,022,003,"Cone - Bearing, Drive Pinion, Rear, Differential",VMRS_HB_COMPLETE_v20 page 5_pages_51-75.md
,001-040,001,040,,VMRS_HB_COMPLETE_v20 page 5_pages_51-75.md
151-002-002,,151,002,,VMRS_HB_COMPLETE_v20 page 5_pages_51-75.md
002-003-011,,002,003,,VMRS_HB_COMPLETE_v20 page 5_pages_51-75.md
025-001-171,,025,001,"Cone - Bearing, Front Output Shatt, Transfer",VMRS_HB_COMPLETE_v20 page 5_pages_51-75.md
025-001-021,,025,001,,VMRS_HB_COMPLETE_v20 page 5_pages_51-75.md
025-001-011,,025,001,,VMRS_HB_COMPLETE_v20 page 5_pages_51-75.md
018-001-012,,018,001,"Cone - Bearing, Front Steer Wheel",VMRS_HB_COMPLETE_v20 page 5_pages_51-75.md
002-022-000,,002,022,,VMRS_HB_COMPLETE_v20 page 5_pages_51-75.md
023-001-039,,023,001,"Cone - Bearing, Input Idler, Transfer Case",VMRS_HB_COMPLETE_v20 page 5_pages_51-75.md
002-020-001,,002,020,Refrigeration Unit,VMRS_HB_COMPLETE_v20 page 5_pages_51-75.md
025-001-041,,025,001,"Cone - Bearing, Input Shaft, Fower Divider",VMRS_HB_COMPLETE_v20 page 5_pages_51-75.md
025-001-169,,025,001,"Cone - Bearing, Intermediate Shaft Transfer",VMRS_HB_COMPLETE_v20 page 5_pages_51-75.md
028-003-005,,028,003,,VMRS_HB_COMPLETE_v20 page 5_pages_51-75.md
020-001-100,,020,001,Case,VMRS_HB_COMPLETE_v20 page 5_pages_51-75.md
082-003-000,,082,003,,VMRS_HB_COMPLETE_v20 page 5_pages_51-75.md
082-002-001,,082,002,,VMRS_HB_COMPLETE_v20 page 5_pages_51-75.md
082-004-000,,082,004,,VMRS_HB_COMPLETE_v20 page 5_pages_51-75.md
026-005-014,,026,005,"Cone - Bearing, Main Drive Gear, Manual",VMRS_HB_COMPLETE_v20 page 5_pages_51-75.md
092-002-000,,092,002,,VMRS_HB_COMPLETE_v20 page 5_pages_51-75.md
053-016-002,,053,016,"Cone - Bearing, Non-Vehicle Usage",VMRS_HB_COMPLETE_v20 page 5_pages_51-75.md
025-001-042,,025,001,,VMRS_HB_COMPLETE_v20 page 5_pages_51-75.md
018-004-007,,018,004,"Cone - Bearing, Outer",VMRS_HB_COMPLETE_v20 page 5_pages_51-75.md
365-006-000,,365,006,,VMRS_HB_COMPLETE_v20 page 5_pages_51-75.md
364-006-000,,364,006,,VMRS_HB_COMPLETE_v20 page 5_pages_51-75.md
022-004-027,,022,004,"Cone - Bearing, Output Shaft, Inner, Power",VMRS_HB_COMPLETE_v20 page 5_pages_51-75.md
082-025-000,,082,025,,VMRS_HB_COMPLETE_v20 page 5_pages_51-75.md
082-001-000,,082,001,,VMRS_HB_COMPLETE_v20 page 5_pages_51-75.md
025-001-043,,025,001,"Cone - Bearing, Output Shaft, Transfer Case",VMRS_HB_COMPLETE_v20 page 5_pages_51-75.md
025-001-175,,025,001,,VMRS_HB_COMPLETE_v20 page 5_pages_51-75.md
025-001-044,,025,001,"Cone - Bearing, Output Yoke, Transfer Case",VMRS_HB_COMPLETE_v20 page 5_pages_51-75.md
016-008-125,,016,008,,VMRS_HB_COMPLETE_v20 page 5_pages_51-75.md
048-001-114,,048,001,,VMRS_HB_COMPLETE_v20 page 5_pages_51-75.md
026-005-013,,026,005,"Cone - Bearing, Pocket, Main Drive Gear,",VMRS_HB_COMPLETE_v20 page 5_pages_51-75.md
063-005-022,,063,005,,VMRS_HB_COMPLETE_v20 page 5_pages_51-75.md
294-001-002,,294,001,,VMRS_HB_COMPLETE_v20 page 5_pages_51-75.md
018-002-013,,018,002,"Cone - Bearing, Rear Drive Wheel",VMRS_HB_COMPLETE_v20 page 5_pages_51-75.md
042-003-028,,042,003,,VMRS_HB_COMPLETE_v20 page 5_pages_51-75.md
025-001-173,,025,001,"Cone - Bearing, Rear Output Shait, Transfer",VMRS_HB_COMPLETE_v20 page 5_pages_51-75.md
002-024-001,,002,024,,VMRS_HB_COMPLETE_v20 page 5_pages_51-75.md
042-003-029,,042,003,CaseCono Boaring Shaft Drive,VMRS_HB_COMPLETE_v20 page 5_pages_51-75.md
001-003-083,,001,003,,VMRS_HB_COMPLETE_v20 page 5_pages_51-75.md
042-003-020,,042,003,"Cone - Bearing, Side Carrier, Differential Carrier",VMRS_HB_COMPLETE_v20 page 5_pages_51-75.md
015-003-104,,015,003,,VMRS_HB_COMPLETE_v20 page 5_pages_51-75.md
015-003-111,,015,003,"Cone - Bearing, Steering Column",VMRS_HB_COMPLETE_v20 page 5_pages_51-75.md
025-001-045,,025,001,"Cone - Bearing, Tapered Boller, Transfer Case",VMRS_HB_COMPLETE_v20 page 5_pages_51-75.md
174-028-029,,174,028,,VMRS_HB_COMPLETE_v20 page 5_pages_51-75.md
015-003-113,,015,003,"Cone - Bearing, Worm Gear, Steering Column",VMRS_HB_COMPLETE_v20 page 5_pages_51-75.md
082-003-002,,082,003,,VMRS_HB_COMPLETE_v20 page 5_pages_51-75.md
365-011-017,,365,011,Cone - Burner Assembly,VMRS_HB_COMPLETE_v20 page 5_pages_51-75.md
018-002-017,,018,002,,VMRS_HB_COMPLETE_v20 page 5_pages_51-75.md
018-001-017,,018,001,"Cone - Inner Bearing, Front Steer Wheel",VMRS_HB_COMPLETE_v20 page 5_pages_51-75.md
033-002-014,,033,002,,VMRS_HB_COMPLETE_v20 page 5_pages_51-75.md
082-008-001,,082,008,,VMRS_HB_COMPLETE_v20 page 5_pages_51-75.md
018-001-019,,018,001,"Cone - Outer Bearing, Front Steer Wheel",VMRS_HB_COMPLETE_v20 page 5_pages_51-75.md
084-003-001,,084,003,,VMRS_HB_COMPLETE_v20 page 5_pages_51-75.md
018-002-019,,018,002,"Cone - Outer Bearing, Rear Drive Wheel",VMRS_HB_COMPLETE_v20 page 5_pages_51-75.md
001-001-408,,001,001,,VMRS_HB_COMPLETE_v20 page 5_pages_51-75.md
022-004-135,,022,004,Cone - Rear Side Gear Bearing,VMRS_HB_COMPLETE_v20 page 5_pages_51-75.md
001-001-062,,001,001,,VMRS_HB_COMPLETE_v20 page 5_pages_51-75.md
053-004-078,,053,004,Cone - Safety,VMRS_HB_COMPLETE_v20 page 5_pages_51-75.md
082-008-000,,082,008,,VMRS_HB_COMPLETE_v20 page 5_pages_51-75.md
072-004-054,,072,004,Cone - Stationary,VMRS_HB_COMPLETE_v20 page 5_pages_51-75.md
058-003-001,,058,003,,VMRS_HB_COMPLETE_v20 page 5_pages_51-75.md
072-004-053,,072,004,Cone - Winding,VMRS_HB_COMPLETE_v20 page 5_pages_51-75.md
082-035-000,,082,035,,VMRS_HB_COMPLETE_v20 page 5_pages_51-75.md
013-010-451,,013,010,,VMRS_HB_COMPLETE_v20 page 5_pages_51-75.md
368-001-006,,368,001,Cone Plug - Case,VMRS_HB_COMPLETE_v20 page 5_pages_51-75.md
084-003-000,,084,003,,VMRS_HB_COMPLETE_v20 page 5_pages_51-75.md
032-005-013,,032,005,"Connect - Auto Eject, Power Line",VMRS_HB_COMPLETE_v20 page 5_pages_51-75.md
053-999-231,,053,999,,VMRS_HB_COMPLETE_v20 page 5_pages_51-75.md
034-003-037,,034,003,Connecting (Jumper) Cable - 7 Pin Male Plug,VMRS_HB_COMPLETE_v20 page 5_pages_51-75.md
002-035-054,,002,035,Connecting Arm & Bearing Assembly -,VMRS_HB_COMPLETE_v20 page 5_pages_51-75.md
003-099-233,,003,099,,VMRS_HB_COMPLETE_v20 page 5_pages_51-75.md
002-035-053,,002,035,Connecting Arm & Rearing Assembly,VMRS_HB_COMPLETE_v20 page 5_pages_51-75.md
053-999-004,,053,999,Conditioner - Fuel,VMRS_HB_COMPLETE_v20 page 5_pages_51-75.md
002-033-033,,002,033,Windshield Winer Right,VMRS_HB_COMPLETE_v20 page 5_pages_51-75.md
026-011-210,,026,011,,VMRS_HB_COMPLETE_v20 page 5_pages_51-75.md
055-009-011,,055,009,Connecting Chain Link - Lift Assembly,VMRS_HB_COMPLETE_v20 page 5_pages_51-75.md
083-011-002,,083,011,,VMRS_HB_COMPLETE_v20 page 5_pages_51-75.md
083-002-009,,083,002,,VMRS_HB_COMPLETE_v20 page 5_pages_51-75.md
000-011-002,,000,011,Supply,VMRS_HB_COMPLETE_v20 page 5_pages_51-75.md
072-002-008,,072,002,,VMRS_HB_COMPLETE_v20 page 5_pages_51-75.md
022-002-011,,022,002,,VMRS_HB_COMPLETE_v20 page 5_pages_51-75.md
083-002-007,,083,002,Connecting Lines & Liquid Control Valve - Ring,VMRS_HB_COMPLETE_v20 page 5_pages_51-75.md
015-009-014,,015,009,,VMRS_HB_COMPLETE_v20 page 5_pages_51-75.md
018-005-001,,018,005,,VMRS_HB_COMPLETE_v20 page 5_pages_51-75.md
002-035-014,,002,035,Connecting Link Drive - Windshield Wiper,VMRS_HB_COMPLETE_v20 page 5_pages_51-75.md
022-003-095,,022,003,,VMRS_HB_COMPLETE_v20 page 5_pages_51-75.md
002-018-054,,002,018,"Connecting Rod - Door Handle, Inner",VMRS_HB_COMPLETE_v20 page 5_pages_51-75.md
045-006-001,,045,006,Connecting Rod & Cap Assembly,VMRS_HB_COMPLETE_v20 page 5_pages_51-75.md
045-006-000,,045,006,"Connecting Rod, Piston & Rings Assembly",VMRS_HB_COMPLETE_v20 page 5_pages_51-75.md
362-004-007,,362,004,Connector - ECU (J-Box),VMRS_HB_COMPLETE_v20 page 5_pages_51-75.md
043-001-102,,043,001,Connection - Compressed Air Distribution,VMRS_HB_COMPLETE_v20 page 5_pages_51-75.md
043-001-116,,043,001,Connector - EGR Cooler,VMRS_HB_COMPLETE_v20 page 5_pages_51-75.md
053-017-004,,053,017,Connector - Electrical,VMRS_HB_COMPLETE_v20 page 5_pages_51-75.md
001-001-155,,001,001,Connection - Compressor Discharge Fitting To,VMRS_HB_COMPLETE_v20 page 5_pages_51-75.md
027-025-004,,027,025,Connector - Electrical (Solenoid),VMRS_HB_COMPLETE_v20 page 5_pages_51-75.md
027-033-040,,027,033,Connector - Electrical Shift Lever,VMRS_HB_COMPLETE_v20 page 5_pages_51-75.md
001-001-152,,001,001,Connection - Compressor Suction Fitting To,VMRS_HB_COMPLETE_v20 page 5_pages_51-75.md
174-024-032,,174,024,"Connector - Electrical, Bus Wiring Harness",VMRS_HB_COMPLETE_v20 page 5_pages_51-75.md
002-058-032,,002,058,"Connector - Electrical, Destination Sign",VMRS_HB_COMPLETE_v20 page 5_pages_51-75.md
001-001-154,,001,001,Connection - Compressor To Compressor,VMRS_HB_COMPLETE_v20 page 5_pages_51-75.md
151-001-205,,151,001,"Connector - Electrical, Fuel Pump, APU",VMRS_HB_COMPLETE_v20 page 5_pages_51-75.md
013-010-518,,013,010,"Connector - Electrical, Heating Element, Air Drier",VMRS_HB_COMPLETE_v20 page 5_pages_51-75.md
001-001-158,,001,001,Connection - Condenser Outlet To Line,VMRS_HB_COMPLETE_v20 page 5_pages_51-75.md
013-010-524,,013,010,"Connector - Electrical, Pressure Sensor",VMRS_HB_COMPLETE_v20 page 5_pages_51-75.md
082-008-020,,082,008,"Connection - Drain Pan, Condenser",VMRS_HB_COMPLETE_v20 page 5_pages_51-75.md
013-011-080,,013,011,"Connector - Electrical, Speed Sensor",VMRS_HB_COMPLETE_v20 page 5_pages_51-75.md
082-001-013,,082,001,"Connection - Drain Pan, Evaporator",VMRS_HB_COMPLETE_v20 page 5_pages_51-75.md
013-011-081,,013,011,"Connector - Electrical, Test Port",VMRS_HB_COMPLETE_v20 page 5_pages_51-75.md
001-001-144,,001,001,Connection - Equalizer Line To Oil Bleed Line,VMRS_HB_COMPLETE_v20 page 5_pages_51-75.md
025-001-046,,025,001,"Connector - Electrical, Transfer Case",VMRS_HB_COMPLETE_v20 page 5_pages_51-75.md
001-001-143,,001,001,Connection - Equalizer Line To Suction Throttling,VMRS_HB_COMPLETE_v20 page 5_pages_51-75.md
043-004-086,,043,004,"Connector - Electrical, Turbocharger",VMRS_HB_COMPLETE_v20 page 5_pages_51-75.md
001-001-140,,001,001,Valve,VMRS_HB_COMPLETE_v20 page 5_pages_51-75.md
055-023-082,,055,023,"Connector - Electrical, Wheelchair Lift",VMRS_HB_COMPLETE_v20 page 5_pages_51-75.md
001-001-148,,001,001,Connection - Evaporator Outlet To Line,VMRS_HB_COMPLETE_v20 page 5_pages_51-75.md
027-038-005,,027,038,Connector - Electronic Control Unit (ECU),VMRS_HB_COMPLETE_v20 page 5_pages_51-75.md
001-001-149,,001,001,Connection - Evaporator to Suction Enrottling,VMRS_HB_COMPLETE_v20 page 5_pages_51-75.md
001-001-044,,001,001,Connector - Evaporator Gauge,VMRS_HB_COMPLETE_v20 page 5_pages_51-75.md
001-001-141,,001,001,Valve Intel,VMRS_HB_COMPLETE_v20 page 5_pages_51-75.md
045-012-040,,045,012,"Connector - Extension Pipe, Oil Cooler",VMRS_HB_COMPLETE_v20 page 5_pages_51-75.md
040-012-041,,040,012,Connector Earple Fuel Tank Gaseous,VMRS_HB_COMPLETE_v20 page 5_pages_51-75.md
001-001-151,,001,001,Connection - Line To Compressor Suction Fitting,VMRS_HB_COMPLETE_v20 page 5_pages_51-75.md
001-001-156,,001,001,Connection - Line To Condenser Inlet,VMRS_HB_COMPLETE_v20 page 5_pages_51-75.md
046-002-024,,046,002,Connector - Flex Contactor,VMRS_HB_COMPLETE_v20 page 5_pages_51-75.md
043-003-028,,043,003,Connector - Flexible Exhaust,VMRS_HB_COMPLETE_v20 page 5_pages_51-75.md
001-001-159,,001,001,Connection - Line To Receiver Dehydrator,VMRS_HB_COMPLETE_v20 page 5_pages_51-75.md
043-007-164,,043,007,Connector - Fluid Level Sensor,VMRS_HB_COMPLETE_v20 page 5_pages_51-75.md
023-001-118,,023,001,Connection - Master Cylinder,VMRS_HB_COMPLETE_v20 page 5_pages_51-75.md
044-010-059,,044,010,Connector - Fuel Hose Injector,VMRS_HB_COMPLETE_v20 page 5_pages_51-75.md
001-001-162,,001,001,Connection - Muffler Air Conditioning,VMRS_HB_COMPLETE_v20 page 5_pages_51-75.md
044-003-017,,044,003,Connector - Fuel Manifold,VMRS_HB_COMPLETE_v20 page 5_pages_51-75.md
001-001-146,,001,001,Connection - Oil Bleed Line To Suction Throttling,VMRS_HB_COMPLETE_v20 page 5_pages_51-75.md
001-003-053,,001,003,"Connector - Fuel Pump, Auxiliary Heater",VMRS_HB_COMPLETE_v20 page 5_pages_51-75.md
151-001-144,,151,001,"Connector - Glow Plug, APU",VMRS_HB_COMPLETE_v20 page 5_pages_51-75.md
082-004-013,,082,004,Connection - Oil Pressure,VMRS_HB_COMPLETE_v20 page 5_pages_51-75.md
151-005-027,,151,005,"Connector - HMI Harness, APU",VMRS_HB_COMPLETE_v20 page 5_pages_51-75.md
092-002-013,,092,002,"Connection - Oil Pressure, Compressor, Bulk",VMRS_HB_COMPLETE_v20 page 5_pages_51-75.md
094-007-001,,094,007,"Connector - Hood, Vapor Recovery",VMRS_HB_COMPLETE_v20 page 5_pages_51-75.md
013-010-134,,013,010,"Connector - Hose, Air Power Brakes",VMRS_HB_COMPLETE_v20 page 5_pages_51-75.md
082-002-012,,082,002,"Connection - Oil Pressure, Compressor,",VMRS_HB_COMPLETE_v20 page 5_pages_51-75.md
019-007-002,,019,007,"Connector - Hose, Chassis Lubrication",VMRS_HB_COMPLETE_v20 page 5_pages_51-75.md
041-001-012,,041,001,"Connector - Hose, Climatic Combustion Control",VMRS_HB_COMPLETE_v20 page 5_pages_51-75.md
043-002-036,,043,002,"Connection - Outlet, Exhaust Manifold",VMRS_HB_COMPLETE_v20 page 5_pages_51-75.md
044-001-112,,044,001,"Connector - Hose, Filler Neck, Fuel Tank",VMRS_HB_COMPLETE_v20 page 5_pages_51-75.md
012-001-012,,012,001,"Connection - Pivot, Non-Driven Rear Axle",VMRS_HB_COMPLETE_v20 page 5_pages_51-75.md
002-065-006,,002,065,"Connector - Hose, Headlamp Washer",VMRS_HB_COMPLETE_v20 page 5_pages_51-75.md
063-006-019,,063,006,"Connection - Power, Handheld Unit (In Vehicle),",VMRS_HB_COMPLETE_v20 page 5_pages_51-75.md
368-002-005,,368,002,"Connector - Hose, Water Pump",VMRS_HB_COMPLETE_v20 page 5_pages_51-75.md
013-007-054,,013,007,Connector - Hydraulic Trailer,VMRS_HB_COMPLETE_v20 page 5_pages_51-75.md
001-001-139,,001,001,Connection - Receiver - Dehydrator Outlet To,VMRS_HB_COMPLETE_v20 page 5_pages_51-75.md
053-017-013,,053,017,Connector - In-Line,VMRS_HB_COMPLETE_v20 page 5_pages_51-75.md
002-008-062,,002,008,Connector - Information Center Assembly,VMRS_HB_COMPLETE_v20 page 5_pages_51-75.md
001-001-150,,001,001,Connection - Suction Throttling Valve Outlet To,VMRS_HB_COMPLETE_v20 page 5_pages_51-75.md
051-011-002,,051,011,Connector - Information Center Assembly,VMRS_HB_COMPLETE_v20 page 5_pages_51-75.md
034-003-078,,034,003,Connector - Junction Box,VMRS_HB_COMPLETE_v20 page 5_pages_51-75.md
012-001-013,,012,001,"Connection - Tube, Non-Driven Rear Axle",VMRS_HB_COMPLETE_v20 page 5_pages_51-75.md
051-009-028,,051,009,Connector - Lock Plate,VMRS_HB_COMPLETE_v20 page 5_pages_51-75.md
012-002-017,,012,002,"Connection Assembly - Axie, Tag Or Pusher Axie",VMRS_HB_COMPLETE_v20 page 5_pages_51-75.md
002-015-071,,002,015,Connector - Lower,VMRS_HB_COMPLETE_v20 page 5_pages_51-75.md
012-002-016,,012,002,"Connection Assembly - Pivot, Tag Or Pusher",VMRS_HB_COMPLETE_v20 page 5_pages_51-75.md
082-019-027,,082,019,Connector - Main,VMRS_HB_COMPLETE_v20 page 5_pages_51-75.md
007-000-006,,007,000,AXIEConnection Kit Shift Linkage,VMRS_HB_COMPLETE_v20 page 5_pages_51-75.md
174-017-010,,174,017,"Connector - Male, Fuel Tank, Gaseous",VMRS_HB_COMPLETE_v20 page 5_pages_51-75.md
027-033-090,,027,033,Connector,VMRS_HB_COMPLETE_v20 page 5_pages_51-75.md
174-017-012,,174,017,Assembly,VMRS_HB_COMPLETE_v20 page 5_pages_51-75.md
060-001-000,,060,001,Connector Plate - Platform,VMRS_HB_COMPLETE_v20 page 5_pages_51-75.md
051-006-000,,051,006,Connector - Male Ston Arm,VMRS_HB_COMPLETE_v20 page 5_pages_51-75.md
046-003-002,,046,003,Connector - Battery Cable,VMRS_HB_COMPLETE_v20 page 5_pages_51-75.md
045-021-077,,045,021,"Connector - Maie, Stop Am",VMRS_HB_COMPLETE_v20 page 5_pages_51-75.md
172-001-005,,172,001,Connector - Container Body,VMRS_HB_COMPLETE_v20 page 5_pages_51-75.md
043-007-074,,043,007,Connector - Nitrogen Oxide Sensor Wiring,VMRS_HB_COMPLETE_v20 page 5_pages_51-75.md
174-032-050,,174,032,Connector - 2-Way. Wheelchair Ramp,VMRS_HB_COMPLETE_v20 page 5_pages_51-75.md
174-032-057,,174,032,"Connector - Occupant Restraint, Wheelchair Tie-",VMRS_HB_COMPLETE_v20 page 5_pages_51-75.md
052-003-049,,052,003,"Connector - 90 Degree, Radio/CB",VMRS_HB_COMPLETE_v20 page 5_pages_51-75.md
045-009-029,,045,009,"Connector - Oil Inlet Pipe, Rocker Arm Shaft",VMRS_HB_COMPLETE_v20 page 5_pages_51-75.md
026-011-188,,026,011,"Connector - Adjustment, Shift Link",VMRS_HB_COMPLETE_v20 page 5_pages_51-75.md
052-005-012,,052,005,"Connector - Pass -Thru, CB Radio",VMRS_HB_COMPLETE_v20 page 5_pages_51-75.md
013-010-391,,013,010,Connector - Air Management Unit,VMRS_HB_COMPLETE_v20 page 5_pages_51-75.md
055-009-022,,055,009,Connector - Piston Guide,VMRS_HB_COMPLETE_v20 page 5_pages_51-75.md
013-010-410,,013,010,"Connector - Air Outlet, Auxiliary",VMRS_HB_COMPLETE_v20 page 5_pages_51-75.md
362-002-012,,362,002,Connector - Power Cable,VMRS_HB_COMPLETE_v20 page 5_pages_51-75.md
052-003-033,,052,003,"Connector - Antenna, Bulkhead, Female",VMRS_HB_COMPLETE_v20 page 5_pages_51-75.md
019-002-041,,019,002,Connector - Pump Motor,VMRS_HB_COMPLETE_v20 page 5_pages_51-75.md
053-014-034,,053,014,Connector - Aqueous Parts Washer,VMRS_HB_COMPLETE_v20 page 5_pages_51-75.md
173-001-019,,173,001,Connector - Quick Disconnect,VMRS_HB_COMPLETE_v20 page 5_pages_51-75.md
043-003-026,,043,003,Connector - Ball Joint & Double Ball Joint,VMRS_HB_COMPLETE_v20 page 5_pages_51-75.md
052-003-010,,052,003,Connector - Radio Jack,VMRS_HB_COMPLETE_v20 page 5_pages_51-75.md
043-001-187,,043,001,"Connector - Ball Joint, Back Pressure Valve",VMRS_HB_COMPLETE_v20 page 5_pages_51-75.md
042-003-152,,042,003,"Connector - Relay, Radiator Fan",VMRS_HB_COMPLETE_v20 page 5_pages_51-75.md
032-005-011,,032,005,"Connector - Battery Charger, On-Board",VMRS_HB_COMPLETE_v20 page 5_pages_51-75.md
362-001-017,,362,001,Connector - Retractable Cable,VMRS_HB_COMPLETE_v20 page 5_pages_51-75.md
036-006-010,,036,006,"Connector - Battery, Asset Tracking",VMRS_HB_COMPLETE_v20 page 5_pages_51-75.md
002-050-038,,002,050,Connector - Roof Bow To Jamb,VMRS_HB_COMPLETE_v20 page 5_pages_51-75.md
013-017-013,,013,017,"Connector - Brake Hose, Position Not Specified",VMRS_HB_COMPLETE_v20 page 5_pages_51-75.md
027-038-006,,027,038,Connector - Sensor,VMRS_HB_COMPLETE_v20 page 5_pages_51-75.md
365-011-019,,365,011,Connector - Burner Assembly,VMRS_HB_COMPLETE_v20 page 5_pages_51-75.md
044-010-058,,044,010,"Connector - Sensor Assembly, Injector",VMRS_HB_COMPLETE_v20 page 5_pages_51-75.md
032-001-022,,032,001,"Connector - Butt Splice, Battery Cable",VMRS_HB_COMPLETE_v20 page 5_pages_51-75.md
044-012-050,,044,012,"Connector - Sensor, Fuel, Gaseous",VMRS_HB_COMPLETE_v20 page 5_pages_51-75.md
033-003-018,,033,003,"Connector - Coll, Electrical",VMRS_HB_COMPLETE_v20 page 5_pages_51-75.md
002-050-074,,002,050,"Connector - Sleeper, Lower",VMRS_HB_COMPLETE_v20 page 5_pages_51-75.md
040-014-005,,040,014,Connector - Grankcase Ventilation,VMRS_HB_COMPLETE_v20 page 5_pages_51-75.md
034-003-151,,034,003,Connector - Spark Dive Wire,VMRS_HB_COMPLETE_v20 page 5_pages_51-75.md
051-012-002,,051,012,Connector - Data Link,VMRS_HB_COMPLETE_v20 page 5_pages_51-75.md
365-001-022,,365,001,Connector - Strain Relief Paint Heater,VMRS_HB_COMPLETE_v20 page 5_pages_51-75.md
027-038-004,,027,038,Connector - Diagnostic Data Reader,VMRS_HB_COMPLETE_v20 page 5_pages_51-75.md
017-009-087,,017,009,Connector - Tee Coax Antenna Tire Pressure,VMRS_HB_COMPLETE_v20 page 5_pages_51-75.md
,000-004,000,004,Source Diagnoon Data Houdon,VMRS_HB_COMPLETE_v20 page 5_pages_51-75.md
011-000-001,,011,000,"connector 100, coux, Antonna, me ricobule",VMRS_HB_COMPLETE_v20 page 5_pages_51-75.md
151-001-235,,151,001,"Connector - Terminal, APU",VMRS_HB_COMPLETE_v20 page 5_pages_51-75.md
043-003-027,,043,003,Connector - Tilt Cab & Reducers,VMRS_HB_COMPLETE_v20 page 5_pages_51-75.md
002-015-070,,002,015,Connector - Upper,VMRS_HB_COMPLETE_v20 page 5_pages_51-75.md
016-014-078,,016,014,Connector - Upper King Pin Liftable Rear,VMRS_HB_COMPLETE_v20 page 5_pages_51-75.md
010-011-010,,010,011,Suspension,VMRS_HB_COMPLETE_v20 page 5_pages_51-75.md
016-004-016,,016,004,Connector - Upper King Pin Liftable Suspension,VMRS_HB_COMPLETE_v20 page 5_pages_51-75.md
011-001-048,,011,001,"Connector - Upper King Pin, Bight",VMRS_HB_COMPLETE_v20 page 5_pages_51-75.md
012-002-019,,012,002,"Connector - Upper King Pin, Tag Or Pusher Left",VMRS_HB_COMPLETE_v20 page 5_pages_51-75.md
012-002-018,,012,002,"Connector - Upper King Pin, Tag Or Pusher",VMRS_HB_COMPLETE_v20 page 5_pages_51-75.md
012-002-010,,012,002,Bight,VMRS_HB_COMPLETE_v20 page 5_pages_51-75.md
082-008-052,,082,008,Connector - Vibrasorber Line,VMRS_HB_COMPLETE_v20 page 5_pages_51-75.md
042-005-005,,042,005,Connector - Water Manifold,VMRS_HB_COMPLETE_v20 page 5_pages_51-75.md
162-006-002,,162,006,Connector - Wiring Harness,VMRS_HB_COMPLETE_v20 page 5_pages_51-75.md
043-007-103,,043,007,Connector - Wiring Harness Aftertreatment,VMRS_HB_COMPLETE_v20 page 5_pages_51-75.md
010-007-100,,010,007,Control Module to Air Control Unit,VMRS_HB_COMPLETE_v20 page 5_pages_51-75.md
043-007-105,,043,007,Connector - Wiring Harness Aftertreatment,VMRS_HB_COMPLETE_v20 page 5_pages_51-75.md
040-007-100,,040,007,Control Module to Metering Device,VMRS_HB_COMPLETE_v20 page 5_pages_51-75.md
043-007-107,,043,007,Connector - Wiring Harness Aftertreatment,VMRS_HB_COMPLETE_v20 page 5_pages_51-75.md
040-007-107,,040,007,Control Module to Pump,VMRS_HB_COMPLETE_v20 page 5_pages_51-75.md
043-007-100,,043,007,Connector - Wiring Harness Aftertreatment,VMRS_HB_COMPLETE_v20 page 5_pages_51-75.md
040-007-105,,040,007,Control Module to Tank Fill Level Indicator,VMRS_HB_COMPLETE_v20 page 5_pages_51-75.md
043-007-113,,043,007,Connector - Wiring Harness Aftertreatment,VMRS_HB_COMPLETE_v20 page 5_pages_51-75.md
040-007-110,,040,007,Control Module to Tank Heater Solenoid Valve,VMRS_HB_COMPLETE_v20 page 5_pages_51-75.md
043-007-111,,043,007,"Connector - Wiring Harness, Tank Fill Level",VMRS_HB_COMPLETE_v20 page 5_pages_51-75.md
045-007-111,,045,007,Indicator to Tank Fill Level Gauge,VMRS_HB_COMPLETE_v20 page 5_pages_51-75.md
002-010-140,,002,010,Connector Wiring Heated Mirror,VMRS_HB_COMPLETE_v20 page 5_pages_51-75.md
153-005-000,,153,005,"Connector - Wiring, Nealed Wirion",VMRS_HB_COMPLETE_v20 page 5_pages_51-75.md
065-020-044,,065,020,Connector - Vaw Sensor,VMRS_HB_COMPLETE_v20 page 5_pages_51-75.md
043-004-065,,043,004,Connector / Adapter - Exhaust Inlet,VMRS_HB_COMPLETE_v20 page 5_pages_51-75.md
054-001-012,,054,001,Connector Assembly - Horn Or Column Housing,VMRS_HB_COMPLETE_v20 page 5_pages_51-75.md
003-002-021,,003,002,Connector Assembly - Male Clamp Stud Manual,VMRS_HB_COMPLETE_v20 page 5_pages_51-75.md
000-002-021,,000,002,Speedometer,VMRS_HB_COMPLETE_v20 page 5_pages_51-75.md
044-010-071,,044,010,Connector Assembly LPG - Vaporizer,VMRS_HB_COMPLETE_v20 page 5_pages_51-75.md
042-002-196,,042,002,Connector Gasket - Coolant Hose,VMRS_HB_COMPLETE_v20 page 5_pages_51-75.md
045-002-075,,045,002,Connector Kit - Engine Wiring,VMRS_HB_COMPLETE_v20 page 5_pages_51-75.md
027-026-005,,027,026,Connector Or Clamp - Rubber Sleeve,VMRS_HB_COMPLETE_v20 page 5_pages_51-75.md
079-002-005,,079,002,Connector Shell - Switch,VMRS_HB_COMPLETE_v20 page 5_pages_51-75.md
036-002-011,,036,002,"Connector Shell - Switch, Lane Departure",VMRS_HB_COMPLETE_v20 page 5_pages_51-75.md
043-007-185,,043,007,"Connector Tube - Extension, Coolant",VMRS_HB_COMPLETE_v20 page 5_pages_51-75.md
071-026-065,,071,026,"Connector, Brace - Uplift",VMRS_HB_COMPLETE_v20 page 5_pages_51-75.md
002-057-005,,002,057,"Connector, Electrical - Air Bag Wiring",VMRS_HB_COMPLETE_v20 page 5_pages_51-75.md
002-058-020,,002,058,"Connector, Electrical - Display Assembly",VMRS_HB_COMPLETE_v20 page 5_pages_51-75.md
027-031-050,,027,031,"Connector, Electrical - Modulating Valve",VMRS_HB_COMPLETE_v20 page 5_pages_51-75.md
027-003-012,,027,003,"Connector, Electrical - Retarder Control",VMRS_HB_COMPLETE_v20 page 5_pages_51-75.md
053-004-055,,053,004,"Connector, Electrical - Siren",VMRS_HB_COMPLETE_v20 page 5_pages_51-75.md
013-012-008,,013,012,"Connector, Electrical Socket - Electric Brakes",VMRS_HB_COMPLETE_v20 page 5_pages_51-75.md
032-001-034,,032,001,"Connector, Relay - Battery Isolator",VMRS_HB_COMPLETE_v20 page 5_pages_51-75.md
051-007-004,,051,007,"Connector, Wiring - Fire Detection",VMRS_HB_COMPLETE_v20 page 5_pages_51-75.md
043-004-175,,043,004,Connector/Adapter - Exhaust Outlet,VMRS_HB_COMPLETE_v20 page 5_pages_51-75.md
053-007-001,,053,007,Connectors,VMRS_HB_COMPLETE_v20 page 5_pages_51-75.md
052-001-004,,052,001,Connectors - Cigar Lighter,VMRS_HB_COMPLETE_v20 page 5_pages_51-75.md
017-009-012,,017,009,Connectors - Electrical,VMRS_HB_COMPLETE_v20 page 5_pages_51-75.md
034-004-107,,034,004,Connectors - Electrical (Terminals),VMRS_HB_COMPLETE_v20 page 5_pages_51-75.md
036-008-024,,036,008,"Connectors - Electrical, Surveillance System",VMRS_HB_COMPLETE_v20 page 5_pages_51-75.md
052-013-005,,052,013,Connectors - Intercom,VMRS_HB_COMPLETE_v20 page 5_pages_51-75.md
001-001-227,,001,001,Connectors/Fittings - Air Conditioning,VMRS_HB_COMPLETE_v20 page 5_pages_51-75.md
174-020-001,,174,020,"Console - Bus Driver Control, Complete",VMRS_HB_COMPLETE_v20 page 5_pages_51-75.md
002-050-332,,002,050,Console - Carpeted,VMRS_HB_COMPLETE_v20 page 5_pages_51-75.md
002-008-075,,002,008,Console - Dash,VMRS_HB_COMPLETE_v20 page 5_pages_51-75.md
002-050-735,,002,050,"Console - Overhead, Rear, Sleeper",VMRS_HB_COMPLETE_v20 page 5_pages_51-75.md
002-048-045,,002,048,Console Assembly - Overhead,VMRS_HB_COMPLETE_v20 page 5_pages_51-75.md
002-011-010,,002,011,Console Or Control Island Assembly,VMRS_HB_COMPLETE_v20 page 5_pages_51-75.md
084-002-000,,084,002,Console Panel Assembly,VMRS_HB_COMPLETE_v20 page 5_pages_51-75.md
002-011-044,,002,011,Console Irim,VMRS_HB_COMPLETE_v20 page 5_pages_51-75.md
046-002-008,,046,002,Contact - Electro-Mechanical Controls,VMRS_HB_COMPLETE_v20 page 5_pages_51-75.md
013-008-049,,013,008,"Contact - Flow Switch, Booster",VMRS_HB_COMPLETE_v20 page 5_pages_51-75.md
054-001-008,,054,001,Contact - Horn,VMRS_HB_COMPLETE_v20 page 5_pages_51-75.md
034-002-024,,034,002,Contact - License Lamp Switch,VMRS_HB_COMPLETE_v20 page 5_pages_51-75.md
046-002-011,,046,002,"Contact - Movable, Electro-Mechanical Controls",VMRS_HB_COMPLETE_v20 page 5_pages_51-75.md
002-018-130,,002,018,Contact - Power Door Lock,VMRS_HB_COMPLETE_v20 page 5_pages_51-75.md
002-022-043,,002,022,"Contact - Power Door Lock, Rear Door",VMRS_HB_COMPLETE_v20 page 5_pages_51-75.md
079-002-006,,079,002,Contact - Switch,VMRS_HB_COMPLETE_v20 page 5_pages_51-75.md
036-002-012,,036,002,"Contact - Switch, Lane Departure",VMRS_HB_COMPLETE_v20 page 5_pages_51-75.md
046-003-011,,046,003,Contact Kit,VMRS_HB_COMPLETE_v20 page 5_pages_51-75.md
058-006-008,,058,006,Contactor,VMRS_HB_COMPLETE_v20 page 5_pages_51-75.md
001-003-168,,001,003,Contactor - Auxiliary HVAC,VMRS_HB_COMPLETE_v20 page 5_pages_51-75.md
046-002-005,,046,002,Contactor - Electro-Mechanical Controls,VMRS_HB_COMPLETE_v20 page 5_pages_51-75.md
082-006-062,,082,006,"Contactor - Evaporator/Condenser Motors,",VMRS_HB_COMPLETE_v20 page 5_pages_51-75.md
151-001-100,,151,001,Reeter,VMRS_HB_COMPLETE_v20 page 5_pages_51-75.md
151-001-189,,151,001,"Contactor - Heater, Diesel Particulate Filter, APU",VMRS_HB_COMPLETE_v20 page 5_pages_51-75.md
141-001-020,,141,001,"Contactor - Kliovac, Hydrogen Fuel Cell",VMRS_HB_COMPLETE_v20 page 5_pages_51-75.md
,007-100,007,100,Container,VMRS_HB_COMPLETE_v20 page 5_pages_51-75.md
034-004-274,,034,004,Container - Electrical Module,VMRS_HB_COMPLETE_v20 page 5_pages_51-75.md
053-004-009,,053,004,Container - Euse (Flare),VMRS_HB_COMPLETE_v20 page 5_pages_51-75.md
267-012-013,,267,012,Container - Winch,VMRS_HB_COMPLETE_v20 page 5_pages_51-75.md
083-002-000,,083,002,Container Assembly,VMRS_HB_COMPLETE_v20 page 5_pages_51-75.md
172-001-000,,172,001,Container Body,VMRS_HB_COMPLETE_v20 page 5_pages_51-75.md
172-001-001,,172,001,Container Body Assembly,VMRS_HB_COMPLETE_v20 page 5_pages_51-75.md
191-001-000,,191,001,Container Vessel,VMRS_HB_COMPLETE_v20 page 5_pages_51-75.md
197-017-000,,197,017,Container Vessel - Chain Conveyor,VMRS_HB_COMPLETE_v20 page 5_pages_51-75.md
197-017-001,,197,017,Container Vessel Assembly,VMRS_HB_COMPLETE_v20 page 5_pages_51-75.md
027-040-000,,027,040,Continuously Variable Transmission (CVT),VMRS_HB_COMPLETE_v20 page 5_pages_51-75.md
002-048-201,,002,048,Contrail - Overhead Storage,VMRS_HB_COMPLETE_v20 page 5_pages_51-75.md
061-008-013,,061,008,"Control - Adjustment, Broom",VMRS_HB_COMPLETE_v20 page 5_pages_51-75.md
061-004-011,,061,004,"Control - Adjustment, Main Broom",VMRS_HB_COMPLETE_v20 page 5_pages_51-75.md
061-007-022,,061,007,"Control - Adjustment, Scrub Brush",VMRS_HB_COMPLETE_v20 page 5_pages_51-75.md
361-005-000,,361,005,"Control - Air Compressor, Portable",VMRS_HB_COMPLETE_v20 page 5_pages_51-75.md
044-007-073,,044,007,Control - Automatic Throttle Stop,VMRS_HB_COMPLETE_v20 page 5_pages_51-75.md
003-001-000,,003,001,Polay,VMRS_HB_COMPLETE_v20 page 5_pages_51-75.md
164-005-000,,164,005,Control - Blowing,VMRS_HB_COMPLETE_v20 page 5_pages_51-75.md
262-005-000,,262,005,Control - Breaker Assembly,VMRS_HB_COMPLETE_v20 page 5_pages_51-75.md
067-005-000,,067,005,Control - Bucket,VMRS_HB_COMPLETE_v20 page 5_pages_51-75.md
002-018-142,,002,018,Control - Central Locking,VMRS_HB_COMPLETE_v20 page 5_pages_51-75.md
163-005-000,,163,005,Control - Chipping,VMRS_HB_COMPLETE_v20 page 5_pages_51-75.md
094-006-016,,094,006,Control - Compressed Air Reel Drive,VMRS_HB_COMPLETE_v20 page 5_pages_51-75.md
069-005-000,,069,005,Control - Conveyance,VMRS_HB_COMPLETE_v20 page 5_pages_51-75.md
001-002-154,,001,002,"Control - Coolant Flow, Heater",VMRS_HB_COMPLETE_v20 page 5_pages_51-75.md
363-005-000,,363,005,Control - Deicing,VMRS_HB_COMPLETE_v20 page 5_pages_51-75.md
267-005-000,,267,005,Control - Drilling and Boring,VMRS_HB_COMPLETE_v20 page 5_pages_51-75.md
269-005-000,,269,005,Control - Dust and Debris Collecting,VMRS_HB_COMPLETE_v20 page 5_pages_51-75.md
058-001-020,,058,001,"Control - Electric, Venicle Winch",VMRS_HB_COMPLETE_v20 page 5_pages_51-75.md
002-035-114,,002,035,Control - Electrical,VMRS_HB_COMPLETE_v20 page 5_pages_51-75.md
094-000-000,,094,000,Control Electronic Battery Disconnect Liftgate,VMRS_HB_COMPLETE_v20 page 5_pages_51-75.md
001-001-255,,001,001,Control - Electronic Cold,VMRS_HB_COMPLETE_v20 page 5_pages_51-75.md
068-005-010,,068,005,Control - Electronic Cold,VMRS_HB_COMPLETE_v20 page 5_pages_51-75.md
364-005-012,,364,005,Control - Flow Coil Assembly,VMRS_HB_COMPLETE_v20 page 5_pages_51-75.md
065-020-005,,065,020,Control - Foot,VMRS_HB_COMPLETE_v20 page 5_pages_51-75.md
001-002-008,,001,002,Control - Fresh Air Ventilator Door,VMRS_HB_COMPLETE_v20 page 5_pages_51-75.md
197-004-005,,197,004,"Control - Front, Chain Conveyor",VMRS_HB_COMPLETE_v20 page 5_pages_51-75.md
264-005-000,,264,005,Control - Grapple Assembly,VMRS_HB_COMPLETE_v20 page 5_pages_51-75.md
263-005-000,,263,005,Control - Hammer Assembly,VMRS_HB_COMPLETE_v20 page 5_pages_51-75.md
055-023-006,,055,023,Control - Hand Held,VMRS_HB_COMPLETE_v20 page 5_pages_51-75.md
002-005-008,,002,005,"Control - Hand, Cowl Vent",VMRS_HB_COMPLETE_v20 page 5_pages_51-75.md
001-001-261,,001,001,Control - Heater & Air Conditioning,VMRS_HB_COMPLETE_v20 page 5_pages_51-75.md
002-018-141,,002,018,"Control - Keyless Entry, FOB",VMRS_HB_COMPLETE_v20 page 5_pages_51-75.md
062-005-000,,062,005,"Control - Lill, Side Broom",VMRS_HB_COMPLETE_v20 page 5_pages_51-75.md
008-005-000,,008,005,Control - Linung/Onloading,VMRS_HB_COMPLETE_v20 page 5_pages_51-75.md
265-005-000,,265,005,Control - Locking Hub,VMRS_HB_COMPLETE_v20 page 5_pages_51-75.md
044-007-011,,044,007,Control - Manual Choke,VMRS_HB_COMPLETE_v20 page 5_pages_51-75.md
171-005-000,,171,005,Control - Mixer,VMRS_HB_COMPLETE_v20 page 5_pages_51-75.md
168-005-000,,168,005,Control - Mowing,VMRS_HB_COMPLETE_v20 page 5_pages_51-75.md
365-005-000,,365,005,Control - Painting & Spraying,VMRS_HB_COMPLETE_v20 page 5_pages_51-75.md
364-005-000,,364,005,Control - Paving,VMRS_HB_COMPLETE_v20 page 5_pages_51-75.md
267-005-011,,267,005,Control - Pendant,VMRS_HB_COMPLETE_v20 page 5_pages_51-75.md
268-005-000,,268,005,Control - Pulling,VMRS_HB_COMPLETE_v20 page 5_pages_51-75.md
042-001-002,,042,001,"Control - Radiator Shutter, Diesel",VMRS_HB_COMPLETE_v20 page 5_pages_51-75.md
034-004-117,,034,004,Control Box - Pursuit Lamp,VMRS_HB_COMPLETE_v20 page 5_pages_51-75.md
261-005-000,,261,005,Control - Rake Assembly,VMRS_HB_COMPLETE_v20 page 5_pages_51-75.md
024-003-016,,024,003,"Control Box - Retarder, Drive Shaft",VMRS_HB_COMPLETE_v20 page 5_pages_51-75.md
055-003-005,,055,003,"Control - Ram, Power Tailgate",VMRS_HB_COMPLETE_v20 page 5_pages_51-75.md
036-011-002,,036,011,Control Box - Trailer Sensor System,VMRS_HB_COMPLETE_v20 page 5_pages_51-75.md
174-013-008,,174,013,Control - Rear Emergency Door,VMRS_HB_COMPLETE_v20 page 5_pages_51-75.md
267-005-015,,267,005,Control Box - Turntable,VMRS_HB_COMPLETE_v20 page 5_pages_51-75.md
197-004-006,,197,004,"Control - Rear, Chain Conveyor",VMRS_HB_COMPLETE_v20 page 5_pages_51-75.md
082-012-055,,082,012,Control Box Assembly,VMRS_HB_COMPLETE_v20 page 5_pages_51-75.md
016-008-075,,016,008,"Control - Remote Air Control, Air Ride",VMRS_HB_COMPLETE_v20 page 5_pages_51-75.md
082-015-031,,082,015,Control Box Assembly,VMRS_HB_COMPLETE_v20 page 5_pages_51-75.md
034-003-094,,034,003,Control Box Assembly - Flashers,VMRS_HB_COMPLETE_v20 page 5_pages_51-75.md
016-015-043,,016,015,"Control - Remote Air Control, Cab/Sleeper",VMRS_HB_COMPLETE_v20 page 5_pages_51-75.md
001-001-040,,001,001,Control Cable - Suction Throttling Valve,VMRS_HB_COMPLETE_v20 page 5_pages_51-75.md
174-011-027,,174,011,Control Door - Outward Opening Entrance Door,VMRS_HB_COMPLETE_v20 page 5_pages_51-75.md
022-005-045,,022,005,"Control - Remote Air Control, Driven Rear Axle",VMRS_HB_COMPLETE_v20 page 5_pages_51-75.md
043-005-028,,043,005,Control Group Assembly - Cab. Exhaust Brake,VMRS_HB_COMPLETE_v20 page 5_pages_51-75.md
059-001-120,,059,001,"Control - Remote Air Control, Fifth Wheel",VMRS_HB_COMPLETE_v20 page 5_pages_51-75.md
043-005-026,,043,005,"Control Group Assembly - Engine, Exhaust",VMRS_HB_COMPLETE_v20 page 5_pages_51-75.md
054-001-040,,054,001,"Control - Remote Air Control, Horn",VMRS_HB_COMPLETE_v20 page 5_pages_51-75.md
026-011-170,,026,011,"Control - Remote Air Control, Manual",VMRS_HB_COMPLETE_v20 page 5_pages_51-75.md
001-001-185,,001,001,Control Head Assembly,VMRS_HB_COMPLETE_v20 page 5_pages_51-75.md
013-010-057,,013,010,Control Knob - Brake Valves,VMRS_HB_COMPLETE_v20 page 5_pages_51-75.md
042-003-077,,042,003,"Control - Remote Air Control, Radiator Fan",VMRS_HB_COMPLETE_v20 page 5_pages_51-75.md
045-007-016,,045,007,"Control Knob - Compression Release, Exhaust",VMRS_HB_COMPLETE_v20 page 5_pages_51-75.md
026-011-203,,026,011,"Control - Remote, Manual Shift",VMRS_HB_COMPLETE_v20 page 5_pages_51-75.md
169-005-000,,169,005,Control - Ripping,VMRS_HB_COMPLETE_v20 page 5_pages_51-75.md
002-035-070,,002,035,Control Knob - Windshield Washer,VMRS_HB_COMPLETE_v20 page 5_pages_51-75.md
367-005-000,,367,005,Control - Roller,VMRS_HB_COMPLETE_v20 page 5_pages_51-75.md
013-010-116,,013,010,Control Manifold - W/Double Check Valve &,VMRS_HB_COMPLETE_v20 page 5_pages_51-75.md
366-005-000,,366,005,Control - Sawing,VMRS_HB_COMPLETE_v20 page 5_pages_51-75.md
066-005-000,,066,005,Control - Scraper,VMRS_HB_COMPLETE_v20 page 5_pages_51-75.md
045-011-051,,045,011,Control Mechanism - Bypass Oil Filter,VMRS_HB_COMPLETE_v20 page 5_pages_51-75.md
082-003-031,,082,003,Control - Shutter,VMRS_HB_COMPLETE_v20 page 5_pages_51-75.md
061-011-012,,061,011,Control Mechanism - Floor Squeegee System,VMRS_HB_COMPLETE_v20 page 5_pages_51-75.md
174-012-008,,174,012,Control - Side Emergency Door,VMRS_HB_COMPLETE_v20 page 5_pages_51-75.md
061-010-005,,061,010,"Control Mechanism - Tank Outlet Valve, Wash",VMRS_HB_COMPLETE_v20 page 5_pages_51-75.md
001-002-063,,001,002,"Control - Slide, Sleeper Heater",VMRS_HB_COMPLETE_v20 page 5_pages_51-75.md
066-001-016,,066,001,Control - Snow Plow,VMRS_HB_COMPLETE_v20 page 5_pages_51-75.md
067-005-003,,067,005,Control Module,VMRS_HB_COMPLETE_v20 page 5_pages_51-75.md
052-009-004,,052,009,Control - Speaker,VMRS_HB_COMPLETE_v20 page 5_pages_51-75.md
016-022-007,,016,022,Control Module - Active Suspension,VMRS_HB_COMPLETE_v20 page 5_pages_51-75.md
197-004-002,,197,004,"Control - Speed, Chain Conveyor",VMRS_HB_COMPLETE_v20 page 5_pages_51-75.md
036-013-002,,036,013,Control Module - Adaptive Cruise Control,VMRS_HB_COMPLETE_v20 page 5_pages_51-75.md
034-001-130,,034,001,Control - Spot Lamp,VMRS_HB_COMPLETE_v20 page 5_pages_51-75.md
151-005-009,,151,005,Control Module - APU,VMRS_HB_COMPLETE_v20 page 5_pages_51-75.md
162-005-000,,162,005,Control - Spreading,VMRS_HB_COMPLETE_v20 page 5_pages_51-75.md
045-017-014,,045,017,Control Module - Auto Oil Fill,VMRS_HB_COMPLETE_v20 page 5_pages_51-75.md
055-006-002,,055,006,Control - Starter,VMRS_HB_COMPLETE_v20 page 5_pages_51-75.md
072-008-007,,072,008,Control Module - Automatic Door Opener,VMRS_HB_COMPLETE_v20 page 5_pages_51-75.md
032-007-002,,032,007,"Control - Starter Assembly, Hydraulic",VMRS_HB_COMPLETE_v20 page 5_pages_51-75.md
036-012-005,,036,012,Control Module - Backup Warning System,VMRS_HB_COMPLETE_v20 page 5_pages_51-75.md
161-005-000,,161,005,Control - Sweeping,VMRS_HB_COMPLETE_v20 page 5_pages_51-75.md
032-002-063,,032,002,Control Module - Battery Disconnect,VMRS_HB_COMPLETE_v20 page 5_pages_51-75.md
042-010-018,,042,010,Control - Thermostat,VMRS_HB_COMPLETE_v20 page 5_pages_51-75.md
001-002-173,,001,002,Control Module - Blower,VMRS_HB_COMPLETE_v20 page 5_pages_51-75.md
167-005-000,,167,005,Control - Tilling,VMRS_HB_COMPLETE_v20 page 5_pages_51-75.md
013-011-167,,013,011,Control Module - Brake Indicator,VMRS_HB_COMPLETE_v20 page 5_pages_51-75.md
166-005-000,,166,005,Control - Trenching,VMRS_HB_COMPLETE_v20 page 5_pages_51-75.md
052-012-018,,052,012,Control Module - Cell Phone,VMRS_HB_COMPLETE_v20 page 5_pages_51-75.md
061-003-014,,061,003,"Control - Vacuum System, Blower",VMRS_HB_COMPLETE_v20 page 5_pages_51-75.md
174-024-125,,174,024,Control Module - Childmate System,VMRS_HB_COMPLETE_v20 page 5_pages_51-75.md
165-005-000,,165,005,Control - Vacuuming,VMRS_HB_COMPLETE_v20 page 5_pages_51-75.md
002-060-006,,002,060,Control Module - Convertible Top,VMRS_HB_COMPLETE_v20 page 5_pages_51-75.md
052-003-014,,052,003,"Control - Volume, Speaker",VMRS_HB_COMPLETE_v20 page 5_pages_51-75.md
042-013-002,,042,013,"Control Module - Coolant Pre-Heater, Liquid",VMRS_HB_COMPLETE_v20 page 5_pages_51-75.md
016-021-000,,016,021,Control Arm,VMRS_HB_COMPLETE_v20 page 5_pages_51-75.md
016-001-002,,016,001,"Control Arm - A-Frame, Upper",VMRS_HB_COMPLETE_v20 page 5_pages_51-75.md
002-062-003,,002,062,Control Module - Deck Lid,VMRS_HB_COMPLETE_v20 page 5_pages_51-75.md
016-001-001,,016,001,Control Arm - Lower,VMRS_HB_COMPLETE_v20 page 5_pages_51-75.md
001-001-273,,001,001,"Control Module - Diagnostic, Air Conditioning",VMRS_HB_COMPLETE_v20 page 5_pages_51-75.md
016-008-142,,016,008,"Control Arm - Lower, Rear Suspension",VMRS_HB_COMPLETE_v20 page 5_pages_51-75.md
022-003-139,,022,003,Control Module - Differential,VMRS_HB_COMPLETE_v20 page 5_pages_51-75.md
016-021-001,,016,021,Control Arm - Position Not Specified,VMRS_HB_COMPLETE_v20 page 5_pages_51-75.md
034-004-342,,034,004,Control Module - Dome Lamp,VMRS_HB_COMPLETE_v20 page 5_pages_51-75.md
016-008-121,,016,008,"Control Arm - Upper, Rear Suspension",VMRS_HB_COMPLETE_v20 page 5_pages_51-75.md
002-018-183,,002,018,Control Module - Door Relay,VMRS_HB_COMPLETE_v20 page 5_pages_51-75.md
367-005-011,,367,005,Control Assembly,VMRS_HB_COMPLETE_v20 page 5_pages_51-75.md
034-001-100,,034,001,Control Module - Driving Lamp,VMRS_HB_COMPLETE_v20 page 5_pages_51-75.md
001-001-102,,001,001,"Control Assembly - Air Conditioning, Dash",VMRS_HB_COMPLETE_v20 page 5_pages_51-75.md
016-008-058,,016,008,Control Module - ECU,VMRS_HB_COMPLETE_v20 page 5_pages_51-75.md
001-001-209,,001,001,Control Assembly - Automatic Temperature,VMRS_HB_COMPLETE_v20 page 5_pages_51-75.md
033-002-025,,033,002,Control Module - Electronic Ignition System,VMRS_HB_COMPLETE_v20 page 5_pages_51-75.md
001-001-135,,001,001,"Control Assembly - Circuit, Engine Compartment",VMRS_HB_COMPLETE_v20 page 5_pages_51-75.md
045-018-036,,045,018,Control Module - Engine Brake,VMRS_HB_COMPLETE_v20 page 5_pages_51-75.md
171-005-001,,171,005,Control Assembly - Concrete Mixer,VMRS_HB_COMPLETE_v20 page 5_pages_51-75.md
003-004-010,,003,004,Control Module - Engine Shutdown,VMRS_HB_COMPLETE_v20 page 5_pages_51-75.md
363-005-001,,363,005,Control Assembly - Deicing,VMRS_HB_COMPLETE_v20 page 5_pages_51-75.md
044-008-011,,044,008,Control Module - Engine Shutdown,VMRS_HB_COMPLETE_v20 page 5_pages_51-75.md
002-046-018,,002,046,Control Assembly - Door,VMRS_HB_COMPLETE_v20 page 5_pages_51-75.md
045-007-041,,045,007,Control Module - Exhaust Regulator Valve,VMRS_HB_COMPLETE_v20 page 5_pages_51-75.md
023-004-000,,023,004,"Control Assembly - Electronic Automated Shift,",VMRS_HB_COMPLETE_v20 page 5_pages_51-75.md
044-014-053,,044,014,Control Module - Fuel Injector (FICM),VMRS_HB_COMPLETE_v20 page 5_pages_51-75.md
044-003-223,,044,003,Control Module - Governor,VMRS_HB_COMPLETE_v20 page 5_pages_51-75.md
044-007-001,,044,007,Control Assembly - Hand Throttle,VMRS_HB_COMPLETE_v20 page 5_pages_51-75.md
034-001-170,,034,001,Control Module - Headlamp,VMRS_HB_COMPLETE_v20 page 5_pages_51-75.md
001-002-207,,001,002,"Control Assembly - Heating, Dash",VMRS_HB_COMPLETE_v20 page 5_pages_51-75.md
034-004-330,,034,004,Control Module - Headlamp/Marker Panel,VMRS_HB_COMPLETE_v20 page 5_pages_51-75.md
001-004-021,,001,004,"Control Assembly - HVAC System, Sleeper",VMRS_HB_COMPLETE_v20 page 5_pages_51-75.md
015-001-022,,015,001,"Control Module - Heater, Steering Wheel",VMRS_HB_COMPLETE_v20 page 5_pages_51-75.md
023-001-046,,023,001,"Control Assembly - Hydraulic, Clutch",VMRS_HB_COMPLETE_v20 page 5_pages_51-75.md
048-001-091,,048,001,"Control Module - High Voltage Battery, Hybrid",VMRS_HB_COMPLETE_v20 page 5_pages_51-75.md
023-001-000,,023,001,"Control Assembly - Mechanical, Clutch",VMRS_HB_COMPLETE_v20 page 5_pages_51-75.md
048-001-071,,048,001,Control Module - Hybrid Power Train,VMRS_HB_COMPLETE_v20 page 5_pages_51-75.md
293-001-004,,293,001,"Control Board - Motor, Oil Shaker Box",VMRS_HB_COMPLETE_v20 page 5_pages_51-75.md
013-006-032,,013,006,Control Module - Hydraulic Brake Motor,VMRS_HB_COMPLETE_v20 page 5_pages_51-75.md
036-008-013,,036,008,Control Board - Surveillance System,VMRS_HB_COMPLETE_v20 page 5_pages_51-75.md
003-005-006,,003,005,Control Module - Keyless Entry,VMRS_HB_COMPLETE_v20 page 5_pages_51-75.md
081-001-008,,081,001,Control Box,VMRS_HB_COMPLETE_v20 page 5_pages_51-75.md
055-029-004,,055,029,Control Module - Liftgate Battery Charging,VMRS_HB_COMPLETE_v20 page 5_pages_51-75.md
151-005-020,,151,005,Control Box - APU,VMRS_HB_COMPLETE_v20 page 5_pages_51-75.md
044-010-075,,044,010,Control Module - Liquid Petroleum (LPCM),VMRS_HB_COMPLETE_v20 page 5_pages_51-75.md
068-005-007,,068,005,Control Box - Boom,VMRS_HB_COMPLETE_v20 page 5_pages_51-75.md
026-015-094,,026,015,"Control Module - Mechatronic, Automated",VMRS_HB_COMPLETE_v20 page 5_pages_51-75.md
017-009-001,,017,009,Control Box - Central Tire Inflation System,VMRS_HB_COMPLETE_v20 page 5_pages_51-75.md
034-004-343,,034,004,"Control Box - Dash Switches, Optional",VMRS_HB_COMPLETE_v20 page 5_pages_51-75.md
174-024-145,,174,024,Control Module - Multiplexing,VMRS_HB_COMPLETE_v20 page 5_pages_51-75.md
267-005-014,,267,005,Control Box - Derrick Power Module,VMRS_HB_COMPLETE_v20 page 5_pages_51-75.md
003-006-012,,003,006,"Control Module - Multiplexing, Interface",VMRS_HB_COMPLETE_v20 page 5_pages_51-75.md
082-001-098,,082,001,"Control Box - Evaporator Fan, Reefer",VMRS_HB_COMPLETE_v20 page 5_pages_51-75.md
051-008-018,,051,008,"Control Module - Navigation System, GPS",VMRS_HB_COMPLETE_v20 page 5_pages_51-75.md
002-027-341,,002,027,"Control Box - Heat/Massage, Seat",VMRS_HB_COMPLETE_v20 page 5_pages_51-75.md
174-011-061,,174,011,Control Module - Outward Opening Entrance,VMRS_HB_COMPLETE_v20 page 5_pages_51-75.md
099-008-015,,099,008,"Control Box - Hose Saver Device, Overfill",VMRS_HB_COMPLETE_v20 page 5_pages_51-75.md
013-003-075,,013,003,"Control Module - Parking Brake, Drive Shaft",VMRS_HB_COMPLETE_v20 page 5_pages_51-75.md
072-009-018,,072,009,Control Box - Power Roll-Up Door,VMRS_HB_COMPLETE_v20 page 5_pages_51-75.md
002-024-063,,002,024,Control Module - Power Sliding Rear Window,VMRS_HB_COMPLETE_v20 page 5_pages_51-75.md
077-003-060,,077,003,Control Box - Powered Landing Gear,VMRS_HB_COMPLETE_v20 page 5_pages_51-75.md
015-005-111,,015,005,Control Module - Power Steering,VMRS_HB_COMPLETE_v20 page 5_pages_51-75.md
002-018-143,,002,018,Code,VMRS_HB_COMPLETE_v20 page 5_pages_51-75.md
022-002-016,,022,002,,VMRS_HB_COMPLETE_v20 page 5_pages_51-75.md
075-001-020,,075,001,Control Valve - Auto Lid,VMRS_HB_COMPLETE_v20 page 5_pages_51-75.md
,003-149,003,149,,VMRS_HB_COMPLETE_v20 page 5_pages_51-75.md
013-010-201,,013,010,Control Valve - Axle,VMRS_HB_COMPLETE_v20 page 5_pages_51-75.md
062-035-147,,062,035,,VMRS_HB_COMPLETE_v20 page 5_pages_51-75.md
013-010-474,,013,010,"Control Valve - Back Pressure, Air Drier",VMRS_HB_COMPLETE_v20 page 5_pages_51-75.md
682-086-014,,682,086,,VMRS_HB_COMPLETE_v20 page 5_pages_51-75.md
197-004-003,,197,004,Control Valve - Chain Conveyor,VMRS_HB_COMPLETE_v20 page 5_pages_51-75.md
001-035-070,,001,035,,VMRS_HB_COMPLETE_v20 page 5_pages_51-75.md
367-003-007,,367,003,Control Valve - Charge Pump,VMRS_HB_COMPLETE_v20 page 5_pages_51-75.md
043-005-016,,043,005,,VMRS_HB_COMPLETE_v20 page 5_pages_51-75.md
022-003-125,,022,003,Control Valve - Differential Carrier,VMRS_HB_COMPLETE_v20 page 5_pages_51-75.md
044-011-001,,044,011,,VMRS_HB_COMPLETE_v20 page 5_pages_51-75.md
003-001-069,,003,001,Control Valve - Differential Lockout,VMRS_HB_COMPLETE_v20 page 5_pages_51-75.md
066-003-007,,066,003,,VMRS_HB_COMPLETE_v20 page 5_pages_51-75.md
041-005-001,,041,005,Control Valve - Ether Injector,VMRS_HB_COMPLETE_v20 page 5_pages_51-75.md
044-008-042,,044,008,,VMRS_HB_COMPLETE_v20 page 5_pages_51-75.md
002-001-114,,002,001,,VMRS_HB_COMPLETE_v20 page 5_pages_51-75.md
044-009-022,,044,009,Control Valve - Fuel Heater,VMRS_HB_COMPLETE_v20 page 5_pages_51-75.md
002-005-106,,002,005,,VMRS_HB_COMPLETE_v20 page 5_pages_51-75.md
044-006-004,,044,006,"Control Valve - Governor, Gasoline Engine",VMRS_HB_COMPLETE_v20 page 5_pages_51-75.md
002-011-124,,002,011,,VMRS_HB_COMPLETE_v20 page 5_pages_51-75.md
044-003-139,,044,003,"Control Valve - Governor, Injector Pump",VMRS_HB_COMPLETE_v20 page 5_pages_51-75.md
002-948-256,,002,948,,VMRS_HB_COMPLETE_v20 page 5_pages_51-75.md
002-027-342,,002,027,"Control Valve - Height/Suspension, Seat",VMRS_HB_COMPLETE_v20 page 5_pages_51-75.md
065-001-000,,065,001,,VMRS_HB_COMPLETE_v20 page 5_pages_51-75.md
055-005-001,,055,005,Control Valve - Hydraulic,VMRS_HB_COMPLETE_v20 page 5_pages_51-75.md
205-001-002,,205,001,,VMRS_HB_COMPLETE_v20 page 5_pages_51-75.md
065-030-005,,065,030,Control Valve - Hydraulic Pump,VMRS_HB_COMPLETE_v20 page 5_pages_51-75.md
013-010-125,,013,010,,VMRS_HB_COMPLETE_v20 page 5_pages_51-75.md
065-020-000,,065,020,Control Valve - Hydraulic System,VMRS_HB_COMPLETE_v20 page 5_pages_51-75.md
036-003-007,,036,003,,VMRS_HB_COMPLETE_v20 page 5_pages_51-75.md
055-010-009,,055,010,Attachmente,VMRS_HB_COMPLETE_v20 page 5_pages_51-75.md
034-004-367,,034,004,"Control Module - Venicle, Multi-Function",VMRS_HB_COMPLETE_v20 page 5_pages_51-75.md
069-001-125,,069,001,AllachmenisControl Volvo Hudraulio Turrot,VMRS_HB_COMPLETE_v20 page 5_pages_51-75.md
030-003-007,,030,003,Comora,VMRS_HB_COMPLETE_v20 page 5_pages_51-75.md
000-001-125,,000,001,Control Valve - Manifold,VMRS_HB_COMPLETE_v20 page 5_pages_51-75.md
003-022-003,,003,022,,VMRS_HB_COMPLETE_v20 page 5_pages_51-75.md
013-010-114,,013,010,Control Valvo Manifold Heat,VMRS_HB_COMPLETE_v20 page 5_pages_51-75.md
002-003-030,,002,003,042.003.003,VMRS_HB_COMPLETE_v20 page 5_pages_51-75.md
043-002-008,,043,002,Control Valve - Manifold W/Quick Poloaso Valvo,VMRS_HB_COMPLETE_v20 page 5_pages_51-75.md
022-004-129,,022,004,,VMRS_HB_COMPLETE_v20 page 5_pages_51-75.md
013-010-113,,013,010,Control Valve - Manual,VMRS_HB_COMPLETE_v20 page 5_pages_51-75.md
153-005-011,,153,005,,VMRS_HB_COMPLETE_v20 page 5_pages_51-75.md
081-005-015,,081,005,Control Valve - Pilot Lamp,VMRS_HB_COMPLETE_v20 page 5_pages_51-75.md
163-005-030,,163,005,Control Panel - Brush Chipper,VMRS_HB_COMPLETE_v20 page 5_pages_51-75.md
022-004-120,,022,004,Control Valve - Power Carrier,VMRS_HB_COMPLETE_v20 page 5_pages_51-75.md
363-005-002,,363,005,Control Panel - Complete,VMRS_HB_COMPLETE_v20 page 5_pages_51-75.md
044-001-014,,044,001,,VMRS_HB_COMPLETE_v20 page 5_pages_51-75.md
042-004-010,,042,004,Control Valve - Thermo-Pneumatic,VMRS_HB_COMPLETE_v20 page 5_pages_51-75.md
002-008-043,,002,008,,VMRS_HB_COMPLETE_v20 page 5_pages_51-75.md
369-005-002,,369,005,,VMRS_HB_COMPLETE_v20 page 5_pages_51-75.md
044-009-007,,044,009,Control Valve - Three-Way Fuel Line Heater,VMRS_HB_COMPLETE_v20 page 5_pages_51-75.md
055-020-000,,055,020,,VMRS_HB_COMPLETE_v20 page 5_pages_51-75.md
015-007-000,,015,007,Control Valve - Tie Bod Type,VMRS_HB_COMPLETE_v20 page 5_pages_51-75.md
002-050-106,,002,050,,VMRS_HB_COMPLETE_v20 page 5_pages_51-75.md
013-009-096,,013,009,Control Valve - Unloader Bypass Type,VMRS_HB_COMPLETE_v20 page 5_pages_51-75.md
022-005-015,,022,005,Control Valve - Vacuum Driven Rear Axle,VMRS_HB_COMPLETE_v20 page 5_pages_51-75.md
082-013-015,,082,013,,VMRS_HB_COMPLETE_v20 page 5_pages_51-75.md
013-008-037,,013,008,"Control Valve - Vacuum, Power Brakes",VMRS_HB_COMPLETE_v20 page 5_pages_51-75.md
082-023-027,,082,023,,VMRS_HB_COMPLETE_v20 page 5_pages_51-75.md
367-008-002,,367,008,Control Valve - Vibration System,VMRS_HB_COMPLETE_v20 page 5_pages_51-75.md
082-029-002,,082,029,,VMRS_HB_COMPLETE_v20 page 5_pages_51-75.md
071-033-019,,071,033,Control Valve - Walking Floor,VMRS_HB_COMPLETE_v20 page 5_pages_51-75.md
082-012-000,,082,012,,VMRS_HB_COMPLETE_v20 page 5_pages_51-75.md
015-006-000,,015,006,Control Valve (Torgue Generator) - Integral Gear,VMRS_HB_COMPLETE_v20 page 5_pages_51-75.md
055-020-001,,055,020,,VMRS_HB_COMPLETE_v20 page 5_pages_51-75.md
059-025-000,,059,025,,VMRS_HB_COMPLETE_v20 page 5_pages_51-75.md
015-007-001,,015,007,Control Valve Assembly - Hydraulic,VMRS_HB_COMPLETE_v20 page 5_pages_51-75.md
027-021-020,,027,021,,VMRS_HB_COMPLETE_v20 page 5_pages_51-75.md
293-001-005,,293,001,,VMRS_HB_COMPLETE_v20 page 5_pages_51-75.md
055-010-008,,055,010,"Control Valve Assembly - Hydraulic, Lift System",VMRS_HB_COMPLETE_v20 page 5_pages_51-75.md
055-017-001,,055,017,,VMRS_HB_COMPLETE_v20 page 5_pages_51-75.md
291-002-009,,291,002,"Control Valve Assembly - Pentair, PS4 Peristaltic",VMRS_HB_COMPLETE_v20 page 5_pages_51-75.md
055-017-002,,055,017,,VMRS_HB_COMPLETE_v20 page 5_pages_51-75.md
082-035-017,,082,035,,VMRS_HB_COMPLETE_v20 page 5_pages_51-75.md
002-035-023,,002,035,Control Valve Assembly - Windshield Washer,VMRS_HB_COMPLETE_v20 page 5_pages_51-75.md
045-012-053,,045,012,,VMRS_HB_COMPLETE_v20 page 5_pages_51-75.md
002-035-027,,002,035,Control Valve Assembly - Wiper Motor,VMRS_HB_COMPLETE_v20 page 5_pages_51-75.md
055-021-000,,055,021,,VMRS_HB_COMPLETE_v20 page 5_pages_51-75.md
055-010-065,,055,010,Control Valve Body - 2 Way,VMRS_HB_COMPLETE_v20 page 5_pages_51-75.md
098-012-010,,098,012,,VMRS_HB_COMPLETE_v20 page 5_pages_51-75.md
055-010-066,,055,010,Control Valve Body - 3 Way,VMRS_HB_COMPLETE_v20 page 5_pages_51-75.md
098-013-011,,098,013,,VMRS_HB_COMPLETE_v20 page 5_pages_51-75.md
055-010-067,,055,010,Control Valve Body - 4 Way,VMRS_HB_COMPLETE_v20 page 5_pages_51-75.md
998-011-013,,998,011,,VMRS_HB_COMPLETE_v20 page 5_pages_51-75.md
055-010-014,,055,010,Control Valve Handle,VMRS_HB_COMPLETE_v20 page 5_pages_51-75.md
142-005-000,,142,005,,VMRS_HB_COMPLETE_v20 page 5_pages_51-75.md
055-010-017,,055,010,Control Valve Lever,VMRS_HB_COMPLETE_v20 page 5_pages_51-75.md
083-005-001,,083,005,,VMRS_HB_COMPLETE_v20 page 5_pages_51-75.md
055-010-035,,055,010,Control Valve Lever Clevis,VMRS_HB_COMPLETE_v20 page 5_pages_51-75.md
099-007-005,,099,007,,VMRS_HB_COMPLETE_v20 page 5_pages_51-75.md
055-010-018,,055,010,Control Valve Lever Shim,VMRS_HB_COMPLETE_v20 page 5_pages_51-75.md
001-003-027,,001,003,,VMRS_HB_COMPLETE_v20 page 5_pages_51-75.md
055-010-068,,055,010,Control Valve Spool,VMRS_HB_COMPLETE_v20 page 5_pages_51-75.md
042-011-008,,042,011,,VMRS_HB_COMPLETE_v20 page 5_pages_51-75.md
016-018-010,,016,018,"Control valve, Height - Slider Air Ride",VMRS_HB_COMPLETE_v20 page 5_pages_51-75.md
002-018-200,,002,018,,VMRS_HB_COMPLETE_v20 page 5_pages_51-75.md
000-004-000,,000,004,Suspension,VMRS_HB_COMPLETE_v20 page 5_pages_51-75.md
099-001-002,,099,001,,VMRS_HB_COMPLETE_v20 page 5_pages_51-75.md
369-004-003,,369,004,Control valves - Crusher,VMRS_HB_COMPLETE_v20 page 5_pages_51-75.md
174-035-011,,174,035,,VMRS_HB_COMPLETE_v20 page 5_pages_51-75.md
001-003-092,,001,003,,VMRS_HB_COMPLETE_v20 page 5_pages_51-75.md
002-020-003,,002,020,Controller,VMRS_HB_COMPLETE_v20 page 5_pages_51-75.md
141-001-027,,141,001,ControllerController Air Compressor Motor Hydrogon,VMRS_HB_COMPLETE_v20 page 5_pages_51-75.md
081-005-001,,081,005,,VMRS_HB_COMPLETE_v20 page 5_pages_51-75.md
141-001-037,,141,001,,VMRS_HB_COMPLETE_v20 page 5_pages_51-75.md
043-001-007,,043,001,,VMRS_HB_COMPLETE_v20 page 5_pages_51-75.md
043-001-120,,043,001,Controllor Back Prossure Actuator,VMRS_HB_COMPLETE_v20 page 5_pages_51-75.md
002-005-010,,002,005,,VMRS_HB_COMPLETE_v20 page 5_pages_51-75.md
043-001-123,,043,001,Controller - Brake Pedal Operated Electric,VMRS_HB_COMPLETE_v20 page 5_pages_51-75.md
083-005-000,,083,005,,VMRS_HB_COMPLETE_v20 page 5_pages_51-75.md
013-012-002,,013,012,Brakes,VMRS_HB_COMPLETE_v20 page 5_pages_51-75.md
163-005-004,,163,005,Controller - Brush Chipper,VMRS_HB_COMPLETE_v20 page 5_pages_51-75.md
001-000-010,,001,000,,VMRS_HB_COMPLETE_v20 page 5_pages_51-75.md
001-003-073,,001,003,Controller - Compressor Self-Powered,VMRS_HB_COMPLETE_v20 page 5_pages_51-75.md
043-001-019,,043,001,,VMRS_HB_COMPLETE_v20 page 5_pages_51-75.md
048-001-010,,048,001,Controller - Cooler Power Train Hybrid,VMRS_HB_COMPLETE_v20 page 5_pages_51-75.md
048-001-065,,048,001,Controller - Digital Motor Parallel Type Hybrid,VMRS_HB_COMPLETE_v20 page 5_pages_51-75.md
022-005-016,,022,005,,VMRS_HB_COMPLETE_v20 page 5_pages_51-75.md
048-001-066,,048,001,"Controller - Digital Motor, Parlies Type, Hybrid",VMRS_HB_COMPLETE_v20 page 5_pages_51-75.md
023-001-104,,023,001,,VMRS_HB_COMPLETE_v20 page 5_pages_51-75.md
055-029-003,,055,029,"Controller - Direct, Liftgate Battery Charging",VMRS_HB_COMPLETE_v20 page 5_pages_51-75.md
026-011-045,,026,011,,VMRS_HB_COMPLETE_v20 page 5_pages_51-75.md
036-014-003,,036,014,Controller - Driver Risk Management System,VMRS_HB_COMPLETE_v20 page 5_pages_51-75.md
043-001-051,,043,001,Controller - EGR (VPOD),VMRS_HB_COMPLETE_v20 page 5_pages_51-75.md
151-005-018,,151,005,"Controller - Electrical, APU",VMRS_HB_COMPLETE_v20 page 5_pages_51-75.md
001-002-148,,001,002,"Converter - Cable, Heater Control",VMRS_HB_COMPLETE_v20 page 5_pages_51-75.md
013-010-254,,013,010,Controller - Electronic,VMRS_HB_COMPLETE_v20 page 5_pages_51-75.md
141-001-023,,141,001,"Converter - DC-DC, 24-36V to 12V, Hydrogen",VMRS_HB_COMPLETE_v20 page 5_pages_51-75.md
044-003-285,,044,003,Controller - Fuel Pump,VMRS_HB_COMPLETE_v20 page 5_pages_51-75.md
044-003-279,,044,003,Controller - Fuel Ratio,VMRS_HB_COMPLETE_v20 page 5_pages_51-75.md
141-001-024,,141,001,"Converter - DC-DC, 24-36V to 24V, Hydrogen",VMRS_HB_COMPLETE_v20 page 5_pages_51-75.md
032-003-029,,032,003,Controller - Glow Plug,VMRS_HB_COMPLETE_v20 page 5_pages_51-75.md
013-012-004,,013,012,"Controller - Hand & Foot, Electric Brakes",VMRS_HB_COMPLETE_v20 page 5_pages_51-75.md
038-003-006,,038,003,Converter - DC/DC with Variable Frequency,VMRS_HB_COMPLETE_v20 page 5_pages_51-75.md
013-012-001,,013,012,"Controller - Hand Operated, Electric Brakes",VMRS_HB_COMPLETE_v20 page 5_pages_51-75.md
000-001-060,,000,001,"Drive AC Output, Electric Venicle",VMRS_HB_COMPLETE_v20 page 5_pages_51-75.md
462-012-053,,462,012,Controller - HMI (Human Machine Internace),VMRS_HB_COMPLETE_v20 page 5_pages_51-75.md
032-001-003,,032,001,"Converter - DC/DC, Capacilor",VMRS_HB_COMPLETE_v20 page 5_pages_51-75.md
402-009-010,,402,009,"Controller - Insulating (ISO-Ghp), Platform",VMRS_HB_COMPLETE_v20 page 5_pages_51-75.md
036-003-004,,036,003,"Converter - DC/DC, Electric Venicle",VMRS_HB_COMPLETE_v20 page 5_pages_51-75.md
,001-017,001,017,Controller - Main Hydrogen Fuel Cell,VMRS_HB_COMPLETE_v20 page 5_pages_51-75.md
051-010-006,,051,010,Converter - Erequency MPH Speedograph,VMRS_HB_COMPLETE_v20 page 5_pages_51-75.md
034-004-424,,034,004,Controller - Modular Switch Field,VMRS_HB_COMPLETE_v20 page 5_pages_51-75.md
001-010-000,,001,010,Assembly,VMRS_HB_COMPLETE_v20 page 5_pages_51-75.md
172-010-002,,172,010,Controller - Multiplexing Container Body,VMRS_HB_COMPLETE_v20 page 5_pages_51-75.md
036-010-002,,036,010,Converter - OBDIL Electronic Logging Device,VMRS_HB_COMPLETE_v20 page 5_pages_51-75.md
267-005-016,,267,005,Controller - Pistol Grip,VMRS_HB_COMPLETE_v20 page 5_pages_51-75.md
072-009-020,,072,009,Converter - Power Roll-Up Door,VMRS_HB_COMPLETE_v20 page 5_pages_51-75.md
068-005-008,,068,005,"Controller - Pistol Grip, Boom",VMRS_HB_COMPLETE_v20 page 5_pages_51-75.md
044-010-000,,044,010,Converter - Propane / Natural Gas,VMRS_HB_COMPLETE_v20 page 5_pages_51-75.md
172-010-001,,172,010,"Controller - Programed Logic (PLC), Container",VMRS_HB_COMPLETE_v20 page 5_pages_51-75.md
038-003-001,,038,003,"Converter - Variable Frequency Drive AC Output,",VMRS_HB_COMPLETE_v20 page 5_pages_51-75.md
172-001-025,,172,001,"Controller - Programmed Logic (PLC), Container",VMRS_HB_COMPLETE_v20 page 5_pages_51-75.md
031-002-010,,031,002,Converter - Voltage,VMRS_HB_COMPLETE_v20 page 5_pages_51-75.md
026-015-074,,026,015,"Converter - Voltage, 12/24, Automated",VMRS_HB_COMPLETE_v20 page 5_pages_51-75.md
048-001-013,,048,001,"Controller - Push Button Dash, Hybrid",VMRS_HB_COMPLETE_v20 page 5_pages_51-75.md
007-000-001,,007,000,Iransmission,VMRS_HB_COMPLETE_v20 page 5_pages_51-75.md
052-021-002,,052,021,"Controller - Remote, Video Monitor",VMRS_HB_COMPLETE_v20 page 5_pages_51-75.md
027-002-001,,027,002,Converter Assembly - Automatic Transmission,VMRS_HB_COMPLETE_v20 page 5_pages_51-75.md
055-029-011,,055,029,Controller - Select W/Dual Combo Reeler and,VMRS_HB_COMPLETE_v20 page 5_pages_51-75.md
072-009-024,,072,009,Converter Box Assembly - Power Roll-Up Door,VMRS_HB_COMPLETE_v20 page 5_pages_51-75.md
055-020-002,,055,020,"Auxiliary, Liligate Battery Charging",VMRS_HB_COMPLETE_v20 page 5_pages_51-75.md
059-043-000,,059,043,Converter Dolly,VMRS_HB_COMPLETE_v20 page 5_pages_51-75.md
169-001-072,,169,001,"Controller - Select, Liligate Battery Charging",VMRS_HB_COMPLETE_v20 page 5_pages_51-75.md
059-043-001,,059,043,Converter Dolly Assembly,VMRS_HB_COMPLETE_v20 page 5_pages_51-75.md
046-004-018,,046,004,Controller - Speed Module,VMRS_HB_COMPLETE_v20 page 5_pages_51-75.md
077-010-001,,077,010,Converter Dolly Jack,VMRS_HB_COMPLETE_v20 page 5_pages_51-75.md
153-005-006,,153,005,Controller - Stationary Generator,VMRS_HB_COMPLETE_v20 page 5_pages_51-75.md
002-060-000,,002,060,Convertible Top,VMRS_HB_COMPLETE_v20 page 5_pages_51-75.md
032-001-062,,032,001,Controller - Switch Capacitor,VMRS_HB_COMPLETE_v20 page 5_pages_51-75.md
002-060-001,,002,060,Convertible Top Assembly,VMRS_HB_COMPLETE_v20 page 5_pages_51-75.md
083-001-004,,083,001,Controller - Temperature,VMRS_HB_COMPLETE_v20 page 5_pages_51-75.md
069-000-000,,069,000,Conveyance,VMRS_HB_COMPLETE_v20 page 5_pages_51-75.md
083-005-004,,083,005,"Controller - Temperature, External Mounted",VMRS_HB_COMPLETE_v20 page 5_pages_51-75.md
056-001-123,,056,001,"Conveyer - Lube Diverter, PTO",VMRS_HB_COMPLETE_v20 page 5_pages_51-75.md
082-019-000,,082,019,Controller - Thermostat,VMRS_HB_COMPLETE_v20 page 5_pages_51-75.md
055-005-000,,055,005,Conveyor - Retractable Roller (Hydraulic),VMRS_HB_COMPLETE_v20 page 5_pages_51-75.md
364-005-002,,364,005,"Controller -Temperature, Control Box",VMRS_HB_COMPLETE_v20 page 5_pages_51-75.md
091-003-001,,091,003,Conveyor Assembly - Turbine,VMRS_HB_COMPLETE_v20 page 5_pages_51-75.md
067-005-006,,067,005,Controller Assembly,VMRS_HB_COMPLETE_v20 page 5_pages_51-75.md
269-013-000,,269,013,Conveyors,VMRS_HB_COMPLETE_v20 page 5_pages_51-75.md
174-033-055,,174,033,Controller Assembly - Articulated Joint,VMRS_HB_COMPLETE_v20 page 5_pages_51-75.md
053-999-257,,053,999,"Coolant - Asian Blue, Radiator, OAT",VMRS_HB_COMPLETE_v20 page 5_pages_51-75.md
019-004-001,,019,004,Controller Assembly - Automatic Chassis,VMRS_HB_COMPLETE_v20 page 5_pages_51-75.md
053-999-258,,053,999,"Coolant - Asian Red, Radiator, OAT",VMRS_HB_COMPLETE_v20 page 5_pages_51-75.md
053-999-259,,053,999,"Coolant - European Blue, Radiator, HOAT",VMRS_HB_COMPLETE_v20 page 5_pages_51-75.md
002-058-005,,002,058,Controller Assembly - Destination Sign,VMRS_HB_COMPLETE_v20 page 5_pages_51-75.md
053-999-235,,053,999,Coolant - Hybrid Inverter,VMRS_HB_COMPLETE_v20 page 5_pages_51-75.md
013-011-069,,013,011,"Controller/ECM - Electronic, Antilock",VMRS_HB_COMPLETE_v20 page 5_pages_51-75.md
053-999-215,,053,999,"Coolant - Non-Aqueous, Radiator",VMRS_HB_COMPLETE_v20 page 5_pages_51-75.md
013-011-072,,013,011,Controller/Modulator Valve Assembly - Antilock,VMRS_HB_COMPLETE_v20 page 5_pages_51-75.md
053-999-260,,053,999,"Coolant - North American Gold, Radiator, HOAI",VMRS_HB_COMPLETE_v20 page 5_pages_51-75.md
266-005-000,,266,005,Controls,VMRS_HB_COMPLETE_v20 page 5_pages_51-75.md
053-999-214,,053,999,"Coolant - Radiator, HOAT",VMRS_HB_COMPLETE_v20 page 5_pages_51-75.md
200-005-000,,200,005,Controls,VMRS_HB_COMPLETE_v20 page 5_pages_51-75.md
053-999-000,,053,999,"Coolant - Radiator, IAT",VMRS_HB_COMPLETE_v20 page 5_pages_51-75.md
082-006-000,,082,006,Controls - (MBLI),VMRS_HB_COMPLETE_v20 page 5_pages_51-75.md
053-999-212,,053,999,"Coolant - Radiator, NOAT",VMRS_HB_COMPLETE_v20 page 5_pages_51-75.md
151-005-000,,151,005,Controls - Auxiliary Power Unit (APU),VMRS_HB_COMPLETE_v20 page 5_pages_51-75.md
192-005-000,,192,005,Controls - Batch Mobile Processing Plant,VMRS_HB_COMPLETE_v20 page 5_pages_51-75.md
042-012-001,,042,012,Coolant Diverter Assembly,VMRS_HB_COMPLETE_v20 page 5_pages_51-75.md
193-005-000,,193,005,Controls - Belt Conveyor System,VMRS_HB_COMPLETE_v20 page 5_pages_51-75.md
042-007-000,,042,007,Coolant Filter Assembly,VMRS_HB_COMPLETE_v20 page 5_pages_51-75.md
194-005-000,,194,005,Controls - Bucket Conveyor System,VMRS_HB_COMPLETE_v20 page 5_pages_51-75.md
141-001-019,,141,001,Coolant Heater Assembly (Dual Dynamic,VMRS_HB_COMPLETE_v20 page 5_pages_51-75.md
191-005-000,,191,005,Controls - Bulk Storage System,VMRS_HB_COMPLETE_v20 page 5_pages_51-75.md
197-004-000,,197,004,Controls - Chain Conveyor System,VMRS_HB_COMPLETE_v20 page 5_pages_51-75.md
141-001-036,,141,001,Coolant Overflow Assembly - Hydrogen Fuel Cell,VMRS_HB_COMPLETE_v20 page 5_pages_51-75.md
172-005-000,,172,005,Controls - Compaction Unit,VMRS_HB_COMPLETE_v20 page 5_pages_51-75.md
042-013-000,,042,013,"Coolant Pre-Heater - Liquid Heat Generator,",VMRS_HB_COMPLETE_v20 page 5_pages_51-75.md
046-002-000,,046,002,"Controls - Electro-Mechanical, Electric",VMRS_HB_COMPLETE_v20 page 5_pages_51-75.md
042-010-000,,042,010,"Coolant Pre-Heater - Self-Contained, Liquid (On",VMRS_HB_COMPLETE_v20 page 5_pages_51-75.md
046-004-000,,046,004,"Controls - Electronic (Solid State), Electric",VMRS_HB_COMPLETE_v20 page 5_pages_51-75.md
040-010-001,,040,010,Venicle),VMRS_HB_COMPLETE_v20 page 5_pages_51-75.md
015-001-010,,015,001,Controls Electronic Steering Wheel,VMRS_HB_COMPLETE_v20 page 5_pages_51-75.md
042-010-001,,042,010,,VMRS_HB_COMPLETE_v20 page 5_pages_51-75.md
065-031-000,,065,031,"Controls - Electionic, Steering Wheel",VMRS_HB_COMPLETE_v20 page 5_pages_51-75.md
044-003-196,,044,003,Controls - Injection Activation,VMRS_HB_COMPLETE_v20 page 5_pages_51-75.md
042-003-000,,042,003,Power Supply,VMRS_HB_COMPLETE_v20 page 5_pages_51-75.md
015-001-024,,015,001,Controls - Radio Steering Wheel,VMRS_HB_COMPLETE_v20 page 5_pages_51-75.md
042-008-000,,042,008,Coolant Pre-Heater (On Power Plant) - External,VMRS_HB_COMPLETE_v20 page 5_pages_51-75.md
196-005-000,,196,005,Controls - Roller Convevor System,VMRS_HB_COMPLETE_v20 page 5_pages_51-75.md
195-005-000,,195,005,Controls - Screw Conveyor System,VMRS_HB_COMPLETE_v20 page 5_pages_51-75.md
042-013-001,,042,013,Coolant Pre-Heater Assembly - Liquid Heat,VMRS_HB_COMPLETE_v20 page 5_pages_51-75.md
112-003-000,,112,003,Controls - Stabilization Unit,VMRS_HB_COMPLETE_v20 page 5_pages_51-75.md
173-005-000,,173,005,Controls - Tilt Body Unit,VMRS_HB_COMPLETE_v20 page 5_pages_51-75.md
043-004-181,,043,004,"Cooler - Actuator, Turbocharger",VMRS_HB_COMPLETE_v20 page 5_pages_51-75.md
013-011-142,,013,011,Conversion Kit - ABS,VMRS_HB_COMPLETE_v20 page 5_pages_51-75.md
141-001-041,,141,001,"Cooler - Air Compressor Outlet, Hydrogen Fuel",VMRS_HB_COMPLETE_v20 page 5_pages_51-75.md
016-006-015,,016,006,"Conversion Kit - Air, Shock Absorber",VMRS_HB_COMPLETE_v20 page 5_pages_51-75.md
053-006-262,,053,006,Conversion Kit - Crimp Machine,VMRS_HB_COMPLETE_v20 page 5_pages_51-75.md
043-001-111,,043,001,Cooler - Clean Gas Induction (CGI),VMRS_HB_COMPLETE_v20 page 5_pages_51-75.md
001-001-464,,001,001,Conversion Kit - Pressure Transducer Sensor,VMRS_HB_COMPLETE_v20 page 5_pages_51-75.md
043-001-049,,043,001,Cooler - EGR,VMRS_HB_COMPLETE_v20 page 5_pages_51-75.md
001-001-294,,001,001,Conversion Kit - R12 to R134,VMRS_HB_COMPLETE_v20 page 5_pages_51-75.md
082-040-001,,082,040,"Cooler - EGR, Reefer",VMRS_HB_COMPLETE_v20 page 5_pages_51-75.md
072-004-068,,072,004,Conversion Kit - Holl-Up Door,VMRS_HB_COMPLETE_v20 page 5_pages_51-75.md
045-012-001,,045,012,Cooler - Engine Oll,VMRS_HB_COMPLETE_v20 page 5_pages_51-75.md
020-011-209,,020,011,Conversion Kit - Shift Control,VMRS_HB_COMPLETE_v20 page 5_pages_51-75.md
044-001-050,,044,001,Cooler - Fuel,VMRS_HB_COMPLETE_v20 page 5_pages_51-75.md
027-002-000,,027,002,Converter,VMRS_HB_COMPLETE_v20 page 5_pages_51-75.md
042-003-095,,042,003,Cooler - Hydraulic Fan,VMRS_HB_COMPLETE_v20 page 5_pages_51-75.md
027-039-000,,027,039,Cooler - Manifold,VMRS_HB_COMPLETE_v20 page 5_pages_51-75.md
053-007-017,,053,007,Cotter Pin,VMRS_HB_COMPLETE_v20 page 5_pages_51-75.md
065-003-000,,065,003,Cooler - Oil (Heat Exchanger),VMRS_HB_COMPLETE_v20 page 5_pages_51-75.md
072-004-044,,072,004,Cotter Pin - Balancer,VMRS_HB_COMPLETE_v20 page 5_pages_51-75.md
068-003-031,,068,003,"Cooler - Oil, Boom",VMRS_HB_COMPLETE_v20 page 5_pages_51-75.md
013-001-093,,013,001,Cotter Pin - Front Wedge Brake,VMRS_HB_COMPLETE_v20 page 5_pages_51-75.md
049-001-023,,049,001,"Cooler - Oil, Hydraulic Hybrid",VMRS_HB_COMPLETE_v20 page 5_pages_51-75.md
002-036-065,,002,036,"Cotter Pin - Hold Down, Tilt Hood",VMRS_HB_COMPLETE_v20 page 5_pages_51-75.md
041-004-056,,041,004,Cooler - Pre-Air,VMRS_HB_COMPLETE_v20 page 5_pages_51-75.md
002-004-127,,002,004,Cotter Pin - Hood Pivot,VMRS_HB_COMPLETE_v20 page 5_pages_51-75.md
059-037-000,,059,037,Cooler Assembly - Hydraulic System,VMRS_HB_COMPLETE_v20 page 5_pages_51-75.md
011-001-042,,011,001,Cotter Pin - Knuckle,VMRS_HB_COMPLETE_v20 page 5_pages_51-75.md
015-005-007,,015,005,Cooler Assembly - Oil Pump,VMRS_HB_COMPLETE_v20 page 5_pages_51-75.md
013-002-110,,013,002,Cotter Pin - Rear Wedge Brake,VMRS_HB_COMPLETE_v20 page 5_pages_51-75.md
065-003-001,,065,003,Cooler Assembly - Oiler,VMRS_HB_COMPLETE_v20 page 5_pages_51-75.md
013-014-093,,013,014,Cotter Pin - Wedge Brakes,VMRS_HB_COMPLETE_v20 page 5_pages_51-75.md
027-012-026,,027,012,Cooler Manifold,VMRS_HB_COMPLETE_v20 page 5_pages_51-75.md
171-001-005,,171,001,Counter - Drum,VMRS_HB_COMPLETE_v20 page 5_pages_51-75.md
027-039-001,,027,039,"Cooler, Manifold - Assembly",VMRS_HB_COMPLETE_v20 page 5_pages_51-75.md
055-003-018,,055,003,"Counter - Operation, Liftgate",VMRS_HB_COMPLETE_v20 page 5_pages_51-75.md
151-002-000,,151,002,Cooling and Air Conditioning ADU,VMRS_HB_COMPLETE_v20 page 5_pages_51-75.md
065-021-000,,065,021,Counter Balance Valve,VMRS_HB_COMPLETE_v20 page 5_pages_51-75.md
049-001-079,,049,001,Cooling Ean Battony Compartment Hybrid,VMRS_HB_COMPLETE_v20 page 5_pages_51-75.md
005-021-001,,005,021,Counter balance valve Assembly - Hydraulic,VMRS_HB_COMPLETE_v20 page 5_pages_51-75.md
058-004-011,,058,004,Cooling Fan Assembly - Winch,VMRS_HB_COMPLETE_v20 page 5_pages_51-75.md
026-002-007,,026,002,Counter Gear Assembly - Transmission,VMRS_HB_COMPLETE_v20 page 5_pages_51-75.md
001-003-142,,001,003,Cooling Loop - Refrigerated HVAC Self-,VMRS_HB_COMPLETE_v20 page 5_pages_51-75.md
022-008-032,,022,008,Counter Piece - Planetary Hub Portal Assembly,VMRS_HB_COMPLETE_v20 page 5_pages_51-75.md
001-000-112,,001,000,Powered,VMRS_HB_COMPLETE_v20 page 5_pages_51-75.md
022-000-002,,022,000,Rear Drive Axle,VMRS_HB_COMPLETE_v20 page 5_pages_51-75.md
042-002-081,,042,002,Cooling Module - Auxiliary,VMRS_HB_COMPLETE_v20 page 5_pages_51-75.md
002-022-029,,002,022,Counterbalance Assembly,VMRS_HB_COMPLETE_v20 page 5_pages_51-75.md
045-021-111,,045,021,Cooling Plate - Electronic Control Module (ECM),VMRS_HB_COMPLETE_v20 page 5_pages_51-75.md
022-004-142,,022,004,Countershaft,VMRS_HB_COMPLETE_v20 page 5_pages_51-75.md
028-005-000,,028,005,Countershaft,VMRS_HB_COMPLETE_v20 page 5_pages_51-75.md
042-002-195,,042,002,Cooling System - Complete,VMRS_HB_COMPLETE_v20 page 5_pages_51-75.md
029-003-000,,029,003,Countershaft - Auxiliary Section,VMRS_HB_COMPLETE_v20 page 5_pages_51-75.md
082-033-016,,082,033,Cooling System Assembly - Mechanical,VMRS_HB_COMPLETE_v20 page 5_pages_51-75.md
028-005-002,,028,005,Countershaft - Auxiliary Transmission,VMRS_HB_COMPLETE_v20 page 5_pages_51-75.md
026-007-000,,026,007,Countershaft - High Range,VMRS_HB_COMPLETE_v20 page 5_pages_51-75.md
052-008-010,,052,008,Cooling Unit - Refrigerator,VMRS_HB_COMPLETE_v20 page 5_pages_51-75.md
026-008-000,,026,008,Countershaft - Low Range,VMRS_HB_COMPLETE_v20 page 5_pages_51-75.md
002-037-010,,002,037,"Cooling Unit - Seat, Climate Controlled",VMRS_HB_COMPLETE_v20 page 5_pages_51-75.md
026-002-013,,026,002,Countershaft - Manual Transmission,VMRS_HB_COMPLETE_v20 page 5_pages_51-75.md
036-008-028,,036,008,"Copier - Media, Surveillance System",VMRS_HB_COMPLETE_v20 page 5_pages_51-75.md
029-003-001,,029,003,Countershaft Assembly - Auxiliary Section,VMRS_HB_COMPLETE_v20 page 5_pages_51-75.md
042-009-028,,042,009,Cord - Block Heater,VMRS_HB_COMPLETE_v20 page 5_pages_51-75.md
023-001-012,,023,001,Countershaft Assembly - Clutch Control,VMRS_HB_COMPLETE_v20 page 5_pages_51-75.md
053-007-113,,053,007,Cord - Bungee,VMRS_HB_COMPLETE_v20 page 5_pages_51-75.md
028-005-001,,028,005,Countershaft Assembly - Complete,VMRS_HB_COMPLETE_v20 page 5_pages_51-75.md
053-006-102,,053,006,"Cord - Electrical, Extension",VMRS_HB_COMPLETE_v20 page 5_pages_51-75.md
026-007-001,,026,007,Countershaft Assembly - HI-Range,VMRS_HB_COMPLETE_v20 page 5_pages_51-75.md
153-003-002,,153,003,"Cord - Electrical, Stationary Generator",VMRS_HB_COMPLETE_v20 page 5_pages_51-75.md
026-008-001,,026,008,Countershaft Assembly - Low-Range,VMRS_HB_COMPLETE_v20 page 5_pages_51-75.md
044-002-069,,044,002,"Cord - Heater, Fuel /Water Separator",VMRS_HB_COMPLETE_v20 page 5_pages_51-75.md
026-016-000,,026,016,Countersnaft Brake,VMRS_HB_COMPLETE_v20 page 5_pages_51-75.md
003-001-107,,003,001,Cord Intercom Headeot,VMRS_HB_COMPLETE_v20 page 5_pages_51-75.md
050-013-000,,050,013,Counterweight Converter Delly,VMRS_HB_COMPLETE_v20 page 5_pages_51-75.md
034-004-349,,034,004,Cord - Patch A/C Interior,VMRS_HB_COMPLETE_v20 page 5_pages_51-75.md
058-008-012,,058,008,Counterweight - Crank Compressor,VMRS_HB_COMPLETE_v20 page 5_pages_51-75.md
053-007-087,,053,007,Cord - Paterio,VMRS_HB_COMPLETE_v20 page 5_pages_51-75.md
055-013-001,,055,013,Counterweight System,VMRS_HB_COMPLETE_v20 page 5_pages_51-75.md
154-001-006,,154,001,Cord - Power CPAP,VMRS_HB_COMPLETE_v20 page 5_pages_51-75.md
029-005-010,,029,005,Coupler,VMRS_HB_COMPLETE_v20 page 5_pages_51-75.md
017-009-078,,017,009,"Cord - Power, Tire Pressure Monitoring System",VMRS_HB_COMPLETE_v20 page 5_pages_51-75.md
053-007-116,,053,007,Coupler,VMRS_HB_COMPLETE_v20 page 5_pages_51-75.md
052-020-002,,052,020,Cord - Radar Detector,VMRS_HB_COMPLETE_v20 page 5_pages_51-75.md
464-004-000,,464,004,Coupler,VMRS_HB_COMPLETE_v20 page 5_pages_51-75.md
052-003-031,,052,003,Cord - Radio,VMRS_HB_COMPLETE_v20 page 5_pages_51-75.md
094-008-023,,094,008,"Coupler - Air Supply Hose, Downstream End",VMRS_HB_COMPLETE_v20 page 5_pages_51-75.md
082-006-052,,082,006,Cord - Refrigeration,VMRS_HB_COMPLETE_v20 page 5_pages_51-75.md
094-008-021,,094,008,"Coupler - Air Supply Hose, Upstream End",VMRS_HB_COMPLETE_v20 page 5_pages_51-75.md
034-007-003,,034,007,Cord - Stop Request,VMRS_HB_COMPLETE_v20 page 5_pages_51-75.md
094-008-006,,094,008,"Coupler - Air Supply Jumper Hose,",VMRS_HB_COMPLETE_v20 page 5_pages_51-75.md
174-038-003,,174,038,Cord - Stop Request,VMRS_HB_COMPLETE_v20 page 5_pages_51-75.md
364-001-016,,364,001,Cord Grip - Paver/Melter Assembly,VMRS_HB_COMPLETE_v20 page 5_pages_51-75.md
094-008-003,,094,008,"Coupler - Air Supply Jumper Hose, Upstream",VMRS_HB_COMPLETE_v20 page 5_pages_51-75.md
065-002-012,,065,002,Core,VMRS_HB_COMPLETE_v20 page 5_pages_51-75.md
022-003-092,,022,003,Core - Carrier,VMRS_HB_COMPLETE_v20 page 5_pages_51-75.md
094-008-016,,094,008,"Coupler - Air Supply Tube, Downstream End",VMRS_HB_COMPLETE_v20 page 5_pages_51-75.md
041-004-003,,041,004,Core - Charge Air Cooler,VMRS_HB_COMPLETE_v20 page 5_pages_51-75.md
094-008-014,,094,008,"Coupler - Air Supply Tube, Upstream End",VMRS_HB_COMPLETE_v20 page 5_pages_51-75.md
045-002-061,,045,002,"Core - Complete, Engine",VMRS_HB_COMPLETE_v20 page 5_pages_51-75.md
094-009-011,,094,009,"Coupler - Blowdown Hose, Downstream End",VMRS_HB_COMPLETE_v20 page 5_pages_51-75.md
001-001-329,,001,001,"Core - Condenser, Air Conditioner",VMRS_HB_COMPLETE_v20 page 5_pages_51-75.md
094-005-003,,094,005,"Coupler - Pump-Off Tube, Upstream End",VMRS_HB_COMPLETE_v20 page 5_pages_51-75.md
082-009-019,,082,009,Core - Drier,VMRS_HB_COMPLETE_v20 page 5_pages_51-75.md
094-007-016,,094,007,"Coupler - vapor Recovery Hose, Downstream",VMRS_HB_COMPLETE_v20 page 5_pages_51-75.md
004-007-014,,004,007,Coupler - Vapor Recovery Hose Upstream End,VMRS_HB_COMPLETE_v20 page 5_pages_51-75.md
042-002-075,,042,002,Core - Heat Exchanger,VMRS_HB_COMPLETE_v20 page 5_pages_51-75.md
094-007-014,,094,007,Coupler - Vapor Recovery Tube Downstream,VMRS_HB_COMPLETE_v20 page 5_pages_51-75.md
042-002-013,,042,002,Core - Badiator,VMRS_HB_COMPLETE_v20 page 5_pages_51-75.md
001-001-000,,001,001,End,VMRS_HB_COMPLETE_v20 page 5_pages_51-75.md
043-004-066,,043,004,Core - Turbocharger,VMRS_HB_COMPLETE_v20 page 5_pages_51-75.md
094-007-006,,094,007,"Coupler - Vapor Recovery Tube, Upstream End",VMRS_HB_COMPLETE_v20 page 5_pages_51-75.md
042-004-049,,042,004,Core - Water Pump,VMRS_HB_COMPLETE_v20 page 5_pages_51-75.md
094-009-005,,094,009,"Coupler - Blowdown, Downstream End,",VMRS_HB_COMPLETE_v20 page 5_pages_51-75.md
042-002-128,,042,002,"Core & Tank - Cooling Module, Auxiliary",VMRS_HB_COMPLETE_v20 page 5_pages_51-75.md
094-009-009,,094,009,"Coupler - Blowdown, Upstream End",VMRS_HB_COMPLETE_v20 page 5_pages_51-75.md
042-002-001,,042,002,Core & Tank Assembly - Radiator,VMRS_HB_COMPLETE_v20 page 5_pages_51-75.md
094-009-003,,094,009,"Coupler - Blowdown, Upstream Tank End",VMRS_HB_COMPLETE_v20 page 5_pages_51-75.md
065-003-006,,065,003,Core Assembly,VMRS_HB_COMPLETE_v20 page 5_pages_51-75.md
094-006-023,,094,006,"Coupler - Hose Reel, Downstream End",VMRS_HB_COMPLETE_v20 page 5_pages_51-75.md
091-003-005,,091,003,Core Assembly - Turbine Conveyor,VMRS_HB_COMPLETE_v20 page 5_pages_51-75.md
094-006-021,,094,006,"Coupler - Hose Reel, Upstream End",VMRS_HB_COMPLETE_v20 page 5_pages_51-75.md
001-004-084,,001,004,"Core Combo - Evaporator/Heater, Sleeper",VMRS_HB_COMPLETE_v20 page 5_pages_51-75.md
095-001-004,,095,001,"Coupler - Manifold, Downstream End",VMRS_HB_COMPLETE_v20 page 5_pages_51-75.md
002-005-024,,002,005,Corner - Cowl,VMRS_HB_COMPLETE_v20 page 5_pages_51-75.md
095-001-002,,095,001,"Coupler - Manifold, Upstream End",VMRS_HB_COMPLETE_v20 page 5_pages_51-75.md
002-050-179,,002,050,Corner Pad - Left,VMRS_HB_COMPLETE_v20 page 5_pages_51-75.md
094-005-025,,094,005,"Coupler - Pump-Off Hose, Downstream End",VMRS_HB_COMPLETE_v20 page 5_pages_51-75.md
002-050-473,,002,050,Corner Pad - Right,VMRS_HB_COMPLETE_v20 page 5_pages_51-75.md
094-005-017,,094,005,"Coupler - Pump-Off Hose, Upstream End",VMRS_HB_COMPLETE_v20 page 5_pages_51-75.md
072-001-001,,072,001,Corner Post,VMRS_HB_COMPLETE_v20 page 5_pages_51-75.md
094-005-011,,094,005,"Coupler - Pump-Off Tube, Downstream End",VMRS_HB_COMPLETE_v20 page 5_pages_51-75.md
071-002-010,,071,002,Corner Post - Right Front,VMRS_HB_COMPLETE_v20 page 5_pages_51-75.md
013-009-110,,013,009,Coupler - Air Compressor,VMRS_HB_COMPLETE_v20 page 5_pages_51-75.md
071-002-042,,071,002,"Corner Post - Body, Front",VMRS_HB_COMPLETE_v20 page 5_pages_51-75.md
013-010-448,,013,010,"Coupler - All Hose, Gladhand (Hosetenna)",VMRS_HB_COMPLETE_v20 page 5_pages_51-75.md
,002-043,002,043,Corner Post - Haulus,VMRS_HB_COMPLETE_v20 page 5_pages_51-75.md
029-000-010,,029,000,Coupler - Auxiliary Drive Gear,VMRS_HB_COMPLETE_v20 page 5_pages_51-75.md
002-050-200,,002,050,Corner Post - Sleeper Front,VMRS_HB_COMPLETE_v20 page 5_pages_51-75.md
091-001-003,,091,001,"Coupler - Blower Input, Sillyle Stage",VMRS_HB_COMPLETE_v20 page 5_pages_51-75.md
072-001-011,,072,001,Corner Post (Stake) - Left Rear,VMRS_HB_COMPLETE_v20 page 5_pages_51-75.md
094-013-025,,094,013,Coupler - Bulk Product Transfer,VMRS_HB_COMPLETE_v20 page 5_pages_51-75.md
072-001-010,,072,001,Corner Post (Stake) - Right Rear,VMRS_HB_COMPLETE_v20 page 5_pages_51-75.md
045-002-047,,045,002,Coupler - Compucheck Test,VMRS_HB_COMPLETE_v20 page 5_pages_51-75.md
015-005-044,,015,005,Corrector - Steering,VMRS_HB_COMPLETE_v20 page 5_pages_51-75.md
094-001-015,,094,001,Coupler - Downstream End. Crossover Hose,VMRS_HB_COMPLETE_v20 page 5_pages_51-75.md
094-001-033,,094,001,Coupler - Downstream End. Crossover Tube,VMRS_HB_COMPLETE_v20 page 5_pages_51-75.md
365-011-011,,365,011,Coupling - Burner Assembly,VMRS_HB_COMPLETE_v20 page 5_pages_51-75.md
094-002-014,,094,002,"Coupler - Downstream End, Loading Hose",VMRS_HB_COMPLETE_v20 page 5_pages_51-75.md
045-011-020,,045,011,Coupling - Bypass Oil Filter Assembly,VMRS_HB_COMPLETE_v20 page 5_pages_51-75.md
004-000-001,,004,000,"Ocupier - Downstream End, Loading Tube",VMRS_HB_COMPLETE_v20 page 5_pages_51-75.md
090-007-001,,090,007,Ocupling - Dypass On Filter Assembly,VMRS_HB_COMPLETE_v20 page 5_pages_51-75.md
094-002-031,,094,002,"Coupler - Downstream End, Loading Tube",VMRS_HB_COMPLETE_v20 page 5_pages_51-75.md
082-007-001,,082,007,Coupling - Compressor To Prime Mover,VMRS_HB_COMPLETE_v20 page 5_pages_51-75.md
094-004-014,,094,004,"Coupler - Downstream End, Unloading Hose",VMRS_HB_COMPLETE_v20 page 5_pages_51-75.md
026-011-026,,026,011,Coupling - Control Rod,VMRS_HB_COMPLETE_v20 page 5_pages_51-75.md
059-032-030,,059,032,"Coupler - Downstream End, Hose, Hydraulic",VMRS_HB_COMPLETE_v20 page 5_pages_51-75.md
043-003-011,,043,003,Coupling - Crossover Pipe To Exhaust Pipe,VMRS_HB_COMPLETE_v20 page 5_pages_51-75.md
045-013-018,,045,013,"Coupling - Disconnect, Evacuation Hose",VMRS_HB_COMPLETE_v20 page 5_pages_51-75.md
059-032-015,,059,032,"Coupler - Downstream End, Tube, Hydraulic",VMRS_HB_COMPLETE_v20 page 5_pages_51-75.md
059-004-029,,059,004,Coupling - Drawbar,VMRS_HB_COMPLETE_v20 page 5_pages_51-75.md
045-008-109,,045,008,Coupling - Drive,VMRS_HB_COMPLETE_v20 page 5_pages_51-75.md
065-005-004,,065,005,Coupler - Drive,VMRS_HB_COMPLETE_v20 page 5_pages_51-75.md
049-001-001,,049,001,"Coupling - Drive Shaft, Hydraulic Hybrid",VMRS_HB_COMPLETE_v20 page 5_pages_51-75.md
077-005-000,,077,005,Coupler Enconculated Upper,VMRS_HB_COMPLETE_v20 page 5_pages_51-75.md
260-005-022,,260,005,Coupling Drive Endrichted Structure,VMRS_HB_COMPLETE_v20 page 5_pages_51-75.md
077-005-009,,077,005,"Coupler - Encapsulated, Opper",VMRS_HB_COMPLETE_v20 page 5_pages_51-75.md
309-000-023,,309,000,"Coupling - Drive, Fabricated Structure",VMRS_HB_COMPLETE_v20 page 5_pages_51-75.md
045-003-056,,045,003,Coupler - Engine Output,VMRS_HB_COMPLETE_v20 page 5_pages_51-75.md
367-003-012,,367,003,"Coupling - Drive, Hydraulic Pump",VMRS_HB_COMPLETE_v20 page 5_pages_51-75.md
163-001-020,,163,001,"Coupler - Feed Roller, Brush Chipper",VMRS_HB_COMPLETE_v20 page 5_pages_51-75.md
097-001-030,,097,001,"Coupling - Drive, Impeller Shaft",VMRS_HB_COMPLETE_v20 page 5_pages_51-75.md
059-032-032,,059,032,"Coupler - Hose, Reusable",VMRS_HB_COMPLETE_v20 page 5_pages_51-75.md
022-004-118,,022,004,"Coupling - Drive, Lube Pump",VMRS_HB_COMPLETE_v20 page 5_pages_51-75.md
053-011-027,,053,011,"Coupler - Hose, Water",VMRS_HB_COMPLETE_v20 page 5_pages_51-75.md
082-004-080,,082,004,Coupling - Engine To Compressor,VMRS_HB_COMPLETE_v20 page 5_pages_51-75.md
059-016-002,,059,016,"Coupler - Input Drive, Hydraulic Gear Pump",VMRS_HB_COMPLETE_v20 page 5_pages_51-75.md
053-001-046,,053,001,"Coupling - Extension, Air Cylinder, Automatic",VMRS_HB_COMPLETE_v20 page 5_pages_51-75.md
059-015-002,,059,015,"Coupler - Input Drive, Hydraulic Vane Pump",VMRS_HB_COMPLETE_v20 page 5_pages_51-75.md
002-002-028,,002,002,Coupler - Input Compressor Drive,VMRS_HB_COMPLETE_v20 page 5_pages_51-75.md
170-002-004,,170,002,Coupler Motor,VMRS_HB_COMPLETE_v20 page 5_pages_51-75.md
001-002-071,,001,002,Coupling - Lange,VMRS_HB_COMPLETE_v20 page 5_pages_51-75.md
094-013-032,,094,013,,VMRS_HB_COMPLETE_v20 page 5_pages_51-75.md
059-002-008,,059,002,Coupler - Plunger Rod,VMRS_HB_COMPLETE_v20 page 5_pages_51-75.md
094-008-030,,094,008,"Coupling - Flange, Air Supply",VMRS_HB_COMPLETE_v20 page 5_pages_51-75.md
094-011-000,,094,011,Coupler - Quick Disconnect,VMRS_HB_COMPLETE_v20 page 5_pages_51-75.md
094-001-037,,094,001,"Coupling - Flange, Crossover",VMRS_HB_COMPLETE_v20 page 5_pages_51-75.md
094-011-012,,094,011,"Coupler - Quick Disconnect , Hose Shank, Cam",VMRS_HB_COMPLETE_v20 page 5_pages_51-75.md
094-005-029,,094,005,"Coupling - Flange, Pump-Off",VMRS_HB_COMPLETE_v20 page 5_pages_51-75.md
094-004-018,,094,004,"Coupling - Flange, Unloading",VMRS_HB_COMPLETE_v20 page 5_pages_51-75.md
094-011-010,,094,011,"Coupler - Quick Disconnect , Male Npt, Cam End",VMRS_HB_COMPLETE_v20 page 5_pages_51-75.md
094-007-020,,094,007,"Coupling - Flange, Vapor Recovery",VMRS_HB_COMPLETE_v20 page 5_pages_51-75.md
094-011-002,,094,011,Coupler - Quick Disconnect Female Not Cam,VMRS_HB_COMPLETE_v20 page 5_pages_51-75.md
094-008-033,,094,008,Coupling - Elexible Joint Air Supply Hose,VMRS_HB_COMPLETE_v20 page 5_pages_51-75.md
004-011-002,,004,011,End,VMRS_HB_COMPLETE_v20 page 5_pages_51-75.md
004-002-038,,004,002,Coupling - Flexible Joint Loading Hose,VMRS_HB_COMPLETE_v20 page 5_pages_51-75.md
004-011-001,,004,011,Coupler Quick Disconnect Female Net,VMRS_HB_COMPLETE_v20 page 5_pages_51-75.md
094-002-000,,094,002,"Coupling - Lexible Joint, Loading 103e",VMRS_HB_COMPLETE_v20 page 5_pages_51-75.md
094-011-001,,094,011,"Coupler - Quick Disconnect, Female Npt,",VMRS_HB_COMPLETE_v20 page 5_pages_51-75.md
094-005-032,,094,005,"Coupling - Flexible Joint, Pump-Oli Hose",VMRS_HB_COMPLETE_v20 page 5_pages_51-75.md
094-013-034,,094,013,Coupling - Flexible Hose Joint,VMRS_HB_COMPLETE_v20 page 5_pages_51-75.md
094-011-011,,094,011,"Coupler - Quick Disconnect, Hose Shank,",VMRS_HB_COMPLETE_v20 page 5_pages_51-75.md
094-001-040,,094,001,"Coupling - Flexible Hose Joint, Crossover",VMRS_HB_COMPLETE_v20 page 5_pages_51-75.md
094-004-021,,094,004,"Coupling - Flexible Hose Joint, Unloading",VMRS_HB_COMPLETE_v20 page 5_pages_51-75.md
094-011-009,,094,011,"Coupler - Quick Disconnect, Male Npt, Groove",VMRS_HB_COMPLETE_v20 page 5_pages_51-75.md
094-007-023,,094,007,"Coupling - Flexible Hose Joint, Vapor Recovery",VMRS_HB_COMPLETE_v20 page 5_pages_51-75.md
094-004-025,,094,004,"Coupling - Flexible W/Gasket, Grooved Pipe",VMRS_HB_COMPLETE_v20 page 5_pages_51-75.md
170-001-007,,170,001,Coupler - Shaft,VMRS_HB_COMPLETE_v20 page 5_pages_51-75.md
013-010-273,,013,010,Coupling - Frame,VMRS_HB_COMPLETE_v20 page 5_pages_51-75.md
170-004-006,,170,004,Coupler - Shaft,VMRS_HB_COMPLETE_v20 page 5_pages_51-75.md
048-001-053,,048,001,Coupling Gonorator Hybrid,VMRS_HB_COMPLETE_v20 page 5_pages_51-75.md
040-001-000,,040,001,Coupling - Clease Tank,VMRS_HB_COMPLETE_v20 page 5_pages_51-75.md
043-003-029,,043,003,Coupler - Straight Of Reducer,VMRS_HB_COMPLETE_v20 page 5_pages_51-75.md
305-009-022,,305,009,Coupling - Glass Tank,VMRS_HB_COMPLETE_v20 page 5_pages_51-75.md
094-001-004,,094,001,"Coupler - Upstream End, Crossover Hose",VMRS_HB_COMPLETE_v20 page 5_pages_51-75.md
045-008-108,,045,008,"Coupling - Half, Accessory Drive",VMRS_HB_COMPLETE_v20 page 5_pages_51-75.md
094-001-022,,094,001,"Coupler - Upstream End, Crossover Tube",VMRS_HB_COMPLETE_v20 page 5_pages_51-75.md
042-008-003,,042,008,"Coupling - Hose, Coolant Circulation",VMRS_HB_COMPLETE_v20 page 5_pages_51-75.md
094-002-020,,094,002,"Coupler - Upstream End, Loading Tube",VMRS_HB_COMPLETE_v20 page 5_pages_51-75.md
001-002-189,,001,002,"Coupling - Hose, Heater",VMRS_HB_COMPLETE_v20 page 5_pages_51-75.md
094-004-003,,094,004,"Coupler - Upstream End, Unloading Hose",VMRS_HB_COMPLETE_v20 page 5_pages_51-75.md
044-003-021,,044,003,Coupling - Injection Drive,VMRS_HB_COMPLETE_v20 page 5_pages_51-75.md
059-032-012,,059,032,"Coupler - Upstream End, Hose, Hydraulic",VMRS_HB_COMPLETE_v20 page 5_pages_51-75.md
028-003-013,,028,003,Coupling - Input Shaft,VMRS_HB_COMPLETE_v20 page 5_pages_51-75.md
065-005-005,,065,005,Coupling - Loveiov,VMRS_HB_COMPLETE_v20 page 5_pages_51-75.md
001-002-003,,001,002,Coupler - Unstream End Hose Loading,VMRS_HB_COMPLETE_v20 page 5_pages_51-75.md
042-002-101,,042,002,Coupling - Male Air Bleed Pine,VMRS_HB_COMPLETE_v20 page 5_pages_51-75.md
054-002-000,,054,002,Coupler Upstream End Tube Hudroulie,VMRS_HB_COMPLETE_v20 page 5_pages_51-75.md
107-014-007,,107,014,"Coupling - Mater, Chain Conveyor",VMRS_HB_COMPLETE_v20 page 5_pages_51-75.md
059-032-011,,059,032,"Coupler - Opstream End, Tube, Hydraulic",VMRS_HB_COMPLETE_v20 page 5_pages_51-75.md
197-014-007,,197,014,"Coupling - Motor, Chain Conveyor",VMRS_HB_COMPLETE_v20 page 5_pages_51-75.md
364-006-001,,364,006,"Coupling - Motor, Compressor Assembly",VMRS_HB_COMPLETE_v20 page 5_pages_51-75.md
013-010-062,,013,010,Coupler (Dummy) - Air Brakes,VMRS_HB_COMPLETE_v20 page 5_pages_51-75.md
365-009-004,,365,009,Coupling - Paint Tank Assembly,VMRS_HB_COMPLETE_v20 page 5_pages_51-75.md
032-004-020,,032,004,Coupler (Dummy) - Air Starter,VMRS_HB_COMPLETE_v20 page 5_pages_51-75.md
013-010-311,,013,010,"Coupling - Pipe, Brass",VMRS_HB_COMPLETE_v20 page 5_pages_51-75.md
032-004-017,,032,004,Coupler (Gladhand) - Air Starter,VMRS_HB_COMPLETE_v20 page 5_pages_51-75.md
015-005-083,,015,005,"Coupling - Pump, Power Steering",VMRS_HB_COMPLETE_v20 page 5_pages_51-75.md
013-010-032,,013,010,Coupler (Gladhand) - Emergency Air Brakes,VMRS_HB_COMPLETE_v20 page 5_pages_51-75.md
003-004-031,,003,004,Coupling - Quick Test,VMRS_HB_COMPLETE_v20 page 5_pages_51-75.md
013-010-030,,013,010,Coupler (Gladhand) - Service & Emergency Air,VMRS_HB_COMPLETE_v20 page 5_pages_51-75.md
013-010-317,,013,010,Coupling - Reduction Brass,VMRS_HB_COMPLETE_v20 page 5_pages_51-75.md
010-010-000,,010,010,Brakoe,VMRS_HB_COMPLETE_v20 page 5_pages_51-75.md
045-002-083,,045,002,Coupling - Shaft Air Compressor,VMRS_HB_COMPLETE_v20 page 5_pages_51-75.md
012-010-021,,012,010,Coupler (Cladband) Convice Air Brokes,VMRS_HB_COMPLETE_v20 page 5_pages_51-75.md
045-002-005,,045,002,"Coupling - Shaft, Mashaniaal Variable Timing",VMRS_HB_COMPLETE_v20 page 5_pages_51-75.md
013-010-031,,013,010,"Coupler (Gladilarid) - Service, Alf Brakes",VMRS_HB_COMPLETE_v20 page 5_pages_51-75.md
045-006-060,,045,006,"Coupling - Shart, Mechanical Variable Timing",VMRS_HB_COMPLETE_v20 page 5_pages_51-75.md
013-010-217,,013,010,Coupler (Gladnand) W/Shut-Off Cock -,VMRS_HB_COMPLETE_v20 page 5_pages_51-75.md
364-006-002,,364,006,"Coupling - Sleeve, Compressor Assembly",VMRS_HB_COMPLETE_v20 page 5_pages_51-75.md
027-002-044,,027,002,Coupling - Torque Converter,VMRS_HB_COMPLETE_v20 page 5_pages_51-75.md
013-010-216,,013,010,"Coupler (Gladhand) W/Shut-Off Cock - Service,",VMRS_HB_COMPLETE_v20 page 5_pages_51-75.md
002-018-029,,002,018,"Coupling - Transmission, Electric Window",VMRS_HB_COMPLETE_v20 page 5_pages_51-75.md
059-005-004,,059,005,Coupler Assembly,VMRS_HB_COMPLETE_v20 page 5_pages_51-75.md
013-008-041,,013,008,"Coupling - Vacuum, Dummy",VMRS_HB_COMPLETE_v20 page 5_pages_51-75.md
061-007-018,,061,007,Coupler Assembly - Elex Drive Scrub Brush,VMRS_HB_COMPLETE_v20 page 5_pages_51-75.md
013-008-040,,013,008,Coupling - Vacuum Female,VMRS_HB_COMPLETE_v20 page 5_pages_51-75.md
001-002-014,,001,002,"Coupler Assembly - Flex Drive, Octub Drush",VMRS_HB_COMPLETE_v20 page 5_pages_51-75.md
010-000-040,,010,000,Coupling Vacuum Male,VMRS_HB_COMPLETE_v20 page 5_pages_51-75.md
091-002-014,,091,002,"Couplet Assembly - Flexible, Eligine Flywheel To",VMRS_HB_COMPLETE_v20 page 5_pages_51-75.md
013-006-039,,013,006,"Coupling - Vacuum, Marifeld",VMRS_HB_COMPLETE_v20 page 5_pages_51-75.md
042-005-006,,042,005,Coupling - water Manifold,VMRS_HB_COMPLETE_v20 page 5_pages_51-75.md
051-004-012,,051,004,Coupler Assembly - Tachograph,VMRS_HB_COMPLETE_v20 page 5_pages_51-75.md
055-004-002,,055,004,Coupling Assembly,VMRS_HB_COMPLETE_v20 page 5_pages_51-75.md
027-029-010,,027,029,"Coupling Assembly - Oil Pump Drive, Front",VMRS_HB_COMPLETE_v20 page 5_pages_51-75.md
059-005-000,,059,005,Coupler System,VMRS_HB_COMPLETE_v20 page 5_pages_51-75.md
015-003-011,,015,003,"Coupling Assembly - Steering Column Shaft,",VMRS_HB_COMPLETE_v20 page 5_pages_51-75.md
058-003-015,,058,003,"Coupler, Adapter - Brake",VMRS_HB_COMPLETE_v20 page 5_pages_51-75.md
361-010-000,,361,010,Couplers,VMRS_HB_COMPLETE_v20 page 5_pages_51-75.md
015-003-018,,015,003,Coupling Assembly - Steering Column Shaft,VMRS_HB_COMPLETE_v20 page 5_pages_51-75.md
094-002-035,,094,002,Coupling - Loading Flange,VMRS_HB_COMPLETE_v20 page 5_pages_51-75.md
001-002-000,,001,002,Coupling - Loading Flange,VMRS_HB_COMPLETE_v20 page 5_pages_51-75.md
000-004-076,,000,004,Coupling Devices,VMRS_HB_COMPLETE_v20 page 5_pages_51-75.md
001-002-210,,001,002,"Coupling - Actuator, Diower Access Door",VMRS_HB_COMPLETE_v20 page 5_pages_51-75.md
012-004-070,,012,004,Coupling Lead Durch Circuit L,VMRS_HB_COMPLETE_v20 page 5_pages_51-75.md
059-001-022,,059,001,Coupling - Air Cylinder,VMRS_HB_COMPLETE_v20 page 5_pages_51-75.md
013-010-514,,013,010,Coupling Head - Dual Circuit Line,VMRS_HB_COMPLETE_v20 page 5_pages_51-75.md
041-001-115,,041,001,Coupling - Air Filter Minder,VMRS_HB_COMPLETE_v20 page 5_pages_51-75.md
023-001-122,,023,001,Coupling Set - Pedal,VMRS_HB_COMPLETE_v20 page 5_pages_51-75.md
032-004-016,,032,004,Coupling - Air Starter,VMRS_HB_COMPLETE_v20 page 5_pages_51-75.md
082-007-000,,082,007,Coupling/Clutch,VMRS_HB_COMPLETE_v20 page 5_pages_51-75.md
031-001-037,,031,001,Coupling - Alternator Drive,VMRS_HB_COMPLETE_v20 page 5_pages_51-75.md
053-011-051,,053,011,Coupon - Promotional,VMRS_HB_COMPLETE_v20 page 5_pages_51-75.md
059-038-001,,059,038,Coupling - Articulation,VMRS_HB_COMPLETE_v20 page 5_pages_51-75.md
058-006-007,,058,006,Cover,VMRS_HB_COMPLETE_v20 page 5_pages_51-75.md
029-006-015,,029,006,Coupling - Auxiliary Drive Gear,VMRS_HB_COMPLETE_v20 page 5_pages_51-75.md
097-002-012,,097,002,Cover - Bearing Flange,VMRS_HB_COMPLETE_v20 page 5_pages_51-75.md
045-011-021,,045,011,Cover -,VMRS_HB_COMPLETE_v20 page 5_pages_51-75.md
021-001-096,,021,001,"Cover - Bearing, Front Axle Shaft, Driven Front",VMRS_HB_COMPLETE_v20 page 5_pages_51-75.md
002-007-017,,002,007,Cover -,VMRS_HB_COMPLETE_v20 page 5_pages_51-75.md
082-006-044,,082,006,Cover -,VMRS_HB_COMPLETE_v20 page 5_pages_51-75.md
002-048-166,,002,048,Cover - Belt Rail,VMRS_HB_COMPLETE_v20 page 5_pages_51-75.md
065-006-005,,065,006,Cover -,VMRS_HB_COMPLETE_v20 page 5_pages_51-75.md
151-003-021,,151,003,"Cover - Binary Switch, APU",VMRS_HB_COMPLETE_v20 page 5_pages_51-75.md
053-001-005,,053,001,Cover -,VMRS_HB_COMPLETE_v20 page 5_pages_51-75.md
002-008-155,,002,008,Cover - Blank,VMRS_HB_COMPLETE_v20 page 5_pages_51-75.md
002-007-006,,002,007,Cover -,VMRS_HB_COMPLETE_v20 page 5_pages_51-75.md
041-003-024,,041,003,Cover - Blower,VMRS_HB_COMPLETE_v20 page 5_pages_51-75.md
001-001-280,,001,001,Cover -,VMRS_HB_COMPLETE_v20 page 5_pages_51-75.md
001-001-298,,001,001,Cover - Blower Housing,VMRS_HB_COMPLETE_v20 page 5_pages_51-75.md
002-050-002,,002,050,Cover -,VMRS_HB_COMPLETE_v20 page 5_pages_51-75.md
001-003-132,,001,003,"Cover - Blower, Auxiliary Heater",VMRS_HB_COMPLETE_v20 page 5_pages_51-75.md
082-003-014,,082,003,Cover -,VMRS_HB_COMPLETE_v20 page 5_pages_51-75.md
002-015-157,,002,015,Cover - Body Plate,VMRS_HB_COMPLETE_v20 page 5_pages_51-75.md
082-029-001,,082,029,Cover -,VMRS_HB_COMPLETE_v20 page 5_pages_51-75.md
002-029-040,,002,029,"Cover - Bolsler, Seal",VMRS_HB_COMPLETE_v20 page 5_pages_51-75.md
034-001-171,,034,001,Cover -,VMRS_HB_COMPLETE_v20 page 5_pages_51-75.md
042-004-072,,042,004,Cover Bolt Seat Frame,VMRS_HB_COMPLETE_v20 page 5_pages_51-75.md
002-062-050,,002,062,Cover -,VMRS_HB_COMPLETE_v20 page 5_pages_51-75.md
062-027-010,,062,027,Cover - Boom Side   H Lower,VMRS_HB_COMPLETE_v20 page 5_pages_51-75.md
151-001-211,,151,001,Cover -,VMRS_HB_COMPLETE_v20 page 5_pages_51-75.md
068-001-009,,068,001,"Cover - Boom Side, L.H. Lower",VMRS_HB_COMPLETE_v20 page 5_pages_51-75.md
002-012-131,,002,012,Cover -,VMRS_HB_COMPLETE_v20 page 5_pages_51-75.md
267-001-017,,267,001,Cover - Boom Side,VMRS_HB_COMPLETE_v20 page 5_pages_51-75.md
044-003-298,,044,003,Cover -,VMRS_HB_COMPLETE_v20 page 5_pages_51-75.md
151-001-038,,151,001,Cover - Bottom APU,VMRS_HB_COMPLETE_v20 page 5_pages_51-75.md
002-008-126,,002,008,Cover -,VMRS_HB_COMPLETE_v20 page 5_pages_51-75.md
044-005-004,,044,005,Cover - Bowl,VMRS_HB_COMPLETE_v20 page 5_pages_51-75.md
002-064-002,,002,064,Cover -,VMRS_HB_COMPLETE_v20 page 5_pages_51-75.md
002-013-007,,002,013,Cover - Brake Pedal,VMRS_HB_COMPLETE_v20 page 5_pages_51-75.md
042-002-178,,042,002,Cover -,VMRS_HB_COMPLETE_v20 page 5_pages_51-75.md
013-007-041,,013,007,Cover - Brake Piping,VMRS_HB_COMPLETE_v20 page 5_pages_51-75.md
002-048-260,,002,048,Cover -,VMRS_HB_COMPLETE_v20 page 5_pages_51-75.md
021-001-115,,021,001,"Cover - Breather, Driven Front Steer Axle",VMRS_HB_COMPLETE_v20 page 5_pages_51-75.md
002-016-024,,002,016,Cover -,VMRS_HB_COMPLETE_v20 page 5_pages_51-75.md
022-001-029,,022,001,"Cover - Breather, Rear Axle Housing",VMRS_HB_COMPLETE_v20 page 5_pages_51-75.md
367-008-003,,367,008,Cover -,VMRS_HB_COMPLETE_v20 page 5_pages_51-75.md
061-008-009,,061,008,Cover - Broom,VMRS_HB_COMPLETE_v20 page 5_pages_51-75.md
045-008-176,,045,008,Cover -,VMRS_HB_COMPLETE_v20 page 5_pages_51-75.md
067-001-007,,067,001,Cover - Bucket,VMRS_HB_COMPLETE_v20 page 5_pages_51-75.md
002-050-709,,002,050,Cover -,VMRS_HB_COMPLETE_v20 page 5_pages_51-75.md
003-001-216,,003,001,"Cover - Bulb, Colored, Gauge",VMRS_HB_COMPLETE_v20 page 5_pages_51-75.md
065-002-005,,065,002,Cover -,VMRS_HB_COMPLETE_v20 page 5_pages_51-75.md
002-048-220,,002,048,Cover - Bulkhead Module,VMRS_HB_COMPLETE_v20 page 5_pages_51-75.md
044-011-061,,044,011,Cover -,VMRS_HB_COMPLETE_v20 page 5_pages_51-75.md
002-048-085,,002,048,Cover - Bunk,VMRS_HB_COMPLETE_v20 page 5_pages_51-75.md
043-007-230,,043,007,Cover -,VMRS_HB_COMPLETE_v20 page 5_pages_51-75.md
002-050-690,,002,050,Cover - Bunk,VMRS_HB_COMPLETE_v20 page 5_pages_51-75.md
002-057-016,,002,057,Cover -,VMRS_HB_COMPLETE_v20 page 5_pages_51-75.md
365-011-008,,365,011,Cover - Burner Assembly,VMRS_HB_COMPLETE_v20 page 5_pages_51-75.md
013-010-348,,013,010,Cover -,VMRS_HB_COMPLETE_v20 page 5_pages_51-75.md
364-001-031,,364,001,"Cover - Burner, Paver/Melter Assembly",VMRS_HB_COMPLETE_v20 page 5_pages_51-75.md
013-009-046,,013,009,Cover -,VMRS_HB_COMPLETE_v20 page 5_pages_51-75.md
174-005-034,,174,005,Cover - Bus Body Side Window Latch,VMRS_HB_COMPLETE_v20 page 5_pages_51-75.md
001-001-324,,001,001,Cover -,VMRS_HB_COMPLETE_v20 page 5_pages_51-75.md
174-029-009,,174,029,Cover - Bus Davenport Back Cushion,VMRS_HB_COMPLETE_v20 page 5_pages_51-75.md
048-001-076,,048,001,Cover -,VMRS_HB_COMPLETE_v20 page 5_pages_51-75.md
174-029-008,,174,029,Cover - Bus Davenport Seat Cushion,VMRS_HB_COMPLETE_v20 page 5_pages_51-75.md
010-000-100,,010,000,Compa,VMRS_HB_COMPLETE_v20 page 5_pages_51-75.md
174-001-145,,174,001,Cover - Bus Engine,VMRS_HB_COMPLETE_v20 page 5_pages_51-75.md
016-008-126,,016,008,Cover -,VMRS_HB_COMPLETE_v20 page 5_pages_51-75.md
174-024-130,,174,024,Cover - Bus Entry Door Interior Lamp,VMRS_HB_COMPLETE_v20 page 5_pages_51-75.md
044-003-151,,044,003,Cover -,VMRS_HB_COMPLETE_v20 page 5_pages_51-75.md
002-022-014,,002,022,Cover - Buzzer Box,VMRS_HB_COMPLETE_v20 page 5_pages_51-75.md
000-049-141,,000,049,valve,VMRS_HB_COMPLETE_v20 page 5_pages_51-75.md
082-002-008,,082,002,"Cover - Bypass valve, Unloader Head",VMRS_HB_COMPLETE_v20 page 5_pages_51-75.md
002-040-141,,002,040,Cover -,VMRS_HB_COMPLETE_v20 page 5_pages_51-75.md
001-004-070,,001,004,Cover Cab Exhauster Slooper,VMRS_HB_COMPLETE_v20 page 5_pages_51-75.md
022-005-023,,022,005,Cover -,VMRS_HB_COMPLETE_v20 page 5_pages_51-75.md
052-005-023,,052,005,Cover -,VMRS_HB_COMPLETE_v20 page 5_pages_51-75.md
046-003-013,,046,003,Cover - Cable,VMRS_HB_COMPLETE_v20 page 5_pages_51-75.md
052-003-051,,052,003,Cover -,VMRS_HB_COMPLETE_v20 page 5_pages_51-75.md
063-003-006,,063,003,Cover - Cable Antenna Lead,VMRS_HB_COMPLETE_v20 page 5_pages_51-75.md
053-014-010,,053,014,Cover -,VMRS_HB_COMPLETE_v20 page 5_pages_51-75.md
063-006-011,,063,006,Cover - Cake Pan,VMRS_HB_COMPLETE_v20 page 5_pages_51-75.md
002-027-269,,002,027,Cover -,VMRS_HB_COMPLETE_v20 page 5_pages_51-75.md
036-002-020,,036,002,"Cover - Camera, Lane Departure",VMRS_HB_COMPLETE_v20 page 5_pages_51-75.md
174-022-030,,174,022,Cover -,VMRS_HB_COMPLETE_v20 page 5_pages_51-75.md
045-008-208,,045,008,Cover - Camshaft,VMRS_HB_COMPLETE_v20 page 5_pages_51-75.md
002-011-102,,002,011,Cover -,VMRS_HB_COMPLETE_v20 page 5_pages_51-75.md
045-001-006,,045,001,Cover - Camshaft & Balance Shaft Weight,VMRS_HB_COMPLETE_v20 page 5_pages_51-75.md
002-048-185,,002,048,Cover -,VMRS_HB_COMPLETE_v20 page 5_pages_51-75.md
002-011-139,,002,011,Cover - Cargo,VMRS_HB_COMPLETE_v20 page 5_pages_51-75.md
002-029-027,,002,029,Cover -,VMRS_HB_COMPLETE_v20 page 5_pages_51-75.md
002-048-044,,002,048,Cover - Carpet,VMRS_HB_COMPLETE_v20 page 5_pages_51-75.md
174-026-028,,174,026,Cover -,VMRS_HB_COMPLETE_v20 page 5_pages_51-75.md
026-009-001,,026,009,Cover - Case,VMRS_HB_COMPLETE_v20 page 5_pages_51-75.md
001-004-051,,001,004,Cover -,VMRS_HB_COMPLETE_v20 page 5_pages_51-75.md
001-001-460,,001,001,"Cover - Case, Air Inlet",VMRS_HB_COMPLETE_v20 page 5_pages_51-75.md
028-002-000,,028,002,Cover -,VMRS_HB_COMPLETE_v20 page 5_pages_51-75.md
026-009-004,,026,009,"Cover - Case, Front, Manual Transmission",VMRS_HB_COMPLETE_v20 page 5_pages_51-75.md
021-001-018,,021,001,Cover -,VMRS_HB_COMPLETE_v20 page 5_pages_51-75.md
034-001-108,,034,001,"Cover - Cavity, Driving Lamp",VMRS_HB_COMPLETE_v20 page 5_pages_51-75.md
002-034-014,,002,034,Cover -,VMRS_HB_COMPLETE_v20 page 5_pages_51-75.md
002-048-046,,002,048,Cover - CB Radio,VMRS_HB_COMPLETE_v20 page 5_pages_51-75.md
044-010-003,,044,010,Cover -,VMRS_HB_COMPLETE_v20 page 5_pages_51-75.md
002-008-027,,002,008,Cover - Center,VMRS_HB_COMPLETE_v20 page 5_pages_51-75.md
002-050-664,,002,050,Cover -,VMRS_HB_COMPLETE_v20 page 5_pages_51-75.md
065-012-009,,065,012,"Cover - Centrifugal Pump, Hydraulic System",VMRS_HB_COMPLETE_v20 page 5_pages_51-75.md
003-002-033,,003,002,Cover -,VMRS_HB_COMPLETE_v20 page 5_pages_51-75.md
053-001-009,,053,001,Cover - Chain Box,VMRS_HB_COMPLETE_v20 page 5_pages_51-75.md
002-010-087,,002,010,Cover -,VMRS_HB_COMPLETE_v20 page 5_pages_51-75.md
367-003-009,,367,003,Cover - Charge Pump,VMRS_HB_COMPLETE_v20 page 5_pages_51-75.md
002-046-080,,002,046,Cover -,VMRS_HB_COMPLETE_v20 page 5_pages_51-75.md
048-001-081,,048,001,"Cover - Charging Port, Hybrid",VMRS_HB_COMPLETE_v20 page 5_pages_51-75.md
002-000-411,,002,000,Cover -,VMRS_HB_COMPLETE_v20 page 5_pages_51-75.md
002-020-066,,002,020,"Cover - Check and End, From Pump, Mower",VMRS_HB_COMPLETE_v20 page 5_pages_51-75.md
010-000-102,,010,000,Cover -,VMRS_HB_COMPLETE_v20 page 5_pages_51-75.md
002-020-000,,002,020,Cover - Check Silding Dool,VMRS_HB_COMPLETE_v20 page 5_pages_51-75.md
068-001-037,,068,001,Cover -,VMRS_HB_COMPLETE_v20 page 5_pages_51-75.md
002-002-074,,002,002,Cover - Chrome Boof,VMRS_HB_COMPLETE_v20 page 5_pages_51-75.md
001-003-128,,001,003,Cover -,VMRS_HB_COMPLETE_v20 page 5_pages_51-75.md
174-024-109,,174,024,Cover - Circuit Board,VMRS_HB_COMPLETE_v20 page 5_pages_51-75.md
002-050-230,,002,050,Cover -,VMRS_HB_COMPLETE_v20 page 5_pages_51-75.md
056-001-024,,056,001,Cover - Closed End (Cap Assembly) PTO,VMRS_HB_COMPLETE_v20 page 5_pages_51-75.md
034-001-128,,034,001,Cover -,VMRS_HB_COMPLETE_v20 page 5_pages_51-75.md
002-048-234,,002,048,Cover - Closeout Heater Sleeper,VMRS_HB_COMPLETE_v20 page 5_pages_51-75.md
004-005-049,,004,005,Cover -,VMRS_HB_COMPLETE_v20 page 5_pages_51-75.md
002-050-159,,002,050,Cover - Closet Post,VMRS_HB_COMPLETE_v20 page 5_pages_51-75.md
014-005-006,,014,005,Cover -,VMRS_HB_COMPLETE_v20 page 5_pages_51-75.md
002-050-479,,002,050,Cover - Closet Wall,VMRS_HB_COMPLETE_v20 page 5_pages_51-75.md
055-001-114,,055,001,Cover -,VMRS_HB_COMPLETE_v20 page 5_pages_51-75.md
002-050-007,,002,050,"Cover - Closet, Upper",VMRS_HB_COMPLETE_v20 page 5_pages_51-75.md
151-001-061,,151,001,Cover -,VMRS_HB_COMPLETE_v20 page 5_pages_51-75.md
023-002-012,,023,002,Cover - Clutch,VMRS_HB_COMPLETE_v20 page 5_pages_51-75.md
032-005-009,,032,005,Cover -,VMRS_HB_COMPLETE_v20 page 5_pages_51-75.md
026-001-067,,026,001,"Cover - Clutch Housing, Lower",VMRS_HB_COMPLETE_v20 page 5_pages_51-75.md
032-001-030,,032,001,Cover -,VMRS_HB_COMPLETE_v20 page 5_pages_51-75.md
026-015-096,,026,015,"Cover - Clutch, Automated Transmission",VMRS_HB_COMPLETE_v20 page 5_pages_51-75.md
024-002-063,,024,002,Cover -,VMRS_HB_COMPLETE_v20 page 5_pages_51-75.md
036-001-040,,036,001,Cover - Collision Avoidance Sensor,VMRS_HB_COMPLETE_v20 page 5_pages_51-75.md
172-002-013,,172,002,Cover -,VMRS_HB_COMPLETE_v20 page 5_pages_51-75.md
002-048-124,,002,048,Cover - Door Post,VMRS_HB_COMPLETE_v20 page 5_pages_51-75.md
022-003-115,,022,003,Cover -,VMRS_HB_COMPLETE_v20 page 5_pages_51-75.md
002-018-221,,002,018,Cover - Door Striker,VMRS_HB_COMPLETE_v20 page 5_pages_51-75.md
045-002-046,,045,002,Cover -,VMRS_HB_COMPLETE_v20 page 5_pages_51-75.md
043-007-141,,043,007,"Cover - Doser, Diesel Exhaust Fluid Metering",VMRS_HB_COMPLETE_v20 page 5_pages_51-75.md
151-003-064,,151,003,Cover -,VMRS_HB_COMPLETE_v20 page 5_pages_51-75.md
001-003-173,,001,003,Cover -,VMRS_HB_COMPLETE_v20 page 5_pages_51-75.md
045-002-106,,045,002,Cover - Drive Belt,VMRS_HB_COMPLETE_v20 page 5_pages_51-75.md
001-001-334,,001,001,Cover -,VMRS_HB_COMPLETE_v20 page 5_pages_51-75.md
022-006-002,,022,006,Cover - Drive Screw Bearing,VMRS_HB_COMPLETE_v20 page 5_pages_51-75.md
024-003-018,,024,003,Cover -,VMRS_HB_COMPLETE_v20 page 5_pages_51-75.md
034-001-061,,034,001,Cover - Driving Lamp,VMRS_HB_COMPLETE_v20 page 5_pages_51-75.md
045-018-042,,045,018,Cover -,VMRS_HB_COMPLETE_v20 page 5_pages_51-75.md
001-002-133,,001,002,Cover - Duct,VMRS_HB_COMPLETE_v20 page 5_pages_51-75.md
172-001-026,,172,001,Cover -,VMRS_HB_COMPLETE_v20 page 5_pages_51-75.md
001-003-137,,001,003,"Cover - Duct, Auxiliary Heater",VMRS_HB_COMPLETE_v20 page 5_pages_51-75.md
082-012-043,,082,012,Cover -,VMRS_HB_COMPLETE_v20 page 5_pages_51-75.md
002-048-181,,002,048,"Cover - Duct, Interior Trim",VMRS_HB_COMPLETE_v20 page 5_pages_51-75.md
016-001-040,,016,001,Cover -,VMRS_HB_COMPLETE_v20 page 5_pages_51-75.md
053-007-068,,053,007,"Cover - Dust Seal, Grease Fitting",VMRS_HB_COMPLETE_v20 page 5_pages_51-75.md
001-001-136,,001,001,Cover -,VMRS_HB_COMPLETE_v20 page 5_pages_51-75.md
031-001-040,,031,001,"Cover - Dust, Drive End",VMRS_HB_COMPLETE_v20 page 5_pages_51-75.md
016-004-022,,016,004,"Cover - Dust, Link, Stabilizer Bar",VMRS_HB_COMPLETE_v20 page 5_pages_51-75.md
151-005-024,,151,005,Cover -,VMRS_HB_COMPLETE_v20 page 5_pages_51-75.md
016-007-017,,016,007,"Cover - Dust, Stabilizer Bar",VMRS_HB_COMPLETE_v20 page 5_pages_51-75.md
001-003-079,,001,003,Cover,VMRS_HB_COMPLETE_v20 page 5_pages_51-75.md
045-021-031,,045,021,Cover - ECM,VMRS_HB_COMPLETE_v20 page 5_pages_51-75.md
367-005-016,,367,005,Cover ·,VMRS_HB_COMPLETE_v20 page 5_pages_51-75.md
027-033-059,,027,033,Cover - ECU,VMRS_HB_COMPLETE_v20 page 5_pages_51-75.md
003-001-159,,003,001,Cover,VMRS_HB_COMPLETE_v20 page 5_pages_51-75.md
302-001-018,,302,001,Cover - ECU (J-Box),VMRS_HB_COMPLETE_v20 page 5_pages_51-75.md
462-001-000,,462,001,Cover ·,VMRS_HB_COMPLETE_v20 page 5_pages_51-75.md
302-004-002,,302,004,Cover - ECU (J-BOX),VMRS_HB_COMPLETE_v20 page 5_pages_51-75.md
403-001-009,,403,001,Cover,VMRS_HB_COMPLETE_v20 page 5_pages_51-75.md
027-033-000,,027,033,Cover - ECU ABS System,VMRS_HB_COMPLETE_v20 page 5_pages_51-75.md
367-005-017,,367,005,Cover,VMRS_HB_COMPLETE_v20 page 5_pages_51-75.md
026-014-004,,026,014,Cover - ECU Manual Transmission,VMRS_HB_COMPLETE_v20 page 5_pages_51-75.md
367-005-013,,367,005,Cover,VMRS_HB_COMPLETE_v20 page 5_pages_51-75.md
052-008-043,,052,008,Cover - Edd Compartment Refrigerator,VMRS_HB_COMPLETE_v20 page 5_pages_51-75.md
017-009-051,,017,009,Cover -,VMRS_HB_COMPLETE_v20 page 5_pages_51-75.md
043-001-086,,043,001,Cover - EGB Valve,VMRS_HB_COMPLETE_v20 page 5_pages_51-75.md
017-000-001,,017,000,System,VMRS_HB_COMPLETE_v20 page 5_pages_51-75.md
046-001-005,,046,001,Cover - Electric Propulsion Motor,VMRS_HB_COMPLETE_v20 page 5_pages_51-75.md
367-005-014,,367,005,Cover -,VMRS_HB_COMPLETE_v20 page 5_pages_51-75.md
034-003-043,,034,003,Cover - Electrical Cable Receptacle,VMRS_HB_COMPLETE_v20 page 5_pages_51-75.md
364-001-006,,364,001,Cover -,VMRS_HB_COMPLETE_v20 page 5_pages_51-75.md
034-008-004,,034,008,Cover - Electrical Vault,VMRS_HB_COMPLETE_v20 page 5_pages_51-75.md
056-001-015,,056,001,Cover -,VMRS_HB_COMPLETE_v20 page 5_pages_51-75.md
174-024-110,,174,024,Cover - Emergency Door Or Window Aiar Alarm,VMRS_HB_COMPLETE_v20 page 5_pages_51-75.md
025-001-047,,025,001,Cover -,VMRS_HB_COMPLETE_v20 page 5_pages_51-75.md
002-060-007,,002,060,Cover -,VMRS_HB_COMPLETE_v20 page 5_pages_51-75.md
072-009-005,,072,009,"Cover - Emergency Release Access, Power Roll-",VMRS_HB_COMPLETE_v20 page 5_pages_51-75.md
042-012-003,,042,012,Cover -,VMRS_HB_COMPLETE_v20 page 5_pages_51-75.md
059-037-007,,059,037,Cover -,VMRS_HB_COMPLETE_v20 page 5_pages_51-75.md
042-010-009,,042,010,"Cover - Enclosure, Pre-Heater",VMRS_HB_COMPLETE_v20 page 5_pages_51-75.md
027-039-012,,027,039,Cover -,VMRS_HB_COMPLETE_v20 page 5_pages_51-75.md
367-005-039,,367,005,Cover - End Frame,VMRS_HB_COMPLETE_v20 page 5_pages_51-75.md
027-039-013,,027,039,Cover -,VMRS_HB_COMPLETE_v20 page 5_pages_51-75.md
002-008-026,,002,008,Cover - End Wiper,VMRS_HB_COMPLETE_v20 page 5_pages_51-75.md
065-013-024,,065,013,Cover -,VMRS_HB_COMPLETE_v20 page 5_pages_51-75.md
013-010-063,,013,010,"Cover - End, Air Drier",VMRS_HB_COMPLETE_v20 page 5_pages_51-75.md
168-001-010,,168,001,Cover -,VMRS_HB_COMPLETE_v20 page 5_pages_51-75.md
197-016-004,,197,016,"Cover - End, Hopper",VMRS_HB_COMPLETE_v20 page 5_pages_51-75.md
002-008-129,,002,008,Cover -,VMRS_HB_COMPLETE_v20 page 5_pages_51-75.md
021-001-067,,021,001,"Cover - End, Planetary Gear, Driven Front Steer",VMRS_HB_COMPLETE_v20 page 5_pages_51-75.md
045-003-064,,045,003,Cover ·,VMRS_HB_COMPLETE_v20 page 5_pages_51-75.md
045-003-018,,045,003,Cover -,VMRS_HB_COMPLETE_v20 page 5_pages_51-75.md
045-020-007,,045,020,Cover - Engine Appearance,VMRS_HB_COMPLETE_v20 page 5_pages_51-75.md
013-009-122,,013,009,Cover ·,VMRS_HB_COMPLETE_v20 page 5_pages_51-75.md
002-012-003,,002,012,Cover - Engine Housing,VMRS_HB_COMPLETE_v20 page 5_pages_51-75.md
002-057-024,,002,057,Compr,VMRS_HB_COMPLETE_v20 page 5_pages_51-75.md
045-012-045,,045,012,Cover - Engine Oil Cooler,VMRS_HB_COMPLETE_v20 page 5_pages_51-75.md
002-037-034,,002,037,Cover,VMRS_HB_COMPLETE_v20 page 5_pages_51-75.md
045-010-018,,045,010,Cover - Engine Oil Fill Fort,VMRS_HB_COMPLETE_v20 page 5_pages_51-75.md
002-040-102,,002,040,Cover,VMRS_HB_COMPLETE_v20 page 5_pages_51-75.md
043-048-060,,043,048,,VMRS_HB_COMPLETE_v20 page 5_pages_51-75.md
002-048-226,,002,048,Cover,VMRS_HB_COMPLETE_v20 page 5_pages_51-75.md
045-020-005,,045,020,Cover - Engine Cold Weather,VMRS_HB_COMPLETE_v20 page 5_pages_51-75.md
002-050-557,,002,050,Cover -,VMRS_HB_COMPLETE_v20 page 5_pages_51-75.md
061-006-009,,061,006,"Cover - Engine, Scrubber",VMRS_HB_COMPLETE_v20 page 5_pages_51-75.md
151-001-145,,151,001,Cover -,VMRS_HB_COMPLETE_v20 page 5_pages_51-75.md
061-001-008,,061,001,"Cover - Engine, Sweeper",VMRS_HB_COMPLETE_v20 page 5_pages_51-75.md
029-008-027,,029,008,Cover -,VMRS_HB_COMPLETE_v20 page 5_pages_51-75.md
082-001-085,,082,001,Cover - Evaporator Coil,VMRS_HB_COMPLETE_v20 page 5_pages_51-75.md
029-008-025,,029,008,Cover -,VMRS_HB_COMPLETE_v20 page 5_pages_51-75.md
082-007-058,,082,007,Cover - Evaporator Coil,VMRS_HB_COMPLETE_v20 page 5_pages_51-75.md
029-008-017,,029,008,Cover -,VMRS_HB_COMPLETE_v20 page 5_pages_51-75.md
013-009-094,,013,009,"Cover - Evaporator, Alcohol",VMRS_HB_COMPLETE_v20 page 5_pages_51-75.md
029-008-026,,029,008,Cover -,VMRS_HB_COMPLETE_v20 page 5_pages_51-75.md
151-003-032,,151,003,"Cover - Evaporator, APU",VMRS_HB_COMPLETE_v20 page 5_pages_51-75.md
002-008-028,,002,008,Cover -,VMRS_HB_COMPLETE_v20 page 5_pages_51-75.md
043-006-041,,043,006,Cover - Exhaust Aftertreatment Device,VMRS_HB_COMPLETE_v20 page 5_pages_51-75.md
034-004-266,,034,004,Cover -,VMRS_HB_COMPLETE_v20 page 5_pages_51-75.md
044-010-064,,044,010,Cover - Exhaust Manifold,VMRS_HB_COMPLETE_v20 page 5_pages_51-75.md
051-012-003,,051,012,Cover -,VMRS_HB_COMPLETE_v20 page 5_pages_51-75.md
044-005-031,,044,005,Cover - Exhaust Manifold Automatic Choke Heat,VMRS_HB_COMPLETE_v20 page 5_pages_51-75.md
056-001-136,,056,001,Cover -,VMRS_HB_COMPLETE_v20 page 5_pages_51-75.md
053-007-045,,053,007,Cover -,VMRS_HB_COMPLETE_v20 page 5_pages_51-75.md
043-002-043,,043,002,Cover - Exhaust Manifold Slip Joint Repair,VMRS_HB_COMPLETE_v20 page 5_pages_51-75.md
043-007-144,,043,007,Cover ·,VMRS_HB_COMPLETE_v20 page 5_pages_51-75.md
068-001-105,,068,001,"Cover - Exhaust, Boom",VMRS_HB_COMPLETE_v20 page 5_pages_51-75.md
002-040-023,,002,040,Cover -,VMRS_HB_COMPLETE_v20 page 5_pages_51-75.md
002-050-567,,002,050,"Cover - Exit Door, Sleeper",VMRS_HB_COMPLETE_v20 page 5_pages_51-75.md
002-058-033,,002,058,Cover,VMRS_HB_COMPLETE_v20 page 5_pages_51-75.md
174-024-107,,174,024,Cover - Exterior Bus Vandal Lock,VMRS_HB_COMPLETE_v20 page 5_pages_51-75.md
026-010-051,,026,010,Cover ·,VMRS_HB_COMPLETE_v20 page 5_pages_51-75.md
002-006-076,,002,006,"Cover - Fabric, Root",VMRS_HB_COMPLETE_v20 page 5_pages_51-75.md
027-038-007,,027,038,Cover -,VMRS_HB_COMPLETE_v20 page 5_pages_51-75.md
042-003-048,,042,003,Cover - Fan Drive Housing,VMRS_HB_COMPLETE_v20 page 5_pages_51-75.md
022-003-024,,022,003,Cover ·,VMRS_HB_COMPLETE_v20 page 5_pages_51-75.md
082-001-063,,082,001,Cover - Fanshall,VMRS_HB_COMPLETE_v20 page 5_pages_51-75.md
022-003-014,,022,003,Cover,VMRS_HB_COMPLETE_v20 page 5_pages_51-75.md
151-001-146,,151,001,Cover Fallshall,VMRS_HB_COMPLETE_v20 page 5_pages_51-75.md
021-001-004,,021,001,Avio,VMRS_HB_COMPLETE_v20 page 5_pages_51-75.md
001-002-132,,001,002,Cover Filter Duct,VMRS_HB_COMPLETE_v20 page 5_pages_51-75.md
022-003-010,,022,003,Cover,VMRS_HB_COMPLETE_v20 page 5_pages_51-75.md
367-002-132,,367,002,"Cover - Filter, Hydraulic System",VMRS_HB_COMPLETE_v20 page 5_pages_51-75.md
013-009-104,,013,009,Cover,VMRS_HB_COMPLETE_v20 page 5_pages_51-75.md
022-001-012,,022,001,Cover - Filter Rear Ayle,VMRS_HB_COMPLETE_v20 page 5_pages_51-75.md
002-048-127,,002,048,Cover,VMRS_HB_COMPLETE_v20 page 5_pages_51-75.md
022-003-128,,022,003,"Cover - Filter, Rear Axle",VMRS_HB_COMPLETE_v20 page 5_pages_51-75.md
002-018-191,,002,018,Cover,VMRS_HB_COMPLETE_v20 page 5_pages_51-75.md
002-048-002,,002,048,Cover - Firewall,VMRS_HB_COMPLETE_v20 page 5_pages_51-75.md
002-023-068,,002,023,Cover -,VMRS_HB_COMPLETE_v20 page 5_pages_51-75.md
002-048-003,,002,048,Cover - Firewall Recess,VMRS_HB_COMPLETE_v20 page 5_pages_51-75.md
002-023-075,,002,023,Cover,VMRS_HB_COMPLETE_v20 page 5_pages_51-75.md
014-005-054,,014,005,"Cover - Floor Trim, Brake Pedal",VMRS_HB_COMPLETE_v20 page 5_pages_51-75.md
002-018-201,,002,018,Cover,VMRS_HB_COMPLETE_v20 page 5_pages_51-75.md
174-033-088,,174,033,"Cover - Floor, Bellows, Inner",VMRS_HB_COMPLETE_v20 page 5_pages_51-75.md
026-011-202,,026,011,"Cover - Floor, Shift Tower",VMRS_HB_COMPLETE_v20 page 5_pages_51-75.md
022-005-027,,022,005,"Cover - Housing, Air Shift Cylinder",VMRS_HB_COMPLETE_v20 page 5_pages_51-75.md
034-001-156,,034,001,Cover - Fog Lamp,VMRS_HB_COMPLETE_v20 page 5_pages_51-75.md
032-004-047,,032,004,"Cover - Housing, Air Starter",VMRS_HB_COMPLETE_v20 page 5_pages_51-75.md
001-002-055,,001,002,Cover - Fresh Air Vent Handle,VMRS_HB_COMPLETE_v20 page 5_pages_51-75.md
046-003-008,,046,003,"Cover - Housing, Battery Pack",VMRS_HB_COMPLETE_v20 page 5_pages_51-75.md
044-010-004,,044,010,Cover - Front,VMRS_HB_COMPLETE_v20 page 5_pages_51-75.md
082-006-058,,082,006,"Cover - Housing, Blower & Fan Control Box,",VMRS_HB_COMPLETE_v20 page 5_pages_51-75.md
026-001-051,,026,001,Cover - Front Bearing,VMRS_HB_COMPLETE_v20 page 5_pages_51-75.md
014-002-073,,014,002,Cover - Front Bumper,VMRS_HB_COMPLETE_v20 page 5_pages_51-75.md
045-011-083,,045,011,"Cover - Housing, Engine Oil Filter",VMRS_HB_COMPLETE_v20 page 5_pages_51-75.md
027-029-011,,027,029,Cover - Front Pump Or Plate Assembly,VMRS_HB_COMPLETE_v20 page 5_pages_51-75.md
002-008-157,,002,008,"Cover - Housing, Instrument Cluster",VMRS_HB_COMPLETE_v20 page 5_pages_51-75.md
025-001-243,,025,001,Cover - Front Transfer Case,VMRS_HB_COMPLETE_v20 page 5_pages_51-75.md
025-001-155,,025,001,"Cover - Housing, Oll Pump, Transfer Case",VMRS_HB_COMPLETE_v20 page 5_pages_51-75.md
045-001-019,,045,001,Cover - Front Upper,VMRS_HB_COMPLETE_v20 page 5_pages_51-75.md
057-001-020,,057,001,"Cover - Housing, Spare The",VMRS_HB_COMPLETE_v20 page 5_pages_51-75.md
044-001-132,,044,001,Cover - Fuel Cooler,VMRS_HB_COMPLETE_v20 page 5_pages_51-75.md
174-001-079,,174,001,Cover - HVAC Coolant Lines,VMRS_HB_COMPLETE_v20 page 5_pages_51-75.md
044-002-022,,044,002,Cover - Fuel Filter,VMRS_HB_COMPLETE_v20 page 5_pages_51-75.md
002-050-737,,002,050,Cover - HVAC Storage Compartment,VMRS_HB_COMPLETE_v20 page 5_pages_51-75.md
151-001-096,,151,001,"Cover - Fuel Injection Pump, APU",VMRS_HB_COMPLETE_v20 page 5_pages_51-75.md
042-003-130,,042,003,Cover - Idler Pullev,VMRS_HB_COMPLETE_v20 page 5_pages_51-75.md
044-003-004,,044,003,Cover - Fuel Pump,VMRS_HB_COMPLETE_v20 page 5_pages_51-75.md
025-001-211,,025,001,"Cover - Idler Shaft, Transfer Case",VMRS_HB_COMPLETE_v20 page 5_pages_51-75.md
044-001-040,,044,001,Cover - Fuel Tank Gauge Assembly,VMRS_HB_COMPLETE_v20 page 5_pages_51-75.md
111-003-003,,111,003,"Cover - Idler, Left",VMRS_HB_COMPLETE_v20 page 5_pages_51-75.md
034-004-057,,034,004,Cover - Fuse Panel,VMRS_HB_COMPLETE_v20 page 5_pages_51-75.md
111-003-002,,111,003,"Cover - Idler, Right",VMRS_HB_COMPLETE_v20 page 5_pages_51-75.md
044-012-019,,044,012,Cover - Gaseous Fuel Tank Filler Pipe,VMRS_HB_COMPLETE_v20 page 5_pages_51-75.md
111-003-004,,111,003,"Cover - Idler, Top",VMRS_HB_COMPLETE_v20 page 5_pages_51-75.md
151-001-078,,151,001,"Cover - Gear Case, APU",VMRS_HB_COMPLETE_v20 page 5_pages_51-75.md
025-001-048,,025,001,"Cover - Idler, Transfer Case",VMRS_HB_COMPLETE_v20 page 5_pages_51-75.md
082-041-066,,082,041,"Cover - Gear Case, Front",VMRS_HB_COMPLETE_v20 page 5_pages_51-75.md
033-003-021,,033,003,Cover - Ignition Coil,VMRS_HB_COMPLETE_v20 page 5_pages_51-75.md
065-010-011,,065,010,"Cover - Gear Motor, Hydraulic System",VMRS_HB_COMPLETE_v20 page 5_pages_51-75.md
026-004-002,,026,004,Cover - Input Shaft Bearing,VMRS_HB_COMPLETE_v20 page 5_pages_51-75.md
059-016-021,,059,016,"Cover - Gear Pump, Front",VMRS_HB_COMPLETE_v20 page 5_pages_51-75.md
097-001-007,,097,001,"Cover - Inspection, Centrifugal Pump Housing",VMRS_HB_COMPLETE_v20 page 5_pages_51-75.md
059-010-024,,059,010,"Cover - Gear Pump, Rear",VMRS_HB_COMPLETE_v20 page 5_pages_51-75.md
002-008-057,,002,008,Cover - Instrument Panel,VMRS_HB_COMPLETE_v20 page 5_pages_51-75.md
000-010-009,,000,010,Cover - Gear Planetary Hub Portal Assembly,VMRS_HB_COMPLETE_v20 page 5_pages_51-75.md
402-009-004,,402,009,"Cover - Insulating, Plastic/Fiberglass, Platform",VMRS_HB_COMPLETE_v20 page 5_pages_51-75.md
010-002-039,,010,002,"Cover - Geal, Flahelary Hub, Forlar Assembly,",VMRS_HB_COMPLETE_v20 page 5_pages_51-75.md
022-008-019,,022,008,Cover - Gear Planetary Hub Portal Assembly,VMRS_HB_COMPLETE_v20 page 5_pages_51-75.md
053-006-019,,053,006,Cover - Jack,VMRS_HB_COMPLETE_v20 page 5_pages_51-75.md
022-000-010,,022,000,Rear Drive Axle,VMRS_HB_COMPLETE_v20 page 5_pages_51-75.md
002-011-153,,002,011,Cover - Jack,VMRS_HB_COMPLETE_v20 page 5_pages_51-75.md
044-003-176,,044,003,Cover - Gear. Tach Drive,VMRS_HB_COMPLETE_v20 page 5_pages_51-75.md
014-002-130,,014,002,"Cover - Joint, Bumper",VMRS_HB_COMPLETE_v20 page 5_pages_51-75.md
068-001-063,,068,001,Cover - Gearbox,VMRS_HB_COMPLETE_v20 page 5_pages_51-75.md
174-001-195,,174,001,"Cover - Joint, Rub Rail",VMRS_HB_COMPLETE_v20 page 5_pages_51-75.md
065-014-009,,065,014,"Cover - Gerotor Pump, Hydraulic System",VMRS_HB_COMPLETE_v20 page 5_pages_51-75.md
363-005-006,,363,005,Cover - Joystick,VMRS_HB_COMPLETE_v20 page 5_pages_51-75.md
002-008-116,,002,008,"Cover - Glove Compartment Door, Dash",VMRS_HB_COMPLETE_v20 page 5_pages_51-75.md
002-034-006,,002,034,Cover - Lamp Warning,VMRS_HB_COMPLETE_v20 page 5_pages_51-75.md
032-003-011,,032,003,Cover - Glow Plug,VMRS_HB_COMPLETE_v20 page 5_pages_51-75.md
034-002-047,,034,002,"Cover - Lamp, Rear",VMRS_HB_COMPLETE_v20 page 5_pages_51-75.md
044-003-142,,044,003,Cover - Governor Control Valve,VMRS_HB_COMPLETE_v20 page 5_pages_51-75.md
052-008-056,,052,008,"Cover - Lamp, Refrigerator",VMRS_HB_COMPLETE_v20 page 5_pages_51-75.md
027-034-004,,027,034,"Cover - Governor, Automatic Transmission",VMRS_HB_COMPLETE_v20 page 5_pages_51-75.md
002-027-283,,002,027,"Cover - Latch, Folding Seat",VMRS_HB_COMPLETE_v20 page 5_pages_51-75.md
044-003-083,,044,003,"Cover - Governor, Engine Fuel Pump",VMRS_HB_COMPLETE_v20 page 5_pages_51-75.md
002-050-585,,002,050,"Cover - Latch, Lower Bunk",VMRS_HB_COMPLETE_v20 page 5_pages_51-75.md
044-003-060,,044,003,"Cover - Governor, Front",VMRS_HB_COMPLETE_v20 page 5_pages_51-75.md
002-011-130,,002,011,"Cover - Latch, Seat Belt",VMRS_HB_COMPLETE_v20 page 5_pages_51-75.md
002-015-182,,002,015,"Cover - Guide, Glass, Quarter Panel",VMRS_HB_COMPLETE_v20 page 5_pages_51-75.md
002-016-033,,002,016,"Cover - Latch, Tailgate",VMRS_HB_COMPLETE_v20 page 5_pages_51-75.md
013-010-337,,013,010,"Cover - Hand Brake, Traller",VMRS_HB_COMPLETE_v20 page 5_pages_51-75.md
002-062-038,,002,062,"Cover Latch, Irunk",VMRS_HB_COMPLETE_v20 page 5_pages_51-75.md
020-001-000,,020,001,"Cover - Handle, Conter Door, Reefer",VMRS_HB_COMPLETE_v20 page 5_pages_51-75.md
002-050-059,,002,050,Cover - Lea Assembly,VMRS_HB_COMPLETE_v20 page 5_pages_51-75.md
002-029-000,,002,029,"Cover - Handle, Center Door, Reeler",VMRS_HB_COMPLETE_v20 page 5_pages_51-75.md
002-050-587,,002,050,Cover - Lever Cabinet Drawer,VMRS_HB_COMPLETE_v20 page 5_pages_51-75.md
013-003-032,,013,003,"Cover - Handle, Boor FaherCover - Handle, Parking Brake Lever",VMRS_HB_COMPLETE_v20 page 5_pages_51-75.md
002-027-224,,002,027,"Cover - Lever, Cabinet Drawer",VMRS_HB_COMPLETE_v20 page 5_pages_51-75.md
002-016-028,,002,016,"Cover - Handle, Tailgate",VMRS_HB_COMPLETE_v20 page 5_pages_51-75.md
002-059-014,,002,059,"Cover - Lid Lock, Pickup Box",VMRS_HB_COMPLETE_v20 page 5_pages_51-75.md
002-050-554,,002,050,Cover - Harness,VMRS_HB_COMPLETE_v20 page 5_pages_51-75.md
055-023-033,,055,023,"Cover - Lift Arm, Wheelchair Lift",VMRS_HB_COMPLETE_v20 page 5_pages_51-75.md
072-003-073,,072,003,"Cover - Hasp, Hinged Door, Rear",VMRS_HB_COMPLETE_v20 page 5_pages_51-75.md
055-009-036,,055,009,Cover - Lift Cylinder,VMRS_HB_COMPLETE_v20 page 5_pages_51-75.md
045-007-028,,045,007,Cover - Head Assembly,VMRS_HB_COMPLETE_v20 page 5_pages_51-75.md
002-008-161,,002,008,Cover - Light Sensor,VMRS_HB_COMPLETE_v20 page 5_pages_51-75.md
002-048-001,,002,048,Cover - Header,VMRS_HB_COMPLETE_v20 page 5_pages_51-75.md
367-009-006,,367,009,"Cover - Line Bracket, Water System",VMRS_HB_COMPLETE_v20 page 5_pages_51-75.md
071-023-034,,071,023,"Cover - Header, Bulkhead Door",VMRS_HB_COMPLETE_v20 page 5_pages_51-75.md
172-007-066,,172,007,Cover - Loader,VMRS_HB_COMPLETE_v20 page 5_pages_51-75.md
034-001-114,,034,001,Cover - Headlamp,VMRS_HB_COMPLETE_v20 page 5_pages_51-75.md
002-008-120,,002,008,"Cover - Lock Cylinder, Glove Compartment,",VMRS_HB_COMPLETE_v20 page 5_pages_51-75.md
002-029-034,,002,029,"Cover - Headrest, Seat",VMRS_HB_COMPLETE_v20 page 5_pages_51-75.md
365-001-009,,365,001,Cover - Heat Exchanger,VMRS_HB_COMPLETE_v20 page 5_pages_51-75.md
022-003-108,,022,003,"Cover - Lock, Carrier",VMRS_HB_COMPLETE_v20 page 5_pages_51-75.md
001-002-138,,001,002,Cover - Heater Core,VMRS_HB_COMPLETE_v20 page 5_pages_51-75.md
002-046-024,,002,046,"Cover - Lock, Side Emergency Door",VMRS_HB_COMPLETE_v20 page 5_pages_51-75.md
151-002-015,,151,002,"Cover - Heater, Bottom, APU",VMRS_HB_COMPLETE_v20 page 5_pages_51-75.md
027-022-005,,027,022,Cover - Low Servo,VMRS_HB_COMPLETE_v20 page 5_pages_51-75.md
101-002-010,,101,002,"Cover Healer, Iop, APU",VMRS_HB_COMPLETE_v20 page 5_pages_51-75.md
044-003-107,,044,003,Cover Lower Elympool Housing,VMRS_HB_COMPLETE_v20 page 5_pages_51-75.md
002-011-120,,002,011,Cover - Hinge,VMRS_HB_COMPLETE_v20 page 5_pages_51-75.md
045-004-005,,045,004,Cover - Luggage,VMRS_HB_COMPLETE_v20 page 5_pages_51-75.md
002-017-007,,002,017,Cover - Hinge Access Door,VMRS_HB_COMPLETE_v20 page 5_pages_51-75.md
002-006-079,,002,006,Cover - Luggage,VMRS_HB_COMPLETE_v20 page 5_pages_51-75.md
002-060-015,,002,060,"Cover - Hinge, Access Door",VMRS_HB_COMPLETE_v20 page 5_pages_51-75.md
034-004-403,,034,004,Cover - Magnetic Switch,VMRS_HB_COMPLETE_v20 page 5_pages_51-75.md
002-016-030,,002,016,"Cover - Hinge, Convention Top",VMRS_HB_COMPLETE_v20 page 5_pages_51-75.md
075-002-003,,075,002,Cover - Manhole,VMRS_HB_COMPLETE_v20 page 5_pages_51-75.md
082-012-069,,082,012,"Cover - HMI (Human Machine Interface), Reefer",VMRS_HB_COMPLETE_v20 page 5_pages_51-75.md
065-009-005,,065,009,"Cover - Manifold, Rotary (Swivel)",VMRS_HB_COMPLETE_v20 page 5_pages_51-75.md
367-003-008,,367,003,"Cover - Hold Down, Hoses",VMRS_HB_COMPLETE_v20 page 5_pages_51-75.md
013-006-018,,013,006,Cover - Master Cylinder,VMRS_HB_COMPLETE_v20 page 5_pages_51-75.md
014-002-089,,014,002,"Cover - Hole, Front Bumper",VMRS_HB_COMPLETE_v20 page 5_pages_51-75.md
053-003-003,,053,003,Cover - Mattress,VMRS_HB_COMPLETE_v20 page 5_pages_51-75.md
014-002-105,,014,002,"Cover - Hole, Rear Bumper",VMRS_HB_COMPLETE_v20 page 5_pages_51-75.md
002-050-775,,002,050,"Cover - Mattress, Bunk, Sleeper",VMRS_HB_COMPLETE_v20 page 5_pages_51-75.md
002-004-267,,002,004,"Cover - Hood Latch, Left",VMRS_HB_COMPLETE_v20 page 5_pages_51-75.md
022-004-116,,022,004,"Cover - Membrane, Carrier Housing",VMRS_HB_COMPLETE_v20 page 5_pages_51-75.md
002-004-268,,002,004,"Cover - Hood Latch, Right",VMRS_HB_COMPLETE_v20 page 5_pages_51-75.md
002-010-081,,002,010,Cover - Mirror Bracket,VMRS_HB_COMPLETE_v20 page 5_pages_51-75.md
054-001-026,,054,001,Cover - Horn Valve,VMRS_HB_COMPLETE_v20 page 5_pages_51-75.md
027-031-051,,027,031,Cover - Modulating Valve,VMRS_HB_COMPLETE_v20 page 5_pages_51-75.md
068-004-005,,068,004,Cover - Hose,VMRS_HB_COMPLETE_v20 page 5_pages_51-75.md
013-005-033,,013,005,"Cover - Module, Brake Pedal",VMRS_HB_COMPLETE_v20 page 5_pages_51-75.md
174-026-026,,174,026,"Cover - Hose, Bus Passenger Heater",VMRS_HB_COMPLETE_v20 page 5_pages_51-75.md
058-004-013,,058,004,"Cover - Motor, Cooling Fan, Winch",VMRS_HB_COMPLETE_v20 page 5_pages_51-75.md
108-000-011,,108,000,Cover - Housing End Stearing Coor,VMRS_HB_COMPLETE_v20 page 5_pages_51-75.md
042-003-150,,042,003,"Cover - Motor, Radiator Fan",VMRS_HB_COMPLETE_v20 page 5_pages_51-75.md
015-003-022,,015,003,"Cover - Housing End, Steering Gear",VMRS_HB_COMPLETE_v20 page 5_pages_51-75.md
174-020-031,,174,020,Cover - Motor School Bus Crossing Gate Arm,VMRS_HB_COMPLETE_v20 page 5_pages_51-75.md
010-000-004,,010,000,Over - Housing Side,VMRS_HB_COMPLETE_v20 page 5_pages_51-75.md
051-006-017,,051,006,Cover -,VMRS_HB_COMPLETE_v20 page 5_pages_51-75.md
042-002-156,,042,002,"Cover - Radiator, Top",VMRS_HB_COMPLETE_v20 page 5_pages_51-75.md
055-023-036,,055,023,Cover -,VMRS_HB_COMPLETE_v20 page 5_pages_51-75.md
002-048-047,,002,048,Cover - Radio,VMRS_HB_COMPLETE_v20 page 5_pages_51-75.md
002-035-172,,002,035,Cover -,VMRS_HB_COMPLETE_v20 page 5_pages_51-75.md
002-048-026,,002,048,Cover - Radio Opening,VMRS_HB_COMPLETE_v20 page 5_pages_51-75.md
034-001-185,,034,001,Cover -,VMRS_HB_COMPLETE_v20 page 5_pages_51-75.md
098-010-011,,098,010,Cover - Rain,VMRS_HB_COMPLETE_v20 page 5_pages_51-75.md
003-006-010,,003,006,Cover -,VMRS_HB_COMPLETE_v20 page 5_pages_51-75.md
002-035-148,,002,035,Cover - Rain Sensor,VMRS_HB_COMPLETE_v20 page 5_pages_51-75.md
367-002-001,,367,002,Cover -,VMRS_HB_COMPLETE_v20 page 5_pages_51-75.md
022-001-002,,022,001,Cover - Rear Axle Housing,VMRS_HB_COMPLETE_v20 page 5_pages_51-75.md
002-035-156,,002,035,Cover -,VMRS_HB_COMPLETE_v20 page 5_pages_51-75.md
029-002-000,,029,002,Cover - Rear Bearing,VMRS_HB_COMPLETE_v20 page 5_pages_51-75.md
026-013-035,,026,013,Cover -,VMRS_HB_COMPLETE_v20 page 5_pages_51-75.md
029-002-001,,029,002,"Cover - Rear Bearing, Main Shaft",VMRS_HB_COMPLETE_v20 page 5_pages_51-75.md
045-013-031,,045,013,Cover -,VMRS_HB_COMPLETE_v20 page 5_pages_51-75.md
029-002-006,,029,002,"Cover - Rear Bearing, Countershaft",VMRS_HB_COMPLETE_v20 page 5_pages_51-75.md
045-009-016,,045,009,Cover -,VMRS_HB_COMPLETE_v20 page 5_pages_51-75.md
014-002-078,,014,002,Cover - Rear Bumper,VMRS_HB_COMPLETE_v20 page 5_pages_51-75.md
151-001-079,,151,001,Cover -,VMRS_HB_COMPLETE_v20 page 5_pages_51-75.md
174-012-021,,174,012,Cover - Rear Case,VMRS_HB_COMPLETE_v20 page 5_pages_51-75.md
062-002-000,,062,002,Cover -,VMRS_HB_COMPLETE_v20 page 5_pages_51-75.md
027-021-010,,027,021,Cover - Rear Emergency Door Salety Prop,VMRS_HB_COMPLETE_v20 page 5_pages_51-75.md
045-009-005,,045,009,Cover -,VMRS_HB_COMPLETE_v20 page 5_pages_51-75.md
025-001-245,,025,001,Cover - Rear Transfer Case,VMRS_HB_COMPLETE_v20 page 5_pages_51-75.md
015-005-087,,015,005,Cover -,VMRS_HB_COMPLETE_v20 page 5_pages_51-75.md
059-003-007,,059,003,Cover - Rear Tow Hook,VMRS_HB_COMPLETE_v20 page 5_pages_51-75.md
045-011-047,,045,011,Cover -,VMRS_HB_COMPLETE_v20 page 5_pages_51-75.md
153-003-004,,153,003,Cover - Receptacle Box Stationary Generator,VMRS_HB_COMPLETE_v20 page 5_pages_51-75.md
045-009-058,,045,009,Cover -,VMRS_HB_COMPLETE_v20 page 5_pages_51-75.md
034-004-329,,034,004,"Cover - Receptacle Cable, Trailer",VMRS_HB_COMPLETE_v20 page 5_pages_51-75.md
151-001-085,,151,001,Cover -,VMRS_HB_COMPLETE_v20 page 5_pages_51-75.md
051-005-011,,051,005,Cover - Receptacle. Vehicle Data Recorder,VMRS_HB_COMPLETE_v20 page 5_pages_51-75.md
051-013-014,,051,013,Cover -,VMRS_HB_COMPLETE_v20 page 5_pages_51-75.md
065-016-010,,065,016,"Cover - Reciprocating Pump, Hydraulic System",VMRS_HB_COMPLETE_v20 page 5_pages_51-75.md
056-001-025,,056,001,Cover -,VMRS_HB_COMPLETE_v20 page 5_pages_51-75.md
036-008-025,,036,008,"Cover - Recorder, Surveillance System",VMRS_HB_COMPLETE_v20 page 5_pages_51-75.md
002-004-194,,002,004,Cover -,VMRS_HB_COMPLETE_v20 page 5_pages_51-75.md
031-001-077,,031,001,"Cover - Relay, Alternator",VMRS_HB_COMPLETE_v20 page 5_pages_51-75.md
056-003-041,,056,003,Cover -,VMRS_HB_COMPLETE_v20 page 5_pages_51-75.md
059-026-019,,059,026,Cover - Relief Valve,VMRS_HB_COMPLETE_v20 page 5_pages_51-75.md
174-011-047,,174,011,Cover -,VMRS_HB_COMPLETE_v20 page 5_pages_51-75.md
065-027-007,,065,027,"Cover - Relief Valve, Hydraulic System",VMRS_HB_COMPLETE_v20 page 5_pages_51-75.md
044-005-053,,044,005,Cover -,VMRS_HB_COMPLETE_v20 page 5_pages_51-75.md
098-009-014,,098,009,"Cover - Relief Vent Valve, Bulk Product Transfer",VMRS_HB_COMPLETE_v20 page 5_pages_51-75.md
058-006-015,,058,006,Cover - Remote Connector,VMRS_HB_COMPLETE_v20 page 5_pages_51-75.md
002-048-198,,002,048,Cover -,VMRS_HB_COMPLETE_v20 page 5_pages_51-75.md
027-013-044,,027,013,Cover - Retarder Housing,VMRS_HB_COMPLETE_v20 page 5_pages_51-75.md
365-012-010,,365,012,Cover -,VMRS_HB_COMPLETE_v20 page 5_pages_51-75.md
002-006-066,,002,006,Cover - Retractable Roof Panel,VMRS_HB_COMPLETE_v20 page 5_pages_51-75.md
002-059-026,,002,059,Cover -,VMRS_HB_COMPLETE_v20 page 5_pages_51-75.md
002-011-134,,002,011,"Cover - Retractor, Seat Belt",VMRS_HB_COMPLETE_v20 page 5_pages_51-75.md
013-003-045,,013,003,Cover -,VMRS_HB_COMPLETE_v20 page 5_pages_51-75.md
026-006-121,,026,006,Cover - Reverse Gear,VMRS_HB_COMPLETE_v20 page 5_pages_51-75.md
267-015-002,,267,015,Cover -,VMRS_HB_COMPLETE_v20 page 5_pages_51-75.md
174-002-015,,174,002,"Cover - Riser, Bus Entry Step",VMRS_HB_COMPLETE_v20 page 5_pages_51-75.md
367-005-015,,367,005,Cover -,VMRS_HB_COMPLETE_v20 page 5_pages_51-75.md
045-008-046,,045,008,Cover - Rocker Arm/Valve,VMRS_HB_COMPLETE_v20 page 5_pages_51-75.md
065-024-007,,065,024,Cover -,VMRS_HB_COMPLETE_v20 page 5_pages_51-75.md
043-004-055,,043,004,"Cover - Rod, Air Cylinder",VMRS_HB_COMPLETE_v20 page 5_pages_51-75.md
267-015-007,,267,015,Cover -,VMRS_HB_COMPLETE_v20 page 5_pages_51-75.md
002-048-095,,002,048,Cover - Root Bow,VMRS_HB_COMPLETE_v20 page 5_pages_51-75.md
065-011-011,,065,011,Cover -,VMRS_HB_COMPLETE_v20 page 5_pages_51-75.md
174-015-011,,174,015,Cover - Root Emergency Escape Hatch Switch,VMRS_HB_COMPLETE_v20 page 5_pages_51-75.md
013-010-465,,013,010,Cover -,VMRS_HB_COMPLETE_v20 page 5_pages_51-75.md
174-033-086,,174,033,"Cover - Root, Bellows, Inner",VMRS_HB_COMPLETE_v20 page 5_pages_51-75.md
121-001-015,,121,001,Cover -,VMRS_HB_COMPLETE_v20 page 5_pages_51-75.md
174-012-020,,174,012,"Cover - Rolor, Engine Brake",VMRS_HB_COMPLETE_v20 page 5_pages_51-75.md
022-002-046,,022,002,Cover -,VMRS_HB_COMPLETE_v20 page 5_pages_51-75.md
008-014-000,,008,014,"Cover - Salety Flop, Side Effergency Door",VMRS_HB_COMPLETE_v20 page 5_pages_51-75.md
462-000-011,,462,000,Cover,VMRS_HB_COMPLETE_v20 page 5_pages_51-75.md
174-024-115,,174,024,Cover - School Bus Alarm Buzzer,VMRS_HB_COMPLETE_v20 page 5_pages_51-75.md
048-001-086,,048,001,Cover -,VMRS_HB_COMPLETE_v20 page 5_pages_51-75.md
174-025-022,,174,025,Cover - School Bus Crossing Gate Arm,VMRS_HB_COMPLETE_v20 page 5_pages_51-75.md
168-003-014,,168,003,Cover -,VMRS_HB_COMPLETE_v20 page 5_pages_51-75.md
174-017-036,,174,017,Cover - School Bus Stop Arm Assembly,VMRS_HB_COMPLETE_v20 page 5_pages_51-75.md
364-005-016,,364,005,Cover -,VMRS_HB_COMPLETE_v20 page 5_pages_51-75.md
002-028-006,,002,028,Cover - Seat Adjuster,VMRS_HB_COMPLETE_v20 page 5_pages_51-75.md
002-058-021,,002,058,Cover -,VMRS_HB_COMPLETE_v20 page 5_pages_51-75.md
002-029-022,,002,029,Cover - Seat Back,VMRS_HB_COMPLETE_v20 page 5_pages_51-75.md
034-004-344,,034,004,Cover -,VMRS_HB_COMPLETE_v20 page 5_pages_51-75.md
002-027-203,,002,027,Cover - Seat Base,VMRS_HB_COMPLETE_v20 page 5_pages_51-75.md
022-004-004,,022,004,Cover -,VMRS_HB_COMPLETE_v20 page 5_pages_51-75.md
002-011-058,,002,011,Cover - Seat Belt Mounting,VMRS_HB_COMPLETE_v20 page 5_pages_51-75.md
034-004-309,,034,004,Cover -,VMRS_HB_COMPLETE_v20 page 5_pages_51-75.md
002-027-290,,002,027,Cover - Seat Hinge,VMRS_HB_COMPLETE_v20 page 5_pages_51-75.md
034-004-435,,034,004,Cover -,VMRS_HB_COMPLETE_v20 page 5_pages_51-75.md
002-027-296,,002,027,Cover - Seat Track,VMRS_HB_COMPLETE_v20 page 5_pages_51-75.md
267-001-012,,267,001,Cover -,VMRS_HB_COMPLETE_v20 page 5_pages_51-75.md
002-027-119,,002,027,"Cover - Seat, Back",VMRS_HB_COMPLETE_v20 page 5_pages_51-75.md
026-001-014,,026,001,Cover -,VMRS_HB_COMPLETE_v20 page 5_pages_51-75.md
053-011-039,,053,011,"Cover - Seat, Disposable",VMRS_HB_COMPLETE_v20 page 5_pages_51-75.md
055-001-064,,055,001,Cover -,VMRS_HB_COMPLETE_v20 page 5_pages_51-75.md
015-003-103,,015,003,"Cover - Sector Shaft, Steering Gear",VMRS_HB_COMPLETE_v20 page 5_pages_51-75.md
151-001-224,,151,001,Cover -,VMRS_HB_COMPLETE_v20 page 5_pages_51-75.md
044-007-091,,044,007,Cover - Sensor - Accelerator,VMRS_HB_COMPLETE_v20 page 5_pages_51-75.md
032-003-017,,032,003,Cover -,VMRS_HB_COMPLETE_v20 page 5_pages_51-75.md
003-001-173,,003,001,"Cover - Sensor, Engine Coolant Temperature",VMRS_HB_COMPLETE_v20 page 5_pages_51-75.md
097-002-032,,097,002,Cover -,VMRS_HB_COMPLETE_v20 page 5_pages_51-75.md
015-002-073,,015,002,"Cover - Sensor, Steering Wheel Angle",VMRS_HB_COMPLETE_v20 page 5_pages_51-75.md
044-010-005,,044,010,Cover -,VMRS_HB_COMPLETE_v20 page 5_pages_51-75.md
017-009-066,,017,009,"Cover - Sensor, Tire Pressure Monitor",VMRS_HB_COMPLETE_v20 page 5_pages_51-75.md
362-003-003,,362,003,Cover -,VMRS_HB_COMPLETE_v20 page 5_pages_51-75.md
174-000-045,,174,000,"Cover - Separator, HVAC, Self-Powered",VMRS_HB_COMPLETE_v20 page 5_pages_51-75.md
044-004-039,,044,004,Cover -,VMRS_HB_COMPLETE_v20 page 5_pages_51-75.md
169-002-000,,169,002,"Cover - Service, Platform",VMRS_HB_COMPLETE_v20 page 5_pages_51-75.md
062-004-014,,062,004,Cover -,VMRS_HB_COMPLETE_v20 page 5_pages_51-75.md
100-003-009,,100,003,"Cover - Shall End, Front Pump, Mower",VMRS_HB_COMPLETE_v20 page 5_pages_51-75.md
065-007-014,,065,007,Cover -,VMRS_HB_COMPLETE_v20 page 5_pages_51-75.md
002-000-030,,002,000,Cover Shift Cable,VMRS_HB_COMPLETE_v20 page 5_pages_51-75.md
027-001-030,,027,001,Cover,VMRS_HB_COMPLETE_v20 page 5_pages_51-75.md
020-011-100,,020,011,Cover - Shift Housing Automatic Transmission,VMRS_HB_COMPLETE_v20 page 5_pages_51-75.md
026-009-006,,026,009,Cover -,VMRS_HB_COMPLETE_v20 page 5_pages_51-75.md
022-006-003,,022,006,"Cover - Shift Housing, Automatic Hansmission",VMRS_HB_COMPLETE_v20 page 5_pages_51-75.md
025-001-215,,025,001,Cover -,VMRS_HB_COMPLETE_v20 page 5_pages_51-75.md
026-011-168,,026,011,Cover - Shift Indicator,VMRS_HB_COMPLETE_v20 page 5_pages_51-75.md
022-004-086,,022,004,Cover -,VMRS_HB_COMPLETE_v20 page 5_pages_51-75.md
027-033-022,,027,033,Cover - Shift Lever,VMRS_HB_COMPLETE_v20 page 5_pages_51-75.md
022-006-001,,022,006,Cover - Shift Motor,VMRS_HB_COMPLETE_v20 page 5_pages_51-75.md
019-002-038,,019,002,Cover -,VMRS_HB_COMPLETE_v20 page 5_pages_51-75.md
026-001-089,,026,001,"Cover - Shift, Manual Transmission",VMRS_HB_COMPLETE_v20 page 5_pages_51-75.md
043-007-149,,043,007,Cover,VMRS_HB_COMPLETE_v20 page 5_pages_51-75.md
056-002-002,,056,002,Cover - Shifter,VMRS_HB_COMPLETE_v20 page 5_pages_51-75.md
001-003-126,,001,003,Cover -,VMRS_HB_COMPLETE_v20 page 5_pages_51-75.md
026-015-089,,026,015,"Cover - Shifter Tower, Automated Transmission",VMRS_HB_COMPLETE_v20 page 5_pages_51-75.md
045-008-031,,045,008,Cover -,VMRS_HB_COMPLETE_v20 page 5_pages_51-75.md
016-003-019,,016,003,Cover - Shock Absorber,VMRS_HB_COMPLETE_v20 page 5_pages_51-75.md
042-002-157,,042,002,Cover -,VMRS_HB_COMPLETE_v20 page 5_pages_51-75.md
003-001-225,,003,001,"Cover - Shunt, Ammeter",VMRS_HB_COMPLETE_v20 page 5_pages_51-75.md
042-002-192,,042,002,Cover -,VMRS_HB_COMPLETE_v20 page 5_pages_51-75.md
174-012-037,,174,012,Cover - Side Emergency Door Latch,VMRS_HB_COMPLETE_v20 page 5_pages_51-75.md
042-002-193,,042,002,Cover -,VMRS_HB_COMPLETE_v20 page 5_pages_51-75.md
002-046-088,,002,046,Cover - Side Mount,VMRS_HB_COMPLETE_v20 page 5_pages_51-75.md
025-001-246,,025,001,Cover - Side Transfer Case,VMRS_HB_COMPLETE_v20 page 5_pages_51-75.md
174-003-030,,174,003,Cover - Underbody Storage Compartment Door,VMRS_HB_COMPLETE_v20 page 5_pages_51-75.md
026-001-097,,026,001,"Cover - Side, Manual Transmission",VMRS_HB_COMPLETE_v20 page 5_pages_51-75.md
002-029-030,,002,029,"Cover - Side, Seat",VMRS_HB_COMPLETE_v20 page 5_pages_51-75.md
044-003-085,,044,003,Cover - Upper,VMRS_HB_COMPLETE_v20 page 5_pages_51-75.md
021-009-014,,021,009,"Cover - Side, Transaxle",VMRS_HB_COMPLETE_v20 page 5_pages_51-75.md
002-050-324,,002,050,Cover - Upper Outlet,VMRS_HB_COMPLETE_v20 page 5_pages_51-75.md
002-048-036,,002,048,Cover - SIII,VMRS_HB_COMPLETE_v20 page 5_pages_51-75.md
013-008-031,,013,008,Cover - Vacuum Reservoir,VMRS_HB_COMPLETE_v20 page 5_pages_51-75.md
002-050-579,,002,050,Cover - Skylight,VMRS_HB_COMPLETE_v20 page 5_pages_51-75.md
056-003-042,,056,003,"Cover - valve and Cap Assembly, Powershift",VMRS_HB_COMPLETE_v20 page 5_pages_51-75.md
010-015-077,,010,015,Cover - Sleeve Differential,VMRS_HB_COMPLETE_v20 page 5_pages_51-75.md
056-001-142,,056,001,Cover - Valve Cap. PTO,VMRS_HB_COMPLETE_v20 page 5_pages_51-75.md
032-001-048,,032,001,Cover - Solenoid,VMRS_HB_COMPLETE_v20 page 5_pages_51-75.md
013-010-414,,013,010,Cover - Valve Parking Brake,VMRS_HB_COMPLETE_v20 page 5_pages_51-75.md
013-010-466,,013,010,Cover - Solenoid Air Drier,VMRS_HB_COMPLETE_v20 page 5_pages_51-75.md
059-015-010,,059,015,Cover - Vane Pump,VMRS_HB_COMPLETE_v20 page 5_pages_51-75.md
016-014-074,,016,014,"Cover - Solenoid, Lift Axle Controls",VMRS_HB_COMPLETE_v20 page 5_pages_51-75.md
065-015-010,,065,015,"Cover - Variable Displacement Pump, Hydraulic",VMRS_HB_COMPLETE_v20 page 5_pages_51-75.md
032-002-060,,032,002,"Cover - Solenoid, Starter",VMRS_HB_COMPLETE_v20 page 5_pages_51-75.md
002-004-219,,002,004,Cover - Sound Insulation,VMRS_HB_COMPLETE_v20 page 5_pages_51-75.md
051-005-013,,051,005,Cover - Vehicle Data Recorder,VMRS_HB_COMPLETE_v20 page 5_pages_51-75.md
002-032-012,,002,032,Cover - Spare Tire,VMRS_HB_COMPLETE_v20 page 5_pages_51-75.md
002-048-105,,002,048,Cover - Vent Box,VMRS_HB_COMPLETE_v20 page 5_pages_51-75.md
045-008-218,,045,008,Cover - Spark Plug Well,VMRS_HB_COMPLETE_v20 page 5_pages_51-75.md
002-008-099,,002,008,Cover - Vent Outlet,VMRS_HB_COMPLETE_v20 page 5_pages_51-75.md
002-048-042,,002,048,Cover - Speaker,VMRS_HB_COMPLETE_v20 page 5_pages_51-75.md
002-047-004,,002,047,Cover - Vent Irim,VMRS_HB_COMPLETE_v20 page 5_pages_51-75.md
002-000-308,,002,000,"Cover - Speaker, Right",VMRS_HB_COMPLETE_v20 page 5_pages_51-75.md
002-050-092,,002,050,Cover Visibility Window Door,VMRS_HB_COMPLETE_v20 page 5_pages_51-75.md
015-002-051,,015,002,Cover - Spring Steering Column,VMRS_HB_COMPLETE_v20 page 5_pages_51-75.md
002-040-209,,002,040,Cover - Water Header,VMRS_HB_COMPLETE_v20 page 5_pages_51-75.md
013-010-417,,013,010,"Cover - Spring, Trailer Connections",VMRS_HB_COMPLETE_v20 page 5_pages_51-75.md
042-004-006,,042,004,Cover - Water Pump,VMRS_HB_COMPLETE_v20 page 5_pages_51-75.md
015-002-006,,015,002,Cover - Steering Column,VMRS_HB_COMPLETE_v20 page 5_pages_51-75.md
068-001-084,,068,001,"Cover - Weather, Boom",VMRS_HB_COMPLETE_v20 page 5_pages_51-75.md
015-009-035,,015,009,Cover - Steering Shaft,VMRS_HB_COMPLETE_v20 page 5_pages_51-75.md
002-014-002,,002,014,Cover - Wheel,VMRS_HB_COMPLETE_v20 page 5_pages_51-75.md
015-001-002,,015,001,Cover - Steering Wheel Hub,VMRS_HB_COMPLETE_v20 page 5_pages_51-75.md
018-003-046,,018,003,Cover - Wheel,VMRS_HB_COMPLETE_v20 page 5_pages_51-75.md
053-007-133,,053,007,"Cover - Steering Wheel, Lockout/Tagout",VMRS_HB_COMPLETE_v20 page 5_pages_51-75.md
018-003-034,,018,003,Cover - Wheel Nut,VMRS_HB_COMPLETE_v20 page 5_pages_51-75.md
015-002-050,,015,002,"Cover - Stop, Steering Column",VMRS_HB_COMPLETE_v20 page 5_pages_51-75.md
002-034-012,,002,034,Cover - Wheel Well,VMRS_HB_COMPLETE_v20 page 5_pages_51-75.md
002-048-173,,002,048,Cover - Storage Console,VMRS_HB_COMPLETE_v20 page 5_pages_51-75.md
002-014-003,,002,014,"Cover - Wheel, W/Plywood",VMRS_HB_COMPLETE_v20 page 5_pages_51-75.md
001-001-024,,001,001,Cover - Suction Crossover,VMRS_HB_COMPLETE_v20 page 5_pages_51-75.md
174-014-027,,174,014,Cover - Wheelchair Lift Switch,VMRS_HB_COMPLETE_v20 page 5_pages_51-75.md
002-009-013,,002,009,"Cover - Sun Visor, Exterior",VMRS_HB_COMPLETE_v20 page 5_pages_51-75.md
267-012-008,,267,012,Cover - Winch Cable,VMRS_HB_COMPLETE_v20 page 5_pages_51-75.md
002-009-020,,002,009,"Cover - Sun Visor, Interior",VMRS_HB_COMPLETE_v20 page 5_pages_51-75.md
050-001-007,,050,001,Cover - Winch Spare Tire Carrier,VMRS_HB_COMPLETE_v20 page 5_pages_51-75.md
002-010-135,,002,010,Cover - Windshield Mounted Mirror,VMRS_HB_COMPLETE_v20 page 5_pages_51-75.md
021-001-138,,021,001,Cover - Support Bearing CV Axle,VMRS_HB_COMPLETE_v20 page 5_pages_51-75.md
002-063-011,,002,063,Cover - Windshield Mounted Mintel,VMRS_HB_COMPLETE_v20 page 5_pages_51-75.md
002-061-029,,002,061,"Cover - Support Bracket, Glass, Liftgate",VMRS_HB_COMPLETE_v20 page 5_pages_51-75.md
002-063-002,,002,063,"Cover - Wiper Motor, Back Glass",VMRS_HB_COMPLETE_v20 page 5_pages_51-75.md
002-050-599,,002,050,"Cover - Support Bracket, Rear Cabinet",VMRS_HB_COMPLETE_v20 page 5_pages_51-75.md
045-021-074,,045,021,Cover - Wiring Connections,VMRS_HB_COMPLETE_v20 page 5_pages_51-75.md
002-050-539,,002,050,"Cover - Support, Bunk",VMRS_HB_COMPLETE_v20 page 5_pages_51-75.md
034-004-311,,034,004,"Cover - Wiring Harness, Chassis",VMRS_HB_COMPLETE_v20 page 5_pages_51-75.md
032-002-045,,032,002,"Cover - Switch, Battery Disconnect",VMRS_HB_COMPLETE_v20 page 5_pages_51-75.md
002-009-009,,002,009,"Cover - Wiring Harness, Sun Visor, Exterior",VMRS_HB_COMPLETE_v20 page 5_pages_51-75.md
002-016-009,,002,016,Cover - Tailgate,VMRS_HB_COMPLETE_v20 page 5_pages_51-75.md
034-004-340,,034,004,"Cover - Wiring, Interior Lamp",VMRS_HB_COMPLETE_v20 page 5_pages_51-75.md
168-003-003,,168,003,"Cover - Tank Assembly, Mower",VMRS_HB_COMPLETE_v20 page 5_pages_51-75.md
026-015-093,,026,015,"Cover - XY Shifter, Exhaust Port, Automated",VMRS_HB_COMPLETE_v20 page 5_pages_51-75.md
042-011-010,,042,011,"Cover - Tank, Water Heater",VMRS_HB_COMPLETE_v20 page 5_pages_51-75.md
174-011-005,,174,011,Iransmission,VMRS_HB_COMPLETE_v20 page 5_pages_51-75.md
040-001-093,,040,001,"Cover - Terminal, High Vollage Ballery, Hybrid",VMRS_HB_COMPLETE_v20 page 5_pages_51-75.md
044-015-023,,044,015,Cover ( see through) - Fuel Heater,VMRS_HB_COMPLETE_v20 page 5_pages_51-75.md
082-005-017,,082,005,Cover - Thermostat,VMRS_HB_COMPLETE_v20 page 5_pages_51-75.md
042-009-006,,042,009,Cover (Boot) - Wiring Harness To Receptacle,VMRS_HB_COMPLETE_v20 page 5_pages_51-75.md
151-001-074,,151,001,"Cover - Thermostat, APU",VMRS_HB_COMPLETE_v20 page 5_pages_51-75.md
027-001-010,,027,001,Cover & Gasket - Power Take-Off,VMRS_HB_COMPLETE_v20 page 5_pages_51-75.md
052-008-034,,052,008,"Cover - Thermostat, Refrigerator",VMRS_HB_COMPLETE_v20 page 5_pages_51-75.md
002-035-069,,002,035,Cover & Pump Assembly - Windshield Washer,VMRS_HB_COMPLETE_v20 page 5_pages_51-75.md
002-029-039,,002,029,"Cover - Thigh Extension, Seat",VMRS_HB_COMPLETE_v20 page 5_pages_51-75.md
045-001-036,,045,001,"Cover & Seal - Access Hole, Front Cover",VMRS_HB_COMPLETE_v20 page 5_pages_51-75.md
041-006-002,,041,006,Cover - Throttle Body,VMRS_HB_COMPLETE_v20 page 5_pages_51-75.md
002-027-263,,002,027,Cover Assembly,VMRS_HB_COMPLETE_v20 page 5_pages_51-75.md
022-004-143,,022,004,Cover - Through-Drive,VMRS_HB_COMPLETE_v20 page 5_pages_51-75.md
028-002-001,,028,002,Cover Assembly - Auxiliary Transmission,VMRS_HB_COMPLETE_v20 page 5_pages_51-75.md
045-001-033,,045,001,Cover - Timing Belt,VMRS_HB_COMPLETE_v20 page 5_pages_51-75.md
027-002-006,,027,002,Cover Assembly - Converter Pump,VMRS_HB_COMPLETE_v20 page 5_pages_51-75.md
151-001-080,,151,001,"Cover - Timing, APU",VMRS_HB_COMPLETE_v20 page 5_pages_51-75.md
034-003-058,,034,003,Cover Assembly - Electrical Cable Receptacle,VMRS_HB_COMPLETE_v20 page 5_pages_51-75.md
014-010-009,,014,010,Cover - Toolbox Cushion,VMRS_HB_COMPLETE_v20 page 5_pages_51-75.md
003-003-002,,003,003,Cover Assembly - External Mounted,VMRS_HB_COMPLETE_v20 page 5_pages_51-75.md
002-001-028,,002,001,Cover - Top Tank Grille,VMRS_HB_COMPLETE_v20 page 5_pages_51-75.md
072-004-031,,072,004,Cover Assembly - Lock Assembly Bear,VMRS_HB_COMPLETE_v20 page 5_pages_51-75.md
151-001-210,,151,001,"Cover - Top, APU",VMRS_HB_COMPLETE_v20 page 5_pages_51-75.md
002-022-017,,002,022,Cover Assembly - Lock System,VMRS_HB_COMPLETE_v20 page 5_pages_51-75.md
016-002-085,,016,002,Cover - Torsion Bar,VMRS_HB_COMPLETE_v20 page 5_pages_51-75.md
026-009-000,,026,009,Cover Assembly - Manual Transmission,VMRS_HB_COMPLETE_v20 page 5_pages_51-75.md
111-001-013,,111,001,"Cover - Track, Inner, Left",VMRS_HB_COMPLETE_v20 page 5_pages_51-75.md
002-048-029,,002,048,Cover Assembly - Recess,VMRS_HB_COMPLETE_v20 page 5_pages_51-75.md
111-001-012,,111,001,"Cover - Track, Inner, Right",VMRS_HB_COMPLETE_v20 page 5_pages_51-75.md
019-001-009,,019,001,"Cover Assembly - Reservoir, Bottom",VMRS_HB_COMPLETE_v20 page 5_pages_51-75.md
111-001-015,,111,001,"Cover - Track, Outer, Left",VMRS_HB_COMPLETE_v20 page 5_pages_51-75.md
002-035-032,,002,035,"Cover Assembly - Reservoir, Windshield Washer",VMRS_HB_COMPLETE_v20 page 5_pages_51-75.md
111-001-014,,111,001,"Cover - Track, Outer, Right",VMRS_HB_COMPLETE_v20 page 5_pages_51-75.md
002-006-067,,002,006,Cover Assembly - Retractable Roof Panel,VMRS_HB_COMPLETE_v20 page 5_pages_51-75.md
174-032-058,,174,032,"Cover - Track, Wheelchair Tie-Down",VMRS_HB_COMPLETE_v20 page 5_pages_51-75.md
066-001-002,,066,001,Cover Assembly - Snow Plow,VMRS_HB_COMPLETE_v20 page 5_pages_51-75.md
013-010-407,,013,010,Cover - Tractor Protection Control Valve,VMRS_HB_COMPLETE_v20 page 5_pages_51-75.md
061-002-002,,061,002,Cover Assembly - Sweeper,VMRS_HB_COMPLETE_v20 page 5_pages_51-75.md
037-003-148,,037,003,Cover - Trailor Cablo,VMRS_HB_COMPLETE_v20 page 5_pages_51-75.md
045-001-003,,045,001,Cover Assembly - Timing Chain Of Gear,VMRS_HB_COMPLETE_v20 page 5_pages_51-75.md
034-003-148,,034,003,Cover - Transmission Case Rear,VMRS_HB_COMPLETE_v20 page 5_pages_51-75.md
020-001-091,,020,001,Countershaft,VMRS_HB_COMPLETE_v20 page 5_pages_51-75.md
026-001-072,,026,001,"Cover - Transmission Case, Top",VMRS_HB_COMPLETE_v20 page 5_pages_51-75.md
002-029-028,,002,029,Cover Kit - Armrest,VMRS_HB_COMPLETE_v20 page 5_pages_51-75.md
002-061-063,,002,061,Cover - Trim. Liftgate,VMRS_HB_COMPLETE_v20 page 5_pages_51-75.md
055-007-035,,055,007,Cover Mast,VMRS_HB_COMPLETE_v20 page 5_pages_51-75.md
002-011-117,,002,011,"Cover - Trim, Lock Cylinder, Console",VMRS_HB_COMPLETE_v20 page 5_pages_51-75.md
002-050-176,,002,050,Cover Pad - Compartment,VMRS_HB_COMPLETE_v20 page 5_pages_51-75.md
002-057-041,,002,057,"Cover - Trim, Status Indicator, Air Bag System",VMRS_HB_COMPLETE_v20 page 5_pages_51-75.md
002-008-009,,002,008,Cover Plate - Accessory Hole,VMRS_HB_COMPLETE_v20 page 5_pages_51-75.md
015-001-013,,015,001,"Cover - Trim, Steering Wheel",VMRS_HB_COMPLETE_v20 page 5_pages_51-75.md
002-011-076,,002,011,Cover Plate - Ash Tray,VMRS_HB_COMPLETE_v20 page 5_pages_51-75.md
002-016-045,,002,016,"Cover - Trim, Tailgate",VMRS_HB_COMPLETE_v20 page 5_pages_51-75.md
153-004-004,,153,004,"Cover Plate - Breaker Box, Stationary Generator",VMRS_HB_COMPLETE_v20 page 5_pages_51-75.md
015-003-091,,015,003,"Cover - Trunnion, Steering Gear",VMRS_HB_COMPLETE_v20 page 5_pages_51-75.md
002-011-045,,002,011,Cover Plate - Console,VMRS_HB_COMPLETE_v20 page 5_pages_51-75.md
267-015-006,,267,015,Cover - Turret,VMRS_HB_COMPLETE_v20 page 5_pages_51-75.md
002-027-161,,002,027,"Cover Plate - Console, Seat",VMRS_HB_COMPLETE_v20 page 5_pages_51-75.md
002-012-041,,002,012,Cover Plate - Floor Pan,VMRS_HB_COMPLETE_v20 page 5_pages_51-75.md
045-003-000,,045,003,Crankshaft,VMRS_HB_COMPLETE_v20 page 5_pages_51-75.md
026-011-174,,026,011,"Cover Plate - Floor, Shift Tower",VMRS_HB_COMPLETE_v20 page 5_pages_51-75.md
151-001-124,,151,001,Crankshaft - APU,VMRS_HB_COMPLETE_v20 page 5_pages_51-75.md
002-050-044,,002,050,Cover Plate - Floor Sleeper,VMRS_HB_COMPLETE_v20 page 5_pages_51-75.md
013-009-010,,013,009,Crankshaft - Compressor,VMRS_HB_COMPLETE_v20 page 5_pages_51-75.md
051-001-119,,051,001,Cover Plate - Lock Assembly,VMRS_HB_COMPLETE_v20 page 5_pages_51-75.md
082-002-013,,082,002,Crankshaft - Compressor Mechanical,VMRS_HB_COMPLETE_v20 page 5_pages_51-75.md
059-002-024,,059,002,Cover Plate - Pintle Hook,VMRS_HB_COMPLETE_v20 page 5_pages_51-75.md
002-002-010,,002,002,Refrigeration Unit,VMRS_HB_COMPLETE_v20 page 5_pages_51-75.md
002-002-050,,002,002,Cover Plate - Single Headlamp,VMRS_HB_COMPLETE_v20 page 5_pages_51-75.md
082-004-038,,082,004,Crankshaft - Compressor Open Type,VMRS_HB_COMPLETE_v20 page 5_pages_51-75.md
034-001-145,,034,001,Cover Plate - Single Headlamp,VMRS_HB_COMPLETE_v20 page 5_pages_51-75.md
045-005-000,,045,005,Crankshaft - Harmonic Balancer,VMRS_HB_COMPLETE_v20 page 5_pages_51-75.md
024-002-057,,024,002,Cover Plate - Single Fleadamp,VMRS_HB_COMPLETE_v20 page 5_pages_51-75.md
045-002-001,,045,002,,VMRS_HB_COMPLETE_v20 page 5_pages_51-75.md
054-002-007,,054,002,"Cover Plate - Stop Lamp, Center High Would",VMRS_HB_COMPLETE_v20 page 5_pages_51-75.md
045-003-001,,045,003,Crankshall Assembly - Engine,VMRS_HB_COMPLETE_v20 page 5_pages_51-75.md
000-050-716,,000,050,Cover Plate Assembly - Tachograph,VMRS_HB_COMPLETE_v20 page 5_pages_51-75.md
040-000-021,,040,000,,VMRS_HB_COMPLETE_v20 page 5_pages_51-75.md
002-050-710,,002,050,"Cover Ring - Relainer Collar, Dinelle Table",VMRS_HB_COMPLETE_v20 page 5_pages_51-75.md
053-999-147,,053,999,Crayon/Marker - Tire,VMRS_HB_COMPLETE_v20 page 5_pages_51-75.md
002-012-016,,002,012,Cover Strap - Engine Housing,VMRS_HB_COMPLETE_v20 page 5_pages_51-75.md
053-006-084,,053,006,Creeper,VMRS_HB_COMPLETE_v20 page 5_pages_51-75.md
294-001-004,,294,001,Cover w/Display - Fuel Meter,VMRS_HB_COMPLETE_v20 page 5_pages_51-75.md
053-006-247,,053,006,Crimp Machine,VMRS_HB_COMPLETE_v20 page 5_pages_51-75.md
174-002-011,,174,002,"Cover, Air Vent - Bus Entry Step",VMRS_HB_COMPLETE_v20 page 5_pages_51-75.md
053-006-254,,053,006,Crimper Cart,VMRS_HB_COMPLETE_v20 page 5_pages_51-75.md
174-022-010,,174,022,"Cover, Back - Bus Seat",VMRS_HB_COMPLETE_v20 page 5_pages_51-75.md
365-009-016,,365,009,Cross - Glass Tank,VMRS_HB_COMPLETE_v20 page 5_pages_51-75.md
174-022-011,,174,022,"Cover, Cushion - Bus Seat",VMRS_HB_COMPLETE_v20 page 5_pages_51-75.md
365-007-005,,365,007,Cross - Hot Water Pump,VMRS_HB_COMPLETE_v20 page 5_pages_51-75.md
002-029-006,,002,029,"Cover, Detachable - Front Seat",VMRS_HB_COMPLETE_v20 page 5_pages_51-75.md
013-010-310,,013,010,"Cross - Pipe, Brass",VMRS_HB_COMPLETE_v20 page 5_pages_51-75.md
002-029-010,,002,029,"Cover, Detachable - Rear Seat",VMRS_HB_COMPLETE_v20 page 5_pages_51-75.md
096-002-004,,096,002,Cross - Power Shaft,VMRS_HB_COMPLETE_v20 page 5_pages_51-75.md
063-005-013,,063,005,"Cover, Dome Lid - Upper Half",VMRS_HB_COMPLETE_v20 page 5_pages_51-75.md
096-002-012,,096,002,"Cross - Power Shaft, Accessory End, PTO",VMRS_HB_COMPLETE_v20 page 5_pages_51-75.md
052-013-010,,052,013,"Cover, Jack - Intercom",VMRS_HB_COMPLETE_v20 page 5_pages_51-75.md
078-017-027,,078,017,Cross Bar - Tarp Roller,VMRS_HB_COMPLETE_v20 page 5_pages_51-75.md
034-004-050,,034,004,"Cover, Junction Box",VMRS_HB_COMPLETE_v20 page 5_pages_51-75.md
072-001-008,,072,001,Cross Bar-Bumper,VMRS_HB_COMPLETE_v20 page 5_pages_51-75.md
052-013-009,,052,013,"Cover, Lamp - Intercom",VMRS_HB_COMPLETE_v20 page 5_pages_51-75.md
174-033-060,,174,033,Cross Beam - Potentiometer,VMRS_HB_COMPLETE_v20 page 5_pages_51-75.md
002-058-013,,002,058,"Cover, Left - Display Assembly",VMRS_HB_COMPLETE_v20 page 5_pages_51-75.md
002-050-250,,002,050,Cross Brace - Baggage Door Jamb,VMRS_HB_COMPLETE_v20 page 5_pages_51-75.md
002-058-023,,002,058,"Cover, Middle - Display Assembly",VMRS_HB_COMPLETE_v20 page 5_pages_51-75.md
004-001-029,,004,001,"Cross Brace - Roof Air Deflector, Rear",VMRS_HB_COMPLETE_v20 page 5_pages_51-75.md
002-058-024,,002,058,"Cover, Right - Display Assembly",VMRS_HB_COMPLETE_v20 page 5_pages_51-75.md
002-050-251,,002,050,Cross Brace - Vent Trim,VMRS_HB_COMPLETE_v20 page 5_pages_51-75.md
001-001-304,,001,001,Cover Service - Evaporator,VMRS_HB_COMPLETE_v20 page 5_pages_51-75.md
016-014-003,,016,014,Cross Channel - Side Bail,VMRS_HB_COMPLETE_v20 page 5_pages_51-75.md
055-028-007,,055,028,Cover Tripod - Jack GSE,VMRS_HB_COMPLETE_v20 page 5_pages_51-75.md
071-033-021,,071,033,Cross Drive - Walking Floor,VMRS_HB_COMPLETE_v20 page 5_pages_51-75.md
174-018-004,,174,018,Cover Unholstery - Bus Body Barrier,VMRS_HB_COMPLETE_v20 page 5_pages_51-75.md
071-033-023,,071,033,Cross Drive Shoe - Walking Floor,VMRS_HB_COMPLETE_v20 page 5_pages_51-75.md
002-013-001,,002,013,Covering - Cab Or Front Floor,VMRS_HB_COMPLETE_v20 page 5_pages_51-75.md
028-006-005,,028,006,Cross Member - Auxiliary Transmission,VMRS_HB_COMPLETE_v20 page 5_pages_51-75.md
002-048-132,,002,048,Covering - Door Protection,VMRS_HB_COMPLETE_v20 page 5_pages_51-75.md
020-000-000,,020,000,Cross Member - Belly Cargo Box,VMRS_HB_COMPLETE_v20 page 5_pages_51-75.md
269-001-020,,269,001,Covering Elear Anti Slip Drum Support,VMRS_HB_COMPLETE_v20 page 5_pages_51-75.md
076-001-001,,076,001,Cross Member - Beliter,VMRS_HB_COMPLETE_v20 page 5_pages_51-75.md
002-012-002,,002,012,"Covering - Floor, Anti-Silp, Druth Support",VMRS_HB_COMPLETE_v20 page 5_pages_51-75.md
014-001-011,,014,001,Cross Member - Cab Mount,VMRS_HB_COMPLETE_v20 page 5_pages_51-75.md
174-022-050,,174,022,Covering Ledge Distform,VMRS_HB_COMPLETE_v20 page 5_pages_51-75.md
174-033-030,,174,033,"Covering Ledge, Platform",VMRS_HB_COMPLETE_v20 page 5_pages_51-75.md
014-006-010,,014,006,Cross Member - Caple Support,VMRS_HB_COMPLETE_v20 page 5_pages_51-75.md
174-001-064,,174,001,"Covering, Floor - Interior Bus Body",VMRS_HB_COMPLETE_v20 page 5_pages_51-75.md
002-005-031,,002,005,Cross Member - Cowi,VMRS_HB_COMPLETE_v20 page 5_pages_51-75.md
055-016-002,,055,016,Covers - Mast,VMRS_HB_COMPLETE_v20 page 5_pages_51-75.md
055-012-065,,055,012,Cross Member - Eared,VMRS_HB_COMPLETE_v20 page 5_pages_51-75.md
078-017-003,,078,017,Covers (Fabric) - Tarp Roller,VMRS_HB_COMPLETE_v20 page 5_pages_51-75.md
014-001-020,,014,001,Cross Member - End Frame,VMRS_HB_COMPLETE_v20 page 5_pages_51-75.md
001-004-082,,001,004,"Cowl - Air, Heater And A/C, Sleeper",VMRS_HB_COMPLETE_v20 page 5_pages_51-75.md
014-001-004,,014,001,"Cross Member - Engine Support, Front",VMRS_HB_COMPLETE_v20 page 5_pages_51-75.md
092-002-053,,092,002,"Cowl - Drive End, Compressor",VMRS_HB_COMPLETE_v20 page 5_pages_51-75.md
077-009-006,,077,009,"Cross Member - Equalizer, Hanger",VMRS_HB_COMPLETE_v20 page 5_pages_51-75.md
092-002-054,,092,002,"Cowl - Non-Drive End, Compressor",VMRS_HB_COMPLETE_v20 page 5_pages_51-75.md
071-001-019,,071,001,Cross Member - Floor,VMRS_HB_COMPLETE_v20 page 5_pages_51-75.md
174-001-222,,174,001,"Cowl - Radiator, Bus Body",VMRS_HB_COMPLETE_v20 page 5_pages_51-75.md
002-012-081,,002,012,Cross Member - Floor Pan,VMRS_HB_COMPLETE_v20 page 5_pages_51-75.md
002-005-000,,002,005,Cowl Panels,VMRS_HB_COMPLETE_v20 page 5_pages_51-75.md
077-001-003,,077,001,"Cross Member - Floor, Body",VMRS_HB_COMPLETE_v20 page 5_pages_51-75.md
002-005-029,,002,005,"Cowling - Door, Side",VMRS_HB_COMPLETE_v20 page 5_pages_51-75.md
002-012-052,,002,012,"Cross Member - Floor, Left Rear",VMRS_HB_COMPLETE_v20 page 5_pages_51-75.md
154-001-000,,154,001,CPAP Machine - Continuous Positive Airway,VMRS_HB_COMPLETE_v20 page 5_pages_51-75.md
002-012-053,,002,012,"Cross Member - Floor, Right Rear",VMRS_HB_COMPLETE_v20 page 5_pages_51-75.md
014-001-007,,014,001,Cross Member - Frame Intermediate,VMRS_HB_COMPLETE_v20 page 5_pages_51-75.md
154-001-001,,154,001,CPAP Machine Assembly,VMRS_HB_COMPLETE_v20 page 5_pages_51-75.md
014-001-048,,014,001,"Cross Member - Front Closing, Frame Rail",VMRS_HB_COMPLETE_v20 page 5_pages_51-75.md
036-001-006,,036,001,CPU - Collision Avoidance System,VMRS_HB_COMPLETE_v20 page 5_pages_51-75.md
077-009-010,,077,009,Cross Member - Front Hanger,VMRS_HB_COMPLETE_v20 page 5_pages_51-75.md
063-003-004,,063,003,CPU - Transmitter,VMRS_HB_COMPLETE_v20 page 5_pages_51-75.md
014-001-003,,014,001,Cross Member - Front Suspension,VMRS_HB_COMPLETE_v20 page 5_pages_51-75.md
001-003-149,,001,003,CPU Combustion Section - Auxiliary Heater,VMRS_HB_COMPLETE_v20 page 5_pages_51-75.md
016-002-072,,016,002,"Cross Member - Front Suspension, Tandem",VMRS_HB_COMPLETE_v20 page 5_pages_51-75.md
151-003-043,,151,003,"Cradle - A/C Compressor, APU",VMRS_HB_COMPLETE_v20 page 5_pages_51-75.md
077-012-004,,077,012,"Cross Member - Front, Platform Chassis",VMRS_HB_COMPLETE_v20 page 5_pages_51-75.md
063-004-023,,063,004,Cradle - Android,VMRS_HB_COMPLETE_v20 page 5_pages_51-75.md
153-002-003,,153,002,"Cross Member - Front, Stationary Generator",VMRS_HB_COMPLETE_v20 page 5_pages_51-75.md
014-003-044,,014,003,Cradle - Engine,VMRS_HB_COMPLETE_v20 page 5_pages_51-75.md
077-004-004,,077,004,"Cross Member - Front, Trailer Frame",VMRS_HB_COMPLETE_v20 page 5_pages_51-75.md
063-006-023,,063,006,Cradle - Handheld Unit Load Tracking BEID,VMRS_HB_COMPLETE_v20 page 5_pages_51-75.md
002-008-130,,002,008,Cross Member - Instrument Panel,VMRS_HB_COMPLETE_v20 page 5_pages_51-75.md
063-003-005,,063,003,Cradle - Handset,VMRS_HB_COMPLETE_v20 page 5_pages_51-75.md
077-012-006,,077,012,Cross Member - Intermediate,VMRS_HB_COMPLETE_v20 page 5_pages_51-75.md
016-014-034,,016,014,Cradle - Pivot Liftable Rear Suspension,VMRS_HB_COMPLETE_v20 page 5_pages_51-75.md
077-012-007,,077,012,Cross Member - Outer,VMRS_HB_COMPLETE_v20 page 5_pages_51-75.md
065-030-006,,065,030,Cradle - Potator,VMRS_HB_COMPLETE_v20 page 5_pages_51-75.md
016-015-075,,016,015,Cradle Assembly Cab Air Suspension,VMRS_HB_COMPLETE_v20 page 5_pages_51-75.md
042-002-158,,042,002,Cross Momber - Padiator,VMRS_HB_COMPLETE_v20 page 5_pages_51-75.md
060-004-012,,060,004,Cradlesten Assembly,VMRS_HB_COMPLETE_v20 page 5_pages_51-75.md
000-004-013,,000,004,Craulestop - Assembly,VMRS_HB_COMPLETE_v20 page 5_pages_51-75.md
000-000-010,,000,000,Crank - Compressor,VMRS_HB_COMPLETE_v20 page 5_pages_51-75.md
014-001-000,,014,001,Cross Member - Real Suspension,VMRS_HB_COMPLETE_v20 page 5_pages_51-75.md
002-060-017,,002,060,Crank - Convertible Top,VMRS_HB_COMPLETE_v20 page 5_pages_51-75.md
077-012-005,,077,012,"Cross Member - Rear, Platform Chassis",VMRS_HB_COMPLETE_v20 page 5_pages_51-75.md
072-002-003,,072,002,"Cross Member - Rear, Rall, Body",VMRS_HB_COMPLETE_v20 page 5_pages_51-75.md
368-001-028,,368,001,Crank - Drum Support,VMRS_HB_COMPLETE_v20 page 5_pages_51-75.md
153-002-005,,153,002,"Cross Member - Rear, Stationary Generator",VMRS_HB_COMPLETE_v20 page 5_pages_51-75.md
057-001-014,,057,001,"Crank - Hand, Spare Tire Carrier",VMRS_HB_COMPLETE_v20 page 5_pages_51-75.md
014-001-094,,014,001,"Cross Member - Side Member, Frame",VMRS_HB_COMPLETE_v20 page 5_pages_51-75.md
016-018-020,,016,018,Crank - Slider,VMRS_HB_COMPLETE_v20 page 5_pages_51-75.md
014-001-005,,014,001,Cross Member - Transmission Or Engine,VMRS_HB_COMPLETE_v20 page 5_pages_51-75.md
078-017-001,,078,017,Crank - Tarpaulin Roller,VMRS_HB_COMPLETE_v20 page 5_pages_51-75.md
055-010-011,,055,010,Crank Arm - Control Valve Linkage,VMRS_HB_COMPLETE_v20 page 5_pages_51-75.md
014-001-052,,014,001,Cross Member - Underslung/Overslung,VMRS_HB_COMPLETE_v20 page 5_pages_51-75.md
072-004-019,,072,004,Crank Arm - Keeper Assembly,VMRS_HB_COMPLETE_v20 page 5_pages_51-75.md
055-001-004,,055,001,Cross Members,VMRS_HB_COMPLETE_v20 page 5_pages_51-75.md
002-035-012,,002,035,Crank Arm - Wiper Motor,VMRS_HB_COMPLETE_v20 page 5_pages_51-75.md
002-027-027,,002,027,"Cross Shaft with Attached Cam - Back Pivot,",VMRS_HB_COMPLETE_v20 page 5_pages_51-75.md
016-005-237,,016,005,"Crank Assembly - Torsion Bar, Rear Suspension",VMRS_HB_COMPLETE_v20 page 5_pages_51-75.md
094-006-015,,094,006,Crank Handle - Manual Reel Drive,VMRS_HB_COMPLETE_v20 page 5_pages_51-75.md
068-006-012,,068,006,Cross Tube - Fork Assembly,VMRS_HB_COMPLETE_v20 page 5_pages_51-75.md
069-001-001,,069,001,Crank Handle - Roller Extension,VMRS_HB_COMPLETE_v20 page 5_pages_51-75.md
015-003-067,,015,003,Cross-Shaft - Steering Column,VMRS_HB_COMPLETE_v20 page 5_pages_51-75.md
084-003-006,,084,003,Crankcase Pressure Regulating Valves,VMRS_HB_COMPLETE_v20 page 5_pages_51-75.md
002-012-012,,002,012,Cross-Sill - Front,VMRS_HB_COMPLETE_v20 page 5_pages_51-75.md
032-000-000,,032,000,Cranking System,VMRS_HB_COMPLETE_v20 page 5_pages_51-75.md
055-012-079,,055,012,Crossbar,VMRS_HB_COMPLETE_v20 page 5_pages_51-75.md
071-028-019,,071,028,Crossbar - A-Frame,VMRS_HB_COMPLETE_v20 page 5_pages_51-75.md
025-001-054,,025,001,"Cup - Bearing, Output Yoke, Transfer Case",VMRS_HB_COMPLETE_v20 page 5_pages_51-75.md
016-009-038,,016,009,Crossbar - Air Spring,VMRS_HB_COMPLETE_v20 page 5_pages_51-75.md
025-001-174,,025,001,"Cup - Bearing, Planetary Carrier, Transfer Case",VMRS_HB_COMPLETE_v20 page 5_pages_51-75.md
162-001-037,,162,001,Crossbar - Conveyor Assembly,VMRS_HB_COMPLETE_v20 page 5_pages_51-75.md
026-005-024,,026,005,"Cup - Bearing, Pocket, Main Drive Gear, Manual",VMRS_HB_COMPLETE_v20 page 5_pages_51-75.md
055-012-068,,055,012,Crossbar - Eared,VMRS_HB_COMPLETE_v20 page 5_pages_51-75.md
002-015-081,,002,015,Crossbar - Exhaust,VMRS_HB_COMPLETE_v20 page 5_pages_51-75.md
018-002-016,,018,002,"Cup - Bearing, Rear Drive Wheel",VMRS_HB_COMPLETE_v20 page 5_pages_51-75.md
002-004-145,,002,004,Crossbar - Hood,VMRS_HB_COMPLETE_v20 page 5_pages_51-75.md
025-001-172,,025,001,"Cup - Bearing, Rear Output Shaft, Transfer Case",VMRS_HB_COMPLETE_v20 page 5_pages_51-75.md
004-003-045,,004,003,"Crossbar - Roof Fairing, Front",VMRS_HB_COMPLETE_v20 page 5_pages_51-75.md
042-003-027,,042,003,"Cup - Bearing, Shaft Drive",VMRS_HB_COMPLETE_v20 page 5_pages_51-75.md
004-003-046,,004,003,"Crossbar - Roof Fairing, Rear",VMRS_HB_COMPLETE_v20 page 5_pages_51-75.md
022-003-083,,022,003,"Cup - Bearing, Side Carrier, Differential Carrier",VMRS_HB_COMPLETE_v20 page 5_pages_51-75.md
014-005-072,,014,005,"Crossbar - Shield, Battery Box",VMRS_HB_COMPLETE_v20 page 5_pages_51-75.md
015-003-074,,015,003,"Cup - Bearing, Steering Column",VMRS_HB_COMPLETE_v20 page 5_pages_51-75.md
002-050-651,,002,050,Crossbar - Storage Cabinet,VMRS_HB_COMPLETE_v20 page 5_pages_51-75.md
025-001-055,,025,001,"Cup - Bearing, Tapered Roller, Transfer Case",VMRS_HB_COMPLETE_v20 page 5_pages_51-75.md
016-009-052,,016,009,Crossbeam,VMRS_HB_COMPLETE_v20 page 5_pages_51-75.md
023-001-029,,023,001,Cup - Clutch Master Cylinder,VMRS_HB_COMPLETE_v20 page 5_pages_51-75.md
055-009-002,,055,009,Crosshead (Cap) - Lift Cylinder,VMRS_HB_COMPLETE_v20 page 5_pages_51-75.md
023-001-034,,023,001,Cup - Clutch Slave Cylinder,VMRS_HB_COMPLETE_v20 page 5_pages_51-75.md
045-008-131,,045,008,Crosshead Valve,VMRS_HB_COMPLETE_v20 page 5_pages_51-75.md
045-010-032,,045,010,Cup - Dipstick Guide,VMRS_HB_COMPLETE_v20 page 5_pages_51-75.md
174-025-002,,174,025,"Crossing Gate - Air, Complete Assembly",VMRS_HB_COMPLETE_v20 page 5_pages_51-75.md
044-004-040,,044,004,Cup - Fuel Injector (Mechanical),VMRS_HB_COMPLETE_v20 page 5_pages_51-75.md
051-006-001,,051,006,Crossing Gate - Electric,VMRS_HB_COMPLETE_v20 page 5_pages_51-75.md
054-001-023,,054,001,Cup - Horn Button,VMRS_HB_COMPLETE_v20 page 5_pages_51-75.md
174-025-001,,174,025,"Crossing Gate - Electric, Complete Assembly",VMRS_HB_COMPLETE_v20 page 5_pages_51-75.md
018-001-018,,018,001,"Cup - Inner Bearing, Front Steer Wheel",VMRS_HB_COMPLETE_v20 page 5_pages_51-75.md
041-002-021,,041,002,Crossover - Air Intake,VMRS_HB_COMPLETE_v20 page 5_pages_51-75.md
018-002-018,,018,002,"Cup - Inner Bearing, Rear Drive Wheel",VMRS_HB_COMPLETE_v20 page 5_pages_51-75.md
044-007-008,,044,007,Crosssnatt Assembly - Accelerator,VMRS_HB_COMPLETE_v20 page 5_pages_51-75.md
002-010-052,,002,010,Cup - Mounting,VMRS_HB_COMPLETE_v20 page 5_pages_51-75.md
014-001-015,,014,001,Crosstie - Cab,VMRS_HB_COMPLETE_v20 page 5_pages_51-75.md
018-001-020,,018,001,"Cup - Outer Bearing, Front Steer Wheel",VMRS_HB_COMPLETE_v20 page 5_pages_51-75.md
049-001-005,,049,001,"Crosstle - Power Split Drive Unit, Hydraulic",VMRS_HB_COMPLETE_v20 page 5_pages_51-75.md
018-002-020,,018,002,"Cup - Outer Bearing, Rear Drive Wheel",VMRS_HB_COMPLETE_v20 page 5_pages_51-75.md
002-042-000,,002,042,NypilaCrosswalk (Deckalate) - Frame,VMRS_HB_COMPLETE_v20 page 5_pages_51-75.md
013-000-003,,013,000,"Cup - Primary, Master Cylinder",VMRS_HB_COMPLETE_v20 page 5_pages_51-75.md
010-002-000,,010,002,"Cup - Protective, Planetary Hub, Rear Drive Axie",VMRS_HB_COMPLETE_v20 page 5_pages_51-75.md
002-001-014,,002,001,Crown & Grillo Assembly,VMRS_HB_COMPLETE_v20 page 5_pages_51-75.md
002-040-220,,002,040,"Cup - Full, Door Faller",VMRS_HB_COMPLETE_v20 page 5_pages_51-75.md
002-001-013,,002,001,Cruise Central Assembly,VMRS_HB_COMPLETE_v20 page 5_pages_51-75.md
013-002-084,,013,002,Cup - Dar Brake Cylinder,VMRS_HB_COMPLETE_v20 page 5_pages_51-75.md
044-011-070,,044,011,Cruise System Enhanced,VMRS_HB_COMPLETE_v20 page 5_pages_51-75.md
013-002-004,,013,002,Cup - Real Diake Cyllinder,VMRS_HB_COMPLETE_v20 page 5_pages_51-75.md
026-015-062,,026,015,Crush Ring - Drain Plug Automated,VMRS_HB_COMPLETE_v20 page 5_pages_51-75.md
022-004-100,,022,004,Cup - Real Side Geal Dealing,VMRS_HB_COMPLETE_v20 page 5_pages_51-75.md
020-013-002,,020,013,Transmission,VMRS_HB_COMPLETE_v20 page 5_pages_51-75.md
013-006-004,,013,006,Cup - Nisel to Cargo Hame,VMRS_HB_COMPLETE_v20 page 5_pages_51-75.md
045-021-112,,045,021,Crush Ring - Sensor Engine Oil Pressure,VMRS_HB_COMPLETE_v20 page 5_pages_51-75.md
369-001-000,,369,001,Crusher Assembly,VMRS_HB_COMPLETE_v20 page 5_pages_51-75.md
026-011-175,,026,011,"Cup - Spring, Shift Lever",VMRS_HB_COMPLETE_v20 page 5_pages_51-75.md
369-000-000,,369,000,Crushing,VMRS_HB_COMPLETE_v20 page 5_pages_51-75.md
461-001-029,,461,001,Cup - Suction Arrow Board,VMRS_HB_COMPLETE_v20 page 5_pages_51-75.md
142-001-000,,142,001,Cryogenic LNG Tank,VMRS_HB_COMPLETE_v20 page 5_pages_51-75.md
026-006-096,,026,006,"Cup - Synchronizer, 1st & 2nd",VMRS_HB_COMPLETE_v20 page 5_pages_51-75.md
051-004-004,,051,004,Crystal (Face Plate) - Tachograph,VMRS_HB_COMPLETE_v20 page 5_pages_51-75.md
026-006-097,,026,006,"Cup - Synchronizer, 3rd & 4th",VMRS_HB_COMPLETE_v20 page 5_pages_51-75.md
041-001-057,,041,001,Cup - Air Cleaner,VMRS_HB_COMPLETE_v20 page 5_pages_51-75.md
026-006-070,,026,006,"Cup - Synchronizer, 3rd Gear",VMRS_HB_COMPLETE_v20 page 5_pages_51-75.md
032-004-039,,032,004,Cup - Air Starter,VMRS_HB_COMPLETE_v20 page 5_pages_51-75.md
026-006-067,,026,006,"Cup - Synchronizer, 4th & 5th Speed",VMRS_HB_COMPLETE_v20 page 5_pages_51-75.md
015-009-013,,015,009,Cup - Bearing,VMRS_HB_COMPLETE_v20 page 5_pages_51-75.md
026-006-098,,026,006,"Cup - Synchronizer, 5th & 6th",VMRS_HB_COMPLETE_v20 page 5_pages_51-75.md
018-005-002,,018,005,Cup - Bearing - Position Not Specified,VMRS_HB_COMPLETE_v20 page 5_pages_51-75.md
055-012-080,,055,012,"Cup - Upside Down ""L""",VMRS_HB_COMPLETE_v20 page 5_pages_51-75.md
015-003-060,,015,003,"Cup - Bearing, Worm Gear, Steering Column",VMRS_HB_COMPLETE_v20 page 5_pages_51-75.md
013-014-077,,013,014,"Cup - Wheel Cylinder, Tag/Pusher Axle",VMRS_HB_COMPLETE_v20 page 5_pages_51-75.md
028-005-006,,028,005,"Cup - Bearing, Countershaft, Auxiliary",VMRS_HB_COMPLETE_v20 page 5_pages_51-75.md
016-007-015,,016,007,"Cup -Stabilizer, Rear Suspension",VMRS_HB_COMPLETE_v20 page 5_pages_51-75.md
002-027-304,,002,027,"Cup Holder - Armrest, Seat",VMRS_HB_COMPLETE_v20 page 5_pages_51-75.md
026-002-031,,026,002,"Cup - Bearing, Countershaft, Manual",VMRS_HB_COMPLETE_v20 page 5_pages_51-75.md
002-011-106,,002,011,Cup Holder - Console,VMRS_HB_COMPLETE_v20 page 5_pages_51-75.md
002-008-131,,002,008,Cup Holder - Instrument Panel,VMRS_HB_COMPLETE_v20 page 5_pages_51-75.md
022-003-084,,022,003,"Cup - Bearing, Differential Carrier",VMRS_HB_COMPLETE_v20 page 5_pages_51-75.md
002-015-177,,002,015,Cup Holder - Quarter Panel,VMRS_HB_COMPLETE_v20 page 5_pages_51-75.md
022-003-085,,022,003,"Cup - Bearing, Drive Pinion, Front, Differential",VMRS_HB_COMPLETE_v20 page 5_pages_51-75.md
026-006-068,,026,006,Cup W/Snap Ring - Main Shaft Rear Bearing,VMRS_HB_COMPLETE_v20 page 5_pages_51-75.md
013-001-077,,013,001,"Cup, Front - Wheel Cylinder, Front",VMRS_HB_COMPLETE_v20 page 5_pages_51-75.md
022-003-117,,022,003,"Cup - Bearing, Drive Pinion, Inner, Differential",VMRS_HB_COMPLETE_v20 page 5_pages_51-75.md
055-028-002,,055,028,"Cup, Retainer - Jack, GSE",VMRS_HB_COMPLETE_v20 page 5_pages_51-75.md
002-048-150,,002,048,Cup/Thermos Holder Assembly,VMRS_HB_COMPLETE_v20 page 5_pages_51-75.md
022-003-119,,022,003,"Cup - Bearing, Drive Pinion, Outer, Differential",VMRS_HB_COMPLETE_v20 page 5_pages_51-75.md
055-026-003,,055,026,Curb Ramp - Hand Truck,VMRS_HB_COMPLETE_v20 page 5_pages_51-75.md
055-023-014,,055,023,Curb Side Platform,VMRS_HB_COMPLETE_v20 page 5_pages_51-75.md
022-003-086,,022,003,"Cup - Bearing, Drive Pinion, Rear, Differential",VMRS_HB_COMPLETE_v20 page 5_pages_51-75.md
053-006-243,,053,006,Curing Wand - LED,VMRS_HB_COMPLETE_v20 page 5_pages_51-75.md
005-001-050,,005,001,Curp Bearing Driven Coor Transfer Coop,VMRS_HB_COMPLETE_v20 page 5_pages_51-75.md
002-049-097,,002,049,Curtein Limiter,VMRS_HB_COMPLETE_v20 page 5_pages_51-75.md
025-001-030,,025,001,"Cup - Dearing, Driven Gear, Transier Case",VMRS_HB_COMPLETE_v20 page 5_pages_51-75.md
002-040-007,,002,040,Curtain - Bunk,VMRS_HB_COMPLETE_v20 page 5_pages_51-75.md
030-001-037,,030,001,Cup Bearing Front Output Shaft Transfor,VMRS_HB_COMPLETE_v20 page 5_pages_51-75.md
002-000-092,,002,000,Curtain - Durik,VMRS_HB_COMPLETE_v20 page 5_pages_51-75.md
025-001-170,,025,001,Case,VMRS_HB_COMPLETE_v20 page 5_pages_51-75.md
002-050-202,,002,050,Curtain - Closet,VMRS_HB_COMPLETE_v20 page 5_pages_51-75.md
018-001-016,,018,001,Cup - Bearing Front Steer Wheel,VMRS_HB_COMPLETE_v20 page 5_pages_51-75.md
018-004-006,,018,004,"Cup - Bearing, Front oteer Wheel",VMRS_HB_COMPLETE_v20 page 5_pages_51-75.md
002-048-086,,002,048,Curtain - Privacy,VMRS_HB_COMPLETE_v20 page 5_pages_51-75.md
025-001-049,,025,001,"Cup - Bearing, Innut Idler, Transfer Case",VMRS_HB_COMPLETE_v20 page 5_pages_51-75.md
002-050-691,,002,050,Curtain - Privacy,VMRS_HB_COMPLETE_v20 page 5_pages_51-75.md
022-004-042,,022,004,"Cup - Bearing, Input Rial, Handler Divider",VMRS_HB_COMPLETE_v20 page 5_pages_51-75.md
071-026-018,,071,026,Curtain - Bear,VMRS_HB_COMPLETE_v20 page 5_pages_51-75.md
025-001-051,,025,001,"Cup - Bearing, Input Shaft Transfer Case",VMRS_HB_COMPLETE_v20 page 5_pages_51-75.md
071-026-019,,071,026,Curtain - Boof,VMRS_HB_COMPLETE_v20 page 5_pages_51-75.md
025-001-168,,025,001,"Cup - Bearing, Intermediate Shaft, Transfer Case",VMRS_HB_COMPLETE_v20 page 5_pages_51-75.md
071-026-020,,071,026,Curtain - Side,VMRS_HB_COMPLETE_v20 page 5_pages_51-75.md
028-003-004,,028,003,"Cup - Bearing, Main Drive Gear, Auxiliary",VMRS_HB_COMPLETE_v20 page 5_pages_51-75.md
002-032-014,,002,032,Curtain - Sleeping Compartment,VMRS_HB_COMPLETE_v20 page 5_pages_51-75.md
068-001-056,,068,001,Curtain - Splicer Platform,VMRS_HB_COMPLETE_v20 page 5_pages_51-75.md
026-005-015,,026,005,"Cup - Bearing, Main Drive Gear, Manual",VMRS_HB_COMPLETE_v20 page 5_pages_51-75.md
002-050-183,,002,050,Curtain - Walkthru,VMRS_HB_COMPLETE_v20 page 5_pages_51-75.md
002-050-203,,002,050,Curtain - Window,VMRS_HB_COMPLETE_v20 page 5_pages_51-75.md
053-016-003,,053,016,"Cup - Bearing, Non-Vehicle Usage",VMRS_HB_COMPLETE_v20 page 5_pages_51-75.md
002-058-028,,002,058,Curtain -Display Assembly,VMRS_HB_COMPLETE_v20 page 5_pages_51-75.md
018-004-008,,018,004,"Cup - Bearing, Outer",VMRS_HB_COMPLETE_v20 page 5_pages_51-75.md
002-050-186,,002,050,Curtain Mount Assembly,VMRS_HB_COMPLETE_v20 page 5_pages_51-75.md
025-001-052,,025,001,"Cup - Bearing, Output Idler, Transfer Case",VMRS_HB_COMPLETE_v20 page 5_pages_51-75.md
022-001-023,,022,001,"Cushion - Axle Stop, Rear",VMRS_HB_COMPLETE_v20 page 5_pages_51-75.md
022-004-028,,022,004,"Cup - Bearing, Output Shaft, Inner, Power",VMRS_HB_COMPLETE_v20 page 5_pages_51-75.md
002-027-169,,002,027,Cushion - Back,VMRS_HB_COMPLETE_v20 page 5_pages_51-75.md
002-029-051,,002,029,"Cushion - Back, Bucket Seat",VMRS_HB_COMPLETE_v20 page 5_pages_51-75.md
025-001-053,,025,001,"Cup - Bearing, Output Shaft, Transfer Case",VMRS_HB_COMPLETE_v20 page 5_pages_51-75.md
174-029-006,,174,029,"Cushion - Back, Bus Davenport",VMRS_HB_COMPLETE_v20 page 5_pages_51-75.md
002-029-019,,002,029,Cushion - Bench Back,VMRS_HB_COMPLETE_v20 page 5_pages_51-75.md
168-001-030,,168,001,"Cylinder - Boom Pivot, Mower",VMRS_HB_COMPLETE_v20 page 5_pages_51-75.md
002-029-020,,002,029,Cushion - Bench Seat,VMRS_HB_COMPLETE_v20 page 5_pages_51-75.md
168-006-007,,168,006,"Cylinder - Boom, Mower",VMRS_HB_COMPLETE_v20 page 5_pages_51-75.md
014-008-009,,014,008,"Cushion - Block, Hose Clamp",VMRS_HB_COMPLETE_v20 page 5_pages_51-75.md
067-001-012,,067,001,Cylinder - Bucket,VMRS_HB_COMPLETE_v20 page 5_pages_51-75.md
002-029-050,,002,029,"Cushion - Bottom, Bucket Seat",VMRS_HB_COMPLETE_v20 page 5_pages_51-75.md
367-003-011,,367,003,Cylinder - Charge Pump,VMRS_HB_COMPLETE_v20 page 5_pages_51-75.md
002-029-005,,002,029,"Cushion - Bucket Seat, Front",VMRS_HB_COMPLETE_v20 page 5_pages_51-75.md
026-015-090,,026,015,"Cylinder - Clutch Release, Automated",VMRS_HB_COMPLETE_v20 page 5_pages_51-75.md
014-004-004,,014,004,"Cushion - Cab, Front",VMRS_HB_COMPLETE_v20 page 5_pages_51-75.md
050-000-000,,050,000,Iransmission,VMRS_HB_COMPLETE_v20 page 5_pages_51-75.md
014-004-005,,014,004,"Cushion - Cab, Rear",VMRS_HB_COMPLETE_v20 page 5_pages_51-75.md
058-008-003,,058,008,Cylinder - Compressor,VMRS_HB_COMPLETE_v20 page 5_pages_51-75.md
015-007-041,,015,007,Cushion - Cylinder Mounting,VMRS_HB_COMPLETE_v20 page 5_pages_51-75.md
026-011-218,,026,011,Cylinder - Deen Beduction,VMRS_HB_COMPLETE_v20 page 5_pages_51-75.md
002-024-047,,002,024,Cushion - Door Glass,VMRS_HB_COMPLETE_v20 page 5_pages_51-75.md
001-001-378,,001,001,Cylinder - Door Air Actuated,VMRS_HB_COMPLETE_v20 page 5_pages_51-75.md
002-027-155,,002,027,Cushion - Folding Seat,VMRS_HB_COMPLETE_v20 page 5_pages_51-75.md
098-013-020,,098,013,"Cylinder - Emergency Valve, Bulk Product",VMRS_HB_COMPLETE_v20 page 5_pages_51-75.md
002-027-280,,002,027,Cushion - Headrest,VMRS_HB_COMPLETE_v20 page 5_pages_51-75.md
054-001-005,,054,001,Cushion - Horn Actuator,VMRS_HB_COMPLETE_v20 page 5_pages_51-75.md
002-015-115,,002,015,Cylinder - Engine Door,VMRS_HB_COMPLETE_v20 page 5_pages_51-75.md
016-005-166,,016,005,"Cushion - Load, Saddle, Rear Suspension",VMRS_HB_COMPLETE_v20 page 5_pages_51-75.md
044-008-003,,044,008,"Cylinder - Engine Shutdown, Air",VMRS_HB_COMPLETE_v20 page 5_pages_51-75.md
154-001-004,,154,001,"Cushion - Mask, CPAP",VMRS_HB_COMPLETE_v20 page 5_pages_51-75.md
003-004-056,,003,004,"Cylinder - Engine Shutdown, Air",VMRS_HB_COMPLETE_v20 page 5_pages_51-75.md
002-048-190,,002,048,Cushion - Mattress Extension,VMRS_HB_COMPLETE_v20 page 5_pages_51-75.md
043-005-003,,043,005,Cylinder - Exhaust Brake,VMRS_HB_COMPLETE_v20 page 5_pages_51-75.md
002-030-700,,002,030,Cushion - Seat,VMRS_HB_COMPLETE_v20 page 5_pages_51-75.md
068-003-017,,068,003,Cylinder - Extension Boom,VMRS_HB_COMPLETE_v20 page 5_pages_51-75.md
002-029-016,,002,029,Cushion - Seat Back Front Seat,VMRS_HB_COMPLETE_v20 page 5_pages_51-75.md
067-003-002,,067,003,"Cylinder - Extension, Bucket",VMRS_HB_COMPLETE_v20 page 5_pages_51-75.md
002-029-041,,002,029,"Cushion - Seat, Rear",VMRS_HB_COMPLETE_v20 page 5_pages_51-75.md
462-012-006,,462,012,"Cylinder - Extension, Material Handling Jib",VMRS_HB_COMPLETE_v20 page 5_pages_51-75.md
002-048-191,,002,048,"Cushion - Seat, Sleeper",VMRS_HB_COMPLETE_v20 page 5_pages_51-75.md
174-010-006,,174,010,Cylinder - Folding Entrance Door,VMRS_HB_COMPLETE_v20 page 5_pages_51-75.md
002-050-707,,002,050,"Cushion - Seat, Sleeper",VMRS_HB_COMPLETE_v20 page 5_pages_51-75.md
016-004-014,,016,004,Cylinder - Front Stabilizer,VMRS_HB_COMPLETE_v20 page 5_pages_51-75.md
059-001-097,,059,001,"Cushion - Tie Rod, Oscillating Fifth Wheel Base",VMRS_HB_COMPLETE_v20 page 5_pages_51-75.md
015-007-042,,015,007,Cylinder - Head & Socket,VMRS_HB_COMPLETE_v20 page 5_pages_51-75.md
002-027-253,,002,027,Cushion Assembly - Complete,VMRS_HB_COMPLETE_v20 page 5_pages_51-75.md
029-008-003,,029,008,Cylinder - Hole Gear,VMRS_HB_COMPLETE_v20 page 5_pages_51-75.md
002-029-024,,002,029,Cushion Assembly - Toolbox,VMRS_HB_COMPLETE_v20 page 5_pages_51-75.md
002-004-281,,002,004,Cylinder - Hood Restraint,VMRS_HB_COMPLETE_v20 page 5_pages_51-75.md
077-003-071,,077,003,"Cushion Foot - Removable, Landing Gear",VMRS_HB_COMPLETE_v20 page 5_pages_51-75.md
055-005-012,,055,005,Cylinder - Hydraulic Pump,VMRS_HB_COMPLETE_v20 page 5_pages_51-75.md
174-029-007,,174,029,"Cushion, Seal - Bus Davenpon",VMRS_HB_COMPLETE_v20 page 5_pages_51-75.md
002-004-000,,002,004,Cylinder - Hydraulic System,VMRS_HB_COMPLETE_v20 page 5_pages_51-75.md
002-020-051,,002,020,Cut-Off Valve - Door Pump,VMRS_HB_COMPLETE_v20 page 5_pages_51-75.md
002-060-019,,002,060,"Cylinder - Hydraulic, Convertible Top",VMRS_HB_COMPLETE_v20 page 5_pages_51-75.md
082-012-016,,082,012,Cut-Out - High Engine Temperature,VMRS_HB_COMPLETE_v20 page 5_pages_51-75.md
199-004-008,,199,004,"Cylinder - Hydraulic, Fines Screen",VMRS_HB_COMPLETE_v20 page 5_pages_51-75.md
077-012-019,,077,012,Cut-Out - Wheel,VMRS_HB_COMPLETE_v20 page 5_pages_51-75.md
112-006-006,,112,006,"Cylinder - Hydraulic, Horizontal",VMRS_HB_COMPLETE_v20 page 5_pages_51-75.md
092-002-005,,092,002,"Cutout - High Pressure, Compressor",VMRS_HB_COMPLETE_v20 page 5_pages_51-75.md
068-003-002,,068,003,"Cylinder - Hydraulic, Left",VMRS_HB_COMPLETE_v20 page 5_pages_51-75.md
082-002-014,,082,002,"Cutout - High Pressure, Compressor, Mechanical",VMRS_HB_COMPLETE_v20 page 5_pages_51-75.md
199-001-008,,199,001,"Cylinder - Hydraulic, OCC Screen",VMRS_HB_COMPLETE_v20 page 5_pages_51-75.md
199-003-008,,199,003,"Cylinder - Hydraulic, Polishing Screen",VMRS_HB_COMPLETE_v20 page 5_pages_51-75.md
082-004-005,,082,004,"Cutout - High Pressure, Compressor, Open Type",VMRS_HB_COMPLETE_v20 page 5_pages_51-75.md
055-005-002,,055,005,"Cylinder - Hydraulic, Retractable Roller",VMRS_HB_COMPLETE_v20 page 5_pages_51-75.md
082-012-011,,082,012,Cutout - Low OII PressureCutout - Low Drossure Compressor Bulk,VMRS_HB_COMPLETE_v20 page 5_pages_51-75.md
069-002-001,,069,002,"ConveyorCylinder, Hydraulia Dight",VMRS_HB_COMPLETE_v20 page 5_pages_51-75.md
112-006-005,,112,006,"Cylinder - Hydraulic, Night",VMRS_HB_COMPLETE_v20 page 5_pages_51-75.md
082-002-015,,082,002,"Cutout - Low Pressure, Compressor, Mechanical",VMRS_HB_COMPLETE_v20 page 5_pages_51-75.md
033-001-004,,033,001,Cylinder - Ignition Lock,VMRS_HB_COMPLETE_v20 page 5_pages_51-75.md
027-024-036,,027,024,Cylinder - Inching Valve,VMRS_HB_COMPLETE_v20 page 5_pages_51-75.md
082-004-006,,082,004,"Cutout - Low Pressure, Compressor, Open Type",VMRS_HB_COMPLETE_v20 page 5_pages_51-75.md
016-005-152,,016,005,"Cylinder - Instant Traction, Chain",VMRS_HB_COMPLETE_v20 page 5_pages_51-75.md
082-001-018,,082,001,Cutout Switch - High Temperature,VMRS_HB_COMPLETE_v20 page 5_pages_51-75.md
029-008-004,,029,008,Cylinder - Intermediate,VMRS_HB_COMPLETE_v20 page 5_pages_51-75.md
053-006-183,,053,006,Cutter - Bolt,VMRS_HB_COMPLETE_v20 page 5_pages_51-75.md
267-003-003,,267,003,Cylinder - Lift,VMRS_HB_COMPLETE_v20 page 5_pages_51-75.md
291-004-009,,291,004,"Cutter - Paper, Label, Flash Computer",VMRS_HB_COMPLETE_v20 page 5_pages_51-75.md
055-009-001,,055,009,Cylinder - Lift Assembly,VMRS_HB_COMPLETE_v20 page 5_pages_51-75.md
291-004-010,,291,004,"Cutter - Paper, Receipt, Flash Computer",VMRS_HB_COMPLETE_v20 page 5_pages_51-75.md
068-003-011,,068,003,"Cylinder - Lift, Boom",VMRS_HB_COMPLETE_v20 page 5_pages_51-75.md
053-004-070,,053,004,Cutter - Seat Belt,VMRS_HB_COMPLETE_v20 page 5_pages_51-75.md
462-010-002,,462,010,"Cylinder - Lift, Blatform Elevator",VMRS_HB_COMPLETE_v20 page 5_pages_51-75.md
168-001-053,,168,001,Cutter Blade - Mower,VMRS_HB_COMPLETE_v20 page 5_pages_51-75.md
002-061-047,,002,061,Cylinder - Lock Liftgate,VMRS_HB_COMPLETE_v20 page 5_pages_51-75.md
067-006-000,,067,006,Cutting Edge,VMRS_HB_COMPLETE_v20 page 5_pages_51-75.md
002-020-079,,002,020,"Cylinder - Lock, Sliding Door",VMRS_HB_COMPLETE_v20 page 5_pages_51-75.md
067-006-004,,067,006,Cutting Edge - Center,VMRS_HB_COMPLETE_v20 page 5_pages_51-75.md
068-003-024,,068,003,Cylinder - Lower Leveling,VMRS_HB_COMPLETE_v20 page 5_pages_51-75.md
067-006-001,,067,006,Cutting Edge - Complete,VMRS_HB_COMPLETE_v20 page 5_pages_51-75.md
199-002-008,,199,002,Cylinder - ONP Screen,VMRS_HB_COMPLETE_v20 page 5_pages_51-75.md
067-006-003,,067,006,Cutting Edge - Left,VMRS_HB_COMPLETE_v20 page 5_pages_51-75.md
112-002-001,,112,002,Cylinder - Outrigger,VMRS_HB_COMPLETE_v20 page 5_pages_51-75.md
067-006-002,,067,006,Cutting Edge - Right,VMRS_HB_COMPLETE_v20 page 5_pages_51-75.md
267-003-011,,267,003,Cylinder - Outrigger,VMRS_HB_COMPLETE_v20 page 5_pages_51-75.md
021-001-139,,021,001,CV Joint,VMRS_HB_COMPLETE_v20 page 5_pages_51-75.md
462-018-002,,462,018,Cylinder - Outrigger,VMRS_HB_COMPLETE_v20 page 5_pages_51-75.md
141-001-022,,141,001,"CVC Board - 90 Cell, Hydrogen Fuel Cell",VMRS_HB_COMPLETE_v20 page 5_pages_51-75.md
174-011-000,,174,011,Cylinder - Dutward Opening Entrance Door,VMRS_HB_COMPLETE_v20 page 5_pages_51-75.md
043-004-048,,043,004,Cylinder - Air,VMRS_HB_COMPLETE_v20 page 5_pages_51-75.md
056-003-026,,056,003,Cylinder - Piston Bore,VMRS_HB_COMPLETE_v20 page 5_pages_51-75.md
022-005-012,,022,005,Cylinder - Air Shift,VMRS_HB_COMPLETE_v20 page 5_pages_51-75.md
462-009-002,,462,009,Cylinder - Platform Botate,VMRS_HB_COMPLETE_v20 page 5_pages_51-75.md
053-001-043,,053,001,"Cylinder - Air, Automatic Traction Device",VMRS_HB_COMPLETE_v20 page 5_pages_51-75.md
022-003-106,,022,003,"Cylinder - Pneumatic, Rear Axle",VMRS_HB_COMPLETE_v20 page 5_pages_51-75.md
198-001-010,,198,001,"Cylinder - Air, Bottom",VMRS_HB_COMPLETE_v20 page 5_pages_51-75.md
055-010-212,,055,010,"Cylinder - Power Down, Liftgate",VMRS_HB_COMPLETE_v20 page 5_pages_51-75.md
174-001-199,,174,001,"Cylinder - Air, Door, Bus Body",VMRS_HB_COMPLETE_v20 page 5_pages_51-75.md
002-065-009,,002,065,"Cylinder - Pressure, Headlamp Washer",VMRS_HB_COMPLETE_v20 page 5_pages_51-75.md
059-001-044,,059,001,"Cylinder - Air, King Pin Locking (Spotting",VMRS_HB_COMPLETE_v20 page 5_pages_51-75.md
053-006-035,,053,006,"Cylinder - Pump, Jack",VMRS_HB_COMPLETE_v20 page 5_pages_51-75.md
013-010-157,,013,010,"Cylinder - Push-Pull, Air Lock",VMRS_HB_COMPLETE_v20 page 5_pages_51-75.md
016-014-024,,016,014,"Cylinder - Air, Linable Air Suspension",VMRS_HB_COMPLETE_v20 page 5_pages_51-75.md
042-001-013,,042,001,Cylinder - Radiator Shutter,VMRS_HB_COMPLETE_v20 page 5_pages_51-75.md
198-001-000,,198,001,"Cylinder - All, Show Dool, HoodCylinder - Air Ton",VMRS_HB_COMPLETE_v20 page 5_pages_51-75.md
055-000-043,,055,000,Cylinder - Ram Power Tailaata,VMRS_HB_COMPLETE_v20 page 5_pages_51-75.md
068-003-018,,068,003,Cylinder - Articulating Arm. Boom,VMRS_HB_COMPLETE_v20 page 5_pages_51-75.md
029-008-001,,029,008,Cylinder - Range,VMRS_HB_COMPLETE_v20 page 5_pages_51-75.md
015-005-098,,015,005,"Cylinder - Assist, Power Steering",VMRS_HB_COMPLETE_v20 page 5_pages_51-75.md
026-011-046,,026,011,"Cylinder - Range, Air",VMRS_HB_COMPLETE_v20 page 5_pages_51-75.md
267-003-010,,267,003,Cylinder - Auger Release,VMRS_HB_COMPLETE_v20 page 5_pages_51-75.md
174-013-006,,174,013,Cylinder - Rear Emergency Door,VMRS_HB_COMPLETE_v20 page 5_pages_51-75.md
045-013-028,,045,013,Cylinder - Automatic Oil Change,VMRS_HB_COMPLETE_v20 page 5_pages_51-75.md
168-001-014,,168,001,"Cylinder - Shield, Mower",VMRS_HB_COMPLETE_v20 page 5_pages_51-75.md
267-003-001,,267,003,Cylinder - Boom,VMRS_HB_COMPLETE_v20 page 5_pages_51-75.md
463-001-007,,463,001,"Cylinder - Shift, Digger Derrick",VMRS_HB_COMPLETE_v20 page 5_pages_51-75.md
027-003-022,,027,003,"Cylinder - Shifter, Transmission Retarder",VMRS_HB_COMPLETE_v20 page 5_pages_51-75.md
174-012-006,,174,012,Cylinder - Side Emergency Door,VMRS_HB_COMPLETE_v20 page 5_pages_51-75.md
016-018-021,,016,018,Cylinder - Slider,VMRS_HB_COMPLETE_v20 page 5_pages_51-75.md
029-008-002,,029,008,Cylinder - Splitter,VMRS_HB_COMPLETE_v20 page 5_pages_51-75.md
026-011-047,,026,011,"Cylinder - Splitter, Air",VMRS_HB_COMPLETE_v20 page 5_pages_51-75.md
170-005-003,,170,005,Cylinder - Steer,VMRS_HB_COMPLETE_v20 page 5_pages_51-75.md
172-001-018,,172,001,"Cylinder - Tailgate Lock, Container Body",VMRS_HB_COMPLETE_v20 page 5_pages_51-75.md
044-007-021,,044,007,"Cylinder - Infottie Control, Pheumatic",VMRS_HB_COMPLETE_v20 page 5_pages_51-75.md
055-010-203,,055,010,"Cylinder - Tilt, Bucket",VMRS_HB_COMPLETE_v20 page 5_pages_51-75.md
055-009-037,,055,009,Cylinder - Tilt Lift Truck Carriage,VMRS_HB_COMPLETE_v20 page 5_pages_51-75.md
462-012-005,,462,012,"Cylinder - Tilt, Material Handling Jib",VMRS_HB_COMPLETE_v20 page 5_pages_51-75.md
267-003-015,,267,003,"Cylinder - Tilt, Pole Guide",VMRS_HB_COMPLETE_v20 page 5_pages_51-75.md
002-027-138,,002,027,"Cylinder - Tilt, Seat",VMRS_HB_COMPLETE_v20 page 5_pages_51-75.md
267-003-016,,267,003,"Cylinder - Tong, Pole Guide",VMRS_HB_COMPLETE_v20 page 5_pages_51-75.md
168-001-023,,168,001,"Cylinder - Tree Assembly, Mower",VMRS_HB_COMPLETE_v20 page 5_pages_51-75.md
068-003-014,,068,003,Cylinder - Turntable,VMRS_HB_COMPLETE_v20 page 5_pages_51-75.md
082-002-073,,082,002,Cylinder - Unloader Head,VMRS_HB_COMPLETE_v20 page 5_pages_51-75.md
068-003-025,,068,003,Cylinder - Upper Leveling,VMRS_HB_COMPLETE_v20 page 5_pages_51-75.md
041-001-087,,041,001,"Cylinder - Valve, Blend Air Door",VMRS_HB_COMPLETE_v20 page 5_pages_51-75.md
071-033-024,,071,033,Cylinder - Walking Floor,VMRS_HB_COMPLETE_v20 page 5_pages_51-75.md
174-022-024,,174,022,Cylinder - Wheelchair Damp Mochanism,VMRS_HB_COMPLETE_v20 page 5_pages_51-75.md
059-001-002,,059,001,Cylinder (Air) - Fifth Wheel,VMRS_HB_COMPLETE_v20 page 5_pages_51-75.md
071-006-008,,071,006,Cylinder & Rings,VMRS_HB_COMPLETE_v20 page 5_pages_51-75.md
055-010-146,,055,010,Cylinder Air Bleed Plug,VMRS_HB_COMPLETE_v20 page 5_pages_51-75.md
033-001-030,,033,001,Cylinder and Keys - Ignition,VMRS_HB_COMPLETE_v20 page 5_pages_51-75.md
002-061-005,,002,061,Cylinder and Keys - Liftgate,VMRS_HB_COMPLETE_v20 page 5_pages_51-75.md
462-001-004,,462,001,"Cylinder Arm - Lower, Unit Elevator",VMRS_HB_COMPLETE_v20 page 5_pages_51-75.md
462-001-007,,462,001,"Cylinder Arm - Upper, Unit Elevator",VMRS_HB_COMPLETE_v20 page 5_pages_51-75.md
002-018-093,,002,018,Cylinder Assembly - Air Door Lock,VMRS_HB_COMPLETE_v20 page 5_pages_51-75.md
002-036-046,,002,036,Cylinder Assembly - Cab Latch,VMRS_HB_COMPLETE_v20 page 5_pages_51-75.md
061-002-015,,061,002,Cylinder Assembly - Compactor,VMRS_HB_COMPLETE_v20 page 5_pages_51-75.md
001-001-003,,001,001,Cylinder Assembly - Compressor,VMRS_HB_COMPLETE_v20 page 5_pages_51-75.md
065-020-006,,065,020,Cylinder Assembly - Hydraulic,VMRS_HB_COMPLETE_v20 page 5_pages_51-75.md
015-014-004,,015,014,Cylinder Assembly - Hydraulic Steering,VMRS_HB_COMPLETE_v20 page 5_pages_51-75.md
059-033-000,,059,033,Cylinder Assembly - Hydraulic System,VMRS_HB_COMPLETE_v20 page 5_pages_51-75.md
059-033-038,,059,033,Cylinder Assembly - Hydraulic System,VMRS_HB_COMPLETE_v20 page 5_pages_51-75.md
055-010-004,,055,010,"Cylinder Assembly - Hydraulic, Lift System",VMRS_HB_COMPLETE_v20 page 5_pages_51-75.md
033-001-031,,033,001,Cylinder Assembly - Ignition Lock,VMRS_HB_COMPLETE_v20 page 5_pages_51-75.md
065-004-001,,065,004,Cylinder Assembly - Multi-Function Hydraulic,VMRS_HB_COMPLETE_v20 page 5_pages_51-75.md
013-008-001,,013,008,Cylinder Assembly - Vacuum Power,VMRS_HB_COMPLETE_v20 page 5_pages_51-75.md
013-004-009,,013,004,Cylinder Assembly (W/O Service Chamber),VMRS_HB_COMPLETE_v20 page 5_pages_51-75.md
013-001-020,,013,001,Cylinder Assembly Or Chamber - Front Brake,VMRS_HB_COMPLETE_v20 page 5_pages_51-75.md
013-002-019,,013,002,Cylinder Assembly Or Chamber - Rear Brake,VMRS_HB_COMPLETE_v20 page 5_pages_51-75.md
013-014-020,,013,014,Avia Brakas,VMRS_HB_COMPLETE_v20 page 5_pages_51-75.md
092-002-020,,092,002,Cylinder Block - Compressor Open Type Bulk,VMRS_HB_COMPLETE_v20 page 5_pages_51-75.md
002-002-020,,002,002,Product Transfer,VMRS_HB_COMPLETE_v20 page 5_pages_51-75.md
151-001-165,,151,001,Cvlinder Block - APU,VMRS_HB_COMPLETE_v20 page 5_pages_51-75.md
082-004-020,,082,004,"Cylinder Block - Compressor, Open Type",VMRS_HB_COMPLETE_v20 page 5_pages_51-75.md
065-030-007,,065,030,Cylinder Block - Pump,VMRS_HB_COMPLETE_v20 page 5_pages_51-75.md
045-002-000,,045,002,Cylinder Block & Crankcase,VMRS_HB_COMPLETE_v20 page 5_pages_51-75.md
002-015-113,,002,015,Cylinder Bracket - Engine Door,VMRS_HB_COMPLETE_v20 page 5_pages_51-75.md
055-010-142,,055,010,Cylinder Cap Wiper,VMRS_HB_COMPLETE_v20 page 5_pages_51-75.md
055-010-139,,055,010,Cylinder End Mount,VMRS_HB_COMPLETE_v20 page 5_pages_51-75.md
045-007-000,,045,007,Cylinder Head,VMRS_HB_COMPLETE_v20 page 5_pages_51-75.md
016-022-012,,016,022,"Cylinder Head - Air Compressor, Active",VMRS_HB_COMPLETE_v20 page 5_pages_51-75.md
151-001-151,,151,001,SuspensionCylinder Head - ADLI,VMRS_HB_COMPLETE_v20 page 5_pages_51-75.md
013-001-101,,013,001,Cylinder Head - Compressor,VMRS_HB_COMPLETE_v20 page 5_pages_51-75.md
082-041-052,,082,041,Cylinder Head Assembly - Engine Reefer,VMRS_HB_COMPLETE_v20 page 5_pages_51-75.md
059-033-033,,059,033,Cylinder Lock Valve Assembly - Pilot Operated,VMRS_HB_COMPLETE_v20 page 5_pages_51-75.md
055-010-138,,055,010,Cylinder Mount End Cap,VMRS_HB_COMPLETE_v20 page 5_pages_51-75.md
022-005-014,,022,005,Cylinder Or Chamber - Shift,VMRS_HB_COMPLETE_v20 page 5_pages_51-75.md
045-006-024,,045,006,Cylinder Pack - Cylinder Rebuild Kit,VMRS_HB_COMPLETE_v20 page 5_pages_51-75.md
068-006-022,,068,006,"Cylinder Pin - Fork, Lift Truck",VMRS_HB_COMPLETE_v20 page 5_pages_51-75.md
068-004-031,,068,004,"Cylinder Pin - Fork, Unloader",VMRS_HB_COMPLETE_v20 page 5_pages_51-75.md
068-004-015,,068,004,Cylinder Pin - Frame,VMRS_HB_COMPLETE_v20 page 5_pages_51-75.md
055-010-143,,055,010,Cylinder Piston,VMRS_HB_COMPLETE_v20 page 5_pages_51-75.md
055-010-144,,055,010,Cylinder Piston Ring,VMRS_HB_COMPLETE_v20 page 5_pages_51-75.md
055-010-140,,055,010,Cylinder Rod Cap,VMRS_HB_COMPLETE_v20 page 5_pages_51-75.md
055-010-032,,055,010,Cylinder Rod Guide,VMRS_HB_COMPLETE_v20 page 5_pages_51-75.md
059-033-019,,059,033,Cylinder Tube - Rod Type,VMRS_HB_COMPLETE_v20 page 5_pages_51-75.md
059-033-002,,059,033,"Cylinder Tube - Telescopic Type, Main",VMRS_HB_COMPLETE_v20 page 5_pages_51-75.md
059-033-020,,059,033,"Cylinder Tube - Telescopic Type, Stage",VMRS_HB_COMPLETE_v20 page 5_pages_51-75.md
055-004-008,,055,004,Cylinder Tube Assembly,VMRS_HB_COMPLETE_v20 page 5_pages_51-75.md
002-019-016,,002,019,"Cylinder, Closure - Compartment Door",VMRS_HB_COMPLETE_v20 page 5_pages_51-75.md
002-018-139,,002,018,"Cylinder, Door - Front Or Entrance",VMRS_HB_COMPLETE_v20 page 5_pages_51-75.md
002-020-072,,002,020,"Cylinder, Door - Side",VMRS_HB_COMPLETE_v20 page 5_pages_51-75.md
173-001-012,,173,001,"Cylinder, Gas - Seat Delt, SFACE Assembly",VMRS_HB_COMPLETE_v20 page 5_pages_51-75.md
369-004-001,,369,004,Cylinders - Crusher,VMRS_HB_COMPLETE_v20 page 5_pages_51-75.md
071-023-004,,071,023,D-Ring - Mounting,VMRS_HB_COMPLETE_v20 page 5_pages_51-75.md
055-012-014,,055,012,D-Ring - Tie-Down,VMRS_HB_COMPLETE_v20 page 5_pages_51-75.md
291-000-000,,291,000,Dairy Pumping Unit,VMRS_HB_COMPLETE_v20 page 5_pages_51-75.md
016-008-099,,016,008,"Dampener - Air Bag, Air Ride Suspension",VMRS_HB_COMPLETE_v20 page 5_pages_51-75.md
013-002-126,,013,002,"Dampener - Bracket, Camshaft",VMRS_HB_COMPLETE_v20 page 5_pages_51-75.md
023-002-041,,023,002,Dampener - Clutch,VMRS_HB_COMPLETE_v20 page 5_pages_51-75.md
034-001-147,,034,001,Dampener - Headlamp,VMRS_HB_COMPLETE_v20 page 5_pages_51-75.md
034-004-066,,034,004,Dampener - Headlamp,VMRS_HB_COMPLETE_v20 page 5_pages_51-75.md
095-002-000,,095,002,Dampener - Pulsation,VMRS_HB_COMPLETE_v20 page 5_pages_51-75.md
016-014-025,,016,014,"Dampener - Steering, Liftable Air Suspension",VMRS_HB_COMPLETE_v20 page 5_pages_51-75.md
056-003-033,,056,003,Dampener - Vibration,VMRS_HB_COMPLETE_v20 page 5_pages_51-75.md
011-001-067,,011,001,Damper - Axle Beam,VMRS_HB_COMPLETE_v20 page 5_pages_51-75.md
024-002-036,,024,002,Damper - Drive Snatt,VMRS_HB_COMPLETE_v20 page 5_pages_51-75.md
002-004-190,,002,004,Damper - Linkage Windshield Winer,VMRS_HB_COMPLETE_v20 page 5_pages_51-75.md
002-046-082,,002,046,Damper - Multiple Lock,VMRS_HB_COMPLETE_v20 page 5_pages_51-75.md
013-003-068,,013,003,"Damper - Pedal, Parking Brake",VMRS_HB_COMPLETE_v20 page 5_pages_51-75.md
044-003-277,,044,003,Damper - Pressure,VMRS_HB_COMPLETE_v20 page 5_pages_51-75.md
012-001-020,,012,001,Damper - Rear Axle,VMRS_HB_COMPLETE_v20 page 5_pages_51-75.md
021-001-134,,021,001,"Damper - Shaft, CV Axle",VMRS_HB_COMPLETE_v20 page 5_pages_51-75.md
016-002-098,,016,002,Damper - Spring,VMRS_HB_COMPLETE_v20 page 5_pages_51-75.md
015-001-020,,015,001,Damper - Steering Wheel,VMRS_HB_COMPLETE_v20 page 5_pages_51-75.md
042-003-141,,042,003,"Damper - Tensioner, Drive Belt",VMRS_HB_COMPLETE_v20 page 5_pages_51-75.md
015-004-022,,015,004,Damper - Tie Hou (Hyuraulic Stabilizer),VMRS_HB_COMPLETE_v20 page 5_pages_51-75.md
056-003-011,,056,003,Damper - Vibration,VMRS_HB_COMPLETE_v20 page 5_pages_51-75.md
031-001-090,,031,001,"Damper - Vibration, Alternator",VMRS_HB_COMPLETE_v20 page 5_pages_51-75.md
042-002-111,,042,002,"Damper - Vibration, Radiator",VMRS_HB_COMPLETE_v20 page 5_pages_51-75.md
045-005-013,,045,005,Damper - Viscous Vibration,VMRS_HB_COMPLETE_v20 page 5_pages_51-75.md
027-002-035,,027,002,Damper Assembly - Converter,VMRS_HB_COMPLETE_v20 page 5_pages_51-75.md
082-001-021,,082,001,Damper Blade,VMRS_HB_COMPLETE_v20 page 5_pages_51-75.md
016-015-076,,016,015,Damper Snubber - Cab Air Suspension,VMRS_HB_COMPLETE_v20 page 5_pages_51-75.md
013-014-025,,013,014,"Damper Spring - Brake Drum, Tag/Pusher Axle",VMRS_HB_COMPLETE_v20 page 5_pages_51-75.md
012-001-025,,012,001,Brakes,VMRS_HB_COMPLETE_v20 page 5_pages_51-75.md
013-001-025,,013,001,Dash Assombly,VMRS_HB_COMPLETE_v20 page 5_pages_51-75.md
002-008-093,,002,008,Dash Display,VMRS_HB_COMPLETE_v20 page 5_pages_51-75.md
015-011-007,,015,011,Dash Panel - Removable (Vario Pilot),VMRS_HB_COMPLETE_v20 page 5_pages_51-75.md
042-013-005,,042,013,"Dashboard Switch - Coolant Pre-Heater, Liquid",VMRS_HB_COMPLETE_v20 page 5_pages_51-75.md
044-007-042,,044,007,"Dashpot Damper - Vacuum, Throttle Control",VMRS_HB_COMPLETE_v20 page 5_pages_51-75.md
034-004-447,,034,004,Data Bus,VMRS_HB_COMPLETE_v20 page 5_pages_51-75.md
051-012-000,,051,012,Data Logger,VMRS_HB_COMPLETE_v20 page 5_pages_51-75.md
082-006-054,,082,006,Data Logger - Reefer,VMRS_HB_COMPLETE_v20 page 5_pages_51-75.md
053-005-015,,053,005,Data Plate - Information,VMRS_HB_COMPLETE_v20 page 5_pages_51-75.md
174-029-001,,174,029,"Davenport - Bus, Complete Assembly",VMRS_HB_COMPLETE_v20 page 5_pages_51-75.md
002-014-001,,002,014,Deadeners Or Insulation - Body,VMRS_HB_COMPLETE_v20 page 5_pages_51-75.md
030-003-030,,030,003,Depris Cover - Output Shart,VMRS_HB_COMPLETE_v20 page 5_pages_51-75.md
032-006-052,,032,006,Decal - Air Start System,VMRS_HB_COMPLETE_v20 page 5_pages_51-75.md
002-033-012,,002,033,Decal - All,VMRS_HB_COMPLETE_v20 page 5_pages_51-75.md
036-006-009,,036,006,Decal - Asset Tracking,VMRS_HB_COMPLETE_v20 page 5_pages_51-75.md
071-028-015,,071,028,"Decal - Caution Level Vehicle Before Loading,",VMRS_HB_COMPLETE_v20 page 5_pages_51-75.md
071-028-016,,071,028,Decal - Caution Secure Glass Before,VMRS_HB_COMPLETE_v20 page 5_pages_51-75.md
082-001-019,,082,001,Defrost Termination Switch,VMRS_HB_COMPLETE_v20 page 5_pages_51-75.md
055-001-055,,055,001,Decal - Caution Use Handle,VMRS_HB_COMPLETE_v20 page 5_pages_51-75.md
082-011-000,,082,011,Defrosting Assembly - Heating,VMRS_HB_COMPLETE_v20 page 5_pages_51-75.md
163-005-001,,163,005,"Decal - Control Panel, Brush Chipper",VMRS_HB_COMPLETE_v20 page 5_pages_51-75.md
053-999-056,,053,999,Degreaser - Engine,VMRS_HB_COMPLETE_v20 page 5_pages_51-75.md
044-011-043,,044,011,Decal - Cruise Control,VMRS_HB_COMPLETE_v20 page 5_pages_51-75.md
082-045-000,,082,045,Dehumidifier,VMRS_HB_COMPLETE_v20 page 5_pages_51-75.md
055-001-058,,055,001,Decal - Danger Liftgate Can Crush,VMRS_HB_COMPLETE_v20 page 5_pages_51-75.md
082-045-001,,082,045,Dehumidifier Assembly,VMRS_HB_COMPLETE_v20 page 5_pages_51-75.md
003-004-032,,003,004,Decal - Dashboard,VMRS_HB_COMPLETE_v20 page 5_pages_51-75.md
082-005-018,,082,005,Dehydrator,VMRS_HB_COMPLETE_v20 page 5_pages_51-75.md
002-018-157,,002,018,Decal - Door Lock,VMRS_HB_COMPLETE_v20 page 5_pages_51-75.md
151-003-022,,151,003,Dehydrator - APU,VMRS_HB_COMPLETE_v20 page 5_pages_51-75.md
032-006-003,,032,006,Decal - Emergency Start,VMRS_HB_COMPLETE_v20 page 5_pages_51-75.md
151-003-023,,151,003,Dehydrator/wSwitch - APU,VMRS_HB_COMPLETE_v20 page 5_pages_51-75.md
044-003-208,,044,003,Decal - Fast Idle,VMRS_HB_COMPLETE_v20 page 5_pages_51-75.md
053-999-106,,053,999,Deicer,VMRS_HB_COMPLETE_v20 page 5_pages_51-75.md
174-032-049,,174,032,"Decal - Fluid, Wheelchair Ramp Mechanism",VMRS_HB_COMPLETE_v20 page 5_pages_51-75.md
363-000-000,,363,000,Deicing,VMRS_HB_COMPLETE_v20 page 5_pages_51-75.md
043-002-028,,043,002,"Decal - Gauge, Pyrometer",VMRS_HB_COMPLETE_v20 page 5_pages_51-75.md
363-001-000,,363,001,Deicing Assembly,VMRS_HB_COMPLETE_v20 page 5_pages_51-75.md
003-001-187,,003,001,"Decal - Gauge, Transmission Oil Temperature",VMRS_HB_COMPLETE_v20 page 5_pages_51-75.md
363-001-001,,363,001,Deicing Assembly - Complete,VMRS_HB_COMPLETE_v20 page 5_pages_51-75.md
014-005-035,,014,005,"Decal - Jumper Starting, Battery",VMRS_HB_COMPLETE_v20 page 5_pages_51-75.md
013-009-008,,013,009,Delivery Valve - Compressor,VMRS_HB_COMPLETE_v20 page 5_pages_51-75.md
053-005-028,,053,005,Decal - QR Code,VMRS_HB_COMPLETE_v20 page 5_pages_51-75.md
044-003-024,,044,003,Delivery valve - Injection Pump,VMRS_HB_COMPLETE_v20 page 5_pages_51-75.md
013-010-513,,013,010,"Decal - Release valve, Spring Brake, Dash,Dewar Unit",VMRS_HB_COMPLETE_v20 page 5_pages_51-75.md
055-023-008,,055,023,"Deployment System, Carriage - Electric",VMRS_HB_COMPLETE_v20 page 5_pages_51-75.md
055-001-061,,055,001,Power OfficeDecol. Sofety Turn Laten,VMRS_HB_COMPLETE_v20 page 5_pages_51-75.md
052-023-009,,052,023,"Deployment System, Camage - Manual",VMRS_HB_COMPLETE_v20 page 5_pages_51-75.md
174-023-027,,174,023,"Decal - School Bus, Lettering/Warning",VMRS_HB_COMPLETE_v20 page 5_pages_51-75.md
026-011-189,,026,011,Decal - Shift Pattern,VMRS_HB_COMPLETE_v20 page 5_pages_51-75.md
013-010-129,,013,010,"Desiccant Dag - Ale Necelver,",VMRS_HB_COMPLETE_v20 page 5_pages_51-75.md
162-001-011,,162,001,Decal - Spreader Assembly,VMRS_HB_COMPLETE_v20 page 5_pages_51-75.md
291-003-002,,291,003,Detector - Bubble Air Eliminator Vessel,VMRS_HB_COMPLETE_v20 page 5_pages_51-75.md
032-004-053,,032,004,Decal - Starter Motor,VMRS_HB_COMPLETE_v20 page 5_pages_51-75.md
002-002-082,,002,002,Detector - Curb,VMRS_HB_COMPLETE_v20 page 5_pages_51-75.md
034-007-002,,034,007,Decal - Stop Request,VMRS_HB_COMPLETE_v20 page 5_pages_51-75.md
291-003-003,,291,003,Detector - Liquid Air Eliminator Vessel,VMRS_HB_COMPLETE_v20 page 5_pages_51-75.md
174-038-002,,174,038,Decal - Stop Request,VMRS_HB_COMPLETE_v20 page 5_pages_51-75.md
079-004-004,,079,004,Detector - Methane,VMRS_HB_COMPLETE_v20 page 5_pages_51-75.md
002-009-014,,002,009,Decal - Sun Visor. Exterior,VMRS_HB_COMPLETE_v20 page 5_pages_51-75.md
072-004-020,,072,004,Detent - Arm,VMRS_HB_COMPLETE_v20 page 5_pages_51-75.md
016-005-170,,016,005,"Decal - Suspension, Rear Axle",VMRS_HB_COMPLETE_v20 page 5_pages_51-75.md
027-024-012,,027,024,Detent Valve,VMRS_HB_COMPLETE_v20 page 5_pages_51-75.md
032-002-046,,032,002,"Decal - Switch, Battery Disconnect",VMRS_HB_COMPLETE_v20 page 5_pages_51-75.md
013-011-127,,013,011,"Diagnostic Kit - Remote, ABS Sensor",VMRS_HB_COMPLETE_v20 page 5_pages_51-75.md
055-001-056,,055,001,Decal - Urgent Warning,VMRS_HB_COMPLETE_v20 page 5_pages_51-75.md
018-006-003,,018,006,Dial,VMRS_HB_COMPLETE_v20 page 5_pages_51-75.md
055-001-057,,055,001,Decal - Warning Avoid Riding,VMRS_HB_COMPLETE_v20 page 5_pages_51-75.md
162-005-002,,162,005,Dial - Control Valve,VMRS_HB_COMPLETE_v20 page 5_pages_51-75.md
055-001-059,,055,001,Decal - Warning Keep Clear,VMRS_HB_COMPLETE_v20 page 5_pages_51-75.md
022-003-126,,022,003,"Dial - Control Valve, Differential Carrier",VMRS_HB_COMPLETE_v20 page 5_pages_51-75.md
055-001-060,,055,001,Decal - Warning Max Capacity,VMRS_HB_COMPLETE_v20 page 5_pages_51-75.md
003-001-070,,003,001,"Dial - Control Valve, Differential Lockout",VMRS_HB_COMPLETE_v20 page 5_pages_51-75.md
055-032-019,,055,032,"Decal Kit - Bolster, Cargo Bunk",VMRS_HB_COMPLETE_v20 page 5_pages_51-75.md
022-004-130,,022,004,"Dial - Control Valve, Power Divider",VMRS_HB_COMPLETE_v20 page 5_pages_51-75.md
055-032-020,,055,032,"Decal Kit - Stake, Cargo Bunk",VMRS_HB_COMPLETE_v20 page 5_pages_51-75.md
001-003-124,,001,003,"Dial - Control, Auxiliary Heater",VMRS_HB_COMPLETE_v20 page 5_pages_51-75.md
053-005-001,,053,005,Decalcomanias,VMRS_HB_COMPLETE_v20 page 5_pages_51-75.md
003-001-065,,003,001,Dial - Fuel Gauge,VMRS_HB_COMPLETE_v20 page 5_pages_51-75.md
168-001-002,,168,001,Deck - Mower,VMRS_HB_COMPLETE_v20 page 5_pages_51-75.md
013-010-159,,013,010,"Dial - Identification Plate, Brake Control Valves,",VMRS_HB_COMPLETE_v20 page 5_pages_51-75.md
168-001-015,,168,001,"Deck - Tree Assembly, Mower",VMRS_HB_COMPLETE_v20 page 5_pages_51-75.md
071-003-063,,071,003,Deck Bar - Logistic Track,VMRS_HB_COMPLETE_v20 page 5_pages_51-75.md
001-001-124,,001,001,Dial - String Control Panel,VMRS_HB_COMPLETE_v20 page 5_pages_51-75.md
002-062-001,,002,062,Deck Lid Assembly,VMRS_HB_COMPLETE_v20 page 5_pages_51-75.md
082-019-008,,082,019,Dial Assembly,VMRS_HB_COMPLETE_v20 page 5_pages_51-75.md
002-062-000,,002,062,"Deck Lid, Trunk",VMRS_HB_COMPLETE_v20 page 5_pages_51-75.md
082-005-010,,082,005,Dial Assembly - Thermostat,VMRS_HB_COMPLETE_v20 page 5_pages_51-75.md
001-001-228,,001,001,Deck Plate,VMRS_HB_COMPLETE_v20 page 5_pages_51-75.md
053-006-066,,053,006,Dial Indicator,VMRS_HB_COMPLETE_v20 page 5_pages_51-75.md
000-001-023,,000,001,Deck Plate - Power Lillgate,VMRS_HB_COMPLETE_v20 page 5_pages_51-75.md
207-000-002,,207,000,Dial Indicator - Boom Angle,VMRS_HB_COMPLETE_v20 page 5_pages_51-75.md
002-040-130,,002,040,Dianhond Plate - Floor,VMRS_HB_COMPLETE_v20 page 5_pages_51-75.md
004-001-000,,004,001,Decouplei - Charging SystemDeflector - Air Cab. Boot Mounted,VMRS_HB_COMPLETE_v20 page 5_pages_51-75.md
018-000-007,,018,000,"Diaphragm - Accumulator, Hydraulic System",VMRS_HB_COMPLETE_v20 page 5_pages_51-75.md
,002-170,002,170,"Deflector - Air, Cab, Hoor Mounted",VMRS_HB_COMPLETE_v20 page 5_pages_51-75.md
002-006-104,,002,006,"Deflector - Air, Nadiator Support",VMRS_HB_COMPLETE_v20 page 5_pages_51-75.md
013-002-010,,013,002,Lubricator,VMRS_HB_COMPLETE_v20 page 5_pages_51-75.md
004-001-001,,004,001,Deflector - Airfoil Boof Mounted,VMRS_HB_COMPLETE_v20 page 5_pages_51-75.md
013-001-076,,013,001,Diaphragm - Air Chamber Front Axle,VMRS_HB_COMPLETE_v20 page 5_pages_51-75.md
004-005-046,,004,005,"Deflector - Axle, Chassis Fairing",VMRS_HB_COMPLETE_v20 page 5_pages_51-75.md
059-002-017,,059,002,"Diaphragm - Air Chamber, Pintle Hook",VMRS_HB_COMPLETE_v20 page 5_pages_51-75.md
002-061-073,,002,061,"Deflector - Back Glass, Liftgate",VMRS_HB_COMPLETE_v20 page 5_pages_51-75.md
013-002-152,,013,002,"Diaphragm - Air Chamber, Rear Axle",VMRS_HB_COMPLETE_v20 page 5_pages_51-75.md
024-002-047,,024,002,Deflector - Drive Shaft,VMRS_HB_COMPLETE_v20 page 5_pages_51-75.md
013-014-076,,013,014,"Diaphragm - Air Chamber, Tag/Pusher Axle",VMRS_HB_COMPLETE_v20 page 5_pages_51-75.md
026-001-096,,026,001,"Deflector - Dust, Manual Transmission",VMRS_HB_COMPLETE_v20 page 5_pages_51-75.md
016-008-059,,016,008,Diaphragm - Air Cylinder,VMRS_HB_COMPLETE_v20 page 5_pages_51-75.md
065-030-008,,065,030,Deflector - Hydraulic Propulsion Motor,VMRS_HB_COMPLETE_v20 page 5_pages_51-75.md
054-001-031,,054,001,Diaphragm - Air Horn,VMRS_HB_COMPLETE_v20 page 5_pages_51-75.md
002-038-001,,002,038,Deflector - Insect/Bug,VMRS_HB_COMPLETE_v20 page 5_pages_51-75.md
044-003-160,,044,003,Diaphragm - Aneroid,VMRS_HB_COMPLETE_v20 page 5_pages_51-75.md
002-008-132,,002,008,Deflector - Instrument Panel,VMRS_HB_COMPLETE_v20 page 5_pages_51-75.md
018-006-008,,018,006,Diaphragm - Annular,VMRS_HB_COMPLETE_v20 page 5_pages_51-75.md
002-038-000,,002,038,Deflector - Non-Aerodynamic,VMRS_HB_COMPLETE_v20 page 5_pages_51-75.md
365-007-053,,365,007,"Diaphragm - Backup, Paint Pump",VMRS_HB_COMPLETE_v20 page 5_pages_51-75.md
045-009-069,,045,009,Deflector - Oil Pressure Relief Valve,VMRS_HB_COMPLETE_v20 page 5_pages_51-75.md
013-010-035,,013,010,Diaphragm - Brake Chamber,VMRS_HB_COMPLETE_v20 page 5_pages_51-75.md
022-003-060,,022,003,"Deflector - Oil, Drive Pinion",VMRS_HB_COMPLETE_v20 page 5_pages_51-75.md
044-005-071,,044,005,Diaphragm - Carburetor Secondary Throttle,VMRS_HB_COMPLETE_v20 page 5_pages_51-75.md
021-001-152,,021,001,"Deflector - Oil, Pinion, Driven Front Steer Axle",VMRS_HB_COMPLETE_v20 page 5_pages_51-75.md
032-004-021,,032,004,"Diaphragm - Check Valve, Air Supply",VMRS_HB_COMPLETE_v20 page 5_pages_51-75.md
045-008-192,,045,008,"Deflector - Oil, Valve Cover",VMRS_HB_COMPLETE_v20 page 5_pages_51-75.md
045-014-009,,045,014,Diaphragm - Crankcase Ventilation Valve,VMRS_HB_COMPLETE_v20 page 5_pages_51-75.md
002-010-123,,002,010,"Deflector - Rain, Mirror",VMRS_HB_COMPLETE_v20 page 5_pages_51-75.md
013-006-019,,013,006,"Diaphragm - Cup, Master Cylinder",VMRS_HB_COMPLETE_v20 page 5_pages_51-75.md
043-003-014,,043,003,Deflector - Tail Pipe,VMRS_HB_COMPLETE_v20 page 5_pages_51-75.md
053-001-044,,053,001,"Diaphragm - Cylinder, Automatic Traction Device",VMRS_HB_COMPLETE_v20 page 5_pages_51-75.md
151-002-028,,151,002,"Deflector - Warm Air, Heater, APU",VMRS_HB_COMPLETE_v20 page 5_pages_51-75.md
044-003-005,,044,003,Diaphragm - Fuel Pump,VMRS_HB_COMPLETE_v20 page 5_pages_51-75.md
002-005-042,,002,005,"Deflector - Water, Cowi",VMRS_HB_COMPLETE_v20 page 5_pages_51-75.md
044-006-002,,044,006,Diaphragm - Governor,VMRS_HB_COMPLETE_v20 page 5_pages_51-75.md
002-017-054,,002,017,"Deflector - Water, Door",VMRS_HB_COMPLETE_v20 page 5_pages_51-75.md
002-050-377,,002,050,Diaphragm - Leit Door,VMRS_HB_COMPLETE_v20 page 5_pages_51-75.md
002-000-050,,002,000,Convertible Top,VMRS_HB_COMPLETE_v20 page 5_pages_51-75.md
001-001-130,,001,001,"Diaphragm - Lockout Cyllinder, Power Divider",VMRS_HB_COMPLETE_v20 page 5_pages_51-75.md
365-007-052,,365,007,Diaphragm - Master Switch Vacuum - AutoDiaphragm - Paint Dump,VMRS_HB_COMPLETE_v20 page 5_pages_51-75.md
014-002-014,,014,002,Deflector Assembly - Gravel Front Rumper,VMRS_HB_COMPLETE_v20 page 5_pages_51-75.md
007-002-042,,007,002,Diaphragh - Faill FullpDiaphragm - Pressure Control Valvo,VMRS_HB_COMPLETE_v20 page 5_pages_51-75.md
053-014-042,,053,014,Defoamer - Aqueous Parte Washer,VMRS_HB_COMPLETE_v20 page 5_pages_51-75.md
097-002-045,,097,002,Dianhragm - Pressure Control Valve,VMRS_HB_COMPLETE_v20 page 5_pages_51-75.md
001-001-478,,001,001,Defrost Head Assembly - Air Conditioning,VMRS_HB_COMPLETE_v20 page 5_pages_51-75.md
065-016-011,,065,016,Diaphragm - Pump Hydraulic System,VMRS_HB_COMPLETE_v20 page 5_pages_51-75.md
001-002-208,,001,002,Defrost Head Assembly - Heater,VMRS_HB_COMPLETE_v20 page 5_pages_51-75.md
002-035-124,,002,035,"Diaphragm - Pump, Windshield Washer",VMRS_HB_COMPLETE_v20 page 5_pages_51-75.md
082-008-039,,082,008,Defrost Solenoid Valve,VMRS_HB_COMPLETE_v20 page 5_pages_51-75.md
013-010-075,,013,010,"Diaphragm - Quick Release Valve, Air Brake",VMRS_HB_COMPLETE_v20 page 5_pages_51-75.md
043-007-194,,043,007,"Diaphragm - Regulator Valve, DEF",VMRS_HB_COMPLETE_v20 page 5_pages_51-75.md
015-005-055,,015,005,Dipstick - Oil Pump Tank,VMRS_HB_COMPLETE_v20 page 5_pages_51-75.md
065-026-007,,065,026,"Diaphragm - Regulator Valve, Hydraulic System",VMRS_HB_COMPLETE_v20 page 5_pages_51-75.md
151-001-195,,151,001,"Dipstick - Oil, APU",VMRS_HB_COMPLETE_v20 page 5_pages_51-75.md
013-010-215,,013,010,Diaphragm - Relay Valve,VMRS_HB_COMPLETE_v20 page 5_pages_51-75.md
065-017-008,,065,017,"Dipstick - Reservoir, Hydraulic System",VMRS_HB_COMPLETE_v20 page 5_pages_51-75.md
098-009-007,,098,009,"Diaphragm - Relief Vent Valve, Bulk Product",VMRS_HB_COMPLETE_v20 page 5_pages_51-75.md
050-014-012,,050,014,"Dipstick - Reservoir, Lill System",VMRS_HB_COMPLETE_v20 page 5_pages_51-75.md
002-050-378,,002,050,Dianhragm - Dight Door,VMRS_HB_COMPLETE_v20 page 5_pages_51-75.md
039-014-012,,039,014,Dipslick Assembly - Reservoir,VMRS_HB_COMPLETE_v20 page 5_pages_51-75.md
012-008-015,,012,008,Diaphragm - Rolling Power Piston,VMRS_HB_COMPLETE_v20 page 5_pages_51-75.md
027-007-000,,027,007,Direct Control - with 7 Way Connection Trail,VMRS_HB_COMPLETE_v20 page 5_pages_51-75.md
174-025-024,,174,025,Diaphragm - School Bus Crossing Gate,VMRS_HB_COMPLETE_v20 page 5_pages_51-75.md
000-001-000,,000,001,Charger,VMRS_HB_COMPLETE_v20 page 5_pages_51-75.md
174-023-024,,174,023,Diaphragm - School Bus Ston Arm Assembly,VMRS_HB_COMPLETE_v20 page 5_pages_51-75.md
027-004-000,,027,004,Direct Drive Clutch Assembly,VMRS_HB_COMPLETE_v20 page 5_pages_51-75.md
013-004-007,,013,004,Diaphragm - Spring Parking Brake,VMRS_HB_COMPLETE_v20 page 5_pages_51-75.md
059-025-001,,059,025,Directional Control Valve - Hydraulic System,VMRS_HB_COMPLETE_v20 page 5_pages_51-75.md
369-006-010,,369,006,Diaphragm - Toggle Assembly,VMRS_HB_COMPLETE_v20 page 5_pages_51-75.md
044-002-028,,044,002,Director - Flow,VMRS_HB_COMPLETE_v20 page 5_pages_51-75.md
022-005-018,,022,005,Diaphragm - Vacuum Shift Cylinder,VMRS_HB_COMPLETE_v20 page 5_pages_51-75.md
097-002-007,,097,002,Disc - Positive Displacement Pump,VMRS_HB_COMPLETE_v20 page 5_pages_51-75.md
001-001-129,,001,001,"Diaphragm - Vacuum, Air Conditioning",VMRS_HB_COMPLETE_v20 page 5_pages_51-75.md
081-005-039,,081,005,"Disc - Air Adjustment, Burner",VMRS_HB_COMPLETE_v20 page 5_pages_51-75.md
001-002-025,,001,002,"Diaphragm - Vacuum, Heater & Ventilator",VMRS_HB_COMPLETE_v20 page 5_pages_51-75.md
053-014-030,,053,014,Disc - Aqueous Parts Washer,VMRS_HB_COMPLETE_v20 page 5_pages_51-75.md
098-016-000,,098,016,Diaphragm - Valve Assembly,VMRS_HB_COMPLETE_v20 page 5_pages_51-75.md
098-002-002,,098,002,"Disc - Butterfly Valve, Bulk Product Transfer",VMRS_HB_COMPLETE_v20 page 5_pages_51-75.md
098-016-007,,098,016,"Diaphragm - Valve, Bulk Product Transfer",VMRS_HB_COMPLETE_v20 page 5_pages_51-75.md
013-010-221,,013,010,"Disc - Check Valve, Air",VMRS_HB_COMPLETE_v20 page 5_pages_51-75.md
013-008-024,,013,008,Diaphragm & Plates Assembly - Reaction,VMRS_HB_COMPLETE_v20 page 5_pages_51-75.md
023-002-039,,023,002,Disc - Clutch Brake,VMRS_HB_COMPLETE_v20 page 5_pages_51-75.md
044-005-040,,044,005,"Diaphragm Assembly - Metering Valve, Propane",VMRS_HB_COMPLETE_v20 page 5_pages_51-75.md
025-001-192,,025,001,"Disc - Clutch Pack, Transfer Case",VMRS_HB_COMPLETE_v20 page 5_pages_51-75.md
027-005-002,,027,005,"Disc - Clutch, High Range",VMRS_HB_COMPLETE_v20 page 5_pages_51-75.md
044-010-014,,044,010,Diaphragm Assembly - Primary,VMRS_HB_COMPLETE_v20 page 5_pages_51-75.md
056-001-088,,056,001,"Disc - Clutch, PTO",VMRS_HB_COMPLETE_v20 page 5_pages_51-75.md
044-010-015,,044,010,Diaphragm Assembly - Secondary,VMRS_HB_COMPLETE_v20 page 5_pages_51-75.md
015-002-071,,015,002,"Disc - Coupling, Steering Shaft",VMRS_HB_COMPLETE_v20 page 5_pages_51-75.md
044-005-026,,044,005,Diaphragm Assembly - Vacuum Choke,VMRS_HB_COMPLETE_v20 page 5_pages_51-75.md
053-006-189,,053,006,Disc - Cutting/Grinding,VMRS_HB_COMPLETE_v20 page 5_pages_51-75.md
042-012-007,,042,012,Diaphragm Kit - Coolant Diverter,VMRS_HB_COMPLETE_v20 page 5_pages_51-75.md
022-003-051,,022,003,"Disc - Differential Clutch, Positraction",VMRS_HB_COMPLETE_v20 page 5_pages_51-75.md
013-006-058,,013,006,Diaphragm Sub-Assembly - Hydraulic Brakes,VMRS_HB_COMPLETE_v20 page 5_pages_51-75.md
098-006-002,,098,006,"Disc - Diversion Valve, Bulk Product Transfer",VMRS_HB_COMPLETE_v20 page 5_pages_51-75.md
053-006-060,,053,006,Die Grinder,VMRS_HB_COMPLETE_v20 page 5_pages_51-75.md
091-003-011,,091,003,Disc - Diverter Valve,VMRS_HB_COMPLETE_v20 page 5_pages_51-75.md
053-006-269,,053,006,Die Holder Kit - Crimp Machine,VMRS_HB_COMPLETE_v20 page 5_pages_51-75.md
367-010-009,,367,010,Disc - Drive,VMRS_HB_COMPLETE_v20 page 5_pages_51-75.md
053-006-277,,053,006,Die Installation Tool - Crimp Machine,VMRS_HB_COMPLETE_v20 page 5_pages_51-75.md
098-013-003,,098,013,Disc - Emergency Air Valve,VMRS_HB_COMPLETE_v20 page 5_pages_51-75.md
142-007-000,,142,007,Diesel Fuel Pump,VMRS_HB_COMPLETE_v20 page 5_pages_51-75.md
099-006-004,,099,006,Disc - Fire Valve Assembly,VMRS_HB_COMPLETE_v20 page 5_pages_51-75.md
021-009-001,,021,009,Differential - Transaxle,VMRS_HB_COMPLETE_v20 page 5_pages_51-75.md
098-003-002,,098,003,"Disc - Flush Valve, Bulk Product Transfer",VMRS_HB_COMPLETE_v20 page 5_pages_51-75.md
022-004-007,,022,004,Differential Assembly - Power Divider,VMRS_HB_COMPLETE_v20 page 5_pages_51-75.md
021-001-062,,021,001,"Disc - Friction, Driven Front Steer Axle",VMRS_HB_COMPLETE_v20 page 5_pages_51-75.md
022-003-000,,022,003,Differential Laskeut Inter Ayle,VMRS_HB_COMPLETE_v20 page 5_pages_51-75.md
098-004-002,,098,004,"Disc - Gale Valve, Bulk Product Transfer",VMRS_HB_COMPLETE_v20 page 5_pages_51-75.md
022-004-113,,022,004,Differential Lockout - Inter-Axie,VMRS_HB_COMPLETE_v20 page 5_pages_51-75.md
090-012-017,,090,012,Disc - Hydraulic Emergency valve,VMRS_HB_COMPLETE_v20 page 5_pages_51-75.md
044-001-004,,044,001,Diffusor East Fill Fuel Tank,VMRS_HB_COMPLETE_v20 page 5_pages_51-75.md
013-010-002,,013,010,Disc - Hydralat Valvo,VMRS_HB_COMPLETE_v20 page 5_pages_51-75.md
044-001-094,,044,001,Diffuser - Pushbutton Shift Selector,VMRS_HB_COMPLETE_v20 page 5_pages_51-75.md
090-010-011,,090,010,Disc - Low Range Clutch,VMRS_HB_COMPLETE_v20 page 5_pages_51-75.md
043-004-003,,043,004,Diffuser - Turbocharger,VMRS_HB_COMPLETE_v20 page 5_pages_51-75.md
098-011-003,,098,011,Disc - Mechanical Emergency Valve,VMRS_HB_COMPLETE_v20 page 5_pages_51-75.md
002-050-142,,002,050,Diffuser Assembly,VMRS_HB_COMPLETE_v20 page 5_pages_51-75.md
045-012-022,,045,012,Disc - Oil Cooler,VMRS_HB_COMPLETE_v20 page 5_pages_51-75.md
463-001-000,,463,001,Digger Derrick,VMRS_HB_COMPLETE_v20 page 5_pages_51-75.md
098-007-002,,098,007,"Disc - One-Way Check Valve, Bulk Product",VMRS_HB_COMPLETE_v20 page 5_pages_51-75.md
464-000-000,,464,000,Diaging,VMRS_HB_COMPLETE_v20 page 5_pages_51-75.md
000-007-002,,000,007,Transfer,VMRS_HB_COMPLETE_v20 page 5_pages_51-75.md
063-007-000,,063,007,Digital Audio Receiver,VMRS_HB_COMPLETE_v20 page 5_pages_51-75.md
013-003-026,,013,003,Disc - Parking Brake,VMRS_HB_COMPLETE_v20 page 5_pages_51-75.md
053-013-003,,053,013,Dimensional - Wood,VMRS_HB_COMPLETE_v20 page 5_pages_51-75.md
021-001-069,,021,001,"Disc - Pinion, Driven Front Steer Axle",VMRS_HB_COMPLETE_v20 page 5_pages_51-75.md
367-005-018,,367,005,Diode,VMRS_HB_COMPLETE_v20 page 5_pages_51-75.md
097-002-016,,097,002,Disc - Pressure Control Valve,VMRS_HB_COMPLETE_v20 page 5_pages_51-75.md
031-001-071,,031,001,"Diode - Alternator, General",VMRS_HB_COMPLETE_v20 page 5_pages_51-75.md
098-009-004,,098,009,"Disc - Pressure Relief Vent Valve, Bulk Product",VMRS_HB_COMPLETE_v20 page 5_pages_51-75.md
034-004-327,,034,004,Diode - Circuit Protection,VMRS_HB_COMPLETE_v20 page 5_pages_51-75.md
174-024-137,,174,024,"Diode - Circuit Protection, Bus Body",VMRS_HB_COMPLETE_v20 page 5_pages_51-75.md
098-017-002,,098,017,Disc - Rear Head,VMRS_HB_COMPLETE_v20 page 5_pages_51-75.md
051-008-020,,051,008,"Diode - Control Module, Navigation System,",VMRS_HB_COMPLETE_v20 page 5_pages_51-75.md
027-021-017,,027,021,Disc - Rear Servo,VMRS_HB_COMPLETE_v20 page 5_pages_51-75.md
099-001-001,,099,001,"Disc - Rupture, Frangible Venting",VMRS_HB_COMPLETE_v20 page 5_pages_51-75.md
082-012-020,,082,012,Diode - Control Panel,VMRS_HB_COMPLETE_v20 page 5_pages_51-75.md
098-014-003,,098,014,Disc - Sanitary Valve,VMRS_HB_COMPLETE_v20 page 5_pages_51-75.md
055-023-048,,055,023,"Diode - Controls, Wheelchair Lift",VMRS_HB_COMPLETE_v20 page 5_pages_51-75.md
001-001-013,,001,001,Disc - Shoe,VMRS_HB_COMPLETE_v20 page 5_pages_51-75.md
174-024-128,,174,024,Diode - Emergency Door Buzzer,VMRS_HB_COMPLETE_v20 page 5_pages_51-75.md
061-005-003,,061,005,Disc - Side Broom,VMRS_HB_COMPLETE_v20 page 5_pages_51-75.md
003-001-063,,003,001,Diode - Low Air Buzzer,VMRS_HB_COMPLETE_v20 page 5_pages_51-75.md
174-033-113,,174,033,"Disc - Sliding, Energy Guiding System",VMRS_HB_COMPLETE_v20 page 5_pages_51-75.md
031-001-018,,031,001,"Diode - Negative, Alternator",VMRS_HB_COMPLETE_v20 page 5_pages_51-75.md
162-001-028,,162,001,"Disc - Spinner, Spreader Assembly",VMRS_HB_COMPLETE_v20 page 5_pages_51-75.md
031-001-019,,031,001,"Diode - Positive, Alternator",VMRS_HB_COMPLETE_v20 page 5_pages_51-75.md
051-008-027,,051,008,"Disc - Start-Up, Navigation System, GPS",VMRS_HB_COMPLETE_v20 page 5_pages_51-75.md
152-002-004,,152,002,"Diode - RegulatorDiode - Reverse Polarity, Alternator (AC)",VMRS_HB_COMPLETE_v20 page 5_pages_51-75.md
133-002-024,,133,002,Stationary Generator,VMRS_HB_COMPLETE_v20 page 5_pages_51-75.md
098-008-002,,098,008,Disc - Two-Way Check Valve Bulk Product,VMRS_HB_COMPLETE_v20 page 5_pages_51-75.md
044-003-203,,044,003,Diode - Silicon Rectifier Fuel Pump Solenoid,VMRS_HB_COMPLETE_v20 page 5_pages_51-75.md
090-000-002,,090,000,Transfer,VMRS_HB_COMPLETE_v20 page 5_pages_51-75.md
082-019-026,,082,019,Diode - Silicone,VMRS_HB_COMPLETE_v20 page 5_pages_51-75.md
098-010-003,,098,010,Disc - Vacuum Relief Vent Valve Bulk Product,VMRS_HB_COMPLETE_v20 page 5_pages_51-75.md
153-002-023,,153,002,Diode - Standard Polarity Alternator (AC),VMRS_HB_COMPLETE_v20 page 5_pages_51-75.md
098-019-003,,098,019,"Disc - Valve, Bulk Product Transfer",VMRS_HB_COMPLETE_v20 page 5_pages_51-75.md
043-005-027,,043,005,"Diode - Switch, Engine Control Group",VMRS_HB_COMPLETE_v20 page 5_pages_51-75.md
075-001-011,,075,001,Disc - Vent,VMRS_HB_COMPLETE_v20 page 5_pages_51-75.md
002-035-141,,002,035,Diode - Wiper Control,VMRS_HB_COMPLETE_v20 page 5_pages_51-75.md
267-012-015,,267,012,Disc - Winch,VMRS_HB_COMPLETE_v20 page 5_pages_51-75.md
058-006-017,,058,006,Diode Resistor,VMRS_HB_COMPLETE_v20 page 5_pages_51-75.md
098-007-010,,098,007,Disc Assembly - One Way Check Valve,VMRS_HB_COMPLETE_v20 page 5_pages_51-75.md
026-015-027,,026,015,"Diode, ECU - Transmission",VMRS_HB_COMPLETE_v20 page 5_pages_51-75.md
058-003-002,,058,003,Disc Brake Assembly,VMRS_HB_COMPLETE_v20 page 5_pages_51-75.md
027-001-063,,027,001,Dipstick - Automatic Transmission,VMRS_HB_COMPLETE_v20 page 5_pages_51-75.md
052-006-006,,052,006,"Disc Changer - Multi Disc, CD Player",VMRS_HB_COMPLETE_v20 page 5_pages_51-75.md
042-002-172,,042,002,Dipstick - Engine Coolant,VMRS_HB_COMPLETE_v20 page 5_pages_51-75.md
098-015-010,,098,015,Disc Holder & Stem Assembly,VMRS_HB_COMPLETE_v20 page 5_pages_51-75.md
082-041-061,,082,041,"Dipstick - Engine Oil Level, Reefer",VMRS_HB_COMPLETE_v20 page 5_pages_51-75.md
098-008-003,,098,008,Disc Holder Or Guide,VMRS_HB_COMPLETE_v20 page 5_pages_51-75.md
016-022-020,,016,022,"Dipstick - Fluid Reservoir, Active Suspension",VMRS_HB_COMPLETE_v20 page 5_pages_51-75.md
065-030-009,,065,030,Disc Spring,VMRS_HB_COMPLETE_v20 page 5_pages_51-75.md
026-001-057,,026,001,Dipstick - Manual Transmission,VMRS_HB_COMPLETE_v20 page 5_pages_51-75.md
001-001-165,,001,001,Discharge Gauge Valve,VMRS_HB_COMPLETE_v20 page 5_pages_51-75.md
045-010-038,,045,010,Dipstick - Oil Heater,VMRS_HB_COMPLETE_v20 page 5_pages_51-75.md
001-001-026,,001,001,"Discharge Valve Assembly - Reed Valves, Front",VMRS_HB_COMPLETE_v20 page 5_pages_51-75.md
045-010-004,,045,010,Dipstick - Oil Level,VMRS_HB_COMPLETE_v20 page 5_pages_51-75.md
