code_9d,code_6d,system,subcode,description,source_file
036-008-010,,036,008,Microphone - Surveillance System,VMRS_HB_COMPLETE_v20 page 6_pages_51-75.md
027-024-004,,027,024,Modulator Valve - 1-2 Or Shift Control,VMRS_HB_COMPLETE_v20 page 6_pages_51-75.md
151-001-227,,151,001,Microprocessor - APU,VMRS_HB_COMPLETE_v20 page 6_pages_51-75.md
027-024-008,,027,024,Modulator Valve - 2-3,VMRS_HB_COMPLETE_v20 page 6_pages_51-75.md
082-012-058,,082,012,Microprocessor - Control Panel,VMRS_HB_COMPLETE_v20 page 6_pages_51-75.md
013-011-075,,013,011,Modulator Valve - Air Brake Assembly,VMRS_HB_COMPLETE_v20 page 6_pages_51-75.md
052-014-000,,052,014,Microwave Oven,VMRS_HB_COMPLETE_v20 page 6_pages_51-75.md
013-011-071,,013,011,Modulator Valve - Antilock Brakes,VMRS_HB_COMPLETE_v20 page 6_pages_51-75.md
052-014-001,,052,014,Microwave Oven Assembly,VMRS_HB_COMPLETE_v20 page 6_pages_51-75.md
027-026-006,,027,026,Modulator Valve - Hydraulic,VMRS_HB_COMPLETE_v20 page 6_pages_51-75.md
072-003-062,,072,003,"Mid Cam - Barrel, Lock Rod, Rear Door",VMRS_HB_COMPLETE_v20 page 6_pages_51-75.md
027-026-002,,027,026,Modulator Valve - Vacuum,VMRS_HB_COMPLETE_v20 page 6_pages_51-75.md
072-003-063,,072,003,"Mid Cam - Cam Lock, Lock Rod, Rear Door",VMRS_HB_COMPLETE_v20 page 6_pages_51-75.md
027-024-103,,027,024,Modulator Valve Assembly - Main,VMRS_HB_COMPLETE_v20 page 6_pages_51-75.md
072-003-064,,072,003,"Mid Cam - Lock Bracket, Lock Rod, Rear Door",VMRS_HB_COMPLETE_v20 page 6_pages_51-75.md
013-011-114,,013,011,Modulator Valve Kit,VMRS_HB_COMPLETE_v20 page 6_pages_51-75.md
055-029-010,,055,029,MIDI Fuse - Liftgate Battery Charging,VMRS_HB_COMPLETE_v20 page 6_pages_51-75.md
013-011-124,,013,011,Modulator Valve Kit - Front Brake,VMRS_HB_COMPLETE_v20 page 6_pages_51-75.md
291-005-009,,291,005,Milk Hose Assembly,VMRS_HB_COMPLETE_v20 page 6_pages_51-75.md
013-011-125,,013,011,Modulator Valve Kit - Rear Brake,VMRS_HB_COMPLETE_v20 page 6_pages_51-75.md
368-000-000,,368,000,Milling,VMRS_HB_COMPLETE_v20 page 6_pages_51-75.md
079-002-001,,079,002,Module,VMRS_HB_COMPLETE_v20 page 6_pages_51-75.md
041-001-029,,041,001,Minder - Air Filter,VMRS_HB_COMPLETE_v20 page 6_pages_51-75.md
174-025-027,,174,025,Module - School Bus Crossing Gate,VMRS_HB_COMPLETE_v20 page 6_pages_51-75.md
044-002-071,,044,002,Minder - Fuel Filter,VMRS_HB_COMPLETE_v20 page 6_pages_51-75.md
027-033-042,,027,033,Module - Shift Selector,VMRS_HB_COMPLETE_v20 page 6_pages_51-75.md
053-011-053,,053,011,Mineral Spirits,VMRS_HB_COMPLETE_v20 page 6_pages_51-75.md
013-010-389,,013,010,Module - Air Management Unit,VMRS_HB_COMPLETE_v20 page 6_pages_51-75.md
003-001-153,,003,001,Mini-Message Center - Light Bar,VMRS_HB_COMPLETE_v20 page 6_pages_51-75.md
043-006-130,,043,006,Module - Ammonia Control,VMRS_HB_COMPLETE_v20 page 6_pages_51-75.md
002-050-334,,002,050,Mirror Acrodynamia,VMRS_HB_COMPLETE_v20 page 6_pages_51-75.md
082-019-001,,082,019,"Module - Amplifier, Electrical",VMRS_HB_COMPLETE_v20 page 6_pages_51-75.md
002-010-038,,002,010,Mirror - Aerodynamic,VMRS_HB_COMPLETE_v20 page 6_pages_51-75.md
043-002-031,,043,002,"Module - Ampliner, Pyrometer",VMRS_HB_COMPLETE_v20 page 6_pages_51-75.md
002-010-020,,002,010,Mirror Convex Dear Redu/Rev,VMRS_HB_COMPLETE_v20 page 6_pages_51-75.md
003-001-251,,003,001,Module - Antanga Dadia,VMRS_HB_COMPLETE_v20 page 6_pages_51-75.md
,001-035,001,035,Mirror Hostod Convox,VMRS_HB_COMPLETE_v20 page 6_pages_51-75.md
012-011-147,,012,011,"Module - Antenna, RadioModule - Antilock Brakes, Trailor",VMRS_HB_COMPLETE_v20 page 6_pages_51-75.md
002-010-037,,002,010,Mirror Heated Hood Mounted,VMRS_HB_COMPLETE_v20 page 6_pages_51-75.md
013-011-147,,013,011,"Module - Antilock Diakes, Italiei",VMRS_HB_COMPLETE_v20 page 6_pages_51-75.md
002-010-143,,002,010,"Mirror - Heated, Hood Mounted",VMRS_HB_COMPLETE_v20 page 6_pages_51-75.md
026-015-011,,026,015,Module - Asset Hacking,VMRS_HB_COMPLETE_v20 page 6_pages_51-75.md
002-010-146,,002,010,Mirror - Hood Mounted,VMRS_HB_COMPLETE_v20 page 6_pages_51-75.md
046-003-014,,046,003,Module - Auto Shin,VMRS_HB_COMPLETE_v20 page 6_pages_51-75.md
040-005-014,,040,005,Module - Battery Sentry Ston/Start Controller,VMRS_HB_COMPLETE_v20 page 6_pages_51-75.md
002-010-138,,002,010,Mirror - Look Down,VMRS_HB_COMPLETE_v20 page 6_pages_51-75.md
002-010-000,,002,010,Assembly Mechanical Refrigeration Unit,VMRS_HB_COMPLETE_v20 page 6_pages_51-75.md
002-010-039,,002,010,Mirror - Motorized,VMRS_HB_COMPLETE_v20 page 6_pages_51-75.md
082-019-015,,082,019,Module - Battery Sentry Thermostat Controller,VMRS_HB_COMPLETE_v20 page 6_pages_51-75.md
002-010-040,,002,010,Mirror - Motorized & Heated,VMRS_HB_COMPLETE_v20 page 6_pages_51-75.md
002-010-010,,002,010,Mechanical Refrigeration Unit,VMRS_HB_COMPLETE_v20 page 6_pages_51-75.md
002-010-002,,002,010,Mirror - Rearview,VMRS_HB_COMPLETE_v20 page 6_pages_51-75.md
013-005-032,,013,005,Module - Brake Pedal and Booster,VMRS_HB_COMPLETE_v20 page 6_pages_51-75.md
002-010-141,,002,010,Mirror - Rearview w/Integrated LCD Screen,VMRS_HB_COMPLETE_v20 page 6_pages_51-75.md
037-001-001,,037,001,Module - Bulkhead,VMRS_HB_COMPLETE_v20 page 6_pages_51-75.md
002-010-044,,002,010,Mirror - Safety View,VMRS_HB_COMPLETE_v20 page 6_pages_51-75.md
014-002-035,,014,002,"Module - Bumper, All",VMRS_HB_COMPLETE_v20 page 6_pages_51-75.md
002-010-139,,002,010,Mirror - Self-Adhesive,VMRS_HB_COMPLETE_v20 page 6_pages_51-75.md
001-001-297,,001,001,Module - Bunk Control,VMRS_HB_COMPLETE_v20 page 6_pages_51-75.md
002-010-008,,002,010,Mirror - Spot,VMRS_HB_COMPLETE_v20 page 6_pages_51-75.md
048-001-049,,048,001,"Module - CBC, High Voltage Battery, Hybrid",VMRS_HB_COMPLETE_v20 page 6_pages_51-75.md
002-009-030,,002,009,Mirror - Sun Visor,VMRS_HB_COMPLETE_v20 page 6_pages_51-75.md
037-001-002,,037,001,Module - Chassis,VMRS_HB_COMPLETE_v20 page 6_pages_51-75.md
002-010-001,,002,010,"Mirror - Tilt Type, Inner",VMRS_HB_COMPLETE_v20 page 6_pages_51-75.md
037-001-004,,037,001,Module - Common Powertrain Controller (CPC),VMRS_HB_COMPLETE_v20 page 6_pages_51-75.md
002-048-223,,002,048,"Mirror - Vanity, Sun Visor, Interior",VMRS_HB_COMPLETE_v20 page 6_pages_51-75.md
013-010-421,,013,010,"Module - Continuous Flow, Air Drier",VMRS_HB_COMPLETE_v20 page 6_pages_51-75.md
174-023-016,,174,023,Mirror Assembly - Bus Crossview Mirror,VMRS_HB_COMPLETE_v20 page 6_pages_51-75.md
082-015-001,,082,015,"Module - Cycle Sentry, Stop/Start Controller",VMRS_HB_COMPLETE_v20 page 6_pages_51-75.md
174-023-022,,174,023,"Mirror Assembly - Bus Crossview Mirror, Heated",VMRS_HB_COMPLETE_v20 page 6_pages_51-75.md
174-023-031,,174,023,Mirror Assembly - Bus Crossview/Rearview,VMRS_HB_COMPLETE_v20 page 6_pages_51-75.md
082-019-007,,082,019,"Module - Cycle Sentry, Thermostat Controller,",VMRS_HB_COMPLETE_v20 page 6_pages_51-75.md
002-010-124,,002,010,Mirror Assembly - Crossview,VMRS_HB_COMPLETE_v20 page 6_pages_51-75.md
051-012-001,,051,012,Module - Data Logger,VMRS_HB_COMPLETE_v20 page 6_pages_51-75.md
002-010-147,,002,010,"Mirror Assembly - Fender/Hood, Left",VMRS_HB_COMPLETE_v20 page 6_pages_51-75.md
034-004-060,,034,004,Module - Day Lamp,VMRS_HB_COMPLETE_v20 page 6_pages_51-75.md
002-010-148,,002,010,"Mirror Assembly - Fender/Hood, Right",VMRS_HB_COMPLETE_v20 page 6_pages_51-75.md
034-001-089,,034,001,Module - Day Time Running Lamps,VMRS_HB_COMPLETE_v20 page 6_pages_51-75.md
174-023-033,,174,023,"Mirror Assembly - Heated - Remote, Bus",VMRS_HB_COMPLETE_v20 page 6_pages_51-75.md
043-006-089,,043,006,"Module - Diagnostic, Exhaust Aftertreatment",VMRS_HB_COMPLETE_v20 page 6_pages_51-75.md
043-006-003,,043,006,Module - Diesel Oxidation Catalyst (DOC),VMRS_HB_COMPLETE_v20 page 6_pages_51-75.md
174-023-032,,174,023,"Mirror Assembly - Heated, Bus Crossview/",VMRS_HB_COMPLETE_v20 page 6_pages_51-75.md
055-001-112,,055,001,"Module - Direct Control, Trail Charger",VMRS_HB_COMPLETE_v20 page 6_pages_51-75.md
082-019-009,,082,019,"Module - Disconnect, Starter",VMRS_HB_COMPLETE_v20 page 6_pages_51-75.md
174-023-034,,174,023,"Mirror Assembly - Non-Heated - Remote, Bus",VMRS_HB_COMPLETE_v20 page 6_pages_51-75.md
034-004-348,,034,004,"Module - Display, LCD",VMRS_HB_COMPLETE_v20 page 6_pages_51-75.md
000-010-000,,000,010,Crossview/RearviewMissen Accounter,VMRS_HB_COMPLETE_v20 page 6_pages_51-75.md
043-006-090,,043,006,"Module - Display, Remote, Exhaust",VMRS_HB_COMPLETE_v20 page 6_pages_51-75.md
002-010-006,,002,010,"Mirror Assembly - Rearview, Outer",VMRS_HB_COMPLETE_v20 page 6_pages_51-75.md
007-001-011,,007,001,Altertreatment,VMRS_HB_COMPLETE_v20 page 6_pages_51-75.md
002-010-045,,002,010,Mirror Kit,VMRS_HB_COMPLETE_v20 page 6_pages_51-75.md
037-001-011,,037,001,Module - Door ControlModule Desing Injection Fuel Centrel Exhaust,VMRS_HB_COMPLETE_v20 page 6_pages_51-75.md
002-010-056,,002,010,,VMRS_HB_COMPLETE_v20 page 6_pages_51-75.md
043-000-057,,043,000,Aftertreatment,VMRS_HB_COMPLETE_v20 page 6_pages_51-75.md
174-023-000,,174,023,Miscollanoous Bus Body Accessories,VMRS_HB_COMPLETE_v20 page 6_pages_51-75.md
034-006-041,,034,006,Modulo Drivor Alort Sign,VMRS_HB_COMPLETE_v20 page 6_pages_51-75.md
015-004-071,,015,004,Miscellaneous Dus Douy Accessories,VMRS_HB_COMPLETE_v20 page 6_pages_51-75.md
051-008-043,,051,008,Module - ECM GPS,VMRS_HB_COMPLETE_v20 page 6_pages_51-75.md
192-012-000,,192,012,Mixer,VMRS_HB_COMPLETE_v20 page 6_pages_51-75.md
051-005-014,,051,005,"Module - ECU, Euel Management",VMRS_HB_COMPLETE_v20 page 6_pages_51-75.md
364-003-003,,364,003,Mixer - Flow Control,VMRS_HB_COMPLETE_v20 page 6_pages_51-75.md
026-015-012,,026,015,"Module - ECU, Transmission",VMRS_HB_COMPLETE_v20 page 6_pages_51-75.md
171-000-000,,171,000,Mixers,VMRS_HB_COMPLETE_v20 page 6_pages_51-75.md
082-019-011,,082,019,Module - Electric Thermostat,VMRS_HB_COMPLETE_v20 page 6_pages_51-75.md
043-001-208,,043,001,Mixing Chamber - EGR Cooler,VMRS_HB_COMPLETE_v20 page 6_pages_51-75.md
002-008-058,,002,008,Module - Electronic Dash / Instrument,VMRS_HB_COMPLETE_v20 page 6_pages_51-75.md
043-007-216,,043,007,Mixing Tube - NOX Reduction Agent (Hydrolysis/,VMRS_HB_COMPLETE_v20 page 6_pages_51-75.md
059-001-167,,059,001,"Module - Electronic Lock Control, Fifth Wheel",VMRS_HB_COMPLETE_v20 page 6_pages_51-75.md
003-001-198,,003,001,Module - Engine Oil Level,VMRS_HB_COMPLETE_v20 page 6_pages_51-75.md
051-008-039,,051,008,"Modem - Dual Assembly, GPS",VMRS_HB_COMPLETE_v20 page 6_pages_51-75.md
043-006-002,,043,006,Module - Exhaust Aftertreatment Inlet,VMRS_HB_COMPLETE_v20 page 6_pages_51-75.md
063-005-009,,063,005,Modem - External Terrestrial,VMRS_HB_COMPLETE_v20 page 6_pages_51-75.md
043-006-005,,043,006,Module - Exhaust Aftertreatment Outlet,VMRS_HB_COMPLETE_v20 page 6_pages_51-75.md
291-004-002,,291,004,"Modem - UMTS (GPS), Flash Computer",VMRS_HB_COMPLETE_v20 page 6_pages_51-75.md
043-006-004,,043,006,Module - Exhaust Aftertreatment Particulate Trap,VMRS_HB_COMPLETE_v20 page 6_pages_51-75.md
051-008-033,,051,008,Modem Assembly - GPS,VMRS_HB_COMPLETE_v20 page 6_pages_51-75.md
034-004-273,,034,004,"Module - Expansion , Power Distribution",VMRS_HB_COMPLETE_v20 page 6_pages_51-75.md
002-015-111,,002,015,Modesty Panel,VMRS_HB_COMPLETE_v20 page 6_pages_51-75.md
044-002-103,,044,002,Module - Fuel Filtration,VMRS_HB_COMPLETE_v20 page 6_pages_51-75.md
059-001-088,,059,001,Modification Kit - Secondary Lock,VMRS_HB_COMPLETE_v20 page 6_pages_51-75.md
044-003-284,,044,003,Module - Fuel Hot Start,VMRS_HB_COMPLETE_v20 page 6_pages_51-75.md
013-012-026,,013,012,"Modulator - Axle, Electric Brakes",VMRS_HB_COMPLETE_v20 page 6_pages_51-75.md
044-014-012,,044,014,Module - Fuel Injection,VMRS_HB_COMPLETE_v20 page 6_pages_51-75.md
044-007-111,,044,007,"Modulator - Transmission Shift, Throttle Control",VMRS_HB_COMPLETE_v20 page 6_pages_51-75.md
044-003-258,,044,003,Module - Fuel Pump,VMRS_HB_COMPLETE_v20 page 6_pages_51-75.md
027-033-013,,027,033,Modulator & Cable Assembly,VMRS_HB_COMPLETE_v20 page 6_pages_51-75.md
044-003-260,,044,003,Module - Fuel System (IFSM),VMRS_HB_COMPLETE_v20 page 6_pages_51-75.md
027-026-000,,027,026,Modulator Assembly,VMRS_HB_COMPLETE_v20 page 6_pages_51-75.md
026-015-086,,026,015,Module - Gear,VMRS_HB_COMPLETE_v20 page 6_pages_51-75.md
027-026-001,,027,026,Modulator Assembly - Vacuum,VMRS_HB_COMPLETE_v20 page 6_pages_51-75.md
001-002-178,,001,002,Module - Heater Control,VMRS_HB_COMPLETE_v20 page 6_pages_51-75.md
043-006-128,,043,006,Module - Heater Control. Diesel Exhaust Fluid,VMRS_HB_COMPLETE_v20 page 6_pages_51-75.md
002-035-120,,002,035,"Module - Wiper Control, Intermittent",VMRS_HB_COMPLETE_v20 page 6_pages_51-75.md
003-005-010,,003,005,Module - Ignition Immobilizer,VMRS_HB_COMPLETE_v20 page 6_pages_51-75.md
036-008-047,,036,008,"Module - Wireless, Surveillance System",VMRS_HB_COMPLETE_v20 page 6_pages_51-75.md
002-057-042,,002,057,"Module - Inflator, Air Bag",VMRS_HB_COMPLETE_v20 page 6_pages_51-75.md
055-001-100,,055,001,Module - with Harness. Trail Charger,VMRS_HB_COMPLETE_v20 page 6_pages_51-75.md
051-011-005,,051,011,Module - Information Center,VMRS_HB_COMPLETE_v20 page 6_pages_51-75.md
002-027-305,,002,027,Module and Switch Assembly - Power Seat,VMRS_HB_COMPLETE_v20 page 6_pages_51-75.md
002-008-065,,002,008,Module - Information Center Assembly,VMRS_HB_COMPLETE_v20 page 6_pages_51-75.md
034-006-007,,034,006,Module Center - Light Bar,VMRS_HB_COMPLETE_v20 page 6_pages_51-75.md
044-014-033,,044,014,Module - Injector Driver (IDM),VMRS_HB_COMPLETE_v20 page 6_pages_51-75.md
034-006-008,,034,006,"Module, Corner - Light Bar",VMRS_HB_COMPLETE_v20 page 6_pages_51-75.md
045-021-067,,045,021,Module - Interface Engine (EIM),VMRS_HB_COMPLETE_v20 page 6_pages_51-75.md
002-040-026,,002,040,"Module, ECU - Deployable Step",VMRS_HB_COMPLETE_v20 page 6_pages_51-75.md
036-002-008,,036,002,Module - Lane Departure,VMRS_HB_COMPLETE_v20 page 6_pages_51-75.md
037-001-000,,037,001,Modules - Electrical Multiple Lise,VMRS_HB_COMPLETE_v20 page 6_pages_51-75.md
001-001-406,,001,001,Module - Linear Dower,VMRS_HB_COMPLETE_v20 page 6_pages_51-75.md
462-017-000,,462,017,Modules Pelays - Electrical,VMRS_HB_COMPLETE_v20 page 6_pages_51-75.md
001-001-400,,001,001,Module - Linear Fower,VMRS_HB_COMPLETE_v20 page 6_pages_51-75.md
402-017-000,,402,017,"Modules, Helays - Electrical",VMRS_HB_COMPLETE_v20 page 6_pages_51-75.md
003-001-238,,003,001,Module - Low Voltage Disconnect,VMRS_HB_COMPLETE_v20 page 6_pages_51-75.md
012-010-007,,012,010,Moisturo Ejector Valvo Air Tank,VMRS_HB_COMPLETE_v20 page 6_pages_51-75.md
032-001-030,,032,001,Module - Low Voltage Disconnect,VMRS_HB_COMPLETE_v20 page 6_pages_51-75.md
013-010-007,,013,010,Moisture Elector valve - All Talik,VMRS_HB_COMPLETE_v20 page 6_pages_51-75.md
000-010-170,,000,010,Module - Main Power,VMRS_HB_COMPLETE_v20 page 6_pages_51-75.md
041-001-030,,041,001,Moisture Dreef Across,VMRS_HB_COMPLETE_v20 page 6_pages_51-75.md
002-010-173,,002,010,"Module - Mechanism, Cab Door",VMRS_HB_COMPLETE_v20 page 6_pages_51-75.md
000-999-172,,000,999,Molding UBI Diller,VMRS_HB_COMPLETE_v20 page 6_pages_51-75.md
002-010-082,,002,010,Module - Mirror Control,VMRS_HB_COMPLETE_v20 page 6_pages_51-75.md
002-007-024,,002,007,"Molding - ""B"" Pillar",VMRS_HB_COMPLETE_v20 page 6_pages_51-75.md
037-001-005,,037,001,Module - Motor Control,VMRS_HB_COMPLETE_v20 page 6_pages_51-75.md
002-007-029,,002,007,"Molding - ""C"" Pillar",VMRS_HB_COMPLETE_v20 page 6_pages_51-75.md
044-003-252,,044,003,Module - Motor Control (MCM),VMRS_HB_COMPLETE_v20 page 6_pages_51-75.md
002-031-021,,002,031,"Molding - Air Dam, Front, Right Or Lett",VMRS_HB_COMPLETE_v20 page 6_pages_51-75.md
015-001-028,,015,001,"Module - MPX, Smartwneel",VMRS_HB_COMPLETE_v20 page 6_pages_51-75.md
002-031-020,,002,031,"Molding - Air Dam, Rear, Right Or Left",VMRS_HB_COMPLETE_v20 page 6_pages_51-75.md
045-011-076,,045,011,Module - Oil,VMRS_HB_COMPLETE_v20 page 6_pages_51-75.md
046-002-018,,046,002,"Molding - Base, Contactor, Upper Cover",VMRS_HB_COMPLETE_v20 page 6_pages_51-75.md
045-012-038,,045,012,Module - Oil Cooler,VMRS_HB_COMPLETE_v20 page 6_pages_51-75.md
002-015-176,,002,015,"Molding - Belt, Quarter Panel",VMRS_HB_COMPLETE_v20 page 6_pages_51-75.md
034-004-401,,034,004,"Module - Outlet Distribution, Harness",VMRS_HB_COMPLETE_v20 page 6_pages_51-75.md
002-031-032,,002,031,Molding - Body Trim,VMRS_HB_COMPLETE_v20 page 6_pages_51-75.md
036-009-001,,036,009,"Module - Performance Monitor, Vehicle",VMRS_HB_COMPLETE_v20 page 6_pages_51-75.md
014-002-127,,014,002,Molding - Bumper,VMRS_HB_COMPLETE_v20 page 6_pages_51-75.md
082-030-002,,082,030,Module - Power Control,VMRS_HB_COMPLETE_v20 page 6_pages_51-75.md
002-030-016,,002,030,"Molding - Cab Interior, Floor",VMRS_HB_COMPLETE_v20 page 6_pages_51-75.md
001-001-405,,001,001,"Module - Power Control (PCM), Air Conditioner",VMRS_HB_COMPLETE_v20 page 6_pages_51-75.md
002-031-003,,002,031,Molding - Cab Or Front Door - Lower,VMRS_HB_COMPLETE_v20 page 6_pages_51-75.md
034-004-417,,034,004,"Module - Power Distribution, Remote",VMRS_HB_COMPLETE_v20 page 6_pages_51-75.md
002-031-001,,002,031,"Molding - Cab Or Front Door, Upper",VMRS_HB_COMPLETE_v20 page 6_pages_51-75.md
034-002-055,,034,002,"Module - Power Distribution, Tail Lamp",VMRS_HB_COMPLETE_v20 page 6_pages_51-75.md
002-031-017,,002,031,Molding - Cab Or Van,VMRS_HB_COMPLETE_v20 page 6_pages_51-75.md
034-004-363,,034,004,"Module - Power Distribution, Tail Lamp",VMRS_HB_COMPLETE_v20 page 6_pages_51-75.md
002-008-018,,002,008,Molding - Compartment Door,VMRS_HB_COMPLETE_v20 page 6_pages_51-75.md
034-004-292,,034,004,"Module - Power Distribution, Trailer",VMRS_HB_COMPLETE_v20 page 6_pages_51-75.md
046-002-017,,046,002,"Molding - Contactor, Upper Cover",VMRS_HB_COMPLETE_v20 page 6_pages_51-75.md
055-015-009,,055,015,Module - Power Down,VMRS_HB_COMPLETE_v20 page 6_pages_51-75.md
002-031-013,,002,031,"Molding - Crown Or Peak, Rear Fender",VMRS_HB_COMPLETE_v20 page 6_pages_51-75.md
026-015-013,,026,015,Module - Power Interface,VMRS_HB_COMPLETE_v20 page 6_pages_51-75.md
002-033-003,,002,033,"Molding - Crown, Front Fender",VMRS_HB_COMPLETE_v20 page 6_pages_51-75.md
034-004-414,,034,004,"Module - Power, Totally Integrated",VMRS_HB_COMPLETE_v20 page 6_pages_51-75.md
002-031-030,,002,031,Molding - Door Belt,VMRS_HB_COMPLETE_v20 page 6_pages_51-75.md
045-021-105,,045,021,Module - Pressure Time Control,VMRS_HB_COMPLETE_v20 page 6_pages_51-75.md
002-030-020,,002,030,Molding - Door Window,VMRS_HB_COMPLETE_v20 page 6_pages_51-75.md
003-001-252,,003,001,"Module - Pressure, Analog/Digital Converter",VMRS_HB_COMPLETE_v20 page 6_pages_51-75.md
002-006-003,,002,006,Molding - Drip,VMRS_HB_COMPLETE_v20 page 6_pages_51-75.md
063-005-018,,063,005,Module - Product Link,VMRS_HB_COMPLETE_v20 page 6_pages_51-75.md
002-004-203,,002,004,"Molding - Drip, Hood",VMRS_HB_COMPLETE_v20 page 6_pages_51-75.md
003-002-029,,003,002,Module - Pulse Divider,VMRS_HB_COMPLETE_v20 page 6_pages_51-75.md
002-047-010,,002,047,"Molding - Drip, Vent",VMRS_HB_COMPLETE_v20 page 6_pages_51-75.md
097-003-003,,097,003,Module - Pump Throttle Control,VMRS_HB_COMPLETE_v20 page 6_pages_51-75.md
004-001-002,,004,001,Molding - Edge Boof Air Deflector,VMRS_HB_COMPLETE_v20 page 6_pages_51-75.md
037-001-010,,037,001,Module - Bain Light Sensor,VMRS_HB_COMPLETE_v20 page 6_pages_51-75.md
002-031-002,,002,031,Molding - End Panel Front,VMRS_HB_COMPLETE_v20 page 6_pages_51-75.md
043-006-044,,043,006,Module - Regeneration,VMRS_HB_COMPLETE_v20 page 6_pages_51-75.md
004-005-040,,004,005,Molding - Eairing Side,VMRS_HB_COMPLETE_v20 page 6_pages_51-75.md
174-032-040,,174,032,Module - Relay Socket Wheelchair Bamp,VMRS_HB_COMPLETE_v20 page 6_pages_51-75.md
002-033-005,,002,033,Molding - Front Fender Panel,VMRS_HB_COMPLETE_v20 page 6_pages_51-75.md
174-002-040,,174,002,Mechanism,VMRS_HB_COMPLETE_v20 page 6_pages_51-75.md
002-033-004,,002,033,"Molding - Front Fender, Side",VMRS_HB_COMPLETE_v20 page 6_pages_51-75.md
033-001-023,,033,001,Modulo - Romoto Start,VMRS_HB_COMPLETE_v20 page 6_pages_51-75.md
002-000-004,,002,000,Molding - Garnish Back Window,VMRS_HB_COMPLETE_v20 page 6_pages_51-75.md
044-001-106,,044,001,"Module - Reservoir, Fuel Pump",VMRS_HB_COMPLETE_v20 page 6_pages_51-75.md
044-001-100,,044,001,"Module - Reservoir, Luer Fullip",VMRS_HB_COMPLETE_v20 page 6_pages_51-75.md
002-030-003,,002,030,"Molding Garnish, Field Window",VMRS_HB_COMPLETE_v20 page 6_pages_51-75.md
045-021-060,,045,021,Module - ADT (Stand Alone Deal Time),VMRS_HB_COMPLETE_v20 page 6_pages_51-75.md
002-030-005,,002,030,"Molding - Carnish, Side WildowMolding - Carnish, Tailgata Or Back Door",VMRS_HB_COMPLETE_v20 page 6_pages_51-75.md
174-017-002,,174,017,Module - SART (Stanu Alone Real Time),VMRS_HB_COMPLETE_v20 page 6_pages_51-75.md
002-030-000,,002,030,Molding - Ground Effects,VMRS_HB_COMPLETE_v20 page 6_pages_51-75.md
174-017-003,,174,017,Madula - School Bus Stop Ann,VMRS_HB_COMPLETE_v20 page 6_pages_51-75.md
002-031-019,,002,031,Molding - Ground Ellecis,VMRS_HB_COMPLETE_v20 page 6_pages_51-75.md
002-037-020,,002,037,"Module - Seat Bell, SPACE Assembly",VMRS_HB_COMPLETE_v20 page 6_pages_51-75.md
034-001-179,,034,001,Molding - Headlamp,VMRS_HB_COMPLETE_v20 page 6_pages_51-75.md
002-027-188,,002,027,Module - Seat ECU,VMRS_HB_COMPLETE_v20 page 6_pages_51-75.md
002-033-007,,002,033,"Molding - Hood Panel, Center",VMRS_HB_COMPLETE_v20 page 6_pages_51-75.md
002-037-011,,002,037,"Module - Seat, Climate Control",VMRS_HB_COMPLETE_v20 page 6_pages_51-75.md
002-033-006,,002,033,"Molding - Hood Panel, Front",VMRS_HB_COMPLETE_v20 page 6_pages_51-75.md
043-007-114,,043,007,"Module - Selective Catalytic Reduction, (Frame",VMRS_HB_COMPLETE_v20 page 6_pages_51-75.md
002-031-009,,002,031,"Molding - Insert, Cab Or Front Door",VMRS_HB_COMPLETE_v20 page 6_pages_51-75.md
002-031-010,,002,031,"Molding - Insert, Center Pillar",VMRS_HB_COMPLETE_v20 page 6_pages_51-75.md
037-001-007,,037,001,"Module - Signal Activation (SAM), Cab",VMRS_HB_COMPLETE_v20 page 6_pages_51-75.md
002-031-011,,002,031,"Molding - Insert, Rear Door",VMRS_HB_COMPLETE_v20 page 6_pages_51-75.md
037-001-008,,037,001,"Module - Signal Activation (SAM), Chassis",VMRS_HB_COMPLETE_v20 page 6_pages_51-75.md
002-031-012,,002,031,"Molding - Insert, Rear Quarter",VMRS_HB_COMPLETE_v20 page 6_pages_51-75.md
037-001-012,,037,001,"Module - Signal Activation (SAM), Single",VMRS_HB_COMPLETE_v20 page 6_pages_51-75.md
002-008-139,,002,008,Molding - Instrument Panel,VMRS_HB_COMPLETE_v20 page 6_pages_51-75.md
001-004-109,,001,004,"Module - Speed, Blower Motor, Heater, Sleeper",VMRS_HB_COMPLETE_v20 page 6_pages_51-75.md
002-030-015,,002,030,"Molding - Interior Panel, Cab",VMRS_HB_COMPLETE_v20 page 6_pages_51-75.md
082-015-002,,082,015,Module - Starter Disconnect,VMRS_HB_COMPLETE_v20 page 6_pages_51-75.md
002-059-022,,002,059,Molding - Pickup Box,VMRS_HB_COMPLETE_v20 page 6_pages_51-75.md
462-016-001,,462,016,Module - Telematics,VMRS_HB_COMPLETE_v20 page 6_pages_51-75.md
002-024-070,,002,024,"Molding - Reveal, Back Glass",VMRS_HB_COMPLETE_v20 page 6_pages_51-75.md
036-006-015,,036,006,"Module - Telemetry, Auxiliary, Asset Tracking",VMRS_HB_COMPLETE_v20 page 6_pages_51-75.md
002-031-007,,002,031,"Molding - Reveal, Back Window",VMRS_HB_COMPLETE_v20 page 6_pages_51-75.md
036-006-014,,036,006,"Module - Telemetry, Primary, Asset Tracking",VMRS_HB_COMPLETE_v20 page 6_pages_51-75.md
002-031-006,,002,031,"Molding - Reveal, Cab Or Front Door",VMRS_HB_COMPLETE_v20 page 6_pages_51-75.md
365-005-004,,365,005,"Module - Temperature Control, Paint Heater",VMRS_HB_COMPLETE_v20 page 6_pages_51-75.md
002-061-057,,002,061,"Molding - Reveal, Liftgate",VMRS_HB_COMPLETE_v20 page 6_pages_51-75.md
037-001-009,,037,001,Module - Torque Security,VMRS_HB_COMPLETE_v20 page 6_pages_51-75.md
002-015-192,,002,015,"Molding - Reveal, Quarter Panel",VMRS_HB_COMPLETE_v20 page 6_pages_51-75.md
013-011-130,,013,011,Module - Traction Control (TCS),VMRS_HB_COMPLETE_v20 page 6_pages_51-75.md
002-006-099,,002,006,"Molding - Reveal, Roof Panel",VMRS_HB_COMPLETE_v20 page 6_pages_51-75.md
099-003-008,,099,003,Module - Trailer ID,VMRS_HB_COMPLETE_v20 page 6_pages_51-75.md
002-024-072,,002,024,"Molding - Reveal, Windshield",VMRS_HB_COMPLETE_v20 page 6_pages_51-75.md
034-003-167,,034,003,Module - Turn Signal,VMRS_HB_COMPLETE_v20 page 6_pages_51-75.md
002-031-005,,002,031,"Molding - Reveal, Windshield",VMRS_HB_COMPLETE_v20 page 6_pages_51-75.md
032-001-076,,032,001,"Module - Ultra Capacitor, Engine Starting (ESM)",VMRS_HB_COMPLETE_v20 page 6_pages_51-75.md
002-031-004,,002,031,Molding - Rocker Panel,VMRS_HB_COMPLETE_v20 page 6_pages_51-75.md
013-008-051,,013,008,Module - Vacuum Booster,VMRS_HB_COMPLETE_v20 page 6_pages_51-75.md
002-030-007,,002,030,Molding - Roof,VMRS_HB_COMPLETE_v20 page 6_pages_51-75.md
003-001-253,,003,001,"Module - Vacuum, Analog/Digital Converter",VMRS_HB_COMPLETE_v20 page 6_pages_51-75.md
002-031-014,,002,031,"Molding - Scalp, Front Door Vent Divide",VMRS_HB_COMPLETE_v20 page 6_pages_51-75.md
002-011-095,,002,011,Module - Vehicle Data Recorder,VMRS_HB_COMPLETE_v20 page 6_pages_51-75.md
027-033-069,,027,033,Module - Vehicle Interface,VMRS_HB_COMPLETE_v20 page 6_pages_51-75.md
174-001-131,,174,001,"Molding - Shoe, Interior Bus Body",VMRS_HB_COMPLETE_v20 page 6_pages_51-75.md
045-021-053,,045,021,Module - Vehicle Personality (VPM),VMRS_HB_COMPLETE_v20 page 6_pages_51-75.md
002-031-034,,002,031,Molding - Side Panel,VMRS_HB_COMPLETE_v20 page 6_pages_51-75.md
043-001-181,,043,001,"Module - Warning, Emission Maintenance",VMRS_HB_COMPLETE_v20 page 6_pages_51-75.md
002-031-022,,002,031,"Molding - Sill, Right Or Left",VMRS_HB_COMPLETE_v20 page 6_pages_51-75.md
017-009-033,,017,009,"Module - Wheel, Tire Pressure Monitoring",VMRS_HB_COMPLETE_v20 page 6_pages_51-75.md
002-006-129,,002,006,Molding - Sunroof,VMRS_HB_COMPLETE_v20 page 6_pages_51-75.md
002-031-016,,002,031,Molding - Tail Lamp,VMRS_HB_COMPLETE_v20 page 6_pages_51-75.md
002-016-039,,002,016,Molding - Tailgate,VMRS_HB_COMPLETE_v20 page 6_pages_51-75.md
002-010-133,,002,010,Motor - Door Mirror,VMRS_HB_COMPLETE_v20 page 6_pages_51-75.md
002-046-087,,002,046,Molding - Trim,VMRS_HB_COMPLETE_v20 page 6_pages_51-75.md
002-020-038,,002,020,"Motor - Door, Front Or Rear",VMRS_HB_COMPLETE_v20 page 6_pages_51-75.md
002-030-008,,002,030,"Molding - Trim, Door & Quarter",VMRS_HB_COMPLETE_v20 page 6_pages_51-75.md
034-001-180,,034,001,"Motor - Door, Headlamp",VMRS_HB_COMPLETE_v20 page 6_pages_51-75.md
002-001-019,,002,001,"Molding - Trim, Lower",VMRS_HB_COMPLETE_v20 page 6_pages_51-75.md
055-006-001,,055,006,Motor - Drive,VMRS_HB_COMPLETE_v20 page 6_pages_51-75.md
002-001-018,,002,001,Molding Vent Cab Interior,VMRS_HB_COMPLETE_v20 page 6_pages_51-75.md
042-003-071,,042,003,Motor - Electric Fan,VMRS_HB_COMPLETE_v20 page 6_pages_51-75.md
002-030-014,,002,030,"Molding - Veni, Cab InteriorMolding - Wheel Lip Flare, Front, Right Or Left",VMRS_HB_COMPLETE_v20 page 6_pages_51-75.md
040-001-000,,040,001,Motor - Electric Condensing Unit Holdover,VMRS_HB_COMPLETE_v20 page 6_pages_51-75.md
002-031-023,,002,031,"Molding - Wheel Lip Flare, Rear, Right Or Left",VMRS_HB_COMPLETE_v20 page 6_pages_51-75.md
004-003-003,,004,003,Plate Refrigeration System,VMRS_HB_COMPLETE_v20 page 6_pages_51-75.md
002-033-002,,002,033,"Molding - Wheel Opening, Front Fender",VMRS_HB_COMPLETE_v20 page 6_pages_51-75.md
082-012-031,,082,012,"Motor - Electric, Control Panel Assembly,",VMRS_HB_COMPLETE_v20 page 6_pages_51-75.md
002-030-023,,002,030,"Molding - Windlace, Bulk, Door Trim",VMRS_HB_COMPLETE_v20 page 6_pages_51-75.md
002-031-008,,002,031,Molding - Windshield Division,VMRS_HB_COMPLETE_v20 page 6_pages_51-75.md
065-020-014,,065,020,"Motor - Electric, Control Valve, Hydraulic System",VMRS_HB_COMPLETE_v20 page 6_pages_51-75.md
002-030-001,,002,030,Molding - Windshield Garnish,VMRS_HB_COMPLETE_v20 page 6_pages_51-75.md
065-003-015,,065,003,"Motor - Electric, Cooler, Hydraulic System",VMRS_HB_COMPLETE_v20 page 6_pages_51-75.md
002-033-013,,002,033,"Molding, Exterior - Side",VMRS_HB_COMPLETE_v20 page 6_pages_51-75.md
055-014-002,,055,014,"Motor - Electric, Hydraulic Lift System Pump",VMRS_HB_COMPLETE_v20 page 6_pages_51-75.md
002-030-002,,002,030,"Moldings, Emblems & Nameplates - Instrument",VMRS_HB_COMPLETE_v20 page 6_pages_51-75.md
022-006-009,,022,006,"Motor - Electric, Rear Axle Shaft",VMRS_HB_COMPLETE_v20 page 6_pages_51-75.md
000-002-001,,000,002,PanelManitar Cantrol Linit,VMRS_HB_COMPLETE_v20 page 6_pages_51-75.md
174-025-006,,174,025,"Motor - Electric, School Bus Crossing Gate",VMRS_HB_COMPLETE_v20 page 6_pages_51-75.md
051-008-004,,051,008,Monitor - Control Dash Mounted GPS,VMRS_HB_COMPLETE_v20 page 6_pages_51-75.md
174-017-045,,174,017,"Motor - Electric, School Bus Stop Arm",VMRS_HB_COMPLETE_v20 page 6_pages_51-75.md
003-001-100,,003,001,Monitor - Coolant Level,VMRS_HB_COMPLETE_v20 page 6_pages_51-75.md
065-020-015,,065,020,Motor - Electronic,VMRS_HB_COMPLETE_v20 page 6_pages_51-75.md
002-057-008,,002,057,Monitor - Diagnostic,VMRS_HB_COMPLETE_v20 page 6_pages_51-75.md
082-001-053,,082,001,"Motor - Evaporator, Fan Or Blower",VMRS_HB_COMPLETE_v20 page 6_pages_51-75.md
034-004-390,,034,004,Monitor - Lighting,VMRS_HB_COMPLETE_v20 page 6_pages_51-75.md
043-003-088,,043,003,Motor - Exhaust Fan Vent,VMRS_HB_COMPLETE_v20 page 6_pages_51-75.md
045-021-103,,045,021,Monitor - Powertrain Control,VMRS_HB_COMPLETE_v20 page 6_pages_51-75.md
082-001-007,,082,001,Motor - Fan Or Blower,VMRS_HB_COMPLETE_v20 page 6_pages_51-75.md
036-008-008,,036,008,Monitor - Surveillance System,VMRS_HB_COMPLETE_v20 page 6_pages_51-75.md
001-001-387,,001,001,"Motor - Fan, Condenser, HVAC System",VMRS_HB_COMPLETE_v20 page 6_pages_51-75.md
036-003-002,,036,003,Monitor - Visual Assist Back-Up Camera,VMRS_HB_COMPLETE_v20 page 6_pages_51-75.md
042-010-013,,042,010,"Motor - Fan, Pre-Heater, Coolant",VMRS_HB_COMPLETE_v20 page 6_pages_51-75.md
079-002-000,,079,002,Monitor Assembly - Rear,VMRS_HB_COMPLETE_v20 page 6_pages_51-75.md
199-004-012,,199,004,Motor - Fines Screen,VMRS_HB_COMPLETE_v20 page 6_pages_51-75.md
036-002-018,,036,002,"Monitor Assembly - Rear, Lane Departure",VMRS_HB_COMPLETE_v20 page 6_pages_51-75.md
174-010-018,,174,010,Motor - Folding Entrance Door,VMRS_HB_COMPLETE_v20 page 6_pages_51-75.md
044-012-041,,044,012,"Monitor, Display - Leak Detection, Fuel, Gaseous",VMRS_HB_COMPLETE_v20 page 6_pages_51-75.md
267-007-001,,267,007,Motor - Gear TypeMotor - Gear Type Tyrntable,VMRS_HB_COMPLETE_v20 page 6_pages_51-75.md
003-006-000,,003,006,Monitoring Devices,VMRS_HB_COMPLETE_v20 page 6_pages_51-75.md
000-003-013,,000,003,"Motor - Gear Type, Tumtable",VMRS_HB_COMPLETE_v20 page 6_pages_51-75.md
053-011-014,,053,011,Mon,VMRS_HB_COMPLETE_v20 page 6_pages_51-75.md
034-001-086,,034,001,Motor - Headlamp Leveling,VMRS_HB_COMPLETE_v20 page 6_pages_51-75.md
053-011-016,,053,011,Mop Handle,VMRS_HB_COMPLETE_v20 page 6_pages_51-75.md
002-065-019,,002,065,Motor - Headlamp Wiper,VMRS_HB_COMPLETE_v20 page 6_pages_51-75.md
053-011-015,,053,011,Mop Head,VMRS_HB_COMPLETE_v20 page 6_pages_51-75.md
002-027-281,,002,027,Motor - Headrest,VMRS_HB_COMPLETE_v20 page 6_pages_51-75.md
058-004-000,,058,004,Motor,VMRS_HB_COMPLETE_v20 page 6_pages_51-75.md
082-001-030,,082,001,Motor - Heat Transfer,VMRS_HB_COMPLETE_v20 page 6_pages_51-75.md
267-007-000,,267,007,Motor,VMRS_HB_COMPLETE_v20 page 6_pages_51-75.md
001-004-001,,001,004,"Motor - Heater and A/C, Sleeper",VMRS_HB_COMPLETE_v20 page 6_pages_51-75.md
058-004-001,,058,004,"Motor - 12 Volt, Winch",VMRS_HB_COMPLETE_v20 page 6_pages_51-75.md
002-011-148,,002,011,"Motor - Height Adjustment, Seat Belt",VMRS_HB_COMPLETE_v20 page 6_pages_51-75.md
058-004-002,,058,004,"Motor - 24 Volt, Winch",VMRS_HB_COMPLETE_v20 page 6_pages_51-75.md
065-003-016,,065,003,Motor - Hydraulic,VMRS_HB_COMPLETE_v20 page 6_pages_51-75.md
041-002-025,,041,002,Motor - Actuator,VMRS_HB_COMPLETE_v20 page 6_pages_51-75.md
170-001-005,,170,001,Motor - Hydraulic,VMRS_HB_COMPLETE_v20 page 6_pages_51-75.md
015-002-083,,015,002,"Motor - Adjust, Steering Column",VMRS_HB_COMPLETE_v20 page 6_pages_51-75.md
170-002-003,,170,002,Motor - Hydraulic,VMRS_HB_COMPLETE_v20 page 6_pages_51-75.md
002-036-000,,002,036,Motor - Air Compressor System,VMRS_HB_COMPLETE_v20 page 6_pages_51-75.md
170-003-004,,170,003,Motor - Hydraulic,VMRS_HB_COMPLETE_v20 page 6_pages_51-75.md
174-025-007,,174,025,"Motor - Air, School Bus Crossing Gate",VMRS_HB_COMPLETE_v20 page 6_pages_51-75.md
367-003-046,,367,003,Motor - Hydraulic Drive,VMRS_HB_COMPLETE_v20 page 6_pages_51-75.md
198-001-013,,198,001,Motor - Airlock,VMRS_HB_COMPLETE_v20 page 6_pages_51-75.md
042-003-107,,042,003,Motor - Hydraulic Fan Drive,VMRS_HB_COMPLETE_v20 page 6_pages_51-75.md
048-001-058,,048,001,"Motor - Assist, Power Steering, Hybrid",VMRS_HB_COMPLETE_v20 page 6_pages_51-75.md
198-001-004,,198,001,"Motor - Hydraulic, Auger",VMRS_HB_COMPLETE_v20 page 6_pages_51-75.md
072-008-002,,072,008,Motor - Automatic Door Opener,VMRS_HB_COMPLETE_v20 page 6_pages_51-75.md
198-001-011,,198,001,"Motor - Hydraulic, Blower Drive",VMRS_HB_COMPLETE_v20 page 6_pages_51-75.md
002-063-001,,002,063,Motor - Back Glass Wiper,VMRS_HB_COMPLETE_v20 page 6_pages_51-75.md
462-013-002,,462,013,"Motor - Hydraulic, High Articulation Jib",VMRS_HB_COMPLETE_v20 page 6_pages_51-75.md
001-001-082,,001,001,Motor - Blower,VMRS_HB_COMPLETE_v20 page 6_pages_51-75.md
291-005-004,,291,005,"Motor - Hydraulic, Hose Reel Drum",VMRS_HB_COMPLETE_v20 page 6_pages_51-75.md
061-003-002,,061,003,Motor - Blower,VMRS_HB_COMPLETE_v20 page 6_pages_51-75.md
291-001-006,,291,001,"Motor - Hydraulic, Main Pump",VMRS_HB_COMPLETE_v20 page 6_pages_51-75.md
151-001-018,,151,001,"Motor - Blower, APUMotor - Blower, Euco Box",VMRS_HB_COMPLETE_v20 page 6_pages_51-75.md
291-001-005,,291,001,"Motor - Hydraulic, Prime Pump",VMRS_HB_COMPLETE_v20 page 6_pages_51-75.md
001-002-017,,001,002,"Motor - Blower, Heater & Defroster",VMRS_HB_COMPLETE_v20 page 6_pages_51-75.md
267-003-000,,267,003,"Motor - Hydraulic, Propulsion",VMRS_HB_COMPLETE_v20 page 6_pages_51-75.md
151-002-020,,151,002,"Motor - Blower, Heater APU",VMRS_HB_COMPLETE_v20 page 6_pages_51-75.md
065-032-000,,065,032,"Motor - Hydraulic, Vane",VMRS_HB_COMPLETE_v20 page 6_pages_51-75.md
365-001-028,,365,001,"Motor - Blower, Paint Heater",VMRS_HB_COMPLETE_v20 page 6_pages_51-75.md
058-004-003,,058,004,"Motor - Hydraulic, Winch",VMRS_HB_COMPLETE_v20 page 6_pages_51-75.md
364-001-010,,364,001,"Motor - Blower, Paver/Melter Assembly",VMRS_HB_COMPLETE_v20 page 6_pages_51-75.md
462-002-008,,462,002,"Motor - Hydraulic, Winch, Material Handling Jib",VMRS_HB_COMPLETE_v20 page 6_pages_51-75.md
151-001-190,,151,001,"Motor - Blower, Regeneration, Diesel Particulate",VMRS_HB_COMPLETE_v20 page 6_pages_51-75.md
045-021-080,,045,021,Motor - Idle Speed Control,VMRS_HB_COMPLETE_v20 page 6_pages_51-75.md
001-001-201,,001,001,Motor - Liquid Vacuum,VMRS_HB_COMPLETE_v20 page 6_pages_51-75.md
002-037-015,,002,037,"Motor - Blower, Seat, Climate Controlled",VMRS_HB_COMPLETE_v20 page 6_pages_51-75.md
369-005-012,,369,005,"Motor - Lubrication, Fabricated Structure",VMRS_HB_COMPLETE_v20 page 6_pages_51-75.md
013-005-034,,013,005,Motor - Brake Pedal,VMRS_HB_COMPLETE_v20 page 6_pages_51-75.md
082-012-032,,082,012,"Motor - Main Drive, Stand By",VMRS_HB_COMPLETE_v20 page 6_pages_51-75.md
303-011-002,,303,011,Motor - Burner Assembly,VMRS_HB_COMPLETE_v20 page 6_pages_51-75.md
082-028-004,,082,028,"Motor - Main Drive, Standby",VMRS_HB_COMPLETE_v20 page 6_pages_51-75.md
174-020-010,,174,020,Motor - Bus Entrance Sten Heater Fan,VMRS_HB_COMPLETE_v20 page 6_pages_51-75.md
013-000-028,,013,000,Motor - Mode Door Actuator - Air Handler Self-,VMRS_HB_COMPLETE_v20 page 6_pages_51-75.md
174-026-007,,174,026,Motor - Bus Passenger Heater,VMRS_HB_COMPLETE_v20 page 6_pages_51-75.md
001-000-100,,001,000,Powered,VMRS_HB_COMPLETE_v20 page 6_pages_51-75.md
092-002-003,,092,002,Motor - Compressor,VMRS_HB_COMPLETE_v20 page 6_pages_51-75.md
168-001-006,,168,001,Motor - Mower,VMRS_HB_COMPLETE_v20 page 6_pages_51-75.md
082-004-003,,082,004,Motor - Compressor Drive,VMRS_HB_COMPLETE_v20 page 6_pages_51-75.md
199-001-012,,199,001,Motor - OCC Screen,VMRS_HB_COMPLETE_v20 page 6_pages_51-75.md
001-003-122,,001,003,"Motor - Compressor Drive, A/C",VMRS_HB_COMPLETE_v20 page 6_pages_51-75.md
293-001-003,,293,001,Motor - Oil Shaker Box,VMRS_HB_COMPLETE_v20 page 6_pages_51-75.md
082-008-010,,082,008,Motor - Condenser Fan,VMRS_HB_COMPLETE_v20 page 6_pages_51-75.md
051-013-007,,051,013,Motor - On Board Air Pump,VMRS_HB_COMPLETE_v20 page 6_pages_51-75.md
001-003-157,,001,003,"Motor - Condenser, Auxiliary Air Conditioner",VMRS_HB_COMPLETE_v20 page 6_pages_51-75.md
199-002-012,,199,002,Motor - ONP Screen,VMRS_HB_COMPLETE_v20 page 6_pages_51-75.md
002-060-028,,002,060,Motor - Convertible Top,VMRS_HB_COMPLETE_v20 page 6_pages_51-75.md
174-011-018,,174,011,Motor - Outward Opening Entrance Door,VMRS_HB_COMPLETE_v20 page 6_pages_51-75.md
102-001-029,,102,001,IVIOLOT - CONVEYOR ASSEMDLY,VMRS_HB_COMPLETE_v20 page 6_pages_51-75.md
365-000-002,,365,000,wotor - Paint Heating Pump,VMRS_HB_COMPLETE_v20 page 6_pages_51-75.md
000-004-012,,000,004,"Motor - Ooling Fall, WINCHMotor - Deflector Instrument Panel",VMRS_HB_COMPLETE_v20 page 6_pages_51-75.md
013-009-003,,013,009,Motor - Parking Brake,VMRS_HB_COMPLETE_v20 page 6_pages_51-75.md
002-040-016,,002,040,Motor - Deployable Step,VMRS_HB_COMPLETE_v20 page 6_pages_51-75.md
044-007-099,,044,007,Motor - Pedal. Adjustable,VMRS_HB_COMPLETE_v20 page 6_pages_51-75.md
001-002-160,,001,002,Motor - Door Actuator,VMRS_HB_COMPLETE_v20 page 6_pages_51-75.md
065-011-000,,065,011,Motor - Piston Type,VMRS_HB_COMPLETE_v20 page 6_pages_51-75.md
199-003-012,,199,003,Motor - Polishing Screen,VMRS_HB_COMPLETE_v20 page 6_pages_51-75.md
032-002-001,,032,002,Motor Assembly - Starter,VMRS_HB_COMPLETE_v20 page 6_pages_51-75.md
052-003-058,,052,003,Motor - Power Antenna Radio,VMRS_HB_COMPLETE_v20 page 6_pages_51-75.md
002-035-001,,002,035,Motor Assembly - Windshield Wiper,VMRS_HB_COMPLETE_v20 page 6_pages_51-75.md
002-027-313,,002,027,Motor - Power Lumbar,VMRS_HB_COMPLETE_v20 page 6_pages_51-75.md
002-035-031,,002,035,Motor Assembly - Windshield Wiper Left,VMRS_HB_COMPLETE_v20 page 6_pages_51-75.md
002-027-306,,002,027,Motor - Power Seat,VMRS_HB_COMPLETE_v20 page 6_pages_51-75.md
002-035-034,,002,035,"Motor Assembly - Windshield Wiper, Bight",VMRS_HB_COMPLETE_v20 page 6_pages_51-75.md
046-001-029,,046,001,Motor - Power Steer,VMRS_HB_COMPLETE_v20 page 6_pages_51-75.md
072-000-012,,072,000,Motor Board - Power Boll-Up Door,VMRS_HB_COMPLETE_v20 page 6_pages_51-75.md
,002-016,002,016,Motor - Power Window Tailgate,VMRS_HB_COMPLETE_v20 page 6_pages_51-75.md
082-012-033,,082,012,"Motor Evaporator, Ean Or Blower",VMRS_HB_COMPLETE_v20 page 6_pages_51-75.md
002-010-041,,002,010,Motor Programmor Drivo,VMRS_HB_COMPLETE_v20 page 6_pages_51-75.md
002-012-000,,002,012,"Motor Evaporator, Fan Dofrostor",VMRS_HB_COMPLETE_v20 page 6_pages_51-75.md
072-000-014,,072,000,Motor Housing Dower Poll Up Door,VMRS_HB_COMPLETE_v20 page 6_pages_51-75.md
002-002-024,,002,002,Motor - Pulldown Liftgate,VMRS_HB_COMPLETE_v20 page 6_pages_51-75.md
072-009-014,,072,009,Motor Clides Dewer Dell Up Deer,VMRS_HB_COMPLETE_v20 page 6_pages_51-75.md
010-000-007,,010,000,"Motor - Pulloowii, Liligale",VMRS_HB_COMPLETE_v20 page 6_pages_51-75.md
072-009-003,,072,009,Motor Unit Dewar Dell Un Deer,VMRS_HB_COMPLETE_v20 page 6_pages_51-75.md
019-002-037,,019,002,"Motor - Pump, Automatic Chassis Lubricator",VMRS_HB_COMPLETE_v20 page 6_pages_51-75.md
072-009-002,,072,009,Motor Unit - Power Roll-Up Door,VMRS_HB_COMPLETE_v20 page 6_pages_51-75.md
049-002-002,,049,002,"Motor - Pump, Hydraulic Launch, Hydrid",VMRS_HB_COMPLETE_v20 page 6_pages_51-75.md
,010-012,010,012,"Motor, Fan - Bus Root Vent",VMRS_HB_COMPLETE_v20 page 6_pages_51-75.md
055-023-105,,055,023,"Motor - Pump, Wheelchair Lift",VMRS_HB_COMPLETE_v20 page 6_pages_51-75.md
193-008-000,,193,008,Motors - Belt Conveyor System,VMRS_HB_COMPLETE_v20 page 6_pages_51-75.md
002-006-070,,002,006,Motor - Retractable Root Panel,VMRS_HB_COMPLETE_v20 page 6_pages_51-75.md
194-008-000,,194,008,Motors - Bucket Conveyor System,VMRS_HB_COMPLETE_v20 page 6_pages_51-75.md
034-003-112,,034,003,"Motor - Retractable Stop Arm, Side Mount",VMRS_HB_COMPLETE_v20 page 6_pages_51-75.md
197-007-000,,197,007,Motors - Chain Conveyor System,VMRS_HB_COMPLETE_v20 page 6_pages_51-75.md
034-001-057,,034,001,Motor - Revolving Warning Lamp,VMRS_HB_COMPLETE_v20 page 6_pages_51-75.md
269-012-000,,269,012,Motors - Dust and Debris Collecting,VMRS_HB_COMPLETE_v20 page 6_pages_51-75.md
034-006-046,,034,006,Motor - Revolving Warning Lamp,VMRS_HB_COMPLETE_v20 page 6_pages_51-75.md
196-008-000,,196,008,Motors - Roller Conveyor System,VMRS_HB_COMPLETE_v20 page 6_pages_51-75.md
174-017-017,,174,017,Motor - School Bus Electric Stop Arm Assembly,VMRS_HB_COMPLETE_v20 page 6_pages_51-75.md
195-008-000,,195,008,Motors - Screw Conveyor System,VMRS_HB_COMPLETE_v20 page 6_pages_51-75.md
027-033-093,,027,033,"Motor - Shift, Automatic Transmission",VMRS_HB_COMPLETE_v20 page 6_pages_51-75.md
174-001-201,,174,001,Moulding - Bus Body,VMRS_HB_COMPLETE_v20 page 6_pages_51-75.md
025-001-221,,025,001,"Motor - Shift, Transfer Case",VMRS_HB_COMPLETE_v20 page 6_pages_51-75.md
174-001-231,,174,001,Moulding - Bus Body,VMRS_HB_COMPLETE_v20 page 6_pages_51-75.md
053-004-060,,053,004,Motor - Siren,VMRS_HB_COMPLETE_v20 page 6_pages_51-75.md
152-003-009,,152,003,"Mouldings - Door, Lavatory",VMRS_HB_COMPLETE_v20 page 6_pages_51-75.md
054-001-036,,054,001,Motor - Siren,VMRS_HB_COMPLETE_v20 page 6_pages_51-75.md
152-003-010,,152,003,"Mouldings - Wall, Lavatory",VMRS_HB_COMPLETE_v20 page 6_pages_51-75.md
002-024-056,,002,024,"Motor - Sliding Window, Rear",VMRS_HB_COMPLETE_v20 page 6_pages_51-75.md
043-001-142,,043,001,"Mount - Air Pump, Air Injection System",VMRS_HB_COMPLETE_v20 page 6_pages_51-75.md
066-001-003,,066,001,Motor - Snow Plow,VMRS_HB_COMPLETE_v20 page 6_pages_51-75.md
059-001-172,,059,001,"Mount - Air Release Cylinder, Fifth Wheel",VMRS_HB_COMPLETE_v20 page 6_pages_51-75.md
162-002-001,,162,002,"Motor - Spinner, Spreader Assembly",VMRS_HB_COMPLETE_v20 page 6_pages_51-75.md
172-007-034,,172,007,"Mount - Arm Cylinder, Base End",VMRS_HB_COMPLETE_v20 page 6_pages_51-75.md
198-001-006,,198,001,Motor - Stack Turner,VMRS_HB_COMPLETE_v20 page 6_pages_51-75.md
172-007-033,,172,007,"Mount - Arm Cylinder, Rod End",VMRS_HB_COMPLETE_v20 page 6_pages_51-75.md
082-028-001,,082,028,"Motor - Standby Electric, Control Panel",VMRS_HB_COMPLETE_v20 page 6_pages_51-75.md
011-001-069,,011,001,Mount - Axle Beam,VMRS_HB_COMPLETE_v20 page 6_pages_51-75.md
001-002-170,,001,002,Mount - Blower Motor,VMRS_HB_COMPLETE_v20 page 6_pages_51-75.md
032-004-019,,032,004,Motor - Starter Air,VMRS_HB_COMPLETE_v20 page 6_pages_51-75.md
034-004-144,,034,004,Mount - Cable Tie,VMRS_HB_COMPLETE_v20 page 6_pages_51-75.md
082-025-003,,082,025,Motor - Starter Compressor Mechanical,VMRS_HB_COMPLETE_v20 page 6_pages_51-75.md
068-001-054,,068,001,Mount - Canopy Splicer Platform,VMRS_HB_COMPLETE_v20 page 6_pages_51-75.md
002-020-000,,002,020,Refrigeration Unit,VMRS_HB_COMPLETE_v20 page 6_pages_51-75.md
365-006-005,,365,006,Mount - Compressor Assembly,VMRS_HB_COMPLETE_v20 page 6_pages_51-75.md
015-003-128,,015,003,Motor - Steering Gear Electric,VMRS_HB_COMPLETE_v20 page 6_pages_51-75.md
053-001-066,,053,001,Mount - Compressor Automatic Traction Device,VMRS_HB_COMPLETE_v20 page 6_pages_51-75.md
015-015-004,,015,015,"Motor - Steering Gear, Electric Electric Lane",VMRS_HB_COMPLETE_v20 page 6_pages_51-75.md
045-021-082,,045,021,"Mount - Control Motor, Idle Speed",VMRS_HB_COMPLETE_v20 page 6_pages_51-75.md
040-021-002,,040,021,"Mount - Control Motor, Idle Speed",VMRS_HB_COMPLETE_v20 page 6_pages_51-75.md
001-002-115,,001,002,AssistMotor Stopper,VMRS_HB_COMPLETE_v20 page 6_pages_51-75.md
055-033-022,,055,033,Mount - Cylinder End Or Last Stage End Lift,VMRS_HB_COMPLETE_v20 page 6_pages_51-75.md
055-010-027,,055,010,"Mount - Cylinder Rod Or Last Stage End, Lilt",VMRS_HB_COMPLETE_v20 page 6_pages_51-75.md
002-000-040,,002,000,"Motor - Sunrool, Halch",VMRS_HB_COMPLETE_v20 page 6_pages_51-75.md
050-000-000,,050,000,"SystemMaynt, Optindar Dad On Last Otana End Makiala",VMRS_HB_COMPLETE_v20 page 6_pages_51-75.md
002-011-145,,002,011,"Motor - Sunshade, Back Glass",VMRS_HB_COMPLETE_v20 page 6_pages_51-75.md
059-033-030,,059,033,"Mount - Cylinder Rod Or Last Stage End, Venicle",VMRS_HB_COMPLETE_v20 page 6_pages_51-75.md
002-048-257,,002,048,"Motor - Sunshade, Door Glass",VMRS_HB_COMPLETE_v20 page 6_pages_51-75.md
054-000-000,,054,000,Coupling System,VMRS_HB_COMPLETE_v20 page 6_pages_51-75.md
464-005-001,,464,005,Motor - Swing Gear,VMRS_HB_COMPLETE_v20 page 6_pages_51-75.md
051-008-030,,051,008,"Mount - Display, GPS",VMRS_HB_COMPLETE_v20 page 6_pages_51-75.md
078-017-020,,078,017,Motor - Tarp Roller,VMRS_HB_COMPLETE_v20 page 6_pages_51-75.md
017-009-077,,017,009,"Mount - Display, TPMS",VMRS_HB_COMPLETE_v20 page 6_pages_51-75.md
172-007-015,,172,007,"Motor - Tipper, Loader",VMRS_HB_COMPLETE_v20 page 6_pages_51-75.md
172-008-003,,172,008,Mount - Ejector Cylinder,VMRS_HB_COMPLETE_v20 page 6_pages_51-75.md
365-013-023,,365,013,Motor - Tire Spray System,VMRS_HB_COMPLETE_v20 page 6_pages_51-75.md
045-020-014,,045,020,Mount - Engine Assembly,VMRS_HB_COMPLETE_v20 page 6_pages_51-75.md
199-005-012,,199,005,Motor - Trommel,VMRS_HB_COMPLETE_v20 page 6_pages_51-75.md
151-001-204,,151,001,"Mount - Engine, APU",VMRS_HB_COMPLETE_v20 page 6_pages_51-75.md
267-007-002,,267,007,Motor - Two Bolt Flange,VMRS_HB_COMPLETE_v20 page 6_pages_51-75.md
014-002-128,,014,002,"Mount - Face Bar, Bumper",VMRS_HB_COMPLETE_v20 page 6_pages_51-75.md
041-001-008,,041,001,"Motor - Vacuum, Climatic Combustion Control",VMRS_HB_COMPLETE_v20 page 6_pages_51-75.md
365-006-006,,365,006,"Mount - Filter, Compressor Assembly",VMRS_HB_COMPLETE_v20 page 6_pages_51-75.md
065-032-001,,065,032,Motor - Vane,VMRS_HB_COMPLETE_v20 page 6_pages_51-75.md
163-005-009,,163,005,"Mount - Fir Tree, Brush Chipper",VMRS_HB_COMPLETE_v20 page 6_pages_51-75.md
027-033-111,,027,033,Motor - Variable Force,VMRS_HB_COMPLETE_v20 page 6_pages_51-75.md
168-001-059,,168,001,"Mount - Fire Suppression, Mower",VMRS_HB_COMPLETE_v20 page 6_pages_51-75.md
002-027-226,,002,027,"Motor - Vibration, Seat",VMRS_HB_COMPLETE_v20 page 6_pages_51-75.md
172-007-044,,172,007,"Mount - Fork Cylinder, Base End",VMRS_HB_COMPLETE_v20 page 6_pages_51-75.md
151-002-004,,151,002,"Motor - Water Valve, Heater, APU",VMRS_HB_COMPLETE_v20 page 6_pages_51-75.md
068-006-021,,068,006,"Mount - Fork Cylinder, Lift Truck",VMRS_HB_COMPLETE_v20 page 6_pages_51-75.md
055-023-043,,055,023,Motor - Wheelchair Lift,VMRS_HB_COMPLETE_v20 page 6_pages_51-75.md
172-007-043,,172,007,"Mount - Fork Cylinder, Rod End",VMRS_HB_COMPLETE_v20 page 6_pages_51-75.md
462-014-002,,462,014,"Motor - Winch, Removable Jib",VMRS_HB_COMPLETE_v20 page 6_pages_51-75.md
068-004-030,,068,004,"Mount - Fork Cylinder, Unloader",VMRS_HB_COMPLETE_v20 page 6_pages_51-75.md
002-018-194,,002,018,Motor - Window Regulator,VMRS_HB_COMPLETE_v20 page 6_pages_51-75.md
068-004-014,,068,004,Mount - Frame Cylinder,VMRS_HB_COMPLETE_v20 page 6_pages_51-75.md
002-015-205,,002,015,"Motor - Window, Power Vent",VMRS_HB_COMPLETE_v20 page 6_pages_51-75.md
068-001-073,,068,001,"Mount - Frame, Pedestal",VMRS_HB_COMPLETE_v20 page 6_pages_51-75.md
001-002-119,,001,002,Motor & Blower - Heater,VMRS_HB_COMPLETE_v20 page 6_pages_51-75.md
043-005-042,,043,005,Mount - Gauge,VMRS_HB_COMPLETE_v20 page 6_pages_51-75.md
002-035-119,,002,035,Motor & Bracket Assembly - Windshield Wiper,VMRS_HB_COMPLETE_v20 page 6_pages_51-75.md
063-008-006,,063,008,"Mount - GSM Assembly, Cab",VMRS_HB_COMPLETE_v20 page 6_pages_51-75.md
002-018-031,,002,018,Motor & Transmission - Electric Window,VMRS_HB_COMPLETE_v20 page 6_pages_51-75.md
063-006-020,,063,006,Mount - Handheld Unit Load Tracking BEID,VMRS_HB_COMPLETE_v20 page 6_pages_51-75.md
072-003-059,,072,003,Mount - Handle Bear Door,VMRS_HB_COMPLETE_v20 page 6_pages_51-75.md
034-001-075,,034,001,Mount - Headlamp,VMRS_HB_COMPLETE_v20 page 6_pages_51-75.md
001-001-433,,001,001,Motor and Blade - Condensor Ean Air,VMRS_HB_COMPLETE_v20 page 6_pages_51-75.md
022-001-075,,022,001,Mount - Housing Differential,VMRS_HB_COMPLETE_v20 page 6_pages_51-75.md
022-001-000,,022,001,Mount Housing Differential,VMRS_HB_COMPLETE_v20 page 6_pages_51-75.md
061-010-017,,061,010,Mater and Blower Assembly Vesuum Assembly,VMRS_HB_COMPLETE_v20 page 6_pages_51-75.md
022-003-130,,022,003,"Mount Housing, Engine Oil Filter",VMRS_HB_COMPLETE_v20 page 6_pages_51-75.md
061-009-001,,061,009,Motor and Drive Assembly - Vacuum Assembly,VMRS_HB_COMPLETE_v20 page 6_pages_51-75.md
040-011-000,,040,011,Mount Inboard Air Slide Delegas,VMRS_HB_COMPLETE_v20 page 6_pages_51-75.md
001-000-001,,001,000,"Notor and Drive Assembly - Droom System,",VMRS_HB_COMPLETE_v20 page 6_pages_51-75.md
061-004-000,,061,004,Motor and Drive Assembly Main Drawn,VMRS_HB_COMPLETE_v20 page 6_pages_51-75.md
100-000-014,,100,000,"Mount - LEO, Drush Motort Mount",VMRS_HB_COMPLETE_v20 page 6_pages_51-75.md
001-004-009,,001,004,Notor and Drive Assembly - Main Broom,VMRS_HB_COMPLETE_v20 page 6_pages_51-75.md
,108-001,108,001,"Mount - Leit, Sprayer, wetcut, Mower",VMRS_HB_COMPLETE_v20 page 6_pages_51-75.md
001-007-001,,001,007,Iviolor and Drive Assembly - Scrub Brush,VMRS_HB_COMPLETE_v20 page 6_pages_51-75.md
002-011-116,,002,011,"Mount - Lock Cylinder, Console",VMRS_HB_COMPLETE_v20 page 6_pages_51-75.md
001-005-008,,001,005,Iviolor and Drive Assembly - Side Broom,VMRS_HB_COMPLETE_v20 page 6_pages_51-75.md
059-001-157,,059,001,"wount - Outboard, Air Slide Release",VMRS_HB_COMPLETE_v20 page 6_pages_51-75.md
048-001-089,,048,001,"Motor and Transmission Assembly - Electric,",VMRS_HB_COMPLETE_v20 page 6_pages_51-75.md
059-002-023,,059,002,Mount - Pintle Hook,VMRS_HB_COMPLETE_v20 page 6_pages_51-75.md
053-011-006,,053,011,Mount - Printer,VMRS_HB_COMPLETE_v20 page 6_pages_51-75.md
002-035-090,,002,035,Motor Assembly - Air,VMRS_HB_COMPLETE_v20 page 6_pages_51-75.md
028-006-006,,028,006,"Mount - PTO Shifter, Auxiliary Transmission",VMRS_HB_COMPLETE_v20 page 6_pages_51-75.md
055-010-149,,055,010,Motor Assembly - Hydraulic System,VMRS_HB_COMPLETE_v20 page 6_pages_51-75.md
015-013-017,,015,013,Mount - Rack & Pinion,VMRS_HB_COMPLETE_v20 page 6_pages_51-75.md
065-030-001,,065,030,"Motor Assembly - Hydraulic, Propulsion",VMRS_HB_COMPLETE_v20 page 6_pages_51-75.md
052-020-003,,052,020,Mount - Radar Detector,VMRS_HB_COMPLETE_v20 page 6_pages_51-75.md
094-006-003,,094,006,Motor Assembly - Reel Drive,VMRS_HB_COMPLETE_v20 page 6_pages_51-75.md
052-007-014,,052,007,"Mount - Receiver, Television",VMRS_HB_COMPLETE_v20 page 6_pages_51-75.md
068-001-071,,068,001,"Mount - Reservoir, Pedestal",VMRS_HB_COMPLETE_v20 page 6_pages_51-75.md
071-023-036,,071,023,"Mounting - Striker, Bulkhead Door",VMRS_HB_COMPLETE_v20 page 6_pages_51-75.md
168-001-080,,168,001,"Mount - Right, Sprayer, Wetcut, Mower",VMRS_HB_COMPLETE_v20 page 6_pages_51-75.md
002-009-016,,002,009,"Mounting - Sunshade, Exterior",VMRS_HB_COMPLETE_v20 page 6_pages_51-75.md
016-015-039,,016,015,Mount - Rubber,VMRS_HB_COMPLETE_v20 page 6_pages_51-75.md
016-015-003,,016,015,"Mounting - Suspension, Lower",VMRS_HB_COMPLETE_v20 page 6_pages_51-75.md
365-013-019,,365,013,"Mount - Rubber Tank , Tire Spray System",VMRS_HB_COMPLETE_v20 page 6_pages_51-75.md
045-017-009,,045,017,"Mounting - Tank, Auto Oil Fill",VMRS_HB_COMPLETE_v20 page 6_pages_51-75.md
004-005-005,,004,005,"Mount - Rubber, Chassis Fairing",VMRS_HB_COMPLETE_v20 page 6_pages_51-75.md
031-001-078,,031,001,"Mounting - Tensioner, Alternator",VMRS_HB_COMPLETE_v20 page 6_pages_51-75.md
052-008-033,,052,008,"Mount - Rubber, Compressor, Refrigerator",VMRS_HB_COMPLETE_v20 page 6_pages_51-75.md
063-003-002,,063,003,Mounting - Transceiver,VMRS_HB_COMPLETE_v20 page 6_pages_51-75.md
014-009-006,,014,009,"Mount - Rubber, Sleeper Mounting",VMRS_HB_COMPLETE_v20 page 6_pages_51-75.md
034-004-131,,034,004,Mounting Adapter - Dome Lamp,VMRS_HB_COMPLETE_v20 page 6_pages_51-75.md
004-008-006,,004,008,"Mount - Rubber, Transitional Fairing",VMRS_HB_COMPLETE_v20 page 6_pages_51-75.md
034-004-160,,034,004,Mounting Adapter - Marker Lamp,VMRS_HB_COMPLETE_v20 page 6_pages_51-75.md
016-003-025,,016,003,Mount - Shock Absorber,VMRS_HB_COMPLETE_v20 page 6_pages_51-75.md
013-010-151,,013,010,Mounting Adapter/Bracket - Relay Or Emergency,VMRS_HB_COMPLETE_v20 page 6_pages_51-75.md
016-006-011,,016,006,Mount - Shock Absorber,VMRS_HB_COMPLETE_v20 page 6_pages_51-75.md
016-014-029,,016,014,"Mount - Shock, Inner, Liftable Air Suspension",VMRS_HB_COMPLETE_v20 page 6_pages_51-75.md
071-006-007,,071,006,Mounting Angle - Door Stop,VMRS_HB_COMPLETE_v20 page 6_pages_51-75.md
016-014-028,,016,014,"Mount - Shock, Outer, Liftable Air Suspension",VMRS_HB_COMPLETE_v20 page 6_pages_51-75.md
071-023-001,,071,023,"Mounting Angle - Bulkhead, Body",VMRS_HB_COMPLETE_v20 page 6_pages_51-75.md
162-001-026,,162,001,"Mount - Spinner, Spreader Assembly",VMRS_HB_COMPLETE_v20 page 6_pages_51-75.md
268-008-012,,268,008,Mounting Angle - Personnel Bucket,VMRS_HB_COMPLETE_v20 page 6_pages_51-75.md
032-002-083,,032,002,Mount - Starter Motor,VMRS_HB_COMPLETE_v20 page 6_pages_51-75.md
042-050-114,,042,050,Mounting Arge - Shell,VMRS_HB_COMPLETE_v20 page 6_pages_51-75.md
010-020-019,,010,020,Mount Suction Dash/Windshield,VMRS_HB_COMPLETE_v20 page 6_pages_51-75.md
043-003-051,,043,003,Mounting Assembly Condensor,VMRS_HB_COMPLETE_v20 page 6_pages_51-75.md
168-001-060,,168,001,"Mount - Suction, Dash/Windshield",VMRS_HB_COMPLETE_v20 page 6_pages_51-75.md
082-000-000,,082,000,Mounting Assembly - Condenser,VMRS_HB_COMPLETE_v20 page 6_pages_51-75.md
001-002-121,,001,002,Mount - Thermistor,VMRS_HB_COMPLETE_v20 page 6_pages_51-75.md
016-015-071,,016,015,Mounting Assembly - Condenser,VMRS_HB_COMPLETE_v20 page 6_pages_51-75.md
014-003-049,,014,003,Mount - Torque Strut Engine,VMRS_HB_COMPLETE_v20 page 6_pages_51-75.md
044-002-033,,044,002,Mounting Rase - Separator,VMRS_HB_COMPLETE_v20 page 6_pages_51-75.md
016-002-084,,016,002,Mount - Torsion Bar,VMRS_HB_COMPLETE_v20 page 6_pages_51-75.md
164-001-004,,164,001,Mounting Base Kit - Drivers Side Blower,VMRS_HB_COMPLETE_v20 page 6_pages_51-75.md
014-003-046,,014,003,Mount - Transmission,VMRS_HB_COMPLETE_v20 page 6_pages_51-75.md
078-002-004,,078,002,Mounting Box - Tail Lamp,VMRS_HB_COMPLETE_v20 page 6_pages_51-75.md
172-001-020,,172,001,"Mount - Turnbuckle, Container Body",VMRS_HB_COMPLETE_v20 page 6_pages_51-75.md
362-002-008,,362,002,Mounting Bracket,VMRS_HB_COMPLETE_v20 page 6_pages_51-75.md
061-012-014,,061,012,Mount - Vacuum Assembly,VMRS_HB_COMPLETE_v20 page 6_pages_51-75.md
174-016-013,,174,016,Mounting Bracket - Bus Roof Vent Fan Motor,VMRS_HB_COMPLETE_v20 page 6_pages_51-75.md
082-041-015,,082,041,"Mount - Vibration, Engine, Reefer",VMRS_HB_COMPLETE_v20 page 6_pages_51-75.md
041-004-024,,041,004,"Mounting Bracket - Charge Air Cooler, Pipe",VMRS_HB_COMPLETE_v20 page 6_pages_51-75.md
153-002-007,,153,002,"Mount - Vibration, Stationary Generator",VMRS_HB_COMPLETE_v20 page 6_pages_51-75.md
174-010-019,,174,010,Mounting Bracket - Folding Entrance Door,VMRS_HB_COMPLETE_v20 page 6_pages_51-75.md
044-010-072,,044,010,"Mount -Counterweight, Tank, Propane",VMRS_HB_COMPLETE_v20 page 6_pages_51-75.md
002-048-098,,002,048,Mount Assembly - Bunk Curtain,VMRS_HB_COMPLETE_v20 page 6_pages_51-75.md
044-001-065,,044,001,Mounting Bracket - Fuel Cooler,VMRS_HB_COMPLETE_v20 page 6_pages_51-75.md
002-050-696,,002,050,Mount Assembly - Bunk Curtain,VMRS_HB_COMPLETE_v20 page 6_pages_51-75.md
174-021-001,,174,021,Mounting Bracket - Interior Bus Luggage Rack,VMRS_HB_COMPLETE_v20 page 6_pages_51-75.md
002-002-106,,002,002,Mount Kit - Mud Guard,VMRS_HB_COMPLETE_v20 page 6_pages_51-75.md
174-011-019,,174,011,Mounting Bracket - Outward Opening Entrance,VMRS_HB_COMPLETE_v20 page 6_pages_51-75.md
014-014-018,,014,014,Mount Kit - Mud Guard,VMRS_HB_COMPLETE_v20 page 6_pages_51-75.md
055-001-063,,055,001,Mount Plate - Liftgate,VMRS_HB_COMPLETE_v20 page 6_pages_51-75.md
044-002-008,,044,002,Mounting Bracket - Primary Fuel Filter Assembly,VMRS_HB_COMPLETE_v20 page 6_pages_51-75.md
082-041-048,,082,041,"Mount Shock Vector - Engine, Reefer",VMRS_HB_COMPLETE_v20 page 6_pages_51-75.md
174-013-016,,174,013,Mounting Bracket - Rear Emergency Door,VMRS_HB_COMPLETE_v20 page 6_pages_51-75.md
021-001-161,,021,001,Mount- Differential Housing,VMRS_HB_COMPLETE_v20 page 6_pages_51-75.md
078-021-002,,078,021,Mounting - Air Chute,VMRS_HB_COMPLETE_v20 page 6_pages_51-75.md
023-004-002,,023,004,Mounting Bracket - Servo,VMRS_HB_COMPLETE_v20 page 6_pages_51-75.md
063-006-012,,063,006,Mounting - Battery,VMRS_HB_COMPLETE_v20 page 6_pages_51-75.md
174-012-016,,174,012,Mounting Bracket - Side Emergency Door,VMRS_HB_COMPLETE_v20 page 6_pages_51-75.md
071-026-042,,071,026,Mounting - Bow,VMRS_HB_COMPLETE_v20 page 6_pages_51-75.md
000-007-000,,000,007,Safety Prop,VMRS_HB_COMPLETE_v20 page 6_pages_51-75.md
002-036-049,,002,036,"Mounting - Cab Latch, Rear",VMRS_HB_COMPLETE_v20 page 6_pages_51-75.md
174-010-002,,174,010,Mounting Bracket - Spring Bottom ( Fork End),VMRS_HB_COMPLETE_v20 page 6_pages_51-75.md
010-015-002,,010,015,"Mounting - Cap Suspension, Upper",VMRS_HB_COMPLETE_v20 page 6_pages_51-75.md
174-019-003,,174,019,Mounting Bracket - Sun Visor,VMRS_HB_COMPLETE_v20 page 6_pages_51-75.md
030-006-043,,030,006,"Mounting - Carriera, Surveillance System",VMRS_HB_COMPLETE_v20 page 6_pages_51-75.md
044-007-015,,044,007,Mounting Bracket Air Bag Control,VMRS_HB_COMPLETE_v20 page 6_pages_51-75.md
082-002-030,,082,002,Mounting - Cargo Sensor,VMRS_HB_COMPLETE_v20 page 6_pages_51-75.md
017-008-007,,017,008,Mounting Bracket - Air Balance Valve Dual Tires,VMRS_HB_COMPLETE_v20 page 6_pages_51-75.md
092-002-016,,092,002,"Mounting - Compressor Assembly, Bulk Product",VMRS_HB_COMPLETE_v20 page 6_pages_51-75.md
001-001-320,,001,001,Mounting Bracket - Air Conditioner Duct,VMRS_HB_COMPLETE_v20 page 6_pages_51-75.md
002-002-010,,002,002,Transfer,VMRS_HB_COMPLETE_v20 page 6_pages_51-75.md
001-001-225,,001,001,Mounting Bracket - Air Conditioner Hoses Cab,VMRS_HB_COMPLETE_v20 page 6_pages_51-75.md
082-004-016,,082,004,"Mounting - Compressor Assembly, Open Type,",VMRS_HB_COMPLETE_v20 page 6_pages_51-75.md
002-010-099,,002,010,Mounting Bracket - Control Module,VMRS_HB_COMPLETE_v20 page 6_pages_51-75.md
024-003-003,,024,003,Mounting Bracket - Drive Shaft Retarder,VMRS_HB_COMPLETE_v20 page 6_pages_51-75.md
082-008-024,,082,008,Mounting - Condenser Assembly,VMRS_HB_COMPLETE_v20 page 6_pages_51-75.md
034-004-275,,034,004,Mounting Bracket - Electrical Box,VMRS_HB_COMPLETE_v20 page 6_pages_51-75.md
002-050-051,,002,050,Mounting - Cover Plate,VMRS_HB_COMPLETE_v20 page 6_pages_51-75.md
001-001-330,,001,001,"Mounting Bracket - Fan, Condenser",VMRS_HB_COMPLETE_v20 page 6_pages_51-75.md
002-050-184,,002,050,Mounting - Curtain,VMRS_HB_COMPLETE_v20 page 6_pages_51-75.md
015-004-034,,015,004,"Mounting Bracket - Fixed End, Tie Rod Damper",VMRS_HB_COMPLETE_v20 page 6_pages_51-75.md
036-007-002,,036,007,"Mounting - Dash, On Board Computer",VMRS_HB_COMPLETE_v20 page 6_pages_51-75.md
016-002-019,,016,002,"Mounting Bracket - Front Spring, Front, Fixed",VMRS_HB_COMPLETE_v20 page 6_pages_51-75.md
027-033-063,,027,033,Mounting - ECU Isolation,VMRS_HB_COMPLETE_v20 page 6_pages_51-75.md
153-005-010,,153,005,"Mounting - Emergency Stop Button, Stationary",VMRS_HB_COMPLETE_v20 page 6_pages_51-75.md
016-002-018,,016,002,"Mounting Bracket - Front Spring, Front, Fixed",VMRS_HB_COMPLETE_v20 page 6_pages_51-75.md
014-003-023,,014,003,Mounting - Flywheel,VMRS_HB_COMPLETE_v20 page 6_pages_51-75.md
016-002-027,,016,002,"Mounting Bracket - Front Spring, Rear, Fixed",VMRS_HB_COMPLETE_v20 page 6_pages_51-75.md
034-004-155,,034,004,Mounting - Fuse Panel,VMRS_HB_COMPLETE_v20 page 6_pages_51-75.md
174-001-187,,174,001,Mounting - Handrail,VMRS_HB_COMPLETE_v20 page 6_pages_51-75.md
016-002-026,,016,002,"Mounting Bracket - Front Spring, Rear, Fixed",VMRS_HB_COMPLETE_v20 page 6_pages_51-75.md
055-023-080,,055,023,"Mounting - Handrall, Wheelchair Lift",VMRS_HB_COMPLETE_v20 page 6_pages_51-75.md
016-000-001,,016,000,"End, RightMounting Breaket - Front Opring Deer Fron",VMRS_HB_COMPLETE_v20 page 6_pages_51-75.md
030-008-029,,030,008,"Mounting - Hard Drive, Surveillance System",VMRS_HB_COMPLETE_v20 page 6_pages_51-75.md
016-002-031,,016,002,"Mounting Bracket - Front Spring, Rear, Free",VMRS_HB_COMPLETE_v20 page 6_pages_51-75.md
042-011-023,,042,011,Mounting - Healer TarikMounting - Lift Cylindor,VMRS_HB_COMPLETE_v20 page 6_pages_51-75.md
016-002-021,,016,002,ElluMounting Procket - Front Spring Door Fron,VMRS_HB_COMPLETE_v20 page 6_pages_51-75.md
053-007-025,,053,007,Mounting - Loran Antonna,VMRS_HB_COMPLETE_v20 page 6_pages_51-75.md
010-002-021,,010,002,Find Loft,VMRS_HB_COMPLETE_v20 page 6_pages_51-75.md
003-002-002,,003,002,Mounting - Loran AntennaMounting - Meters,VMRS_HB_COMPLETE_v20 page 6_pages_51-75.md
016-002-020,,016,002,Mounting Bracket - Front Spring Bear Free,VMRS_HB_COMPLETE_v20 page 6_pages_51-75.md
078-005-002,,078,005,Mounting Meters Trailer,VMRS_HB_COMPLETE_v20 page 6_pages_51-75.md
010-002-020,,010,002,End Bight,VMRS_HB_COMPLETE_v20 page 6_pages_51-75.md
001-004-002,,001,004,"Mounting Motor, Halen",VMRS_HB_COMPLETE_v20 page 6_pages_51-75.md
002-001-031,,002,001,Mounting Bracket - Grille,VMRS_HB_COMPLETE_v20 page 6_pages_51-75.md
002-004-125,,002,004,Mounting - Pivot,VMRS_HB_COMPLETE_v20 page 6_pages_51-75.md
014-007-001,,014,007,Mounting Bracket - License Front,VMRS_HB_COMPLETE_v20 page 6_pages_51-75.md
022-004-003,,022,004,Mounting - Power Divider,VMRS_HB_COMPLETE_v20 page 6_pages_51-75.md
014-007-003,,014,007,Mounting Bracket - License. Rear,VMRS_HB_COMPLETE_v20 page 6_pages_51-75.md
002-004-159,,002,004,"Mounting - Prop Rod, Hood",VMRS_HB_COMPLETE_v20 page 6_pages_51-75.md
015-004-035,,015,004,Mounting Bracket - Movable End. Tie Rod,VMRS_HB_COMPLETE_v20 page 6_pages_51-75.md
002-050-139,,002,050,"Mounting - Restraint, Lower",VMRS_HB_COMPLETE_v20 page 6_pages_51-75.md
063-001-004,,063,001,Mounting - RF Antenna,VMRS_HB_COMPLETE_v20 page 6_pages_51-75.md
002-002-060,,002,002,"Mounting Bracket - Mud Flap Hanger, Rear",VMRS_HB_COMPLETE_v20 page 6_pages_51-75.md
071-026-041,,071,026,Mounting - Roller,VMRS_HB_COMPLETE_v20 page 6_pages_51-75.md
013-003-030,,013,003,"Mounting Bracket - Parking Brake Lever, Floor",VMRS_HB_COMPLETE_v20 page 6_pages_51-75.md
002-036-028,,002,036,"Mounting - Rubber, Pivot",VMRS_HB_COMPLETE_v20 page 6_pages_51-75.md
043-006-015,,043,006,Mounting Bracket - Particulate Filter Module,VMRS_HB_COMPLETE_v20 page 6_pages_51-75.md
002-011-035,,002,011,Mounting - Seat Belt,VMRS_HB_COMPLETE_v20 page 6_pages_51-75.md
002-001-039,,002,001,Mounting Bracket - Radiator Grille Screen,VMRS_HB_COMPLETE_v20 page 6_pages_51-75.md
004-001-004,,004,001,"Mounting Bracket - Roof Air Deflector, Left Front",VMRS_HB_COMPLETE_v20 page 6_pages_51-75.md
174-027-002,,174,027,Mounting Bracket - Bus Entrance Step Heater,VMRS_HB_COMPLETE_v20 page 6_pages_51-75.md
004-001-009,,004,001,"Mounting Bracket - Roof Air Deflector, Left Rear",VMRS_HB_COMPLETE_v20 page 6_pages_51-75.md
174-027-008,,174,027,Mounting Bracket - Bus Entrance Step Heater,VMRS_HB_COMPLETE_v20 page 6_pages_51-75.md
004-001-003,,004,001,"Mounting Bracket - Roof Air Deflector, Right",VMRS_HB_COMPLETE_v20 page 6_pages_51-75.md
174-026-002,,174,026,Mounting Bracket - Bus Passenger Heater,VMRS_HB_COMPLETE_v20 page 6_pages_51-75.md
004-001-008,,004,001,"Mounting Bracket - Root Air Deflector, RightRear",VMRS_HB_COMPLETE_v20 page 6_pages_51-75.md
174-026-008,,174,026,Mounting Bracket - Bus Passenger Heater FanMotor,VMRS_HB_COMPLETE_v20 page 6_pages_51-75.md
174-031-021,,174,031,Mounting Bracket - Bus Under Driver Seat,VMRS_HB_COMPLETE_v20 page 6_pages_51-75.md
004-003-008,,004,003,"Mounting Bracket - Roof Fairing, Left Rear",VMRS_HB_COMPLETE_v20 page 6_pages_51-75.md
004-003-002,,004,003,"Mounting Bracket - Roof Fairing, Right Front",VMRS_HB_COMPLETE_v20 page 6_pages_51-75.md
174-031-018,,174,031,Mounting Bracket - Bus Under Driver Seat,VMRS_HB_COMPLETE_v20 page 6_pages_51-75.md
004-003-007,,004,003,"Mounting Bracket - Roof Fairing, Right Rear",VMRS_HB_COMPLETE_v20 page 6_pages_51-75.md
032-002-056,,032,002,Mounting Bracket - Starter Relay,VMRS_HB_COMPLETE_v20 page 6_pages_51-75.md
174-030-021,,174,030,Mounting Bracket - Bus Under Passenger Seat,VMRS_HB_COMPLETE_v20 page 6_pages_51-75.md
174-004-005,,174,004,Mounting Bracket - Underbody Battery,VMRS_HB_COMPLETE_v20 page 6_pages_51-75.md
013-008-045,,013,008,Compartment Tray,VMRS_HB_COMPLETE_v20 page 6_pages_51-75.md
174-030-018,,174,030,Storago Box Door Strut,VMRS_HB_COMPLETE_v20 page 6_pages_51-75.md
002-007-008,,002,007,"Mounting Bracket - ""B"" Pillar",VMRS_HB_COMPLETE_v20 page 6_pages_51-75.md
001-001-482,,001,001,Mounting Bracket - A/C Tensioner & Idler,VMRS_HB_COMPLETE_v20 page 6_pages_51-75.md
002-036-047,,002,036,Mounting Bracket - Cab,VMRS_HB_COMPLETE_v20 page 6_pages_51-75.md
044-007-035,,044,007,Mounting Bracket - Accelerator Cross Shaft,VMRS_HB_COMPLETE_v20 page 6_pages_51-75.md
042-002-091,,042,002,"Mounting Bracket - Cable Guide, on Radiator",VMRS_HB_COMPLETE_v20 page 6_pages_51-75.md
002-015-159,,002,015,Mounting Bracket - Access Panel Lock,VMRS_HB_COMPLETE_v20 page 6_pages_51-75.md
174-023-023,,174,023,Mounting Bracket - Camera Mounting Box,VMRS_HB_COMPLETE_v20 page 6_pages_51-75.md
065-002-003,,065,002,"Mounting Bracket - Accumulator, Hydraulic",VMRS_HB_COMPLETE_v20 page 6_pages_51-75.md
036-008-019,,036,008,"Mounting Bracket - Camera, Surveillance",VMRS_HB_COMPLETE_v20 page 6_pages_51-75.md
001-001-245,,001,001,Mounting Bracket - Actuator,VMRS_HB_COMPLETE_v20 page 6_pages_51-75.md
036-003-011,,036,003,"Mounting Bracket - Camera, Visual Assist Back-",VMRS_HB_COMPLETE_v20 page 6_pages_51-75.md
043-007-055,,043,007,Mounting Bracket - Aftertreatment Control,VMRS_HB_COMPLETE_v20 page 6_pages_51-75.md
043-006-021,,043,006,"Mounting Bracket - Catalytic Converter, Exhaust",VMRS_HB_COMPLETE_v20 page 6_pages_51-75.md
041-001-004,,041,001,Mounting Bracket - Air Cleaner,VMRS_HB_COMPLETE_v20 page 6_pages_51-75.md
043-001-048,,043,001,"Mounting Bracket - Catalytic Converter, Exhaust",VMRS_HB_COMPLETE_v20 page 6_pages_51-75.md
043-007-045,,043,007,Mounting Bracket - Air Control Unit,VMRS_HB_COMPLETE_v20 page 6_pages_51-75.md
050-005-001,,050,005,System Emission Controls,VMRS_HB_COMPLETE_v20 page 6_pages_51-75.md
044-003-206,,044,003,"Mounting Bracket - Air Cylinder, Engine Fuel",VMRS_HB_COMPLETE_v20 page 6_pages_51-75.md
052-005-021,,052,005,Mounting Bracket - CB Antenna,VMRS_HB_COMPLETE_v20 page 6_pages_51-75.md
016-000-055,,016,000,PumpMounting Brooket Air Culinder Dear,VMRS_HB_COMPLETE_v20 page 6_pages_51-75.md
052-005-005,,052,005,Mounting Bracket - CB Transmitter,VMRS_HB_COMPLETE_v20 page 6_pages_51-75.md
010-000-055,,010,000,"Mounting Bracket - Air Cylinder, Real",VMRS_HB_COMPLETE_v20 page 6_pages_51-75.md
005-012-005,,005,012,Systom,VMRS_HB_COMPLETE_v20 page 6_pages_51-75.md
013-010-096,,013,010,"Mounting Bracket - Air Oyinder, Turbocharger",VMRS_HB_COMPLETE_v20 page 6_pages_51-75.md
013-010-028,,013,010,Mounting Bracket - Chamber Or Spring Brake,VMRS_HB_COMPLETE_v20 page 6_pages_51-75.md
014-004-036,,014,004,Mounting Bracket - Air Spring,VMRS_HB_COMPLETE_v20 page 6_pages_51-75.md
041-004-015,,041,004,Mounting Bracket - Charge Air Cooler,VMRS_HB_COMPLETE_v20 page 6_pages_51-75.md
031-001-024,,031,001,Mounting Bracket - Alternator,VMRS_HB_COMPLETE_v20 page 6_pages_51-75.md
004-005-004,,004,005,Mounting Bracket - Chassis Fairing,VMRS_HB_COMPLETE_v20 page 6_pages_51-75.md
082-006-006,,082,006,Mounting Bracket - Alternator,VMRS_HB_COMPLETE_v20 page 6_pages_51-75.md
065-019-005,,065,019,"Mounting Bracket - Check Valve, Hydraulic",VMRS_HB_COMPLETE_v20 page 6_pages_51-75.md
151-001-198,,151,001,"Mounting Bracket - Alternator, APU",VMRS_HB_COMPLETE_v20 page 6_pages_51-75.md
082-044-006,,082,044,"Mounting Bracket - Alternator, Reefer",VMRS_HB_COMPLETE_v20 page 6_pages_51-75.md
002-011-085,,002,011,Mounting Bracket - Clipboard,VMRS_HB_COMPLETE_v20 page 6_pages_51-75.md
045-021-056,,045,021,Mounting Bracket - Ambient Temperature Sensor,VMRS_HB_COMPLETE_v20 page 6_pages_51-75.md
023-004-006,,023,004,Mounting Bracket - Clutch Booster,VMRS_HB_COMPLETE_v20 page 6_pages_51-75.md
044-003-149,,044,003,Mounting Bracket - Aneroid,VMRS_HB_COMPLETE_v20 page 6_pages_51-75.md
023-001-111,,023,001,Mounting Bracket - Clutch Pedal,VMRS_HB_COMPLETE_v20 page 6_pages_51-75.md
052-003-028,,052,003,"Mounting Bracket - Antenna, Radio/CB",VMRS_HB_COMPLETE_v20 page 6_pages_51-75.md
023-001-145,,023,001,Mounting Bracket - Clutch Reservoir,VMRS_HB_COMPLETE_v20 page 6_pages_51-75.md
013-011-088,,013,011,Mounting Bracket - Antilock Brake ECU,VMRS_HB_COMPLETE_v20 page 6_pages_51-75.md
001-001-047,,001,001,"Mounting Bracket - Compressor, Air Conditioning",VMRS_HB_COMPLETE_v20 page 6_pages_51-75.md
151-004-003,,151,004,Mounting Bracket - APU,VMRS_HB_COMPLETE_v20 page 6_pages_51-75.md
001-001-064,,001,001,Mounting Bracket - Condenser,VMRS_HB_COMPLETE_v20 page 6_pages_51-75.md
053-001-025,,053,001,Mounting Bracket - Automatic Traction Device,VMRS_HB_COMPLETE_v20 page 6_pages_51-75.md
013-012-009,,013,012,Mounting Bracket - Connector,VMRS_HB_COMPLETE_v20 page 6_pages_51-75.md
042-002-127,,042,002,Mounting Bracket - Auxiliary Cooling Module,VMRS_HB_COMPLETE_v20 page 6_pages_51-75.md
049-001-011,,049,001,"Mounting Bracket - Connector, Bulkhead,",VMRS_HB_COMPLETE_v20 page 6_pages_51-75.md
001-003-029,,001,003,Mounting Bracket - Auxiliary Heater Box,VMRS_HB_COMPLETE_v20 page 6_pages_51-75.md
077-003-046,,077,003,Mounting Bracket - Axle,VMRS_HB_COMPLETE_v20 page 6_pages_51-75.md
367-005-028,,367,005,Mounting Bracket - Control Pod,VMRS_HB_COMPLETE_v20 page 6_pages_51-75.md
014-005-004,,014,005,Mounting Bracket - Battery Box,VMRS_HB_COMPLETE_v20 page 6_pages_51-75.md
055-010-019,,055,010,"Mounting Bracket - Control Valve, Hydraulic Lift",VMRS_HB_COMPLETE_v20 page 6_pages_51-75.md
055-001-104,,055,001,"Mounting Bracket - Battery Box, Metal",VMRS_HB_COMPLETE_v20 page 6_pages_51-75.md
367-008-004,,367,008,"Mounting Bracket - Control, Vibration System",VMRS_HB_COMPLETE_v20 page 6_pages_51-75.md
062-018-003,,062,018,"Mounting Bracket - Bleeder Valve, Hydraulic",VMRS_HB_COMPLETE_v20 page 6_pages_51-75.md
013-011-117,,013,011,Mounting Bracket - Controller / Modulator Valve,VMRS_HB_COMPLETE_v20 page 6_pages_51-75.md
001-001-249,,001,001,SystemMounting Procket Riewer,VMRS_HB_COMPLETE_v20 page 6_pages_51-75.md
307-003-029,,307,003,Mounting Bracket Controls,VMRS_HB_COMPLETE_v20 page 6_pages_51-75.md
001-001-240,,001,001,Mounting Bracket - Blower Motor,VMRS_HB_COMPLETE_v20 page 6_pages_51-75.md
,007-170,007,170,Mounting Bracket - Collent Manifold,VMRS_HB_COMPLETE_v20 page 6_pages_51-75.md
053-999-114,,053,999,Mounting Bracket - Body Fluid Cleanup Kit,VMRS_HB_COMPLETE_v20 page 6_pages_51-75.md
042-013-004,,042,013,Mounting Bracket - Coolant Manifold,VMRS_HB_COMPLETE_v20 page 6_pages_51-75.md
016-014-060,,016,014,Mounting Bracket - Box Axle Lift Controls,VMRS_HB_COMPLETE_v20 page 6_pages_51-75.md
012-010-001,,012,010,Heat Generator,VMRS_HB_COMPLETE_v20 page 6_pages_51-75.md
013-005-015,,013,005,Mounting Bracket - Brake Pedal,VMRS_HB_COMPLETE_v20 page 6_pages_51-75.md
042-011-003,,042,011,Mounting Bracket - Coolant Water Heater,VMRS_HB_COMPLETE_v20 page 6_pages_51-75.md
174-028-002,,174,028,Mounting Bracket - Bus Body A/C Assembly,VMRS_HB_COMPLETE_v20 page 6_pages_51-75.md
065-003-004,,065,003,"Mounting Bracket - Cooler, Hydraulic System",VMRS_HB_COMPLETE_v20 page 6_pages_51-75.md
174-028-011,,174,028,Mounting Bracket - Bus Body A/C Blower Motor,VMRS_HB_COMPLETE_v20 page 6_pages_51-75.md
065-021-004,,065,021,Mounting Bracket - Counter Balance Valve.,VMRS_HB_COMPLETE_v20 page 6_pages_51-75.md
174-028-045,,174,028,Mounting Bracket - Bus Body A/C Control Panel,VMRS_HB_COMPLETE_v20 page 6_pages_51-75.md
002-002-011,,002,002,"Mounting Bracket - Crossover, Rear Fender",VMRS_HB_COMPLETE_v20 page 6_pages_51-75.md
174-028-047,,174,028,Mounting Bracket - Bus Body A/C System,VMRS_HB_COMPLETE_v20 page 6_pages_51-75.md
078-002-002,,078,002,"Mounting Bracket - Crossover, Rear Fender,",VMRS_HB_COMPLETE_v20 page 6_pages_51-75.md
174-028-041,,174,028,Mounting Bracket - Bus Body A/C System,VMRS_HB_COMPLETE_v20 page 6_pages_51-75.md
002-036-029,,002,036,Mounting Bracket - Cylinder,VMRS_HB_COMPLETE_v20 page 6_pages_51-75.md
065-004-004,,065,004,"Mounting Bracket - Cylinder, Hydraulic System",VMRS_HB_COMPLETE_v20 page 6_pages_51-75.md
174-023-017,,174,023,Mounting Bracket - Bus Crossview Mirror,VMRS_HB_COMPLETE_v20 page 6_pages_51-75.md
055-023-097,,055,023,"Mounting Bracket - Cylinder, Wheelchair Lift",VMRS_HB_COMPLETE_v20 page 6_pages_51-75.md
174-029-010,,174,029,Mounting Bracket - Bus Davenport,VMRS_HB_COMPLETE_v20 page 6_pages_51-75.md
002-008-048,,002,008,Mounting Bracket - Dash,VMRS_HB_COMPLETE_v20 page 6_pages_51-75.md
174-024-102,,174,024,Mounting Bracket - Bus Door Vandal Lock,VMRS_HB_COMPLETE_v20 page 6_pages_51-75.md
043-007-006,,043,007,Mounting Bracket - DEF Tank,VMRS_HB_COMPLETE_v20 page 6_pages_51-75.md
174-024-122,,174,024,Mounting Bracket - Bus Electrical Compartment,VMRS_HB_COMPLETE_v20 page 6_pages_51-75.md
078-026-029,,078,026,Mounting Bracket - Deployment Indicator Light,VMRS_HB_COMPLETE_v20 page 6_pages_51-75.md
174-004-404,,174,004,Lamp,VMRS_HB_COMPLETE_v20 page 6_pages_51-75.md
021-001-086,,021,001,"Mounting Bracket - Differential, Driven Front",VMRS_HB_COMPLETE_v20 page 6_pages_51-75.md
,024-124,024,124,Nounting Bracket - Bus Electrical Compartment,VMRS_HB_COMPLETE_v20 page 6_pages_51-75.md
006-001-000,,006,001,Steer Axle,VMRS_HB_COMPLETE_v20 page 6_pages_51-75.md
174-001-150,,174,001,Lamp Switch,VMRS_HB_COMPLETE_v20 page 6_pages_51-75.md
036-001-002,,036,001,"Mounting Bracket - Display, Collision Avoidance",VMRS_HB_COMPLETE_v20 page 6_pages_51-75.md
051-002-002,,051,002,Mounting Bracket - Drive Axle,VMRS_HB_COMPLETE_v20 page 6_pages_51-75.md
021-001-087,,021,001,Mounting Bracket - Driven Front Steer Axle,VMRS_HB_COMPLETE_v20 page 6_pages_51-75.md
174-001-172,,174,001,Mounting Bracket - Drivers Front Accessory,VMRS_HB_COMPLETE_v20 page 6_pages_51-75.md
015-009-021,,015,009,Mounting Bracket - Dual Steering,VMRS_HB_COMPLETE_v20 page 6_pages_51-75.md
042-002-132,,042,002,"Mounting Bracket - Duct, Auxiliary Cooling",VMRS_HB_COMPLETE_v20 page 6_pages_51-75.md
174-001-161,,174,001,Mounting Bracket - Electrical Compartment,VMRS_HB_COMPLETE_v20 page 6_pages_51-75.md
034-004-163,,034,004,Mounting Bracket - Electrical Panel,VMRS_HB_COMPLETE_v20 page 6_pages_51-75.md
174-001-160,,174,001,Mounting Bracket - Emergency Axe,VMRS_HB_COMPLETE_v20 page 6_pages_51-75.md
043-007-051,,043,007,Mounting Bracket - Engine Control Module,VMRS_HB_COMPLETE_v20 page 6_pages_51-75.md
002-012-027,,002,012,Mounting Bracket - Engine Cover,VMRS_HB_COMPLETE_v20 page 6_pages_51-75.md
002-045-001,,002,045,Mounting Bracket - Engine Noise Insulator,VMRS_HB_COMPLETE_v20 page 6_pages_51-75.md
014-013-002,,014,013,"Mounting Bracket - Engine Noise, Frame",VMRS_HB_COMPLETE_v20 page 6_pages_51-75.md
045-013-017,,045,013,"Mounting Bracket - Evacuation Hose, Engine Oil",VMRS_HB_COMPLETE_v20 page 6_pages_51-75.md
001-001-057,,001,001,Mounting Bracket - Evaporator,VMRS_HB_COMPLETE_v20 page 6_pages_51-75.md
043-006-042,,043,006,Mounting Bracket - Exhaust Aftertreatment,VMRS_HB_COMPLETE_v20 page 6_pages_51-75.md
043-005-035,,043,005,Mounting Bracket - Exhaust Clutch Switch,VMRS_HB_COMPLETE_v20 page 6_pages_51-75.md
043-003-034,,043,003,Mounting Bracket - Exhaust Pipe Support,VMRS_HB_COMPLETE_v20 page 6_pages_51-75.md
001-001-051,,001,001,Mounting Bracket - Expansion Valve,VMRS_HB_COMPLETE_v20 page 6_pages_51-75.md
004-003-019,,004,003,"Mounting Bracket - Extender, Roof Fairing,",VMRS_HB_COMPLETE_v20 page 6_pages_51-75.md
004-003-020,,004,003,"Mounting Bracket - Extender, Roof Fairing,",VMRS_HB_COMPLETE_v20 page 6_pages_51-75.md
004-003-021,,004,003,"Mounting Bracket - Extender, Roof Fairing,",VMRS_HB_COMPLETE_v20 page 6_pages_51-75.md
004-003-022,,004,003,"Mounting Bracket - Extender, Roof Fairing,",VMRS_HB_COMPLETE_v20 page 6_pages_51-75.md
004-003-017,,004,003,"Mounting Bracket - Extender, Roof Fairing,",VMRS_HB_COMPLETE_v20 page 6_pages_51-75.md
004-003-018,,004,003,"Mounting Bracket - Extender, Roof Fairing,",VMRS_HB_COMPLETE_v20 page 6_pages_51-75.md
000-011-111,,000,011,Upper Right,VMRS_HB_COMPLETE_v20 page 6_pages_51-75.md
026-011-144,,026,011,"Mounting Bracket - External Shift, Manual",VMRS_HB_COMPLETE_v20 page 6_pages_51-75.md
004-004-005,,004,004,Transmission,VMRS_HB_COMPLETE_v20 page 6_pages_51-75.md
004-004-007,,004,004,Intermediate,VMRS_HB_COMPLETE_v20 page 6_pages_51-75.md
004-004-000,,004,004,LettMounting Presket Fairing Cab Extender Lower,VMRS_HB_COMPLETE_v20 page 6_pages_51-75.md
004-004-008,,004,004,"Mounting Bracket - Fairing, Cab Extender, Lower",VMRS_HB_COMPLETE_v20 page 6_pages_51-75.md
004-004-006,,004,004,"RightMounting Presket, Fairing, Oak Extender, Dight",VMRS_HB_COMPLETE_v20 page 6_pages_51-75.md
004-004-003,,004,004,"Mounting Bracket - Fairing, Cab Extender, Opper",VMRS_HB_COMPLETE_v20 page 6_pages_51-75.md
004-004-004,,004,004,"LeitMounting Presket, Fairing, Oak Futender, Unner",VMRS_HB_COMPLETE_v20 page 6_pages_51-75.md
065-006-002,,065,006,"RigniMounting Product - Filter, Hudroulia Sustem",VMRS_HB_COMPLETE_v20 page 6_pages_51-75.md
060-006-003,,060,006,"Mounting Bracket - Filler, Hydraulic System",VMRS_HB_COMPLETE_v20 page 6_pages_51-75.md
055-004-004,,055,004,Mounting Bracket - First Ald Kit,VMRS_HB_COMPLETE_v20 page 6_pages_51-75.md
005-022-004,,005,022,"Nounting Bracket - Flow Control valve, Hydraulic",VMRS_HB_COMPLETE_v20 page 6_pages_51-75.md
174-010-020,,174,010,SystemMounting Procket Folding Entroppe Deer,VMRS_HB_COMPLETE_v20 page 6_pages_51-75.md
174-010-030,,174,010,Mounting Bracket - Folding Entrance Door,VMRS_HB_COMPLETE_v20 page 6_pages_51-75.md
174-010-036,,174,010,Mounting Blacket - Folding Entrance Door,VMRS_HB_COMPLETE_v20 page 6_pages_51-75.md
070-000-002,,070,000,Control SwitchMounting Procket Frame Mud Flan,VMRS_HB_COMPLETE_v20 page 6_pages_51-75.md
076-009-005,,076,009,"Mounting Bracket Frame, Mud Flap",VMRS_HB_COMPLETE_v20 page 6_pages_51-75.md
014-009-005,,014,009,Mounting Bracket - Front Stabilizer Member,VMRS_HB_COMPLETE_v20 page 6_pages_51-75.md
010-004-005,,010,004,Mounting Bracket Front Cab/Slooper,VMRS_HB_COMPLETE_v20 page 6_pages_51-75.md
174-026-042,,174,026,Mounting Bracket - Fuel Burping Hostor,VMRS_HB_COMPLETE_v20 page 6_pages_51-75.md
044-000-020,,044,000,Mounting Bracket - Fuel Burning Realer,VMRS_HB_COMPLETE_v20 page 6_pages_51-75.md
044-009-029,,044,009,"Mounting Bracket, Fuel Line Heater",VMRS_HB_COMPLETE_v20 page 6_pages_51-75.md
044-009-000,,044,009,Mounting Bracket - Fuel Line Healer,VMRS_HB_COMPLETE_v20 page 6_pages_51-75.md
044-003-190,,044,003,"Mounting Bracket, Fuel Tank",VMRS_HB_COMPLETE_v20 page 6_pages_51-75.md
014-000-003,,014,000,Mounting Bracket - Fuel Hallk,VMRS_HB_COMPLETE_v20 page 6_pages_51-75.md
044-002-080,,044,002,"Mounting Bracket, Gassous Fuel Task Filler",VMRS_HB_COMPLETE_v20 page 6_pages_51-75.md
044-012-022,,044,012,Nounting Dracket - Gaseous Fuel Tank Filler,VMRS_HB_COMPLETE_v20 page 6_pages_51-75.md
003-001-125,,003,001,"FipeMounting Brackot , Gauge",VMRS_HB_COMPLETE_v20 page 6_pages_51-75.md
065-001-100,,065,001,"Mounting Bracket - Gear Motor, Hydraulio",VMRS_HB_COMPLETE_v20 page 6_pages_51-75.md
000-010-007,,000,010,System,VMRS_HB_COMPLETE_v20 page 6_pages_51-75.md
065-013-005,,065,013,Mounting Bracket -Svstem,VMRS_HB_COMPLETE_v20 page 6_pages_51-75.md
065-014-005,,065,014,Mounting Bracket -System,VMRS_HB_COMPLETE_v20 page 6_pages_51-75.md
013-010-345,,013,010,Mounting Bracket -,VMRS_HB_COMPLETE_v20 page 6_pages_51-75.md
072-003-020,,072,003,Mounting Bracket -,VMRS_HB_COMPLETE_v20 page 6_pages_51-75.md
071-005-021,,071,005,Mounting Bracket,VMRS_HB_COMPLETE_v20 page 6_pages_51-75.md
071-003-021,,071,003,Mounting Bracket,VMRS_HB_COMPLETE_v20 page 6_pages_51-75.md
000-010-174,,000,010,Mounting Bracket,VMRS_HB_COMPLETE_v20 page 6_pages_51-75.md
002-018-174,,002,018,Mounting Bracket -,VMRS_HB_COMPLETE_v20 page 6_pages_51-75.md
013-010-409,,013,010,Mounting Bracket -,VMRS_HB_COMPLETE_v20 page 6_pages_51-75.md
002-004-232,,002,004,Mounting Bracket -,VMRS_HB_COMPLETE_v20 page 6_pages_51-75.md
002-004-034,,002,004,Mounting Bracket -,VMRS_HB_COMPLETE_v20 page 6_pages_51-75.md
054-001-003,,054,001,Mounting Bracket -,VMRS_HB_COMPLETE_v20 page 6_pages_51-75.md
013-010-059,,013,010,Mounting Bracket -,VMRS_HB_COMPLETE_v20 page 6_pages_51-75.md
013-007-035,,013,007,Mounting Bracket -,VMRS_HB_COMPLETE_v20 page 6_pages_51-75.md
055-004-021,,055,004,Mounting Bracket -,VMRS_HB_COMPLETE_v20 page 6_pages_51-75.md
055-004-022,,055,004,Mounting Bracket -,VMRS_HB_COMPLETE_v20 page 6_pages_51-75.md
033-003-013,,033,003,Mounting Bracket -,VMRS_HB_COMPLETE_v20 page 6_pages_51-75.md
362-002-005,,362,002,Mounting Bracket -,VMRS_HB_COMPLETE_v20 page 6_pages_51-75.md
044-003-143,,044,003,Mounting Bracket -,VMRS_HB_COMPLETE_v20 page 6_pages_51-75.md
174-024-117,,174,024,Mounting Bracket -,VMRS_HB_COMPLETE_v20 page 6_pages_51-75.md
052-011-015,,052,011,Mounting Bracket,VMRS_HB_COMPLETE_v20 page 6_pages_51-75.md
151-006-000,,151,006,Mounting Bracket,VMRS_HB_COMPLETE_v20 page 6_pages_51-75.md
151-000-002,,151,000,Mounting Bracket -,VMRS_HB_COMPLETE_v20 page 6_pages_51-75.md
072-005-004,,072,005,Mounting Bracket -,VMRS_HB_COMPLETE_v20 page 6_pages_51-75.md
002-046-083,,002,046,Mounting Bracket -,VMRS_HB_COMPLETE_v20 page 6_pages_51-75.md
072-001-009,,072,001,Mounting Bracket -,VMRS_HB_COMPLETE_v20 page 6_pages_51-75.md
055-023-081,,055,023,Mounting Bracket -,VMRS_HB_COMPLETE_v20 page 6_pages_51-75.md
072-005-011,,072,005,Mounting Bracket -,VMRS_HB_COMPLETE_v20 page 6_pages_51-75.md
072-005-010,,072,005,Mounting Bracket -,VMRS_HB_COMPLETE_v20 page 6_pages_51-75.md
032-004-049,,032,004,Mounting Bracket -,VMRS_HB_COMPLETE_v20 page 6_pages_51-75.md
059-001-021,,059,001,Mounting Bracket -,VMRS_HB_COMPLETE_v20 page 6_pages_51-75.md
065-009-003,,065,009,Mounting Bracket -,VMRS_HB_COMPLETE_v20 page 6_pages_51-75.md
034-004-036,,034,004,Mounting Bracket -,VMRS_HB_COMPLETE_v20 page 6_pages_51-75.md
055-007-020,,055,007,Mounting Bracket -,VMRS_HB_COMPLETE_v20 page 6_pages_51-75.md
043-007-032,,043,007,Mounting Bracket -,VMRS_HB_COMPLETE_v20 page 6_pages_51-75.md
052-005-011,,052,005,Mounting Bracket,VMRS_HB_COMPLETE_v20 page 6_pages_51-75.md
002-000-011,,002,000,Mounting Bracket,VMRS_HB_COMPLETE_v20 page 6_pages_51-75.md
002-010-025,,002,010,Mounting Bracket,VMRS_HB_COMPLETE_v20 page 6_pages_51-75.md
030-003-005,,030,003,Up Camera,VMRS_HB_COMPLETE_v20 page 6_pages_51-75.md
001-005-010,,001,005,Mounting Bracket -,VMRS_HB_COMPLETE_v20 page 6_pages_51-75.md
014-014-007,,014,014,Mounting Bracket -Wheel,VMRS_HB_COMPLETE_v20 page 6_pages_51-75.md
078-009-019,,078,009,Mounting Bracket -,VMRS_HB_COMPLETE_v20 page 6_pages_51-75.md
026-013-038,,026,013,Mounting Bracket -,VMRS_HB_COMPLETE_v20 page 6_pages_51-75.md
045-012-021,,045,012,Mounting Bracket -,VMRS_HB_COMPLETE_v20 page 6_pages_51-75.md
026-013-019,,026,013,Mounting Bracket -,VMRS_HB_COMPLETE_v20 page 6_pages_51-75.md
020-010-010,,020,010,Transmission,VMRS_HB_COMPLETE_v20 page 6_pages_51-75.md
045-010-010,,045,010,Mounting Bracket -,VMRS_HB_COMPLETE_v20 page 6_pages_51-75.md
003-001-206,,003,001,Mounting Bracket -,VMRS_HB_COMPLETE_v20 page 6_pages_51-75.md
045-009-017,,045,009,Mounting Bracket -,VMRS_HB_COMPLETE_v20 page 6_pages_51-75.md
044-007-039,,044,007,Mounting Bracket -,VMRS_HB_COMPLETE_v20 page 6_pages_51-75.md
174-011-048,,174,011,Mounting Bracket -,VMRS_HB_COMPLETE_v20 page 6_pages_51-75.md
174-011-042,,174,011,Mounting Bracket -,VMRS_HB_COMPLETE_v20 page 6_pages_51-75.md
174-011-046,,174,011,Mounting Bracket -,VMRS_HB_COMPLETE_v20 page 6_pages_51-75.md
174-011-059,,174,011,Mounting Bracket -,VMRS_HB_COMPLETE_v20 page 6_pages_51-75.md
174-011-070,,174,011,Mounting Bracket -Door Latch,VMRS_HB_COMPLETE_v20 page 6_pages_51-75.md
174-011-043,,174,011,Mounting Bracket -Door Release Asse,VMRS_HB_COMPLETE_v20 page 6_pages_51-75.md
174-011-069,,174,011,Mounting Bracket -Door Seal,VMRS_HB_COMPLETE_v20 page 6_pages_51-75.md
013-003-067,,013,003,Mounting Bracket -Mounting Bracket -,VMRS_HB_COMPLETE_v20 page 6_pages_51-75.md
081-006-006,,081,006,Mounting Bracket - Pil,VMRS_HB_COMPLETE_v20 page 6_pages_51-75.md
003-004-027,,003,004,"Mounting Bracket - Solenoid, Engine Shutdown",VMRS_HB_COMPLETE_v20 page 6_pages_51-75.md
065-024-005,,065,024,Mounting Bracket - Pil,VMRS_HB_COMPLETE_v20 page 6_pages_51-75.md
057-001-005,,057,001,Mounting Bracket - Spare Tire,VMRS_HB_COMPLETE_v20 page 6_pages_51-75.md
065-011-007,,065,011,Mounting Bracket - Pis,VMRS_HB_COMPLETE_v20 page 6_pages_51-75.md
002-050-046,,002,050,"Mounting Bracket - Speaker, Bunk",VMRS_HB_COMPLETE_v20 page 6_pages_51-75.md
002-050-047,,002,050,"Mounting Bracket - Speaker, Floor",VMRS_HB_COMPLETE_v20 page 6_pages_51-75.md
068-001-102,,068,001,Mounting Bracket - Pla,VMRS_HB_COMPLETE_v20 page 6_pages_51-75.md
068-007-004,,068,007,Mounting Bracket - Spring Top (Frame End),VMRS_HB_COMPLETE_v20 page 6_pages_51-75.md
462-009-008,,462,009,Mounting Bracket - Pla,VMRS_HB_COMPLETE_v20 page 6_pages_51-75.md
043-003-023,,043,003,"Mounting Bracket - Stand Out, Muttler",VMRS_HB_COMPLETE_v20 page 6_pages_51-75.md
034-004-410,,034,004,Mounting Bracket - PL,VMRS_HB_COMPLETE_v20 page 6_pages_51-75.md
043-003-047,,043,003,Mounting Bracket - Stay RouMounting Bracket - Stayring Goar Dack &,VMRS_HB_COMPLETE_v20 page 6_pages_51-75.md
065-025-003,,065,025,Mounting Bracket - Po,VMRS_HB_COMPLETE_v20 page 6_pages_51-75.md
015-015-009,,015,015,Pinion Left,VMRS_HB_COMPLETE_v20 page 6_pages_51-75.md
000-020-000,,000,020,Hydraulic System,VMRS_HB_COMPLETE_v20 page 6_pages_51-75.md
015-013-008,,015,013,"Mounting Bracket - Steering Gear, Back &",VMRS_HB_COMPLETE_v20 page 6_pages_51-75.md
043-007-024,,043,007,Mounting Bracket - Pu,VMRS_HB_COMPLETE_v20 page 6_pages_51-75.md
013-010-094,,013,010,Mounting Bracket - Qu,VMRS_HB_COMPLETE_v20 page 6_pages_51-75.md
059-041-003,,059,041,Mounting Bracket - Steering Hitch,VMRS_HB_COMPLETE_v20 page 6_pages_51-75.md
042-002-041,,042,002,Mounting Bracket - Ra,VMRS_HB_COMPLETE_v20 page 6_pages_51-75.md
174-002-020,,174,002,Mounting Bracket - Step,VMRS_HB_COMPLETE_v20 page 6_pages_51-75.md
051-006-007,,051,006,Mounting Bracket - Stop Arm,VMRS_HB_COMPLETE_v20 page 6_pages_51-75.md
052-003-011,,052,003,Mounting Bracket - Ra,VMRS_HB_COMPLETE_v20 page 6_pages_51-75.md
002-050-684,,002,050,Mounting Bracket - Storage Compartment,VMRS_HB_COMPLETE_v20 page 6_pages_51-75.md
014-009-002,,014,009,Mounting Bracket - Re,VMRS_HB_COMPLETE_v20 page 6_pages_51-75.md
001-001-046,,001,001,Mounting Bracket - Suction Throttling Valve,VMRS_HB_COMPLETE_v20 page 6_pages_51-75.md
016-006-004,,016,006,Mounting Bracket - Re,VMRS_HB_COMPLETE_v20 page 6_pages_51-75.md
042-002-042,,042,002,Mounting Bracket - Surge Tank,VMRS_HB_COMPLETE_v20 page 6_pages_51-75.md
042-009-008,,042,009,Mounting Bracket - Re,VMRS_HB_COMPLETE_v20 page 6_pages_51-75.md
034-004-175,,034,004,Mounting Bracket - Switch Exhaust Brake,VMRS_HB_COMPLETE_v20 page 6_pages_51-75.md
005-010-005,,005,010,Hydraulic System,VMRS_HB_COMPLETE_v20 page 6_pages_51-75.md
043-005-034,,043,005,Mounting Bracket - Tachograph,VMRS_HB_COMPLETE_v20 page 6_pages_51-75.md
036-008-017,,036,008,Mounting Bracket - Re,VMRS_HB_COMPLETE_v20 page 6_pages_51-75.md
078-013-001,,078,013,Mounting Bracket - Tarnaulin Basket,VMRS_HB_COMPLETE_v20 page 6_pages_51-75.md
000-000-017,,000,000,System,VMRS_HB_COMPLETE_v20 page 6_pages_51-75.md
052-007-008,,052,007,Mounting Bracket - Television,VMRS_HB_COMPLETE_v20 page 6_pages_51-75.md
094-006-002,,094,006,Mounting Bracket - Re,VMRS_HB_COMPLETE_v20 page 6_pages_51-75.md
081-005-031,,081,005,Mounting Bracket - Thermostat Control Unit,VMRS_HB_COMPLETE_v20 page 6_pages_51-75.md
081-005-006,,081,005,Mounting Bracket - Re,VMRS_HB_COMPLETE_v20 page 6_pages_51-75.md
044-007-080,,044,007,Mounting Bracket - Throttle Position Sensor,VMRS_HB_COMPLETE_v20 page 6_pages_51-75.md
065-026-005,,065,026,Mounting Bracket - Re,VMRS_HB_COMPLETE_v20 page 6_pages_51-75.md
014-010-008,,014,010,Mounting Bracket - Toolbox,VMRS_HB_COMPLETE_v20 page 6_pages_51-75.md
052-008-054,,052,008,"Mounting Bracket - Top, Refrigerator",VMRS_HB_COMPLETE_v20 page 6_pages_51-75.md
013-010-288,,013,010,Mounting Bracket - Re,VMRS_HB_COMPLETE_v20 page 6_pages_51-75.md
059-006-014,,059,006,Mounting Bracket - Trailer Tow Hitch,VMRS_HB_COMPLETE_v20 page 6_pages_51-75.md
003-004-029,,003,004,Mounting Bracket - Re,VMRS_HB_COMPLETE_v20 page 6_pages_51-75.md
004-008-009,,004,008,Mounting Bracket - Transitional Fairing,VMRS_HB_COMPLETE_v20 page 6_pages_51-75.md
082-019-039,,082,019,Mounting Bracket - Re,VMRS_HB_COMPLETE_v20 page 6_pages_51-75.md
014-013-005,,014,013,"Mounting Bracket - Transmission Noise, Frame",VMRS_HB_COMPLETE_v20 page 6_pages_51-75.md
005-007-005,,005,007,Refrigeration Unit,VMRS_HB_COMPLETE_v20 page 6_pages_51-75.md
043-004-182,,043,004,Mounting Bracket - Turbocharger,VMRS_HB_COMPLETE_v20 page 6_pages_51-75.md
000-027-000,,000,027,Nounting Bracket - Re,VMRS_HB_COMPLETE_v20 page 6_pages_51-75.md
043-004-131,,043,004,Mounting Bracket - Turbocompound,VMRS_HB_COMPLETE_v20 page 6_pages_51-75.md
082-026-002,,082,026,Mounting Bracket - Be,VMRS_HB_COMPLETE_v20 page 6_pages_51-75.md
043-004-077,,043,004,Mounting Bracket - Two Speed Switch,VMRS_HB_COMPLETE_v20 page 6_pages_51-75.md
056-001-144,,056,001,Mounting Bracket - Re,VMRS_HB_COMPLETE_v20 page 6_pages_51-75.md
174-001-171,,174,001,Mounting Bracket - Under Floor Air Horn,VMRS_HB_COMPLETE_v20 page 6_pages_51-75.md
002-035-113,,002,035,Mounting Bracket - Re,VMRS_HB_COMPLETE_v20 page 6_pages_51-75.md
174-003-016,,174,003,Mounting Bracket - Underbody Storage,VMRS_HB_COMPLETE_v20 page 6_pages_51-75.md
045-011-042,,045,011,Mounting Bracket - Re,VMRS_HB_COMPLETE_v20 page 6_pages_51-75.md
065-017-003,,065,017,Mounting Bracket - Re,VMRS_HB_COMPLETE_v20 page 6_pages_51-75.md
174-003-021,,174,003,Mounting Bracket - Underbody Storage,VMRS_HB_COMPLETE_v20 page 6_pages_51-75.md
054-002-009,,054,002,Mounting Bracket - Re,VMRS_HB_COMPLETE_v20 page 6_pages_51-75.md
034-006-045,,034,006,Mounting Bracket - Re,VMRS_HB_COMPLETE_v20 page 6_pages_51-75.md
174-003-029,,174,003,Mounting Bracket - Underbody Storage,VMRS_HB_COMPLETE_v20 page 6_pages_51-75.md
072-005-005,,072,005,Mounting Bracket - Ri,VMRS_HB_COMPLETE_v20 page 6_pages_51-75.md
002-046-084,,002,046,Mounting Bracket - Ri,VMRS_HB_COMPLETE_v20 page 6_pages_51-75.md
174-003-018,,174,003,Mounting Bracket - Underbody Storage,VMRS_HB_COMPLETE_v20 page 6_pages_51-75.md
004-001-006,,004,001,AssemblyMounting Procket Dr,VMRS_HB_COMPLETE_v20 page 6_pages_51-75.md
174-004-116,,174,004,Compartment Door Strut,VMRS_HB_COMPLETE_v20 page 6_pages_51-75.md
004-001-000,,004,001,Front,VMRS_HB_COMPLETE_v20 page 6_pages_51-75.md
174-024-110,,174,024,Compartment Lamp,VMRS_HB_COMPLETE_v20 page 6_pages_51-75.md
004-001-019,,004,001,Mounting Bracket - Bo,VMRS_HB_COMPLETE_v20 page 6_pages_51-75.md
023-004-009,,023,004,Mounting Bracket - Valve Assembly,VMRS_HB_COMPLETE_v20 page 6_pages_51-75.md
044-003-210,,044,003,"Mounting Bracket - Valve, Injector Pump",VMRS_HB_COMPLETE_v20 page 6_pages_51-75.md
004-003-005,,004,003,Mounting Bracket - Ro,VMRS_HB_COMPLETE_v20 page 6_pages_51-75.md
065-015-005,,065,015,"Mounting Bracket - Variable Displacement Pump,",VMRS_HB_COMPLETE_v20 page 6_pages_51-75.md
174-025-003,,174,025,Mounting Bracket - So,VMRS_HB_COMPLETE_v20 page 6_pages_51-75.md
174-025-008,,174,025,Mounting Bracket - So,VMRS_HB_COMPLETE_v20 page 6_pages_51-75.md
051-005-012,,051,005,Mounting Bracket - Vehicle Data Recorder,VMRS_HB_COMPLETE_v20 page 6_pages_51-75.md
051-008-010,,051,008,"Mounting Bracket - Vehicle Locating Unit,",VMRS_HB_COMPLETE_v20 page 6_pages_51-75.md
044-002-009,,044,002,Mounting Bracket - Se,VMRS_HB_COMPLETE_v20 page 6_pages_51-75.md
002-018-176,,002,018,Mounting Bracket - Vent Window,VMRS_HB_COMPLETE_v20 page 6_pages_51-75.md
043-006-033,,043,006,Mounting Bracket - Sh,VMRS_HB_COMPLETE_v20 page 6_pages_51-75.md
034-001-051,,034,001,Mounting Bracket - Warning Lamp,VMRS_HB_COMPLETE_v20 page 6_pages_51-75.md
020-015-077,,020,015,Transmission,VMRS_HB_COMPLETE_v20 page 6_pages_51-75.md
174-014-030,,174,014,Mounting Bracket - Waler Filler,VMRS_HB_COMPLETE_v20 page 6_pages_51-75.md
059-001-047,,059,001,Mounting Bracket - Sh,VMRS_HB_COMPLETE_v20 page 6_pages_51-75.md
000-001-047,,000,001,Base,VMRS_HB_COMPLETE_v20 page 6_pages_51-75.md
002-035-089,,002,035,Mounting Bracket - Windshield Wiper,VMRS_HB_COMPLETE_v20 page 6_pages_51-75.md
051-019-001,,051,019,Mounting Bracket - Sh,VMRS_HB_COMPLETE_v20 page 6_pages_51-75.md
002-035-095,,002,035,Mounting Bracket - Wiper Motor Assembly,VMRS_HB_COMPLETE_v20 page 6_pages_51-75.md
174-012-046,,174,012,Mounting Bracket - Si,VMRS_HB_COMPLETE_v20 page 6_pages_51-75.md
197-001-008,,197,001,Mounting Bracket -Chain Conveyor,VMRS_HB_COMPLETE_v20 page 6_pages_51-75.md
174-012-044,,174,012,Mounting Bracket - Si,VMRS_HB_COMPLETE_v20 page 6_pages_51-75.md
174-017-010,,174,017,Mounting Bracket -School Bus Stop Arm,VMRS_HB_COMPLETE_v20 page 6_pages_51-75.md
174-012-033,,174,012,Mounting Bracket - Sid,VMRS_HB_COMPLETE_v20 page 6_pages_51-75.md
001-003-072,,001,003,Mounting Bracket -Self-Powered,VMRS_HB_COMPLETE_v20 page 6_pages_51-75.md
036-001-003,,036,001,Mounting Bracket - Si,VMRS_HB_COMPLETE_v20 page 6_pages_51-75.md
034-004-041,,034,004,Mounting Bracket Kit - Marker Lamp,VMRS_HB_COMPLETE_v20 page 6_pages_51-75.md
013-010-005,,013,010,Mounting Bracket/Strap - Air Tank,VMRS_HB_COMPLETE_v20 page 6_pages_51-75.md
034-003-080,,034,003,Mounting Bracket - Si,VMRS_HB_COMPLETE_v20 page 6_pages_51-75.md
012-001-002,,012,001,Mounting Brackets,VMRS_HB_COMPLETE_v20 page 6_pages_51-75.md
002-002-012,,002,002,Mounting Bracket - Si,VMRS_HB_COMPLETE_v20 page 6_pages_51-75.md
001-001-003,,001,001,Mounting Bracket Si,VMRS_HB_COMPLETE_v20 page 6_pages_51-75.md
082-007-020,,082,007,Mounting Channel - Idler,VMRS_HB_COMPLETE_v20 page 6_pages_51-75.md
014-004-024,,014,004,Mounting Bracket - SI,VMRS_HB_COMPLETE_v20 page 6_pages_51-75.md
082-003-028,,082,003,Mounting Clamp - Cable,VMRS_HB_COMPLETE_v20 page 6_pages_51-75.md
082-044-012,,082,044,Mounting Bracket - Sc,VMRS_HB_COMPLETE_v20 page 6_pages_51-75.md
082-002-059,,082,002,Mounting Clamp - Screen,VMRS_HB_COMPLETE_v20 page 6_pages_51-75.md
043-005-033,,043,005,Mounting Bracket - So,VMRS_HB_COMPLETE_v20 page 6_pages_51-75.md
082-035-014,,082,035,Mounting Clamp - Cable,VMRS_HB_COMPLETE_v20 page 6_pages_51-75.md
044-015-026,,044,015,Mounting Clamp - Fuel Heater,VMRS_HB_COMPLETE_v20 page 6_pages_51-75.md
041-001-060,,041,001,,VMRS_HB_COMPLETE_v20 page 6_pages_51-75.md
151-003-052,,151,003,"Mounting Cradle - A/C Compressor/Alternator,",VMRS_HB_COMPLETE_v20 page 6_pages_51-75.md
084-001-004,,084,001,,VMRS_HB_COMPLETE_v20 page 6_pages_51-75.md
036-006-004,,036,006,,VMRS_HB_COMPLETE_v20 page 6_pages_51-75.md
174-034-006,,174,034,"Mounting End - Seat Belt, Bus Seat",VMRS_HB_COMPLETE_v20 page 6_pages_51-75.md
059-006-002,,059,006,,VMRS_HB_COMPLETE_v20 page 6_pages_51-75.md
002-058-014,,002,058,Mounting Frame,VMRS_HB_COMPLETE_v20 page 6_pages_51-75.md
367-010-014,,367,010,,VMRS_HB_COMPLETE_v20 page 6_pages_51-75.md
002-006-011,,002,006,Mounting Frame - Hatch,VMRS_HB_COMPLETE_v20 page 6_pages_51-75.md
001-002-168,,001,002,,VMRS_HB_COMPLETE_v20 page 6_pages_51-75.md
044-006-015,,044,006,Mounting Gasket - Governor,VMRS_HB_COMPLETE_v20 page 6_pages_51-75.md
052-008-055,,052,008,,VMRS_HB_COMPLETE_v20 page 6_pages_51-75.md
044-003-078,,044,003,Mounting Gasket - Injection Pump,VMRS_HB_COMPLETE_v20 page 6_pages_51-75.md
004-003-011,,004,003,,VMRS_HB_COMPLETE_v20 page 6_pages_51-75.md
043-004-013,,043,004,Mounting Gasket - Air Check Valve,VMRS_HB_COMPLETE_v20 page 6_pages_51-75.md
004-003-010,,004,003,,VMRS_HB_COMPLETE_v20 page 6_pages_51-75.md
013-009-019,,013,009,Mounting Gasket - Air Compressor &/Or,VMRS_HB_COMPLETE_v20 page 6_pages_51-75.md
013-005-012,,013,005,,VMRS_HB_COMPLETE_v20 page 6_pages_51-75.md
013-005-025,,013,005,,VMRS_HB_COMPLETE_v20 page 6_pages_51-75.md
026-011-091,,026,011,Mounting Gasket - Air Valve,VMRS_HB_COMPLETE_v20 page 6_pages_51-75.md
015-004-064,,015,004,,VMRS_HB_COMPLETE_v20 page 6_pages_51-75.md
151-003-046,,151,003,"Mounting Gasket - Blower, APU",VMRS_HB_COMPLETE_v20 page 6_pages_51-75.md
174-018-012,,174,018,,VMRS_HB_COMPLETE_v20 page 6_pages_51-75.md
151-002-025,,151,002,"Mounting Gasket - Burner, APU",VMRS_HB_COMPLETE_v20 page 6_pages_51-75.md
174-018-010,,174,018,,VMRS_HB_COMPLETE_v20 page 6_pages_51-75.md
367-005-030,,367,005,Mounting Gasket - Control Block,VMRS_HB_COMPLETE_v20 page 6_pages_51-75.md
002-039-004,,002,039,,VMRS_HB_COMPLETE_v20 page 6_pages_51-75.md
082-033-028,,082,033,"Mounting Gasket - Coolant Pump, Reefer",VMRS_HB_COMPLETE_v20 page 6_pages_51-75.md
016-015-070,,016,015,,VMRS_HB_COMPLETE_v20 page 6_pages_51-75.md
098-013-025,,098,013,Mounting Gasket - Emergency Valve,VMRS_HB_COMPLETE_v20 page 6_pages_51-75.md
002-050-147,,002,050,,VMRS_HB_COMPLETE_v20 page 6_pages_51-75.md
045-003-065,,045,003,Mounting Gasket - Fuel Injection Pump,VMRS_HB_COMPLETE_v20 page 6_pages_51-75.md
055-032-023,,055,032,,VMRS_HB_COMPLETE_v20 page 6_pages_51-75.md
099-002-001,,099,002,Mounting Gasket - License Lamp,VMRS_HB_COMPLETE_v20 page 6_pages_51-75.md
015-005-061,,015,005,Mounting Gasket - Oil Pump,VMRS_HB_COMPLETE_v20 page 6_pages_51-75.md
004-014-002,,004,014,,VMRS_HB_COMPLETE_v20 page 6_pages_51-75.md
098-009-013,,098,009,Mounting Gasket - Pressure Relief Vent Valve.,VMRS_HB_COMPLETE_v20 page 6_pages_51-75.md
002-060-029,,002,060,,VMRS_HB_COMPLETE_v20 page 6_pages_51-75.md
027-012-025,,027,012,,VMRS_HB_COMPLETE_v20 page 6_pages_51-75.md
026-011-122,,026,011,Mounting Gasket - Range Slave Valve,VMRS_HB_COMPLETE_v20 page 6_pages_51-75.md
002-048-088,,002,048,,VMRS_HB_COMPLETE_v20 page 6_pages_51-75.md
015-005-070,,015,005,Mounting Gasket - Steering Pump,VMRS_HB_COMPLETE_v20 page 6_pages_51-75.md
002-050-693,,002,050,,VMRS_HB_COMPLETE_v20 page 6_pages_51-75.md
082-008-044,,082,008,Mounting Gasket - Suction Valve,VMRS_HB_COMPLETE_v20 page 6_pages_51-75.md
034-004-385,,034,004,,VMRS_HB_COMPLETE_v20 page 6_pages_51-75.md
041-003-027,,041,003,Mounting Gasket - Supercharger,VMRS_HB_COMPLETE_v20 page 6_pages_51-75.md
045-021-052,,045,021,,VMRS_HB_COMPLETE_v20 page 6_pages_51-75.md
098-010-009,,098,010,"Mounting Gasket - Vacuum Relief Vent Valve,",VMRS_HB_COMPLETE_v20 page 6_pages_51-75.md
174-001-159,,174,001,,VMRS_HB_COMPLETE_v20 page 6_pages_51-75.md
002-008-096,,002,008,,VMRS_HB_COMPLETE_v20 page 6_pages_51-75.md
090-019-009,,090,019,"Mounting Gasket - Valve, Bulk Product Transfer",VMRS_HB_COMPLETE_v20 page 6_pages_51-75.md
034-004-084,,034,004,,VMRS_HB_COMPLETE_v20 page 6_pages_51-75.md
058-006-010,,058,006,"Mounting Gasker - Water Fump, Reeler",VMRS_HB_COMPLETE_v20 page 6_pages_51-75.md
002-036-095,,002,036,,VMRS_HB_COMPLETE_v20 page 6_pages_51-75.md
004-001-030,,004,001,Mounting Hardware Strut Roof Air Deflector,VMRS_HB_COMPLETE_v20 page 6_pages_51-75.md
051-012-009,,051,012,,VMRS_HB_COMPLETE_v20 page 6_pages_51-75.md
362-001-006,,362,001,Mounting Hook,VMRS_HB_COMPLETE_v20 page 6_pages_51-75.md
051-013-011,,051,013,,VMRS_HB_COMPLETE_v20 page 6_pages_51-75.md
054-001-020,,054,001,Mounting Kit - Air Horn,VMRS_HB_COMPLETE_v20 page 6_pages_51-75.md
174-011-050,,174,011,,VMRS_HB_COMPLETE_v20 page 6_pages_51-75.md
032-004-058,,032,004,Mounting Kit - Air Starter,VMRS_HB_COMPLETE_v20 page 6_pages_51-75.md
031-001-066,,031,001,Mounting Kit - Alternator,VMRS_HB_COMPLETE_v20 page 6_pages_51-75.md
051-009-007,,051,009,,VMRS_HB_COMPLETE_v20 page 6_pages_51-75.md
001-001-366,,001,001,"Mounting Kit - Compressor, Refrigerant",VMRS_HB_COMPLETE_v20 page 6_pages_51-75.md
072-009-026,,072,009,,VMRS_HB_COMPLETE_v20 page 6_pages_51-75.md
002-018-218,,002,018,Mounting Kit - Door Check,VMRS_HB_COMPLETE_v20 page 6_pages_51-75.md
077-003-065,,077,003,,VMRS_HB_COMPLETE_v20 page 6_pages_51-75.md
043-000-092,,043,000,Mounting Kit Deser Valve Injector,VMRS_HB_COMPLETE_v20 page 6_pages_51-75.md
174-012-026,,174,012,,VMRS_HB_COMPLETE_v20 page 6_pages_51-75.md
027-033-064,,027,033,Mounting Kit - ECU,VMRS_HB_COMPLETE_v20 page 6_pages_51-75.md
016-005-169,,016,005,,VMRS_HB_COMPLETE_v20 page 6_pages_51-75.md
045-012-052,,045,012,Mounting Kit - Engine Oil Cooler,VMRS_HB_COMPLETE_v20 page 6_pages_51-75.md
174-012-045,,174,012,,VMRS_HB_COMPLETE_v20 page 6_pages_51-75.md
042-003-075,,042,003,Mounting Kit - Fan Drive,VMRS_HB_COMPLETE_v20 page 6_pages_51-75.md
063-004-002,,063,004,,VMRS_HB_COMPLETE_v20 page 6_pages_51-75.md
044-003-275,,044,003,Mounting Kit - Fuel Pump,VMRS_HB_COMPLETE_v20 page 6_pages_51-75.md
153-004-006,,153,004,,VMRS_HB_COMPLETE_v20 page 6_pages_51-75.md
044-001-121,,044,001,Mounting Kit - Fuel Tank,VMRS_HB_COMPLETE_v20 page 6_pages_51-75.md
016-020-002,,016,020,,VMRS_HB_COMPLETE_v20 page 6_pages_51-75.md
044-002-017,,044,002,Mounting Kit - Fuel/ Water Separator,VMRS_HB_COMPLETE_v20 page 6_pages_51-75.md
001-001-358,,001,001,,VMRS_HB_COMPLETE_v20 page 6_pages_51-75.md
059-006-021,,059,006,Mounting Kit - Gooseneck Hitch,VMRS_HB_COMPLETE_v20 page 6_pages_51-75.md
078-017-015,,078,017,,VMRS_HB_COMPLETE_v20 page 6_pages_51-75.md
002-001-055,,002,001,Mounting Kit - Grille Guard,VMRS_HB_COMPLETE_v20 page 6_pages_51-75.md
002-004-240,,002,004,,VMRS_HB_COMPLETE_v20 page 6_pages_51-75.md
014-011-019,,014,011,"Mounting Kit - Half/Full Fender, Rear Wheel",VMRS_HB_COMPLETE_v20 page 6_pages_51-75.md
059-009-005,,059,009,,VMRS_HB_COMPLETE_v20 page 6_pages_51-75.md
056-001-163,,056,001,"Mounting Kit - Hydraulic Tank, PTO",VMRS_HB_COMPLETE_v20 page 6_pages_51-75.md
056-001-033,,056,001,Mounting Kit - PTO,VMRS_HB_COMPLETE_v20 page 6_pages_51-75.md
174-000-002,,174,000,,VMRS_HB_COMPLETE_v20 page 6_pages_51-75.md
013-011-099,,013,011,Mounting Kit - Relay Antilock Brake ECU,VMRS_HB_COMPLETE_v20 page 6_pages_51-75.md
091-004-003,,091,004,,VMRS_HB_COMPLETE_v20 page 6_pages_51-75.md
055-021-013,,055,021,"Mounting Kit - Tank, Control System",VMRS_HB_COMPLETE_v20 page 6_pages_51-75.md
084-001-006,,084,001,,VMRS_HB_COMPLETE_v20 page 6_pages_51-75.md
043-004-064,,043,004,Mounting Kit - Turbocharger,VMRS_HB_COMPLETE_v20 page 6_pages_51-75.md
058-001-009,,058,001,,VMRS_HB_COMPLETE_v20 page 6_pages_51-75.md
043-004-117,,043,004,Mounting Kit - Variable Geometry Actuator,VMRS_HB_COMPLETE_v20 page 6_pages_51-75.md
002-035-085,,002,035,,VMRS_HB_COMPLETE_v20 page 6_pages_51-75.md
013-011-148,,013,011,Mounting Kit - Wheel Speed Sensor (PLC),VMRS_HB_COMPLETE_v20 page 6_pages_51-75.md
002-035-115,,002,035,,VMRS_HB_COMPLETE_v20 page 6_pages_51-75.md
043-005-065,,043,005,Mounting Nut - Exhaust Brake,VMRS_HB_COMPLETE_v20 page 6_pages_51-75.md
002-035-076,,002,035,,VMRS_HB_COMPLETE_v20 page 6_pages_51-75.md
013-013-055,,013,013,"Mounting Nut - Spring Brake Chamber, Air Disc",VMRS_HB_COMPLETE_v20 page 6_pages_51-75.md
151-004-001,,151,004,,VMRS_HB_COMPLETE_v20 page 6_pages_51-75.md
092-024-004,,092,024,BrakeMounting O Ding Throttling Volvo,VMRS_HB_COMPLETE_v20 page 6_pages_51-75.md
050-001-045,,050,001,Mounting Or Base Plate - Fixed Or Sliding,VMRS_HB_COMPLETE_v20 page 6_pages_51-75.md
001-003-048,,001,003,,VMRS_HB_COMPLETE_v20 page 6_pages_51-75.md
000-001-040,,000,001,Lower Coupler Assembly,VMRS_HB_COMPLETE_v20 page 6_pages_51-75.md
077-001-002,,077,001,,VMRS_HB_COMPLETE_v20 page 6_pages_51-75.md
078-009-018,,078,009,Mounting Plate,VMRS_HB_COMPLETE_v20 page 6_pages_51-75.md
041-004-018,,041,004,,VMRS_HB_COMPLETE_v20 page 6_pages_51-75.md
081-006-004,,081,006,Mounting Plate - Burner,VMRS_HB_COMPLETE_v20 page 6_pages_51-75.md
044-009-012,,044,009,Mounting Plate - Curved,VMRS_HB_COMPLETE_v20 page 6_pages_51-75.md
001-001-250,,001,001,,VMRS_HB_COMPLETE_v20 page 6_pages_51-75.md
082-019-035,,082,019,Mounting Plate - Relay Board,VMRS_HB_COMPLETE_v20 page 6_pages_51-75.md
042-002-197,,042,002,,VMRS_HB_COMPLETE_v20 page 6_pages_51-75.md
051-001-010,,051,001,"Mounting Plate - Adapter, Tachometer",VMRS_HB_COMPLETE_v20 page 6_pages_51-75.md
174-033-030,,174,033,,VMRS_HB_COMPLETE_v20 page 6_pages_51-75.md
002-057-018,,002,057,Mounting Plate - Air Bag,VMRS_HB_COMPLETE_v20 page 6_pages_51-75.md
044-007-056,,044,007,,VMRS_HB_COMPLETE_v20 page 6_pages_51-75.md
,001-060,001,060,Mounting Plate - Air Cleaner,VMRS_HB_COMPLETE_v20 page 6_pages_51-75.md
,001-004,001,004,Mounting Plate - Angle Mounting,VMRS_HB_COMPLETE_v20 page 6_pages_51-75.md
,006-004,006,004,Mounting Plate - Asset Tracking,VMRS_HB_COMPLETE_v20 page 6_pages_51-75.md
,006-002,006,002,Mounting Plate - Ball Hitch,VMRS_HB_COMPLETE_v20 page 6_pages_51-75.md
,010-014,010,014,Mounting Plate - Bearings,VMRS_HB_COMPLETE_v20 page 6_pages_51-75.md
,002-168,002,168,Mounting Plate - Blower Motor,VMRS_HB_COMPLETE_v20 page 6_pages_51-75.md
,008-055,008,055,Mounting Plate - Bracket Boof Fairing Center,VMRS_HB_COMPLETE_v20 page 6_pages_51-75.md
,003-010,003,010,"Mounting Plate - Bracket, Roof Fairing, Center",VMRS_HB_COMPLETE_v20 page 6_pages_51-75.md
,003-012,003,012,"Mounting Plate - Bracket, Roof Fairing, Rear",VMRS_HB_COMPLETE_v20 page 6_pages_51-75.md
,005-018,005,018,Mounting Plate - Brake Pedal,VMRS_HB_COMPLETE_v20 page 6_pages_51-75.md
,005-025,005,025,"Mounting Plate - Brake Valve, Brake Pedal",VMRS_HB_COMPLETE_v20 page 6_pages_51-75.md
,004-064,004,064,"Mounting Plate - Bumper, Steering Linkage",VMRS_HB_COMPLETE_v20 page 6_pages_51-75.md
,018-012,018,012,"Mounting Plate - Bus Body Barrier, Roof",VMRS_HB_COMPLETE_v20 page 6_pages_51-75.md
,018-010,018,010,"Mounting Plate - Bus Body Barrier, Under Body",VMRS_HB_COMPLETE_v20 page 6_pages_51-75.md
,039-004,039,004,Mounting Plate - Cab Guard,VMRS_HB_COMPLETE_v20 page 6_pages_51-75.md
,050-147,050,147,Mounting Plate - Cabinet,VMRS_HB_COMPLETE_v20 page 6_pages_51-75.md
,032-023,032,023,Mounting Plate - Cargo Bunk,VMRS_HB_COMPLETE_v20 page 6_pages_51-75.md
,008-046,008,046,Mounting Plate - CB Relay,VMRS_HB_COMPLETE_v20 page 6_pages_51-75.md
,001-008,001,008,Mounting Plate - Center Mounting,VMRS_HB_COMPLETE_v20 page 6_pages_51-75.md
,014-002,014,002,Mounting Plate - Center Tandem Fairing,VMRS_HB_COMPLETE_v20 page 6_pages_51-75.md
,060-029,060,029,Mounting Plate - Convertible Top,VMRS_HB_COMPLETE_v20 page 6_pages_51-75.md
,012-025,012,025,Mounting Plate - Cooler Manifold,VMRS_HB_COMPLETE_v20 page 6_pages_51-75.md
,040-000,040,000,Mounting Plate - Curtain Rod,VMRS_HB_COMPLETE_v20 page 6_pages_51-75.md
,004-385,004,385,Mounting Plate - Diagnostic Connector,VMRS_HB_COMPLETE_v20 page 6_pages_51-75.md
,021-052,021,052,Mounting Plate - Diagnostic Connector,VMRS_HB_COMPLETE_v20 page 6_pages_51-75.md
,001-159,001,159,Mounting Plate - Drivers Storage Box,VMRS_HB_COMPLETE_v20 page 6_pages_51-75.md
,008-096,008,096,Mounting Plate - Electrical Junction,VMRS_HB_COMPLETE_v20 page 6_pages_51-75.md
,004-084,004,084,Mounting Plate - Fluorescent Lamp,VMRS_HB_COMPLETE_v20 page 6_pages_51-75.md
,009-025,009,025,Mounting Plate - Fork,VMRS_HB_COMPLETE_v20 page 6_pages_51-75.md
,030-095,030,095,Mounting Plate - Module Data Logger,VMRS_HB_COMPLETE_v20 page 6_pages_51-75.md
,013-011,013,011,Mounting Plate - On Board Air Pump,VMRS_HB_COMPLETE_v20 page 6_pages_51-75.md
,011-050,011,050,Mounting Plate - Outward Opening Entrance,VMRS_HB_COMPLETE_v20 page 6_pages_51-75.md
,009-007,009,007,Mounting Plate - Pedestal,VMRS_HB_COMPLETE_v20 page 6_pages_51-75.md
,009-026,009,026,Mounting Plate - Power Roll-Up Door,VMRS_HB_COMPLETE_v20 page 6_pages_51-75.md
,003-065,003,065,Mounting Plate - Powered Landing Gear,VMRS_HB_COMPLETE_v20 page 6_pages_51-75.md
,013-026,013,026,Mounting Plate - Rear Emergency Door Latch,VMRS_HB_COMPLETE_v20 page 6_pages_51-75.md
,005-169,005,169,Mounting Plate - Rebound Strap,VMRS_HB_COMPLETE_v20 page 6_pages_51-75.md
,012-045,012,045,Mounting Plate - Side Emergency Door Latch,VMRS_HB_COMPLETE_v20 page 6_pages_51-75.md
,004-002,004,002,Mounting Plate - Stand,VMRS_HB_COMPLETE_v20 page 6_pages_51-75.md
,004-006,004,006,Mounting Plate - Stationary Generator,VMRS_HB_COMPLETE_v20 page 6_pages_51-75.md
,020-002,020,002,"Mounting Plate - Strut, Upper",VMRS_HB_COMPLETE_v20 page 6_pages_51-75.md
,001-358,001,358,Mounting Plate - Switch,VMRS_HB_COMPLETE_v20 page 6_pages_51-75.md
,017-015,017,015,Mounting Plate - Tarp RollerMounting Plate - Torsion Bar Hood,VMRS_HB_COMPLETE_v20 page 6_pages_51-75.md
,009-005,009,005,Mounting Plate - Tow Shackle,VMRS_HB_COMPLETE_v20 page 6_pages_51-75.md
,005-022,005,022,"Mounting Plate - Translator, Data Link",VMRS_HB_COMPLETE_v20 page 6_pages_51-75.md
,003-032,003,032,Mounting Plate - Underbody Storage,VMRS_HB_COMPLETE_v20 page 6_pages_51-75.md
,004-003,004,003,Mounting Plate - Vibrator,VMRS_HB_COMPLETE_v20 page 6_pages_51-75.md
,001-006,001,006,Mounting Plate - Wall Mounting,VMRS_HB_COMPLETE_v20 page 6_pages_51-75.md
,001-009,001,009,Mounting Plate - Windshield Washer Reservoir,VMRS_HB_COMPLETE_v20 page 6_pages_51-75.md
,035-115,035,115,Mounting Plate - Windsheld Washel Reservoir,VMRS_HB_COMPLETE_v20 page 6_pages_51-75.md
,035-076,035,076,Mounting Plate & Bushing Assembly - Wiper,VMRS_HB_COMPLETE_v20 page 6_pages_51-75.md
,004-001,004,001,Mounting Plate Assembly - APU,VMRS_HB_COMPLETE_v20 page 6_pages_51-75.md
,003-048,003,048,"Mounting Plate, Timer - Auxiliary Heater",VMRS_HB_COMPLETE_v20 page 6_pages_51-75.md
,001-002,001,002,Mounting Plate/Bracket - Support,VMRS_HB_COMPLETE_v20 page 6_pages_51-75.md
,004-018,004,018,(Manifold),VMRS_HB_COMPLETE_v20 page 6_pages_51-75.md
,001-250,001,250,Mounting Seal - Upper,VMRS_HB_COMPLETE_v20 page 6_pages_51-75.md
,002-197,002,197,Mounting Set - Coolant Crossover Pipe,VMRS_HB_COMPLETE_v20 page 6_pages_51-75.md
,033-030,033,030,Mounting Set Assembly - Control Unit,VMRS_HB_COMPLETE_v20 page 6_pages_51-75.md
,007-056,007,056,Mounting Spacer - Air Cylinder,VMRS_HB_COMPLETE_v20 page 6_pages_51-75.md
001-001-002,,001,001,Mounting Spacer Air Conditioning Compressor,VMRS_HB_COMPLETE_v20 page 6_pages_51-75.md
092-022-012,,092,022,Nemenlate Cold Line,VMRS_HB_COMPLETE_v20 page 6_pages_51-75.md
001-001-233,,001,001,Mounting Spacer - All Conditioning Compressor,VMRS_HB_COMPLETE_v20 page 6_pages_51-75.md
002-032-012,,002,032,Nameplate - Cold Line,VMRS_HB_COMPLETE_v20 page 6_pages_51-75.md
013-003-049,,013,003,Mounting Spacer - Steering Gear Assembly,VMRS_HB_COMPLETE_v20 page 6_pages_51-75.md
002-000-002,,002,000,Pofrigoration Unit,VMRS_HB_COMPLETE_v20 page 6_pages_51-75.md
,007-008,007,008,Mounting Strap - DEE Tank,VMRS_HB_COMPLETE_v20 page 6_pages_51-75.md
,082-032,082,032,Namenlate - Condenser Assembly Mechanical,VMRS_HB_COMPLETE_v20 page 6_pages_51-75.md
043-006-053,,043,006,Mounting Strap - Diesel Particulate Filter,VMRS_HB_COMPLETE_v20 page 6_pages_51-75.md
002-002-014,,002,002,Refrigeration Unit,VMRS_HB_COMPLETE_v20 page 6_pages_51-75.md
043-007-154,,043,007,Mounting Strap - Selective Catalytic Reduction,VMRS_HB_COMPLETE_v20 page 6_pages_51-75.md
053-005-022,,053,005,Nameplate - Custom,VMRS_HB_COMPLETE_v20 page 6_pages_51-75.md
010-007-101,,010,007,Module,VMRS_HB_COMPLETE_v20 page 6_pages_51-75.md
082-032-002,,082,032,Nameplate - Decal,VMRS_HB_COMPLETE_v20 page 6_pages_51-75.md
013-010-471,,013,010,"Mounting Stud - Cartridge, Air Drier",VMRS_HB_COMPLETE_v20 page 6_pages_51-75.md
082-015-049,,082,015,Nameplate - Di 2.2 W/Chrome Background,VMRS_HB_COMPLETE_v20 page 6_pages_51-75.md
043-005-064,,043,005,Mounting Stud - Exhaust Brake,VMRS_HB_COMPLETE_v20 page 6_pages_51-75.md
082-032-008,,082,032,Nameplate - Di 2.2 W/Chrome Background,VMRS_HB_COMPLETE_v20 page 6_pages_51-75.md
016-003-012,,016,003,Mounting Stud - Lower Shock,VMRS_HB_COMPLETE_v20 page 6_pages_51-75.md
082-015-048,,082,015,Nameplate - Di 2.2 W/White Background,VMRS_HB_COMPLETE_v20 page 6_pages_51-75.md
016-006-005,,016,006,"Mounting Stud - Rear Shock Absorber, Lower",VMRS_HB_COMPLETE_v20 page 6_pages_51-75.md
082-032-007,,082,032,Nameplate - Di 2.2 W/White Background,VMRS_HB_COMPLETE_v20 page 6_pages_51-75.md
016-006-006,,016,006,"Mounting Stud - Rear Shock Absorber, Upper",VMRS_HB_COMPLETE_v20 page 6_pages_51-75.md
082-008-071,,082,008,Nameplate - Exchanger,VMRS_HB_COMPLETE_v20 page 6_pages_51-75.md
016-003-013,,016,003,Mounting Stud - Upper Shock,VMRS_HB_COMPLETE_v20 page 6_pages_51-75.md
082-032-015,,082,032,Nameplate - Exchanger,VMRS_HB_COMPLETE_v20 page 6_pages_51-75.md
151-001-207,,151,001,"Mounting, Hardware - Alternator, APU",VMRS_HB_COMPLETE_v20 page 6_pages_51-75.md
034-001-076,,034,001,Nameplate - Fog Lamp,VMRS_HB_COMPLETE_v20 page 6_pages_51-75.md
055-025-018,,055,025,"Mounting, Hardware - Pallet Jack",VMRS_HB_COMPLETE_v20 page 6_pages_51-75.md
082-015-052,,082,015,Nameplate - Hand Pump,VMRS_HB_COMPLETE_v20 page 6_pages_51-75.md
055-001-097,,055,001,"Mounting, Hardware - Step, Liftgate",VMRS_HB_COMPLETE_v20 page 6_pages_51-75.md
082-032-011,,082,032,Nameplate - Hand Pump,VMRS_HB_COMPLETE_v20 page 6_pages_51-75.md
016-008-123,,016,008,"Mounting, Hardware - Upper Control Arm, Rear",VMRS_HB_COMPLETE_v20 page 6_pages_51-75.md
002-008-140,,002,008,Nameplate - Instrument Panel,VMRS_HB_COMPLETE_v20 page 6_pages_51-75.md
060-004-000,,060,004,Suspension,VMRS_HB_COMPLETE_v20 page 6_pages_51-75.md
082-009-013,,082,009,Nameplate - Manufacture Identification,VMRS_HB_COMPLETE_v20 page 6_pages_51-75.md
052-006-192,,052,006,Mounts Scale Fork Lift,VMRS_HB_COMPLETE_v20 page 6_pages_51-75.md
082-032-001,,082,032,Nameplate - Manufacture Identification,VMRS_HB_COMPLETE_v20 page 6_pages_51-75.md
168-001-000,,168,001,Mower Assembly,VMRS_HB_COMPLETE_v20 page 6_pages_51-75.md
082-032-010,,082,032,Nameplate - Operating Instructions,VMRS_HB_COMPLETE_v20 page 6_pages_51-75.md
082-015-054,,082,015,Namenlate - B 502,VMRS_HB_COMPLETE_v20 page 6_pages_51-75.md
168-000-000,,168,000,Mowing,VMRS_HB_COMPLETE_v20 page 6_pages_51-75.md
082-032-013,,082,032,Nameplate - B 502,VMRS_HB_COMPLETE_v20 page 6_pages_51-75.md
078-009-001,,078,009,Mud Flap,VMRS_HB_COMPLETE_v20 page 6_pages_51-75.md
002-022-045,,002,022,Nameplate - Rear Door,VMRS_HB_COMPLETE_v20 page 6_pages_51-75.md
002-002-056,,002,002,"Mud Flap - Front Wheel, Rear",VMRS_HB_COMPLETE_v20 page 6_pages_51-75.md
082-015-047,,082,015,Nameplate - Sb-li,VMRS_HB_COMPLETE_v20 page 6_pages_51-75.md
004-005-017,,004,005,"Mud Flap - Chassis Fairing, Rear",VMRS_HB_COMPLETE_v20 page 6_pages_51-75.md
082-032-006,,082,032,Nameplate - Sb-li,VMRS_HB_COMPLETE_v20 page 6_pages_51-75.md
002-040-054,,002,040,Mud Flap - Deployable Step,VMRS_HB_COMPLETE_v20 page 6_pages_51-75.md
002-050-460,,002,050,Nameplate - Sleeper,VMRS_HB_COMPLETE_v20 page 6_pages_51-75.md
002-002-018,,002,002,"Mud Flap - Forward, Front Wheel",VMRS_HB_COMPLETE_v20 page 6_pages_51-75.md
042-009-016,,042,009,"Nameplate - Switch , Pre-Heater",VMRS_HB_COMPLETE_v20 page 6_pages_51-75.md
014-011-003,,014,011,Mud Flap - Quarter Fender,VMRS_HB_COMPLETE_v20 page 6_pages_51-75.md
044-003-211,,044,003,"Nameplate - Switch, Fuel Shut -Off",VMRS_HB_COMPLETE_v20 page 6_pages_51-75.md
014-014-002,,014,014,Mud Flap - Rear Wheel,VMRS_HB_COMPLETE_v20 page 6_pages_51-75.md
082-013-019,,082,013,"Nameplate - Switch, Three-Way Valve",VMRS_HB_COMPLETE_v20 page 6_pages_51-75.md
014-014-001,,014,014,Mud Flap Assembly - Rear Wheel,VMRS_HB_COMPLETE_v20 page 6_pages_51-75.md
082-023-031,,082,023,"Nameplate - Switch, Three-Way Valve",VMRS_HB_COMPLETE_v20 page 6_pages_51-75.md
002-002-055,,002,002,"Mud Flap Assembly, Rear",VMRS_HB_COMPLETE_v20 page 6_pages_51-75.md
082-015-042,,082,015,Nameplate - ThermoKing,VMRS_HB_COMPLETE_v20 page 6_pages_51-75.md
014-014-000,,014,014,Mud Flaps - Rear Wheel,VMRS_HB_COMPLETE_v20 page 6_pages_51-75.md
082-032-000,,082,032,"Nameplates, Decals, Warning Signs",VMRS_HB_COMPLETE_v20 page 6_pages_51-75.md
021-001-064,,021,001,"Muff - Gear, Driven Front Steer Axle",VMRS_HB_COMPLETE_v20 page 6_pages_51-75.md
051-008-000,,051,008,Navigation System - GPS,VMRS_HB_COMPLETE_v20 page 6_pages_51-75.md
043-003-001,,043,003,Muffler,VMRS_HB_COMPLETE_v20 page 6_pages_51-75.md
045-010-040,,045,010,Neck - OII Filler,VMRS_HB_COMPLETE_v20 page 6_pages_51-75.md
010-022-014,,010,022,Muffler Automatic Traction Device,VMRS_HB_COMPLETE_v20 page 6_pages_51-75.md
000-020-010,,000,020,Needle & Seat Accomply Carburator,VMRS_HB_COMPLETE_v20 page 6_pages_51-75.md
043-005-056,,043,005,"Muffler - Cylinder, Exhaust Brake",VMRS_HB_COMPLETE_v20 page 6_pages_51-75.md
065-010-000,,065,010,Needle & Seat Assembly - Clarbureton,VMRS_HB_COMPLETE_v20 page 6_pages_51-75.md
032-004-014,,032,004,Muffler - Exhaust,VMRS_HB_COMPLETE_v20 page 6_pages_51-75.md
000-013-003,,000,013,Hydraulic System,VMRS_HB_COMPLETE_v20 page 6_pages_51-75.md
049-003-007,,049,003,Muffler - Exhaust Port Test Button Hydraulic,VMRS_HB_COMPLETE_v20 page 6_pages_51-75.md
027-016-002,,027,016,Needle Bearing - First Bange Planetary,VMRS_HB_COMPLETE_v20 page 6_pages_51-75.md
027-006-018,,027,006,Needle Bearing - Forward Planetary,VMRS_HB_COMPLETE_v20 page 6_pages_51-75.md
151-001-008,,151,001,"Muffler - Exhaust, APU",VMRS_HB_COMPLETE_v20 page 6_pages_51-75.md
053-016-005,,053,016,Needle Bearing - Non-Vehicle Usage,VMRS_HB_COMPLETE_v20 page 6_pages_51-75.md
016-014-043,,016,014,"Muffler - Exhaust,, Axle Lift",VMRS_HB_COMPLETE_v20 page 6_pages_51-75.md
027-018-005,,027,018,Needle Bearing - Reverse Range Planetary,VMRS_HB_COMPLETE_v20 page 6_pages_51-75.md
365-009-018,,365,009,Muffler - Glass Tank,VMRS_HB_COMPLETE_v20 page 6_pages_51-75.md
027-011-009,,027,011,"Needle Bearing - Splitter, Planetary",VMRS_HB_COMPLETE_v20 page 6_pages_51-75.md
043-001-014,,043,001,Muffler - Pump,VMRS_HB_COMPLETE_v20 page 6_pages_51-75.md
026-006-055,,026,006,Needle Bearing Assembly - 1st & Reverse Gear,VMRS_HB_COMPLETE_v20 page 6_pages_51-75.md
082-040-002,,082,040,Muffler - Reefer,VMRS_HB_COMPLETE_v20 page 6_pages_51-75.md
018-002-058,,018,002,"Needle Roller - Planetary Hub, Rear Drive Axle",VMRS_HB_COMPLETE_v20 page 6_pages_51-75.md
042-003-098,,042,003,"Muffler - Valve, Fan Drive",VMRS_HB_COMPLETE_v20 page 6_pages_51-75.md
026-006-051,,026,006,"Needle Roller Bearing - 2nd Gear, Main Shaft",VMRS_HB_COMPLETE_v20 page 6_pages_51-75.md
043-003-000,,043,003,Muffler Assembly,VMRS_HB_COMPLETE_v20 page 6_pages_51-75.md
027-015-007,,027,015,Needle Roller Bearing - Low Range Carrier,VMRS_HB_COMPLETE_v20 page 6_pages_51-75.md
001-001-161,,001,001,Muffler Assembly - Air Conditioning,VMRS_HB_COMPLETE_v20 page 6_pages_51-75.md
027-014-009,,027,014,Needle Roller Bearing - Reaction Carrier,VMRS_HB_COMPLETE_v20 page 6_pages_51-75.md
053-006-284,,053,006,Needle Scaler - Pheumatic,VMRS_HB_COMPLETE_v20 page 6_pages_51-75.md
174-000-020,,174,000,Mullion Windshield,VMRS_HB_COMPLETE_v20 page 6_pages_51-75.md
002-000-239,,002,000,Neet Headlamp,VMRS_HB_COMPLETE_v20 page 6_pages_51-75.md
002-025-030,,002,025,Multiplever - Cab,VMRS_HB_COMPLETE_v20 page 6_pages_51-75.md
002-011-137,,002,011,Net - Cargo,VMRS_HB_COMPLETE_v20 page 6_pages_51-75.md
052-012-004,,052,012,Multiplexer - Cell Phone,VMRS_HB_COMPLETE_v20 page 6_pages_51-75.md
002-048-096,,002,048,Net - Compartment,VMRS_HB_COMPLETE_v20 page 6_pages_51-75.md
003-006-011,,003,006,Multiplexer - Chassis,VMRS_HB_COMPLETE_v20 page 6_pages_51-75.md
002-048-159,,002,048,Net - Storage,VMRS_HB_COMPLETE_v20 page 6_pages_51-75.md
052-003-037,,052,003,Multiplexer - Badio,VMRS_HB_COMPLETE_v20 page 6_pages_51-75.md
174-021-006,,174,021,"Netting, Safety - Interior Bus Luggage Back",VMRS_HB_COMPLETE_v20 page 6_pages_51-75.md
003-006-003,,003,006,Multiplexer Unit - CPU,VMRS_HB_COMPLETE_v20 page 6_pages_51-75.md
053-007-124,,053,007,Nipple,VMRS_HB_COMPLETE_v20 page 6_pages_51-75.md
053-007-043,,053,007,Nail,VMRS_HB_COMPLETE_v20 page 6_pages_51-75.md
081-005-009,,081,005,Nipple - Fuel Line,VMRS_HB_COMPLETE_v20 page 6_pages_51-75.md
002-018-090,,002,018,Nameplate - Air Door Lock,VMRS_HB_COMPLETE_v20 page 6_pages_51-75.md
053-014-044,,053,014,Nipple - Aqueous Parts Washer,VMRS_HB_COMPLETE_v20 page 6_pages_51-75.md
013-010-479,,013,010,Nameplate - Air Valve,VMRS_HB_COMPLETE_v20 page 6_pages_51-75.md
094-013-029,,094,013,Nipple - Bulk Product Transfer,VMRS_HB_COMPLETE_v20 page 6_pages_51-75.md
002-048-054,,002,048,Nameplate - Cab,VMRS_HB_COMPLETE_v20 page 6_pages_51-75.md
051-006-008,,051,006,"Nipple - Close, Stop Arm",VMRS_HB_COMPLETE_v20 page 6_pages_51-75.md
002-018-070,,002,018,Nameplate - Cab Door,VMRS_HB_COMPLETE_v20 page 6_pages_51-75.md
055-021-008,,055,021,Nipple - Control System,VMRS_HB_COMPLETE_v20 page 6_pages_51-75.md
082-015-043,,082,015,"Nameplate - Caution, Auto Start, Sbii 3000",VMRS_HB_COMPLETE_v20 page 6_pages_51-75.md
094-004-023,,094,004,Nipple - Grooved,VMRS_HB_COMPLETE_v20 page 6_pages_51-75.md
082-032-003,,082,032,"Nameplate - Caution, Auto Start, Sbii 3000",VMRS_HB_COMPLETE_v20 page 6_pages_51-75.md
001-002-059,,001,002,Nipple - Heater Hose,VMRS_HB_COMPLETE_v20 page 6_pages_51-75.md
082-015-045,,082,015,"Nameplate - Caution, Belt Drive",VMRS_HB_COMPLETE_v20 page 6_pages_51-75.md
365-007-011,,365,007,Nipple - Hot Water Pump,VMRS_HB_COMPLETE_v20 page 6_pages_51-75.md
082-032-005,,082,032,"Nameplate - Caution, Belt Terror",VMRS_HB_COMPLETE_v20 page 6_pages_51-75.md
045-011-035,,045,011,Nipple - Oli Filter Mounting,VMRS_HB_COMPLETE_v20 page 6_pages_51-75.md
082-032-004,,082,032,"Nameplate - Caution, Bolt Torque",VMRS_HB_COMPLETE_v20 page 6_pages_51-75.md
013-010-200,,013,010,Nipple - Pariti Heater,VMRS_HB_COMPLETE_v20 page 6_pages_51-75.md
013-010-320,,013,010,"Nipple - Fipe, DIassNipple - Pipe, Close, Brass",VMRS_HB_COMPLETE_v20 page 6_pages_51-75.md
055-020-016,,055,020,"Nipple - Pipe, Close, Diass",VMRS_HB_COMPLETE_v20 page 6_pages_51-75.md
082-015-053,,082,015,Nameplate - Cold Line,VMRS_HB_COMPLETE_v20 page 6_pages_51-75.md
013-010-313,,013,010,"Nipple - Pipe, Hex Brass",VMRS_HB_COMPLETE_v20 page 6_pages_51-75.md
013-010-319,,013,010,Nipple - Reduction Hex Brass,VMRS_HB_COMPLETE_v20 page 6_pages_51-75.md
174-017-011,,174,017,Nipple - School Bus Stop Arm Assembly,VMRS_HB_COMPLETE_v20 page 6_pages_51-75.md
033-002-023,,033,002,"Nipple - Secondary Wires, Distributor",VMRS_HB_COMPLETE_v20 page 6_pages_51-75.md
365-013-005,,365,013,Nipple - Tire Sprav System,VMRS_HB_COMPLETE_v20 page 6_pages_51-75.md
365-013-011,,365,013,Nipple/90 Deg Barb - Tire Spray System,VMRS_HB_COMPLETE_v20 page 6_pages_51-75.md
365-013-010,,365,013,Nipple/wTube Barb - Tire Sprav System,VMRS_HB_COMPLETE_v20 page 6_pages_51-75.md
053-999-142,,053,999,Nitrogen - Compressed,VMRS_HB_COMPLETE_v20 page 6_pages_51-75.md
053-999-207,,053,999,"Nitrogen - Compressed, Welding",VMRS_HB_COMPLETE_v20 page 6_pages_51-75.md
083-000-000,,083,000,Nitrogen Refrigeration Unit,VMRS_HB_COMPLETE_v20 page 6_pages_51-75.md
014-013-000,,014,013,Noise Shield,VMRS_HB_COMPLETE_v20 page 6_pages_51-75.md
002-045-003,,002,045,Noise Shield - Engine,VMRS_HB_COMPLETE_v20 page 6_pages_51-75.md
027-033-065,,027,033,Noise Suppressor,VMRS_HB_COMPLETE_v20 page 6_pages_51-75.md
002-012-079,,002,012,Nose - Bumper Assembly,VMRS_HB_COMPLETE_v20 page 6_pages_51-75.md
002-006-054,,002,006,"Nose - Roof, Front",VMRS_HB_COMPLETE_v20 page 6_pages_51-75.md
055-029-007,,055,029,"Nose Box - Dual/Single Pole, Liftgate Battery",VMRS_HB_COMPLETE_v20 page 6_pages_51-75.md
055-001-101,,055,001,Nose Box - Trail Charger,VMRS_HB_COMPLETE_v20 page 6_pages_51-75.md
174-002-019,,174,002,Nosing - Bus Entry Step,VMRS_HB_COMPLETE_v20 page 6_pages_51-75.md
071-002-053,,071,002,Nosing - Front Wall,VMRS_HB_COMPLETE_v20 page 6_pages_51-75.md
071-004-021,,071,004,Nosing - Roof,VMRS_HB_COMPLETE_v20 page 6_pages_51-75.md
002-006-055,,002,006,"Nosing - Roof, Front",VMRS_HB_COMPLETE_v20 page 6_pages_51-75.md
002-046-008,,002,046,"Nosing - Rubber, Entrance Door",VMRS_HB_COMPLETE_v20 page 6_pages_51-75.md
072-007-020,,072,007,"Notching - Frame, Inner, Reefer Door",VMRS_HB_COMPLETE_v20 page 6_pages_51-75.md
001-001-172,,001,001,Nozzle - Air Discharge,VMRS_HB_COMPLETE_v20 page 6_pages_51-75.md
002-035-067,,002,035,"Nozzle - Arm Mounted, Windshield Wiper",VMRS_HB_COMPLETE_v20 page 6_pages_51-75.md
364-002-001,,364,002,"Nozzle - Burner, Paver/Melter Assembly",VMRS_HB_COMPLETE_v20 page 6_pages_51-75.md
094-006-035,,094,006,Nozzle - Check Valve,VMRS_HB_COMPLETE_v20 page 6_pages_51-75.md
010-001-005,,010,001,Nozzle - Diesei Exitausi Fluid (DEF) Duik Tarik,VMRS_HB_COMPLETE_v20 page 6_pages_51-75.md
019-001-005,,019,001,"Nozzle - Fili, Automatic Chassis Lubricator",VMRS_HB_COMPLETE_v20 page 6_pages_51-75.md
044-003-247,,044,003,Nozzle - Fuel Injector,VMRS_HB_COMPLETE_v20 page 6_pages_51-75.md
043-007-186,,043,007,Nozzle - Fuel Injector Burner,VMRS_HB_COMPLETE_v20 page 6_pages_51-75.md
001-003-080,,001,003,Nozzle - Fuel Auxiliary Heater,VMRS_HB_COMPLETE_v20 page 6_pages_51-75.md
365-011-021,,365,011,Nozzle - Fuel Burner Assembly,VMRS_HB_COMPLETE_v20 page 6_pages_51-75.md
043-006-116,,043,006,"Nozzle - Fuel, Exhaust Burner",VMRS_HB_COMPLETE_v20 page 6_pages_51-75.md
363-001-005,,363,001,Nozzle - Ground Reel,VMRS_HB_COMPLETE_v20 page 6_pages_51-75.md
002-004-175,,002,004,Nozzle - Headlamp Washer,VMRS_HB_COMPLETE_v20 page 6_pages_51-75.md
002-035-143,,002,035,Nozzle - Headlamp Washer,VMRS_HB_COMPLETE_v20 page 6_pages_51-75.md
002-065-007,,002,065,Nozzle - Headlamp Washer,VMRS_HB_COMPLETE_v20 page 6_pages_51-75.md
094-006-025,,094,006,Nozzle - Hose Reel,VMRS_HB_COMPLETE_v20 page 6_pages_51-75.md
053-011-028,,053,011,"Nozzle - Hose, Water",VMRS_HB_COMPLETE_v20 page 6_pages_51-75.md
043-007-061,,043,007,"Nozzle - Injection, Diesel Exhaust Fluid",VMRS_HB_COMPLETE_v20 page 6_pages_51-75.md
082-039-027,,082,039,"Nozzle - Injection, Reefer",VMRS_HB_COMPLETE_v20 page 6_pages_51-75.md
045-009-032,,045,009,"Nozzle - Oil, Piston Cooling",VMRS_HB_COMPLETE_v20 page 6_pages_51-75.md
045-008-151,,045,008,"Nozzle - Oil, Timing Gear",VMRS_HB_COMPLETE_v20 page 6_pages_51-75.md
053-006-224,,053,006,Nozzle - Shop Lubrication Equipment,VMRS_HB_COMPLETE_v20 page 6_pages_51-75.md
168-001-087,,168,001,"Nozzle - Sprayer, Wetcut, Mower",VMRS_HB_COMPLETE_v20 page 6_pages_51-75.md
094-006-033,,094,006,"Nozzle - Swivel, Hose Reel",VMRS_HB_COMPLETE_v20 page 6_pages_51-75.md
043-004-007,,043,004,Nozzle - Turbocharger,VMRS_HB_COMPLETE_v20 page 6_pages_51-75.md
002-061-002,,002,061,"Nozzle - Washer, Back Glass, Liftgate",VMRS_HB_COMPLETE_v20 page 6_pages_51-75.md
002-035-020,,002,035,Nozzie - Windshield Washer,VMRS_HB_COMPLETE_v20 page 6_pages_51-75.md
053-014-037,,053,014,Nozzie Kit - Aqueous Parts Washer,VMRS_HB_COMPLETE_v20 page 6_pages_51-75.md
291-005-010,,291,005,Nozzie/Handie - Milk Hose,VMRS_HB_COMPLETE_v20 page 6_pages_51-75.md
055-007-004,,055,007,Nut,VMRS_HB_COMPLETE_v20 page 6_pages_51-75.md
000-005-024,,000,005,Nut - Main Shaft Poar,VMRS_HB_COMPLETE_v20 page 6_pages_51-75.md
023-000-022,,023,000,,VMRS_HB_COMPLETE_v20 page 6_pages_51-75.md
013-013-032,,013,013,Nut - Actuator,VMRS_HB_COMPLETE_v20 page 6_pages_51-75.md
016-005-213,,016,005,Nut - Adapter Beam End,VMRS_HB_COMPLETE_v20 page 6_pages_51-75.md
010-000-210,,010,000,"Hat Adaptor, Doull Life",VMRS_HB_COMPLETE_v20 page 6_pages_51-75.md
082-024-014,,082,024,"Nut - Adjusting, Throttling Valve, Mechanical",VMRS_HB_COMPLETE_v20 page 6_pages_51-75.md
013-003-035,,013,003,"Refrigeration UnitNut - Adjusting, Transmission Parking Brake",VMRS_HB_COMPLETE_v20 page 6_pages_51-75.md
365-007-048,,365,007,"SnoeNut - Air Chamber, Paint Pump",VMRS_HB_COMPLETE_v20 page 6_pages_51-75.md
013-010-333,,013,010,Nut - Air Drier Lower,VMRS_HB_COMPLETE_v20 page 6_pages_51-75.md
044-007-058,,044,007,Nut - Anchor Beturn Spring,VMRS_HB_COMPLETE_v20 page 6_pages_51-75.md
151-004-012,,151,004,"Nut - APU Mounting, APU",VMRS_HB_COMPLETE_v20 page 6_pages_51-75.md
029-006-003,,029,006,Nut - Auxiliary Drive Gear,VMRS_HB_COMPLETE_v20 page 6_pages_51-75.md
011-001-036,,011,001,Nut - Axle Stop Bolt,VMRS_HB_COMPLETE_v20 page 6_pages_51-75.md
016-001-024,,016,001,Nut - Ball Joint,VMRS_HB_COMPLETE_v20 page 6_pages_51-75.md
032-001-016,,032,001,Nut - Battery Cable Ends,VMRS_HB_COMPLETE_v20 page 6_pages_51-75.md
044-003-074,,044,003,"Nut - Bearing Retention, Camshaft",VMRS_HB_COMPLETE_v20 page 6_pages_51-75.md
041-003-020,,041,003,Nut - Blower Oiler Tube,VMRS_HB_COMPLETE_v20 page 6_pages_51-75.md
022-004-052,,022,004,"Nut - Bolt, Lockout",VMRS_HB_COMPLETE_v20 page 6_pages_51-75.md
098-014-006,,098,014,Nut - Bonnet,VMRS_HB_COMPLETE_v20 page 6_pages_51-75.md
003-002-020,,003,002,Nut - Cable Housing,VMRS_HB_COMPLETE_v20 page 6_pages_51-75.md
016-015-022,,016,015,Nut - Captive,VMRS_HB_COMPLETE_v20 page 6_pages_51-75.md
022-004-024,,022,004,"Nut - Case, Power Divider",VMRS_HB_COMPLETE_v20 page 6_pages_51-75.md
016-005-005,,016,005,"Nut - Center Bolt, Rear Spring",VMRS_HB_COMPLETE_v20 page 6_pages_51-75.md
055-009-019,,055,009,"Nut - Chain Lock, Lill Truck",VMRS_HB_COMPLETE_v20 page 6_pages_51-75.md
002-036-018,,002,036,"Nut - Chain Lock, Power Taligate",VMRS_HB_COMPLETE_v20 page 6_pages_51-75.md
016-005-100,,016,005,Nut - Clamp Equalizer Tube,VMRS_HB_COMPLETE_v20 page 6_pages_51-75.md
098-011-022,,098,011,Nut - Clamping (Cable),VMRS_HB_COMPLETE_v20 page 6_pages_51-75.md
082-007-071,,082,007,Nut - Clutch Coil to Pulley Compressor,VMRS_HB_COMPLETE_v20 page 6_pages_51-75.md
013-010-279,,013,010,"Nut - Compression, Air Brake",VMRS_HB_COMPLETE_v20 page 6_pages_51-75.md
044-001-036,,044,001,"Nut - Compression, Fuel Line",VMRS_HB_COMPLETE_v20 page 6_pages_51-75.md
082-004-065,,082,004,Nut - Connecting Rod,VMRS_HB_COMPLETE_v20 page 6_pages_51-75.md
045-006-015,,045,006,Nut - Connecting Rod Cap Bolt,VMRS_HB_COMPLETE_v20 page 6_pages_51-75.md
082-002-031,,082,002,"Nut - Connecting Rod, Compressor, Mechanical",VMRS_HB_COMPLETE_v20 page 6_pages_51-75.md
016-001-025,,016,001,Nut - Control Arm,VMRS_HB_COMPLETE_v20 page 6_pages_51-75.md
014-008-012,,014,008,Nut - Convolute Tubing,VMRS_HB_COMPLETE_v20 page 6_pages_51-75.md
022-004-140,,022,004,Nut - Countershaft,VMRS_HB_COMPLETE_v20 page 6_pages_51-75.md
098-014-011,,098,014,Nut - Cover,VMRS_HB_COMPLETE_v20 page 6_pages_51-75.md
013-009-108,,013,009,"Nut - Crankshaft, Air Compressor",VMRS_HB_COMPLETE_v20 page 6_pages_51-75.md
018-006-004,,018,006,Nut - Dial,VMRS_HB_COMPLETE_v20 page 6_pages_51-75.md
045-010-014,,045,010,Nut - Dipstick Tube,VMRS_HB_COMPLETE_v20 page 6_pages_51-75.md
098-009-005,,098,009,Nut - Disc,VMRS_HB_COMPLETE_v20 page 6_pages_51-75.md
098-015-014,,098,015,Nut - Disc Retainer Plate,VMRS_HB_COMPLETE_v20 page 6_pages_51-75.md
077-010-005,,077,010,Nut - Dolly Jack,VMRS_HB_COMPLETE_v20 page 6_pages_51-75.md
072-003-029,,072,003,Nut - Door Hinge,VMRS_HB_COMPLETE_v20 page 6_pages_51-75.md
082-001-092,,082,001,"Nut - Drain Pan, Reefer",VMRS_HB_COMPLETE_v20 page 6_pages_51-75.md
022-002-007,,022,002,Nut - Drive Shaft,VMRS_HB_COMPLETE_v20 page 6_pages_51-75.md
,016-005,016,005,Nut - Equalizer,VMRS_HB_COMPLETE_v20 page 6_pages_51-75.md
016-005-067,,016,005,Nut - Equalizer Bushing Bolt,VMRS_HB_COMPLETE_v20 page 6_pages_51-75.md
082-040-011,,082,040,"Nut - Exhaust Manifold, Reefer",VMRS_HB_COMPLETE_v20 page 6_pages_51-75.md
044-007-037,,044,007,"Nut - Face, Throttle Cable",VMRS_HB_COMPLETE_v20 page 6_pages_51-75.md
042-003-058,,042,003,Nut - Fan Hub,VMRS_HB_COMPLETE_v20 page 6_pages_51-75.md
059-001-166,,059,001,Nut - Fifth Wheel,VMRS_HB_COMPLETE_v20 page 6_pages_51-75.md
059-001-155,,059,001,Nut - Fifth Wheel Slide to Frame,VMRS_HB_COMPLETE_v20 page 6_pages_51-75.md
013-009-066,,013,009,"Nut - Fitting, Air Compressor",VMRS_HB_COMPLETE_v20 page 6_pages_51-75.md
013-010-300,,013,010,"Nut - Fittings (Nylon Lines), Air Brake",VMRS_HB_COMPLETE_v20 page 6_pages_51-75.md
068-000-024,,068,000,Nut - Fork Cylinder Pin,VMRS_HB_COMPLETE_v20 page 6_pages_51-75.md
022-003-058,,022,003,Nut - Front Bearing Drive Pinion,VMRS_HB_COMPLETE_v20 page 6_pages_51-75.md
044-005-051,,044,005,"Nut - Fuel Feed, TBI (Throttle Body Injection)",VMRS_HB_COMPLETE_v20 page 6_pages_51-75.md
044-001-044,,044,001,Nut - Fuel Tank Mounting,VMRS_HB_COMPLETE_v20 page 6_pages_51-75.md
098-011-023,,098,011,Nut - Fusible Bushing,VMRS_HB_COMPLETE_v20 page 6_pages_51-75.md
023-001-048,,023,001,Nut - Grease Fitting Tube,VMRS_HB_COMPLETE_v20 page 6_pages_51-75.md
098-015-015,,098,015,Nut - Handwheel Or Handle,VMRS_HB_COMPLETE_v20 page 6_pages_51-75.md
034-001-033,,034,001,Nut - Headlamp Switch,VMRS_HB_COMPLETE_v20 page 6_pages_51-75.md
045-002-063,,045,002,"Nut - Hex Head, Multiple Positions",VMRS_HB_COMPLETE_v20 page 6_pages_51-75.md
018-002-004,,018,002,Nut Hub Boor Drive Wheel,VMRS_HB_COMPLETE_v20 page 6_pages_51-75.md
010-002-004,,010,002,Nut - Injector Body,VMRS_HB_COMPLETE_v20 page 6_pages_51-75.md
018-003-014,,018,003,"Nut - Inner Type, Wheel",VMRS_HB_COMPLETE_v20 page 6_pages_51-75.md
022-004-075,,022,004,Nut - Input Shaft Yoke,VMRS_HB_COMPLETE_v20 page 6_pages_51-75.md
016-005-070,,016,005,Nut - Spring Retainer,VMRS_HB_COMPLETE_v20 page 6_pages_51-75.md
097-002-039,,097,002,"Nut - Input Shaft, Gear End",VMRS_HB_COMPLETE_v20 page 6_pages_51-75.md
015-003-013,,015,003,Nut - Steering Gear Worm Ball,VMRS_HB_COMPLETE_v20 page 6_pages_51-75.md
059-004-010,,059,004,"Nut - Jam, Tongue Bolt, Drawbar",VMRS_HB_COMPLETE_v20 page 6_pages_51-75.md
015-003-056,,015,003,Nut - Steering Shaft Bolt,VMRS_HB_COMPLETE_v20 page 6_pages_51-75.md
011-001-016,,011,001,"Nut - Knuckle, Steering Spindle",VMRS_HB_COMPLETE_v20 page 6_pages_51-75.md
015-001-004,,015,001,Nut - Steering Wheel,VMRS_HB_COMPLETE_v20 page 6_pages_51-75.md
071-025-005,,071,025,Nut - Ladder Rack,VMRS_HB_COMPLETE_v20 page 6_pages_51-75.md
098-012-021,,098,012,Nut - Stem Cap,VMRS_HB_COMPLETE_v20 page 6_pages_51-75.md
044-003-106,,044,003,Nut - Lever Assembly,VMRS_HB_COMPLETE_v20 page 6_pages_51-75.md
045-007-011,,045,007,"Nut - Stud, Head",VMRS_HB_COMPLETE_v20 page 6_pages_51-75.md
077-003-010,,077,003,Nut - Lift,VMRS_HB_COMPLETE_v20 page 6_pages_51-75.md
045-008-060,,045,008,"Nut - Stud, Rocker Arm",VMRS_HB_COMPLETE_v20 page 6_pages_51-75.md
077-003-009,,077,003,"Nut - Lift Screw, Upper",VMRS_HB_COMPLETE_v20 page 6_pages_51-75.md
098-015-003,,098,015,Nut - Stuffing Box,VMRS_HB_COMPLETE_v20 page 6_pages_51-75.md
016-002-036,,016,002,"Nut - Liner, Front Springs",VMRS_HB_COMPLETE_v20 page 6_pages_51-75.md
016-008-152,,016,008,"Nut - Sway Bar Link, Rear Suspension",VMRS_HB_COMPLETE_v20 page 6_pages_51-75.md
082-039-040,,082,039,"Nut - Linkage, Solenoid Throttling, Reefer",VMRS_HB_COMPLETE_v20 page 6_pages_51-75.md
098-010-014,,098,010,"Nut - Swivel, Mounting",VMRS_HB_COMPLETE_v20 page 6_pages_51-75.md
045-002-064,,045,002,"Nut - Locking, Multiple Positions",VMRS_HB_COMPLETE_v20 page 6_pages_51-75.md
029-004-017,,029,004,Nut - Synchronizer,VMRS_HB_COMPLETE_v20 page 6_pages_51-75.md
010-003-008,,010,003,"Nut - Lower Steering Cournn, Opper",VMRS_HB_COMPLETE_v20 page 6_pages_51-75.md
010-000-048,,010,000,Nut - Transmission Mounting Stud,VMRS_HB_COMPLETE_v20 page 6_pages_51-75.md
026-003-011,,026,003,"Nut - Main Drive Gear, Auxiliary Transmission",VMRS_HB_COMPLETE_v20 page 6_pages_51-75.md
028-003-017,,028,003,Nut - Transmission Mounting Stud,VMRS_HB_COMPLETE_v20 page 6_pages_51-75.md
020-003-010,,020,003,Nut - Main Shaft,VMRS_HB_COMPLETE_v20 page 6_pages_51-75.md
091-003-029,,091,003,Nut - H-Bolt Front Spring,VMRS_HB_COMPLETE_v20 page 6_pages_51-75.md
043-004-015,,043,004,"Nut - Mounting Studs, Turbocharger",VMRS_HB_COMPLETE_v20 page 6_pages_51-75.md
016-005-061,,016,005,"Nut - U-Bolt, Rear Spring",VMRS_HB_COMPLETE_v20 page 6_pages_51-75.md
045-021-088,,045,021,Nut - Mounting Diagnostic Connector,VMRS_HB_COMPLETE_v20 page 6_pages_51-75.md
016-008-145,,016,008,"Nut - U-Bolt, Rear Spring",VMRS_HB_COMPLETE_v20 page 6_pages_51-75.md
033-001-007,,033,001,"Nut - Mounting, Ignition Switch",VMRS_HB_COMPLETE_v20 page 6_pages_51-75.md
045-008-095,,045,008,Nut - Valve Crosshead,VMRS_HB_COMPLETE_v20 page 6_pages_51-75.md
082-039-039,,082,039,"Nut - Mounting, Solenoid Throttling, Reefer",VMRS_HB_COMPLETE_v20 page 6_pages_51-75.md
002-023-018,,002,023,Nut - Vent Glass Handle,VMRS_HB_COMPLETE_v20 page 6_pages_51-75.md
045-002-036,,045,002,"Nut - Mounting, Water Inlet Tube To Cylinder",VMRS_HB_COMPLETE_v20 page 6_pages_51-75.md
029-005-032,,029,005,"Nut - Washer Retainer, Low Gear, Range Main",VMRS_HB_COMPLETE_v20 page 6_pages_51-75.md
094-006-037,,094,006,Nut - Nozzle,VMRS_HB_COMPLETE_v20 page 6_pages_51-75.md
034-001-023,,034,001,"Nut - Well, Headlamp Rim (Bezel)",VMRS_HB_COMPLETE_v20 page 6_pages_51-75.md
053-007-090,,053,007,Nut - Nylon Insert,VMRS_HB_COMPLETE_v20 page 6_pages_51-75.md
002-022-009,,002,022,"Nut - Well, Rear Door Window Latch",VMRS_HB_COMPLETE_v20 page 6_pages_51-75.md
045-011-030,,045,011,Nut - Oil Filter Line,VMRS_HB_COMPLETE_v20 page 6_pages_51-75.md
018-004-021,,018,004,Nut - Wheel To Hub,VMRS_HB_COMPLETE_v20 page 6_pages_51-75.md
018-003-016,,018,003,"Nut - Outer Type (Cone Lock), Wheel",VMRS_HB_COMPLETE_v20 page 6_pages_51-75.md
018-001-011,,018,001,"Nut - Wheel To Hub, Front Steer Wheel",VMRS_HB_COMPLETE_v20 page 6_pages_51-75.md
018-003-015,,018,003,"Nut - Outer Type, Wheel",VMRS_HB_COMPLETE_v20 page 6_pages_51-75.md
018-002-022,,018,002,"Nut - Wheel to Hub, Rear Drive Wheel, Inner",VMRS_HB_COMPLETE_v20 page 6_pages_51-75.md
027-031-021,,027,031,Nut - Output,VMRS_HB_COMPLETE_v20 page 6_pages_51-75.md
018-002-023,,018,002,"Nut - Wheel to Hub, Rear Drive Wheel, Outer",VMRS_HB_COMPLETE_v20 page 6_pages_51-75.md
022-004-031,,022,004,Nut - Output Shaft,VMRS_HB_COMPLETE_v20 page 6_pages_51-75.md
002-035-026,,002,035,Nut - Windshield Wiper Arm,VMRS_HB_COMPLETE_v20 page 6_pages_51-75.md
025-001-072,,025,001,"Nut - Output Shaft, Front, Transfer Case",VMRS_HB_COMPLETE_v20 page 6_pages_51-75.md
002-035-099,,002,035,Nut - Wiper Blade,VMRS_HB_COMPLETE_v20 page 6_pages_51-75.md
026-006-083,,026,006,"Nut - Output Shaft, Rear, Manual Transmission",VMRS_HB_COMPLETE_v20 page 6_pages_51-75.md
029-008-034,,029,008,Nut - Yoke Bar,VMRS_HB_COMPLETE_v20 page 6_pages_51-75.md
025-001-071,,025,001,"Nut - Output Shatt, Rear, Transfer Case",VMRS_HB_COMPLETE_v20 page 6_pages_51-75.md
022-004-102,,022,004,Nut - Yoke End,VMRS_HB_COMPLETE_v20 page 6_pages_51-75.md
098-012-039,,098,012,"Nul - Packing Pressure Release, Hydraulic",VMRS_HB_COMPLETE_v20 page 6_pages_51-75.md
111-010-011,,111,010,"Nut & Nipple Assembly - Fuel Line, Cargo Heater",VMRS_HB_COMPLETE_v20 page 6_pages_51-75.md
008-012-045,,008,012,PumpNut Packing Dlungor,VMRS_HB_COMPLETE_v20 page 6_pages_51-75.md
002-018-062,,002,018,Nut Plata Door Hingo,VMRS_HB_COMPLETE_v20 page 6_pages_51-75.md
096-012-045,,096,012,Nut - Pin Bonded Rushing Air Spring Rear,VMRS_HB_COMPLETE_v20 page 6_pages_51-75.md
016-002-081,,016,002,"Nut - Pin, Bonded Bushing, Air Opring, Near",VMRS_HB_COMPLETE_v20 page 6_pages_51-75.md
002-030-424,,002,030,Nut Plate - Sun Visor Interior,VMRS_HB_COMPLETE_v20 page 6_pages_51-75.md
021-001-111,,021,001,Nut - Pinion. Driven Front Steer Axle,VMRS_HB_COMPLETE_v20 page 6_pages_51-75.md
053-006-057,,053,006,Nut Runner - Electric,VMRS_HB_COMPLETE_v20 page 6_pages_51-75.md
059-002-011,,059,002,Nut - Pintle Hook Lock,VMRS_HB_COMPLETE_v20 page 6_pages_51-75.md
053-006-056,,053,006,Nut Runner - Pneumatic,VMRS_HB_COMPLETE_v20 page 6_pages_51-75.md
082-002-032,,082,002,Nut - Piston Head,VMRS_HB_COMPLETE_v20 page 6_pages_51-75.md
013-001-041,,013,001,"Nut, Spanner - Front Brake",VMRS_HB_COMPLETE_v20 page 6_pages_51-75.md
015-003-031,,015,003,Nut - Pitman Shaft Adjuster,VMRS_HB_COMPLETE_v20 page 6_pages_51-75.md
013-002-041,,013,002,"Nut, Spanner - Rear Brakes",VMRS_HB_COMPLETE_v20 page 6_pages_51-75.md
068-006-018,,068,006,"Nut - Pivot Shaft, Lift Truck",VMRS_HB_COMPLETE_v20 page 6_pages_51-75.md
014-002-044,,014,002,Nutplate - Bumper,VMRS_HB_COMPLETE_v20 page 6_pages_51-75.md
068-004-027,,068,004,"Nut - Pivot Shaft, Unloader",VMRS_HB_COMPLETE_v20 page 6_pages_51-75.md
053-007-033,,053,007,Nutsert,VMRS_HB_COMPLETE_v20 page 6_pages_51-75.md
053-007-069,,053,007,Nut - Plate,VMRS_HB_COMPLETE_v20 page 6_pages_51-75.md
053-007-013,,053,007,O-Ring,VMRS_HB_COMPLETE_v20 page 6_pages_51-75.md
013-010-232,,013,010,Nut - Pressure Protection Valve,VMRS_HB_COMPLETE_v20 page 6_pages_51-75.md
097-002-046,,097,002,O-Ring - Front Cover,VMRS_HB_COMPLETE_v20 page 6_pages_51-75.md
082-011-013,,082,011,"O-Ring - Vibrasorber, Suction",VMRS_HB_COMPLETE_v20 page 6_pages_51-75.md
016-005-245,,016,005,Nut Padius Rou,VMRS_HB_COMPLETE_v20 page 6_pages_51-75.md
001-001-200,,001,001,O Ring - A/C Compressor,VMRS_HB_COMPLETE_v20 page 6_pages_51-75.md
020-008-031,,020,008,"Nut - Range, Cylinder Yoke Bar",VMRS_HB_COMPLETE_v20 page 6_pages_51-75.md
001-001-393,,001,001,Plumbing,VMRS_HB_COMPLETE_v20 page 6_pages_51-75.md
029-008-033,,029,008,Nut - Reduction Cylinder Yoke Bar,VMRS_HB_COMPLETE_v20 page 6_pages_51-75.md
082-008-091,,082,008,O-Bing - Accumulator,VMRS_HB_COMPLETE_v20 page 6_pages_51-75.md
026-011-112,,026,011,Nut - Remote Control Lock Screw,VMRS_HB_COMPLETE_v20 page 6_pages_51-75.md
027-024-034,,027,024,O-Ring - Accumulator Valve,VMRS_HB_COMPLETE_v20 page 6_pages_51-75.md
019-002-032,,019,002,Nut - Retaining Clamp,VMRS_HB_COMPLETE_v20 page 6_pages_51-75.md
003-001-212,,003,001,"O-Ring - Adapter, Fuel Pressure Sender",VMRS_HB_COMPLETE_v20 page 6_pages_51-75.md
011-001-035,,011,001,Nut - Retaining Pin,VMRS_HB_COMPLETE_v20 page 6_pages_51-75.md
041-004-038,,041,004,"O-Ring - Air Casting Pipe, Charge Air Cooler",VMRS_HB_COMPLETE_v20 page 6_pages_51-75.md
027-003-015,,027,003,Nut - Retarder Control Lever,VMRS_HB_COMPLETE_v20 page 6_pages_51-75.md
013-009-027,,013,009,O-Ring - Air Compressor,VMRS_HB_COMPLETE_v20 page 6_pages_51-75.md
026-002-026,,026,002,Nut - Reverse Idler Shaft,VMRS_HB_COMPLETE_v20 page 6_pages_51-75.md
013-013-034,,013,013,O-Ring - Air Disc Brake,VMRS_HB_COMPLETE_v20 page 6_pages_51-75.md
013-010-156,,013,010,Nut - Ring Clamp (Band),VMRS_HB_COMPLETE_v20 page 6_pages_51-75.md
013-010-081,,013,010,O-Ring - Air Drier,VMRS_HB_COMPLETE_v20 page 6_pages_51-75.md
045-008-174,,045,008,Nut - Rocker Cover,VMRS_HB_COMPLETE_v20 page 6_pages_51-75.md
041-001-092,,041,001,O-Ring - Air Intake Duct,VMRS_HB_COMPLETE_v20 page 6_pages_51-75.md
016-020-029,,016,020,"Nut - Rod, Strut",VMRS_HB_COMPLETE_v20 page 6_pages_51-75.md
043-007-139,,043,007,"O-Ring - Air Line, Hose, Tube, Plumbing",VMRS_HB_COMPLETE_v20 page 6_pages_51-75.md
043-004-027,,043,004,"Nut - Rotor Assembly, Turbocharger",VMRS_HB_COMPLETE_v20 page 6_pages_51-75.md
026-011-206,,026,011,O-Ring - Air Module,VMRS_HB_COMPLETE_v20 page 6_pages_51-75.md
018-004-044,,018,004,"Nut - Self-Locking, Axle Spindle",VMRS_HB_COMPLETE_v20 page 6_pages_51-75.md
032-004-036,,032,004,O-Ring - Air Starter,VMRS_HB_COMPLETE_v20 page 6_pages_51-75.md
018-002-029,,018,002,"Nut - Self-Locking, Rear Drive Wheel",VMRS_HB_COMPLETE_v20 page 6_pages_51-75.md
013-009-107,,013,009,"O-Ring - Air System, Air Line, Hose, Tube,",VMRS_HB_COMPLETE_v20 page 6_pages_51-75.md
012-001-145,,012,001,"Nut Seil-Locking, Wheel",VMRS_HB_COMPLETE_v20 page 6_pages_51-75.md
021-001-047,,021,001,,VMRS_HB_COMPLETE_v20 page 6_pages_51-75.md
015-004-051,,015,004,Nut - Socket Assembly,VMRS_HB_COMPLETE_v20 page 6_pages_51-75.md
027-001-047,,027,001,O-Ring - Automatic Transmission Air Line Hose,VMRS_HB_COMPLETE_v20 page 6_pages_51-75.md
013-014-041,,013,014,Nut - Spanner,VMRS_HB_COMPLETE_v20 page 6_pages_51-75.md
,001-000,001,000,Tube Plumbing,VMRS_HB_COMPLETE_v20 page 6_pages_51-75.md
018-001-022,,018,001,"Nut - Spindle Adjusting, Front Steer Wheel Inner",VMRS_HB_COMPLETE_v20 page 6_pages_51-75.md
027-001-061,,027,001,O-Ring - Automatic Transmission Oil Line Hose,VMRS_HB_COMPLETE_v20 page 6_pages_51-75.md
018-001-023,,018,001,Nut - Spindle Adjustina. Front Steer Wheel,VMRS_HB_COMPLETE_v20 page 6_pages_51-75.md
029-006-017,,029,006,O-Ring - Auxiliary Drive Gear,VMRS_HB_COMPLETE_v20 page 6_pages_51-75.md
029-008-032,,029,008,"Nut - Splitter, Cylinder Yoke Bar",VMRS_HB_COMPLETE_v20 page 6_pages_51-75.md
001-003-121,,001,003,"O-Ring - Auxiliary Heater System, Water Line,",VMRS_HB_COMPLETE_v20 page 6_pages_51-75.md
013-013-052,,013,013,"Nut - Spring Brake Chamber, Air Disc Brake",VMRS_HB_COMPLETE_v20 page 6_pages_51-75.md
016-005-059,,016,005,Nut - Spring Hanger,VMRS_HB_COMPLETE_v20 page 6_pages_51-75.md
021-001-092,,021,001,"O-Ring - Axle Bracket, Driven Front Steer Axle",VMRS_HB_COMPLETE_v20 page 6_pages_51-75.md
016-002-033,,016,002,"Nut - Spring Pin, Front",VMRS_HB_COMPLETE_v20 page 6_pages_51-75.md
022-002-016,,022,002,"O-Ring - Axle Shaft Flange, Rear Drive Axle",VMRS_HB_COMPLETE_v20 page 6_pages_51-75.md
082-039-044,,082,039,"O-Ring - Banjo Joint, Fuel Pump, Reefer",VMRS_HB_COMPLETE_v20 page 6_pages_51-75.md
026-001-078,,026,001,"O-Ring - Bearing Cover, Front",VMRS_HB_COMPLETE_v20 page 6_pages_51-75.md
018-001-014,,018,001,"O-Ring - Bearing Spacer, Front Steer Wheel",VMRS_HB_COMPLETE_v20 page 6_pages_51-75.md
368-001-014,,368,001,"O-Ring - Bearing, Drum Support",VMRS_HB_COMPLETE_v20 page 6_pages_51-75.md
016-005-212,,016,005,"O-Ring - Bearing, Saddle, Rear Suspension",VMRS_HB_COMPLETE_v20 page 6_pages_51-75.md
082-024-009,,082,024,O-Ring - Bellows,VMRS_HB_COMPLETE_v20 page 6_pages_51-75.md
044-001-095,,044,001,"O-Ring - Block, Fuel Line",VMRS_HB_COMPLETE_v20 page 6_pages_51-75.md
013-008-048,,013,008,O-Ring - Booster,VMRS_HB_COMPLETE_v20 page 6_pages_51-75.md
082-039-048,,082,039,"O-Ring - Bowl, Fuel Pump, Reefer",VMRS_HB_COMPLETE_v20 page 6_pages_51-75.md
013-007-051,,013,007,O-Ring - Brake System Air Line Hose Tube,VMRS_HB_COMPLETE_v20 page 6_pages_51-75.md
013-007-052,,013,007,"O-Bing - Brake System, Hydraulic Oil Line",VMRS_HB_COMPLETE_v20 page 6_pages_51-75.md
,010-007,010,007,Hose Tube Plumbing,VMRS_HB_COMPLETE_v20 page 6_pages_51-75.md
174-028-067,,174,028,O Ping Bus Body A/C System,VMRS_HB_COMPLETE_v20 page 6_pages_51-75.md
045-009-202,,045,009,O Bing Button Adjustment Serow Exhaust,VMRS_HB_COMPLETE_v20 page 6_pages_51-75.md
040-000-202,,040,000,Velvee,VMRS_HB_COMPLETE_v20 page 6_pages_51-75.md
000-000-070,,000,000,valves,VMRS_HB_COMPLETE_v20 page 6_pages_51-75.md
082-002-072,,082,002,"O-Ring - Bypass valve, Unloader Head",VMRS_HB_COMPLETE_v20 page 6_pages_51-75.md
001-002-182,,001,002,"O-Ring - Cab Heater System, Water Line, Hose,",VMRS_HB_COMPLETE_v20 page 6_pages_51-75.md
014-004-053,,014,004,"O-Ring - Cab Suspension, Air Line, Hose, Tube,",VMRS_HB_COMPLETE_v20 page 6_pages_51-75.md
013-013-065,,013,013,"O-Ring - Caliper, Air Disc Brake",VMRS_HB_COMPLETE_v20 page 6_pages_51-75.md
045-002-082,,045,002,O-Ring - Camshaft Support,VMRS_HB_COMPLETE_v20 page 6_pages_51-75.md
022-004-146,,022,004,O-Ring - Cap Cover,VMRS_HB_COMPLETE_v20 page 6_pages_51-75.md
044-002-076,,044,002,O-Ring - Cap. Heat Exchanger. Fuel/Water,VMRS_HB_COMPLETE_v20 page 6_pages_51-75.md
151-001-221,,151,001,"O-Bing - Cap, Oil Filler, APU",VMRS_HB_COMPLETE_v20 page 6_pages_51-75.md
041-004-006,,041,004,O Ping Charge Air Cooler,VMRS_HB_COMPLETE_v20 page 6_pages_51-75.md
041-004-000,,041,004,O Bing Chack Value,VMRS_HB_COMPLETE_v20 page 6_pages_51-75.md
045-014-000,,045,014,O Bing Check Valve Accomply Crankassa,VMRS_HB_COMPLETE_v20 page 6_pages_51-75.md
045-014-023,,045,014,"O-Ring - Check Valve Assembly, Crankcase",VMRS_HB_COMPLETE_v20 page 6_pages_51-75.md
082-023-007,,082,023,"O-Ring - Check Valve, Condenser",VMRS_HB_COMPLETE_v20 page 6_pages_51-75.md
065-019-010,,065,019,"O-Ring - Check Valve, Hydraulic System",VMRS_HB_COMPLETE_v20 page 6_pages_51-75.md
023-001-151,,023,001,"O-Ring - Clutch, Air Line, Hose, Tube, Plumbing",VMRS_HB_COMPLETE_v20 page 6_pages_51-75.md
023-001-152,,023,001,"O-Ring - Clutch, Hydraulic Oil Line, Hose, Tube,",VMRS_HB_COMPLETE_v20 page 6_pages_51-75.md
025-001-073,,025,001,"O-Ring - Clutch, Transfer Case",VMRS_HB_COMPLETE_v20 page 6_pages_51-75.md
026-001-093,,026,001,"O-Ring - Companion Flange, Manual",VMRS_HB_COMPLETE_v20 page 6_pages_51-75.md
082-007-046,,082,007,O-Bing - Compressor Coupling Mechanical,VMRS_HB_COMPLETE_v20 page 6_pages_51-75.md
002-007-010,,002,007,Refrigeration Unit,VMRS_HB_COMPLETE_v20 page 6_pages_51-75.md
082-002-086,,082,002,O-Bing - Compressor Oil Filter Beefer,VMRS_HB_COMPLETE_v20 page 6_pages_51-75.md
151-003-055,,151,003,O-Bing - Compressor A/C Line APU,VMRS_HB_COMPLETE_v20 page 6_pages_51-75.md
045-018-043,,045,018,O Ping Constant Throttle Valve (CTV),VMRS_HB_COMPLETE_v20 page 6_pages_51-75.md
045-016-045,,045,016,O Bing Control Arm Independent Front,VMRS_HB_COMPLETE_v20 page 6_pages_51-75.md
010-001-020,,010,001,"O-Ring - Control Ann, Independent Front",VMRS_HB_COMPLETE_v20 page 6_pages_51-75.md
005-000-010,,005,000,Suspension,VMRS_HB_COMPLETE_v20 page 6_pages_51-75.md
065-020-016,,065,020,"O-Ring - Control Valve, Hydraulic System",VMRS_HB_COMPLETE_v20 page 6_pages_51-75.md
027-002-033,,027,002,"O-Ring - Converter Cover Assembly, Automatic",VMRS_HB_COMPLETE_v20 page 6_pages_51-75.md
042-012-008,,042,012,O-Ring - Coolant Diverter,VMRS_HB_COMPLETE_v20 page 6_pages_51-75.md
001-003-174,,001,003,"O-Ring - Coolant Pump, Auxiliary Heater",VMRS_HB_COMPLETE_v20 page 6_pages_51-75.md
042-002-144,,042,002,"O-Ring - Cooling System, Water Line, Hose,",VMRS_HB_COMPLETE_v20 page 6_pages_51-75.md
065-021-007,,065,021,"O-Ring - Counter Balance Valve, Hydraulic",VMRS_HB_COMPLETE_v20 page 6_pages_51-75.md
026-016-005,,026,016,O-Bing - Countershaft Brake Cover,VMRS_HB_COMPLETE_v20 page 6_pages_51-75.md
026-002-053,,026,002,O-Bing - Countershaft Front Cover,VMRS_HB_COMPLETE_v20 page 6_pages_51-75.md
026-002-052,,026,002,O-Bing - Countershaft Bear Cover Lower,VMRS_HB_COMPLETE_v20 page 6_pages_51-75.md
020-002-052,,020,002,O Ping Countershaft Pear Cover Upper Pight,VMRS_HB_COMPLETE_v20 page 6_pages_51-75.md
020-002-001,,020,002,"O-Ring - Countershalt Real Cover, Opper Right",VMRS_HB_COMPLETE_v20 page 6_pages_51-75.md
027-000-037,,027,000,"O Ding - Courtershall, Forward Clutch",VMRS_HB_COMPLETE_v20 page 6_pages_51-75.md
045-008-198,,045,008,"O-Ring - Cover, Accessory Drive",VMRS_HB_COMPLETE_v20 page 6_pages_51-75.md
082-002-055,,082,002,"O-Ring - Cover, Oil Pump",VMRS_HB_COMPLETE_v20 page 6_pages_51-75.md
098-013-029,,098,013,"O-Ring - Cylinder Poppet, Emergency Valve",VMRS_HB_COMPLETE_v20 page 6_pages_51-75.md
026-015-091,,026,015,"O-Ring - Cylinder, Clutch Release, Automated",VMRS_HB_COMPLETE_v20 page 6_pages_51-75.md
065-004-013,,065,004,"O-Ring - Cylinder, Hydraulic System",VMRS_HB_COMPLETE_v20 page 6_pages_51-75.md
044-003-152,,044,003,"O-Ring - Delivery Valve, Injection Pump",VMRS_HB_COMPLETE_v20 page 6_pages_51-75.md
021-001-091,,021,001,O-Ring - Differential Housing. Driven Front Steer,VMRS_HB_COMPLETE_v20 page 6_pages_51-75.md
097-001-032,,097,001,O-Bing - Diffuser,VMRS_HB_COMPLETE_v20 page 6_pages_51-75.md
,010-013,010,013,O-Bing - Dipstick Tube,VMRS_HB_COMPLETE_v20 page 6_pages_51-75.md
,001-028,001,028,O-Ring - Discharge Crossover Tube,VMRS_HB_COMPLETE_v20 page 6_pages_51-75.md
,001-074,001,074,"O-Ring - Drain Plug, Transfer Case",VMRS_HB_COMPLETE_v20 page 6_pages_51-75.md
,002-045,002,045,O-Ring - Drain Valve,VMRS_HB_COMPLETE_v20 page 6_pages_51-75.md
,001-093,001,093,O-Ring - Drive Gear Driven Front Steer Axle,VMRS_HB_COMPLETE_v20 page 6_pages_51-75.md
,001-100,001,100,O-Ring - Driven Front Steer Axle Air Line Hose,VMRS_HB_COMPLETE_v20 page 6_pages_51-75.md
,001-101,001,101,O-Ring - Driven Front Steer Axle. Oil Line. Hose,VMRS_HB_COMPLETE_v20 page 6_pages_51-75.md
,039-029,039,029,O-Ring - Dust. Injector. Reefer,VMRS_HB_COMPLETE_v20 page 6_pages_51-75.md
,033-043,033,043,"O-Ring - Electrical Connector, Automatic",VMRS_HB_COMPLETE_v20 page 6_pages_51-75.md
,001-075,001,075,"O-Ring - Electrical Connector, Transfer Case",VMRS_HB_COMPLETE_v20 page 6_pages_51-75.md
,014-019,014,019,O-Ring - Electronic Injector,VMRS_HB_COMPLETE_v20 page 6_pages_51-75.md
,010-262,010,262,"O-Ring - End Cap, Air Drier",VMRS_HB_COMPLETE_v20 page 6_pages_51-75.md
,005-043,005,043,"O-Ring - End Plate, Oil Pump",VMRS_HB_COMPLETE_v20 page 6_pages_51-75.md
,002-063,002,063,"O-Ring - End Plate, Rotor",VMRS_HB_COMPLETE_v20 page 6_pages_51-75.md
,012-051,012,051,O-Ring - Engine Oil Cooler,VMRS_HB_COMPLETE_v20 page 6_pages_51-75.md
,008-005,008,005,O-Ring - Engine Shutdown Valve,VMRS_HB_COMPLETE_v20 page 6_pages_51-75.md
,015-008,015,008,"O-Ring - Engine, Air Line, Hose, Tube, Plumbing",VMRS_HB_COMPLETE_v20 page 6_pages_51-75.md
,003-241,003,241,"O-Ring - Engine, Fuel Line, Hose, Tube,",VMRS_HB_COMPLETE_v20 page 6_pages_51-75.md
,009-060,009,060,"O-Ring - Engine, Oil Line, Hose, Tube, Plumbing",VMRS_HB_COMPLETE_v20 page 6_pages_51-75.md
,001-026,001,026,O-Ring - Evaporator Line,VMRS_HB_COMPLETE_v20 page 6_pages_51-75.md
,001-091,001,091,"O-Ring - Exhaust System, Air Line, Hose, Tube,",VMRS_HB_COMPLETE_v20 page 6_pages_51-75.md
,000-051,000,051,Plumping,VMRS_HB_COMPLETE_v20 page 6_pages_51-75.md
,002-001,002,001,"O-Ring - Expansion Plug, Cylinder Block",VMRS_HB_COMPLETE_v20 page 6_pages_51-75.md
,001-088,001,088,"O-Ring - Face Seal Tube End, Power Down",VMRS_HB_COMPLETE_v20 page 6_pages_51-75.md
,002-014,002,014,O Ding Ean Clutch Drive,VMRS_HB_COMPLETE_v20 page 6_pages_51-75.md
,003-044,003,044,O-Ring - Fanshaft,VMRS_HB_COMPLETE_v20 page 6_pages_51-75.md
,007-042,007,042,O-Ring - Fanshalt,VMRS_HB_COMPLETE_v20 page 6_pages_51-75.md
,002-002,002,002,O-Ring - Feeder Tube,VMRS_HB_COMPLETE_v20 page 6_pages_51-75.md
,002-042,002,042,O-Ring - Field Frame,VMRS_HB_COMPLETE_v20 page 6_pages_51-75.md
,007-173,007,173,O-Ring - Filler Neck DEF Tank,VMRS_HB_COMPLETE_v20 page 6_pages_51-75.md
,006-013,006,013,"O-Ring - Filter, Hydraulic System",VMRS_HB_COMPLETE_v20 page 6_pages_51-75.md
,010-047,010,047,"O-Ring - Filter, Intake Housing, Injector",VMRS_HB_COMPLETE_v20 page 6_pages_51-75.md
,010-019,010,019,O-Ring - Fitting,VMRS_HB_COMPLETE_v20 page 6_pages_51-75.md
,001-113,001,113,"O-Ring - Fitting, Coolant Hose, Clean Gas",VMRS_HB_COMPLETE_v20 page 6_pages_51-75.md
,001-022,001,022,"O-Ring - Flange, Drum Support",VMRS_HB_COMPLETE_v20 page 6_pages_51-75.md
,022-007,022,007,"O-Ring - Flow Control Valve, Hydraulic System",VMRS_HB_COMPLETE_v20 page 6_pages_51-75.md
,004-027,004,027,O-Ring - Flywheel Housing,VMRS_HB_COMPLETE_v20 page 6_pages_51-75.md
,001-027,001,027,O-Ring - Front Cover,VMRS_HB_COMPLETE_v20 page 6_pages_51-75.md
,001-033,001,033,"O-Ring - Front Suspension, Air Line, Hose, Tube,",VMRS_HB_COMPLETE_v20 page 6_pages_51-75.md
,007-000,007,000,Plumbing,VMRS_HB_COMPLETE_v20 page 6_pages_51-75.md
,007-020,007,020,O-Ring - Fuel Injector Nerrale,VMRS_HB_COMPLETE_v20 page 6_pages_51-75.md
,003-310,003,310,O Ring - Fuel Line,VMRS_HB_COMPLETE_v20 page 6_pages_51-75.md
,002-065,002,065,O Ring - Fuel Line Gassous,VMRS_HB_COMPLETE_v20 page 6_pages_51-75.md
,006-036,006,036,O-Ring - Gear Countershaft Forward Clutch,VMRS_HB_COMPLETE_v20 page 6_pages_51-75.md
,003-239,003,239,"O-Ring - Gear, Euel Pump",VMRS_HB_COMPLETE_v20 page 6_pages_51-75.md
,002-049,002,049,"O-Ring - Gear, Reverse Idler",VMRS_HB_COMPLETE_v20 page 6_pages_51-75.md
,001-381,001,381,"O-Ring - General, AC",VMRS_HB_COMPLETE_v20 page 6_pages_51-75.md
,003-026,003,026,O-Ring - Glow Plug,VMRS_HB_COMPLETE_v20 page 6_pages_51-75.md
,005-010,005,010,O-Ring - Harmonic Balancer,VMRS_HB_COMPLETE_v20 page 6_pages_51-75.md
,008-205,008,205,"O-Ring - Harness, Variable Valve Actuator",VMRS_HB_COMPLETE_v20 page 6_pages_51-75.md
,004-086,004,086,"O-Ring - Head Bolt, Reefer",VMRS_HB_COMPLETE_v20 page 6_pages_51-75.md
,007-006,007,006,"O-Ring - Head, Water Filter",VMRS_HB_COMPLETE_v20 page 6_pages_51-75.md
,007-243,007,243,"O-Ring - Header, DEF Tank",VMRS_HB_COMPLETE_v20 page 6_pages_51-75.md
,007-175,007,175,"O-Ring - Heater, DEF Tank",VMRS_HB_COMPLETE_v20 page 6_pages_51-75.md
,008-015,008,015,O-Ring - Hole Gear,VMRS_HB_COMPLETE_v20 page 6_pages_51-75.md
,005-008,005,008,O-Ring - Hose Reel,VMRS_HB_COMPLETE_v20 page 6_pages_51-75.md
,005-064,005,064,"O-Ring - Hose, Power Steering",VMRS_HB_COMPLETE_v20 page 6_pages_51-75.md
,011-023,011,023,"O-Ring - Housing, Full Flow Oil Filter",VMRS_HB_COMPLETE_v20 page 6_pages_51-75.md
,004-029,004,029,"O-Ring - Housing, Drive Shaft Bearing,",VMRS_HB_COMPLETE_v20 page 6_pages_51-75.md
,006-001,006,001,O Ding Housing Secondary Filter,VMRS_HB_COMPLETE_v20 page 6_pages_51-75.md
,004-020,004,020,"O Ping Housing, Secondary Filter",VMRS_HB_COMPLETE_v20 page 6_pages_51-75.md
,004-080,004,080,O Ping Hubcan,VMRS_HB_COMPLETE_v20 page 6_pages_51-75.md
,003-022,003,022,O-ming - hubcap,VMRS_HB_COMPLETE_v20 page 6_pages_51-75.md
023-001-052,,023,001,O-Ring - Hydraulic Clutch Cylinder,VMRS_HB_COMPLETE_v20 page 6_pages_51-75.md
044-006-016,,044,006,"O-Ring - Plunger, Governor Control Valve",VMRS_HB_COMPLETE_v20 page 6_pages_51-75.md
002-036-019,,002,036,O-Ring - Hydraulic Cylinder,VMRS_HB_COMPLETE_v20 page 6_pages_51-75.md
042-010-012,,042,010,O-Ring - Pre-Heater,VMRS_HB_COMPLETE_v20 page 6_pages_51-75.md
013-014-099,,013,014,"O-Ring - Hydraulic, Wheel Cylinder",VMRS_HB_COMPLETE_v20 page 6_pages_51-75.md
065-025-007,,065,025,"O-Ring - Pressure Bypass Valve, Hydraulic",VMRS_HB_COMPLETE_v20 page 6_pages_51-75.md
013-002-160,,013,002,"O-Ring - Hydraulic, Wheel Cylinder, Rear Brakes",VMRS_HB_COMPLETE_v20 page 6_pages_51-75.md
015-005-027,,015,005,System,VMRS_HB_COMPLETE_v20 page 6_pages_51-75.md
025-001-076,,025,001,"O-Ring - Idler, Transfer Case",VMRS_HB_COMPLETE_v20 page 6_pages_51-75.md
015-005-037,,015,005,"O Ring - Pressure Plate, Oli Pump",VMRS_HB_COMPLETE_v20 page 6_pages_51-75.md
044-014-017,,044,014,O-Ring - Injection Flessure Regulator,VMRS_HB_COMPLETE_v20 page 6_pages_51-75.md
043-000-145,,043,000,Aftertreatment,VMRS_HB_COMPLETE_v20 page 6_pages_51-75.md
044-004-009,,044,004,O-Ring - Injector Fuel Passage,VMRS_HB_COMPLETE_v20 page 6_pages_51-75.md
003-004-063,,003,004,"O-Ring - Probe, Low Coolant Sensor",VMRS_HB_COMPLETE_v20 page 6_pages_51-75.md
098-013-030,,098,013,"O-Ring - Inner Housing, Emergency Valve",VMRS_HB_COMPLETE_v20 page 6_pages_51-75.md
056-001-131,,056,001,O-Ring - PTO,VMRS_HB_COMPLETE_v20 page 6_pages_51-75.md
022-004-132,,022,004,O-Ring - Input Bearing Cage,VMRS_HB_COMPLETE_v20 page 6_pages_51-75.md
027-012-018,,027,012,"O-Ring - PTO Hub, Automatic Transmission",VMRS_HB_COMPLETE_v20 page 6_pages_51-75.md
092-002-030,,092,002,O-Ring - Input Hub & Shaft,VMRS_HB_COMPLETE_v20 page 6_pages_51-75.md
044-003-161,,044,003,O-Ring - Pulsation Damper,VMRS_HB_COMPLETE_v20 page 6_pages_51-75.md
026-011-125,,026,011,"O-Ring - Insert Valve, Manual Transmission",VMRS_HB_COMPLETE_v20 page 6_pages_51-75.md
013-010-153,,013,010,"O-Ring - Quick Release Valve, Air Brake",VMRS_HB_COMPLETE_v20 page 6_pages_51-75.md
029-008-016,,029,008,O-Ring - Intermediate,VMRS_HB_COMPLETE_v20 page 6_pages_51-75.md
026-016-011,,026,016,"O-Ring - Quick Vent Valve, Countershaft Brake",VMRS_HB_COMPLETE_v20 page 6_pages_51-75.md
034-004-038,,034,004,"O-Ring - Internal, ruer Line HeaterO-Ring - Lens Retainer, Clearance/Marker Lamp",VMRS_HB_COMPLETE_v20 page 6_pages_51-75.md
029-000-013,,029,000,O-Ring - Range Control Valve,VMRS_HB_COMPLETE_v20 page 6_pages_51-75.md
034-002-023,,034,002,O-Ring - Lens. Retainer,VMRS_HB_COMPLETE_v20 page 6_pages_51-75.md
026-011-207,,026,011,O-Ring - Range Slave Valve,VMRS_HB_COMPLETE_v20 page 6_pages_51-75.md
043-007-241,,043,007,"O-Ring - Level Sensor, DEF Tank",VMRS_HB_COMPLETE_v20 page 6_pages_51-75.md
022-001-027,,022,001,"O-Ring - Rear Drive Axle, Air Line, Hose, Tube,",VMRS_HB_COMPLETE_v20 page 6_pages_51-75.md
043-007-140,,043,007,"O-Ring - Line, Hose, Tube, Plumbing",VMRS_HB_COMPLETE_v20 page 6_pages_51-75.md
045-002-016,,045,002,"O-Ring - Liner, Cylinder",VMRS_HB_COMPLETE_v20 page 6_pages_51-75.md
022-001-028,,022,001,"O-Ring - Rear Drive Axle, Oil Line, Hose, Tube,",VMRS_HB_COMPLETE_v20 page 6_pages_51-75.md
065-013-028,,065,013,"O-Ring - Lines, Pump",VMRS_HB_COMPLETE_v20 page 6_pages_51-75.md
007-001-010,,007,001,Plumbing,VMRS_HB_COMPLETE_v20 page 6_pages_51-75.md
015-004-062,,015,004,"O-Ring - Linkage, Steering",VMRS_HB_COMPLETE_v20 page 6_pages_51-75.md
027-021-019,,027,021,O-Ring - Rear Servo,VMRS_HB_COMPLETE_v20 page 6_pages_51-75.md
168-001-045,,168,001,"O-Ring - Liquid IndicatorO-Ring - Load Sense Valve, Mower",VMRS_HB_COMPLETE_v20 page 6_pages_51-75.md
010-014-056,,010,014,"O-Ring - Real Suspension, All Line, Hose, Tube,",VMRS_HB_COMPLETE_v20 page 6_pages_51-75.md
002-036-097,,002,036,O-Ring - Locking Mechanism,VMRS_HB_COMPLETE_v20 page 6_pages_51-75.md
065-016-016,,065,016,O-Ring - Reciprocating Pump Hydraulic System,VMRS_HB_COMPLETE_v20 page 6_pages_51-75.md
022-004-094,,022,004,O-Ring - Lube Pump,VMRS_HB_COMPLETE_v20 page 6_pages_51-75.md
082-009-004,,082,009,O-Ring - Refrigerant Line,VMRS_HB_COMPLETE_v20 page 6_pages_51-75.md
026-001-081,,026,001,"O-Ring - Main Transmission, Air Line, Hose,",VMRS_HB_COMPLETE_v20 page 6_pages_51-75.md
082-031-003,,082,031,O-Ring - Refrigerant Line,VMRS_HB_COMPLETE_v20 page 6_pages_51-75.md
001-001-394,,001,001,"O-Ring - Refrigerant Line, Hose, Tube, Plumbing",VMRS_HB_COMPLETE_v20 page 6_pages_51-75.md
026-001-082,,026,001,"O-Ring - Main Transmission, Oil Line, Hose,",VMRS_HB_COMPLETE_v20 page 6_pages_51-75.md
001-004-033,,001,004,"O-Ring - Refrigerant, Sleeper A/C",VMRS_HB_COMPLETE_v20 page 6_pages_51-75.md
013-010-229,,013,010,O-Ring - Relay Valve Plunger,VMRS_HB_COMPLETE_v20 page 6_pages_51-75.md
151-003-057,,151,003,"O-Ring - Manifold, Compressor, A/C, APU",VMRS_HB_COMPLETE_v20 page 6_pages_51-75.md
005-027-009,,005,027,"O-Ring - Relief Valve, Hydraulic System",VMRS_HB_COMPLETE_v20 page 6_pages_51-75.md
045-008-083,,045,008,O-Ring - Master CyllinderO-Ring - Mechanical Variable Timing,VMRS_HB_COMPLETE_v20 page 6_pages_51-75.md
053-006-029,,053,006,O-Ring - Reservoir Head Jack,VMRS_HB_COMPLETE_v20 page 6_pages_51-75.md
025-001-077,,025,001,"O-Ring - Modulating Valve, Transfer Case",VMRS_HB_COMPLETE_v20 page 6_pages_51-75.md
055-010-224,,055,010,O-Ring - Reservoir Tank,VMRS_HB_COMPLETE_v20 page 6_pages_51-75.md
026-011-120,,026,011,"O-Ring - Mounting, Air Filter, Regulator",VMRS_HB_COMPLETE_v20 page 6_pages_51-75.md
065-017-015,,065,017,"O-Ring - Reservoir, Hydraulic System",VMRS_HB_COMPLETE_v20 page 6_pages_51-75.md
043-001-114,,043,001,"O-Ring - Mounting, Clean Gas Induction (CGI)",VMRS_HB_COMPLETE_v20 page 6_pages_51-75.md
082-039-043,,082,039,"O-Ring - Retainer Valve, Fuel Pump, Reefer",VMRS_HB_COMPLETE_v20 page 6_pages_51-75.md
045-021-064,,045,021,"O-Ring - Mounting, Crankcase Pressure Sensor",VMRS_HB_COMPLETE_v20 page 6_pages_51-75.md
111-002-010,,111,002,O-Ring - Roller,VMRS_HB_COMPLETE_v20 page 6_pages_51-75.md
082-039-014,,082,039,"O-Ring - Mounting, Fuel Pump, Reefer",VMRS_HB_COMPLETE_v20 page 6_pages_51-75.md
027-001-041,,027,001,O-Ring - Scavenge Pump,VMRS_HB_COMPLETE_v20 page 6_pages_51-75.md
045-009-037,,045,009,"O-Ring - Mounting, Oli Pump Screen",VMRS_HB_COMPLETE_v20 page 6_pages_51-75.md
045-021-035,,045,021,"O Ring - Sensor , Engine Position",VMRS_HB_COMPLETE_v20 page 6_pages_51-75.md
027-033-066,,027,033,"O-Ring - Noise Suppressor, Automatic",VMRS_HB_COMPLETE_v20 page 6_pages_51-75.md
045-021-069,,045,021,"O-Ring - Sensor, Engine Coolant Temperature",VMRS_HB_COMPLETE_v20 page 6_pages_51-75.md
027-000-000,,027,000,Transmission,VMRS_HB_COMPLETE_v20 page 6_pages_51-75.md
045-021-044,,045,021,"O-Ring - Sensor, Engine Oldersure",VMRS_HB_COMPLETE_v20 page 6_pages_51-75.md
045-009-036,,045,009,"O-Ring - Nozzle, Piston Cooling",VMRS_HB_COMPLETE_v20 page 6_pages_51-75.md
045-021-045,,045,021,"O-Ring - Sensor, Manifold Pressure",VMRS_HB_COMPLETE_v20 page 6_pages_51-75.md
043-004-173,,043,004,"O-Ring - Oil Drain Tube, Turbocharger",VMRS_HB_COMPLETE_v20 page 6_pages_51-75.md
043-007-180,,043,007,"O-Ring - Sensor, Nitrogen Oxide (NOX)",VMRS_HB_COMPLETE_v20 page 6_pages_51-75.md
045-012-025,,045,012,O-Ring - Oil Filter Minder,VMRS_HB_COMPLETE_v20 page 6_pages_51-75.md
082-018-009,,082,018,O-Ring - Service Valve,VMRS_HB_COMPLETE_v20 page 6_pages_51-75.md
045-010-031,,045,010,O-Ring - Oil Filter Tube,VMRS_HB_COMPLETE_v20 page 6_pages_51-75.md
001-001-033,,001,001,O-Ring - Shaft Seat Retainer,VMRS_HB_COMPLETE_v20 page 6_pages_51-75.md
043-004-070,,043,004,O-Ring - Oll Line,VMRS_HB_COMPLETE_v20 page 6_pages_51-75.md
042-003-032,,042,003,"O-Ring - Shatt, Angle Drive, Radiator Fan",VMRS_HB_COMPLETE_v20 page 6_pages_51-75.md
045-002-115,,045,002,O-Ring - Oil Pickup Tube,VMRS_HB_COMPLETE_v20 page 6_pages_51-75.md
002-035-126,,002,035,O-Ring - Shaft Windshield Winer,VMRS_HB_COMPLETE_v20 page 6_pages_51-75.md
003-001-243,,003,001,"O-Ring - Oil Pressure Sensor, Sending Unit",VMRS_HB_COMPLETE_v20 page 6_pages_51-75.md
001-001-016,,001,001,O-Ring - Shell To Head,VMRS_HB_COMPLETE_v20 page 6_pages_51-75.md
045-009-074,,045,009,O-Ring - Oil Pump Inlet Tube,VMRS_HB_COMPLETE_v20 page 6_pages_51-75.md
082-004-066,,082,004,O-Ring - Sleeve,VMRS_HB_COMPLETE_v20 page 6_pages_51-75.md
015-005-050,,015,005,O-Ring - Oil Pump Plug,VMRS_HB_COMPLETE_v20 page 6_pages_51-75.md
082-002-033,,082,002,"O-Ring - Sleeve, Compressor, Mechanical",VMRS_HB_COMPLETE_v20 page 6_pages_51-75.md
026-013-010,,026,013,"O-Ring - Oil Pump, Countershaft Mounted",VMRS_HB_COMPLETE_v20 page 6_pages_51-75.md
045-013-024,,045,013,O-Ring - Oil Suction Tube,VMRS_HB_COMPLETE_v20 page 6_pages_51-75.md
017-009-046,,017,009,"O-Ring - Sleeve, Inlet Tube, Central Tire Inflation",VMRS_HB_COMPLETE_v20 page 6_pages_51-75.md
082-002-088,,082,002,O-Ring - Oil Supply Line,VMRS_HB_COMPLETE_v20 page 6_pages_51-75.md
002-002-027,,002,002,System,VMRS_HB_COMPLETE_v20 page 6_pages_51-75.md
043-004-114,,043,004,"O-Ring - Oil Supply Tube, Turbocharger",VMRS_HB_COMPLETE_v20 page 6_pages_51-75.md
003-002-037,,003,002,"O-Ring - Seleve, Speedometer Drive",VMRS_HB_COMPLETE_v20 page 6_pages_51-75.md
027-013-047,,027,013,"O-Ring - Output Shaft, Automatic Transmission",VMRS_HB_COMPLETE_v20 page 6_pages_51-75.md
044-010-039,,044,010,"O-Ring - Solenoid Valve, Adomatic Hanshission",VMRS_HB_COMPLETE_v20 page 6_pages_51-75.md
022-004-081,,022,004,"O-Ring - Output Shaft, Driven Rear Axle",VMRS_HB_COMPLETE_v20 page 6_pages_51-75.md
018-004-010,,018,004,O-Ring - Spacer Bearing,VMRS_HB_COMPLETE_v20 page 6_pages_51-75.md
025-001-078,,025,001,"O-Ring - Output Shaft, Transfer Case",VMRS_HB_COMPLETE_v20 page 6_pages_51-75.md
027-031-011,,027,031,O-Ring - Speed Sensor,VMRS_HB_COMPLETE_v20 page 6_pages_51-75.md
365-007-036,,365,007,O-Ring - Paint Pump,VMRS_HB_COMPLETE_v20 page 6_pages_51-75.md
042-007-019,,042,007,O-Ring - Spindle Shutoff,VMRS_HB_COMPLETE_v20 page 6_pages_51-75.md
045-009-071,,045,009,"O-Ring - Pickup Tube, Oil Pump",VMRS_HB_COMPLETE_v20 page 6_pages_51-75.md
056-001-115,,056,001,"O-Ring - Split Shaft, PTO",VMRS_HB_COMPLETE_v20 page 6_pages_51-75.md
018-001-048,,018,001,"O-Ring - Pinion Shaft, Planetary Hub",VMRS_HB_COMPLETE_v20 page 6_pages_51-75.md
029-008-014,,029,008,O-Ring - Splitter,VMRS_HB_COMPLETE_v20 page 6_pages_51-75.md
042-000-009,,042,000,"O-Ring - Pipe, Thermostal bypass",VMRS_HB_COMPLETE_v20 page 6_pages_51-75.md
015-002-039,,015,002,O-Ring - Steering Courinn,VMRS_HB_COMPLETE_v20 page 6_pages_51-75.md
027-007-017,,027,007,O-Ring - Piston Housing,VMRS_HB_COMPLETE_v20 page 6_pages_51-75.md
015-005-094,,015,005,O-Ring - Steering System Air Line Hose Tube,VMRS_HB_COMPLETE_v20 page 6_pages_51-75.md
043-004-030,,043,004,O-Ring - Plate,VMRS_HB_COMPLETE_v20 page 6_pages_51-75.md
043-004-028,,043,004,"O-Ring - Plate, Diffuser, Turbocharger",VMRS_HB_COMPLETE_v20 page 6_pages_51-75.md
015-005-095,,015,005,"O-Ring - Steering System, Steering Fluid Line,",VMRS_HB_COMPLETE_v20 page 6_pages_51-75.md
044-010-054,,044,010,"O-Ring - Plate, Injector Assembly",VMRS_HB_COMPLETE_v20 page 6_pages_51-75.md
022-004-098,,022,004,"O-Ring - Plug, Pump Relief Valve",VMRS_HB_COMPLETE_v20 page 6_pages_51-75.md
082-008-043,,082,008,O-Ring - Suction Hose,VMRS_HB_COMPLETE_v20 page 6_pages_51-75.md
025-001-079,,025,001,"O-Hing - Plug, Transfer Case",VMRS_HB_COMPLETE_v20 page 6_pages_51-75.md
002-040-050,,002,040,O Ping Support Deployable Step,VMRS_HB_COMPLETE_v20 page 6_pages_51-75.md
013-010-203,,013,010,"U-ming - Plunger, Alf Drier",VMRS_HB_COMPLETE_v20 page 6_pages_51-75.md
002-040-059,,002,040,"U-ning - Support, Deployable Step",VMRS_HB_COMPLETE_v20 page 6_pages_51-75.md
044-002-037,,044,002,O-Ring - T Handle,VMRS_HB_COMPLETE_v20 page 6_pages_51-75.md
053-999-039,,053,999,Oil - Refrigerant Charge,VMRS_HB_COMPLETE_v20 page 6_pages_51-75.md
012-002-025,,012,002,"O-Ring - Tag Or Pusher Axle, Air Line, Hose,",VMRS_HB_COMPLETE_v20 page 6_pages_51-75.md
053-999-166,,053,999,"Oil - Semi-Synthetic, Engine",VMRS_HB_COMPLETE_v20 page 6_pages_51-75.md
053-999-270,,053,999,OII - Spindle,VMRS_HB_COMPLETE_v20 page 6_pages_51-75.md
012-002-026,,012,002,"O-Ring - Tag Or Pusher Axle, Oil Line, Hose,",VMRS_HB_COMPLETE_v20 page 6_pages_51-75.md
053-999-019,,053,999,Oil - Steering Gear,VMRS_HB_COMPLETE_v20 page 6_pages_51-75.md
053-999-032,,053,999,"Oil - Synthetic, Engine",VMRS_HB_COMPLETE_v20 page 6_pages_51-75.md
042-006-022,,042,006,O-Ring - Thermostat Housing,VMRS_HB_COMPLETE_v20 page 6_pages_51-75.md
053-999-033,,053,999,"Oil - Synthetic, Gear",VMRS_HB_COMPLETE_v20 page 6_pages_51-75.md
044-003-179,,044,003,O-Ring - Throttle Shaft,VMRS_HB_COMPLETE_v20 page 6_pages_51-75.md
053-999-121,,053,999,"Oil - Synthetic, Transmission",VMRS_HB_COMPLETE_v20 page 6_pages_51-75.md
082-004-050,,082,004,O-Ring - Throttling Valve To Compressor,VMRS_HB_COMPLETE_v20 page 6_pages_51-75.md
053-014-003,,053,014,Oil - Used,VMRS_HB_COMPLETE_v20 page 6_pages_51-75.md
042-006-010,,042,006,"O-Ring - Tube, Oil Cooler To Thermostat",VMRS_HB_COMPLETE_v20 page 6_pages_51-75.md
053-999-104,,053,999,Oil - Vacuum Pump,VMRS_HB_COMPLETE_v20 page 6_pages_51-75.md
053-999-161,,053,999,Oil - Water Soluble,VMRS_HB_COMPLETE_v20 page 6_pages_51-75.md
043-004-129,,043,004,O-Ring - Turbocompound,VMRS_HB_COMPLETE_v20 page 6_pages_51-75.md
053-999-020,,053,999,Oil - Wheel Hub,VMRS_HB_COMPLETE_v20 page 6_pages_51-75.md
082-041-055,,082,041,"O-Ring - Valve Cover, Reefer",VMRS_HB_COMPLETE_v20 page 6_pages_51-75.md
053-999-087,,053,999,Oil Absorbent,VMRS_HB_COMPLETE_v20 page 6_pages_51-75.md
044-001-097,,044,001,"O-Ring - Vehicle Fuel System, Fuel Line, Hose,",VMRS_HB_COMPLETE_v20 page 6_pages_51-75.md
082-004-008,,082,004,Oil Charge,VMRS_HB_COMPLETE_v20 page 6_pages_51-75.md
092-002-008,,092,002,"Oil Charge - Compressor, Bulk Product Transfer",VMRS_HB_COMPLETE_v20 page 6_pages_51-75.md
059-032-034,,059,032,"O-Ring - Vehicle Hydraulic System, Oil Line,",VMRS_HB_COMPLETE_v20 page 6_pages_51-75.md
091-003-036,,091,003,"Oil Control Valve - Operator Shaft, Diverter Valve",VMRS_HB_COMPLETE_v20 page 6_pages_51-75.md
026-013-016,,026,013,"Oil Cooler - Heat Exchanger, Manual",VMRS_HB_COMPLETE_v20 page 6_pages_51-75.md
082-031-011,,082,031,"O-Ring - Vibrasorber, Suction",VMRS_HB_COMPLETE_v20 page 6_pages_51-75.md
005-004-400,,005,004,Iransmission,VMRS_HB_COMPLETE_v20 page 6_pages_51-75.md
042-005-004,,042,005,O-Ring - Water Manifold,VMRS_HB_COMPLETE_v20 page 6_pages_51-75.md
025-001-120,,025,001,Oil Cooler - Transfer Case,VMRS_HB_COMPLETE_v20 page 6_pages_51-75.md
042-004-079,,042,004,O-Ring - Water Pump,VMRS_HB_COMPLETE_v20 page 6_pages_51-75.md
042-002-012,,042,002,Oil Cooler Assembly - Transmission,VMRS_HB_COMPLETE_v20 page 6_pages_51-75.md
151-001-076,,151,001,"O-Ring - Water Pump, APU",VMRS_HB_COMPLETE_v20 page 6_pages_51-75.md
027-013-031,,027,013,Oil Deflector,VMRS_HB_COMPLETE_v20 page 6_pages_51-75.md
018-003-012,,018,003,O-Ring - Wineh,VMRS_HB_COMPLETE_v20 page 6_pages_51-75.md
045-002-002,,045,002,Oil Deflector - Core Assembly,VMRS_HB_COMPLETE_v20 page 6_pages_51-75.md
207-012-025,,207,012,"O-Ring - Windshield Wesher, Weter Line, Hese",VMRS_HB_COMPLETE_v20 page 6_pages_51-75.md
045-003-003,,045,003,"Oil Dellector Or Slingers - Grankshall, Front",VMRS_HB_COMPLETE_v20 page 6_pages_51-75.md
002-035-140,,002,035,"O-Ring - Windshield Washer, Water Line, Hose,",VMRS_HB_COMPLETE_v20 page 6_pages_51-75.md
045-010-000,,045,010,Oil Filler & Level Indicator,VMRS_HB_COMPLETE_v20 page 6_pages_51-75.md
006-014-006,,006,014,"Tube, Plumbing",VMRS_HB_COMPLETE_v20 page 6_pages_51-75.md
000-001-010,,000,001,Oil Filler CanOil Filler Dear Avla,VMRS_HB_COMPLETE_v20 page 6_pages_51-75.md
020-014-000,,020,014,"O-Ring - Winng Harness, ECU",VMRS_HB_COMPLETE_v20 page 6_pages_51-75.md
022-001-010,,022,001,Oil Filter - Rear Axle,VMRS_HB_COMPLETE_v20 page 6_pages_51-75.md
051-001-012,,051,001,"O-Ring (Or Gaskel) - Adapter Mounting Plate,",VMRS_HB_COMPLETE_v20 page 6_pages_51-75.md
022-003-127,,022,003,Oil Flau Value - Rear Axie,VMRS_HB_COMPLETE_v20 page 6_pages_51-75.md
044-002-012,,044,002,O Ding (Or Seel) Element Evel Filter,VMRS_HB_COMPLETE_v20 page 6_pages_51-75.md
045-000-193,,045,000,Oil Line Accessory Drive,VMRS_HB_COMPLETE_v20 page 6_pages_51-75.md
044-002-013,,044,002,"O Ring (Or Seal) - Element, Fuel Filler",VMRS_HB_COMPLETE_v20 page 6_pages_51-75.md
040-000-170,,040,000,Oil Line - Accessory Drive,VMRS_HB_COMPLETE_v20 page 6_pages_51-75.md
027-030-013,,027,030,O Ping / Seal - Connector,VMRS_HB_COMPLETE_v20 page 6_pages_51-75.md
365-011-012,,365,011,Oil Line - All Compressor,VMRS_HB_COMPLETE_v20 page 6_pages_51-75.md
044-003-215,,044,003,O-Ping / Seal - Fuel Solehold,VMRS_HB_COMPLETE_v20 page 6_pages_51-75.md
043-001-078,,043,001,Oil Line - Burlet Assembly,VMRS_HB_COMPLETE_v20 page 6_pages_51-75.md
045-014-034,,045,014,O-Ring Kit - Filter/Oil Separator,VMRS_HB_COMPLETE_v20 page 6_pages_51-75.md
045-018-010,,045,018,Oil Line - Engine Brake,VMRS_HB_COMPLETE_v20 page 6_pages_51-75.md
044-003-311,,044,003,O-Bing Kit - Fuel Injector Nozzle,VMRS_HB_COMPLETE_v20 page 6_pages_51-75.md
045-011-060,,045,011,Oil Line - Remote Filter,VMRS_HB_COMPLETE_v20 page 6_pages_51-75.md
044-014-055,,044,014,O-Ring Kit - High Pressure Oil Pump,VMRS_HB_COMPLETE_v20 page 6_pages_51-75.md
045-008-143,,045,008,Oil Line - Bocker Arm,VMRS_HB_COMPLETE_v20 page 6_pages_51-75.md
027-033-019,,027,033,O-Ring Kit - Modulator,VMRS_HB_COMPLETE_v20 page 6_pages_51-75.md
045-013-000,,045,013,Oil Pan,VMRS_HB_COMPLETE_v20 page 6_pages_51-75.md
013-011-133,,013,011,O-Ring Or Seal - Speed Sensor,VMRS_HB_COMPLETE_v20 page 6_pages_51-75.md
045-013-001,,045,013,Oil Pan - Assembly,VMRS_HB_COMPLETE_v20 page 6_pages_51-75.md
013-002-089,,013,002,O-Ring Camshaft - Rear Brakes,VMRS_HB_COMPLETE_v20 page 6_pages_51-75.md
027-036-001,,027,036,Oil Pan - Automatic Transmission,VMRS_HB_COMPLETE_v20 page 6_pages_51-75.md
013-001-099,,013,001,"O-Ring, Hydraulic Wheel Cylinder - Front Brake",VMRS_HB_COMPLETE_v20 page 6_pages_51-75.md
027-036-000,,027,036,Oil Pan & Screen Assembly,VMRS_HB_COMPLETE_v20 page 6_pages_51-75.md
368-001-020,,368,001,"O-Ring, Pendulum Roller Bearing, Drum Support",VMRS_HB_COMPLETE_v20 page 6_pages_51-75.md
151-001-222,,151,001,Oil Pan. APU,VMRS_HB_COMPLETE_v20 page 6_pages_51-75.md
045-010-042,,045,010,"O-Ring, Seal - Oil Fill Cap",VMRS_HB_COMPLETE_v20 page 6_pages_51-75.md
025-001-024,,025,001,Oil Pump - Transfer Case,VMRS_HB_COMPLETE_v20 page 6_pages_51-75.md
003-004-051,,003,004,"O-Ring, Valve - Engine Shutdown",VMRS_HB_COMPLETE_v20 page 6_pages_51-75.md
045-009-000,,045,009,Oil Pump & Distribution System,VMRS_HB_COMPLETE_v20 page 6_pages_51-75.md
027-029-009,,027,029,"O-Ring/Seal - Oil Pump To Case, Front",VMRS_HB_COMPLETE_v20 page 6_pages_51-75.md
027-029-000,,027,029,Oil Pump Assembly - Automatic Transmission,VMRS_HB_COMPLETE_v20 page 6_pages_51-75.md
019-001-012,,019,001,"O-Ring/Seal - Reservoir, Lubricator",VMRS_HB_COMPLETE_v20 page 6_pages_51-75.md
027-029-006,,027,029,Oil Pump Assembly - Automatic Transmission,VMRS_HB_COMPLETE_v20 page 6_pages_51-75.md
027-039-002,,027,039,O-Rings - Cooler Manifold,VMRS_HB_COMPLETE_v20 page 6_pages_51-75.md
082-004-073,,082,004,"Oil Pump Assembly - Compressor Assembly,",VMRS_HB_COMPLETE_v20 page 6_pages_51-75.md
027-013-016,,027,013,O-Rings - Carrier,VMRS_HB_COMPLETE_v20 page 6_pages_51-75.md
027-031-031,,027,031,O-Rings - Case,VMRS_HB_COMPLETE_v20 page 6_pages_51-75.md
082-002-038,,082,002,"Oil Pump Assembly - Compressor, Mechanical",VMRS_HB_COMPLETE_v20 page 6_pages_51-75.md
027-001-024,,027,001,O-Rings - Case Assembly,VMRS_HB_COMPLETE_v20 page 6_pages_51-75.md
027-029-032,,027,029,O-Rings - Oil Pump,VMRS_HB_COMPLETE_v20 page 6_pages_51-75.md
022-004-033,,022,004,Oil Pump Assembly - Driven Rear Axle,VMRS_HB_COMPLETE_v20 page 6_pages_51-75.md
053-999-059,,053,999,"O-Rings - Rubber, General",VMRS_HB_COMPLETE_v20 page 6_pages_51-75.md
045-009-001,,045,009,Oil Pump Assembly - Engine Oil,VMRS_HB_COMPLETE_v20 page 6_pages_51-75.md
065-002-014,,065,002,O-Rings & Seals,VMRS_HB_COMPLETE_v20 page 6_pages_51-75.md
022-004-085,,022,004,Oil Pump Kit,VMRS_HB_COMPLETE_v20 page 6_pages_51-75.md
199-001-000,,199,001,OCC Screen,VMRS_HB_COMPLETE_v20 page 6_pages_51-75.md
045-011-041,,045,011,Oil Reservoir Kit,VMRS_HB_COMPLETE_v20 page 6_pages_51-75.md
199-001-001,,199,001,OCC Screen Assembly,VMRS_HB_COMPLETE_v20 page 6_pages_51-75.md
045-011-073,,045,011,"Oil Ring - Connecting Pipe, Oil Module",VMRS_HB_COMPLETE_v20 page 6_pages_51-75.md
174-032-066,,174,032,Occupant Restraint Assembly - Wheelchair Tie-,VMRS_HB_COMPLETE_v20 page 6_pages_51-75.md
027-024-029,,027,024,Oil Ring - Front Accumulator Piston,VMRS_HB_COMPLETE_v20 page 6_pages_51-75.md
082-002-058,,082,002,Oil Screen Assembly - Suction,VMRS_HB_COMPLETE_v20 page 6_pages_51-75.md
002-057-000,,002,057,Occupant Safety Devices,VMRS_HB_COMPLETE_v20 page 6_pages_51-75.md
267-012-024,,267,012,Oil Seal - Winch,VMRS_HB_COMPLETE_v20 page 6_pages_51-75.md
003-002-008,,003,002,Odometer,VMRS_HB_COMPLETE_v20 page 6_pages_51-75.md
027-013-049,,027,013,"Oil Seal Kit - Output Shaft, Automatic",VMRS_HB_COMPLETE_v20 page 6_pages_51-75.md
055-012-037,,055,012,Offset Foot - Captive Beam,VMRS_HB_COMPLETE_v20 page 6_pages_51-75.md
053-999-082,,053,999,Oil - Air Cleaner,VMRS_HB_COMPLETE_v20 page 6_pages_51-75.md
045-007-031,,045,007,Oil Separator,VMRS_HB_COMPLETE_v20 page 6_pages_51-75.md
053-999-160,,053,999,"Oil - Air Compressor, Shop",VMRS_HB_COMPLETE_v20 page 6_pages_51-75.md
293-000-000,,293,000,Oil Shaker Box,VMRS_HB_COMPLETE_v20 page 6_pages_51-75.md
053-999-239,,053,999,Oil - Air Conditioning Compressor,VMRS_HB_COMPLETE_v20 page 6_pages_51-75.md
293-001-000,,293,001,Oil Shaker Box Assembly,VMRS_HB_COMPLETE_v20 page 6_pages_51-75.md
053-999-065,,053,999,Oil - Air Tool,VMRS_HB_COMPLETE_v20 page 6_pages_51-75.md
029-007-006,,029,007,Oil Trough Assembly,VMRS_HB_COMPLETE_v20 page 6_pages_51-75.md
053-999-262,,053,999,Oil - Bar and Chain,VMRS_HB_COMPLETE_v20 page 6_pages_51-75.md
045-008-258,,045,008,Oiler - Engine Timing Gear,VMRS_HB_COMPLETE_v20 page 6_pages_51-75.md
053-999-071,,053,999,Oil - Corrosion Inhibiting,VMRS_HB_COMPLETE_v20 page 6_pages_51-75.md
058-006-005,,058,006,OLI Mechanism,VMRS_HB_COMPLETE_v20 page 6_pages_51-75.md
053-999-135,,053,999,Oil - Cutting,VMRS_HB_COMPLETE_v20 page 6_pages_51-75.md
294-001-019,,294,001,Omniseal - Fuel Meter,VMRS_HB_COMPLETE_v20 page 6_pages_51-75.md
053-999-016,,053,999,Oil - Engine,VMRS_HB_COMPLETE_v20 page 6_pages_51-75.md
036-007-000,,036,007,On Board Computer - Inside Cab,VMRS_HB_COMPLETE_v20 page 6_pages_51-75.md
053-999-112,,053,999,"Oil - Front Axie, Driven",VMRS_HB_COMPLETE_v20 page 6_pages_51-75.md
036-007-001,,036,007,On Board Computer (CPU) - Complete,VMRS_HB_COMPLETE_v20 page 6_pages_51-75.md
053-999-018,,053,999,Oil - Gear,VMRS_HB_COMPLETE_v20 page 6_pages_51-75.md
002-010-028,,002,010,On/OII SWITCh - Heated Mirror,VMRS_HB_COMPLETE_v20 page 6_pages_51-75.md
053-999-167,,053,999,Oil - Hydraulic,VMRS_HB_COMPLETE_v20 page 6_pages_51-75.md
152-000-000,,152,000,Onboard Lavatory,VMRS_HB_COMPLETE_v20 page 6_pages_51-75.md
053-999-017,,053,999,Oil - Manual Transmission,VMRS_HB_COMPLETE_v20 page 6_pages_51-75.md
065-017-031,,065,017,One Way Check Valve,VMRS_HB_COMPLETE_v20 page 6_pages_51-75.md
053-999-025,,053,999,"Oil - Multi-Purpose, Transmission & Rear Axle",VMRS_HB_COMPLETE_v20 page 6_pages_51-75.md
042-006-013,,042,006,One-way Check Valve - Water Pressure,VMRS_HB_COMPLETE_v20 page 6_pages_51-75.md
053-999-057,,053,999,Oii - Penetrating,VMRS_HB_COMPLETE_v20 page 6_pages_51-75.md
098-007-000,,098,007,One-way Check valve Assembly,VMRS_HB_COMPLETE_v20 page 6_pages_51-75.md
199-002-000,,199,002,ONP Screen,VMRS_HB_COMPLETE_v20 page 6_pages_51-75.md
082-004-083,,082,004,"Overhaul Kit - Compressor Clutch, Mechanical",VMRS_HB_COMPLETE_v20 page 6_pages_51-75.md
199-002-001,,199,002,ONP Screen Assembly,VMRS_HB_COMPLETE_v20 page 6_pages_51-75.md
071-002-050,,071,002,Opening - Reefer Unit,VMRS_HB_COMPLETE_v20 page 6_pages_51-75.md
065-020-041,,065,020,Overhaul Kit - Control Valve,VMRS_HB_COMPLETE_v20 page 6_pages_51-75.md
072-004-008,,072,004,Operator,VMRS_HB_COMPLETE_v20 page 6_pages_51-75.md
045-019-000,,045,019,Overhaul Kit - Engine,VMRS_HB_COMPLETE_v20 page 6_pages_51-75.md
197-016-007,,197,016,"Operator - Gate, Hopper",VMRS_HB_COMPLETE_v20 page 6_pages_51-75.md
045-019-006,,045,019,Overhaul Kit - Engine,VMRS_HB_COMPLETE_v20 page 6_pages_51-75.md
071-030-019,,071,030,Operator - Side Compartment Roll-Up Door,VMRS_HB_COMPLETE_v20 page 6_pages_51-75.md
082-008-059,,082,008,Overhaul Kit - Fanshaft Assembly,VMRS_HB_COMPLETE_v20 page 6_pages_51-75.md
017-009-020,,017,009,Operator Control Panel (OCP),VMRS_HB_COMPLETE_v20 page 6_pages_51-75.md
055-009-038,,055,009,Overhaul Kit - Lift Cvlinder,VMRS_HB_COMPLETE_v20 page 6_pages_51-75.md
015-014-012,,015,014,Orbital Valve - Hydraulic Steering,VMRS_HB_COMPLETE_v20 page 6_pages_51-75.md
013-009-071,,013,009,"Overhaul Kit - Major, Air Compressor, Brakes",VMRS_HB_COMPLETE_v20 page 6_pages_51-75.md
065-016-024,,065,016,Orifice,VMRS_HB_COMPLETE_v20 page 6_pages_51-75.md
082-002-026,,082,002,"Overhaul Kit - Major, Compressor, Mechanical",VMRS_HB_COMPLETE_v20 page 6_pages_51-75.md
045-008-078,,045,008,"Orifice - Bleed, Mechanical Variable Timing",VMRS_HB_COMPLETE_v20 page 6_pages_51-75.md
081-005-035,,081,005,Orifice - Burner,VMRS_HB_COMPLETE_v20 page 6_pages_51-75.md
027-006-020,,027,006,"Overhaul Kit - Maior, Forward Clutch, Automatic",VMRS_HB_COMPLETE_v20 page 6_pages_51-75.md
082-007-026,,082,007,Orifice - Evaporator,VMRS_HB_COMPLETE_v20 page 6_pages_51-75.md
082-001-042,,082,001,Orifice - Evaporator Mechanical Refrigeration,VMRS_HB_COMPLETE_v20 page 6_pages_51-75.md
027-038-023,,027,038,Overhaul Kit - Module,VMRS_HB_COMPLETE_v20 page 6_pages_51-75.md
015-013-020,,015,013,Overhaul Kit - Back & Pinion,VMRS_HB_COMPLETE_v20 page 6_pages_51-75.md
003-004-039,,003,004,Orifice - Oil Pressure,VMRS_HB_COMPLETE_v20 page 6_pages_51-75.md
022-001-030,,022,001,Overhaul Kit - Rear Axle Driven,VMRS_HB_COMPLETE_v20 page 6_pages_51-75.md
081-005-036,,081,005,Orifice - Pilot Lamp,VMRS_HB_COMPLETE_v20 page 6_pages_51-75.md
055-007-033,,055,007,Overhaul Kit - Tilt Cylinder,VMRS_HB_COMPLETE_v20 page 6_pages_51-75.md
151-003-061,,151,003,Orifice - Suction Compressor Manifold APU,VMRS_HB_COMPLETE_v20 page 6_pages_51-75.md
027-002-042,,027,002,Overhaul Kit - Torque Converter,VMRS_HB_COMPLETE_v20 page 6_pages_51-75.md
001-001-246,,001,001,Orifice Tube,VMRS_HB_COMPLETE_v20 page 6_pages_51-75.md
068-008-000,,068,008,Overhead Crane,VMRS_HB_COMPLETE_v20 page 6_pages_51-75.md
174-028-062,,174,028,Orifice Tube - Bus Body A/C System,VMRS_HB_COMPLETE_v20 page 6_pages_51-75.md
068-008-001,,068,008,Overhead Crane Assembly,VMRS_HB_COMPLETE_v20 page 6_pages_51-75.md
002-004-096,,002,004,Ornament - Hood,VMRS_HB_COMPLETE_v20 page 6_pages_51-75.md
002-017-057,,002,017,Overlay - Door,VMRS_HB_COMPLETE_v20 page 6_pages_51-75.md
002-031-018,,002,031,Ornaments Emblems & Namenlates - All,VMRS_HB_COMPLETE_v20 page 6_pages_51-75.md
003-001-185,,003,001,Overlay - Front Message Center,VMRS_HB_COMPLETE_v20 page 6_pages_51-75.md
002-033-001,,002,033,"Ornaments, Emblems & Nameplates - Front",VMRS_HB_COMPLETE_v20 page 6_pages_51-75.md
002-015-100,,002,015,Overlay - Ouarter Panel,VMRS_HB_COMPLETE_v20 page 6_pages_51-75.md
002-000-001,,002,000,Fonder,VMRS_HB_COMPLETE_v20 page 6_pages_51-75.md
002-013-130,,002,013,Overlay - Shift Control Push Button,VMRS_HB_COMPLETE_v20 page 6_pages_51-75.md
027-030-020,,027,030,Override Automatic Engine Shutdown,VMRS_HB_COMPLETE_v20 page 6_pages_51-75.md
002-033-008,,002,033,"Ornamenta, Empleme and Namenlates",VMRS_HB_COMPLETE_v20 page 6_pages_51-75.md
012-001-012,,012,001,Override Divet Self Adjuster Front Brake,VMRS_HB_COMPLETE_v20 page 6_pages_51-75.md
002-033-015,,002,033,"Ornaments, Emplems and Nameplates",VMRS_HB_COMPLETE_v20 page 6_pages_51-75.md
013-001-012,,013,001,"Override Pivot - Self Adjuster, Front Brake",VMRS_HB_COMPLETE_v20 page 6_pages_51-75.md
002-033-009,,002,033,"Ornaments, Emplems, & Nameplates - Radiator",VMRS_HB_COMPLETE_v20 page 6_pages_51-75.md
013-002-011,,013,002,"Override Pivot - Sell Adjuster, Rear Brake",VMRS_HB_COMPLETE_v20 page 6_pages_51-75.md
007-000-001,,007,000,GrilleOut-the all Makes Commenter,VMRS_HB_COMPLETE_v20 page 6_pages_51-75.md
013-014-012,,013,014,"Override Pivol - Sell Adjuster, Tag/Pusher Axie",VMRS_HB_COMPLETE_v20 page 6_pages_51-75.md
027-029-021,,027,029,Outcheck valve - Converter,VMRS_HB_COMPLETE_v20 page 6_pages_51-75.md
010-001-011,,010,001,Brakes,VMRS_HB_COMPLETE_v20 page 6_pages_51-75.md
074-001-000,,074,001,Outer Jacket,VMRS_HB_COMPLETE_v20 page 6_pages_51-75.md
013-001-011,,013,001,"Override Spring - Self Adjuster, Front Brake",VMRS_HB_COMPLETE_v20 page 6_pages_51-75.md
074-001-001,,074,001,Outer Jacket Assembly,VMRS_HB_COMPLETE_v20 page 6_pages_51-75.md
013-002-010,,013,002,"Override Spring - Self Adjuster, Rear Brake",VMRS_HB_COMPLETE_v20 page 6_pages_51-75.md
055-007-001,,055,007,Outer Mast,VMRS_HB_COMPLETE_v20 page 6_pages_51-75.md
013-014-011,,013,014,"Override Spring - Self Adjuster, Tag/Pusher Axie",VMRS_HB_COMPLETE_v20 page 6_pages_51-75.md
002-035-064,,002,035,"Outer Spacer & Guide Pivot Assembly,",VMRS_HB_COMPLETE_v20 page 6_pages_51-75.md
004-000-000,,004,000,Brakes,VMRS_HB_COMPLETE_v20 page 6_pages_51-75.md
034-002-020,,034,002,"Override Switch - Stop Lamp, Oil Pressure Cut-",VMRS_HB_COMPLETE_v20 page 6_pages_51-75.md
034-004-404,,034,004,"Outlet - 110V, Exterior",VMRS_HB_COMPLETE_v20 page 6_pages_51-75.md
001-001-173,,001,001,Outlet - Center,VMRS_HB_COMPLETE_v20 page 6_pages_51-75.md
027-024-075,,027,024,Override Valve,VMRS_HB_COMPLETE_v20 page 6_pages_51-75.md
001-001-020,,001,001,Outlet - Compressor Oil Test,VMRS_HB_COMPLETE_v20 page 6_pages_51-75.md
053-999-151,,053,999,"Oxygen - Cylinder, Empty",VMRS_HB_COMPLETE_v20 page 6_pages_51-75.md
001-002-049,,001,002,Outlet - Defroster,VMRS_HB_COMPLETE_v20 page 6_pages_51-75.md
053-999-150,,053,999,"Oxygen - Cylinder, Full",VMRS_HB_COMPLETE_v20 page 6_pages_51-75.md
052-012-009,,052,012,"Outlet - Power, Cell Phone",VMRS_HB_COMPLETE_v20 page 6_pages_51-75.md
002-050-335,,002,050,"Pacer - Backing Plate, Mirrors",VMRS_HB_COMPLETE_v20 page 6_pages_51-75.md
034-004-088,,034,004,"Outlet - Power, Dual",VMRS_HB_COMPLETE_v20 page 6_pages_51-75.md
055-004-012,,055,004,Pack Set - Plunger Assembly,VMRS_HB_COMPLETE_v20 page 6_pages_51-75.md
034-004-086,,034,004,"Outlet - Power, Single",VMRS_HB_COMPLETE_v20 page 6_pages_51-75.md
002-064-000,,002,064,Package Tray,VMRS_HB_COMPLETE_v20 page 6_pages_51-75.md
152-001-007,,152,001,"Outlet - Waste, Toilet",VMRS_HB_COMPLETE_v20 page 6_pages_51-75.md
065-004-014,,065,004,Packing,VMRS_HB_COMPLETE_v20 page 6_pages_51-75.md
042-005-003,,042,005,Outlet - Water,VMRS_HB_COMPLETE_v20 page 6_pages_51-75.md
043-003-007,,043,003,Packing - Exhaust Pipe To Manifold,VMRS_HB_COMPLETE_v20 page 6_pages_51-75.md
045-011-038,,045,011,Outlet Hose,VMRS_HB_COMPLETE_v20 page 6_pages_51-75.md
002-023-037,,002,023,"Packing - Plastic, Front",VMRS_HB_COMPLETE_v20 page 6_pages_51-75.md
082-018-007,,082,018,Outlet Valve - Large,VMRS_HB_COMPLETE_v20 page 6_pages_51-75.md
002-023-038,,002,023,"Packing - Plastic, Rear",VMRS_HB_COMPLETE_v20 page 6_pages_51-75.md
027-035-000,,027,035,Output Drive Transfer Gearing,VMRS_HB_COMPLETE_v20 page 6_pages_51-75.md
098-012-044,,098,012,Packing - Plunger,VMRS_HB_COMPLETE_v20 page 6_pages_51-75.md
028-007-000,,028,007,Output Housing,VMRS_HB_COMPLETE_v20 page 6_pages_51-75.md
098-012-038,,098,012,"Packing - Pressure Release, Hydraulic Pump",VMRS_HB_COMPLETE_v20 page 6_pages_51-75.md
025-001-080,,025,001,Output Housing - Transfer Case,VMRS_HB_COMPLETE_v20 page 6_pages_51-75.md
024-002-013,,024,002,Packing - Universal Joint Journal,VMRS_HB_COMPLETE_v20 page 6_pages_51-75.md
028-007-001,,028,007,Output Housing Assembly,VMRS_HB_COMPLETE_v20 page 6_pages_51-75.md
043-002-007,,043,002,Packing & Clamps - Exhaust Manifold,VMRS_HB_COMPLETE_v20 page 6_pages_51-75.md
462-018-000,,462,018,Outrigger,VMRS_HB_COMPLETE_v20 page 6_pages_51-75.md
294-001-020,,294,001,Packing Gland - Fuel Meter,VMRS_HB_COMPLETE_v20 page 6_pages_51-75.md
076-001-002,,076,001,Outrigger - Bolster,VMRS_HB_COMPLETE_v20 page 6_pages_51-75.md
055-010-223,,055,010,Packing Kit - Tilt Cylinder,VMRS_HB_COMPLETE_v20 page 6_pages_51-75.md
002-002-096,,002,002,Outrigger - Fender,VMRS_HB_COMPLETE_v20 page 6_pages_51-75.md
097-002-040,,097,002,Packing Set - Pump,VMRS_HB_COMPLETE_v20 page 6_pages_51-75.md
014-001-008,,014,001,Outrigger - Frame,VMRS_HB_COMPLETE_v20 page 6_pages_51-75.md
055-028-006,,055,028,"Packing, Cup - Jack, GSE",VMRS_HB_COMPLETE_v20 page 6_pages_51-75.md
112-006-000,,112,006,Outrigger Assembly,VMRS_HB_COMPLETE_v20 page 6_pages_51-75.md
055-028-004,,055,028,"Packing, Pump - Jack, GSE",VMRS_HB_COMPLETE_v20 page 6_pages_51-75.md
462-018-001,,462,018,Outrigger Assembly,VMRS_HB_COMPLETE_v20 page 6_pages_51-75.md
044-007-046,,044,007,Pad - Accelerator Pedal,VMRS_HB_COMPLETE_v20 page 6_pages_51-75.md
174-011-000,,174,011,Outward Opening Bus Entry Door Components,VMRS_HB_COMPLETE_v20 page 6_pages_51-75.md
016-005-174,,016,005,"Pad - Axle, Rear Suspension",VMRS_HB_COMPLETE_v20 page 6_pages_51-75.md
027-002-026,,027,002,Over-Running Clutch Assembly - Turbine,VMRS_HB_COMPLETE_v20 page 6_pages_51-75.md
002-048-052,,002,048,Pad - Back,VMRS_HB_COMPLETE_v20 page 6_pages_51-75.md
014-003-037,,014,003,Overbell - Transmission,VMRS_HB_COMPLETE_v20 page 6_pages_51-75.md
055-012-076,,055,012,Pad - Back Stop,VMRS_HB_COMPLETE_v20 page 6_pages_51-75.md
027-033-114,,027,033,Overdrive Unit,VMRS_HB_COMPLETE_v20 page 6_pages_51-75.md
002-048-076,,002,048,"Pad - Back, Upper",VMRS_HB_COMPLETE_v20 page 6_pages_51-75.md
099-001-003,,099,001,Overfill Control,VMRS_HB_COMPLETE_v20 page 6_pages_51-75.md
267-001-008,,267,001,"Pad - Bearing, Boom",VMRS_HB_COMPLETE_v20 page 6_pages_51-75.md
099-008-000,,099,008,Overfill Prevention System,VMRS_HB_COMPLETE_v20 page 6_pages_51-75.md
013-010-494,,013,010,"Pad - Bracket, Air Manifold",VMRS_HB_COMPLETE_v20 page 6_pages_51-75.md
099-008-001,,099,008,Overfill Prevention System Assembly,VMRS_HB_COMPLETE_v20 page 6_pages_51-75.md
052-003-041,,052,003,"Pad - Bracket, CB Antenna",VMRS_HB_COMPLETE_v20 page 6_pages_51-75.md
099-003-000,,099,003,Overfill System,VMRS_HB_COMPLETE_v20 page 6_pages_51-75.md
013-005-004,,013,005,Pad - Brake Pedal,VMRS_HB_COMPLETE_v20 page 6_pages_51-75.md
053-014-043,,053,014,Overflow Assembly - Aqueous Parts Washer,VMRS_HB_COMPLETE_v20 page 6_pages_51-75.md
267-013-008,,267,013,"Pad - Brake, Bucket",VMRS_HB_COMPLETE_v20 page 6_pages_51-75.md
044-003-028,,044,003,Overflow Valve - Injection Pump,VMRS_HB_COMPLETE_v20 page 6_pages_51-75.md
045-014-029,,045,014,Pad - Breather,VMRS_HB_COMPLETE_v20 page 6_pages_51-75.md
082-004-063,,082,004,Overhaul Kit,VMRS_HB_COMPLETE_v20 page 6_pages_51-75.md
002-048-078,,002,048,"Pad - Bulkhead, Center",VMRS_HB_COMPLETE_v20 page 6_pages_51-75.md
002-048-079,,002,048,"Pad - Bulkhead, Side",VMRS_HB_COMPLETE_v20 page 6_pages_51-75.md
045-002-050,,045,002,Overhaul Kit - Bearing & Gasket,VMRS_HB_COMPLETE_v20 page 6_pages_51-75.md
002-050-615,,002,050,Pad - Bunk Pan,VMRS_HB_COMPLETE_v20 page 6_pages_51-75.md
082-007-064,,082,007,Overhaul Kit - Clutch,VMRS_HB_COMPLETE_v20 page 6_pages_51-75.md
002-050-484,,002,050,Pad - Bunk Side,VMRS_HB_COMPLETE_v20 page 6_pages_51-75.md
082-014-001,,082,014,Overhaul Kit - Clutch,VMRS_HB_COMPLETE_v20 page 6_pages_51-75.md
002-048-114,,002,048,"Pad - Bunk, Forward",VMRS_HB_COMPLETE_v20 page 6_pages_51-75.md
082-001-057,,082,001,"Overhaul Kit - Complete, Fanshaft Assembly",VMRS_HB_COMPLETE_v20 page 6_pages_51-75.md
002-050-701,,002,050,"Pad - Bunk, Forward",VMRS_HB_COMPLETE_v20 page 6_pages_51-75.md
082-007-019,,082,007,"Overhaul Kit - Complete, Fanshaft Assembly",VMRS_HB_COMPLETE_v20 page 6_pages_51-75.md
002-050-477,,002,050,"Pad - Bunk, Front",VMRS_HB_COMPLETE_v20 page 6_pages_51-75.md
002-048-115,,002,048,"Pad - Bunk, Rear",VMRS_HB_COMPLETE_v20 page 6_pages_51-75.md
174-014-023,,174,014,"Pad - Safety, Wheelchair Lift Door",VMRS_HB_COMPLETE_v20 page 6_pages_51-75.md
002-050-702,,002,050,"Pad - Bunk, Rear",VMRS_HB_COMPLETE_v20 page 6_pages_51-75.md
174-022-028,,174,022,"Pad - Scuff, Bus Seat",VMRS_HB_COMPLETE_v20 page 6_pages_51-75.md
174-018-006,,174,018,Pad - Bus Body Barrier Stanchion,VMRS_HB_COMPLETE_v20 page 6_pages_51-75.md
002-029-015,,002,029,Pad - Seat,VMRS_HB_COMPLETE_v20 page 6_pages_51-75.md
174-029-017,,174,029,Pad - Bus Davenport,VMRS_HB_COMPLETE_v20 page 6_pages_51-75.md
017-009-056,,017,009,Pad - Sensor Programming,VMRS_HB_COMPLETE_v20 page 6_pages_51-75.md
002-048-049,,002,048,Pad - Closet,VMRS_HB_COMPLETE_v20 page 6_pages_51-75.md
013-011-005,,013,011,"Pad - Sensor, Wheel Speed",VMRS_HB_COMPLETE_v20 page 6_pages_51-75.md
002-048-112,,002,048,Pad - Closet Wall,VMRS_HB_COMPLETE_v20 page 6_pages_51-75.md
026-010-086,,026,010,Pad - Shift Fork,VMRS_HB_COMPLETE_v20 page 6_pages_51-75.md
002-050-700,,002,050,Pad - Closet Wall,VMRS_HB_COMPLETE_v20 page 6_pages_51-75.md
002-048-048,,002,048,Pad - Side,VMRS_HB_COMPLETE_v20 page 6_pages_51-75.md
002-050-478,,002,050,"Pad - Closet Wall, Sleeper",VMRS_HB_COMPLETE_v20 page 6_pages_51-75.md
002-048-073,,002,048,"Pad - Side, Lower",VMRS_HB_COMPLETE_v20 page 6_pages_51-75.md
002-050-480,,002,050,"Pad - Closet, Sleeper",VMRS_HB_COMPLETE_v20 page 6_pages_51-75.md
002-048-075,,002,048,"Pad - Side, Upper",VMRS_HB_COMPLETE_v20 page 6_pages_51-75.md
023-001-002,,023,001,Pad - Ciulch PedalPad - Coil Heater And A/C Sleeper,VMRS_HB_COMPLETE_v20 page 6_pages_51-75.md
010-010-022,,010,010,Pau - SilueiDad Sound Insulator Alarm Backup Warning,VMRS_HB_COMPLETE_v20 page 6_pages_51-75.md
004-005-023,,004,005,Pad - Contact Chassis Fairing,VMRS_HB_COMPLETE_v20 page 6_pages_51-75.md
000-012-004,,000,012,System,VMRS_HB_COMPLETE_v20 page 6_pages_51-75.md
003-001-158,,003,001,"Pad - Control Module, Warning",VMRS_HB_COMPLETE_v20 page 6_pages_51-75.md
071-024-007,,071,024,Pad - Stack Lock,VMRS_HB_COMPLETE_v20 page 6_pages_51-75.md
002-048-006,,002,048,"Pad - Corner, Left",VMRS_HB_COMPLETE_v20 page 6_pages_51-75.md
014-002-125,,014,002,Pad - Step. Rear Bumper,VMRS_HB_COMPLETE_v20 page 6_pages_51-75.md
002-048-005,,002,048,"Pad - Corner, Right",VMRS_HB_COMPLETE_v20 page 6_pages_51-75.md
002-003-008,,002,003,"Pad - Step, Running Board",VMRS_HB_COMPLETE_v20 page 6_pages_51-75.md
055-012-026,,055,012,Pad - Cushion,VMRS_HB_COMPLETE_v20 page 6_pages_51-75.md
168-001-017,,168,001,"Pad - Tree Assembly, Mower",VMRS_HB_COMPLETE_v20 page 6_pages_51-75.md
002-042-007,,002,042,Pad - Deck Plate,VMRS_HB_COMPLETE_v20 page 6_pages_51-75.md
002-032-002,,002,032,"Pad - Trim, Cab Or Front Door",VMRS_HB_COMPLETE_v20 page 6_pages_51-75.md
016-002-082,,016,002,"Pad - Deflector, Front Spring",VMRS_HB_COMPLETE_v20 page 6_pages_51-75.md
016-008-104,,016,008,"Pad - U-Bolt, Air Ride Suspension",VMRS_HB_COMPLETE_v20 page 6_pages_51-75.md
013-017-003,,013,017,"Pad - Disc Brake, Position Not Specified",VMRS_HB_COMPLETE_v20 page 6_pages_51-75.md
016-002-017,,016,002,"Pad - U-Bolt, Front Spring",VMRS_HB_COMPLETE_v20 page 6_pages_51-75.md
013-014-029,,013,014,"Pad - Disc Brakes, Tag/Pusher Axle Brakes",VMRS_HB_COMPLETE_v20 page 6_pages_51-75.md
016-005-161,,016,005,"Pad - U-Bolt, Rear Spring",VMRS_HB_COMPLETE_v20 page 6_pages_51-75.md
002-023-069,,002,023,"Pad - Door Handle, Inner",VMRS_HB_COMPLETE_v20 page 6_pages_51-75.md
002-050-483,,002,050,"Pad - Under Bunk, Front",VMRS_HB_COMPLETE_v20 page 6_pages_51-75.md
002-023-076,,002,023,"Pad - Door Handle, Outer",VMRS_HB_COMPLETE_v20 page 6_pages_51-75.md
002-050-191,,002,050,"Pad - Under Bunk, Rear",VMRS_HB_COMPLETE_v20 page 6_pages_51-75.md
002-048-008,,002,048,"Pad - Door, Lett",VMRS_HB_COMPLETE_v20 page 6_pages_51-75.md
002-050-190,,002,050,Pad - Under Cabinet,VMRS_HB_COMPLETE_v20 page 6_pages_51-75.md
002-048-009,,002,048,"Pad - Door, RightRed Drum Ten Absorbant",VMRS_HB_COMPLETE_v20 page 6_pages_51-75.md
,001-081,001,081,Pad - Upper Seat Belt Mounting Bracket,VMRS_HB_COMPLETE_v20 page 6_pages_51-75.md
174-021-000,,174,021,"Pad - Drum Top, AbsorbentPad End Interior Bus Luggage Dack",VMRS_HB_COMPLETE_v20 page 6_pages_51-75.md
174-033-112,,174,033,"Pad - Wash Pil, ShopPad - Wear Energy Guiding System",VMRS_HB_COMPLETE_v20 page 6_pages_51-75.md
002-061-014,,002,061,Pad - Einish Panel Liftgate,VMRS_HB_COMPLETE_v20 page 6_pages_51-75.md
081-006-002,,081,006,Pad & Holder - Catalytic Heater,VMRS_HB_COMPLETE_v20 page 6_pages_51-75.md
002-036-085,,002,036,Pad - Front Cab,VMRS_HB_COMPLETE_v20 page 6_pages_51-75.md
081-005-014,,081,005,Pad & Holder - Heating Unit Cargo Open Flame,VMRS_HB_COMPLETE_v20 page 6_pages_51-75.md
013-001-029,,013,001,Pad - Front Disc Brake,VMRS_HB_COMPLETE_v20 page 6_pages_51-75.md
034-003-006,,034,003,Pad Or Gasket - Front Turn Signal & Parking,VMRS_HB_COMPLETE_v20 page 6_pages_51-75.md
014-002-129,,014,002,"Pad - Guard, Bumper",VMRS_HB_COMPLETE_v20 page 6_pages_51-75.md
025-001-217,,025,001,"Pad - Guide, Shift Fork, Transfer Case",VMRS_HB_COMPLETE_v20 page 6_pages_51-75.md
034-002-005,,034,002,Pad Or Gasket - Rear Lamp,VMRS_HB_COMPLETE_v20 page 6_pages_51-75.md
002-048-081,,002,048,Pad - Header,VMRS_HB_COMPLETE_v20 page 6_pages_51-75.md
013-013-061,,013,013,Pad Set - Air Disc Brake,VMRS_HB_COMPLETE_v20 page 6_pages_51-75.md
174-006-010,,174,006,"Pad - Header, Bus Body Side Push-Out Window",VMRS_HB_COMPLETE_v20 page 6_pages_51-75.md
013-001-139,,013,001,Pad Set - Front Brake,VMRS_HB_COMPLETE_v20 page 6_pages_51-75.md
002-027-217,,002,027,"Pad - Heater, Seat Back",VMRS_HB_COMPLETE_v20 page 6_pages_51-75.md
013-003-095,,013,003,Pad Set - Parking Brake,VMRS_HB_COMPLETE_v20 page 6_pages_51-75.md
002-027-216,,002,027,"Pad - Heater, Seat Cushion",VMRS_HB_COMPLETE_v20 page 6_pages_51-75.md
013-002-137,,013,002,Pad Set - Rear Brake,VMRS_HB_COMPLETE_v20 page 6_pages_51-75.md
015-001-016,,015,001,"Pad - Horn Base, Steering Wheel",VMRS_HB_COMPLETE_v20 page 6_pages_51-75.md
065-031-004,,065,031,"Pad, Armrest - Joystick Control",VMRS_HB_COMPLETE_v20 page 6_pages_51-75.md
002-008-141,,002,008,Pad - Instrument Panel,VMRS_HB_COMPLETE_v20 page 6_pages_51-75.md
174-022-012,,174,022,"Pad, Back - Bus Seat",VMRS_HB_COMPLETE_v20 page 6_pages_51-75.md
043-004-026,,043,004,"Pad - Insulation, Turbocharger",VMRS_HB_COMPLETE_v20 page 6_pages_51-75.md
174-001-052,,174,001,"Pad, Mounting - Bus Body",VMRS_HB_COMPLETE_v20 page 6_pages_51-75.md
364-001-023,,364,001,"Pad - Isolation, Paver/Melter Assembly",VMRS_HB_COMPLETE_v20 page 6_pages_51-75.md
174-001-083,,174,001,"Pad, Mounting - Interior Safety Tools/Equipment",VMRS_HB_COMPLETE_v20 page 6_pages_51-75.md
053-000-020,,053,000,Pad - Jack Storage,VMRS_HB_COMPLETE_v20 page 6_pages_51-75.md
174-010-012,,174,010,"Pad, Salety - Folding Entrance Door",VMRS_HB_COMPLETE_v20 page 6_pages_51-75.md
059-043-006,,059,043,Pad - Leg Converter Dolly,VMRS_HB_COMPLETE_v20 page 6_pages_51-75.md
002-048-004,,002,048,Pad - Lower Bear,VMRS_HB_COMPLETE_v20 page 6_pages_51-75.md
141-001-002,,141,001,Pad - Media Evaporator Hydrogen Fuel Cell,VMRS_HB_COMPLETE_v20 page 6_pages_51-75.md
015-001-017,,015,001,Padding - Steering Wheel,VMRS_HB_COMPLETE_v20 page 6_pages_51-75.md
002-010-104,,002,010,Pad - Mirror. Heating Element,VMRS_HB_COMPLETE_v20 page 6_pages_51-75.md
055-023-071,,055,023,Padding - Wheelchair Lift,VMRS_HB_COMPLETE_v20 page 6_pages_51-75.md
002-061-037,,002,061,"Pad - Mounting, Hinge, Liftgate",VMRS_HB_COMPLETE_v20 page 6_pages_51-75.md
019-001-007,,019,001,"Paddle - Reservoir, Automatic Chassis Lubricator",VMRS_HB_COMPLETE_v20 page 6_pages_51-75.md
043-003-041,,043,003,Pad - Muffler Bracket,VMRS_HB_COMPLETE_v20 page 6_pages_51-75.md
174-017-026,,174,017,Paddle - School Bus Stop Arm Assembly,VMRS_HB_COMPLETE_v20 page 6_pages_51-75.md
059-001-141,,059,001,"Pad - No Lube, Fifth Wheel",VMRS_HB_COMPLETE_v20 page 6_pages_51-75.md
002-035-038,,002,035,Paddle & Shaft Assembly - Wiper Motor,VMRS_HB_COMPLETE_v20 page 6_pages_51-75.md
112-001-001,,112,001,Pad - Outrigger,VMRS_HB_COMPLETE_v20 page 6_pages_51-75.md
197-001-006,,197,001,Paddle and Chain Assembly - Chain Conveyor,VMRS_HB_COMPLETE_v20 page 6_pages_51-75.md
013-003-003,,013,003,Pad - Parking Brake Pedal,VMRS_HB_COMPLETE_v20 page 6_pages_51-75.md
364-009-006,,364,009,Paddle Assembly - Tank,VMRS_HB_COMPLETE_v20 page 6_pages_51-75.md
002-018-041,,002,018,"Pad - Push Button, Door Handle",VMRS_HB_COMPLETE_v20 page 6_pages_51-75.md
026-011-213,,026,011,Paddle Assembly - Transmission Gearshift,VMRS_HB_COMPLETE_v20 page 6_pages_51-75.md
002-015-091,,002,015,Pad - Rear Cab Support,VMRS_HB_COMPLETE_v20 page 6_pages_51-75.md
198-001-000,,198,001,"Paddle Wagon, Drag Chain",VMRS_HB_COMPLETE_v20 page 6_pages_51-75.md
013-002-027,,013,002,Pad - Rear Disc Brake,VMRS_HB_COMPLETE_v20 page 6_pages_51-75.md
198-000-000,,198,000,"Paddle Wagon, Drag Chain Assembly",VMRS_HB_COMPLETE_v20 page 6_pages_51-75.md
002-050-188,,002,050,Pad - Rear Root,VMRS_HB_COMPLETE_v20 page 6_pages_51-75.md
198-001-001,,198,001,"Paddle Wagon, Drag Chain Assembly -",VMRS_HB_COMPLETE_v20 page 6_pages_51-75.md
002-029-009,,002,029,Pad - Rear SealPad - Defrigerator,VMRS_HB_COMPLETE_v20 page 6_pages_51-75.md
053-007-021,,053,007,Complete,VMRS_HB_COMPLETE_v20 page 6_pages_51-75.md
,006-007,006,007,Pad - Roof,VMRS_HB_COMPLETE_v20 page 6_pages_51-75.md
033-007-021,,033,007,Pade - Driveshaft Brake,VMRS_HB_COMPLETE_v20 page 6_pages_51-75.md
002-048-007,,002,048,Pad - Roof Headliner,VMRS_HB_COMPLETE_v20 page 6_pages_51-75.md
077-008-011,,077,008,Pads - Sliding Tandem,VMRS_HB_COMPLETE_v20 page 6_pages_51-75.md
002-048-077,,002,048,Pad - Boof Cab Front,VMRS_HB_COMPLETE_v20 page 6_pages_51-75.md
053-998-029,,053,998,Paint - Wheels,VMRS_HB_COMPLETE_v20 page 6_pages_51-75.md
002-048-080,,002,048,"Pad - Roof, Bear",VMRS_HB_COMPLETE_v20 page 6_pages_51-75.md
053-998-044,,053,998,Paint - Aerial Structure,VMRS_HB_COMPLETE_v20 page 6_pages_51-75.md
002-050-476,,002,050,"Pad - Roof, Sleeper, Front",VMRS_HB_COMPLETE_v20 page 6_pages_51-75.md
053-998-041,,053,998,Paint - Air Cleaner,VMRS_HB_COMPLETE_v20 page 6_pages_51-75.md
002-013-015,,002,013,"Pad - Rub, Accelerator",VMRS_HB_COMPLETE_v20 page 6_pages_51-75.md
053-998-042,,053,998,"Paint - Air Deflector, Roof Mounted",VMRS_HB_COMPLETE_v20 page 6_pages_51-75.md
078-009-015,,078,009,Pad - Rubber,VMRS_HB_COMPLETE_v20 page 6_pages_51-75.md
053-998-043,,053,998,Paint - Air Tank,VMRS_HB_COMPLETE_v20 page 6_pages_51-75.md
071-028-009,,071,028,"Pad - Rubber Base, Glass Rack",VMRS_HB_COMPLETE_v20 page 6_pages_51-75.md
053-998-045,,053,998,"Paint - Baggage Door, Cab Or Sleeper",VMRS_HB_COMPLETE_v20 page 6_pages_51-75.md
002-050-762,,002,050,"Pad - Rubber Bumper, Tilt Bunk",VMRS_HB_COMPLETE_v20 page 6_pages_51-75.md
053-998-046,,053,998,Paint - Battery Box,VMRS_HB_COMPLETE_v20 page 6_pages_51-75.md
043-005-067,,043,005,"Pad - Rubber, Exhaust Brake",VMRS_HB_COMPLETE_v20 page 6_pages_51-75.md
053-998-108,,053,998,Paint - Battery Box,VMRS_HB_COMPLETE_v20 page 6_pages_51-75.md
174-001-143,,174,001,"Pad - Safety, Bus Drivers Head Impact",VMRS_HB_COMPLETE_v20 page 6_pages_51-75.md
053-998-093,,053,998,Paint - Body Structure,VMRS_HB_COMPLETE_v20 page 6_pages_51-75.md
174-013-028,,174,013,"Pad - Safety, Rear Emergency Door",VMRS_HB_COMPLETE_v20 page 6_pages_51-75.md
053-998-049,,053,998,"Paint - Body, Bus, Exterior",VMRS_HB_COMPLETE_v20 page 6_pages_51-75.md
,012-024,012,024,"Pad - Safety, Side Emergency Door",VMRS_HB_COMPLETE_v20 page 6_pages_51-75.md
053-998-047,,053,998,"Paint - Body, Dump",VMRS_HB_COMPLETE_v20 page 6_pages_51-75.md
174-003-024,,174,003,"Fau - Salely, Underbody Storage Compartment",VMRS_HB_COMPLETE_v20 page 6_pages_51-75.md
000-990-040,,000,990,"Faint - Douy, File Truck, ExteriorPaint - Brake Chambor, Poar",VMRS_HB_COMPLETE_v20 page 6_pages_51-75.md
000-380-000,,000,380,"Failt - Diake Challbel, Redi",VMRS_HB_COMPLETE_v20 page 6_pages_51-75.md
053-998-030,,053,998,Paint - Bumper,VMRS_HB_COMPLETE_v20 page 6_pages_51-75.md
053-998-067,,053,998,Paint - Deck Plate,VMRS_HB_COMPLETE_v20 page 6_pages_51-75.md
053-998-138,,053,998,"Paint - Bus Body, Bumper, Front",VMRS_HB_COMPLETE_v20 page 6_pages_51-75.md
053-998-053,,053,998,"Paint - Door, Cab",VMRS_HB_COMPLETE_v20 page 6_pages_51-75.md
053-998-140,,053,998,"Paint - Bus Body, Bumper, Rear",VMRS_HB_COMPLETE_v20 page 6_pages_51-75.md
053-998-068,,053,998,"Paint - Door, Fuel Fill",VMRS_HB_COMPLETE_v20 page 6_pages_51-75.md
053-998-142,,053,998,"Paint - Bus Body, Engine Access, Exterior, Front",VMRS_HB_COMPLETE_v20 page 6_pages_51-75.md
053-998-097,,053,998,"Paint - Drive Shaft, Inter-Axle",VMRS_HB_COMPLETE_v20 page 6_pages_51-75.md
053-998-128,,053,998,"Paint - Bus Body, Exterior Sheet Metal",VMRS_HB_COMPLETE_v20 page 6_pages_51-75.md
053-998-098,,053,998,"Paint - Drive Shaft, Intermediate",VMRS_HB_COMPLETE_v20 page 6_pages_51-75.md
053-998-129,,053,998,"Paint - Bus Body, Exterior Sheet Metal, Trim",VMRS_HB_COMPLETE_v20 page 6_pages_51-75.md
053-998-069,,053,998,"Paint - Drive Shaft, Main",VMRS_HB_COMPLETE_v20 page 6_pages_51-75.md
053-998-127,,053,998,"Paint - Bus Body, Exterior Side Sheets",VMRS_HB_COMPLETE_v20 page 6_pages_51-75.md
053-998-099,,053,998,Paint - Driveline,VMRS_HB_COMPLETE_v20 page 6_pages_51-75.md
053-998-124,,053,998,"Paint - Bus Body, Fenderette (Steel)",VMRS_HB_COMPLETE_v20 page 6_pages_51-75.md
053-998-070,,053,998,Paint - Engine,VMRS_HB_COMPLETE_v20 page 6_pages_51-75.md
053-998-119,,053,998,"Paint - Bus Body, Front Assembly Sheet Metal",VMRS_HB_COMPLETE_v20 page 6_pages_51-75.md
053-998-095,,053,998,Paint - Exhaust Stack,VMRS_HB_COMPLETE_v20 page 6_pages_51-75.md
053-998-118,,053,998,"Paint - Bus Body, Front Assembly Structure",VMRS_HB_COMPLETE_v20 page 6_pages_51-75.md
053-998-094,,053,998,Paint Exhaust System,VMRS_HB_COMPLETE_v20 page 6_pages_51-75.md
053-996-146,,053,996,"Paint Bus Body, Glass, Driver Door",VMRS_HB_COMPLETE_v20 page 6_pages_51-75.md
053-996-071,,053,996,"Paint Fairing, Rooi",VMRS_HB_COMPLETE_v20 page 6_pages_51-75.md
000-990-149,,000,990,(Rear Side Roofton),VMRS_HB_COMPLETE_v20 page 6_pages_51-75.md
053-998-010,,053,998,"Paint - Fanlings, ChassisPaint - Fandar Front",VMRS_HB_COMPLETE_v20 page 6_pages_51-75.md
053-998-147,,053,998,Paint - Bus Body Glass Entrance Door,VMRS_HB_COMPLETE_v20 page 6_pages_51-75.md
053-998-072,,053,998,"Paint - Fender, Pront",VMRS_HB_COMPLETE_v20 page 6_pages_51-75.md
053-998-145,,053,998,"Paint - Bus Body, Glass, Side Window",VMRS_HB_COMPLETE_v20 page 6_pages_51-75.md
053-998-074,,053,998,Paint - Fifth Wheel,VMRS_HB_COMPLETE_v20 page 6_pages_51-75.md
053-998-150,,053,998,"Paint - Bus Body, Glass, Wheelchair Lift Door",VMRS_HB_COMPLETE_v20 page 6_pages_51-75.md
053-998-001,,053,998,"Paint - Finish, Vehicle",VMRS_HB_COMPLETE_v20 page 6_pages_51-75.md
053-998-146,,053,998,"Paint - Bus Body, Glass, Windshield",VMRS_HB_COMPLETE_v20 page 6_pages_51-75.md
053-998-012,,053,998,Paint - Frame,VMRS_HB_COMPLETE_v20 page 6_pages_51-75.md
053-998-120,,053,998,"Paint - Bus Body, Heat Shield/Rock Shield",VMRS_HB_COMPLETE_v20 page 6_pages_51-75.md
053-998-075,,053,998,Paint - Frame Rail,VMRS_HB_COMPLETE_v20 page 6_pages_51-75.md
053-998-134,,053,998,"Paint - Bus Body, Inside Side Lining",VMRS_HB_COMPLETE_v20 page 6_pages_51-75.md
053-998-076,,053,998,Paint - Front Steer Axle,VMRS_HB_COMPLETE_v20 page 6_pages_51-75.md
053-998-136,,053,998,"Paint - Bus Body, Interior Sheet Metal, Rear Left",VMRS_HB_COMPLETE_v20 page 6_pages_51-75.md
053-998-077,,053,998,Paint - Fuel Tank,VMRS_HB_COMPLETE_v20 page 6_pages_51-75.md
053-998-135,,053,998,"Paint - Bus Body, Interior Sheet Metal, Rear",VMRS_HB_COMPLETE_v20 page 6_pages_51-75.md
053-998-018,,053,998,Paint - General,VMRS_HB_COMPLETE_v20 page 6_pages_51-75.md
053-998-078,,053,998,Paint - Grille,VMRS_HB_COMPLETE_v20 page 6_pages_51-75.md
053-998-137,,053,998,"Paint - Bus Body, Interior Sheet Metal, Trim",VMRS_HB_COMPLETE_v20 page 6_pages_51-75.md
053-998-079,,053,998,"Paint - Grille, Air Intake",VMRS_HB_COMPLETE_v20 page 6_pages_51-75.md
053-998-139,,053,998,"Paint - Bus Body, License Plate Holder",VMRS_HB_COMPLETE_v20 page 6_pages_51-75.md
053-998-080,,053,998,Paint - Headlight Bezel,VMRS_HB_COMPLETE_v20 page 6_pages_51-75.md
053-998-144,,053,998,"Paint - Bus Body, Outward Opening Shell",VMRS_HB_COMPLETE_v20 page 6_pages_51-75.md
053-998-014,,053,998,Paint - Hood,VMRS_HB_COMPLETE_v20 page 6_pages_51-75.md
053-998-111,,053,998,"Paint - Bus Body, Plug Shell",VMRS_HB_COMPLETE_v20 page 6_pages_51-75.md
053-998-081,,053,998,Paint - Hood,VMRS_HB_COMPLETE_v20 page 6_pages_51-75.md
053-998-126,,053,998,"Paint - Bus Body, Rear Assembly Sheet Metal,",VMRS_HB_COMPLETE_v20 page 6_pages_51-75.md
053-998-082,,053,998,"Paint - Hub, Front Steer Wheel",VMRS_HB_COMPLETE_v20 page 6_pages_51-75.md
050-000-405,,050,000,Left Extension,VMRS_HB_COMPLETE_v20 page 6_pages_51-75.md
053-998-083,,053,998,"Paint - Hub, Rear Drive Wheel",VMRS_HB_COMPLETE_v20 page 6_pages_51-75.md
053-998-125,,053,998,"Paint - Bus Body, Rear Assembly Sheet Metal,",VMRS_HB_COMPLETE_v20 page 6_pages_51-75.md
053-998-084,,053,998,Paint - Mirror,VMRS_HB_COMPLETE_v20 page 6_pages_51-75.md
050-000-100,,050,000,Right Extension,VMRS_HB_COMPLETE_v20 page 6_pages_51-75.md
053-998-096,,053,998,Paint Namanlata,VMRS_HB_COMPLETE_v20 page 6_pages_51-75.md
053-996-132,,053,996,"Paint - Bus Body, Roof Rall",VMRS_HB_COMPLETE_v20 page 6_pages_51-75.md
053-998-085,,053,998,Paint - Namepiale,VMRS_HB_COMPLETE_v20 page 6_pages_51-75.md
053-990-131,,053,990,"Paint - Bus Body, Roof Static Vent",VMRS_HB_COMPLETE_v20 page 6_pages_51-75.md
053-990-002,,053,990,"Paint - Primer, Venicle",VMRS_HB_COMPLETE_v20 page 6_pages_51-75.md
053-990-133,,053,990,"Paint - Bus Body, Rub Pail",VMRS_HB_COMPLETE_v20 page 6_pages_51-75.md
053-990-000,,053,990,Paint - Near Drive Axe,VMRS_HB_COMPLETE_v20 page 6_pages_51-75.md
053-990-130,,053,990,"Paint - Bus Body, Rub RallPaint - Bus Body, Safety Lock, Rear Emergency",VMRS_HB_COMPLETE_v20 page 6_pages_51-75.md
053-990-007,,053,990,Paint - Numining DoardPaint - Sleeper Complete Exterior,VMRS_HB_COMPLETE_v20 page 6_pages_51-75.md
053-998-116,,053,998,"Paint - Bus Body, Safety Lock, Near Emergency",VMRS_HB_COMPLETE_v20 page 6_pages_51-75.md
053-998-088,,053,998,Paint - Sun Visor Exterior,VMRS_HB_COMPLETE_v20 page 6_pages_51-75.md
053-998-110,,053,998,"Paint - Bus Body, Sedan Shell",VMRS_HB_COMPLETE_v20 page 6_pages_51-75.md
053-998-089,,053,998,"Paint - Sun Visor, Interior",VMRS_HB_COMPLETE_v20 page 6_pages_51-75.md
053-998-121,,053,998,"Paint - Bus Body, Service Step",VMRS_HB_COMPLETE_v20 page 6_pages_51-75.md
053-998-109,,053,998,Paint - Suspension,VMRS_HB_COMPLETE_v20 page 6_pages_51-75.md
053-998-115,,053,998,"Paint - Bus Body, Side Emergency Latch/Hinge/",VMRS_HB_COMPLETE_v20 page 6_pages_51-75.md
053-998-090,,053,998,Paint - Tag/Pusher Axle,VMRS_HB_COMPLETE_v20 page 6_pages_51-75.md
053-998-091,,053,998,"Paint - Transmission, Automatic",VMRS_HB_COMPLETE_v20 page 6_pages_51-75.md
053-998-114,,053,998,"Paint - Bus Body, Side Emergency Shell",VMRS_HB_COMPLETE_v20 page 6_pages_51-75.md
053-998-092,,053,998,"Paint - Transmission, Manual",VMRS_HB_COMPLETE_v20 page 6_pages_51-75.md
053-998-113,,053,998,"Paint - Bus Body, Side Exit Plug Shell",VMRS_HB_COMPLETE_v20 page 6_pages_51-75.md
053-014-001,,053,014,Paint - Used,VMRS_HB_COMPLETE_v20 page 6_pages_51-75.md
053-998-112,,053,998,"Paint - Bus Body, Side Exit Shell",VMRS_HB_COMPLETE_v20 page 6_pages_51-75.md
053-998-107,,053,998,"Paint - Wheel, Front",VMRS_HB_COMPLETE_v20 page 6_pages_51-75.md
053-998-122,,053,998,"Paint - Bus Body, Side Exit Step",VMRS_HB_COMPLETE_v20 page 6_pages_51-75.md
053-998-100,,053,998,"Paint - Wheel, Rear",VMRS_HB_COMPLETE_v20 page 6_pages_51-75.md
053-998-141,,053,998,"Paint - Bus Body, Tow Hook",VMRS_HB_COMPLETE_v20 page 6_pages_51-75.md
053-998-101,,053,998,"Paint - Wheel, Spare",VMRS_HB_COMPLETE_v20 page 6_pages_51-75.md
053-998-143,,053,998,"Paint - Bus Body, Wheelhouse, Front",VMRS_HB_COMPLETE_v20 page 6_pages_51-75.md
053-998-000,,053,998,Paint & Preservatives - Vehicle,VMRS_HB_COMPLETE_v20 page 6_pages_51-75.md
053-998-123,,053,998,"Paint - Bus Body, Wheelhouse, Rear",VMRS_HB_COMPLETE_v20 page 6_pages_51-75.md
365-001-032,,365,001,Paint Gun Assembly - Complete,VMRS_HB_COMPLETE_v20 page 6_pages_51-75.md
053-998-106,,053,998,Paint - Cap,VMRS_HB_COMPLETE_v20 page 6_pages_51-75.md
365-012-000,,365,012,Paint Heating Pump Assembly,VMRS_HB_COMPLETE_v20 page 6_pages_51-75.md
053-996-051,,053,996,"Paint - Cab & Hood, Complete, Exterior",VMRS_HB_COMPLETE_v20 page 6_pages_51-75.md
303-012-001,,303,012,Paint Heating Pump Assembly - Complete,VMRS_HB_COMPLETE_v20 page 6_pages_51-75.md
053-990-013,,053,990,"Paint - Cab, Complete Exterior",VMRS_HB_COMPLETE_v20 page 6_pages_51-75.md
053-996-021,,053,996,Paint Kit - Front Mask,VMRS_HB_COMPLETE_v20 page 6_pages_51-75.md
053-990-020,,053,990,Paint Kit - General Mask,VMRS_HB_COMPLETE_v20 page 6_pages_51-75.md
053-998-052,,053,998,"Paint - Cab/Sleeper, Corner Panel, Exterior",VMRS_HB_COMPLETE_v20 page 6_pages_51-75.md
053-999-022,,053,999,Paint Kit - Hood Mask,VMRS_HB_COMPLETE_v20 page 6_pages_51-75.md
053-998-054,,053,998,"Paint - Cab/Sleeper, Extender",VMRS_HB_COMPLETE_v20 page 6_pages_51-75.md
053-998-024,,053,998,Paint Kit - Rear Mask,VMRS_HB_COMPLETE_v20 page 6_pages_51-75.md
053-998-055,,053,998,"Paint - Cab/Sleeper, Front Panel, Exterior",VMRS_HB_COMPLETE_v20 page 6_pages_51-75.md
053-998-025,,053,998,Paint Kit - Sleeper Mask,VMRS_HB_COMPLETE_v20 page 6_pages_51-75.md
053-998-056,,053,998,"Paint - Cab/Sleeper, Rear Panel, Exterior",VMRS_HB_COMPLETE_v20 page 6_pages_51-75.md
365-007-056,,365,007,Paint Pump Assembly - Complete,VMRS_HB_COMPLETE_v20 page 6_pages_51-75.md
053-998-057,,053,998,"Paint - Cab/Sleeper, Roof, Exterior",VMRS_HB_COMPLETE_v20 page 6_pages_51-75.md
365-009-001,,365,009,Paint Tank Assembly - Complete,VMRS_HB_COMPLETE_v20 page 6_pages_51-75.md
053-998-058,,053,998,"Paint - Cab/Sleeper, Side Panel, Exterior",VMRS_HB_COMPLETE_v20 page 6_pages_51-75.md
365-000-000,,365,000,Painting & Spraying,VMRS_HB_COMPLETE_v20 page 6_pages_51-75.md
053-998-059,,053,998,"Paint - Cab/Sleeper, Skirt, Exterior",VMRS_HB_COMPLETE_v20 page 6_pages_51-75.md
365-001-000,,365,001,Painting/Spraying Assembly,VMRS_HB_COMPLETE_v20 page 6_pages_51-75.md
053-998-036,,053,998,"Paint - Chassis, Complete",VMRS_HB_COMPLETE_v20 page 6_pages_51-75.md
365-001-001,,365,001,Painting/Spraying Assembly - Complete,VMRS_HB_COMPLETE_v20 page 6_pages_51-75.md
053-998-062,,053,998,Paint - Clothes Compartment,VMRS_HB_COMPLETE_v20 page 6_pages_51-75.md
053-011-054,,053,011,Pallet,VMRS_HB_COMPLETE_v20 page 6_pages_51-75.md
053-998-028,,053,998,Paint - Complete Equipment,VMRS_HB_COMPLETE_v20 page 6_pages_51-75.md
055-025-000,,055,025,Pallet Jack,VMRS_HB_COMPLETE_v20 page 6_pages_51-75.md
053-998-063,,053,998,"Paint - Complete Vehicle, Exterior",VMRS_HB_COMPLETE_v20 page 6_pages_51-75.md
055-025-001,,055,025,Pallet Jack - Assembly,VMRS_HB_COMPLETE_v20 page 6_pages_51-75.md
053-998-064,,053,998,Paint - Cowl,VMRS_HB_COMPLETE_v20 page 6_pages_51-75.md
069-001-005,,069,001,Pallet Stop,VMRS_HB_COMPLETE_v20 page 6_pages_51-75.md
053-998-105,,053,998,"Paint - Cross Member, End Frame",VMRS_HB_COMPLETE_v20 page 6_pages_51-75.md
082-029-060,,082,029,"Pan - Bottom, Reefer",VMRS_HB_COMPLETE_v20 page 6_pages_51-75.md
053-998-065,,053,998,"Paint - Cross Member, Engine Support, Front",VMRS_HB_COMPLETE_v20 page 6_pages_51-75.md
197-005-002,,197,005,"Pan - Chain Conveyor, Upper",VMRS_HB_COMPLETE_v20 page 6_pages_51-75.md
053-998-104,,053,998,"Paint - Cross Member, Frame, Intermediate",VMRS_HB_COMPLETE_v20 page 6_pages_51-75.md
364-001-028,,364,001,"Pan - Drip, Paver/Melter Assembly",VMRS_HB_COMPLETE_v20 page 6_pages_51-75.md
053-998-103,,053,998,"Paint - Cross Member, Rear Suspension",VMRS_HB_COMPLETE_v20 page 6_pages_51-75.md
002-059-007,,002,059,"Pari - Floor, Pickup Box",VMRS_HB_COMPLETE_v20 page 6_pages_51-75.md
003-996-102,,003,996,"Paint - Cross Member, Transmission Or Engine",VMRS_HB_COMPLETE_v20 page 6_pages_51-75.md
002-050-305,,002,050,Pan Docoss,VMRS_HB_COMPLETE_v20 page 6_pages_51-75.md
053-008-066,,053,008,"Support, nearPaint - Dash Panol",VMRS_HB_COMPLETE_v20 page 6_pages_51-75.md
002-012-040,,002,012,Fail - HelessPan - Seat Base,VMRS_HB_COMPLETE_v20 page 6_pages_51-75.md
000-990-000,,000,990,,VMRS_HB_COMPLETE_v20 page 6_pages_51-75.md
002-040-011,,002,040,ran - Ocal Dase,VMRS_HB_COMPLETE_v20 page 6_pages_51-75.md
042-002-023,,042,002,"Pan - Splash, Radiator",VMRS_HB_COMPLETE_v20 page 6_pages_51-75.md
078-018-003,,078,018,,VMRS_HB_COMPLETE_v20 page 6_pages_51-75.md
002-027-241,,002,027,"Pan - Support, Seat",VMRS_HB_COMPLETE_v20 page 6_pages_51-75.md
065-017-016,,065,017,Panel - Clean-Out,VMRS_HB_COMPLETE_v20 page 6_pages_51-75.md
002-050-316,,002,050,Pan - Upper Bunk,VMRS_HB_COMPLETE_v20 page 6_pages_51-75.md
059-014-002,,059,014,"Panel - Clean-Out, Reservoir",VMRS_HB_COMPLETE_v20 page 6_pages_51-75.md
027-002-008,,027,002,Pan Assembly - Converter Cover,VMRS_HB_COMPLETE_v20 page 6_pages_51-75.md
151-004-004,,151,004,"Panel - Closeout, APU",VMRS_HB_COMPLETE_v20 page 6_pages_51-75.md
071-023-009,,071,023,"Panel - Bulknead, Center",VMRS_HB_COMPLETE_v20 page 6_pages_51-75.md
002-050-720,,002,050,"Panel - Closeout, Cabinet Middle Left",VMRS_HB_COMPLETE_v20 page 6_pages_51-75.md
071-002-049,,071,002,Panel - Inner Corner (Radius),VMRS_HB_COMPLETE_v20 page 6_pages_51-75.md
002-050-014,,002,050,"Panel - Closeout, Cabinet, Middle Lett",VMRS_HB_COMPLETE_v20 page 6_pages_51-75.md
,018-004,018,004,,VMRS_HB_COMPLETE_v20 page 6_pages_51-75.md
002-008-103,,002,008,"Panel Closeout, Dash",VMRS_HB_COMPLETE_v20 page 6_pages_51-75.md
151-001-027,,151,001,Panel Access ADU,VMRS_HB_COMPLETE_v20 page 6_pages_51-75.md
002-000-732,,002,000,Panel Closer Dianum,VMRS_HB_COMPLETE_v20 page 6_pages_51-75.md
174-001-140,,174,001,"Panel Access, RFOPanel Access Rus Rody Floatrical & Plumbing",VMRS_HB_COMPLETE_v20 page 6_pages_51-75.md
172-002-010,,172,002,Panel Compaction Assembly,VMRS_HB_COMPLETE_v20 page 6_pages_51-75.md
002-015-147,,002,015,"Panel - Access, Bus body Electrical & Humbing",VMRS_HB_COMPLETE_v20 page 6_pages_51-75.md
002-017-036,,002,017,Panel - Compaction Assembly,VMRS_HB_COMPLETE_v20 page 6_pages_51-75.md
082-001-086,,082,001,Panel - Air Block,VMRS_HB_COMPLETE_v20 page 6_pages_51-75.md
072-004-001,,072,004,"Panel - Composite, Boll-Lin Bear Door",VMRS_HB_COMPLETE_v20 page 6_pages_51-75.md
082-007-059,,082,007,Panel - Air Block,VMRS_HB_COMPLETE_v20 page 6_pages_51-75.md
002-011-119,,002,011,Panel - Console,VMRS_HB_COMPLETE_v20 page 6_pages_51-75.md
002-008-047,,002,008,Panel - Air Conditioning,VMRS_HB_COMPLETE_v20 page 6_pages_51-75.md
172-001-030,,172,001,Panel - Container Body,VMRS_HB_COMPLETE_v20 page 6_pages_51-75.md
001-001-322,,001,001,Panel - Air Inlet,VMRS_HB_COMPLETE_v20 page 6_pages_51-75.md
367-005-031,,367,005,Panel - Control,VMRS_HB_COMPLETE_v20 page 6_pages_51-75.md
174-001-144,,174,001,"Panel - Air Inlet, Exterior Bus Body",VMRS_HB_COMPLETE_v20 page 6_pages_51-75.md
016-014-041,,016,014,"Panel - Control Valves, Lift Axle",VMRS_HB_COMPLETE_v20 page 6_pages_51-75.md
072-004-085,,072,004,"Panel - Aluminum, Roll-Up Rear Door",VMRS_HB_COMPLETE_v20 page 6_pages_51-75.md
151-005-006,,151,005,"Panel - Control, APU",VMRS_HB_COMPLETE_v20 page 6_pages_51-75.md
002-004-255,,002,004,"Panel - Antiglare, Hood",VMRS_HB_COMPLETE_v20 page 6_pages_51-75.md
071-002-004,,071,002,Panel - Corner,VMRS_HB_COMPLETE_v20 page 6_pages_51-75.md
002-015-207,,002,015,Panel - Aperture,VMRS_HB_COMPLETE_v20 page 6_pages_51-75.md
002-050-368,,002,050,"Panel - Corner, Left Front",VMRS_HB_COMPLETE_v20 page 6_pages_51-75.md
002-048-193,,002,048,Panel - B-Pillar Trim,VMRS_HB_COMPLETE_v20 page 6_pages_51-75.md
002-050-367,,002,050,"Panel - Corner, Right Front",VMRS_HB_COMPLETE_v20 page 6_pages_51-75.md
002-050-366,,002,050,Panel - Back,VMRS_HB_COMPLETE_v20 page 6_pages_51-75.md
014-002-086,,014,002,"Panel - Cover Filler, Front Bumper",VMRS_HB_COMPLETE_v20 page 6_pages_51-75.md
002-029-033,,002,029,"Panel - Back, Self-Contained Breathing",VMRS_HB_COMPLETE_v20 page 6_pages_51-75.md
014-002-102,,014,002,"Panel - Cover Filler, Rear Bumper",VMRS_HB_COMPLETE_v20 page 6_pages_51-75.md
002-005-034,,002,005,Panel - Cowl Grille,VMRS_HB_COMPLETE_v20 page 6_pages_51-75.md
002-050-246,,002,050,Panel - Baggage Door,VMRS_HB_COMPLETE_v20 page 6_pages_51-75.md
002-005-039,,002,005,Panel - Cowl Plenum,VMRS_HB_COMPLETE_v20 page 6_pages_51-75.md
002-050-529,,002,050,"Panel - Base, Cabinet",VMRS_HB_COMPLETE_v20 page 6_pages_51-75.md
002-006-008,,002,006,"Panel - Cowl, Front, Upper",VMRS_HB_COMPLETE_v20 page 6_pages_51-75.md
014-005-017,,014,005,Panel - Battery Box,VMRS_HB_COMPLETE_v20 page 6_pages_51-75.md
002-066-002,,002,066,"Panel - Cross Filler, Rear Body",VMRS_HB_COMPLETE_v20 page 6_pages_51-75.md
004-010-011,,004,010,"Panel - Belly Assembly, Plastic, Left Front",VMRS_HB_COMPLETE_v20 page 6_pages_51-75.md
002-066-003,,002,066,"Panel - Cross Finish, Rear Body",VMRS_HB_COMPLETE_v20 page 6_pages_51-75.md
004-010-009,,004,010,"Panel - Belly Assembly, Plastic, Left Middle",VMRS_HB_COMPLETE_v20 page 6_pages_51-75.md
071-023-002,,071,023,Panel - Curb Side,VMRS_HB_COMPLETE_v20 page 6_pages_51-75.md
004-010-007,,004,010,"Panel - Belly Assembly, Plastic, Left Rear",VMRS_HB_COMPLETE_v20 page 6_pages_51-75.md
082-001-079,,082,001,Panel - Damper,VMRS_HB_COMPLETE_v20 page 6_pages_51-75.md
004-010-010,,004,010,"Panel - Belly Assembly, Plastic, Right Front",VMRS_HB_COMPLETE_v20 page 6_pages_51-75.md
082-007-051,,082,007,Panel - Damper,VMRS_HB_COMPLETE_v20 page 6_pages_51-75.md
004-010-008,,004,010,"Panel - Belly Assembly, Plastic, Right Middle",VMRS_HB_COMPLETE_v20 page 6_pages_51-75.md
002-008-001,,002,008,Panel Dash,VMRS_HB_COMPLETE_v20 page 6_pages_51-75.md
002-050-271,,002,050,"Panel - Belly Assembly, Plastic, Right Rear",VMRS_HB_COMPLETE_v20 page 6_pages_51-75.md
001-004-014,,001,004,"Panel - Deflector, Main Broom",VMRS_HB_COMPLETE_v20 page 6_pages_51-75.md
002-050-571,,002,050,Parlel - Delow Walktriu,VMRS_HB_COMPLETE_v20 page 6_pages_51-75.md
002-040-039,,002,040,Panel Deer Poleter,VMRS_HB_COMPLETE_v20 page 6_pages_51-75.md
174-003-037,,174,003,Panel Bottom & Back Underbody Storage,VMRS_HB_COMPLETE_v20 page 6_pages_51-75.md
,001-218,001,218,Panel Door Bus Body,VMRS_HB_COMPLETE_v20 page 6_pages_51-75.md
174-000-007,,174,000,Compartment,VMRS_HB_COMPLETE_v20 page 6_pages_51-75.md
071-030-015,,071,030,"Panel - Door, Side Compartment Boll-I In Door",VMRS_HB_COMPLETE_v20 page 6_pages_51-75.md
072-004-093,,072,004,Panel - Bottom Aluminum Boll-Un Bear Door,VMRS_HB_COMPLETE_v20 page 6_pages_51-75.md
174-001-090,,174,001,Panel - Driver Front Accessory Compartment,VMRS_HB_COMPLETE_v20 page 6_pages_51-75.md
174-031-003,,174,031,"Panel - Bottom, Rus Under Driver Seat Storage",VMRS_HB_COMPLETE_v20 page 6_pages_51-75.md
174-001-097,,174,001,Panel - Driver Side Accessory Compartment,VMRS_HB_COMPLETE_v20 page 6_pages_51-75.md
174-030-003,,174,030,"Panel - Bottom, Bus Under Passenger Seat",VMRS_HB_COMPLETE_v20 page 6_pages_51-75.md
061-006-010,,061,006,"Panel - Engine, Scrubber",VMRS_HB_COMPLETE_v20 page 6_pages_51-75.md
061-001-009,,061,001,"Panel - Engine, Sweeper",VMRS_HB_COMPLETE_v20 page 6_pages_51-75.md
072-004-094,,072,004,"Panel - Bottom, Composite, Roll-Up Rear Door",VMRS_HB_COMPLETE_v20 page 6_pages_51-75.md
002-050-247,,002,050,Panel - Exit Door,VMRS_HB_COMPLETE_v20 page 6_pages_51-75.md
078-026-005,,078,026,"Panel - Bottom, Curbside",VMRS_HB_COMPLETE_v20 page 6_pages_51-75.md
002-002-006,,002,002,"Panel - Extension, Upper",VMRS_HB_COMPLETE_v20 page 6_pages_51-75.md
078-026-004,,078,026,"Panel - Bottom, Roadside",VMRS_HB_COMPLETE_v20 page 6_pages_51-75.md
174-020-013,,174,020,"Panel - Exterior Light Monitor, Bus Drivers",VMRS_HB_COMPLETE_v20 page 6_pages_51-75.md
072-004-095,,072,004,"Panel - Bottom, Wood, Roll-Up Rear Door",VMRS_HB_COMPLETE_v20 page 6_pages_51-75.md
002-050-374,,002,050,Panel - Bulkhead,VMRS_HB_COMPLETE_v20 page 6_pages_51-75.md
174-010-028,,174,010,"Panel - Exterior, Folding Entrance Door",VMRS_HB_COMPLETE_v20 page 6_pages_51-75.md
071-023-007,,071,023,"Panel - Bulkhead, Curb Side",VMRS_HB_COMPLETE_v20 page 6_pages_51-75.md
174-011-031,,174,011,"Panel - Exterior, Outward Opening Entrance",VMRS_HB_COMPLETE_v20 page 6_pages_51-75.md
071-023-008,,071,023,"Panel - Bulkhead, Road Side",VMRS_HB_COMPLETE_v20 page 6_pages_51-75.md
002-050-546,,002,050,"Panel - Bunk, Front",VMRS_HB_COMPLETE_v20 page 6_pages_51-75.md
174-013-025,,174,013,"Panel - Exterior, Rear Emergency Door",VMRS_HB_COMPLETE_v20 page 6_pages_51-75.md
174-001-213,,174,001,Panel - Bus Body,VMRS_HB_COMPLETE_v20 page 6_pages_51-75.md
174-012-020,,174,012,"Panel - Exterior, Side Emergency Door",VMRS_HB_COMPLETE_v20 page 6_pages_51-75.md
174-018-008,,174,018,Panel - Bus Body Barrier,VMRS_HB_COMPLETE_v20 page 6_pages_51-75.md
174-012-028,,174,012,"Panel - Exterior, Side Emergency Door",VMRS_HB_COMPLETE_v20 page 6_pages_51-75.md
174-029-018,,174,029,Panel - Bus Davenport,VMRS_HB_COMPLETE_v20 page 6_pages_51-75.md
,014-021,014,021,"Panel - Exterior, Wheelchair Lift Door",VMRS_HB_COMPLETE_v20 page 6_pages_51-75.md
174-022-029,,174,022,Panel - Bus Seal,VMRS_HB_COMPLETE_v20 page 6_pages_51-75.md
082-008-093,,082,008,"Panel Fan, Condenser, Top",VMRS_HB_COMPLETE_v20 page 6_pages_51-75.md
002-034-005,,002,034,Panel Cab Accent,VMRS_HB_COMPLETE_v20 page 6_pages_51-75.md
082-029-043,,082,029,Panel Fan Doadside Top Doofer,VMRS_HB_COMPLETE_v20 page 6_pages_51-75.md
002-012-072,,002,012,"Panel - Cab Front, Center",VMRS_HB_COMPLETE_v20 page 6_pages_51-75.md
051-000-012,,051,000,Panel - Fare Roy Inner,VMRS_HB_COMPLETE_v20 page 6_pages_51-75.md
002-044-010,,002,044,Panel - Cab Inner Unner,VMRS_HB_COMPLETE_v20 page 6_pages_51-75.md
002-002-092,,002,002,Panel - Fender Filler,VMRS_HB_COMPLETE_v20 page 6_pages_51-75.md
002-017-003,,002,017,Panel - Cab Or Front Door Inner,VMRS_HB_COMPLETE_v20 page 6_pages_51-75.md
002-002-002,,002,002,Panel - Fender Inner,VMRS_HB_COMPLETE_v20 page 6_pages_51-75.md
002-017-002,,002,017,"Panel - Cab Or Front Door, Outer",VMRS_HB_COMPLETE_v20 page 6_pages_51-75.md
059-001-170,,059,001,Panel - Fifth Wheel,VMRS_HB_COMPLETE_v20 page 6_pages_51-75.md
162-001-005,,162,001,Panel - Cab Protector,VMRS_HB_COMPLETE_v20 page 6_pages_51-75.md
083-001-002,,083,001,Panel - Fill Box,VMRS_HB_COMPLETE_v20 page 6_pages_51-75.md
002-044-012,,002,044,Panel - Cab. Right,VMRS_HB_COMPLETE_v20 page 6_pages_51-75.md
174-001-202,,174,001,"Panel - Filler, Bus Body",VMRS_HB_COMPLETE_v20 page 6_pages_51-75.md
002-044-004,,002,044,Panel - Cab. Left,VMRS_HB_COMPLETE_v20 page 6_pages_51-75.md
004-004-047,,004,004,"Panel - Filler, Cab Extender, Lower",VMRS_HB_COMPLETE_v20 page 6_pages_51-75.md
002-012-022,,002,012,"Panel - Cab, Left",VMRS_HB_COMPLETE_v20 page 6_pages_51-75.md
002-004-170,,002,004,"Panel - Filler, Hood to Cab",VMRS_HB_COMPLETE_v20 page 6_pages_51-75.md
002-015-008,,002,015,"Panel - Cab, Rear",VMRS_HB_COMPLETE_v20 page 6_pages_51-75.md
002-048-192,,002,048,"Panel - Filler, Upholstery",VMRS_HB_COMPLETE_v20 page 6_pages_51-75.md
002-012-091,,002,012,"Panel - Cab, Right",VMRS_HB_COMPLETE_v20 page 6_pages_51-75.md
002-062-006,,002,062,"Panel - Finish, Deck Lid",VMRS_HB_COMPLETE_v20 page 6_pages_51-75.md
002-015-007,,002,015,"Panel - Cab, Side",VMRS_HB_COMPLETE_v20 page 6_pages_51-75.md
002-061-011,,002,061,"Panel - Finish, Liftgate",VMRS_HB_COMPLETE_v20 page 6_pages_51-75.md
002-011-059,,002,011,Panel - Cargo,VMRS_HB_COMPLETE_v20 page 6_pages_51-75.md
002-012-092,,002,012,Panel - Firewall,VMRS_HB_COMPLETE_v20 page 6_pages_51-75.md
082-013-017,,082,013,Panel - Case,VMRS_HB_COMPLETE_v20 page 6_pages_51-75.md
002-012-109,,002,012,"Panel - Floor Pan, Rear, Corner",VMRS_HB_COMPLETE_v20 page 6_pages_51-75.md
082-023-029,,082,023,Panel - Case,VMRS_HB_COMPLETE_v20 page 6_pages_51-75.md
061-001-005,,061,001,Panel - Flooring,VMRS_HB_COMPLETE_v20 page 6_pages_51-75.md
082-029-004,,082,029,Panel - Case,VMRS_HB_COMPLETE_v20 page 6_pages_51-75.md
071-020-001,,071,020,Panel - Flooring Section,VMRS_HB_COMPLETE_v20 page 6_pages_51-75.md
002-015-136,,002,015,"Panel - Center, Exterior Side, Air Intake",VMRS_HB_COMPLETE_v20 page 6_pages_51-75.md
061-006-006,,061,006,"Panel - Flooring, Scrubber",VMRS_HB_COMPLETE_v20 page 6_pages_51-75.md
002-050-248,,002,050,Panel - Forward,VMRS_HB_COMPLETE_v20 page 6_pages_51-75.md
002-015-197,,002,015,Panel - Quarter Trim,VMRS_HB_COMPLETE_v20 page 6_pages_51-75.md
002-050-237,,002,050,Panel - Front,VMRS_HB_COMPLETE_v20 page 6_pages_51-75.md
002-015-010,,002,015,"Panel - Quarter, Inner",VMRS_HB_COMPLETE_v20 page 6_pages_51-75.md
061-001-002,,061,001,Panel - Front,VMRS_HB_COMPLETE_v20 page 6_pages_51-75.md
002-048-041,,002,048,Panel - Radio Speaker,VMRS_HB_COMPLETE_v20 page 6_pages_51-75.md
002-015-016,,002,015,"Panel - Front Corner, Left",VMRS_HB_COMPLETE_v20 page 6_pages_51-75.md
002-048-160,,002,048,Panel - Rear,VMRS_HB_COMPLETE_v20 page 6_pages_51-75.md
002-015-015,,002,015,"Panel - Front Corner, Right",VMRS_HB_COMPLETE_v20 page 6_pages_51-75.md
002-050-255,,002,050,Panel - Rear Center,VMRS_HB_COMPLETE_v20 page 6_pages_51-75.md
071-002-033,,071,002,Panel - Front Wall,VMRS_HB_COMPLETE_v20 page 6_pages_51-75.md
002-015-035,,002,015,Panel - Rear Corner,VMRS_HB_COMPLETE_v20 page 6_pages_51-75.md
002-048-179,,002,048,"Panel - Front, Interior Trim",VMRS_HB_COMPLETE_v20 page 6_pages_51-75.md
002-021-000,,002,021,Panel - Rear Door & Ramps,VMRS_HB_COMPLETE_v20 page 6_pages_51-75.md
052-008-004,,052,008,"Panel - Front, Refrigerator",VMRS_HB_COMPLETE_v20 page 6_pages_51-75.md
002-015-001,,002,015,Panel - Rear Door Extension,VMRS_HB_COMPLETE_v20 page 6_pages_51-75.md
061-006-002,,061,006,"Panel - Front, Scrubber",VMRS_HB_COMPLETE_v20 page 6_pages_51-75.md
072-003-026,,072,003,"Panel - Rear Door, Hinged",VMRS_HB_COMPLETE_v20 page 6_pages_51-75.md
002-012-084,,002,012,"Panel - Front, Upper",VMRS_HB_COMPLETE_v20 page 6_pages_51-75.md
002-021-003,,002,021,"Panel - Rear Door, Inner",VMRS_HB_COMPLETE_v20 page 6_pages_51-75.md
002-012-107,,002,012,"Panel - Front, Wheelwell",VMRS_HB_COMPLETE_v20 page 6_pages_51-75.md
002-021-002,,002,021,"Panel - Rear Door, Outer",VMRS_HB_COMPLETE_v20 page 6_pages_51-75.md
174-001-142,,174,001,"Panel - Fuel Fill Recess, Exterior Bus Body",VMRS_HB_COMPLETE_v20 page 6_pages_51-75.md
002-015-003,,002,015,"Panel - Rear End, Lower",VMRS_HB_COMPLETE_v20 page 6_pages_51-75.md
071-002-007,,071,002,"Panel - General (All), Body Front Wall &/Or",VMRS_HB_COMPLETE_v20 page 6_pages_51-75.md
072-001-020,,072,001,Panel - Rear Wall,VMRS_HB_COMPLETE_v20 page 6_pages_51-75.md
071-002-012,,071,002,Headboard Assembly,VMRS_HB_COMPLETE_v20 page 6_pages_51-75.md
174-031-005,,174,031,"Panel - Rear, Bus Under Driver Seal Storage",VMRS_HB_COMPLETE_v20 page 6_pages_51-75.md
002-001-003,,002,001,Panel - Grille,VMRS_HB_COMPLETE_v20 page 6_pages_51-75.md
174-030-005,,174,030,DoxDanal - Dear Bus Under Dassenger Seat,VMRS_HB_COMPLETE_v20 page 6_pages_51-75.md
174-000-000,,174,000,Storage Box,VMRS_HB_COMPLETE_v20 page 6_pages_51-75.md
002-004-227,,002,004,Panel - Headlamp Mounting,VMRS_HB_COMPLETE_v20 page 6_pages_51-75.md
002-015-137,,002,015,Panel - Bear Exterior Side Air Intake,VMRS_HB_COMPLETE_v20 page 6_pages_51-75.md
002-034-003,,002,034,Panel - Headlamp Trim,VMRS_HB_COMPLETE_v20 page 6_pages_51-75.md
002-050-257,,002,050,Panel - Rear Left/Bight,VMRS_HB_COMPLETE_v20 page 6_pages_51-75.md
001-004-066,,001,004,"Panel - Heater And A/C Control, Auxiliary",VMRS_HB_COMPLETE_v20 page 6_pages_51-75.md
061-006-005,,061,006,"Panel - Rear, Scrubber",VMRS_HB_COMPLETE_v20 page 6_pages_51-75.md
002-006-064,,002,006,Panel - Retractable Boof,VMRS_HB_COMPLETE_v20 page 6_pages_51-75.md
001-003-051,,001,003,"Panel - Heater Control, Auxiliary",VMRS_HB_COMPLETE_v20 page 6_pages_51-75.md
071-023-003,,071,023,Panel - Road Side,VMRS_HB_COMPLETE_v20 page 6_pages_51-75.md
072-003-002,,072,003,"Panel - Hinged Door, Rear, Outer",VMRS_HB_COMPLETE_v20 page 6_pages_51-75.md
004-003-036,,004,003,"Panel - Roof Fairing, Lower",VMRS_HB_COMPLETE_v20 page 6_pages_51-75.md
002-004-200,,002,004,Panel - Hood Plenum,VMRS_HB_COMPLETE_v20 page 6_pages_51-75.md
004-003-049,,004,003,"Panel - Roof Fairing, Side",VMRS_HB_COMPLETE_v20 page 6_pages_51-75.md
002-004-045,,002,004,"Panel - Hood, Center",VMRS_HB_COMPLETE_v20 page 6_pages_51-75.md
004-003-037,,004,003,"Panel - Roof Fairing, Upper",VMRS_HB_COMPLETE_v20 page 6_pages_51-75.md
002-004-172,,002,004,"Panel - Hood, Front",VMRS_HB_COMPLETE_v20 page 6_pages_51-75.md
071-004-001,,071,004,"Panel - Roof, Body",VMRS_HB_COMPLETE_v20 page 6_pages_51-75.md
002-004-177,,002,004,"Panel - Hood, Lower",VMRS_HB_COMPLETE_v20 page 6_pages_51-75.md
002-006-001,,002,006,"Panel - Roof, Cab",VMRS_HB_COMPLETE_v20 page 6_pages_51-75.md
002-004-046,,002,004,"Panel - Hood, Side",VMRS_HB_COMPLETE_v20 page 6_pages_51-75.md
002-050-648,,002,050,"Panel - Roof, Halo, Sleeper",VMRS_HB_COMPLETE_v20 page 6_pages_51-75.md
002-004-044,,002,004,"Panel - Hood, Upper",VMRS_HB_COMPLETE_v20 page 6_pages_51-75.md
002-006-143,,002,006,"Panel - Roof, Side, Cab",VMRS_HB_COMPLETE_v20 page 6_pages_51-75.md
002-046-033,,002,046,Panel - Inner Lower,VMRS_HB_COMPLETE_v20 page 6_pages_51-75.md
002-050-647,,002,050,"Panel - Roof, Sleeper, Rear",VMRS_HB_COMPLETE_v20 page 6_pages_51-75.md
002-046-032,,002,046,Panel - Inner Upper,VMRS_HB_COMPLETE_v20 page 6_pages_51-75.md
002-050-649,,002,050,"Panel - Roof, Sleeper, Upper",VMRS_HB_COMPLETE_v20 page 6_pages_51-75.md
072-003-001,,072,003,"Panel - Inner, Hinged Door, Rear",VMRS_HB_COMPLETE_v20 page 6_pages_51-75.md
002-002-063,,002,002,"Panel - Screening Cover, Inside, Chassis Sheet",VMRS_HB_COMPLETE_v20 page 6_pages_51-75.md
002-004-049,,002,004,"Panel - Inner, Hood",VMRS_HB_COMPLETE_v20 page 6_pages_51-75.md
174-001-232,,174,001,"Panel - Inner, Rear Engine Door",VMRS_HB_COMPLETE_v20 page 6_pages_51-75.md
002-005-016,,002,005,"Panel - Sheet Metal, Cowl",VMRS_HB_COMPLETE_v20 page 6_pages_51-75.md
014-002-075,,014,002,"Panel - Insert, Air Dam, Center",VMRS_HB_COMPLETE_v20 page 6_pages_51-75.md
002-006-035,,002,006,Panel - Shelf,VMRS_HB_COMPLETE_v20 page 6_pages_51-75.md
014-002-076,,014,002,"Panel - Insert, Air Dam, Endcap",VMRS_HB_COMPLETE_v20 page 6_pages_51-75.md
002-008-101,,002,008,"Panel - Shift Display, Dash",VMRS_HB_COMPLETE_v20 page 6_pages_51-75.md
174-021-003,,174,021,Panel - Interior Bus Luggage Rack,VMRS_HB_COMPLETE_v20 page 6_pages_51-75.md
002-048-062,,002,048,Panel - Side,VMRS_HB_COMPLETE_v20 page 6_pages_51-75.md
174-010-027,,174,010,"Panel - Interior, Folding Entrance Door",VMRS_HB_COMPLETE_v20 page 6_pages_51-75.md
002-019-050,,002,019,Panel - Side Door Opening,VMRS_HB_COMPLETE_v20 page 6_pages_51-75.md
174-011-030,,174,011,"Panel - Interior, Outward Opening Entrance Door",VMRS_HB_COMPLETE_v20 page 6_pages_51-75.md
071-005-002,,071,005,"Panel - Side Door, Hinged",VMRS_HB_COMPLETE_v20 page 6_pages_51-75.md
174-013-024,,174,013,"Panel - Interior, Rear Emergency Door",VMRS_HB_COMPLETE_v20 page 6_pages_51-75.md
071-005-003,,071,005,"Panel - Side Door, Hinged, Inner",VMRS_HB_COMPLETE_v20 page 6_pages_51-75.md
071-005-004,,071,005,"Panel - Side Door, Hinged, Ouler",VMRS_HB_COMPLETE_v20 page 6_pages_51-75.md
174-014-020,,174,014,"Panel - Interior, Wheelchair Lift Door",VMRS_HB_COMPLETE_v20 page 6_pages_51-75.md
002-019-002,,002,019,"Panel Side Door, Inner",VMRS_HB_COMPLETE_v20 page 6_pages_51-75.md
071-002-001,,071,002,Panel Intermediate Aluminum Poll Un Pear,VMRS_HB_COMPLETE_v20 page 6_pages_51-75.md
002-019-001,,002,019,Panel Side Skirt Eairing Assembly Laft Front,VMRS_HB_COMPLETE_v20 page 6_pages_51-75.md
072-004-090,,072,004,"Parier - Internediate, Aluminum, Roll-Op Real",VMRS_HB_COMPLETE_v20 page 6_pages_51-75.md
078-025-011,,078,025,"Panel - Side Skirt Fairing Assembly, Left Floht",VMRS_HB_COMPLETE_v20 page 6_pages_51-75.md
072-004-091,,072,004,"Panel - Intermediate, Composite, Boll-Un Rear",VMRS_HB_COMPLETE_v20 page 6_pages_51-75.md
078-025-003,,078,025,"Panel - Side Skirt Fairing Assembly, Left Middle",VMRS_HB_COMPLETE_v20 page 6_pages_51-75.md
078-025-010,,078,025,"Panel - Side Skirt Fairing Assembly, Eert Hear",VMRS_HB_COMPLETE_v20 page 6_pages_51-75.md
072-004-092,,072,004,Panel - Intermediate Wood Boll-Up Rear Door,VMRS_HB_COMPLETE_v20 page 6_pages_51-75.md
078-025-008,,078,025,"Panel - Side Skirt Fairing Assembly, Right Hold",VMRS_HB_COMPLETE_v20 page 6_pages_51-75.md
002-011-012,,002,011,Panel - Kick,VMRS_HB_COMPLETE_v20 page 6_pages_51-75.md
078-025-006,,078,025,"Panel - Side Skirt Fairing Assembly, Right Middle",VMRS_HB_COMPLETE_v20 page 6_pages_51-75.md
044-007-097,,044,007,"Panel - Label, Hand Throttle",VMRS_HB_COMPLETE_v20 page 6_pages_51-75.md
078-025-021,,078,025,"Panel - Side Skirt Fairing Assembly, Universal",VMRS_HB_COMPLETE_v20 page 6_pages_51-75.md
078-026-009,,078,026,"Panel - Lateral, Catch",VMRS_HB_COMPLETE_v20 page 6_pages_51-75.md
002-040-053,,002,040,"Panel - Side, Body Step",VMRS_HB_COMPLETE_v20 page 6_pages_51-75.md
078-026-008,,078,026,"Panel - Lateral, Claw",VMRS_HB_COMPLETE_v20 page 6_pages_51-75.md
174-031-004,,174,031,"Panel - Side, Bus Under Driver Seat Storage",VMRS_HB_COMPLETE_v20 page 6_pages_51-75.md
078-026-007,,078,026,"Panel - Lateral, Curbside",VMRS_HB_COMPLETE_v20 page 6_pages_51-75.md
078-026-006,,078,026,"Panel - Lateral, Roadside",VMRS_HB_COMPLETE_v20 page 6_pages_51-75.md
174-030-004,,174,030,"Panel - Side, Bus Under Passenger Seat",VMRS_HB_COMPLETE_v20 page 6_pages_51-75.md
044-012-040,,044,012,"Panel - Leak Detection, Fuel, Gaseous",VMRS_HB_COMPLETE_v20 page 6_pages_51-75.md
041-001-046,,041,001,"Panel - Light Box, Air Cleaner",VMRS_HB_COMPLETE_v20 page 6_pages_51-75.md
002-050-369,,002,050,"Panel - Side, Left",VMRS_HB_COMPLETE_v20 page 6_pages_51-75.md
061-001-014,,061,001,"Panel - Lower Skirt, Main Boom",VMRS_HB_COMPLETE_v20 page 6_pages_51-75.md
061-001-004,,061,001,"Panel - Side, Left",VMRS_HB_COMPLETE_v20 page 6_pages_51-75.md
061-001-015,,061,001,"Panel - Lower Skirt, Side Boom",VMRS_HB_COMPLETE_v20 page 6_pages_51-75.md
061-006-004,,061,006,"Panel - Side, Left. Scrubber",VMRS_HB_COMPLETE_v20 page 6_pages_51-75.md
002-031-015,,002,031,"Panel - Molding, Rear End",VMRS_HB_COMPLETE_v20 page 6_pages_51-75.md
071-003-047,,071,003,"Panel - Side, Lower",VMRS_HB_COMPLETE_v20 page 6_pages_51-75.md
044-012-038,,044,012,"Panel - Mounting, Fuel Gauge, Gaseous",VMRS_HB_COMPLETE_v20 page 6_pages_51-75.md
002-015-047,,002,015,"Panel - Side, Rear Corner",VMRS_HB_COMPLETE_v20 page 6_pages_51-75.md
078-018-005,,078,018,,VMRS_HB_COMPLETE_v20 page 6_pages_51-75.md
002-050-637,,002,050,"Panel - Side, Right",VMRS_HB_COMPLETE_v20 page 6_pages_51-75.md
078-018-002,,078,018,,VMRS_HB_COMPLETE_v20 page 6_pages_51-75.md
061-001-003,,061,001,"Panel - Side, Right",VMRS_HB_COMPLETE_v20 page 6_pages_51-75.md
002-046-030,,002,046,Panel - Outer Lower,VMRS_HB_COMPLETE_v20 page 6_pages_51-75.md
061-006-003,,061,006,"Panel - Side, Right, Scrubber",VMRS_HB_COMPLETE_v20 page 6_pages_51-75.md
002-046-029,,002,046,Panel - Outer Upper,VMRS_HB_COMPLETE_v20 page 6_pages_51-75.md
071-003-046,,071,003,"Panel - Side, Upper",VMRS_HB_COMPLETE_v20 page 6_pages_51-75.md
002-048-203,,002,048,"Panel - Overhead Console, Front",VMRS_HB_COMPLETE_v20 page 6_pages_51-75.md
001-002-122,,001,002,"Panel - Slide Out, Housing",VMRS_HB_COMPLETE_v20 page 6_pages_51-75.md
002-048-227,,002,048,"Panel - Overnead Console, Side",VMRS_HB_COMPLETE_v20 page 6_pages_51-75.md
174-000-010,,174,000,"Panel - Solar Charging, Load Tracking",VMRS_HB_COMPLETE_v20 page 6_pages_51-75.md
002-059-024,,002,059,Panel - Pickup BoX,VMRS_HB_COMPLETE_v20 page 6_pages_51-75.md
002-007-011,,002,007,Faller - MildiDanal Diretaction Fuel Tank Gassaus,VMRS_HB_COMPLETE_v20 page 6_pages_51-75.md
004-011-001,,004,011,Farrer - Speaker/Interior Lamp,VMRS_HB_COMPLETE_v20 page 6_pages_51-75.md
002-050-740,,002,050,"Panel - Storage Cabinet, HV/AC Access",VMRS_HB_COMPLETE_v20 page 6_pages_51-75.md
002-015-170,,002,015,Panel - Ouarter Filler,VMRS_HB_COMPLETE_v20 page 6_pages_51-75.md
,002-010,002,010,,VMRS_HB_COMPLETE_v20 page 6_pages_51-75.md
,000-000,000,000,r anor - otorage oompartment,VMRS_HB_COMPLETE_v20 page 6_pages_51-75.md
002-050-568,,002,050,"Panel - Storage Unit, Floor",VMRS_HB_COMPLETE_v20 page 6_pages_51-75.md
174-021-007,,174,021,"Panel, Book - Interior Bus Luggage Rack",VMRS_HB_COMPLETE_v20 page 6_pages_51-75.md
174-020-005,,174,020,"Panel, Bottom - Bus Driver Control Console",VMRS_HB_COMPLETE_v20 page 6_pages_51-75.md
002-008-113,,002,008,Panel - Switch,VMRS_HB_COMPLETE_v20 page 6_pages_51-75.md
174-023-012,,174,023,"Panel, Bottom - Underbody Wheelchair Ramp",VMRS_HB_COMPLETE_v20 page 6_pages_51-75.md
082-006-033,,082,006,Panel - SWITChPanel - Switch Door,VMRS_HB_COMPLETE_v20 page 6_pages_51-75.md
174-032-007,,174,032,StoragePanal Battom Underbody Wheelchair Pamp,VMRS_HB_COMPLETE_v20 page 6_pages_51-75.md
053-017-008,,053,017,"Panel - Switch, Electrical",VMRS_HB_COMPLETE_v20 page 6_pages_51-75.md
002-027-322,,002,027,"Panel - Switch, Seat",VMRS_HB_COMPLETE_v20 page 6_pages_51-75.md
174-001-060,,174,001,"Panel, Ceiling - Interior Bus Body",VMRS_HB_COMPLETE_v20 page 6_pages_51-75.md
002-016-010,,002,016,Panel - Tailgate,VMRS_HB_COMPLETE_v20 page 6_pages_51-75.md
174-001-072,,174,001,"Panel, Console - Front, Overhead, Emergency",VMRS_HB_COMPLETE_v20 page 6_pages_51-75.md
152-001-014,,152,001,"Panel - Tank Cover, Bottom, Toilet",VMRS_HB_COMPLETE_v20 page 6_pages_51-75.md
077-013-003,,077,013,Panel - Tarp & Bow Kit,VMRS_HB_COMPLETE_v20 page 6_pages_51-75.md
002-028-008,,002,028,"Panel, Control",VMRS_HB_COMPLETE_v20 page 6_pages_51-75.md
174-031-006,,174,031,"Panel - Top, Bus Under Driver Seat Storage Box",VMRS_HB_COMPLETE_v20 page 6_pages_51-75.md
174-001-068,,174,001,"Panel, Cover - Bus Body Wiring Harness",VMRS_HB_COMPLETE_v20 page 6_pages_51-75.md
174-030-006,,174,030,"Panel - Top, Bus Under Passenger Seat Storage",VMRS_HB_COMPLETE_v20 page 6_pages_51-75.md
174-001-016,,174,001,"Panel, Floor - Bus Exterior Body",VMRS_HB_COMPLETE_v20 page 6_pages_51-75.md
078-026-003,,078,026,"DuxPanel - Ton, Curbside",VMRS_HB_COMPLETE_v20 page 6_pages_51-75.md
174-003-004,,174,003,"Panel, Floor - Onderbody Storage Compartment",VMRS_HB_COMPLETE_v20 page 6_pages_51-75.md
078-026-002,,078,026,"Panel - Top, Roadside",VMRS_HB_COMPLETE_v20 page 6_pages_51-75.md
174-001-020,,174,001,"Panel, Front - Exterior Bus Body",VMRS_HB_COMPLETE_v20 page 6_pages_51-75.md
002-050-761,,002,050,"Panel - Transition, Left",VMRS_HB_COMPLETE_v20 page 6_pages_51-75.md
174-001-059,,174,001,"Panel, Front - Interior Bus Body",VMRS_HB_COMPLETE_v20 page 6_pages_51-75.md
002-050-760,,002,050,"Panel - Transition, Right",VMRS_HB_COMPLETE_v20 page 6_pages_51-75.md
174-001-070,,174,001,"Panel, Fuel Tank Emergency Access - Bus Floor",VMRS_HB_COMPLETE_v20 page 6_pages_51-75.md
002-048-265,,002,048,"Panel - Trim, ""A"" Pillar",VMRS_HB_COMPLETE_v20 page 6_pages_51-75.md
174-002-003,,174,002,"Panel, Rear - Bus Entry Step",VMRS_HB_COMPLETE_v20 page 6_pages_51-75.md
002-048-246,,002,048,"Panel - Trim, ""C"" Pillar",VMRS_HB_COMPLETE_v20 page 6_pages_51-75.md
174-001-019,,174,001,"Panel, Rear - Exterior Bus Body",VMRS_HB_COMPLETE_v20 page 6_pages_51-75.md
174-001-217,,174,001,"Panel - Trim, ""D"" PillarPanel - Trim, Bus Body",VMRS_HB_COMPLETE_v20 page 6_pages_51-75.md
174-001-058,,174,001,"Panel, Rear - Interior Bus BodyPanel, Poar - Underbody Battery Compartment",VMRS_HB_COMPLETE_v20 page 6_pages_51-75.md
174-003-003,,174,003,Panel Rear - Underbody Storage Compartment,VMRS_HB_COMPLETE_v20 page 6_pages_51-75.md
174-002-017,,174,002,"Panel - Trim, Bus Entry Step",VMRS_HB_COMPLETE_v20 page 6_pages_51-75.md
174-001-021,,174,001,"Panel, Roof - Exterior Bus Body",VMRS_HB_COMPLETE_v20 page 6_pages_51-75.md
002-011-122,,002,011,"Panel - Trim, Console",VMRS_HB_COMPLETE_v20 page 6_pages_51-75.md
174-020-004,,174,020,"Panel, Side - Bus Driver Control Console",VMRS_HB_COMPLETE_v20 page 6_pages_51-75.md
002-062-035,,002,062,"Panel - Trim, Deck Lid",VMRS_HB_COMPLETE_v20 page 6_pages_51-75.md
174-002-002,,174,002,"Panel, Side - Bus Entry Step",VMRS_HB_COMPLETE_v20 page 6_pages_51-75.md
002-017-031,,002,017,"Panel - Trim, Door Controls",VMRS_HB_COMPLETE_v20 page 6_pages_51-75.md
174-001-018,,174,001,"Panel, Side - Exterior Bus Body",VMRS_HB_COMPLETE_v20 page 6_pages_51-75.md
002-017-029,,002,017,"Panel - Trim, Door, Front",VMRS_HB_COMPLETE_v20 page 6_pages_51-75.md
174-001-057,,174,001,"Panel, Side - Interior Bus Body",VMRS_HB_COMPLETE_v20 page 6_pages_51-75.md
174-004-001,,174,004,"Panel, Side - Underbody Battery Compartment",VMRS_HB_COMPLETE_v20 page 6_pages_51-75.md
002-004-171,,002,004,Panel - Trim Hood Lower,VMRS_HB_COMPLETE_v20 page 6_pages_51-75.md
174-003-001,,174,003,Panel Side - Underbody Storage Compartment,VMRS_HB_COMPLETE_v20 page 6_pages_51-75.md
002-059-020,,002,059,"Panel - Trim, Lid. Pickup Box",VMRS_HB_COMPLETE_v20 page 6_pages_51-75.md
174-020-011,,174,020,Storage,VMRS_HB_COMPLETE_v20 page 6_pages_51-75.md
174-011-032,,174,011,"Panel - Trim, Outward Opening Entrance Door",VMRS_HB_COMPLETE_v20 page 6_pages_51-75.md
174-032-006,,174,032,"Panel, Side - Underbody Wheelchair Ramp",VMRS_HB_COMPLETE_v20 page 6_pages_51-75.md
174-013-027,,174,013,"Panel - Trim, Rear Emergency Door",VMRS_HB_COMPLETE_v20 page 6_pages_51-75.md
002-057-048,,002,057,"Panel - Trim, Roll Bar",VMRS_HB_COMPLETE_v20 page 6_pages_51-75.md
174-020-002,,174,020,"Panel, Switch - Bus Driver Control Console",VMRS_HB_COMPLETE_v20 page 6_pages_51-75.md
002-027-318,,002,027,"Panel - Trim, Seat Trim",VMRS_HB_COMPLETE_v20 page 6_pages_51-75.md
174-004-002,,174,004,"Panel, Top - Underbody Battery Compartment",VMRS_HB_COMPLETE_v20 page 6_pages_51-75.md
,012-023,012,023,"Panel - Trim, Side Emergency DoorPanel - Trim, Stowago Compartment, Convertible",VMRS_HB_COMPLETE_v20 page 6_pages_51-75.md
174-003-002,,174,003,"Panel, Top - Underbody Storage Compartment",VMRS_HB_COMPLETE_v20 page 6_pages_51-75.md
174-002-004,,174,002,Panel Trim - Bus Wheelwell,VMRS_HB_COMPLETE_v20 page 6_pages_51-75.md
002-062-041,,002,062,"Panel - Trim, Trunk",VMRS_HB_COMPLETE_v20 page 6_pages_51-75.md
174-001-030,,174,001,"Panel, Trim - Exterior Bus Body",VMRS_HB_COMPLETE_v20 page 6_pages_51-75.md
174-014-024,,174,014,"Panel - Trim, Wheelchair Lift Door",VMRS_HB_COMPLETE_v20 page 6_pages_51-75.md
174-001-061,,174,001,"Panel, Trim - Interior Bus Body",VMRS_HB_COMPLETE_v20 page 6_pages_51-75.md
002-031-038,,002,031,"Panel - Trim, Windshield",VMRS_HB_COMPLETE_v20 page 6_pages_51-75.md
174-001-062,,174,001,"Panel, Vestibule - Interior Bus Body",VMRS_HB_COMPLETE_v20 page 6_pages_51-75.md
071-003-009,,071,003,Panel - Under Construction Area,VMRS_HB_COMPLETE_v20 page 6_pages_51-75.md
174-001-026,,174,001,"Panel, Wheelwell - Bus Floor",VMRS_HB_COMPLETE_v20 page 6_pages_51-75.md
002-008-035,,002,008,Panel - Under Dash,VMRS_HB_COMPLETE_v20 page 6_pages_51-75.md
071-032-011,,071,032,Panels - Belly Cargo Box,VMRS_HB_COMPLETE_v20 page 6_pages_51-75.md
162-001-007,,162,001,Panel - V Cab Protector,VMRS_HB_COMPLETE_v20 page 6_pages_51-75.md
053-011-005,,053,011,"Pariers - Finishing, Lavalory Wall",VMRS_HB_COMPLETE_v20 page 6_pages_51-75.md
002-015-150,,002,015,Panel - Valance Cab,VMRS_HB_COMPLETE_v20 page 6_pages_51-75.md
152-001-009,,152,001,Paper Holder - Toilet,VMRS_HB_COMPLETE_v20 page 6_pages_51-75.md
071-020-003,,071,020,Panel - Vertical,VMRS_HB_COMPLETE_v20 page 6_pages_51-75.md
053-005-004,,053,005,"Paper Signs - Letters, Numbers, Symbols",VMRS_HB_COMPLETE_v20 page 6_pages_51-75.md
071-003-005,,071,003,Panel - Vertical Support Area,VMRS_HB_COMPLETE_v20 page 6_pages_51-75.md
055-001-021,,055,001,Parallel Arm,VMRS_HB_COMPLETE_v20 page 6_pages_51-75.md
002-001-047,,002,001,"Panel - Wiper/Handle, Grille, Upper",VMRS_HB_COMPLETE_v20 page 6_pages_51-75.md
013-003-052,,013,003,Parking Brake - Drive Shaft,VMRS_HB_COMPLETE_v20 page 6_pages_51-75.md
072-004-088,,072,004,"Panel - Wood, Roll-Up Rear Door",VMRS_HB_COMPLETE_v20 page 6_pages_51-75.md
013-003-083,,013,003,Parking Brake Assembly - Complete,VMRS_HB_COMPLETE_v20 page 6_pages_51-75.md
002-005-040,,002,005,"Panel -Cowl, Side",VMRS_HB_COMPLETE_v20 page 6_pages_51-75.md
013-003-000,,013,003,Parking Brakes,VMRS_HB_COMPLETE_v20 page 6_pages_51-75.md
082-013-010,,082,013,Panel (Face) - Front,VMRS_HB_COMPLETE_v20 page 6_pages_51-75.md
034-003-007,,034,003,Parking Lamp (Separate From Turn Signal),VMRS_HB_COMPLETE_v20 page 6_pages_51-75.md
082-029-005,,082,029,Panel (Face) - Front,VMRS_HB_COMPLETE_v20 page 6_pages_51-75.md
013-010-017,,013,010,"Parking Valve - Hand Brake, Air",VMRS_HB_COMPLETE_v20 page 6_pages_51-75.md
071-023-025,,071,023,Panel and Frame Assembly - Bulkhead Door,VMRS_HB_COMPLETE_v20 page 6_pages_51-75.md
013-010-049,,013,010,Parking Valve - Tractor,VMRS_HB_COMPLETE_v20 page 6_pages_51-75.md
082-013-016,,082,013,Panel Assembly,VMRS_HB_COMPLETE_v20 page 6_pages_51-75.md
013-010-050,,013,010,Parking Valve - Tractor-Trailer,VMRS_HB_COMPLETE_v20 page 6_pages_51-75.md
082-023-028,,082,023,Panel Assembly,VMRS_HB_COMPLETE_v20 page 6_pages_51-75.md
002-050-584,,002,050,Partition - Bunk Side,VMRS_HB_COMPLETE_v20 page 6_pages_51-75.md
082-029-003,,082,029,Panel Assembly,VMRS_HB_COMPLETE_v20 page 6_pages_51-75.md
002-050-005,,002,050,"Partition - Bunk, Front",VMRS_HB_COMPLETE_v20 page 6_pages_51-75.md
174-028-019,,174,028,Panel Assembly - Bus Body A/C Control,VMRS_HB_COMPLETE_v20 page 6_pages_51-75.md
174-018-009,,174,018,Partition - Bus Body Barrier,VMRS_HB_COMPLETE_v20 page 6_pages_51-75.md
174-027-011,,174,027,Panel Assembly - Bus Entrance Step Heater,VMRS_HB_COMPLETE_v20 page 6_pages_51-75.md
002-011-060,,002,011,Partition - Cargo Panel,VMRS_HB_COMPLETE_v20 page 6_pages_51-75.md
174-026-011,,174,026,Panel Assembly - Bus Passenger Heater Control,VMRS_HB_COMPLETE_v20 page 6_pages_51-75.md
034-004-297,,034,004,Partition - Power Outlet,VMRS_HB_COMPLETE_v20 page 6_pages_51-75.md
174-001-119,,174,001,"Panel Assembly - Cowl, Bus Body",VMRS_HB_COMPLETE_v20 page 6_pages_51-75.md
002-050-558,,002,050,"Partition - Shelf, Sleeper",VMRS_HB_COMPLETE_v20 page 6_pages_51-75.md
002-005-001,,002,005,"Panel Assembly - Cowl, Cab",VMRS_HB_COMPLETE_v20 page 6_pages_51-75.md
002-050-548,,002,050,"Partition - Storage, Under Bunk",VMRS_HB_COMPLETE_v20 page 6_pages_51-75.md
001-002-045,,001,002,Panel Assembly - Heater Control,VMRS_HB_COMPLETE_v20 page 6_pages_51-75.md
053-014-005,,053,014,Parts Washer - Aqueous,VMRS_HB_COMPLETE_v20 page 6_pages_51-75.md
002-004-001,,002,004,Panel Assembly - Hood,VMRS_HB_COMPLETE_v20 page 6_pages_51-75.md
014-005-068,,014,005,"Pass Thru-Vent - Battery Box, Under Bunk",VMRS_HB_COMPLETE_v20 page 6_pages_51-75.md
002-014-000,,002,014,Panel Lead Outer Leakst,VMRS_HB_COMPLETE_v20 page 6_pages_51-75.md
014-008-015,,014,008,Pass-Thru Assembly,VMRS_HB_COMPLETE_v20 page 6_pages_51-75.md
074-001-002,,074,001,ranei neau - Oulef JackelPanel Kit - Tailgate,VMRS_HB_COMPLETE_v20 page 6_pages_51-75.md
053-004-000,,053,004,Fassive Shuldown SystemPaste - Water Finding,VMRS_HB_COMPLETE_v20 page 6_pages_51-75.md
002-021-007,,002,021,Panel W/Window - Left Rear Door Inner,VMRS_HB_COMPLETE_v20 page 6_pages_51-75.md
071-013-028,,071,013,Patch - Aluminum. Trailer,VMRS_HB_COMPLETE_v20 page 6_pages_51-75.md
002-021-006,,002,021,"Panel W/Window - Right Rear Door, Inner",VMRS_HB_COMPLETE_v20 page 6_pages_51-75.md
004-005-020,,004,005,"Patch - Anti-Scuff, Chassis Fairing",VMRS_HB_COMPLETE_v20 page 6_pages_51-75.md
071-013-027,,071,013,Patch - Trailer,VMRS_HB_COMPLETE_v20 page 6_pages_51-75.md
002-007-001,,002,007,Pillar - Center,VMRS_HB_COMPLETE_v20 page 6_pages_51-75.md
053-010-006,,053,010,Patch Kit - Fiberglass,VMRS_HB_COMPLETE_v20 page 6_pages_51-75.md
002-007-027,,002,007,Pillar - D,VMRS_HB_COMPLETE_v20 page 6_pages_51-75.md
364-001-000,,364,001,Paver/Melter Assembly,VMRS_HB_COMPLETE_v20 page 6_pages_51-75.md
055-020-028,,055,020,"Pillar - Face Plate Mounting, Control Panel",VMRS_HB_COMPLETE_v20 page 6_pages_51-75.md
364-001-001,,364,001,Paver/Melter Assembly -Complete,VMRS_HB_COMPLETE_v20 page 6_pages_51-75.md
002-007-005,,002,007,"Pillar - Front, Upper Left",VMRS_HB_COMPLETE_v20 page 6_pages_51-75.md
364-000-000,,364,000,Paving,VMRS_HB_COMPLETE_v20 page 6_pages_51-75.md
002-007-004,,002,007,"Pillar - Front, Upper Right",VMRS_HB_COMPLETE_v20 page 6_pages_51-75.md
002-027-059,,002,027,Pawl - Back Rest Tilt,VMRS_HB_COMPLETE_v20 page 6_pages_51-75.md
002-050-757,,002,050,"Pillar - Inboard, Sleeper",VMRS_HB_COMPLETE_v20 page 6_pages_51-75.md
058-003-018,,058,003,Pawl - Brake,VMRS_HB_COMPLETE_v20 page 6_pages_51-75.md
078-025-018,,078,025,Pillar - Side Skirt Fairing Assembly,VMRS_HB_COMPLETE_v20 page 6_pages_51-75.md
015-011-022,,015,011,Pawl - Collar Release,VMRS_HB_COMPLETE_v20 page 6_pages_51-75.md
002-007-000,,002,007,Pillar & Reinforcements,VMRS_HB_COMPLETE_v20 page 6_pages_51-75.md
082-029-009,,082,029,Pawl - Door Latch (MRU),VMRS_HB_COMPLETE_v20 page 6_pages_51-75.md
002-050-776,,002,050,"Pillow - Bunk, Sleeper",VMRS_HB_COMPLETE_v20 page 6_pages_51-75.md
082-016-008,,082,016,"Pawl - Door Latch, Mechanical Refrigeration Unit",VMRS_HB_COMPLETE_v20 page 6_pages_51-75.md
369-005-008,,369,005,"Pillow Block - Bearing, Motor, Fabricated",VMRS_HB_COMPLETE_v20 page 6_pages_51-75.md
059-002-012,,059,002,Pawl - Locking Pintle Hook,VMRS_HB_COMPLETE_v20 page 6_pages_51-75.md
174-033-041,,174,033,Pillow Block - Control Unit,VMRS_HB_COMPLETE_v20 page 6_pages_51-75.md
013-003-008,,013,003,Pawl - Parking Brake Pull Rod,VMRS_HB_COMPLETE_v20 page 6_pages_51-75.md
199-004-013,,199,004,Pillow Block - Fines Screen,VMRS_HB_COMPLETE_v20 page 6_pages_51-75.md
027-032-004,,027,032,Pawi - Parking Lock,VMRS_HB_COMPLETE_v20 page 6_pages_51-75.md
,007-081,007,081,PIIIow Block - Loader,VMRS_HB_COMPLETE_v20 page 6_pages_51-75.md
013-001-009,,013,001,"Pawi - Sell Adjuster, Front Brake",VMRS_HB_COMPLETE_v20 page 6_pages_51-75.md
199-002-013,,199,002,Pillow Block - ONP Screen,VMRS_HB_COMPLETE_v20 page 6_pages_51-75.md
013-002-074,,013,002,"Pawi Assembly, Slack Adjuster - Rear Drakes",VMRS_HB_COMPLETE_v20 page 6_pages_51-75.md
199-003-013,,199,003,Pillow Block - Polishing Screen,VMRS_HB_COMPLETE_v20 page 6_pages_51-75.md
013-002-090,,013,002,"Pawi, Sell Adjuster Guide - Rear Drakes",VMRS_HB_COMPLETE_v20 page 6_pages_51-75.md
199-005-013,,199,005,Pillow Diuck - HommerDilat Pushing Dower Shaft Inner,VMRS_HB_COMPLETE_v20 page 6_pages_51-75.md
363-005-003,,363,005,"Pawi, Sell Aujusting - Tag/Fusher Axie Drakes",VMRS_HB_COMPLETE_v20 page 6_pages_51-75.md
013-013-024,,013,013,"Pilot Dushing - Fower Shart, Inner",VMRS_HB_COMPLETE_v20 page 6_pages_51-75.md
461-001-010,,461,001,PCB Board - Arrow Board,VMRS_HB_COMPLETE_v20 page 6_pages_51-75.md
044-007-032,,044,007,Pedal - Accelerator,VMRS_HB_COMPLETE_v20 page 6_pages_51-75.md
082-008-038,,082,008,Pilot Solenoid Valve - Condenser Assembly,VMRS_HB_COMPLETE_v20 page 6_pages_51-75.md
023-001-001,,023,001,Pedal - Clutch,VMRS_HB_COMPLETE_v20 page 6_pages_51-75.md
002-000-000,,002,000,Mechanical Refrigeration Unit,VMRS_HB_COMPLETE_v20 page 6_pages_51-75.md
044-007-076,,044,007,Pedal - Electronic Controls Assembly,VMRS_HB_COMPLETE_v20 page 6_pages_51-75.md
082-023-017,,082,023,Pilot Solenoid Valve - Mechanical Refrigeration,VMRS_HB_COMPLETE_v20 page 6_pages_51-75.md
027-024-106,,027,024,Pedal - Inching,VMRS_HB_COMPLETE_v20 page 6_pages_51-75.md
002-020-011,,002,020,Unit,VMRS_HB_COMPLETE_v20 page 6_pages_51-75.md
013-003-072,,013,003,Pedal - Parking Brake,VMRS_HB_COMPLETE_v20 page 6_pages_51-75.md
065-024-001,,065,024,Pilot Valve Assembly - Hydraulic System,VMRS_HB_COMPLETE_v20 page 6_pages_51-75.md
027-003-016,,027,003,Pedal - Retarder Control,VMRS_HB_COMPLETE_v20 page 6_pages_51-75.md
016-019-012,,016,019,Pilot Valve - 3- Way Locking Device,VMRS_HB_COMPLETE_v20 page 6_pages_51-75.md
044-007-002,,044,007,Pedal & Linkage Assembly - Accelerator,VMRS_HB_COMPLETE_v20 page 6_pages_51-75.md
026-011-146,,026,011,Pilot Valve - External Shift Manual Transmission,VMRS_HB_COMPLETE_v20 page 6_pages_51-75.md
023-001-144,,023,001,Pedal And Bracket - Clutch,VMRS_HB_COMPLETE_v20 page 6_pages_51-75.md
065-024-000,,065,024,Pilot Valve - Hydraulic System,VMRS_HB_COMPLETE_v20 page 6_pages_51-75.md
013-005-001,,013,005,Pedal Assembly - Brake,VMRS_HB_COMPLETE_v20 page 6_pages_51-75.md
267-005-004,,267,005,Pilot Valve - Pressure Relief,VMRS_HB_COMPLETE_v20 page 6_pages_51-75.md
013-005-000,,013,005,Pedal Assembly - Service Brake,VMRS_HB_COMPLETE_v20 page 6_pages_51-75.md
002-035-073,,002,035,Pilot Valve - Wiper Motor,VMRS_HB_COMPLETE_v20 page 6_pages_51-75.md
053-004-047,,053,004,"Pedal, Foot Switch - Siren",VMRS_HB_COMPLETE_v20 page 6_pages_51-75.md
055-010-075,,055,010,"Pilot Valve Assembly - Control Valve, Hydraulic,",VMRS_HB_COMPLETE_v20 page 6_pages_51-75.md
068-001-070,,068,001,Pedestal - Boom,VMRS_HB_COMPLETE_v20 page 6_pages_51-75.md
068-001-072,,068,001,Pedestal - Bridgemount,VMRS_HB_COMPLETE_v20 page 6_pages_51-75.md
059-025-016,,059,025,"Pilot Valve Assembly - Control Valve, Vehicle",VMRS_HB_COMPLETE_v20 page 6_pages_51-75.md
174-010-032,,174,010,"Pedestal - Control, Folding Entrance Door",VMRS_HB_COMPLETE_v20 page 6_pages_51-75.md
267-014-000,,267,014,"Pedestal - Fixed, Drilling and Boring Unit",VMRS_HB_COMPLETE_v20 page 6_pages_51-75.md
058-005-006,,058,005,Pin,VMRS_HB_COMPLETE_v20 page 6_pages_51-75.md
268-010-000,,268,010,"Pedestal - Fixed, Pulling Device",VMRS_HB_COMPLETE_v20 page 6_pages_51-75.md
065-021-008,,065,021,Pin,VMRS_HB_COMPLETE_v20 page 6_pages_51-75.md
462-001-008,,462,001,"Pedestal - Lower, Unit Elevator",VMRS_HB_COMPLETE_v20 page 6_pages_51-75.md
098-007-011,,098,007,Pin - Lever Support,VMRS_HB_COMPLETE_v20 page 6_pages_51-75.md
267-015-000,,267,015,"Pedestal - Rotating, Drilling and Boring Unit",VMRS_HB_COMPLETE_v20 page 6_pages_51-75.md
026-010-057,,026,010,Pin - 1st & Reverse Shift Finger Plunger,VMRS_HB_COMPLETE_v20 page 6_pages_51-75.md
268-011-000,,268,011,"Pedestal - Rotating, Pulling Device",VMRS_HB_COMPLETE_v20 page 6_pages_51-75.md
065-020-017,,065,020,Pin - Actuating Control Handle,VMRS_HB_COMPLETE_v20 page 6_pages_51-75.md
462-001-010,,462,001,"Pedestal - Upper, Unit Elevator",VMRS_HB_COMPLETE_v20 page 6_pages_51-75.md
065-020-018,,065,020,Pin - Actuating Foot Control,VMRS_HB_COMPLETE_v20 page 6_pages_51-75.md
051-009-002,,051,009,Pedestal Assembly - Fare Box,VMRS_HB_COMPLETE_v20 page 6_pages_51-75.md
018-004-016,,018,004,"Pin - Adjusting Nut, Bearing",VMRS_HB_COMPLETE_v20 page 6_pages_51-75.md
267-015-001,,267,015,"Pedestal Assembly - Rotating, Drilling and",VMRS_HB_COMPLETE_v20 page 6_pages_51-75.md
002-027-061,,002,027,"Pin - Adjusting, Seat Back",VMRS_HB_COMPLETE_v20 page 6_pages_51-75.md
151-001-081,,151,001,"Pin - Alignment, APU",VMRS_HB_COMPLETE_v20 page 6_pages_51-75.md
051-009-037,,051,009,Pedestal Top Panel Assembly,VMRS_HB_COMPLETE_v20 page 6_pages_51-75.md
045-007-013,,045,007,"Pin - Alignment, Cylinder Head",VMRS_HB_COMPLETE_v20 page 6_pages_51-75.md
174-040-000,,174,040,Pedestrian Detection,VMRS_HB_COMPLETE_v20 page 6_pages_51-75.md
013-002-127,,013,002,"Pin - Anchor, Brake",VMRS_HB_COMPLETE_v20 page 6_pages_51-75.md
174-040-001,,174,040,Pedestrian Detection Assembly,VMRS_HB_COMPLETE_v20 page 6_pages_51-75.md
079-001-006,,079,001,Pin - Anti-Nose Drive,VMRS_HB_COMPLETE_v20 page 6_pages_51-75.md
068-005-005,,068,005,Pendant Control Assembly,VMRS_HB_COMPLETE_v20 page 6_pages_51-75.md
464-003-002,,464,003,Pin - Arm Assembly,VMRS_HB_COMPLETE_v20 page 6_pages_51-75.md
036-009-000,,036,009,Performance Monitor - Venicle,VMRS_HB_COMPLETE_v20 page 6_pages_51-75.md
002-011-103,,002,011,"Pin - Armrest, Console",VMRS_HB_COMPLETE_v20 page 6_pages_51-75.md
200-000-000,,200,000,Personnel Bucket Diatform,VMRS_HB_COMPLETE_v20 page 6_pages_51-75.md
029-005-003,,029,005,Pin - Auxiliary Main Shalt Quill,VMRS_HB_COMPLETE_v20 page 6_pages_51-75.md
008-012-035,,008,012,Pin - Roam Anchor Hydraulic Dumn,VMRS_HB_COMPLETE_v20 page 6_pages_51-75.md
462-009-000,,462,009,Personnel Platform Assembly,VMRS_HB_COMPLETE_v20 page 6_pages_51-75.md
044-007-024,,044,007,Pin - Bearing Throttle Cable,VMRS_HB_COMPLETE_v20 page 6_pages_51-75.md
462-009-001,,462,009,,VMRS_HB_COMPLETE_v20 page 6_pages_51-75.md
015-004-063,,015,004,Pin - Bell Crank,VMRS_HB_COMPLETE_v20 page 6_pages_51-75.md
462-010-000,,462,010,Personnel Platform Elevator Assembly,VMRS_HB_COMPLETE_v20 page 6_pages_51-75.md
077-003-011,,077,003,Pin - Bevel Pinion (Gear),VMRS_HB_COMPLETE_v20 page 6_pages_51-75.md
052-019-000,,052,019,Phone Device - Hands Free,VMRS_HB_COMPLETE_v20 page 6_pages_51-75.md
168-001-035,,168,001,Pin - Boom Pivot Mower,VMRS_HB_COMPLETE_v20 page 6_pages_51-75.md
052-019-002,,052,019,Phone Device Assembly - Hands Free Wired,VMRS_HB_COMPLETE_v20 page 6_pages_51-75.md
013-002-150,,013,002,Pin - Brake Anti-Battle,VMRS_HB_COMPLETE_v20 page 6_pages_51-75.md
052-019-001,,052,019,"Phone Device Assembly - Hands Free, Wireless",VMRS_HB_COMPLETE_v20 page 6_pages_51-75.md
013-014-074,,013,014,Pin - Brake Anti-Battle,VMRS_HB_COMPLETE_v20 page 6_pages_51-75.md
365-005-008,,365,005,Photo Cell - Paint Heater,VMRS_HB_COMPLETE_v20 page 6_pages_51-75.md
013-006-049,,013,006,Pin - Brake Master Cylinder,VMRS_HB_COMPLETE_v20 page 6_pages_51-75.md
033-002-024,,033,002,"Pick-Up - Ignition, Electronic",VMRS_HB_COMPLETE_v20 page 6_pages_51-75.md
013-005-017,,013,005,Pin - Brake Pedal,VMRS_HB_COMPLETE_v20 page 6_pages_51-75.md
034-002-031,,034,002,Pigtail,VMRS_HB_COMPLETE_v20 page 6_pages_51-75.md
013-008-053,,013,008,Pin - Brake Power Booster Unit,VMRS_HB_COMPLETE_v20 page 6_pages_51-75.md
034-003-121,,034,003,Pigtail,VMRS_HB_COMPLETE_v20 page 6_pages_51-75.md
094-011-003,,094,011,"Pin - Brass, Quick Disconnect Coupler",VMRS_HB_COMPLETE_v20 page 6_pages_51-75.md
034-004-108,,034,004,Pigtail,VMRS_HB_COMPLETE_v20 page 6_pages_51-75.md
464-008-003,,464,008,Pin - Bucket Linkage,VMRS_HB_COMPLETE_v20 page 6_pages_51-75.md
034-004-115,,034,004,Pigtail,VMRS_HB_COMPLETE_v20 page 6_pages_51-75.md
061-006-019,,061,006,Pin - Bumper Roller,VMRS_HB_COMPLETE_v20 page 6_pages_51-75.md
099-008-002,,099,008,"Pigtail - 6 Way, Overfill System",VMRS_HB_COMPLETE_v20 page 6_pages_51-75.md
055-009-024,,055,009,"Pin - Bumper, Fork",VMRS_HB_COMPLETE_v20 page 6_pages_51-75.md
045-002-101,,045,002,"Pigtail - Connector, Valve Cover Gasket",VMRS_HB_COMPLETE_v20 page 6_pages_51-75.md
174-031-019,,174,031,Pin - Bus Under Driver Seat Storage Box Door,VMRS_HB_COMPLETE_v20 page 6_pages_51-75.md
053-017-017,,053,017,Pigtail - General Use,VMRS_HB_COMPLETE_v20 page 6_pages_51-75.md
174-001-048,,174,001,Pilaster - Bus Body,VMRS_HB_COMPLETE_v20 page 6_pages_51-75.md
174-030-019,,174,030,Pin - Bus Under Passenger Seat Storage Box,VMRS_HB_COMPLETE_v20 page 6_pages_51-75.md
002-007-012,,002,007,Pillar - A,VMRS_HB_COMPLETE_v20 page 6_pages_51-75.md
002-007-013,,002,007,Pillar - B,VMRS_HB_COMPLETE_v20 page 6_pages_51-75.md
002-036-140,,002,036,"Pin - Bushing, Cab Hinge",VMRS_HB_COMPLETE_v20 page 6_pages_51-75.md
002-015-012,,002,015,Pillar - Body Quarter,VMRS_HB_COMPLETE_v20 page 6_pages_51-75.md
014-004-020,,014,004,"Pin - Bushing, Cab Hinge",VMRS_HB_COMPLETE_v20 page 6_pages_51-75.md
002-007-014,,002,007,Pillar - C,VMRS_HB_COMPLETE_v20 page 6_pages_51-75.md
072-004-028,,072,004,"Pin - Button Head, Lock Lever",VMRS_HB_COMPLETE_v20 page 6_pages_51-75.md
002-036-055,,002,036,Pin - Cab Hinge,VMRS_HB_COMPLETE_v20 page 6_pages_51-75.md
002-023-047,,002,023,"Pin - Handle, Vent Wing",VMRS_HB_COMPLETE_v20 page 6_pages_51-75.md
002-036-067,,002,036,Pin - Cab Lock Rod,VMRS_HB_COMPLETE_v20 page 6_pages_51-75.md
002-018-014,,002,018,"Pin - Hinge, Cab Or Front Door",VMRS_HB_COMPLETE_v20 page 6_pages_51-75.md
072-004-079,,072,004,"Pin - Cable Anchor, Roll-Up Door",VMRS_HB_COMPLETE_v20 page 6_pages_51-75.md
002-011-142,,002,011,"Pin - Hinge, Cargo Cover",VMRS_HB_COMPLETE_v20 page 6_pages_51-75.md
016-008-098,,016,008,"Pin - Cage, Air Ride Suspension",VMRS_HB_COMPLETE_v20 page 6_pages_51-75.md
048-001-111,,048,001,"Pin - Hinge, Charging Port Cover, Hybrid",VMRS_HB_COMPLETE_v20 page 6_pages_51-75.md
013-001-130,,013,001,"Pin - Caliper, Front Disc Brake",VMRS_HB_COMPLETE_v20 page 6_pages_51-75.md
002-008-081,,002,008,"Pin - Hinge, Compartment Door, Dash",VMRS_HB_COMPLETE_v20 page 6_pages_51-75.md
013-013-039,,013,013,"Pin - Caliper, Rear Disc Brake",VMRS_HB_COMPLETE_v20 page 6_pages_51-75.md
002-011-109,,002,011,"Pin - Hinge, Console",VMRS_HB_COMPLETE_v20 page 6_pages_51-75.md
059-001-009,,059,001,Pin - Cam Drive,VMRS_HB_COMPLETE_v20 page 6_pages_51-75.md
059-004-008,,059,004,"Pin - Hinge, Drawbar",VMRS_HB_COMPLETE_v20 page 6_pages_51-75.md
013-001-072,,013,001,"Pin - Cam Roller Shaft, Front Brake",VMRS_HB_COMPLETE_v20 page 6_pages_51-75.md
002-008-124,,002,008,"Pin - Hinge, Glove Compartment, Dash",VMRS_HB_COMPLETE_v20 page 6_pages_51-75.md
013-002-060,,013,002,"PIn - Cam Rollers Shaft, Rear Brake",VMRS_HB_COMPLETE_v20 page 6_pages_51-75.md
072-003-011,,072,003,"Pin - Hinge, Hinged Door, Rear",VMRS_HB_COMPLETE_v20 page 6_pages_51-75.md
045-006-099,,045,006,"Pin - Cancel Switch, Steering Wheel",VMRS_HB_COMPLETE_v20 page 6_pages_51-75.md
055-001-052,,055,001,"Pin - Hinge, LingaleDin - Hinge, Manhole Cover",VMRS_HB_COMPLETE_v20 page 6_pages_51-75.md
011-001-046,,011,001,Pin - Can Steering Knuckle,VMRS_HB_COMPLETE_v20 page 6_pages_51-75.md
174-011-090,,174,011,"Pin - Hinge, Marinole CoverPin - Hinge, Outward Opening Entrance Door",VMRS_HB_COMPLETE_v20 page 6_pages_51-75.md
058-005-005,,058,005,Pin - Carrier,VMRS_HB_COMPLETE_v20 page 6_pages_51-75.md
174-013-046,,174,013,"Pin - Hinge, Bear Emergency Door",VMRS_HB_COMPLETE_v20 page 6_pages_51-75.md
362-001-004,,362,001,Pin - Centering,VMRS_HB_COMPLETE_v20 page 6_pages_51-75.md
082-029-045,,082,029,"Pin - Hinge, Reefer",VMRS_HB_COMPLETE_v20 page 6_pages_51-75.md
111-010-006,,111,010,Pin - Chain,VMRS_HB_COMPLETE_v20 page 6_pages_51-75.md
072-004-059,,072,004,"Pin - Hinge, Roll-Up, Rear Door",VMRS_HB_COMPLETE_v20 page 6_pages_51-75.md
042-002-110,,042,002,"Pin - Channel, Radiator",VMRS_HB_COMPLETE_v20 page 6_pages_51-75.md
071-005-012,,071,005,"Pin - Hinge, Side Door, Body",VMRS_HB_COMPLETE_v20 page 6_pages_51-75.md
162-001-018,,162,001,"Pin - Chute Baffle, Upper Hopper",VMRS_HB_COMPLETE_v20 page 6_pages_51-75.md
168-001-082,,168,001,"Pin - Hinge, Sprayer, Wetcut, Mower",VMRS_HB_COMPLETE_v20 page 6_pages_51-75.md
053-007-040,,053,007,Pin - Clevis,VMRS_HB_COMPLETE_v20 page 6_pages_51-75.md
016-007-020,,016,007,"Pin - Hinge, Sway Bar Arm",VMRS_HB_COMPLETE_v20 page 6_pages_51-75.md
002-036-033,,002,036,"Pin - Clevis, Anchor Cable",VMRS_HB_COMPLETE_v20 page 6_pages_51-75.md
059-010-009,,059,010,"Pin - Hitch, Rear Attaching Bracket, Tow Bar",VMRS_HB_COMPLETE_v20 page 6_pages_51-75.md
071-026-043,,071,026,"Pin - Clevis, Curtain",VMRS_HB_COMPLETE_v20 page 6_pages_51-75.md
151-005-028,,151,005,"Pin - HMI Harness, APU",VMRS_HB_COMPLETE_v20 page 6_pages_51-75.md
043-005-059,,043,005,"Pin - Clevis, Exhaust Brake",VMRS_HB_COMPLETE_v20 page 6_pages_51-75.md
013-014-018,,013,014,"Pin - Hold Down, Tag/Pusher Axie Brake Shoe",VMRS_HB_COMPLETE_v20 page 6_pages_51-75.md
002-046-062,,002,046,"Pin - Clevis, Folding Door Assembly",VMRS_HB_COMPLETE_v20 page 6_pages_51-75.md
013-001-018,,013,001,"Pin - Hold-Down Spring, Front Brake Shoe",VMRS_HB_COMPLETE_v20 page 6_pages_51-75.md
044-003-060,,044,003,"Pin - Clevis, Injector PumpDin - Clevis, Dilot Solonoid Valvo Voko",VMRS_HB_COMPLETE_v20 page 6_pages_51-75.md
013-002-017,,013,002,"PIII - Hold-Down Spring, Rear Brake Shoe",VMRS_HB_COMPLETE_v20 page 6_pages_51-75.md
022-005-050,,022,005,"Pin - Clevis, Filot Solehold Valve Toke",VMRS_HB_COMPLETE_v20 page 6_pages_51-75.md
002-004-182,,002,004,Pin - Hood Hinge,VMRS_HB_COMPLETE_v20 page 6_pages_51-75.md
053-007-086,,053,007,Pin - Click,VMRS_HB_COMPLETE_v20 page 6_pages_51-75.md
002-004-027,,002,004,Pin - Hood Latch,VMRS_HB_COMPLETE_v20 page 6_pages_51-75.md
023-001-148,,023,001,Pin - Clutch Linkage,VMRS_HB_COMPLETE_v20 page 6_pages_51-75.md
098-012-029,,098,012,Pin - Indicator,VMRS_HB_COMPLETE_v20 page 6_pages_51-75.md
098-016-005,,098,016,Pin - Compressor,VMRS_HB_COMPLETE_v20 page 6_pages_51-75.md
044-004-033,,044,004,Pin - Iniector,VMRS_HB_COMPLETE_v20 page 6_pages_51-75.md
162-001-035,,162,001,"Pin - Connecting, Conveyor Assembly",VMRS_HB_COMPLETE_v20 page 6_pages_51-75.md
055-007-009,,055,007,"Pin - Inner Mast Latch, Lift Truck",VMRS_HB_COMPLETE_v20 page 6_pages_51-75.md
077-001-012,,077,001,Pin - Container Latch,VMRS_HB_COMPLETE_v20 page 6_pages_51-75.md
055-016-033,,055,016,"Pin - Inner Mast Latch, Power Tailgate",VMRS_HB_COMPLETE_v20 page 6_pages_51-75.md
367-005-046,,367,005,Pin - Control Valve,VMRS_HB_COMPLETE_v20 page 6_pages_51-75.md
026-010-044,,026,010,Pin - Interlock,VMRS_HB_COMPLETE_v20 page 6_pages_51-75.md
001-004-088,,001,004,"Pin - Core, Heater And A/C, Sleeper",VMRS_HB_COMPLETE_v20 page 6_pages_51-75.md
026-011-129,,026,011,Pin - Isolator,VMRS_HB_COMPLETE_v20 page 6_pages_51-75.md
013-003-062,,013,003,"Pin - Cotter, Clevis",VMRS_HB_COMPLETE_v20 page 6_pages_51-75.md
059-001-018,,059,001,Pin - Jaws,VMRS_HB_COMPLETE_v20 page 6_pages_51-75.md
022-003-107,,022,003,"Pin - Cotter, Rear Axle",VMRS_HB_COMPLETE_v20 page 6_pages_51-75.md
069-004-007,,069,004,Pin - Latch,VMRS_HB_COMPLETE_v20 page 6_pages_51-75.md
059-033-036,,059,033,"Pin - Cylinder, Hydraulic System",VMRS_HB_COMPLETE_v20 page 6_pages_51-75.md
014-005-018,,014,005,"Pin - Latch, Battery Box",VMRS_HB_COMPLETE_v20 page 6_pages_51-75.md
462-018-003,,462,018,"Pin - Cylinder, Outrigger",VMRS_HB_COMPLETE_v20 page 6_pages_51-75.md
055-018-005,,055,018,Pin - Lever,VMRS_HB_COMPLETE_v20 page 6_pages_51-75.md
002-040-017,,002,040,"Piri - Deck, Boorn Pivol, MowerPin - Deployable Step",VMRS_HB_COMPLETE_v20 page 6_pages_51-75.md
013-003-040,,013,003,PIII - Level LITIKageDin - Lift Chain Anchor,VMRS_HB_COMPLETE_v20 page 6_pages_51-75.md
033-002-013,,033,002,Pin - Distributor Gear,VMRS_HB_COMPLETE_v20 page 6_pages_51-75.md
068-006-007,,068,006,Pin - Lift Fork Latch,VMRS_HB_COMPLETE_v20 page 6_pages_51-75.md
002-018-057,,002,018,Pin - Door Check,VMRS_HB_COMPLETE_v20 page 6_pages_51-75.md
002-036-042,,002,036,Pin - Link,VMRS_HB_COMPLETE_v20 page 6_pages_51-75.md
174-001-192,,174,001,"Pin - Door Hinge, Bus Body",VMRS_HB_COMPLETE_v20 page 6_pages_51-75.md
053-006-032,,053,006,"Pin - Link, Jack",VMRS_HB_COMPLETE_v20 page 6_pages_51-75.md
172-001-011,,172,001,"Pin - Door Hinge, Container Body",VMRS_HB_COMPLETE_v20 page 6_pages_51-75.md
015-004-060,,015,004,Pin - Linkage,VMRS_HB_COMPLETE_v20 page 6_pages_51-75.md
082-012-064,,082,012,"Pin - Door Hinge, Control Box, Reefer",VMRS_HB_COMPLETE_v20 page 6_pages_51-75.md
174-011-091,,174,011,"Pin - Linkage, Door Control, Outward Opening",VMRS_HB_COMPLETE_v20 page 6_pages_51-75.md
172-001-009,,172,001,"Pin - Door Latch, Container Body",VMRS_HB_COMPLETE_v20 page 6_pages_51-75.md
174-011-089,,174,011,"Pin - Door Latch, Outward Opening Entrance",VMRS_HB_COMPLETE_v20 page 6_pages_51-75.md
055-023-078,,055,023,"Pin - Linkage, Wheelchair Lift",VMRS_HB_COMPLETE_v20 page 6_pages_51-75.md
172-007-069,,172,007,Pin - Loader,VMRS_HB_COMPLETE_v20 page 6_pages_51-75.md
082-029-062,,082,029,"Pin - Door Latch, Reefer",VMRS_HB_COMPLETE_v20 page 6_pages_51-75.md
002-018-222,,002,018,"Pin - Lock Cylinder, Door",VMRS_HB_COMPLETE_v20 page 6_pages_51-75.md
029-001-004,,029,001,Pin - Dowel,VMRS_HB_COMPLETE_v20 page 6_pages_51-75.md
072-004-033,,072,004,Pin - Lock Handle,VMRS_HB_COMPLETE_v20 page 6_pages_51-75.md
016-002-058,,016,002,"Pin - Dowel, Front Suspension",VMRS_HB_COMPLETE_v20 page 6_pages_51-75.md
077-008-003,,077,008,PIN - LOCK PIN Cross,VMRS_HB_COMPLETE_v20 page 6_pages_51-75.md
010-009-054,,010,009,"Pin - Dowel, Front Suspension",VMRS_HB_COMPLETE_v20 page 6_pages_51-75.md
020-011-065,,020,011,"PIT - LOCK, CIEVIS, TRANSMISSION CONTROLDin - Lock, Crankshaft Thrust Boaring",VMRS_HB_COMPLETE_v20 page 6_pages_51-75.md
016-005-133,,016,005,"Pin - Dowel, Internetiate Flotising",VMRS_HB_COMPLETE_v20 page 6_pages_51-75.md
059-001-008,,059,001,"Pin - Lock, Clankshalt Thust Deaning",VMRS_HB_COMPLETE_v20 page 6_pages_51-75.md
065-015-014,,065,015,"Pin - Dowel, Variable Displacement Pump",VMRS_HB_COMPLETE_v20 page 6_pages_51-75.md
059-001-042,,059,001,"Pin - Lock, Guard",VMRS_HB_COMPLETE_v20 page 6_pages_51-75.md
000-010-011,,000,010,Hydraulic System,VMRS_HB_COMPLETE_v20 page 6_pages_51-75.md
077-008-002,,077,008,"Pin - Lock, Trailer Slider Mechanism",VMRS_HB_COMPLETE_v20 page 6_pages_51-75.md
016-002-041,,016,002,Pin - Drive,VMRS_HB_COMPLETE_v20 page 6_pages_51-75.md
021-001-036,,021,001,"Pin - Lock, Transaxle, Driven Front Steer Axle",VMRS_HB_COMPLETE_v20 page 6_pages_51-75.md
023-002-037,,023,002,"Pin - Drive, Clutch",VMRS_HB_COMPLETE_v20 page 6_pages_51-75.md
068-001-030,,068,001,Pin - Locking,VMRS_HB_COMPLETE_v20 page 6_pages_51-75.md
172-008-002,,172,008,Pin - Ejector Cylinder,VMRS_HB_COMPLETE_v20 page 6_pages_51-75.md
068-001-033,,068,001,Pin - Locking Plate,VMRS_HB_COMPLETE_v20 page 6_pages_51-75.md
462-004-007,,462,004,"Pin - Elbow, Upper Boom",VMRS_HB_COMPLETE_v20 page 6_pages_51-75.md
055-032-016,,055,032,"Pin - Locking, Cargo Bunk",VMRS_HB_COMPLETE_v20 page 6_pages_51-75.md
053-017-005,,053,017,Pin - Electric Terminal,VMRS_HB_COMPLETE_v20 page 6_pages_51-75.md
016-002-016,,016,002,"Pin - Locking, Front Spring Bracket Pin",VMRS_HB_COMPLETE_v20 page 6_pages_51-75.md
077-012-022,,077,012,Pin - Extendable Frame,VMRS_HB_COMPLETE_v20 page 6_pages_51-75.md
059-001-024,,059,001,"Pin - Locking, Slide Mechanism",VMRS_HB_COMPLETE_v20 page 6_pages_51-75.md
075-004-012,,075,004,Pin - Eye Bolt,VMRS_HB_COMPLETE_v20 page 6_pages_51-75.md
016-008-073,,016,008,"Pin - Locking, Slider, Air Ride Suspension",VMRS_HB_COMPLETE_v20 page 6_pages_51-75.md
174-033-080,,174,033,"Pin - Floor Rail, Bellows, Outer",VMRS_HB_COMPLETE_v20 page 6_pages_51-75.md
016-018-057,,016,018,"Pin - Locking, Slider, Air Ride Suspension",VMRS_HB_COMPLETE_v20 page 6_pages_51-75.md
002-006-120,,002,006,"Pin - Frame, Sunroot",VMRS_HB_COMPLETE_v20 page 6_pages_51-75.md
055-001-077,,055,001,Pin - Lower Lift Arm,VMRS_HB_COMPLETE_v20 page 6_pages_51-75.md
027-023-003,,027,023,FILL - FIULL OELVU PISIONDin - Fuel Injection Pump Drive Geer,VMRS_HB_COMPLETE_v20 page 6_pages_51-75.md
020-004-019,,020,004,Fin - Mathematic Gear Sleeve,VMRS_HB_COMPLETE_v20 page 6_pages_51-75.md
026-011-053,,026,011,Pin - Gear Shift Lever,VMRS_HB_COMPLETE_v20 page 6_pages_51-75.md
025-001-081,,025,001,Pin - Modulating Valve Transfer Case,VMRS_HB_COMPLETE_v20 page 6_pages_51-75.md
044-006-012,,044,006,Pin - Governor Weight,VMRS_HB_COMPLETE_v20 page 6_pages_51-75.md
059-001-005,,059,001,Pin - Mounting Bracket,VMRS_HB_COMPLETE_v20 page 6_pages_51-75.md
036-010-005,,036,010,Pin - Green 9 Direct. Electronic Logging Device,VMRS_HB_COMPLETE_v20 page 6_pages_51-75.md
016-002-015,,016,002,"Pin - Mounting Bracket, Front Spring, Front",VMRS_HB_COMPLETE_v20 page 6_pages_51-75.md
091-003-014,,091,003,"Pin - Grooved, Diverter Valve Shaft",VMRS_HB_COMPLETE_v20 page 6_pages_51-75.md
016-002-029,,016,002,"Pin - Mounting Bracket, Front Spring, Rear",VMRS_HB_COMPLETE_v20 page 6_pages_51-75.md
002-023-014,,002,023,Pin - Handle,VMRS_HB_COMPLETE_v20 page 6_pages_51-75.md
059-001-092,,059,001,"Pin - Mounting Bracket, Washer & Coil Spring",VMRS_HB_COMPLETE_v20 page 6_pages_51-75.md
052-008-036,,052,008,"Pin - Handle, Door",VMRS_HB_COMPLETE_v20 page 6_pages_51-75.md
055-001-074,,055,001,"Pin - Mounting, Lower Cylinder",VMRS_HB_COMPLETE_v20 page 6_pages_51-75.md
055-001-075,,055,001,"Pin - Mounting, Upper Cylinder",VMRS_HB_COMPLETE_v20 page 6_pages_51-75.md
174-025-023,,174,025,Pin - School Bus Crossing Gate,VMRS_HB_COMPLETE_v20 page 6_pages_51-75.md
045-009-020,,045,009,Pin - Oil Pressure Regulator Valve Spring,VMRS_HB_COMPLETE_v20 page 6_pages_51-75.md
174-017-023,,174,017,Pin - School Bus Stop Arm Hinge,VMRS_HB_COMPLETE_v20 page 6_pages_51-75.md
174-033-039,,174,033,"Pin - Parallel, Control Unit",VMRS_HB_COMPLETE_v20 page 6_pages_51-75.md
055-018-004,,055,018,Pin - Shaft Half Grove,VMRS_HB_COMPLETE_v20 page 6_pages_51-75.md
013-003-038,,013,003,Pin - Parking Brake Lever,VMRS_HB_COMPLETE_v20 page 6_pages_51-75.md
077-003-045,,077,003,"Pin - Shaft, Drive Gear",VMRS_HB_COMPLETE_v20 page 6_pages_51-75.md
013-009-067,,013,009,"Pin - Piston, Air Compressor, Brakes",VMRS_HB_COMPLETE_v20 page 6_pages_51-75.md
027-033-016,,027,033,Pin - Shift Linkage,VMRS_HB_COMPLETE_v20 page 6_pages_51-75.md
151-001-129,,151,001,"Pin - Piston, APU",VMRS_HB_COMPLETE_v20 page 6_pages_51-75.md
022-005-033,,022,005,Pin - Shift Lock,VMRS_HB_COMPLETE_v20 page 6_pages_51-75.md
169-001-024,,169,001,"Pin - Pision, EngineDin Divot Arm Room Divot Mower",VMRS_HB_COMPLETE_v20 page 6_pages_51-75.md
462-019-004,,462,019,"Pin - Shock, Lillable Axie",VMRS_HB_COMPLETE_v20 page 6_pages_51-75.md
075-001-034,,075,001,Pin - Pivot Rlock,VMRS_HB_COMPLETE_v20 page 6_pages_51-75.md
402-010-004,,402,010,Pin - Side Gear Differential,VMRS_HB_COMPLETE_v20 page 6_pages_51-75.md
044-007-033,,044,007,Pin - Pivot Accelerator Pedal,VMRS_HB_COMPLETE_v20 page 6_pages_51-75.md
022-003-140,,022,003,"Pin - Side Gear, Differential",VMRS_HB_COMPLETE_v20 page 6_pages_51-75.md
026-010-070,,026,010,"Pin - Pivot, Actuator",VMRS_HB_COMPLETE_v20 page 6_pages_51-75.md
022-003-112,,022,003,"Pin - Signal Switch, Carrier",VMRS_HB_COMPLETE_v20 page 6_pages_51-75.md
023-001-146,,023,001,"Pin - Pivot, Clutch Control",VMRS_HB_COMPLETE_v20 page 6_pages_51-75.md
077-003-040,,077,003,"Pin - Sliding Gear, Crankshaft",VMRS_HB_COMPLETE_v20 page 6_pages_51-75.md
082-029-049,,082,029,"Pin - Pivot, Door, Reefer",VMRS_HB_COMPLETE_v20 page 6_pages_51-75.md
018-001-008,,018,001,"Pin - Spindle Adjusting Nut, Front Steer Wheel",VMRS_HB_COMPLETE_v20 page 6_pages_51-75.md
059-001-152,,059,001,"Pin - Pivot, Fifth Wheel Top Plate",VMRS_HB_COMPLETE_v20 page 6_pages_51-75.md
174-033-010,,174,033,"Pin - Spiral, Ring Frame",VMRS_HB_COMPLETE_v20 page 6_pages_51-75.md
174-011-092,,174,011,"Pin - Pivot, Outward Opening Entrance Door",VMRS_HB_COMPLETE_v20 page 6_pages_51-75.md
174-033-037,,174,033,"Pin - Split, Control Unit",VMRS_HB_COMPLETE_v20 page 6_pages_51-75.md
004-001-036,,004,001,"Pin - Pivot, Roof Air Deflector",VMRS_HB_COMPLETE_v20 page 6_pages_51-75.md
027-013-032,,027,013,Pin - Spring,VMRS_HB_COMPLETE_v20 page 6_pages_51-75.md
078-017-024,,078,017,"Pin - Pivot, Tarp Roller",VMRS_HB_COMPLETE_v20 page 6_pages_51-75.md
072-004-061,,072,004,Pin - Spring Guide Retainer,VMRS_HB_COMPLETE_v20 page 6_pages_51-75.md
021-001-060,,021,001,"Pin - Planet Gear, Driven Front Steer Axle",VMRS_HB_COMPLETE_v20 page 6_pages_51-75.md
016-002-074,,016,002,"Pin - Spring Pivot, Torque Rod Bracket",VMRS_HB_COMPLETE_v20 page 6_pages_51-75.md
027-014-006,,027,014,"Pin - Planet Pinion, Front Carrier, Automatic",VMRS_HB_COMPLETE_v20 page 6_pages_51-75.md
016-002-009,,016,002,"Pin - Spring Shackle, Front",VMRS_HB_COMPLETE_v20 page 6_pages_51-75.md
007-015-004,,007,015,Din Dianot Dinion Door Corrier Automatic,VMRS_HB_COMPLETE_v20 page 6_pages_51-75.md
016-008-090,,016,008,"Pin - Spring, Air Suspension",VMRS_HB_COMPLETE_v20 page 6_pages_51-75.md
027-015-004,,027,015,Transmission,VMRS_HB_COMPLETE_v20 page 6_pages_51-75.md
016-009-000,,016,009,"Pin - Spring, Bonded Bushing, All Spring, Real",VMRS_HB_COMPLETE_v20 page 6_pages_51-75.md
022-003-041,,022,003,Pin - Planetary Idler,VMRS_HB_COMPLETE_v20 page 6_pages_51-75.md
151-001-158,,151,001,"Pin - Spring, Cylinder Head, APU",VMRS_HB_COMPLETE_v20 page 6_pages_51-75.md
465-001-003,,465,001,Pin - Plate Packer,VMRS_HB_COMPLETE_v20 page 6_pages_51-75.md
071-024-006,,071,024,Pin - Stack Lock,VMRS_HB_COMPLETE_v20 page 6_pages_51-75.md
044-003-145,,044,003,"Pin - Plug, Non-Tampering Seal, End Cap,",VMRS_HB_COMPLETE_v20 page 6_pages_51-75.md
094-011-004,,094,011,"Pin - Stainless Steel, Quick Disconnect Coupler",VMRS_HB_COMPLETE_v20 page 6_pages_51-75.md
044-001-042,,044,001,"Pin - Strap, Fuel Tank",VMRS_HB_COMPLETE_v20 page 6_pages_51-75.md
098-012-033,,098,012,"Pin - Plunger Cross, Beam Handle, Hydraulic",VMRS_HB_COMPLETE_v20 page 6_pages_51-75.md
174-013-047,,174,013,"Pin - Striker, Rear Emergency Door",VMRS_HB_COMPLETE_v20 page 6_pages_51-75.md
002-020-068,,002,020,"Pin - Striker, Side Door",VMRS_HB_COMPLETE_v20 page 6_pages_51-75.md
002-036-010,,002,036,"Pin - Plunger, Cab Jack Cross",VMRS_HB_COMPLETE_v20 page 6_pages_51-75.md
014-003-024,,014,003,"Pin - Support, Engine",VMRS_HB_COMPLETE_v20 page 6_pages_51-75.md
178-005-002,,178,005,Pin - Pulley,VMRS_HB_COMPLETE_v20 page 6_pages_51-75.md
029-004-011,,029,004,Pin - Synchronizer,VMRS_HB_COMPLETE_v20 page 6_pages_51-75.md
065-004-026,,065,004,"Pin - Pulley, Hose Guide",VMRS_HB_COMPLETE_v20 page 6_pages_51-75.md
053-007-115,,053,007,Pin - Taper,VMRS_HB_COMPLETE_v20 page 6_pages_51-75.md
015-005-018,,015,005,"Pin - Pump Body, Dowel",VMRS_HB_COMPLETE_v20 page 6_pages_51-75.md
027-038-009,,027,038,"Pin - Terminal, Connector",VMRS_HB_COMPLETE_v20 page 6_pages_51-75.md
068-001-029,,068,001,"Pin - Quick Release, Boom",VMRS_HB_COMPLETE_v20 page 6_pages_51-75.md
027-033-044,,027,033,"Pin - Terminal, Electrical Connector",VMRS_HB_COMPLETE_v20 page 6_pages_51-75.md
002-004-058,,002,004,"Pin - Quick Release, Hood Laich",VMRS_HB_COMPLETE_v20 page 6_pages_51-75.md
055-016-020,,055,016,"Pin - Third HingePin - Tilt Cylinder, Outer Mast, Power Tailante",VMRS_HB_COMPLETE_v20 page 6_pages_51-75.md
055-003-009,,055,003,Pin - Ramn,VMRS_HB_COMPLETE_v20 page 6_pages_51-75.md
055-010-030,,055,010,"Pin - Till Cylinder, Outer Mast, Power Tailgate",VMRS_HB_COMPLETE_v20 page 6_pages_51-75.md
026-011-116,,026,011,Pin - Range Control Valve,VMRS_HB_COMPLETE_v20 page 6_pages_51-75.md
027-021-001,,027,021,Pin - Rear Band Apply,VMRS_HB_COMPLETE_v20 page 6_pages_51-75.md
045-008-245,,045,008,"Pin - Timing, Power Plant",VMRS_HB_COMPLETE_v20 page 6_pages_51-75.md
016-005-013,,016,005,Pin - Rear Spring,VMRS_HB_COMPLETE_v20 page 6_pages_51-75.md
369-006-009,,369,006,"Pin - Toggle, Toggle Assembly",VMRS_HB_COMPLETE_v20 page 6_pages_51-75.md
034-003-050,,034,003,Pin - Receptacle Cover,VMRS_HB_COMPLETE_v20 page 6_pages_51-75.md
055-001-116,,055,001,Pin - Torsion Arm,VMRS_HB_COMPLETE_v20 page 6_pages_51-75.md
034-003-084,,034,003,"Pin - Receptacle, 12 Conductor, 24 Volt",VMRS_HB_COMPLETE_v20 page 6_pages_51-75.md
059-010-014,,059,010,Pin - Tow Bar,VMRS_HB_COMPLETE_v20 page 6_pages_51-75.md
045-018-018,,045,018,"Pin - Regulator, Engine Brake",VMRS_HB_COMPLETE_v20 page 6_pages_51-75.md
059-006-012,,059,006,"Pin - Tow Device, Front",VMRS_HB_COMPLETE_v20 page 6_pages_51-75.md
002-027-139,,002,027,Pin - Release,VMRS_HB_COMPLETE_v20 page 6_pages_51-75.md
059-009-006,,059,009,Pin - Tow Shackle,VMRS_HB_COMPLETE_v20 page 6_pages_51-75.md
026-011-106,,026,011,Pin - Remote Control Shift Shaft,VMRS_HB_COMPLETE_v20 page 6_pages_51-75.md
111-001-003,,111,001,Pin - Track,VMRS_HB_COMPLETE_v20 page 6_pages_51-75.md
013-006-051,,013,006,"Pin - Reservoir, Brake Master Cylinder",VMRS_HB_COMPLETE_v20 page 6_pages_51-75.md
025-001-134,,025,001,Pin - Transfer Case,VMRS_HB_COMPLETE_v20 page 6_pages_51-75.md
002-048-109,,002,048,Pin - Restraint Release,VMRS_HB_COMPLETE_v20 page 6_pages_51-75.md
021-001-083,,021,001,"Pin - Trunnion, Driven Front Steer Axie",VMRS_HB_COMPLETE_v20 page 6_pages_51-75.md
002-050-104,,002,050,"Pin - Restraint Release, Sleeper",VMRS_HB_COMPLETE_v20 page 6_pages_51-75.md
174-004-017,,174,004,Pin - Underbody Ballery Compartment Latch,VMRS_HB_COMPLETE_v20 page 6_pages_51-75.md
015-003-089,,015,003,Pin - Retaining Gear,VMRS_HB_COMPLETE_v20 page 6_pages_51-75.md
174-003-020,,174,003,Strut,VMRS_HB_COMPLETE_v20 page 6_pages_51-75.md
045-002-080,,045,002,"Pin - Retaining, dour",VMRS_HB_COMPLETE_v20 page 6_pages_51-75.md
055-016-008,,055,016,"Pin - Upper Hinge, Mast",VMRS_HB_COMPLETE_v20 page 6_pages_51-75.md
002-006-071,,002,006,Pin - Retractable Roof Panel,VMRS_HB_COMPLETE_v20 page 6_pages_51-75.md
055-001-073,,055,001,Pin - Upper Lift Arm,VMRS_HB_COMPLETE_v20 page 6_pages_51-75.md
026-010-024,,026,010,Pin - Reverse Lever Fulcrum,VMRS_HB_COMPLETE_v20 page 6_pages_51-75.md
055-001-076,,055,001,Pin - Upper Main Frame,VMRS_HB_COMPLETE_v20 page 6_pages_51-75.md
026-010-053,,026,010,Pin - Reverse Switch Actuating,VMRS_HB_COMPLETE_v20 page 6_pages_51-75.md
059-025-010,,059,025,Pin - Valve Pivot,VMRS_HB_COMPLETE_v20 page 6_pages_51-75.md
065-004-015,,065,004,Pin - Rod,VMRS_HB_COMPLETE_v20 page 6_pages_51-75.md
015-003-101,,015,003,"Pin - Valve Positioning, Steering Gear",VMRS_HB_COMPLETE_v20 page 6_pages_51-75.md
002-018-111,,002,018,"Pin - Rod Stem, Chock",VMRS_HB_COMPLETE_v20 page 6_pages_51-75.md
059-025-009,,059,025,"Pin - Valve Spool Actuator, Control Valve",VMRS_HB_COMPLETE_v20 page 6_pages_51-75.md
019-002-039,,019,002,"Pin - Roll, Automatic Chassis Lubricator",VMRS_HB_COMPLETE_v20 page 6_pages_51-75.md
065-022-008,,065,022,"Pin - Valve Spool Actuator, Flow Control Valve,",VMRS_HB_COMPLETE_v20 page 6_pages_51-75.md
015-003-075,,015,003,"Pin - Roll, Steering Column",VMRS_HB_COMPLETE_v20 page 6_pages_51-75.md
015-003-090,,015,003,"Pin - Roll, Steering Gear",VMRS_HB_COMPLETE_v20 page 6_pages_51-75.md
055-010-073,,055,010,"Pin - Valve Spool Actuator, Hydraulic, Lift System",VMRS_HB_COMPLETE_v20 page 6_pages_51-75.md
162-001-019,,162,001,"Pin - Roll, Upper Hopper",VMRS_HB_COMPLETE_v20 page 6_pages_51-75.md
002-018-015,,002,018,Pin - Ventilator Regulator,VMRS_HB_COMPLETE_v20 page 6_pages_51-75.md
055-007-021,,055,007,Pin - Roller,VMRS_HB_COMPLETE_v20 page 6_pages_51-75.md
045-002-028,,045,002,"Pin - Washer, Main Bearing, Crankshatt",VMRS_HB_COMPLETE_v20 page 6_pages_51-75.md
044-003-115,,044,003,Pin - Weight,VMRS_HB_COMPLETE_v20 page 6_pages_51-75.md
045-008-145,,045,008,"Pin - Poller, Call Follower",VMRS_HB_COMPLETE_v20 page 6_pages_51-75.md
001-002-127,,001,002,Fill - WeldPin - Winch Sheer,VMRS_HB_COMPLETE_v20 page 6_pages_51-75.md
045-008-146,,045,008,"Pin - Roller, Injector Level, Cam Follower",VMRS_HB_COMPLETE_v20 page 6_pages_51-75.md
002-018-026,,002,018,Pin - Window Regulator,VMRS_HB_COMPLETE_v20 page 6_pages_51-75.md
010-000-140,,010,000,Follower,VMRS_HB_COMPLETE_v20 page 6_pages_51-75.md
002-065-015,,002,065,"Pin - Wiper Blade, Headlamp",VMRS_HB_COMPLETE_v20 page 6_pages_51-75.md
055-001-078,,055,001,"Pin - Roller, Liftgate",VMRS_HB_COMPLETE_v20 page 6_pages_51-75.md
013-004-026,,013,004,Pin - Yoke (Clevis) Assembly,VMRS_HB_COMPLETE_v20 page 6_pages_51-75.md
055-023-044,,055,023,"Pin - Safety Lock, Wheelchair Lift",VMRS_HB_COMPLETE_v20 page 6_pages_51-75.md
267-013-006,,267,013,"Pin - Yoke, Bucket",VMRS_HB_COMPLETE_v20 page 6_pages_51-75.md
002-036-064,,002,036,Pin - Safety Stop,VMRS_HB_COMPLETE_v20 page 6_pages_51-75.md
002-018-188,,002,018,Pin and Bushing Kit - Door Hinge,VMRS_HB_COMPLETE_v20 page 6_pages_51-75.md
059-002-007,,059,002,"Pin - Safety, Pintle Hook",VMRS_HB_COMPLETE_v20 page 6_pages_51-75.md
016-005-074,,016,005,"Pin Assembly - Torque Rod, Axle End",VMRS_HB_COMPLETE_v20 page 6_pages_51-75.md
077-008-007,,077,008,"Pin - Safety, Slider Lever",VMRS_HB_COMPLETE_v20 page 6_pages_51-75.md
016-005-073,,016,005,"Pin Assembly - Torque Rod, Frame End",VMRS_HB_COMPLETE_v20 page 6_pages_51-75.md
027-001-042,,027,001,Pin - Scavenge Pump,VMRS_HB_COMPLETE_v20 page 6_pages_51-75.md
055-032-015,,055,032,Pin Kit - Cargo Bunk,VMRS_HB_COMPLETE_v20 page 6_pages_51-75.md
055-001-106,,055,001,"Pin Kit - Platform, Liftgate",VMRS_HB_COMPLETE_v20 page 6_pages_51-75.md
043-001-166,,043,001,"Pipe - Flexible, EGR",VMRS_HB_COMPLETE_v20 page 6_pages_51-75.md
016-018-048,,016,018,Pin Puller - Pneumatic,VMRS_HB_COMPLETE_v20 page 6_pages_51-75.md
043-002-040,,043,002,"Pipe - Flexible, Expansion",VMRS_HB_COMPLETE_v20 page 6_pages_51-75.md
065-030-018,,065,030,Pin Valve,VMRS_HB_COMPLETE_v20 page 6_pages_51-75.md
151-001-092,,151,001,"Pipe - Fuel Injection, Fuel Injection Valve, APU",VMRS_HB_COMPLETE_v20 page 6_pages_51-75.md
367-003-038,,367,003,Pin Valve Alignment,VMRS_HB_COMPLETE_v20 page 6_pages_51-75.md
082-039-032,,082,039,"Pipe - Fuel Injection, Reefer",VMRS_HB_COMPLETE_v20 page 6_pages_51-75.md
055-001-089,,055,001,Pin Weldment - Main Frame Assembly,VMRS_HB_COMPLETE_v20 page 6_pages_51-75.md
001-003-059,,001,003,"Pipe - Fuel Pick Up, Auxiliary Heater",VMRS_HB_COMPLETE_v20 page 6_pages_51-75.md
013-001-074,,013,001,"Pin, Anti-Rattle - Front Brake",VMRS_HB_COMPLETE_v20 page 6_pages_51-75.md
044-003-012,,044,003,Pipe - Fuel Pump To Carburetor,VMRS_HB_COMPLETE_v20 page 6_pages_51-75.md
066-001-004,,066,001,"Pin, Pivot - Snow Plow",VMRS_HB_COMPLETE_v20 page 6_pages_51-75.md
044-001-007,,044,001,Pipe - Fuel Tank Filler,VMRS_HB_COMPLETE_v20 page 6_pages_51-75.md
013-002-061,,013,002,"Pin, Return Spring, (Spring To Shoe) - Rear",VMRS_HB_COMPLETE_v20 page 6_pages_51-75.md
044-012-018,,044,012,Pipe - Gaseous Fuel Tank Filler,VMRS_HB_COMPLETE_v20 page 6_pages_51-75.md
365-009-017,,365,009,Pipe - Glass Tank,VMRS_HB_COMPLETE_v20 page 6_pages_51-75.md
066-001-005,,066,001,"Pin, Sector - Snow Plow",VMRS_HB_COMPLETE_v20 page 6_pages_51-75.md
174-033-040,,174,033,"Pipe - Guiding, Control Unit",VMRS_HB_COMPLETE_v20 page 6_pages_51-75.md
068-007-007,,068,007,"Pin, Spring - Bottom (Fork End)",VMRS_HB_COMPLETE_v20 page 6_pages_51-75.md
041-001-013,,041,001,"Pipe - Hot Air, Climatic Combustion Control",VMRS_HB_COMPLETE_v20 page 6_pages_51-75.md
068-007-005,,068,007,"Pin, Spring - Top (Frame End)",VMRS_HB_COMPLETE_v20 page 6_pages_51-75.md
365-007-012,,365,007,Pipe - Hot Water Pump,VMRS_HB_COMPLETE_v20 page 6_pages_51-75.md
027-016-003,,027,016,Pinion - First Range Planet,VMRS_HB_COMPLETE_v20 page 6_pages_51-75.md
043-006-055,,043,006,"Pipe - Inlet, Attertreatment Device",VMRS_HB_COMPLETE_v20 page 6_pages_51-75.md
027-006-019,,027,006,Pinion - Forward Planetary,VMRS_HB_COMPLETE_v20 page 6_pages_51-75.md
043-006-056,,043,006,"Pipe - Inlet, Diesel Oxidation Catalyst (DOC)",VMRS_HB_COMPLETE_v20 page 6_pages_51-75.md
020-000-110,,020,000,Pinion - Front Compound Main Drive,VMRS_HB_COMPLETE_v20 page 6_pages_51-75.md
042-002-150,,042,002,"Pipe - Iniei, Engine",VMRS_HB_COMPLETE_v20 page 6_pages_51-75.md
022-003-019,,022,003,Pinion Main Caso Main Drivo,VMRS_HB_COMPLETE_v20 page 6_pages_51-75.md
042-002-114,,042,002,"Pipe - Iniel, HaulaloiDina Intaka Siloncar Caalant Dra Hastar",VMRS_HB_COMPLETE_v20 page 6_pages_51-75.md
027-013-007,,027,013,Pinion - Planetary,VMRS_HB_COMPLETE_v20 page 6_pages_51-75.md
042-010-001,,042,010,Pine - Intermediate Aftertreatment to FGR,VMRS_HB_COMPLETE_v20 page 6_pages_51-75.md
027-015-008,,027,015,Pinion - Planetary (Output Rear Or Low),VMRS_HB_COMPLETE_v20 page 6_pages_51-75.md
042-004-016,,042,004,"Pipe - Intermediate, Attenticatinent to Cont",VMRS_HB_COMPLETE_v20 page 6_pages_51-75.md
027-014-010,,027,014,Pinion - Planetary Carrier Beaction Front Or,VMRS_HB_COMPLETE_v20 page 6_pages_51-75.md
016-018-049,,016,018,Pipe - Lock Pin,VMRS_HB_COMPLETE_v20 page 6_pages_51-75.md
027-011-010,,027,011,Intermediate,VMRS_HB_COMPLETE_v20 page 6_pages_51-75.md
001-002-190,,001,002,"Pipe - Main, Front Wall, Heater",VMRS_HB_COMPLETE_v20 page 6_pages_51-75.md
018-002-051,,018,002,Pinion - Planetary Hub,VMRS_HB_COMPLETE_v20 page 6_pages_51-75.md
044-005-029,,044,005,Pipe - Manifold To Automatic Choke,VMRS_HB_COMPLETE_v20 page 6_pages_51-75.md
022-008-029,,022,008,Pinion - Planetary Hub. Portal Assembly. Rear,VMRS_HB_COMPLETE_v20 page 6_pages_51-75.md
043-003-061,,043,003,Pipe - Muffler Outlet. Intermediate,VMRS_HB_COMPLETE_v20 page 6_pages_51-75.md
042-002-142,,042,002,"Pipe - Oil Cooler, Transmission",VMRS_HB_COMPLETE_v20 page 6_pages_51-75.md
022-003-040,,022,003,Pinion - Planetary Idler,VMRS_HB_COMPLETE_v20 page 6_pages_51-75.md
027-001-003,,027,001,Pipe - Oil Filler,VMRS_HB_COMPLETE_v20 page 6_pages_51-75.md
022-004-010,,022,004,Pinion - Power Divider Differential,VMRS_HB_COMPLETE_v20 page 6_pages_51-75.md
045-009-056,,045,009,Pipe - Oil Galley,VMRS_HB_COMPLETE_v20 page 6_pages_51-75.md
027-018-006,,027,018,Pinion - Reverse Range Planetary,VMRS_HB_COMPLETE_v20 page 6_pages_51-75.md
043-004-176,,043,004,"Pipe - Oil Return, Turbocharger",VMRS_HB_COMPLETE_v20 page 6_pages_51-75.md
042-002-011,,042,002,Pipe - Outlet,VMRS_HB_COMPLETE_v20 page 6_pages_51-75.md
462-013-007,,462,013,"Pinion - Tilt, High Articulation Jib",VMRS_HB_COMPLETE_v20 page 6_pages_51-75.md
042-002-151,,042,002,"Pipe - Outlet, Engine",VMRS_HB_COMPLETE_v20 page 6_pages_51-75.md
022-003-073,,022,003,Pinion & Side Gears Kit - Differential,VMRS_HB_COMPLETE_v20 page 6_pages_51-75.md
065-013-027,,065,013,"Pipe - Outlet, Pump",VMRS_HB_COMPLETE_v20 page 6_pages_51-75.md
053-006-248,,053,006,Pinion Shaft - Crimp Machine,VMRS_HB_COMPLETE_v20 page 6_pages_51-75.md
365-009-012,,365,009,Pipe - Paint Tank Assembly,VMRS_HB_COMPLETE_v20 page 6_pages_51-75.md
055-012-051,,055,012,Pins - Winch Bar,VMRS_HB_COMPLETE_v20 page 6_pages_51-75.md
022-004-110,,022,004,"Pipe - Pump, Rear Axle",VMRS_HB_COMPLETE_v20 page 6_pages_51-75.md
059-002-000,,059,002,Pintle Hook Assembly,VMRS_HB_COMPLETE_v20 page 6_pages_51-75.md
053-009-016,,053,009,Pipe - PVC,VMRS_HB_COMPLETE_v20 page 6_pages_51-75.md
043-003-092,,043,003,"Pipe - ""Y"", Exhaust",VMRS_HB_COMPLETE_v20 page 6_pages_51-75.md
042-004-082,,042,004,Pipe - Radiator Inlet,VMRS_HB_COMPLETE_v20 page 6_pages_51-75.md
042-002-189,,042,002,"Pipe - Air Bleed, Coolant Overflow Tank",VMRS_HB_COMPLETE_v20 page 6_pages_51-75.md
174-028-015,,174,028,"Pipe - Refrigerant, Bus Body A/C Assembly",VMRS_HB_COMPLETE_v20 page 6_pages_51-75.md
043-001-199,,043,001,"Pipe - Air Bleed, EGR Cooler",VMRS_HB_COMPLETE_v20 page 6_pages_51-75.md
001-004-103,,001,004,"Pipe - Return, Auxiliary Heater, Sleeper",VMRS_HB_COMPLETE_v20 page 6_pages_51-75.md
041-004-037,,041,004,"Pipe - Air Casting, Charge Air Cooler",VMRS_HB_COMPLETE_v20 page 6_pages_51-75.md
001-002-098,,001,002,"Pipe - Return, Heater",VMRS_HB_COMPLETE_v20 page 6_pages_51-75.md
043-004-191,,043,004,Pipe - Air Cleaner to Turbocharger Compressor,VMRS_HB_COMPLETE_v20 page 6_pages_51-75.md
040-009-026,,040,009,Pipe - Rocker Arm Snait Supply,VMRS_HB_COMPLETE_v20 page 6_pages_51-75.md
043-001-102,,043,001,Pipe - Air Intelo,VMRS_HB_COMPLETE_v20 page 6_pages_51-75.md
,020-044,020,044,Pipe - NollelDipe - Shutter Hydraulic,VMRS_HB_COMPLETE_v20 page 6_pages_51-75.md
041-004-035,,041,004,Pipe - Air Charge Air Cooler,VMRS_HB_COMPLETE_v20 page 6_pages_51-75.md
042-001-014,,042,001,Pipe - Stack Exhaust,VMRS_HB_COMPLETE_v20 page 6_pages_51-75.md
053-012-002,,053,012,Pipe - Aluminum,VMRS_HB_COMPLETE_v20 page 6_pages_51-75.md
043-003-010,,043,003,Pipe - Stand,VMRS_HB_COMPLETE_v20 page 6_pages_51-75.md
082-041-056,,082,041,Pipe - Breather Crankcase Beefer,VMRS_HB_COMPLETE_v20 page 6_pages_51-75.md
044-001-104,,044,001,Pipe - Stand with Fitting,VMRS_HB_COMPLETE_v20 page 6_pages_51-75.md
013-007-044,,013,007,Pipe - Bridge Hydraulic,VMRS_HB_COMPLETE_v20 page 6_pages_51-75.md
045-007-048,,045,007,Pipe - Steam Crossover,VMRS_HB_COMPLETE_v20 page 6_pages_51-75.md
016-018-028,,016,018,"Pipe - Channel, Slider",VMRS_HB_COMPLETE_v20 page 6_pages_51-75.md
053-009-014,,053,009,Pipe - Steel,VMRS_HB_COMPLETE_v20 page 6_pages_51-75.md
041-004-057,,041,004,Pipe - Charge Air Cooler to Throttle Valve,VMRS_HB_COMPLETE_v20 page 6_pages_51-75.md
001-004-102,,001,004,"Pipe - Supply, Auxiliary Heater, Sleeper",VMRS_HB_COMPLETE_v20 page 6_pages_51-75.md
043-001-110,,043,001,Pipe - Clean Gas Induction (CGI),VMRS_HB_COMPLETE_v20 page 6_pages_51-75.md
001-002-099,,001,002,"Pipe - Supply, Heater",VMRS_HB_COMPLETE_v20 page 6_pages_51-75.md
043-001-101,,043,001,Pipe - Compressed Air Distribution Manifold,VMRS_HB_COMPLETE_v20 page 6_pages_51-75.md
043-003-012,,043,003,Pipe - Tail,VMRS_HB_COMPLETE_v20 page 6_pages_51-75.md
043-001-196,,043,001,"Pipe - Coolant, Back Pressure Valve",VMRS_HB_COMPLETE_v20 page 6_pages_51-75.md
043-004-097,,043,004,Pipe - Turbocharger Outlet,VMRS_HB_COMPLETE_v20 page 6_pages_51-75.md
045-014-037,,045,014,Pipe - Crankcase Ventilation to Oil Separator,VMRS_HB_COMPLETE_v20 page 6_pages_51-75.md
043-004-194,,043,004,Pipe - Turbocharger to Charger Air Cooler,VMRS_HB_COMPLETE_v20 page 6_pages_51-75.md
043-007-207,,043,007,Pipe - Decomposition,VMRS_HB_COMPLETE_v20 page 6_pages_51-75.md
033-002-019,,033,002,Pipe - Vacuum Spark Control,VMRS_HB_COMPLETE_v20 page 6_pages_51-75.md
043-001-206,,043,001,Pipe - Double Walled Venturi to Intake Side,VMRS_HB_COMPLETE_v20 page 6_pages_51-75.md
043-001-038,,043,001,"Pipe - Vacuum, EGR Valve",VMRS_HB_COMPLETE_v20 page 6_pages_51-75.md
043-001-180,,043,001,Pipe - EGR Mixer,VMRS_HB_COMPLETE_v20 page 6_pages_51-75.md
044-001-008,,044,001,Pipe - Vent,VMRS_HB_COMPLETE_v20 page 6_pages_51-75.md
043-001-067,,043,001,"Pipe - Elbow, Aftertreatment to EGR",VMRS_HB_COMPLETE_v20 page 6_pages_51-75.md
043-006-050,,043,006,"Pipe - Vented, Aftertreatment Device,",VMRS_HB_COMPLETE_v20 page 6_pages_51-75.md
043-001-207,,043,001,Pipe - Engine Coolant to EGR Cooler,VMRS_HB_COMPLETE_v20 page 6_pages_51-75.md
042-011-010,,042,011,Pipe - Exhaust,VMRS_HB_COMPLETE_v20 page 6_pages_51-75.md
043-001-094,,043,001,"Pipe - Venturi, EGR",VMRS_HB_COMPLETE_v20 page 6_pages_51-75.md
043-001-062,,043,001,"Pipe - Exhaust Inlet, Aftertreatment to EGR",VMRS_HB_COMPLETE_v20 page 6_pages_51-75.md
152-002-008,,152,002,"Pipe - Waste, Sink",VMRS_HB_COMPLETE_v20 page 6_pages_51-75.md
043-006-049,,043,006,"Pipe - Exhaust, Attertreatment Device, Upstream",VMRS_HB_COMPLETE_v20 page 6_pages_51-75.md
055-023-040,,055,023,Pipe - Wheelchair Lift,VMRS_HB_COMPLETE_v20 page 6_pages_51-75.md
151-001-035,,151,001,"Pipe - Exhaust, APU",VMRS_HB_COMPLETE_v20 page 6_pages_51-75.md
209-000-000,,209,000,Pipe / DuciDing Assembly Exhaust,VMRS_HB_COMPLETE_v20 page 6_pages_51-75.md
042-010-025,,042,010,"Pipe - Exhaust, AFO",VMRS_HB_COMPLETE_v20 page 6_pages_51-75.md
043-003-025,,043,003,Pipe Assembly - Exhaust Crossover,VMRS_HB_COMPLETE_v20 page 6_pages_51-75.md
043-003-004,,043,003,Pine Assembly - Exhaust   off,VMRS_HB_COMPLETE_v20 page 6_pages_51-75.md
001-002-136,,001,002,Pine - Exhaust Flexible,VMRS_HB_COMPLETE_v20 page 6_pages_51-75.md
043-003-002,,043,003,Pine Assembly - Exhaust Right,VMRS_HB_COMPLETE_v20 page 6_pages_51-75.md
001-003-008,,001,003,"Pipe - Exhaust, Flexible Auxiliary Heater",VMRS_HB_COMPLETE_v20 page 6_pages_51-75.md
001-002-187,,001,002,Pipe Assembly - Manifold Heater Plumbing,VMRS_HB_COMPLETE_v20 page 6_pages_51-75.md
151-002-029,,151,002,Pipe - Exhaust Heater APU,VMRS_HB_COMPLETE_v20 page 6_pages_51-75.md
043-002-014,,043,002,Pipe Assembly - Primary Exhaust Turbocharger,VMRS_HB_COMPLETE_v20 page 6_pages_51-75.md
043-001-063,,043,001,"Pipe - Exhaust, Straight, Front, Aftertreatment to",VMRS_HB_COMPLETE_v20 page 6_pages_51-75.md
042-002-131,,042,002,"Pipe Assembly - Radiator, Front",VMRS_HB_COMPLETE_v20 page 6_pages_51-75.md
043-002-015,,043,002,Pipe Assembly - Secondary Exhaust,VMRS_HB_COMPLETE_v20 page 6_pages_51-75.md
043-001-065,,043,001,"Pipe - Exhaust, Straight, Rear, Aftertreatment to",VMRS_HB_COMPLETE_v20 page 6_pages_51-75.md
044-005-027,,044,005,Pipe Or Hose Assembly - Suction,VMRS_HB_COMPLETE_v20 page 6_pages_51-75.md
043-001-183,,043,001,"Pipe - Flex, Clean Gas Induction (CGI)",VMRS_HB_COMPLETE_v20 page 6_pages_51-75.md
045-002-062,,045,002,Pipe Plug - Multiple Positions,VMRS_HB_COMPLETE_v20 page 6_pages_51-75.md
151-001-215,,151,001,"Pipe - Flex, Engine Exhaust to Muffler, APU",VMRS_HB_COMPLETE_v20 page 6_pages_51-75.md
026-010-066,,026,010,Pipe Plug - Shift Bar Housing,VMRS_HB_COMPLETE_v20 page 6_pages_51-75.md
