code_9d,code_6d,system,subcode,description,source_file
002-050-192,,002,050,Webbing - Closet | 002-050-274 | Bulkhead - Left,VMRS_HB_COMPLETE_v20 page 8_pages_1-25.md
002-050-193,,002,050,Trim Strip - Sleeper | 002-050-275 | Bulkhead - Right,VMRS_HB_COMPLETE_v20 page 8_pages_1-25.md
002-050-194,,002,050,"Snap Cap | 002-050-276 | Hardware, Mounting - Center Bulkhead",VMRS_HB_COMPLETE_v20 page 8_pages_1-25.md
002-050-196,,002,050,Curtain - Luggage | | Assembly,VMRS_HB_COMPLETE_v20 page 8_pages_1-25.md
002-050-199,,002,050,Stud Strip | 002-050-277 | Drawer Assembly,VMRS_HB_COMPLETE_v20 page 8_pages_1-25.md
002-050-202,,002,050,Curtain - Closet | 002-050-278 | Drawer - Under Bunk,VMRS_HB_COMPLETE_v20 page 8_pages_1-25.md
002-050-203,,002,050,Curtain - Window | 002-050-279 | Hardware - Drawer Slide Set,VMRS_HB_COMPLETE_v20 page 8_pages_1-25.md
002-050-204,,002,050,Cable - Bunk Latch | 002-050-280 | Front - Drawer,VMRS_HB_COMPLETE_v20 page 8_pages_1-25.md
002-050-205,,002,050,Support - Closet Cover | 002-050-281 | Face - Drawer,VMRS_HB_COMPLETE_v20 page 8_pages_1-25.md
002-050-206,,002,050,Standard - Roof | 002-050-282 | Latch - Drawer,VMRS_HB_COMPLETE_v20 page 8_pages_1-25.md
002-050-207,,002,050,Standup- Roof | 002-050-283 | Bulkhead Assembly - Interior,VMRS_HB_COMPLETE_v20 page 8_pages_1-25.md
002-050-208,,002,050,Skylight | 002-050-284 | Bulkhead - Closet,VMRS_HB_COMPLETE_v20 page 8_pages_1-25.md
002-050-209,,002,050,Ventilator Assembly | 002-050-285 | Channel - Bulkhead,VMRS_HB_COMPLETE_v20 page 8_pages_1-25.md
002-050-211,,002,050,Gasket - Skylight | 002-050-286 | Attaching Strip - Bulkhead,VMRS_HB_COMPLETE_v20 page 8_pages_1-25.md
002-050-212,,002,050,"Hardware, Mounting - Standard Roof | 002-050-287 | Shelf Assembly - Padded, Rear",VMRS_HB_COMPLETE_v20 page 8_pages_1-25.md
002-050-213,,002,050,"Floor Pan Assembly | 002-050-288 | Shelf - Rear, Sleeper",VMRS_HB_COMPLETE_v20 page 8_pages_1-25.md
002-050-214,,002,050,Floor Pan - Rear | 002-050-290 | Shelf Assembly - Padded Left,VMRS_HB_COMPLETE_v20 page 8_pages_1-25.md
002-050-215,,002,050,Shim - Floor | 002-050-291 | Shelf - Left,VMRS_HB_COMPLETE_v20 page 8_pages_1-25.md
002-050-216,,002,050,Foam Tape | 002-050-292 | Shelf Channel Left,VMRS_HB_COMPLETE_v20 page 8_pages_1-25.md
002-050-217,,002,050,Hole Cover - Floor Mount | 002-050-293 | Header - Door Sleeper,VMRS_HB_COMPLETE_v20 page 8_pages_1-25.md
002-050-218,,002,050,"Gasket - Hole Cover, Floor Mount | 002-050-294 | Shelf Assembly - Padded Bight",VMRS_HB_COMPLETE_v20 page 8_pages_1-25.md
002-050-219,,002,050,Base Assembly - Sleeper Seat | 002-050-295 | Shelf - Bight,VMRS_HB_COMPLETE_v20 page 8_pages_1-25.md
002-050-220,,002,050,Poinforcomont - Door | 002-050-290 | Board Assombly - Toolbox,VMRS_HB_COMPLETE_v20 page 8_pages_1-25.md
002-000-221,,002,000,Reiniorcement - Real | 002-050-297 | Board Toolbox Door,VMRS_HB_COMPLETE_v20 page 8_pages_1-25.md
002-050-222,,002,050,Gussel - Dase | 002-050-296 | Board Evit Dear Left,VMRS_HB_COMPLETE_v20 page 8_pages_1-25.md
002-050-225,,002,050,"Brackel - Slep | 002-050-299 | Doard - EXIL DOOI, Leil",VMRS_HB_COMPLETE_v20 page 8_pages_1-25.md
002-050-224,,002,050,"Dase Plate - Lower | 002-050-300 | Board - Luggage Door, Right",VMRS_HB_COMPLETE_v20 page 8_pages_1-25.md
002-050-226,,002,050,Support - Baggage Door | 002-050-302 | Floor Mat - Rear,VMRS_HB_COMPLETE_v20 page 8_pages_1-25.md
002-050-227,,002,050,Support - Exit Door | 002-050-303 | Floor Mat - Right & Left,VMRS_HB_COMPLETE_v20 page 8_pages_1-25.md
002-050-229,,002,050,"Hardware, Mounting - Base Assembly | 002-050-304 | Bunk Assembly - Lower",VMRS_HB_COMPLETE_v20 page 8_pages_1-25.md
002-050-230,,002,050,"Cover - Base, Cross Member | 002-050-305 | Pan - Lower Bunk",VMRS_HB_COMPLETE_v20 page 8_pages_1-25.md
002-050-231,,002,050,"Wall Assembly - Front | 002-050-306 | Angle - Bunk, Front",VMRS_HB_COMPLETE_v20 page 8_pages_1-25.md
002-050-232,,002,050,"Header Panel - Walkthru | 002-050-307 | Angle - Bunk Pan, Rear",VMRS_HB_COMPLETE_v20 page 8_pages_1-25.md
002-050-233,,002,050,"Walkthru Panel - Lower | 002-050-308 | Angle - Bunk Pan, Right & Left",VMRS_HB_COMPLETE_v20 page 8_pages_1-25.md
002-050-234,,002,050,Walkthru Panel - Side | 002-050-309 | Hinge - Lower Bunk,VMRS_HB_COMPLETE_v20 page 8_pages_1-25.md
002-050-235,,002,050,"Reinforcement - Front Wall, Upper | 002-050-310 | Bracket - Shock, Upper & Lower, Sleeper",VMRS_HB_COMPLETE_v20 page 8_pages_1-25.md
002-050-236,,002,050,Support - Reinforcement | 002-050-311 | Gas Spring,VMRS_HB_COMPLETE_v20 page 8_pages_1-25.md
002-050-237,,002,050,Panel - Front | 002-050-312 | Mattress - Foam,VMRS_HB_COMPLETE_v20 page 8_pages_1-25.md
002-050-238,,002,050,Backing Plate - Dome Lamp Switch | 002-050-313 | Mattress - Spring,VMRS_HB_COMPLETE_v20 page 8_pages_1-25.md
002-050-239,,002,050,"Neoprene Foam Tape | 002-050-314 | Spacer - End, Lower Bunk",VMRS_HB_COMPLETE_v20 page 8_pages_1-25.md
002-050-240,,002,050,"Corner Post - Sleeper, Front | 002-050-315 | Bunk Assembly - Upper",VMRS_HB_COMPLETE_v20 page 8_pages_1-25.md
002-050-241,,002,050,Jam - Walkthru Frame | 002-050-316 | Pan - Upper Bunk,VMRS_HB_COMPLETE_v20 page 8_pages_1-25.md
002-050-242,,002,050,"Post Cap | 002-050-317 | Angle - Upper Bunk, Forward",VMRS_HB_COMPLETE_v20 page 8_pages_1-25.md
002-050-243,,002,050,"Hardware, Mounting - Front Wall Assembly | 002-050-318 | Clip - Corner",VMRS_HB_COMPLETE_v20 page 8_pages_1-25.md
002-050-244,,002,050,Side Wall Assembly - Right | 002-050-319 | Hinge - Upper Bunk,VMRS_HB_COMPLETE_v20 page 8_pages_1-25.md
002-050-245,,002,050,Side Wall Assembly - Left | 002-050-320 | Strap - Upper Bunk,VMRS_HB_COMPLETE_v20 page 8_pages_1-25.md
002-050-246,,002,050,Panel - Baggage Door | 002-050-321 | Footman Loop,VMRS_HB_COMPLETE_v20 page 8_pages_1-25.md
002-050-247,,002,050,Panel - Exit Door | 002-050-322 | Angle - Upper Bunk,VMRS_HB_COMPLETE_v20 page 8_pages_1-25.md
002-050-248,,002,050,Panel - Forward | 002-050-323 | Mattress - Upper Bunk,VMRS_HB_COMPLETE_v20 page 8_pages_1-25.md
002-050-249,,002,050,"Reinforcement - Side Wall, Upper | 002-050-324 | Cover - Upper Outlet",VMRS_HB_COMPLETE_v20 page 8_pages_1-25.md
002-050-250,,002,050,Cross Brace - Baggage Door Jamb | 002-050-325 | Trim - Ventilator,VMRS_HB_COMPLETE_v20 page 8_pages_1-25.md
002-050-251,,002,050,Cross Brace - Vent Trim | 002-050-326 | Cabinet Assembly - Upper Left,VMRS_HB_COMPLETE_v20 page 8_pages_1-25.md
002-050-252,,002,050,"Reinforcement - Side, Door Jamb | 002-050-327 | Cabinet Assembly - Upper Rear",VMRS_HB_COMPLETE_v20 page 8_pages_1-25.md
002-050-253,,002,050,"Hardware, Mounting - Bunk Latch Cable | 002-050-328 | Trim Ring - Window",VMRS_HB_COMPLETE_v20 page 8_pages_1-25.md
002-050-254,,002,050,Wall Assembly - Rear | 002-050-329 | Cabinet Assembly - Upper Right,VMRS_HB_COMPLETE_v20 page 8_pages_1-25.md
002-050-255,,002,050,"Panel - Rear Center | 002-050-330 | Elastic Cord - Retainer, Cabinet",VMRS_HB_COMPLETE_v20 page 8_pages_1-25.md
002-050-256,,002,050,"Reinforcement - Upper Rear | 002-050-331 | Carpet - Rear Cabinet, Lower Right",VMRS_HB_COMPLETE_v20 page 8_pages_1-25.md
002-050-257,,002,050,"Panel - Rear, Left/Right | 002-050-332 | Console - Carpeted",VMRS_HB_COMPLETE_v20 page 8_pages_1-25.md
002-050-258,,002,050,Wall Wing - Rear Center Panel | 002-050-333 | Track Assembly - Curtain,VMRS_HB_COMPLETE_v20 page 8_pages_1-25.md
002-050-259,,002,050,Reinforcement - Rear Corner | 002-050-334 | Mirror,VMRS_HB_COMPLETE_v20 page 8_pages_1-25.md
002-050-260,,002,050,Corner Post - Rear | 002-050-335 | Pacer - Backing Plate Mirrors,VMRS_HB_COMPLETE_v20 page 8_pages_1-25.md
002-050-261,,002,050,Cap - Corner Post | 002-050-336 | Map Pouch,VMRS_HB_COMPLETE_v20 page 8_pages_1-25.md
002-050-262,,002,050,Doubler Plate - Sleeper | 002-050-337 | Cabinet - Lower Right,VMRS_HB_COMPLETE_v20 page 8_pages_1-25.md
002-050-263,,002,050,Backing - Towel Back | 002-050-338 | Cabinet - Lower Left,VMRS_HB_COMPLETE_v20 page 8_pages_1-25.md
002-050-264,,002,050,Bracket - Load Lamp Rear | 002-050-339 | Shelf - Cabinet Lower Right,VMRS_HB_COMPLETE_v20 page 8_pages_1-25.md
002-050-269,,002,050,Hardware Mounting - Rear Wall Assembly | 002-050-340 | Support Angle - Shelf,VMRS_HB_COMPLETE_v20 page 8_pages_1-25.md
002-050-270,,002,050,Bulkhead Assembly - Center | 002-050-341 | Carpet - Lower,VMRS_HB_COMPLETE_v20 page 8_pages_1-25.md
002-050-271,,002,050,Back - Dresser Shroud | 002-050-342 | Hardware Mounting - Lower Right Cabinot,VMRS_HB_COMPLETE_v20 page 8_pages_1-25.md
002-050-277,,002,050,Dresser Shroud | 002-050-344 | Support Angle - Refrigerator,VMRS_HB_COMPLETE_v20 page 8_pages_1-25.md
002-050-272,,002,050,Bulkhead - Center | 002-050-044 | Support - Refrigerator,VMRS_HB_COMPLETE_v20 page 8_pages_1-25.md
002-000-210,,002,000,Builtieau - Center | 002-000-040 | oupport - nemgerator,VMRS_HB_COMPLETE_v20 page 8_pages_1-25.md
002-050-346,,002,050,Warning Label - Refrigerator,VMRS_HB_COMPLETE_v20 page 8_pages_1-25.md
002-050-348,,002,050,Cabinet - Middle Right,VMRS_HB_COMPLETE_v20 page 8_pages_1-25.md
002-050-340,,002,050,Support TV Shalf,VMRS_HB_COMPLETE_v20 page 8_pages_1-25.md
002-000-049,,002,000,,VMRS_HB_COMPLETE_v20 page 8_pages_1-25.md
002-050-350,,002,050,Sneit - Sleeper,VMRS_HB_COMPLETE_v20 page 8_pages_1-25.md
002-050-353,,002,050,Strap - TV/VCR,VMRS_HB_COMPLETE_v20 page 8_pages_1-25.md
002-050-354,,002,050,Louver - Vent,VMRS_HB_COMPLETE_v20 page 8_pages_1-25.md
002-050-355,,002,050,Cabinet - Lower Rear,VMRS_HB_COMPLETE_v20 page 8_pages_1-25.md
002-000-000,,002,000,Channel Lower Dear Cabinet,VMRS_HB_COMPLETE_v20 page 8_pages_1-25.md
002-050-550,,002,050,Channel - Lower Real Capinel,VMRS_HB_COMPLETE_v20 page 8_pages_1-25.md
002-050-358,,002,050,"Cover - Speaker, Right",VMRS_HB_COMPLETE_v20 page 8_pages_1-25.md
002-050-359,,002,050,"Headliner - Padded, Center",VMRS_HB_COMPLETE_v20 page 8_pages_1-25.md
002-050-361,,002,050,"Side - Padded, Upper Right",VMRS_HB_COMPLETE_v20 page 8_pages_1-25.md
002-050-362,,002,050,Sido Daddad Uppor Loft,VMRS_HB_COMPLETE_v20 page 8_pages_1-25.md
002-000-002,,002,000,Well Devel - Developer Leit,VMRS_HB_COMPLETE_v20 page 8_pages_1-25.md
002-050-363,,002,050,"wall Panel - Padded, Upper Rear",VMRS_HB_COMPLETE_v20 page 8_pages_1-25.md
002-050-364,,002,050,Trim - Headliner,VMRS_HB_COMPLETE_v20 page 8_pages_1-25.md
002-050-365,,002,050,Interior Kit - Lower,VMRS_HB_COMPLETE_v20 page 8_pages_1-25.md
002-050-366,,002,050,Panel - Back,VMRS_HB_COMPLETE_v20 page 8_pages_1-25.md
002-050-367,,002,050,Panol Corpor Dight Front,VMRS_HB_COMPLETE_v20 page 8_pages_1-25.md
002-050-307,,002,050,,VMRS_HB_COMPLETE_v20 page 8_pages_1-25.md
002-050-368,,002,050,"Panel - Corner, Lett Front",VMRS_HB_COMPLETE_v20 page 8_pages_1-25.md
002-050-369,,002,050,"Panel - Side, Left",VMRS_HB_COMPLETE_v20 page 8_pages_1-25.md
002-050-370,,002,050,Door Pad - Left,VMRS_HB_COMPLETE_v20 page 8_pages_1-25.md
002-050-371,,002,050,Panel - Below Walkthru,VMRS_HB_COMPLETE_v20 page 8_pages_1-25.md
002-050-071,,002,050,Cornet Fleer Front,VMRS_HB_COMPLETE_v20 page 8_pages_1-25.md
002-050-372,,002,050,"Carpet - Floor, Front",VMRS_HB_COMPLETE_v20 page 8_pages_1-25.md
002-050-373,,002,050,Door Pad - Right,VMRS_HB_COMPLETE_v20 page 8_pages_1-25.md
002-050-374,,002,050,Panel - Bulkhead,VMRS_HB_COMPLETE_v20 page 8_pages_1-25.md
002-050-377,,002,050,Diaphragm - Left Door,VMRS_HB_COMPLETE_v20 page 8_pages_1-25.md
002-050-279,,002,050,Diaphragm Dight Door,VMRS_HB_COMPLETE_v20 page 8_pages_1-25.md
002-000-376,,002,000,Diapiliagin - Right Dool,VMRS_HB_COMPLETE_v20 page 8_pages_1-25.md
002-050-379,,002,050,Insulation Kit - Lower,VMRS_HB_COMPLETE_v20 page 8_pages_1-25.md
002-050-380,,002,050,"Insulation - Panel, Back/Side",VMRS_HB_COMPLETE_v20 page 8_pages_1-25.md
002-050-381,,002,050,"Insulation - Corner Post, Front",VMRS_HB_COMPLETE_v20 page 8_pages_1-25.md
002-050-382,,002,050,Insulation - Side,VMRS_HB_COMPLETE_v20 page 8_pages_1-25.md
002-050-383,,002,050,Insulation - Above/Below Door,VMRS_HB_COMPLETE_v20 page 8_pages_1-25.md
002-050-384,,002,050,"Insulation - Panel, Front",VMRS_HB_COMPLETE_v20 page 8_pages_1-25.md
002-050-385,,002,050,Insulation - Below Walkthru,VMRS_HB_COMPLETE_v20 page 8_pages_1-25.md
002-050-386,,002,050,Insulation - Beside Walkthru,VMRS_HB_COMPLETE_v20 page 8_pages_1-25.md
002-000-007,,002,000,Insulation - Opper Of Walkting,VMRS_HB_COMPLETE_v20 page 8_pages_1-25.md
002-050-388,,002,050,Insulation Kit - Luggage Door,VMRS_HB_COMPLETE_v20 page 8_pages_1-25.md
002-050-389,,002,050,Insulation - Below Baggage Door,VMRS_HB_COMPLETE_v20 page 8_pages_1-25.md
002-050-390,,002,050,"Insulation - Baggage Door, Fore/Aft",VMRS_HB_COMPLETE_v20 page 8_pages_1-25.md
002-050-301,,002,050,Insulation - Above Baggage Door,VMRS_HB_COMPLETE_v20 page 8_pages_1-25.md
002-050-001,,002,050,Insulation Forward Of Vent,VMRS_HB_COMPLETE_v20 page 8_pages_1-25.md
002-050-392,,002,050,Insulation - Forward Of vent,VMRS_HB_COMPLETE_v20 page 8_pages_1-25.md
002-050-393,,002,050,Insulation - Rear Of Vent,VMRS_HB_COMPLETE_v20 page 8_pages_1-25.md
002-050-394,,002,050,Insulation - Upper Right,VMRS_HB_COMPLETE_v20 page 8_pages_1-25.md
002-050-395,,002,050,Insulation Kit - Exit Door,VMRS_HB_COMPLETE_v20 page 8_pages_1-25.md
002-050-590,,002,050,"Insulation - Exit Door, 1 Ore/Alt",VMRS_HB_COMPLETE_v20 page 8_pages_1-25.md
002-050-397,,002,050,"Insulation - Exit Door, Above/Below",VMRS_HB_COMPLETE_v20 page 8_pages_1-25.md
002-050-398,,002,050,Insulation - Roof,VMRS_HB_COMPLETE_v20 page 8_pages_1-25.md
002-050-399,,002,050,Baggage Door Assembly,VMRS_HB_COMPLETE_v20 page 8_pages_1-25.md
002-050-400,,002,050,Skin - Baggage Door,VMRS_HB_COMPLETE_v20 page 8_pages_1-25.md
002-050-401,,002,050,Casket Deer Lateh Sleeper,VMRS_HB_COMPLETE_v20 page 8_pages_1-25.md
002-050-402,,002,050,"Laton - Door, Sleeper",VMRS_HB_COMPLETE_v20 page 8_pages_1-25.md
002-050-403,,002,050,Brace - Door Latch,VMRS_HB_COMPLETE_v20 page 8_pages_1-25.md
002-050-404,,002,050,"Hardware, Mounting - Baggage Door Latch",VMRS_HB_COMPLETE_v20 page 8_pages_1-25.md
002-050-405,,002,050,Catch - Door,VMRS_HB_COMPLETE_v20 page 8_pages_1-25.md
002-050-406,,002,050,Hardwara Mounting Door Catch,VMRS_HB_COMPLETE_v20 page 8_pages_1-25.md
002-050-407,,002,050,Hinge - Baggage Door,VMRS_HB_COMPLETE_v20 page 8_pages_1-25.md
002-050-409,,002,050,Door Stop,VMRS_HB_COMPLETE_v20 page 8_pages_1-25.md
002-050-410,,002,050,Hardware Mounting - Door Stop,VMRS_HB_COMPLETE_v20 page 8_pages_1-25.md
002-050-411,,002,050,Cover - Baggage Door Latch,VMRS_HB_COMPLETE_v20 page 8_pages_1-25.md
002-000-411,,002,000,,VMRS_HB_COMPLETE_v20 page 8_pages_1-25.md
002-050-412,,002,050,Door & Frame Assembly,VMRS_HB_COMPLETE_v20 page 8_pages_1-25.md
002-050-415,,002,050,Exit Door Assembly,VMRS_HB_COMPLETE_v20 page 8_pages_1-25.md
002-050-416,,002,050,Plate - Access Cover,VMRS_HB_COMPLETE_v20 page 8_pages_1-25.md
002-050-417,,002,050,Seal - Hinge,VMRS_HB_COMPLETE_v20 page 8_pages_1-25.md
000-050-410,,000,050,Dolting Ctrip Cleaner Fuit Deer,VMRS_HB_COMPLETE_v20 page 8_pages_1-25.md
002-000-418,,002,000,Doluing Surp - Steeper Exit Door,VMRS_HB_COMPLETE_v20 page 8_pages_1-25.md
002-050-419,,002,050,"Retainer - Bolting Strip, Sleeper Exit Door",VMRS_HB_COMPLETE_v20 page 8_pages_1-25.md
002-050-420,,002,050,Spring Pin - Sleeper Door,VMRS_HB_COMPLETE_v20 page 8_pages_1-25.md
002-050-421,,002,050,Tab - Door Stop,VMRS_HB_COMPLETE_v20 page 8_pages_1-25.md
002-000-422,,002,000,,VMRS_HB_COMPLETE_v20 page 8_pages_1-25.md
002-050-423,,002,050,Door Wedge,VMRS_HB_COMPLETE_v20 page 8_pages_1-25.md
002-050-424,,002,050,Nut Plate - Door Latch,VMRS_HB_COMPLETE_v20 page 8_pages_1-25.md
002-050-425,,002,050,Striker Plate,VMRS_HB_COMPLETE_v20 page 8_pages_1-25.md
002-050-426,,002,050,Striker Pin,VMRS_HB_COMPLETE_v20 page 8_pages_1-25.md
002-050-506,,002,050,"Door - Roll-Up, Sleeper Cabinet | 002-050-577 | Frame Side - Bunk",VMRS_HB_COMPLETE_v20 page 8_pages_1-25.md
002-050-507,,002,050,Table Assembly - Sleeper | 002-050-578 | Bracket - Bunk Pivot,VMRS_HB_COMPLETE_v20 page 8_pages_1-25.md
002-050-508,,002,050,"Hardware, Mounting - Sleeper Table Assembly | 002-050-579 | Cover - Skylight",VMRS_HB_COMPLETE_v20 page 8_pages_1-25.md
002-050-509,,002,050,"Assembly - Rocker Cover Sleeper Side | 002-050-580 | Frame - Side Window, Sleeper",VMRS_HB_COMPLETE_v20 page 8_pages_1-25.md
002-050-510,,002,050,"Bracket - Bunk Support | 002-050-581 | Reinforcement - Side Window, Sleeper",VMRS_HB_COMPLETE_v20 page 8_pages_1-25.md
002-050-511,,002,050,"Bracket Shoo Tray | 002-050-582 | Brackel - Screen, Rear Window",VMRS_HB_COMPLETE_v20 page 8_pages_1-25.md
002-050-512,,002,050,Bracket - Storage Tray Sleeper | 002-050-584 | Partition - Bunk Side,VMRS_HB_COMPLETE_v20 page 8_pages_1-25.md
002-050-514,,002,050,"Bracket - Upper Bunk, Stow | 002-050-585 | Cover - Latch, Lower Bunk",VMRS_HB_COMPLETE_v20 page 8_pages_1-25.md
002-050-515,,002,050,"Fan - Ventilator | 002-050-586 | Spacer - Foam, Cooler Cabinet",VMRS_HB_COMPLETE_v20 page 8_pages_1-25.md
002-050-516,,002,050,"Sleeper - Complete | 002-050-587 | Cover - Lever, Cabinet Drawer",VMRS_HB_COMPLETE_v20 page 8_pages_1-25.md
002-050-517,,002,050,Top - Cabinet | 002-050-588 | Handle - Cabinet Door,VMRS_HB_COMPLETE_v20 page 8_pages_1-25.md
002-050-518,,002,050,Writing Pad - Sleeper | 002-050-589 | Fascia - Storage Cabinet,VMRS_HB_COMPLETE_v20 page 8_pages_1-25.md
002-050-519,,002,050,"Window Screen - Sleeper | 002-050-590 | Tread - Step, Cabinet",VMRS_HB_COMPLETE_v20 page 8_pages_1-25.md
002-050-520,,002,050,"Ball Stud - Bunk Sleeper | 002-050-591 | Pocket - Door, Cabinet",VMRS_HB_COMPLETE_v20 page 8_pages_1-25.md
002-050-521,,002,050,"Upper Inm - CloselHardware, Mounting, Slooper Poof Window | 002-050-592 | Sliker - Door, CabinelPlato Bunk Postraint",VMRS_HB_COMPLETE_v20 page 8_pages_1-25.md
002-050-523,,002,050,"Hardware, Mounting - Lower Bunk Assembly | 002-050-594 | Bezel - Control Panel Sleeper",VMRS_HB_COMPLETE_v20 page 8_pages_1-25.md
002-050-524,,002,050,"Hardware, Mounting - Baggage Door Hinge | 002-050-595 | Bracket - Control Panel, Sleeper",VMRS_HB_COMPLETE_v20 page 8_pages_1-25.md
002-050-525,,002,050,"Window, Side - Sleeper | 002-050-596 | Reinforcement - Storage, Sleeper Roof",VMRS_HB_COMPLETE_v20 page 8_pages_1-25.md
002-050-526,,002,050,"Hardware, Mounting - Sleeper Side Window | 002-050-597 | Shelf - Storage, Roof, Side",VMRS_HB_COMPLETE_v20 page 8_pages_1-25.md
002-050-527,,002,050,"Hardware, Mounting - Track, Sleeper Curtain | 002-050-598 | Liner - Console, Rear Mid-Roof",VMRS_HB_COMPLETE_v20 page 8_pages_1-25.md
002-050-528,,002,050,"Hardware, Mounting - Sleeper Unit, Complete | 002-050-599 | Cover - Support Bracket, Rear Cabinet",VMRS_HB_COMPLETE_v20 page 8_pages_1-25.md
002-050-529,,002,050,"Panel - Base, Cabinet | 002-050-600 | Fascia - Roof Side, Forward Sleeper",VMRS_HB_COMPLETE_v20 page 8_pages_1-25.md
002-050-530,,002,050,"Grab Handle - Bunk | 002-050-601 | Clip - Door Handle, Inner, Sleeper",VMRS_HB_COMPLETE_v20 page 8_pages_1-25.md
002-050-531,,002,050,"Hinge - Cabinet | 002-050-002 | Rod - Level, Access Door, Sleepel",VMRS_HB_COMPLETE_v20 page 8_pages_1-25.md
002-050-533,,002,050,Slide - Drawer Cabinet | 002-050-604 | Hinge - Table Sleeper,VMRS_HB_COMPLETE_v20 page 8_pages_1-25.md
002-050-534,,002,050,"Port - Auxiliary Power, Sleeper | 002-050-605 | Plate - Striker, Table, Sleeper",VMRS_HB_COMPLETE_v20 page 8_pages_1-25.md
002-050-535,,002,050,"Relay - Control Panel, Sleeper | 002-050-606 | Hinge - Door, Storage, Back Wall",VMRS_HB_COMPLETE_v20 page 8_pages_1-25.md
002-050-536,,002,050,"Check - Compartment, Baggage Door | 002-050-607 | Cable - Latch, Baggage Door",VMRS_HB_COMPLETE_v20 page 8_pages_1-25.md
002-050-537,,002,050,"Lock - Compartment, Baggage Door | 002-050-608 | Handle - Baggage Door",VMRS_HB_COMPLETE_v20 page 8_pages_1-25.md
002-050-538,,002,050,"Latch - Compartment, Baggage Door | 002-050-609 | Bracket- Striker, Baggage Door",VMRS_HB_COMPLETE_v20 page 8_pages_1-25.md
002-050-539,,002,050,"Cover - Support, Bunk | 002-050-610 | Bracket - Pull Cable, Baggage Door",VMRS_HB_COMPLETE_v20 page 8_pages_1-25.md
002-050-540,,002,050,"Support - Wing, Bunk | 002-050-611 | Cable - Tether, Baggage Door",VMRS_HB_COMPLETE_v20 page 8_pages_1-25.md
002-050-541,,002,050,"Laich - SunfoolStrut Vent Window | 002-050-012 | Calch - Cabinet, Reingerator",VMRS_HB_COMPLETE_v20 page 8_pages_1-25.md
002-050-542,,002,050,Bod and Bollers - Vent | 002-050-614 | Panel - Closeout Cabinet Middle Left,VMRS_HB_COMPLETE_v20 page 8_pages_1-25.md
002-050-544,,002,050,"Bracket - Bunk Latch, Lower | 002-050-615 | Pad - Bunk Pan",VMRS_HB_COMPLETE_v20 page 8_pages_1-25.md
002-050-545,,002,050,"Drawer - Storage, Drivers Lounge | 002-050-616 | Fabric - Elastomeric, Upper Bunk",VMRS_HB_COMPLETE_v20 page 8_pages_1-25.md
002-050-546,,002,050,"Panel - Bunk, Front | 002-050-617 | Striker - Upper Bunk",VMRS_HB_COMPLETE_v20 page 8_pages_1-25.md
002-050-547,,002,050,"Rail - Bunk, Front | 002-050-618 | Hinge - Window, Side",VMRS_HB_COMPLETE_v20 page 8_pages_1-25.md
002-050-548,,002,050,"Partition - Storage, Under Bunk | 002-050-619 | Window - Vent, Side",VMRS_HB_COMPLETE_v20 page 8_pages_1-25.md
002-050-549,,002,050,"Cabinet - Overhead, Center, Front | 002-050-620 | Handle - Window, Side",VMRS_HB_COMPLETE_v20 page 8_pages_1-25.md
002-050-552,,002,050,Bracket - Bunk Restraint | 002-050-623 | Roller - Pivot Lower Bunk,VMRS_HB_COMPLETE_v20 page 8_pages_1-25.md
002-050-553,,002,050,"Retainer - Seal, Walkthrough | 002-050-624 | Shoe Box - Sleeper",VMRS_HB_COMPLETE_v20 page 8_pages_1-25.md
002-050-554,,002,050,"Cover - Harness | 002-050-625 | Duct - Heater, Lower Bunk",VMRS_HB_COMPLETE_v20 page 8_pages_1-25.md
002-050-555,,002,050,Rail - Bunk End | 002-050-626 | Shroud - Control Panel,VMRS_HB_COMPLETE_v20 page 8_pages_1-25.md
002-050-556,,002,050,"Step - Sleeper Access | 002-050-627 | Bracket -Storage Compartment, Floor",VMRS_HB_COMPLETE_v20 page 8_pages_1-25.md
002-050-557,,002,050,"Cover - Cutout, Walkthrough | 002-050-628 | Tread - Anti-Skid, Storage Compartment",VMRS_HB_COMPLETE_v20 page 8_pages_1-25.md
002-050-558,,002,050,"Partition - Shelf, Sleeper | 002-050-629 | Cap - Bolt, Bunk Restraint",VMRS_HB_COMPLETE_v20 page 8_pages_1-25.md
002-050-559,,002,050,"Flange - Partition, Sleeper | 002-050-630 | Busning - Striker Pin, Bunk",VMRS_HB_COMPLETE_v20 page 8_pages_1-25.md
002-050-560,,002,050,Beam - Sleeper Box Frame Horizontal | 002-050-031 | Ring - Clamp Side Window,VMRS_HB_COMPLETE_v20 page 8_pages_1-25.md
002-050-562,,002,050,Post - Door Frame Vertical | 002-050-633 | Screen - Mesh Cabinet,VMRS_HB_COMPLETE_v20 page 8_pages_1-25.md
002-050-563,,002,050,"Beam - Door Frame, Horizontal | 002-050-634 | Drip Rail - Floor",VMRS_HB_COMPLETE_v20 page 8_pages_1-25.md
002-050-564,,002,050,"Reinforcement - Door Check, Sleeper | 002-050-635 | Bracket - Latch, Door, Sleeper",VMRS_HB_COMPLETE_v20 page 8_pages_1-25.md
002-050-565,,002,050,"Hinge - Access Door, Sleeper | 002-050-636 | Plate - Switch Mounting, Baggage Door",VMRS_HB_COMPLETE_v20 page 8_pages_1-25.md
002-050-566,,002,050,"Panel - Storage Compartment | 002-050-637 | Panel - Side, Right",VMRS_HB_COMPLETE_v20 page 8_pages_1-25.md
002-050-567,,002,050,"Cover - Exit Door, Sleeper | 002-050-638 | Wear Strip - Bunk, Sleeper",VMRS_HB_COMPLETE_v20 page 8_pages_1-25.md
002-050-568,,002,050,"Panel - Storage Unit, Floor | 002-050-639 | Box - Heater, Sleeper",VMRS_HB_COMPLETE_v20 page 8_pages_1-25.md
002-050-569,,002,050,"Storage Cabinet - Rear, Floor | 002-050-640 | BIOCK - LATCH RESTRAINT, Upper BUNK",VMRS_HB_COMPLETE_v20 page 8_pages_1-25.md
002-050-570,,002,050,Panel - Storage Back Wall | 002-050-041 | Lever - Lock Access Door Sleeper,VMRS_HB_COMPLETE_v20 page 8_pages_1-25.md
002-050-572,,002,050,"Reinforcement - Panel Storage Back Wall | 002-050-643 | Lever - Lock, Baddade Door",VMRS_HB_COMPLETE_v20 page 8_pages_1-25.md
002-050-573,,002,050,"Extrusion - Back Wall, Storage Compartment | 002-050-644 | Liner - Shelf, Storage Cabinet",VMRS_HB_COMPLETE_v20 page 8_pages_1-25.md
002-050-574,,002,050,"Reinforcement - Latch, Baggage Door | 002-050-645 | Trim - Beltline, Sleeper",VMRS_HB_COMPLETE_v20 page 8_pages_1-25.md
002-050-575,,002,050,"Pivot - Bunk | 002-050-646 | Drip Rail - Roof, Sleeper",VMRS_HB_COMPLETE_v20 page 8_pages_1-25.md
002-050-576,,002,050,"Frame End - Bunk | 002-050-647 | Panel - Roof, Sleeper, Rear",VMRS_HB_COMPLETE_v20 page 8_pages_1-25.md
002-050-648,,002,050,"Panel - Roof, Halo, Sleeper",VMRS_HB_COMPLETE_v20 page 8_pages_1-25.md
002-050-649,,002,050,"Panel - Roof, Sleeper, Upper",VMRS_HB_COMPLETE_v20 page 8_pages_1-25.md
002-050-650,,002,050,Cabinet - Television,VMRS_HB_COMPLETE_v20 page 8_pages_1-25.md
002-050-651,,002,050,Crossbar - Storage Cabinet,VMRS_HB_COMPLETE_v20 page 8_pages_1-25.md
002-050-652,,002,050,Roof Assembly - Raised,VMRS_HB_COMPLETE_v20 page 8_pages_1-25.md
002-050-653,,002,050,Skin - Boof Baised Center,VMRS_HB_COMPLETE_v20 page 8_pages_1-25.md
002-050-654,,002,050,Skin - Boof Baised Side,VMRS_HB_COMPLETE_v20 page 8_pages_1-25.md
002-050-655,,002,050,Skin Doof Daisod Doar,VMRS_HB_COMPLETE_v20 page 8_pages_1-25.md
002-050-055,,002,050,Bracket Grab Handle Cabinet,VMRS_HB_COMPLETE_v20 page 8_pages_1-25.md
002-050-050,,002,050,Soal Bunk Comportment,VMRS_HB_COMPLETE_v20 page 8_pages_1-25.md
002-050-057,,002,050,Sear - Dunk Companinent,VMRS_HB_COMPLETE_v20 page 8_pages_1-25.md
002-050-058,,002,050,"Support - Guide, Table, Sleeper",VMRS_HB_COMPLETE_v20 page 8_pages_1-25.md
002-050-059,,002,050,"Cover - Laich, Opper Bunk",VMRS_HB_COMPLETE_v20 page 8_pages_1-25.md
002-050-660,,002,050,"Seat Box - Lounge, Sleeper",VMRS_HB_COMPLETE_v20 page 8_pages_1-25.md
002-050-661,,002,050,"lop - Seat Box, Sleeper",VMRS_HB_COMPLETE_v20 page 8_pages_1-25.md
002-050-662,,002,050,"Tub - Storage, Lower Bunk",VMRS_HB_COMPLETE_v20 page 8_pages_1-25.md
002-050-663,,002,050,Sill - Baggage Door,VMRS_HB_COMPLETE_v20 page 8_pages_1-25.md
002-050-664,,002,050,"Cover - Back Wall, Baggage Compartment",VMRS_HB_COMPLETE_v20 page 8_pages_1-25.md
002-050-665,,002,050,"Carpet - Insert, Bunk Partition",VMRS_HB_COMPLETE_v20 page 8_pages_1-25.md
002-050-666,,002,050,"Ladder - Bunk, Sleeper",VMRS_HB_COMPLETE_v20 page 8_pages_1-25.md
002-050-667,,002,050,"Closet - Clothes, Sleeper",VMRS_HB_COMPLETE_v20 page 8_pages_1-25.md
002-050-668,,002,050,"Bracket - Door Support, Cabinet",VMRS_HB_COMPLETE_v20 page 8_pages_1-25.md
002-050-669,,002,050,"Stiffener - Curtain, Side Window",VMRS_HB_COMPLETE_v20 page 8_pages_1-25.md
002-050-670,,002,050,"Ball Joint - Side Window, Sleeper",VMRS_HB_COMPLETE_v20 page 8_pages_1-25.md
002-050-671,,002,050,Sofa - Sleeper,VMRS_HB_COMPLETE_v20 page 8_pages_1-25.md
002-050-672,,002,050,Bod - Curtain Cabinet,VMRS_HB_COMPLETE_v20 page 8_pages_1-25.md
002-050-673,,002,050,Bracket - Gas Spring Exit Door,VMRS_HB_COMPLETE_v20 page 8_pages_1-25.md
002-050-674,,002,050,Extrusion - Baggage Door,VMRS_HB_COMPLETE_v20 page 8_pages_1-25.md
002-050-074,,002,050,Trim Panol Sholf Upper Dock,VMRS_HB_COMPLETE_v20 page 8_pages_1-25.md
002-050-075,,002,050,Housing Decentacle Television,VMRS_HB_COMPLETE_v20 page 8_pages_1-25.md
002-050-070,,002,050,Plate Lamp Upper Puple,VMRS_HB_COMPLETE_v20 page 8_pages_1-25.md
002-050-077,,002,050,"Plate - Lamp, Opper Burk",VMRS_HB_COMPLETE_v20 page 8_pages_1-25.md
002-050-078,,002,050,"Gable - Cabinet, Forward",VMRS_HB_COMPLETE_v20 page 8_pages_1-25.md
002-050-679,,002,050,"Gable - Cabinet, Rear",VMRS_HB_COMPLETE_v20 page 8_pages_1-25.md
002-050-680,,002,050,"Support - Work Surface, Sleeper",VMRS_HB_COMPLETE_v20 page 8_pages_1-25.md
002-050-681,,002,050,"Trim - Drawer, Sleeper",VMRS_HB_COMPLETE_v20 page 8_pages_1-25.md
002-050-682,,002,050,"Hinge - Writing Surface, Sleeper",VMRS_HB_COMPLETE_v20 page 8_pages_1-25.md
002-050-683,,002,050,"Bracket - Net, Storage Compartment",VMRS_HB_COMPLETE_v20 page 8_pages_1-25.md
002-050-684,,002,050,Mounting Bracket - Storage Compartment,VMRS_HB_COMPLETE_v20 page 8_pages_1-25.md
002-050-685,,002,050,"Fascia - Roof Center, Forward Sleeper",VMRS_HB_COMPLETE_v20 page 8_pages_1-25.md
002-050-686,,002,050,"Extrusion - Side Wall, Storage Compartment",VMRS_HB_COMPLETE_v20 page 8_pages_1-25.md
002-050-687,,002,050,Restraint - Sleeper Curtain,VMRS_HB_COMPLETE_v20 page 8_pages_1-25.md
002-050-688,,002,050,Angle - Curtain Restraint,VMRS_HB_COMPLETE_v20 page 8_pages_1-25.md
002-050-689,,002,050,Tongue - Curtain Restraint,VMRS_HB_COMPLETE_v20 page 8_pages_1-25.md
002-050-690,,002,050,Cover - Bunk,VMRS_HB_COMPLETE_v20 page 8_pages_1-25.md
002-050-691,,002,050,Curtain - Privacv,VMRS_HB_COMPLETE_v20 page 8_pages_1-25.md
002-050-692,,002,050,Curtain - Bunk,VMRS_HB_COMPLETE_v20 page 8_pages_1-25.md
002-050-693,,002,050,Mounting Plate - Curtain Bod,VMRS_HB_COMPLETE_v20 page 8_pages_1-25.md
002-050-694,,002,050,"Plate - Top, Curtain Mounting",VMRS_HB_COMPLETE_v20 page 8_pages_1-25.md
002-050-695,,002,050,Snan - Curtain,VMRS_HB_COMPLETE_v20 page 8_pages_1-25.md
002-050-095,,002,050,Mount Assembly - Bunk Curtain,VMRS_HB_COMPLETE_v20 page 8_pages_1-25.md
002-050-090,,002,050,Glide Curtain,VMRS_HB_COMPLETE_v20 page 8_pages_1-25.md
002-050-097,,002,050,End Con Curtain Slide,VMRS_HB_COMPLETE_v20 page 8_pages_1-25.md
002-050-096,,002,050,End Cap - Curtain Silde,VMRS_HB_COMPLETE_v20 page 8_pages_1-25.md
002-050-099,,002,050,Iray - End Bunk,VMRS_HB_COMPLETE_v20 page 8_pages_1-25.md
002-050-700,,002,050,Pad - Closet Wall,VMRS_HB_COMPLETE_v20 page 8_pages_1-25.md
002-050-701,,002,050,"Pad - Bunk, Forward",VMRS_HB_COMPLETE_v20 page 8_pages_1-25.md
002-050-702,,002,050,"Pad - Bunk, Rear",VMRS_HB_COMPLETE_v20 page 8_pages_1-25.md
002-050-703,,002,050,Trim - Bunk Catch,VMRS_HB_COMPLETE_v20 page 8_pages_1-25.md
002-050-704,,002,050,"Latch - Leg, Table",VMRS_HB_COMPLETE_v20 page 8_pages_1-25.md
002-050-705,,002,050,"Bumper - Latching Leg, Table",VMRS_HB_COMPLETE_v20 page 8_pages_1-25.md
002-050-706,,002,050,Cushion - Mattress Extension,VMRS_HB_COMPLETE_v20 page 8_pages_1-25.md
002-050-707,,002,050,"Cushion - Seat, Sleeper",VMRS_HB_COMPLETE_v20 page 8_pages_1-25.md
002-050-708,,002,050,Plate Assembly - Coat Hook,VMRS_HB_COMPLETE_v20 page 8_pages_1-25.md
002-050-709,,002,050,"Cover - Accessory Plug, Sleeper",VMRS_HB_COMPLETE_v20 page 8_pages_1-25.md
002-050-710,,002,050,"Trim Panel - Dinette, Sleeper",VMRS_HB_COMPLETE_v20 page 8_pages_1-25.md
002-050-711,,002,050,"Retainer - Pivot Bushing, Upper Bunk",VMRS_HB_COMPLETE_v20 page 8_pages_1-25.md
002-050-712,,002,050,"Rear Wall - Storage Cabinet, Sleeper",VMRS_HB_COMPLETE_v20 page 8_pages_1-25.md
002-050-713,,002,050,Retainer Collar - Post. Dinette Table. Sleeper,VMRS_HB_COMPLETE_v20 page 8_pages_1-25.md
002-050-714,,002,050,"Post - Dinette Table, Sleeper",VMRS_HB_COMPLETE_v20 page 8_pages_1-25.md
002-050-715,,002,050,Floor Spacer - Dinette Table Sleeper,VMRS_HB_COMPLETE_v20 page 8_pages_1-25.md
002-050-716,,002,050,Cover Ring - Retainer Collar Dinette Table,VMRS_HB_COMPLETE_v20 page 8_pages_1-25.md
002-050-717,,002,050,Backing Plate - Retainer Collar Dinette Table,VMRS_HB_COMPLETE_v20 page 8_pages_1-25.md
002-050-718,,002,050,Handle - Release Unner Runk,VMRS_HB_COMPLETE_v20 page 8_pages_1-25.md
002-050-719,,002,050,"Extrusion - Duct, Heater, Lower Bunk",VMRS_HB_COMPLETE_v20 page 8_pages_1-25.md
002-050-720,,002,050,"Panel - Closeout, Cabinet",VMRS_HB_COMPLETE_v20 page 8_pages_1-25.md
002-050-721,,002,050,Cabinet Assembly,VMRS_HB_COMPLETE_v20 page 8_pages_1-25.md
002-050-722,,002,050,Door - Sleeper Cabinet,VMRS_HB_COMPLETE_v20 page 8_pages_1-25.md
002-050-723,,002,050,"Reinforcement - Hinge, Compartment Top",VMRS_HB_COMPLETE_v20 page 8_pages_1-25.md
002-050-724,,002,050,"Frame - Bench, Dinette Seat",VMRS_HB_COMPLETE_v20 page 8_pages_1-25.md
002-050-725,,002,050,"Frame - Back, Dinette Seat",VMRS_HB_COMPLETE_v20 page 8_pages_1-25.md
002-050-726,,002,050,Hinge - Dinette Seat,VMRS_HB_COMPLETE_v20 page 8_pages_1-25.md
002-050-727,,002,050,Door - Dinette Seat,VMRS_HB_COMPLETE_v20 page 8_pages_1-25.md
002-050-728,,002,050,"Retainer - Latch, Seat Top, Drivers Lounge",VMRS_HB_COMPLETE_v20 page 8_pages_1-25.md
002-050-729,,002,050,"Support - Mirror, Cabinet",VMRS_HB_COMPLETE_v20 page 8_pages_1-25.md
002-050-730,,002,050,"Bracket - Leg, Table",VMRS_HB_COMPLETE_v20 page 8_pages_1-25.md
002-050-731,,002,050,Bracket - Drivers Lounge,VMRS_HB_COMPLETE_v20 page 8_pages_1-25.md
002-050-732,,002,050,"Panel - Closeout, Drivers Lounge",VMRS_HB_COMPLETE_v20 page 8_pages_1-25.md
002-050-733,,002,050,"Reinforcement - Roof Trim, Opper",VMRS_HB_COMPLETE_v20 page 8_pages_1-25.md
002-050-734,,002,050,Capada Overhead Bear Sleeper,VMRS_HB_COMPLETE_v20 page 8_pages_1-25.md
002-050-735,,002,050,End Can Overhead Consola Boar Slooper,VMRS_HB_COMPLETE_v20 page 8_pages_1-25.md
002-050-738,,002,050,"Carpet - HVAC, Storage Compartment",VMRS_HB_COMPLETE_v20 page 8_pages_1-25.md
002-050-741,,002,050,Drawer - Writing Surface,VMRS_HB_COMPLETE_v20 page 8_pages_1-25.md
002-050-742,,002,050,Door -Tool Compartment Sleeper,VMRS_HB_COMPLETE_v20 page 8_pages_1-25.md
002-050-743,,002,050,Brace - Bear Wall Upper Vertical,VMRS_HB_COMPLETE_v20 page 8_pages_1-25.md
002-050-744,,002,050,"Brace - Rear Wall, Lower, Vertical",VMRS_HB_COMPLETE_v20 page 8_pages_1-25.md
002-050-745,,002,050,"Brace - Rear Wall, Upper, Horizontal",VMRS_HB_COMPLETE_v20 page 8_pages_1-25.md
002-050-746,,002,050,"Brace - Rear Wall, Lower, Horizontal",VMRS_HB_COMPLETE_v20 page 8_pages_1-25.md
002-050-747,,002,050,Door - Wardrobe,VMRS_HB_COMPLETE_v20 page 8_pages_1-25.md
002-050-748,,002,050,"Frame - Door, Tool Compartment",VMRS_HB_COMPLETE_v20 page 8_pages_1-25.md
002-050-749,,002,050,"Extrusion - Rubber, Cab/Sleeper Joint",VMRS_HB_COMPLETE_v20 page 8_pages_1-25.md
002-050-750,,002,050,Lock Cylinder and Keys - Sleeper,VMRS_HB_COMPLETE_v20 page 8_pages_1-25.md
002-050-751,,002,050,Lock Cylinder and Keys - Baggage Compartment,VMRS_HB_COMPLETE_v20 page 8_pages_1-25.md
002-050-752,,002,050,"Window Screen - Side Window, Sleeper",VMRS_HB_COMPLETE_v20 page 8_pages_1-25.md
002-050-753,,002,050,Sleeper Assembly - Complete,VMRS_HB_COMPLETE_v20 page 8_pages_1-25.md
002-050-754,,002,050,Anchors - TV Strap,VMRS_HB_COMPLETE_v20 page 8_pages_1-25.md
002-050-755,,002,050,"Belt - Tie-Down, Microwave",VMRS_HB_COMPLETE_v20 page 8_pages_1-25.md
002-050-756,,002,050,"Sill - Roof, Front/Rear, Sleeper",VMRS_HB_COMPLETE_v20 page 8_pages_1-25.md
002-050-757,,002,050,"Pillar - Inboard, Sleeper",VMRS_HB_COMPLETE_v20 page 8_pages_1-25.md
002-050-758,,002,050,Striker - Bunk Latch,VMRS_HB_COMPLETE_v20 page 8_pages_1-25.md
002-050-759,,002,050,"Striker - Drawer, Closet",VMRS_HB_COMPLETE_v20 page 8_pages_1-25.md
002-050-760,,002,050,"Panel - Iransition, Right",VMRS_HB_COMPLETE_v20 page 8_pages_1-25.md
002-050-761,,002,050,"Panel - Iransition, Left",VMRS_HB_COMPLETE_v20 page 8_pages_1-25.md
002-050-762,,002,050,"Pad - Rubber Bumper, Hit Bunk",VMRS_HB_COMPLETE_v20 page 8_pages_1-25.md
002-050-763,,002,050,"Side Wall - Padded, Lower Lett",VMRS_HB_COMPLETE_v20 page 8_pages_1-25.md
002-050-764,,002,050,"Side Wall - Padded, Lower Right",VMRS_HB_COMPLETE_v20 page 8_pages_1-25.md
002-050-765,,002,050,"Seal - Lourige, Sleeper",VMRS_HB_COMPLETE_v20 page 8_pages_1-25.md
002-050-771,,002,050,"Headliner - Padded, Left",VMRS_HB_COMPLETE_v20 page 8_pages_1-25.md
002-050-772,,002,050,Skin - Side Left,VMRS_HB_COMPLETE_v20 page 8_pages_1-25.md
002-050-773,,002,050,"Handle - Door, Tool Compartment, Sleeper",VMRS_HB_COMPLETE_v20 page 8_pages_1-25.md
002-050-774,,002,050,"Brace - Rear Wall, Center, Horizontal",VMRS_HB_COMPLETE_v20 page 8_pages_1-25.md
002-050-775,,002,050,"Cover - Mattress, Bunk, Sleeper",VMRS_HB_COMPLETE_v20 page 8_pages_1-25.md
002-050-776,,002,050,"Pillow - Bunk, Sleeper",VMRS_HB_COMPLETE_v20 page 8_pages_1-25.md
002-050-777,,002,050,Grab Handle - Rear Wall,VMRS_HB_COMPLETE_v20 page 8_pages_1-25.md
002-050-778,,002,050,"Slide Lever Kit - Drawer, Lower Storage Cabinet",VMRS_HB_COMPLETE_v20 page 8_pages_1-25.md
002-050-779,,002,050,"Hinge - Door, Closet",VMRS_HB_COMPLETE_v20 page 8_pages_1-25.md
002-050-780,,002,050,Electronic Distribution Unit,VMRS_HB_COMPLETE_v20 page 8_pages_1-25.md
002-050-781,,002,050,"Trim - Door Latch, Emergency Exit, Sleeper",VMRS_HB_COMPLETE_v20 page 8_pages_1-25.md
002-050-782,,002,050,Fastener - Headliner,VMRS_HB_COMPLETE_v20 page 8_pages_1-25.md
002-050-783,,002,050,"Protective Cover - USB Connector Port, Sleeper",VMRS_HB_COMPLETE_v20 page 8_pages_1-25.md
002-057-000,,002,057,Occupant Safety Devices,VMRS_HB_COMPLETE_v20 page 8_pages_1-25.md
002-057-001,,002,057,"Air Bag - Assembly, Driver Side, Front",VMRS_HB_COMPLETE_v20 page 8_pages_1-25.md
002-057-002,,002,057,"Air Bag - Assembly, Passenger Side, Front",VMRS_HB_COMPLETE_v20 page 8_pages_1-25.md
002-057-003,,002,057,"Air Bag - Assembly, Drivers Door",VMRS_HB_COMPLETE_v20 page 8_pages_1-25.md
002-057-004,,002,057,"Air Bag - Assembly, Passenger Door",VMRS_HB_COMPLETE_v20 page 8_pages_1-25.md
002-057-005,,002,057,"Connector, Electrical - Air Bag Wiring",VMRS_HB_COMPLETE_v20 page 8_pages_1-25.md
002-057-006,,002,057,"Wiring Harness - Air Bag, Drivers Side | 002-058-025 | Cable Assembly - Display Assembly",VMRS_HB_COMPLETE_v20 page 8_pages_1-25.md
002-057-007,,002,057,Indicator - Readiness Light | 002-058-026 | Wiring Harness - Display Assembly Lamp,VMRS_HB_COMPLETE_v20 page 8_pages_1-25.md
002-057-008,,002,057,Monitor - Diagnostic | 002-058-027 | Switch - Display Assembly Lamp,VMRS_HB_COMPLETE_v20 page 8_pages_1-25.md
002-057-009,,002,057,Sensor - Crash | 002-058-028 | Curtain -Display Assembly,VMRS_HB_COMPLETE_v20 page 8_pages_1-25.md
002-057-010,,002,057,Sensor - Safing | 002-058-029 | Latch - Destination Sign,VMRS_HB_COMPLETE_v20 page 8_pages_1-25.md
002-057-011,,002,057,Spring - Clock | 002-058-030 | Glass - Destination Sign Door,VMRS_HB_COMPLETE_v20 page 8_pages_1-25.md
002-057-012,,002,057,Processor - Air Bag | 002-058-031 | Seal - Destination Sign Door Glass,VMRS_HB_COMPLETE_v20 page 8_pages_1-25.md
002-057-013,,002,057,"Headache Rack/Cab Guard | 002-058-032 | Connector - Electrical, Destination Sign",VMRS_HB_COMPLETE_v20 page 8_pages_1-25.md
002-057-014,,002,057,Air Bag - Cab Door | 002-058-033 | Cover - Destination Sign,VMRS_HB_COMPLETE_v20 page 8_pages_1-25.md
002-057-015,,002,057,Mounting Bracket - Air Bag Control | 002-059-000 | Truck Bed,VMRS_HB_COMPLETE_v20 page 8_pages_1-25.md
002-057-016,,002,057,Cover - Air Bag | 002-059-001 | Bed Assembly - Complete,VMRS_HB_COMPLETE_v20 page 8_pages_1-25.md
002-057-017,,002,057,"Label - Air Bag, Occupant Safety Device | 002-059-002 | Hardware, Mounting - Truck Bed",VMRS_HB_COMPLETE_v20 page 8_pages_1-25.md
002-057-018,,002,057,Mounting Plate - Air Bag | 002-059-003 | Tonneau Cover - Truck Bed,VMRS_HB_COMPLETE_v20 page 8_pages_1-25.md
002-057-019,,002,057,"Belt -Seat , SPACE Assembly | 002-059-004 | Shock - Bed Cover",VMRS_HB_COMPLETE_v20 page 8_pages_1-25.md
002-057-020,,002,057,"Module - Seat Belt, SPACE Assembly | 002-059-005 | Cap - Fiberglass, Bed",VMRS_HB_COMPLETE_v20 page 8_pages_1-25.md
002-057-021,,002,057,"Cylinder, Gas - Seat Belt, SPACE Assembly | 002-059-006 | Bed Liner",VMRS_HB_COMPLETE_v20 page 8_pages_1-25.md
002-057-022,,002,057,"Cable, Pre-tensioning - Seat Belt, SPACE | 002-059-007 | Pan - Floor, Pickup Box",VMRS_HB_COMPLETE_v20 page 8_pages_1-25.md
002-059-008,,002,059,"Assembly | | Heat Shield - Floor Pan, Pickup Box",VMRS_HB_COMPLETE_v20 page 8_pages_1-25.md
002-057-023,,002,057,"Label - Seat Belt, SPACE Assembly | 002-059-009 | Sill - Floor Pan, Pickup Box",VMRS_HB_COMPLETE_v20 page 8_pages_1-25.md
002-057-024,,002,057,"Wiring Harness - Seat Belt, SPACE Assembly | 002-059-010 | Reinforcement - Sill, Floor Pan, Pickup Box",VMRS_HB_COMPLETE_v20 page 8_pages_1-25.md
002-057-025,,002,057,"Hardware, Mounting - Seat Belt, SPACE | 002-059-011 | Hinge - Lid, Pickup Box",VMRS_HB_COMPLETE_v20 page 8_pages_1-25.md
002-059-012,,002,059,"000 05- 000 | Assembly | | Latch - Lid, Pickup Box",VMRS_HB_COMPLETE_v20 page 8_pages_1-25.md
002-057-026,,002,057,"Hardware, Mounting - Air Bag | 002-059-013 | LOCK - LId, PICKUP BOX",VMRS_HB_COMPLETE_v20 page 8_pages_1-25.md
002-057-027,,002,057,"Security System - Childmate | 002-059-014 | Cover - Lid Lock, Pickup Box",VMRS_HB_COMPLETE_v20 page 8_pages_1-25.md
002-057-028,,002,057,"Retaining Clip - Air Bag | 002-059-015 | Plug - Lid, Pickup Box",VMRS_HB_COMPLETE_v20 page 8_pages_1-25.md
002-057-029,,002,057,"Wiring Harness - Air Bag, Passenger Side | 002-059-016 | Caple - Release, Lid, Pickup Box",VMRS_HB_COMPLETE_v20 page 8_pages_1-25.md
002-057-030,,002,057,"Hardware, Mounting - Air Bag Mounting Plate | 002-059-017 | Handle - Release, Lid, Pickup Box",VMRS_HB_COMPLETE_v20 page 8_pages_1-25.md
002-057-031,,002,057,"Tube - Bracket, Clock Spring | 002-059-018 | Plate - Striker, Lid, Pickup Box",VMRS_HB_COMPLETE_v20 page 8_pages_1-25.md
002-057-032,,002,057,"Switch - Disarm, Air Bag, Passenger Side | 002-059-019 | Strut - Support, Lid, Pickup Box",VMRS_HB_COMPLETE_v20 page 8_pages_1-25.md
002-057-055,,002,057,"Hardware, Mounting - Headache Rack/Cab | 002-059-020 | Weatherstrip Lid Dickup Box",VMRS_HB_COMPLETE_v20 page 8_pages_1-25.md
002-057-034,,002,057,Covor Crash Sonsor Air Bag | 002-059-021 | Molding Dickup Box,VMRS_HB_COMPLETE_v20 page 8_pages_1-25.md
002-057-036,,002,057,Wiring Harness - Crash Sensor | 002-059-023 | Panel - Pickup Box,VMRS_HB_COMPLETE_v20 page 8_pages_1-25.md
002-057-037,,002,057,Switch - Control Unit Air Bag | 002-059-025 | Reinforcement - Panel Pickup Box,VMRS_HB_COMPLETE_v20 page 8_pages_1-25.md
002-057-038,,002,057,Sensor - Occupant Air Bag | 002-059-026 | Cover - Panel Step Pickup Box,VMRS_HB_COMPLETE_v20 page 8_pages_1-25.md
002-057-039,,002,057,Power Reserve Unit - Air Bag | 002-059-027 | Bail - Pickup Box,VMRS_HB_COMPLETE_v20 page 8_pages_1-25.md
002-057-040,,002,057,"Resistor - Delete, Side Curtain Air Bag | 002-059-028 | Gasket - Bail, Pickup Box",VMRS_HB_COMPLETE_v20 page 8_pages_1-25.md
002-057-041,,002,057,"Cover - Trim, Status Indicator, Air Bag System | 002-059-029 | Compartment - Storage, Pickup Box",VMRS_HB_COMPLETE_v20 page 8_pages_1-25.md
002-057-042,,002,057,"Module - Inflator, Air Bag | 002-059-030 | Lid - Storage Compartment, Pickup Box",VMRS_HB_COMPLETE_v20 page 8_pages_1-25.md
002-057-043,,002,057,"Cap - Module, Air Bag Inflator | 002-060-000 | Convertible Top",VMRS_HB_COMPLETE_v20 page 8_pages_1-25.md
002-057-044,,002,057,"Frame - Module, Air Bag Inflator | 002-060-001 | Convertible Top Assembly",VMRS_HB_COMPLETE_v20 page 8_pages_1-25.md
002-057-045,,002,057,"Plate - Anchor, Child Restraint | 002-060-002 | Top - Convertible",VMRS_HB_COMPLETE_v20 page 8_pages_1-25.md
002-057-046,,002,057,"Cap - Anchor Plate, Child Restraint | 002-060-003 | Seal - Convertible Top Assembly",VMRS_HB_COMPLETE_v20 page 8_pages_1-25.md
002-057-047,,002,057,Bar- Roll | 002-060-004 | Cable - Convertible Top,VMRS_HB_COMPLETE_v20 page 8_pages_1-25.md
002-057-048,,002,057,"Panel - Trim, Roll Bar | 002-060-005 | Catch - Convertible Top",VMRS_HB_COMPLETE_v20 page 8_pages_1-25.md
002-057-049,,002,057,Label - Child Lock | 002-060-006 | Control Module - Convertible Top,VMRS_HB_COMPLETE_v20 page 8_pages_1-25.md
002-057-050,,002,057,Sensor - SRS Seat Position | 002-060-007 | Cover - Convertible Top,VMRS_HB_COMPLETE_v20 page 8_pages_1-25.md
002-057-051,,002,057,Supplemental Restraint System - Complete | 002-060-008 | Seal - Convertible Top Cover,VMRS_HB_COMPLETE_v20 page 8_pages_1-25.md
002-057-052,,002,057,Sensor - Supplemental Restraint System | 002-060-009 | Strut - Convertible Top Cover,VMRS_HB_COMPLETE_v20 page 8_pages_1-25.md
002-058-000,,002,058,Signage - Integral to Body | 002-060-010 | Crank - Convertible Top,VMRS_HB_COMPLETE_v20 page 8_pages_1-25.md
002-058-001,,002,058,"Display Assembly | 002-060-011 | Guide - Frame, Convertible Top",VMRS_HB_COMPLETE_v20 page 8_pages_1-25.md
002-058-005,,002,058,Controller Assembly - Destination Sign | 002-060-012 | Gasket - Convertible Top,VMRS_HB_COMPLETE_v20 page 8_pages_1-25.md
002-058-006,,002,058,Bracket - Destination Sign | 002-060-013 | Hinge - Convertible Top,VMRS_HB_COMPLETE_v20 page 8_pages_1-25.md
002-058-007,,002,058,"Hinge - Destination Sign | 002-060-014 | Cap - Hinge, Convertible Top",VMRS_HB_COMPLETE_v20 page 8_pages_1-25.md
002-058-008,,002,058,"Door - Destination Sign | 002-060-015 | Cover - Hinge, Convertible Top",VMRS_HB_COMPLETE_v20 page 8_pages_1-25.md
002-058-009,,002,058,"Angle - Door Cover, Destination Sign | 002-060-017 | Housing - Convertible Top",VMRS_HB_COMPLETE_v20 page 8_pages_1-25.md
002-050-010,,002,050,"Angle - Run Sign | 002-000-017 | Support - Housing, Convertible Top",VMRS_HB_COMPLETE_v20 page 8_pages_1-25.md
002-050-011,,002,050,Cover Left Display Assembly | 002-000-010 | Cylinder Hydraulia Convertible Top,VMRS_HB_COMPLETE_v20 page 8_pages_1-25.md
002-058-014,,002,058,"Mounting Frame | 002-000-019 | Hardware Kit - Hydraulic Cylinder, Convertible",VMRS_HB_COMPLETE_v20 page 8_pages_1-25.md
002-058-015,,002,058,Power Connection - Display Assembly | 002-000-020,VMRS_HB_COMPLETE_v20 page 8_pages_1-25.md
002-058-016,,002,058,"Lens - Display Assembly | 002-060-021 | Seal - Hydraulic Cylinder, Convertible Top",VMRS_HB_COMPLETE_v20 page 8_pages_1-25.md
002-058-017,,002,058,Lamp - Display Assembly | 002-060-022 | Line - Hydraulic Convertible Top,VMRS_HB_COMPLETE_v20 page 8_pages_1-25.md
002-058-018,,002,058,"Lens Spacer - Display Assembly | 002-060-022 | Gasket Set - Hydraulic Line, Convertible Top",VMRS_HB_COMPLETE_v20 page 8_pages_1-25.md
002-058-019,,002,058,"Thermal Insulator - Lamp Assembly | 002-060-024 | Pump - Hydraulic, Convertible Top",VMRS_HB_COMPLETE_v20 page 8_pages_1-25.md
002-058-020,,002,058,"Connector, Electrical - Display Assembly | 002-060-025 | Hardware Kit - Hydraulic Pump Convertible Top",VMRS_HB_COMPLETE_v20 page 8_pages_1-25.md
002-058-021,,002,058,"Cover - Power Connection | 002-060-026 | Insulator - Hydraulic Pump, Convertible Top",VMRS_HB_COMPLETE_v20 page 8_pages_1-25.md
002-058-022,,002,058,"Conduit, Electrical - Display Assembly | 002-060-027 | Latch - Convertible Top",VMRS_HB_COMPLETE_v20 page 8_pages_1-25.md
002-058-023,,002,058,"Cover, Middle - Display Assembly | 002-060-028 | Motor - Convertible Top",VMRS_HB_COMPLETE_v20 page 8_pages_1-25.md
002-058-024,,002,058,"Cover, Right - Display Assembly | 002-060-029 | Mounting Plate - Convertible Top",VMRS_HB_COMPLETE_v20 page 8_pages_1-25.md
002-060-030,,002,060,Push Rod - Convertible Top | 002,VMRS_HB_COMPLETE_v20 page 8_pages_1-25.md
002-060-031,,002,060,"Lever - Pivot, Push Rod, Convertible Top | 002",VMRS_HB_COMPLETE_v20 page 8_pages_1-25.md
002-060-032,,002,060,"Bushing - Lever, Push Rod Pivot, Convertible | 002",VMRS_HB_COMPLETE_v20 page 8_pages_1-25.md
002-060-033,,002,060,Relay - Convertible Top | 002,VMRS_HB_COMPLETE_v20 page 8_pages_1-25.md
002-060-034,,002,060,Retainer - Convertible Top | 002,VMRS_HB_COMPLETE_v20 page 8_pages_1-25.md
002-060-035,,002,060,"Cable - Stowage Compartment, Convertible Top | 002",VMRS_HB_COMPLETE_v20 page 8_pages_1-25.md
002-060-036,,002,060,"Hose - Drain, Stowage Compartment, | 002",VMRS_HB_COMPLETE_v20 page 8_pages_1-25.md
002-060-037,,002,060,"Clamp - Hose, Drain, Stowage Compartment, | 002",VMRS_HB_COMPLETE_v20 page 8_pages_1-25.md
002-060-038,,002,060,"Latch - Stowage Compartment, Convertible Top | 002",VMRS_HB_COMPLETE_v20 page 8_pages_1-25.md
002-060-039,,002,060,"Lid - Stowage Compartment, Convertible Top | 002",VMRS_HB_COMPLETE_v20 page 8_pages_1-25.md
002-060-040,,002,060,Extension - Lid Stowage Compartment | 002,VMRS_HB_COMPLETE_v20 page 8_pages_1-25.md
002-060-041,,002,060,Weatherstrip - Lid Extension Stowage | 002,VMRS_HB_COMPLETE_v20 page 8_pages_1-25.md
002-000-011,,002,000,Compartment Convertible Top | 002,VMRS_HB_COMPLETE_v20 page 8_pages_1-25.md
002-060-042,,002,060,Hardware Kit - Lid Stowage Compartment | 002,VMRS_HB_COMPLETE_v20 page 8_pages_1-25.md
,002-000,002,000,0.2 | Convertible Top | 002,VMRS_HB_COMPLETE_v20 page 8_pages_1-25.md
002-060-043,,002,060,Seal - Lid Stowage Compartment Convertible | 002,VMRS_HB_COMPLETE_v20 page 8_pages_1-25.md
002-000-010,,002,000,Ton | 002,VMRS_HB_COMPLETE_v20 page 8_pages_1-25.md
002-060-044,,002,060,Striker - Lid Stowage Compartment Convertible | 002,VMRS_HB_COMPLETE_v20 page 8_pages_1-25.md
002-060-045,,002,060,Weatherstrin - Lid. Stowage Compartment | 002,VMRS_HB_COMPLETE_v20 page 8_pages_1-25.md
002-000-040,,002,000,Convertible Top | 002,VMRS_HB_COMPLETE_v20 page 8_pages_1-25.md
002-060-046,,002,060,"Ston - Stowage Compartment, Convertible Top | 002",VMRS_HB_COMPLETE_v20 page 8_pages_1-25.md
002-060-047,,002,060,Storage Compartment - Stowage Compartment | 002,VMRS_HB_COMPLETE_v20 page 8_pages_1-25.md
002-000-047,,002,000,Convertible Top | 002,VMRS_HB_COMPLETE_v20 page 8_pages_1-25.md
002-060-048,,002,060,Panel - Trim Stowage Compartment Convertible | 002,VMRS_HB_COMPLETE_v20 page 8_pages_1-25.md
002-060-049,,002,060,"Hardware Kit - Trim Panel, Stowage | 002",VMRS_HB_COMPLETE_v20 page 8_pages_1-25.md
002-060-050,,002,060,"Deflector - Water, Stowage Compartment | 002",VMRS_HB_COMPLETE_v20 page 8_pages_1-25.md
002-060-051,,002,060,Strut - Convertible Top | 002,VMRS_HB_COMPLETE_v20 page 8_pages_1-25.md
002-060-052,,002,060,Bushing - Strut Convertible Top | 002,VMRS_HB_COMPLETE_v20 page 8_pages_1-25.md
002-060-053,,002,060,Switch - Convertible Top | 002,VMRS_HB_COMPLETE_v20 page 8_pages_1-25.md
002-060-054,,002,060,"Bezel - Switch, Convertible Top | 002",VMRS_HB_COMPLETE_v20 page 8_pages_1-25.md
002-060-055,,002,060,Transmission - Convertible Top | 002,VMRS_HB_COMPLETE_v20 page 8_pages_1-25.md
002-060-056,,002,060,Washer - Transmission Convertible Top | 002,VMRS_HB_COMPLETE_v20 page 8_pages_1-25.md
002-060-057,,002,060,Weatherstrin - Convertible Top | 002,VMRS_HB_COMPLETE_v20 page 8_pages_1-25.md
002-060-058,,002,060,Wiring Harness - Convertible Top | 002,VMRS_HB_COMPLETE_v20 page 8_pages_1-25.md
002-061-000,,002,061,Liftrate - Auto or Van | 002,VMRS_HB_COMPLETE_v20 page 8_pages_1-25.md
002-061-002,,002,061,Nozzle - Washer Back Glass Liftgate | 002,VMRS_HB_COMPLETE_v20 page 8_pages_1-25.md
002-061-004,,002,061,Cylinder and Keys - Liftgate | 002,VMRS_HB_COMPLETE_v20 page 8_pages_1-25.md
002-001-005,,002,001,Cyllinder and Kova Liftgate | 002,VMRS_HB_COMPLETE_v20 page 8_pages_1-25.md
002-061-007,,002,061,Drain Plug - Liftgate | 002,VMRS_HB_COMPLETE_v20 page 8_pages_1-25.md
002-001-007,,002,001,Emblom - Liftaato | 002,VMRS_HB_COMPLETE_v20 page 8_pages_1-25.md
002-001-000,,002,001,Gaskat Emblom Liftgato | 002,VMRS_HB_COMPLETE_v20 page 8_pages_1-25.md
002-001-009,,002,001,Grommot Emblom Liftgato | 002,VMRS_HB_COMPLETE_v20 page 8_pages_1-25.md
002-001-010,,002,001,Dapol Einish Liftgato | 002,VMRS_HB_COMPLETE_v20 page 8_pages_1-25.md
002-001-011,,002,001,Gaskat Finish Panal Liftgato | 002,VMRS_HB_COMPLETE_v20 page 8_pages_1-25.md
002-001-012,,002,001,Grommot Finish Panel Liftgate | 002,VMRS_HB_COMPLETE_v20 page 8_pages_1-25.md
002-001-013,,002,001,Pad Finish Panel Liftgate | 002,VMRS_HB_COMPLETE_v20 page 8_pages_1-25.md
002-061-014,,002,061,Soal - Finish Panol Liftgato | 002,VMRS_HB_COMPLETE_v20 page 8_pages_1-25.md
002-061-015,,002,061,Plate - Trim Finish Panel Liftgate | 002,VMRS_HB_COMPLETE_v20 page 8_pages_1-25.md
002-061-017,,002,061,Gaskot - Liftgato | 002,VMRS_HB_COMPLETE_v20 page 8_pages_1-25.md
002-061-010,,002,061,Grommet - Glass Liftgate | 002,VMRS_HB_COMPLETE_v20 page 8_pages_1-25.md
002-061-019,,002,061,Handle - Glass Liftnate | 002,VMRS_HB_COMPLETE_v20 page 8_pages_1-25.md
002-061-021,,002,061,Seal - Handle Glass Liftrate | 002,VMRS_HB_COMPLETE_v20 page 8_pages_1-25.md
002-061-023,,002,061,Seal - Hinge Glass Liftgate | 002,VMRS_HB_COMPLETE_v20 page 8_pages_1-25.md
002-061-024,,002,061,Latch - Glass Liftgate | 002,VMRS_HB_COMPLETE_v20 page 8_pages_1-25.md
002-061-025,,002,061,Switch - Belease Glass Liftgate | 002,VMRS_HB_COMPLETE_v20 page 8_pages_1-25.md
002-061-026,,002,061,Seal - Glass Liftgate | 002,VMRS_HB_COMPLETE_v20 page 8_pages_1-25.md
002-061-027,,002,061,Spacer - Glass Liftgate | 002,VMRS_HB_COMPLETE_v20 page 8_pages_1-25.md
002-061-028,,002,061,Striker - Glass Liftgate | 002,VMRS_HB_COMPLETE_v20 page 8_pages_1-25.md
302-301-020,,302,301,"ounor, Enguio | 002",VMRS_HB_COMPLETE_v20 page 8_pages_1-25.md
,061-029,061,029,"02- | Cover - Support Bracket, Glass, Liftgate",VMRS_HB_COMPLETE_v20 page 8_pages_1-25.md
,061-030,061,030,"02- | Strut - Support, Glass, Liftgate",VMRS_HB_COMPLETE_v20 page 8_pages_1-25.md
,061-031,061,031,"02- | Weatherstrip - Glass, Liftgate",VMRS_HB_COMPLETE_v20 page 8_pages_1-25.md
,061-032,061,032,02- | Grommet - Liftgate,VMRS_HB_COMPLETE_v20 page 8_pages_1-25.md
,061-033,061,033,02- | Hinge - Liftgate,VMRS_HB_COMPLETE_v20 page 8_pages_1-25.md
,061-034,061,034,"02- | Bushing - Hinge, Liftgate",VMRS_HB_COMPLETE_v20 page 8_pages_1-25.md
,061-035,061,035,"02- | Cap - Hinge, Liftgate",VMRS_HB_COMPLETE_v20 page 8_pages_1-25.md
,061-036,061,036,"02- | Gasket - Hinge, Liftgate",VMRS_HB_COMPLETE_v20 page 8_pages_1-25.md
,061-037,061,037,"02- | Pad - Mounting, Hinge, Liftgate",VMRS_HB_COMPLETE_v20 page 8_pages_1-25.md
,061-038,061,038,"02- | Seal - Hinge, Liftgate",VMRS_HB_COMPLETE_v20 page 8_pages_1-25.md
,001-039,001,039,02- | Laich - Liligale,VMRS_HB_COMPLETE_v20 page 8_pages_1-25.md
,001-040,001,040,02- | Clamp Control Dod Latch Liftgate,VMRS_HB_COMPLETE_v20 page 8_pages_1-25.md
,001-041,001,041,02- | Handle - Latch Liftgate,VMRS_HB_COMPLETE_v20 page 8_pages_1-25.md
,061-042,061,042,02- | Gasket - Handle Latch Liftgate,VMRS_HB_COMPLETE_v20 page 8_pages_1-25.md
,061-044,061,044,02- | Grommet - Handle Latch Liftgate,VMRS_HB_COMPLETE_v20 page 8_pages_1-25.md
,061-045,061,045,"02- | Seal - Handle, Latch, Liftgate",VMRS_HB_COMPLETE_v20 page 8_pages_1-25.md
,061-046,061,046,02- | Actuator - Lock. Liftgate,VMRS_HB_COMPLETE_v20 page 8_pages_1-25.md
,061-047,061,047,"02- | Cylinder - Lock, Liftgate",VMRS_HB_COMPLETE_v20 page 8_pages_1-25.md
,061-048,061,048,"02- | Gasket - Lock Cylinder, Liftgate",VMRS_HB_COMPLETE_v20 page 8_pages_1-25.md
,061-049,061,049,"02- | Plate - Striker, Lock, Liftgate",VMRS_HB_COMPLETE_v20 page 8_pages_1-25.md
,061-050,061,050,"02- | Spacer - Striker Plate, Lock, Liftgate",VMRS_HB_COMPLETE_v20 page 8_pages_1-25.md
,061-051,061,051,"02- | Handle - Pull, Liftgate",VMRS_HB_COMPLETE_v20 page 8_pages_1-25.md
,061-052,061,052,"02- | Cap - Pull Handle, Liftgate",VMRS_HB_COMPLETE_v20 page 8_pages_1-25.md
,061-053,061,053,"02- | Gasket - Pull Handle, Liftgate",VMRS_HB_COMPLETE_v20 page 8_pages_1-25.md
,061-054,061,054,"02- | Motor - Pulldown, Liftgate",VMRS_HB_COMPLETE_v20 page 8_pages_1-25.md
,061-055,061,055,"02- | Switch - Release, Liftgate",VMRS_HB_COMPLETE_v20 page 8_pages_1-25.md
,061-056,061,056,"02- | Seal - Release Switch, Liftgate",VMRS_HB_COMPLETE_v20 page 8_pages_1-25.md
,061-057,061,057,"02- | Molding - Reveal, Liftgate",VMRS_HB_COMPLETE_v20 page 8_pages_1-25.md
,001-050,001,050,"02- | Seal - Reveal Molding, Lingale",VMRS_HB_COMPLETE_v20 page 8_pages_1-25.md
,001-059,001,059,02- | Holder - Support Strut Liftgate,VMRS_HB_COMPLETE_v20 page 8_pages_1-25.md
,061-061,061,061,02- | Trim - Liftgate,VMRS_HB_COMPLETE_v20 page 8_pages_1-25.md
,061-062,061,062,02- | Cap - Trim Liftgate,VMRS_HB_COMPLETE_v20 page 8_pages_1-25.md
,061-063,061,063,"02- | Cover - Trim, Liftgate",VMRS_HB_COMPLETE_v20 page 8_pages_1-25.md
,061-064,061,064,"02- | Cap - Trim Cover, Liftgate",VMRS_HB_COMPLETE_v20 page 8_pages_1-25.md
,061-065,061,065,"02- | Grommet - Trim Cover, Liftgate",VMRS_HB_COMPLETE_v20 page 8_pages_1-25.md
,061-066,061,066,"02- | Insulator - Trim, Liftgate",VMRS_HB_COMPLETE_v20 page 8_pages_1-25.md
,061-067,061,067,"02- | Hose - Washer, Liftgate",VMRS_HB_COMPLETE_v20 page 8_pages_1-25.md
,061-068,061,068,"02- | Adapter - Washer Hose, Liftgate",VMRS_HB_COMPLETE_v20 page 8_pages_1-25.md
,061-069,061,069,"02- | Clamp - Hose, Washer, Littgate",VMRS_HB_COMPLETE_v20 page 8_pages_1-25.md
,001-070,001,070,02- | Wedge Liffgate,VMRS_HB_COMPLETE_v20 page 8_pages_1-25.md
,001-071,001,071,02- | Soal Wodgo Liftgato,VMRS_HB_COMPLETE_v20 page 8_pages_1-25.md
,061-072,061,072,02- | Deflector - Back Glass Liftgate,VMRS_HB_COMPLETE_v20 page 8_pages_1-25.md
,062-000,062,000,02- | Deck Lid Trunk,VMRS_HB_COMPLETE_v20 page 8_pages_1-25.md
,062-001,062,001,02- | Deck Lid Assembly,VMRS_HB_COMPLETE_v20 page 8_pages_1-25.md
,062-002,062,002,"02- | Switch - Ajar, Deck Lid",VMRS_HB_COMPLETE_v20 page 8_pages_1-25.md
,062-003,062,003,02- | Control Module - Deck Lid,VMRS_HB_COMPLETE_v20 page 8_pages_1-25.md
,062-004,062,004,02- | Emblem - Deck Lid,VMRS_HB_COMPLETE_v20 page 8_pages_1-25.md
,062-005,062,005,"02- | Gasket - Emblem, Deck Lid",VMRS_HB_COMPLETE_v20 page 8_pages_1-25.md
,062-006,062,006,"02- | Panel - Finish, Deck Lid",VMRS_HB_COMPLETE_v20 page 8_pages_1-25.md
,062-007,062,007,"02- | Cap - Finish Panel, Deck Lid",VMRS_HB_COMPLETE_v20 page 8_pages_1-25.md
,062-008,062,008,"02- | Gasket - Finish Panel, Deck Lid",VMRS_HB_COMPLETE_v20 page 8_pages_1-25.md
,062-009,062,009,02- | Handle - Deck Lid,VMRS_HB_COMPLETE_v20 page 8_pages_1-25.md
,062-010,062,010,"02- | Clamp - Handle, Deck Lid",VMRS_HB_COMPLETE_v20 page 8_pages_1-25.md
,002-011,002,011,"02- | Gaskel - Handle, Deck Lid",VMRS_HB_COMPLETE_v20 page 8_pages_1-25.md
,002-012,002,012,"02- | Pump - Hydraulic, Deck Lid",VMRS_HB_COMPLETE_v20 page 8_pages_1-25.md
,062-013,062,013,"02- | Linkage - Hydraulic, Deck Lid",VMRS_HB_COMPLETE_v20 page 8_pages_1-25.md
,062-015,062,015,02- | Insulation - Deck Lid,VMRS_HB_COMPLETE_v20 page 8_pages_1-25.md
,062-016,062,016,02- | Insulator - Deck Lid,VMRS_HB_COMPLETE_v20 page 8_pages_1-25.md
,062-017,062,017,02- | Latch - Deck Lid,VMRS_HB_COMPLETE_v20 page 8_pages_1-25.md
,062-018,062,018,02- | Lock - Deck Lid,VMRS_HB_COMPLETE_v20 page 8_pages_1-25.md
,062-019,062,019,02- | Lock Cylinder - Deck Lid,VMRS_HB_COMPLETE_v20 page 8_pages_1-25.md
,062-020,062,020,02- | Lock Cylinder and Keys - Deck Lid,VMRS_HB_COMPLETE_v20 page 8_pages_1-25.md
,062-021,062,021,"02- | Gasket - Lock Cylinder, Deck Lid",VMRS_HB_COMPLETE_v20 page 8_pages_1-25.md
,062-022,062,022,"02- | Housing - Lock Cylinder, Deck Lid",VMRS_HB_COMPLETE_v20 page 8_pages_1-25.md
,062-023,062,023,"02- | Sensor - Position, Deck Lid",VMRS_HB_COMPLETE_v20 page 8_pages_1-25.md
,062-025,062,025,"02- | NOLOF - PUIIDOWN, DECK LID",VMRS_HB_COMPLETE_v20 page 8_pages_1-25.md
,002-025,002,025,"02- | Actuator - Helease, Deck LIO",VMRS_HB_COMPLETE_v20 page 8_pages_1-25.md
002-062-026,,002,062,"Housing - Release Actuator, Deck Lid | 002-065-023 | Insulator - Pump, Headlamp Washer",VMRS_HB_COMPLETE_v20 page 8_pages_1-25.md
002-002-020,,002,002,Cable - Release Deck Lid | 002-066-000 | Rear Body Panels and Reinforcements,VMRS_HB_COMPLETE_v20 page 8_pages_1-25.md
002-002-028,,002,002,"Insulator - Release Cable, Deck Lid | 002-066-001 | Extension - Cross Panel Bear Body",VMRS_HB_COMPLETE_v20 page 8_pages_1-25.md
002-002-029,,002,002,"Switch - Release, Deck Lid | 002-000-002 | Panel - Cross Finish, Rear Body",VMRS_HB_COMPLETE_v20 page 8_pages_1-25.md
002-002-031,,002,002,Bezel - Belease Switch Deck Lid | 002-000-003 | Can - Trim Panel Cross Panel Rear Body,VMRS_HB_COMPLETE_v20 page 8_pages_1-25.md
002-002-001,,002,002,"Bumper - Ston, Deck Lid | 002-066-005 | Support - Body",VMRS_HB_COMPLETE_v20 page 8_pages_1-25.md
002-002-002,,002,002,Striker - Deck Lid | 003-000-000 | Instruments Gauges Warning & Shutdown,VMRS_HB_COMPLETE_v20 page 8_pages_1-25.md
002-002-000,,002,002,Strut - Support Deck Lid | 000-000-000 | Devices & Meters,VMRS_HB_COMPLETE_v20 page 8_pages_1-25.md
002-062-035,,002,062,Panel - Trim Deck Lid | 003-001-000 | Gauges & Warning Devices,VMRS_HB_COMPLETE_v20 page 8_pages_1-25.md
002-062-036,,002,062,Gasket - Trim Panel Deck Lid | 003-001-001 | Gauge - Oil Pressure,VMRS_HB_COMPLETE_v20 page 8_pages_1-25.md
002-062-037,,002,062,Lamp - Courtesy Trunk | 003-001-002 | Line - Oil Pressure Gauge,VMRS_HB_COMPLETE_v20 page 8_pages_1-25.md
002-062-038,,002,062,"Cover - Latch, Trunk | 003-001-003 | Indicator - Tell-Tale, Oil Pressure",VMRS_HB_COMPLETE_v20 page 8_pages_1-25.md
002-062-039,,002,062,Mat - Trunk | 003-001-004 | Sending Unit - Engine Oil Pressure,VMRS_HB_COMPLETE_v20 page 8_pages_1-25.md
002-062-040,,002,062,Torsion Bar - Trunk | 003-001-005 | Socket & Wiring - Oil Pressure Tell-Tale Lamp,VMRS_HB_COMPLETE_v20 page 8_pages_1-25.md
002-062-041,,002,062,"Panel - Trim. Trunk | 003-001-006 | Buzzer - Indicator, Low Air Pressure",VMRS_HB_COMPLETE_v20 page 8_pages_1-25.md
002-062-042,,002,062,"Cap - Trim Panel, Trunk | 003-001-007 | Gauge - Air Pressure, Dash",VMRS_HB_COMPLETE_v20 page 8_pages_1-25.md
002-062-043,,002,062,"Clamp - Trim Panel, Trunk | 003-001-008 | Switch - Signal, Air Pressure Gauge",VMRS_HB_COMPLETE_v20 page 8_pages_1-25.md
002-062-044,,002,062,"Insulator - Trim Panel, Trunk | 003-001-009 | Gauge - Manifold Vacuum",VMRS_HB_COMPLETE_v20 page 8_pages_1-25.md
002-062-045,,002,062,"Plate - Scuff, Trim. Trunk | 003-001-010 | Switch - Manifold Vacuum Gauge",VMRS_HB_COMPLETE_v20 page 8_pages_1-25.md
002-062-046,,002,062,"Cap - Scuff Plate, Trim, Trunk | 003-001-011 | Hose - Manifold Vacuum Gauge",VMRS_HB_COMPLETE_v20 page 8_pages_1-25.md
002-062-047,,002,062,"Insulator - Scuff Plate, Trim, Trunk | 003-001-012 | Ammeter",VMRS_HB_COMPLETE_v20 page 8_pages_1-25.md
002-062-048,,002,062,"Weatherstrip - Trunk | 003-001-013 | Indicator - Tell-Tale, Alternator",VMRS_HB_COMPLETE_v20 page 8_pages_1-25.md
002-062-049,,002,062,"Brace - Panel, Deck Lid | 003-001-014 | Socket & Wiring - Alternator Tell-Tale",VMRS_HB_COMPLETE_v20 page 8_pages_1-25.md
002-062-050,,002,062,"Cover - Access, Floor, Trunk | 003-001-015 | Indicator - Warning, Glow Plug",VMRS_HB_COMPLETE_v20 page 8_pages_1-25.md
002-062-051,,002,062,"Seal - Access Cover, Floor, Trunk | 003-001-016 | Gauge - Water Temperature",VMRS_HB_COMPLETE_v20 page 8_pages_1-25.md
002-062-052,,002,062,"Box - Storage, Floor, Trunk | 003-001-017 | Sending Unit - Engine Water Temperature",VMRS_HB_COMPLETE_v20 page 8_pages_1-25.md
002-063-000,,002,063,"Back Glass Wiper and Washer | 003-001-018 | Switch - Indicator, Engine Coolant Temperature",VMRS_HB_COMPLETE_v20 page 8_pages_1-25.md
002-063-001,,002,063,"Motor - Back Glass Wiper | 003-001-019 | Switch - Indicator, Engine Metal Temperature",VMRS_HB_COMPLETE_v20 page 8_pages_1-25.md
002-063-002,,002,063,"Cover - Wiper Motor, Back Glass | 003-001-020 | Gauge Assembly - Fuel",VMRS_HB_COMPLETE_v20 page 8_pages_1-25.md
002-063-003,,002,063,"Gasket - Wiper Motor, Back Glass | 003-001-021 | Switch - Selector, Fuel Tank",VMRS_HB_COMPLETE_v20 page 8_pages_1-25.md
002-063-004,,002,063,"Hardware Kit - Wiper Motor, Back Glass | 003-001-022 | Indicator - Warning, Low Fuel",VMRS_HB_COMPLETE_v20 page 8_pages_1-25.md
002-063-005,,002,063,"Insulator - Wiper Motor, Back Glass | 003-001-023 | Switch - Warning Indicator, Low Fuel",VMRS_HB_COMPLETE_v20 page 8_pages_1-25.md
002-063-006,,002,063,"Sleeve - Wiper Motor, Back Glass | 003-001-024 | Switch - Oil Pressure",VMRS_HB_COMPLETE_v20 page 8_pages_1-25.md
002-063-007,,002,063,"Switch - Wiper, Back Glass | 003-001-028 | Indicator - Visual, Low Air Pressure",VMRS_HB_COMPLETE_v20 page 8_pages_1-25.md
002-063-008,,002,063,"Knob - Wiper Switch, Back Glass | 003-001-029 | Indicator - Visual, Low Vacuum",VMRS_HB_COMPLETE_v20 page 8_pages_1-25.md
002-063-009,,002,063,Wiper Arm - Back Glass | 003-001-030 | Indicator Lamp - Hydraulic Brake Failure,VMRS_HB_COMPLETE_v20 page 8_pages_1-25.md
002-063-010,,002,063,"Cap - Wiper Arm, Back Glass | 003-001-031 | Indicator - Angle, Lift Bodies",VMRS_HB_COMPLETE_v20 page 8_pages_1-25.md
002-063-011,,002,063,"Cover - Wiper Arm, Back Glass | 003-001-032 | Voltage Monitor - Electromechanical",VMRS_HB_COMPLETE_v20 page 8_pages_1-25.md
002-063-012,,002,063,"Gasket - Wiper Arm, Back Glass | 003-001-033 | Voltage Monitor - Electronic",VMRS_HB_COMPLETE_v20 page 8_pages_1-25.md
002-063-013,,002,063,Wiper Blade - Back Glass | 003-001-034 | Voltage Regulator - Instrument Panel,VMRS_HB_COMPLETE_v20 page 8_pages_1-25.md
002-064-000,,002,064,Package Iray | 003-001-036 | Gauge - Air Cleaner Restriction,VMRS_HB_COMPLETE_v20 page 8_pages_1-25.md
002-064-001,,002,064,"Iray - Package | 003-001-037 | Sender - Indicator, Low Air Pressure",VMRS_HB_COMPLETE_v20 page 8_pages_1-25.md
002-064-002,,002,064,"Cover - Access, Package Tray | 003-001-038 | Sending Unit - Fuel Gauge",VMRS_HB_COMPLETE_v20 page 8_pages_1-25.md
002-064-003,,002,064,"Insulator - Package Tray | 003-001-039 | Switch - Indicator Lamp, Differential Lockout",VMRS_HB_COMPLETE_v20 page 8_pages_1-25.md
002-004-004,,002,004,Tim Package Trav | 003-001-040 | Indicator Lamp - Differential Lockout,VMRS_HB_COMPLETE_v20 page 8_pages_1-25.md
002-064-005,,002,064,"Cap - Inin, Package Iray | 003-001-041 | Gauge - Back Pressure, Exhaust",VMRS_HB_COMPLETE_v20 page 8_pages_1-25.md
002-004-000,,002,004,Winny Hamess - Fackage Tray | 003-001-042 | Eviteb Signal Low Hydraulic Prossure,VMRS_HB_COMPLETE_v20 page 8_pages_1-25.md
002-005-000,,002,005,Headlamp Washer Assembly | 003-001-043 | Indicator Hoadlamp Boam,VMRS_HB_COMPLETE_v20 page 8_pages_1-25.md
002-005-001,,002,005,Posonyoir - Eluid Hoadlamp Washor | 003-001-044 | Indicator - Turn Signal,VMRS_HB_COMPLETE_v20 page 8_pages_1-25.md
002-065-002,,002,065,Can - Fluid Reservoir Headlamp Washer | 003-001-046 | Turbocator,VMRS_HB_COMPLETE_v20 page 8_pages_1-25.md
002-005-003,,002,005,Hose - Headlamp Washer | 003-001-040 | Gauge & Sending Unit (Combined) - Oil,VMRS_HB_COMPLETE_v20 page 8_pages_1-25.md
002-065-005,,002,065,Clamp - Hose Headlamp Washer | 000 001 047,VMRS_HB_COMPLETE_v20 page 8_pages_1-25.md
002-065-006,,002,065,"Connector - Hose Headlamp Washer | 003-001-048 | Indicator Assembly - Visual Warning, Non-",VMRS_HB_COMPLETE_v20 page 8_pages_1-25.md
002-065-007,,002,065,Nozzle - Headlamp Washer | 000 001 010 | Specified,VMRS_HB_COMPLETE_v20 page 8_pages_1-25.md
002-065-008,,002,065,"Actuator - Nozzle, Headlamp Washer | 003-001-050 | Spring - Socket Indicator Visual Warning",VMRS_HB_COMPLETE_v20 page 8_pages_1-25.md
002-065-009,,002,065,"Cylinder - Pressure, Headlamp Washer | 003-001-051 | Gauge & Sending Unit (Combined) - Water",VMRS_HB_COMPLETE_v20 page 8_pages_1-25.md
002-065-010,,002,065,Pump - Headlamp Washer | | Temperature,VMRS_HB_COMPLETE_v20 page 8_pages_1-25.md
002-065-011,,002,065,"Gasket - Pump, Headlamp Washer | 003-001-052 | Sensor - Coolant Level",VMRS_HB_COMPLETE_v20 page 8_pages_1-25.md
002-065-012,,002,065,"Seal - Pump, Headlamp Washer | 003-001-053 | Relay - Sensor, Coolant Level",VMRS_HB_COMPLETE_v20 page 8_pages_1-25.md
002-065-013,,002,065,"Wiper Arm - Headlamp | 003-001-054 | Indicator - Warning, Coolant Level",VMRS_HB_COMPLETE_v20 page 8_pages_1-25.md
002-065-014,,002,065,Wiper Blade - Headlamp | 003-001-055 | Socket & Wiring - Parking Brake & Low Air Lamp,VMRS_HB_COMPLETE_v20 page 8_pages_1-25.md
002-065-015,,002,065,"Pin - Wiper Blade, Headlamp | 003-001-056 | Float - Sending Unit, Fuel Gauge",VMRS_HB_COMPLETE_v20 page 8_pages_1-25.md
002-065-016,,002,065,"Refill - Blade, Headlamp | 003-001-057 | Gauge - Oil Temperature",VMRS_HB_COMPLETE_v20 page 8_pages_1-25.md
002-065-017,,002,065,"Blade Set - Headlamp Wiper | 003-001-058 | Gauge - Interrupt, Attachments, Electric Driven",VMRS_HB_COMPLETE_v20 page 8_pages_1-25.md
002-065-018,,002,065,Linkage - Headlamp Wiper | | Vehicles,VMRS_HB_COMPLETE_v20 page 8_pages_1-25.md
002-065-019,,002,065,"Motor - Headlamp Wiper | 003-001-059 | Relay - Interrupt, Attachments, Electric Driven",VMRS_HB_COMPLETE_v20 page 8_pages_1-25.md
002-065-020,,002,065,Switch - Headlamp Wiper | | Vehicles,VMRS_HB_COMPLETE_v20 page 8_pages_1-25.md
002-065-021,,002,065,"Relay Valve - Headlamp Washer | 003-001-060 | Control - Battery Voltage Sensing, Interrupt",VMRS_HB_COMPLETE_v20 page 8_pages_1-25.md
002-065-022,,002,065,"Sleeve - Nozzle, Headlamp Washer | | Relay",VMRS_HB_COMPLETE_v20 page 8_pages_1-25.md
003-001-061,,003,001,"Switch - Indicator Lamp, Parking Brake | 003-001-136 | Fitting - Air Line Air Cleaner Bestriction Gauge",VMRS_HB_COMPLETE_v20 page 8_pages_1-25.md
003-001-001,,003,001,Holder - Gauge & Lamp Socket | 003-001-137 | Gauge - Temperature Ayle Oil,VMRS_HB_COMPLETE_v20 page 8_pages_1-25.md
003-001-063,,003,001,Diode - Low Air Buzzer | 003-001-138 | Lens - Indicator Lamp,VMRS_HB_COMPLETE_v20 page 8_pages_1-25.md
003-001-064,,003,001,Gauge - Transmission Temperature | 003-001-130 | Wiring Harness - Gauges,VMRS_HB_COMPLETE_v20 page 8_pages_1-25.md
003-001-004,,003,001,Dial - Fuel Gauge | 003-001-140 | Switch - Cradle Latch Indicator Propane,VMRS_HB_COMPLETE_v20 page 8_pages_1-25.md
003-001-000,,003,001,Gasket - Sending Unit Fuel Gauge | 000-001-140 | Cylinder,VMRS_HB_COMPLETE_v20 page 8_pages_1-25.md
003-001-067,,003,001,Lens - Differential Lockout | 003-001-141 | Indicator Lamp - Cradle Latch Propane Cylinder,VMRS_HB_COMPLETE_v20 page 8_pages_1-25.md
003-001-068,,003,001,Lens - Coolant Level Warning Lamp | 003-001-142 | Sensor - Transmission Temperature,VMRS_HB_COMPLETE_v20 page 8_pages_1-25.md
003-001-003,,003,001,Dial - Control Valve Differential Lockout | 003-001-140 | Clip - Sensor Betainer,VMRS_HB_COMPLETE_v20 page 8_pages_1-25.md
003-001-070,,003,001,Socket & Wiring - Differential Lockout Lamp | 003-001-145 | Wiring Harness - Dash Warning Lamps,VMRS_HB_COMPLETE_v20 page 8_pages_1-25.md
003-001-071,,003,001,Sending Unit - Oil Temperature | 003-001-146 | Sonsor - Oil Level,VMRS_HB_COMPLETE_v20 page 8_pages_1-25.md
003-001-072,,003,001,Sender - High Water Tomperature | 003-001-147,VMRS_HB_COMPLETE_v20 page 8_pages_1-25.md
003-001-074,,003,001,"Gauge - Fuel Pressure | 003-001-147 | Line, Air - Air Cleaner Bestriction Gauge",VMRS_HB_COMPLETE_v20 page 8_pages_1-25.md
003-001-076,,003,001,Gauge - Fuel Restriction | 003-001-140 | Hose - Fuel Pressure,VMRS_HB_COMPLETE_v20 page 8_pages_1-25.md
003-001-077,,003,001,Message Center Assembly | 003-001-151 | Sensor - Outside Air Temperature,VMRS_HB_COMPLETE_v20 page 8_pages_1-25.md
003-001-075,,003,001,Pressure Block - Interface Module | 000-001-102 | Gauge,VMRS_HB_COMPLETE_v20 page 8_pages_1-25.md
003-001-002,,003,001,lumpers - Smartaguage | 003-001-154 | Sender - Temperature Rear Ayle,VMRS_HB_COMPLETE_v20 page 8_pages_1-25.md
003-001-084,,003,001,Gaugo - Outsido Air Tomporaturo | 003-001-155 | Polay - Gaugo Fuel Lovel,VMRS_HB_COMPLETE_v20 page 8_pages_1-25.md
003-001-085,,003,001,003-001-156 | Relay - Lockout Differential,VMRS_HB_COMPLETE_v20 page 8_pages_1-25.md
003-001-087,,003,001,"Wiring - Oil Temperature Sender | 003-001-150 | Cover Control Module, Warning",VMRS_HB_COMPLETE_v20 page 8_pages_1-25.md
003-001-009,,003,001,Wiring Voltmotor | 003-001-100 | Buzzor Turn Signal,VMRS_HB_COMPLETE_v20 page 8_pages_1-25.md
003-001-090,,003,001,Wiring Eucl Tachemotor | 003-001-101 | Sonding Unit Tomporature Hydrostatic Ean,VMRS_HB_COMPLETE_v20 page 8_pages_1-25.md
003-001-091,,003,001,Hardware Mounting - Engine Oil Pressure | 000-001-102 | Motor,VMRS_HB_COMPLETE_v20 page 8_pages_1-25.md
000-001-032,,000,001,"Sending Unit | 003-001-163 | Sensor - Temperature, Hydraulic",VMRS_HB_COMPLETE_v20 page 8_pages_1-25.md
003-001-094,,003,001,Installation Kit - Gauge | 003-001-164 | Bezel - Gauge Multi-Function,VMRS_HB_COMPLETE_v20 page 8_pages_1-25.md
003-001-095,,003,001,Warning Lamp - Instrument Panel | 003-001-165 | Gauge - Multi-Function,VMRS_HB_COMPLETE_v20 page 8_pages_1-25.md
003-001-096,,003,001,Hardware Mounting - Fuel Gauge Sending Unit | 003-001-166 | Kit-Gauge - Multiple,VMRS_HB_COMPLETE_v20 page 8_pages_1-25.md
003-001-097,,003,001,Chime Assembly - Door | 003-001-167 | Cord - Indicator Light Engine Heater,VMRS_HB_COMPLETE_v20 page 8_pages_1-25.md
003-001-098,,003,001,Belay - Door Chime | 003-001-168 | Bracket - Indicator Low Air Pressure,VMRS_HB_COMPLETE_v20 page 8_pages_1-25.md
003-001-099,,003,001,Line/Hose - Oil Gauge | 003-001-169 | Face - Gauge,VMRS_HB_COMPLETE_v20 page 8_pages_1-25.md
003-001-100,,003,001,Monitor - Coolant Level | 003-001-170 | Graphics - Gauge,VMRS_HB_COMPLETE_v20 page 8_pages_1-25.md
003-001-101,,003,001,Bracket - Oil Pressure Switch | 003-001-171 | Shunt - Ammeter,VMRS_HB_COMPLETE_v20 page 8_pages_1-25.md
003-001-102,,003,001,"Cable Assembly - Low Oil Sensor | 003-001-172 | Bracket - Shunt, Ammeter",VMRS_HB_COMPLETE_v20 page 8_pages_1-25.md
003-001-103,,003,001,"Gauge - Water Pressure | 003-001-173 | Cover - Sensor, Engine Coolant Temperature",VMRS_HB_COMPLETE_v20 page 8_pages_1-25.md
003-001-105,,003,001,Indicator Lamp - Engine Pre-Heater | 003-001-174 | Sending Unit - Exhaust Temperature,VMRS_HB_COMPLETE_v20 page 8_pages_1-25.md
003-001-106,,003,001,"Lens - Indicator, Drive | 003-001-175 | Gauge - Transmission Oil Pressure",VMRS_HB_COMPLETE_v20 page 8_pages_1-25.md
003-001-107,,003,001,"Lens - Indicator, Reverse | 003-001-176 | Guard - Sending Unit",VMRS_HB_COMPLETE_v20 page 8_pages_1-25.md
003-001-108,,003,001,"Lens - Indicator, Check Transmission | 003-001-177 | Gauge - Liftable Axle",VMRS_HB_COMPLETE_v20 page 8_pages_1-25.md
003-001-109,,003,001,"Gauge Assembly - Fuel Tank Unit | 003-001-178 | Bracket - Control Valve, Differential Lockout",VMRS_HB_COMPLETE_v20 page 8_pages_1-25.md
003-001-110,,003,001,"Wiring - Temperature Gauge | 003-001-179 | Wiring - Switch, Differential Lockout",VMRS_HB_COMPLETE_v20 page 8_pages_1-25.md
003-001-111,,003,001,"Indicator Assembly -Fluid Level, Master Cylinder | 003-001-180 | Signal - Warning, Parking Brake",VMRS_HB_COMPLETE_v20 page 8_pages_1-25.md
003-001-112,,003,001,Gauge - Power Steering | 003-001-181 | Blank - Switch,VMRS_HB_COMPLETE_v20 page 8_pages_1-25.md
003-001-113,,003,001,"Gauge - Oil Temperature, Front Drive Axle | 003-001-182 | Filter - Gauge, LED Backlighting",VMRS_HB_COMPLETE_v20 page 8_pages_1-25.md
003-001-114,,003,001,"Gauge - Oil Temperature, Rear Drive Axle | 003-001-183 | Housing - Back, Message Center",VMRS_HB_COMPLETE_v20 page 8_pages_1-25.md
003-001-115,,003,001,"Gauge - Air Tank | 003-001-184 | Bezel - Front, Message Center",VMRS_HB_COMPLETE_v20 page 8_pages_1-25.md
003-001-116,,003,001,"Gauge - Rear Brake Application | 003-001-185 | Overlay - Front, Message Center",VMRS_HB_COMPLETE_v20 page 8_pages_1-25.md
003-001-117,,003,001,"Gauge - Trailer Brake Application | 003-001-186 | Sensor - Flow, Fuel",VMRS_HB_COMPLETE_v20 page 8_pages_1-25.md
003-001-118,,003,001,"Gauge - Load Gauge Air | 003-001-187 | Decal - Gauge, Transmission Oil Temperature",VMRS_HB_COMPLETE_v20 page 8_pages_1-25.md
003-001-119,,003,001,Gauge - Air Starter | 003-001-188 | Wiring - Low Coolant Sensor,VMRS_HB_COMPLETE_v20 page 8_pages_1-25.md
003-001-120,,003,001,"Gauge - Pusher Suspension | 003-001-189 | Cable - Sensor, Gauge, Outside Air",VMRS_HB_COMPLETE_v20 page 8_pages_1-25.md
003-001-121,,003,001,"Gauge - Engine Load | 003-001-190 | Lens - Light Bar, Message Center",VMRS_HB_COMPLETE_v20 page 8_pages_1-25.md
003-001-122,,003,001,Gauge - Tag Suspension Pressure | 003-001-191 | Bezel - Gauge,VMRS_HB_COMPLETE_v20 page 8_pages_1-25.md
003-001-123,,003,001,Gauge - Auxiliary Transmission Temperature | 003-001-192 | Visor - Gauge,VMRS_HB_COMPLETE_v20 page 8_pages_1-25.md
003-001-124,,003,001,Gauge - Brake Saver Oil Temperature | 003-001-193 | Compass,VMRS_HB_COMPLETE_v20 page 8_pages_1-25.md
003-001-125,,003,001,"Gauge - Oil Temperature, Center Drive Axle | 003-001-194 | Guard - Warning Light, Hood",VMRS_HB_COMPLETE_v20 page 8_pages_1-25.md
003-001-126,,003,001,"Gauge - Oil Temperature, Steer Drive Axle | 003-001-195 | Indicator - Decal, Dash Control",VMRS_HB_COMPLETE_v20 page 8_pages_1-25.md
003-001-127,,003,001,"Interface Module - Vacuum Block | 003-001-196 | Sensor - Pressure, Power Steering",VMRS_HB_COMPLETE_v20 page 8_pages_1-25.md
003-001-128,,003,001,"Interface Module - Frequency to Voltage Block | 003-001-197 | Switch - Pressure Differential, Power Steering",VMRS_HB_COMPLETE_v20 page 8_pages_1-25.md
003-001-129,,003,001,Interface Module - Pressure/Vacuum Block | 003-001-198 | Module - Engine Oil Level,VMRS_HB_COMPLETE_v20 page 8_pages_1-25.md
003-001-130,,003,001,"Gauge - Manifold Pressure | 003-001-199 | Sensor - Module, Temperature/Compass Gauge",VMRS_HB_COMPLETE_v20 page 8_pages_1-25.md
003-001-131,,003,001,"Gauge - Brake Saver Air | 003-001-200 | Display - Module, Temperature/Compass Gauge",VMRS_HB_COMPLETE_v20 page 8_pages_1-25.md
003-001-133,,003,001,Alarm - Headlight Buzzer | 003-001-201 | Gauge - Transmission Fluid Level,VMRS_HB_COMPLETE_v20 page 8_pages_1-25.md
003-001-134,,003,001,Printed Circuit | 003-001-202 | Sensor - Water In Fuel,VMRS_HB_COMPLETE_v20 page 8_pages_1-25.md
003-001-135,,003,001,Mounting Bracket - Gauge | 003-001-203 | Sensor - Oil Viscosity,VMRS_HB_COMPLETE_v20 page 8_pages_1-25.md
003-001-204,,003,001,"Wiring Harness - Coolant Sensor | 003-002-011 | Housing - Flexible Shaft (Cable), Speedometer",VMRS_HB_COMPLETE_v20 page 8_pages_1-25.md
003-001-205,,003,001,"Kit - Gauge, Oil Level | 003-002-012 | Sensor - Electronic Speedometer",VMRS_HB_COMPLETE_v20 page 8_pages_1-25.md
003-001-206,,003,001,"Mounting Bracket - Oil Level Switch | 003-002-013 | Key - Adapter, Speedometer",VMRS_HB_COMPLETE_v20 page 8_pages_1-25.md
003-001-207,,003,001,"Sensor - Radiator Pressure | 003-002-014 | Adapter - Speedometer, Two Speed Electronic",VMRS_HB_COMPLETE_v20 page 8_pages_1-25.md
003-001-208,,003,001,Switch - Air Bestriction | 003-002-015 | Sender - Electric Speedometer,VMRS_HB_COMPLETE_v20 page 8_pages_1-25.md
003-001-209,,003,001,Clamp - Line Air Air Cleaner Restriction Gauge | 003-002-016 | Benair Kit - Speedometer Cable,VMRS_HB_COMPLETE_v20 page 8_pages_1-25.md
003-001-210,,003,001,Light Bar - Instrument Panel | 003-002-017 | Sleeve - Driven Gear & Shaft Speedometer,VMRS_HB_COMPLETE_v20 page 8_pages_1-25.md
003-001-211,,003,001,Gauge - Hydraulic Pressure | 003-002-018 | Sleeve - Speedometer Gear,VMRS_HB_COMPLETE_v20 page 8_pages_1-25.md
003-001-212,,003,001,O Ding Adaptor Fuel Pressure Sondor | 003 002 010 | End Cable Housing,VMRS_HB_COMPLETE_v20 page 8_pages_1-25.md
003-001-213,,003,001,Sender - Elvid Level Breke Meeter Cylinder | 003-002-020 | Nut - Cable Housing,VMRS_HB_COMPLETE_v20 page 8_pages_1-25.md
003-001-214,,003,001,"Sender - Fluid Level, Drake Master Cylinder | 003-002-021 | Connector Assembly - Male Clamp Stud, Manual",VMRS_HB_COMPLETE_v20 page 8_pages_1-25.md
003-001-215,,003,001,Sender - Multi-Function Gauge | 000 000 000 | Speedometer,VMRS_HB_COMPLETE_v20 page 8_pages_1-25.md
003-001-216,,003,001,"Cover - Buib, Colored, Gauge | 003-002-022 | Seal - Shaft, Adapter, Manual Speedometer",VMRS_HB_COMPLETE_v20 page 8_pages_1-25.md
003-001-217,,003,001,"Gasket - Light Bar, Instrument Panel | 003-002-023 | Head - Speedometer, Electric",VMRS_HB_COMPLETE_v20 page 8_pages_1-25.md
003-001-218,,003,001,"Bezel - Switch, Instrument Panel | 003-002-024 | Instrument Cluster - Complete",VMRS_HB_COMPLETE_v20 page 8_pages_1-25.md
003-001-219,,003,001,Wiring - Warning Lamp | 003-002-025 | Wiring Harness - Speedometer,VMRS_HB_COMPLETE_v20 page 8_pages_1-25.md
003-001-220,,003,001,Wiring Harness - Seat Belt Indicator | 003-002-026 | Wiring Harness - Tripodometer,VMRS_HB_COMPLETE_v20 page 8_pages_1-25.md
003-001-221,,003,001,Wiring Harness - Ignition Buzzer/Chime | 003-002-027 | Gear - Ratio Drive Adapter,VMRS_HB_COMPLETE_v20 page 8_pages_1-25.md
003-001-222,,003,001,Wiring Harness - Engine Cooling System | 003-002-028 | Retainer - Speedometer Sleeve,VMRS_HB_COMPLETE_v20 page 8_pages_1-25.md
003-001-223,,003,001,Wiring Harness - Low Air Pressure | 003-002-029 | Module - Pulse Divider,VMRS_HB_COMPLETE_v20 page 8_pages_1-25.md
003-001-224,,003,001,"Wiring Harness - Interaxle, Warning | 003-002-030 | Wiring Harness - Distance Sensor",VMRS_HB_COMPLETE_v20 page 8_pages_1-25.md
003-001-225,,003,001,"Cover - Shunt, Ammeter | 003-002-031 | Face - Dial, Speedometer",VMRS_HB_COMPLETE_v20 page 8_pages_1-25.md
003-001-226,,003,001,"Ring - Mounting, Gauge | 003-002-032 | Gasket - Foam, Instrument Cluster",VMRS_HB_COMPLETE_v20 page 8_pages_1-25.md
003-001-227,,003,001,"Gauge - Service Air Pressure, Trailer | 003-002-033 | Cover - Back, Instrument Cluster",VMRS_HB_COMPLETE_v20 page 8_pages_1-25.md
003-001-228,,003,001,"Indicator Lamp - General Usage | 003-002-034 | Button - Reset, Instrument Cluster",VMRS_HB_COMPLETE_v20 page 8_pages_1-25.md
003-001-229,,003,001,Wiring - Fuel Pressure Gauge | 003-002-035 | Comb - Speedometer,VMRS_HB_COMPLETE_v20 page 8_pages_1-25.md
003-001-230,,003,001,Sensor & Cable Assembly - Outside Air | 003-002-036 | Lens - Gauge,VMRS_HB_COMPLETE_v20 page 8_pages_1-25.md
000-001-200,,000,001,Temperature | 003-002-037 | O-Bing - Sleeve Sneedometer Drive,VMRS_HB_COMPLETE_v20 page 8_pages_1-25.md
003-001-231,,003,001,Buzzer - Differential Lockout | 003-002-038 | Ungrade - Instrument Cluster,VMRS_HB_COMPLETE_v20 page 8_pages_1-25.md
002-001-201,,002,001,Harpoon Water in Evel Sensor | 002-002-000 | Motor Componente,VMRS_HB_COMPLETE_v20 page 8_pages_1-25.md
003-001-232,,003,001,Wiring Harnasa Compass | 003-003-000 | Meter,VMRS_HB_COMPLETE_v20 page 8_pages_1-25.md
003-001-233,,003,001,Willing Hamess - Compass | 003-003-001 | Meunting Meters,VMRS_HB_COMPLETE_v20 page 8_pages_1-25.md
003-001-234,,003,001,"Buzzer - warning, Propane Tank | 003-003-002 | Mounting - Meters",VMRS_HB_COMPLETE_v20 page 8_pages_1-25.md
003-001-235,,003,001,"Warning Light - Service Indicator | 003-003-003 | Components - Parts, Meter",VMRS_HB_COMPLETE_v20 page 8_pages_1-25.md
003-001-236,,003,001,Air Transducer | 003-004-000 | Shutdown Devices,VMRS_HB_COMPLETE_v20 page 8_pages_1-25.md
003-001-237,,003,001,"Buzzer - Alarm, General Use | 003-004-001 | Solenoid Switch - Pressure Activated (Cutoff F/",VMRS_HB_COMPLETE_v20 page 8_pages_1-25.md
003-001-238,,003,001,"Harness - Jumper, Outside Air Temperature | | Cab, Insts, Heater & Air Conditioning)",VMRS_HB_COMPLETE_v20 page 8_pages_1-25.md
003-004-002,,003,004,Sensor | | Switch - Manual Cutoff Electrical System,VMRS_HB_COMPLETE_v20 page 8_pages_1-25.md
003-001-239,,003,001,"Bulb - MIL (Malfunction Indicator Lamp) | 003-004-003 | Switch - Shutdown, High Temperature",VMRS_HB_COMPLETE_v20 page 8_pages_1-25.md
003-001-240,,003,001,"Gauge - Pressure, Universal | 003-004-004 | Switch - Override, Automatic Engine Shutdown",VMRS_HB_COMPLETE_v20 page 8_pages_1-25.md
003-001-241,,003,001,Gauge - Leveling | | System (Formerly 003-001-026),VMRS_HB_COMPLETE_v20 page 8_pages_1-25.md
003-001-242,,003,001,"Gauge - Voltage | 003-004-005 | Switch - Manual, Engine Shutdown System",VMRS_HB_COMPLETE_v20 page 8_pages_1-25.md
003-001-243,,003,001,"O-Ring - Oil Pressure Sensor, Sending Unit | | Override (Formerly 003-001-027)",VMRS_HB_COMPLETE_v20 page 8_pages_1-25.md
003-001-244,,003,001,"Gasket - Engine Oil Level Sensor | 003-004-006 | Shutdown - Engine, Low Oil Pressure",VMRS_HB_COMPLETE_v20 page 8_pages_1-25.md
003-001-245,,003,001,"Gauge - Volt and Pressure | 003-004-007 | Switch - Engine Shutdown, Low Oil Pressure",VMRS_HB_COMPLETE_v20 page 8_pages_1-25.md
003-001-246,,003,001,Sending Unit - Axle Temperature | 003-004-008 | Probe - Low Coolant,VMRS_HB_COMPLETE_v20 page 8_pages_1-25.md
003-001-247,,003,001,Switch - High Water Temperature Warning | 003-004-009 | Wiring Harness - Shutdown Devices,VMRS_HB_COMPLETE_v20 page 8_pages_1-25.md
003-004-010,,003,004,Override | | Control Module - Engine Shutdown,VMRS_HB_COMPLETE_v20 page 8_pages_1-25.md
003-001-248,,003,001,Pressurestat - Warning System Component | 003-004-011 | Switch - High Temperature (Alarmstat),VMRS_HB_COMPLETE_v20 page 8_pages_1-25.md
003-001-249,,003,001,Gauge - Temperature Dash Unit | 003-004-012 | Shutdown - High Water Temperature,VMRS_HB_COMPLETE_v20 page 8_pages_1-25.md
003-001-250,,003,001,Sending Unit - Air Pressure Gauge | 003-004-013 | Shutdown - Low Coolant Level,VMRS_HB_COMPLETE_v20 page 8_pages_1-25.md
003-001-251,,003,001,Module - Analog/Digital Converter | 003-004-014 | Shutdown - High Trans Oil Temperature,VMRS_HB_COMPLETE_v20 page 8_pages_1-25.md
003-001-252,,003,001,Module - Pressure Analog/Digital Converter | 003-004-015 | Actuator - Air Shutdown,VMRS_HB_COMPLETE_v20 page 8_pages_1-25.md
003-001-255,,003,001,Gourge Coolent Lovel | 002-004-010 | Alami & Shutdown Kit,VMRS_HB_COMPLETE_v20 page 8_pages_1-25.md
003-001-254,,003,001,Gauge - Coolani Level | 003-004-010 | Overnue - Automatic Engine Shutdown,VMRS_HB_COMPLETE_v20 page 8_pages_1-25.md
003-001-200,,003,001,Gauge - Engine Temperature (Dash Onit) | 003-004-019 | Bracket - Road Speed Limiter,VMRS_HB_COMPLETE_v20 page 8_pages_1-25.md
003-001-257,,003,001,"Sensor - Transmission Oil Pressure | 003-004-021 | Bracket - Control Module, Engine Shutdown",VMRS_HB_COMPLETE_v20 page 8_pages_1-25.md
003-001-258,,003,001,Module - Low Fuel | 003-004-022 | Bracket - Engine Shutdown,VMRS_HB_COMPLETE_v20 page 8_pages_1-25.md
003-001-259,,003,001,"Amplifier - Fuel Gauge | 003-004-023 | Bracket - Engine Stop Control, Engine Shutdown",VMRS_HB_COMPLETE_v20 page 8_pages_1-25.md
003-001-260,,003,001,Harness - Coolant Fluid Level Sensor | 003-004-024 | Bracket - Oil Sentinel,VMRS_HB_COMPLETE_v20 page 8_pages_1-25.md
003-002-000,,003,002,"Speedometer | 003-004-025 | Bracket- Sensor, Coolant Level",VMRS_HB_COMPLETE_v20 page 8_pages_1-25.md
003-002-001,,003,002,"Head - Speedometer, Cable Driven | 003-004-026 | Bracket - Sensor, Oil & Water",VMRS_HB_COMPLETE_v20 page 8_pages_1-25.md
003-002-002,,003,002,"Shaft (Cable) - Flexible, Speedometer | 003-004-027 | Mounting Bracket - Solenoid, Engine Shutdown",VMRS_HB_COMPLETE_v20 page 8_pages_1-25.md
003-002-003,,003,002,"Gear & Shaft - Driven, Speedometer | 003-004-028 | Mounting Bracket - Valve, Engine Shutdown",VMRS_HB_COMPLETE_v20 page 8_pages_1-25.md
003-002-004,,003,002,"Seal - Speedometer Shaft | 003-004-029 | Mounting Bracket - Relay, Engine Shutdown",VMRS_HB_COMPLETE_v20 page 8_pages_1-25.md
003-002-005,,003,002,"Gear - Drive, Speedometer | 003-004-030 | Buzzer - Engine Shutdown",VMRS_HB_COMPLETE_v20 page 8_pages_1-25.md
003-002-006,,003,002,"Adapter - Vacuum, Speedometer | 003-004-031 | Coupling - Quick Test",VMRS_HB_COMPLETE_v20 page 8_pages_1-25.md
003-002-007,,003,002,"Adapter - Air, Speedometer | 003-004-032 | Decal - Dashboard",VMRS_HB_COMPLETE_v20 page 8_pages_1-25.md
003-002-008,,003,002,Odometer | 003-004-033 | Shutdown Kit,VMRS_HB_COMPLETE_v20 page 8_pages_1-25.md
003-002-009,,003,002,"Tip - Speedometer Drive | 003-004-034 | Fitting - Hose, Miscellaneous",VMRS_HB_COMPLETE_v20 page 8_pages_1-25.md
003-002-010,,003,002,Adapter - Manual Speedometer | 003-004-035 | Speed Limiter Kit,VMRS_HB_COMPLETE_v20 page 8_pages_1-25.md
003-004-030,,003,004,"Laber - Walling, Englie Shutdown | 004-001-002 | Mounting Procket Deef Air Deflector Dight",VMRS_HB_COMPLETE_v20 page 8_pages_1-25.md
003-004-037,,003,004,"Lens - Indicator, Shutdown | 004-001-003 | Mounting Bracket - Roof Air Deflector, Right",VMRS_HB_COMPLETE_v20 page 8_pages_1-25.md
003-004-038,,003,004,Manifold - Shutdown Devices | | Front,VMRS_HB_COMPLETE_v20 page 8_pages_1-25.md
003-004-039,,003,004,"Orifice - Oil Pressure | 004-001-004 | Mounting Bracket - Roof Air Deflector, Left Front",VMRS_HB_COMPLETE_v20 page 8_pages_1-25.md
003-004-040,,003,004,"Lens - Oil Return | 004-001-005 | Hardware, Mounting - Mounting Bracket, Roof",VMRS_HB_COMPLETE_v20 page 8_pages_1-25.md
003-004-041,,003,004,"Sensor - Chamber Assembly | | Air Deflector, Right Front",VMRS_HB_COMPLETE_v20 page 8_pages_1-25.md
003-004-042,,003,004,"Shutdown Kit - Engine | 004-001-006 | Mounting Bracket - Roof Air Deflector, Center",VMRS_HB_COMPLETE_v20 page 8_pages_1-25.md
003-004-043,,003,004,Engine Shutdown System Assembly | | Front,VMRS_HB_COMPLETE_v20 page 8_pages_1-25.md
003-004-044,,003,004,Timer - Shutdown | 004-001-007 | Hardware Mounting - Mounting Bracket Boof,VMRS_HB_COMPLETE_v20 page 8_pages_1-25.md
003-004-045,,003,004,"Bypass Valve - Engine Shutdown | 001 001 007 | Air Deflector, Center Front",VMRS_HB_COMPLETE_v20 page 8_pages_1-25.md
003-004-046,,003,004,Check Valve Engine Shutdown | 004 001 008 | Mounting Bracket Doof Air Deflector Dight,VMRS_HB_COMPLETE_v20 page 8_pages_1-25.md
003-004-047,,003,004,004 001 000 | RealMaximum Drashat Dalaf Air Daftastar Laft Daar,VMRS_HB_COMPLETE_v20 page 8_pages_1-25.md
003-004-048,,003,004,"lest valve | 004-001-009 | Mounting Bracket - Roof Air Deflector, Left Rear",VMRS_HB_COMPLETE_v20 page 8_pages_1-25.md
003-004-049,,003,004,"Water Pressure Valve | 004-001-010 | Hardware, Mounting - Mounting Bracket, Root",VMRS_HB_COMPLETE_v20 page 8_pages_1-25.md
003-004-050,,003,004,"Hardware, Mounting - Engine Shutdown System | | Air Deflector, Right Rear",VMRS_HB_COMPLETE_v20 page 8_pages_1-25.md
004-001-011,,004,001,"Assembly | | Plate - Mounting Bracket, Roof Air Deflector,",VMRS_HB_COMPLETE_v20 page 8_pages_1-25.md
003-004-051,,003,004,"O-Ring, Valve - Engine Shutdown | | Front",VMRS_HB_COMPLETE_v20 page 8_pages_1-25.md
003-004-052,,003,004,"Lever - Engine Shutdown | 004-001-012 | Plate - Mounting Bracket, Roof Air Deflector,",VMRS_HB_COMPLETE_v20 page 8_pages_1-25.md
003-004-053,,003,004,Sensor - Engine Stop Control | | Center,VMRS_HB_COMPLETE_v20 page 8_pages_1-25.md
003-004-054,,003,004,"Solenoid - Engine Shutdown Valve, Electric | 004-001-013 | Plate - Mounting Bracket, Roof Air Deflector.",VMRS_HB_COMPLETE_v20 page 8_pages_1-25.md
003-004-055,,003,004,Solenoid - Engine Shutdown Valve Air | | Rear,VMRS_HB_COMPLETE_v20 page 8_pages_1-25.md
003-004-056,,003,004,"Cylinder - Engine Shutdown Air | 004-001-014 | Seal - Mounting Bracket, Boof Air Deflector",VMRS_HB_COMPLETE_v20 page 8_pages_1-25.md
003-004-057,,003,004,Benair Kit - Engine Solenoid Valve | 001 001 011 | Front,VMRS_HB_COMPLETE_v20 page 8_pages_1-25.md
002-004-059,,002,004,Installation Kit Engine Southown | 004 001 015 | Soal Mounting Bracket Doof Air Deflector,VMRS_HB_COMPLETE_v20 page 8_pages_1-25.md
003-004-059,,003,004,Coll Assembly - Shutdown Solehold | 004 004 040,VMRS_HB_COMPLETE_v20 page 8_pages_1-25.md
003-004-060,,003,004,"Shield - Fuel Shut-Off | 004-001-016 | Seal - Mounting Bracket, Root Air Deflector,",VMRS_HB_COMPLETE_v20 page 8_pages_1-25.md
003-004-061,,003,004,Arm - Fuel Shut-Off | | Right Rear,VMRS_HB_COMPLETE_v20 page 8_pages_1-25.md
003-004-062,,003,004,"Rig Saver - Engine Shutdown | 004-001-017 | Seal - Mounting Bracket, Roof Air Deflector, Left",VMRS_HB_COMPLETE_v20 page 8_pages_1-25.md
003-004-063,,003,004,"O-Ring - Probe, Low Coolant Sensor | | Rear",VMRS_HB_COMPLETE_v20 page 8_pages_1-25.md
003-005-000,,003,005,"Anti-Theft | 004-001-018 | Installation Kit - Deflector, Airfoil, Roof Mounted",VMRS_HB_COMPLETE_v20 page 8_pages_1-25.md
003-005-001,,003,005,"Security System - Cab Alarm | 004-001-019 | Mounting Bracket - Roof Air Deflector, Center",VMRS_HB_COMPLETE_v20 page 8_pages_1-25.md
003-005-002,,003,005,Bracket - Security System | | Rear,VMRS_HB_COMPLETE_v20 page 8_pages_1-25.md
003-005-003,,003,005,"Transmitter - Security System | 004-001-020 | Channel - Support, Roof Air Deflector",VMRS_HB_COMPLETE_v20 page 8_pages_1-25.md
003-005-004,,003,005,"Wiring Harness - Security System | 004-001-021 | Brace - Reinforcement, Roof Air Deflector",VMRS_HB_COMPLETE_v20 page 8_pages_1-25.md
003-005-005,,003,005,"Keypad - Keyless Entry | 004-001-022 | Hardware, Mounting - Support Channel, Roof Air",VMRS_HB_COMPLETE_v20 page 8_pages_1-25.md
003-005-006,,003,005,Control Module - Keyless Entry | | Deflector,VMRS_HB_COMPLETE_v20 page 8_pages_1-25.md
003-005-007,,003,005,"Horn - Anti-Theft System | 004-001-023 | Hardware, Mounting - Mounting Bracket, Roof",VMRS_HB_COMPLETE_v20 page 8_pages_1-25.md
003-005-008,,003,005,"Sensor - Motion, Anti-Theft System | | Air Deflector, Center Rear",VMRS_HB_COMPLETE_v20 page 8_pages_1-25.md
003-005-009,,003,005,"Relay - Anti-Theft System | 004-001-024 | Plate - Pivot, Roof Air Deflector",VMRS_HB_COMPLETE_v20 page 8_pages_1-25.md
003-005-010,,003,005,Module - Ignition Immobilizer | 004-001-025 | Rail - Side Roof Air Deflector,VMRS_HB_COMPLETE_v20 page 8_pages_1-25.md
003-005-011,,003,005,Antenna - Ignition Immobilizer | 004-001-026 | Bracket - Strut Boof Air Deflector Upper,VMRS_HB_COMPLETE_v20 page 8_pages_1-25.md
003-005-012,,003,005,"Receiver - Keyless Entry | 004-001-027 | Strut - Roof Air Deflector, Upper",VMRS_HB_COMPLETE_v20 page 8_pages_1-25.md
002-005-012,,002,005,"Demote Keyloss Entry | 004-001-027 | Strut - Roof Air Deflector, Opper",VMRS_HB_COMPLETE_v20 page 8_pages_1-25.md
003-005-013,,003,005,"Rettory Domoto Kouloss Entry | 004-001-020 | Cross Press, Deef Air Deflector, Deer",VMRS_HB_COMPLETE_v20 page 8_pages_1-25.md
003-005-014,,003,005,"Dallery - Remote, Reviess Emily | 004-001-029 | Closs Blace - Rool All Dellector, Real",VMRS_HB_COMPLETE_v20 page 8_pages_1-25.md
003-005-015,,003,005,"Sensor - Keyless Entry | 004-001-030 | Mounting Hardware, Strut, Root Air Dellector",VMRS_HB_COMPLETE_v20 page 8_pages_1-25.md
003-005-016,,003,005,"Switch - Anti- I nett Alarm Control | 004-001-031 | Support - Motor, Root Air Deflector",VMRS_HB_COMPLETE_v20 page 8_pages_1-25.md
003-005-017,,003,005,"ETACS Module - Electronic Component Controls | 004-001-032 | Bracket - Actuator, Root Air Deflector",VMRS_HB_COMPLETE_v20 page 8_pages_1-25.md
003-006-000,,003,006,Monitoring Devices | 004-001-034 | Actuator Assembly - Roof Air Deflector,VMRS_HB_COMPLETE_v20 page 8_pages_1-25.md
003-006-001,,003,006,"Dash Display | 004-001-035 | Socket - Pivot, Roof Air Deflector, Front",VMRS_HB_COMPLETE_v20 page 8_pages_1-25.md
003-006-002,,003,006,"Sensor - Rain | 004-001-036 | Pin - Pivot, Roof Air Deflector",VMRS_HB_COMPLETE_v20 page 8_pages_1-25.md
003-006-003,,003,006,Multiplexer Unit - CPU | 004-001-037 | Wiring Harness - Roof Air Deflector,VMRS_HB_COMPLETE_v20 page 8_pages_1-25.md
003-006-004,,003,006,"Expansion Unit - Multiplexer | 004-001-038 | Clamp - Wiring Harness, Roof Air Deflector",VMRS_HB_COMPLETE_v20 page 8_pages_1-25.md
003-006-005,,003,006,"Wiring Harness - Multiplexer | 004-001-039 | Clamp - Worm Drive, Roof Air Deflector",VMRS_HB_COMPLETE_v20 page 8_pages_1-25.md
003-006-006,,003,006,"Hardware Mounting - Multiplexer | 004-001-040 | Plate - Reinforcement, Roof Air Deflector",VMRS_HB_COMPLETE_v20 page 8_pages_1-25.md
003-006-007,,003,006,Wiring Harness - Cab Multiplexer | 004-001-041 | Roof Air Deflector - Assembly Complete Manual,VMRS_HB_COMPLETE_v20 page 8_pages_1-25.md
003-006-008,,003,006,Multiplever - Cab | 004-001-042 | Boof Air Deflector - Assembly Complete - Electric,VMRS_HB_COMPLETE_v20 page 8_pages_1-25.md
003-000-009,,003,000,Cover Multiplexer | 004-001-043 | Transduser Assembly Deef Air Deflector,VMRS_HB_COMPLETE_v20 page 8_pages_1-25.md
003-000-010,,003,000,004-001-044 | Transducer Assembly - Roor Air Dellector,VMRS_HB_COMPLETE_v20 page 8_pages_1-25.md
003-000-011,,003,000,Multiplexer - Chassis | 004-001-045 | Spacer - Rooi Air Deflector,VMRS_HB_COMPLETE_v20 page 8_pages_1-25.md
003-000-012,,003,000,"Control Module - Multiplexing, Interface | 004-001-040 | Snell - Rool Air Dellector",VMRS_HB_COMPLETE_v20 page 8_pages_1-25.md
003-006-013,,003,006,"Wiring Harness - Multiplexer, Switch Expansion | 004-001-047 | Sensor - Position, Root Air Deflector",VMRS_HB_COMPLETE_v20 page 8_pages_1-25.md
003-006-014,,003,006,Gasket - Bulkhead Module | 004-001-048 | Bracket - Root Fairing,VMRS_HB_COMPLETE_v20 page 8_pages_1-25.md
003-006-015,,003,006,"Software - CPU, Multiplexer Unit | 004-002-000 | ⊢airing - Nose",VMRS_HB_COMPLETE_v20 page 8_pages_1-25.md
003-006-016,,003,006,Software - Cab Multiplexer | 004-002-001 | ⊢aırıng - Motorcycle,VMRS_HB_COMPLETE_v20 page 8_pages_1-25.md
003-006-017,,003,006,"Software - Chassis Multiplexer | 004-003-000 | Fairing - Cab, Roof Mounted",VMRS_HB_COMPLETE_v20 page 8_pages_1-25.md
003-006-018,,003,006,"Software - Multiplexing Control Module, Interface | 004-003-001 | Installation Kit - Roof Fairing",VMRS_HB_COMPLETE_v20 page 8_pages_1-25.md
003-006-019,,003,006,"Switch - Driver Menu Control (MCS) | 004-003-002 | Mounting Bracket - Roof Fairing, Right Front",VMRS_HB_COMPLETE_v20 page 8_pages_1-25.md
003-006-020,,003,006,"Antenna Assembly - Multiplex | 004-003-003 | Mounting Bracket - Roof Fairing, Left Front",VMRS_HB_COMPLETE_v20 page 8_pages_1-25.md
004-000-000,,004,000,"Aerodynamic Devices | 004-003-004 | Hardware, Mounting - Mounting Bracket, Roof",VMRS_HB_COMPLETE_v20 page 8_pages_1-25.md
004-001-000,,004,001,"Deflector - Air, Cab, Roof Mounted | | Fairing, Front",VMRS_HB_COMPLETE_v20 page 8_pages_1-25.md
004-001-001,,004,001,"Deflector - Airfoil, Roof Mounted | 004-003-005 | Mounting Bracket - Roof Fairing. Center Front",VMRS_HB_COMPLETE_v20 page 8_pages_1-25.md
004-004-011,,004,004,"Brace - Fairing, Cab Extender, Lower Right",VMRS_HB_COMPLETE_v20 page 8_pages_1-25.md
004-004-012,,004,004,"Brace - Fairing, Cab Extender, Left Intermediate",VMRS_HB_COMPLETE_v20 page 8_pages_1-25.md
004-004-013,,004,004,"Brace - Fairing, Cab Extender, Right",VMRS_HB_COMPLETE_v20 page 8_pages_1-25.md
004-004-014,,004,004,"Brace - Fairing, Cab Extender, Upper Left",VMRS_HB_COMPLETE_v20 page 8_pages_1-25.md
004-004-015,,004,004,"Brace - Fairing, Cab Extender, Upper Right",VMRS_HB_COMPLETE_v20 page 8_pages_1-25.md
004-004-016,,004,004,Sealing Tape - Fairing Cab Extender,VMRS_HB_COMPLETE_v20 page 8_pages_1-25.md
004-004-017,,004,004,"Angle Extender - Fairing, Cab Extender Left",VMRS_HB_COMPLETE_v20 page 8_pages_1-25.md
004-004-010,,004,004,"Angle Extender - Failing, Cab Extender, Algric",VMRS_HB_COMPLETE_v20 page 8_pages_1-25.md
004-004-019,,004,004,"Strut - Cab Extender, Opper",VMRS_HB_COMPLETE_v20 page 8_pages_1-25.md
004-004-020,,004,004,"Strut - Cab Extender, Lower",VMRS_HB_COMPLETE_v20 page 8_pages_1-25.md
004-004-021,,004,004,"Stabilizers - Vortex (Gap Sealers), Fairing, Cab",VMRS_HB_COMPLETE_v20 page 8_pages_1-25.md
004-004-022,,004,004,"Stabilizer - Fairing, Cab Extender",VMRS_HB_COMPLETE_v20 page 8_pages_1-25.md
004-004-023,,004,004,"Stabilizer - Cab Mount, Fairing, Cab Extender,",VMRS_HB_COMPLETE_v20 page 8_pages_1-25.md
004-004-024,,004,004,"Support - Vertical Stabilizer, Fairing, Cab",VMRS_HB_COMPLETE_v20 page 8_pages_1-25.md
004-004-025,,004,004,"Support - Diagonal Stabilizer, Fairing, Cab",VMRS_HB_COMPLETE_v20 page 8_pages_1-25.md
004-004-026,,004,004,Brace - Horizontal/Diagonal Air Foil Deflector,VMRS_HB_COMPLETE_v20 page 8_pages_1-25.md
004-004-027,,004,004,Gasket - Fairing Cab Extender,VMRS_HB_COMPLETE_v20 page 8_pages_1-25.md
004-004-029,,004,004,"Insent - Failing, Cab Extender",VMRS_HB_COMPLETE_v20 page 8_pages_1-25.md
004-004-030,,004,004,"Facket - Spacer, Failing, Cab Extender",VMRS_HB_COMPLETE_v20 page 8_pages_1-25.md
004-004-031,,004,004,Fairing Assembly - Cab Extender,VMRS_HB_COMPLETE_v20 page 8_pages_1-25.md
004-004-032,,004,004,"Trim Tab - Fairing, Cab Extender, Right",VMRS_HB_COMPLETE_v20 page 8_pages_1-25.md
004-004-033,,004,004,"Trim Tab - Fairing, Cab Extender, Left",VMRS_HB_COMPLETE_v20 page 8_pages_1-25.md
004-004-034,,004,004,"Extension - Flexible, Cab Extender",VMRS_HB_COMPLETE_v20 page 8_pages_1-25.md
004-004-035,,004,004,"Bracket - Trim Tab, Cab Extender",VMRS_HB_COMPLETE_v20 page 8_pages_1-25.md
004-004-036,,004,004,"Hinge - Trim Tab, Cab Extender, Upper Left",VMRS_HB_COMPLETE_v20 page 8_pages_1-25.md
004-004-037,,004,004,"Hinge - Trim Tab, Cab Extender, Upper Right",VMRS_HB_COMPLETE_v20 page 8_pages_1-25.md
004-004-038,,004,004,"Hinge - Trim Tab, Cab Extender, Lower Left",VMRS_HB_COMPLETE_v20 page 8_pages_1-25.md
004-004-039,,004,004,"Hinge - Trim Tab, Cab Extender, Lower Right",VMRS_HB_COMPLETE_v20 page 8_pages_1-25.md
004-004-040,,004,004,"Hinge - Side Extender, Upper Left",VMRS_HB_COMPLETE_v20 page 8_pages_1-25.md
004-004-041,,004,004,"Hinge - Side Extender, Upper Bight",VMRS_HB_COMPLETE_v20 page 8_pages_1-25.md
004-004-042,,004,004,"Hinge - Side Extender, Opper Left",VMRS_HB_COMPLETE_v20 page 8_pages_1-25.md
004-004-044,,004,004,"Hingo Sido Extender, Lower Hight",VMRS_HB_COMPLETE_v20 page 8_pages_1-25.md
004-004-045,,004,004,"Diacket - Failing, Side Extender",VMRS_HB_COMPLETE_v20 page 8_pages_1-25.md
004-004-047,,004,004,"Panel - Filler, Cab Extender, Lower",VMRS_HB_COMPLETE_v20 page 8_pages_1-25.md
004-004-048,,004,004,Reinforcement Kit - Cab Extender,VMRS_HB_COMPLETE_v20 page 8_pages_1-25.md
004-005-000,,004,005,Fairing - Chassis,VMRS_HB_COMPLETE_v20 page 8_pages_1-25.md
004-005-001,,004,005,"Fairing - Chassis, Front",VMRS_HB_COMPLETE_v20 page 8_pages_1-25.md
004-005-002,,004,005,"Fairing - Chassis, Intermediate",VMRS_HB_COMPLETE_v20 page 8_pages_1-25.md
004-005-003,,004,005,"Fairing - Chassis, Rear",VMRS_HB_COMPLETE_v20 page 8_pages_1-25.md
004-005-004,,004,005,Mounting Bracket - Chassis Fairing,VMRS_HB_COMPLETE_v20 page 8_pages_1-25.md
004-005-005,,004,005,"Mount - Rubber, Chassis Fairing",VMRS_HB_COMPLETE_v20 page 8_pages_1-25.md
004-005-006,,004,005,"Hardware, Mounting - Chassis Fairing, Front",VMRS_HB_COMPLETE_v20 page 8_pages_1-25.md
004-005-007,,004,005,"Hardware, Mounting - Chassis Fairing, Rear",VMRS_HB_COMPLETE_v20 page 8_pages_1-25.md
004-005-008,,004,005,Door - Chassis Fairing,VMRS_HB_COMPLETE_v20 page 8_pages_1-25.md
004-005-009,,004,005,"Hardware, Mounting - Door, Chassis Fairing",VMRS_HB_COMPLETE_v20 page 8_pages_1-25.md
004-005-010,,004,005,Extension - Chassis Fairing Rear I H,VMRS_HB_COMPLETE_v20 page 8_pages_1-25.md
004-005-011,,004,005,"Extension - Chassis Fairing, Rear, BH",VMRS_HB_COMPLETE_v20 page 8_pages_1-25.md
004-005-012,,004,005,Stud - Latch Chassis Fairing,VMRS_HB_COMPLETE_v20 page 8_pages_1-25.md
004-005-013,,004,005,Dieto Tapping Chassis Fairing,VMRS_HB_COMPLETE_v20 page 8_pages_1-25.md
004-005-014,,004,005,"Plate - Tapping, Chassis Fairing",VMRS_HB_COMPLETE_v20 page 8_pages_1-25.md
004-005-015,,004,005,Reinforcement - Chassis Fairing,VMRS_HB_COMPLETE_v20 page 8_pages_1-25.md
004-005-016,,004,005,"Strut - Support, Chassis Fairing",VMRS_HB_COMPLETE_v20 page 8_pages_1-25.md
004-005-017,,004,005,"Mud Flap - Chassis Fairing, Rear",VMRS_HB_COMPLETE_v20 page 8_pages_1-25.md
004-005-018,,004,005,Clamp - Chassis Fairing,VMRS_HB_COMPLETE_v20 page 8_pages_1-25.md
004-005-019,,004,005,"Cap - End, Chassis Fairing",VMRS_HB_COMPLETE_v20 page 8_pages_1-25.md
004-005-020,,004,005,"Patch - Anti-Scuff, Chassis Fairing",VMRS_HB_COMPLETE_v20 page 8_pages_1-25.md
004-005-021,,004,005,"Spring - Hinge, Fuel Door, Chassis Fairing",VMRS_HB_COMPLETE_v20 page 8_pages_1-25.md
004-005-022,,004,005,"Handle - Chassis Fairing, Rear",VMRS_HB_COMPLETE_v20 page 8_pages_1-25.md
004-005-023,,004,005,"Pad - Contact, Chassis Fairing",VMRS_HB_COMPLETE_v20 page 8_pages_1-25.md
004-005-024,,004,005,Wear Block - Chassis Fairing,VMRS_HB_COMPLETE_v20 page 8_pages_1-25.md
004-005-025,,004,005,Backing Plate - Chassis Fairing,VMRS_HB_COMPLETE_v20 page 8_pages_1-25.md
004-005-026,,004,005,Stop - Fuel Door Chassis Fairing,VMRS_HB_COMPLETE_v20 page 8_pages_1-25.md
004-005-027,,004,005,Brace - Skirt Chassis Fairing,VMRS_HB_COMPLETE_v20 page 8_pages_1-25.md
,000-021,000,021,"JUT | Diago - Onit, Oridoolo Falling",VMRS_HB_COMPLETE_v20 page 8_pages_1-25.md
004-005-028,,004,005,Code004-005-029 | DescriptionLatch - Chassis Fairing | Code004-008-00,VMRS_HB_COMPLETE_v20 page 8_pages_1-25.md
004-005-029,,004,005,Okirt Chassis Esiring,VMRS_HB_COMPLETE_v20 page 8_pages_1-25.md
,004-008,004,008,Skin - Chassis Failing | -00,VMRS_HB_COMPLETE_v20 page 8_pages_1-25.md
004-005-030,,004,005,"Trim - Fuel Door, Chassis Fairing | 004-008-00",VMRS_HB_COMPLETE_v20 page 8_pages_1-25.md
004-005-031,,004,005,"Bracket - Latch, Chassis Fairing | 004-008-00",VMRS_HB_COMPLETE_v20 page 8_pages_1-25.md
004-005-032,,004,005,"Trim - Mud Elan, Chassis Fairing | 004-008-01",VMRS_HB_COMPLETE_v20 page 8_pages_1-25.md
004-005-033,,004,005,"Support - Mud Flap Trim, Chassis Fairing | 004-008-01",VMRS_HB_COMPLETE_v20 page 8_pages_1-25.md
004-005-034,,004,005,Kick Plate - Chassis Fairing | 004-009-00,VMRS_HB_COMPLETE_v20 page 8_pages_1-25.md
004-005-035,,004,005,"Hinge - Kick Plate, Chassis Fairing | 004-009-00",VMRS_HB_COMPLETE_v20 page 8_pages_1-25.md
004-005-036,,004,005,"Stop - Kick Plate, Chassis Fairing | 004-009-00",VMRS_HB_COMPLETE_v20 page 8_pages_1-25.md
004-005-037,,004,005,"Bracket - Step, Fairing | 004-009-00",VMRS_HB_COMPLETE_v20 page 8_pages_1-25.md
004-005-038,,004,005,"Trim - Step, Chassis Fairing | 004-009-00",VMRS_HB_COMPLETE_v20 page 8_pages_1-25.md
004-005-039,,004,005,"Clip - Skirt, Chassis Fairing | 004-009-00",VMRS_HB_COMPLETE_v20 page 8_pages_1-25.md
004-005-040,,004,005,"Molding - Fairing, Side | 004-009-00",VMRS_HB_COMPLETE_v20 page 8_pages_1-25.md
004-005-041,,004,005,Spacer - Chassis Fairing | 004-010-00,VMRS_HB_COMPLETE_v20 page 8_pages_1-25.md
004-005-042,,004,005,"Shield - Splash, Chassis Fairing | 004-010-00",VMRS_HB_COMPLETE_v20 page 8_pages_1-25.md
004-005-043,,004,005,Bushing - Fairing Lower | 004-010-00,VMRS_HB_COMPLETE_v20 page 8_pages_1-25.md
004-005-044,,004,005,Bracket - Fairing Support,VMRS_HB_COMPLETE_v20 page 8_pages_1-25.md
004-005-045,,004,005,Extension - Chassis Fairing | 004-010-00,VMRS_HB_COMPLETE_v20 page 8_pages_1-25.md
004-005-047,,004,005,Service Step Structure Assembly - Chassis | 004-010-00,VMRS_HB_COMPLETE_v20 page 8_pages_1-25.md
,004-010,004,010,Fairing | -00,VMRS_HB_COMPLETE_v20 page 8_pages_1-25.md
004-005-048,,004,005,Bracket - Service Step Assembly | 004-010-00,VMRS_HB_COMPLETE_v20 page 8_pages_1-25.md
004-005-049,,004,005,"Cover - Battery Access Panel, Chassis Fairing | 004-010-00",VMRS_HB_COMPLETE_v20 page 8_pages_1-25.md
004-005-050,,004,005,"Support - Fairing, Center Forward | 004-010-00",VMRS_HB_COMPLETE_v20 page 8_pages_1-25.md
004-006-000,,004,006,"Fairings - Sleeper, Roof Mounted | 004-010-00",VMRS_HB_COMPLETE_v20 page 8_pages_1-25.md
004-006-001,,004,006,"Fairing Assembly - Complete, Sleeper Roof | 004-010-01",VMRS_HB_COMPLETE_v20 page 8_pages_1-25.md
004-006-002,,004,006,"Extender - Sleeper Roof Fairing, Left | 004-010-01",VMRS_HB_COMPLETE_v20 page 8_pages_1-25.md
004-006-003,,004,006,"Extender - Sleeper Boof Fairing, Bight | 004-010-01",VMRS_HB_COMPLETE_v20 page 8_pages_1-25.md
004-006-004,,004,006,Hardware Mounting - Sleener Boof Fairing | 004-010-01,VMRS_HB_COMPLETE_v20 page 8_pages_1-25.md
004-000-004,,004,000,Trim Tab. Extender Sleeper Roof Fairing Upper | 004-010-01,VMRS_HB_COMPLETE_v20 page 8_pages_1-25.md
004-000-005,,004,000,"Trim Tab Extender, Sleeper Roof Fairing, Opper | 004-010-01",VMRS_HB_COMPLETE_v20 page 8_pages_1-25.md
004-000-007,,004,000,"Thin Tab - Extender, Sleeper Rooi Fairing, Right | 004-011-00",VMRS_HB_COMPLETE_v20 page 8_pages_1-25.md
004-006-008,,004,006,"Hardware, Mounting - Trim Tab, Extender, | 004-011-002",VMRS_HB_COMPLETE_v20 page 8_pages_1-25.md
,004-011,004,011,Sleeper Roof Fairing | -00;,VMRS_HB_COMPLETE_v20 page 8_pages_1-25.md
004-006-009,,004,006,Bracket - Sleeper Roof Fairing | 004-012-00,VMRS_HB_COMPLETE_v20 page 8_pages_1-25.md
004-006-010,,004,006,"Bracket - Sleeper Roof Fairing, Inside, Rear | 004-012-00",VMRS_HB_COMPLETE_v20 page 8_pages_1-25.md
004-006-011,,004,006,Doubler Plate - Sleeper Roof Fairing | 004-012-00,VMRS_HB_COMPLETE_v20 page 8_pages_1-25.md
004-006-012,,004,006,"Bracket - Sleeper Roof Fairing, Front | 004-012-00",VMRS_HB_COMPLETE_v20 page 8_pages_1-25.md
004-006-013,,004,006,"Hardware, Mounting - Bracket, Sleeper Roof | 004-012-00",VMRS_HB_COMPLETE_v20 page 8_pages_1-25.md
,004-012,004,012,"Fairing, Front | -00",VMRS_HB_COMPLETE_v20 page 8_pages_1-25.md
004-006-014,,004,006,Reinforcement Channel - Sleeper Roof Fairing | 004-012-00,VMRS_HB_COMPLETE_v20 page 8_pages_1-25.md
004-006-015,,004,006,"Seal - Bracket, Sleeper Roof Fairing | 004-013-00",VMRS_HB_COMPLETE_v20 page 8_pages_1-25.md
004-006-016,,004,006,Stud Plate - Sleeper Boof Fairing | 004-013-00,VMRS_HB_COMPLETE_v20 page 8_pages_1-25.md
004-006-017,,004,006,Bracket - Sleeper Boof Fairing Center | 004-013-00,VMRS_HB_COMPLETE_v20 page 8_pages_1-25.md
004-006-018,,004,006,Seal - Bracket Sleeper Poof Fairing Pear | 004-013-00,VMRS_HB_COMPLETE_v20 page 8_pages_1-25.md
004-000-019,,004,000,"Exhaust Cutaut, Cleaner Deef Fairing, Left | 004-013-00",VMRS_HB_COMPLETE_v20 page 8_pages_1-25.md
004-006-020,,004,006,"Exhaust Cutout - Sleeper Roof Fairing, Leit | 004-013-00",VMRS_HB_COMPLETE_v20 page 8_pages_1-25.md
004-006-021,,004,006,"Exhaust Cutout - Sleeper Root Fairing, Right | 004-013-00",VMRS_HB_COMPLETE_v20 page 8_pages_1-25.md
004-007-000,,004,007,Fairing - Sleeper Extender,VMRS_HB_COMPLETE_v20 page 8_pages_1-25.md
004-007-001,,004,007,"Fairing - Sleeper Extender, Left | 004-013-00",VMRS_HB_COMPLETE_v20 page 8_pages_1-25.md
004-007-002,,004,007,"Fairing - Sleeper Extender, Right | 004-013-00",VMRS_HB_COMPLETE_v20 page 8_pages_1-25.md
004-007-003,,004,007,"Hardware, Mounting - Fairing, Sleeper Extender | 004-014-00",VMRS_HB_COMPLETE_v20 page 8_pages_1-25.md
004-007-004,,004,007,"Brace - Fairing, Sleeper Extender, Left | 004-014-00",VMRS_HB_COMPLETE_v20 page 8_pages_1-25.md
004-007-005,,004,007,"Brace - Fairing, Sleeper Extender, Right | 004-014-00",VMRS_HB_COMPLETE_v20 page 8_pages_1-25.md
004-007-006,,004,007,"Tape - Foam, Fairing, Sleeper Extender | 004-014-00",VMRS_HB_COMPLETE_v20 page 8_pages_1-25.md
004-007-007,,004,007,"Trim Tab - Fairing, Sleeper Extender, Right | 004-014-00",VMRS_HB_COMPLETE_v20 page 8_pages_1-25.md
004-007-008,,004,007,Hardware Mounting - Mounting Bracket Lower | 004-014-00,VMRS_HB_COMPLETE_v20 page 8_pages_1-25.md
,004-014,004,014,Left | -00,VMRS_HB_COMPLETE_v20 page 8_pages_1-25.md
004-007-009,,004,007,Backing - Rubber Fairing Sleeper Extender | 004-014-00,VMRS_HB_COMPLETE_v20 page 8_pages_1-25.md
004-007-010,,004,007,Bracket - Fairing Sleener Extender | 004-014-00,VMRS_HB_COMPLETE_v20 page 8_pages_1-25.md
004-007-012,,004,007,"mini Tab - Faining, Sleeper Extender, Leit | 004-014-01",VMRS_HB_COMPLETE_v20 page 8_pages_1-25.md
004-007-013,,004,007,"Bracket - Mount, Flexible, Extension, Sleeper | 004-014-01",VMRS_HB_COMPLETE_v20 page 8_pages_1-25.md
004-007-014,,004,007,Extender | 004-014-01,VMRS_HB_COMPLETE_v20 page 8_pages_1-25.md
004-008-000,,004,008,Fairing - Transitional (Cab to Sleeper),VMRS_HB_COMPLETE_v20 page 8_pages_1-25.md
004-008-001,,004,008,"⊢airing - Transitional, Left | 004-014-01",VMRS_HB_COMPLETE_v20 page 8_pages_1-25.md
004-008-002,,004,008,"Fairing - Transitional, Right | 004-014-01",VMRS_HB_COMPLETE_v20 page 8_pages_1-25.md
004-008-003,,004,008,"Fairing - Transitional, Upper Left | 004-014-01",VMRS_HB_COMPLETE_v20 page 8_pages_1-25.md
004-008-004,,004,008,"Fairing - Transitional, Upper Right | 004-014-01",VMRS_HB_COMPLETE_v20 page 8_pages_1-25.md
004-008-005,,004,008,"Hardware, Mounting - Transitional Fairing, Left | 004-014-01",VMRS_HB_COMPLETE_v20 page 8_pages_1-25.md
,008-006,008,006,"4- | Mount - Rubber, Transitional Fairing",VMRS_HB_COMPLETE_v20 page 8_pages_1-25.md
,008-007,008,007,4- | Bracket - Mid Transitional Fairing,VMRS_HB_COMPLETE_v20 page 8_pages_1-25.md
,008-008,008,008,4- | Bracket - Transitional Fairing,VMRS_HB_COMPLETE_v20 page 8_pages_1-25.md
,008-009,008,009,4- | Mounting Bracket - Transitional Fairing,VMRS_HB_COMPLETE_v20 page 8_pages_1-25.md
,008-010,008,010,4- | Closeout - Cab Rubber Right,VMRS_HB_COMPLETE_v20 page 8_pages_1-25.md
,009-011,009,011,"4 | Closeout - Cab, Hubber, Hight",VMRS_HB_COMPLETE_v20 page 8_pages_1-25.md
,000-011,000,011,"4- | Air Deflector Cab, Rubbel, Leit",VMRS_HB_COMPLETE_v20 page 8_pages_1-25.md
,009-000,009,000,4- | Air Dellector - Cab Front,VMRS_HB_COMPLETE_v20 page 8_pages_1-25.md
,009-001,009,001,"4- | Air Deflector Assembly - Complete, Cab Front",VMRS_HB_COMPLETE_v20 page 8_pages_1-25.md
,009-002,009,002,4- | Air Deflector - Cab Front,VMRS_HB_COMPLETE_v20 page 8_pages_1-25.md
,009-003,009,003,"4- | Bracket - Air Deflector, Cab Front",VMRS_HB_COMPLETE_v20 page 8_pages_1-25.md
,009-004,009,004,"4- | Seal - Air Deflector, Cab Front",VMRS_HB_COMPLETE_v20 page 8_pages_1-25.md
,009-005,009,005,"4- | Reinforcement - Air Deflector, Cab Front",VMRS_HB_COMPLETE_v20 page 8_pages_1-25.md
,009-006,009,006,"4- | Support - Air Deflector, Cab Front",VMRS_HB_COMPLETE_v20 page 8_pages_1-25.md
,010-000,010,000,"4- | Fairing - Belly, Trailer",VMRS_HB_COMPLETE_v20 page 8_pages_1-25.md
,010-001,010,001,"4- | Fairing - Belly Assembly, Trailer",VMRS_HB_COMPLETE_v20 page 8_pages_1-25.md
,010-002,010,002,"4- | Kit - Fastener (Non Preassembly), Belly",VMRS_HB_COMPLETE_v20 page 8_pages_1-25.md
,010-003,010,003,"4- | Kit - Fastener (Preassembly), Belly Assembly,",VMRS_HB_COMPLETE_v20 page 8_pages_1-25.md
,010-004,010,004,4- | Hinge (Long) - Belly Assembly Top,VMRS_HB_COMPLETE_v20 page 8_pages_1-25.md
,010-005,010,005,"4- | Hinge (Short) - Belly Assembly, Rottom",VMRS_HB_COMPLETE_v20 page 8_pages_1-25.md
,010-006,010,006,4- | Panel - Belly Assembly Plastic Bight Bear,VMRS_HB_COMPLETE_v20 page 8_pages_1-25.md
,010-009,010,009,"4 | Panel Bolly Assembly Plastic, Leit Hear",VMRS_HB_COMPLETE_v20 page 8_pages_1-25.md
,010-008,010,008,"4- | Panel Belly Assembly, Flastic, Right Middle",VMRS_HB_COMPLETE_v20 page 8_pages_1-25.md
,010-010,010,010,"4- | Panel - Belly Assembly, Plastic, Right Front",VMRS_HB_COMPLETE_v20 page 8_pages_1-25.md
,010-011,010,011,"4- | Panel - Belly Assembly, Plastic, Left Front",VMRS_HB_COMPLETE_v20 page 8_pages_1-25.md
,010-012,010,012,"4- | Backing Strip - Belly Assembly, Aluminum",VMRS_HB_COMPLETE_v20 page 8_pages_1-25.md
,010-013,010,013,"4- | Rod Assembly - Belly Assembly, Trailer",VMRS_HB_COMPLETE_v20 page 8_pages_1-25.md
,010-014,010,014,"4- | Clamp Tab - Belly Assembly, Trailer",VMRS_HB_COMPLETE_v20 page 8_pages_1-25.md
,011-000,011,000,"4- | Spoiler - Air, Cab, Roof Mounted",VMRS_HB_COMPLETE_v20 page 8_pages_1-25.md
,011-001,011,001,"4- | Panel - Spoiler, Roof Mounted",VMRS_HB_COMPLETE_v20 page 8_pages_1-25.md
,011-002,011,002,"4- | Bracket - Spoiler, Roof Mounted",VMRS_HB_COMPLETE_v20 page 8_pages_1-25.md
,011-003,011,003,"4- | Compression Limiter - Spoiler, Roof Mounted",VMRS_HB_COMPLETE_v20 page 8_pages_1-25.md
,012-000,012,000,4- | Spoiler - Body,VMRS_HB_COMPLETE_v20 page 8_pages_1-25.md
,012-001,012,001,4- | Spoiler,VMRS_HB_COMPLETE_v20 page 8_pages_1-25.md
,012-002,012,002,4- | Cap - Spoiler,VMRS_HB_COMPLETE_v20 page 8_pages_1-25.md
,012-003,012,003,4- | Clamp - Spoiler,VMRS_HB_COMPLETE_v20 page 8_pages_1-25.md
,012-004,012,004,4- | Gasket - Spoiler,VMRS_HB_COMPLETE_v20 page 8_pages_1-25.md
,012-005,012,005,4- | Kit - Spoiler,VMRS_HB_COMPLETE_v20 page 8_pages_1-25.md
,013-001,013,001,4- | Wheel Cover - Aerodynamic,VMRS_HB_COMPLETE_v20 page 8_pages_1-25.md
,013-002,013,002,"4- | Hose - Air Extension, Wheel Cover, Inner",VMRS_HB_COMPLETE_v20 page 8_pages_1-25.md
,013-003,013,003,"4- | Hose - Air Extension, wheel Cover, Outer",VMRS_HB_COMPLETE_v20 page 8_pages_1-25.md
,013-004,013,004,"4- | Iop Plate - U-Shaped, Adjustable, Wheel Cover",VMRS_HB_COMPLETE_v20 page 8_pages_1-25.md
,013-005,013,005,4- | Bracket Legs - Wheel Cover,VMRS_HB_COMPLETE_v20 page 8_pages_1-25.md
,013-006,013,006,"4- | Hardware, Mounting - Wheel Cover,",VMRS_HB_COMPLETE_v20 page 8_pages_1-25.md
,013-007,013,007,"4- | Kit - Wheel Cover Assembly, Aerodynamic",VMRS_HB_COMPLETE_v20 page 8_pages_1-25.md
,013-008,013,008,4- | Latch - Wheel Cover Release,VMRS_HB_COMPLETE_v20 page 8_pages_1-25.md
,014-000,014,000,4- | Chassis Air Flow Management Fairing Aerokit,VMRS_HB_COMPLETE_v20 page 8_pages_1-25.md
,014-001,014,001,4- | Tandem Fairing - Center,VMRS_HB_COMPLETE_v20 page 8_pages_1-25.md
,014-002,014,002,4- | Mounting Plate - Center Tandem Fairing,VMRS_HB_COMPLETE_v20 page 8_pages_1-25.md
,014-003,014,003,4- | Adapter Plate - Center Tandem Fairing,VMRS_HB_COMPLETE_v20 page 8_pages_1-25.md
,014-004,014,004,4- | Bar - Center Tandem Fairing,VMRS_HB_COMPLETE_v20 page 8_pages_1-25.md
,014-005,014,005,"4- | Hardware, Mounting - Center Tandem Fairing",VMRS_HB_COMPLETE_v20 page 8_pages_1-25.md
,014-006,014,006,4- | Tandem Fairing - Bear,VMRS_HB_COMPLETE_v20 page 8_pages_1-25.md
,014-007,014,007,4- | Post Assembly - Rear Tandem Fairing,VMRS_HB_COMPLETE_v20 page 8_pages_1-25.md
,014-008,014,008,4- | Sleeve - Rear Tandem Fairing,VMRS_HB_COMPLETE_v20 page 8_pages_1-25.md
,014-010,014,010,4- | Hardware Mounting - Rear Tandom Fairing,VMRS_HB_COMPLETE_v20 page 8_pages_1-25.md
,014-012,014,012,"4- | Diacket - Laton, Wheel Cover",VMRS_HB_COMPLETE_v20 page 8_pages_1-25.md
,014-013,014,013,4- | wheel Cover - Chassis Air Flow Management,VMRS_HB_COMPLETE_v20 page 8_pages_1-25.md
,014-014,014,014,"4- | Hardware, Mounting - Wheel Cover",VMRS_HB_COMPLETE_v20 page 8_pages_1-25.md
,014-015,014,015,"4- | Adapter - Wide, Center Tandem Fairing",VMRS_HB_COMPLETE_v20 page 8_pages_1-25.md
,014-016,014,016,"4- | Adapter - Lowering, Mud Flap Hanger",VMRS_HB_COMPLETE_v20 page 8_pages_1-25.md
,014-017,014,017,"4- | Latch Assembly - Wheel Cover, Fixed",VMRS_HB_COMPLETE_v20 page 8_pages_1-25.md
,014-018,014,018,4- | Fairing - Steer Axle Wheel Well,VMRS_HB_COMPLETE_v20 page 8_pages_1-25.md
004-014-019,,004,014,Chassis Air Flow Fairing Assembly - Complete | 011-001-064 | Cap - King Pin,VMRS_HB_COMPLETE_v20 page 8_pages_1-25.md
004-014-020,,004,014,"Bracket - Fairing, Steer Axle Wheel Well | 011-001-065 | Gasket - King Pin",VMRS_HB_COMPLETE_v20 page 8_pages_1-25.md
004-015-000,,004,015,Aerodynamic Splash Guard | 011-001-066 | Bushing - Axle Beam,VMRS_HB_COMPLETE_v20 page 8_pages_1-25.md
004-015-001,,004,015,Splash Guard - Aerodynamic | 011-001-067 | Damper - Axle Beam,VMRS_HB_COMPLETE_v20 page 8_pages_1-25.md
010-000-000,,010,000,Chassis Group | 011-001-068 | Insulator - Axle Beam,VMRS_HB_COMPLETE_v20 page 8_pages_1-25.md
011-000-000,,011,000,Axles - Front Steering | 011-001-069 | Mount - Axle Beam,VMRS_HB_COMPLETE_v20 page 8_pages_1-25.md
011-001-000,,011,001,"Axle Components - Non-Driven, Front | 011-001-070 | Steering Arm - Lower",VMRS_HB_COMPLETE_v20 page 8_pages_1-25.md
011-001-001,,011,001,Axle Assembly - Complete Non-Driven Front | 011-001-071 | Steering Arm Assembly,VMRS_HB_COMPLETE_v20 page 8_pages_1-25.md
011-001-072,,011,001,Steering | | Track Bar - Front Axle,VMRS_HB_COMPLETE_v20 page 8_pages_1-25.md
011-001-002,,011,001,Shim - Camber Adjusting | 011-001-073 | Rushing - Ayle Support Non-Driven Front Ayle,VMRS_HB_COMPLETE_v20 page 8_pages_1-25.md
011-001-004,,011,001,"Knuckla Staaring Spindla | 012 001 000 | Axies - Non-Driven, Neal",VMRS_HB_COMPLETE_v20 page 8_pages_1-25.md
011-001-005,,011,001,"Busiling - Ning PiliKing Din, Aula Nan Drivan, Frant | 012-001-001 | Tube - Non-Driven Real Axie",VMRS_HB_COMPLETE_v20 page 8_pages_1-25.md
011-001-008,,011,001,"Stop - Steering Knuckle | 012-001-003 | Axie Assembly - Complete, Non-Driven, Rear",VMRS_HB_COMPLETE_v20 page 8_pages_1-25.md
011-001-010,,011,001,Repair Kit - King Pin | 012-001-004 | Spindle - Rear Axie,VMRS_HB_COMPLETE_v20 page 8_pages_1-25.md
011-001-011,,011,001,"Cap - Steering Knuckle | 012-001-005 | Adjustment Nut - Bearing, Rear Axle Spindle",VMRS_HB_COMPLETE_v20 page 8_pages_1-25.md
011-001-012,,011,001,"Bushing - Steering Knuckle | 012-001-006 | Jam Nut - Outer, Non-Driven Rear Axle",VMRS_HB_COMPLETE_v20 page 8_pages_1-25.md
011-001-013,,011,001,"Plug - Grease, King Pin | 012-001-007 | Washer - Spindle Nut Block Retaining, ABS",VMRS_HB_COMPLETE_v20 page 8_pages_1-25.md
011-001-014,,011,001,"Retainer - Grease Plug, King Pin | | Sensor",VMRS_HB_COMPLETE_v20 page 8_pages_1-25.md
011-001-015,,011,001,"Thrust Bearing - King Pin | 012-001-008 | Adapter, Axle - Non-Driven, Rear",VMRS_HB_COMPLETE_v20 page 8_pages_1-25.md
011-001-016,,011,001,"Nut - Knuckle, Steering Spindle | 012-001-009 | Seal - Grease, Non-Driven Rear Axle",VMRS_HB_COMPLETE_v20 page 8_pages_1-25.md
011-001-017,,011,001,"Washer - Spindle Nut, Steering Knuckle | 012-001-010 | Beam - Center, Non-Driven Rear Axle",VMRS_HB_COMPLETE_v20 page 8_pages_1-25.md
011-001-018,,011,001,Retaining Pin - King Pin | 012-001-011 | Snap Ring - Non-Driven Rear Axle,VMRS_HB_COMPLETE_v20 page 8_pages_1-25.md
011-001-019,,011,001,Steering Arm - Upper Left | 012-001-012 | Connection - Pivot Non-Driven Rear Axle,VMRS_HB_COMPLETE_v20 page 8_pages_1-25.md
011-001-020,,011,001,"Thrust Washer - Spindle Steering Knuckle | 012-001-013 | Connection - Tube, Non-Driven Rear Ayle",VMRS_HB_COMPLETE_v20 page 8_pages_1-25.md
011-001-021,,011,001,Gasket - Can Steering Knuckle | 012-001-014 | Plate - Steering Ayle,VMRS_HB_COMPLETE_v20 page 8_pages_1-25.md
011-001-022,,011,001,"O Ding Cap, Steering Knuckle | 012 001 015 | Spacer King Din",VMRS_HB_COMPLETE_v20 page 8_pages_1-25.md
011-001-023,,011,001,"Seal - King Pin, Non-Driven, Front Axie | 012-001-017 | Bearing - King Pin, Non-Driven Rear Axie",VMRS_HB_COMPLETE_v20 page 8_pages_1-25.md
011-001-024,,011,001,"Washer - Aniculating Shart | 012-001-017 | Bearing - Thrust, King Pin",VMRS_HB_COMPLETE_v20 page 8_pages_1-25.md
011-001-025,,011,001,"Steering Arm - Opper Right | 012-001-018 | Hardware, Mounting - Bracket, Rear Axie",VMRS_HB_COMPLETE_v20 page 8_pages_1-25.md
011-001-026,,011,001,Lock - Spindle Nut | 012-001-019 | Bushing - Rear Axie,VMRS_HB_COMPLETE_v20 page 8_pages_1-25.md
011-001-027,,011,001,Grease Fitting - King Pin | 012-001-020 | Damper - Rear Axle,VMRS_HB_COMPLETE_v20 page 8_pages_1-25.md
011-001-028,,011,001,"Arm - Tie Rod, Left | 012-001-021 | King Pin - Rear Axle",VMRS_HB_COMPLETE_v20 page 8_pages_1-25.md
011-001-029,,011,001,"Arm - Tie Rod, Right | 012-001-022 | Seal - King Pin, Non-Driven, Rear Axle",VMRS_HB_COMPLETE_v20 page 8_pages_1-25.md
011-001-030,,011,001,"Tube - Tie Rod, Non-Driven, Front Axle | 012-001-023 | Shim - Rear Axle",VMRS_HB_COMPLETE_v20 page 8_pages_1-25.md
011-001-031,,011,001,"End - Tie Rod | 012-001-024 | Shim - Steering Knuckle, Rear Axle",VMRS_HB_COMPLETE_v20 page 8_pages_1-25.md
011-001-032,,011,001,Clamp Assembly - Tie Rod End | 012-001-025 | Axle Assembly w/Wheel End Components -,VMRS_HB_COMPLETE_v20 page 8_pages_1-25.md
011-001-033,,011,001,"Beam | | Complete, Non-Driven, Rear",VMRS_HB_COMPLETE_v20 page 8_pages_1-25.md
011-001-034,,011,001,"Hardware, Mounting - Steering Knuckle Cap | 012-001-026 | Plug - Spindle End, Non-Driven Rear Axle",VMRS_HB_COMPLETE_v20 page 8_pages_1-25.md
011-001-035,,011,001,Nut - Retaining Pin | 012-001-027 | Filter Kit - Non-Driven Rear Axle,VMRS_HB_COMPLETE_v20 page 8_pages_1-25.md
011-001-036,,011,001,Nut - Axle Stop Bolt | 012-001-028 | Plug - Thermal,VMRS_HB_COMPLETE_v20 page 8_pages_1-25.md
011-001-037,,011,001,Shim - King Pin Non-Driven Ayle | 012-001-020 | Bushing - Ayle Support Non-Driven Bear Ayle,VMRS_HB_COMPLETE_v20 page 8_pages_1-25.md
011-001-039,,011,001,"Hardware, Mounting - Steering Knuckle Stop | 012-002-001 | Axie Assembly - Complete, Non-Driven, Tag Of",VMRS_HB_COMPLETE_v20 page 8_pages_1-25.md
011-001-040,,011,001,"Key - King Pin, Draw | 040 000 000 | Pusner",VMRS_HB_COMPLETE_v20 page 8_pages_1-25.md
011-001-041,,011,001,"Key - Tie Rod, Steering Arm | 012-002-002 | Tube/Beam - Non-Driven, Tag Or Pusher Axle",VMRS_HB_COMPLETE_v20 page 8_pages_1-25.md
011-001-042,,011,001,"Cotter Pin - Knuckle | 012-002-004 | Knuckle / Spindle - Non-Driven, Tag Or Pusher",VMRS_HB_COMPLETE_v20 page 8_pages_1-25.md
011-001-043,,011,001,Adapter - Front Axle | | Axle,VMRS_HB_COMPLETE_v20 page 8_pages_1-25.md
011-001-044,,011,001,"Wiper - Rod, Knuckle Pin | 012-002-005 | Bearing, Spindle Adjustment Nut - Non-Driven,",VMRS_HB_COMPLETE_v20 page 8_pages_1-25.md
011-001-045,,011,001,"Key - Beam, Front Axle | | Tag Or Pusher Axle",VMRS_HB_COMPLETE_v20 page 8_pages_1-25.md
011-001-046,,011,001,"Pin - Cap, Steering Knuckle | 012-002-006 | Jam Nut - Outer, Non-Driven, Tag Or Pusher",VMRS_HB_COMPLETE_v20 page 8_pages_1-25.md
011-001-047,,011,001,"Sleeve - Needle, Front Axle | | Axle",VMRS_HB_COMPLETE_v20 page 8_pages_1-25.md
011-001-048,,011,001,"Connector - Upper King Pin, Right | 012-002-007 | Washer, Spindle Nut Block Retaining - ABS",VMRS_HB_COMPLETE_v20 page 8_pages_1-25.md
011-001-049,,011,001,Stud - Ball Front Axle | | Sensor Non-Driven Tag Or Pusher Axle,VMRS_HB_COMPLETE_v20 page 8_pages_1-25.md
011-001-050,,011,001,Post - Knuckle Front Avle | 012-002-008 | Adapter Ayle - Non-Driven Tag or Pusher Ayle,VMRS_HB_COMPLETE_v20 page 8_pages_1-25.md
011-001-051,,011,001,"Adapter - Stop Bolt | 012-002-000 | King Pin - Non-Driver, Tag Or Pusher Ayle",VMRS_HB_COMPLETE_v20 page 8_pages_1-25.md
011-001-052,,011,001,Thrust Rearing King Din Non Driven Front Ayle | 012-002-009 | Cap King Pin Non Driven Tag Or Pusher Avia,VMRS_HB_COMPLETE_v20 page 8_pages_1-25.md
011-001-053,,011,001,"Axie Assembly w/wheel End Components - | 012-002-011 | Arm, Tie-Rod - Non-Driven, Tag Or Pusher Axie",VMRS_HB_COMPLETE_v20 page 8_pages_1-25.md
012-002-012,,012,002,"Complete, Non-Driven, Front Steering | | End, Tie-Rod - Non-Driven, Tag Or Pusner Axie",VMRS_HB_COMPLETE_v20 page 8_pages_1-25.md
011-001-054,,011,001,"Spacer Plate - King Pin, Non-Driven Front Axle | 012-002-013 | Stabilizer, Steering Damper - Non-Driven, Tag Or",VMRS_HB_COMPLETE_v20 page 8_pages_1-25.md
011-001-055,,011,001,Seal - Vertical Spindle | · | Pusher Axle,VMRS_HB_COMPLETE_v20 page 8_pages_1-25.md
011-001-056,,011,001,"Spindle | 012-002-014 | Axle Assembly - Complete, Non-Driven, Tag Axle",VMRS_HB_COMPLETE_v20 page 8_pages_1-25.md
011-001-057,,011,001,"Spindle - Vertical | 012-002-015 | Axle Assembly - Complete, Non-Driven, Pusher",VMRS_HB_COMPLETE_v20 page 8_pages_1-25.md
011-001-058,,011,001,Clamping Plate - Spindle | | Axle,VMRS_HB_COMPLETE_v20 page 8_pages_1-25.md
011-001-059,,011,001,"Spindle - Front Axle, Independent Front | 012-002-016 | Connection Assembly - Pivot, Tag Or Pusher",VMRS_HB_COMPLETE_v20 page 8_pages_1-25.md
011-001-060,,011,001,"Chamber - Air, Front Axle | 012-002-017 | Connection Assembly - Axle, Tag Or Pusher Axle",VMRS_HB_COMPLETE_v20 page 8_pages_1-25.md
011-001-061,,011,001,"Tie Rod, Tube & Ends Assembly | 012-002-018 | Connector - Upper King Pin. Tag Or Pusher.",VMRS_HB_COMPLETE_v20 page 8_pages_1-25.md
011-001-062,,011,001,Snap Ring - King Pin | | Right,VMRS_HB_COMPLETE_v20 page 8_pages_1-25.md
011-001-063,,011,001,Bearing - King Pin | 012-002-019 | Connector - Upper King Pin Tag Or Pusher Left,VMRS_HB_COMPLETE_v20 page 8_pages_1-25.md
012-002-020,,012,002,Axle Assembly w/Wheel End Components -,VMRS_HB_COMPLETE_v20 page 8_pages_1-25.md
012-002-021,,012,002,Axle Assembly w/Wheel End Components -,VMRS_HB_COMPLETE_v20 page 8_pages_1-25.md
012-002-022,,012,002,Axle Assembly w/Wheel End Components -,VMRS_HB_COMPLETE_v20 page 8_pages_1-25.md
012-002-023,,012,002,"Filling - Tag Or Pusher Axie, Air Line, Hose,",VMRS_HB_COMPLETE_v20 page 8_pages_1-25.md
012-002-024,,012,002,"Fitting - Tag Or Pusher Axle, Oil Line, Hose",VMRS_HB_COMPLETE_v20 page 8_pages_1-25.md
012-002-025,,012,002,"O-Ring - Tag Or Pusher Axle, Air Line, Hose,",VMRS_HB_COMPLETE_v20 page 8_pages_1-25.md
012-002-026,,012,002,"O-Ring - Tag Or Pusher Axle, Oil Line, Hose,",VMRS_HB_COMPLETE_v20 page 8_pages_1-25.md
010-000-007,,010,000,"Tube, Plumbing",VMRS_HB_COMPLETE_v20 page 8_pages_1-25.md
012-002-027,,012,002,"Busning - King Pin, Tag Or Pusher Axle",VMRS_HB_COMPLETE_v20 page 8_pages_1-25.md
013-001-000,,013,001,Front Brakes & Drums,VMRS_HB_COMPLETE_v20 page 8_pages_1-25.md
013-001-001,,013,001,Backing Plate - Front Brake,VMRS_HB_COMPLETE_v20 page 8_pages_1-25.md
013-001-002,,013,001,"Hardware, Mounting - Front Brake Backing Plate",VMRS_HB_COMPLETE_v20 page 8_pages_1-25.md
013-001-003,,013,001,"Actuating Link - Self Adjusting, Front Brake",VMRS_HB_COMPLETE_v20 page 8_pages_1-25.md
013-001-004,,013,001,Anchor - Front Brake Shoe,VMRS_HB_COMPLETE_v20 page 8_pages_1-25.md
013-001-005,,013,001,Guide - Front Brake Shoe,VMRS_HB_COMPLETE_v20 page 8_pages_1-25.md
013-001-006,,013,001,"Spring - Adjusting Sprocket Screw, Front Brake",VMRS_HB_COMPLETE_v20 page 8_pages_1-25.md
010-001-007,,010,001,Shoe,VMRS_HB_COMPLETE_v20 page 8_pages_1-25.md
013-001-007,,013,001,"Sprocket & Screw - Shoe Adjusting, Front Brake",VMRS_HB_COMPLETE_v20 page 8_pages_1-25.md
013-001-009,,013,001,"Return Spring - Self Adjuster, Front Brake Pawl",VMRS_HB_COMPLETE_v20 page 8_pages_1-25.md
013-001-011,,013,001,"Override Spring - Self Adjuster, Front Brake",VMRS_HB_COMPLETE_v20 page 8_pages_1-25.md
013-001-012,,013,001,"Override Pivot - Self Adjuster, Front Brake",VMRS_HB_COMPLETE_v20 page 8_pages_1-25.md
013-001-013,,013,001,Shoe & Lining Assembly - Front Brake,VMRS_HB_COMPLETE_v20 page 8_pages_1-25.md
013-001-014,,013,001,Shoe - Front Brake,VMRS_HB_COMPLETE_v20 page 8_pages_1-25.md
013-001-015,,013,001,Lining - Brake Front,VMRS_HB_COMPLETE_v20 page 8_pages_1-25.md
013-001-016,,013,001,Hold-Down Spring - Front Brake Shoe,VMRS_HB_COMPLETE_v20 page 8_pages_1-25.md
013-001-017,,013,001,"Retainer - Hold-Down Spring, Front Brake Shoe",VMRS_HB_COMPLETE_v20 page 8_pages_1-25.md
013-001-018,,013,001,"Pin - Hold-Down Spring, Front Brake Shoe",VMRS_HB_COMPLETE_v20 page 8_pages_1-25.md
013-001-020,,013,001,Cylinder Assembly Or Chamber - Front Brake,VMRS_HB_COMPLETE_v20 page 8_pages_1-25.md
013-001-021,,013,001,Line. Hydraulic - Front Brake Cylinder,VMRS_HB_COMPLETE_v20 page 8_pages_1-25.md
013-001-022,,013,001,"Push Rod - Wheel Cylinder, Front Brake",VMRS_HB_COMPLETE_v20 page 8_pages_1-25.md
013-001-023,,013,001,Drum - Front Brake,VMRS_HB_COMPLETE_v20 page 8_pages_1-25.md
013-001-024,,013,001,"Hardware, Mounting - Front Brake Drum",VMRS_HB_COMPLETE_v20 page 8_pages_1-25.md
013-001-025,,013,001,Damper Spring - Front Brake Drum,VMRS_HB_COMPLETE_v20 page 8_pages_1-25.md
013-001-026,,013,001,"Rotor - Disc Brakes, FrontShield Front Disc Brake",VMRS_HB_COMPLETE_v20 page 8_pages_1-25.md
013-001-027,,013,001,Caliner Assembly - Front Disc Brake,VMRS_HB_COMPLETE_v20 page 8_pages_1-25.md
013-001-030,,013,001,"Slack Adjuster - Manual, Front Brake",VMRS_HB_COMPLETE_v20 page 8_pages_1-25.md
013-001-031,,013,001,"Camshaft - Slack, Front Brake",VMRS_HB_COMPLETE_v20 page 8_pages_1-25.md
013-001-032,,013,001,Cam Roller - Front Brake,VMRS_HB_COMPLETE_v20 page 8_pages_1-25.md
013-001-033,,013,001,"Hardware, Mounting - Front Brake Cylinder",VMRS_HB_COMPLETE_v20 page 8_pages_1-25.md
013-001-034,,013,001,Seal Assembly - Front Brake,VMRS_HB_COMPLETE_v20 page 8_pages_1-25.md
013-001-035,,013,001,Adjustment Actuator - Automatic,VMRS_HB_COMPLETE_v20 page 8_pages_1-25.md
013-001-037,,013,001,Guide - Plunger Adjustment Front Brakes,VMRS_HB_COMPLETE_v20 page 8_pages_1-25.md
013-001-039,,013,001,"Plunger Adjustment - Automatic, Front Brake",VMRS_HB_COMPLETE_v20 page 8_pages_1-25.md
013-001-040,,013,001,Adjustment Bolt Assembly - Wedge Brakes.,VMRS_HB_COMPLETE_v20 page 8_pages_1-25.md
013-001-041,,013,001,"Nut, Spanner - Front Brake",VMRS_HB_COMPLETE_v20 page 8_pages_1-25.md
013-001-042,,013,001,"Screw - Guide Spring, Front Brake",VMRS_HB_COMPLETE_v20 page 8_pages_1-25.md
013-001-043,,013,001,Clip - Front Brake Shoe,VMRS_HB_COMPLETE_v20 page 8_pages_1-25.md
013-001-044,,013,001,"Anchor, Plunger - Front Brake, Left",VMRS_HB_COMPLETE_v20 page 8_pages_1-25.md
013-001-045,,013,001,"Anchor, Plunger - Front Brake, Right",VMRS_HB_COMPLETE_v20 page 8_pages_1-25.md
013-001-050,,013,001,"Degree, LeftHousing Assembly - Front Black Plunger, 12",VMRS_HB_COMPLETE_v20 page 8_pages_1-25.md
013-001-051,,013,001,"Guide - Wedge, Front Brakes",VMRS_HB_COMPLETE_v20 page 8_pages_1-25.md
013-001-052,,013,001,"Bolt - Brake Lining To Shoe, Front Brake",VMRS_HB_COMPLETE_v20 page 8_pages_1-25.md
013-001-053,,013,001,Bushing - Front Brake Shoe,VMRS_HB_COMPLETE_v20 page 8_pages_1-25.md
013-001-054,,013,001,"Lock - Retainer, Front Brake Shoe",VMRS_HB_COMPLETE_v20 page 8_pages_1-25.md
013-001-055,,013,001,"Repair Kit - Wedge Brakes, Front",VMRS_HB_COMPLETE_v20 page 8_pages_1-25.md
013-001-056,,013,001,"Repair Kit - Cam Brakes, Front",VMRS_HB_COMPLETE_v20 page 8_pages_1-25.md
013-001-057,,013,001,"Repair Kit - Camshaft, Front Brakes",VMRS_HB_COMPLETE_v20 page 8_pages_1-25.md
013-001-058,,013,001,"Repair Kit - Disc Brakes, Front",VMRS_HB_COMPLETE_v20 page 8_pages_1-25.md
013-001-059,,013,001,"Repair Kit - Hydraulic Brakes, Front",VMRS_HB_COMPLETE_v20 page 8_pages_1-25.md
013-001-060,,013,001,"Piston - Hydraulic Disc Brakes, Front",VMRS_HB_COMPLETE_v20 page 8_pages_1-25.md
013-001-061,,013,001,"Metering Valve - Hydraulic Disc Brakes, Front",VMRS_HB_COMPLETE_v20 page 8_pages_1-25.md
013-001-062,,013,001,Repair Kit - Cylinder Assembly Or Chamber -,VMRS_HB_COMPLETE_v20 page 8_pages_1-25.md
013-001-063,,013,001,Rushing - Anchor Front Brake Shoe,VMRS_HB_COMPLETE_v20 page 8_pages_1-25.md
013-001-064,,013,001,Dushing - Anchor Pin Front Brake,VMRS_HB_COMPLETE_v20 page 8_pages_1-25.md
013-001-065,,013,001,Seal Anchor Pin - Front Brake,VMRS_HB_COMPLETE_v20 page 8_pages_1-25.md
013-001-066,,013,001,Hardware Mounting - Axle Spindle Front Brake,VMRS_HB_COMPLETE_v20 page 8_pages_1-25.md
013-001-067,,013,001,Support Bracket - Front Brake Camshaft,VMRS_HB_COMPLETE_v20 page 8_pages_1-25.md
013-001-068,,013,001,Support Bracket - Front Brake Camshaft,VMRS_HB_COMPLETE_v20 page 8_pages_1-25.md
013-001-069,,013,001,"Snap Ring, Retaining - Cam To Slack Adjuster,",VMRS_HB_COMPLETE_v20 page 8_pages_1-25.md
013-001-070,,013,001,"Spacer/Washer - Brake Cam, Front Brake",VMRS_HB_COMPLETE_v20 page 8_pages_1-25.md
013-001-071,,013,001,"Bushing, Support Bracket - Camshaft, Front",VMRS_HB_COMPLETE_v20 page 8_pages_1-25.md
013-001-072,,013,001,"Pin - Cam Roller Shaft, Front Brake",VMRS_HB_COMPLETE_v20 page 8_pages_1-25.md
013-001-073,,013,001,"Washer, Anchor Pin - Front Brake",VMRS_HB_COMPLETE_v20 page 8_pages_1-25.md
013-001-074,,013,001,"Pin, Anti-Rattle - Front Brake",VMRS_HB_COMPLETE_v20 page 8_pages_1-25.md
013-001-075,,013,001,"Washer, Anti-Rattle - Front Brake",VMRS_HB_COMPLETE_v20 page 8_pages_1-25.md
013-001-077,,013,001,"Cup, Front - Wheel Cylinder, Front",VMRS_HB_COMPLETE_v20 page 8_pages_1-25.md
013-001-078,,013,001,"Bracket, Camshaft - Front Brake, Right",VMRS_HB_COMPLETE_v20 page 8_pages_1-25.md
013-001-079,,013,001,"Brackel, Camshall - Front Brake, Leil",VMRS_HB_COMPLETE_v20 page 8_pages_1-25.md
013-001-082,,013,001,Popair Kit - Hold-Down Guido Bolt - Front Brakes,VMRS_HB_COMPLETE_v20 page 8_pages_1-25.md
010-001-002,,010,001,Shoe,VMRS_HB_COMPLETE_v20 page 8_pages_1-25.md
013-001-083,,013,001,"Repair Kit - Automatic Adjuster, Front Brake",VMRS_HB_COMPLETE_v20 page 8_pages_1-25.md
013-001-084,,013,001,"Repair Kit - Adjusting Screw Assembly, Front",VMRS_HB_COMPLETE_v20 page 8_pages_1-25.md
013-001-085,,013,001,"Repair Kit - Manual Adjuster, Front Brakes",VMRS_HB_COMPLETE_v20 page 8_pages_1-25.md
013-001-086,,013,001,"Stud, Adjuster - Front Brake",VMRS_HB_COMPLETE_v20 page 8_pages_1-25.md
013-001-087,,013,001,"Repair Kit - Self Adjuster, Front Brake",VMRS_HB_COMPLETE_v20 page 8_pages_1-25.md
013-001-088,,013,001,Spider - Front Brake,VMRS_HB_COMPLETE_v20 page 8_pages_1-25.md
013-001-089,,013,001,Grease Fitting - Front Brake,VMRS_HB_COMPLETE_v20 page 8_pages_1-25.md
013-001-090,,013,001,"Hardware, Mounting - Front Brake Camshaft",VMRS_HB_COMPLETE_v20 page 8_pages_1-25.md
013-001-091,,013,001,"Plug, Backing Plate - Front Brake",VMRS_HB_COMPLETE_v20 page 8_pages_1-25.md
013-001-092,,013,001,"Gasket, Plunger Guide - Front Wedge Brake",VMRS_HB_COMPLETE_v20 page 8_pages_1-25.md
013-001-093,,013,001,Cotter Pin - Front Wedge Brake,VMRS_HB_COMPLETE_v20 page 8_pages_1-25.md
013-001-094,,013,001,"Hardware, Mounting - Front Disc Brake Shield",VMRS_HB_COMPLETE_v20 page 8_pages_1-25.md
013-001-095,,013,001,"Spring - Hold-Down, Front Brake Shoe",VMRS_HB_COMPLETE_v20 page 8_pages_1-25.md
013-001-096,,013,001,"Housing, Actuator - Front Brake",VMRS_HB_COMPLETE_v20 page 8_pages_1-25.md
013-001-097,,013,001,"Wheel Cylinder Assembly, Hydraulic - Front",VMRS_HB_COMPLETE_v20 page 8_pages_1-25.md
013-001-008,,013,001,Piston Hydraulic Wheel Cylinder - Front Brake,VMRS_HB_COMPLETE_v20 page 8_pages_1-25.md
013-001-100,,013,001,"Backup Ring, Hydraulic Wheel Cylinder - Front",VMRS_HB_COMPLETE_v20 page 8_pages_1-25.md
013-001-101,,013,001,"Spring - Hydraulic Wheel Cylinder, Front Brake",VMRS_HB_COMPLETE_v20 page 8_pages_1-25.md
013-001-102,,013,001,"Plug, Hydraulic Wheel Cylinder - Front Brake",VMRS_HB_COMPLETE_v20 page 8_pages_1-25.md
013-001-103,,013,001,Bleeder Screw - Front Brakes,VMRS_HB_COMPLETE_v20 page 8_pages_1-25.md
013-001-104,,013,001,"Rotor - Disc Brakes, Left Front",VMRS_HB_COMPLETE_v20 page 8_pages_1-25.md
013-001-105,,013,001,"Rotor - Disc Brakes, Right Front",VMRS_HB_COMPLETE_v20 page 8_pages_1-25.md
013-001-106,,013,001,"Shoe & Lining Kit, w/Hardware, Complete - Front",VMRS_HB_COMPLETE_v20 page 8_pages_1-25.md
013-001-107,,013,001,Brake Assembly - Front,VMRS_HB_COMPLETE_v20 page 8_pages_1-25.md
013-001-108,,013,001,"Anchor Bracket - Slack Adjuster, Front Brakes | 013-002-021 | Line - Hydraulic, Rear Brake Cylinder",VMRS_HB_COMPLETE_v20 page 8_pages_1-25.md
013-001-109,,013,001,"Cap, Bleeder Screw - Front Brake | | Interconnecting",VMRS_HB_COMPLETE_v20 page 8_pages_1-25.md
013-001-110,,013,001,"Sensor, Brake Wear - Front Brake | 013-002-022 | Push Rod - Rear Wheel Cylinder",VMRS_HB_COMPLETE_v20 page 8_pages_1-25.md
013-001-111,,013,001,"Hardware, Mounting - Slack Adjuster, Front | 013-002-023 | Drum - Rear Brake",VMRS_HB_COMPLETE_v20 page 8_pages_1-25.md
013-002-024,,013,002,Brake | | Gasket - Rear Brake Drum,VMRS_HB_COMPLETE_v20 page 8_pages_1-25.md
013-001-112,,013,001,"Bracket - Disc Brake Caliper, Front | 013-002-025 | Hardware, Mounting - Rear Brake Drum",VMRS_HB_COMPLETE_v20 page 8_pages_1-25.md
013-001-113,,013,001,"Brake - Disc, Hydraulic, Front | 013-002-026 | Spring - Damper, Rear Brake Drum",VMRS_HB_COMPLETE_v20 page 8_pages_1-25.md
013-001-114,,013,001,Dust Shield - Front Brake | 013-002-027 | Pad - Rear Disc Brake,VMRS_HB_COMPLETE_v20 page 8_pages_1-25.md
013-001-115,,013,001,"Tag - Identification | 013-002-028 | Slack Adjuster - Manual, Rear Brake",VMRS_HB_COMPLETE_v20 page 8_pages_1-25.md
013-001-116,,013,001,"Support - Anchor, Brake | 013-002-029 | Camshaft - Slack, Rear Brake",VMRS_HB_COMPLETE_v20 page 8_pages_1-25.md
013-001-117,,013,001,Shim - Brake | 013-002-030 | Cam Roller - Rear Brake,VMRS_HB_COMPLETE_v20 page 8_pages_1-25.md
013-001-118,,013,001,"Expander - Brake | 013-002-031 | Bushing, Camshaft - Rear Brake",VMRS_HB_COMPLETE_v20 page 8_pages_1-25.md
013-001-119,,013,001,"Housing - Wheel Cylinder, Hydraulic | 013-002-032 | Hardware, Mounting - Rear Brake Slack",VMRS_HB_COMPLETE_v20 page 8_pages_1-25.md
013-001-120,,013,001,"Manual Override - Adjustment, Wheel Cylinder | | Camshaft",VMRS_HB_COMPLETE_v20 page 8_pages_1-25.md
013-001-121,,013,001,"Sleeve - Camshaft, Front Brakes | 013-002-034 | Seal Assembly - Rear Brake",VMRS_HB_COMPLETE_v20 page 8_pages_1-25.md
013-001-122,,013,001,"Bushing - Self Adjuster, Front Brake | 013-002-035 | Actuator, Automatic Adjuster - Rear Brake",VMRS_HB_COMPLETE_v20 page 8_pages_1-25.md
013-001-123,,013,001,"Stop - Slack Adjuster | 013-002-036 | Wedge Assembly - 12 Degree, Rear Brake",VMRS_HB_COMPLETE_v20 page 8_pages_1-25.md
013-001-124,,013,001,"Seal - Camshaft, Front Brake | 013-002-037 | Guide, Plunger Adjustment - Rear Brake",VMRS_HB_COMPLETE_v20 page 8_pages_1-25.md
013-001-125,,013,001,"Cap - Slack Adjuster | 013-002-038 | Spring, Plunger Guide - Rear Brake",VMRS_HB_COMPLETE_v20 page 8_pages_1-25.md
013-001-126,,013,001,"Retainer - Brake Pad | 013-002-039 | Plunger, Automatic Adjustment - Rear Brake",VMRS_HB_COMPLETE_v20 page 8_pages_1-25.md
013-001-127,,013,001,"Line - Brake Caliper, Connecting | 013-002-040 | Adjustment Bolt Assembly - Wedge Brakes, Rear",VMRS_HB_COMPLETE_v20 page 8_pages_1-25.md
013-001-128,,013,001,"Support Key - Brake Caliper | 013-002-041 | Nut, Spanner - Rear Brakes",VMRS_HB_COMPLETE_v20 page 8_pages_1-25.md
013-001-129,,013,001,"Bolt - Caliper | 013-002-042 | Screw, Guide Spring - Rear Brake",VMRS_HB_COMPLETE_v20 page 8_pages_1-25.md
013-001-130,,013,001,"Pin - Caliper, Front Disc Brake | 013-002-043 | Clip - Rear Brake Shoe",VMRS_HB_COMPLETE_v20 page 8_pages_1-25.md
013-001-131,,013,001,"Ring - Caliper | 013-002-044 | Anchor, Plunger - Rear Brake, Left",VMRS_HB_COMPLETE_v20 page 8_pages_1-25.md
013-001-132,,013,001,"Repair Kit - Caliper | 013-002-045 | Anchor, Plunger - Rear Brake, Right",VMRS_HB_COMPLETE_v20 page 8_pages_1-25.md
013-001-133,,013,001,"Spring - Caliper | 013-002-046 | Washer, Spanner Nut - Rear Brake",VMRS_HB_COMPLETE_v20 page 8_pages_1-25.md
013-001-134,,013,001,"Anchor Plate - Hydraulic Disc Brake, Front | 013-002-047 | Guide - Plunger, Rear Brakes",VMRS_HB_COMPLETE_v20 page 8_pages_1-25.md
013-001-135,,013,001,"Spring - Caliper Piston | 013-002-048 | Seal - Washer, Spanner Nut, Rear Brakes",VMRS_HB_COMPLETE_v20 page 8_pages_1-25.md
013-001-136,,013,001,"Boot - Caliper | 013-002-049 | Housing Assembly, Plunger - Rear Brakes, 12",VMRS_HB_COMPLETE_v20 page 8_pages_1-25.md
013-001-137,,013,001,"Boot - Caliper Bushing | | Degree, Left",VMRS_HB_COMPLETE_v20 page 8_pages_1-25.md
013-001-138,,013,001,"Cable - Self Adjuster, Front Brake | 013-002-050 | Housing Assembly, Plunger - Rear Brakes, 12",VMRS_HB_COMPLETE_v20 page 8_pages_1-25.md
013-001-139,,013,001,"Pad Set - Front Brake | | Degree, Right",VMRS_HB_COMPLETE_v20 page 8_pages_1-25.md
013-001-140,,013,001,"Adapter - Dust Shield, Front Brake | 013-002-051 | Guide - Wedge, Rear Brakes",VMRS_HB_COMPLETE_v20 page 8_pages_1-25.md
013-001-141,,013,001,"Adapter - Callper, Front Brake | 013-002-052 | Dust Shield - Rear Brakes",VMRS_HB_COMPLETE_v20 page 8_pages_1-25.md
013-001-142,,013,001,"Spring Kit - Front Brake | 013-002-053 | Bushing - Anchor, Rear Brake Shoe",VMRS_HB_COMPLETE_v20 page 8_pages_1-25.md
013-001-143,,013,001,"Retainer - Cam Roller, Front Brake | 013-002-054 | Hardware, Mounting - Rear Brake Shoe Anchor",VMRS_HB_COMPLETE_v20 page 8_pages_1-25.md
013-001-144,,013,001,Wiring Harness - Brake Pad Wear Sensor | 010 000 055 | Busning,VMRS_HB_COMPLETE_v20 page 8_pages_1-25.md
013-001-145,,013,001,"Nut - Serrated, Slack Adjuster | 013-002-055 | Clamp, Cylinder Assembly Or Chamber - Rear",VMRS_HB_COMPLETE_v20 page 8_pages_1-25.md
013-001-147,,013,001,"Hardware Kil - Brake Shoe | 013-002-056 | Clevis, Cylinder Assembly Or Chamber - Rear",VMRS_HB_COMPLETE_v20 page 8_pages_1-25.md
013-001-149,,013,001,"Slack Aujuster - Automatic, Fiont Drake | 013-002-057 | Seal, Fluilyei - Real Diakes",VMRS_HB_COMPLETE_v20 page 8_pages_1-25.md
013-001-150,,013,001,"Boot Dust Whool Cylinder Front Brake | 013-002-050 | Lock Din Cam Dollors, Dear Brake",VMRS_HB_COMPLETE_v20 page 8_pages_1-25.md
013-001-151,,013,001,"Gasket Wheel Cylinder, Front Brake | 013-002-059 | LOCK FIT - Calli Rollers, Real Diake",VMRS_HB_COMPLETE_v20 page 8_pages_1-25.md
013-001-152,,013,001,"Clin - Anti-Dattle, Front Brake Dad | 013-002-000 | Din Deturn Spring (Spring To Shoo) - Dear",VMRS_HB_COMPLETE_v20 page 8_pages_1-25.md
013-001-153,,013,001,"Indicator Brako Stroko Front Brako | 013-002-001 | Pill, Return Spillig, (Spillig to Silde) - RealBrakes",VMRS_HB_COMPLETE_v20 page 8_pages_1-25.md
013-002-000,,013,002,"Poor Brakes & Drume | 013-002-062 | DiakesDonair Kit - Wodgo Brakos, Doar",VMRS_HB_COMPLETE_v20 page 8_pages_1-25.md
013-002-002,,013,002,Hardware Mounting - Bear Brake Backing Plate | 010-002-000 | Adjuster) - Rear Brakes,VMRS_HB_COMPLETE_v20 page 8_pages_1-25.md
013-002-003,,013,002,Actuating Link - Self Adjuster Bear Brake | 013-002-064 | Spacer/Washer Brake Cam - Rear Brakes,VMRS_HB_COMPLETE_v20 page 8_pages_1-25.md
013-002-004,,013,002,Anchor - Rear Brake Shoe | 013-002-065 | Benair Kit - Cam Brakes Bear,VMRS_HB_COMPLETE_v20 page 8_pages_1-25.md
013-002-005,,013,002,Guide - Bear Brake Shoe | 013-002-066 | Benair Kit - Camshaft Bear Brakes,VMRS_HB_COMPLETE_v20 page 8_pages_1-25.md
013-002-006,,013,002,Spring - Adjuster Sprocket/Screw Bear Brake | 013-002-067 | Support Bracket - Camshaft Bear Brakes,VMRS_HB_COMPLETE_v20 page 8_pages_1-25.md
010-002-000,,010,002,Shoe | 013-002-068 | Benair Kit - Disc Brakes Bear,VMRS_HB_COMPLETE_v20 page 8_pages_1-25.md
013-002-007,,013,002,"Sprocket & Screw - Shoe Adjuster Bear Brake | 013-002-069 | Spider Bushing, Camshaft - Rear Brakes",VMRS_HB_COMPLETE_v20 page 8_pages_1-25.md
013-002-008,,013,002,"Actuating Lever - Self Adjuster, Rear Brake | 013-002-070 | Spider Bushing, Anchor Pin - Bear Brakes",VMRS_HB_COMPLETE_v20 page 8_pages_1-25.md
013-002-009,,013,002,Return Spring - Self Adjuster Pawl Rear Brake | 013-002-071 | Benair Kit - Hydraulic Brakes Bear,VMRS_HB_COMPLETE_v20 page 8_pages_1-25.md
013-002-010,,013,002,Override Spring - Self Adjuster Rear Brake | 013-002-072 | Retaining Screw Anchor Pin - Rear Brakes,VMRS_HB_COMPLETE_v20 page 8_pages_1-25.md
013-002-011,,013,002,"Override Pivot - Self Adjuster, Rear Brake | 013-002-073 | Bolt - Brake Drum To Wheel",VMRS_HB_COMPLETE_v20 page 8_pages_1-25.md
013-002-012,,013,002,Shoe & Lining Assembly - Rear Brake | 013-002-074 | Pawl Assembly Slack Adjuster - Rear Brakes,VMRS_HB_COMPLETE_v20 page 8_pages_1-25.md
013-002-013,,013,002,"Shoe - Rear Brake | 013-002-075 | Retainer, Anchor Pin - Rear Brakes",VMRS_HB_COMPLETE_v20 page 8_pages_1-25.md
013-002-014,,013,002,Lining - Rear Brake | 013-002-076 | Seal. Anchor Pin - Bear Brakes,VMRS_HB_COMPLETE_v20 page 8_pages_1-25.md
013-002-015,,013,002,"Spring - Hold-Down, Rear Brake Shoe | 013-002-077 | Retainer, Anchor Seal - Rear Brakes",VMRS_HB_COMPLETE_v20 page 8_pages_1-25.md
013-002-016,,013,002,"Retainer - Hold-Down Spring. Rear Brake Shoe | 013-002-078 | Bolt, Slack Adjuster Pressure Relief - Rear",VMRS_HB_COMPLETE_v20 page 8_pages_1-25.md
013-002-017,,013,002,"Pin - Hold-Down Spring, Rear Brake Shoe | | Brakes",VMRS_HB_COMPLETE_v20 page 8_pages_1-25.md
013-002-018,,013,002,"Return Spring - Rear Brake Shoe | 013-002-079 | Gasket, Slack Adjuster Plunger Guide - Rear",VMRS_HB_COMPLETE_v20 page 8_pages_1-25.md
013-002-019,,013,002,Cylinder Assembly Or Chamber - Rear Brake | | Brakes,VMRS_HB_COMPLETE_v20 page 8_pages_1-25.md
013-002-020,,013,002,"Hardware, Mounting - Rear Brake Cylinder | 013-002-080 | Spring, Slack Adjuster Guide Pawl - Rear Brakes",VMRS_HB_COMPLETE_v20 page 8_pages_1-25.md
013-002-081,,013,002,"Assembly | | Guide, Slack Adjuster Pawl - Rear Brakes",VMRS_HB_COMPLETE_v20 page 8_pages_1-25.md
013-002-082,,013,002,"Push Plate & Rod - Air Chamber, Rear Brakes | 0.",VMRS_HB_COMPLETE_v20 page 8_pages_1-25.md
013-002-083,,013,002,"Repair Kit - Rear Brake Drums (Includes, Bolts, Washers & Nuts) | 0.",VMRS_HB_COMPLETE_v20 page 8_pages_1-25.md
013-002-084,,013,002,Cup - Rear Brake Cylinder | 0.,VMRS_HB_COMPLETE_v20 page 8_pages_1-25.md
013-002-085,,013,002,"Yoke, Slack Adjuster - Rear Brakes",VMRS_HB_COMPLETE_v20 page 8_pages_1-25.md
013-002-086,,013,002,"Retainer, Brake Cam - Rear Brakes | 0.",VMRS_HB_COMPLETE_v20 page 8_pages_1-25.md
013-002-087,,013,002,"Repair Kit - Slack Adjuster, Rear Brakes | 0.",VMRS_HB_COMPLETE_v20 page 8_pages_1-25.md
013-002-088,,013,002,"Adapter, Slack Adjuster Yoke - Rear Brakes | 0",VMRS_HB_COMPLETE_v20 page 8_pages_1-25.md
013-002-091,,013,002,Bolt (Brake Lining To Shoe) - Rear Brakes | 0.,VMRS_HB_COMPLETE_v20 page 8_pages_1-25.md
013-002-092,,013,002,"Repair Kit - Self Adjuster, Rear Brakes | 0.",VMRS_HB_COMPLETE_v20 page 8_pages_1-25.md
013-002-093,,013,002,"Seal, Worm Gear Self Adjuster - Rear Brakes",VMRS_HB_COMPLETE_v20 page 8_pages_1-25.md
013-002-094,,013,002,"Cap, Pressure Relief - Self Adjuster, Pawl &Spring, Rear Brakes | 0.",VMRS_HB_COMPLETE_v20 page 8_pages_1-25.md
013-002-095,,013,002,Repair Kit - Rear Brake Shoe Return | 0,VMRS_HB_COMPLETE_v20 page 8_pages_1-25.md
013-002-096,,013,002,Repair Kit - Rear Brake Shoe Hold-Down GuideBolt | 0.,VMRS_HB_COMPLETE_v20 page 8_pages_1-25.md
013-002-097,,013,002,"Repair Kit - Rear Brake, Automatic Adjuster | 0.",VMRS_HB_COMPLETE_v20 page 8_pages_1-25.md
013-002-098,,013,002,"Repair Kit - Rear Brake, Adjuster ScrewAssembly | 0",VMRS_HB_COMPLETE_v20 page 8_pages_1-25.md
013-002-099,,013,002,"Repair Kit - Rear Brake, Stud Adjuster | 0.",VMRS_HB_COMPLETE_v20 page 8_pages_1-25.md
013-002-100,,013,002,"Repair Kit - Rear Brake, Manual Adjuster | 0.",VMRS_HB_COMPLETE_v20 page 8_pages_1-25.md
013-002-101,,013,002,"Hardware, Mounting - Rear Brake CamshaftBracket, Left | 0.",VMRS_HB_COMPLETE_v20 page 8_pages_1-25.md
013-002-102,,013,002,Grease Fitting - Rear Brakes | 0.,VMRS_HB_COMPLETE_v20 page 8_pages_1-25.md
013-002-103,,013,002,"Bracket, Camshaft - Rear Brakes, Left | 0.",VMRS_HB_COMPLETE_v20 page 8_pages_1-25.md
013-002-104,,013,002,"Brackel, Camshall - Rear Brakes, RightSpider - Dear Brake | 0.",VMRS_HB_COMPLETE_v20 page 8_pages_1-25.md
013-002-105,,013,002,Washer Anchor Pin - Rear Brake | 0.,VMRS_HB_COMPLETE_v20 page 8_pages_1-25.md
013-002-108,,013,002,Plug. Backing Plate - Rear Brakes | 0.,VMRS_HB_COMPLETE_v20 page 8_pages_1-25.md
013-002-109,,013,002,"Guide, Plunger Gasket - Rear Wedge Brake | 0.",VMRS_HB_COMPLETE_v20 page 8_pages_1-25.md
013-002-110,,013,002,Cotter Pin - Rear Wedge Brake | 0.,VMRS_HB_COMPLETE_v20 page 8_pages_1-25.md
013-002-111,,013,002,"Plug, Self Adjuster Kit - Rear Brakes | 0.",VMRS_HB_COMPLETE_v20 page 8_pages_1-25.md
013-002-112,,013,002,"Rivet , Brake Shoe - Brake Lining | 0.",VMRS_HB_COMPLETE_v20 page 8_pages_1-25.md
013-002-113,,013,002,"Plug, Brake Shoe Bolt Hole - Rear Brakes | 0.",VMRS_HB_COMPLETE_v20 page 8_pages_1-25.md
013-002-114,,013,002,"013-002-115 | Boit, Brake Shoe (Brass) - Hear BrakesRepair Kit - Hydraulic Wheel Cylinder, Rear | 0.",VMRS_HB_COMPLETE_v20 page 8_pages_1-25.md
013-002-116,,013,002,Blaader Scrow - Pear Brakes | 0.,VMRS_HB_COMPLETE_v20 page 8_pages_1-25.md
013-002-117,,013,002,Piston - Wheel Cylinder Rear | 0.,VMRS_HB_COMPLETE_v20 page 8_pages_1-25.md
013-002-118,,013,002,Rotor - Disc Brakes. Left Rear | 0.,VMRS_HB_COMPLETE_v20 page 8_pages_1-25.md
013-002-119,,013,002,"Rotor - Disc Brakes, Right Rear | 0.",VMRS_HB_COMPLETE_v20 page 8_pages_1-25.md
013-002-120,,013,002,"Shoe & Lining Kit - Complete, Rear Brake",VMRS_HB_COMPLETE_v20 page 8_pages_1-25.md
013-002-121,,013,002,Brake Assembly - Rear | 0.,VMRS_HB_COMPLETE_v20 page 8_pages_1-25.md
013-002-122,,013,002,"Caliper Assembly - Disc Brake, Rear | 0.",VMRS_HB_COMPLETE_v20 page 8_pages_1-25.md
013-002-123,,013,002,"Bracket - Disc Brake Caliper, Rear | 0.",VMRS_HB_COMPLETE_v20 page 8_pages_1-25.md
013-002-124,,013,002,"Rolof - DISC Brakes, RearBracket - Support Brake Shoe | 0",VMRS_HB_COMPLETE_v20 page 8_pages_1-25.md
013-002-126,,013,002,Dampener - Bracket Camshaft | 0.,VMRS_HB_COMPLETE_v20 page 8_pages_1-25.md
013-002-127,,013,002,"Pin - Anchor, Brake | 0.",VMRS_HB_COMPLETE_v20 page 8_pages_1-25.md
013-002-128,,013,002,"Ring - Support, Camshaft | 0",VMRS_HB_COMPLETE_v20 page 8_pages_1-25.md
013-002-129,,013,002,Seal - Slack Adjuster | 0.,VMRS_HB_COMPLETE_v20 page 8_pages_1-25.md
013-002-130,,013,002,Shim - Slack Adjuster,VMRS_HB_COMPLETE_v20 page 8_pages_1-25.md
013-002-131,,013,002,"Standoff Bracket - Support, Camshaft Tube | 0.",VMRS_HB_COMPLETE_v20 page 8_pages_1-25.md
013-002-132,,013,002,Lie Bar - Brake Caliper | 0,VMRS_HB_COMPLETE_v20 page 8_pages_1-25.md
013-002-133,,013,002,Cable - Solf Adjuster Dear Brakes | 0.,VMRS_HB_COMPLETE_v20 page 8_pages_1-25.md
013-002-135,,013,002,Sensor - Brake Wear Bear Brakes | 0.,VMRS_HB_COMPLETE_v20 page 8_pages_1-25.md
013-002-136,,013,002,"Sleeve - Self Adjuster, Rear Brake | 0",VMRS_HB_COMPLETE_v20 page 8_pages_1-25.md
013-002-137,,013,002,Pad Set - Rear Brake | 0.,VMRS_HB_COMPLETE_v20 page 8_pages_1-25.md
013-002-138,,013,002,"Housing - Bearing, Camshaft, Rear Brake | 0.",VMRS_HB_COMPLETE_v20 page 8_pages_1-25.md
013-002-139,,013,002,Bracket - Wheel Cylinder | 0.,VMRS_HB_COMPLETE_v20 page 8_pages_1-25.md
013-002-140,,013,002,"Housing - Hydraulic Wheel Cylinder, Rear | 0.",VMRS_HB_COMPLETE_v20 page 8_pages_1-25.md
013-002-141,,013,002,Bushing - Rear Brake Shoe | 0.,VMRS_HB_COMPLETE_v20 page 8_pages_1-25.md
013-002-147,,013,002,Lock - Retainer Rear Brake Shoe | 0.,VMRS_HB_COMPLETE_v20 page 8_pages_1-25.md
013-002-143,,013,002,Piston - Hydraulic Disc Brakes | 0.,VMRS_HB_COMPLETE_v20 page 8_pages_1-25.md
013-002-144,,013,002,Metering Valve - Hydraulic Disc Brakes | 0.,VMRS_HB_COMPLETE_v20 page 8_pages_1-25.md
013-002-145,,013,002,"Repair Kit - Cylinder Assembly Or Chamber, | 0.",VMRS_HB_COMPLETE_v20 page 8_pages_1-25.md
013-002-146,,013,002,"Hardware, Mounting - Rear Axle Spindle",VMRS_HB_COMPLETE_v20 page 8_pages_1-25.md
010-002-140,,010,002,Chamber off,VMRS_HB_COMPLETE_v20 page 8_pages_1-25.md
010-000-110,,010,000,"Chamber, Leit",VMRS_HB_COMPLETE_v20 page 8_pages_1-25.md
013-002-149,,013,002,Roller Pin - Camsnatt,VMRS_HB_COMPLETE_v20 page 8_pages_1-25.md
013-002-150,,013,002,Pin - Brake Anti-Rattle,VMRS_HB_COMPLETE_v20 page 8_pages_1-25.md
013-002-151,,013,002,Washer - Brake Anti-Rattle,VMRS_HB_COMPLETE_v20 page 8_pages_1-25.md
013-002-152,,013,002,"Diaphragm - Air Chamber, Rear Axle",VMRS_HB_COMPLETE_v20 page 8_pages_1-25.md
013-002-153,,013,002,Retainer - Camshaft,VMRS_HB_COMPLETE_v20 page 8_pages_1-25.md
013-002-154,,013,002,Stud - Adjuster,VMRS_HB_COMPLETE_v20 page 8_pages_1-25.md
012-002-155,,012,002,Hardware Mounting Dear Brake Comphaft,VMRS_HB_COMPLETE_v20 page 8_pages_1-25.md
013-002-155,,013,002,"Haruware, Mounting - Hear Drake, Camshall",VMRS_HB_COMPLETE_v20 page 8_pages_1-25.md
013-002-156,,013,002,"Gasket - Plunger Guide, Wedge Brakes",VMRS_HB_COMPLETE_v20 page 8_pages_1-25.md
013-002-157,,013,002,"Hardware, Mounting - Disc Brake Shield",VMRS_HB_COMPLETE_v20 page 8_pages_1-25.md
013-002-158,,013,002,Housing - Actuator,VMRS_HB_COMPLETE_v20 page 8_pages_1-25.md
013-002-159,,013,002,"Wheel Cylinder - Hydraulic, Rear Brakes",VMRS_HB_COMPLETE_v20 page 8_pages_1-25.md
013-002-160,,013,002,"O-Bing - Hydraulic, Wheel Cylinder, Bear Brakes",VMRS_HB_COMPLETE_v20 page 8_pages_1-25.md
012-002-161,,012,002,"Pack Up Ding, Hydraulia Wheel Cylinder, Near Diakes",VMRS_HB_COMPLETE_v20 page 8_pages_1-25.md
013-002-162,,013,002,"Spring - Hydraulic, Wheel Cylinder, Rear Brakes",VMRS_HB_COMPLETE_v20 page 8_pages_1-25.md
013-002-163,,013,002,"Plug - Hydraulic, Wheel Cylinder, Rear Brakes",VMRS_HB_COMPLETE_v20 page 8_pages_1-25.md
013-002-164,,013,002,"Anchor Bracket - Slack Adjuster, Rear Brakes",VMRS_HB_COMPLETE_v20 page 8_pages_1-25.md
013-002-165,,013,002,"Cap - Bleeder Screw, Rear Brakes",VMRS_HB_COMPLETE_v20 page 8_pages_1-25.md
013-002-166,,013,002,Wiring Harness - Brake Pad Wear Sensor,VMRS_HB_COMPLETE_v20 page 8_pages_1-25.md
010-002-100,,010,002,Hardware Kit Brake Shee,VMRS_HB_COMPLETE_v20 page 8_pages_1-25.md
013-002-107,,013,002,Haruware Kit - Drake Shoe,VMRS_HB_COMPLETE_v20 page 8_pages_1-25.md
013-002-168,,013,002,Callper Assembly (Loaded) - Rear Disc Brake,VMRS_HB_COMPLETE_v20 page 8_pages_1-25.md
013-002-169,,013,002,"Slack Adjuster - Automatic, Rear Brake",VMRS_HB_COMPLETE_v20 page 8_pages_1-25.md
013-002-170,,013,002,"Seal - Camshaft, Rear Brake",VMRS_HB_COMPLETE_v20 page 8_pages_1-25.md
013-002-171,,013,002,"Boot - Dust, Wheel Cylinder, Rear Brake",VMRS_HB_COMPLETE_v20 page 8_pages_1-25.md
013-002-172,,013,002,"Gasket - Wheel Cylinder, Rear Brake",VMRS_HB_COMPLETE_v20 page 8_pages_1-25.md
013-002-173,,013,002,Clin - Anti-Battle Disc Pad Bear,VMRS_HB_COMPLETE_v20 page 8_pages_1-25.md
012-002-174,,012,002,Bracket Kit Automatic Brake Adjuster,VMRS_HB_COMPLETE_v20 page 8_pages_1-25.md
013-002-174,,013,002,biacket Kit - Automatic Diake Aujuster,VMRS_HB_COMPLETE_v20 page 8_pages_1-25.md
013-002-175,,013,002,"Indicator - Brake Stroke, Rear Brake",VMRS_HB_COMPLETE_v20 page 8_pages_1-25.md
013-002-176,,013,002,"Tube - Cam, Rear Brakes",VMRS_HB_COMPLETE_v20 page 8_pages_1-25.md
013-003-000,,013,003,Parking Brakes,VMRS_HB_COMPLETE_v20 page 8_pages_1-25.md
013-003-001,,013,003,"Lever - Pedal & Sector Assembly, Parking Brake",VMRS_HB_COMPLETE_v20 page 8_pages_1-25.md
013-003-002,,013,003,"Hardware, Mounting - Parking Brake Pedal &",VMRS_HB_COMPLETE_v20 page 8_pages_1-25.md
013-003-003,,013,003,Pad - Parking Brake Pedal,VMRS_HB_COMPLETE_v20 page 8_pages_1-25.md
013-003-004,,013,003,Handle - Parking Brake Release Roo,VMRS_HB_COMPLETE_v20 page 8_pages_1-25.md
013-003-005,,013,003,Rod - Parking Brake Release,VMRS_HB_COMPLETE_v20 page 8_pages_1-25.md
013-003-006,,013,003,"Hardware, Mounting - Parking Brake Release",VMRS_HB_COMPLETE_v20 page 8_pages_1-25.md
013-003-007,,013,003,"Spring - Parking Brake Release Rod, Anti-Rattle",VMRS_HB_COMPLETE_v20 page 8_pages_1-25.md
013-003-008,,013,003,Pawl - Parking Brake Pull Bod,VMRS_HB_COMPLETE_v20 page 8_pages_1-25.md
010-000-009,,010,000,Full-Hou Assembly - Faiking Drake,VMRS_HB_COMPLETE_v20 page 8_pages_1-25.md
013-003-010,,013,003,"Hardware, Mounting - Parking Brake Pull Rod",VMRS_HB_COMPLETE_v20 page 8_pages_1-25.md
013-003-011,,013,003,Spring - Parking Brake Pedal Return,VMRS_HB_COMPLETE_v20 page 8_pages_1-25.md
013-003-012,,013,003,Cable - Parking Brake Lever,VMRS_HB_COMPLETE_v20 page 8_pages_1-25.md
013-003-014,,013,003,Pulley - Parking Brake Lever Cable,VMRS_HB_COMPLETE_v20 page 8_pages_1-25.md
013-003-015,,013,003,"Hardware, Mounting - Parking Brake Lever",VMRS_HB_COMPLETE_v20 page 8_pages_1-25.md
012-002-016,,012,002,,VMRS_HB_COMPLETE_v20 page 8_pages_1-25.md
013-003-017,,013,003,"Hardware, Mounting - Parking Brake Equalizer",VMRS_HB_COMPLETE_v20 page 8_pages_1-25.md
013-003-018,,013,003,Spring - Equalizer Return,VMRS_HB_COMPLETE_v20 page 8_pages_1-25.md
013-003-019,,013,003,"Link - Adjusting, Parking Brake Cable",VMRS_HB_COMPLETE_v20 page 8_pages_1-25.md
013-003-020,,013,003,"Hardware, Mounting - Parking Brake Cable",VMRS_HB_COMPLETE_v20 page 8_pages_1-25.md
013-003-021,,013,003,Cable - Equalizer To Wheels,VMRS_HB_COMPLETE_v20 page 8_pages_1-25.md
013-003-022,,013,003,Drum - Parking Brake,VMRS_HB_COMPLETE_v20 page 8_pages_1-25.md
010-000-022,,010,000,,VMRS_HB_COMPLETE_v20 page 8_pages_1-25.md
013-003-023,,013,003,Spring - Parking Brake,VMRS_HB_COMPLETE_v20 page 8_pages_1-25.md
013-003-024,,013,003,Shoe - Parking Brake,VMRS_HB_COMPLETE_v20 page 8_pages_1-25.md
013-003-025,,013,003,Lining - Parking Brake,VMRS_HB_COMPLETE_v20 page 8_pages_1-25.md
013-003-026,,013,003,Disc - Parking Brake,VMRS_HB_COMPLETE_v20 page 8_pages_1-25.md
013-003-027,,013,003,Lining Assembly - Disc Parking Brake,VMRS_HB_COMPLETE_v20 page 8_pages_1-25.md
013-003-028,,013,003,Caliner - Parking Brake,VMRS_HB_COMPLETE_v20 page 8_pages_1-25.md
010-000-029,,010,000,Level - Faiking Diake,VMRS_HB_COMPLETE_v20 page 8_pages_1-25.md
013-003-030,,013,003,"wounting Bracket - Parking Brake Lever, Floor",VMRS_HB_COMPLETE_v20 page 8_pages_1-25.md
013-003-031,,013,003,Handle - Parking Brake Lever,VMRS_HB_COMPLETE_v20 page 8_pages_1-25.md
013-003-032,,013,003,"Cover - Handle, Parking Brake Lever | 013-003-099 | Cable - Intermediate, Parking Brake",VMRS_HB_COMPLETE_v20 page 8_pages_1-25.md
013-003-033,,013,003,"Boot - Parking Brake Lever | 013-003-100 | End - Control Rod, Parking Brake",VMRS_HB_COMPLETE_v20 page 8_pages_1-25.md
013-003-034,,013,003,"Sprocket & Screw - Transmission Parking Brake | 013-003-101 | Pump Assembly - Electro Hydraulic, Parking",VMRS_HB_COMPLETE_v20 page 8_pages_1-25.md
013-003-035,,013,003,"Nut - Adjusting, Transmission Parking Brake | | Brake",VMRS_HB_COMPLETE_v20 page 8_pages_1-25.md
013-003-102,,013,003,Shoe | | Belay - Parking Brake,VMRS_HB_COMPLETE_v20 page 8_pages_1-25.md
013-003-036,,013,003,Idler Sprocket & Screw - Transmission Parking | 013-003-103 | Shaft - Intermediate Parking Brake,VMRS_HB_COMPLETE_v20 page 8_pages_1-25.md
013-003-037,,013,003,Spring - Rod Beturn | 013-003-105 | Solenoid - Parking Brake,VMRS_HB_COMPLETE_v20 page 8_pages_1-25.md
013-003-039,,013,003,Din Darking Brake Lover | 013 004 000 | Spring Darking Brake (Separate Or Combination,VMRS_HB_COMPLETE_v20 page 8_pages_1-25.md
013-003-040,,013,003,Guide - Parking Drake Cable | 013-004-001 | Spring Drake (Piggy Dack) Assembly,VMRS_HB_COMPLETE_v20 page 8_pages_1-25.md
013-003-041,,013,003,Replacement Kit - Parking Brake Lever | 013-004-002 | Seal - O-Ring,VMRS_HB_COMPLETE_v20 page 8_pages_1-25.md
013-003-042,,013,003,Switch - Parking Brake Lever | 013-004-003 | Piston & Guide Assembly,VMRS_HB_COMPLETE_v20 page 8_pages_1-25.md
013-003-043,,013,003,"Bracket - Parking Brake Cable | 013-004-004 | Seal - Piston, Spring Parking Brake Chamber",VMRS_HB_COMPLETE_v20 page 8_pages_1-25.md
013-003-044,,013,003,"Spacer - Parking Brake | 013-004-005 | Spring - Main, Parking Brake Chamber",VMRS_HB_COMPLETE_v20 page 8_pages_1-25.md
013-003-045,,013,003,"Cover - Parking Brake Lever | 013-004-006 | Bolt - Release, Spring Parking Brake",VMRS_HB_COMPLETE_v20 page 8_pages_1-25.md
013-003-046,,013,003,Pin - Lever Linkage | 013-004-007 | Diaphragm - Spring Parking Brake,VMRS_HB_COMPLETE_v20 page 8_pages_1-25.md
013-003-047,,013,003,"Wiring Harness - Parking Brake | 013-004-008 | Gasket - Diaphragm, Spring Parking Brake",VMRS_HB_COMPLETE_v20 page 8_pages_1-25.md
013-003-048,,013,003,"Line, Air - Parking Brake (Metallic) | 013-004-009 | Cylinder Assembly (W/O Service Chamber)",VMRS_HB_COMPLETE_v20 page 8_pages_1-25.md
013-003-049,,013,003,"Fitting, Air Line - Parking Brake | 013-004-010 | Cap - Breather, Spring Brake",VMRS_HB_COMPLETE_v20 page 8_pages_1-25.md
013-003-050,,013,003,"Boot - Dust, In-Wheel Parking Brake | 013-004-011 | Head - Spring Brake",VMRS_HB_COMPLETE_v20 page 8_pages_1-25.md
013-003-051,,013,003,"Cylinder - Parking Brake, Drive Shaft | 013-004-012 | Retainer - Main Spring",VMRS_HB_COMPLETE_v20 page 8_pages_1-25.md
013-003-052,,013,003,Parking Brake - Drive Shaft | 013-004-013 | Push Rod Assembly - Spring Parking Brake,VMRS_HB_COMPLETE_v20 page 8_pages_1-25.md
013-003-053,,013,003,"Seal - Cable, Parking Brake | | Chamber",VMRS_HB_COMPLETE_v20 page 8_pages_1-25.md
013-003-054,,013,003,"Camshaft - Brake, Parking | 013-004-014 | Return Spring",VMRS_HB_COMPLETE_v20 page 8_pages_1-25.md
013-003-055,,013,003,"Guide - Lever, Parking Brake | 013-004-016 | Case - Flange Or Cylinder",VMRS_HB_COMPLETE_v20 page 8_pages_1-25.md
013-003-056,,013,003,Backing Plate - Parking Brake | 013-004-018 | Yoke (Clevis) Assembly,VMRS_HB_COMPLETE_v20 page 8_pages_1-25.md
013-003-057,,013,003,"Strut - Brake, Parking | 013-004-019 | Ring - Return, Head",VMRS_HB_COMPLETE_v20 page 8_pages_1-25.md
013-003-058,,013,003,Adapter - Brake Parking | 013-004-020 | Tube - Protection Wedge Brake,VMRS_HB_COMPLETE_v20 page 8_pages_1-25.md
013-003-059,,013,003,"Reservoir - Parking Brake | 013-004-021 | Retainer - Push Rod, Spring Parking Brake",VMRS_HB_COMPLETE_v20 page 8_pages_1-25.md
013-003-060,,013,003,Valve - Parking Brake Remote | 010 004 021 | Chamber,VMRS_HB_COMPLETE_v20 page 8_pages_1-25.md
013-003-061,,013,003,Valve - Regeneration Air Drier | 013-004-023 | Support - Main Spring,VMRS_HB_COMPLETE_v20 page 8_pages_1-25.md
013-003-062,,013,003,Pin - Cottor Clovis | 013 004 023 | Brackot - Anglo,VMRS_HB_COMPLETE_v20 page 8_pages_1-25.md
040-000-005,,040,000,"Driveline, Parking Brake Drum | 013-004-027 | Chamber Assembly - Spring & Service Brake",VMRS_HB_COMPLETE_v20 page 8_pages_1-25.md
013-003-065,,013,003,"Shoe - Parking Brake, Drive Shaft | 013-004-028 | Spring & Cap Assembly",VMRS_HB_COMPLETE_v20 page 8_pages_1-25.md
013-003-066,,013,003,"Lining - Parking Brake, Drive Shaft | 013-004-029 | Ring - Clamp, Spring Parking Brake Chamber",VMRS_HB_COMPLETE_v20 page 8_pages_1-25.md
013-003-067,,013,003,"Mounting Bracket - Parking Brake Lever Switch | 013-004-030 | Chamber - Non-Pressure, Spring Brake",VMRS_HB_COMPLETE_v20 page 8_pages_1-25.md
013-003-068,,013,003,"Damper - Pedal, Parking Brake | 013-004-031 | Boot, Push Rod - Spring Brake Chamber",VMRS_HB_COMPLETE_v20 page 8_pages_1-25.md
013-003-069,,013,003,"Bell Crank - Parking Brake Linkage | 013-004-032 | Bearing - Push Rod, Spring Brake Chamber",VMRS_HB_COMPLETE_v20 page 8_pages_1-25.md
013-003-070,,013,003,"Bracket - Bell Crank, Parking Brake | 013-004-033 | Bushing - Spring Brake Chamber",VMRS_HB_COMPLETE_v20 page 8_pages_1-25.md
013-003-071,,013,003,"Shield - Parking Brake, Drive Shaft | 013-004-034 | Filter - Spring Brake Chamber",VMRS_HB_COMPLETE_v20 page 8_pages_1-25.md
013-003-072,,013,003,Pedal - Parking Brake | 013-004-035 | Follower - Spring Brake Chamber,VMRS_HB_COMPLETE_v20 page 8_pages_1-25.md
013-003-073,,013,003,"Bumper - Parking Brake Lever | 013-004-036 | Service Kit - Air Chamber, Spring Brake",VMRS_HB_COMPLETE_v20 page 8_pages_1-25.md
013-003-074,,013,003,"Clamp - Support, Parking Brake Cable | 013-004-037 | Flange Nut - Spring Brake Chamber",VMRS_HB_COMPLETE_v20 page 8_pages_1-25.md
013-003-075,,013,003,"Control Module - Parking Brake, Drive Shaft | 013-004-038 | Jam Nut - Spring Brake Chamber",VMRS_HB_COMPLETE_v20 page 8_pages_1-25.md
013-003-076,,013,003,"Bearing - Linkage, Parking Brake | 013-004-039 | Pressure Plate - Spring Brake Chamber",VMRS_HB_COMPLETE_v20 page 8_pages_1-25.md
013-003-077,,013,003,"Cable - Parking Brake, Drive Shaft | 013-004-040 | Dust Plug - Spring Brake Chamber",VMRS_HB_COMPLETE_v20 page 8_pages_1-25.md
013-003-078,,013,003,"Cable - Midsection, Parking Brake, Drive Shaft | 013-004-041 | Screw - Cap, Spring Brake Chamber",VMRS_HB_COMPLETE_v20 page 8_pages_1-25.md
013-003-079,,013,003,"Yoke Or Flange - Parking Brake, Drive Shaft | 013-004-043 | Washer - Stop, Spring Brake Chamber",VMRS_HB_COMPLETE_v20 page 8_pages_1-25.md
013-003-080,,013,003,"Bracket - Cylinder, Parking Brake, Drive Shaft | 013-004-044 | Tube - Breather, Brake Chamber",VMRS_HB_COMPLETE_v20 page 8_pages_1-25.md
013-003-081,,013,003,Adjuster - Parking Brake | 013-004-045 | Housing - Spring Brake Chamber,VMRS_HB_COMPLETE_v20 page 8_pages_1-25.md
013-003-082,,013,003,"Bracket - Brake Mounting, Parking brake | 013-005-000 | Pedal Assembly - Service Brake",VMRS_HB_COMPLETE_v20 page 8_pages_1-25.md
013-003-083,,013,003,Parking Brake Assembly - Complete | 013-005-001 | Pedal Assembly - Brake,VMRS_HB_COMPLETE_v20 page 8_pages_1-25.md
013-003-084,,013,003,Linkage - Parking Brake | 013-005-002 | Hardware Mounting - Brake Pedal Assembly,VMRS_HB_COMPLETE_v20 page 8_pages_1-25.md
013-003-085,,013,003,Actuator - Parking Brake | 013-005-003 | Linkage - Brake Pedal,VMRS_HB_COMPLETE_v20 page 8_pages_1-25.md
013-003-086,,013,003,Switch - Pressure Parking Brake | 013-005-004 | Pad - Brake Pedal,VMRS_HB_COMPLETE_v20 page 8_pages_1-25.md
013-003-087,,013,003,Bracket - Darking Brake Valve Transmission | 013-005-004 | Bracket - Brake And Clutch Pedal Shaft Support,VMRS_HB_COMPLETE_v20 page 8_pages_1-25.md
012-002-000,,012,002,Switch Activation Darking Braka | 013-003-000 | Support Procket,VMRS_HB_COMPLETE_v20 page 8_pages_1-25.md
012-002-089,,012,002,Link Lover Derking Broke | 010-000-007 | Undura Mounting Brake/Olistah Dadal Ohist,VMRS_HB_COMPLETE_v20 page 8_pages_1-25.md
010-003-090,,010,003,"Link - Lever, Parking Brake | 010-000-008 | Haruware, Mounting - Brake/Clutch Pedal Shatt",VMRS_HB_COMPLETE_v20 page 8_pages_1-25.md
013-003-091,,013,003,"Spring - Lever Link, Parking Brake | 013-005-009 | Dusning - Snait, Brake & Clutch Pedal",VMRS_HB_COMPLETE_v20 page 8_pages_1-25.md
013-003-092,,013,003,"Retainer - Spring, Lever Link, Parking Brake | 013-005-010 | Spring - Brake Pedal Return",VMRS_HB_COMPLETE_v20 page 8_pages_1-25.md
013-003-093,,013,003,"Lock - Lever Pin, Parking Brake | 013-005-011 | Bolt - Brake Pedal Pivot",VMRS_HB_COMPLETE_v20 page 8_pages_1-25.md
013-003-094,,013,003,Motor - Parking Brake | 013-005-012 | Base - Pedal Assembly,VMRS_HB_COMPLETE_v20 page 8_pages_1-25.md
013-003-095,,013,003,"Pad Set - Parking Brake | 013-005-014 | Stop - Brake Pedal, Air",VMRS_HB_COMPLETE_v20 page 8_pages_1-25.md
013-003-096,,013,003,Repair Kit - Parking Brake | 013-005-015 | Mounting Bracket - Brake Pedal,VMRS_HB_COMPLETE_v20 page 8_pages_1-25.md
013-003-097,,013,003,"Self-Adjuster - Parking Brake | 013-005-016 | Switch - Brake Light, Pedal Assembly",VMRS_HB_COMPLETE_v20 page 8_pages_1-25.md
013-003-098,,013,003,"Return Spring - Shoe, Parking Brake | 013-005-017 | Pin - Brake Pedal",VMRS_HB_COMPLETE_v20 page 8_pages_1-25.md
013-005-018,,013,005,Mounting Plate - Brake Pedal | 013-006-054,VMRS_HB_COMPLETE_v20 page 8_pages_1-25.md
013-005-019,,013,005,"Cable - Inching Brake, Forklift Pedal Assembly | 013-006-055",VMRS_HB_COMPLETE_v20 page 8_pages_1-25.md
013-005-020,,013,005,Cam - Linkage | 013-006-056,VMRS_HB_COMPLETE_v20 page 8_pages_1-25.md
013-005-021,,013,005,"Gasket - Bracket, Pedal to Firewall | 013-006-057",VMRS_HB_COMPLETE_v20 page 8_pages_1-25.md
013-005-022,,013,005,Switch - Pedal Adjust | 013-006-058,VMRS_HB_COMPLETE_v20 page 8_pages_1-25.md
013-005-023,,013,005,Adapter - Mounting Brake Pedal | 013-006-059,VMRS_HB_COMPLETE_v20 page 8_pages_1-25.md
013-005-024,,013,005,Mounting Plate - Brake Valve Brake Pedal | 013-006-061,VMRS_HB_COMPLETE_v20 page 8_pages_1-25.md
013-005-026,,013,005,"Plunger - Brake Valve, Brake Pedal | 013-006-062",VMRS_HB_COMPLETE_v20 page 8_pages_1-25.md
013-005-027,,013,005,Roller - Brake Pedal | 013-006-063,VMRS_HB_COMPLETE_v20 page 8_pages_1-25.md
013-005-028,,013,005,Rod Assembly - Inching Control | 013-006-064,VMRS_HB_COMPLETE_v20 page 8_pages_1-25.md
013-005-029,,013,005,Rod - Inching Control | 013-006-065,VMRS_HB_COMPLETE_v20 page 8_pages_1-25.md
013-005-030,,013,005,"Joint Assembly - Ball, Inching Control | 013-006-066",VMRS_HB_COMPLETE_v20 page 8_pages_1-25.md
013-005-031,,013,005,"Switch - Micro, Pedal Movement | 013-006-067",VMRS_HB_COMPLETE_v20 page 8_pages_1-25.md
013-005-032,,013,005,Module - Brake Pedal and Booster | 013-006-068,VMRS_HB_COMPLETE_v20 page 8_pages_1-25.md
013-005-033,,013,005,"Cover - Module, Brake Pedal | 013-006-069",VMRS_HB_COMPLETE_v20 page 8_pages_1-25.md
013-005-034,,013,005,Notol - Diake PedalRelay - Brake Pedal | 013-007-000,VMRS_HB_COMPLETE_v20 page 8_pages_1-25.md
013-006-000,,013,006,Brake Master Cylinder | 013-007-002,VMRS_HB_COMPLETE_v20 page 8_pages_1-25.md
013-006-001,,013,006,Master Cylinder - Brake | 013-007-003,VMRS_HB_COMPLETE_v20 page 8_pages_1-25.md
013-006-002,,013,006,Piston - Master Cylinder | 013-007-004,VMRS_HB_COMPLETE_v20 page 8_pages_1-25.md
013-006-003,,013,006,"Cup - Primary, Master Cylinder | 013-007-005",VMRS_HB_COMPLETE_v20 page 8_pages_1-25.md
013-006-004,,013,006,"Cup - Secondary, Master Cylinder | 013-007-006",VMRS_HB_COMPLETE_v20 page 8_pages_1-25.md
013-006-005,,013,006,Return Spring - Master Cylinder Piston | 013-007-007,VMRS_HB_COMPLETE_v20 page 8_pages_1-25.md
013-006-006,,013,006,Push Rod - Master Cylinder | 013-007-008,VMRS_HB_COMPLETE_v20 page 8_pages_1-25.md
013-006-007,,013,006,Boot - Master Cylinder | 013-007-009,VMRS_HB_COMPLETE_v20 page 8_pages_1-25.md
013-006-008,,013,006,Filler Plug - Master Cylinder | 013-007-010,VMRS_HB_COMPLETE_v20 page 8_pages_1-25.md
013-006-009,,013,006,"Seal - Filler Plug, Master Cylinder | 013-007-011",VMRS_HB_COMPLETE_v20 page 8_pages_1-25.md
013-006-010,,013,006,Check Valve Assembly - Residual PlessureRenair Kit - Master Cylinder | 013-007-012,VMRS_HB_COMPLETE_v20 page 8_pages_1-25.md
013-006-013,,013,006,Master Cylinder - Brake Hydraulic Assist | 013-007-015,VMRS_HB_COMPLETE_v20 page 8_pages_1-25.md
013-006-014,,013,006,Lock - Hydraulic Brake Holding | 013-007-016,VMRS_HB_COMPLETE_v20 page 8_pages_1-25.md
013-006-015,,013,006,"Actuator - Hydraulic, Foot Or Hand | 013-007-017",VMRS_HB_COMPLETE_v20 page 8_pages_1-25.md
013-006-016,,013,006,Accumulator Assembly - Brake | 013-007-018,VMRS_HB_COMPLETE_v20 page 8_pages_1-25.md
013-006-017,,013,006,Pressure Limiter Valve - Hydraulic | 013-007-019,VMRS_HB_COMPLETE_v20 page 8_pages_1-25.md
013-006-018,,013,006,Cover - Master Cylinder | 013-007-020,VMRS_HB_COMPLETE_v20 page 8_pages_1-25.md
013-006-019,,013,006,"Diaphragm - Cup, Master Cylinder | 013-007-021",VMRS_HB_COMPLETE_v20 page 8_pages_1-25.md
013-006-020,,013,006,Bracket - Master Cylinder | 010 007 000,VMRS_HB_COMPLETE_v20 page 8_pages_1-25.md
013-000-021,,013,000,Bushing - Master CylinderSpacer - Bush Red Master Cylinder | 013-007-022,VMRS_HB_COMPLETE_v20 page 8_pages_1-25.md
013-006-022,,013,006,Cap - Master Cylinder | 013-007-023,VMRS_HB_COMPLETE_v20 page 8_pages_1-25.md
013-006-024,,013,006,Seal - Master Cylinder to Reservoir | 013-007-024,VMRS_HB_COMPLETE_v20 page 8_pages_1-25.md
013-006-025,,013,006,Wiring - Master Cylinder | 013-007-025,VMRS_HB_COMPLETE_v20 page 8_pages_1-25.md
013-006-026,,013,006,Booster - Master Cylinder | 013-007-026,VMRS_HB_COMPLETE_v20 page 8_pages_1-25.md
013-006-027,,013,006,Relay - Master Cylinder | 013-007-027,VMRS_HB_COMPLETE_v20 page 8_pages_1-25.md
013-006-028,,013,006,Motor - Master Cylinder | 013-007-028,VMRS_HB_COMPLETE_v20 page 8_pages_1-25.md
013-006-029,,013,006,O-Ring - Master Cylinder | 013-007-029,VMRS_HB_COMPLETE_v20 page 8_pages_1-25.md
013-006-030,,013,006,Switch - Master Cylinder | 013-007-030,VMRS_HB_COMPLETE_v20 page 8_pages_1-25.md
013-006-031,,013,006,"Hardware, Mounting - Brake Master Cylinder | 012 007 021",VMRS_HB_COMPLETE_v20 page 8_pages_1-25.md
013-006-032,,013,006,Block - Spacer Master Cylinder | 013-007-031,VMRS_HB_COMPLETE_v20 page 8_pages_1-25.md
013-006-034,,013,006,Sending Unit - Fluid Level Brake | 013-007-032,VMRS_HB_COMPLETE_v20 page 8_pages_1-25.md
013-006-035,,013,006,"Switch - Differential Pressure, Master Cylinder",VMRS_HB_COMPLETE_v20 page 8_pages_1-25.md
013-006-036,,013,006,"Clevis - Push Rod, Master Cylinder | 013-007-033",VMRS_HB_COMPLETE_v20 page 8_pages_1-25.md
013-006-037,,013,006,"Wiring - Booster, Master Cylinder | 013-007-034",VMRS_HB_COMPLETE_v20 page 8_pages_1-25.md
013-006-038,,013,006,Reservoir - Master Cylinder | 013-007-035,VMRS_HB_COMPLETE_v20 page 8_pages_1-25.md
013-006-039,,013,006,"Bracket - Booster, Master Cylinder | 013-007-036",VMRS_HB_COMPLETE_v20 page 8_pages_1-25.md
013-006-040,,013,006,"Guide - Piston, Master Cylinder | 013-007-037",VMRS_HB_COMPLETE_v20 page 8_pages_1-25.md
013-006-041,,013,006,"Gasket - Mounting, Master Cylinder | 013-007-038",VMRS_HB_COMPLETE_v20 page 8_pages_1-25.md
013-006-042,,013,006,Strainer - Reservoir Master Cylinder | 013-007-039,VMRS_HB_COMPLETE_v20 page 8_pages_1-25.md
013-006-044,,013,006,"Bracket - Reservoir, Master Cylinder, Remote | 013-007-040",VMRS_HB_COMPLETE_v20 page 8_pages_1-25.md
013-006-045,,013,006,"Bracket - Control Module, Hydraulic Brake Motor | 013-007-042",VMRS_HB_COMPLETE_v20 page 8_pages_1-25.md
013-006-046,,013,006,"Switch - Stroke, Brake Booster | 013-007-043",VMRS_HB_COMPLETE_v20 page 8_pages_1-25.md
013-006-047,,013,006,"Cap - Reservoir, Master Cylinder | 013-007-044",VMRS_HB_COMPLETE_v20 page 8_pages_1-25.md
013-006-048,,013,006,Fork - Brake Master Cylinder | 013-007-045,VMRS_HB_COMPLETE_v20 page 8_pages_1-25.md
013-006-049,,013,006,Pin - Brake Master Cylinder | 013-007-046,VMRS_HB_COMPLETE_v20 page 8_pages_1-25.md
013-006-050,,013,006,"Adapter - Reservoir, Brake Master Cylinder | 013-007-047",VMRS_HB_COMPLETE_v20 page 8_pages_1-25.md
013-000-051,,013,000,"HII - Reservoir, Drake Master CyllnderMaster Cylinder Assembly - Brake and Clutch | 013-007-048",VMRS_HB_COMPLETE_v20 page 8_pages_1-25.md
013-006-053,,013,006,"Gasket - Master Cylinder, Brake and Clutch | 010-007-049",VMRS_HB_COMPLETE_v20 page 8_pages_1-25.md
013-007-050,,013,007,"Tube Plumbing | 013-008-050 | Line - Oli, Brake Vacuum PumpSleeve - Brake Vacuum Pump",VMRS_HB_COMPLETE_v20 page 8_pages_1-25.md
013-007-051,,013,007,"O-Ring - Brake System, Air Line, Hose, Tube, | 013-008-058 | Sensor - Brake Power Booster Unit",VMRS_HB_COMPLETE_v20 page 8_pages_1-25.md
013-008-059,,013,008,"Plumbing | | Gasket - Vacuum Pump, Brake Booster",VMRS_HB_COMPLETE_v20 page 8_pages_1-25.md
013-007-052,,013,007,"O-Ring - Brake System, Hydraulic Oil Line, | 013-009-000 | Air Compressor",VMRS_HB_COMPLETE_v20 page 8_pages_1-25.md
010-007-050,,010,007,"Hose, Tube, Plumbing | 013-009-001 | Compressor - Air Brakes",VMRS_HB_COMPLETE_v20 page 8_pages_1-25.md
013-007-053,,013,007,"Piping Assembly - Hydraulic ABS, Chassis | 013-009-002 | OII Line - Air Compressor",VMRS_HB_COMPLETE_v20 page 8_pages_1-25.md
013-007-055,,013,007,Wiring Harness - Pressure Switch | 013-009-003 | Flement - Air Cleaner Air Compressor,VMRS_HB_COMPLETE_v20 page 8_pages_1-25.md
013-007-056,,013,007,"Tube - Hydraulic Piping, Chassis | 013-009-005 | Cylinder Head - Compressor",VMRS_HB_COMPLETE_v20 page 8_pages_1-25.md
013-007-057,,013,007,"Guide - Brake Hose | 013-009-006 | Gasket - Cylinder Head, Compressor",VMRS_HB_COMPLETE_v20 page 8_pages_1-25.md
013-007-058,,013,007,Washer - Brake Hydraulic Line | 013-009-007 | Inlet Valve - Compressor,VMRS_HB_COMPLETE_v20 page 8_pages_1-25.md
013-007-059,,013,007,"Hydraulic System - Brakes, Complete | 013-009-008 | Delivery Valve - Compressor",VMRS_HB_COMPLETE_v20 page 8_pages_1-25.md
013-007-060,,013,007,"Valve - Load Sensing, Hydraulic Brakes | 013-009-009 | Piston - Unioader, Compressor",VMRS_HB_COMPLETE_v20 page 8_pages_1-25.md
013-008-001,,013,008,Cylinder Assembly - Vacuum Power | 013-009-011 | Piston Assembly - Compressor,VMRS_HB_COMPLETE_v20 page 8_pages_1-25.md
013-008-002,,013,008,"Push Rod Assembly - Power Cylinder | 013-009-012 | Ring - Piston, Compressor",VMRS_HB_COMPLETE_v20 page 8_pages_1-25.md
013-008-003,,013,008,"Support Bracket - Power Cylinder, Rear | 013-009-013 | Rod - Compressor Connecting",VMRS_HB_COMPLETE_v20 page 8_pages_1-25.md
013-008-004,,013,008,Air Cleaner Assembly - Booster | 013-009-014 | Pulley - Air Compressor,VMRS_HB_COMPLETE_v20 page 8_pages_1-25.md
013-008-005,,013,008,Fitting - Intake Manifold | 013-009-015 | Tube - Compressor To Engine Water,VMRS_HB_COMPLETE_v20 page 8_pages_1-25.md
013-008-008,,013,008,Fitting - Vacuum Line | 010-009-019 | Crankcase,VMRS_HB_COMPLETE_v20 page 8_pages_1-25.md
013-008-009,,013,008,"Balancing Valve - Vacuum | 013-009-020 | Stud - Mounting, Air Compressor, Brakes",VMRS_HB_COMPLETE_v20 page 8_pages_1-25.md
013-008-010,,013,008,Hand Control Valve - Vacuum | 013-009-021 | Belt - Air Compressor,VMRS_HB_COMPLETE_v20 page 8_pages_1-25.md
013-008-011,,013,008,Push Rod Ball - Check Valve | 013-009-022 | Evaporator - Alcohol,VMRS_HB_COMPLETE_v20 page 8_pages_1-25.md
013-008-012,,013,008,"Plate - Vacuum Cylinder, End | 013-009-023 | Line - Air, Discharge",VMRS_HB_COMPLETE_v20 page 8_pages_1-25.md
013-008-013,,013,008,"Valve Assembly - Alr, Push RodPiston Assembly - Vacuum Power | 013-009-024 | Gear - Drive, Air Compressor",VMRS_HB_COMPLETE_v20 page 8_pages_1-25.md
013-008-015,,013,008,"Diaphragm - Rolling, Power Piston | 013-009-028 | Repair Kit - Cylinder Head",VMRS_HB_COMPLETE_v20 page 8_pages_1-25.md
013-008-016,,013,008,"Plate - Rolling, Diaphragm Support | 013-009-029 | Gasket - Lines, Discharge",VMRS_HB_COMPLETE_v20 page 8_pages_1-25.md
013-008-017,,013,008,Floating Control Valve Assembly | 013-009-031 | Repair Kit - Connecting Rod,VMRS_HB_COMPLETE_v20 page 8_pages_1-25.md
013-008-018,,013,008,Spring - Floating Control | 013-009-032 | Gasket - Cylinder Block,VMRS_HB_COMPLETE_v20 page 8_pages_1-25.md
013-008-019,,013,008,Plate & Sleeve - Piston | 013-009-033 | Reservoir & Cap Assembly - Alcohol Evaporator,VMRS_HB_COMPLETE_v20 page 8_pages_1-25.md
013-008-020,,013,008,Hose - Exhaust | 013-009-034 | Adapter - Intake Alcohol Evaporator,VMRS_HB_COMPLETE_v20 page 8_pages_1-25.md
013-008-022,,013,008,Gasket - Exhaust Tee | 013-009-036 | Check Valve - Alcohol Evaporator,VMRS_HB_COMPLETE_v20 page 8_pages_1-25.md
013-008-023,,013,008,"Return Spring - Power Piston | 013-009-037 | Lock Washer - Drive Gear, Air Compressor",VMRS_HB_COMPLETE_v20 page 8_pages_1-25.md
013-008-024,,013,008,Diaphragm & Plates Assembly - Reaction | 013-009-038 | Unloader Kit - Air Compressor Assembly,VMRS_HB_COMPLETE_v20 page 8_pages_1-25.md
013-008-025,,013,008,"Lever - Reaction | 013-009-039 | Gasket Set - Complete, Air Compressor",VMRS_HB_COMPLETE_v20 page 8_pages_1-25.md
013-008-026,,013,008,"Retaining Ring - Reaction Plate | 013-009-040 | Fitting - Air Inlet, Air Compressor",VMRS_HB_COMPLETE_v20 page 8_pages_1-25.md
013-008-028,,013,008,Gasket - Hydraulic Cylinder | 013-009-042 | Cover - Air Cleaner,VMRS_HB_COMPLETE_v20 page 8_pages_1-25.md
013-008-029,,013,008,"Shell - Vacuum Power | 013-009-047 | Baffle - Air Cleaner Mounting, Air Compressor",VMRS_HB_COMPLETE_v20 page 8_pages_1-25.md
013-008-030,,013,008,"Reservoir - Vacuum | 013-009-048 | Spring - Unloader, Compressor",VMRS_HB_COMPLETE_v20 page 8_pages_1-25.md
013-008-031,,013,008,"Cover - Vacuum Reservoir | 013-009-049 | Grommet - Tubing, Waterline",VMRS_HB_COMPLETE_v20 page 8_pages_1-25.md
013-008-032,,013,008,Pump - Vacuum | 013-009-050 | Adapter Plate - Air Compressor,VMRS_HB_COMPLETE_v20 page 8_pages_1-25.md
013-008-033,,013,008,Conversion Valve - Air- Io-Vacuum | 013-009-051 | Sleeve - Water LineGaskat Adaptor Air Inlat,VMRS_HB_COMPLETE_v20 page 8_pages_1-25.md
013-008-035,,013,008,Relay Valve - Vacuum | 013-009-055 | Hoses - Coolant Air Compressor,VMRS_HB_COMPLETE_v20 page 8_pages_1-25.md
013-008-036,,013,008,Synchronizing Valve - Vacuum | 013-009-056 | Unloader Valve - Compressor,VMRS_HB_COMPLETE_v20 page 8_pages_1-25.md
013-008-037,,013,008,"Control Valve - Vacuum, Power Brakes | 013-009-057 | Bearing - Crankshaft, Front",VMRS_HB_COMPLETE_v20 page 8_pages_1-25.md
013-008-038,,013,008,"Check Valve - Breakaway | 013-009-058 | Fitting - Tube, Air Compressor",VMRS_HB_COMPLETE_v20 page 8_pages_1-25.md
013-008-039,,013,008,"Coupling - Vacuum, Male | 013-009-059 | Hardware, Mounting - Discharge Line Fitting",VMRS_HB_COMPLETE_v20 page 8_pages_1-25.md
013-008-040,,013,008,"Coupling - Vacuum, Female | 013-009-060 | Pulley - Idler, Compressor, Alr Brakes",VMRS_HB_COMPLETE_v20 page 8_pages_1-25.md
013-008-042,,013,008,Hardware Mounting - Vacuum Power Cylinder | 013-009-062 | Bushing - Mounting Bracket,VMRS_HB_COMPLETE_v20 page 8_pages_1-25.md
010-000-012,,010,000,"Assembly | 013-009-063 | Gasket - Air Cleaner, Oil Bath",VMRS_HB_COMPLETE_v20 page 8_pages_1-25.md
013-008-043,,013,008,Belt - Vacuum Pump | 013-009-064 | Air Cleaner - Air Compressor,VMRS_HB_COMPLETE_v20 page 8_pages_1-25.md
013-008-044,,013,008,"Repair Kit - Vacuum Power Cylinder Assembly | 013-009-065 | Valve Kit - Air Cleaner, Air Compressor",VMRS_HB_COMPLETE_v20 page 8_pages_1-25.md
013-008-045,,013,008,"Mounting Bracket - Vacuum Pump | 013-009-066 | Nut - Fitting, Air Compressor",VMRS_HB_COMPLETE_v20 page 8_pages_1-25.md
013-008-046,,013,008,"Gasket - Mounting, Vacuum Booster | 013-009-067 | PIn - Piston, Air Compressor, Brakes",VMRS_HB_COMPLETE_v20 page 8_pages_1-25.md
013-008-047,,013,008,O-Ring - Booster | 013-009-060 | Housing - Crankcase,VMRS_HB_COMPLETE_v20 page 8_pages_1-25.md
013-008-049,,013,008,"Contact - Flow Switch, Booster | 013-009-070 | Governor - Air",VMRS_HB_COMPLETE_v20 page 8_pages_1-25.md
013-008-050,,013,008,"Switch - Relay, Booster | 013-009-071 | Overhaul Kit - Major, Air Compressor, Brakes",VMRS_HB_COMPLETE_v20 page 8_pages_1-25.md
013-008-051,,013,008,Module - Vacuum Booster | 013-009-072 | Support - Compressor,VMRS_HB_COMPLETE_v20 page 8_pages_1-25.md
013-008-052,,013,008,"Adapter - Push Rod, Vacuum Booster | 013-009-073 | End Cap - Air Compressor",VMRS_HB_COMPLETE_v20 page 8_pages_1-25.md
013-008-053,,013,008,PIN - Brake Power Booster Unit | 013-009-074 | ⊢iiter Assembly - Air Compressor,VMRS_HB_COMPLETE_v20 page 8_pages_1-25.md
013-008-055,,013,008,"Insulator - Brake Vacuum, Brake Power Booster | 013-009-075 | Installation Kit - Air Compressor",VMRS_HB_COMPLETE_v20 page 8_pages_1-25.md
010-009-077,,010,009,Repair Kit - Alconor Vaponzer | 010-01,VMRS_HB_COMPLETE_v20 page 8_pages_1-25.md
013-009-078,,013,009,"Bracket - Governor, Air Compressor | 013-01",VMRS_HB_COMPLETE_v20 page 8_pages_1-25.md
013-009-079,,013,009,Bracket - Unloader | 013-01,VMRS_HB_COMPLETE_v20 page 8_pages_1-25.md
013-009-080,,013,009,Bracket - Alcohol Evaporator | 013-01,VMRS_HB_COMPLETE_v20 page 8_pages_1-25.md
013-009-081,,013,009,Strainer - Air | 013-01,VMRS_HB_COMPLETE_v20 page 8_pages_1-25.md
013-009-082,,013,009,"Pre-Cooler, Air - Air Compressor | 013-01",VMRS_HB_COMPLETE_v20 page 8_pages_1-25.md
013-009-083,,013,009,"Gasket, Mounting - Pre-Cooler | 013-01",VMRS_HB_COMPLETE_v20 page 8_pages_1-25.md
013-009-084,,013,009,Benair Kit - Pre-Cooler | 013-01,VMRS_HB_COMPLETE_v20 page 8_pages_1-25.md
013-000-085,,013,000,Boot - Air Drier | 013-01,VMRS_HB_COMPLETE_v20 page 8_pages_1-25.md
010-009-000,,010,009,Hardware Mounting Air Covernor | 010-01,VMRS_HB_COMPLETE_v20 page 8_pages_1-25.md
013-009-000,,013,009,"Faidware, Mounting - Air Governor | 010-01",VMRS_HB_COMPLETE_v20 page 8_pages_1-25.md
013-009-087,,013,009,Fitting - Alconol Evaporator | 013-01,VMRS_HB_COMPLETE_v20 page 8_pages_1-25.md
013-009-088,,013,009,Line - Alcohol Evaporator | 013-01,VMRS_HB_COMPLETE_v20 page 8_pages_1-25.md
013-009-089,,013,009,Valve - Isolation | 013-01,VMRS_HB_COMPLETE_v20 page 8_pages_1-25.md
013-009-090,,013,009,Gasket - Alcohol Evaporator | 013-01,VMRS_HB_COMPLETE_v20 page 8_pages_1-25.md
013-009-091,,013,009,"Valve - Breather, Governor | 013-01",VMRS_HB_COMPLETE_v20 page 8_pages_1-25.md
013-009-092,,013,009,Cable - Air Unloader | 013-01,VMRS_HB_COMPLETE_v20 page 8_pages_1-25.md
013-009-093,,013,009,Filter Assembly - Air Unloader | 013-01,VMRS_HB_COMPLETE_v20 page 8_pages_1-25.md
013-009-094,,013,009,Cover - Evaporator Alcohol | 013-01,VMRS_HB_COMPLETE_v20 page 8_pages_1-25.md
013-000-005,,013,000,Adaptor Unloador Compressor Bypass Type | 013 01,VMRS_HB_COMPLETE_v20 page 8_pages_1-25.md
013-009-095,,013,009,"Adapter - Onloader, Compressor, Dypass Type | 010-01",VMRS_HB_COMPLETE_v20 page 8_pages_1-25.md
013-009-096,,013,009,"Control valve - Unloader, Bypass Type | 013-01",VMRS_HB_COMPLETE_v20 page 8_pages_1-25.md
013-009-097,,013,009,"Block - Porting, Unloader, Bypass Type | 013-01",VMRS_HB_COMPLETE_v20 page 8_pages_1-25.md
013-009-098,,013,009,"Clamp - Unloader, Bypass Type | 013-01",VMRS_HB_COMPLETE_v20 page 8_pages_1-25.md
013-009-099,,013,009,"Compressor - Auto Pump, Auxiliary | 013-01",VMRS_HB_COMPLETE_v20 page 8_pages_1-25.md
013-009-100,,013,009,"Level Kit - Filter, Unloader | 013-01",VMRS_HB_COMPLETE_v20 page 8_pages_1-25.md
013-009-101,,013,009,"Seal/Gasket Kit - Filter, Unloader",VMRS_HB_COMPLETE_v20 page 8_pages_1-25.md
013-009-102,,013,009,"Line - Air Intake, Compressor | 013-01",VMRS_HB_COMPLETE_v20 page 8_pages_1-25.md
013-000-103,,013,000,Service Kit - Air Compressor | 013-01,VMRS_HB_COMPLETE_v20 page 8_pages_1-25.md
012-000-104,,012,000,Cover Discharge | 012 01,VMRS_HB_COMPLETE_v20 page 8_pages_1-25.md
010-009-104,,010,009,Cover - Discharge | 010-01,VMRS_HB_COMPLETE_v20 page 8_pages_1-25.md
013-009-105,,013,009,"Safety valve - Pop-Off, Compressor | 013-01",VMRS_HB_COMPLETE_v20 page 8_pages_1-25.md
013-009-106,,013,009,"Fitting - Air System, Air Line, Hose, Tube, | 013-01",VMRS_HB_COMPLETE_v20 page 8_pages_1-25.md
013-009-107,,013,009,"O-Ring - Air System, Air Line, Hose, Tube, | 013-01",VMRS_HB_COMPLETE_v20 page 8_pages_1-25.md
013-009-108,,013,009,"Nut - Crankshaft, Air Compressor | 013-01",VMRS_HB_COMPLETE_v20 page 8_pages_1-25.md
013-009-109,,013,009,"Gasket - Crankshaft Bearing Cover, Rear | 013-01",VMRS_HB_COMPLETE_v20 page 8_pages_1-25.md
013-009-110,,013,009,Coupler - Air Compressor | 013-01,VMRS_HB_COMPLETE_v20 page 8_pages_1-25.md
013-000-111,,013,000,Manifold Exhaust Air Compressor | 013 01,VMRS_HB_COMPLETE_v20 page 8_pages_1-25.md
013-009-111,,013,009,Thrush Washer Air Compressor | 012-01,VMRS_HB_COMPLETE_v20 page 8_pages_1-25.md
013-009-112,,013,009,Inrush Washer - Air Compressor | 013-01,VMRS_HB_COMPLETE_v20 page 8_pages_1-25.md
013-009-113,,013,009,vent valve - Air Compressor,VMRS_HB_COMPLETE_v20 page 8_pages_1-25.md
013-009-114,,013,009,"Regulating Valve - 3 Way, Air Compressor | 013-01",VMRS_HB_COMPLETE_v20 page 8_pages_1-25.md
013-009-115,,013,009,"Repair Kit - Drain Valve, Air Compressor | 013-01",VMRS_HB_COMPLETE_v20 page 8_pages_1-25.md
013-009-116,,013,009,Hostler Valve - Air Compressor | 013-01,VMRS_HB_COMPLETE_v20 page 8_pages_1-25.md
013-009-117,,013,009,"Pressure Converter - Vacuum/Hydraulic, Air | 013-01",VMRS_HB_COMPLETE_v20 page 8_pages_1-25.md
013-009-118,,013,009,"Repair Kit - Hostler Valve, Air Compressor | 013-01",VMRS_HB_COMPLETE_v20 page 8_pages_1-25.md
013-000-110,,013,000,Renair Kit - Pressure Relief Valve Air | 013-01,VMRS_HB_COMPLETE_v20 page 8_pages_1-25.md
010-000-100,,010,000,Compressor | 010-01,VMRS_HB_COMPLETE_v20 page 8_pages_1-25.md
013-009-120,,013,009,"Bracket - Filter, Air Unioader | 013-01",VMRS_HB_COMPLETE_v20 page 8_pages_1-25.md
013-009-121,,013,009,"Fitting - Oil Supply Line, Air Compressor | 013-01",VMRS_HB_COMPLETE_v20 page 8_pages_1-25.md
013-009-122,,013,009,"Cover - Crankshaft, Rear Bearing Cover, | 013-01",VMRS_HB_COMPLETE_v20 page 8_pages_1-25.md
013-009-123,,013,009,Resonator - Air Compressor Discharge | 013-01,VMRS_HB_COMPLETE_v20 page 8_pages_1-25.md
013-009-124,,013,009,"Seal - Oil, Air Compressor Crankshaft | 013-01",VMRS_HB_COMPLETE_v20 page 8_pages_1-25.md
013-009-125,,013,009,Valve - Air Compressor | 013-01,VMRS_HB_COMPLETE_v20 page 8_pages_1-25.md
013-009-126,,013,009,Seal - Air Compressor | 013-01,VMRS_HB_COMPLETE_v20 page 8_pages_1-25.md
013-000-127,,013,000,Injector Alcohol Air Brakes | 012 01,VMRS_HB_COMPLETE_v20 page 8_pages_1-25.md
010-009-127,,010,009,Resket Coolent Line Support | 010-01,VMRS_HB_COMPLETE_v20 page 8_pages_1-25.md
013-009-129,,013,009,Spacer - Coolant Line Support | 013-01,VMRS_HB_COMPLETE_v20 page 8_pages_1-25.md
013-009-130,,013,009,Tee Fitting - Coolant Line | 013-01,VMRS_HB_COMPLETE_v20 page 8_pages_1-25.md
013-009-131,,013,009,Clutch - Auxiliary Air Compressor | 013-01,VMRS_HB_COMPLETE_v20 page 8_pages_1-25.md
013-009-132,,013,009,"Tube - Coolant, Air Compressor Inlet | 013-01",VMRS_HB_COMPLETE_v20 page 8_pages_1-25.md
013-009-133,,013,009,"Tube Assembly - Coolant, Air Compressor Outlet | 013-01",VMRS_HB_COMPLETE_v20 page 8_pages_1-25.md
013-009-134,,013,009,"Hose - Coolant, Air Compressor Inlet | 013-01",VMRS_HB_COMPLETE_v20 page 8_pages_1-25.md
013-009-135,,013,009,"Hose - Coolant, Air Compressor, Outlet | 013-01",VMRS_HB_COMPLETE_v20 page 8_pages_1-25.md
013-000-136,,013,000,Hose - Molded Air Intake Compressor | 013_01,VMRS_HB_COMPLETE_v20 page 8_pages_1-25.md
012-000-107,,012,000,Tubo Coolant Air Comproscor Outlet | 010-01,VMRS_HB_COMPLETE_v20 page 8_pages_1-25.md
010-009-107,,010,009,Recordery | 010-01,VMRS_HB_COMPLETE_v20 page 8_pages_1-25.md
040-000-100,,040,000,Secondary | 013-01,VMRS_HB_COMPLETE_v20 page 8_pages_1-25.md
013-009-138,,013,009,"Tube - Coolant, Air Compressor, Primary | 013-01",VMRS_HB_COMPLETE_v20 page 8_pages_1-25.md
013-009-139,,013,009,"Plug - Sealing, Air Compressor | 013-01",VMRS_HB_COMPLETE_v20 page 8_pages_1-25.md
013-010-000,,013,010,Air Type Power Brakes | 013-01,VMRS_HB_COMPLETE_v20 page 8_pages_1-25.md
013-010-001,,013,010,Brake System - Full Air | 013-01,VMRS_HB_COMPLETE_v20 page 8_pages_1-25.md
,010-007,010,007,13- | Moisture Ejector Valve - Air Tank,VMRS_HB_COMPLETE_v20 page 8_pages_1-25.md
,010-015,010,015,13- | Relay Valve - Hvdraulic,VMRS_HB_COMPLETE_v20 page 8_pages_1-25.md
,010-016,010,016,13- | Tractor Protection Control Valve,VMRS_HB_COMPLETE_v20 page 8_pages_1-25.md
,010-017,010,017,"13- | Parking Valve - Hand Brake, Air",VMRS_HB_COMPLETE_v20 page 8_pages_1-25.md
,010-018,010,018,13- | Regulator Or Governor - Air,VMRS_HB_COMPLETE_v20 page 8_pages_1-25.md
,010-019,010,019,13- | Application Valve - Single Stage,VMRS_HB_COMPLETE_v20 page 8_pages_1-25.md
,010-020,010,020,13- | Balancing Valve,VMRS_HB_COMPLETE_v20 page 8_pages_1-25.md
,010-021,010,021,13- | Power Cylinder Assembly - Air Brake,VMRS_HB_COMPLETE_v20 page 8_pages_1-25.md
,010-022,010,022,13- | Air Servo Valve - Inlet,VMRS_HB_COMPLETE_v20 page 8_pages_1-25.md
,010-023,010,023,13- | Air Servo Valve - Exnaust,VMRS_HB_COMPLETE_v20 page 8_pages_1-25.md
,010-024,010,024,13- | PISION - Servo AllMounting Procket Chamber Or Spring Proke,VMRS_HB_COMPLETE_v20 page 8_pages_1-25.md
,010-030,010,030,13- | Brakes,VMRS_HB_COMPLETE_v20 page 8_pages_1-25.md
,010-031,010,031,13- | Coupler (Gladhand) - Service Air Brakes,VMRS_HB_COMPLETE_v20 page 8_pages_1-25.md
,010-032,010,032,13- | Coupler (Gladhand) - Emergency Air Brakes,VMRS_HB_COMPLETE_v20 page 8_pages_1-25.md
,010-034,010,034,13- | Chamber Assembly - Service Brake,VMRS_HB_COMPLETE_v20 page 8_pages_1-25.md
,010-035,010,035,13- | Diaphragm - Brake Chamber,VMRS_HB_COMPLETE_v20 page 8_pages_1-25.md
,010-036,010,036,13- | Return Spring - Service Brake Chamber,VMRS_HB_COMPLETE_v20 page 8_pages_1-25.md
,010-037,010,037,"13- | Relay - Emergency, Air Brake",VMRS_HB_COMPLETE_v20 page 8_pages_1-25.md
,010-038,010,038,13- | Double Check Valve & Stoplamp Switch,VMRS_HB_COMPLETE_v20 page 8_pages_1-25.md
,010-039,010,039,13- | Automatic Proportioning Valve - Front Axle,VMRS_HB_COMPLETE_v20 page 8_pages_1-25.md
,010-044,010,044,13- | Pressure Protection Valve - Air Brake System,VMRS_HB_COMPLETE_v20 page 8_pages_1-25.md
,010-045,010,045,13- | Relay Valve - Ratio Type,VMRS_HB_COMPLETE_v20 page 8_pages_1-25.md
,010-046,010,046,"13- | Release Valve - Spring Brake, Power Unit , Dash",VMRS_HB_COMPLETE_v20 page 8_pages_1-25.md
,010-047,010,047,13- | Relay Inversion Valve,VMRS_HB_COMPLETE_v20 page 8_pages_1-25.md
,010-048,010,048,"13- | Release valve - Spring Brake, Tractor-Trailer",VMRS_HB_COMPLETE_v20 page 8_pages_1-25.md
,010-040,010,040,"12 | Combination, DashParking Valvo Tractor",VMRS_HB_COMPLETE_v20 page 8_pages_1-25.md
,010-049,010,049,13- | Parking Valve - Tractor-Trailer,VMRS_HB_COMPLETE_v20 page 8_pages_1-25.md
,010-051,010,051,13- | Application Valve - Dual,VMRS_HB_COMPLETE_v20 page 8_pages_1-25.md
,010-052,010,052,13- | Air Filter & Drier Assembly W/Drain & Check,VMRS_HB_COMPLETE_v20 page 8_pages_1-25.md
,010-056,010,056,13- | Element - Air Filter,VMRS_HB_COMPLETE_v20 page 8_pages_1-25.md
,010-057,010,057,13- | Control Knob - Brake Valves,VMRS_HB_COMPLETE_v20 page 8_pages_1-25.md
,010-058,010,058,"13- | Gland - Sealing, Air Line Couplers",VMRS_HB_COMPLETE_v20 page 8_pages_1-25.md
,010-059,010,059,13- | Mounting Bracket - Hose & Cable Tender,VMRS_HB_COMPLETE_v20 page 8_pages_1-25.md
,010-060,010,060,13- | Spring - Hose & Cable Tender,VMRS_HB_COMPLETE_v20 page 8_pages_1-25.md
,010-061,010,061,13- | Tender - Hose & Cable (Pogo Stick),VMRS_HB_COMPLETE_v20 page 8_pages_1-25.md
,010-062,010,062,13- | Coupler (Dummy) - All Brakes,VMRS_HB_COMPLETE_v20 page 8_pages_1-25.md
,010-066,010,066,13- | Renair Kit - Purge Valve Air Drier,VMRS_HB_COMPLETE_v20 page 8_pages_1-25.md
,010-067,010,067,13- | Repair Kit - Moisture Fiector Air Tank,VMRS_HB_COMPLETE_v20 page 8_pages_1-25.md
,010-068,010,068,"13- | Repair Kit - Relay Valve, Air Brake",VMRS_HB_COMPLETE_v20 page 8_pages_1-25.md
,010-069,010,069,13- | Repair Kit - Single Stage Application Valve,VMRS_HB_COMPLETE_v20 page 8_pages_1-25.md
,010-070,010,070,13- | Plunger & Seal - Tractor Protection Control Valve,VMRS_HB_COMPLETE_v20 page 8_pages_1-25.md
,010-071,010,071,"13- | Seal - Exhaust, Tractor Protection Control Valve",VMRS_HB_COMPLETE_v20 page 8_pages_1-25.md
,010-072,010,072,13- | Handle - Tractor Protection Control Valve,VMRS_HB_COMPLETE_v20 page 8_pages_1-25.md
,010-073,010,073,13- | Safety Valve,VMRS_HB_COMPLETE_v20 page 8_pages_1-25.md
,010-075,010,075,"13- | Diaphragm - Quick Release Valve, Air Brake",VMRS_HB_COMPLETE_v20 page 8_pages_1-25.md
,010-077,010,077,"13- | Gasket - Valve Divider, Hand Control Valve, Air",VMRS_HB_COMPLETE_v20 page 8_pages_1-25.md
,010-078,010,078,13- | Repair Kit - Tractor Protection Control Valve,VMRS_HB_COMPLETE_v20 page 8_pages_1-25.md
,010-079,010,079,"13- | Repair Kit - Air Valve, Hand Control",VMRS_HB_COMPLETE_v20 page 8_pages_1-25.md
,010-083,010,083,13- | Purge Valve - Air Drier,VMRS_HB_COMPLETE_v20 page 8_pages_1-25.md
,010-085,010,085,13- | Bolt - Internal Air Drier,VMRS_HB_COMPLETE_v20 page 8_pages_1-25.md
,010-086,010,086,13- | Retaining Clin - Air Drier Cap Internal,VMRS_HB_COMPLETE_v20 page 8_pages_1-25.md
013-010-089,,013,010,"Repair Kit - Check Valve, Air Drier | 013-010-199 | Pump Valve",VMRS_HB_COMPLETE_v20 page 8_pages_1-25.md
013-010-090,,013,010,"Repair Kit - Check Valve, Air | 013-010-201 | Control Valve - Axle",VMRS_HB_COMPLETE_v20 page 8_pages_1-25.md
013-010-091,,013,010,"Cap - Air Inlet, Relay Valve, Air Brake | 013-010-202 | Fittings - Bulkhead",VMRS_HB_COMPLETE_v20 page 8_pages_1-25.md
013-010-092,,013,010,"Double Check Valve - Spring Loaded, Air | 013-010-203 | Hose - Air Drier",VMRS_HB_COMPLETE_v20 page 8_pages_1-25.md
013-010-093,,013,010,Solenoid Valve - Air | 013-010-204 | Fitting - Air Drier Hose,VMRS_HB_COMPLETE_v20 page 8_pages_1-25.md
013-010-004,,013,010,Mounting Brackot - Quick Poloaso Valvo | 013 010 205 | Wiring Air Drior,VMRS_HB_COMPLETE_v20 page 8_pages_1-25.md
010-010-004,,010,010,Mounting Bracket - Quick Helease Valve | 010-010-200 | Nining - All Dilei,VMRS_HB_COMPLETE_v20 page 8_pages_1-25.md
013-010-097,,013,010,"Chamber - Non-Pressure | 013-010-216 | Coupler (Gladnand) W/Snut-Off Cock - Service,",VMRS_HB_COMPLETE_v20 page 8_pages_1-25.md
013-010-098,,013,010,Pressure Cap - Chamber | | Air Brakes,VMRS_HB_COMPLETE_v20 page 8_pages_1-25.md
013-010-099,,013,010,"Ring - Clamp, Air Brake Chamber | 013-010-217 | Coupler (Gladhand) W/Shut-Off Cock -",VMRS_HB_COMPLETE_v20 page 8_pages_1-25.md
013-010-100,,013,010,"Push Rod Assembly - Air Brake Chamber | | Emergency, Air Brakes",VMRS_HB_COMPLETE_v20 page 8_pages_1-25.md
013-010-101,,013,010,"Tube - Protection, Wedge Chamber | 013-010-221 | Disc - Check Valve, Air",VMRS_HB_COMPLETE_v20 page 8_pages_1-25.md
013-010-102,,013,010,"Boot Assembly, Push Rod - Air Brakes | 013-010-222 | Automatic Proportioning Valve - Rear Axle",VMRS_HB_COMPLETE_v20 page 8_pages_1-25.md
013-010-103,,013,010,"Benair Kit - Belease Valve, Spring Brake | 013-010-226 | Insert - Piston & Valve, Emergency Relay Valve",VMRS_HB_COMPLETE_v20 page 8_pages_1-25.md
013-010-104,,013,010,Combination Valve - Parking & Emergency | 013-010-227 | Spring - Belay Valve,VMRS_HB_COMPLETE_v20 page 8_pages_1-25.md
010-010-101,,010,010,Poloaso | 013-010-228 | Plunger - Belay Valve,VMRS_HB_COMPLETE_v20 page 8_pages_1-25.md
012-010-105,,012,010,Densir Kit Tractor Darking Value | 012 010 220,VMRS_HB_COMPLETE_v20 page 8_pages_1-25.md
013-010-105,,013,010,Repair Kit - Tractor Parking Valve | 013-010-229 | O-Ring - Relay Valve Plunger,VMRS_HB_COMPLETE_v20 page 8_pages_1-25.md
013-010-106,,013,010,Repair Kit - Double Check valve & Stoplamp | 013-010-231 | Bolt - Brake Chamber Cage,VMRS_HB_COMPLETE_v20 page 8_pages_1-25.md
013-010-232,,013,010,Switch | | Nut - Pressure Protection Valve,VMRS_HB_COMPLETE_v20 page 8_pages_1-25.md
013-010-108,,013,010,Repair Kit - Non-Pressure Chamber | 013-010-233 | Fill Valve - Air Tank,VMRS_HB_COMPLETE_v20 page 8_pages_1-25.md
013-010-110,,013,010,"Repair Kit - Combination Valve, Parking & | 013-010-234 | Handle - Cut-Off",VMRS_HB_COMPLETE_v20 page 8_pages_1-25.md
013-010-235,,013,010,Emergency Release | | Swivel - Air Line Coupling,VMRS_HB_COMPLETE_v20 page 8_pages_1-25.md
013-010-111,,013,010,Hand Valve - Trailer Spring Brake Release (On | 013-010-236 | Bracket - Air Line Swivel,VMRS_HB_COMPLETE_v20 page 8_pages_1-25.md
013-010-237,,013,010,Trailer) | | Housing - Air Drier,VMRS_HB_COMPLETE_v20 page 8_pages_1-25.md
013-010-114,,013,010,Control Valve - Manifold | 013-010-241 | Locking Arm - Gland,VMRS_HB_COMPLETE_v20 page 8_pages_1-25.md
012-010-115,,012,010,Control Valvo Manifold W/Quick Balance Valvo | 012 010 242 | Indicator Moisturo/Air,VMRS_HB_COMPLETE_v20 page 8_pages_1-25.md
010-010-110,,010,010,010-010-242,VMRS_HB_COMPLETE_v20 page 8_pages_1-25.md
013-010-116,,013,010,"Control Manifold - W/Double Check Valve & | 013-010-243 | Plunger - Cap, Air Drier",VMRS_HB_COMPLETE_v20 page 8_pages_1-25.md
013-010-244,,013,010,"Pressure Protection Valve | | Chamber - Mounting Section, Service Brake",VMRS_HB_COMPLETE_v20 page 8_pages_1-25.md
013-010-119,,013,010,"Adapter - Regulator Or Governor | 013-010-245 | Chamber - Cover Section, Service Brake",VMRS_HB_COMPLETE_v20 page 8_pages_1-25.md
013-010-120,,013,010,Repair Kit - Control Valve | 013-010-246 | Elbow - Gladhand,VMRS_HB_COMPLETE_v20 page 8_pages_1-25.md
013-010-121,,013,010,Repair Kit - Emergency Relay Valve | 013-010-248 | Chamber Assembly - Spring Brake (Integral To,VMRS_HB_COMPLETE_v20 page 8_pages_1-25.md
013-010-122,,013,010,"Repair Kit - Control Valve, Spring Brake | | Service Brake Chamber)",VMRS_HB_COMPLETE_v20 page 8_pages_1-25.md
013-010-124,,013,010,"Handle - Trailer Control Valve | 013-010-249 | Seal - Chamber, Spring Brake",VMRS_HB_COMPLETE_v20 page 8_pages_1-25.md
013-010-125,,013,010,Plate & Treadle Assembly | 013-010-250 | Belease Assembly - Spring Brake,VMRS_HB_COMPLETE_v20 page 8_pages_1-25.md
013-010-126,,013,010,Brake Holding Valve - Air | 013-010-251 | Spring Brake Assembly,VMRS_HB_COMPLETE_v20 page 8_pages_1-25.md
012-010-120,,012,010,Designant Cartridge Kit Air Drier | 012 010 252 | Air Driar W/Drain Valuas,VMRS_HB_COMPLETE_v20 page 8_pages_1-25.md
013-010-129,,013,010,Desiccant Cannoge Kit - Air Dher | 013-010-252 | Air Drier W/Drain Valves,VMRS_HB_COMPLETE_v20 page 8_pages_1-25.md
013-010-132,,013,010,ree - Anchor Distribution | 013-010-253 | Relay valve - Electrical,VMRS_HB_COMPLETE_v20 page 8_pages_1-25.md
013-010-133,,013,010,Cock - Air Shut-Off | 013-010-254 | Controller - Electronic,VMRS_HB_COMPLETE_v20 page 8_pages_1-25.md
013-010-134,,013,010,"Connector - Hose, Air Power Brakes | 013-010-255 | Cable - Power Source To Controller",VMRS_HB_COMPLETE_v20 page 8_pages_1-25.md
013-010-135,,013,010,"Clamp - Tubing, Air Brake | 013-010-259 | Shaft - Air Drier",VMRS_HB_COMPLETE_v20 page 8_pages_1-25.md
013-010-148,,013,010,"Separator - Lines, Air Brake System | 013-010-260 | Relay - Electrical",VMRS_HB_COMPLETE_v20 page 8_pages_1-25.md
013-010-149,,013,010,"Drain Cock - Air Reservoir | 013-010-261 | Safety Valve - Pop-Off, Air Drier",VMRS_HB_COMPLETE_v20 page 8_pages_1-25.md
013-010-151,,013,010,"Mounting Adapter/Bracket - Relay Or Emergency | 013-010-262 | O-Ring - End Cap, Air Drier",VMRS_HB_COMPLETE_v20 page 8_pages_1-25.md
013-010-263,,013,010,Relay Valve | | O-Ring - Plunger Air Drier,VMRS_HB_COMPLETE_v20 page 8_pages_1-25.md
013-010-152,,013,010,Renair Kit - Limiting & Quick Belease Valve | 013-010-264 | Fitting - Elbow Air Drier,VMRS_HB_COMPLETE_v20 page 8_pages_1-25.md
013-010-153,,013,010,O Ping Ouick Poloaso Valvo Air Brako | 013 010 265 | Poplacoment Kit Desiccant Canister,VMRS_HB_COMPLETE_v20 page 8_pages_1-25.md
010-010-100,,010,010,"O-hing - Quick helease valve, All Diake | 010-010-200 | Replacement Kit - Desiccant, Canister",VMRS_HB_COMPLETE_v20 page 8_pages_1-25.md
013-010-154,,013,010,"Retrollt Kit - Air System | 013-010-200 | Reservoir - Protected, Spring Brake Release",VMRS_HB_COMPLETE_v20 page 8_pages_1-25.md
013-010-155,,013,010,"Bolt - Ring Clamp (Band) | 013-010-267 | Repair Kit - Protected Reservoir, Spring Brake",VMRS_HB_COMPLETE_v20 page 8_pages_1-25.md
013-010-156,,013,010,Nut - Ring Clamp (Band) | 013-010-268 | Combination Valve - Tractor Protection & Parking,VMRS_HB_COMPLETE_v20 page 8_pages_1-25.md
013-010-157,,013,010,"Cylinder - Push-Pull, Air Lock | 013-010-269 | Retaining Bolt - Filter Element",VMRS_HB_COMPLETE_v20 page 8_pages_1-25.md
013-010-159,,013,010,"Dial - Identification Plate, Brake Control Valves, | 013-010-270 | Pressure Protection Valve - Adjustable",VMRS_HB_COMPLETE_v20 page 8_pages_1-25.md
013-010-271,,013,010,"Dash | | Repair Kit - Check Valve, Air Drier",VMRS_HB_COMPLETE_v20 page 8_pages_1-25.md
013-010-161,,013,010,Maintenance Kit - Air Regulator Or Governor | 013-010-272 | Support Bracket - Air Chamber & Camshaft,VMRS_HB_COMPLETE_v20 page 8_pages_1-25.md
013-010-163,,013,010,Double Check Valve - Exhaust | 013-010-273 | Coupling - Frame,VMRS_HB_COMPLETE_v20 page 8_pages_1-25.md
013-010-165,,013,010,Benair Kit - Belay Valve (Batio Type) | 013-010-274 | Stud - Clamping,VMRS_HB_COMPLETE_v20 page 8_pages_1-25.md
012-010-166,,012,010,Popair Kit Soale Polov Valvo | 012 010 275 | Eitting Comprossion Union Air Brako,VMRS_HB_COMPLETE_v20 page 8_pages_1-25.md
012-010-100,,012,010,Denair Kit – Delay Inversion Velve | 010-010-275 | Fitting Male Connector Compression Air Brake,VMRS_HB_COMPLETE_v20 page 8_pages_1-25.md
013-010-107,,013,010,"Repair Kit - Relay Inversion valve | 013-010-270 | Fitting - Male Connector, Compression, All Brake",VMRS_HB_COMPLETE_v20 page 8_pages_1-25.md
013-010-169,,013,010,"Maintenance Kit - Thermostat, Air Drier | 013-010-277 | Fitting - 45 Degree Elbow, Compression, Air",VMRS_HB_COMPLETE_v20 page 8_pages_1-25.md
013-010-171,,013,010,Repair Kit - Manifold Control Valve | | Brake,VMRS_HB_COMPLETE_v20 page 8_pages_1-25.md
013-010-172,,013,010,"Valve Assembly - Inlet & Exhaust | 013-010-278 | Fitting - Male Elbow, Compression, Air Brake",VMRS_HB_COMPLETE_v20 page 8_pages_1-25.md
013-010-173,,013,010,"Repair Kit - Dual Application Valve | 013-010-279 | Nut - Compression, Air Brake",VMRS_HB_COMPLETE_v20 page 8_pages_1-25.md
013-010-176,,013,010,"Repair Kit - Air Drier | 013-010-280 | Insert - Tubing To Compression Nut, Air Brake",VMRS_HB_COMPLETE_v20 page 8_pages_1-25.md
013-010-177,,013,010,Maintenance Kit - End Cap. Air Drier | 013-010-281 | Sleeve - Compression. Air Brake,VMRS_HB_COMPLETE_v20 page 8_pages_1-25.md
013-010-191,,013,010,Tender (Includes Suspender & Separator) - Air | 013-010-282 | Line - Pre-Assembled W/Fittings Air,VMRS_HB_COMPLETE_v20 page 8_pages_1-25.md
013-010-283,,013,010,0.0 010 101 | Brake Lines (One Piece) | | Line - Coiled Air,VMRS_HB_COMPLETE_v20 page 8_pages_1-25.md
010-010-192,,010,010,"Drain Valve - Manual Pull Type | 010-010-200 | Tubing - Nyion, Ali Diake",VMRS_HB_COMPLETE_v20 page 8_pages_1-25.md
013-010-193,,013,010,Drain valve - Automatic | 013-010-286 | Inermostat - Air Drier,VMRS_HB_COMPLETE_v20 page 8_pages_1-25.md
013-010-194,,013,010,"Switch - Low Air Pressure | 013-010-287 | Fitting - Tee, Compression, Air Line",VMRS_HB_COMPLETE_v20 page 8_pages_1-25.md
013-010-195,,013,010,Block - Air Manifold | 013-010-288 | Mounting Bracket - Relay Valve,VMRS_HB_COMPLETE_v20 page 8_pages_1-25.md
013-010-197,,013,010,"Bracket - Spring, Low Pressure Switch | 013-010-289 | Guide - Spring, Check Valve, Air Drier",VMRS_HB_COMPLETE_v20 page 8_pages_1-25.md
013-010-198,,013,010,Toggle Control Valve | 013-010-290 | Purge Valve Assembly - Air Drier,VMRS_HB_COMPLETE_v20 page 8_pages_1-25.md
013-010-291,,013,010,Retaining Cable (Strap) - Air Tank,VMRS_HB_COMPLETE_v20 page 8_pages_1-25.md
013-010-293,,013,010,Maintenance Kit - Thermostat Cover,VMRS_HB_COMPLETE_v20 page 8_pages_1-25.md
013-010-294,,013,010,"Fitting - Union, Compression (Nylon Lines), Air",VMRS_HB_COMPLETE_v20 page 8_pages_1-25.md
010-010-005,,010,010,Eitting Male Connector Compression (Nules,VMRS_HB_COMPLETE_v20 page 8_pages_1-25.md
013-010-295,,013,010,"Filling - Male Connector, Compression (Nylon",VMRS_HB_COMPLETE_v20 page 8_pages_1-25.md
013-010-296,,013,010,"Fitting - Female Connector, Compression, Air",VMRS_HB_COMPLETE_v20 page 8_pages_1-25.md
012-010-207,,012,010,Eitting 45 Degree Elbow Compression (Nylon,VMRS_HB_COMPLETE_v20 page 8_pages_1-25.md
013-010-297,,013,010,"Fitting - 45 Degree Elbow, Compression (Nylon",VMRS_HB_COMPLETE_v20 page 8_pages_1-25.md
013-010-298,,013,010,"Fitting - Male Elbow, Compression (Nylon Lines),",VMRS_HB_COMPLETE_v20 page 8_pages_1-25.md
013-010-299,,013,010,Fitting - Female Elbow Compression Air Brake,VMRS_HB_COMPLETE_v20 page 8_pages_1-25.md
012-010-200,,012,010,Nut Eittinge (Nylen Lines) Air Brake,VMRS_HB_COMPLETE_v20 page 8_pages_1-25.md
013-010-300,,013,010,"Nut - Fittings (Nyion Lines), Ali Diake",VMRS_HB_COMPLETE_v20 page 8_pages_1-25.md
013-010-301,,013,010,"Sleeve - Nylon Lines, Air Brake",VMRS_HB_COMPLETE_v20 page 8_pages_1-25.md
013-010-302,,013,010,"Fitting - Tee-Thread Branch, Compression, Air",VMRS_HB_COMPLETE_v20 page 8_pages_1-25.md
013-010-303,,013,010,"Fitting - Tee-Thread Run, Compression, Air Line",VMRS_HB_COMPLETE_v20 page 8_pages_1-25.md
012-010-204,,012,010,Fitting Too Line Branch Compression Air Line,VMRS_HB_COMPLETE_v20 page 8_pages_1-25.md
013-010-304,,013,010,"Filling - Tee-Line Branch, Compression, All Line",VMRS_HB_COMPLETE_v20 page 8_pages_1-25.md
013-010-305,,013,010,"Fitting - Tee-Thread Branch, Compression (Nylon",VMRS_HB_COMPLETE_v20 page 8_pages_1-25.md
013-010-306,,013,010,"Fitting - Elbow-Ends Tube, Compression, Air",VMRS_HB_COMPLETE_v20 page 8_pages_1-25.md
013-010-308,,013,010,"Fitting - Pipe Elbow, Brass",VMRS_HB_COMPLETE_v20 page 8_pages_1-25.md
013-010-309,,013,010,"Fitting - Tee, Brass, Service",VMRS_HB_COMPLETE_v20 page 8_pages_1-25.md
013-010-310,,013,010,"Cross - Pipe, Brass",VMRS_HB_COMPLETE_v20 page 8_pages_1-25.md
013-010-311,,013,010,Coupling - Pipe Brass,VMRS_HB_COMPLETE_v20 page 8_pages_1-25.md
010-010-010,,010,010,Ningla Dina Class Bross,VMRS_HB_COMPLETE_v20 page 8_pages_1-25.md
013-010-312,,013,010,"Nipple - Pipe, Close, Brass",VMRS_HB_COMPLETE_v20 page 8_pages_1-25.md
013-010-313,,013,010,"Nipple - Pipe, Hex, Brass",VMRS_HB_COMPLETE_v20 page 8_pages_1-25.md
013-010-314,,013,010,"Plug - Hex Head, Brass",VMRS_HB_COMPLETE_v20 page 8_pages_1-25.md
013-010-315,,013,010,Lock - Hex Nut. Brass,VMRS_HB_COMPLETE_v20 page 8_pages_1-25.md
013-010-316,,013,010,Bushing - Reduction Brass,VMRS_HB_COMPLETE_v20 page 8_pages_1-25.md
010-010-017,,010,010,"Dusining - Reduction, Drass",VMRS_HB_COMPLETE_v20 page 8_pages_1-25.md
013-010-317,,013,010,"Coupling - Reduction, Brass",VMRS_HB_COMPLETE_v20 page 8_pages_1-25.md
013-010-318,,013,010,"Adapter - Reduction, Brass",VMRS_HB_COMPLETE_v20 page 8_pages_1-25.md
013-010-319,,013,010,"Nipple - Reduction, Hex, Brass",VMRS_HB_COMPLETE_v20 page 8_pages_1-25.md
013-010-320,,013,010,Nipple - Pipe Brass,VMRS_HB_COMPLETE_v20 page 8_pages_1-25.md
013-010-321,,013,010,IL-Bolt - Support Air Tank,VMRS_HB_COMPLETE_v20 page 8_pages_1-25.md
010-010-021,,010,010,Citting Female Connector Compression (Nuler,VMRS_HB_COMPLETE_v20 page 8_pages_1-25.md
013-010-322,,013,010,"Filling - Female Connector, Compression (Nylon",VMRS_HB_COMPLETE_v20 page 8_pages_1-25.md
013-010-323,,013,010,"Fitting - Female Elbow, Compression (Nylon",VMRS_HB_COMPLETE_v20 page 8_pages_1-25.md
013-010-324,,013,010,"Eitting - Tee-Thread Pun, Compression, (Nylon",VMRS_HB_COMPLETE_v20 page 8_pages_1-25.md
010-010-024,,010,010,Lines) Air Broke,VMRS_HB_COMPLETE_v20 page 8_pages_1-25.md
013-010-325,,013,010,"Fitting - Tee, Compression (Nylon Lines), Air",VMRS_HB_COMPLETE_v20 page 8_pages_1-25.md
013-010-326,,013,010,"Fitting - Elbow-Ends Tube, Compression (Nvlon",VMRS_HB_COMPLETE_v20 page 8_pages_1-25.md
013-010-328,,013,010,Battle - Air Drier,VMRS_HB_COMPLETE_v20 page 8_pages_1-25.md
013-010-329,,013,010,Support Ring & Exit Tube - Air Drier,VMRS_HB_COMPLETE_v20 page 8_pages_1-25.md
013-010-330,,013,010,Spring - Air Drier,VMRS_HB_COMPLETE_v20 page 8_pages_1-25.md
013-010-331,,013,010,"Plate - Strainer, Air Drier",VMRS_HB_COMPLETE_v20 page 8_pages_1-25.md
013-010-332,,013,010,Filter Material - Strainer Air Drier,VMRS_HB_COMPLETE_v20 page 8_pages_1-25.md
010-010-002,,010,010,,VMRS_HB_COMPLETE_v20 page 8_pages_1-25.md
013-010-333,,013,010,"Nut - Alr Drier, Lower",VMRS_HB_COMPLETE_v20 page 8_pages_1-25.md
013-010-334,,013,010,Yoke Assembly - Spring Brake,VMRS_HB_COMPLETE_v20 page 8_pages_1-25.md
013-010-335,,013,010,Repair Kit - Air Line,VMRS_HB_COMPLETE_v20 page 8_pages_1-25.md
013-010-337,,013,010,"Cover - Hand Brake, Trailer",VMRS_HB_COMPLETE_v20 page 8_pages_1-25.md
013-010-338,,013,010,Ponair Kit Troadlo Valvo,VMRS_HB_COMPLETE_v20 page 8_pages_1-25.md
010-010-000,,010,010,Olin Cladband,VMRS_HB_COMPLETE_v20 page 8_pages_1-25.md
013-010-339,,013,010,Ciip - Giadnand,VMRS_HB_COMPLETE_v20 page 8_pages_1-25.md
013-010-340,,013,010,Clamp - Brake Chamber,VMRS_HB_COMPLETE_v20 page 8_pages_1-25.md
013-010-341,,013,010,Stud - Brake Chamber,VMRS_HB_COMPLETE_v20 page 8_pages_1-25.md
013-010-342,,013,010,Retaining Clip - Air Brake Chamber,VMRS_HB_COMPLETE_v20 page 8_pages_1-25.md
,013-010,013,010,-3/3 | Filter - Pressure Protection Valve,VMRS_HB_COMPLETE_v20 page 8_pages_1-25.md
010-010-040,,010,010,After Cooler Accomply Air Drok-,VMRS_HB_COMPLETE_v20 page 8_pages_1-25.md
013-010-344,,013,010,Alter-Cooler Assembly - All Brake,VMRS_HB_COMPLETE_v20 page 8_pages_1-25.md
013-010-345,,013,010,Mounting Bracket - Hand Control Air Valve,VMRS_HB_COMPLETE_v20 page 8_pages_1-25.md
013-010-346,,013,010,"Clamp - Air Drier, Air Brake",VMRS_HB_COMPLETE_v20 page 8_pages_1-25.md
013-010-347,,013,010,Clip - Coupler (Gladhand),VMRS_HB_COMPLETE_v20 page 8_pages_1-25.md
013-010-349,,013,010,Cover - Air Brake Chamber,VMRS_HB_COMPLETE_v20 page 8_pages_1-25.md
013-010-350,,013,010,"Hiter Assembly - In-Line, Air Brake",VMRS_HB_COMPLETE_v20 page 8_pages_1-25.md
013-010-352,,013,010,"Handle - Control Valve, Air Brake",VMRS_HB_COMPLETE_v20 page 8_pages_1-25.md
013-010-353,,013,010,"Heater - Air Drier, Air Brake",VMRS_HB_COMPLETE_v20 page 8_pages_1-25.md
013-010-354,,013,010,r | | Housing - Air Brake Chamber,VMRS_HB_COMPLETE_v20 page 8_pages_1-25.md
013-010-355,,013,010,Repair Kit - Coupler (Gladhand) W/Quick,VMRS_HB_COMPLETE_v20 page 8_pages_1-25.md
013-010-356,,013,010,Repair Kit - In-Line Filter Air Brake,VMRS_HB_COMPLETE_v20 page 8_pages_1-25.md
013-010-357,,013,010,Penair Kit - Regulator Or Governor,VMRS_HB_COMPLETE_v20 page 8_pages_1-25.md
012-010-259,,012,010,Popair Kit Inversion Valve,VMRS_HB_COMPLETE_v20 page 8_pages_1-25.md
013-010-360,,013,010,` | | Repair Kit - Synchronizing Valve,VMRS_HB_COMPLETE_v20 page 8_pages_1-25.md
013-010-361,,013,010,"es), | | Repair Kit - Air Conversion valve",VMRS_HB_COMPLETE_v20 page 8_pages_1-25.md
013-010-362,,013,010,"Drain Valve - Air Drier, Air Brake",VMRS_HB_COMPLETE_v20 page 8_pages_1-25.md
013-010-363,,013,010,e | | Inversion Valve - Air Brake,VMRS_HB_COMPLETE_v20 page 8_pages_1-25.md
013-010-364,,013,010,Full Function Valve - Trailer,VMRS_HB_COMPLETE_v20 page 8_pages_1-25.md
013-010-365,,013,010,"Bracket - Valve, Tank Pressure Control",VMRS_HB_COMPLETE_v20 page 8_pages_1-25.md
013-010-368,,013,010,Bracket - Drain Valve Cable,VMRS_HB_COMPLETE_v20 page 8_pages_1-25.md
013-010-369,,013,010,"Hardware, Mounting - Tractor Protection Control",VMRS_HB_COMPLETE_v20 page 8_pages_1-25.md
013-010-370,,013,010,"ne | | Bracket, Parking Valve - Air Hand Brake",VMRS_HB_COMPLETE_v20 page 8_pages_1-25.md
013-010-371,,013,010,/lon | | Bracket - Limiter Valve,VMRS_HB_COMPLETE_v20 page 8_pages_1-25.md
013-010-372,,013,010,"Hardware, Mounting - Limiter Valve",VMRS_HB_COMPLETE_v20 page 8_pages_1-25.md
013-010-373,,013,010,"Hardware, Mounting - Air Brake Relay Valve",VMRS_HB_COMPLETE_v20 page 8_pages_1-25.md
013-010-374,,013,010,"Hardware, Mounting - Air Brake Quick Release",VMRS_HB_COMPLETE_v20 page 8_pages_1-25.md
013-010-375,,013,010,Clamp - Hose & Cable Tender,VMRS_HB_COMPLETE_v20 page 8_pages_1-25.md
013-010-376,,013,010,Cable - Air Tank Drain Valve,VMRS_HB_COMPLETE_v20 page 8_pages_1-25.md
013-010-377,,013,010,Hardware Mounting - Air Drier,VMRS_HB_COMPLETE_v20 page 8_pages_1-25.md
013-010-378,,013,010,Bracket - Tractor Protection Control Valve,VMRS_HB_COMPLETE_v20 page 8_pages_1-25.md
013-010-379,,013,010,Eiting Airling Tractor Protection Control Valve,VMRS_HB_COMPLETE_v20 page 8_pages_1-25.md
010-010-001,,010,010,"Hardware, Mounting - Tender, Hose & Cable",VMRS_HB_COMPLETE_v20 page 8_pages_1-25.md
013-010-383,,013,010,"Hardware, Mounting - Hand Brake Parking Valve",VMRS_HB_COMPLETE_v20 page 8_pages_1-25.md
013-010-384,,013,010,"Hardware, Mounting - Air, Hand Control Valve",VMRS_HB_COMPLETE_v20 page 8_pages_1-25.md
013-010-385,,013,010,"Hardware, Mounting - Alcohol Evaporator",VMRS_HB_COMPLETE_v20 page 8_pages_1-25.md
013-010-386,,013,010,"Hardware, Mounting - Air Brake Modulator Valve",VMRS_HB_COMPLETE_v20 page 8_pages_1-25.md
013-010-387,,013,010,Assembly - Air Management Unit,VMRS_HB_COMPLETE_v20 page 8_pages_1-25.md
013-010-388,,013,010,"Line, Air - Air Management Unit",VMRS_HB_COMPLETE_v20 page 8_pages_1-25.md
013-010-389,,013,010,on | | Module - Air Management Unit,VMRS_HB_COMPLETE_v20 page 8_pages_1-25.md
013-010-390,,013,010,Bracket - Air Management Unit,VMRS_HB_COMPLETE_v20 page 8_pages_1-25.md
013-010-391,,013,010,Connector - Air Management Unit,VMRS_HB_COMPLETE_v20 page 8_pages_1-25.md
013-010-392,,013,010,Switch - Air Management Unit,VMRS_HB_COMPLETE_v20 page 8_pages_1-25.md
013-010-393,,013,010,n | | Seal - Air Management Unit,VMRS_HB_COMPLETE_v20 page 8_pages_1-25.md
013-010-394,,013,010,Solenoid - Air Management Unit,VMRS_HB_COMPLETE_v20 page 8_pages_1-25.md
013-010-395,,013,010,Fitting - Air Management Unit,VMRS_HB_COMPLETE_v20 page 8_pages_1-25.md
013-010-396,,013,010,Hardware Mounting - Air Management Unit,VMRS_HB_COMPLETE_v20 page 8_pages_1-25.md
013-010-397,,013,010,on | | Clip - Air Management Unit,VMRS_HB_COMPLETE_v20 page 8_pages_1-25.md
013-010-400,,013,010,Reversing Valve - Air Brake System,VMRS_HB_COMPLETE_v20 page 8_pages_1-25.md
013-010-401,,013,010,Sensor - Pressure Air Brake System,VMRS_HB_COMPLETE_v20 page 8_pages_1-25.md
013-010-402,,013,010,Shield Splach Air Drior,VMRS_HB_COMPLETE_v20 page 8_pages_1-25.md
012-010-404,,012,010,Buzzor Air Brake,VMRS_HB_COMPLETE_v20 page 8_pages_1-25.md
010-010-404,,010,010,Duzzer - All Drake,VMRS_HB_COMPLETE_v20 page 8_pages_1-25.md
013-010-405,,013,010,"Bracket - Drain Valve, All' Tank",VMRS_HB_COMPLETE_v20 page 8_pages_1-25.md
013-010-406,,013,010,valve - Trailer Air Supply,VMRS_HB_COMPLETE_v20 page 8_pages_1-25.md
013-010-407,,013,010,Cover - Tractor Protection Control Valve,VMRS_HB_COMPLETE_v20 page 8_pages_1-25.md
013-010-408,,013,010,"Bracket - Valve, Trailer Air Supply",VMRS_HB_COMPLETE_v20 page 8_pages_1-25.md
013-010-409,,013,010,"Mounting Bracket - Holder, Gladhand",VMRS_HB_COMPLETE_v20 page 8_pages_1-25.md
013-010-410,,013,010,"Connector - Air Outlet, Auxiliary",VMRS_HB_COMPLETE_v20 page 8_pages_1-25.md
013-010-411,,013,010,Foot Valve - Pedal Assembly,VMRS_HB_COMPLETE_v20 page 8_pages_1-25.md
013-010-412,,013,010,Gasket - Application Valve,VMRS_HB_COMPLETE_v20 page 8_pages_1-25.md
013-010-413,,013,010,"Roller - Plunger, Brake Valve",VMRS_HB_COMPLETE_v20 page 8_pages_1-25.md
013-010-414,,013,010,"Cover - Valve, Parking Brake",VMRS_HB_COMPLETE_v20 page 8_pages_1-25.md
013-010-415,,013,010,"Wiring - Hand Control Valve, Hydraulic",VMRS_HB_COMPLETE_v20 page 8_pages_1-25.md
013-010-416,,013,010,Slide Bar - Trailer Connections,VMRS_HB_COMPLETE_v20 page 8_pages_1-25.md
013-010-417,,013,010,"Cover - Spring, Trailer Connections",VMRS_HB_COMPLETE_v20 page 8_pages_1-25.md
013-010-418,,013,010,"Cap -Top, Air Drier",VMRS_HB_COMPLETE_v20 page 8_pages_1-25.md
013-010-419,,013,010,"Cap - Bottom, Air Drier",VMRS_HB_COMPLETE_v20 page 8_pages_1-25.md
013-010-420,,013,010,"Silencer - Purge Valve, Air Drier",VMRS_HB_COMPLETE_v20 page 8_pages_1-25.md
013-010-421,,013,010,Module - Continuous Flow Air Drier,VMRS_HB_COMPLETE_v20 page 8_pages_1-25.md
013-010-422,,013,010,"Ring - Packing, Gladhand, Trailer Hose | 013-010-490 | Line - Coiled, Air (Rubber)",VMRS_HB_COMPLETE_v20 page 8_pages_1-25.md
013-010-423,,013,010,"Plate - Connector, Gladhand, Trailer Hose | 013-010-491 | Isolator - Slide Bar, Trailer Air Hose",VMRS_HB_COMPLETE_v20 page 8_pages_1-25.md
013-010-424,,013,010,"Sleeve - Hose, Trailer | 013-010-492 | Plug - Port, Air Hose Connection",VMRS_HB_COMPLETE_v20 page 8_pages_1-25.md
013-010-425,,013,010,Valve - Air Ejector | 013-010-493 | Bracket - Air Manifold,VMRS_HB_COMPLETE_v20 page 8_pages_1-25.md
013-010-426,,013,010,"Valve - Charger, Air Tank | 013-010-494 | Pad - Bracket, Air Manifold",VMRS_HB_COMPLETE_v20 page 8_pages_1-25.md
013-010-427,,013,010,Cap - Valve Air Tank Charger | 013-010-495 | Tank - Purge Air Drier,VMRS_HB_COMPLETE_v20 page 8_pages_1-25.md
013-010-428,,013,010,Clin - Switch Low Air Pressure | 013-010-496 | Valve - Modulating Spring Brake,VMRS_HB_COMPLETE_v20 page 8_pages_1-25.md
012-010-420,,012,010,Gaskat Switch Low Air Pressure | 012 010 407 | Fitting Air Manifold,VMRS_HB_COMPLETE_v20 page 8_pages_1-25.md
013-010-429,,013,010,"Casket - Switch, LOw All Flessure | 013-010-497 | Fitting - All Malillou",VMRS_HB_COMPLETE_v20 page 8_pages_1-25.md
013-010-430,,013,010,"Gasket - Brake Valve | 013-010-498 | Kit - Colled Air Line, Service/Emergency",VMRS_HB_COMPLETE_v20 page 8_pages_1-25.md
013-010-431,,013,010,"Gasket - Valve, Parking Brake | 013-010-499 | LOCK - AIr Brake",VMRS_HB_COMPLETE_v20 page 8_pages_1-25.md
013-010-432,,013,010,"Latch - Brake Release, Hand Valve | 013-010-500 | Hose - Three-In-One",VMRS_HB_COMPLETE_v20 page 8_pages_1-25.md
013-010-433,,013,010,"Plug - Hole, Hand Valve | 013-010-501 | Gauge - Air Drier",VMRS_HB_COMPLETE_v20 page 8_pages_1-25.md
013-010-434,,013,010,"Valve - Regeneration, Air Drier | 013-010-502 | Line - Air, Compressor to Air Governor",VMRS_HB_COMPLETE_v20 page 8_pages_1-25.md
013-010-435,,013,010,"Wiring - Air Drier | 013-010-503 | Hose - Air, Trailer Connect",VMRS_HB_COMPLETE_v20 page 8_pages_1-25.md
013-010-436,,013,010,"Guard - Splash, Air Drier | 013-010-504 | Clip - Support, Trailer Connect Air Hose",VMRS_HB_COMPLETE_v20 page 8_pages_1-25.md
013-010-437,,013,010,"Spacer - Air Tank Bracket | 013-010-505 | Cap - Adjustment, Caliper",VMRS_HB_COMPLETE_v20 page 8_pages_1-25.md
013-010-438,,013,010,"Backing Plate - Holder, Gladhand | 013-010-506 | Spring Fitting",VMRS_HB_COMPLETE_v20 page 8_pages_1-25.md
013-010-439,,013,010,Valve - Turbocharger Protection. Air Drier | 013-010-507 | Booster - Air. Brake,VMRS_HB_COMPLETE_v20 page 8_pages_1-25.md
013-010-440,,013,010,Shield - Air Drier | 013-010-508 | Valve - Dump Air Brake,VMRS_HB_COMPLETE_v20 page 8_pages_1-25.md
013-010-441,,013,010,Harness - Air Parking Brake Cab | 013-010-509 | Valve - Deep Reduction Air Brake,VMRS_HB_COMPLETE_v20 page 8_pages_1-25.md
013-010-442,,013,010,"Foon Valvo Air Drior | 013 010 510 | Valve - Deep Heddellon, All Diake",VMRS_HB_COMPLETE_v20 page 8_pages_1-25.md
010-010-442,,010,010,Longer Air Llose Trailer Connect | 010-010-010 | Valve - All Diake,VMRS_HB_COMPLETE_v20 page 8_pages_1-25.md
013-010-443,,013,010,"Hanger - Air Hose, Trailer Connect | 013-010-511 | Hose - Four-In-One",VMRS_HB_COMPLETE_v20 page 8_pages_1-25.md
013-010-444,,013,010,"Slide Bar - Hanger, Traller Air Hose | 013-010-512 | Clip - Hose & Cable Tender",VMRS_HB_COMPLETE_v20 page 8_pages_1-25.md
013-010-445,,013,010,"Bracket - Hanger, Trailer Connect | 013-010-513 | Decal - Release Valve, Spring Brake, Dash,",VMRS_HB_COMPLETE_v20 page 8_pages_1-25.md
013-010-446,,013,010,"Clamp - Hanger, Trailer Connect | | Power Unit",VMRS_HB_COMPLETE_v20 page 8_pages_1-25.md
013-010-447,,013,010,"Spring - Hanger, Trailer Connect | 013-010-514 | Coupling Head - Dual Circuit Line",VMRS_HB_COMPLETE_v20 page 8_pages_1-25.md
013-010-448,,013,010,"Coupler - Air Hose, Gladhand (Hosetenna) | 013-010-515 | Valve - Spitter, Heated, Air Brake",VMRS_HB_COMPLETE_v20 page 8_pages_1-25.md
013-010-449,,013,010,"Bolt - Coupler, Gladhand | 013-010-516 | Isolator - Vibration, Air Tank Mounting",VMRS_HB_COMPLETE_v20 page 8_pages_1-25.md
013-010-450,,013,010,Seal - Gladhand | 013-010-517 | Kit - Fittings,VMRS_HB_COMPLETE_v20 page 8_pages_1-25.md
013-010-451,,013,010,Condenser/Separator - Air Brake System | 013-010-518 | Connector - Electrical Heating Element Air Drier,VMRS_HB_COMPLETE_v20 page 8_pages_1-25.md
013-010-452,,013,010,"Drain Valve - Automatic, Condenser/Separator | 013-010-519 | Gasket - Tractor Protection Control Valve",VMRS_HB_COMPLETE_v20 page 8_pages_1-25.md
013-010-453,,013,010,Bracket - Adapter Foot Valve | 013-010-520 | Labels - Solenoid Valve,VMRS_HB_COMPLETE_v20 page 8_pages_1-25.md
012-010-454,,012,010,Holder Hose End Gladband | 012 010 521 | Cable Tonsioner Mechanism Air Electrical,VMRS_HB_COMPLETE_v20 page 8_pages_1-25.md
010-010-454,,010,010,"Nouel - Hose Ella, Glaunana | 013-010-521",VMRS_HB_COMPLETE_v20 page 8_pages_1-25.md
013-010-455,,013,010,"Plug - Button, Air Maniloid | 010 010 500 | Lines, Tractor to Trailer",VMRS_HB_COMPLETE_v20 page 8_pages_1-25.md
013-010-456,,013,010,"Bracket - Inversion Valve, Air Brake | 013-010-522 | Pressure Plate - Alr Brake Chamber",VMRS_HB_COMPLETE_v20 page 8_pages_1-25.md
013-010-457,,013,010,"Backing Plate - Slide Bar, Trailer Air Hose | 013-010-523 | Valve - Interlock",VMRS_HB_COMPLETE_v20 page 8_pages_1-25.md
013-010-458,,013,010,"Harness - Sensor, Stroke, Air Brake Chamber | 013-010-524 | Connector - Electrical, Pressure Sensor",VMRS_HB_COMPLETE_v20 page 8_pages_1-25.md
013-010-459,,013,010,"Sensor - Stroke, Air Brake Chamber | 013-010-525 | Gladhand - Universal",VMRS_HB_COMPLETE_v20 page 8_pages_1-25.md
013-010-460,,013,010,"Cable - Chassis Communication Module, Air | 013-010-526 | Hardware, Mounting - Air Tank",VMRS_HB_COMPLETE_v20 page 8_pages_1-25.md
013-011-000,,013,011,"Brake Chamber | | ABS, Anti-Lock System",VMRS_HB_COMPLETE_v20 page 8_pages_1-25.md
013-010-461,,013,010,Chassis Communication Module - Air Brake | 013-011-001 | Rotor - Slotted,VMRS_HB_COMPLETE_v20 page 8_pages_1-25.md
013-011-002,,013,011,Chamber | | Sensor - Wheel Speed,VMRS_HB_COMPLETE_v20 page 8_pages_1-25.md
013-010-462,,013,010,Harness - Pressure Transducer Air Brake | 013-011-003 | Bracket - Sensor Wheel Sneed,VMRS_HB_COMPLETE_v20 page 8_pages_1-25.md
010-010-402,,010,010,Chambor | 013 011 004 | Cable Wheel To Controllor Sonsor,VMRS_HB_COMPLETE_v20 page 8_pages_1-25.md
012-010-462,,012,010,013-011-004 | Dad Canaer Wheel Cheed,VMRS_HB_COMPLETE_v20 page 8_pages_1-25.md
013-010-403,,013,010,"Grip (Handle) - Gladhand | 010-011-000 | Pad - Sensor, wheel Speed",VMRS_HB_COMPLETE_v20 page 8_pages_1-25.md
013-010-464,,013,010,"Lock - Gladnand | 013-011-006 | valve - Hydraulic, ABS System",VMRS_HB_COMPLETE_v20 page 8_pages_1-25.md
013-010-465,,013,010,"Cover - Piston, Air Drier | 013-011-007 | Bracket - Hydraulic Valve, ABS System",VMRS_HB_COMPLETE_v20 page 8_pages_1-25.md
013-010-466,,013,010,"Cover - Solenoid, Air Drier | 013-011-008 | Sleeve - Clamping, Antilock Sensor",VMRS_HB_COMPLETE_v20 page 8_pages_1-25.md
013-010-467,,013,010,"Solenoid & Armature - Air Drier | 013-011-018 | Cable - ABS, Coiled",VMRS_HB_COMPLETE_v20 page 8_pages_1-25.md
013-010-468,,013,010,"Transducer - Pressure, Air Brake Chamber | 013-011-019 | Repair Kit - ABS System",VMRS_HB_COMPLETE_v20 page 8_pages_1-25.md
013-010-469,,013,010,"Check Valve - Pressure, Air Tank | 013-011-066 | Relay - Electrical, Antilock",VMRS_HB_COMPLETE_v20 page 8_pages_1-25.md
013-010-470,,013,010,"Wiring Harness - Air Tank Drain | 013-011-067 | Spring Clip - Sensor, Wheel Speed",VMRS_HB_COMPLETE_v20 page 8_pages_1-25.md
013-010-471,,013,010,"Mounting Stud - Cartridge, Air Drier | 013-011-068 | Relay Valve - Modulator, Antilock Brakes",VMRS_HB_COMPLETE_v20 page 8_pages_1-25.md
013-010-472,,013,010,Bracket - Cutout Cock | 013-011-069 | Controller/ECM - Electronic Antilock,VMRS_HB_COMPLETE_v20 page 8_pages_1-25.md
013-010-473,,013,010,Bypass Valve - Air Drier | 013-011-070 | Cable - Power Source To Controller Antilock,VMRS_HB_COMPLETE_v20 page 8_pages_1-25.md
012-010-475,,012,010,Delay Automatia Drain Valva | 012 011 072 | Controller/Madulator Value Accombly Antilook,VMRS_HB_COMPLETE_v20 page 8_pages_1-25.md
010-010-475,,010,010,Relay - Automatic Dialit Valve | 010-011-072 | Controller/Modulator Valve Assembly - Antilock,VMRS_HB_COMPLETE_v20 page 8_pages_1-25.md
013-010-476,,013,010,"Proportioning valve - Bobtall | 013-011-073 | Sensor - Speed, Steering Axie, In-Hub",VMRS_HB_COMPLETE_v20 page 8_pages_1-25.md
013-010-477,,013,010,"Flipper Valve | 013-011-074 | Sensor - Speed, Driven Axle, In-Hub",VMRS_HB_COMPLETE_v20 page 8_pages_1-25.md
013-010-478,,013,010,Kit - Flipper Valve | 013-011-075 | Modulator Valve - Air Brake Assembly,VMRS_HB_COMPLETE_v20 page 8_pages_1-25.md
013-010-479,,013,010,Nameplate - Air Valve | 013-011-076 | Electronic Control Unit (ECU) - Antilock Brakes,VMRS_HB_COMPLETE_v20 page 8_pages_1-25.md
013-010-480,,013,010,Repair Kit - Foot Valve | 013-011-077 | Traction Control Valve (TCV) - Antilock Brakes,VMRS_HB_COMPLETE_v20 page 8_pages_1-25.md
013-010-481,,013,010,"Repair Kit - Manifold Dash Valve | 013-011-078 | Switches - Relay, Electrical",VMRS_HB_COMPLETE_v20 page 8_pages_1-25.md
013-010-482,,013,010,"Repair Kit - Turbo Cut-Off, Air Drier | 013-011-079 | Indicator Lamp - ABS Error, Dash Mounted",VMRS_HB_COMPLETE_v20 page 8_pages_1-25.md
013-010-483,,013,010,"Retainer - Desiccant, Air Drier | 013-011-080 | Connector - Electrical, Speed Sensor",VMRS_HB_COMPLETE_v20 page 8_pages_1-25.md
013-010-484,,013,010,Unloader Valve - Air Drier | 013-011-081 | Connector - Electrical Test Port,VMRS_HB_COMPLETE_v20 page 8_pages_1-25.md
013-010-485,,013,010,Valve Pack - Air Drier | 013-011-082 | Wiring Harness (Lead) - In-Hub Speed Sepsor,VMRS_HB_COMPLETE_v20 page 8_pages_1-25.md
010-011-002,,010,011,013_010_400 | Panair Kit - Condenser/Sonarator | | To Sensor Connector,VMRS_HB_COMPLETE_v20 page 8_pages_1-25.md
012-010-407,,012,010,012 011 000 | Wiring Harpoon (Load) In Ayle Gread Correct,VMRS_HB_COMPLETE_v20 page 8_pages_1-25.md
010-010-487,,010,010,013-011-083 | winning mariness (Leau) - In-Axie Speed Sensor,VMRS_HB_COMPLETE_v20 page 8_pages_1-25.md
013-010-488,,013,010,Trailer Brake-A-way Kit | 010 011 001 | IO Sensor Connector,VMRS_HB_COMPLETE_v20 page 8_pages_1-25.md
013-010-489,,013,010,"Bracket - Sliencer, Air Driër | 013-011-084 | wining Harness (Lead) - Sensor Connector To",VMRS_HB_COMPLETE_v20 page 8_pages_1-25.md
013-011-085,,013,011,Wiring Harness (Lead) - Modulator Valve To | 01,VMRS_HB_COMPLETE_v20 page 8_pages_1-25.md
013-011-088,,013,011,Mounting Bracket - Antilock Brake ECU | 01,VMRS_HB_COMPLETE_v20 page 8_pages_1-25.md
013-011-089,,013,011,Bushing - Sensor Mounting | 01,VMRS_HB_COMPLETE_v20 page 8_pages_1-25.md
013-011-091,,013,011,"Cable - Options, Controller | 01",VMRS_HB_COMPLETE_v20 page 8_pages_1-25.md
013-011-092,,013,011,Clin - Sensor | 01,VMRS_HB_COMPLETE_v20 page 8_pages_1-25.md
013-011-094,,013,011,Exciter Tone Ring - ABS | 01,VMRS_HB_COMPLETE_v20 page 8_pages_1-25.md
013-011-095,,013,011,Fuse Kit - Antilock Brake ECU,VMRS_HB_COMPLETE_v20 page 8_pages_1-25.md
013-011-096,,013,011,"Wiring Harness, ECU - Antilock Brakes | 01",VMRS_HB_COMPLETE_v20 page 8_pages_1-25.md
013-011-097,,013,011,Housing - Power Cable | 01,VMRS_HB_COMPLETE_v20 page 8_pages_1-25.md
013-011-098,,013,011,Loom Assembly - Power Cable | 01,VMRS_HB_COMPLETE_v20 page 8_pages_1-25.md
013-011-099,,013,011,"Mounting Kit - Relay, Antilock Brake ECU | 01",VMRS_HB_COMPLETE_v20 page 8_pages_1-25.md
013-011-101,,013,011,"Relay - Antilock Brake ECU, 12 Volt | 01",VMRS_HB_COMPLETE_v20 page 8_pages_1-25.md
013-011-102,,013,011,Restrictor - Relay Valve | 01,VMRS_HB_COMPLETE_v20 page 8_pages_1-25.md
013-011-103,,013,011,Retrotti Kit - Complete | 01,VMRS_HB_COMPLETE_v20 page 8_pages_1-25.md
013-011-105,,013,011,Terminal - Power Cable | 0,VMRS_HB_COMPLETE_v20 page 8_pages_1-25.md
013-011-107,,013,011,Belay Valve - Trailer | 01,VMRS_HB_COMPLETE_v20 page 8_pages_1-25.md
013-011-108,,013,011,Relay Valve - Truck/Tractor | 01,VMRS_HB_COMPLETE_v20 page 8_pages_1-25.md
013-011-109,,013,011,"Indicator Lamp - ABS Error, Trailer Mounted | 01",VMRS_HB_COMPLETE_v20 page 8_pages_1-25.md
013-011-110,,013,011,Bracket - ABS Connector | 01,VMRS_HB_COMPLETE_v20 page 8_pages_1-25.md
013-011-111,,013,011,Bracket - ABS Switch/Relay | 01,VMRS_HB_COMPLETE_v20 page 8_pages_1-25.md
013-011-112,,013,011,Bracket - ABS Valve | 01,VMRS_HB_COMPLETE_v20 page 8_pages_1-25.md
013-011-114,,013,011,Modulator Valve Kit | _,VMRS_HB_COMPLETE_v20 page 8_pages_1-25.md
013-011-115,,013,011,Plate - Mounting ECU | 01,VMRS_HB_COMPLETE_v20 page 8_pages_1-25.md
013-011-119,,013,011,Switch - ABS Test Diagnostic | 01,VMRS_HB_COMPLETE_v20 page 8_pages_1-25.md
013-011-120,,013,011,Label - Air Bag | 01,VMRS_HB_COMPLETE_v20 page 8_pages_1-25.md
013-011-121,,013,011,Seal - Control Unit | 01,VMRS_HB_COMPLETE_v20 page 8_pages_1-25.md
013-011-122,,013,011,"Wiring Harness - ABS, Body | 01",VMRS_HB_COMPLETE_v20 page 8_pages_1-25.md
013-011-123,,013,011,"Pump, Hydraulic - Antilock Brakes | 01",VMRS_HB_COMPLETE_v20 page 8_pages_1-25.md
013-011-124,,013,011,Modulator Valve Kit - Front Brake | 01,VMRS_HB_COMPLETE_v20 page 8_pages_1-25.md
013-011-125,,013,011,Modulator Valve Kit - Rear Brake | 01,VMRS_HB_COMPLETE_v20 page 8_pages_1-25.md
013-011-126,,013,011,"Plug - Cable, ABS Sensor | 01",VMRS_HB_COMPLETE_v20 page 8_pages_1-25.md
013-011-127,,013,011,"Diagnostic Kit - Remote, ABS Sensor | 01",VMRS_HB_COMPLETE_v20 page 8_pages_1-25.md
013-011-130,,013,011,Module - Traction Control (TCS) | 01,VMRS_HB_COMPLETE_v20 page 8_pages_1-25.md
013-011-131,,013,011,"Heat Shield - Modulator Valve, Antilock Brakes | 01",VMRS_HB_COMPLETE_v20 page 8_pages_1-25.md
013-011-132,,013,011,"Bracket - Heat Shield, ABS System | 01",VMRS_HB_COMPLETE_v20 page 8_pages_1-25.md
013-011-133,,013,011,O-Ring Or Seal - Speed Sensor | 01,VMRS_HB_COMPLETE_v20 page 8_pages_1-25.md
013-011-134,,013,011,Full-Function Valve - ABS & Emergency | 01,VMRS_HB_COMPLETE_v20 page 8_pages_1-25.md
013-011-135,,013,011,"Wiring Harness - Traction Control, Rear Axle | 01",VMRS_HB_COMPLETE_v20 page 8_pages_1-25.md
013-011-136,,013,011,"Switch - Accessory Load, ABS | 01",VMRS_HB_COMPLETE_v20 page 8_pages_1-25.md
013-011-137,,013,011,"Adapter - Traction Control Valve, Antilock Brakes | 01",VMRS_HB_COMPLETE_v20 page 8_pages_1-25.md
013-011-140,,013,011,Interface - ABS Diagnostic | 01,VMRS_HB_COMPLETE_v20 page 8_pages_1-25.md
013-011-141,,013,011,Label - ABS | 01,VMRS_HB_COMPLETE_v20 page 8_pages_1-25.md
013-011-142,,013,011,Conversion Kit - ABS | 01,VMRS_HB_COMPLETE_v20 page 8_pages_1-25.md
013-011-143,,013,011,Filter - ABS Valve | 01,VMRS_HB_COMPLETE_v20 page 8_pages_1-25.md
013-011-144,,013,011,Quick Release Valve - ABS | 01,VMRS_HB_COMPLETE_v20 page 8_pages_1-25.md
013-011-145,,013,011,Software - ABS System | 01,VMRS_HB_COMPLETE_v20 page 8_pages_1-25.md
013-011-146,,013,011,Upgrade Kit - ABS PC | 01,VMRS_HB_COMPLETE_v20 page 8_pages_1-25.md
013-011-147,,013,011,"Module - Antilock Brakes, Trailer | 01",VMRS_HB_COMPLETE_v20 page 8_pages_1-25.md
013-011-148,,013,011,Mounting Kit - Wheel Speed Sensor (PLC) | 01,VMRS_HB_COMPLETE_v20 page 8_pages_1-25.md
013-011-149,,013,011,Valve - Traction Belay (TRV) | 01,VMRS_HB_COMPLETE_v20 page 8_pages_1-25.md
013-011-151,,013,011,Kit - Traction Relay Valve Campaign/Recall | 01,VMRS_HB_COMPLETE_v20 page 8_pages_1-25.md
013-011-152,,013,011,Jumper Harness - Trailer Plug. ABS | 01,VMRS_HB_COMPLETE_v20 page 8_pages_1-25.md
013-011-153,,013,011,Resistor - ABS | 01,VMRS_HB_COMPLETE_v20 page 8_pages_1-25.md
013-011-154,,013,011,"Switch - Rocker, Traction Control | 01",VMRS_HB_COMPLETE_v20 page 8_pages_1-25.md
013-011-155,,013,011,"Grommet - Wiring Harness, ABS, Body | 01",VMRS_HB_COMPLETE_v20 page 8_pages_1-25.md
013-011-156,,013,011,"Sensor - Acceleration, ABS | 01",VMRS_HB_COMPLETE_v20 page 8_pages_1-25.md
013-011-157,,013,011,"Gasket - Control Module, ABS | 01",VMRS_HB_COMPLETE_v20 page 8_pages_1-25.md
013-011-158,,013,011,"Insulator - Control Module, ABS | 01",VMRS_HB_COMPLETE_v20 page 8_pages_1-25.md
013-011-159,,013,011,"Sensor - Deceleration, ABS | 01",VMRS_HB_COMPLETE_v20 page 8_pages_1-25.md
013-011-160,,013,011,"Actuator - Hydraulic, ABS",VMRS_HB_COMPLETE_v20 page 8_pages_1-25.md
013-011-161,,013,011,"Gasket - Hydraulic Actuator, ABS",VMRS_HB_COMPLETE_v20 page 8_pages_1-25.md
013-011-162,,013,011,"Insulator - Hydraulic Actuator, ABS",VMRS_HB_COMPLETE_v20 page 8_pages_1-25.md
013-011-163,,013,011,"Insulator - Hydraulic Control Unit, ABS",VMRS_HB_COMPLETE_v20 page 8_pages_1-25.md
013-011-164,,013,011,"Insulator - Hvdraulic Pump, ABS",VMRS_HB_COMPLETE_v20 page 8_pages_1-25.md
013-011-165,,013,011,Tone Ring - Wheel Speed Sensor ABS,VMRS_HB_COMPLETE_v20 page 8_pages_1-25.md
013-011-166,,013,011,Wiring Harness - ABS,VMRS_HB_COMPLETE_v20 page 8_pages_1-25.md
013-011-167,,013,011,Control Modulo Brako Indicator,VMRS_HB_COMPLETE_v20 page 8_pages_1-25.md
012-011-160,,012,011,Eilter Eluid Stability and Traction Control,VMRS_HB_COMPLETE_v20 page 8_pages_1-25.md
013-011-100,,013,011,,VMRS_HB_COMPLETE_v20 page 8_pages_1-25.md
010-011-100,,010,011,SystemSwitch Tractice Control,VMRS_HB_COMPLETE_v20 page 8_pages_1-25.md
010-011-109,,010,011,Switch - Traction Control,VMRS_HB_COMPLETE_v20 page 8_pages_1-25.md
013-011-170,,013,011,Electronic Control Unit (ECU) - ESC/RSC,VMRS_HB_COMPLETE_v20 page 8_pages_1-25.md
013-011-171,,013,011,Sensor - Traction Control,VMRS_HB_COMPLETE_v20 page 8_pages_1-25.md
013-011-172,,013,011,Light - Traction Control,VMRS_HB_COMPLETE_v20 page 8_pages_1-25.md
013-011-173,,013,011,Hydraulic Unit - Antilock Brakes,VMRS_HB_COMPLETE_v20 page 8_pages_1-25.md
013-011-174,,013,011,Anti-Lock Brake System - Complete,VMRS_HB_COMPLETE_v20 page 8_pages_1-25.md
013-011-175,,013,011,"Cable - ABS, Straight",VMRS_HB_COMPLETE_v20 page 8_pages_1-25.md
013-011-176,,013,011,"Hardware, Mounting - Wheel Speed Sensor",VMRS_HB_COMPLETE_v20 page 8_pages_1-25.md
013-011-177,,013,011,Retrofit - Braking Safety System Upgrade,VMRS_HB_COMPLETE_v20 page 8_pages_1-25.md
013-011-178,,013,011,Solenoid Kit - ABS Valves,VMRS_HB_COMPLETE_v20 page 8_pages_1-25.md
013-011-179,,013,011,"Block - Sensor, ABS",VMRS_HB_COMPLETE_v20 page 8_pages_1-25.md
013-012-000,,013,012,Electric Brakes (EBS),VMRS_HB_COMPLETE_v20 page 8_pages_1-25.md
013-012-001,,013,012,Controller - Hand Operated Electric Brakes,VMRS_HB_COMPLETE_v20 page 8_pages_1-25.md
013-012-002,,013,012,Controller - Brake Pedal Operated Electric,VMRS_HB_COMPLETE_v20 page 8_pages_1-25.md
010-012-002,,010,012,Brakes,VMRS_HB_COMPLETE_v20 page 8_pages_1-25.md
013-012-003,,013,012,Solonoid Synchronizing Value,VMRS_HB_COMPLETE_v20 page 8_pages_1-25.md
013-012-004,,013,012,"Controller - Hand & Fool, Electric Drakes",VMRS_HB_COMPLETE_v20 page 8_pages_1-25.md
013-012-005,,013,012,Electric Brake Assembly,VMRS_HB_COMPLETE_v20 page 8_pages_1-25.md
013-012-006,,013,012,Load Control - Electric Brakes,VMRS_HB_COMPLETE_v20 page 8_pages_1-25.md
013-012-007,,013,012,Resistor - Electric Brakes,VMRS_HB_COMPLETE_v20 page 8_pages_1-25.md
013-012-008,,013,012,"Connector, Electrical Socket - Electric Brakes",VMRS_HB_COMPLETE_v20 page 8_pages_1-25.md
013-012-009,,013,012,Mounting Bracket - Connector,VMRS_HB_COMPLETE_v20 page 8_pages_1-25.md
013-012-010,,013,012,Cable (W/Connectors) - Electric Brakes,VMRS_HB_COMPLETE_v20 page 8_pages_1-25.md
013-012-011,,013,012,"Switch - Breakaway, Electric Brakes",VMRS_HB_COMPLETE_v20 page 8_pages_1-25.md
013-012-012,,013,012,Repair Kit - Magnet,VMRS_HB_COMPLETE_v20 page 8_pages_1-25.md
013-012-013,,013,012,Repair Kit - Brake Shoe & Lining,VMRS_HB_COMPLETE_v20 page 8_pages_1-25.md
013-012-014,,013,012,Repair Kit - Hold-Down Adjuster Spring,VMRS_HB_COMPLETE_v20 page 8_pages_1-25.md
013-012-015,,013,012,Repair Kit - Shoe Return Spring,VMRS_HB_COMPLETE_v20 page 8_pages_1-25.md
013-012-016,,013,012,Repair Kit - Backing Plate,VMRS_HB_COMPLETE_v20 page 8_pages_1-25.md
013-012-017,,013,012,Arm - Lever,VMRS_HB_COMPLETE_v20 page 8_pages_1-25.md
013-012-018,,013,012,Repair Kit - Armature,VMRS_HB_COMPLETE_v20 page 8_pages_1-25.md
013-012-019,,013,012,Drum - Electric Brake,VMRS_HB_COMPLETE_v20 page 8_pages_1-25.md
013-012-020,,013,012,Bectifier - Electric Brakes,VMRS_HB_COMPLETE_v20 page 8_pages_1-25.md
013-012-021,,013,012,Wire Clin - Electric Brakes,VMRS_HB_COMPLETE_v20 page 8_pages_1-25.md
012-012-022,,012,012,Wire Grommet Electric Brakes,VMRS_HB_COMPLETE_v20 page 8_pages_1-25.md
010-012-022,,010,012,Avia Electric Brakes,VMRS_HB_COMPLETE_v20 page 8_pages_1-25.md
010-012-020,,010,012,Axie - Electric Diakes,VMRS_HB_COMPLETE_v20 page 8_pages_1-25.md
013-012-024,,013,012,"Iorsion - Rubber, Electric Brakes",VMRS_HB_COMPLETE_v20 page 8_pages_1-25.md
013-012-025,,013,012,Kit - Trailer Breakaway,VMRS_HB_COMPLETE_v20 page 8_pages_1-25.md
013-012-026,,013,012,"Modulator - Axle, Electric Brakes",VMRS_HB_COMPLETE_v20 page 8_pages_1-25.md
013-013-000,,013,013,Air Disc Brakes,VMRS_HB_COMPLETE_v20 page 8_pages_1-25.md
013-013-001,,013,013,Caliper - Air Disc Brake,VMRS_HB_COMPLETE_v20 page 8_pages_1-25.md
013-013-002,,013,013,Retainer Kit - Air Disc Brake,VMRS_HB_COMPLETE_v20 page 8_pages_1-25.md
013-013-003,,013,013,"Repair Kit - Shoe & Lining, Air Disc Brake",VMRS_HB_COMPLETE_v20 page 8_pages_1-25.md
013-013-004,,013,013,"Spring - Spindle, Air Disc Brake",VMRS_HB_COMPLETE_v20 page 8_pages_1-25.md
013-013-005,,013,013,Adjuster & Spindle Assembly - Air Disc Brake,VMRS_HB_COMPLETE_v20 page 8_pages_1-25.md
013-013-006,,013,013,Support Bracket Assembly - Air Disc Brake,VMRS_HB_COMPLETE_v20 page 8_pages_1-25.md
013-013-007,,013,013,"Repair Kit - Caliper, Air Disc Brake",VMRS_HB_COMPLETE_v20 page 8_pages_1-25.md
013-013-008,,013,013,Piston Assembly - Air Disc Brake,VMRS_HB_COMPLETE_v20 page 8_pages_1-25.md
013-013-009,,013,013,"Seal - Piston, Air Disc Brake",VMRS_HB_COMPLETE_v20 page 8_pages_1-25.md
013-013-010,,013,013,"Gasket - Caliper, Air Disc Brake",VMRS_HB_COMPLETE_v20 page 8_pages_1-25.md
013-013-011,,013,013,"Shaft - Power Screw, Air Disc Brake",VMRS_HB_COMPLETE_v20 page 8_pages_1-25.md
013-013-012,,013,013,Thrust Bearing - Air Disc Brake,VMRS_HB_COMPLETE_v20 page 8_pages_1-25.md
013-013-013,,013,013,Rotor - Disc & Adapter Assembly Air Disc Brake,VMRS_HB_COMPLETE_v20 page 8_pages_1-25.md
013-013-014,,013,013,Torque Plate Assembly - Air Disc Didke,VMRS_HB_COMPLETE_v20 page 8_pages_1-25.md
012-012-015,,012,012,Donair Kit Diston Assombly Air Disc Drake,VMRS_HB_COMPLETE_v20 page 8_pages_1-25.md
012-012-012,,012,012,Popair Kit Dowor Scrow Air Disc Drake,VMRS_HB_COMPLETE_v20 page 8_pages_1-25.md
013-013-017,,013,013,"Repair Kit - Seals, Alf DISC Brake",VMRS_HB_COMPLETE_v20 page 8_pages_1-25.md
013-013-019,,013,013,Bracket - Air Chamber & Power Screw Assembly,VMRS_HB_COMPLETE_v20 page 8_pages_1-25.md
013-013-020,,013,013,Repair Kit - Air Chamber Bracket & Power Screw,VMRS_HB_COMPLETE_v20 page 8_pages_1-25.md
013-013-021,,013,013,Load Plate - Disc Brake | 013-014-013 | Shoe & Lining Assembly - Tag/Pusher Axle,VMRS_HB_COMPLETE_v20 page 8_pages_1-25.md
013-013-022,,013,013,"Cap - Powershall, Air Disc Brake | 010 014 014 | Brakes",VMRS_HB_COMPLETE_v20 page 8_pages_1-25.md
013-013-023,,013,013,"Boot - Caliper Piston, Air Disc | 013-014-014 | Shoe - Tag/Pusher Axle Brakes",VMRS_HB_COMPLETE_v20 page 8_pages_1-25.md
013-013-024,,013,013,"Pilot Busning - Power Snatt, Inner | 013-014-015 | Lining - Tag/Pusher Axie Brakes",VMRS_HB_COMPLETE_v20 page 8_pages_1-25.md
013-013-025,,013,013,"Busning - Caliper Slide Pin | 013-014-016 | Spring - Hold Down, Tag/Pusher Axle Brake",VMRS_HB_COMPLETE_v20 page 8_pages_1-25.md
013-013-026,,013,013,Bushing - Torque Plate | | Shoe,VMRS_HB_COMPLETE_v20 page 8_pages_1-25.md
013-013-027,,013,013,"Slide Pin - Caliper, Air Disc Brake | 013-014-017 | Retainer - Hold Down, Tag/Pusher Axle Brake",VMRS_HB_COMPLETE_v20 page 8_pages_1-25.md
013-013-028,,013,013,Retainer Assembly - Slide Pin | | Shoe,VMRS_HB_COMPLETE_v20 page 8_pages_1-25.md
013-013-029,,013,013,"Bushing - Power Shaft, Air Disc Brake | 013-014-018 | Pin - Hold Down, Tag/Pusher Axle Brake Shoe",VMRS_HB_COMPLETE_v20 page 8_pages_1-25.md
013-013-030,,013,013,"Repair Kit - Caliper Bushing | 013-014-019 | Return Spring - Brake Shoe, Tag/Pusher Axle",VMRS_HB_COMPLETE_v20 page 8_pages_1-25.md
013-013-031,,013,013,"Repair Kit - Power Shaft, Minor | | Brakes",VMRS_HB_COMPLETE_v20 page 8_pages_1-25.md
013-013-032,,013,013,Nut - Actuator | 013-014-020 | Cylinder Assembly Or Chamber - Tag/Pusher,VMRS_HB_COMPLETE_v20 page 8_pages_1-25.md
013-013-033,,013,013,Thrust Washer - Air Disc Brake | | Axle Brakes,VMRS_HB_COMPLETE_v20 page 8_pages_1-25.md
013-013-034,,013,013,"O-Ring - Air Disc Brake | 013-014-021 | Line - Hydraulic, Tag/Pusher Brake Cylinder,",VMRS_HB_COMPLETE_v20 page 8_pages_1-25.md
013-013-035,,013,013,Retaining Washer | | Interconnecting,VMRS_HB_COMPLETE_v20 page 8_pages_1-25.md
013-013-036,,013,013,"Hardware, Mounting - Air Chamber & Power | 013-014-022 | Push Rod - Wheel Cylinder, Tag/Pusher Axle",VMRS_HB_COMPLETE_v20 page 8_pages_1-25.md
013-013-038,,013,013,"Spring - Anti Rattle, Disc Brake Caliper | 013-014-023 | Drum - Tag/Pusher Axle Brakes",VMRS_HB_COMPLETE_v20 page 8_pages_1-25.md
013-013-039,,013,013,"Pin - Caliper, Rear Disc Brake | 013-014-024 | Hardware, Mounting - Tag/Pusher Axle Brake",VMRS_HB_COMPLETE_v20 page 8_pages_1-25.md
013-013-042,,013,013,"Rotor - Air Disc Brakes, Rear | | Drum",VMRS_HB_COMPLETE_v20 page 8_pages_1-25.md
013-013-043,,013,013,"Bracket - Caliper, Disc Brake | 013-014-025 | Damper Spring - Brake Drum, Tag/Pusher Axle",VMRS_HB_COMPLETE_v20 page 8_pages_1-25.md
013-013-044,,013,013,"Key - Slide, Caliper | | Brakes",VMRS_HB_COMPLETE_v20 page 8_pages_1-25.md
013-013-045,,013,013,"Housing - Caliper, Brake | 013-014-026 | Disc - Tag/Pusher Axle Brakes",VMRS_HB_COMPLETE_v20 page 8_pages_1-25.md
013-013-046,,013,013,"Brake - Air Disc Assembly, Complete | 013-014-027 | Shield - Tag/Pusher Axle Disc Brakes",VMRS_HB_COMPLETE_v20 page 8_pages_1-25.md
013-013-047,,013,013,"Bolt - Caliper, Air Disc Brake | 013-014-028 | Caliper Assembly- Tag/pusher Axle Disc Brakes",VMRS_HB_COMPLETE_v20 page 8_pages_1-25.md
013-013-048,,013,013,"Chamber Assembly - Spring Brake, Air Disc | 013-014-029 | Pad - Disc Brakes, Tag/Pusher Axle Brakes",VMRS_HB_COMPLETE_v20 page 8_pages_1-25.md
013-014-030,,013,014,Brake | | Slack Adjuster - Tag/Pusher Axle Brakes,VMRS_HB_COMPLETE_v20 page 8_pages_1-25.md
013-013-049,,013,013,Spring Brake (Piggy Back) Chamber - Air Disc | 013-014-031 | Camshaft - Slack Adjuster Tag/Pusher Axle,VMRS_HB_COMPLETE_v20 page 8_pages_1-25.md
010-011-001,,010,011,Brake | | Brakes,VMRS_HB_COMPLETE_v20 page 8_pages_1-25.md
013-013-050,,013,013,Service Diaphragm - Air Disc Brake | 013-014-032 | Cam Boller - Tag/Pusher Axle Brakes,VMRS_HB_COMPLETE_v20 page 8_pages_1-25.md
013-013-051,,013,013,Band Clamp - Spring Brake Chamber Air Disc | 013-014-033 | Hardware Mounting - Cylinder Assembly Tag/,VMRS_HB_COMPLETE_v20 page 8_pages_1-25.md
013-013-052,,013,013,Nut - Spring Brake Chamber Air Disc Brake | 013-014-034 | Seal Assembly - Tag/Pusher Ayle Brakes,VMRS_HB_COMPLETE_v20 page 8_pages_1-25.md
013-013-053,,013,013,"Bolt Spring Brake Chamber, Air Disc Brake | 013 014 035 | Actuator Automatic Adjustment Tag/Pusher",VMRS_HB_COMPLETE_v20 page 8_pages_1-25.md
013-013-054,,013,013,"Spacer - Spring Brake Chamber, Air Disc Brake | 010-014-000 | Avla Brakas",VMRS_HB_COMPLETE_v20 page 8_pages_1-25.md
012-012-055,,012,012,"Space - Spring Drake Chamber, Air Disc Drake | 012 014 026 | Wedge Accombly 12 Degree",VMRS_HB_COMPLETE_v20 page 8_pages_1-25.md
013-013-055,,013,013,"Nounting Nut - Spring Drake Chamber, All Disc | 013-014-030 | Guide Dlunger Adjustment Tag/Dusher Ayle",VMRS_HB_COMPLETE_v20 page 8_pages_1-25.md
012-012-056,,012,012,"Indicator Kit Warning Dad Waar | 013-014-037 | Guide - Flunger Adjustment, Tag/Pusiter Axie",VMRS_HB_COMPLETE_v20 page 8_pages_1-25.md
012-012-057,,012,012,Guide Sleeve Kit | 012 014 020 | DIAKESParing Dlunger Guide,VMRS_HB_COMPLETE_v20 page 8_pages_1-25.md
013-013-057,,013,013,Chain Cover Kit | 013-014-030 | Adjustment Dlunger Automatia,VMRS_HB_COMPLETE_v20 page 8_pages_1-25.md
013-013-059,,013,013,"Tappel Dool Nil | 013-014-040 | Aujustiment Boit Assembly - Tag/Pusher Axie,",VMRS_HB_COMPLETE_v20 page 8_pages_1-25.md
013-013-060,,013,013,"Chamber Assembly - Service Brake, Air Disc | 010 014 041 | wedge Brakes",VMRS_HB_COMPLETE_v20 page 8_pages_1-25.md
013-013-061,,013,013,"Pad Set - Air Disc Brake | 013-014-042 | Screw - Guide Spring, Tag/Pusher Axie Brakes",VMRS_HB_COMPLETE_v20 page 8_pages_1-25.md
013-013-062,,013,013,"Shear Adapter - Caliper | 013-014-043 | Clip - Brake Shoe, Tag/Pusher Axle Brakes",VMRS_HB_COMPLETE_v20 page 8_pages_1-25.md
013-013-063,,013,013,"Cap & Grease Service Kit - Caliper, Air Disc | 013-014-044 | Anchor - Plunger, Left",VMRS_HB_COMPLETE_v20 page 8_pages_1-25.md
013-014-045,,013,014,"Brake | | Anchor - Plunger, Right",VMRS_HB_COMPLETE_v20 page 8_pages_1-25.md
013-013-064,,013,013,"Kit - Slide Pins w/Bushings & Retainers, Air Disc | 013-014-046 | Washer - Spanner Nut",VMRS_HB_COMPLETE_v20 page 8_pages_1-25.md
013-014-047,,013,014,"Brake | | Guide - Plunger, Tag/Pusher Axle Brake",VMRS_HB_COMPLETE_v20 page 8_pages_1-25.md
013-013-065,,013,013,"O-Ring - Caliper, Air Disc Brake | 013-014-048 | Seal - Washer, Spanner Nut, Tag/Pusher Axle",VMRS_HB_COMPLETE_v20 page 8_pages_1-25.md
013-014-000,,013,014,Tag/Pusher Axle Brakes | | Brakes,VMRS_HB_COMPLETE_v20 page 8_pages_1-25.md
013-014-001,,013,014,"Backing Plate - Tag/Pusher Axle Brakes | 013-014-049 | Housing Assembly - Plunger, 12 Degree, Left",VMRS_HB_COMPLETE_v20 page 8_pages_1-25.md
013-014-002,,013,014,"Hardware, Mounting - Tag/Pusher Axle, Brake | 013-014-050 | Housing Assembly - Plunger, 12 Degree, Right",VMRS_HB_COMPLETE_v20 page 8_pages_1-25.md
013-014-051,,013,014,"Backing Plate | | Guide - Wedge, Tag/Pusher Axle Brakes",VMRS_HB_COMPLETE_v20 page 8_pages_1-25.md
013-014-003,,013,014,"Actuating Link - Self Adjusting , Tag/Pusher | 013-014-052 | Bolt - Brake Lining to Shoe",VMRS_HB_COMPLETE_v20 page 8_pages_1-25.md
013-014-053,,013,014,Brakes | | Bushing - Tag/Pusher Axle Brake Shoe,VMRS_HB_COMPLETE_v20 page 8_pages_1-25.md
013-014-004,,013,014,"Anchor - Brake Shoe, Tag/Pusher Axle Brakes | 013-014-054 | Lock - Retainer, Tag/Pusher Axle Brake Shoe",VMRS_HB_COMPLETE_v20 page 8_pages_1-25.md
013-014-005,,013,014,"Guide - Brake Shoe, Tag/Pusher Axle Brakes | 013-014-055 | Repair Kit - Wedge Brakes, Tag/Pusher Axle",VMRS_HB_COMPLETE_v20 page 8_pages_1-25.md
013-014-006,,013,014,"Spring - Adjusting Sprocket Screw, Tag/Pusher | 013-014-056 | Repair Kit - Cam Brakes, Tag/Pusher Axle",VMRS_HB_COMPLETE_v20 page 8_pages_1-25.md
013-014-057,,013,014,"Axle Brakes | | Repair Kit - Camshaft, Tag/Pusher Axle Brakes",VMRS_HB_COMPLETE_v20 page 8_pages_1-25.md
013-014-007,,013,014,"Sprocket & Screw, Shoe Adjusting - Tag/Pusher | 013-014-058 | Repair Kit - Disc Brakes, Tag/Pusher Axle",VMRS_HB_COMPLETE_v20 page 8_pages_1-25.md
013-014-059,,013,014,"Axle Brakes | | Repair Kit - Hydraulic Brakes, Tag/Pusher Axle",VMRS_HB_COMPLETE_v20 page 8_pages_1-25.md
013-014-008,,013,014,"Actuating Lever - Self Adjusting, Tag/Pusher Axle | 013-014-060 | Piston - Hydraulic Disc Brakes, Tag/Pusher Axle",VMRS_HB_COMPLETE_v20 page 8_pages_1-25.md
013-014-061,,013,014,"Brakes | | Metering Valve - Hydraulic Disc Brakes, Tag/",VMRS_HB_COMPLETE_v20 page 8_pages_1-25.md
013-014-009,,013,014,"Pawl, Self Adjusting - Tag/Pusher Axle Brakes | | Pusher Axle",VMRS_HB_COMPLETE_v20 page 8_pages_1-25.md
013-014-010,,013,014,"Return Spring - Self Adjuster, Tag/Pusher Axle | 013-014-062 | Repair Kit - Cylinder Assembly Or Chamber, Tag/",VMRS_HB_COMPLETE_v20 page 8_pages_1-25.md
013-014-011,,013,014,"Override Spring - Self Adjuster, Tag/Pusher Axle | 013-014-063 | Bushing - Anchor, Tag/Pusher Axle Brake Shoe",VMRS_HB_COMPLETE_v20 page 8_pages_1-25.md
013-014-064,,013,014,Brakes | | Retainer - Anchor Pin,VMRS_HB_COMPLETE_v20 page 8_pages_1-25.md
013-014-012,,013,014,"Override Pivot - Self Adjuster, Tag/Pusher Axle | 013-014-065 | Seal - Anchor Pin",VMRS_HB_COMPLETE_v20 page 8_pages_1-25.md
