code_9d,code_6d,system,subcode,description,source_file
055-013-006,,055,013,"Pipe Back - Counterweight | 026-011-211 | Piston - Modulator, Speed Control Valve",VMRS_HB_COMPLETE_v20 page 6_pages_76-100.md
042-004-151,,042,004,Dine Section Turbacharger Exhaust Line | 065 011 001 | Diston Motor Assembly,VMRS_HB_COMPLETE_v20 page 6_pages_76-100.md
043-004-151,,043,004,Pipe Section - Turbocharger Exhaust Line | 005-011-001 | Piston - Motor Assembly,VMRS_HB_COMPLETE_v20 page 6_pages_76-100.md
045-021-039,,045,021,Pipe to ECM | 045-012-029 | Piston - Oil Cooler,VMRS_HB_COMPLETE_v20 page 6_pages_76-100.md
045-021-038,,045,021,"Pipe to Fuel Filter - ECM | 025-001-082 | Piston - Output Shaft Clutch, Transfer Case",VMRS_HB_COMPLETE_v20 page 6_pages_76-100.md
041-004-022,,041,004,"Pipe, Cold Side - Charge Air Cooler | 365-007-045 | Piston - Paint Pump",VMRS_HB_COMPLETE_v20 page 6_pages_76-100.md
041-004-023,,041,004,"Pipe, Hot Side - Charge Air Cooler | 065-024-009 | Piston - Pilot Valve, Hvdraulic System",VMRS_HB_COMPLETE_v20 page 6_pages_76-100.md
101-002-000,,101,002,"Dining | 065-011-014 | Piston - Piston Motor, Hydraulic System",VMRS_HB_COMPLETE_v20 page 6_pages_76-100.md
191-002-000,,191,002,"Dining Accomply Diumbing Auxilian(11)(AC | 000-011-014 | Piston - Piston Wold, Tydraulic System",VMRS_HB_COMPLETE_v20 page 6_pages_76-100.md
001-004-095,,001,004,"Piping Assembly - Plumbing, Auxiliary HVAC, | 027-013-033 | Piston - Planetary Carrier Clutch, Automatic",VMRS_HB_COMPLETE_v20 page 6_pages_76-100.md
197-018-000,,197,018,Piping - Chain Conveyor | 044-005-020 | Piston - Power,VMRS_HB_COMPLETE_v20 page 6_pages_76-100.md
001-004-017,,001,004,"Piping - Refrigerant, Sleeper | 065-016-025 | Piston - Pump",VMRS_HB_COMPLETE_v20 page 6_pages_76-100.md
174-027-019,,174,027,"Pining - Water, Bus Entrance Sten Heater | 053-006-033 | Piston - Pump, Jack",VMRS_HB_COMPLETE_v20 page 6_pages_76-100.md
174-026-010,,174,026,"Diping Water, Bus Descender Heater | 015 002 092 | Piston Back Steering Coor",VMRS_HB_COMPLETE_v20 page 6_pages_76-100.md
174-020-019,,174,020,"Fipilig - Walei, bus Fassenger Healer | 010-000-000 | FISION - HACK, Steening Clean",VMRS_HB_COMPLETE_v20 page 6_pages_76-100.md
001-004-009,,001,004,"Piping - water, Sleeper | 029-008-021 | Piston - Range",VMRS_HB_COMPLETE_v20 page 6_pages_76-100.md
043-007-153,,043,007,Piping Assembly - Coolant Line | 019-002-026 | Piston - Recycle,VMRS_HB_COMPLETE_v20 page 6_pages_76-100.md
013-007-053,,013,007,"Piping Assembly - Hydraulic ABS, Chassis | 059-026-004 | Piston - Relief Valve",VMRS_HB_COMPLETE_v20 page 6_pages_76-100.md
045-014-020,,045,014,"Piping/Connections - Crankcase Vent | 065-027-010 | Piston - Relief Valve, Hydraulic System",VMRS_HB_COMPLETE_v20 page 6_pages_76-100.md
065-007-015,,065,007,Pining/Plumbing - Hard Lines Hydraulic | 027-021-002 | Piston - Beverse Servo,VMRS_HB_COMPLETE_v20 page 6_pages_76-100.md
010-006-007,,010,006,Diston | 012 010 004 | Diston Convo Air,VMRS_HB_COMPLETE_v20 page 6_pages_76-100.md
018-006-027,,018,006,Piston | 013-010-024 | Piston - Servo Air,VMRS_HB_COMPLETE_v20 page 6_pages_76-100.md
065-004-016,,065,004,"Piston - (Plunger) | 025-001-026 | Piston - Shift Cylinder, Transfer Case",VMRS_HB_COMPLETE_v20 page 6_pages_76-100.md
027-021-004,,027,021,"Piston - Accumulator | 022-005-048 | Piston - Shift Unit, Rear Axle",VMRS_HB_COMPLETE_v20 page 6_pages_76-100.md
065-002-008,,065,002,"Piston - Accumulator, Hydraulic System | 055-007-028 | Piston - Side Shift Cylinder",VMRS_HB_COMPLETE_v20 page 6_pages_76-100.md
025-003-007,,025,003,"Piston - Accumulator Transfer Case | 043-005-020 | Piston - Slave, Exhaust Brake",VMRS_HB_COMPLETE_v20 page 6_pages_76-100.md
111-000-002,,111,000,Diston Adjustor | 020 008 022 | Diston - Splitter,VMRS_HB_COMPLETE_v20 page 6_pages_76-100.md
111-009-002,,111,009,Piston Aujuster | 029-000-022 | Piston - SpiilleiDistan - Oslittan Olatak,VMRS_HB_COMPLETE_v20 page 6_pages_76-100.md
016-008-077,,016,008,Piston - Air Bag | 027-011-018 | Piston - Spiitter Clutch,VMRS_HB_COMPLETE_v20 page 6_pages_76-100.md
056-002-010,,056,002,"Piston - Air Control | 091-004-005 | Piston - Springless, Vibrator",VMRS_HB_COMPLETE_v20 page 6_pages_76-100.md
014-004-047,,014,004,"Piston - Air Spring, Cab Mount | 015-007-046 | Piston - Steering Control Valve",VMRS_HB_COMPLETE_v20 page 6_pages_76-100.md
016-015-066,,016,015,"Piston - Air Spring, Cab Mount | 082-013-006 | Piston - Three-Way Valve",VMRS_HB_COMPLETE_v20 page 6_pages_76-100.md
151-001-130,,151,001,Piston - APU | 082-023-008 | Piston - Three-Way Valve Mechanical,VMRS_HB_COMPLETE_v20 page 6_pages_76-100.md
010-002-029,,010,002,Diston Automatic Chassis Lubricator Accombly | 002 020 000 | Defrigeration System,VMRS_HB_COMPLETE_v20 page 6_pages_76-100.md
019-002-020,,019,002,Piston - Automatic Chassis Lubricator Assembly | 000 004 040 | Reingeration System,VMRS_HB_COMPLETE_v20 page 6_pages_76-100.md
197-001-005,,197,001,"Piston - Chain Conveyor | 082-024-012 | Piston - I nrottling valve, Mechanical",VMRS_HB_COMPLETE_v20 page 6_pages_76-100.md
044-005-024,,044,005,Piston - Choke | | Refrigeration System,VMRS_HB_COMPLETE_v20 page 6_pages_76-100.md
027-001-016,,027,001,Piston - Clutch | 002-036-101 | Piston - Tilt Pump,VMRS_HB_COMPLETE_v20 page 6_pages_76-100.md
023-001-027,,023,001,"Piston - Clutch Master Cvlinder | 013-009-009 | Piston - Unloader, Compressor",VMRS_HB_COMPLETE_v20 page 6_pages_76-100.md
023-001-033,,023,001,Piston - Clutch Slave Cylinder | 098-013-006 | Piston - Valve,VMRS_HB_COMPLETE_v20 page 6_pages_76-100.md
056-003-004,,056,003,Pieton Clutch Bowershift PTO | 012 002 117 | Piston Wheel Cylinder Pear,VMRS_HB_COMPLETE_v20 page 6_pages_76-100.md
050-003-004,,050,003,"Piston - Olucon, Fowershirt FTO | 013-002-117 | Piston - Wheelsheim Lift",VMRS_HB_COMPLETE_v20 page 6_pages_76-100.md
058-008-013,,058,008,Piston - Compressor | 000-023-038 | Piston - Wheelchair Lift,VMRS_HB_COMPLETE_v20 page 6_pages_76-100.md
082-004-036,,082,004,Piston - Compressor | 042-003-023 | Piston & Bearing Assembly - Fan Clutch,VMRS_HB_COMPLETE_v20 page 6_pages_76-100.md
001-001-006,,001,001,"Piston - Compressor, HVAC System | 001-001-042 | Piston & Diaphragm Assembly - Suction",VMRS_HB_COMPLETE_v20 page 6_pages_76-100.md
045-018-045,,045,018,Piston - Constant Throttle Valve (CTV) | | Throttling Valve,VMRS_HB_COMPLETE_v20 page 6_pages_76-100.md
065-020-019,,065,020,"Piston - Control Valve, Hydraulic System | 013-004-003 | Piston & Guide Assembly",VMRS_HB_COMPLETE_v20 page 6_pages_76-100.md
065-021-000,,065,021,Piston - Counter Balance Valve Hydraulic | 002-036-000 | Piston & Bod - Tilt Cylinder,VMRS_HB_COMPLETE_v20 page 6_pages_76-100.md
000-021-003,,000,021,Pustere | 015 007 047 | Piston and Pad Assembly. Otsering Dam,VMRS_HB_COMPLETE_v20 page 6_pages_76-100.md
015-007-047,,015,007,System | | Piston And Rod Assembly - Steering Ram,VMRS_HB_COMPLETE_v20 page 6_pages_76-100.md
026-016-007,,026,016,Piston - Countershaft Brake | 082-002-035 | Piston Assembly,VMRS_HB_COMPLETE_v20 page 6_pages_76-100.md
098-013-009,,098,013,"Piston - Cylinder, Air Emergency Valve, Bulk | 013-013-008 | Piston Assembly - Air Disc Brake",VMRS_HB_COMPLETE_v20 page 6_pages_76-100.md
027-004-004,,027,004,Product Transfer | | Piston Assembly - Clutch,VMRS_HB_COMPLETE_v20 page 6_pages_76-100.md
059-033-028,,059,033,"Piston - Cylinder, Hydraulic System | 013-009-011 | Piston Assembly - Compressor",VMRS_HB_COMPLETE_v20 page 6_pages_76-100.md
007-007-000,,007,007,Diston Direct Clutch Automatic Transmission | 012 009 014 | Diston Accombly Vocuum Dowor,VMRS_HB_COMPLETE_v20 page 6_pages_76-100.md
027-007-022,,027,007,"Piston - Direct Clutch, Automatic Hansmission | 013-006-014 | Piston Assembly - Vacuum Power",VMRS_HB_COMPLETE_v20 page 6_pages_76-100.md
059-027-029,,059,027,Piston - Double Check Valve | 002-035-039 | Piston Assembly - Wiper Motor,VMRS_HB_COMPLETE_v20 page 6_pages_76-100.md
045-006-005,,045,006,Piston - Engine | 015-014-006 | Piston Block - Hydraulic Steering,VMRS_HB_COMPLETE_v20 page 6_pages_76-100.md
045-018-019,,045,018,Piston - Engine Brake | 002-035-041 | Piston Gear Rack - Wiper Motor,VMRS_HB_COMPLETE_v20 page 6_pages_76-100.md
082-041-031,,082,041,"Piston - Engine, Reefer | 013-006-059 | Piston Relay - Hydraulic Brakes",VMRS_HB_COMPLETE_v20 page 6_pages_76-100.md
027-007-006,,027,007,Piston - Forward & Direct Clutch | 027-010-001 | Piston Reverse Clutch,VMRS_HB_COMPLETE_v20 page 6_pages_76-100.md
027-006-002,,027,006,Piston - Forward Clutch | 001-001-007 | Piston Ping - Compressor,VMRS_HB_COMPLETE_v20 page 6_pages_76-100.md
027-000-002,,027,000,Diston Front Accumulator | 01-001-007 | Piston Pad Undraulia Stearing,VMRS_HB_COMPLETE_v20 page 6_pages_76-100.md
027-024-028,,027,024,Piston - Front Accumulator | 015-014-007 | Piston Rod - Hydraulic Steering,VMRS_HB_COMPLETE_v20 page 6_pages_76-100.md
027-023-001,,027,023,Piston - Front Servo | 082-023-006 | Piston Seal Kit,VMRS_HB_COMPLETE_v20 page 6_pages_76-100.md
027-005-006,,027,005,"Piston - High Clutch | 013-001-098 | Piston, Hydraulic Wheel Cylinder - Front Brake",VMRS_HB_COMPLETE_v20 page 6_pages_76-100.md
029-008-023,,029,008,Piston - Hole Gear | 369-006-011 | Pitman - Toggle Assembly,VMRS_HB_COMPLETE_v20 page 6_pages_76-100.md
013-002-143,,013,002,Piston - Hydraulic Disc Brakes | 034-001-101 | Pivot - Adjusting Headlamp,VMRS_HB_COMPLETE_v20 page 6_pages_76-100.md
013-001-060,,013,001,Piston - Hydraulic Disc Brakes Front | 053 001 067 | Pivot - Automatic Traction Dovico,VMRS_HB_COMPLETE_v20 page 6_pages_76-100.md
010-001-000,,010,001,"Piston - Hydraulic Disc Diakes, Trolli | 055-001-007 | Pivot - Automatic Haction Device",VMRS_HB_COMPLETE_v20 page 6_pages_76-100.md
010-014-000,,010,014,"Fistori - Hyuraulic Disc Brakes, Tag/Pusher AXIe | 000-020-079 | Fivet - Damer, wheelchair Lill",VMRS_HB_COMPLETE_v20 page 6_pages_76-100.md
098-012-006,,098,012,Piston - Hydraulic Emergency Valve | 002-050-575 | Pivot - Bunk,VMRS_HB_COMPLETE_v20 page 6_pages_76-100.md
013-016-004,,013,016,Piston - Hydraulic Motor Brake | 016-001-007 | Pivot - Coil Spring Seat,VMRS_HB_COMPLETE_v20 page 6_pages_76-100.md
055-005-011,,055,005,Piston - Hydraulic Pump | 172-001-034 | Pivot - Container Body,VMRS_HB_COMPLETE_v20 page 6_pages_76-100.md
013-014-098,,013,014,"Piston - Hydraulic, Wheel Cylinder | 174-011-093 | Pivot - Door Control, Outward Opening Entrance",VMRS_HB_COMPLETE_v20 page 6_pages_76-100.md
029-008-024,,029,008,Piston - Intermediate | | Door,VMRS_HB_COMPLETE_v20 page 6_pages_76-100.md
007-000-007,,007,000,Diston Intermediate Oluteb | 002 022 070 | Divot Door Handle Inner,VMRS_HB_COMPLETE_v20 page 6_pages_76-100.md
027-000-007,,027,000,"002-023-070 | Pivot - Door Handle, Inner",VMRS_HB_COMPLETE_v20 page 6_pages_76-100.md
027-002-017,,027,002,"Piston - Lock Up Clutch | 002-023-077 | Pivot - Door Handle, Outer",VMRS_HB_COMPLETE_v20 page 6_pages_76-100.md
027-022-001,,027,022,Piston - Low Servo | 174-001-197 | Pivot - Engine Compartment,VMRS_HB_COMPLETE_v20 page 6_pages_76-100.md
013-006-002,,013,006,Piston - Master Cylinder | 016-005-159 | Pivot - Equalizer,VMRS_HB_COMPLETE_v20 page 6_pages_76-100.md
043-005-022,,043,005,"Piston - Master, Exhaust Brake | 002-004-153 | Pivot - Hood Release",VMRS_HB_COMPLETE_v20 page 6_pages_76-100.md
002-004-121,,002,004,"Pivot - Hood, Lower | 053",VMRS_HB_COMPLETE_v20 page 6_pages_76-100.md
002-004-118,,002,004,"Pivot - Hood, Upper | 016",VMRS_HB_COMPLETE_v20 page 6_pages_76-100.md
172-007-067,,172,007,Pivot - Loader | 362,VMRS_HB_COMPLETE_v20 page 6_pages_76-100.md
002-010-085,,002,010,Pivot - Mirror | 461,VMRS_HB_COMPLETE_v20 page 6_pages_76-100.md
461-001-016,,461,001,"Pivot - Motor Stop, Arrow Board | 001",VMRS_HB_COMPLETE_v20 page 6_pages_76-100.md
045-008-061,,045,008,Pivot - Rocker Arm | 002,VMRS_HB_COMPLETE_v20 page 6_pages_76-100.md
002-027-131,,002,027,Pivot - Seat | 002,VMRS_HB_COMPLETE_v20 page 6_pages_76-100.md
055-022-017,,055,022,Pivot - Shelf | 002,VMRS_HB_COMPLETE_v20 page 6_pages_76-100.md
026-011-185,,026,011,Pivot - Shift Lever | 002,VMRS_HB_COMPLETE_v20 page 6_pages_76-100.md
078-017-013,,078,017,Pivot - Tarp Roller | 151,VMRS_HB_COMPLETE_v20 page 6_pages_76-100.md
002-018-152,,002,018,Pivot - Vent Window | 017,VMRS_HB_COMPLETE_v20 page 6_pages_76-100.md
174-011-055,,174,011,Pivot Arm - Outward Opening Entrance Door,VMRS_HB_COMPLETE_v20 page 6_pages_76-100.md
168-001-028,,168,001,"Pivot Assembly - Boom, Mower | 031",VMRS_HB_COMPLETE_v20 page 6_pages_76-100.md
002-004-115,,002,004,Pivot Assembly - Hood | 044,VMRS_HB_COMPLETE_v20 page 6_pages_76-100.md
016-015-047,,016,015,"Pivot Ball - Hinge Arm, Cab Mount | 082",VMRS_HB_COMPLETE_v20 page 6_pages_76-100.md
068-001-050,,068,001,Pivot Bearing - Splicer Platform | 058,VMRS_HB_COMPLETE_v20 page 6_pages_76-100.md
075-004-001,,075,004,"Pivot Block - Clamp, Hatch Lid | 042",VMRS_HB_COMPLETE_v20 page 6_pages_76-100.md
174-019-005,,174,019,Pivot Block - Driver Sunvisor | 045,VMRS_HB_COMPLETE_v20 page 6_pages_76-100.md
002-023-049,,002,023,"Pivot Bolt - Clamp, Lower | 041",VMRS_HB_COMPLETE_v20 page 6_pages_76-100.md
016-014-005,,016,014,Pivot Bolt Kit | 151,VMRS_HB_COMPLETE_v20 page 6_pages_76-100.md
044-003-095,,044,003,Pivot Pin - Lever Assembly | 071,VMRS_HB_COMPLETE_v20 page 6_pages_76-100.md
068-006-015,,068,006,"Pivot Shaft - Fork Assembly, Lift Truck | 043",VMRS_HB_COMPLETE_v20 page 6_pages_76-100.md
068-004-024,,068,004,"Pivot Shaft - Fork Assembly, Unloader",VMRS_HB_COMPLETE_v20 page 6_pages_76-100.md
002-035-052,,002,035,Pivot Shaft & Connecting Arm Assembly - | 082,VMRS_HB_COMPLETE_v20 page 6_pages_76-100.md
000-005-054,,000,005,"Windshield Wiper, Left | 369",VMRS_HB_COMPLETE_v20 page 6_pages_76-100.md
002-035-051,,002,035,Pivot Shaft & Connecting Arm Assembly - | 059,VMRS_HB_COMPLETE_v20 page 6_pages_76-100.md
002-035-080,,002,035,Pivot Shaft & Lever Assembly - Right/Left | 365,VMRS_HB_COMPLETE_v20 page 6_pages_76-100.md
002-035-056,,002,035,Pivot Shaft & Lever Assembly - Windshield | 174,VMRS_HB_COMPLETE_v20 page 6_pages_76-100.md
000-005-055,,000,005,"Wiper, Left | 015",VMRS_HB_COMPLETE_v20 page 6_pages_76-100.md
002-035-055,,002,035,Pivot Shaft & Lever Assembly - Windshield | 002,VMRS_HB_COMPLETE_v20 page 6_pages_76-100.md
000-004-040,,000,004,"Wiper, Right | 1/4",VMRS_HB_COMPLETE_v20 page 6_pages_76-100.md
068-004-012,,068,004,Pivot Shaft Anchor - Frame | 016,VMRS_HB_COMPLETE_v20 page 6_pages_76-100.md
002-035-094,,002,035,Pivot Shaft Connect Assembly - Center | 034,VMRS_HB_COMPLETE_v20 page 6_pages_76-100.md
111-008-000,,111,008,Pivot Shaft Mechanism | 058,VMRS_HB_COMPLETE_v20 page 6_pages_76-100.md
001-001-308,,001,001,"Pivol, Adjusting Link - Compressor | 002",VMRS_HB_COMPLETE_v20 page 6_pages_76-100.md
053-005-013,,053,005,Placard - Display Assembly | 002,VMRS_HB_COMPLETE_v20 page 6_pages_76-100.md
003-000-032,,003,000,"Placard - Display Assembly, Spill | 027",VMRS_HB_COMPLETE_v20 page 6_pages_76-100.md
091-003-015,,091,003,Plain washer - Valve Operator | 369,VMRS_HB_COMPLETE_v20 page 6_pages_76-100.md
027-013-000,,027,013,Planet Carrier &/Or Output Shall Assembly | 027,VMRS_HB_COMPLETE_v20 page 6_pages_76-100.md
020-017-000,,020,017,Planetary Carrier - Range Group | 027,VMRS_HB_COMPLETE_v20 page 6_pages_76-100.md
027-014-005,,027,014,"Planelary Carrier - Reaction, Front OrIntermediate | 025",VMRS_HB_COMPLETE_v20 page 6_pages_76-100.md
025-001-084,,025,001,Planetary Carrier - Transfer Case | 027,VMRS_HB_COMPLETE_v20 page 6_pages_76-100.md
022-004-124,,022,004,Planetary Gear - Inter-Axle Differential | 027,VMRS_HB_COMPLETE_v20 page 6_pages_76-100.md
018-001-054,,018,001,Planetary Gear Assembly | 001,VMRS_HB_COMPLETE_v20 page 6_pages_76-100.md
053-013-002,,053,013,Planking | 027,VMRS_HB_COMPLETE_v20 page 6_pages_76-100.md
053-998-039,,053,998,Plastic Prep | 056,VMRS_HB_COMPLETE_v20 page 6_pages_76-100.md
053-998-038,,053,998,Plastic Repair | 031,VMRS_HB_COMPLETE_v20 page 6_pages_76-100.md
053-005-003,,053,005,Plastic Signs - Letters Numbers Symbols | 172,VMRS_HB_COMPLETE_v20 page 6_pages_76-100.md
094-008-041,,094,008,Plate - Aeration Cone | 061,VMRS_HB_COMPLETE_v20 page 6_pages_76-100.md
027-011-017,,027,011,Plate - High Clutch Splitter | 016,VMRS_HB_COMPLETE_v20 page 6_pages_76-100.md
027-011-016,,027,011,"Plate - Low Clutch, Splitter | 065",VMRS_HB_COMPLETE_v20 page 6_pages_76-100.md
068-004-006,,068,004,Plate - Abrasion,VMRS_HB_COMPLETE_v20 page 6_pages_76-100.md
002-012-070,,002,012,Plate - Access | 065,VMRS_HB_COMPLETE_v20 page 6_pages_76-100.md
002-050-416,,002,050,Plate - Access Cover,VMRS_HB_COMPLETE_v20 page 6_pages_76-100.md
055-019-010,,055,019,"Plate - Access, Roller bed | 013",VMRS_HB_COMPLETE_v20 page 6_pages_76-100.md
045-008-141,,045,008,Plate - Accessory Drive | 082,VMRS_HB_COMPLETE_v20 page 6_pages_76-100.md
174-033-035,,174,033,"Plate - Adjusting, Control Unit | 172",VMRS_HB_COMPLETE_v20 page 6_pages_76-100.md
162-001-016,,162,001,"Plate - Adjusting, Upper Hopper | 016",VMRS_HB_COMPLETE_v20 page 6_pages_76-100.md
016-005-202,,016,005,Plate - Adjustment | 001,VMRS_HB_COMPLETE_v20 page 6_pages_76-100.md
073-007-012,,073,007,Plate - Aerator Fabric Air Pad | 367,VMRS_HB_COMPLETE_v20 page 6_pages_76-100.md
016-008-068,,016,008,Plate - Air Bag | 027,VMRS_HB_COMPLETE_v20 page 6_pages_76-100.md
151-002-037,,151,002,"Plate - Air Intake Tube, Heater, APU | 042",VMRS_HB_COMPLETE_v20 page 6_pages_76-100.md
002-057-045,,002,057,"Plate - Anchor, Child Restraint | 026",VMRS_HB_COMPLETE_v20 page 6_pages_76-100.md
002-018-132,,002,018,"Plate - Anchor, Door Stop | 026",VMRS_HB_COMPLETE_v20 page 6_pages_76-100.md
014-003-054,,014,003,"Plate - Anchor, Engine | 014",VMRS_HB_COMPLETE_v20 page 6_pages_76-100.md
044-003-172,,044,003,Plate - Anti Tamper. No Air Screw | 082,VMRS_HB_COMPLETE_v20 page 6_pages_76-100.md
077-007-005,,077,007,Plate - Anti-Sag - Sub-Frame. Trailer | 082,VMRS_HB_COMPLETE_v20 page 6_pages_76-100.md
077-004-001,,077,004,Plate - Apron | 001,VMRS_HB_COMPLETE_v20 page 6_pages_76-100.md
,001-031,001,031,53- | Plate - Automatic Traction Device,VMRS_HB_COMPLETE_v20 page 6_pages_76-100.md
,005-176,005,176,"16- | Plate - Auxiliary Spring, Rear Suspension",VMRS_HB_COMPLETE_v20 page 6_pages_76-100.md
,002-023,002,023,62- | Plate - Back,VMRS_HB_COMPLETE_v20 page 6_pages_76-100.md
,001-025,001,025,"61- | Plate - Backing, w/Foam Insulation, Arrow Board",VMRS_HB_COMPLETE_v20 page 6_pages_76-100.md
,002-128,002,128,"01- | Plate - Backup, Heater",VMRS_HB_COMPLETE_v20 page 6_pages_76-100.md
,010-033,010,033,"02- | Plate - Backup, Mirror",VMRS_HB_COMPLETE_v20 page 6_pages_76-100.md
,007-016,007,016,"02- | Plate - Baffle, ""A"" Pillar",VMRS_HB_COMPLETE_v20 page 6_pages_76-100.md
,007-022,007,022,"02- | Plate - Baffle, ""B"" Pillar",VMRS_HB_COMPLETE_v20 page 6_pages_76-100.md
,007-026,007,026,"02- | Plate - Baffle, ""C"" Pillar",VMRS_HB_COMPLETE_v20 page 6_pages_76-100.md
,001-154,001,154,"51- | Plate - Baffle, Cylinder Head, APU",VMRS_HB_COMPLETE_v20 page 6_pages_76-100.md
,009-034,009,034,"17- | Plate - Balance, Tire Pressure Monitoring",VMRS_HB_COMPLETE_v20 page 6_pages_76-100.md
,001-014,001,014,"61- | Plate - Beacon, Arrow Board",VMRS_HB_COMPLETE_v20 page 6_pages_76-100.md
,001-007,001,007,31- | Plate - Bearing Retainer,VMRS_HB_COMPLETE_v20 page 6_pages_76-100.md
,003-119,003,119,"44- | Plate - Bearing Support, Shaft Assembly",VMRS_HB_COMPLETE_v20 page 6_pages_76-100.md
,024-005,024,005,"82- | Plate - Bellows, Throttle Valve",VMRS_HB_COMPLETE_v20 page 6_pages_76-100.md
,005-002,005,002,58- | Plate - Blank,VMRS_HB_COMPLETE_v20 page 6_pages_76-100.md
,002-030,002,030,"42- | Plate - Block Off, Radiator Outlet/Intake",VMRS_HB_COMPLETE_v20 page 6_pages_76-100.md
,002-103,002,103,"45- | Plate - Block-Off, Fuel Pump",VMRS_HB_COMPLETE_v20 page 6_pages_76-100.md
,003-023,003,023,41- | Plate - Blower Drive Hub,VMRS_HB_COMPLETE_v20 page 6_pages_76-100.md
,003-036,003,036,"51- | Plate - Blower, Evaporator, APU",VMRS_HB_COMPLETE_v20 page 6_pages_76-100.md
,002-036,002,036,71- | Plate - Body,VMRS_HB_COMPLETE_v20 page 6_pages_76-100.md
,006-125,006,125,"43- | Plate - Box End, Housing, Diesel Particulate",VMRS_HB_COMPLETE_v20 page 6_pages_76-100.md
,029-078,029,078,"82- | Plate - Bracket, Center Latch, Top Door, Reefer",VMRS_HB_COMPLETE_v20 page 6_pages_76-100.md
,003-006,003,006,"69- | Plate - Breaker, Crusher",VMRS_HB_COMPLETE_v20 page 6_pages_76-100.md
,001-012,001,012,"59- | Plate - Buffer, Rubber",VMRS_HB_COMPLETE_v20 page 6_pages_76-100.md
,050-593,050,593,02- | Plate - Bunk Restraint,VMRS_HB_COMPLETE_v20 page 6_pages_76-100.md
,011-009,011,009,65- | Plate - Burner Assembly,VMRS_HB_COMPLETE_v20 page 6_pages_76-100.md
,001-216,001,216,74- | Plate - Bus Body,VMRS_HB_COMPLETE_v20 page 6_pages_76-100.md
,003-082,003,082,"15- | Plate - Bypass, Housing, Steering Gear",VMRS_HB_COMPLETE_v20 page 6_pages_76-100.md
,012-042,012,042,"02- | Plate - Cab, Front",VMRS_HB_COMPLETE_v20 page 6_pages_76-100.md
,032-025,032,025,"74- | Plate - Cam, Wheelchair Ramp Mechanism",VMRS_HB_COMPLETE_v20 page 6_pages_76-100.md
,001-052,001,052,"16- | Plate - Camber, Suspension",VMRS_HB_COMPLETE_v20 page 6_pages_76-100.md
,003-168,003,168,"34- | Plate - Cancel Cam, Turn Signal",VMRS_HB_COMPLETE_v20 page 6_pages_76-100.md
,005-004,005,004,"58- | Plate - Carrier, Reinforced",VMRS_HB_COMPLETE_v20 page 6_pages_76-100.md
,027-334,027,334,"02- | Plate - Carrier, Seat Leg Support",VMRS_HB_COMPLETE_v20 page 6_pages_76-100.md
,012-082,012,082,02- | Plate - Center,VMRS_HB_COMPLETE_v20 page 6_pages_76-100.md
,031-032,031,032,27- | Plate - Channel,VMRS_HB_COMPLETE_v20 page 6_pages_76-100.md
,005-005,005,005,"69- | Plate - Cheek, Frame, Fabricated Structure",VMRS_HB_COMPLETE_v20 page 6_pages_76-100.md
,033-092,033,092,"27- | Plate - Clamp, Column Mounted Shifter",VMRS_HB_COMPLETE_v20 page 6_pages_76-100.md
,001-019,001,019,27- | Plate - Clutch,VMRS_HB_COMPLETE_v20 page 6_pages_76-100.md
,005-027,005,027,58- | Plate - Clutch,VMRS_HB_COMPLETE_v20 page 6_pages_76-100.md
,001-194,001,194,"25- | Plate - Clutch Pack, Transfer Case",VMRS_HB_COMPLETE_v20 page 6_pages_76-100.md
,010-010,010,010,27- | Plate - Clutch Pressure,VMRS_HB_COMPLETE_v20 page 6_pages_76-100.md
,010-008,010,008,27- | Plate - Clutch Reaction (Selective),VMRS_HB_COMPLETE_v20 page 6_pages_76-100.md
,001-365,001,365,"01- | Plate - Clutch, Compressor",VMRS_HB_COMPLETE_v20 page 6_pages_76-100.md
,002-014,002,014,"27- | Plate - Clutch, Converter Lock Up",VMRS_HB_COMPLETE_v20 page 6_pages_76-100.md
,003-002,003,002,"56- | Plate - Clutch, Powershift PTO",VMRS_HB_COMPLETE_v20 page 6_pages_76-100.md
,001-055,001,055,31- | Plate - Collector,VMRS_HB_COMPLETE_v20 page 6_pages_76-100.md
,002-017,002,017,72- | Plate - Compaction Assembly,VMRS_HB_COMPLETE_v20 page 6_pages_76-100.md
,005-211,005,211,"16- | Plate - Conical, Rubber Spring",VMRS_HB_COMPLETE_v20 page 6_pages_76-100.md
,007-012,007,012,"65- | Plate - Connecting, Hydraulic Line to Filter",VMRS_HB_COMPLETE_v20 page 6_pages_76-100.md
,007-011,007,011,"65- | Plate - Connecting, Hydraulic Line to Hydraulic",VMRS_HB_COMPLETE_v20 page 6_pages_76-100.md
,010-423,010,423,"13- | Plate - Connector, Gladhand, Trailer Hose",VMRS_HB_COMPLETE_v20 page 6_pages_76-100.md
,006-064,006,064,"82- | Plate - Contactor Mounting, Reefer",VMRS_HB_COMPLETE_v20 page 6_pages_76-100.md
,001-026,001,026,16- | Plate - Control Arm,VMRS_HB_COMPLETE_v20 page 6_pages_76-100.md
,001-104,001,104,01- | Plate - Control Face,VMRS_HB_COMPLETE_v20 page 6_pages_76-100.md
,005-047,005,047,67- | Plate - Control Mounting,VMRS_HB_COMPLETE_v20 page 6_pages_76-100.md
,039-004,039,004,27- | Plate - Cooler Manifold,VMRS_HB_COMPLETE_v20 page 6_pages_76-100.md
,002-018,002,018,42- | Plate - Core Support,VMRS_HB_COMPLETE_v20 page 6_pages_76-100.md
,016-004,016,004,"26- | Plate - Countershaft Brake, Faced",VMRS_HB_COMPLETE_v20 page 6_pages_76-100.md
,016-003,016,003,"26- | Plate - Countershaft Brake, Steel",VMRS_HB_COMPLETE_v20 page 6_pages_76-100.md
,001-084,001,084,"14- | Plate - Coupling, Tension Member",VMRS_HB_COMPLETE_v20 page 6_pages_76-100.md
,001-087,001,087,82- | Plate - Cover,VMRS_HB_COMPLETE_v20 page 6_pages_76-100.md
,007-060,007,060,82- | Plate - Cover,VMRS_HB_COMPLETE_v20 page 6_pages_76-100.md
,004-081,004,081,"01- | Plate - Cover, Blower Housing, Sleeper",VMRS_HB_COMPLETE_v20 page 6_pages_76-100.md
014-001-077,,014,001,"Plate - Cover, Cab Entry Step, Frame Mounted | 082-002-036 | Plate - Front Seal",VMRS_HB_COMPLETE_v20 page 6_pages_76-100.md
027-001-020,,027,001,Step Assembly | | Plate - Gear Thrust,VMRS_HB_COMPLETE_v20 page 6_pages_76-100.md
053-008-014,,053,008,"Plate - Cover, Clamp | 001-002-123 | Plate - Grille",VMRS_HB_COMPLETE_v20 page 6_pages_76-100.md
163-001-025,,163,001,"Plate - Cover, Feed Roller, Brush Chipper | 174-033-067 | Plate - Ground, Potentiometer",VMRS_HB_COMPLETE_v20 page 6_pages_76-100.md
369-005-007,,369,005,"Plate - Cover, Frame, Fabricated Structure | 055-009-005 | Plate - Guide, Lift Cylinder",VMRS_HB_COMPLETE_v20 page 6_pages_76-100.md
059-001-140,,059,001,"Plate - Cover, Locking Mechanism | 016-018-031 | Plate - Guide, Slider",VMRS_HB_COMPLETE_v20 page 6_pages_76-100.md
044-007-060,,044,007,"Plate - Cover, Pedal | 174-033-027 | Plate - Guiding, Control Unit",VMRS_HB_COMPLETE_v20 page 6_pages_76-100.md
014-001-043,,014,001,"Plate - Cover, Rear Cross Member | 052-008-020 | Plate - Handle Pin, Refrigerator",VMRS_HB_COMPLETE_v20 page 6_pages_76-100.md
055-019-007,,055,019,"Plate - Cover, Roller Bed | 072-003-076 | Plate - Hasp, Hinged Door, Rear",VMRS_HB_COMPLETE_v20 page 6_pages_76-100.md
002-048-207,,002,048,"Plate - Cover, Visibility Window | 002-048-019 | Plate - Header Cover",VMRS_HB_COMPLETE_v20 page 6_pages_76-100.md
071-001-031,,071,001,"Plate - Covering, Floor | 001-004-096 | Plate - Heater and A/C Lines, Sleeper",VMRS_HB_COMPLETE_v20 page 6_pages_76-100.md
045-001-001,,045,001,"Plate - Cylinder Block End | 027-005-009 | Plate - High Clutch, Backing",VMRS_HB_COMPLETE_v20 page 6_pages_76-100.md
045-007-032,,045,007,Plate - Cylinder Head Cover | 002-004-054 | Plate - Hinge Mounting,VMRS_HB_COMPLETE_v20 page 6_pages_76-100.md
002-036-044,,002,036,"Plate - Cylinder Mounting | 082-029-025 | Plate - Hold-Down, Door",VMRS_HB_COMPLETE_v20 page 6_pages_76-100.md
002-042-001,,002,042,Plate - Deck | 002-004-092 | Plate - Hood Pivot,VMRS_HB_COMPLETE_v20 page 6_pages_76-100.md
027-033-089,,027,033,"Plate - Deck Closure, Shift Housing | 002-004-032 | Plate - Hood Rest",VMRS_HB_COMPLETE_v20 page 6_pages_76-100.md
014-004-051,,014,004,"Plate - Deck Mounting, Outboard | 369-006-002 | Plate - Hopper, Lined, External Protection",VMRS_HB_COMPLETE_v20 page 6_pages_76-100.md
002-040-038,,002,040,"Plate - Deployable Step | 032-002-080 | Plate - Housing End, Armature, Starter",VMRS_HB_COMPLETE_v20 page 6_pages_76-100.md
002-012-045,,002,012,"Plate - Diamond, Floor | 045-002-066 | Plate - Identification (Data)",VMRS_HB_COMPLETE_v20 page 6_pages_76-100.md
022-003-052,,022,003,"Plate - Differential Clutch, Positraction | 021-001-051 | Plate - Identification, Driven Front Steer Axle",VMRS_HB_COMPLETE_v20 page 6_pages_76-100.md
027-007-014,,027,007,"Plate - Direct Clutch (Faced) | 045-008-246 | Plate - Identification, Rocker Cover",VMRS_HB_COMPLETE_v20 page 6_pages_76-100.md
027-007-013,,027,007,"Plate - Direct Clutch (Steel) | 025-001-126 | Plate - Identification, Transfer Case",VMRS_HB_COMPLETE_v20 page 6_pages_76-100.md
027-007-015,,027,007,"Plate - Direct Clutch, Backing | 001-001-401 | Plate - Idler Pulley, Air Conditioner",VMRS_HB_COMPLETE_v20 page 6_pages_76-100.md
027-004-012,,027,004,"Plate - Direct Drive Clutch (Faced) | 072-001-027 | Plate - Impact Guard, Upper",VMRS_HB_COMPLETE_v20 page 6_pages_76-100.md
027-004-011,,027,004,Plate - Direct Drive Clutch (Steel) | 044-010-053 | Plate - Injector Assembly,VMRS_HB_COMPLETE_v20 page 6_pages_76-100.md
015-002-055,,015,002,"Plate - Disengage, Tilt Steering Column | 369-006-003 | Plate - Inner Wearing, External Protection",VMRS_HB_COMPLETE_v20 page 6_pages_76-100.md
174-033-032,,174,033,"Plate - Distance, Control Unit | 023-001-153 | Plate - Inspection, Clutch Release",VMRS_HB_COMPLETE_v20 page 6_pages_76-100.md
043-007-152,,043,007,"Plate - Divider, DEF Tank Cover | 026-011-204 | Plate - Interlock, Gear Shift",VMRS_HB_COMPLETE_v20 page 6_pages_76-100.md
002-002-005,,002,002,Plate - Door Hinge Cover | 023-002-004 | Plate - Intermediate,VMRS_HB_COMPLETE_v20 page 6_pages_76-100.md
072-004-067,,072,004,Plate - Door Lift | 027-008-012 | Plate - Intermediate Clutch (Steel),VMRS_HB_COMPLETE_v20 page 6_pages_76-100.md
052-008-040,,052,008,"Plate - Door Lock, Lower, Refrigerator | 027-008-014 | Plate - Intermediate Clutch Backing",VMRS_HB_COMPLETE_v20 page 6_pages_76-100.md
002-022-004,,002,022,"Plate - Door Window Wedge, Rear | 002-004-254 | Plate - Isolator, Front Hood Mount",VMRS_HB_COMPLETE_v20 page 6_pages_76-100.md
078-009-006,,078,009,"Plate - Doubler | 365-001-024 | Plate - Junction Box, Paint Heater",VMRS_HB_COMPLETE_v20 page 6_pages_76-100.md
001-004-089,,001,004,"Plate - Drain, Heater And A/C, Sleeper | 002-050-677 | Plate - Lamp, Upper Bunk",VMRS_HB_COMPLETE_v20 page 6_pages_76-100.md
022-004-025,,022,004,"Plate - Drive Yoke Clamp, Front | 002-046-040 | Plate - Latch",VMRS_HB_COMPLETE_v20 page 6_pages_76-100.md
021-001-057,,021,001,"Plate - Driven Front Steer Axle | 002-016-035 | Plate - Latch Mount, Tailgate",VMRS_HB_COMPLETE_v20 page 6_pages_76-100.md
025-001-085,,025,001,"Plate - Electrical Connector, Transfer Case | 002-036-127 | Plate - Latch, Cab Mount",VMRS_HB_COMPLETE_v20 page 6_pages_76-100.md
059-038-010,,059,038,Plate - Emergency Dampening | 043-005-044 | Plate - Legend,VMRS_HB_COMPLETE_v20 page 6_pages_76-100.md
002-020-056,,002,020,"Plate - End Retainer, Door | 053-005-020 | Plate - License/Permit",VMRS_HB_COMPLETE_v20 page 6_pages_76-100.md
015-005-041,,015,005,"Plate - End, Oil Pump | 016-014-059 | Plate - Lift Spring, Liftable Air Suspension",VMRS_HB_COMPLETE_v20 page 6_pages_76-100.md
002-019-024,,002,019,"Plate - Entrance Door Control | 024-003-005 | Plate - Light, Control Box, Retarder, Drive Shaft",VMRS_HB_COMPLETE_v20 page 6_pages_76-100.md
043-005-043,,043,005,Plate - Escutcheon | 077-001-001 | Plate - Liner,VMRS_HB_COMPLETE_v20 page 6_pages_76-100.md
001-001-351,,001,001,Plate - Evaporator | 172-007-087 | Plate - Loader,VMRS_HB_COMPLETE_v20 page 6_pages_76-100.md
044-010-065,,044,010,Plate - Exhaust Manifold | 002-020-020 | Plate - Lock,VMRS_HB_COMPLETE_v20 page 6_pages_76-100.md
001-004-069,,001,004,"Plate - Exhauster Path, HVAC Ducting, Sleeper | 016-018-050 | Plate - Lock Pin",VMRS_HB_COMPLETE_v20 page 6_pages_76-100.md
001-001-419,,001,001,"Plate - Expansion Valve | 002-016-038 | Plate - Lock Striker, Tailgate",VMRS_HB_COMPLETE_v20 page 6_pages_76-100.md
151-003-037,,151,003,"Plate - Expansion Valve, APU | 016-001-039 | Plate - Lock, Ball Joint",VMRS_HB_COMPLETE_v20 page 6_pages_76-100.md
052-003-019,,052,003,"Plate - Face, Radio | 016-001-041 | Plate - Lock, Control Arm",VMRS_HB_COMPLETE_v20 page 6_pages_76-100.md
042-003-043,,042,003,"Plate - Fan Clutch Drive | 369-006-004 | Plate - Lock, External Protection",VMRS_HB_COMPLETE_v20 page 6_pages_76-100.md
001-003-058,,001,003,"Plate - Fan Mounting, Auxiliary Heater | 002-035-165 | Plate - Lock, Windshield Wiper Arm",VMRS_HB_COMPLETE_v20 page 6_pages_76-100.md
036-001-030,,036,001,"Plate - Fascia, Radar Sensor, Collision | 068-001-032 | Plate - Locking",VMRS_HB_COMPLETE_v20 page 6_pages_76-100.md
077-005-003,,077,005,Avoidance System | | Plate - Lower,VMRS_HB_COMPLETE_v20 page 6_pages_76-100.md
174-033-111,,174,033,"Plate - Fastening, Energy Guiding System | 059-001-001 | Plate - Lower Coupler, Fifth Wheel",VMRS_HB_COMPLETE_v20 page 6_pages_76-100.md
163-001-022,,163,001,"Plate - Feed Roller, Brush Chipper | 002-015-079 | Plate - Main, Rear",VMRS_HB_COMPLETE_v20 page 6_pages_76-100.md
002-002-091,,002,002,Plate - Fender Closing | 053-005-008 | Plate - Maintenance,VMRS_HB_COMPLETE_v20 page 6_pages_76-100.md
014-002-052,,014,002,"Plate - Filler, Bumper | 168-001-005 | Plate - Motor Mount, Mower",VMRS_HB_COMPLETE_v20 page 6_pages_76-100.md
121-001-016,,121,001,"Plate - Final Drive | 002-018-156 | Plate - Motor, Window Regulator",VMRS_HB_COMPLETE_v20 page 6_pages_76-100.md
045-002-025,,045,002,"Plate - Flange, Oil Galley | 002-002-099 | Plate - Mount, Fender Rail",VMRS_HB_COMPLETE_v20 page 6_pages_76-100.md
073-007-019,,073,007,"Plate - Flapper, Hopper | 044-001-113 | Plate - Mount, Filler Neck, Fuel Tank",VMRS_HB_COMPLETE_v20 page 6_pages_76-100.md
061-002-008,,061,002,"Plate - Floating, Lower Hopper | 002-025-055 | Plate - Mount, Windshield Frame",VMRS_HB_COMPLETE_v20 page 6_pages_76-100.md
002-012-056,,002,012,"Plate - Floor | 004-001-012 | Plate - Mounting Bracket, Roof Air Deflector,",VMRS_HB_COMPLETE_v20 page 6_pages_76-100.md
002-012-119,,002,012,Plate - Floor Baffle | | Center,VMRS_HB_COMPLETE_v20 page 6_pages_76-100.md
174-033-103,,174,033,"Plate - Floor, Center Hoop | 004-001-011 | Plate - Mounting Bracket, Roof Air Deflector,",VMRS_HB_COMPLETE_v20 page 6_pages_76-100.md
001-004-086,,001,004,"Plate - Floor, Heater And A/C, Sleeper | | Front",VMRS_HB_COMPLETE_v20 page 6_pages_76-100.md
045-004-008,,045,004,"Plate - Flywheel Flex | 004-001-013 | Plate - Mounting Bracket, Roof Air Deflector,",VMRS_HB_COMPLETE_v20 page 6_pages_76-100.md
034-001-035,,034,001,Plate - Fog Lamp Switch | | Rear,VMRS_HB_COMPLETE_v20 page 6_pages_76-100.md
027-006-011,,027,006,Plate - Forward Clutch (Faced) | 013-011-115 | Plate - Mounting ECU,VMRS_HB_COMPLETE_v20 page 6_pages_76-100.md
027-006-010,,027,006,"Plate - Forward Clutch (Steel) | 001-001-415 | Plate - Mounting, Blower Motor, HVAC",VMRS_HB_COMPLETE_v20 page 6_pages_76-100.md
014-001-070,,014,001,Plate - Frame Attaching | 002-018-085 | Plate - Nut,VMRS_HB_COMPLETE_v20 page 6_pages_76-100.md
077-004-002,,077,004,"Plate - Front Floor | 082-001-060 | Plate - Nut, Idler",VMRS_HB_COMPLETE_v20 page 6_pages_76-100.md
362-001-003,,362,001,"Plate - Front Mounting | 082-007-029 | Plate - Nut, Idler",VMRS_HB_COMPLETE_v20 page 6_pages_76-100.md
027-024-021,,027,024,"Plate - Oil Channel, Support | 072-003-025 | Plate - Seal Pin, Latch Handle",VMRS_HB_COMPLETE_v20 page 6_pages_76-100.md
082-004-031,,082,004,"Plate - Oil Pump | 002-027-215 | Plate - Seat Mounting, Upper",VMRS_HB_COMPLETE_v20 page 6_pages_76-100.md
082-002-037,,082,002,"Plate - Oil Pump, Compressor, Mechanical | 053-005-014 | Plate - Serial Number (VIN)",VMRS_HB_COMPLETE_v20 page 6_pages_76-100.md
026-011-137,,026,011,Refrigeration Unit | | Plate - Shift Cable,VMRS_HB_COMPLETE_v20 page 6_pages_76-100.md
001-002-152,,001,002,"Plate - Outlet, Heater | 026-011-197 | Plate - Shift Control",VMRS_HB_COMPLETE_v20 page 6_pages_76-100.md
365-001-036,,365,001,"Plate - Paint Gun Assembly | 026-015-052 | Plate - Shift Tower, Automated Transmission",VMRS_HB_COMPLETE_v20 page 6_pages_76-100.md
082-029-050,,082,029,"Plate - Panel Fastener, Reefer | 027-033-105 | Plate - Shifter",VMRS_HB_COMPLETE_v20 page 6_pages_76-100.md
368-001-034,,368,001,"Plate - Perforated, Drum Support | 002-004-119 | Plate - Shim, Hood Pivot",VMRS_HB_COMPLETE_v20 page 6_pages_76-100.md
002-015-062,,002,015,"Plate - Pillar | 174-032-021 | Plate - Shim, Wheelchair Ramp Mechanism",VMRS_HB_COMPLETE_v20 page 6_pages_76-100.md
002-015-061,,002,015,"Plate - Pillar Angle | 016-007-014 | Plate - Shock, Stabilizer, Rear Suspension",VMRS_HB_COMPLETE_v20 page 6_pages_76-100.md
010-002-076,,010,002,"Plate - Pivot, Front Spring | 077-005-004 | Plate Side Stop",VMRS_HB_COMPLETE_v20 page 6_pages_76-100.md
004-001-024,,004,001,"Plate - Plvol, Rooi All Dellector | 461 001 017 | Plate - Side 5 Hole Arrow Roard",VMRS_HB_COMPLETE_v20 page 6_pages_76-100.md
465-001-004,,465,001,"Plate - Plater Packer | 401-001-017 | Plate - Side, Badiator Support",VMRS_HB_COMPLETE_v20 page 6_pages_76-100.md
072-005-014,,072,005,Plate - Plunger ock | 002-030-009 | Plate - Sill,VMRS_HB_COMPLETE_v20 page 6_pages_76-100.md
024-003-006,,024,003,"Plate - Pole Shoe, Betarder, Drive Shaft | 053-004-053 | Plate - Siren",VMRS_HB_COMPLETE_v20 page 6_pages_76-100.md
034-004-296,,034,004,Plate - Power Outlet | 002-015-044 | Plate - Skip,VMRS_HB_COMPLETE_v20 page 6_pages_76-100.md
016-009-013,,016,009,"Plate - Pressure | 174-033-031 | Plate - Slide, Control Unit",VMRS_HB_COMPLETE_v20 page 6_pages_76-100.md
016-002-103,,016,002,"Plate - Pressure, Front Leaf Spring | 174-033-108 | Plate - Slide, Energy Guiding System",VMRS_HB_COMPLETE_v20 page 6_pages_76-100.md
015-005-033,,015,005,"Plate - Pressure, Oil Pump | 174-033-053 | Plate - Slide, Platform",VMRS_HB_COMPLETE_v20 page 6_pages_76-100.md
044-003-163,,044,003,Plate - Pulsation Damper | 022-003-042 | Plate - Sliding Clutch,VMRS_HB_COMPLETE_v20 page 6_pages_76-100.md
002-036-034,,002,036,"Plate - Pump | 368-001-010 | Plate - Sliding, Case",VMRS_HB_COMPLETE_v20 page 6_pages_76-100.md
056-001-138,,056,001,"Plate - Pump Mounting, Declutch, PTO | 027-031-033 | Plate - Solenoid Separator",VMRS_HB_COMPLETE_v20 page 6_pages_76-100.md
002-008-055,,002,008,Plate - Radio Trim | 058-006-018 | Plate - Solenoid/Contactor,VMRS_HB_COMPLETE_v20 page 6_pages_76-100.md
016-005-203,,016,005,"Plate - Radius Rod | 015-005-085 | Plate - Spacer, Oil Pump",VMRS_HB_COMPLETE_v20 page 6_pages_76-100.md
016-018-051,,016,018,Plate - Rail Repair | 014-001-071 | Plate - Spacing,VMRS_HB_COMPLETE_v20 page 6_pages_76-100.md
059-001-131,,059,001,"Plate - Ramp, Fifth Wheel | 002-004-188 | Plate - Splice, Hood Bezel",VMRS_HB_COMPLETE_v20 page 6_pages_76-100.md
026-011-097,,026,011,Plate - Range Control Valve | 058-005-003 | Plate - Spline,VMRS_HB_COMPLETE_v20 page 6_pages_76-100.md
002-015-060,,002,015,Plate - Rear Column | 027-001-018 | Plate - Spring,VMRS_HB_COMPLETE_v20 page 6_pages_76-100.md
002-022-046,,002,022,Plate - Rear Door Hinge | 016-009-012 | Plate - Spring Eye,VMRS_HB_COMPLETE_v20 page 6_pages_76-100.md
028-001-008,,028,001,Plate - Rear Housing | 032-002-034 | Plate - Starter Inspection,VMRS_HB_COMPLETE_v20 page 6_pages_76-100.md
362-001-002,,362,001,Plate - Rear Mounting | 027-027-002 | Plate - Stator Control Valve,VMRS_HB_COMPLETE_v20 page 6_pages_76-100.md
002-024-052,,002,024,"Plate - Rear Tandem Fairing | 053-009-007 | Plate - Steel, Diamond",VMRS_HB_COMPLETE_v20 page 6_pages_76-100.md
002-024-032,,002,024,"Plate - Real Window, Auminum to Class | 012-001-01/ | Plate - Steering Ayle",VMRS_HB_COMPLETE_v20 page 6_pages_76-100.md
002-007-019,,002,007,"Plate - Reinforcement Anchor ""A"" Pillar | 012-001-014 | Plate - Stiffener Engine Mounting",VMRS_HB_COMPLETE_v20 page 6_pages_76-100.md
002-007-020,,002,007,"Plate - Reinforcement ""A"" Pillar | 002-004-149 | Plate - Stiffener, Bod Bridge",VMRS_HB_COMPLETE_v20 page 6_pages_76-100.md
082-038-003,,082,038,"Plate - Reinforcement, Cage | 055-001-044 | Plate - Stop, Ramp",VMRS_HB_COMPLETE_v20 page 6_pages_76-100.md
059-004-019,,059,004,"Plate - Reinforcement, Dolly Tongue | 013-010-331 | Plate - Strainer, Air Drier",VMRS_HB_COMPLETE_v20 page 6_pages_76-100.md
077-010-015,,077,010,"Plate - Reinforcement, Dolly Tongue | 461-001-018 | Plate - Strengthening, Arrow Board",VMRS_HB_COMPLETE_v20 page 6_pages_76-100.md
043-003-057,,043,003,"Plate - Reinforcement, Exhaust | 071-026-045 | Plate - Striker",VMRS_HB_COMPLETE_v20 page 6_pages_76-100.md
174-013-030,,174,013,"Plate - Reinforcement, Rear Emergency Door | 002-018-207 | Plate - Striker Retainer, Door Lock",VMRS_HB_COMPLETE_v20 page 6_pages_76-100.md
014-005-026,,014,005,"Hinge | | Plate - Striker, Battery Box",VMRS_HB_COMPLETE_v20 page 6_pages_76-100.md
004-001-040,,004,001,"Plate - Reinforcement, Roof Air Deflector | 174-031-015 | Plate - Striker, Bus Under Driver Seat Storage",VMRS_HB_COMPLETE_v20 page 6_pages_76-100.md
174-012-031,,174,012,"Plate - Reinforcement, Side Emergency Door | | Box Door",VMRS_HB_COMPLETE_v20 page 6_pages_76-100.md
174-030-015,,174,030,"Hinge | | Plate - Striker, Bus Under Passenger Seat",VMRS_HB_COMPLETE_v20 page 6_pages_76-100.md
034-004-286,,034,004,"Plate - Reinforcement, Utility Lamp | 000 004 070 | Storage Box Door",VMRS_HB_COMPLETE_v20 page 6_pages_76-100.md
174-001-148,,174,001,"Plate - Reinforcing, Bus Door Hinge | 002-004-273 | Plate - Striker, Hood Lock",VMRS_HB_COMPLETE_v20 page 6_pages_76-100.md
020-011-212,,020,011,"Plate - Relief Valve, Speed Control Valve | 002-059-018 | Plate - Striker, Lid, Pickup Box",VMRS_HB_COMPLETE_v20 page 6_pages_76-100.md
207-004-002,,207,004,"Plate - Nesi, DuoliiPlate - Detainer, Bearing, Drum Support | 174.011.036 | Plate - Striker, LUCK, Liligate",VMRS_HB_COMPLETE_v20 page 6_pages_76-100.md
021-001-132,,021,001,"Plate - Retainer, Dealing, Drum Support | 002-050-605 | Plate - Striker, Table Sleeper",VMRS_HB_COMPLETE_v20 page 6_pages_76-100.md
072-003-042,,072,003,"Plate - Retainer, Door Handle | 014-010-003 | Plate - Striker, Toolbox",VMRS_HB_COMPLETE_v20 page 6_pages_76-100.md
072-007-018,,072,007,"Plate - Retainer, Door Handle, Reefer Door | 055-023-091 | Plate - Striker, Wheelchair Lift",VMRS_HB_COMPLETE_v20 page 6_pages_76-100.md
002-026-039,,002,026,"Plate - Retainer, Door Weatherstrip | 002-010-112 | Plate - Structure, Convex Mirror Head",VMRS_HB_COMPLETE_v20 page 6_pages_76-100.md
044-002-098,,044,002,"Plate - Retainer, Fuel Filter | 002-010-111 | Plate - Structure, Primary Mirror Head",VMRS_HB_COMPLETE_v20 page 6_pages_76-100.md
098-015-012,,098,015,"Plate - Retaining, Disc | 002-006-047 | Plate - Sunroof, Hatch",VMRS_HB_COMPLETE_v20 page 6_pages_76-100.md
034-003-106,,034,003,"Plate - Retractable Stop Arm, Side Mount | 097-001-045 | Plate - Support",VMRS_HB_COMPLETE_v20 page 6_pages_76-100.md
027-010-007,,027,010,Plate - Reverse Clutch (Faced) | 058-007-005 | Plate - Support Spacer,VMRS_HB_COMPLETE_v20 page 6_pages_76-100.md
027-010-006,,027,010,"Plate - Reverse Clutch (Steel) | 052-007-015 | Plate - Support, Television",VMRS_HB_COMPLETE_v20 page 6_pages_76-100.md
027-010-012,,027,010,"Plate - Reverse Clutch Kit | 002-050-636 | Plate - Switch Mounting, Baggage Door",VMRS_HB_COMPLETE_v20 page 6_pages_76-100.md
013-008-016,,013,008,"Plate - Rolling, Diaphragm Support | 174-001-225 | Plate - Switch, Bus Body",VMRS_HB_COMPLETE_v20 page 6_pages_76-100.md
014-014-011,,014,014,"Plate - Rubber, Mud Flap, Rear Wheel | 052-007-018 | Plate - Switch, Satellite Dome, Television",VMRS_HB_COMPLETE_v20 page 6_pages_76-100.md
002-002-072,,002,002,"Plate - Rubber, Mud Flap. Rear | 026-006-036 | Plate - Synchronizing Shift, Manual Transmission",VMRS_HB_COMPLETE_v20 page 6_pages_76-100.md
174-022-026,,174,022,"Plate - Safety Capite Hook | 002-048-089 | Plate - Tap, Curtain Mounting",VMRS_HB_COMPLETE_v20 page 6_pages_76-100.md
174-033-030,,174,033,"Flate - Salety, Control Unit | 174-022.006 | Flate - Tap, Quarter Parter",VMRS_HB_COMPLETE_v20 page 6_pages_76-100.md
014-017-040,,014,017,"Flate - School bus Stop Arm Assembly | 004-005-090 | Flate - Tapping, Center MoopPlate - Tapping, Chassis Fairing",VMRS_HB_COMPLETE_v20 page 6_pages_76-100.md
002-062-045,,002,062,"Plate - Scuff Trim Trunk | 002-004-206 | Plate - Tapping, Onassis FailingPlate - Tapping, Hood Latch",VMRS_HB_COMPLETE_v20 page 6_pages_76-100.md
097-001-015,,097,001,"Plate - Seal | 002-008-110 | Plate - Tapping, Latch, Glove Box",VMRS_HB_COMPLETE_v20 page 6_pages_76-100.md
043-004-031,,043,004,"Plate - Seal & Bearing Control, Turbocharger | 058-009-003 | Plate - Tensioner",VMRS_HB_COMPLETE_v20 page 6_pages_76-100.md
072-003-069,,072,003,"Plate - Theft Deterrent, Rear Door, Exterior | 002-012-008 | Platform - Floorpan, Cab",VMRS_HB_COMPLETE_v20 page 6_pages_76-100.md
072-003-070,,072,003,"Plate - Theft Deterrent, Rear Door, Interior | 055-001-002 | Platform - Power Liftgate",VMRS_HB_COMPLETE_v20 page 6_pages_76-100.md
052-008-021,,052,008,"Plate - Thermostat, Refrigerator | 055-001-000 | Platform - Power Liftgate, Platform Components",VMRS_HB_COMPLETE_v20 page 6_pages_76-100.md
071-001-012,,071,001,Plate - Threshold | 068-001-043 | Platform - Splicer Assembly,VMRS_HB_COMPLETE_v20 page 6_pages_76-100.md
044-005-066,,044,005,Plate - Throttle | 173-010-000 | Platform - Tilt Body,VMRS_HB_COMPLETE_v20 page 6_pages_76-100.md
045-007-045,,045,007,"Plate - Timing Gear Inspection, Cylinder Head | 174-033-043 | Platform Assembly - Articulated Joint",VMRS_HB_COMPLETE_v20 page 6_pages_76-100.md
045-022-002,,045,022,"Plate - Timing Gear Inspection, Rear Timing | 055-001-001 | Platform Assembly - Power Liftgate",VMRS_HB_COMPLETE_v20 page 6_pages_76-100.md
173-010-001,,173,010,Housing | | Platform Assembly - Tilt Body,VMRS_HB_COMPLETE_v20 page 6_pages_76-100.md
045-008-234,,045,008,"Plate - Timing Housing Seal, Variable Valve | 055-001-019 | Platform Opener",VMRS_HB_COMPLETE_v20 page 6_pages_76-100.md
077-012-021,,077,012,"Plate - Tire Protection | 369-005-017 | Platforms and Walkways - Catwalk, Fabricated",VMRS_HB_COMPLETE_v20 page 6_pages_76-100.md
369-006-007,,369,006,"Plate - Toggle, Toggle Assembly | | Structure",VMRS_HB_COMPLETE_v20 page 6_pages_76-100.md
042-002-101,,042,002,"Plate - Top Tank, Radiator | 001-002-103 | Plenum - Air Inlet",VMRS_HB_COMPLETE_v20 page 6_pages_76-100.md
002-050-694,,002,050,"Plate - Top, Curtain Mounting | 041-001-070 | Plenum - Air Intake",VMRS_HB_COMPLETE_v20 page 6_pages_76-100.md
014-001-087,,014,001,"Plate - Iow/IIe, Forward Frame | 001-001-337 | Plenum - Condenser, Air Conditioner",VMRS_HB_COMPLETE_v20 page 6_pages_76-100.md
020-001-132,,020,001,"Plate - Transier Case | 094-008-020 | Plenum - Cover, Air Supply",VMRS_HB_COMPLETE_v20 page 6_pages_76-100.md
002-012-110,,002,012,Plate - Trim Finish Panol Liftgato | 001-002-100 | Plenum Outlet Duct Slooper,VMRS_HB_COMPLETE_v20 page 6_pages_76-100.md
002-001-010,,002,001,Plate - Trunnion | 073-007-003 | Plenum Assembly - Honner,VMRS_HB_COMPLETE_v20 page 6_pages_76-100.md
016-002-097,,016,002,Plate - U-Bolt eaf Spring | 053-006-288 | Pliers,VMRS_HB_COMPLETE_v20 page 6_pages_76-100.md
016-005-072,,016,005,"Plate - U-Bolt, Lower Spring | 094-011-013 | Plug - Quick Disconnect Protector Groove End",VMRS_HB_COMPLETE_v20 page 6_pages_76-100.md
016-005-071,,016,005,"Plate - U-Bolt, Spring, Upper | 045-016-002 | Plug - Crankcase Heater",VMRS_HB_COMPLETE_v20 page 6_pages_76-100.md
077-005-002,,077,005,Plate - Upper | 098-007-012 | Plug - Lever Support Pin,VMRS_HB_COMPLETE_v20 page 6_pages_76-100.md
013-008-012,,013,008,"Plate - Vacuum Cylinder, End | 027-019-002 | Plug - Main Shaft Cup",VMRS_HB_COMPLETE_v20 page 6_pages_76-100.md
294-001-021,,294,001,"Plate - Valve, Fuel Meter | 044-006-020 | Plug - Operating Shaft, Governor",VMRS_HB_COMPLETE_v20 page 6_pages_76-100.md
014-001-060,,014,001,"Plate - Valve, Mounting | 034-003-118 | Plug - (Five Conductor Electrical) - Tractor",VMRS_HB_COMPLETE_v20 page 6_pages_76-100.md
002-018-167,,002,018,Plate - Vent Window | | Wiring,VMRS_HB_COMPLETE_v20 page 6_pages_76-100.md
053-004-040,,053,004,Plate - Warning Bell | 034-003-088 | Plug - 12 Conductor 12/24V,VMRS_HB_COMPLETE_v20 page 6_pages_76-100.md
002-002-034,,002,002,"Plate - Washer | 002-016-014 | Plug - 2 Way, Tractor, Tailgate",VMRS_HB_COMPLETE_v20 page 6_pages_76-100.md
016-005-103,,016,005,"Plate - Wear, Equalizer | 099-008-003 | Plug - 6 Way, Overfill System",VMRS_HB_COMPLETE_v20 page 6_pages_76-100.md
077-009-018,,077,009,"Plate - Wear, Hanger | 014-001-096 | Plug - Access, Body",VMRS_HB_COMPLETE_v20 page 6_pages_76-100.md
016-005-104,,016,005,"Plate - Wear, Spring Hanger | 027-024-061 | Plug - Accumulator",VMRS_HB_COMPLETE_v20 page 6_pages_76-100.md
199-005-018,,199,005,"Plate - Wear, Irommel | 015-007-008 | Plug - Adapter Ball Adjuster",VMRS_HB_COMPLETE_v20 page 6_pages_76-100.md
002-018-040,,002,018,"Plate - Wedge Striker, Front Door, Lower | 015-004-039 | Plug - Adjuster, Ball Socket, Drag Link",VMRS_HB_COMPLETE_v20 page 6_pages_76-100.md
002-018-037,,002,018,"Plate - Wedge Striker, Front Door, Opper | 098-012-042 | Plug - Air Bleed",VMRS_HB_COMPLETE_v20 page 6_pages_76-100.md
174-032-030,,174,032,Plate - Wheelchair Ramp Mechanism | 041-001-063 | Plug - Air Supply Air Cleaner,VMRS_HB_COMPLETE_v20 page 6_pages_76-100.md
041-001-003,,041,001,"267-012-01/ | Plate - Winch | | Plug - All Supply, All Cleaner",VMRS_HB_COMPLETE_v20 page 6_pages_76-100.md
014-001-059,,014,001,Plate - 7 Badiator Support | 022-001-013 | Plug - Axle Housing Tube,VMRS_HB_COMPLETE_v20 page 6_pages_76-100.md
018-003-042,,018,003,"Plate (Bing) - Wheel Balancer Hub Mounted | 021-001-020 | Plug - Axle Housing, Driven Front Steer Axle",VMRS_HB_COMPLETE_v20 page 6_pages_76-100.md
013-008-019,,013,008,Plate & Sleeve - Piston | 022-001-040 | Plug - Axle Sensor,VMRS_HB_COMPLETE_v20 page 6_pages_76-100.md
013-010-125,,013,010,Plate & Treadle Assembly | 013-014-091 | Plug - Backing Plate,VMRS_HB_COMPLETE_v20 page 6_pages_76-100.md
054-001-047,,054,001,Plate And Brush - Horn | 015-007-039 | Plug - Ball Stud End,VMRS_HB_COMPLETE_v20 page 6_pages_76-100.md
044-009-014,,044,009,"Plate Assembly - Backup | 021-001-075 | Plug - Bearing Cup, Inner Axle Shaft, Driven",VMRS_HB_COMPLETE_v20 page 6_pages_76-100.md
002-050-708,,002,050,Plate Assembly - Coat Hook | | Front Steer Axle,VMRS_HB_COMPLETE_v20 page 6_pages_76-100.md
023-002-002,,023,002,"Plate Assembly - Driven Disc, Clutch | 044-002-031 | Plug - Bowl, Separator",VMRS_HB_COMPLETE_v20 page 6_pages_76-100.md
015-007-025,,015,007,Plate Assembly - Hose Protection | 094-013-028 | Plug - Bulk Product Transfer,VMRS_HB_COMPLETE_v20 page 6_pages_76-100.md
027-008-013,,027,008,Plate Assembly - Intermediate Clutch (Faced) | 002-008-044 | Plug - Button,VMRS_HB_COMPLETE_v20 page 6_pages_76-100.md
044-003-101,,044,003,"Plate Assembly - Operating Shaft | 013-010-455 | Plug - Button, Air Manifold",VMRS_HB_COMPLETE_v20 page 6_pages_76-100.md
098-016-006,,098,016,"Plate Finger | 013-011-126 | Plug - Cable, ABS Sensor",VMRS_HB_COMPLETE_v20 page 6_pages_76-100.md
027-004-020,,027,004,"Plate Kit - 3rd Cluich | 082-028-010 | Plug - Cable, Standby",VMRS_HB_COMPLETE_v20 page 6_pages_76-100.md
027-030-020,,027,030,"Plate Art - Oil FuilipPlate Art Disc | 021-001-101 | Plug - Carrier Housing, Driven Front Steer Ayle",VMRS_HB_COMPLETE_v20 page 6_pages_76-100.md
098-005-002,,098,005,"Plate Or Spacer - Valve Body | 026-001-008 | Plug - Carler Housing, Driver Hont Steel Akle",VMRS_HB_COMPLETE_v20 page 6_pages_76-100.md
465-001-000,,465,001,Plate Packer | 174-024-127 | Plug - Cavity Bus Wiring Harness Electrical,VMRS_HB_COMPLETE_v20 page 6_pages_76-100.md
465-001-001,,465,001,Plate Packer Assembly | 174 024 127 | Connector,VMRS_HB_COMPLETE_v20 page 6_pages_76-100.md
002-030-019,,002,030,"Plate Set - Sill. Door Trim | 002-025-045 | Plug - Center Post, Windshield",VMRS_HB_COMPLETE_v20 page 6_pages_76-100.md
027-001-015,,027,001,"Plate, Baffle, Trans Case, Automatic | 052-001-007 | Plug - Cigar Lighter",VMRS_HB_COMPLETE_v20 page 6_pages_76-100.md
365-009-034,,365,009,Transmission | | Plug - Cleaner Tank,VMRS_HB_COMPLETE_v20 page 6_pages_76-100.md
058-007-004,,058,007,"Plate, Bar - Tie Rod | 002-048-204 | Plug - Clock, Overhead Storage",VMRS_HB_COMPLETE_v20 page 6_pages_76-100.md
174-001-013,,174,001,"Plate, Reinforcement - Roof Bow Rafter | 023-001-088 | Plug - Clutch Shaft",VMRS_HB_COMPLETE_v20 page 6_pages_76-100.md
174-001-015,,174,001,"Plate, Reinforcement - Roof Stringer | 002-019-041 | Plug - Compartment Door",VMRS_HB_COMPLETE_v20 page 6_pages_76-100.md
002-010-086,,002,010,"Plate, Structure - Mirror Motor | 034-003-117 | Plug - Connector, 6 Way Plug To 6 Way",VMRS_HB_COMPLETE_v20 page 6_pages_76-100.md
014-001-056,,014,001,"Plate/Insert - Frame Step, All Wheel Drive | | Receptacle",VMRS_HB_COMPLETE_v20 page 6_pages_76-100.md
151-002-021,,151,002,"Plate&Seal - Heater, APU | 027-038-014 | Plug - Connector, Electronic Controls, Automatic",VMRS_HB_COMPLETE_v20 page 6_pages_76-100.md
068-006-013,,068,006,"Plates, Abrasion - Forks | 007 004 400 | Iransmission",VMRS_HB_COMPLETE_v20 page 6_pages_76-100.md
014-005-030,,014,005,"Platform - Battery Box | 027-024-109 | Plug - Control Valve, Valve Body, Automatic",VMRS_HB_COMPLETE_v20 page 6_pages_76-100.md
101-012-000,,101,012,Flatiofffi - D00ffiDiatform - Rulk Storago System | 007 000 006 | HansmissionDug Converter End,VMRS_HB_COMPLETE_v20 page 6_pages_76-100.md
191-012-000,,191,012,Flattorm - Channel Side | 042.007 169 | Flug - Contretter End,VMRS_HB_COMPLETE_v20 page 6_pages_76-100.md
174-001-092,,174,001,Platform - Driver Seat Rue Rody | 027-030-006 | Plug - Cooler Manifold,VMRS_HB_COMPLETE_v20 page 6_pages_76-100.md
059-001-200,,059,001,Platform - Fifth Wheel | 044-003-002 | Plug - Cover,VMRS_HB_COMPLETE_v20 page 6_pages_76-100.md
000-001-171,,000,001,011 000 00L,VMRS_HB_COMPLETE_v20 page 6_pages_76-100.md
042-012-010,,042,012,"Plug - Cover, Coolant Diverter | 027-001-009 | Plug - Oil Passage Sealing (Cup), Automatic",VMRS_HB_COMPLETE_v20 page 6_pages_76-100.md
015-002-080,,015,002,"Plug - Cover, Steering Column | | Transmission",VMRS_HB_COMPLETE_v20 page 6_pages_76-100.md
059-033-032,,059,033,Plug - Cylinder Air Bleeder | 045-002-055 | Plug - Oil Pressure,VMRS_HB_COMPLETE_v20 page 6_pages_76-100.md
045-009-023,,045,009,Plug - Cylinder Block Oil Hole | 015-005-015 | Plug - Oil Pump Body,VMRS_HB_COMPLETE_v20 page 6_pages_76-100.md
043-007-226,,043,007,Plug - DEF Doser | 027-029-014 | Plug - Oil Pump Cover (Cup),VMRS_HB_COMPLETE_v20 page 6_pages_76-100.md
002-017-022,,002,017,"Plug - Door Frame | 045-002-052 | Plug - Oil, Engine Block",VMRS_HB_COMPLETE_v20 page 6_pages_76-100.md
002-018-109,,002,018,"Plug - Door Hinge | 365-007-038 | Plug - Oil, Paint Pump",VMRS_HB_COMPLETE_v20 page 6_pages_76-100.md
002-017-044,,002,017,"Plug - Door Shell | 044-004-031 | Plug - Orifice, Injector",VMRS_HB_COMPLETE_v20 page 6_pages_76-100.md
024-002-037,,024,002,"Plug - Drive Shaft End | 025-001-088 | Plug - Orifice, Transfer Case",VMRS_HB_COMPLETE_v20 page 6_pages_76-100.md
034-003-182,,034,003,Plug - Dual Pole | 055-006-006 | Plug - Outside Electric Power Source,VMRS_HB_COMPLETE_v20 page 6_pages_76-100.md
065-007-009,,065,007,Plug - Dust Protector | 365-009-009 | Plug - Paint Tank Assembly,VMRS_HB_COMPLETE_v20 page 6_pages_76-100.md
059-032-019,,059,032,"Plug - Dust Protector, Hydraulic Fitting | 002-046-042 | Plug - Panel",VMRS_HB_COMPLETE_v20 page 6_pages_76-100.md
045-021-046,,045,021,Plug - ECIVI | 002-015-063 | Plug - Pillar,VMRS_HB_COMPLETE_v20 page 6_pages_76-100.md
034-003-050,,034,003,"Plug - Electrical, 4-way, Tractor Wiring | 053-007-049 | Plug - PipeDiug Dina Roval Rox Dual Staaring",VMRS_HB_COMPLETE_v20 page 6_pages_76-100.md
032-003-002,,032,003,"Plug Engine Brake | 015-009-018 | Plug - Pipe, Devel Dox, Dual Steering",VMRS_HB_COMPLETE_v20 page 6_pages_76-100.md
045-002-002,,045,002,Plug - Engine Diake | 013-010-402 | Plug - Port Air Hose Connection,VMRS_HB_COMPLETE_v20 page 6_pages_76-100.md
045-008-115,,045,008,"Plug - Expansion, Bocker Arm Shaft | 082-028-008 | Plug - Power, Ternale",VMRS_HB_COMPLETE_v20 page 6_pages_76-100.md
045-008-118,,045,008,"Plug - Expansion, Shaft, Cam Follower | 027-029-029 | Plug - Pressure Begulator Valve Bore",VMRS_HB_COMPLETE_v20 page 6_pages_76-100.md
053-007-070,,053,007,"Plug - Expansion, Universal | 027-024-093 | Plug - Pressure Tap",VMRS_HB_COMPLETE_v20 page 6_pages_76-100.md
068-007-003,,068,007,Plug - Extension Spring | 056-001-124 | Plug - PTO,VMRS_HB_COMPLETE_v20 page 6_pages_76-100.md
153-003-005,,153,003,"Plug - Female, Stationary Generator | 022-004-097 | Plug - Pump Relief Valve",VMRS_HB_COMPLETE_v20 page 6_pages_76-100.md
002-002-064,,002,002,Plug - Fender | 002-005-019 | Plug - Rain Trav,VMRS_HB_COMPLETE_v20 page 6_pages_76-100.md
053-006-042,,053,006,"Plug - Fill. Reservoir | 045-008-002 | Plug - Rear Bearing, Camshaft",VMRS_HB_COMPLETE_v20 page 6_pages_76-100.md
034-004-049,,034,004,"Plug - Filler, Junction Box | 042-009-024 | Plug - Receptacle, Coolant Pre-Heater",VMRS_HB_COMPLETE_v20 page 6_pages_76-100.md
059-036-031,,059,036,Plug - Filter Air Bleeder | 082-006-051 | Plug - Refrigeration Cord,VMRS_HB_COMPLETE_v20 page 6_pages_76-100.md
044-005-008,,044,005,Plug - Float Bowl | 015-004-005 | Plug - Relay Rod End,VMRS_HB_COMPLETE_v20 page 6_pages_76-100.md
045-004-028,,045,004,"Plug - Flywheel Housing | 015-004-007 | Plug - Relay Rod, Inner",VMRS_HB_COMPLETE_v20 page 6_pages_76-100.md
002-015-075,,002,015,"Plug - Frame, Window | 034-004-055 | Plug - Relay, Marker Lamp",VMRS_HB_COMPLETE_v20 page 6_pages_76-100.md
045-001-037,,045,001,"Plug - Front Cover | 034-001-187 | Plug - Retaining Ring, Headlamp",VMRS_HB_COMPLETE_v20 page 6_pages_76-100.md
044-003-159,,044,003,Plug - Fuel Line Return | 026-010-042 | Plug - Reverse Shift Spring,VMRS_HB_COMPLETE_v20 page 6_pages_76-100.md
044-003-293,,044,003,Plug - Fuel Manifold | 045-008-175 | Plug - Rocker Cover,VMRS_HB_COMPLETE_v20 page 6_pages_76-100.md
075-001-006,,075,001,"Plug - Fuse Plug Cover, Fill Lid | 034-001-116 | Plug - Rubber, Headlamp",VMRS_HB_COMPLETE_v20 page 6_pages_76-100.md
091-001-021,,091,001,"Plug - Fusible, Rotor Assembly, Blower | 013-009-139 | Plug - Sealing, Air Compressor",VMRS_HB_COMPLETE_v20 page 6_pages_76-100.md
053-007-128,,053,007,"Plug - General Use | 023-001-043 | Plug - Sealing, Cross Shaft",VMRS_HB_COMPLETE_v20 page 6_pages_76-100.md
002-001-051,,002,001,"Plug - Grab Handle, Grille | 048-001-113 | Plug - Service, Hybrid",VMRS_HB_COMPLETE_v20 page 6_pages_76-100.md
011-001-013,,011,001,"Plug - Grease, King Pin | 027-024-045 | Plug - ShiftDhur, Chift Farly Days Auto",VMRS_HB_COMPLETE_v20 page 6_pages_76-100.md
055-025-016,,055,025,"Plug - Handgrip, Pallet Jack | 022-003-114 | Plug - Shift Fork, Rear Axle",VMRS_HB_COMPLETE_v20 page 6_pages_76-100.md
045-005-009,,045,005,Plug - Harmonic Balancer | 026-009-007 | Plug - Shift Housing Rail,VMRS_HB_COMPLETE_v20 page 6_pages_76-100.md
012-010-214,,012,010,Plug Hox Hood Brock | 015-003-100 | Plug Single Pole 150 Amp Tractor,VMRS_HB_COMPLETE_v20 page 6_pages_76-100.md
013-010-314,,013,010,Plug High Prossure Oil Pail (HELII) | 034-003-001 | Plug Socket Mise Lamp Kit,VMRS_HB_COMPLETE_v20 page 6_pages_76-100.md
002-010-051,,002,010,034-004-145 | Plug Spork Engine,VMRS_HB_COMPLETE_v20 page 6_pages_76-100.md
013-010-433,,013,010,Plug - Hole Hand Valve | 020-002-000 | Plug - Speedometer Geer,VMRS_HB_COMPLETE_v20 page 6_pages_76-100.md
041-001-102,,041,001,"Plug - Housing Engine Air Filter | 012-001-026 | Plug - Spiedometer GearPlug - Spindle End, Non-Driven Rear Ayle",VMRS_HB_COMPLETE_v20 page 6_pages_76-100.md
013-014-102,,013,014,Plug - Hydraulic Wheel Cylinder | 021-001-054 | Plug - Spindle Anti-Dust Driven Front Steer Axle,VMRS_HB_COMPLETE_v20 page 6_pages_76-100.md
013-002-163,,013,002,"Plug - Hydraulic, Wheel Cylinder, Rear Brakes | 015-001-023 | Plug - Steering Wheel",VMRS_HB_COMPLETE_v20 page 6_pages_76-100.md
041-002-006,,041,002,Plug - Intake Manifold Expansion | 018-006-035 | Plug - Stop,VMRS_HB_COMPLETE_v20 page 6_pages_76-100.md
152-003-012,,152,003,"Plug - Lever Support Pin, Lavatory | 034-002-025 | Plug - Stop/Turn/Tail Lamp",VMRS_HB_COMPLETE_v20 page 6_pages_76-100.md
002-059-015,,002,059,"Plug - Lid, Pickup Box | 034-004-069 | Plug - Switch",VMRS_HB_COMPLETE_v20 page 6_pages_76-100.md
027-001-008,,027,001,Plug - Line Pressure Check | 027-031-036 | Plug - Tachograph,VMRS_HB_COMPLETE_v20 page 6_pages_76-100.md
051-009-018,,051,009,Plug - Lock Hole | 012-001-028 | Plug - Thermal,VMRS_HB_COMPLETE_v20 page 6_pages_76-100.md
065-017-018,,065,017,Plug - Lower Check | 018-004-036 | Plug - Thermal,VMRS_HB_COMPLETE_v20 page 6_pages_76-100.md
059-014-015,,059,014,"Plug - Lower Check, Reservoir | 016-005-063 | Plug - Thrust Cup, Torque Rod",VMRS_HB_COMPLETE_v20 page 6_pages_76-100.md
002-017-063,,002,017,Plug - Lower Door Pad | 025-001-086 | Plug - Transfer Case,VMRS_HB_COMPLETE_v20 page 6_pages_76-100.md
025-001-087,,025,001,"Plug - Lube Hole, Transfer Case | 002-048-241 | Plug - Trim Panel, ""A"" Pillar",VMRS_HB_COMPLETE_v20 page 6_pages_76-100.md
153-003-006,,153,003,"Plug - Male, Stationary Generator | 078-017-034 | Plug - Two Pole, 200 Amp",VMRS_HB_COMPLETE_v20 page 6_pages_76-100.md
014-004-054,,014,004,"Plug - Manifold, Cab Leveling Valve | 065-017-019 | Plug - Upper Check",VMRS_HB_COMPLETE_v20 page 6_pages_76-100.md
034-004-047,,034,004,"Plug - Marker/Clearance Lamp | 059-014-014 | Plug - Upper Check, Reservoir",VMRS_HB_COMPLETE_v20 page 6_pages_76-100.md
368-002-003,,368,002,"Plug - Monitoring Level | 042-002-106 | Plug - Vent, Radiator",VMRS_HB_COMPLETE_v20 page 6_pages_76-100.md
043-003-059,,043,003,"Plug - Mounting Bracket, Muffler | 097-001-027 | Plug - Vented, Impeller Shaft Housing",VMRS_HB_COMPLETE_v20 page 6_pages_76-100.md
044-003-144,,044,003,"Plug - Non-Tampering Seal, End Cap, Injector | 045-002-053 | Plug - Water Jacket Side, Engine Block",VMRS_HB_COMPLETE_v20 page 6_pages_76-100.md
045-008-209,,045,008,"Plug - OII Bleed Orifice, Variable Valve Actuator | 045-007-025 | Plug - Water Jacket, Cylinder Head, Side",VMRS_HB_COMPLETE_v20 page 6_pages_76-100.md
042-004-008,,042,004,04E 010 040 | (VVA)Diug Oil Ceolor | | Plug - Water Pump,VMRS_HB_COMPLETE_v20 page 6_pages_76-100.md
045-012-049,,045,012,"Plug - Oll Cooler | 022-003-029 | Plug - Willing, Hadio",VMRS_HB_COMPLETE_v20 page 6_pages_76-100.md
020-001-013,,020,001,012/-030-01/ | Plug - Oll Fill Hub Boor Drive Wheel | | Flug /7 Sovon Conductor Electrical Connector,VMRS_HB_COMPLETE_v20 page 6_pages_76-100.md
015-002-032,,015,002,Plug - Oil Filler Housing | 034-003-030 | Tractor Wiring,VMRS_HB_COMPLETE_v20 page 6_pages_76-100.md
022-001-024,,022,001,Plug - Oil Filter Rear Ayle | 034-002-030 | Plug & Wiring - License Lamp,VMRS_HB_COMPLETE_v20 page 6_pages_76-100.md
045-008-004,,045,008,Plug - Oil Galley Camshaft | 027-039-009 | Plug Assembly - Cooler Manifold,VMRS_HB_COMPLETE_v20 page 6_pages_76-100.md
,000-001,000,001,2.5 | | 000 000,VMRS_HB_COMPLETE_v20 page 6_pages_76-100.md
027-012-022,,027,012,"Plug Kit - Torque Converter | 002-050-591 | Pocket - Door, Cabinet",VMRS_HB_COMPLETE_v20 page 6_pages_76-100.md
043-006-037,,043,006,Plug Wire - Doser System | 002-015-164 | Pocket - Fuel Filler,VMRS_HB_COMPLETE_v20 page 6_pages_76-100.md
034-003-045,,034,003,"Plug, 6 Pin Male Connector - Trailer Wiring | 002-008-142 | Pocket - Instrument Panel",VMRS_HB_COMPLETE_v20 page 6_pages_76-100.md
013-001-091,,013,001,"Plug, Backing Plate - Front Brake | 002-029-045 | Pocket - Map, Drivers Seat Back",VMRS_HB_COMPLETE_v20 page 6_pages_76-100.md
013-002-108,,013,002,"Plug, Backing Plate - Rear Brakes | 002-011-061 | Pocket - Rear",VMRS_HB_COMPLETE_v20 page 6_pages_76-100.md
013-002-113,,013,002,"Plug, Brake Shoe Bolt Hole - Rear Brakes | 077-012-011 | Pocket Sundanaa",VMRS_HB_COMPLETE_v20 page 6_pages_76-100.md
044-002-025,,044,002,"Plug, FillerPlug, Hydraulic Whool Cylindor - Front Brako | 002-040-199 | Pocket Tail amp",VMRS_HB_COMPLETE_v20 page 6_pages_76-100.md
034-003-059,,034,003,"Plug, Insert - 4 Way Tractor Wiring | 071-023-026 | Pocket Assembly - Bulkhead Door",VMRS_HB_COMPLETE_v20 page 6_pages_76-100.md
002-012-103,,002,012,"Plug, Sealing - Floor Pan | 002-019-058 | Pocket Assembly - Sliding Side Door",VMRS_HB_COMPLETE_v20 page 6_pages_76-100.md
013-002-111,,013,002,"Plug, Self Adjuster Kit - Rear Brakes | 002-010-041 | Pod - Mirror",VMRS_HB_COMPLETE_v20 page 6_pages_76-100.md
053-011-035,,053,011,"Plugs - Ear | 002-029-036 | Pod - Side, Seat",VMRS_HB_COMPLETE_v20 page 6_pages_76-100.md
361-008-000,,361,008,"Plumbing | 294-001-022 | Pod Assembly - Fork Drive, Fuel Meter",VMRS_HB_COMPLETE_v20 page 6_pages_76-100.md
071-033-006,,071,033,"Plumbing - Hydraulic, Walking Floor | 033-002-005 | Point - Distributor",VMRS_HB_COMPLETE_v20 page 6_pages_76-100.md
071-033-011,,071,033,"Plumbing - Pneumatic, Walking Floor | 462-015-003 | Point - Grounding, Chassis",VMRS_HB_COMPLETE_v20 page 6_pages_76-100.md
055-023-056,,055,023,Plumbing Kit - Wheelchair Lift | 032-002-028 | Point - Starter Contact,VMRS_HB_COMPLETE_v20 page 6_pages_76-100.md
059-002-005,,059,002,"Plunger - Air Chamber, Pintle Hook | 098-006-006 | Pointer",VMRS_HB_COMPLETE_v20 page 6_pages_76-100.md
015-003-118,,015,003,"Plunger - Bearing Cap, Steering Gear | 068-001-018 | Pointer - Angle Indicator",VMRS_HB_COMPLETE_v20 page 6_pages_76-100.md
013-005-020,,013,005,"Plunger - Brake Valve, Brake Pedal | 152 001 016 | Pointer - Display, PRINDL Selector",VMRS_HB_COMPLETE_v20 page 6_pages_76-100.md
012-030-120,,012,030,Plunger - Cap Lock | 079-001-010 | Pole - Anti-Nose Dive,VMRS_HB_COMPLETE_v20 page 6_pages_76-100.md
015-003-117,,015,003,Plunger - Cylinder Head Steering Gear | 267-017-000 | Pole Guide,VMRS_HB_COMPLETE_v20 page 6_pages_76-100.md
002-020-061,,002,020,Plunger - Door | 267-017-001 | Pole Guide Assembly,VMRS_HB_COMPLETE_v20 page 6_pages_76-100.md
267-002-006,,267,002,Plunger - Feeder Tube | 033-002-041 | Pole Piece Assembly - Distributor,VMRS_HB_COMPLETE_v20 page 6_pages_76-100.md
044-009-036,,044,009,Plunger - Fuel Heater | 032-002-055 | Pole Shoes - Field Coil,VMRS_HB_COMPLETE_v20 page 6_pages_76-100.md
044-003-052,,044,003,Plunger - Governor | 053-999-124 | Polish - Metal / Chrome,VMRS_HB_COMPLETE_v20 page 6_pages_76-100.md
044-003-044,,044,003,Plunger - Governor Barrel | 053-999-119 | Polish - Wheel,VMRS_HB_COMPLETE_v20 page 6_pages_76-100.md
098-012-040,,098,012,Plunger - Hydraulic Pump | 199-003-000 | Polishing Screen,VMRS_HB_COMPLETE_v20 page 6_pages_76-100.md
027-024-033,,027,024,"Plunger - Inching Valve, Automatic Transmission | 199-003-001 | Polishing Screen Assembly",VMRS_HB_COMPLETE_v20 page 6_pages_76-100.md
025-001-244,,025,001,"Plunger - Interlock, Transfer Case | 002-029-044 | Poly/Foam - Armrest, Seat",VMRS_HB_COMPLETE_v20 page 6_pages_76-100.md
072-004-032,,072,004,Plunger - Lock | 002-029-026 | Polyfoam Pad,VMRS_HB_COMPLETE_v20 page 6_pages_76-100.md
059-001-027,,059,001,Plunger - Lock Assembly | 071-019-022 | Polystyrene Spacers - All,VMRS_HB_COMPLETE_v20 page 6_pages_76-100.md
072-005-013,,072,005,"Plunger - Lock, Chain Gale | 071-019-023 | Polystyrene Spacers - RoolPolystyrene Spacers - Side Wall",VMRS_HB_COMPLETE_v20 page 6_pages_76-100.md
045-009-041,,045,009,Plunger - Oil Coolei | 174-001-082 | Poncho - Electrical Condensation Cover,VMRS_HB_COMPLETE_v20 page 6_pages_76-100.md
044-002-046,,044,002,"Plunger - Pump, Primer | 065-020-035 | Pop-Off - Euse Control Valve",VMRS_HB_COMPLETE_v20 page 6_pages_76-100.md
027-033-045,,027,033,"Plunger - Pushbutton Shift Selector | 098-013-028 | Poppet - Cylinder, Emergency Valve",VMRS_HB_COMPLETE_v20 page 6_pages_76-100.md
013-010-228,,013,010,"Plunger - Relay Valve | 026-010-076 | Poppet - Rail, Shift",VMRS_HB_COMPLETE_v20 page 6_pages_76-100.md
026-010-040,,026,010,"Plunger - Reverse Shift, Manual Transmission | 002-050-534 | Port - Auxiliary Power, Sleeper",VMRS_HB_COMPLETE_v20 page 6_pages_76-100.md
026-010-078,,026,010,"Plunger - Shift Detent | 044-016-026 | Port - Test, Evaporative Emission System",VMRS_HB_COMPLETE_v20 page 6_pages_76-100.md
082-008-086,,082,008,"Plunger - Solenoid Valve | 048-001-080 | Port Assembly - Charging, Hybrid",VMRS_HB_COMPLETE_v20 page 6_pages_76-100.md
032-002-037,,032,002,"Plunger - Starter Drive | 065-012-014 | Port Plate - Motor, Centrifugal Pump, Hydraulic",VMRS_HB_COMPLETE_v20 page 6_pages_76-100.md
002-036-112,,002,036,Plunger - Tilting Mechanism | 005 040 045 | System,VMRS_HB_COMPLETE_v20 page 6_pages_76-100.md
002-023-019,,002,023,"Plunger - Vent Glass Handle | 065-010-015 | Port Plate - Motor, Gear Motor, Hydraulic System",VMRS_HB_COMPLETE_v20 page 6_pages_76-100.md
044-003-122,,044,003,"Plunger - Weight, Shall Assembly | 000-011-015 | Port Plate - Motor, Piston Motor, Hydraulic",VMRS_HB_COMPLETE_v20 page 6_pages_76-100.md
207-012-021,,207,012,Plunger (Armatura) - Control Valva | 045-021-016 | SystemPort/Connector - Diagnostics,VMRS_HB_COMPLETE_v20 page 6_pages_76-100.md
044-003-026,,044,003,Plunger & Bushing - Injection Pump | 045-021-010 | Portable Unit - Navigation System GPS,VMRS_HB_COMPLETE_v20 page 6_pages_76-100.md
044-004-002,,044,004,Plunger & Bushing - Injector | 052-016-001 | Portable Unit - Thermoelectric,VMRS_HB_COMPLETE_v20 page 6_pages_76-100.md
013-010-070,,013,010,Plunger & Seal - Tractor Protection Control Valve | 021-008-001 | Portal Assembly - Complete. Front Driven Axle,VMRS_HB_COMPLETE_v20 page 6_pages_76-100.md
055-004-009,,055,004,"Plunger Assembly | 022-008-001 | Portal Assembly - Complete, Rear Driven Axle",VMRS_HB_COMPLETE_v20 page 6_pages_76-100.md
044-010-012,,044,010,Plunger Assembly - Primer | 021-008-000 | Portal Assembly - Front Driven Axle,VMRS_HB_COMPLETE_v20 page 6_pages_76-100.md
013-010-080,,013,010,Plunger Kit - Single Stage Application Valve | 022-008-000 | Portal Assembly - Rear Driven Axle,VMRS_HB_COMPLETE_v20 page 6_pages_76-100.md
013-001-039,,013,001,"Plunger, Adjustment - Automatic, Front Brake | 055-011-040 | Positioner - Fork",VMRS_HB_COMPLETE_v20 page 6_pages_76-100.md
013-002-039,,013,002,"Plunger, Automatic Adjustment - Rear Brake | 097-002-000 | Positive Displacement Pump",VMRS_HB_COMPLETE_v20 page 6_pages_76-100.md
055-028-001,,055,028,"Plunger, Pump - Jack, GSE | 022-003-091 | Positraction Assembly",VMRS_HB_COMPLETE_v20 page 6_pages_76-100.md
055-028-005,,055,028,"Plunger, Pump Packing Unit - Jack, GSE | 071-002-048 | Post - Front Inner",VMRS_HB_COMPLETE_v20 page 6_pages_76-100.md
053-013-001,,053,013,"Plywood Flaaring Bady | 082-044-004 | Post - Battery, Reeter",VMRS_HB_COMPLETE_v20 page 6_pages_76-100.md
174-001-212,,174,001,"1/4-001-1/8 | Plywood - Flooring, BodyDecumatia - Ratab Mabile Processing Plant | | Post - Bus Body Door",VMRS_HB_COMPLETE_v20 page 6_pages_76-100.md
192-013-000,,192,013,Pheumatic - Balch Mobile Processing Plant | 174-001-033 | Post - Bus Entry Door,VMRS_HB_COMPLETE_v20 page 6_pages_76-100.md
194-012-000,,194,012,Pneumatic - Bucket Conveyor System | 032-001-032 | Post - Charging Battery,VMRS_HB_COMPLETE_v20 page 6_pages_76-100.md
197-011-000,,197,011,Pneumatic - Chain Conveyor System | 071-026-047 | Post - Curtain,VMRS_HB_COMPLETE_v20 page 6_pages_76-100.md
196-012-000,,196,012,Pneumatic - Roller Conveyor System | 002-050-714 | Post - Dinette Table. Sleeper,VMRS_HB_COMPLETE_v20 page 6_pages_76-100.md
195-012-000,,195,012,"Pneumatic - Screw Conveyor System | 002-050-562 | Post - Door Frame, Vertical",VMRS_HB_COMPLETE_v20 page 6_pages_76-100.md
017-009-021,,017,009,"Pneumatic Control Unit (PCU) | 014-011-009 | Post - Flap, Quarter Fender, Rear",VMRS_HB_COMPLETE_v20 page 6_pages_76-100.md
058-008-000,,058,008,"Pneumatics | 071-002-045 | Post - Front Inner, Left",VMRS_HB_COMPLETE_v20 page 6_pages_76-100.md
071-026-046,,071,026,"Pocket - Bow | 071-002-044 | Post - Front Inner, Right",VMRS_HB_COMPLETE_v20 page 6_pages_76-100.md
174-018-014,,174,018,"Pocket - Bus Body Barrier | 071-002-016 | Post - General (All), Front Wall, Body",VMRS_HB_COMPLETE_v20 page 6_pages_76-100.md
048-001-085,,048,001,"Pocket - Charging Port, Hybrid | 071-003-017 | Post - General (All), Side Wall, Body",VMRS_HB_COMPLETE_v20 page 6_pages_76-100.md
002-017-041,,002,017,"Pocket - Door | 002-015-078 | Post - Horizontal, Rear",VMRS_HB_COMPLETE_v20 page 6_pages_76-100.md
071-002-013,,071,002,Post - Intermediate | 015-008-007 | Power Steering Pump - Electric,VMRS_HB_COMPLETE_v20 page 6_pages_76-100.md
011-001-050,,011,001,"Post - Knuckle, Front Axle | 015-008-002 | Power Steering Pump Motor - Complete",VMRS_HB_COMPLETE_v20 page 6_pages_76-100.md
002-015-083,,002,015,Post - Rear Skin | 015-008-000 | Power Steering Pump Motor - Electric,VMRS_HB_COMPLETE_v20 page 6_pages_76-100.md
071-002-051,,071,002,Post - Reefer Unit Opening | 053-007-119 | Power Strip - Electrical,VMRS_HB_COMPLETE_v20 page 6_pages_76-100.md
071-003-054,,071,003,"Post - Seam Cover | 052-008-008 | Power Supply - AC, Refrigerator",VMRS_HB_COMPLETE_v20 page 6_pages_76-100.md
071-003-029,,071,003,Post - Side Door | 052-003-021 | Power Supply - Antenna,VMRS_HB_COMPLETE_v20 page 6_pages_76-100.md
077-013-002,,077,013,"Post - Side, Tarp & Bow Kit | 052-008-030 | Power Supply - Converter, AC/DC",VMRS_HB_COMPLETE_v20 page 6_pages_76-100.md
071-003-059,,071,003,"Post - Side, Track | 052-008-009 | Power Supply - DC, Refrigerator",VMRS_HB_COMPLETE_v20 page 6_pages_76-100.md
002-046-067,,002,046,"Post - Stationary Glass, Center | 063-004-020 | Power Supply - Display/Keyboard/Scanner",VMRS_HB_COMPLETE_v20 page 6_pages_76-100.md
055-022-010,,055,022,"Post - Support, Cargo | 034-001-099 | Power Supply - Strobe Lamp",VMRS_HB_COMPLETE_v20 page 6_pages_76-100.md
071-003-020,,071,003,Post - Upper Coupler Area | 034-006-051 | Power Supply - Strobe Lamp,VMRS_HB_COMPLETE_v20 page 6_pages_76-100.md
071-003-023,,071,003,Post - Vertical Support Area | 462-016-004 | Power Supply System - Telematics,VMRS_HB_COMPLETE_v20 page 6_pages_76-100.md
173-001-020,,173,001,"Post - Vertical, Dump Body Tailgate | 036-006-017 | Power Supply, Telemetry Module, Asset Tracking",VMRS_HB_COMPLETE_v20 page 6_pages_76-100.md
002-025-028,,002,025,"Post - Windshield, Center | 056-000-000 | Power Take-Off",VMRS_HB_COMPLETE_v20 page 6_pages_76-100.md
072-001-012,,072,001,Post (Stake) - Center Rear | 056-001-000 | Power Take-Off (PTO),VMRS_HB_COMPLETE_v20 page 6_pages_76-100.md
071-003-034,,071,003,"Post (Stake) - Side | 048-000-000 | Power Train - Electric, Hybrid",VMRS_HB_COMPLETE_v20 page 6_pages_76-100.md
004-014-007,,004,014,"Post Assembly - Rear Tandem Fairing | 049-000-000 | Power Train - Hydraulic, Hybrid",VMRS_HB_COMPLETE_v20 page 6_pages_76-100.md
002-050-242,,002,050,"Post Cap | 048-001-000 | Power Train Assemblies - Electric, Hybrid",VMRS_HB_COMPLETE_v20 page 6_pages_76-100.md
001-004-100,,001,004,"Pol Torches | 049-001-000 | Power Train Assemblies - Hydraulic, Hybrid",VMRS_HB_COMPLETE_v20 page 6_pages_76-100.md
264-005-015,,264,005,"Potentiometer - Heater and A/C, Sleeper | 082-008-000 | Power Tray - Electric Motor",VMRS_HB_COMPLETE_v20 page 6_pages_76-100.md
304-005-015,,304,005,Potentiometer - Paver/Meiler Assembly | 082-027-002 | Power Tray - Electric Motor,VMRS_HB_COMPLETE_v20 page 6_pages_76-100.md
002-027-190,,002,027,Potentiometer - Seal | 082 007 001 | Power Tray Engine,VMRS_HB_COMPLETE_v20 page 6_pages_76-100.md
044-011-014,,044,011,"Potentiometer Assembly - Cruise Control System | 055-010-200 | Power Unit - Hydraulic, Crusher",VMRS_HB_COMPLETE_v20 page 6_pages_76-100.md
153-005-011,,153,005,Potentionmeter - Stationary Generator | 044-005-021 | Power Valve,VMRS_HB_COMPLETE_v20 page 6_pages_76-100.md
058-004-008,,058,004,"Potting - Motor Winch | 098-012-011 | Power-Pack (Includes Pump, Reservoir &",VMRS_HB_COMPLETE_v20 page 6_pages_76-100.md
002-046-079,,002,046,Pouch - Bag | 000 012 011 | Control) - Pump Assembly,VMRS_HB_COMPLETE_v20 page 6_pages_76-100.md
002-011-083,,002,011,Pouch - Log Book | 056-003-000 | Powershift PTO,VMRS_HB_COMPLETE_v20 page 6_pages_76-100.md
002-048-067,,002,048,Pouch - Map | 039-002-001 | Powertrain Assembly - Complete Electric,VMRS_HB_COMPLETE_v20 page 6_pages_76-100.md
002-048-082,,002,048,Pouch - Storage | | Vehicle,VMRS_HB_COMPLETE_v20 page 6_pages_76-100.md
002-011-079,,002,011,Pouch - Tether | 039-002-000 | Powertrain Assembly - Electric Vehicle,VMRS_HB_COMPLETE_v20 page 6_pages_76-100.md
174-028-034,,174,028,"Power Board - Bus Body A/C System | 031-001-081 | Pre-Cleaner - Intake, Alternator",VMRS_HB_COMPLETE_v20 page 6_pages_76-100.md
002-058-015,,002,058,Power Connection - Display Assembly | 041-001-001 | Pre-Cleaner Assembly - Air Intake,VMRS_HB_COMPLETE_v20 page 6_pages_76-100.md
031-005-002,,031,005,"Power Connection Contact & Housing - Electric | 091-001-016 | Pre-Cleaner Assembly - Air Intake, Air Cleaner",VMRS_HB_COMPLETE_v20 page 6_pages_76-100.md
013-009-082,,013,009,"Forklift | | Pre-Cooler, Air - Air Compressor",VMRS_HB_COMPLETE_v20 page 6_pages_76-100.md
053-014-040,,053,014,Power Cord - Aqueous Parts Washer | 032-003-000 | Pre-Heater,VMRS_HB_COMPLETE_v20 page 6_pages_76-100.md
042-009-029,,042,009,"Power Cord - Engine Block Heater | 042-008-009 | Pre-Heater - Coolant, On Power Plant",VMRS_HB_COMPLETE_v20 page 6_pages_76-100.md
052-007-016,,052,007,"Power Cord - Satellite Dome, Television | 044-002-088 | Pre-Heater - Fuel/Water Separator",VMRS_HB_COMPLETE_v20 page 6_pages_76-100.md
052-007-023,,052,007,"Power Cord - Satellite Receiver, Television | 032-003-013 | Pre-Heater - Grid Type",VMRS_HB_COMPLETE_v20 page 6_pages_76-100.md
052-007-022,,052,007,Power Cord - Television | 045-016-000 | Pre-Heater - Oil (Power Plant),VMRS_HB_COMPLETE_v20 page 6_pages_76-100.md
031-005-003,,031,005,Power Cord (440V) - Battery Charger | 032-003-009 | Pre-Heater Assembly,VMRS_HB_COMPLETE_v20 page 6_pages_76-100.md
015-007-026,,015,007,"Power Cylinder Assembly | 045-016-001 | Pre-Heater Assembly - Oil, Power Plant",VMRS_HB_COMPLETE_v20 page 6_pages_76-100.md
013-010-021,,013,010,Power Cylinder Assembly - Air Brake | 053-006-279 | Pre-Set Die - Quick Set Machine,VMRS_HB_COMPLETE_v20 page 6_pages_76-100.md
462-017-001,,462,017,Power Distribution Module (PDM) | 001-002-211 | Precleaner Assembly w/Pump & Filter - Cab,VMRS_HB_COMPLETE_v20 page 6_pages_76-100.md
038-002-000,,038,002,Power Distribution Unit (PDU) - Electric Vehicle | | Pressurization Filter,VMRS_HB_COMPLETE_v20 page 6_pages_76-100.md
038-002-001,,038,002,Power Distribution Unit Assembly - Electric | 001-002-212 | Precleaner w/Pump - Cab Pressurization Filter,VMRS_HB_COMPLETE_v20 page 6_pages_76-100.md
000-004-000,,000,004,Venicle | 044-002-100 | Prefilter - Fuel System,VMRS_HB_COMPLETE_v20 page 6_pages_76-100.md
022-004-000,,022,004,Power Divider & Inter-Axle Differential | 053-006-079 | Press - Bearing,VMRS_HB_COMPLETE_v20 page 6_pages_76-100.md
022-004-001,,022,004,Power Divider & Inter-Axie Differential Assembly | 017-009-042 | Press Plug,VMRS_HB_COMPLETE_v20 page 6_pages_76-100.md
092-001-040,,092,001,"-Complete, Driven, Rear | 003-001-061 | Pressure Biock - Interface Module",VMRS_HB_COMPLETE_v20 page 6_pages_76-100.md
062-001-040,,062,001,Power Liement - Expansion valve | 060-020-000 | Pressure Bypass Valve,VMRS_HB_COMPLETE_v20 page 6_pages_76-100.md
003-004-021,,003,004,Power Line Carrier (PLC) Complete Data | 059-030-029 | Pressure Dypass Valve - Hydraulic Filler,VMRS_HB_COMPLETE_v20 page 6_pages_76-100.md
030-005-001,,030,005,"Power Line Camer (PLC) - Complete, Data | 055-010-156 | Pressure Bypass Valve - Hydraulic, Lill System",VMRS_HB_COMPLETE_v20 page 6_pages_76-100.md
036-005-000,,036,005,Power Line Carrier (PLC) Data Communication | 000-020-001 | System,VMRS_HB_COMPLETE_v20 page 6_pages_76-100.md
052-007-021,,052,007,"Power Didtail - Satellite Dome, Television | 013 010 008 | Brossura Can - Chambor",VMRS_HB_COMPLETE_v20 page 6_pages_76-100.md
045-000-000,,045,000,Power Plant | 015-012-003 | Pressure Control Valve - Electronic Stability,VMRS_HB_COMPLETE_v20 page 6_pages_76-100.md
068-005-012,,068,005,Power Reel - Boom | 010 012 000 | Control,VMRS_HB_COMPLETE_v20 page 6_pages_76-100.md
068-001-120,,068,001,Power Reel - Collapsible | 364-001-026 | Pressure Control Valve - Paver/Melter Assembly,VMRS_HB_COMPLETE_v20 page 6_pages_76-100.md
068-001-119,,068,001,Power Reel Assembly | 097-002-047 | Pressure Control Valve Assembly,VMRS_HB_COMPLETE_v20 page 6_pages_76-100.md
002-057-039,,002,057,"Power Reserve Unit - Air Bag | 013-009-117 | Pressure Converter - Vacuum/Hydraulic, Air",VMRS_HB_COMPLETE_v20 page 6_pages_76-100.md
072-009-000,,072,009,Power Roll-Up Door - Rear | | Compressor,VMRS_HB_COMPLETE_v20 page 6_pages_76-100.md
072-009-001,,072,009,Power Roll-Up Door Assembly | 055-010-215 | Pressure Flow Valve -Liftgate,VMRS_HB_COMPLETE_v20 page 6_pages_76-100.md
001-001-176,,001,001,Power Servo Assembly - Comfort Control | 013-007-033 | Pressure Limited Valve - Hydraulic,VMRS_HB_COMPLETE_v20 page 6_pages_76-100.md
096-000-000,,096,000,Power Shaft - Power Take-Off | 013-006-017 | Pressure Limiter Valve - Hydraulic,VMRS_HB_COMPLETE_v20 page 6_pages_76-100.md
096-002-000,,096,002,Power Shaft Assembly - PTO | 013-010-522 | Pressure Plate - Air Brake Chamber,VMRS_HB_COMPLETE_v20 page 6_pages_76-100.md
049-001-004,,049,001,Power Split Drive Unit - Hydraulic Hybrid | 023-002-013 | Pressure Plate - Clutch,VMRS_HB_COMPLETE_v20 page 6_pages_76-100.md
015-005-000,,015,005,Power Steering | 016-005-204 | Pressure Plate - Rocker,VMRS_HB_COMPLETE_v20 page 6_pages_76-100.md
015-005-117,,015,005,Power Steering Assembly - Complete | 013-004-039 | Pressure Plate - Spring Brake Chamber,VMRS_HB_COMPLETE_v20 page 6_pages_76-100.md
023-022-010,,023,022,Pressure Protection Valve 001-001-840 013-012-200 Pressure Protection Valve 001-001-201 013-012-201 Pressure Protection Valve 001-001-201 013-012-202 Pressure Protection Valve 001-001-201 013-012-203 Pressure Protection Valve 001-001-201 013-012-0444 Pressure Protection Valve 001-001-201 014-014-203 Pressure Protection Valve 001-001-201 014-014-203 Pressure Protection Valve 001-001-201 014-014-203 Pressure Protection Valve 001-001-201 014-014-203 Pressure Protection Valve 001-001-201 014-014-203 Pressure Protection Valve 001-001-201 014-014-203 Pressure Protection Valve 001-001-201 014-014-203 Pressure Protection Valve 001-001-201 014-011-201 Pressure Protection Valve 001-001-201 014-011-201 Pressure Protection Valve 001-001-201 014-011-201 Pressure Protection Valve 001-001-201 014-011-201 Pressure Protection Valve 001-000-201 | | Description | Coue | Description,VMRS_HB_COMPLETE_v20 page 6_pages_76-100.md
023-002-010,,023,002,017.00.016 Procesure Protection Valve 001.004.104 Proce Procesure Protection Valve Procesure Protection Valve Procesure Protection Valve Procesure Protection Valve Procesure Protection Valve Procesure Protection Valve Procesure Protection Valve Procesure Protection Valve Procesure Protection Valve Procesure Protection Valve Procesure Protection Valve Procesure Protection Valve Procesure Protection Valve Procesure Protection Valve Procesure Protection Valve Procesure Protection Valve Procesure Protection Valve Procesure Protection Valve Procesure Protection Valve Procesure Protection Valve Procesure Protection Valve Procesure Protection Valve Procesure Protection Valve Procesure Protection Valve Procesure Protection Valve Procesure Protection Valve Procesure Protection Valve Procesure Protection Valve Procesure Protection Valve Procesure Protection Valve Procesure Protection Valve Procesure Protection Valve Procesure Protection Valve Procesure Protection Valve Procesure Protection Valve Procesure Protection Valve Procesure Protection Valve Procesure Protection Valve Procesure Protection Valve Procesure Protection Valve Procesure Protection Valve Procesure Protection Valve Procesure Protection Valve Procesu | | Pressure Plate & Cover Assembly | 001-001-340 | Probe - Evaporator,VMRS_HB_COMPLETE_v20 page 6_pages_76-100.md
088-813-012,,088,813,"Pressure Protection Value 003-004-008 Probe Fund Out Coolant 013-0102-00 Pressure Protection Value Arg (astrophysic) Probe State State State State State State State State State State State State State State State State State State State State State State State State State State State State State State State State State State State State State State State State State State State State State State State State State State State State State State State State State State State State State State State State State State State State State State State State State State < | 017-009-016 | Pressure Protection Valve | 001-004-104 | Probe - Evaporator, Auxiliary HVAC, Sleeper",VMRS_HB_COMPLETE_v20 page 6_pages_76-100.md
098-013-012,,098,013,013.012.270 Pressure Protection Valve - Adjustable Seat 022.027.08 Pressure Protection Valve - Adjustable Seat 023.010.444 Pressure Protection Valve - Adjustable Seat 023.010.444 Pressure Protection Valve - Adjustable Seat 023.010.444 Pressure Protection Valve - Adjustable Seat 023.010.444 Pressure Protection Valve - Adjustable Seat 024.021.58 Pressure Protection Valve - Control System 045.011.50 Pressure Protection Valve - Control System 046.011.50 Pressure Protection Valve - Control System 046.011.50 Pressure Protection Valve - School Dus Stop 046.011.50 Pressure Protection Valve - School Dus Stop 046.011.50 Pressure Protection Valve - School Dus Stop 046.011.50 Pressure Protection Valve - School Dus Stop 046.011.50 Pressure Protection Valve - School Dus Stop 046.011.50 Pressure Regulation Valve - School Dus Stop 046.011.50 Pressure Regulation Valve - School Dus Stop 046.011.50 Pressure Regulation Valve - Control School Dus Stop 046.011.50 Pressure Regulation Valve - Control School Dus Stop 046.011.50 Pressure Regulation Valve - Contr | | Pressure Protection Valve | 003-004-008 | Probe - Low Coolant,VMRS_HB_COMPLETE_v20 page 6_pages_76-100.md
013-010-270,,013,010,"002 027:066 Pressure Protection Valve - Air Adjustable Seat 294 001:023 Probe - Seator, Fuelble Cap 031:00-012 Pressure Protection Valve - Air Adjustable Seator 006:00:00 Probe - Seator, Fuelble Cap 031:00-012 Pressure Protection Valve - Air Adjustable Seator 006:00:00 Probe - Seator, Fuelble Cap 031:00-012 Pressure Protection Valve - Air Adjustable Seator 006:00:00 Probe - Seator 031:00-014 Pressure Protection Valve - Cab Adjustable Seator 006:00:00 Probe - Seator 031:00-017 Pressure Protection Valve - School Bus Stop 099:000:000 Processor: Are Bag 044:011-019 Pressure Protection Valve - School Bus Stop 099:000:000 Processor: Are Bag 044:011-019 Pressure Protection Valve - School Bus Stop 099:000:000 Processor: Are Bag 044:010-017 Pressure Reducting Valve 046:01:01 046:00:000 Processor: Are Bag 044:010-017 Pressure Reducting Valve 046:00:000 Processor: Are Bag 044:00:0100 Pressure Reducting Valve 002:00:001 Processor: Calve Bag 04:00:020 Pressure Reducting Valve Calve Calve Processo | | Pressure Protection Valve - Adjustable | 099-008-008 | Probe - Overfill System",VMRS_HB_COMPLETE_v20 page 6_pages_76-100.md
017-002-027,,017,002,"013.010.0444 Pressure Protection Valve - Ari Brake System 002.027.179 Probe - Seater, Cverfill System 016.015.018 Pressure Protection Valve - Cab Air Supension 009.002.002 Probe - Seater, Cverfill System 016.015.018 Pressure Protection Valve - Cab Air Supension 009.002.002 Probe - Seater, Cverfill System 016.015.018 Pressure Protection Valve - Cab Air Supension 009.002.002 Probe - Seater, Cverfill System 016.015.018 Pressure Protection Valve - Cab Air Supension 009.002.002 Probe - Seater, Cverfill System 016.016.018 Pressure Protection Valve - Cabo Bius Stop 109.002.002 Probe - Seater, Cverfill System 016.016.018 Pressure Protection Valve - School Bius Stop 109.002.002 Processor: Electronic Transactions 016.001.018 Pressure Reducing Valve 004.001.017 Processor: Science Cabo Bius Stop 024.001.019 Pressure Reducing Valve 004.001.017 Processor: Science Cabo Bius Stop 016.002.015 Pressure Reducing Valve 004.001.017 Processor: Science Cabo Bius Stop 024.002.020 Pressure Reducing Valve 004.001.001 Profe - Cabo Bius Stop Droo 016.002.-056 Pressure Protection Valve - Air Adjustable Seat 294-001-023 Probe - Propane Temperature, Fuel Meter | 002-027-056 | Pressure Protection Valve - Air Adjustable Seat | 294-001-023 | Probe - Propane Temperature, Fuel Meter",VMRS_HB_COMPLETE_v20 page 6_pages_76-100.md
051-056-012,,051,056,"Pressure Protection Valve - Ari, Stop Arm 099-002-002 Probe - Sensor, Fusible Cap 051-056-012 Pressure Protection Valve - Control System 045-012-002 Probe - Sensor, Fusible Cap 051-016-014-037 Pressure Protection Valve - Control System 045-012-002 Probe - Sensor, Fusible Cap 174-017-015 Pressure Protection Valve - School Bus Stop 180-002-002 Probe - Sensor, Fusible Cap 044-011-03 Pressure Protection Valve - School Bus Stop 180-002-002 Probes - Time 044-011-03 Pressure Protection Valve - School Bus Stop 180-002-002 Processing Screener 044-011-03 Pressure Regulating Valve 055-002-002 Processing Screener Data Communication 043-007-083 Pressure Regulating Valve 033-001-112 Promotional Item Promotional Item 043-007-083 Pressure Regulator - Air Ride Susponsion 033-001-112 Promotional Item Prosecore Contol 043-007-083 Pressure Regulator Valve - Control Screener 174-001-106 Proom - Contol Screener 043-007-032 Pressure Regulator Valve - Control Screener 174-001-106 Proop - Safety Hatink, Root Emergency Escape | 013-010-044 | Pressure Protection Valve - Air Brake System | 002-027-197 | Probe - Seat",VMRS_HB_COMPLETE_v20 page 6_pages_76-100.md
016-015-018,,016,015,"Pressure Protection Valve - Cab Air Suspension 099-003-022 Probe - Sensor. Overfil System 025-021-007 Pressure Protection Valve - Littable Air 044-002-032 Probe - Temperature 016-014-037 Pressure Protection Valve - School Bus Stop 139-001-000 Probe - Temperature 044-012-019 Pressure Protection Valve - School Bus Stop 139-001-000 Processure Ficie Chorn Carbon 044-011-019 Pressure Protection Valve - School Bus Stop 139-001-000 Processure Ficie Chorn Carbon 044-011-02 Pressure Protection Valve - Speed Control 036-005-005 Processure Ficie Chorn Carbon 044-011-02 Pressure Reducing Valve 043-007-005 Processure Ficie Chorn Carbon 044-011-02 Pressure Reducing Valve 044-010-01 Processure Ficie Chorn Carbon 044-011-02 Pressure Reducing Valve 002-00-037 Prom - Cruice Control 043-007-035 Pressure Reducing Valve 002-00-037 Prom - Cruice Control 043-007-037 Pressure Reducing Valve 002-00-07 Prose Stare Regulator Valve 002-00-07 055-022-037 Pressure Reducing Valve 002-00-07 Prose Stare Regulator Valve 002-00-07 042-002-057 Pressure Reducing Valve 002-00-07 Prose Stare Regulator Valve 002-00-07 052-022-057 | 051-006-012 | Pressure Protection Valve - Air, Stop Arm | 099-002-002 | Probe - Sensor, Fusible Cap",VMRS_HB_COMPLETE_v20 page 6_pages_76-100.md
055-021-007,,055,021,"Pressure Protection Valve - Cathol System 045-018-035 Probe - Valter Sensor, Bowl 056-021-007 Pressure Protection Valve - School Bus Stop Processure Structure Resembly Processure Structure Resembly 044-011-09 Pressure Protection Valve - School Bus Stop Processure Structure Resembly Processure Structure Resembly 044-011-09 Pressure Representation Valve - Listen Resembly Processure Structure Resembly Processure Structure Resembly 044-011-09 Pressure Representation Valve - School Bus Stop Processure Structure Resembly Processure Representation Valve - School Bus Stop 044-011-09 Pressure Representation Valve - School Bus Stop Processure Representation Valve - School Bus Stop 044-011-09 Pressure Representation Valve - School Bus Stop Processure Representation Valve - School Bus Stop 045-011-07 Pressure Representation Valve - School Bus Stop Processure Representation Valve - School Bus Stop 045-011-07 Pressure Representation Valve - School Bus Stop Processure Representation Valve - School Bus Stop 016-002-115 Pressure Representation Valve - School Bus Stop Processure Representation Valve - School Bus Stop 016-002-115 Pressure Representation Valve - Compressor, Bulk Proce Sate(Val | 016-015-018 | Pressure Protection Valve - Cab Air Suspension | 099-003-002 | Probe - Sensor, Overfill System",VMRS_HB_COMPLETE_v20 page 6_pages_76-100.md
016-014-037,,016,014,"Pressure Protection Valve - School Bus Stop 199-000-000 Probes - Tree 04-011-019 Pressure Protection Valve - School Bus Stop 199-000-000 Processor - Electronic Transactions 97-005-017 Pressure Protection Valve - School Bus Stop 199-000-000 Processor - Alt Bag 04-011-019 Pressure Protection Valve - School Bus Stop 199-000-000 Processor - Alt Bag 04-011-020 Pressure Protection Valve - School Bus Stop 199-000-000 Processor - Alt Bag 04-011-030 Pressure Protection Valve - School Bus Stop 199-000-000 Processor - Alt Bag 04-001-030 Pressure Regulator Valve 045-001-017 Profile - Fastering 043-007-047 Pressure Regulator Valve 045-001-017 Promotional Item 043-007-047 Pressure Regulator Valve 022-004-037 Proor-Safety, Valex-Alt Samph 043-001-047 Pressure Regulator Valve - Control Panel 174-001-60 Proor-Safety, Valex-Alt Samph 044-010-021 Pressure Regulator Valve - Control Panel 174-010-01-03 Proor-Safety, Valex-Alt Samph 044-002-240 Pressure Regulator Valve - Control Panel 174-010-01-03 Proor-Safety, Valex-Alt Samph 042-002-057 Pressure Regulator Valve - Control Panel 174-010-01-03 Proor-Safety, Valex-Alt Samph 042-002-057 Pr | 055-021-007 | Pressure Protection Valve - Control System | 045-018-035 | Probe - Temperature",VMRS_HB_COMPLETE_v20 page 6_pages_76-100.md
053-006-125,,053,006,"Suspension Probes 'Tree 74.017-015 Pressure Protection Valve - School Bus StopArm Assembly Processing Screenes 044.011-09 Pressure Protection Valve - School Bus StopArm Assembly Processing Screenes 044.011-09 Pressure Protection Valve - School Bus StopArm Assembly Processing Screenes 044.011-09 Pressure Reducing Valve 043-007-03 Processing Screenes 044.011-09 Pressure Reducing Valve 043-007-03 Pressure Reducing Valve 043-007-03 043.007-03 Pressure Reducing Valve 043-011-07 Promotional Bitem (Lawer) Assembly 043.007-03 Pressure Reducing Valve 043-011-07 Promotional Bitem (Lawer) Assembly 043.007-03 Pressure Reducing Valve 043-021-01 Promotional Bitem (Lawer) Assembly 043.000-04 Pressure Reducing Valve 043-011-07 Pressure Reducing Valve Produci Transitem (Lawer) Assembly 043.000-04 Pressure Reducing Valve - Air Injection Reactor 174-003-02 Prep - Safety, Match, Root Emergency Escape Hatch 044.002-05 Pressure Reducing Valve - Compressor, Bulk 174-003-02 Prop- Safety, Match, Root Emergency Escape Hatch Valve - Air Injectio | 016-014-037 | Pressure Protection Valve - Liftable Air | 044-002-032 | Probe - Water Sensor, Bowl",VMRS_HB_COMPLETE_v20 page 6_pages_76-100.md
174-017-015,,174,017,"Pressue Protection Valve - Speed Control 99-000-000 Processor - Air Bag 044-011-019 Pressue Reducing Valve 025-057-01 Processor - Air Bag 043-007-063 Pressue Reducing Valve 035-0015-005 Processor - Air Bag 043-007-063 Pressue Reducing Valve 035-0015-005 Processor - Air Bag 043-007-063 Pressue Reducing Valve 035-0015-005 Processor - Air Bag 043-007-063 Pressue Reducing Valve 035-0015-007 Processor - Air Bag 043-007-063 Pressue Reducing Valve 045-021-017 Processor - Air Bag 043-007-063 Pressue Reducitor Valve - Compressor Bulk Prop - Sately, Bus Engine Cover Prop - Sately, Bus Engine Cover 043-001-024 Pressue Reducitor Valve - Compressor, Bulk Prop - Sately, Hach, Root Emergency Escape 043-001-027 Pressue Reducitor Valve - Compressor, Bulk Prop Sately - Valve, Air Mach Prop - Sately, Mach Prop - Sately, Hach, Root Emergency Escape 044-012-01 Pressue Reducitor Valve - Compressor, Bulk Prop Sately - Valve - Compressor, Bulk Prop Sately - Valve - Compressor, Bulk 041-011-021 Pressue Reducitor Valve - Compressor, Bulk Prop Sately - Valve - Compressor, Bulk Prop Sately - Valve - Compressor, Palve - Compressor | | Suspension | 053-006-125 | Probes - Tire",VMRS_HB_COMPLETE_v20 page 6_pages_76-100.md
002-057-012,,002,057,Arm Assembly Processor - Air Bag 044-011-09 Pressure Reducing Valve Processor - Electronic Transactions 044-011-09 Pressure Reducing Valve Drocessor - Electronic Transactions 044-011-09 Pressure Reducing Valve Drocessor - Electronic Transactions 046-000-034 Pressure Reducing Valve Drocessor - Electronic Transactions 046-001-04 Pressure Reducing Valve Drocessor - Electronic Transactions 046-002-05 Pressure Reducing Valve Drocessor - Electronic Transactions 046-001-05 Pressure Reducing Valve Drocessor - Electronic Transactions 046-002-05 Pressure Regulator Valve Drocessor - Electronic Transactions 052-020-02 Pressure Regulator Valve Drocessor - Electronic Transactions 042-002-05 Pressure Regulator Valve Drocessor - Electronic Transactions 043-001-04 Pressure Regulator Valve Drocessor - Electronic Transactions 043-002-05 Pressure Regulator Valve Drocessor - Electronic Transactions 044-002-05 Pressure Regulator Valve Drocessor - Electronic Transactions 044-010-06 Pressure Regulator Valve 174-017-015Pressure Protection Valve - School Bus Stop199-000-000Processing Screens | 174-017-015 | Pressure Protection Valve - School Bus Stop | 199-000-000 | Processing Screens,VMRS_HB_COMPLETE_v20 page 6_pages_76-100.md
051-018-002,,051,018,"044.011-019 Pressure Protociony Valve - Speed Control Processor - Electronic Transactions 043.007-063 Pressure Reducing Valve - Exhaust 044-011-071 Prom - Cruise Control 045.002-063 Pressure Reducing Valve - Control Paratement 045-021-017 Prom - Cruise Control 016-002-115 Pressure Reducing Valve - Control Paratement 045-021-017 Prom - Cruise Control 027-020-025 Pressure Reductor Valve - Control Paratement 044-011-071 Prom - Cruise Control 043-007-033 Pressure Reductor Valve - Control Paratement 045-021-017 Prom - Cruise Control 016-002-115 Pressure Relief Valve - Compressor, Hukc 002-002-037 Pressure Relief Valve - Compressor, Hukc 002-002-057 022-002-057 Pressure Relief Valve - Compressor, Hukc 002-002-016-013 Prop Rod - Taisgate 044-012-014 Prop Rod - Leab Prop Rod - Leab Prop Rod - Leab 045-001-027 Pressure Relief Valve - Compressor, Hukc 002-002-016-013 Prop Rod - Leab 044-012-014 Prop Rod - Leab Prop Rod - Leab Prop Rod - Leab 045-001-027 Pressure Relief Valve - Log Interement 002-00 | | Arm Assembly | 002-057-012 | Processor - Air Bag",VMRS_HB_COMPLETE_v20 page 6_pages_76-100.md
174-033-119,,174,033,"System Profile - Fastering, Tensioner Assembly 064-001-034 Pressure Reducing Valve 036-005-005 Programming Ki - Power Line Carrier (PLC),Data Communication 064-001-034 Pressure Reducing Valve 036-005-005 Programming Ki - Power Line Carrier (PLC),Data Communication 065-001-034 Pressure Regulator - Air Ride Suspension 035-001-034 Promotion Classical Control 043-007-063 Pressure Regulator Valve 002-020-037 Prop - Door Closure (Level Assembly 043-001-004 Pressure Regulator Valve 002-004-057 Prop - Safety, Bute Engine Concer 043-001-004 Pressure Regulator Valve 002-004-157 Prop Rod - Cab 001-001-021 Pressure Regulator Valve - Compressor, Bulk Door Prop Rod - Cab 001-001-021 Pressure Regulator Valve - Compressor, Bulk Door Prop Rod - Cab 001-0022 Pressure Regulator Valve - Compressor, Bulk Door Prop Rod - Cab 001-0023 Pressure Regulator Valve - Compressor, Bulk Door Door 005-01-023 Pressure Regulator Valve - Compressor, Bulk Prop Rod - Cab Door 005-01-024 P | 044-011-019 | Pressure Protection Valve - Speed Control | 051-018-002 | Processor - Electronic Transactions",VMRS_HB_COMPLETE_v20 page 6_pages_76-100.md
068-003-034,,068,003,"Pressure Reducing Valve Data Communication 043-007-063 Pressure Regulator Air Pide Suspension 045-021-017 PROM - ECM Update (Scribbare) 043-007-063 Pressure Regulator Valve 025-021-027 Prob - Door Closure (Lever) Assembly 055-020-027 Pressure Regulator Valve 027-022-026 Pressure Regulator Valve 027-027-026 043-001-063 Pressure Regulator Valve 027-027-026 Pressure Regulator Valve 027-027-026 043-001-063 Pressure Regulator Valve - Control Panel 174-001-08 Prop - Sately, Underbody Storage Compartment 043-001-043 Pressure Regulator Valve - Control Panel 174-003-028 Prop - Sately, Underbody Storage Compartment 044-002-24 Prossure Regulator Valve - Compressor, HUAC 002-004-157 Prop Rod - Cab 055-010-025 Pressure Regulator Valve - Campressor, HUAC 002-004-157 Prop Rod - Cab 066-003-017 Pressure Regulator Valve - Campressor, HUAC 002-004-157 Prop Rod - Cab 066-003-017 Prop Rod - Cab Prop Rod - Sately, Underbody Storage Compartment Def Add 102-248 066-003-017 Prop Rod - Sately, Underbody Storage Compartment | 044-011-020 | Pressure Reducing Valve | 036-005-005 | Programming Kit - Power Line Carrier (PLC),",VMRS_HB_COMPLETE_v20 page 6_pages_76-100.md
043-007-063,,043,007,"Pressure Regulator Valve - Exhaust 044-011-071 Prom - Cruise Control - Arr Ride Suspension 077-029-025 Pressure Regulator Valve - Control Panel 174-001-169 Prop - Sately, Busc Engine Cover 143-005-000 Pressure Regulator Valve - Control Panel 174-001-169 Prop - Sately, Busc Engine Cover 143-005-000 Pressure Regulator Valve - Control Panel 174-001-169 Prop - Sately, Musc Engine Cover 143-005-000 Pressure Relief Device - Control 174-015-02 Prop - Sately, Underbody Storage Compartment Door 002-002-057 Pressure Relief Valve - Compressor, Burk Prop Rod - Cab Prop Rod - Cab 014-010-21 Pressure Relief Valve - Engine 022-004-157 Prop Rod - Cab 044-003-249 Pressure Relief Valve - Engine 174-01-014 Prop, Sately, Underbody Storage Compartment Door 044-003-07 Pressure Relief Valve - Engine 174-01-014 Prop, Sately, Sitele Temergency Door 044-013-07 Pressure Relief Valve - Engine 022-016-157 Prop Rod - Cab 042-003-007 Pressure Relief Valve - Engine 022-016-157 Prop Rod - Cab 016-010-27 Pressure Relief Valve - Air Inject Case | 068-003-034 | Pressure Reducing Valve | | Data Communication",VMRS_HB_COMPLETE_v20 page 6_pages_76-100.md
045-021-017,,045,021,"Aftertreatment PRCM. ECM Update (Software) 016-008-115 Pressure Regulator Valve 002-020-037 Prop - Door Closure (Leven) Assembly 025-020-025 Pressure Regulator Valve 002-020-037 Prop - Safety, Bus Engine Cover 043-001-004 Pressure Regulator Valve 014-015-021 Prop - Safety, Bus Engine Cover 043-001-004 Pressure Regulator Valve 002-020-037 Prop - Safety, Bus Engine Cover 043-001-004 Pressure Regulator Valve - Compressor, Bulk Door Closure (Leven) Assembly 070-01-021 Pressure Regulator Valve - Compressor, Bulk Door Closure (Leven) Assembly 070-01-021 Pressure Regulator Valve - Compressor, Bulk Door Closure (Leven) Assembly 070-01-021 Pressure Regulator Valve - Compressor, Bulk Door Closure (Leven) Assembly 071-01-021 Pressure Regulator Valve - Compressor, Bulk Door Closure (Leven) Assembly 071-01-021 Pressure Regulator Valve - Compressor, Bulk Door Closure (Leven) Assembly 071-01-021 Pressure Regulator Valve - Gascous Fuel 174-014-014 Prop Safety - Nither (Leven) Assembly 071-01-021 Pressure Regulator Valve - Gascous Fuel 174-014-014 | 043-007-063 | Pressure Regulating Valve - Exhaust | 044-011-071 | Prom - Cruise Control",VMRS_HB_COMPLETE_v20 page 6_pages_76-100.md
016-008-115,,016,008,"Pressure Regulator / Aike 022-002-032 Promotional Item 043-001-004 Pressure Regulator Valve - Control Panel 174-001-169 Prop - Sately, Base Engine Cover 143-005-000 Pressure Regulator Valve - Control Panel 174-001-169 Prop - Sately, Base Engine Cover 143-005-000 Pressure Regulator Valve - Control Panel 174-003-028 Prop - Sately, Match, Bool Emergency Escape 104-001-021 Pressure Regulator Valve - Control Panel 174-003-028 Prop - Sately, Match, Bool Emergency Escape 045-001-021 Pressure Regulator Valve - Compressor, HVAC 002-004-167 Prop Rod - Food 045-001-021 Pressure Regulator Valve - Compressor, HVAC 002-004-167 Prop Rod - Cab 076-003-249 Pressure Regulator Valve - Compressor, HVAC 002-004-167 Prop Rod - Food 044-012-016 Pressure Regulator Valve - Compressor, HVAC 002-004-167 Prop Rod - Food 055-013-025 Pressure Regulator Valve - Compressor, HVAC 002-004-167 Prop Rod - Food 055-013-025 Pressure Regulator Valve - Compressor, HVAC 002-004-17 Prop Rod - Food 055-013-025 Pressure Regulator Valve - Foule 014-012-18 Prop Rod - Food 056-003-017< | | Aftertreatment | 045-021-017 | PROM - ECM Update (Software)",VMRS_HB_COMPLETE_v20 page 6_pages_76-100.md
027-029-025,,027,029,"Preasure Regulator Valve - Control Panel 174-001-5021 Prop - Door Closure (Leven) Assembly. 043-001-004 Preasure Relief Valve - Compressor, Bulk Prop - Safety, Bus Engine Cover 043-001-004 Preasure Relief Valve - Compressor, Bulk Prop - Safety, Bus Engine Cover 043-001-004 Preasure Relief Valve - Compressor, Bulk Door Closure Panel 043-001-004 Preasure Relief Valve - Compressor, Bulk Door Closure Panel 044-003-249 Preasure Relief Valve - Compressor, Bulk Door Closure Panel 044-003-249 Preasure Relief Valve - Compressor, Bulk Door Closure Panel 044-003-249 Preasure Relief Valve - Compressor, Bulk Door Closure Panel 044-003-249 Preasure Relief Valve - Compressor, Bulk Door Closure Panel 044-003-249 Preasure Relief Valve - Compressor, Bulk Door Closure Panel 044-003-249 Preasure Relief Valve - Compressor, Bulk Dreasure Relief Valve - Compressor, Bulk 044-012-216 Preasure Relief Valve - Compressor, Bulk Dreasure Relief Valve - Compressor, Bulk 044-012-216 Preasure Relief Valve - Compressor, Bulk Dreasure Relief Valve - Compressor, Bulk 045-023-025 Preasur | 016-008-115 | Pressure Regulator - Air Ride Suspension | 053-011-047 | Promotional Item",VMRS_HB_COMPLETE_v20 page 6_pages_76-100.md
055-020-032,,055,020,"Pressure Reief Valve - Control Panel 174-011-169 Prop. Safety, Linkch, Roof Emergency Escape 143-005-000 Pressure Reief Valve - Air Injection Reactor Pressure Reief Valve - Compressor, Bulk Prop. Safety, Linkch, Roof Emergency Escape 042-001-021 Pressure Reief Valve - Compressor, Bulk Pressure Reief Valve - Compressor, Bulk Prop. Safety, Linkch, Roof Emergency Escape 045-001-021 Pressure Reief Valve - Compressor, HVAC 002-006-157 Prop. Safety - Hood 045-001-021 Pressure Reief Valve - Compressor, HVAC 002-016-133 Prop. Safety - Rear Emergency Door 045-001-021 Pressure Reief Valve - Compressor, HVAC 002-016-133 Prop. Safety - Rear Emergency Door 045-001-021 Pressure Reief Valve - Cascus Fuel 174-013-014 Prop. Safety - Meat - Engle 044-012-016 Pressure Reief Valve - Cascus Fuel 174-014-013 Prop. Safety - Weelchair Lift Door 045-013-02 Pressure Reief Valve - Cascus Fuel 174-014-014 Prop. Safety - Weelchair Lift Door 055-013-02 Pressure Reief Valve - Lube Oil 02-036-06 Protection Cage Assembly - MRU 055-023-02 Pressure Reief Valve - Lube Oil 02-030-037 Protection Compatiment Doo | 027-029-025 | Pressure Regulator Valve | 002-020-037 | Prop - Door Closure (Lever) Assembly",VMRS_HB_COMPLETE_v20 page 6_pages_76-100.md
143-005-000,,143,005,"Pressure Relief Valve - Air Injection Reactor 043-001-004 Pressure Relief Valve - Air Injection Reactor Pressure Relief Valve - Compressor, Bulk Prop. Safety, Underbody Storage Compartment Dod Pressure Relief Valve - Compressor, Bulk Prop. Rod - Cab Pressure Relief Valve - Compressor, Bulk Prop. Rod - Cab Pressure Relief Valve - Compressor, Bulk Prop. Rod - Cab Pressure Relief Valve - Compressor, Bulk Prop. Rod - Taligate 044:003-249 Pressure Relief Valve - Compressor, Bulk Prop. Rod - Cab Pressure Relief Valve - Compressor, Bulk Prop. Safety - Safety, Underbody Storage Compartment 044:012:016 Pressure Relief Valve - Cas Pressure Relief Valve - Cas 044:012:016 Pressure Relief Valve - Cas Pressure Relief Valve - Cas 068:003:007 Pressure Relief Valve - Cas Pressure Relief Valve - Cas 070:005:052 Pressure Relief Valve - Reliaf Valve - Cas Prop. Safety - Safety - Safety - Safety - Safety - Safety - Safety - Safety - Safety - Safety - Safety - Safety - Safety - Safety - Safety - Safety - Safety - Safety - Safety - Safety - Safety - Safety - Safety - Safety - Safety - Safety - Safety - Safety - Safety - Safety - Safety - Safety - Safety - Safety - Safety - Safety - Safety - Safety - Safety - Safety - Safety - Safety - Safety - Safety - Safety - Safety - Safety - Safety - Safety - Safety - Safety | 055-020-032 | Pressure Regulator Valve - Control Panel | 174-001-169 | Prop - Safety, Bus Engine Cover",VMRS_HB_COMPLETE_v20 page 6_pages_76-100.md
043-001-004,,043,001,"Pressure Relief Valve - Air Injection Reactor Hafch 092-002-057 Pressure Relief Valve - Compressor, Bulk Product Transfer 092-002-057 Pressure Relief Valve - Engine 002-016-013 044-003-29 Pressure Relief Valve - Engine 002-016-013 044-003-29 Pressure Relief Valve - Engine 002-016-013 044-003-29 Pressure Relief Valve - Compressor, HVAC 002-016-013 065-013-025 Pressure Relief Valve - Compressor, HVAC 002-016-013 065-013-025 Pressure Relief Valve - Compressor, HVAC 002-016-013 07-01-021 Pressure Relief Valve - Compressor, HVAC 002-016-013 065-013-025 Pressure Relief Valve - Compressor, HVAC 002-016-013 07-01-0101 Pressure Relief Valve - Compressor, HVAC 003-009 07-01-0101 Pressure Relief Valve - Compressor, Relief Valve - Compressor, HVAC 002-016-013 07-01-0101 Pressure Relief Valve - Compressor, Relief Valve - Compressor, Relief Valve - Compressor, Relief Valve - Compressor, Relief Valve - Compressor, Relief Valve - Compressor, Relief Valve - Compressor, Relief Valve - Compressor, Relief Valve - Compressor, Relief Valve - Compressor, Relief Valve - Compressor, Relief Valve - Compressor, Relief Valve - Compressor, Relief Valve - Compressor | 143-005-000 | Pressure Relief Device - CNG | 174-015-021 | Prop - Safety, Hatch, Roof Emergency Escape",VMRS_HB_COMPLETE_v20 page 6_pages_76-100.md
092-002-057,,092,002,"Pump T74-003-028 Prop Stafety, Underbody Storage Compartment Pressure Relief Valve - Compressor, Bulk O02-004-051 Prop Rod - Cab 001 001-021 Pressure Relief Valve - Fuel 174-013-014 Prop Rod - Hood 044-003-249 Pressure Relief Valve - Fuel 174-013-014 Prop Rod - Mainter Relief Valve - Regime 044-012-016 Pressure Relief Valve - Georpressor, BWR O02-004-157 Prop Rod - Stafey - Stafey - Stafey - Stafey - Stafey - Stafey - Stafey - Stafey - Stafey - Stafey - Stafey - Stafey - Stafey - Stafey - Stafey - Stafey - Stafey - Stafey - Stafey - Stafey - Stafey - Stafey - Stafey - Stafey - Stafey - Stafey - Stafey - Stafey - Stafey - Stafey - Stafey - Stafey - Stafey - Stafey - Stafey - Stafey - Stafey - Stafey - Stafey - Stafey - Stafey - Stafey - Stafey - Stafey - Stafey - Stafey - Stafey - Stafey - Stafey - Stafey - Stafey - Stafey - Stafey - Stafey - Stafey - Stafey - Stafey - Stafey - Stafey - Stafey - Stafey - Stafey - Stafey - Stafey - Stafey - Stafey - Stafey - Stafey - Stafey - Stafey - Stafey - Stafey - Stafey - Stafey - Stafey - Stafey - Stafey - Stafey - Stafey - Stafey - Stafey - Stafey - Stafey - Stafey - Stafey - Stafey - Stafey - Stafey - Stafey - Stafey - Stafey - Stafey - Stafey - Stafey - Stafey - Stafey - Stafey - Stafey - Stafey - Stafey - Stafey - Stafey - Stafey - Stafey - Stafey - Stafey - Stafey - Stafey - Stafey - Stafey - Stafey - Stafey - Stafey - Stafey - Stafey - Stafey - Stafey - Stafey - Stafey - Stafey - Stafey - Stafey - Stafey - Stafey - Stafey - Stafey - Stafey - Stafey - Stafey - Stafey - Stafey - Stafey - Stafey - Stafey - Stafey - Stafey - Stafey - Stafey - St | 043-001-004 | Pressure Relief Valve - Air Injection Reactor | | Hatch",VMRS_HB_COMPLETE_v20 page 6_pages_76-100.md
002-004-015,,002,004,"002-0057 Pressure Relief Valve - Compressor, HVAC Prop Rod - Cab 001-001-021 Pressure Relief Valve - Engine 002-004-015 Prop Rod - Cab 044-003-249 Pressure Relief Valve - Engine 002-004-015 Prop Rod - Cab 044-003-249 Pressure Relief Valve - Compressor, HVAC 002-004-015 Prop, Safety - Rear Emergency Door 044-003-249 Pressure Relief Valve - Case Type Pump, 174-012-014 Prop, Safety - Skear Emergency Door 045-013-025 Pressure Relief Valve - Case Type Pump, 174-012-014 Prop, Safety - Skear Emergency Door 045-013-025 Pressure Relief Valve - Compressor, HUAC 002-004-015 Prop Rod - Cab 055-013-025 Pressure Relief Valve - Compressor, HUAC 002-004 Prop Rod - Cab 013-010-075 Pressure Relief Valve - Compressor, HUAC 002-004 Prop Rod - Cab 013-010-075 Pressure Relief Valve - Network Pressure Relief Valve - Network Pressure Relief Valve - Network Pressure Relief Valve - Network Pressure Relief Valve - Network Pressure Relief Valve - Network Pressure Relief Valve - Network Pressure Relief Valve - Network Pressure Relief Valve - Network Pressure Relief Valve - Network Pressure Relief Valve - Network Pressure Relief Valve - Network Pressure Relief Valve - Network Pressure Relief Valve - Network Pressure Relie | 0.0000000 | | 174-003-028 | Prop - Safety Underbody Storage Compartment",VMRS_HB_COMPLETE_v20 page 6_pages_76-100.md
001-001-021,,001,001,"Product Transfer Open Bod - Cab Pressure Relief Valve - Engine 002-016-013 Prop Rod - Talgate 044-003-249 Pressure Relief Valve - Engine 002-016-013 Prop, Safety - Site Emergency Door 044-012-016 Pressure Relief Valve - Engine 174-013-014 Prop, Safety - Site Emergency Door 044-012-016 Pressure Relief Valve - Game Type Pump, 174-014-013 Prop, Safety - Site Emergency Door 044-012-016 Pressure Relief Valve - Compressor, HVAC 003-006 Prop, Safety - Site Emergency Door 044-012-016 Pressure Relief Valve - Compressor, HVAC 003-006 Prop, Safety - Site Emergency Door 044-012-016 Pressure Relief Valve - Compressor, HVAC 003-006 Proportioning Valve - Bobtal 075-003-007 Pressure Relief Valve - Lube Oil 08-003-007 Pressure Relief Valve - No Board Air Pump 015-005-052 Pressure Relief Valve - No Board Air Pump 053-0011-002 Protection Coverheat, Auxiliary Heater 015-005-052 Pressure Relief Valve - No Board Air Pump 053-001-002 Protection Cover - Connection Port 015-005-052 Pressure Relief Valve - Inarlistr Case 002-001-79 Protector - Cov | 092-002-057 | Pressure Belief Valve - Compressor Bulk | | Door",VMRS_HB_COMPLETE_v20 page 6_pages_76-100.md
002-004-157,,002,004,"001-01-021 Pressure Relief Valve - Compressor, HVAC Prop Rod - Hood 045-001-023 Pressure Relief Valve - Engine 074-013-014 Prop, Safety - Kear Emergency Door 044-003-249 Pressure Relief Valve - Engine 174-012-014 Prop, Safety - Kear Emergency Door 065-013-025 Pressure Relief Valve - Gaseous Fuel 174-012-014 Prop, Safety - Kheelchair Lift Door 065-013-025 Pressure Relief Valve - Gaseous Fuel 001-003-066 Protection - Overheat, Auxilary Heater 0768-003-007 Pressure Relief Valve - On Board Air Pump 011-001-028 Protection Cage Assembly - MRU 015-005-052 Pressure Relief Valve - Newer Steering Pump 03-011-002 Protection Cage Assembly - MRU 025-001-089 Pressure Relief Valve - Newer Steering Pump 03-011-002 Protection Cage Assembly - MRU 025-023-026 Pressure Relief Valve - Viewer Steering Pump 03-001-07 Protection Cage Assembly - MRU 025-023-026 Pressure Relief Valve - Viewer Steering Pump 03-001-002 Protection Cage Assembly - MRU 025-023-026 Pressure Relief Valve - Viewer Steering Pump 03-001-002 Protection - Door Stop 024-002-036 00L 00L 007Product Transfer002-036-016Prop Bod - Cab | 00L 00L 007 | Product Transfer | 002-036-016 | Prop Bod - Cab",VMRS_HB_COMPLETE_v20 page 6_pages_76-100.md
002-016-013,,002,016,"045-001-02 Pressure Relief Valve - Engine Prop. Safety - Side Emergency Door 044-012-016 Pressure Relief Valve - Engine 012-016-013 Prop. Safety - Side Emergency Door 044-012-016 Pressure Relief Valve - Gear Type Pump, 174-014-013 Prop. Safety - Side Emergency Door 044-012-016 Pressure Relief Valve - Gear Type Pump, 174-014-013 Prop. Safety - Side Emergency Door 044-012-016 Pressure Relief Valve - Lube Oil 053-099-064 Protection - Overheat, Auxiliary Heater 056-003-013 Pressure Relief Valve - Dom Board Air Pump 053-001-028 Protection - Overheat, Auxiliary Heater 056-003-028 Pressure Relief Valve - Dom Board Air Pump 053-001-02 Protection - Overheat, Auxiliary Heater 015-005-052 Pressure Relief Valve - No Board Air Pump 053-001-002 Protection Corer - Sump 015-003-069 Pressure Relief Valve - No Board Air Pump 053-001-002 Protection Port 015-003-079 Protection Port Pressure Relief Valve - No Board Air Pump 053-001-002 Protection Port 016-008-019 Pressure Relief Valve - Mariater Case 002-005-073 Protector - Compartment Door 0 | 001-001-021 | Pressure Belief Valve - Compressor HVAC | 002-004-157 | Prop Bod - Hood",VMRS_HB_COMPLETE_v20 page 6_pages_76-100.md
174-013-014,,174,013,"0x1000320 Prop, Salety - Rear Emergency Door 0x44.003249 Pressure Relief Valve - Caseous Fuel Prop, Salety - Stide Emergency Door 0x50-017 Pressure Relief Valve - Caseous Fuel 174-014-013 Prop, Salety - Stide Emergency Door 0x50-017-02 Pressure Relief Valve - Caseous Fuel 174-014-014 Prop, Salety - Stide Emergency Door 0x50-017-02 Pressure Relief Valve - Caseous Fuel 0x1-014-76 Propositioning Valve - Bobtail 0x50-017-02 Pressure Relief Valve - Purp, Intervence 0x1-017-289 Protectant - Battery 0x1-003-010 Pressure Relief Valve - Power Steering Pump 0x1-017-289 Protective Clothing 0x2-005-052 Pressure Relief Valve - Transfer Case 002-050-783 Protective Clothing 0x2-005-040 Pressure Relief Valve - Neer Steering 0x2-010-045 Protective Clothing 0x2-005-040 Pressure Relief Valve - Neer Steering 0x2-010-045 Protective Clothing 0x2-005-041 Pressure Relief Valve - Neer Steering 0x2-010-045 Protective Clothing 0x2-010-040 Pressure Relief Valve - Neer Steering 0x2-010-045 Protector - Connartment Door | 045-001-023 | Pressure Belief Valve - Engine | 002-016-013 | Prop Bod - Tailgate",VMRS_HB_COMPLETE_v20 page 6_pages_76-100.md
044-012-016,,044,012,"Pressure Relief Valve - Gaer Type Pump,Prop, Safety - Side Emergency Door 044-012-018 Pressure Relief Valve - Gaer Type Pump,Prop, Safety - Side Emergency Door 074-013-025 Pressure Relief Valve - Ager Type Pump,Prop, Safety - Side Emergency Door 074-013-025 Pressure Relief Valve - Hydraulic, Litting/Unloading System 013-002-76Protection - Overheat, Auxiliary Heater 075-003-013 Pressure Relief Valve - Inster Case 002-015-005Protection Cage Assembly - MRU 075-003-020 Pressure Relief Valve - Inster Case 002-015-015Protective Cover - Connection Port 075-003-025 Pressure Relief Valve - Wheelchair Lift 027-024-007Protective Cover - USB Connector Port, Sleeper 075-003-025 Pressure Relief Valve - Wheelchair Lift 027-024-007Protective Cover - Connection Port 075-003-025 Pressure Valve - Air Ride Suspension 063-005-010Protector - Compartment Door 074-003-212 Pressure Valve - Air Ride Suspension 02-019-015Protector - Compartment Door 074-003-225 Pressure Valve - Air Ride Suspension 02-019-015Protector - Diver Compartment Door 074-003-235 Pressure Valve - Air Ride Suspension 02-019-035Protector - Filler Neck 075-025-014 Pressure Valve - Air Ride Suspension 02-019-035P | 044-003-249 | Pressure Relief Valve - Fuel | 174-013-014 | Prop. Safety - Rear Emergency Door",VMRS_HB_COMPLETE_v20 page 6_pages_76-100.md
065-013-025,,065,013,"Pressure Relief Valve - Gear Type Pump,Hydraulic System 174-014-013 Prop, Safety - Wheelchair Lift Door 065-013-025 Pressure Relief Valve - Gear Type Pump,Hydraulic System 013-010-476 Proposition - Overheat, Auxiliary Heater 066-003-007 Pressure Relief Valve - Northeat, Auxiliary Heater 015-005-025 Pressure Relief Valve - Northeat, Auxiliary Heater 066-003-016 Pressure Relief Valve - Northeat, Auxiliary Heater 015-005-025 Pressure Relief Valve - Northeat, Auxiliary Heater 015-005-025 Pressure Relief Valve - Transfer Case 002-050-783 Protection Cage Assembly - MRU 015-013-010 Pressure Relief Valve - Transfer Case 002-050-783 Protective Cover - USB Connector Port, Sleeper 015-003-025 Pressure Relief Valve - Vide Kilds 027-024-097 Protector - Bumper 016-018-012 Pressure Valve - Slider Air Ride Suspension 002-010-004 Protector - Connection Port 016-008-019 Pressure Valve - Slider Air Ride Suspension 002-010-014 Protector - Compartment Door 042-003-026 Pressure Valve - Vider Air Ride Suspension 002-019-045 Protector - Const Stop 003-001-248 Pressure Valve - Air Ride Suspension 002-019-045 | 044-012-016 | Pressure Belief Valve - Gaseous Fuel | 174-012-014 | Prop. Safety - Side Emergency Door",VMRS_HB_COMPLETE_v20 page 6_pages_76-100.md
000-010-020,,000,010,"Hydraulic System 112 010 017 Proportioning Valve - Bottoni 068 003 007 Pressure Relief Valve - Hydraulic, Lifting/ 053 001-003-060 Protection - Coverheat, Auxiliary Heater 056 003-013 Pressure Relief Valve - Lube Oil 082-003-017 Protection - Coverheat, Auxiliary Heater 056 003-013 Pressure Relief Valve - Con Board Air Pump 001-003-068 Protection - Coverheat, Auxiliary Heater 015-005-052 Pressure Relief Valve - Con Board Air Pump 053-011-002 Protective Cover - Connection Port 015-003-017 Pressure Relief Valve - Transfer Case 002-050-78 Protective Cover - Connector Port, Sleeper 016-008-019 Pressure Relief Valve - Transfer Case 002-050-78 Protective Cover - Connector Port, Sleeper 016-008-019 Pressure Relief Valve - Transfer Case 002-010-124 Protector - Circuit Breaker, Brush Chipper 016-008-019 Pressure Valve - Fuel Solenoid 022-006 Pressure Valve - Fuel 016-008-019 Pressure Valve - Fuel 002-010-017 Protector - Circuit Breaker, Brush Chipper 016-003-129 Pressure Valve - Fuel 002-011-02 Protector - Circuit Breaker, Brush Chipper | 065-013-025 | Pressure Belief Valve - Gear Type Pump | 174-012-014 | Prop. Safety - Wheelchair Lift Door",VMRS_HB_COMPLETE_v20 page 6_pages_76-100.md
068-003-007,,068,003,"Protection Description 068-003-007 Prosecure Relief Valve - Lube Oil 003-090-06 Protection - Overheat, Auxiliary Heater 066-003-013-010 Pressure Relief Valve - Lube Oil 082-038-000 Protection - Vartheat, Auxiliary Heater 056-003-013-010 Pressure Relief Valve - Cm Board Air Pump 001-001-289 Protection Cage Assembly - MRU 015-005-025 Pressure Relief Valve - Dword Steering Pump 053-011-002 Protection Cage Assembly - MRU 025-001-089 Pressure Relief Valve - Wheelchair Lift 027-024-097 Protective Cover - Connection Port 025-023-026 Pressure Relief Valve - Wheelchair Lift 027-024-097 Protective Cover - USB Connector Port, Sleeper 055-023-025 Pressure Relief Valve - Wheelchair Lift 027-024-097 Protector - Bumper 016-018-012 Pressure Valve - Air Ride Suspension 002-019-045 Protector - Compartment Door 042-003-289 Pressure Valve - Air Ride Suspension 002-019-045 Protector - Door Stop 043-003-289 Pressure Valve - Hydraulic Fan Control 014-001-027 Protector - Door Stop 042-003-289 Pressure Valve - Hydraulic Fan Control 002-019-034 000-010-020 Hydraulic System 013-010-476 Proportioning Valve - Bobtail | 000-010-020 | Hydraulic System | 013-010-476 | Proportioning Valve - Bobtail",VMRS_HB_COMPLETE_v20 page 6_pages_76-100.md
056-003-013,,056,003,"Dindading Useful 001-002-000 Protection Cage Assembly - MRU 056-003-013 Pressure Relief Valve - Cn Board Air Pump 001-001-289 Protection Cage Assembly - MRU 015-005-026 Pressure Relief Valve - Radiator 082-038-000 Protective Cover - Connection Port 025-001-089 Pressure Relief Valve - Number Case 002-050-783 Protective Cover - USB Connector Port, Sleeper 055-023-026 Pressure Relief Valve - Wheelchair Lift 027-024-097 Protective Cover - USB Connector Port, Sleeper 056-003-019 Pressure Valve - Silder Air Ride Suspension 002-018-015 Protector - Compartment Door 016-018-012 Pressure Valve - Air Ride Suspension 002-018-012 Protector - Compartment Door 044-003-235 Pressure Valve - Hydraulic Fan Control 014-001-072 Protector - Door Stop 042-003-129 Pressure Valve - Hydraulic Fan Control 014-001-072 Protector - Finder 053-001-00 Pressure Valve - Hydraulic Fan Control 014-001-072 Protector - Door Stop 042-003-129 Pressure Valve - Hydraulic Fan Control 014-001-072 Protector - Lock Tumbier 053-0050-211 Pressurestat - Warning System C | 000-000-007 | Unloading System | 001 003 066 | Protection Overheat Auxiliary Heater",VMRS_HB_COMPLETE_v20 page 6_pages_76-100.md
001-001-289,,001,001,"000000010 Pressure Relief Valve - On Board Air Pump Protection Unit - ACC 051-013-010 Pressure Relief Valve - On Board Air Pump 053-001-029 Protective Cover - Connection Port 025-001-089 Pressure Relief Valve - Transfer Case 001-001-289 Protective Cover - USB Connector Port, Sleeper 055-023-026 Pressure Relief Valve - Transfer Case 002-050-783 Protective Cover - Connection Port 055-023-026 Pressure Tester 014-002-124 Protectore Cover - Connection Port 016-008-019 Pressure Valve - Slider Air Ride Suspension 002-019-045 Protector - Circuit Breaker, Brush Chipper 016-008-019 Pressure Valve - Fuel 002-019-045 Protector - Compartment Door 044-003-235 Pressure Valve - Fuel 002-019-029 Protector - Fender 055-026-014 Pressure Valve - Regulator Valve, Hydraulic Gan Control 014-001-072 Protector - Fender 053-006-211 Pressure Valve - Regulator Valve, Hydraulic Gan Control 002-019-249 Protector - Inector - Nozzle, Refer 030-012-429 Pressure Valve - Regulator Valve, Hydraulic Gan Control 002-019-209 Protector - Finder 020-012-149 Pres | 056-003-013 | Pressure Belief Valve - Lube Oil | 082-038-000 | Protection Cade Assembly - MPLI",VMRS_HB_COMPLETE_v20 page 6_pages_76-100.md
001-001-001,,001,001,"Protective Cover - Connector Port, Sleeper 015-005-002 Pressure Relief Valve - Radiator 063-005-073 025-001-080 Pressure Relief Valve - Transfer Case 002-050-783 025-001-080 Pressure Relief Valve - Transfer Case 002-050-783 016-010-012 Protective Cover - USB Connector Port, Sleeper 015-005-02 Pressure Relief Valve - Transfer Case 002-010-02 022-010-080 Pressure Valve - Slider Air Ride Suspension 014-002-124 Protective Cover - USB Connector Port, Sleeper Protector - Circuit Breaker, Brush Chipper 016-018-012 Pressure Valve - Slider Air Ride Suspension 002-018-112 014-002-129 Pressure Valve - Hydraulic Fan Control 002-018-112 022-001-248 Pressure Valve - Hydraulic Fan Control 002-010-02-185 033-006-211 Pressure Valve - Regulator Valve, Hydraulic 002-010-02 033-006-211 Pressure Valve - Regulator Valve, Hydraulic 002-019-034 033-006-211 Pressure Valve - Regulator Valve, Hydraulic 002-019-034 033-006-211 Pressure Valve - Hydraulic Fan Control 002-019-034 033-001-248 Pressure Valve - Regulator Valve, Hydraulic 002-019-034 | 051 013 010 | Pressure Delief Valve - Cube Oli | 002-000-000 | Protection Unit A/C",VMRS_HB_COMPLETE_v20 page 6_pages_76-100.md
016-008-012,,016,008,"013/03/03/02 Protective Patient Value - New Steering Pullip 003/01/002 Protective Cover - Connection Port 022-002/06 Pressure Relief Value - Transfer Case 002/05/0783 Protective Cover - Connection Port 055/023-026 Pressure Relief Value - Transfer Case 002/05/0783 Protective Pate - Solenoid 055/023-026 Pressure Relief Value - Wheelchair Lift 027-024/097 Protector - Compartment Door Pressure Value - Silder Air Ride Suspension 1063/05/010 Protector - Compartment Door 042-002-041 Pressure Value - Air Ride Suspension 002/019-045 Protector - Compartment Door 042-003-235 Pressure Value - Fuel 002-018-112 Protector - Compartment Door 042-003-235 Pressure Value - Fuel 002-018-112 Protector - Door Stop 042-003-235 Pressure Value - Fuel 002-018-112 Protector - Door Stop 042-003-248 Pressure Value - Hydraulic Fan Control 014-001-86 Protector - Drine Air Conditioning 053-006-211 Pressure Value - Hydraulic Satem Component 082-039-026 Protector - Line, Air Conditioning 053-001-248 Pressure Value - Fuel 02-01-034 Protector - Line, Air Conditioning 070-01- | 015 005 052 | Pressure Relief Valve - Off Doard All Fullip | 001-001-209 | Protection Only - A/C",VMRS_HB_COMPLETE_v20 page 6_pages_76-100.md
042-002-000,,042,002,"Pressure Relief Valve - Transfer Case 002-005-078 Protective Cover - USB Connector Port, Sleeper 055-002-000 Pressure Relief Valve - Transfer Case 002-050-783 Protective Cover - USB Connector Port, Sleeper 055-001-084 Pressure Relief Valve - Transfer Case 002-050-783 Protective Cover - USB Connector Port, Sleeper 016-018-012 Pressure Valve - Slider Air Ride Suspension 163-005-010 Protector - Circuit Breaker, Brush Chipper 016-018-012 Pressure Valve - Fuel 002-018-112 Protector - Compartment Door 044-003-252 Pressure Valve - Fuel 002-018-112 Protector - Compartment 005-000-211 Pressure Valve - Regulator Valve, Hydraulic 002-018-112 Protector - Driver Compartment 045-021-087 Pressure Valve - Regulator Valve, Hydraulic 002-018-018 Protector - Lock Tumbler 003-001-248 Pressurestat 026-011-205 Protector - Lock Tumbler Protector - Lock Tumbler 097-001-002 Primer Pump 151-001-155 Protector - Lock Tumbler Protector - Lock Tumbler 097-001-002 Primer Pump 053-006-018 Protector - Nozzle, Cylinder Head, APU 092-001-0 | 010-000-002 | Pressure Relief Valve - Power Steering Fullip | 053-011-002 | Protective Clothing",VMRS_HB_COMPLETE_v20 page 6_pages_76-100.md
055-023-024,,055,023,"Description Protector Solution Federe Protector Protector Protector 055-023-024 Protector Protector Protector 055-023-024 Protector Protector Protector 055-023-024 Protector Protector Protector 055-023-024 Protector Protector Protector 055-023-024 Protector Protector Protector 065-023-024 Protector Protector Protector 065-025-024 Pressure Valve - Air Ride Suspension 002-019-045 Protector 065-025-014 Pressure Valve - Regulator Valve, Hydraulic 002-002-097 Protector Protector 053-006-211 Pressure Valve - Regulator Valve, Hydraulic 002-002-097 Protector Protector 053-006-211 Pressure Valve - Regulator Valve, Hydraulic 002-019-034 Protector Protector 053-006-211 Pressure Valve - Regulator Valve, Hydraulic 002-019-034 Protector Lingkin Calve 003-001-248 Pressurestat 024-011-025 | 042-002-000 | Pressure Delief Valve - Transfer Case | 003-003-017 | Protective Cover - USP Connector Port",VMRS_HB_COMPLETE_v20 page 6_pages_76-100.md
003-022-020,,003,022,"Pressure Valve - Air Ride Suspension 102-7024-021 Protector - Circuit Breaker, Brush Chipper 016-018-012 Pressure Valve - Air Ride Suspension 002-019-045 Protector - Compartment Door 044-003-235 Pressure Valve - Fuel 002-019-045 Protector - Compartment Door 044-003-235 Pressure Valve - Hydraulic Fan Control 014-001-072 Protector - Door Stop 042-003-129 Pressure Valve - Hydraulic Fan Control 014-001-072 Protector - Finder 053-006-021 Pressure Valve - Regulator Valve, Hydraulic 002-002-097 Protector - Finder 053-006-211 Pressure Valve - Regulator Valve, Hydraulic 002-002-097 Protector - Injection Nozzle, Reefer 045-021-097 Pressuresure Valve - Regulator Valve, Hydraulic 002-019-034 Protector - Line, Air Conditioning 003-001-248 Pressurestat 001-002-185 Protector - Injection Nozzle, Reefer 045-021-097 Pressurestat 002-019-034 Protector - Line, Air Conditioning 003-001-248 Pressurestat 002-019-034 Protector - Nozzle, Cylinder Head, APU 045-021-027 Pressurestat 002-03-03-016 Protector - Nozzle | 025-001-069 | Pressure Relief Valve - Mansiel Case | 002-030-763 | Protective Cover - OSB Connector Port, Sleeper",VMRS_HB_COMPLETE_v20 page 6_pages_76-100.md
005-000-000,,005,000,"Pressure Valve - Silder Air Ride Suspension 004-002-14 Protector - Crouit Breaker, Brush Chipper 016-018-019 Pressure Valve - Air Ride Suspension 002-019-045 Protector - Crouit Breaker, Brush Chipper 016-018-019 Pressure Valve - Air Ride Suspension 002-019-045 Protector - Crouit Breaker, Brush Chipper 016-018-019 Pressure Valve - Hydraulic Fan Control 014-001-072 Protector - Fender 053-006-211 Pressure Valve - Hydraulic Fan Control 002-008-009 Protector - Fender 053-006-211 Pressure Washer 001-002-185 Protector - Injection Nozzle, Reefer 045-022-097 Pressurestat 026-011-205 Protector - Lock Turnbler 030-001-248 Pressurestat 026-011-205 Protector - Lock Turnbler 045-022-097 Pressurestat 026-011-205 Protector - Lock Turnbler 047-001-000 Primary Conveyor 002-03-016 Protector - Nozzle, Cylinder Head, APU 097-001-043 Prime Pump 151-001-155 Protector - Nozzle, Cylinder Head, APU 097-001-043 Primer Fump 063-006-018 Protector - Strap 034-001-018 055-025-020027-024-097Protector Rumper | 055-025-020 | | 027-024-097 | Protector Rumper",VMRS_HB_COMPLETE_v20 page 6_pages_76-100.md
002-019-045,,002,019,"010-01-012 Pressure Valve - Air Ride Suspension Protector - Compartment Door 014-003-235 Pressure Valve - Hydraulic Fan Control 014-001-072 Protector - Door Stop 065-026-014 Pressure Valve - Hydraulic Fan Control 014-001-072 Protector - Fender 053-006-211 Pressure Valve - Hydraulic System 044-001-086 Protector - Fender 053-006-211 Pressure Valve - Negulator Valve, Hydraulic 002-019-045 Protector - Fender 003-001-244 Pressure Valve - Washer 001-002-185 Protector - Hose Or Line, Air Conditioning 003-001-244 Pressurestat - Warning System Component 082-039-026 Protector - Lick, Gear Shift 170-001-000 Primer Pirmer Pump 151-001-155 Protector - Lock Tumbler 291-001-002 Primer Pump 01-102-185 Protector - Nozzle, Cylinder Head, APU 097-001-043 Primer Pump 053-006-018 Protector - Storeen, Handheld Unit, Load 034-001-101 Printed Circuit Instrument Cluster 063-006-018 Protector - Stid, Bus Engine 034-001-101 Printed Circuit Board 071-001-028 Protector - Stid, Bus Engine 051-018-003 Printer - Electronic Transactions 055-0 | 016 019 010 | Pressure Velve Slider Air Dide Suppopuler | 162 005 010 | Protector - Dumper",VMRS_HB_COMPLETE_v20 page 6_pages_76-100.md
010-000-019,,010,000,"Pressure Valve - Air Alde Suspension 002-018-112 Protector - Dorr Stop 044-003-219 Pressure Valve - Hydraulic Fan Control 014-001-072 Protector - Dorr Stop 044-003-219 Pressure Valve - Regulator Valve, Hydraulic 002-018-112 Protector - Finder 055-006-211 Pressure Valve - Regulator Valve, Hydraulic 002-018-112 Protector - Finder 035-006-211 Pressure Valve - Regulator Valve, Hydraulic 002-018-112 Protector - Hose Or Line, Air Conditioning 070-001-020 Pressurestat - Warning System Component 082-039-026 Protector - Link, Gear Shift 170-001-000 Primary Conveyor 002-019-034 Protector - Lock Tumbler 291-001-002 Prime Pump 151-001-155 Protector - Nozzle, Cylinder Head, APU 097-001-043 Primer Fuel, Reefer 002-033-016 Protector - Suzzle, Cylinder Head, APU 097-001-043 Primer Pump 151-001-155 Protector - Suzzle, Cylinder Head, APU 097-001-043 Primer Fuel, Reefer 002-03-016 Protector - Nozzle, Cylinder Head, APU 097-001-043 Primer Output 071-010-021 Protector - Suzzle, Cylinder Head, APU 097-001-044 Printed Circuit 071-01 | 010-010-012 | Pressure Valve - Silder All Ride Suspension | 002 010 045 | Protector - Circuit Dreaker, Brush Chipper",VMRS_HB_COMPLETE_v20 page 6_pages_76-100.md
044-003-233,,044,003,"Pressure Valve - Puer 002-017-12 Protector - Driver Compartment 042-003-124 Pressure Valve - Regulator Valve, Hydraulic 002-002-097 Protector - Driver Compartment 055-026-014 Pressure Valve - Regulator Valve, Hydraulic 002-002-097 Protector - Driver Compartment 053-006-211 Pressurestat - Warning System Component 082-039-026 Protector - Hose Or Line, Air Conditioning 003-001-248 Pressurestat - Warning System Component 082-039-026 Protector - Linck, Gear Shift 170-001-000 Prime Pump 151-001-155 Protector - Nozzle, Cylinder Head, APU 082-039-022 Primer - Fuel, Reefer 002-033-016 Protector - Nozzle, Cylinder Head, APU 097-001-003 Primer Pump 151-001-155 Protector - Nozzle, Cylinder Head, APU 093-001-124 Prineer Circuit 077-012-012 Protector - Rail, Stake Pocket 034-004-011 Printed Circuit 077-102-012 Protector - Sill Tracking, RFID 001-003-002 Printed Circuit Board 071-001-028 Protector - Sill Tracking, RFID 001-003-002 Printer Circuit Board 072-001-026 Protector - Sill Tracking, RFID 001-003-002 010-000-019 Pressure Valve - All Ride Suspension 002-019-045 Protector - Companinent Door | 010-000-019 | Pressure Valve - All Ride Suspension | 002-019-045 | Protector - Companinent Door",VMRS_HB_COMPLETE_v20 page 6_pages_76-100.md
042-003-129,,042,003,"Pressure Valve - Regulator Valve, Hydraulic 01401-072 Protector - Finder 065-026-014 Pressure Valve - Regulator Valve, Hydraulic 002-002-097 Protector - Filler Neck 053-006-211 Pressure Valve - Regulator Valve, Hydraulic 002-002-097 Protector - Hose Or Line, Air Conditioning 003-001-248 Pressurestat - Warning System Component 082-039-026 Protector - Lock Tumbler 170-001-000 Primer Pump 151-001-155 Protector - Lock Tumbler 097-001-022 Prime Pump 151-001-155 Protector - Nozzle, Cylinder Head, APU 082-039-026 Primer Fuel, Reefer 002-033-016 Protector - Screen, Handheld Unit, Load 097-001-002 Primer Pump 151-001-155 Protector - Screen, Handheld Unit, Load 097-001-0143 Primer Pump 151-001-028 Protector - Screen, Handheld Unit, Load 097-001-0143 Printed Circuit 077-012-012 Protector - Screen, Handheld Unit, Load 097-001-010 Printed Circuit Board 071-001-028 Protector - Stap 001-003-002 Printer 174-001-088 Protector - Stap 010-003-001 Printer - Scale 072-001-026 Protector - Stap | 044-003-235 | Pressure Valve - Fuer | 002-010-112 | Protector - Door Stop",VMRS_HB_COMPLETE_v20 page 6_pages_76-100.md
005-025-014,,005,025,"Protector - Fender003-001-248Pressure Washer001-002-185Protector - Filder Neck003-001-248Pressurestat - Warning System Component082-039-026Protector - Link, Gear Shift170-001-000Primary Conveyor002-019-034Protector - Nozzle, Cylinder Head, APU082-039-022Primer - Fuel, Reefer002-019-034Protector - Nozzle, Cylinder Head, APU082-039-002Primer Pump151-001-155Protector - Nozzle, Cylinder Head, APU082-039-002Primer - Fuel, Reefer002-03-01-135Protector - Nozzle, Cylinder Head, APU097-001-003Primer Pump151-001-155Protector - Corrnaments, Emblems andNameplates003-001-11Printed Circuit077-012-012Protector - Screen, Handheld Unit, Load081-001-010Printed Circuit I Instrument Cluster063-006-018Protector - Sill001-003-002Printed Circuit Board071-001-028Protector - Sill051-018-003PrinterTeacking, RFIDProtector - Sill062-003-001Printer - Electronic Transactions055-012-063Protector - Sill052-003-001Printer - Electronic Transactions055-012-063Protector - Wire Jacket291-004-007Printer Head - Label, Flash Computer291-002-001PS4 Peristaltic Sampler291-004-008Printer Head - Label, Flash Computer291-002-001PS4 Peristaltic Sampler291-004-005Printer Mechanism - Label, Computer291-002-001PS4 Peristaltic Sampler291-004-006Printer Mechanism - Receipt, Flash Computer | 042-003-129 | Pressure Valve - Hydraulic Fan Control | 014-001-072 | Protector - Driver Compariment",VMRS_HB_COMPLETE_v20 page 6_pages_76-100.md
044-001-086,,044,001,"SystemProtector - Filler Neck053-006-211Pressurestat - Warning System Component082-039-026Protector - Hose Or Line, Air Conditioning003-001-248Pressurestat - Warning System Component082-039-026Protector - Link, Gear Shift170-001-000Prime Pump022-019-034Protector - Lock Tumbler291-001-002Prime Pump151-001-155Protector - Nozzle, Cylinder Head, APU082-039-002Primer - Fuel, Reefer002-033-016Protector - Ornaments, Emblems and097-001-043Primer Pump0151-001-155Protector - Cornaments, Emblems and097-001-043Primer Output063-006-018Protector - Rail, Stake Pocket093-001-134Printed Circuit - Instrument Cluster063-006-018Protector - Sill091-002-02Printed Circuit Board071-001-028Protector - Sill091-003-002Printed Circuit Board071-001-028Protector - Sill091-004-007Printer - Electronic Transactions055-012-063Protector - Sirap091-004-007Printer Head - Label, Flash Computer058-006-013Protector - Vire Jacket291-004-007Printer Head - Label, Flash Computer291-002-001P54 Peristaltic Sampler291-004-008Printer Mechanism - Label, Stak Computer056-001-001PTO Assembly - Complete291-004-006Printer Mechanism - Label, Double Insert056-001-01PTO Assembly - Split Shaft291-004-007Printer Mechanism - Receipt, Flash Computer056-001-01PTO Assembly - Split Shaft291-004-008 065-026-014Pressure valve - Regulator valve, Hydraulic002-002-097Protector - Fender | 065-026-014 | Pressure valve - Regulator valve, Hydraulic | 002-002-097 | Protector - Fender",VMRS_HB_COMPLETE_v20 page 6_pages_76-100.md
001-002-185,,001,002,"USS-000-211Pressure washerProtector - Injection Nozzle, Reefer003-001-248Pressurestat - Warning System Component082-039-026Protector - Link, Gear Shift170-001-000Primary Conveyor002-019-034Protector - Lock Tumbler291-001-002Prime Pump151-001-155Protector - Nozzle, Cylinder Head, APU082-039-026Primer Pump082-039-016Protector - Nozzle, Cylinder Head, APU097-001-043Primer Pump077-012-012Protector - Nozzle, Cylinder Head, APU097-001-043Primer Pump077-012-012Protector - Cornaments, Emblems andNameplates003-001-134Printed Circuit077-012-012Protector - Screen, Handheld Unit, LoadTracking, RFID001-003-002Printed Circuit Board071-001-028Protector - Skid, Bus Engine051-018-003Printer - Electronic Transactions055-012-063Protector - Skid, Bus Engine051-014-003Printer - Scale072-001-026Protector - Vire Jacket291-004-007Printer Head - Receipt, Flash Computer291-002-001PS4 Peristaltic Sampler291-004-005Printer Mechanism - Label, Flash Computer291-002-001PS4 Peristaltic Sampler291-004-004Printer Mechanism - Receipt, Flash Computer056-001-001PTO Assembly - Complete291-004-005Printer Mechanism - Label, Flash Computer291-002-001PS4 Peristaltic Sampler291-004-004Printer Kechanism - Label, Flash Computer056-001-001PTO Assembly - Complete291-004-005Printer Mechanism - Label, Flash | 050 000 011 | System | 044-001-086 | Protector - Filler Neck",VMRS_HB_COMPLETE_v20 page 6_pages_76-100.md
003-001-248,,003,001,"Pressurstat052-039-026Protector - Injection No2zle, Heeler045-021-097Pressurstat026-011-205Protector - Link, Gear Shift170-001-002Primer Pump151-001-155Protector - Nozzle, Cylinder Head, APU082-039-002Primer - Fuel, Reefer002-033-016Protector - Nozzle, Cylinder Head, APU097-001-043Primer Pump151-001-155Protector - Nozzle, Cylinder Head, APU097-001-043Primter Circuit077-012-012Protector - Cornaments, Emblems and093-001-134Printed Circuit Instrument Cluster063-006-018Protector - Screen, Handheld Unit, LoadTracking, RFID001-003-002Printed Circuit Board071-001-028Protector - Skid, Bus Engine051-018-003Printer - Electronic Transactions055-012-063Protector - Skid, Bus Engine051-014-003Printer - Scale072-001-026Protector - Skid, Bus Engine051-004-007Printer Head - Label, Flash Computer058-006-013Protector - Vire Jacket291-004-008Printer Head - Label, Flash Computer056-001-001PS4 Peristaltic Sampler291-004-004Printer Mechanism - Label, Flash Computer056-001-001PTO Assembly - Complete291-004-004Printer Mechanism - Receipt, Flash Computer056-001-011PTO Assembly - Complete291-004-004Printers - Receipt, Flash Computer056-001-011PTO Assembly - Split ShaftAssembly, Flash Computer045-017-010Probe - Auto Oil Fill058-002-005Puc Retention, Rope045-017-010Probe - Auto Oil Fill 053-006-211 Pressure washer 001-002-185 Protector - Hose Or Line, Air Conditioning | 053-006-211 | Pressure washer | 001-002-185 | Protector - Hose Or Line, Air Conditioning",VMRS_HB_COMPLETE_v20 page 6_pages_76-100.md
045-021-097,,045,021,"Pressuitstat026-011-205Protector - Link, Gear Shift170-001-000Primer y Conveyor002-019-034Protector - Lock Tumbler291-001-020Prime Pump151-001-155Protector - Nozzle, Cylinder Head, APU082-039-002Primer - Fuel, Reefer002-033-016Protector - Cornaments, Emblems andNameplates003-001-134Printed Circuit077-012-012Protector - Screen, Handheld Unit, LoadTracking, RFID001-003-002Printed Circuit Board071-001-028Protector - Skid, Bus Engine001-003-002Printer174-001-088Protector - Skid, Bus Engine051-018-003Printer - Electronic Transactions055-012-063Protector - Skid, Bus Engine051-004-007Printer - Scale072-001-026Protector - Skid, Bus Engine091-004-007Printer Head - Label, Flash Computer058-006-013Protector - Wire Jacket291-004-006Printer Mechanism - Label, Flash Computer291-002-000PS4 Peristaltic Sampler291-004-006Printer Mechanism - Receipt, Flash Computer056-001-012PTO Assembly - Complete291-004-004Printers - Receipt & Label, Double Insert056-001-012PTO Assembly - Complete291-004-004Printers - Receipt & Label, Double Insert056-002-018PTO Assembly - Split ShaftAssembly, Flash Computer056-002-018PTO Assembly - Split Shaft291-004-004Printers - Receipt & Label, Double Insert056-002-018PTO Assembly - Split Shaft291-004-004Printers - Receipt & Label, Flash Computer056-002-0 | 003-001-248 | Pressurestat - warning System Component | 082-039-026 | Protector - Injection Nozzle, Reeter",VMRS_HB_COMPLETE_v20 page 6_pages_76-100.md
002-019-034,,002,019,"17/0-001-000Primary ConveyorProtector - Lock Tumbler291-001-002Prime Pump151-001-155Protector - Nozzle, Cylinder Head, APU082-039-002Primer Fuel, Reefer002-033-016Protector - Ornaments, Emblems andNameplates003-001-134Printed Circuit - Instrument Cluster063-006-018Protector - Screen, Handheld Unit, LoadTracking, RFID001-003-002Printed Circuit Board071-001-028Protector - Sill062-003-001Printer174-001-088Protector - Sill062-003-001Printer071-001-028Protector - Skid, Bus Engine051-018-003Printer072-001-026Protector - Strap062-003-001PrinterCale072-001-026Protector - Strap062-003-001PrinterScale072-001-026Protector - Strap062-003-001Printer - Electronic Transactions058-006-013Protector - Wire Jacket091-004-007Printer Head - Label, Flash Computer058-006-013Protector - Wire Jacket091-004-006Printer Mechanism - Label, Flash Computer291-002-001PS4 Peristaltic Sampler091-004-006Printer Mechanism - Label, Flash Computer056-001-012PTO Assembly - Complete291-004-004Printer Seceipt & Label, Computer056-001-013PTO Assembly - Complete291-004-004Printer Acchanism - Label, Jouble Insert056-002-018PTO Assembly - Split Shaft455-017-010Probe - Adueous Parts Washer056-002-015Puc - Retention, Rope053-014-026Probe - Aque | 045-021-097 | Pressurstat | 026-011-205 | Protector - Link, Gear Shift",VMRS_HB_COMPLETE_v20 page 6_pages_76-100.md
291-001-002,,291,001,"Prime Pump151-001-155Protector - Nozzle, Cylinder Head, APU082-039-002Primer - Fuel, Reefer002-033-016Protector - Ornaments, Emblems andNameplates033-001-134Primer PumpProtector - Rail, Stake Pocket034-004-011Printed Circuit - Instrument Cluster063-006-018Protector - Screen, Handheld Unit, LoadTracking, RFID001-003-002Printed Circuit Board071-001-028Protector - Skid, Bus Engine051-018-003Printer - Electronic Transactions055-012-063Protector - Track, Roll-Up Door091-004-007Printer Head - Label, Flash Computer058-006-013Protector - Wire Jacket291-004-005Printer Mechanism - Label, Flash Computer291-002-001PS4 Peristaltic Sampler291-004-004Printer Mechanism - Label, Flash Computer056-001-001PTO Assembly - Complete291-004-004Printer Sceipt & Label, Double Insert056-001-018PTO Assembly - Split ShaftAssembly, Flash Computer053-014-026Probe - Aqueous Parts Washer044-003-077Puf Limiter Valve Assembly045-017-010Probe - Aqueous Parts Washer055-023-005Puc - Retention, Rope | 170-001-000 | Primary Conveyor | 002-019-034 | Protector - Lock Tumbler",VMRS_HB_COMPLETE_v20 page 6_pages_76-100.md
082-039-002,,082,039,"Primer - Fuel, Reefer002-033-016Protector - Ornaments, Emblems andNameplates097-001-043Printed Circuit077-012-012Protector - Rail, Stake Pocket003-001-134Printed Circuit077-012-012Protector - Screen, Handheld Unit, LoadTracking, RFID001-003-002Printed Circuit Board071-001-028Protector - Skid, Bus Engine001-003-002Printer - Electronic Transactions055-012-063Protector - Strap362-003-001Printer - Scale072-001-026Protector - Strap362-003-001Printer - Scale072-001-026Protector - Wire Jacket291-004-007Printer Head - Label, Flash Computer058-006-013Protector - Wire Jacket291-004-005Printer Mechanism - Label, Flash Computer291-002-001PS4 Peristaltic Sampler291-004-004Printers - Receipt, Flash Computer056-01-101PTO Assembly291-004-005Printer Mechanism - Receipt, Flash Computer056-001-132PTO Assembly - Complete291-004-004Printers - Receipt & Label, Double Insert056-002-018PTO Shaft Assembly045-017-010Probe - Auto Oil Fill058-002-005Puc - Retention, Rope053-014-026Probe - Aqueous Parts Washer055-023-005Pull Box | 291-001-002 | Prime Pump | 151-001-155 | Protector - Nozzle, Cylinder Head, APU",VMRS_HB_COMPLETE_v20 page 6_pages_76-100.md
097-001-043,,097,001,"Primer PumpNameplates003-001-134Printed Circuit077-012-012Protector - Rail, Stake Pocket034-004-011Printed Circuit I Instrument Cluster063-006-018Protector - Screen, Handheld Unit, LoadTracking, RFID001-003-002Printed Circuit Board071-001-028Protector - Skid, Bus Engine051-018-003Printer174-001-088Protector - Skid, Bus Engine051-018-003Printer - Electronic Transactions055-012-063Protector - Strap362-003-001Printer - Scale072-001-026Protector - Strap962-003-001Printer Head - Label, Flash Computer058-006-013Protector - Wire Jacket291-004-007Printer Head - Label, Flash Computer291-002-001PS4 Peristaltic Sampler291-004-005Printer Mechanism - Label, Flash Computer291-002-000PS4 Peristaltic Sampler Assembly291-004-004Printer S - Receipt, Flash Computer056-001-010PTO Assembly - Complete291-004-004Printer Mechanism - Label, Double Insert056-001-012PTO Assembly - Split ShaftAssembly, Flash Computer056-002-018PTO Shaft AssemblyShaft045-017-010Probe - Auto Oil Fill058-002-005Puc - Retention, Rope053-014-026Probe - Aqueous Parts Washer044-003-077Puff Limiter Valve Assembly053-014-033Probe - Aqueous Parts Washer055-023-005Pull Box | 082-039-002 | Primer - Fuel, Reefer | 002-033-016 | Protector - Ornaments, Emblems and",VMRS_HB_COMPLETE_v20 page 6_pages_76-100.md
003-001-134,,003,001,"Printed Circuit077-012-012Protector - Rail, Stake Pocket034-004-011Printed Circuit - Instrument Cluster063-006-018Protector - Screen, Handheld Unit, LoadTracking, RFID001-003-002Printed Circuit Board071-001-028Protector - Skid, Bus Engine051-018-003Printer - Electronic Transactions055-012-063Protector - Strap362-003-001Printer - Scale072-001-026Protector - Track, Roll-Up Door291-004-007Printer Head - Label, Flash Computer058-006-013Protector - Wire Jacket291-004-008Printer Mechanism - Label, Flash Computer291-002-001PS4 Peristaltic Sampler291-004-006Printer Mechanism - Label, Flash Computer056-001-001PTO Assembly - Complete291-004-004Printers - Receipt & Label, Double Insert056-002-018PTO Shaft Assembly045-017-010Probe - Auto Oil Fill058-002-005Puc - Retention, Rope053-014-026Probe - Aqueous Parts Washer044-003-077Puff Limiter Valve Assembly053-014-033Probe - Aqueous Parts Washer055-023-005Pull Box | 097-001-043 | Primer Pump | | Nameplates",VMRS_HB_COMPLETE_v20 page 6_pages_76-100.md
034-004-011,,034,004,"Printed Circuit - Instrument Cluster063-006-018Protector - Screen, Handheld Unit, LoadTracking, RFID001-003-002Printed Circuit Board071-001-028Protector - Sill362-003-000Printer174-001-088Protector - Skid, Bus Engine051-018-003Printer - Electronic Transactions055-012-063Protector - Strap362-003-001Printer - Scale072-001-026Protector - Track, Roll-Up Door291-004-007Printer Head - Label, Flash Computer291-002-001PS4 Peristaltic Sampler291-004-008Printer Mechanism - Label, Flash Computer291-002-000PS4 Peristaltic Sampler291-004-006Printer Mechanism - Label, Flash Computer056-001-011PTO Assembly291-004-004Printers - Receipt & Label, Double Insert056-001-011PTO Assembly - Complete291-004-004Printers - Receipt & Label, Double Insert056-002-018PTO Shaft Assembly045-017-010Probe - Auto Oil Fill058-002-005Puc - Retention, Rope053-014-026Probe - Aqueous Parts Washer044-003-077Puff Limiter Valve Assembly053-014-033Probe - Aqueous Parts Washer055-023-005Pull Box | 003-001-134 | Printed Circuit | 077-012-012 | Protector - Rail, Stake Pocket",VMRS_HB_COMPLETE_v20 page 6_pages_76-100.md
081-001-010,,081,001,"Printed Circuit BoardIracking, RFID001-003-002Printed Circuit Board071-001-028Protector - Sill362-003-000Printer174-001-088Protector - Skid, Bus Engine051-018-003Printer - Electronic Transactions055-012-063Protector - Strap362-003-001Printer - Scale072-001-026Protector - Track, Roll-Up Door291-004-007Printer Head - Label, Flash Computer291-002-001PS4 Peristaltic Sampler291-004-008Printer Mechanism - Label, Flash Computer291-002-000PS4 Peristaltic Sampler291-004-006Printer Mechanism - Label, Flash Computer056-001-001PTO Assembly - Complete291-004-004Printers - Receipt & Label, Double Insert056-001-012PTO Assembly - Complete291-004-004Printers - Receipt & Label, Double Insert056-002-018PTO Shaft Assembly045-017-010Probe - Auto Oil Fill058-002-005Puc - Retention, Rope053-014-026Probe - Aqueous Parts Washer044-003-077Puff Limiter Valve Assembly053-014-033Probe - Aqueous Parts Washer055-023-005Pull Box | 034-004-011 | Printed Circuit - Instrument Cluster | 063-006-018 | Protector - Screen, Handheld Unit, Load",VMRS_HB_COMPLETE_v20 page 6_pages_76-100.md
001-003-002,,001,003,"Printed Circuit Board071-001-028Protector - Sill362-003-000Printer174-001-088Protector - Skid, Bus Engine051-018-003Printer - Electronic Transactions055-012-063Protector - Strap362-003-001Printer - Scale072-001-026Protector - Track, Roll-Up Door291-004-007Printer Head - Label, Flash Computer058-006-013Protector - Wire Jacket291-004-005Printer Mechanism - Label, Flash Computer291-002-001PS4 Peristaltic Sampler291-004-006Printer Mechanism - Receipt, Flash Computer056-001-001PTO Assembly291-004-007Printers - Receipt & Label, Double Insert056-001-01PTO Assembly - Complete291-004-004Printers - Receipt & Label, Double Insert056-002-018PTO Shaft Assembly045-017-010Probe - Auto Oil Fill058-002-005Puc - Retention, Rope053-014-026Probe - Aqueous Parts Washer044-003-077Puff Limiter Valve Assembly053-014-033Probe - Aqueous Parts Washer055-023-005Pull Box | 081-001-010 | Printed Circuit Board | | Tracking, RFID",VMRS_HB_COMPLETE_v20 page 6_pages_76-100.md
362-003-000,,362,003,"Printer174-001-088Protector - Skid, Bus Engine051-018-003Printer - Electronic Transactions055-012-063Protector - Strap362-003-001Printer - Scale072-001-026Protector - Track, Roll-Up Door291-004-007Printer Head - Label, Flash Computer058-006-013Protector - Wire Jacket291-004-005Printer Mechanism - Label, Flash Computer291-002-001PS4 Peristaltic Sampler291-004-006Printer Mechanism - Receipt, Flash Computer056-001-001PTO Assembly - Complete291-004-004Printers - Receipt & Label, Double Insert056-002-018PTO Assembly - Split ShaftAssembly, Flash Computer056-002-005Pto Shaft AssemblyPTO Shaft Assembly045-017-010Probe - Auto Oil Fill058-002-005Puc - Retention, Rope053-014-026Probe - Aqueous Parts Washer044-003-077Puff Limiter Valve Assembly053-014-033Probe - Aqueous Parts Washer055-023-005Pull Box | 001-003-002 | Printed Circuit Board | 071-001-028 | Protector - Sill",VMRS_HB_COMPLETE_v20 page 6_pages_76-100.md
051-018-003,,051,018,"Printer - Electronic Transactions055-012-063Protector - Strap362-003-001Printer - Scale072-001-026Protector - Track, Roll-Up Door291-004-007Printer Head - Label, Flash Computer058-006-013Protector - Wire Jacket291-004-008Printer Head - Receipt, Flash Computer291-002-001PS4 Peristaltic Sampler291-004-005Printer Mechanism - Label, Flash Computer291-002-000PS4 Peristaltic Sampler Assembly291-004-006Printer Mechanism - Receipt, Flash Computer056-001-001PTO Assembly - Complete291-004-004Printers - Receipt & Label, Double Insert056-001-132PTO Assembly - Split ShaftAssembly, Flash Computer056-002-018PTO Shaft Assembly045-017-010Probe - Auto Oil Fill058-002-005Puc - Retention, Rope053-014-026Probe - Aqueous Parts Washer044-003-077Puff Limiter Valve Assembly053-014-033Probe - Aqueous Parts Washer055-023-005Pull Box | 362-003-000 | Printer | 174-001-088 | Protector - Skid, Bus Engine",VMRS_HB_COMPLETE_v20 page 6_pages_76-100.md
362-003-001,,362,003,"Printer - Scale072-001-026Protector - Track, Roll-Up Door291-004-007Printer Head - Label, Flash Computer058-006-013Protector - Wire Jacket291-004-008Printer Head - Receipt, Flash Computer291-002-001PS4 Peristaltic Sampler291-004-005Printer Mechanism - Label, Flash Computer291-002-000PS4 Peristaltic Sampler Assembly291-004-006Printer Mechanism - Receipt, Flash Computer056-001-001PTO Assembly - Complete291-004-004Printers - Receipt & Label, Double Insert056-002-018PTO Assembly - Split ShaftAssembly, Flash Computer056-002-005Puc - Retention, Rope045-017-010Probe - Auto Oil Fill058-002-005Puc - Retention, Rope053-014-026Probe - Aqueous Parts Washer044-003-077Puff Limiter Valve Assembly053-014-033Probe - Aqueous Parts Washer055-023-005Pull Box | 051-018-003 | Printer - Electronic Transactions | 055-012-063 | Protector - Strap",VMRS_HB_COMPLETE_v20 page 6_pages_76-100.md
291-004-007,,291,004,"Printer Head - Label, Flash Computer058-006-013Protector - Wire Jacket291-004-008Printer Head - Receipt, Flash Computer291-002-001PS4 Peristaltic Sampler291-004-005Printer Mechanism - Label, Flash Computer291-002-000PS4 Peristaltic Sampler Assembly291-004-006Printer Mechanism - Receipt, Flash Computer056-001-001PTO Assembly - Complete291-004-004Printers - Receipt & Label, Double Insert056-001-132PTO Assembly - Split ShaftAssembly, Flash Computer056-002-018PTO Shaft Assembly045-017-010Probe - Auto Oil Fill058-002-005Puc - Retention, Rope053-014-026Probe - Aqueous Parts Washer044-003-077Puff Limiter Valve Assembly053-014-033Probe - Aqueous Parts Washer055-023-005Pull Box | 362-003-001 | Printer - Scale | 072-001-026 | Protector - Track, Roll-Up Door",VMRS_HB_COMPLETE_v20 page 6_pages_76-100.md
291-004-008,,291,004,"Printer Head - Receipt, Flash Computer291-002-001PS4 Peristaltic Sampler291-004-005Printer Mechanism - Label, Flash Computer291-002-000PS4 Peristaltic Sampler Assembly291-004-006Printer Mechanism - Receipt, Flash Computer056-001-001PTO Assembly - Complete291-004-004Printers - Receipt & Label, Double Insert056-001-132PTO Assembly - Split ShaftAssembly, Flash Computer056-002-018PTO Shaft Assembly045-017-010Probe - Auto Oil Fill058-002-005Puc - Retention, Rope053-014-026Probe - Aqueous Parts Washer044-003-077Puff Limiter Valve Assembly053-014-033Probe - Aqueous Parts Washer055-023-005Pull Box | 291-004-007 | Printer Head - Label, Flash Computer | 058-006-013 | Protector - Wire Jacket",VMRS_HB_COMPLETE_v20 page 6_pages_76-100.md
291-004-005,,291,004,"Printer Mechanism - Label, Flash Computer291-002-000PS4 Peristaltic Sampler Assembly291-004-006Printer Mechanism - Receipt, Flash Computer056-001-001PTO Assembly - Complete291-004-004Printers - Receipt & Label, Double Insert056-001-132PTO Assembly - Split ShaftAssembly, Flash Computer056-002-018PTO Shaft Assembly045-017-010Probe - Auto Oil Fill058-002-005Puc - Retention, Rope053-014-026Probe - Aqueous Parts Washer044-003-077Puff Limiter Valve Assembly053-014-033Probe - Aqueous Parts Washer055-023-005Pull Box | 291-004-008 | Printer Head - Receipt, Flash Computer | 291-002-001 | PS4 Peristaltic Sampler",VMRS_HB_COMPLETE_v20 page 6_pages_76-100.md
291-004-006,,291,004,"Printer Mechanism - Receipt, Flash Computer056-001-001PTO Assembly - Complete291-004-004Printers - Receipt & Label, Double Insert056-001-132PTO Assembly - Split ShaftAssembly, Flash Computer056-002-018PTO Shaft Assembly045-017-010Probe - Auto Oil Fill058-002-005Puc - Retention, Rope053-014-026Probe - Aqueous Parts Washer044-003-077Puff Limiter Valve Assembly053-014-033Probe - Aqueous Parts Washer055-023-005Pull Box | 291-004-005 | Printer Mechanism - Label, Flash Computer | 291-002-000 | PS4 Peristaltic Sampler Assembly",VMRS_HB_COMPLETE_v20 page 6_pages_76-100.md
291-004-004,,291,004,"Printers - Receipt & Label, Double InsertAssembly, Flash Computer056-001-132056-002-018PTO Assembly - Split ShaftPTO Shaft Assembly045-017-010Probe - Auto Oil Fill058-002-005Puc - Retention, Rope053-014-026Probe - Aqueous Parts Washer044-003-077Puff Limiter Valve Assembly053-014-033Probe - Aqueous Parts Washer055-023-005Pull Box | 291-004-006 | Printer Mechanism - Receipt, Flash Computer | 056-001-001 | PTO Assembly - Complete",VMRS_HB_COMPLETE_v20 page 6_pages_76-100.md
056-002-018,,056,002,"Assembly, Flash ComputerPTO Shaft Assembly045-017-010Probe - Auto Oil Fill058-002-005Puc - Retention, Rope053-014-026Probe - Aqueous Parts Washer044-003-077Puff Limiter Valve Assembly053-014-033Probe - Aqueous Parts Washer055-023-005Pull Box | 291-004-004 | Printers - Receipt & Label, Double Insert | 056-001-132 | PTO Assembly - Split Shaft",VMRS_HB_COMPLETE_v20 page 6_pages_76-100.md
045-017-010,,045,017,"Probe - Auto Oil Fill058-002-005Puc - Retention, Rope053-014-026Probe - Aqueous Parts Washer044-003-077Puff Limiter Valve Assembly053-014-033Probe - Aqueous Parts Washer055-023-005Pull Box | | Assembly, Flash Computer | 056-002-018 | PTO Shaft Assembly",VMRS_HB_COMPLETE_v20 page 6_pages_76-100.md
053-014-026,,053,014,"Probe - Aqueous Parts Washer044-003-077Puff Limiter Valve Assembly053-014-033Probe - Aqueous Parts Washer055-023-005Pull Box | 045-017-010 | Probe - Auto Oil Fill | 058-002-005 | Puc - Retention, Rope",VMRS_HB_COMPLETE_v20 page 6_pages_76-100.md
053-014-033,,053,014,Probe - Aqueous Parts Washer 055-023-005 Pull Box | 053-014-026 | Probe - Aqueous Parts Washer | 044-003-077 | Puff Limiter Valve Assembly,VMRS_HB_COMPLETE_v20 page 6_pages_76-100.md
054-001-027,,054,001,Bull Cable Air Horn | 015 005 024,VMRS_HB_COMPLETE_v20 page 6_pages_76-100.md
034-001-027,,034,001,010-000-024,VMRS_HB_COMPLETE_v20 page 6_pages_76-100.md
071-023-029,,071,023,Pull Cable - Bulknead Door | 013-003-014,VMRS_HB_COMPLETE_v20 page 6_pages_76-100.md
002-036-030,,002,036,Pull Cable - Lock Release | 056-001-133,VMRS_HB_COMPLETE_v20 page 6_pages_76-100.md
002-005-007,,002,005,Pull Knob - Ventilator Door | 071-026-048,VMRS_HB_COMPLETE_v20 page 6_pages_76-100.md
053-004-014,,053,004,Pull Pin - Fire Extinguisher | 042-003-142,VMRS_HB_COMPLETE_v20 page 6_pages_76-100.md
002-022-034,,002,022,Pull Strap - Door | 045-008-226,VMRS_HB_COMPLETE_v20 page 6_pages_76-100.md
013-003-009,,013,003,Pull-Rod Assembly - Parking Brake | 368-001-025,VMRS_HB_COMPLETE_v20 page 6_pages_76-100.md
050-001-156,,050,001,Pullor Fifth Whool | 151 001 136,VMRS_HB_COMPLETE_v20 page 6_pages_76-100.md
059-001-150,,059,001,Puller - Filli Wileel | 101-001-100,VMRS_HB_COMPLETE_v20 page 6_pages_76-100.md
053-006-190,,053,006,Puller - Fuse | 082-033-027,VMRS_HB_COMPLETE_v20 page 6_pages_76-100.md
178-005-001,,178,005,Pulley | 097-001-028,VMRS_HB_COMPLETE_v20 page 6_pages_76-100.md
045-008-069,,045,008,Pulley - Accessory Drive | 031-001-003,VMRS_HB_COMPLETE_v20 page 6_pages_76-100.md
042-003-003,,042,003,"Pulley - Driven, Fan | 098-011-018",VMRS_HB_COMPLETE_v20 page 6_pages_76-100.md
001-001-302,,001,001,Pulley - A/C Belt Tensioner | 178-005-000,VMRS_HB_COMPLETE_v20 page 6_pages_76-100.md
013-009-014,,013,009,Pulley - Air Compressor | 045-008-166,VMRS_HB_COMPLETE_v20 page 6_pages_76-100.md
043-001-006,,043,001,Pulloy - Air Injection Poactor Pump | 103.007.000,VMRS_HB_COMPLETE_v20 page 6_pages_76-100.md
151-001-050,,151,001,Pulley Alternator ADL | 193-007-000,VMRS_HB_COMPLETE_v20 page 6_pages_76-100.md
082-044-016,,082,044,"Pulley - Alternator, Reefer | 197-006-000",VMRS_HB_COMPLETE_v20 page 6_pages_76-100.md
193-007-001,,193,007,Pulley - Belt Conveyor | 196-007-000,VMRS_HB_COMPLETE_v20 page 6_pages_76-100.md
023-001-017,,023,001,Pulley - Cable | 195-007-000,VMRS_HB_COMPLETE_v20 page 6_pages_76-100.md
055-003-011,,055,003,"Pullev - Cable, Liftgate | 268-000-000",VMRS_HB_COMPLETE_v20 page 6_pages_76-100.md
174-017-039,,174,017,"Pulley - Cable, School Bus Stop Arm Assembly | 095-002-001",VMRS_HB_COMPLETE_v20 page 6_pages_76-100.md
078-017-008,,078,017,"Pulloy - Cablo, Tarp Pollor | 044-003-037",VMRS_HB_COMPLETE_v20 page 6_pages_76-100.md
070-017-000,,070,017,"Pulley Oable, Talp Holler | 044-005-057",VMRS_HB_COMPLETE_v20 page 6_pages_76-100.md
055-023-106,,055,023,"Pulley - Cable, wheelchair Lift | 202-000-000",VMRS_HB_COMPLETE_v20 page 6_pages_76-100.md
045-005-003,,045,005,Pulley - Crankshaft | 002-027-229,VMRS_HB_COMPLETE_v20 page 6_pages_76-100.md
151-001-131,,151,001,"Pulley - Crankshaft, APU | 043-001-001",VMRS_HB_COMPLETE_v20 page 6_pages_76-100.md
082-041-022,,082,041,"Pulley - Damper, Engine, Reefer | 198-001-012",VMRS_HB_COMPLETE_v20 page 6_pages_76-100.md
170-002-008,,170,002,Pulley - Drive | 363-001-003,VMRS_HB_COMPLETE_v20 page 6_pages_76-100.md
042-013-006,,042,013,Pulley - Drive Coolant Pre-Heater Liquid Heat | 053-014-014,VMRS_HB_COMPLETE_v20 page 6_pages_76-100.md
042-010-000,,042,010,Constator | 001 002 166,VMRS_HB_COMPLETE_v20 page 6_pages_76-100.md
045-000-005,,045,000,Certerator | 174 000 000,VMRS_HB_COMPLETE_v20 page 6_pages_76-100.md
045-003-005,,045,003,"Pulley - Drive, Cranksnaft | 174-026-038",VMRS_HB_COMPLETE_v20 page 6_pages_76-100.md
151-001-044,,151,001,"Pulley - Drive, Engine, APU | 001-002-141",VMRS_HB_COMPLETE_v20 page 6_pages_76-100.md
369-005-020,,369,005,"Pulley - Drive, Fabricated Structure | 001-002-213",VMRS_HB_COMPLETE_v20 page 6_pages_76-100.md
065-013-026,,065,013,"Pulley - Drive, Pump | 002-036-118",VMRS_HB_COMPLETE_v20 page 6_pages_76-100.md
042-004-023,,042,004,"Pulley - Drive, Water Pump | 002-036-002",VMRS_HB_COMPLETE_v20 page 6_pages_76-100.md
001-001-037,,001,001,Pulley - Driven Air Conditioning Compressor | 043-007-133,VMRS_HB_COMPLETE_v20 page 6_pages_76-100.md
001-001-010,,001,001,"Pulloy Driven, All Conditioning Compressor | 065 012 000",VMRS_HB_COMPLETE_v20 page 6_pages_76-100.md
091-001-019,,091,001,"Pulley - Driver, Diower | 000-012-000",VMRS_HB_COMPLETE_v20 page 6_pages_76-100.md
082-041-047,,082,041,"Pulley - Fan Drive, Reefer | 367-003-039",VMRS_HB_COMPLETE_v20 page 6_pages_76-100.md
082-001-005,,082,001,Pulley - Fan Or Blower | 365-001-029,VMRS_HB_COMPLETE_v20 page 6_pages_76-100.md
082-007-021,,082,007,Pulley - Fan Or Blower | 365-006-002,VMRS_HB_COMPLETE_v20 page 6_pages_76-100.md
082-003-008,,082,003,"Pulley - Fan, Condenser | 027-002-003",VMRS_HB_COMPLETE_v20 page 6_pages_76-100.md
082-008-008,,082,008,"Pulley - Fan, Condenser | 042-009-017",VMRS_HB_COMPLETE_v20 page 6_pages_76-100.md
099-006-006,,099,006,Pulley - Fire Valve | 042-010-022,VMRS_HB_COMPLETE_v20 page 6_pages_76-100.md
151-001-177,,151,001,042 014 006,VMRS_HB_COMPLETE_v20 page 6_pages_76-100.md
044-002-007,,044,002,"Pulley - Flywrieer, AFO | 042-014-000",VMRS_HB_COMPLETE_v20 page 6_pages_76-100.md
044-003-227,,044,003,Pulley - Fuel Pump | 043-007-197,VMRS_HB_COMPLETE_v20 page 6_pages_76-100.md
031-001-032,,031,001,Pulley - Generator Or Alternator | 141-001-016,VMRS_HB_COMPLETE_v20 page 6_pages_76-100.md
151-001-043,,151,001,"Pulley - Generator, APU | 001-003-097",VMRS_HB_COMPLETE_v20 page 6_pages_76-100.md
082-042-005,,082,042,"Pulley - Generator, High-Voltage | 048-001-038",VMRS_HB_COMPLETE_v20 page 6_pages_76-100.md
055-007-030,,055,007,Pulley - Hose Guide | 048-001-018,VMRS_HB_COMPLETE_v20 page 6_pages_76-100.md
013-006-063,,013,006,Pulley - Hydraulic Power Brake | 363-001-002,VMRS_HB_COMPLETE_v20 page 6_pages_76-100.md
170-002-009,,170,002,Pulley - Idler | 043-006-069,VMRS_HB_COMPLETE_v20 page 6_pages_76-100.md
151-001-055,,151,001,Pulloy Idler ADL | 001 002 149,VMRS_HB_COMPLETE_v20 page 6_pages_76-100.md
151-001-000,,151,001,"Pulley - Idlei, APU | 001-003-140",VMRS_HB_COMPLETE_v20 page 6_pages_76-100.md
151-001-178,,151,001,"Pulley - Idler, APU | 053-006-088",VMRS_HB_COMPLETE_v20 page 6_pages_76-100.md
082-001-049,,082,001,"Pulley - Idler, Compressor Assembly, Hermetic | 053-006-275",VMRS_HB_COMPLETE_v20 page 6_pages_76-100.md
068-005-001,,068,005,Туре,VMRS_HB_COMPLETE_v20 page 6_pages_76-100.md
082-003-009,,082,003,"Pulley - Idler, Compressor Assembly, Hermetic | 097-003-002",VMRS_HB_COMPLETE_v20 page 6_pages_76-100.md
168-001-060,,168,001,Type,VMRS_HB_COMPLETE_v20 page 6_pages_76-100.md
013-009-060,,013,009,Pulley - Idler Compressor Air Brakes | 042-010-021,VMRS_HB_COMPLETE_v20 page 6_pages_76-100.md
082-008-031,,082,008,"Pulloy - Idler, Condensor Assembly, Machanical | 044_003_027",VMRS_HB_COMPLETE_v20 page 6_pages_76-100.md
002-000-001,,002,000,Pofrigoration Unit | 151 001 170,VMRS_HB_COMPLETE_v20 page 6_pages_76-100.md
151-001-170,,151,001,Reingeration Unit,VMRS_HB_COMPLETE_v20 page 6_pages_76-100.md
042-003-008,,042,003,"Pulley - Idler, Fan Driven | 044-003-237",VMRS_HB_COMPLETE_v20 page 6_pages_76-100.md
031-001-027,,031,001,"Pulley - Idler, Generator/Alternator | 001-003-028",VMRS_HB_COMPLETE_v20 page 6_pages_76-100.md
045-002-098,,045,002,"Pulley - Idler, Serpentine Belt | 141-001-014",VMRS_HB_COMPLETE_v20 page 6_pages_76-100.md
045-008-211,,045,008,"Pulley - Idler, Timing Belt | 044-001-089",VMRS_HB_COMPLETE_v20 page 6_pages_76-100.md
045-008-222,,045,008,Pulley - Idler Timing Belt | 151-001-001,VMRS_HB_COMPLETE_v20 page 6_pages_76-100.md
042-004-021,,042,004,Pulley - Idler Water Pump | 042-010-005,VMRS_HB_COMPLETE_v20 page 6_pages_76-100.md
151-000-000,,151,000,460.006.000 | Fulley Leveling Lever Deem,VMRS_HB_COMPLETE_v20 page 6_pages_76-100.md
402-006-003,,402,006,"Pulley - Leveling, Lower Boom | 151-002-008",VMRS_HB_COMPLETE_v20 page 6_pages_76-100.md
462-011-003,,462,011,"Pulley - Leveling, Upper, Lower Boom Leveling | 065-013-000",VMRS_HB_COMPLETE_v20 page 6_pages_76-100.md
174-003-040,,174,003,"Pulley - Lift Assist, Luggage Door | 163-001-026",VMRS_HB_COMPLETE_v20 page 6_pages_76-100.md
058-005-026,,058,005,Pulley - Motor | 065-014-000,VMRS_HB_COMPLETE_v20 page 6_pages_76-100.md
061-008-003,,061,008,"Pulley - Motor, Broom | 053-006-276",VMRS_HB_COMPLETE_v20 page 6_pages_76-100.md
061-007-003,,061,007,"Pulley - Motor, Scrub Brush | 002-065-010",VMRS_HB_COMPLETE_v20 page 6_pages_76-100.md
001-001-000,,001,001,", and y motor, corub bruon | 00L 000 010",VMRS_HB_COMPLETE_v20 page 6_pages_76-100.md
,005-024,005,024,5- | Pulley - Oil Pump,VMRS_HB_COMPLETE_v20 page 6_pages_76-100.md
,003-014,003,014,3- | Pulley - Parking Brake Lever Cable,VMRS_HB_COMPLETE_v20 page 6_pages_76-100.md
,001-133,001,133,"6- | Pulley - PTO, Engine Front",VMRS_HB_COMPLETE_v20 page 6_pages_76-100.md
,026-048,026,048,1- | Pulley - Roller,VMRS_HB_COMPLETE_v20 page 6_pages_76-100.md
,003-142,003,142,"2- | Pulley - Tensioner, Drive Belt",VMRS_HB_COMPLETE_v20 page 6_pages_76-100.md
,008-226,008,226,"5- | Pulley - Tensioner, Timing Belt",VMRS_HB_COMPLETE_v20 page 6_pages_76-100.md
,001-136,001,136,1- | Pulley - Water Pump,VMRS_HB_COMPLETE_v20 page 6_pages_76-100.md
,022-027,022,027,2 | Pullov Water Pump Doofor,VMRS_HB_COMPLETE_v20 page 6_pages_76-100.md
,001-020,001,020,7 | Pulley (Sheave) Drive Impeller Shaft,VMRS_HB_COMPLETE_v20 page 6_pages_76-100.md
,001-002,001,002,"1 | Pulley (Sileave) - Drive, Impeller Shart",VMRS_HB_COMPLETE_v20 page 6_pages_76-100.md
,011-018,011,018,8- | Pulley & Mount,VMRS_HB_COMPLETE_v20 page 6_pages_76-100.md
,005-000,005,000,8- | Pulley System - Roll-Off & Lugger Boales,VMRS_HB_COMPLETE_v20 page 6_pages_76-100.md
,008-166,008,166,"5- | Pulley, Front - Balance Shaft",VMRS_HB_COMPLETE_v20 page 6_pages_76-100.md
,007-000,007,000,3- | Pulleys - Belt Conveyor System,VMRS_HB_COMPLETE_v20 page 6_pages_76-100.md
,006-000,006,000,7- | Pulleys - Chain Conveyor System,VMRS_HB_COMPLETE_v20 page 6_pages_76-100.md
,000-000,000,000,8- | Pulling,VMRS_HB_COMPLETE_v20 page 6_pages_76-100.md
,002-001,002,001,5- | Pulsation Dampener Assembly,VMRS_HB_COMPLETE_v20 page 6_pages_76-100.md
,003-037,003,037,4- | Pulsation Damper,VMRS_HB_COMPLETE_v20 page 6_pages_76-100.md
,027-229,027,229,"2- | Pump - Adjustment, Seat Height",VMRS_HB_COMPLETE_v20 page 6_pages_76-100.md
,001-001,001,001,3- | Pump - Air Injection Reactor,VMRS_HB_COMPLETE_v20 page 6_pages_76-100.md
,001-003,001,003,"3- | Pump - Anti-Icina, Deicer",VMRS_HB_COMPLETE_v20 page 6_pages_76-100.md
,014-014,014,014,3- | Pump - Aqueous Parts Washer,VMRS_HB_COMPLETE_v20 page 6_pages_76-100.md
,003-166,003,166,1- | Pump - Booster Auxiliary,VMRS_HB_COMPLETE_v20 page 6_pages_76-100.md
,026-038,026,038,"4- | Pump - Booster, Rus Passenger Heater",VMRS_HB_COMPLETE_v20 page 6_pages_76-100.md
,026-119,026,119,2 | Pump Cab Tilt Electric,VMRS_HB_COMPLETE_v20 page 6_pages_76-100.md
,030-110,030,110,2- | Pump Cab Tilting Machaniam,VMRS_HB_COMPLETE_v20 page 6_pages_76-100.md
,030-002,030,002,2- | Pump - Cab Inung Mechanism,VMRS_HB_COMPLETE_v20 page 6_pages_76-100.md
,007-133,007,133,5- | Pump - Catalylic Reduction Actuator,VMRS_HB_COMPLETE_v20 page 6_pages_76-100.md
,012-000,012,000,5- | Pump - Centrifugal (Low Pressure Type),VMRS_HB_COMPLETE_v20 page 6_pages_76-100.md
,003-039,003,039,7- | Pump - Charge,VMRS_HB_COMPLETE_v20 page 6_pages_76-100.md
,001-029,001,029,"5- | Pump - Circulation, Paint Heater",VMRS_HB_COMPLETE_v20 page 6_pages_76-100.md
,006-002,006,002,5- | Pump - Compressor Assembly,VMRS_HB_COMPLETE_v20 page 6_pages_76-100.md
,002-003,002,003,7- | Pump - Converter,VMRS_HB_COMPLETE_v20 page 6_pages_76-100.md
,009-017,009,017,2- | Pump - Coolant Circulating,VMRS_HB_COMPLETE_v20 page 6_pages_76-100.md
,010-022,010,022,"2- | Pump - Coolant Circulating, Coolant Pre-Heater",VMRS_HB_COMPLETE_v20 page 6_pages_76-100.md
,014-006,014,006,"2- | Pump - Coolant, Battery, Electric Vehicle",VMRS_HB_COMPLETE_v20 page 6_pages_76-100.md
,007-197,007,197,"3- | Pump - Coolant, DEF",VMRS_HB_COMPLETE_v20 page 6_pages_76-100.md
,001-016,001,016,"1- | Pump - Coolant, Hydrogen Fuel Cell",VMRS_HB_COMPLETE_v20 page 6_pages_76-100.md
,003-097,003,097,"1- | Pump - Coolant, Storage Cooler, Self-Powered",VMRS_HB_COMPLETE_v20 page 6_pages_76-100.md
,001-038,001,038,"8- | Pump - Cooler, Drive Unit, Hybrid",VMRS_HB_COMPLETE_v20 page 6_pages_76-100.md
,001-018,001,018,"8- | Pump - Cooler, Power Train, Hybrid",VMRS_HB_COMPLETE_v20 page 6_pages_76-100.md
,006-069,006,069,3- | Pump - Doser,VMRS_HB_COMPLETE_v20 page 6_pages_76-100.md
,003-148,003,148,"1- | Pump - Dosing, Auxiliary Heater",VMRS_HB_COMPLETE_v20 page 6_pages_76-100.md
,006-088,006,088,3- | Pump - Electric,VMRS_HB_COMPLETE_v20 page 6_pages_76-100.md
,006-275,006,275,"3- | Pump - Electric, Crimp Machine",VMRS_HB_COMPLETE_v20 page 6_pages_76-100.md
,005-001,005,001,8- | Pump - Emergency Operating,VMRS_HB_COMPLETE_v20 page 6_pages_76-100.md
,001-060,001,060,8- | Pump - Fire Suppression Mower,VMRS_HB_COMPLETE_v20 page 6_pages_76-100.md
,010-021,010,021,2- | Pump - Fuel 12V Pre-Heater Coolant,VMRS_HB_COMPLETE_v20 page 6_pages_76-100.md
,003-027,003,027,4- | Pump - Fuel Feed,VMRS_HB_COMPLETE_v20 page 6_pages_76-100.md
,003-028,003,028,1 | Pump Fuel Motoring Auvilian Heator,VMRS_HB_COMPLETE_v20 page 6_pages_76-100.md
,001-089,001,089,4- | Pump Fuel ADU,VMRS_HB_COMPLETE_v20 page 6_pages_76-100.md
,010-005,010,005,"2- | Pump - Fuel, Coolant Pre-Heater, Liquid Fueled",VMRS_HB_COMPLETE_v20 page 6_pages_76-100.md
,002-008,002,008,"1- | Pump - Fuel, Heater, APU",VMRS_HB_COMPLETE_v20 page 6_pages_76-100.md
,013-000,013,000,5- | Pump - Gear Type,VMRS_HB_COMPLETE_v20 page 6_pages_76-100.md
,014-000,014,000,5- | Pump - Gerotor Type,VMRS_HB_COMPLETE_v20 page 6_pages_76-100.md
,006-276,006,276,"3- | Pump - Hand, Crimp Machine",VMRS_HB_COMPLETE_v20 page 6_pages_76-100.md
,065-010,065,010,2- | Pump - Headlamp Washer,VMRS_HB_COMPLETE_v20 page 6_pages_76-100.md
365-001-017,,365,001,Pump - Hose Paint Heater | 055-010-001 | Pump Assembly - Hydraulic System,VMRS_HB_COMPLETE_v20 page 6_pages_76-100.md
055-005-008,,055,005,Pump - Hydraulic | 059-020-000 | Pump Assembly - Hydraulic Centrifugal (Low,VMRS_HB_COMPLETE_v20 page 6_pages_76-100.md
065-001-002,,065,001,Pump - Hydraulic | | Pressure),VMRS_HB_COMPLETE_v20 page 6_pages_76-100.md
068-001-124,,068,001,"Pump - Hydraulic (Counter Clockwise), Turret | 059-016-000 | Pump Assembly - Hydraulic, Gear Type",VMRS_HB_COMPLETE_v20 page 6_pages_76-100.md
042-003-108,,042,003,"Pump - Hydraulic Fan Drive | 059-018-000 | Pump Assembly - Hydraulic, Gerotor Type",VMRS_HB_COMPLETE_v20 page 6_pages_76-100.md
013-006-062,,013,006,"Pump - Hydraulic Power Brake | 059-022-000 | Pump Assembly - Hydraulic, Manual",VMRS_HB_COMPLETE_v20 page 6_pages_76-100.md
059-020-002,,059,020,"Pump - Hydraulic, Centrifugal | 059-019-000 | Pump Assembly - Hydraulic, Piston Type",VMRS_HB_COMPLETE_v20 page 6_pages_76-100.md
002-060-024,,002,060,"Pump - Hydraulic, Convertible Top | 059-021-000 | Pump Assembly - Hydraulic, Reciprocating (Air-",VMRS_HB_COMPLETE_v20 page 6_pages_76-100.md
002-002-013,,002,002,"Pump - Hydraulic, Deck Lid | 050 017 000 | Operated)",VMRS_HB_COMPLETE_v20 page 6_pages_76-100.md
059-016-001,,059,016,"Pump - Hydraulic, Dillefential ClutchPump - Hydraulic, Gear Type | 059-017-000 | Pump Assembly - Hydraulic, Hotary Type",VMRS_HB_COMPLETE_v20 page 6_pages_76-100.md
059-018-002,,059,018,"Pump - Hydraulic, Gerotor | 056-003-029 | Pump Assembly - Lube, Complete",VMRS_HB_COMPLETE_v20 page 6_pages_76-100.md
059-022-002,,059,022,"Pump - Hydraulic, Manual | 097-002-049 | Pump Assembly - Positive Displacement",VMRS_HB_COMPLETE_v20 page 6_pages_76-100.md
059-019-002,,059,019,"Pump - Hydraulic, Piston | 015-005-009 | Pump Assembly - Power Steering",VMRS_HB_COMPLETE_v20 page 6_pages_76-100.md
059-021-002,,059,021,"Pump - Hydraulic, Reciprocating | 065-016-001 | Pump Assembly - Reciprocating",VMRS_HB_COMPLETE_v20 page 6_pages_76-100.md
059-017-002,,059,017,"Pump - Hydraulic, Rotary (Single Gear) | 015-005-122 | Pump Assembly - Tandem, Steering/Fuel",VMRS_HB_COMPLETE_v20 page 6_pages_76-100.md
059-015-001,,059,015,"Pump - Hydraulic, Vane | 364-009-007 | Pump Assembly - Tank",VMRS_HB_COMPLETE_v20 page 6_pages_76-100.md
082-039-004,,082,039,"Pump - Injection, Reeler | 260 014 001 | Pump Assembly - Variable Displacement",VMRS_HB_COMPLETE_v20 page 6_pages_76-100.md
369-005-011,,369,005,Pump - Lubrication Fabricated Structure | 174-032-042 | Pump Assembly - Wheelchair Ramp Mechanism,VMRS_HB_COMPLETE_v20 page 6_pages_76-100.md
002-027-184,,002,027,Pump - Lumbar Support | 002-035-025 | Pump Assembly - Windshield Washer,VMRS_HB_COMPLETE_v20 page 6_pages_76-100.md
055-023-062,,055,023,"Pump - Main, Wheelchair Lift | 019-002-001 | Pump Body Assembly - Air Operated Grease",VMRS_HB_COMPLETE_v20 page 6_pages_76-100.md
053-006-089,,053,006,Pump - Manual | | Pump,VMRS_HB_COMPLETE_v20 page 6_pages_76-100.md
055-023-049,,055,023,"Pump - Manual, Wheelchair Lift | 368-002-000 | Pump Connection",VMRS_HB_COMPLETE_v20 page 6_pages_76-100.md
043-007-022,,043,007,Pump - Module | 019-002-019 | Pump Element - Grease Pump,VMRS_HB_COMPLETE_v20 page 6_pages_76-100.md
049-002-000,,049,002,"Pump - Motor Assembly, Hybrid | 055-023-001 | Pump Enclosure",VMRS_HB_COMPLETE_v20 page 6_pages_76-100.md
026-013-000,,026,013,Pump - Oil | 055-023-004 | Pump Handle,VMRS_HB_COMPLETE_v20 page 6_pages_76-100.md
053-999-218,,053,999,"Pump - Oil Cooler, Transmission | 055-015-003 | Pump Housing - Power Lingale",VMRS_HB_COMPLETE_v20 page 6_pages_76-100.md
151-001-028,,151,001,Pump - Oil APU | 002-036-143 | Pump Lever and Selector Knob - Cab Tilt,VMRS_HB_COMPLETE_v20 page 6_pages_76-100.md
026-013-005,,026,013,"Pump - Oil, Auxiliary Countershaft Mounted | 055-015-002 | Pump Motor - Electric, Power Tailgate",VMRS_HB_COMPLETE_v20 page 6_pages_76-100.md
044-014-025,,044,014,"Pump - Oil, High Pressure (HEUI) | 055-015-000 | Pump Unit - Electro-Hydraulic",VMRS_HB_COMPLETE_v20 page 6_pages_76-100.md
044-014-004,,044,014,"Pump - Oil, High Pressure Regulator | 013-010-199 | Pump Valve",VMRS_HB_COMPLETE_v20 page 6_pages_76-100.md
026-008-008,,026,008,"Pump - Oil, Internal | 051-013-006 | Pump, Air - On Board Air Pump",VMRS_HB_COMPLETE_v20 page 6_pages_76-100.md
026-013-001,,026,013,"Pump - Oil, Internal, Manual Transmission | 013-011-123 | Pump, Hydraulic - Antilock Brakes",VMRS_HB_COMPLETE_v20 page 6_pages_76-100.md
367-003-036,,367,003,"Pump - Pin Charge | 066-001-006 | Pump, Lift - Snow Plow",VMRS_HB_COMPLETE_v20 page 6_pages_76-100.md
020-005-027,,020,005,"Pump - Piston, input Shait | 026 012 012 | Pump, Oil - Pressure Lube",VMRS_HB_COMPLETE_v20 page 6_pages_76-100.md
053-006-087,,053,006,Pump - Pneumatic | 364-007-000 | Pump/Agitator Assembly,VMRS_HB_COMPLETE_v20 page 6_pages_76-100.md
044-003-222,,044,003,"Pump - Priming, Electric Operated | 013-010-083 | Purge Valve - Air Drier",VMRS_HB_COMPLETE_v20 page 6_pages_76-100.md
044-003-075,,044,003,"Pump - Priming, Hand Operated | 044-016-011 | Purge Valve - Evaporative Canister",VMRS_HB_COMPLETE_v20 page 6_pages_76-100.md
097-000-000,,097,000,Pump - Product Transfer | 013-010-290 | Purge Valve Assembly - Air Drier,VMRS_HB_COMPLETE_v20 page 6_pages_76-100.md
056-001-092,,056,001,Pump - PTO | 367-005-048 | Push Button - Controls,VMRS_HB_COMPLETE_v20 page 6_pages_76-100.md
065-016-000,,065,016,"Pump - Reciprocating (Diaphragm Type) | 002-018-004 | Push Button & Shaft - Cab Or Front Door, Outer",VMRS_HB_COMPLETE_v20 page 6_pages_76-100.md
027-001-043,,027,001,"Pump - Scavenge | 172-005-004 | Push Button, Compactor",VMRS_HB_COMPLETE_v20 page 6_pages_76-100.md
152-002-010,,152,002,"Pump - Sink | 013-002-082 | Push Plate & Rod - Air Chamber, Rear Brakes",VMRS_HB_COMPLETE_v20 page 6_pages_76-100.md
293-001-011,,293,001,Pump - Solvent Oil Shaker Box | 046-002-026 | Push Rod - Contactor,VMRS_HB_COMPLETE_v20 page 6_pages_76-100.md
044-003-302,,044,003,"Pump - Spill Port, Fuel System | 023-001-076 | Push Rod - Linkage, Mechanical Clutch Control",VMRS_HB_COMPLETE_v20 page 6_pages_76-100.md
365-009-038,,365,009,"Pump - Strainer, Surge Tank | 097-002-014 | Push Rod - Vanes",VMRS_HB_COMPLETE_v20 page 6_pages_76-100.md
013-008-032,,013,008,Pump - Vacuum | 016-008-069 | Push Rod - Air Cylinder,VMRS_HB_COMPLETE_v20 page 6_pages_76-100.md
044-011-059,,044,011,"Pump - Vacuum, Cruise Control | 022-005-024 | Push Rod - Air Shift Cylinder",VMRS_HB_COMPLETE_v20 page 6_pages_76-100.md
048-001-056,,048,001,"Pump - Vacuum, Hybrid | 151-001-172 | Push Rod - Camshaft, APU",VMRS_HB_COMPLETE_v20 page 6_pages_76-100.md
048-001-057,,048,001,"Pump - Vacuum, Isolator, Hybrid | 002-060-030 | Push Rod - Convertible Top",VMRS_HB_COMPLETE_v20 page 6_pages_76-100.md
091-001-035,,091,001,"Pump - Vacuum. Single Slage, Rolary vane | 021-001-029 | Push Rod - Cylinder, Automatic Traction Device",VMRS_HB_COMPLETE_v20 page 6_pages_76-100.md
151-001-010,,151,001,Pump - Water APU | 045-008-028 | Push Rod - Engine Camshaft,VMRS_HB_COMPLETE_v20 page 6_pages_76-100.md
152-001-011,,152,001,"Pump - Water, Toilet | 082-041-049 | Push Rod - Engine, Reefer",VMRS_HB_COMPLETE_v20 page 6_pages_76-100.md
168-001-073,,168,001,"Pump - Wetcut, Mower | 013-006-006 | Push Rod - Master Cylinder",VMRS_HB_COMPLETE_v20 page 6_pages_76-100.md
042-010-020,,042,010,Pump -Circulating | 013-002-022 | Push Rod - Rear Wheel Cylinder,VMRS_HB_COMPLETE_v20 page 6_pages_76-100.md
066-001-007,,066,001,Pump & Motor - Snow Plow | 016-001-043 | Push Rod - Suspension,VMRS_HB_COMPLETE_v20 page 6_pages_76-100.md
269-014-000,,269,014,"Pump and Blowers - Dust and Debris Collecting | 013-001-022 | Push Rod - Wheel Cylinder, Front Brake",VMRS_HB_COMPLETE_v20 page 6_pages_76-100.md
065-012-001,,065,012,"Pump Assembly - Centrifugal | 013-014-022 | Push Rod - Wheel Cylinder, Tag/Pusher Axle",VMRS_HB_COMPLETE_v20 page 6_pages_76-100.md
000-004-006,,000,004,Pump Assembly - Dump Trailer Hydraulic | 013-010-100 | DiakesPush Rod Assembly - Air Brake Chambor,VMRS_HB_COMPLETE_v20 page 6_pages_76-100.md
013-003-101,,013,003,Pump Assembly - Electro Hydraulic Parking | 013-008-002 | Push Rod Assembly - Power Cylinder,VMRS_HB_COMPLETE_v20 page 6_pages_76-100.md
013-004-013,,013,004,Brake | | Push Rod Assembly - Spring Parking Brake,VMRS_HB_COMPLETE_v20 page 6_pages_76-100.md
055-015-001,,055,015,Pump Assembly - Electro-Hydraulic | | Chamber,VMRS_HB_COMPLETE_v20 page 6_pages_76-100.md
044-003-218,,044,003,"Pump Assembly - Fuel, High Pressure | 013-008-011 | Push Rod Ball - Check Valve",VMRS_HB_COMPLETE_v20 page 6_pages_76-100.md
065-013-001,,065,013,"Pump Assembly - Gear Type | 015-003-095 | Push Tube - Rack, Steering Gear",VMRS_HB_COMPLETE_v20 page 6_pages_76-100.md
065-014-001,,065,014,Pump Assembly - Gerotor | 053-006-255 | Pusher - Crimp Machine,VMRS_HB_COMPLETE_v20 page 6_pages_76-100.md
171-008-002,,171,008,Pusher Axle | 052-003-000 | Radio Equipment,VMRS_HB_COMPLETE_v20 page 6_pages_76-100.md
053-006-257,,053,006,Pusher Extension - Crimp Machine | 055-001-048 | Radius Arm Assembly,VMRS_HB_COMPLETE_v20 page 6_pages_76-100.md
053-006-265,,053,006,Pusher Slide Plate - Crimp Machine | 016-009-047 | Radius Rod Assembly,VMRS_HB_COMPLETE_v20 page 6_pages_76-100.md
003-001-042,,003,001,Pyrometer | 016-009-048 | Radius Rod Ball & Pin Assembly,VMRS_HB_COMPLETE_v20 page 6_pages_76-100.md
043-002-013,,043,002,"Pyrometer | 016-005-057 | Radius Rod End - Adjustable, Left",VMRS_HB_COMPLETE_v20 page 6_pages_76-100.md
098-013-027,,098,013,"Quad Ring - Emergency Valve | 016-005-056 | Radius Rod End - Adjustable, Right",VMRS_HB_COMPLETE_v20 page 6_pages_76-100.md
002-015-000,,002,015,"Quarter & Deck Panels - Rear | 174-001-012 | Rafter, Bow - Bus Roof",VMRS_HB_COMPLETE_v20 page 6_pages_76-100.md
014-011-000,,014,011,Quarter and Full Fenders | 053-011-020 | Rags - Shop,VMRS_HB_COMPLETE_v20 page 6_pages_76-100.md
014-011-013,,014,011,Quarter Fender - Blank | 026-010-001 | Rail - 1st Speed Shifter,VMRS_HB_COMPLETE_v20 page 6_pages_76-100.md
014-011-001,,014,011,"Quarter Fender - Rear, Left | 002-006-027 | Rail - Air Intake Opening",VMRS_HB_COMPLETE_v20 page 6_pages_76-100.md
014-011-002,,014,011,"Quarter Fender - Rear, Right | 072-002-002 | Rail - Body Rear Wall, Upper",VMRS_HB_COMPLETE_v20 page 6_pages_76-100.md
014-011-008,,014,011,"Quarter Fender Kit - Rear | 071-003-026 | Rail - Body Side Wall, Upper",VMRS_HB_COMPLETE_v20 page 6_pages_76-100.md
002-015-002,,002,015,"Quarter Panel - Outer Or Fender | 071-002-021 | Rail - Body, Lower",VMRS_HB_COMPLETE_v20 page 6_pages_76-100.md
084-001-010,,084,001,Quick Coupler Set - Liquid | 002-050-555 | Rail - Bunk End,VMRS_HB_COMPLETE_v20 page 6_pages_76-100.md
084-001-011,,084,001,"Quick Coupler Set - Suction | 002-050-547 | Rail - Bunk, Front",VMRS_HB_COMPLETE_v20 page 6_pages_76-100.md
055-032-012,,055,032,Quick Link - Cargo Bunk | 174-001-087 | Rail - Bus Engine,VMRS_HB_COMPLETE_v20 page 6_pages_76-100.md
053-023-008,,053,023,"Quick Link - Chain, Hardware Grade | 002-015-144 | Rail - Cab Side",VMRS_HB_COMPLETE_v20 page 6_pages_76-100.md
055-031-013,,055,031,Quick Link - Transport Grade | 071-001-022 | Rail - Check,VMRS_HB_COMPLETE_v20 page 6_pages_76-100.md
016-014-036,,016,014,Quick Release Valve | 172-002-018 | Rail - Compaction Assembly,VMRS_HB_COMPLETE_v20 page 6_pages_76-100.md
013-011-144,,013,011,"Quick Release Valve - ABS | 002-006-080 | Rail - Cross, Luggage Carrier",VMRS_HB_COMPLETE_v20 page 6_pages_76-100.md
013-010-008,,013,010,Quick Release Valve - Air Brake | 071-026-049 | Rail - Curtain Support,VMRS_HB_COMPLETE_v20 page 6_pages_76-100.md
043-005-058,,043,005,Quick Release Valve - Exhaust Brake | 028-002-005 | Rail - Direct & Overdrive,VMRS_HB_COMPLETE_v20 page 6_pages_76-100.md
055-012-021,,055,012,"Quicklink - Chain, Anchor | 002-006-113 | Rail - Drip, Sunroof",VMRS_HB_COMPLETE_v20 page 6_pages_76-100.md
026-006-044,,026,006,"Quill - Main Shaft, Front | 002-002-098 | Rail - Fender",VMRS_HB_COMPLETE_v20 page 6_pages_76-100.md
026-006-045,,026,006,"Quill - Main Shaft, Rear | 028-002-004 | Rail - First & Second Speed",VMRS_HB_COMPLETE_v20 page 6_pages_76-100.md
029-005-002,,029,005,"Quill - Auxiliary Main Shaft Quill | 077-007-001 | Rail - Fixed, Lower Sub-Frame",VMRS_HB_COMPLETE_v20 page 6_pages_76-100.md
026-006-077,,026,006,"Race - Bearing, 4th & 5th Shift Hub | 077-006-002 | Rail - Fixed, Upper Sub-Frame",VMRS_HB_COMPLETE_v20 page 6_pages_76-100.md
025-001-202,,025,001,"Race - Bearing, High Gear, Output Shaft, | 026-010-034 | Rail - Forward & Reverse Shifter",VMRS_HB_COMPLETE_v20 page 6_pages_76-100.md
014-001-002,,014,001,"Transfer Case | | Rail - Frame, Side",VMRS_HB_COMPLETE_v20 page 6_pages_76-100.md
025-001-205,,025,001,"Race - Bearing, Low Gear, Output Shaft, | 014-001-034 | Rail - Front Side",VMRS_HB_COMPLETE_v20 page 6_pages_76-100.md
071-002-020,,071,002,"Transfer Case | | Rail - Front Wall, Upper",VMRS_HB_COMPLETE_v20 page 6_pages_76-100.md
025-001-226,,025,001,"Race - Bearing, Main Shaft, Transfer Case | 032-003-005 | Rail - Glow Plug Base",VMRS_HB_COMPLETE_v20 page 6_pages_76-100.md
015-002-081,,015,002,"Race - Bearing, Steering Column | 002-006-122 | Rail - Guide, Sunroof",VMRS_HB_COMPLETE_v20 page 6_pages_76-100.md
021-009-004,,021,009,"Race - Carrier Bearing, Differential, Transaxle | 002-018-212 | Rail - Guide, Window Regulator",VMRS_HB_COMPLETE_v20 page 6_pages_76-100.md
027-007-002,,027,007,"Race - Intermediate Sprag, Inner | 026-010-032 | Rail - Hi-Range C/S Shifter",VMRS_HB_COMPLETE_v20 page 6_pages_76-100.md
027-007-004,,027,007,"Race - Intermediate Sprag, Outer | 044-003-250 | Rail - High Pressure Fuel",VMRS_HB_COMPLETE_v20 page 6_pages_76-100.md
027-008-003,,027,008,"Race - Low Clutch, Inner | 173-001-021 | Rail - Horizontal, Dump Body Tailgate",VMRS_HB_COMPLETE_v20 page 6_pages_76-100.md
027-014-004,,027,014,"Race - Low Sprag Clutch, Outer | 071-025-007 | Rail - Ladder Rack",VMRS_HB_COMPLETE_v20 page 6_pages_76-100.md
021-001-154,,021,001,"Race - Pinion Bearing, Driven Front Steer Axie | 071-003-027 | Rail - Lower",VMRS_HB_COMPLETE_v20 page 6_pages_76-100.md
018-000-034,,018,000,Race - Seal | 174-023-030 | Rall - Luggage Rack,VMRS_HB_COMPLETE_v20 page 6_pages_76-100.md
027-002-023,,027,002,"Race - Stator, Free Wheel | 044-014-028 | Rall - Oll, High Pressure (HEUI)",VMRS_HB_COMPLETE_v20 page 6_pages_76-100.md
001-001-015,,001,001,Race - Thrust Bearing | 077-012-010 | Rail - OulerDail Diakup Bax,VMRS_HB_COMPLETE_v20 page 6_pages_76-100.md
207-012-020,,207,012,Race - WINCH | 002-059-027 | Rall - Pickup Dox,VMRS_HB_COMPLETE_v20 page 6_pages_76-100.md
020-003-014,,020,003,"Race, Dealing - Real Main (Real Of | 020-010-020 | Rail - Range Shinei",VMRS_HB_COMPLETE_v20 page 6_pages_76-100.md
055-010-004,,055,010,Dook Coil | 077-012-014 | Rail - Real,VMRS_HB_COMPLETE_v20 page 6_pages_76-100.md
000-012-024,,000,012,Rack - Coll | 072-001-013 | Rail - Real (Slake Douy),VMRS_HB_COMPLETE_v20 page 6_pages_76-100.md
070-010-000,,070,010,"Rack - Containers, Liquid Of Gas | 002-050-220 | Rail - Real Dase",VMRS_HB_COMPLETE_v20 page 6_pages_76-100.md
055-000-259,,055,000,Rack - Chimp Machine | 002-015-090 | Rail Boar Corpor Lippor Loft,VMRS_HB_COMPLETE_v20 page 6_pages_76-100.md
000-006-062,,000,006,"Rack - Gailleni | 002-000-000 | Rail - Real Corner, Upper Leit",VMRS_HB_COMPLETE_v20 page 6_pages_76-100.md
002-000-003,,002,000,"Dack - Shotaun | 002-000-007 | Pail - Real Comer, Opper Right",VMRS_HB_COMPLETE_v20 page 6_pages_76-100.md
026-010-003,,026,010,055_012_045 | Pack - Tire | | Pail - Reverse Shift Fork,VMRS_HB_COMPLETE_v20 page 6_pages_76-100.md
055-012-045,,055,012,Rack - Windshield | 026-010-021 | Rail - Reverse Shift OK,VMRS_HB_COMPLETE_v20 page 6_pages_76-100.md
044-003-022,,044,003,Back & Pinion - Injection | 002-006-101 | Rail - Roof,VMRS_HB_COMPLETE_v20 page 6_pages_76-100.md
044-000-022,,044,000,Back & Pinion - Injector | 071-004-018 | Bail - Boof Bear,VMRS_HB_COMPLETE_v20 page 6_pages_76-100.md
002-011-065,,002,011,Back Book - Interior | 071-004-010 | Bail - Boof Side,VMRS_HB_COMPLETE_v20 page 6_pages_76-100.md
174-023-009,,174,023,Back Luggage - Bus Boof | 077-012-015 | Rail - Rub,VMRS_HB_COMPLETE_v20 page 6_pages_76-100.md
002-011-064,,002,011,Back Luggage - Interior | 002-012-017 | Rail - Seat Anchor Bear,VMRS_HB_COMPLETE_v20 page 6_pages_76-100.md
052-011-004,,052,011,Radar Detector | 078-022-007 | Rail - Sholf,VMRS_HB_COMPLETE_v20 page 6_pages_76-100.md
052-020-000,,052,020,Radar Detector Assembly | 026-010-015 | Bail - Shift 3rd & 4th Speed,VMRS_HB_COMPLETE_v20 page 6_pages_76-100.md
042-020-001,,042,020,Radiator | 026-010-013 | Rail - Shift 1st & 2nd Sneed,VMRS_HB_COMPLETE_v20 page 6_pages_76-100.md
151-001-054,,151,001,Badiator - APLI | 025-001-222 | Bail - Shift Transfer Case,VMRS_HB_COMPLETE_v20 page 6_pages_76-100.md
026-001-222,,026,001,0/8-001-103 | Radiator - Inverter Hybrid | | Bail - Shifter 2nd & 3rd,VMRS_HB_COMPLETE_v20 page 6_pages_76-100.md
059-037-001,,059,037,Radiator Assembly - Hydraulic System | 026-010-016 | Rail - Shifter 4th & 5th Speed,VMRS_HB_COMPLETE_v20 page 6_pages_76-100.md
082-033-002,,082,033,Radiator Assembly - Reefer | 026-010-030 | Rail - Shifter 5-6 & 11-12,VMRS_HB_COMPLETE_v20 page 6_pages_76-100.md
002-001-000,,002,001,Radiator Grille | 026-010-003 | Rail - Shifter 1st & Reverse,VMRS_HB_COMPLETE_v20 page 6_pages_76-100.md
082-033-021,,082,033,Radiator/Condenser Assembly - Reefer | 174-001-138 | Rail - Shoulder Padded Interior Rus Rody,VMRS_HB_COMPLETE_v20 page 6_pages_76-100.md
042-003-137,,042,003,Radiator/Condenser Fan Assembly | 042-001-004 | Rail - Shutter Radiator,VMRS_HB_COMPLETE_v20 page 6_pages_76-100.md
042-002-098,,042,002,Radiator/Intercooler - Assembly | 071-003-036 | Rail - Side (Stake Body),VMRS_HB_COMPLETE_v20 page 6_pages_76-100.md
052-003-001,,052,003,Radio | 002-006-004 | Rail - Side & Rear Boof Inner & Outer,VMRS_HB_COMPLETE_v20 page 6_pages_76-100.md
052-003-023,,052,003,Radio - Cassette | 071-003-033 | Rail - Side Door Lower,VMRS_HB_COMPLETE_v20 page 6_pages_76-100.md
004-001-025,,004,001,"Faal - Side, Roof Mounted Condenser 027 003 000 Fear Timms Housing 004 001 025 Faal - Side, Roof Mounted Condenser 045 022 000 Fear Timms Housing 002 011 027 024 Faal - Side, Roof Mounted Condenser 027 000 000 Fear Timms Housing 002 012 024 Fear Timms Housing 027 000 000 Fear Walk Storage Cabinet, Sider 002 012 024 Fear Timms Housing 027 000 000 Fear Walk Storage Cabinet, Sider 002 012 024 Fear Timms Housing 027 000 001 Fear Walk Storage Cabinet, Sider 002 012 024 Fear Storage Cabinet, Sider Timms Housing 027 000 001 Fear Walk Storage Cabinet, Sider 002 024 027 244 Fear Storage Cabinet, Sider Cabinet, Sider Cabinet, Sider Cabinet, Sider Cabinet, Sider Cabinet, Sider Cabinet, Sider Cabinet, Sider Cabinet, Sider Cabinet, Sider Cabinet, Sider Cabinet, Sider Cabinet, Sider Cabinet, Sider Cabinet, Sider Cabinet, Sider Cabinet, Sider Cabinet, Sider Cabinet, Sider Cabinet, Sider Cabinet, Sider Cabinet, Sider Cabinet, Sider Cabinet, Sider Cabinet, Sider Cabinet, Sider Cabinet, Sider Cabinet, Sider Cabinet, Sider Cabinet, Sider Cabinet, Sider Cabinet, Sider Cabinet, Sider Cabinet, Sider Cabinet, Sider Cabinet, Sider Cabinet, Sider Cabinet, Sider Cabinet, Sider Cabinet, Sider Cabinet, Sider Cabinet, Sider Cabinet, Sider Cabinet, Sider Cabinet, Sider Cabinet, Sider Cabinet, Sider Cabinet, Sider Cabinet, Sider Cabinet, Sider Cabinet, Sider Cabinet, Sider Cabinet, Sider Cabin | 002-006-081 | Rail - Side, Luggage Carrier | 002-022-047 | Rear Door Striker Plate",VMRS_HB_COMPLETE_v20 page 6_pages_76-100.md
027-021-000,,027,021,"004-03.038 Fail - Side, Roof Fairing Faar Servo Assembly 002-01-037 Fail - Side, Roof Nourised Condenser 045-022-000 Faar Wind: Storage Cabinet. Storage 002-01-037 Fail - Side, Roof Nourised Condenser 045-022-000 Faar Wind: Storage Cabinet. Storage 002-01-024 Faar Side, Roof Nourised Condenser 045-002-000 Faar Wind: Storage Cabinet. Storage 002-01-024 Faar Side, Roof Nourised Condenser 045-002-000 Faar Wind: Storage Cabinet. Storage 002-027-024 Faar Side, Roof Side, Usper Sub-Frame 015-007-056 Febuik Kit - Control Valve 002-027-024 Faar Side, Roof Side, Cross Member 027-006-007 Fabuik Kit - Markatita. Main Shaft Gaer 005-001-01 Faar Side, Cross Member 027-006-07 Fabuik Kit - Markatita. Main Shaft Gaer 015-007-058 Fabuik Kit - Markatita. Main Shaft Gaer Fabuik Kit - Markatita. Main Shaft Gaer 016-000-06 Fabuik Kit - Markatita. Main Shaft Gaer Fabuik Kit - Markatita. Main Shaft Gaer 016-000-07 Fabuik Kit - Markatita. Main Shaft Gaer Fabuik Kit - Markatita. Main Shaft Gaer 016-000-07 Fabuik Kit - Markatita. Maini Shaft Gaer Fabuik Kit - Markatita. Main Shaft | 004-001-025 | Rail - Side, Roof Air Deflector | 027-030-000 | Rear Pump",VMRS_HB_COMPLETE_v20 page 6_pages_76-100.md
001-001-328,,001,001,"Rail - Side, Roof Mourined Condenser 045-022-000 Rear Timing Housing 002-011-0243 Rail - Slart, Left 072-001-000 Rear Wail - Slorge Cabinet, Slorge provided in the standing of the standing cabinet, Slorge provided in the standing cabinet, Slorge Cabinet, Slorge Cabinet, Slorge Cabinet, Slorge Cabinet, Slorge Cabinet, Slorge Cabinet, Slorge Cabinet, Slorge Cabinet, Slorge Cabinet, Slorge Cabinet, Slorge Cabinet, Slorge Cabinet, Slorge Cabinet, Slorge Cabinet, Slorge Cabinet, Slorge Cabinet, Slorge Cabinet, Slorge Cabinet, Slorge Cabinet, Slorge Cabinet, Slorge Cabinet, Slorge Cabinet, Slorge Cabinet, Slorge Cabinet, Slorge Cabinet, Slorge Cabinet, Slorge Cabinet, Slorge Cabinet, Slorge Cabinet, Slorge Cabinet, Slorge Cabinet, Slorge Cabinet, Slorge Cabinet, Slorge Cabinet, Slorge Cabinet, Slorge Cabinet, Slorge Cabinet, Slorge Cabinet, Slorge Cabinet, Slorge Cabinet, Slorge Cabinet, Slorge Cabinet, Slorge Cabinet, Slorge Cabinet, Slorge Cabinet, Slorge Cabinet, Slorge Cabinet, Slorge Cabinet, Slorge Cabinet, Slorge Cabinet, Slorge Cabinet, Slorge Cabinet, Slorge Cabinet, Slorge Cabinet, Slorge Cabinet, Slorge Cabinet, Slorge Cabinet, Slorge Cabinet, Slorge Cabinet, Slorge Cabinet, Slorge Cabinet, Slorge Cabinet, Slorge Cabinet, Slorge Cabinet, Slorge Cabinet, Slorge Cabinet, Slorge Cabinet, Slorge Cabinet, Slorge Cabinet, Slorge Cabinet, Slorge Cabinet, Slorge Cabinet, Slorge Cabinet, Slorge Cabinet, Slorge Cabinet, Slorge Cabinet, Slorge Cabinet, Slorge Cabinet, Slorge Cabinet, Slorge Cabinet, Slorge Cabinet, Slorge Cabinet, Slorge Cabinet, Slorge Cabinet, Slorge Cabinet, Slorge Cabinet, Slorge Cabinet, Slorge Cabinet, Slorge Cabinet, Slorge Cabinet, Slorge Cabinet, Slorge Cabinet, Slorge Cabinet, Slorge Cabinet, Slorge Cabinet, Slorge Cabinet, Slorge Cabinet, Slorge Cabinet, Slorge Cabinet, Slorge Cabinet, Slorge Cabinet, Slorge Cabinet, Sl | 004-003-038 | Rail - Side, Roof Fairing | 027-021-000 | Rear Servo Assembly",VMRS_HB_COMPLETE_v20 page 6_pages_76-100.md
002-011-045,,002,011,"7 Hail - Stort Stortege Casterney 002-012-045 Rail - Stort Stortege Casterney 002-022-021 Rail - Storte Stortege 015-007-0533 Rebuild Kri - Control Valve Rebuild Kri - Control Valve 022-020-071 Rail - Storter, Stortege Rebuild Kri - Control Valve 022-020-071 Rail - Storter, Stortege Rebuild Kri - Control Valve 022-020-071 Rail - Storter, Stortege Rebuild Kri - Control Valve 022-020-071 Rail - Storter, Stortege Rebuild Kri - Control Valve 022-020-071 Rebuild Kri - Control Valve Rebuild Kri - Control Valve 022-020-071 Rebuild Kri - Control Valve Rebuild Kri - Control Valve 022-030-061 Rail - Storter, Storter Rebuild Kri - Marchanker 022-030-061 Rail - Storter, Storter Rebuild Kri - Marchanker 022-030-071 Rebuild Kri - Marchanker Rebuild Kri - Marchanker 022-030-071 Rebuild Kri - Marchanker Rebuild Kri - Marchanker 022-030-071 Rebuild Kri - Marchanker Rebuild Kri - Marchanker 022-030-071 Rebuild Kri - Marchanker Rebui | 001-001-328 | Rail - Side, Roof Mounted Condenser | 045-022-000 | Rear Timing Housing",VMRS_HB_COMPLETE_v20 page 6_pages_76-100.md
002-015-057,,002,015,"0.02 01 2043 Hall - Staff, Left 07.400.000 Hear Walk A Dumper Assembly 0.02 01 2044 Hall - Staff, Right 07.200.000 Retwork KL - Netronization 0.02 01 2044 Hall - Staff, Right 07.200.000 Retwork KL - Netronization 0.02 020-01 Rail - Spitter Shifter 07.200.000 Retwork KL - Netronization 0.02 020-01 Rail - Spitter Shifter 07.200.000 Retwork KL - Netronization 0.02 020-01 Rail - Spitter Shifter 07.200.000 Retwork KL - Netronization 0.02 020-01 Retwork KL - Netronization Retwork KL - Netronization Retwork KL - Netronization 0.02 020-01 Retwork KL - Netronization Retwork KL - Netronization Retwork KL - Netronization 0.02 020-01 Retwork KL - Netronization Retwork KL - Netronization Retwork KL - Netronization 0.02 020-01 Retwork KL - Netronization Retwork KL - Netronization Retwork KL - Netronization 0.02 020-01 Retwork KL - Netronization Retwork KL - Netronization Retwork KL - Netronization 0.02 01-01 Retwork KL - Netronization Retwork KL - Netronization Retwork KL - Netronization | | Rail - Slant | 002-050-712 | Rear Wall - Storage Cabinet, Sleeper",VMRS_HB_COMPLETE_v20 page 6_pages_76-100.md
002-012-043,,002,012,"0.02.01.2.04.4 Hall Staff, Seature 0.7.400-400 Hall Window Dubloggen 0.02.01.2.04.4 Hall Staff, Seature 0.7.400-403 Rectivities 0.7.400-403 0.07.006-001 Ball Staff, Singer Sub-Frame 0.15.407-003 Rebuild Kit - Control Valve 0.07.006-001 Ball Staff, Linger Sub-Frame 0.15.407-003 Rebuild Kit - Control Valve 0.07.006-001 Ball Staff, Linger Sub-Frame 0.15.407-003 Rebuild Kit - Control Valve 0.07.006-003 Rel Transport 0.05-407-003 Rebuild Kit - Control Valve 0.07.006-003 Rel Transport 0.05-407-003 Rebuild Kit - Control Valve 0.07.006-003 Rel Transport 0.05-407-003 Rebuild Kit - Vent 0.07.006-003 Rel Transport 0.06-400-003 Rel Transport 0.07.006-003 Rel Transport 0.07-400-003 Receiver - Automated Fuel Transfer 0.07.006-003 Rel Transport 0.07-400-005 Rel Transport Rel Transport 0.07.007-005 Rel Transport Rel Transport Rel Transport Rel Transport 0.07.0007 Rel Transport Rel Transport | | Rall - Slant, Lett | 072-001-000 | Rear Wall & Bumper Assembly",VMRS_HB_COMPLETE_v20 page 6_pages_76-100.md
002-012-044,,002,012,"0.000007.0000 Pall Statutory Out of the second second second second second second second second second second second second second second second second second second second second second second second second second second second second second second second second second second second second second second second second second second second second second second second second second second second second second second second second second second second second second second second second second second second second second second second second second second second second second second second second second second second second second second second second second second second second second second second second second second second second second second second second second second second second second second second second second second second second second second second second second second second second second second second second second second second second second second second second second second second second second second second second second second second second second second second second second second second second second second second second second second second second second second second second second second second second second second second second second second second second second second second second second second second second second second second second second second second second second second second second second second second second second second second second second second second second second second second second second second second second second second second second second second second second second second second second second second second second second second second second second second second second second second second second second second second second second second second second second second second second second second second second second second second second second second second second second second second second | | Rall - Slant, Right | 072-000-000 | Rear Wall & Door",VMRS_HB_COMPLETE_v20 page 6_pages_76-100.md
002-027-214,,002,027,"0077.0005.011 Fail: Stiller, Upper Sub-Support Stiller, Cross Member 015.007.053 Rebuilk Kit - Cornicibitat & Main Shaft Gear 0077.0005.021 Rail: Support Stiller, Cross Member 022.008-017 Rebuilk Kit - Lencin: Shift 0077.0005.021 Rail: Support Stiller, Cross Member 022.008-017 Rebuilk Kit - Lencin: Shift 0057.0022.021 Rail: Support Stiller, Cross Member 025.007.035 Rebuilk Kit - Lencin: Shift 0057.0025.021 Rail: Support Stiller, Cross Member 025.002.011 Rebuilk Kit - Lencin: Shift 0057.0025.021 Rebuilk Kit - Lencin: Shift Rebuilk Kit - Vent Rebuilk Kit - Vent 0057.0025.021 Rebuilk Kit - Vent Rebuilk Kit - Vent Rebuilk Kit - Vent 0057.0025.021 Real: Mounting - Interior Bus Body 051.007.058 Readware - Devydrator Assembly Kit 174.001-085 Rail, Mounting - Light Bar 029.007.004 Readware - Devydrator Assembly Kit 005.0027.001 Rails Sent 8 007.003.05.012 Readware - Readware - Readware - Readware - Readware - Readware - Readware - Readware - Readware - Readware - Readware - Readware - Readware - Readware - Readware - Readware - Readware - Readware - Readware - Readware - Readware - Readware - Readware - Readware - Readware - Readware - Readware - Readware - Readware - Readware | | Rall - Slider, Seal | 000-021-000 | Real Wildow Delogger",VMRS_HB_COMPLETE_v20 page 6_pages_76-100.md
075-010-028,,075,010,"Pail: Support Cage 077 003-053 Rebuild Kit - Crankshaft & Main Shatt Gear 077 003-023 Rail: Support Cage 015 007-056 Rebuild Kit - Hydraulic Cylinder 085-022-014 Rail: Support Cage 015 007-056 Rebuild Kit - Hydraulic Cylinder 085-022-014 Rail: Support Cage 015 007-056 Rebuild Kit - Hydraulic Cylinder 085-022-014 Rail: Support Cage 015 007-064 Rebuild Kit - Ventaf 085-022-014 Rail: Sear, Sont Mounting - Interior Bus Body 61-008-016 Readward - Automated Puel Transfer 074-001-006 Rail: Seatt Mounting - Interior Bus Body 61-008-016 Readward - Seatt Filt - Ventaf 026-011-000 Rails - Handicapped, Lavatory 044-001-028 Readward - Seatt Filt - Ventaf 026-011-000 Rails - Handicapped, Lavatory 044-001-038 Readward - Seatt Filt - Ventaf 026-011-000 Rails - Handicapped, Lavatory 044-001-038 Readward - Seatt Filt - Ventaf 026-011-000 Rain Sheid - Arit Intake Pipe 077-008-03 Readward - Seatt Filt - Ventaf 021-001-000 Rake Assembly 021-007-03 Readward - Ventaf Readward - Ventaf | 077-006-001 | Rail - Slider, Upper Sub-Frame | 015-007-053 | Rebuild Kit - Control Valve",VMRS_HB_COMPLETE_v20 page 6_pages_76-100.md
077-036-023,,077,036,"Pail - Support Sitie, Cross Member 022-006-017 Rebuild Kit - Electric Shift, Come 082-038-005 Rail - Support Case 05-007-065 Rebuild Kit - Vend 082-038-005 Rail - Support Case 05-007-065 Rebuild Kit - Vend 085-002-014 Rail - Timog Chain 015-007-065 Rebuild Kit - Vend 084-002-014 Rail - Timog Chain 015-007-065 Rebuild Kit - Vend 084-002-014 Rail - Timog Chain 015-007-065 Rebuild Kit - Vend 084-002-014 Rail - Timog Chain 01-001-065 Receiver - Automated Fuel Transfer 174-001-055 Rail, Mounting - Light Bar 003-005-012 Receiver - Polyrdator Assembly (Drier) 182-003-004 Rails - Korks & Internal Shift Mechanism 003-005-012 Receiver - Nowr Fol-Up Door 182-003-006 Rains, Forks & Internal Shift Mechanism 062-007-012 Receiver - Neore Fol-Up Door 182-003-006 Rain - Lack Stant Machanism 063-007-012 Receiver - Neore Fol-Up Door 182-003-000 Rain - System - Power Tailgate 063-007-012 Receiver - Neore Fol-Up Door 083-006-078 Ram - Lack< | 026-010-026 | Bail - Splitter Shifter | 077-003-053 | Rebuild Kit - Crankshaft & Main Shaft Gear",VMRS_HB_COMPLETE_v20 page 6_pages_76-100.md
007-078-055,,007,078,"062.036.006 Rail - Tie-Own, Synthetic 015.007-056 Rebuild Kit - Hydraulic Cynlader 045.006.241 Rail - Tie-Own, Synthetic 059.001-104 Rebuild Kit - Vent 035.002.016 Rail - Tie-Own, Synthetic 059.001-104 Receiver - Automated Full 034.006.006 Rail, Seat Mounting - Interior Bus Body 051.009-016 Receiver - Cashbox 034.006.006 Rail, Seat Mounting - Interior Bus Body 051.009-016 Receiver - Cashbox 026.011-000 Rails - Handicapped, Lavatory 044.001-005 Receiver - Cashbox 026.011-000 Rain Sheid - Aut Intake Pipe 072.009-011 Receiver - Sate Fill, Fuel Tank 026.011-000 Rain Sheid - Aut Intake Pipe 072.009-021 Receiver - Sate Fill, Fuel Tank 035.006-037 Ram - Power Tailgate 063.007-001 Receiver - Sate Fill, Fuel Tank 055.003.001 Ram System - Portable, Hydraulic 174.034-003 Receiver - Sate Fill, Fuel Tank 055.003.001 Ram System - Portable, Hydraulic 174.043-003 Receiver Tailgate 053..003.001 Ram System - Portable, Hydraulic 175.002-022 Receiver Sate Fill, Fuel Tank 077-008-023Rail - Support Slide, Cross Member022-006-017Rebuild Kit - Electric Shift | 077-008-023 | Rail - Support Slide, Cross Member | 022-006-017 | Rebuild Kit - Electric Shift",VMRS_HB_COMPLETE_v20 page 6_pages_76-100.md
071-002-061,,071,002,"Rait. Trie.Down, Synthetic 059-002-011-03 Rebuild Kit - Vend 045-002-2014 Rait. Toming Chain 075-002-011-03 Rebuild Kit - Vend 045-002-2014 Rait. Toming Chain 075-002-011-03 Rebuild Kit - Vend 045-002-2014 Rait. Toming Chain 075-002-011-03 Receiver - Automated Fuel Transfer 774-002-005 Rait. Mounting - Interior Bus Body 051-002-065 Receiver - Delyrdator Assembly (Drier) 772-002-001 Raits Forks & Internal Shift Mechanism 063-005-012 Receiver - Netlyrator Assembly (Drier) 026-010-000 Rais, Forks & Internal Shift Mechanism 063-005-012 Receiver - Netlyrator Assembly (Drier) 026-010-000 Rake Assembly 021-005-015 Receiver - Statelitt, Television 035-006-037 Ram - Lack State Massembly Receiver - Statelitt, Television 035-006-037 Ram - Stembly 022-001-020 Receiver - Statelitt, Television 038-006-078 Ram - Jeack State Massembly Receiver - Netropic Netropic Netropic Netropic Netropic Netropic Netropic Netropic Netropic Netropic Netropic Netropic Netropic Netropic Netropic Netropic Netropic Netropic Netropic Netropic Netropic Netropic Netropic Netropic Netropic Netropic Netropic Netro | 082-038-006 | Rail - Support Cage | 015-007-056 | Rebuild Kit - Hvdraulic Cvlinder",VMRS_HB_COMPLETE_v20 page 6_pages_76-100.md
045-008-241,,045,008,"Aail Stop - Shelf Offsourd Public Start 034-008-006 Aail Stop - Shelf Offsourd Public Start 034-008-006 Aail Stop - Shelf Offsourd Public Start 026-010-000 Ralis Mounting - Indriver Bus Body Offsourd Public Start 026-010-000 Ralis Mounting - Indriver Bus Body Offsourd Public Start 026-010-000 Ralis Mounting - Indriver Bus Body Offsourd Public Start 026-010-000 Ralis Start Andicapped, Lavatory Off Aoil Start 026-010-000 Ralis Start Andicapped, Lavatory Off Aoil Start 026-010-000 Rake Start Mounting - Indriver Bus Body Off Aoil Start 026-010-000 Rake Start Anin Shield - Ali Intake Pipe 021-000-000 Rake Assembly Off Aoil Aning Aning Aning Aning Aning Aning Aning Aning Aning Aning Aning Aning Aning Aning Aning Aning Aning Aning Aning Aning Aning Aning Aning Aning Aning Aning Aning Aning Aning Aning Aning Aning Aning Aning Aning Aning Aning Aning Aning Aning Aning Aning Aning Aning Aning Aning Aning Aning Aning Aning Aning Aning Aning Aning Aning Aning Aning Aning Aning Aning Aning Aning Aning Aning Aning Aning Aning Aning Aning Aning Aning Aning Aning Aning Aning Aning Aning Aning Aning Aning Aning Aning Aning Aning Aning Aning Aning Aning Aning Aning Aning Aning Aning Aning Aning Aning Aning Aning Aning Aning Aning Aning Aning Aning Aning Aning Aning Aning Ani | 071-003-061 | Rail - Tie-Down, Synthetic | 059-001-149 | Rebuild Kit - Jaw, Fifth Wheel",VMRS_HB_COMPLETE_v20 page 6_pages_76-100.md
034-006-005,,034,006,"055-022:014 Rabuil Kit - Vent Rabuil Kit - Vent 034-006-005 Receiver - Automated Fuel Transfer 174-001-065 Rail, Mounting - Interior Bus Body 051-009-016 032-002-004 Rabis Forks Sai Internal Shift Mechanism 003-005-012 032-001-005 Receiver - Automated Fuel Transfer 032-002-004 Rabis Forks Sai Internal Shift Mechanism 003-005-012 032-005-005 Receiver - Rest Rel, Bus Seat 032-005-005 Receiver - Sast Bell, Bus Seat 035-006-073 Ram - Satt Mit Mechanism 003-005-01 035-006-074 Ream System - Portaligate 082-007-01 035-006-073 Ram System - Portaligate 082-007-01 035-006-074 Ram System - Portaligate 082-007-01 035-006-073 Ram System - Portaligate 082-007-01 035-006-074 Ram System - Portaligate 082-007-01 035-006-073 Ram System - Portaligate 082-007-01 035-001-065 Ram / Fifth Wheel 082-007-01 036-002-073 Receiver Valve Receiver Valve 036-001-076 | 045-008-241 | Rail - Timing Chain | 018-004-035 | Rebuild Kit - Preadjusted",VMRS_HB_COMPLETE_v20 page 6_pages_76-100.md
034-006-006,,034,006,"Rail, Mounting - Light Bar 099-007-004 Receiver - Automated Fuel Transfer 174-002-007 Rails Seat Mounting - Interior Bus Body 001-001-005 Receiver - Cashbox 026-010-000 Rails Seat Mounting - Interior Bus Body 001-001-005 Receiver - Cashbox 026-010-000 Rails Seat Mounting - Interior Bus Body 027-000-015 Receiver - Power Roll-Up Door 026-010-000 Rain Shield - Aut Intake Pipe 027-000-015 Receiver - Power Roll-Up Door 035-006-037 Ram - Newer Tailgate 093-007-014 Receiver - Satellite, Television 055-003-000 Ram - Sweet Auton Auto, Complete Receiver - Satellite, Television 055-003-000 Ram - Sweet Auto, Complete Receiver - Satellite, Television 055-003-000 Ram - Sweet Nall Machico, Complete Receiver Valve Assembly Discolor 055-003-000 Ram - Sweet Nall Machico, Complete Receiver Valve Assembly Discolor 055-003-000 Ram - Weet Roll Machico, Complete Receiver Valve Assembly Discolor 055-003-000 Ram - Weet Roll Machico, Television Receiver Valve Assembly Discolor 052-001-005 Receiv | 055-022-014 | Rail Stop - Shelf | 075-001-013 | Rebuild Kit - Vent",VMRS_HB_COMPLETE_v20 page 6_pages_76-100.md
174-001-065,,174,001,"Real, Seat Mounting - Interior Bus Body051-009-016Receiver - Cashbox178-002-000Rails, Forks & Internal Shift MechanismOtt 2010-020Receiver - Rest Fills, Full Tank062-010-000Rails, Forks & Internal Shift MechanismOtt 2010-020Receiver - Rest Fills, Full Tank063-006-020Rains, Forks & Internal Shift AchanismOtt 2010-020Receiver - Rest Fills, Full Tank063-006-020Rains, Forks & Internal Shift AchanismOtt 2010-020Receiver - Rest Fills, Full Tank065-003-001Rake AssemblyC21-000-00Receiver - Seat Belt, Bus Seat065-003-001Ram - Fills WheelOtt 2010-020Receiver - Seat Belt, Bus Seat065-003-001Ram - SemblyC22-000-021Receiver Valve065-003-001Ram System - Portable, Hydraulic151-003-004Receiver Valve065-003-001Ram System - Portable, Hydraulic151-003-004Receiver Valve065-003-001Ram System - Portable, Hydraulic151-003-004Receiver Valve065-001-005Ram P - Hitch, Tow082-009-023Receiver Valve062-001-005Ramp - Hitch, Tow082-009-023Receiver Valve062-001-005Ramp - Venet Liftgate151-001-220Receiver Valve174-023-012Receiver ValveReceiver Valve062-001-016Ramp - Venet Liftgate151-001-220Receiver Valve174-023-020Ramp - Venet Liftgate151-001-280174-023-020Ramp - Venet Liftgate151-001-280Receiver Cashbox174-023-020Ramp - Venet Lift | 034-006-006 | Rail, Mounting - Light Bar | 099-007-004 | Receiver - Automated Fuel Transfer",VMRS_HB_COMPLETE_v20 page 6_pages_76-100.md
178-002-000,,178,002,"Receiver - Deriver - Deriver - Setter - East Fill, Fuel Tank 026-010-000 Rails - Handicapped, Lavatory 003-005-012 Receiver - Rester - Regiver - Newer Roll-Up Door 026-010-000 Rain Shild - Air Intake Pipe 072-009-021 Receiver - Satellite, Television 026-010-000 Rain Shild - Air Intake Pipe 072-009-021 Receiver - Newer Roll-Up Door 025-003-001 Rain Shild - Air Intake Pipe 072-009-021 Receiver - Newer Roll-Up Door 025-003-001 Rain Shild - Air Intake Pipe 072-009-021 Receiver - Newer Roll-Up Door 025-003-003 Ram - Yewer Taigate 083-006-078 Receiver Assembly 082-021-000 025-003-003 Ram - System - Portable, Hydraulic 151-003-004 Receiver Nave - Satellite, Television 026-010-085 Ramp - Fifth Wheel 082-021-001 Receiver Valve Assembly 026-010-090 Receiver Nave - Sasembly 082-021-001 Receiver Valve Assembly 026-010-003 Ram - Pitto Michain, Bara Door 082-003-000 Receiver Valve Assembly 026-010-030 Ram - Pitto Michain, Bara Door 082-001-001 Receiver Valve Assembly 026-011-050 | 174-001-065 | Rail, Seat Mounting - Interior Bus Body | 051-009-016 | Receiver - Cashbox",VMRS_HB_COMPLETE_v20 page 6_pages_76-100.md
026-010-000,,026,010,"Halls, Folk & Internal Shift Mechanism 003-003-012 Hecevier - Power Roll-Up Door 821-000-000 Rakin Shift Ark Pipe 072-009-021 Receiver - Satellite, Television 055-003-000 Ram - Newer Tailgate 072-009-021 Receiver - Satellite, Television 055-003-000 Ram - Swear Tailgate 083-006-011 Receiver Assembly Complete 055-003-000 Ram - Swear Tailgate 083-006-071 Receiver Assembly Complete 055-003-000 Ram - Swear Tailgate 082-021-000 Receiver Assembly Complete 055-003-000 Ram - Swear Tailgate 082-021-000 Receiver Valve Reserver Valve Assembly 055-003-000 Ram - Power Tailgate 151-001-220 Receiver Valve Reserver Valve Assembly 056-002-003 Ram - Power Tailgate 151-001-220 Receiver Valve Assembly Receiver Valve Assembly 022-010-003 Ram - Newer Tailgate 151-001-220 Receiver Valve Assembly Receiver Valve Assembly 022-010-003 Ram - Newer Tailgate 151-001-220 Receiver Valve Assembly Receiver Valve Assembly 022-011-003 | 152-003-004 | Rails - Handicapped, Lavatory | 044-001-092 | Receiver - Fast Fill, Fuel Tank",VMRS_HB_COMPLETE_v20 page 6_pages_76-100.md
041-001-016,,041,001,"Hate All Intex Pripe 02-005-017 84ko Assembly 025-007-012 Receiver - Seat Belt, Bus Seat 055-003-001 Ram - Jack 025-007-012 Receiver - Seat Belt, Bus Seat 055-003-001 Ram - Seatembly 025-007-012 Receiver - Seat Belt, Bus Seat 055-003-001 Ram - Seatembly 025-007-012 Receiver - Seat Belt, Bus Seat 055-003-001 Ram - Seatembly 025-007-012 Receiver Sax - APU 055-003-001 Ram - Seatembly 022-009-023 Receiver Valve Assembly 059-001-005 Ram - Seatembly 022-009-023 Receiver Valve Assembly 059-001-005 Ram - Seatembly 022-001-00 Receiver Valve Assembly 022-019-003 Ram - Dearding, Side Door 082-009-001 Receiver/Viner Assembly 022-019-003 Ram - Pewer Lifigate 151-001-201 Receiver/Viner Assembly 174-023-024 Ram - Dearding, Side Door 082-009-021 Receiver/Viner Assembly 022-011-030 Ram - Dearding, Side Door 082-003-021 Receiver/Viner Assembly 174-023-024 Ram p- Hitch, Tow 022-010-161< | 026-010-000 | Ralls, Forks & Internal Shift Mechanism | 003-005-012 | Receiver - Keyless Entry",VMRS_HB_COMPLETE_v20 page 6_pages_76-100.md
041-001-018,,041,001,"201001000 Raking 201001000 Receiver Asatellitic, Television 055:003:000 Ram - Power Tailgate 063:006-037 Receiver Asatellitic, Television 055:003:000 Ram - Power Tailgate 072:009-022 Receiver Assembly 055:003:000 Ram System - Portable, Hydraulic 151:003-000 Receiver Assembly 059:002:003 Ram - Picker Power Tailgate 082:009-023 Receiver Assembly 059:002:003 Ramp - Hitch, Tow 082:009-024 Receiver Avalve Assembly 059:002:003 Ramp - Hose Cover, Bus Passenger Heater 082:009-000 Receiver Valve Assembly 002:021:010 Raceiver Jave Assembly 082:009-000 Receiver Valve Assembly 002:021:011 Ramp - Hitch, Tow 082:009-000 Receiver Valve Assembly 002:021:011 Ramp - Wheelchair Exit 002:016:016 Receiver Valve Assembly 002:021:011 Ramp - Wheelchair Exit 010:01-202 Receiver Valve Assembly 174:032:020 Ramp - Wheelchair Exit 010:01-202 Receiver Avalve Assembly 174:032:020 Ramp - Wheelchair Exit 010:01-202 Receiver Avalve Assembly | | Rain Shield - Air Intake Pipe | 072-009-021 | Receiver - Power Roll-Up Door",VMRS_HB_COMPLETE_v20 page 6_pages_76-100.md
063-007-001,,063,007,"201300-000 Naking 0.22 007-000 Receiver Acceluter, Seat Bell, Bus Seat 055 003.000 Ram - Power Tailigate Receiver Acceluter, Seat Bell, Bus Seat 055 003.000 Ram Assembly 072 009-022 Receiver Acceluter, Seat Bell, Bus Seat 055 003.000 Ram Settern - Portable, Hydraulic 151-003-004 Receiver Acceluter, Seat Bell, Bus Seat 059 001-005 Ramp - Fifth Wheel 082-009-022 Receiver Valve Receiver Valve 059 001-005 Ramp - Fifth Wheel 082-009-002 Receiver Valve Assembly Receiver Valve Assembly 052 001-006 Ramp - Fifth Wheel 082-009-000 Receiver Valve Assembly Receiver Valve Assembly 052 001-006 Ramp - Vener Liftgate 151-001-220 Receiver Valve Assembly Receiver Valve Assembly 052 001-006 Ramp - Vener Liftgate 151-001-220 Receiver Valve Assembly Receiver Valve Assembly 052 001-005 Ramp - Venec/tair Exit 102-001-016 Receiver Aver Assembly Receiver Aver Assembly 052 001-005 Ramp - Venec/tair Exit 151-001-220 Receiver Aver Assembly Receiver Aver Assembly 261-001-000Rake Assembly291-003-013Receiver - Remote Control, Hose Reel | 261-001-000 | Rake Assembly | 291-003-013 | Receiver - Remote Control, Hose Reel",VMRS_HB_COMPLETE_v20 page 6_pages_76-100.md
201-000-000,,201,000,000000000000000000000000000000000000 | | Ram - Jack | 174-034-003 | Receiver - Seat Belt Rus Seat,VMRS_HB_COMPLETE_v20 page 6_pages_76-100.md
059-001-085,,059,001,"055-003.001 Ram Assembly 072-009.022 Receiver Box - Power Roll-Up Door Ramp - Hitch, Tow 082-009-023 Receiver Valve Receiver Valve 059-001-085 Ramp - Hitch, Tow 082-009-023 Receiver Valve Receiver Valve 059-001-085 Ramp - Hitch, Tow 082-009-003 Receiver Valve Assembly 074-026-047 Ramp - Loading, Side Door 082-009-001 Receiver Valve Assembly 074-026-047 Ramp - Nower Liftgate 151-001-220 Receiver Valve Assembly 074-026-047 Ramp - Nower Liftgate 020-01-061 Receiver Valve Assembly 074-026-047 Ramp - Nower Liftgate 016-01-20 Receiver Valve Assembly 074-028-028 Ramp - Wheelchair Lift 151-001-219 Receiver Valve Assembly 074-023-020 Ramp Assembly - Silder 042-009-021 Receiver Lift Assembly 074-023-020 Ramp Assembly - Silder 042-009-021 Receiver Lift Assembly 072-033-020 Ramp Assembly - Silder 042-009-021 Receiver Lift Assembly 026-011-056 Range Selector - Rantover Assembly 044-003-161 | 055-003-000 | Ram - Power Tailgate | 063-007-001 | Receiver Assembly - Digital Audio, Complete",VMRS_HB_COMPLETE_v20 page 6_pages_76-100.md
053-006-078,,053,006,"Harm System Portable, Hydraulic 151-003-004 Receiver Valve 059-001-085 Ramp - Fifth Wheel 082-021-000 Receiver Valve Assembly 059-001-085 Ramp - Hitch, Tow 082-021-001 Receiver Valve Assembly 0202-021-011 Receiver Valve Assembly Receiver Valve Assembly 0202-021-011 Ramp - Loading, Rear Door 082-009-003 Receiver Valve Assembly 0202-021-011 Ramp - Loading, Rear Door 082-009-000 Receiver Valve Assembly 0202-019-003 Ramp - Wheelchair Exit 002-016-016 Receiver Valve Assembly 026-017-000 Ramp - Wheelchair Exit 002-016-016 Receiver Calve Assembly - Slider 174-032-008 Ramp - Meelchair Exit 002-016-016 Receiver Calve Receiver Calve 026-011-056 Range Section - Manual Transmission 027-038-022 Receiver Calve Receiver Calve 026-011-157 Range Selector - Leit Drive 034-003-116 Receiver Calve Receiver Calve 026-011-157 Range Selector - Leit Drive 034-003 | 055-003-001 | Ram Assembly | 072-009-022 | Receiver Box - Power Roll-Up Door",VMRS_HB_COMPLETE_v20 page 6_pages_76-100.md
059-002-033,,059,002,"Ramp - Hitch, Tow 082-009-023 Receiver Valve Assembly 022-021-011 Ramp - Loading, Rear Door 082-009-001 Receiver/Drier 022-019-003 Ramp - Loading, Side Door 082-009-001 Receiver Valve Assembly 055-001-006 Ramp - Vower Liftgate 151-001-22 Receptacle - 10-Pin, Main Harness, APU 174-028-047 Ramp - Mneelchair Exit 002-016-016 Receptacle - 22 Way, Tailgate 174-032-008 Ramp - Mneelchair Exit 012-017-017 Ramp Assembly - Silder 174-032-008 Ramp Assembly - Silder 151-001-129 Receptacle - 27 Pin Connector, Female 026-011-056 Range Selector - Left Drive 034-004-18 Receptacle - Connector Receptacle - 20nncetor 026-011-157 Range Selector - Left Drive 034-004-18 Receptacle - Connector Receptacle - Connector 026-011-157 Range Selector - Left Drive 034-003-180 Receptacle - Connector Receptacle - 20nrot Dav 027-033-000 Range Selector - Valve - Manual 034-003-180 Receptacle - Connector Receptacle - 20nrot Dav 027-032-000 Range Selector - Left Drive 034-003 | 059-001-085 | Ramp - Fifth Wheel | 082-021-000 | Receiver Valve",VMRS_HB_COMPLETE_v20 page 6_pages_76-100.md
174-026-047,,174,026,"Ramp - Hose Cover, Bus Passenger Heater 082-009-000 Receiver/Drier Assembly 002-019-003 Ramp - Loading, Rear Door 082-009-000 Receiver/Drier Assembly 002-019-003 Ramp - Dower Liftgate 151-001-220 Receiver/Drier Assembly 174-023-018 Ramp - Wheelchair Lift 151-001-220 Receptacle - 20 Way, Tailgate 174-023-018 Ramp - Wheelchair Lift 151-001-219 Receptacle - 20 Way, Tailgate 174-023-018 Ramp - Wheelchair Lift 151-001-219 Receptacle - 20 Way, Tailgate 174-023-018 Ramp Assembly - Silder 174-023-018 Receptacle - 20 Way, Tailgate 174-023-011-156 Range Selector - Manual Transmission 027-038-002 Receptacle - Connector 026-011-157 Range Selector - Manual Transmission 027-038-002 Receptacle - Connector 026-011-157 Range Selector - Manual Transmission 027-038-002 Receptacle - Connector 026-011-158 Range Selector - Manual Transmission 027-038-002 Receptacle - Connector 026-011-158 Range Selector - Manual Linkage 055-006-007 Receptacle - Control Nator 026-011-121 Range Selector - Manual Linkage 055-001-004 Rec | 059-002-033 | Ramp - Hitch, Tow | 082-009-023 | Receiver Valve Assembly",VMRS_HB_COMPLETE_v20 page 6_pages_76-100.md
002-021-011,,002,021,"Ramp - Loading, Rear Door 082-009-001 Receiver/Drier 002-019-003 Ramp - Loading, Side Door 082-009-000 Receiver/Drier Assembly 022-019-003 Ramp - Vacading, Side Door 082-009-000 Receiver/Drier Assembly 022-019-003 Ramp - Vacading, Side Door 082-009-001 Receiver/Drier Assembly 022-019-003 Ramp - Vacading, Side Door 082-009-001 Receiver/Drier Assembly 016-018-036 Ramp Assembly - Silder 034-003-161 Receptacle - 2Pin Connector, Female 026-011-056 Range Sector - Hight Drive 034-004-18 Receptacle - Connector Receptacle - 2Din Connector, Female 026-011-157 Range Sector - Nanual Transmission 027-038-022 Receptacle - Connector Receptacle - Connector 026-011-157 Range Selector - Right Drive 034-003-118 Receptacle - Connector Receptacle - 2Din Connector, Female 026-011-157 Range Selector - Nanual Linkage 055-006-007 Receptacle - Control Box 027-024-002 Range Selector - Valve - Manual 034-003-113 Receptacle - Control Marce 026-011-121 Range Selector - Valve - Manual | 174-026-047 | Ramp - Hose Cover, Bus Passenger Heater | 082-021-001 | Receiver Valve Assembly",VMRS_HB_COMPLETE_v20 page 6_pages_76-100.md
002-019-003,,002,019,"Ramp - Loading, Side Door 082-009-000 Receiver/Drier Assembly 055-001-005 Ramp - Wheelchair Exit 002-016-016 Receptacle - 10-Pin, Main Harness, APU 174-032-008 Ramp - Wheelchair Lift 151-001-219 Receptacle - 2 Way, Tailgate 174-032-008 Ramp Assembly - Wheelchair Exit 002-016-016 Receptacle - 10-Pin, Main Harness, APU 174-032-008 Ramp Assembly - Wheelchair Exit 034-003-161 Receptacle - 6 Pin, Main High Power, Main 174-032-020 Ramp Bechanism Assembly - Wheelchair 034-003-161 Receptacle - 10-Pin, Main High Power, Main 174-032-020 Ramp Selector - Left Drive 034-004-185 Receptacle - Block Heater 026-011-156 Range Selector - Left Drive 034-003-118 Receptacle - Connector, Female 026-011-157 Range Selector V Manual Linkage 055-006-007 Receptacle - Control Box 027-024-002 Range Selector V Manual (Diper 034-003-118 Receptacle - Sourtol Box 026-011-128 Range Selector V Manual (Diper 034-003-107 Receptacle - Fuel Fil, Gaseous 025-012-028 Ratchet - Chain Binder, Transport Grade 002-004-161 Receptacle | 002-021-011 | Ramp - Loading, Rear Door | 082-009-001 | Receiver/Drier",VMRS_HB_COMPLETE_v20 page 6_pages_76-100.md
055-001-006,,055,001,"Hamp - Power Liftgate 151-001-220 Receptacle - 10-Pin, Main Hamess, APU 174-032-018 Ramp - Wheelchair Lift 151-001-219 Receptacle - 2 Way, Taligate 174-032-020 Ramp Assembly - Slider 02-016-014 Receptacle - 7 Pin Connector, Female 026-017-005 Range Selector - Left Drive 034-003-161 Receptacle - Connector, Female 026-017-006 Range Selector - Left Drive 034-004-185 Receptacle - Connector, Female 026-017-007 Range Selector - Range Selector - Range Selector - Left Drive 034-003-161 Receptacle - Connector, Female 026-011-056 Range Selector - Valve - Manual Transmission 032-005-009 Receptacle - Control Box 026-011-157 Range Selector - Valve - Manual 034-003-189 Receptacle - Control Box 026-011-157 Range Selector Valve - Manual 034-003-181 Receptacle - Control Box 026-011-059 Range Valve - Manual 034-003-181 Receptacle - Control Box 026-011-059 Range Valve - Lever Mounted, Upper 044-012-015 Receptacle - Hood Release Assembly 025-031-040 Ratchet - Chain Binder, Transport Grade 002-004-101 Recepta | 002-019-003 | Ramp - Loading, Side Door | 082-009-000 | Receiver/Drier Assembly",VMRS_HB_COMPLETE_v20 page 6_pages_76-100.md
174-022-013,,174,022,"Hamp - Wheelchair Exit 002-016-016 Heceptacle - 2 Way, Taligate 174-032-020 Ramp Assembly - Silder Hampss, APU Harness, APU 174-032-020 Ramp Mechanism Assembly - Wheelchair 034-003-021 Receptacle - 7 Pin Connector, Female 026-011-056 Range Section - Manual Transmission 027-038-022 Receptacle - Connector 026-011-157 Range Selector - Left Drive 034-003-189 Receptacle - Connector, Female 026-011-157 Range Selector Or Manual Linkage 055-006-007 Receptacle - Control Harness To Motor 027-023-000 Range Selector Or Manual Linkage 034-003-1189 Receptacle - Duel Pole, 150 Amp 026-011-157 Range Selector View - Manual 034-003-1189 Receptacle - Duel Pole, 150 Amp 026-011-121 Range Sleve Valve - Manual 034-003-1189 Receptacle - Duel, 150 Amp 026-011-121 Range Sleve Valve - Manual 034-003-1189 Receptacle - Duel, 150 Amp 026-011-121 Range Sleve Valve - Manual 034-003-1189 Receptacle - Duel, 150 Amp 026-011-121 Raceptacle - Seron Raceptacle - Seron Receptacle - Duel Fill, Gaseous 035-002-285 Ratchet Chatchet Rec | 055-001-006 | Ramp - Power Liftgate | 151-001-220 | Receptacle - 10-Pin, Main Harness, APU",VMRS_HB_COMPLETE_v20 page 6_pages_76-100.md
174-002-006,,174,002,"Rainp - Witeelchair 131-001-215 Heceptacle - Or-Fit, Mail High Power, Mail High Power, Mail High Power, Mail High Power, Mail High Power, Mail High Power, Mail High Power, Mail High Power, Mail High Power, Mail High Power, Mail High Power, Mail High Power, Mail High Power, Mail High Power, Mail High Power, Mail High Power, Mail High Power, Mail High Power, Mail High Power, Mail High Power, Mail High Power, Mail High Power, Mail High Power, Mail High Power, Mail High Power, Mail High Power, Mail High Power, Mail High Power, Mail High Power, Mail High Power, Mail High Power, Mail High Power, Mail High Power, Mail High Power, Mail High Power, Mail High Power, Mail High Power, Mail High Power, Mail High Power, Mail High Power, Mail High Power, Mail High Power, Mail High Power, Mail High Power, Mail High Power, Mail High Power, Mail High Power, Mail High Power, Mail High Power, Mail High Power, Mail High Power, Mail High Power, Mail High Power, Mail High Power, Mail High Power, Mail High Power, Mail High Power, Mail High Power, Mail High Power, Mail High Power, Mail High Power, Mail High Power, Mail High Power, Mail High Power, Mail High Power, Mail High Power, Mail High Power, Mail High Power, Mail High Power, Mail High Power, Mail High Power, Mail High Power, Mail High Power, Mail High Power, Mail High Power, Mail High Power, Mail High Power, Mail High Power, Mail High Power, Mail High Power, Mail High Power, Mail High Power, Mail High Power, Mail High Power, Mail High Power, Mail High Power, Mail High Power, Mail High Power, Mail High Power, Mail High Power, Mail High Power, Mail High Power, Mail High Power, Mail High Power, Mail High Power, Mail High Power, Mail High Power, Mail High Power, Mail High Power, Mail High Power, Mail High Power, Mail High Power, Mail High Power, Mail High Power, Mail High Power, Mail High Power, Mail High Power, Mail High Power, Power, Power, Power, Power, Power, Power, Power, Power, Power, Power, | 174-023-013 | Ramp - Wheelchair Exit | 002-016-016 | Receptacle - 2 Way, Tallgate",VMRS_HB_COMPLETE_v20 page 6_pages_76-100.md
016-018-036,,016,018,013 01000000000000000000000000000000000 | | Ramp Assembly - Slider | 151-001-219 | Harness APU,VMRS_HB_COMPLETE_v20 page 6_pages_76-100.md
026-011-056,,026,011,"Range Control Valve 042-009-021 Receptacle - Connector 026-011-157 Range Seletor - Idel Drive 034-004-185 Receptacle - Connector, Female 026-011-157 Range Selector - Receptacle - Connector, Female 034-004-185 Receptacle - Control Box 027-024-002 Range Selector - Nanual Linkage 055-006-007 Receptacle - Control Box 027-024-002 Range Selector - Wanual Linkage 034-003-113 Receptacle - Control Harness To Motor 027-024-002 Range Selector - Wanual Linkage 034-003-113 Receptacle - Centrol Harness To Motor 027-024-002 Range Selector - Nanual Linkage 034-003-113 Receptacle - Lever Mounted, Upper 026-011-121 Range Selector - Nanual Cransport Grade 002-004-161 Receptacle - Fuel Fill, Gaseous 035-0012-024 Ratchet - Chain Binder, Transport Grade 002-004-161 Receptacle - Hood Release Assembly 055-012-049 Ratchet - Replacement for Strap, Transport 002-004-161 Receptacle - Nod Release Assembly 055-012-050 Ratchet - Track 034-003-048 Receptacle - Nod Release Assembly 055-012-050 Ratchet Brake Assembly 002-004-101 | 174-032-020 | Ramp Mechanism Assembly - Wheelchair | 034-003-161 | Receptacle - 7 Pin Connector, Female",VMRS_HB_COMPLETE_v20 page 6_pages_76-100.md
022-017-000,,022,017,"Range Selector - Left Drive034-004-185Receptacle - Connector026-011-156Range Selector - Right Drive034-004-185Receptacle - Control Box027-028-022Range Selector - Nanual Linkage055-006-007Receptacle - Control Harness To Motor027-024-002Range Selector - Valve - Manual034-003-118Receptacle - Dual Pole, 150 Amp026-011-157Range Selector - Nanual Linkage034-003-118Receptacle - Electrical, 4 Pins, Trailer Wiring026-011-157Range Selector - Ananual Linkage034-003-118Receptacle - Electrical, 4 Pins, Trailer Wiring026-011-158Ratchet - Chain Binder, Transport Grade002-004-101Receptacle - Fuel Fill, Gaseous055-031-003Ratchet - Chain Binder, Transport Grade002-004-101Receptacle - Hood Release Assembly055-012-049Ratchet - Flat Hook002-004-101Receptacle - Hood Release Assembly055-012-049Ratchet - Replacement for Strap, Transport002-004-101Receptacle - Lever, Latch071-020-023Ratchet - Track034-003-048Receptacle - Lood Release Assembly055-012-050Ratchet - Webbing034-003-048Receptacle - Roller055-012-050Ratchet - Webbing034-003-048Receptacle - Roller055-012-050Ratchet - Webbing034-003-048Receptacle - Lifting Hook071-020-023Ratchet - Webbing034-003-048Receptacle - Noo Ploe, 200 Amp055-012-050Ratchet - Webbing034-003-048Receptacle - Noo Ploe, 200 Amp055-012-050Ratchet Samp - Transport Grade | 026-011-056 | Range Control Valve | 042-009-021 | Receptacle - Block Heater",VMRS_HB_COMPLETE_v20 page 6_pages_76-100.md
026-011-156,,026,011,"Range Selector - Left Drive 034-004-185 Receptacle - Connector, Female 026-011-157 Range Selector Or Manual Linkage 055-006-007 Receptacle - Control Box 027-032-000 Range Selector Or Manual Linkage 034-003-119 Receptacle - Control Harness To Motor 027-032-002 Range Selector Valve - Manual 034-003-119 Receptacle - Cuntrol Harness To Motor 026-011-059 Range Valve - Lever Mounted, Upper 044-012-015 Receptacle - Cule Fill, Gaseous 055-012-049 Ratchet - Chain Binder, Transport Grade 002-004-161 Receptacle - Hood Release Assembly 055-012-049 Ratchet - Replacement for Strap, Transport 002-004-100 Receptacle - Hood Release Assembly 055-012-049 Ratchet - Track 0034-003-08 Receptacle - Hood Release Assembly 055-012-050 Ratchet - Track 0034-003-048 Receptacle - Hood Roller 055-012-050 Ratchet - Winch Bar 002-004-101 Receptacle - Roller 055-012-050 Ratchet Strap, Transport Grade 014-015-001 Receptacle - Roller 055-012-050 Ratchet Strap, Transport Grade 021-004-08 Receptacle - Roller | 026-017-000 | Range Section - Manual Transmission | 027-038-022 | Receptacle - Connector",VMRS_HB_COMPLETE_v20 page 6_pages_76-100.md
026-011-157,,026,011,"Range Selector - Right Drive 364-005-009 Receptacle - Control Box 027-024-002 Range Selector Valve - Manual 034-003-189 Receptacle - Dual Pole, 150 Amp 026-011-059 Range Salector Valve - Manual 034-003-189 Receptacle - Electrical, 4 Pins, Trailer Wiring 026-011-059 Range Salector Valve - Mounted, Upper 044-012-015 Receptacle - GFCI, APU 055-031-003 Ratchet Tail Hook 002-004-161 Receptacle - Hood Release Assembly 055-012-049 Ratchet - Flat Hook 002-004-161 Receptacle - Hood Release Assembly 055-012-050 Ratchet - Track 002-004-161 Receptacle - Lever, Latch 055-012-050 Ratchet - Winch Bar 002-004-101 Receptacle - Lever, Latch 055-012-050 Ratchet - Winch Bar 002-004-101 Receptacle - Single Pole, 150 Amp, Trailer Cable Plug 055-012-050 Ratchet - Winch Bar 002-004-068 Receptacle - Single Pole, 150 Amp, Trailer Cable Plug 055-012-050 Ratchet Strap - Transport Grade 003-000-001 Receptacle - Single Pole, 150 Amp, Trailer Cable Plug 055-012-050 Ratchet Brake Assembly - Torsion Bar, Rear 078-017-038 | 026-011-156 | Range Selector - Left Drive | 034-004-185 | Receptacle - Connector, Female",VMRS_HB_COMPLETE_v20 page 6_pages_76-100.md
027-033-000,,027,033,"Hange Selector Valve - Manual 034-003-113 Receptacle - Control Harness To Motor 027-024-002 Range Slave Valve - Manual 034-003-113 Receptacle - Eluel Fill, Gaseous 026-011-121 Range Slave Valve - Lever Mounted, Upper 044-012-015 Receptacle - Eluel Fill, Gaseous 055-031-03 Ratchet - Chain Binder, Transport Grade 002-004-161 Receptacle - Hood Rolease Assembly 055-031-04 Ratchet - Flat Hook 002-004-066 Receptacle - Hood Rolease Assembly 055-031-04 Ratchet - Track 002-004-06 Receptacle - Lever, Latch 071-020-023 Ratchet - Webbing Receptacle - Iting Hook Storage 055-012-025 Ratchet - Webhing Storage Storage 055-012-026 Ratchet - Webhing Storage Storage 055-012-027 Ratchet - Webhing Storage Storage 055-012-028 Ratchet - Webhing Storage Storage 055-012-026 Ratchet Strap, Transport Grade 002-004-069 Receptacle - Iding Hook 055-012-027 Ratchet Strap, Transport Grade 051-005-01 Receptacle - Upper 055-031-04 Ratchet Strap, Transport Grade 051- | 026-011-157 | Range Selector - Right Drive | 364-005-009 | Receptacle - Control Box",VMRS_HB_COMPLETE_v20 page 6_pages_76-100.md
027-024-002,,027,024,"Hange Selector Valve - Manual 034-003-189 Receptacle - Electrical, 4 Pins, Trailer Wiring 026-011-059 Range Valve - Lever Mounted, Upper 044-012-015 Receptacle - Electrical, 4 Pins, Trailer Wiring 055-005-025 Ratchet 151-001-191 Receptacle - Electrical, 4 Pins, Trailer Wiring 055-012-049 Ratchet - Chain Binder, Transport Grade 002-004-161 Receptacle - Hood Release Assembly 055-012-049 Ratchet - Flat Hook 002-004-161 Receptacle - Hood Release Assembly 055-012-049 Ratchet - Track 004-003-018 Receptacle - Lever, Latch 071-020-023 Ratchet - Track 004-003-018 Receptacle - Protective, F/Trailer Cable Plug 055-012-050 Ratchet - Winch Bar 002-004-101 Receptacle - Protective, F/Trailer Cable Plug 055-012-050 Ratchet - Winch Bar 002-004-069 Receptacle - Vince Plug 055-012-050 Ratchet Track 034-003-028 Receptacle - Vince Plug 055-012-050 Ratchet Sapsembly - Torsion Bar, Rear 078-017-033 Receptacle - Vince Plug 055-012-050 Ratchet Sap - Transport Grade 051-005-010 Receptacle - Von Pole, 200 Amp 052-001-004 Rator Bake Assembly | 027-033-000 | Range Selector Or Manual Linkage | 055-006-007 | Receptacle - Control Harness To Motor",VMRS_HB_COMPLETE_v20 page 6_pages_76-100.md
034-003-013,,034,003,"020-011121Range ValveReceptacle - Electric, 4-Prils, Trainer Willing026-011-021Range Valve - Lever Mounted, Upper044-012-013Receptacle - GFCI, APU055-031-003Ratchet - Chain Binder, Transport Grade002-004-101Receptacle - Hood Roller055-012-049Ratchet - Flat Hook002-004-100Receptacle - Lever, Latch055-012-049Ratchet - Track002-004-056Receptacle - Lever, Latch055-012-029Ratchet - Track002-004-101Receptacle - Lever, Latch055-012-029Ratchet - Track002-004-101Receptacle - Lever, Latch055-012-025Ratchet - WebbingStorageStorage055-012-050Ratchet - WebbingStorageStorage055-012-051Ratchet - Winch Bar002-004-101Receptacle - Protective, F/Trailer Cable Plug055-012-050Ratchet Coupling Assembly - Torsion Bar, Rear078-017-033Receptacle - No Pole, 200 Amp016-005-238Ratchet Strap - Transport Grade051-005-010Receptacle - Vehicle Data Recorder022-014-000Reaction Carrier & Low Sprag Assembly - Front034-003-044Receptacle - Winte Breaker) - Trailer Wiring053-007-014Reactor - Decomposition052-011-009Receptacle, 6 Pin Female Connector, Trailer053-006-098Reader - Fault, APU052-011-009Receptacle, AC - Power Inverter053-006-098Reader - Fault, APU052-011-009Receptacle, C - Power Inverter053-006-098Reader - Fault, APU052-011-010Receptacle, AC - Power Inverter053- | 027-024-002 | Range Selector Valve - Manual | 034-003-189 | Receptacle - Dual Pole, 150 Amp",VMRS_HB_COMPLETE_v20 page 6_pages_76-100.md
002-004-161,,002,004,"DisplayDisplayDisplayDisplayDisplayDisplayDisplayRatchetChain Binder, Transport GradeReceptacle - Hood Release AssemblyDisplayRatchet - Flat Hook002-004-100Receptacle - Hood RollerDisplayRatchet - Replacement for Strap, Transport002-004-056Receptacle - Lever, LatchGrade014-015-001Receptacle - Lifting Hook071-020-023Ratchet - Track034-003-048Receptacle - Lifting Hook055-031-003Ratchet - WebbingStorage055-012-050Ratchet - Winch Bar002-004-101Receptacle - Single Pole, 150 Amp, Trailer055-012-050Ratchet - Winch Bar002-004-069Receptacle - Single Pole, 150 Amp, Trailer055-012-050Ratchet Coupling Assembly - Torsion Bar, Rear078-017-033Receptacle - Single Pole, 150 Amp, Trailer055-031-004Ratchet Strap - Transport Grade051-005-010Receptacle - Upper055-031-004Ratchet Strap - Transport Grade034-003-032Receptacle - Upper055-031-004Ratchet Strap - Transport Grade034-003-032Receptacle (With Circuit Breaker) - Trailer022-005-043Ratio Converter - 2-speed034-003-034Receptacle - Weicle Data Recorder023-007-076Razor Blade034-003-034Receptacle, With Pins) - Trailer036-008-042Reader - Hard Drive, Surveillance System052-011-009Receptacle, AC - Power Inverter036-008-042Reader - Bushing002-02-07-319Recliner - Seat Back071-026-050Rear - Bash | 026-011-121 | Range Slave ValvePange Valve Lover Mounted Lipper | 034-003-113 | Receptacle - Electrical, 4 Pins, Trailer Winng",VMRS_HB_COMPLETE_v20 page 6_pages_76-100.md
055-031-003,,055,031,"ObservedIndicationInterceptacleHood Release AssemblyRatchet - Flat Hook002-004-161Receptacle - Hood Roller055-031-014Ratchet - Flat Hook002-004-161Receptacle - Lever, LatchGrade014-015-001Receptacle - Lever, Latch071-020-023Ratchet - Track034-003-048Receptacle - Protective, F/Trailer Cable Plug055-031-004Ratchet - WebbingStorage055-031-005Ratchet - Winch Bar002-004-101Receptacle - Roller055-031-005Ratchet Vinch Bar002-004-101Receptacle - Single Pole, 150 Amp, Trailer016-005-238Ratchet Coupling Assembly - Torsion Bar, RearSuspension078-017-033Receptacle - Wop Pole, 200 Amp055-031-004Ratchet Strap - Transport Grade051-005-010Receptacle - Upper055-031-004Ratchet Strap - Transport Grade051-005-010Receptacle - Upper055-031-004Ratchet Strap - Transport Grade034-003-034Receptacle - Upper055-031-004Ratchet Strap - Transport Grade034-003-034Receptacle - Upper055-031-004Ratchet Strap - Transport Grade034-003-034Receptacle - Upper055-031-004Ratchet Strap - Transport Grade034-003-034Receptacle - Upper055-031-004Ratchet Strap - Transport Grade034-003-034Receptacle - Upper055-031-004Ratchet Strap - Transport Grade034-003-034Receptacle - Upper055-031-004Reator - DecompositionWiringReceptacle - Upper036-008-042 053-006-285Ratchet151_001_101Recentacle - GECL APLI | 053-006-285 | Ratchet | 151_001_101 | Recentacle - GECL APLI",VMRS_HB_COMPLETE_v20 page 6_pages_76-100.md
055-012-049,,055,012,"Ratchet - Flat Hook002-004-100Receptacle - Lever, LatchReceptacle - Lifting Hook055-012-049Ratchet - Replacement for Strap, TransportGrade002-004-056Receptacle - Lever, LatchReceptacle - Lifting Hook071-020-023Ratchet - Track034-003-048Receptacle - Protective, F/Trailer Cable Plug | 055-031-003 | Ratchet - Chain Binder Transport Grade | 002-004-161 | Receptacle - Hood Release Assembly",VMRS_HB_COMPLETE_v20 page 6_pages_76-100.md
055-031-014,,055,031,"Ratchet - Replacement for Strap, TransportGrade002-004-056014-015-001Receptacle - Lever, LatchReceptacle - Protective, F/Trailer Cable PlugStorage055-012-025Ratchet - WebbingStorage055-012-050Ratchet - Winch Bar002-004-101055-012-050Ratchet - Winch Bar002-004-101058-003-005Ratchet Erake Assembly034-003-062055-012-050Ratchet Strap, Transport002-004-069055-012-050Ratchet Strap, Transport Grade051-005-010055-012-050Ratchet Strap - Transport Grade051-005-010055-012-050Ratchet Strap - Transport Grade051-005-010055-012-050Ratchet Strap - Transport Grade034-003-032055-012-050Ratchet Strap - Transport Grade034-003-034055-012-050Razor Blade034-003-034055-012-050Razor Blade034-003-034055-012-050Reader - Fault, APU051-005-010055-012-050Reader - Fault, APU052-011-009055-012-050Reader - Fault, APU052-011-0109053-007-076Reader - Fault, APU052-011-0109052-011-008Reeaptacle, C - Power Inverter036-008-042Reader - Fault, APU052-011-0109053-005-098Reamer - Bushing002-027-319027-031-000Rear Assembly051-005-000027-031-000Rear Assembly051-005-000022-066-000Rear Assembly077-001-000022-066-000Rear Bearing Retainer Or Case ExtensionAssembly177-001-000 055-012-049 Ratchet - Flat Hook 002-004-100 Receptacle - Hood Roller | 055-012-049 | Ratchet - Flat Hook | 002-004-100 | Receptacle - Hood Roller",VMRS_HB_COMPLETE_v20 page 6_pages_76-100.md
014-015-001,,014,015,"GradeReceptacle - Lifting Hook071-020-023Ratchet - Track034-003-048Receptacle - Protective, F/Trailer Cable PlugStorage055-012-025Ratchet - Webbing02-004-101Receptacle - Roller055-012-025Ratchet Winch Bar002-004-101Receptacle - Single Pole, 150 Amp, Trailer016-005-238Ratchet Coupling Assembly034-003-062Receptacle - Wo Pole, 200 Amp055-012-050Ratchet Strap - Transport Grade051-005-010Receptacle - Upper055-031-004Ratchet Strap - Transport Grade034-003-034Receptacle - Vehicle Data Recorder022-005-043Ratio Converter - 2-speed034-003-034Receptacle (With Pins) - Trailer Wiring053-007-076Razor Blade034-003-034Receptacle (With Pins) - Trailer Wiring053-007-078Razor Diade034-003-034Receptacle, C - Power Inverter043-007-148Reactor - DecompositionWiring171-0109151-001-068Reader - Fault, APU052-011-009Receptacle, AC - Power Inverter053-005-088Reader - Hard Drive, Surveillance System052-011-009Recentacle, AC - Power Inverter053-005-088Reamer - Bushing002-027-319Recliner - Seat Back071-026-050Rear Assembly051-005-000Recorder - Fuel & Mileage027-031-000Rear Assembly177-000-000Recreational Vehicle025-066-000Rear Bearing Retainer Or Case Extension177-000-000Recetational Vehicle036-022-000Rear Body Panels and Reinforcements031-001-056 055-031-014 Ratchet - Replacement for Strap, Transport 002-004-056 Receptacle - Lever, Latch | 055-031-014 | Ratchet - Replacement for Strap, Transport | 002-004-056 | Receptacle - Lever, Latch",VMRS_HB_COMPLETE_v20 page 6_pages_76-100.md
071-020-023,,071,020,"Ratchet - Track034-003-048Receptacle - Protective, F/Trailer Cable PlugStorage055-012-025Ratchet - Winch Bar002-004-101Receptacle - Roller058-003-005Ratchet Brake Assembly034-003-062Receptacle - Single Pole, 150 Amp, Trailer016-005-238Ratchet Strap - Transport Grade051-005-010Receptacle - Upper055-012-050Ratchet Strap - Transport Grade051-005-010Receptacle - Vehicle Data Recorder022-005-043Ratio Converter - 2-speed034-003-032Receptacle (With Pins) - Trailer Wiring053-007-076Razor Blade034-003-034Receptacle, (With Circuit Breaker) - Trailers027-014-000Reactor Carrier & Low Sprag Assembly - Front034-003-034Receptacle, C - Power Inverter043-007-148Reactor - Decomposition052-011-009Receptacle, AC - Power Inverter053-006-098Reader - Hard Drive, Surveillance System052-011-010Receptacle, AC - Power Inverter053-006-098Reamer - Bushing002-027-319Recliner - Seat Back071-026-050Rear Assembly051-005-000Recreational Vehicle027-031-000Rear Bearing Retainer Or Case ExtensionAssembly177-001-000Recreational Vehicle Assembly002-066-000Rear Body Panels and Reinforcements013-012-020031-001-056Rectifier - Alternator013-002-000Rear Brakes & Drums013-012-020Rectifier - Electric Brakes002-022-000Rear Brakes & Drums013-012-020Rectifier - Electric Chechanical Controls | | Grade | 014-015-001 | Receptacle - Lifting Hook",VMRS_HB_COMPLETE_v20 page 6_pages_76-100.md
055-012-025,,055,012,"Ratchet - WebbingStorage055-012-050Ratchet - Winch Bar002-004-101Receptacle - Roller058-003-005Ratchet Brake Assembly034-003-062Receptacle - Two Pole, 200 Amp016-005-238Ratchet Coupling Assembly - Torsion Bar, RearSuspension078-017-033Receptacle - Two Pole, 200 Amp022-005-043Ratchet Strap - Transport Grade051-005-010Receptacle - Upper053-007-076Razor Blade034-003-034Receptacle - Winch Circuit Breaker) - Trailer Wiring023-007-076Razor Blade034-003-032Receptacle (With Pins) - Trailer Wiring027-014-000Reactor Carrier & Low Sprag Assembly - Front034-003-034Receptacle, OP Power Inverter036-008-042Reader - Fault, APU052-011-009Receptacle, AC - Power Inverter035-006-098Reamer - Bushing002-027-319Recliner - Seat Back071-026-050Rear Assembly051-005-000Recorder - Fuel & Mileage027-031-000Rear Assembly177-001-000Recreational VehicleAssembly022-066-000Rear Bearing Retainer Or Case ExtensionAssembly177-001-000Recreational Vehicle Assembly022-066-000Rear Body Panels and Reinforcements031-001-056Recreational Vehicle Assembly022-022-000Rear Door Mechanism013-012-020Rectifier - Alternator022-022-000Rear Door Mechanism013-012-020Rectifier - Electric Brakes | 071-020-023 | Ratchet - Track | 034-003-048 | Receptacle - Protective, F/Trailer Cable Plug",VMRS_HB_COMPLETE_v20 page 6_pages_76-100.md
055-012-050,,055,012,"Ratchet - Winch Bar002-004-101Receptacle - Holler058-003-005Ratchet Brake Assembly034-003-062Receptacle - Single Pole, 150 Amp, Trailer016-005-238Ratchet Coupling Assembly - Torsion Bar, RearSuspension078-017-033Receptacle - Two Pole, 200 Amp055-031-004Ratchet Strap - Transport Grade051-005-010Receptacle - Vehicle Data Recorder022-005-043Ratio Converter - 2-speed034-003-032Receptacle (With Pins) - Trailer Wiring053-007-076Razor Blade034-003-032Receptacle, (With Circuit Breaker) - Trailers027-014-000Reaction Carrier & Low Sprag Assembly - Front034-003-044Receptacle, 6 Pin Female Connector, Trailer043-007-148Reactor - DecompositionWiring151-001-068Reader - Fault, APU052-011-009056-008-042Reader - Fault, APU052-011-009Receptacle, AC - Power Inverter053-006-098Reamer - Bushing002-027-319Recliner - Seat Back071-026-050Rear Assembly051-005-000Recreational Vehicle027-031-000Rear Bearing Retainer Or Case Extension177-001-000Recreational Vehicle022-066-000Rear Body Panels and Reinforcements031-001-056Rectifier - Alternator013-002-000Rear Brakes & Drums013-012-020Rectifier - Electric Brakes002-022-000Rear Door Mechanism046-002-002Rectifier - Electric Omechanical Controls | 055-012-025 | Ratchet - Webbing | | Storage",VMRS_HB_COMPLETE_v20 page 6_pages_76-100.md
058-003-005,,058,003,"Hatchet Brake Assembly034-003-062Heceptacle - Single Pole, 150 Amp, Irailer016-005-238Ratchet Coupling Assembly - Torsion Bar, RearSuspension078-017-033Receptacle - Two Pole, 200 Amp055-031-004Ratchet Strap - Transport Grade051-005-010Receptacle - Vehicle Data Recorder022-005-043Ratio Converter - 2-speed034-003-034Receptacle (With Pins) - Trailer Wiring053-007-076Razor Blade034-003-032Receptacle, (With Circuit Breaker) - Trailer S027-014-000Reaction Carrier & Low Sprag Assembly - Front034-003-044Receptacle, 6 Pin Female Connector, Trailer043-007-148Reactor - DecompositionWiringNingNing151-001-068Reader - Fault, APU052-011-009Receptacle, AC - Power Inverter036-008-042Reader - Hard Drive, Surveillance System052-011-010Receptacle, DC - Power Inverter053-006-098Reamer - Bushing002-027-319Recliner - Seat Back071-026-050Rear Assembly051-005-000Recorder - Fuel & Mileage027-031-000Rear Barking Retainer Or Case Extension177-000-000Recreational VehicleAssembly177-001-000Recreational Vehicle Assembly002-066-000Rear Body Panels and Reinforcements031-001-056Rectifier - Alternator013-002-000Rear Brakes & Drums013-012-020Rectifier - Electric Brakes002-022-000Rear Door Mechanism046-002-002Rectifier - Electric Mechanical Controls | 055-012-050 | Ratchet - Winch Bar | 002-004-101 | Receptacle - Roller",VMRS_HB_COMPLETE_v20 page 6_pages_76-100.md
016-005-238,,016,005,"Ratchet Coupling Assembly - Torsion Bar, HearSuspension078-017-033002-004-069Receptacle - Wo Pole, 200 AmpReceptacle - Upper055-031-004Ratchet Strap - Transport Grade051-005-010Receptacle - Vehicle Data Recorder022-005-043Ratio Converter - 2-speed034-003-034Receptacle (With Pins) - Trailer Wiring053-007-076Razor Blade034-003-032Receptacle, (With Circuit Breaker) - Trailer027-014-000Reactor - Decomposition052-011-009Receptacle, 6 Pin Female Connector, Trailer036-008-042Reader - Fault, APU052-011-010Receptacle, AC - Power Inverter053-006-098Reamer - Bushing002-027-319Recliner - Seat Back071-026-050Rear Assembly051-005-000Recretacinal Vehicle027-031-000Rear Bearing Retainer Or Case Extension177-000-000Recreational Vehicle027-031-000Rear Bearing Retainer Or Case Extension177-001-000Recreational Vehicle022-066-000Rear Body Panels and Reinforcements031-001-056Rectifier - Alternator013-002-000Rear Brakes & Drums013-012-020Rectifier - Electric Brakes002-022-000Rear Door Mechanism046-002-002Rectifier - Electro-Mechanical Controls | 058-003-005 | Ratchet Brake Assembly | 034-003-062 | Receptacle - Single Pole, 150 Amp, Trailer",VMRS_HB_COMPLETE_v20 page 6_pages_76-100.md
055-031-004,,055,031,"SuspensionSuspensionSuspensionRatchet Strap - Transport Grade051-005-010Receptacle - Vehicle Data Recorder022-005-043Ratio Converter - 2-speed034-003-034Receptacle - Vehicle Data Recorder053-007-076Razor Blade034-003-032Receptacle, (With Circuit Breaker) - Trailer Wiring027-014-000Reaction Carrier & Low Sprag Assembly - Front034-003-044Receptacle, 6 Pin Female Connector, Trailer043-007-148Reactor - DecompositionWiring151-001-068Reader - Fault, APU052-011-009Receptacle, AC - Power Inverter036-008-042Reader - Hard Drive, Surveillance System052-011-010Receptacle, DC - Power Inverter053-006-098Reamer - Bushing002-027-319Recliner - Seat Back071-026-050Rear Assembly051-005-000Recreational Vehicle027-031-000Rear Bearing Retainer Or Case Extension177-000-000Recreational Vehicle027-031-000Rear Bearing Retainer Or Case Extension177-001-000Recreational Vehicle022-066-000Rear Body Panels and Reinforcements031-001-056Rectifier - Alternator013-002-000Rear Brakes & Drums013-012-020Rectifier - Electric Brakes002-022-000Rear Door Mechanism046-002-002Rectifier - Electro-Mechanical Controls | 016-005-238 | Ratchet Coupling Assembly - Torsion Bar, Rear | 0/8-017-033 | Receptacle - Two Pole, 200 Amp",VMRS_HB_COMPLETE_v20 page 6_pages_76-100.md
053-007-076,,053,007,"ODE of the content of poorNation Chinesis (With Circuit Breaker) - TrailersRazor Blade034-003-032027-014-000Reaction Carrier & Low Sprag Assembly - Front034-003-044043-007-148Reactor - DecompositionReceptacle, 6 Pin Female Connector, Trailers053-007-076Razor Blade052-011-009053-007-08Reader - Fault, APU052-011-010053-006-098Reamer - Bushing002-027-319071-026-050Rear Assembly051-005-000071-026-050Rear Bearing Retainer Or Case Extension177-000-000071-026-050Rear Bearing Retainer Or Case Extension177-001-000022-066-000Rear Body Panels and Reinforcements031-001-056013-002-000Rear Brakes & Drums013-012-020002-022-000Rear Door Mechanism046-002-002002-022-000Rear Door Mechanism046-002-002 | 022-005-043 | Ratio Converter - 2-speed | 034-003-034 | Recentacle (With Pins) - Trailer Wiring",VMRS_HB_COMPLETE_v20 page 6_pages_76-100.md
027-014-000,,027,014,"Reaction Carrier & Low Sprag Assembly - Front034-003-044Receptacle, 6 Pin Female Connector, TrailerWiring027-014-000Reader - Fault, APU052-011-009Receptacle, AC - Power Inverter036-008-042Reader - Hard Drive, Surveillance System052-011-010Receptacle, DC - Power Inverter053-006-098Reamer - Bushing002-027-319Recliner - Seat Back071-026-050Rear Assembly051-005-000Recorder - Fuel & Mileage027-031-000Rear Bearing Retainer Or Case Extension177-000-000Recreational Vehicle0202-066-000Rear Body Panels and Reinforcements031-001-056Rectifier - Alternator013-002-000Rear Brakes & Drums013-012-020Rectifier - Electric Brakes002-022-000Rear Door Mechanism046-002-002Rectifier - Electro-Mechanical Controls | 053-007-076 | Razor Blade | 034-003-032 | Receptacle (With Circuit Breaker) - Trailers",VMRS_HB_COMPLETE_v20 page 6_pages_76-100.md
043-007-148,,043,007,"Reactor - DecompositionWiring151-001-068Reader - Fault, APU052-011-009Receptacle, AC - Power Inverter036-008-042Reader - Hard Drive, Surveillance System052-011-010Receptacle, DC - Power Inverter053-006-098Reamer - Bushing002-027-319Recliner - Seat Back071-026-050Rear Assembly051-005-000Recorder - Fuel & Mileage027-031-000Rear Bearing Retainer Or Case Extension177-000-000Recreational VehicleAssembly177-001-000Recreational Vehicle002-066-000Rear Body Panels and Reinforcements031-001-056Rectifier - Alternator013-002-000Rear Brakes & Drums013-012-020Rectifier - Electric Brakes002-022-000Rear Door Mechanism046-002-002Rectifier - Electro-Mechanical Controls | 027-014-000 | Reaction Carrier & Low Sprag Assembly - Front | 034-003-044 | Receptacle, 6 Pin Female Connector, Trailer",VMRS_HB_COMPLETE_v20 page 6_pages_76-100.md
151-001-068,,151,001,"Reader - Fault, APU052-011-009Receptacle, AC - Power Inverter036-008-042Reader - Hard Drive, Surveillance System052-011-010Receptacle, DC - Power Inverter053-006-098Rearner - Bushing002-027-319Recliner - Seat Back071-026-050Rear Assembly051-005-000Recorder - Fuel & Mileage027-031-000Rear Bearing Retainer Or Case Extension177-000-000Recreational Vehicle022-066-000Rear Body Panels and Reinforcements031-001-056Rectifier - Alternator013-002-000Rear Brakes & Drums013-012-020Rectifier - Electric Brakes002-022-000Rear Door Mechanism046-002-002Rectifier - Electro-Mechanical Controls | 043-007-148 | Reactor - Decomposition | | Wiring",VMRS_HB_COMPLETE_v20 page 6_pages_76-100.md
036-008-042,,036,008,"Reader - Hard Drive, Surveillance System052-011-010Receptacle, DC - Power Inverter053-006-098Reamer - Bushing002-027-319Recliner - Seat Back071-026-050Rear Assembly051-005-000Recorder - Fuel & Mileage027-031-000Rear Bearing Retainer Or Case Extension177-000-000Recreational VehicleAssembly177-001-000Recreational Vehicle Assembly002-066-000Rear Body Panels and Reinforcements031-001-056Rectifier - Alternator013-002-000Rear Brakes & Drums013-012-020Rectifier - Electric Brakes002-022-000Rear Door Mechanism046-002-002Rectifier - Electro-Mechanical Controls | 151-001-068 | Reader - Fault, APU | 052-011-009 | Receptacle, AC - Power Inverter",VMRS_HB_COMPLETE_v20 page 6_pages_76-100.md
053-006-098,,053,006,"Reamer - Bushing002-027-319Recliner - Seat Back071-026-050Rear Assembly051-005-000Recorder - Fuel & Mileage027-031-000Rear Bearing Retainer Or Case ExtensionAssembly177-000-000Recreational Vehicle002-066-000Rear Body Panels and Reinforcements031-001-056Rectifier - Alternator013-002-000Rear Brakes & Drums013-012-020Rectifier - Electric Brakes002-022-000Rear Door Mechanism046-002-002Rectifier - Electro-Mechanical Controls | 036-008-042 | Reader - Hard Drive, Surveillance System | 052-011-010 | Receptacle, DC - Power Inverter",VMRS_HB_COMPLETE_v20 page 6_pages_76-100.md
071-026-050,,071,026,Rear Assembly051-005-000Recorder - Fuel & Mileage027-031-000Rear Bearing Retainer Or Case ExtensionAssembly177-000-000Recreational Vehicle002-066-000Rear Body Panels and Reinforcements031-001-056Recritier - Alternator013-002-000Rear Brakes & Drums013-012-020Rectifier - Electric Brakes002-022-000Rear Door Mechanism046-002-002Rectifier - Electro-Mechanical Controls | 053-006-098 | Reamer - Bushing | 002-027-319 | Recliner - Seat Back,VMRS_HB_COMPLETE_v20 page 6_pages_76-100.md
177-000-000,,177,000,U27-031-000Rear Bearing Hetainer Or Case ExtensionAssembly177-001-000Recreational VehicleRecreational Vehicle Assembly002-066-000Rear Body Panels and Reinforcements031-001-056Rectifier - Alternator013-002-000Rear Brakes & Drums013-012-020Rectifier - Electric Brakes002-022-000Rear Door Mechanism046-002-002Rectifier - Electro-Mechanical Controls | 071-026-050 | Rear Assembly | 051-005-000 | Recorder - Fuel & Mileage,VMRS_HB_COMPLETE_v20 page 6_pages_76-100.md
002-066-000,,002,066,Assembly1/7-001-000Hecreational Venicle AssemblyRear Body Panels and Reinforcements031-001-056Rectifier - Alternator013-002-000Rear Brakes & Drums013-012-020Rectifier - Electric Brakes002-022-000Rear Door Mechanism046-002-002Rectifier - Electro-Mechanical Controls | 027-031-000 | Hear Bearing Retainer Or Case Extension | 177-000-000 | Recreational Vehicle,VMRS_HB_COMPLETE_v20 page 6_pages_76-100.md
013-002-000,,013,002,OU2-000-000Rear Brakes & DrumsOU3-001-050Rectifier - AlternatorRear Brakes & Drums013-012-020Rectifier - Electric Brakes002-022-000Rear Door Mechanism046-002-002Rectifier - Electro-Mechanical Controls | 002.066.000 | AssemblyDear Body Danole and Deinforcemente | 031-001-000 | Recreational Venicle Assembly,VMRS_HB_COMPLETE_v20 page 6_pages_76-100.md
002-022-000,,002,022,Rear Door Mechanism 046-002-002 Rectifier - Electro-Mechanical Controls | 013-002-000 | Rear Brakes & Drums | 013-012-020 | Rectifier - Electric Brakes,VMRS_HB_COMPLETE_v20 page 6_pages_76-100.md
016-008-040,,016,008,Rectifier - Kneel System | 026-011-055 | Regulator - Air,VMRS_HB_COMPLETE_v20 page 6_pages_76-100.md
001-001-121,,001,001,"Rectifier - Selenium | 174-017-040 | Regulator - Air Compressor, School Bus Stop",VMRS_HB_COMPLETE_v20 page 6_pages_76-100.md
046-004-009,,046,004,"Rectifier Assembly - Five Rectifiers, Solid State | | Arm Assembly",VMRS_HB_COMPLETE_v20 page 6_pages_76-100.md
026-015-014,,026,015,"0.40,004,000 | Controls | | Regulator - Air Filter, Automated Transmission",VMRS_HB_COMPLETE_v20 page 6_pages_76-100.md
046-004-008,,046,004,"Rectifier Assembly - Four Rectifiers, Solid State | 053-008-017 | Regulator - Air Hose",VMRS_HB_COMPLETE_v20 page 6_pages_76-100.md
046-004-005,,046,004,"ControlsRectifier Assembly - Single Rectifier, Solid State | 094-006-039 | Regulator - Air Pressure, Caliper, Brake Hose",VMRS_HB_COMPLETE_v20 page 6_pages_76-100.md
040-004-005,,040,004,"Controls | 091-004-008 | Regulator - Air Pressure, Vibrator System",VMRS_HB_COMPLETE_v20 page 6_pages_76-100.md
046-004-007,,046,004,"Rectifier Assembly - Three Rectifiers Solid State | 056-001-086 | Regulator - Air Shifter, PTO",VMRS_HB_COMPLETE_v20 page 6_pages_76-100.md
291-003-014,,291,003,0.0000000 | Controls | | Regulator - Air. Air Eliminator Vessel,VMRS_HB_COMPLETE_v20 page 6_pages_76-100.md
046-004-006,,046,004,"Rectifier Assembly - Two Rectifiers, Solid State | 016-014-044 | Regulator - Air, Axle Lift",VMRS_HB_COMPLETE_v20 page 6_pages_76-100.md
174-010-033,,174,010,"Controls | | Regulator - Air, Folding Entrance Door",VMRS_HB_COMPLETE_v20 page 6_pages_76-100.md
053-004-006,,053,004,"Red Flags | 174-011-044 | Regulator - Air, Outward Opening Entrance Door",VMRS_HB_COMPLETE_v20 page 6_pages_76-100.md
053-007-127,,053,007,"Reducer | 174-025-021 | Regulator - Air, School Bus Crossing Gate",VMRS_HB_COMPLETE_v20 page 6_pages_76-100.md
042-004-020,,042,004,"Reducer - Water Pump Hose | 174-014-025 | Regulator - Air, Wheelchair Lift",VMRS_HB_COMPLETE_v20 page 6_pages_76-100.md
043-003-022,,043,003,Reducer - Exhaust PipeReducer - Hose Air Intake | 365-009-049 | Regulator - Central Tire Initation SystemRegulator - Cleaner Tank,VMRS_HB_COMPLETE_v20 page 6_pages_76-100.md
365-007-013,,365,007,Reducer - Hot Water Pump | 055-021-015 | Regulator - Control System,VMRS_HB_COMPLETE_v20 page 6_pages_76-100.md
053-998-008,,053,998,Reducer - Paint | 053-006-263 | Regulator - Crimp Machine,VMRS_HB_COMPLETE_v20 page 6_pages_76-100.md
365-001-020,,365,001,Reducer - Paint Heater | 045-021-109 | Regulator - Electronic Vacuum,VMRS_HB_COMPLETE_v20 page 6_pages_76-100.md
024-002-068,,024,002,"Reducer - Pilot | 098-013-013 | Regulator - Emergency Valve, Bulk Product",VMRS_HB_COMPLETE_v20 page 6_pages_76-100.md
094-011-017,,094,011,"Reducer - Quick Disconnect, Male Npt, Groove | | Transfer",VMRS_HB_COMPLETE_v20 page 6_pages_76-100.md
052-011-020,,052,011,"End | | Regulator - Exciter, Generator",VMRS_HB_COMPLETE_v20 page 6_pages_76-100.md
055-006-011,,055,006,Reducer - Speed | 043-001-095 | Regulator - Exhaust Pressure,VMRS_HB_COMPLETE_v20 page 6_pages_76-100.md
054-001-016,,054,001,Reed - Air Horn | 081-005-005 | Regulator - Fuel Flow,VMRS_HB_COMPLETE_v20 page 6_pages_76-100.md
294-001-024,,294,001,"Reed - All Release, Fuel Meler | 044-003-200 | Regulator - Fuel Pressure",VMRS_HB_COMPLETE_v20 page 6_pages_76-100.md
082-004-059,,082,004,Reed Valve - Discharge | 044-004-030 | Regulator - Fuel Gaseous,VMRS_HB_COMPLETE_v20 page 6_pages_76-100.md
082-002-051,,082,002,Reed Valve - Suction | 031-002-009 | Regulator - Full Transistor Voltage,VMRS_HB_COMPLETE_v20 page 6_pages_76-100.md
065-007-010,,065,007,"Reel - Hose | 143-002-000 | Regulator - High Pressure, CNG",VMRS_HB_COMPLETE_v20 page 6_pages_76-100.md
055-010-039,,055,010,"Reel - Hydraulic Lines | 143-003-000 | Regulator - Low Pressure, CNG",VMRS_HB_COMPLETE_v20 page 6_pages_76-100.md
068-001-100,,068,001,"Reel - Power, Boom | 141-001-020 | Regulator - Low Pressure, Hydrogen Fuel Cell",VMRS_HB_COMPLETE_v20 page 6_pages_76-100.md
053-006-219,,053,006,Reel - Shop Hose | 045-017-012 | Regulator - Oil Level,VMRS_HB_COMPLETE_v20 page 6_pages_76-100.md
068-001-082,,068,001,"Reel - Spindle Bar, Boom | 082-002-039 | Regulator - Oil Pressure, Compressor Assembly,",VMRS_HB_COMPLETE_v20 page 6_pages_76-100.md
094-006-001,,094,006,Reel Assembly - Line | 092 004 074 | Mechanical Refrigeration Unit,VMRS_HB_COMPLETE_v20 page 6_pages_76-100.md
053-006-227,,053,006,Reel Assembly - Shop Lubrication Equipment | 002-004-074 | Open Type Mechanical Refrigeration Unit,VMRS_HB_COMPLETE_v20 page 6_pages_76-100.md
094-006-011,,094,006,Reel Drum & Plates | 082-002-056 | Begulator - Oil Pump,VMRS_HB_COMPLETE_v20 page 6_pages_76-100.md
002-065-016,,002,065,"Refill - Blade, Headlamp | 045-012-000 | Regulator - Oil Temperature",VMRS_HB_COMPLETE_v20 page 6_pages_76-100.md
002-035-029,,002,035,Refill - Wiper Blade Assembly | 002-024-065 | Regulator - Power Sliding Rear Window,VMRS_HB_COMPLETE_v20 page 6_pages_76-100.md
034-004-433,,034,004,"Reflector | 043-001-109 | Regulator - Pressure Control, EGR Valve",VMRS_HB_COMPLETE_v20 page 6_pages_76-100.md
071-028-007,,071,028,"Reflector - Amber, Glass Rack | 034-003-123 | Regulator - Retractable Stop Arm, Side Mount",VMRS_HB_COMPLETE_v20 page 6_pages_76-100.md
053-004-035,,053,004,"Reflector - Amber, Side | 174-017-049 | Regulator - School Bus Stop Arm Assembly",VMRS_HB_COMPLETE_v20 page 6_pages_76-100.md
002-017-056,,002,017,"Reflector - DoorDeflector - Eagl. amp | 001-001-451 | Regulator - Temperature Control, HVAC",VMRS_HB_COMPLETE_v20 page 6_pages_76-100.md
034-001-186,,034,001,Reflector - Headlamp | 001-001-200 | Regulator - Ventilator,VMRS_HB_COMPLETE_v20 page 6_pages_76-100.md
034-006-020,,034,006,Reflector - Light Bar | 031-002-001 | Regulator - Veltage,VMRS_HB_COMPLETE_v20 page 6_pages_76-100.md
071-028-017,,071,028,"Reflector - Red. Glass Rack | 151-001-015 | Regulator - Voltage, APU",VMRS_HB_COMPLETE_v20 page 6_pages_76-100.md
053-004-037,,053,004,"Reflector - Red, Rear | 001-003-101 | Regulator - Voltage, Power Pack, Self-Powered",VMRS_HB_COMPLETE_v20 page 6_pages_76-100.md
053-004-036,,053,004,"Reflector - Red, Side | 031-002-004 | Regulator - Voltage, Transistorized",VMRS_HB_COMPLETE_v20 page 6_pages_76-100.md
053-004-092,,053,004,"Reflector - Silver | 002-020-004 | Regulator - Window, Side Door",VMRS_HB_COMPLETE_v20 page 6_pages_76-100.md
053-004-005,,053,004,"Reflector Devices | 044-010-023 | Regulator Assembly - Primary, Propane / Natural",VMRS_HB_COMPLETE_v20 page 6_pages_76-100.md
034-001-129,,034,001,Reflector/Bracket - Spot Lamp | 044 010 001 | Gas,VMRS_HB_COMPLETE_v20 page 6_pages_76-100.md
053-000-100,,053,000,Refractometer | 174-025-020 | Regulator Assembly - Propane / Natural Gas,VMRS_HB_COMPLETE_v20 page 6_pages_76-100.md
082-031-000,,082,031,Refrigerant Lines Hoses | 044-010-024 | Regulator Assembly - School Bus Crossing GateRegulator Assembly - Secondary Propane /,VMRS_HB_COMPLETE_v20 page 6_pages_76-100.md
082-016-001,,082,016,"Refrigeration Unit Assembly - Complete, (MRU) | 011 010 021 | Natural Gas",VMRS_HB_COMPLETE_v20 page 6_pages_76-100.md
083-012-001,,083,012,"Refrigeration Unit Assembly - Complete, | 002-018-011 | Regulator Assembly - Window, Cab Or Front",VMRS_HB_COMPLETE_v20 page 6_pages_76-100.md
082-016-000,,082,016,"Refrigeration Unit Assembly - Mechanical (MRU) | 002-018-225 | Regulator Assembly - Window, Cab or Front",VMRS_HB_COMPLETE_v20 page 6_pages_76-100.md
083-012-000,,083,012,"Refrigeration Unit Assembly - Nitrogen | | Door, Power",VMRS_HB_COMPLETE_v20 page 6_pages_76-100.md
052-008-000,,052,008,Refrigerator | 053-014-025 | Regulator Kit - Aqueous Parts Washer,VMRS_HB_COMPLETE_v20 page 6_pages_76-100.md
052-008-001,,052,008,Heirigerator - Assembly | 013-010-018 | Regulator Or Governor - Air,VMRS_HB_COMPLETE_v20 page 6_pages_76-100.md
201-001-006,,201,001,"neyisleiRegister - Electronic, Eucl Mater | 000-020-000 | negulator Valve - Detent Automatic",VMRS_HB_COMPLETE_v20 page 6_pages_76-100.md
001-001-348,,001,001,Register - Evenoritor | 021-024-010 | Transmission,VMRS_HB_COMPLETE_v20 page 6_pages_76-100.md
053-006-150,,053,006,"Register - Meter, Fuel Tank | 043-005-047 | Regulator Valve - Pressure",VMRS_HB_COMPLETE_v20 page 6_pages_76-100.md
078-005-004,,078,005,Register W/Zeroing Device - Meter | 055-010-097 | Regulator Valve Assembly - Hydraulic System,VMRS_HB_COMPLETE_v20 page 6_pages_76-100.md
013-009-114,,013,009,"Regulating Valve - 3 Way, Air Compressor | 065-026-001 | Regulator Valve Assembly - Hydraulic System",VMRS_HB_COMPLETE_v20 page 6_pages_76-100.md
031-002-000,,031,002,Regulator | 002-036-086 | Reinforcement,VMRS_HB_COMPLETE_v20 page 6_pages_76-100.md
043-004-056,,043,004,"Regulator - Air Pressure, Turbocharger | 002-015-032 | Reinforcement - A-Post",VMRS_HB_COMPLETE_v20 page 6_pages_76-100.md
004-009-005,,004,009,"Reinforcement - Air Deflector, Cab Front | 174-015-018 | Reinforcement - Roof Emergency Escape Hatch",VMRS_HB_COMPLETE_v20 page 6_pages_76-100.md
052-003-027,,052,003,"Reinforcement - Antenna, Radio/CB | 002-006-102 | Reinforcement - Roof Rail",VMRS_HB_COMPLETE_v20 page 6_pages_76-100.md
014-001-099,,014,001,"Reinforcement - Apron, Fender | 002-050-733 | Reinforcement - Roof Trim, Upper",VMRS_HB_COMPLETE_v20 page 6_pages_76-100.md
002-040-049,,002,040,"Reinforcement - Assist Handle, Cab Entry | 174-001-120 | Reinforcement - Roof Bus Body",VMRS_HB_COMPLETE_v20 page 6_pages_76-100.md
002-010-091,,002,010,"Reinforcement - Auxiliary Mirror | 002-006-041 | Reinforcement - Roof, Cab",VMRS_HB_COMPLETE_v20 page 6_pages_76-100.md
071-002-037,,071,002,Reinforcement - Body | 002-003-010 | Reinforcement - Running Board,VMRS_HB_COMPLETE_v20 page 6_pages_76-100.md
014-002-021,,014,002,Beinforcement - Bumper | 002-011-133 | Reinforcement - Seat Belt,VMRS_HB_COMPLETE_v20 page 6_pages_76-100.md
059-006-011,,059,006,Beinforcement - Bumper Front Tow Pin | 002-012-030 | Reinforcement - Seat Mounting,VMRS_HB_COMPLETE_v20 page 6_pages_76-100.md
174-001-200,,174,001,Peinforcement - Bue Body | 002-012-009 | Poinforcement - Seat Mounting,VMRS_HB_COMPLETE_v20 page 6_pages_76-100.md
002-012-054,,002,012,Reinforcement - Dus Douy | 014 001 005 | Deinforcement Side Member Frame,VMRS_HB_COMPLETE_v20 page 6_pages_76-100.md
014-004-042,,014,004,Reinforcement - Cab Mount | 014-001-095 | Reinforcement Side Danal,VMRS_HB_COMPLETE_v20 page 6_pages_76-100.md
002-030-003,,002,030,"Reinforcement Chappel | 002-050-249 | Reiniorcement - Side Wall, Opper",VMRS_HB_COMPLETE_v20 page 6_pages_76-100.md
071-003-052,,071,003,"Reinforcement - Channel | 002-050-581 | Reinforcement - Side Window, Sleeper",VMRS_HB_COMPLETE_v20 page 6_pages_76-100.md
004-005-015,,004,005,"Reinforcement - Chassis Fairing | 002-050-252 | Reinforcement - Side, Door Jamb",VMRS_HB_COMPLETE_v20 page 6_pages_76-100.md
016-001-042,,016,001,"Reinforcement - Control Arm | 002-059-010 | Reinforcement - Sili, Floor Pan, Pickup Box",VMRS_HB_COMPLETE_v20 page 6_pages_76-100.md
072-007-028,,072,007,"Reinforcement - Corner, Reefer Door | 002-050-062 | Reinforcement - Skin, Front",VMRS_HB_COMPLETE_v20 page 6_pages_76-100.md
014-002-091,,014,002,"Reinforcement - Cover, Front Bumper | 002-050-088 | Reinforcement - Skin, Rear",VMRS_HB_COMPLETE_v20 page 6_pages_76-100.md
014-002-107,,014,002,"Reinforcement - Cover, Rear Bumper | 002-050-064 | Reinforcement - Skin, Side",VMRS_HB_COMPLETE_v20 page 6_pages_76-100.md
014-001-049,,014,001,"Reinforcement - Cross Member, Forward Frame | 002-040-058 | Reinforcement - Skirting, Stepwell",VMRS_HB_COMPLETE_v20 page 6_pages_76-100.md
014-001-055,,014,001,"Reinforcement - Cross Member, Inner/Outer | 077-008-018 | Reinforcement - Slider Rail",VMRS_HB_COMPLETE_v20 page 6_pages_76-100.md
014-001-089,,014,001,"Reinforcement - Cross Member, Rear | 016-009-034 | Reinforcement - Spring Hanger Bracket",VMRS_HB_COMPLETE_v20 page 6_pages_76-100.md
043-006-086,,043,006,"Suspension | | Reinforcement - Step, Exhaust Aftertreatment",VMRS_HB_COMPLETE_v20 page 6_pages_76-100.md
002-042-008,,002,042,Reinforcement - Deck Plate | | Device,VMRS_HB_COMPLETE_v20 page 6_pages_76-100.md
002-018-155,,002,018,"Reinforcement - Door Check | 002-050-596 | Reinforcement - Storage, Sleeper Roof",VMRS_HB_COMPLETE_v20 page 6_pages_76-100.md
002-050-564,,002,050,"Reinforcement - Door Check, Sleeper | 002-018-177 | Reinforcement - Striker Plate, Front Door",VMRS_HB_COMPLETE_v20 page 6_pages_76-100.md
002-023-071,,002,023,"Reinforcement - Door Handle, Inner | 002-047-015 | Reinforcement - Strut, Sleeper Vent",VMRS_HB_COMPLETE_v20 page 6_pages_76-100.md
002-023-078,,002,023,"Reinforcement - Door Handle, Outer | 002-009-007 | Reinforcement - Sun Visor, Exterior",VMRS_HB_COMPLETE_v20 page 6_pages_76-100.md
002-018-154,,002,018,Reinforcement - Door Hinge | 002-006-132 | Reinforcement - Sunroof,VMRS_HB_COMPLETE_v20 page 6_pages_76-100.md
002-018-210,,002,018,Reinforcement - Door Latch | 016-008-072 | Reinforcement - Trailing Arm,VMRS_HB_COMPLETE_v20 page 6_pages_76-100.md
072-003-031,,072,003,Reinforcement - Door Panel | 002-007-031 | Reinforcement - Uniside,VMRS_HB_COMPLETE_v20 page 6_pages_76-100.md
002-017-015,,002,017,Reinforcement - Door Sill | 002-050-256 | Reinforcement - Upper Rear,VMRS_HB_COMPLETE_v20 page 6_pages_76-100.md
002-012-097,,002,012,Reinforcement - Engine Housing | 002-050-059 | Reinforcement - Walkthru,VMRS_HB_COMPLETE_v20 page 6_pages_76-100.md
002-002-101,,002,002,Reinforcement - Fender | 004-006-014 | Reinforcement Channel - Sleeper Roof Fairing,VMRS_HB_COMPLETE_v20 page 6_pages_76-100.md
002-002-100,,002,002,Reinforcement - Fender Bail | 004-004-048 | Reinforcement Kit - Cab Extender,VMRS_HB_COMPLETE_v20 page 6_pages_76-100.md
002-012-100,,002,012,Beinforcement - Firewall | 002-036-136 | Beinforcements - Cab Hold-Down,VMRS_HB_COMPLETE_v20 page 6_pages_76-100.md
002-012-015,,002,012,Beinforcement - Floor Pan | 014-004-016 | Beinforcements - Cab Hold-Down,VMRS_HB_COMPLETE_v20 page 6_pages_76-100.md
014-001-064,,014,001,Beinforcement - Forward Frame Cross Member | 002-005-002 | Beinforcements - Cowl Panel,VMRS_HB_COMPLETE_v20 page 6_pages_76-100.md
014-001-004,,014,001,Poinforcement - Frame | 014-001-010 | Poinforcements - Frame Side Dail,VMRS_HB_COMPLETE_v20 page 6_pages_76-100.md
002-025-056,,002,025,Reinforcement - Frame Windshield | 002_010_035 | Reinforcements - Mirror Bracket,VMRS_HB_COMPLETE_v20 page 6_pages_76-100.md
002-020-000,,002,020,Poinforcement - Front Wall Uppor | 002-017-005 | Doinforcomente & Supporte,VMRS_HB_COMPLETE_v20 page 6_pages_76-100.md
002-000-200,,002,000,Poinforcement - Coo Spring Lower Punk | 002-017-005 | Deinforcements & Supports,VMRS_HB_COMPLETE_v20 page 6_pages_76-100.md
002-030-022,,002,030,Poinforcement Hanger | 045 009 067 | Poinforcing Plate Valvo Covor,VMRS_HB_COMPLETE_v20 page 6_pages_76-100.md
010-010-002,,010,010,Reiniorcement - Hanger | 040-000-007 | Reinforcing Plate - valve Cover,VMRS_HB_COMPLETE_v20 page 6_pages_76-100.md
002-004-220,,002,004,Remorcement - Headamp Panel | 016 000 004 | Relay,VMRS_HB_COMPLETE_v20 page 6_pages_76-100.md
002-050-723,,002,050,"Reinforcement - Hinge, Compartment Top | 016-022-024 | Relay - Active Suspension",VMRS_HB_COMPLETE_v20 page 6_pages_76-100.md
002-004-181,,002,004,"Reinforcement - Hood Guide/Support | 141-001-034 | Relay - Air Compressor, Hydrogen Fuel Cell",VMRS_HB_COMPLETE_v20 page 6_pages_76-100.md
002-004-269,,002,004,Reinforcement - Hood Latch | 041-001-112 | Relay - Air Intake Heater,VMRS_HB_COMPLETE_v20 page 6_pages_76-100.md
002-004-010,,002,004,"Reinforcement - Hood Panel | 043-001-144 | Relay - Air Pump, Air Injection System",VMRS_HB_COMPLETE_v20 page 6_pages_76-100.md
002-004-270,,002,004,"Reinforcement - Hood, Grille | 052-003-062 | Relay - Antenna, Radio",VMRS_HB_COMPLETE_v20 page 6_pages_76-100.md
071-023-005,,071,023,Reinforcement - Inside | 003-005-009 | Relay - Anti- I heft System,VMRS_HB_COMPLETE_v20 page 6_pages_76-100.md
002-008-004,,002,008,"Reinforcement - Instrument Panel | 013-011-101 | Relay - Antilock Brake ECU, 12 Volt",VMRS_HB_COMPLETE_v20 page 6_pages_76-100.md
002-027-173,,002,027,Reinforcement - Jump Seat | 151-001-012 | Relay - APU,VMRS_HB_COMPLETE_v20 page 6_pages_76-100.md
002-050-574,,002,050,"Reinforcement - Latch, Baggage Door | 013-010-475 | Relay - Automatic Drain Valve",VMRS_HB_COMPLETE_v20 page 6_pages_76-100.md
072-004-013,,072,004,"Reinforcement - Lower Panel, Rear Door | 001-003-031 | Relay - Auxiliary Heater",VMRS_HB_COMPLETE_v20 page 6_pages_76-100.md
002-002-065,,002,002,"Reinforcement - Mud Flap, Front | 032-001-033 | Relay - Battery Isolator",VMRS_HB_COMPLETE_v20 page 6_pages_76-100.md
071-023-006,,071,023,Reinforcement - Outside | 001-001-114 | Relay - Blower Motor,VMRS_HB_COMPLETE_v20 page 6_pages_76-100.md
174-001-177,,174,001,"Reinforcement - Overhead Console Door | 001-002-209 | Relay - Blower Motor, Heater",VMRS_HB_COMPLETE_v20 page 6_pages_76-100.md
002-015-076,,002,015,Reinforcement - Panel | 013-005-035 | Relay - Brake Pedal,VMRS_HB_COMPLETE_v20 page 6_pages_76-100.md
002-059-025,,002,059,"Reinforcement - Panel, Pickup Box | 027-033-098 | Relay - Brake Shift Interlock, Automatic",VMRS_HB_COMPLETE_v20 page 6_pages_76-100.md
042-002-184,,042,002,"Reinforcement - Panel, Radiator Support | | Transmission",VMRS_HB_COMPLETE_v20 page 6_pages_76-100.md
002-050-572,,002,050,"Reinforcement - Panel, Storage, Back Wall | 163-005-012 | Relay - Brush Chipper",VMRS_HB_COMPLETE_v20 page 6_pages_76-100.md
002-007-009,,002,007,Reinforcement - Pillar | 174-024-085 | Relay - Bus Body Electrical System,VMRS_HB_COMPLETE_v20 page 6_pages_76-100.md
002-015-191,,002,015,Reinforcement - Quarter Panel | 174-027-021 | Relay - Bus Entrance Step Heater,VMRS_HB_COMPLETE_v20 page 6_pages_76-100.md
002-001-040,,002,001,Reinforcement - Radiator Grille Screen | 174-026-021 | Relay - Bus Passenger Heater,VMRS_HB_COMPLETE_v20 page 6_pages_76-100.md
052-003-024,,052,003,Reinforcement - Radio Cover | 002-036-144 | Relay - Cab Tilt,VMRS_HB_COMPLETE_v20 page 6_pages_76-100.md
002-012-126,,002,012,"Reinforcement - Rail, Floor, Side | 034-004-040 | Relay - Clearance & Marker Lamps",VMRS_HB_COMPLETE_v20 page 6_pages_76-100.md
059-001-126,,059,001,"Reinforcement - Ramp, Fifth Wheel | 044-011-048 | Relay - Clutch Switch",VMRS_HB_COMPLETE_v20 page 6_pages_76-100.md
002-050-221,,002,050,Reinforcement - Rear | 044-003-288 | Relay - Cold Advance,VMRS_HB_COMPLETE_v20 page 6_pages_76-100.md
002-015-059,,002,015,Reinforcement - Rear Column | 036-001-022 | Relay - Collision Avoidance Svstem,VMRS_HB_COMPLETE_v20 page 6_pages_76-100.md
002-050-259,,002,050,Reinforcement - Rear Corner | 001-001-113 | Relay - Compressor Clutch,VMRS_HB_COMPLETE_v20 page 6_pages_76-100.md
002-031-029,,002,031,"Reinforcement - Rocker Moldina | 001-001-434 | Relay - Condenser Fan, Air Conditioning",VMRS_HB_COMPLETE_v20 page 6_pages_76-100.md
002-012-134,,002,012,Reinforcement - Rocker Panel | 367-005-032 | Relay - Control,VMRS_HB_COMPLETE_v20 page 6_pages_76-100.md
082-012-029,,082,012,Relay - Control Panel | 002-011-087 | Relay - Seat Belt,VMRS_HB_COMPLETE_v20 page 6_pages_76-100.md
002-050-535,,002,050,"Relay - Control Panel, Sleeper | 003-001-053 | Relay - Sensor, Coolant Level",VMRS_HB_COMPLETE_v20 page 6_pages_76-100.md
026-011-029,,026,011,Relay - Control Rod Bell Crank | 053-004-048 | Relay - Siren,VMRS_HB_COMPLETE_v20 page 6_pages_76-100.md
002-060-033,,002,060,Relay - Convertible Top | 015-005-119 | Relay - Solenoid Control,VMRS_HB_COMPLETE_v20 page 6_pages_76-100.md
001-003-170,,001,003,"Relay - Cool, Auxiliary HVAC | 141-001-013 | Relay - Solid State, Hydrogen Fuel Cell",VMRS_HB_COMPLETE_v20 page 6_pages_76-100.md
042-008-012,,042,008,Relay - Coolant Pre-Heater (On Power Plant) | 032-002-015 | Relay - Starter,VMRS_HB_COMPLETE_v20 page 6_pages_76-100.md
044-011-047,,044,011,Relay - Cruise Control | 036-008-038 | Relay - Surveillance System,VMRS_HB_COMPLETE_v20 page 6_pages_76-100.md
043-007-206,,043,007,"Relay - DEF Heater | 168-005-006 | Relay - Switchbox, Mower",VMRS_HB_COMPLETE_v20 page 6_pages_76-100.md
082-011-005,,082,011,Relay - Defrost | 044-007-115 | Relay - Throttle Control,VMRS_HB_COMPLETE_v20 page 6_pages_76-100.md
002-040-032,,002,040,"Relay - Deployable Step | 365-005-005 | Relay - Time Delay, Paint Heater",VMRS_HB_COMPLETE_v20 page 6_pages_76-100.md
003-001-098,,003,001,"Relay - Door Chime | 082-015-004 | Relay - Time Delay, Stop/Start Controller",VMRS_HB_COMPLETE_v20 page 6_pages_76-100.md
024-003-001,,024,003,"Relay - Drive Shaft Retarder | | Assembly, Mechanical Refrigeration Unit",VMRS_HB_COMPLETE_v20 page 6_pages_76-100.md
044-005-068,,044,005,"Relay - Early Fuel Evaporator System | 082-019-013 | Relay - Time Delay, Thermostat Controller,",VMRS_HB_COMPLETE_v20 page 6_pages_76-100.md
045-021-033,,045,021,Relay - ECM | | Mechanical Refrigeration Unit,VMRS_HB_COMPLETE_v20 page 6_pages_76-100.md
027-033-068,,027,033,"Relay - ECU | 051-008-032 | Relay - Timed, GPS",VMRS_HB_COMPLETE_v20 page 6_pages_76-100.md
042-003-138,,042,003,"Relay - Electric Fan, Radiator | 367-009-011 | Relay - Timer, Water System",VMRS_HB_COMPLETE_v20 page 6_pages_76-100.md
013-010-260,,013,010,Relay - Electrical | 034-003-144 | Relay - Turn Signal Buzzer,VMRS_HB_COMPLETE_v20 page 6_pages_76-100.md
013-011-066,,013,011,"Relay - Electrical, Antilock | 001-003-169 | Relay - Voltage Regulator, Auxiliary HVAC",VMRS_HB_COMPLETE_v20 page 6_pages_76-100.md
044-014-024,,044,014,Relay - Electronic Drive Unit | 174-032-038 | Relay - Wheelchair Ramp Mechanism,VMRS_HB_COMPLETE_v20 page 6_pages_76-100.md
174-013-040,,174,013,"Relay - Emergency Exit Door, Rear & Side | 044-005-076 | Relay - Wide Open Throttle",VMRS_HB_COMPLETE_v20 page 6_pages_76-100.md
013-010-037,,013,010,"Relay - Emergency, Air Brake | 001-001-410 | Relay - Wide Open Throttle Cutoff, Air",VMRS_HB_COMPLETE_v20 page 6_pages_76-100.md
045-018-037,,045,018,"Relay - Enable, Engine Brake | | Conditioning",VMRS_HB_COMPLETE_v20 page 6_pages_76-100.md
032-003-015,,032,003,Relay - Engine Air Heater | 002-018-140 | Relay - Window Regulator,VMRS_HB_COMPLETE_v20 page 6_pages_76-100.md
043-005-066,,043,005,Relay - Exhaust Brake | 002-035-161 | Relay - Windshield Washer Pump,VMRS_HB_COMPLETE_v20 page 6_pages_76-100.md
034-001-161,,034,001,Relay - Fog Lamp | 002-035-133 | Relay - Wiper Motor,VMRS_HB_COMPLETE_v20 page 6_pages_76-100.md
002-018-224,,002,018,Relay - Front Door Power Lock | 082-015-056 | Relay Assembly - Cycle Sentry,VMRS_HB_COMPLETE_v20 page 6_pages_76-100.md
044-003-265,,044,003,Relay - Fuel Pump | 082-019-023 | Relay Assembly - Cycle Sentry,VMRS_HB_COMPLETE_v20 page 6_pages_76-100.md
003-001-155,,003,001,"Relay - Gauge, Fuel Level | 022-006-015 | Relay Assembly - Gear Shift Lever Switch",VMRS_HB_COMPLETE_v20 page 6_pages_76-100.md
037-001-003,,037,001,Relay - General Usage | 054-001-014 | Relay Assembly - Horn,VMRS_HB_COMPLETE_v20 page 6_pages_76-100.md
053-007-104,,053,007,Relay - General Use | 027-038-027 | Relay Assembly - Transmission to Vehicle,VMRS_HB_COMPLETE_v20 page 6_pages_76-100.md
053-017-011,,053,017,Relay - General Use | 013-010-047 | Relay Inversion Valve,VMRS_HB_COMPLETE_v20 page 6_pages_76-100.md
031-001-083,,031,001,Relay - Generator Control | 082-005-004 | Relay Module - Electronic Thermostat,VMRS_HB_COMPLETE_v20 page 6_pages_76-100.md
032-003-018,,032,003,Relay - Glow Plug | 013-010-009 | Relay Valve - Air Brake,VMRS_HB_COMPLETE_v20 page 6_pages_76-100.md
082-006-060,,082,006,"Relay - Ground Fault, Reeter | 029-008-035 | Relay Valve - Air Cylinder, Main Transmission,",VMRS_HB_COMPLETE_v20 page 6_pages_76-100.md
034-001-037,,034,001,Relay - Headlamp | 007 001 045 | Auxiliary Section,VMRS_HB_COMPLETE_v20 page 6_pages_76-100.md
001-004-015,,001,004,"Relay - Heater and A/C, Sleeper | 027-031-045 | Relay valve - Case Housing Extension,",VMRS_HB_COMPLETE_v20 page 6_pages_76-100.md
001-002-005,,001,002,Relay - Realer Delay | 012 010 252 | Automatic Transmission,VMRS_HB_COMPLETE_v20 page 6_pages_76-100.md
033-001-037,,033,001,Relay - Ignilion Switch | 013-010-255 | Relay Valve - Electrical,VMRS_HB_COMPLETE_v20 page 6_pages_76-100.md
044-014-010,,044,014,Polay Inteka Heater Fuel Injection | 012 010 015 | Polay Valve - Hedularip Washer,VMRS_HB_COMPLETE_v20 page 6_pages_76-100.md
367-005-026,,367,005,Relay - Interlock | 016-014-022 | Relay Valve - Lift Modulation,VMRS_HB_COMPLETE_v20 page 6_pages_76-100.md
003-001-050,,003,001,Relay - Interrunt Attachments Electric Driven | 013-011-068 | Relay Valve - Modulator Antilock Brakes,VMRS_HB_COMPLETE_v20 page 6_pages_76-100.md
000-001-003,,000,001,Vahielas | 013-010-045 | Relay Valve - Ratio Type,VMRS_HB_COMPLETE_v20 page 6_pages_76-100.md
034-006-027,,034,006,Belay - Light Bar | 032-004-008 | Belay Valve - Remote Control,VMRS_HB_COMPLETE_v20 page 6_pages_76-100.md
034-004-071,,034,004,Relay - Lighting | 032-004-000 | Belay Valve - Starter,VMRS_HB_COMPLETE_v20 page 6_pages_76-100.md
001-001-467,,001,001,Relay - Low Pressure | 013-011-107 | Relay Valve - Trailer,VMRS_HB_COMPLETE_v20 page 6_pages_76-100.md
174-028-066,,174,028,"Relay - Magnetic Switch, Bus Body A/C System | 013-011-108 | Relay Valve - Truck/Tractor",VMRS_HB_COMPLETE_v20 page 6_pages_76-100.md
048-001-112,,048,001,Relay - Main Hybrid | 013-008-035 | Relay Valve - Vacuum,VMRS_HB_COMPLETE_v20 page 6_pages_76-100.md
078-017-032,,078,017,"Relay - Main, Tarp Boller | 003-001-156 | Relay - Lockout Differential",VMRS_HB_COMPLETE_v20 page 6_pages_76-100.md
001-001-123,,001,001,"Relay - Master | 072-009-006 | Release - Emergency, Power Roll-Up Door",VMRS_HB_COMPLETE_v20 page 6_pages_76-100.md
013-006-027,,013,006,Relay - Master Cylinder | 059-001-150 | Release - Jaw. Fifth Wheel,VMRS_HB_COMPLETE_v20 page 6_pages_76-100.md
002-024-064,,002,024,Relay - Motor - Power Sliding Rear Window | 026-011-195 | Release - Shift Finger,VMRS_HB_COMPLETE_v20 page 6_pages_76-100.md
058-004-019,,058,004,"Relay - Motor, Winch | 002-006-016 | Release Assembly - Hatch",VMRS_HB_COMPLETE_v20 page 6_pages_76-100.md
293-001-010,,293,001,Relay - Oil Shaker Box | 002-004-160 | Release Assembly - Hood,VMRS_HB_COMPLETE_v20 page 6_pages_76-100.md
174-011-049,,174,011,Relay - Outward Opening Entrance Door | 002-050-444 | Release Assembly - Outer,VMRS_HB_COMPLETE_v20 page 6_pages_76-100.md
013-003-102,,013,003,Relay - Parking Brake | 174-011-037 | Release Assembly - Outward Opening Entrance,VMRS_HB_COMPLETE_v20 page 6_pages_76-100.md
026-015-015,,026,015,"Relay - Power Connect, Automated Transmission | | Door",VMRS_HB_COMPLETE_v20 page 6_pages_76-100.md
034-004-446,,034,004,Relay - Power Distribution Module | 174-015-015 | Release Assembly - Roof Emergency Escape,VMRS_HB_COMPLETE_v20 page 6_pages_76-100.md
002-027-310,,002,027,"Relay - Power Seat | | Hatch, Exterior",VMRS_HB_COMPLETE_v20 page 6_pages_76-100.md
082-015-005,,082,015,"Relay - Preheat, Run, Start, Shutdown | 013-010-250 | Release Assembly - Spring Brake",VMRS_HB_COMPLETE_v20 page 6_pages_76-100.md
082-019-012,,082,019,Relay - Preheat/Runs/Start/Shutdown | 078-027-006 | Release Bar,VMRS_HB_COMPLETE_v20 page 6_pages_76-100.md
056-001-158,,056,001,Relay - PTO | 055-012-039 | Release Bar - Captive Beam,VMRS_HB_COMPLETE_v20 page 6_pages_76-100.md
042-003-151,,042,003,Relay - Radiator Fan | 013-016-005 | Release Control - Hydraulic Motor Brake,VMRS_HB_COMPLETE_v20 page 6_pages_76-100.md
053-021-003,,053,021,Relay - Rear Window Defogger | 023-001-125 | Release Kit - Clutch,VMRS_HB_COMPLETE_v20 page 6_pages_76-100.md
034-003-143,,034,003,"Relay - Receptacle Power | 068-006-019 | Release Lever - Cradlestop, Lift Trucks",VMRS_HB_COMPLETE_v20 page 6_pages_76-100.md
031-002-008,,031,002,"Relay - Regulator Field | 068-004-028 | Release Lever - Cradlestop, Unloaders",VMRS_HB_COMPLETE_v20 page 6_pages_76-100.md
078-017-031,,078,017,"Relay - Reversing, Tarp Roller | 059-001-176 | Release Valve - Dash Mounted, Fifth Wheel",VMRS_HB_COMPLETE_v20 page 6_pages_76-100.md
291-003-009,,291,003,"Relay - Safety, Single Function, Air Eliminator | 055-010-213 | Release Valve - Power Unit, Liftgate",VMRS_HB_COMPLETE_v20 page 6_pages_76-100.md
013-010-046,,013,010,"Vessel | | Release Valve - Spring Brake, Power Unit , Dash",VMRS_HB_COMPLETE_v20 page 6_pages_76-100.md
174-025-034,,174,025,"Relay - School Bus Crossing Gate | 013-010-048 | Release Valve - Spring Brake, Tractor-Trailer",VMRS_HB_COMPLETE_v20 page 6_pages_76-100.md
174-017-018,,174,017,"Relay - School Bus Electric Stop Arm Assembly | | Combination, Dash",VMRS_HB_COMPLETE_v20 page 6_pages_76-100.md
168-001-039,,168,001,"Relief Plug - Load Sense Valve, Mower | 026-011-118 | Repair Kit - Slave Valve",VMRS_HB_COMPLETE_v20 page 6_pages_76-100.md
065-002-010,,065,002,"Relief Valve - Accumulator, Hydraulic System | 013-011-019 | Repair Kit - ABS System",VMRS_HB_COMPLETE_v20 page 6_pages_76-100.md
168-003-018,,168,003,"Relief Valve - Brake Valve, Mower | 045-008-114 | Repair Kit - Accessory Drive",VMRS_HB_COMPLETE_v20 page 6_pages_76-100.md
197-002-001,,197,002,"Relief Valve - Chain Conveyor | 043-004-185 | Repair Kit - Actuator, Turbocharger Wastegate",VMRS_HB_COMPLETE_v20 page 6_pages_76-100.md
082-023-016,,082,023,"Relief Valve - High Pressure | 015-002-017 | Repair Kit - Adjuster, Steering Column",VMRS_HB_COMPLETE_v20 page 6_pages_76-100.md
082-008-018,,082,008,Relief Valve - High Pressure Side | 013-014-084 | Repair Kit - Adjusting Screw Assembly,VMRS_HB_COMPLETE_v20 page 6_pages_76-100.md
015-014-008,,015,014,"Relief Valve - Hydraulic Steering | 013-001-084 | Repair Kit - Adjusting Screw Assembly, Front",VMRS_HB_COMPLETE_v20 page 6_pages_76-100.md
059-026-001,,059,026,Relief Valve - Hydraulic System | | Brakes,VMRS_HB_COMPLETE_v20 page 6_pages_76-100.md
065-027-000,,065,027,"Relief Valve - Hydraulic System | 065-004-021 | Repair Kit - Air Bleeder, Cylinder, Hydraulic",VMRS_HB_COMPLETE_v20 page 6_pages_76-100.md
168-001-040,,168,001,"Relief Valve - Load Sense Valve, Mower | | System",VMRS_HB_COMPLETE_v20 page 6_pages_76-100.md
044-010-027,,044,010,Relief Valve - Propane / Natural Gas System | 013-013-020 | Repair Kit - Air Chamber Bracket & Power Screw,VMRS_HB_COMPLETE_v20 page 6_pages_76-100.md
010-010-061,,010,010,"0/1-033-015 | Relief Valve - Tarp System, Walking Floor | | Assembly",VMRS_HB_COMPLETE_v20 page 6_pages_76-100.md
017-009-008,,017,009,Relief valve - The Pressure Initiation and | 012-010-301 | Repair Kit - Air Conversion Valve,VMRS_HB_COMPLETE_v20 page 6_pages_76-100.md
055-010-083,,055,010,Poliof Valvo Adjustor | 013-010-170 | Popair Kit - Air Lino,VMRS_HB_COMPLETE_v20 page 6_pages_76-100.md
055-010-084,,055,010,"Relief Valve Adjuster Seal | 022-005-030 | Repair Kit - Air CineRepair Kit - Air Or Vacuum, Two Speed Hand",VMRS_HB_COMPLETE_v20 page 6_pages_76-100.md
098-012-037,,098,012,Relief Valve Assembly - Hydraulic Pump | 022 000 000 | Control,VMRS_HB_COMPLETE_v20 page 6_pages_76-100.md
065-027-001,,065,027,Relief Valve Assembly - Hydraulic System | 032-004-028 | Repair Kit - Air Starter,VMRS_HB_COMPLETE_v20 page 6_pages_76-100.md
055-010-077,,055,010,"Relief Valve Assembly - Hydraulic System, Lifts | 013-010-079 | Repair Kit - Air Valve, Hand Control",VMRS_HB_COMPLETE_v20 page 6_pages_76-100.md
013-009-077,,013,009,& Attachments | | Repair Kit - Alcohol Vaporizer,VMRS_HB_COMPLETE_v20 page 6_pages_76-100.md
059-026-000,,059,026,"Relief Valve Assembly - Hydraulic System, | 013-012-018 | Repair Kit - Armature",VMRS_HB_COMPLETE_v20 page 6_pages_76-100.md
002-027-261,,002,027,Vehicle Coupling System | | Repair Kit - Armrest,VMRS_HB_COMPLETE_v20 page 6_pages_76-100.md
055-010-078,,055,010,Relief Valve Body | 013-014-083 | Repair Kit - Automatic Adjuster,VMRS_HB_COMPLETE_v20 page 6_pages_76-100.md
055-010-081,,055,010,"Relief Valve Body Seat | 013-001-083 | Repair Kit - Automatic Adjuster, Front Brake",VMRS_HB_COMPLETE_v20 page 6_pages_76-100.md
055-010-085,,055,010,Relief Valve Cover | 016-008-028 | Repair Kit - Axle Connection,VMRS_HB_COMPLETE_v20 page 6_pages_76-100.md
055-010-080,,055,010,Relief Valve Piston | 043-001-195 | Repair Kit - Back Pressure Valve,VMRS_HB_COMPLETE_v20 page 6_pages_76-100.md
055-010-082,,055,010,Relief Valve Spring | 013-012-016 | Repair Kit - Backing Plate,VMRS_HB_COMPLETE_v20 page 6_pages_76-100.md
055-010-079,,055,010,"Relief Valve Stem | 021-001-122 | Repair Kit - Ball Seal, Driven Front Steer Axle",VMRS_HB_COMPLETE_v20 page 6_pages_76-100.md
098-009-000,,098,009,"Relief Vent Valve Assembly - Positive Pressure | 024-001-013 | Repair Kit - Ball Seat, Double Cardan CV",VMRS_HB_COMPLETE_v20 page 6_pages_76-100.md
,099-004,099,004,Actuated (Formerly ) | | Driveshaft,VMRS_HB_COMPLETE_v20 page 6_pages_76-100.md
098-010-000,,098,010,"Relief Vent Valve Assembly - Vacuum Breaker, | 041-003-012 | Repair Kit - Blower",VMRS_HB_COMPLETE_v20 page 6_pages_76-100.md
006-015-055,,006,015,"Negative Pressure (Formerly 099-003) | 016 019 061 | Repair Kit - Blower, Single Stage",VMRS_HB_COMPLETE_v20 page 6_pages_76-100.md
020-010-000,,020,010,"Relocation Kit - mentia Drake | 010-010-001 | Repair Kit - Dracket, Frame, Silder All Ride",VMRS_HB_COMPLETE_v20 page 6_pages_76-100.md
072-002-001,,072,002,Remote - Automatic Door Opener | 013-012-013 | Bonair Kit - Brako Shoo & Lining,VMRS_HB_COMPLETE_v20 page 6_pages_76-100.md
294-001-007,,294,001,Remote - Rase Fuel Meter | 013-001-081 | Repair Kit - Brake Shoe Return Front Brakes,VMRS_HB_COMPLETE_v20 page 6_pages_76-100.md
036-014-011,,036,014,"Remote - Driver Risk Management System | 013-014-081 | Repair Kit - Brake Shoe Return, Tag/Pusher Axle",VMRS_HB_COMPLETE_v20 page 6_pages_76-100.md
055-001-081,,055,001,Remote - Hand Held. Power Liftgate | | Brakes,VMRS_HB_COMPLETE_v20 page 6_pages_76-100.md
003-005-013,,003,005,Remote - Keyless Entry | 016-008-029 | Repair Kit - Bushing & Pins,VMRS_HB_COMPLETE_v20 page 6_pages_76-100.md
058-006-001,,058,006,Remote Assembly | 016-005-065 | Repair Kit - Bushings,VMRS_HB_COMPLETE_v20 page 6_pages_76-100.md
098-012-013,,098,012,"Remote Control - Hydraulic, Quick Release | 098-002-013 | Repair Kit - Butterfly Valve",VMRS_HB_COMPLETE_v20 page 6_pages_76-100.md
013-001-132,,013,001,Shut-Off | | Repair Kit - Caliper,VMRS_HB_COMPLETE_v20 page 6_pages_76-100.md
291-005-014,,291,005,"Remote Control - 3 Button, Hose Reel | 013-013-030 | Repair Kit - Caliper Bushing",VMRS_HB_COMPLETE_v20 page 6_pages_76-100.md
052-023-002,,052,023,"Remote Control - Blu-Ray Player | 013-013-007 | Repair Kit - Caliper, Air Disc Brake",VMRS_HB_COMPLETE_v20 page 6_pages_76-100.md
002-018-005,,002,018,"Remote Control - Cab Or Front Door | 013-001-056 | Repair Kit - Cam Brakes, Front",VMRS_HB_COMPLETE_v20 page 6_pages_76-100.md
052-015-002,,052,015,"Remote Control - DVD Player | 013-002-065 | Repair Kit - Cam Brakes, Rear",VMRS_HB_COMPLETE_v20 page 6_pages_76-100.md
052-011-025,,052,011,"Remote Control - Inverter | 013-014-056 | Repair Kit - Cam Brakes, Tag/Pusher Axle",VMRS_HB_COMPLETE_v20 page 6_pages_76-100.md
063-003-013,,063,003,"Remote Control - Omnivision | 013-001-057 | Repair Kit - Camshaft, Front Brakes",VMRS_HB_COMPLETE_v20 page 6_pages_76-100.md
098-013-021,,098,013,"Remote Control - QUICK Release Shut-Off, Air | 013-017-014 | Repair Kit - Camshaft, Position Not Specified",VMRS_HB_COMPLETE_v20 page 6_pages_76-100.md
052-003-034,,052,003,Pomoto Control - Tolovision | 013-002-000 | Popair Kit - Camshaft Tag/Pushar Aylo Brakos,VMRS_HB_COMPLETE_v20 page 6_pages_76-100.md
002-016-001,,002,016,Pemote Control Assembly - Tailgate | 013-014-037 | Repair Kit - Carburetor,VMRS_HB_COMPLETE_v20 page 6_pages_76-100.md
001-003-152,,001,003,"Remote Start - HVAC Self-Powered | 065-012-015 | Repair Kit - Centrifugal Pump, Hydraulic System",VMRS_HB_COMPLETE_v20 page 6_pages_76-100.md
052-013-002,,052,013,Remote Stat - Intercom | 013-010-090 | Repair Kit - Check Valve Air,VMRS_HB_COMPLETE_v20 page 6_pages_76-100.md
082-026-000,,082,026,"Remote Status Assembly | 013-010-089 | Repair Kit - Check Valve, Air Drier",VMRS_HB_COMPLETE_v20 page 6_pages_76-100.md
462-014-001,,462,014,"Removable Articulating Material Handling Jib | 013-010-271 | Repair Kit - Check Valve, Air Drier",VMRS_HB_COMPLETE_v20 page 6_pages_76-100.md
044-014-011,,044,014,"Assembly | | Repair Kit - Check Valve, High Pressure Oil",VMRS_HB_COMPLETE_v20 page 6_pages_76-100.md
462-014-000,,462,014,Removable Material Handling Jib | | Pump,VMRS_HB_COMPLETE_v20 page 6_pages_76-100.md
053-999-116,,053,999,Remover - Adhesive | 023-001-056 | Repair Kit - Clutch Release,VMRS_HB_COMPLETE_v20 page 6_pages_76-100.md
053-999-099,,053,999,Remover - Bug and Tar | 023-001-049 | Repair Kit - Clutch Slave Cylinder,VMRS_HB_COMPLETE_v20 page 6_pages_76-100.md
053-999-157,,053,999,Remover - Gasket | 044-003-082 | Repair Kit - Cold Start & Smoke Limiter,VMRS_HB_COMPLETE_v20 page 6_pages_76-100.md
053-999-128,,053,999,"Remover - Graffiti | 013-010-110 | Repair Kit - Combination Valve, Parking &",VMRS_HB_COMPLETE_v20 page 6_pages_76-100.md
053-998-033,,053,998,Remover - Paint | | Emergency Release,VMRS_HB_COMPLETE_v20 page 6_pages_76-100.md
053-998-027,,053,998,Remover - Stripe & Decal | 092-002-047 | Repair Kit - Compressor Assembly,VMRS_HB_COMPLETE_v20 page 6_pages_76-100.md
059-001-117,,059,001,Repair - Actuating Valve Kit | 082-004-056 | Repair Kit - Compressor Unloader,VMRS_HB_COMPLETE_v20 page 6_pages_76-100.md
053-998-017,,053,998,"Repair Adriesive - Body Panel | 012 010 496 | Repair Kit - Compressor, Air Conditioning",VMRS_HB_COMPLETE_v20 page 6_pages_76-100.md
050-003-048,,050,003,nepail Ellu - Naulu/ODRenair Kit - Lower Counter Assembly Eitth | 013-010-400 | Repair Kit - Connecting Dod,VMRS_HB_COMPLETE_v20 page 6_pages_76-100.md
009-001-002,,009,001,Wheel | 013-010-120 | Repair Kit - Control Valve,VMRS_HB_COMPLETE_v20 page 6_pages_76-100.md
044-011-015,,044,011,Repair Kit - Potentiometer Assembly Air | 015-006-014 | Repair Kit - Control Valve (Torque Generator),VMRS_HB_COMPLETE_v20 page 6_pages_76-100.md
013-010-122,,013,010,"Cylinder | | Repair Kit - Control Valve, Spring Brake",VMRS_HB_COMPLETE_v20 page 6_pages_76-100.md
013-010-355,,013,010,Repair Kit - Coupler (Gladhand) W/Quick | 015-004-036 | BrakesBenair Kit - Idler Drag Link,VMRS_HB_COMPLETE_v20 page 6_pages_76-100.md
059-005-001,,059,005,Benair Kit - Counter Latch | 013-010-356 | Benair Kit - In-Line Filter Air Brake,VMRS_HB_COMPLETE_v20 page 6_pages_76-100.md
077-005-011,,077,005,Repair Kit - Coupler Latch | 013-010-358 | Repair Kit - Inversion Valve,VMRS_HB_COMPLETE_v20 page 6_pages_76-100.md
045-003-015,,045,003,Repair Kit - Crankshaft Seal & Flange | 065-031-009 | Repair Kit - Jovstick Control,VMRS_HB_COMPLETE_v20 page 6_pages_76-100.md
014-001-104,,014,001,"Repair Kit - Cross Member | 027-033-046 | Repair Kit - Keypad, Pushbutton Shift Selector",VMRS_HB_COMPLETE_v20 page 6_pages_76-100.md
013-001-062,,013,001,Repair Kit - Cvlinder Assembly Or Chamber - | 011-001-010 | Repair Kit - King Pin,VMRS_HB_COMPLETE_v20 page 6_pages_76-100.md
078-026-034,,078,026,Front Wheel | | Repair Kit - Latch Cable,VMRS_HB_COMPLETE_v20 page 6_pages_76-100.md
013-002-145,,013,002,"Repair Kit - Cylinder Assembly Or Chamber, | 016-008-045 | Repair Kit - Leveling Valve",VMRS_HB_COMPLETE_v20 page 6_pages_76-100.md
034-003-183,,034,003,"Rear Brakes | | Repair Kit - Lid, Receptacle",VMRS_HB_COMPLETE_v20 page 6_pages_76-100.md
013-014-062,,013,014,"Repair Kit - Cylinder Assembly Or Chamber, Tag/ | 055-009-016 | Repair Kit - Lift Assembly",VMRS_HB_COMPLETE_v20 page 6_pages_76-100.md
055-016-021,,055,016,Pusher Axle | | Repair Kit - Lift Cylinder,VMRS_HB_COMPLETE_v20 page 6_pages_76-100.md
013-009-028,,013,009,Repair Kit - Cylinder Head | 013-010-152 | Repair Kit - Limiting & Quick Release Valve,VMRS_HB_COMPLETE_v20 page 6_pages_76-100.md
098-013-034,,098,013,"Repair Kit - Cylinder, Air Emergency Valve | 071-011-003 | Repair Kit - Liner",VMRS_HB_COMPLETE_v20 page 6_pages_76-100.md
045-002-020,,045,002,"Repair Kit - Cylinder, Engine | 044-010-018 | Repair Kit - Lockout Valve",VMRS_HB_COMPLETE_v20 page 6_pages_76-100.md
044-003-166,,044,003,"Repair Kit - Delivery Valve, Injection Pump | 098-002-012 | Repair Kit - Lower Stem",VMRS_HB_COMPLETE_v20 page 6_pages_76-100.md
054-001-019,,054,001,"Repair Kit - Diaphragm, Air Horn | 013-012-012 | Repair Kit - Magnet",VMRS_HB_COMPLETE_v20 page 6_pages_76-100.md
022-003-000,,022,003,Repair Kit - Dinerential Bearings | 013-010-171 | Repair Kit - Manifold Doch Valve,VMRS_HB_COMPLETE_v20 page 6_pages_76-100.md
013-002-068,,013,002,"Repair Kit - Disc Brakes, Front | 013-010-401 | Repair Kit - Manual Adjuster",VMRS_HB_COMPLETE_v20 page 6_pages_76-100.md
013-014-058,,013,014,"Repair Kit - Disc Brakes, Tag/Pusher Ayle | 013-001-085 | Repair Kit - Manual Adjuster Front Brakes",VMRS_HB_COMPLETE_v20 page 6_pages_76-100.md
013-010-106,,013,010,Repair Kit - Double Check Valve & Stoplamp | 013-006-011 | Repair Kit - Master Cylinder,VMRS_HB_COMPLETE_v20 page 6_pages_76-100.md
013-010-067,,013,010,Switch | | Repair Kit - Moisture Fiector Air Tank,VMRS_HB_COMPLETE_v20 page 6_pages_76-100.md
013-009-115,,013,009,"Repair Kit - Drain Valve, Air Compressor | 013-010-108 | Repair Kit - Non-Pressure Chamber",VMRS_HB_COMPLETE_v20 page 6_pages_76-100.md
024-002-069,,024,002,"Repair Kit - Drive Shaft | 015-005-053 | Repair Kit - O-Ring, Power Steering Pump",VMRS_HB_COMPLETE_v20 page 6_pages_76-100.md
063-004-007,,063,004,"Repair Kit - DU Keypad, Hard Key | 091-003-037 | Repair Kit - Oil Control Valve, Diverter Valve",VMRS_HB_COMPLETE_v20 page 6_pages_76-100.md
063-004-006,,063,004,"Repair Kit - DU Keypad, Soft Key | 045-009-030 | Repair Kit - Oil Pump",VMRS_HB_COMPLETE_v20 page 6_pages_76-100.md
013-010-173,,013,010,"Repair Kit - Dual Application Valve | 091-003-016 | Repair Kit - Operator, Diverter Valve",VMRS_HB_COMPLETE_v20 page 6_pages_76-100.md
063-004-010,,063,004,Repair Kit - EDU Keypad | 013-003-096 | Repair Kit - Parking Brake,VMRS_HB_COMPLETE_v20 page 6_pages_76-100.md
063-004-009,,063,004,"Repair Kit - EDU Window, Curved | 065-024-010 | Repair Kit - Pilot Valve, Hydraulic System",VMRS_HB_COMPLETE_v20 page 6_pages_76-100.md
063-004-008,,063,004,"Repair Kit - EDU Window, Rectangular | 059-002-002 | Repair Kit - Pintle Hook",VMRS_HB_COMPLETE_v20 page 6_pages_76-100.md
043-001-047,,043,001,"Repair Kit - EGR Valve | 013-013-015 | Repair Kit - Piston Assembly, Air Disc Brake",VMRS_HB_COMPLETE_v20 page 6_pages_76-100.md
044-007-107,,044,007,"Repair Kit - Electronic Infottie | 082-013-014 | Repair Kit - Piston Seal, Inree-Way Valve",VMRS_HB_COMPLETE_v20 page 6_pages_76-100.md
013-010-121,,013,010,Repair Kit - Engine Solenoid Valve | 053-010-020 | Repair Kit - Plastic Tank,VMRS_HB_COMPLETE_v20 page 6_pages_76-100.md
044-008-004,,044,008,Repair Kit - Engine Solenoid Valve | 013-013-016 | Repair Kit - Power Screw Air Disc Brake,VMRS_HB_COMPLETE_v20 page 6_pages_76-100.md
043-005-002,,043,005,"Repair Kit - Exhaust Brake Cylinder | 013-013-031 | Repair Kit - Power Shaft, Minor",VMRS_HB_COMPLETE_v20 page 6_pages_76-100.md
053-999-190,,053,999,Repair Kit - Fabric | 013-009-084 | Repair Kit - Pre-Cooler,VMRS_HB_COMPLETE_v20 page 6_pages_76-100.md
042-003-020,,042,003,"Repair Kit - Fan Idler Pulley | 065-025-008 | Repair Kit - Pressure Bypass Valve, Hydraulic",VMRS_HB_COMPLETE_v20 page 6_pages_76-100.md
065-003-009,,065,003,Repair Kit - Fan Motor | | System,VMRS_HB_COMPLETE_v20 page 6_pages_76-100.md
041-004-017,,041,004,"Repair Kit - Fan, Charge Air Cooler | 013-009-119 | Repair Kit - Pressure Relief Valve, Air",VMRS_HB_COMPLETE_v20 page 6_pages_76-100.md
065-022-009,,065,022,"Repair Kit - Flow Control Valve, Hydraulic | | Compressor",VMRS_HB_COMPLETE_v20 page 6_pages_76-100.md
010-010-400,,010,010,System | 044-010-020 | Repair Kit - Primer Solenoid Assembly,VMRS_HB_COMPLETE_v20 page 6_pages_76-100.md
013-010-480,,013,010,Repair Kit - Foot Valve | 044-010-001 | Repair Kit - Propane / Natural Gas Converter,VMRS_HB_COMPLETE_v20 page 6_pages_76-100.md
002-027-039,,002,027,"Repair Kit - Fore & All Isolator | 044-010-022 | Repair Kit - Propane / Natural Gas, Regulator",VMRS_HB_COMPLETE_v20 page 6_pages_76-100.md
010-002-014,,010,002,Repair Kit - Fuel Pump | 013-010-207 | Repair Kit - Provimity Switch,VMRS_HB_COMPLETE_v20 page 6_pages_76-100.md
053-999-117,,053,999,Repair Kit - Fuel Tank | 056-001-105 | Repair Kit - PTO,VMRS_HB_COMPLETE_v20 page 6_pages_76-100.md
044-001-022,,044,001,Repair Kit - Fuel Tank Liquid | 065-001-003 | Repair Kit - Pump Hydraulic,VMRS_HB_COMPLETE_v20 page 6_pages_76-100.md
065-013-013,,065,013,"Repair Kit - Gear Type Pump, Hydraulic System | 097-002-050 | Repair Kit - Pump, Positive Displacement",VMRS_HB_COMPLETE_v20 page 6_pages_76-100.md
065-014-013,,065,014,"Repair Kit - Gerotor Pump, Hydraulic System | 002-036-012 | Repair Kit - Pump, Tilting Mechanism",VMRS_HB_COMPLETE_v20 page 6_pages_76-100.md
077-012-025,,077,012,"Repair Kit - Gooseneck | 013-010-066 | Repair Kit - Purge Valve, Air Drier",VMRS_HB_COMPLETE_v20 page 6_pages_76-100.md
044-010-037,,044,010,Repair Kit - Governor | 013-010-359 | Repair Kit - Quick Valve,VMRS_HB_COMPLETE_v20 page 6_pages_76-100.md
053-006-109,,053,006,Repair Kit - Grease Gun | 042-001-006 | Repair Kit - Radiator Shutter Control,VMRS_HB_COMPLETE_v20 page 6_pages_76-100.md
044-014-008,,044,014,Repair Kit - High Pressure Oil Pump | 026-011-086 | Repair Kit - Range Control Valve,VMRS_HB_COMPLETE_v20 page 6_pages_76-100.md
072-003-044,,072,003,"Repair Kit - Hinged Door, Rear | 029-008-028 | Repair Kit - Range Cylinder",VMRS_HB_COMPLETE_v20 page 6_pages_76-100.md
013-012-014,,013,012,"Repair Kit - Hold-Down Adjuster Spring | 026-011-098 | Repair Kit - Range Valve, Lever Mounted",VMRS_HB_COMPLETE_v20 page 6_pages_76-100.md
075-004-007,,075,004,"Repair Kit - Hold-Down Assembly | 013-002-083 | Repair Kit - Rear Brake Drums (Includes, Bolts,",VMRS_HB_COMPLETE_v20 page 6_pages_76-100.md
013-014-082,,013,014,"Bepair Kit - Hold-Down Guide Bolt, Shoe | 010-002-030 | Bolt",VMRS_HB_COMPLETE_v20 page 6_pages_76-100.md
002-004-238,,002,004,Repair Kit - Hood | 013-002-095 | Repair Kit - Rear Brake Shoe Return,VMRS_HB_COMPLETE_v20 page 6_pages_76-100.md
013-009-118,,013,009,"Repair Kit - Hostler Valve, Air Compressor | 013-002-098 | Repair Kit - Rear Brake, Adjuster Screw",VMRS_HB_COMPLETE_v20 page 6_pages_76-100.md
043-004-059,,043,004,Repair Kit - Housing (Cartridge) Assembly | | Assembly,VMRS_HB_COMPLETE_v20 page 6_pages_76-100.md
013-001-059,,013,001,"Repair Kit - Hydraulic Brakes, Front | 013-002-097 | Repair Kit - Rear Brake, Automatic Adjuster",VMRS_HB_COMPLETE_v20 page 6_pages_76-100.md
013-002-071,,013,002,"Repair Kit - Hydraulic Brakes, Rear | 013-002-100 | Repair Kit - Rear Brake, Manual Adjuster",VMRS_HB_COMPLETE_v20 page 6_pages_76-100.md
013-014-059,,013,014,"Repair Kit - Hydraulic Brakes, Tag/Pusher Axle | 013-002-099 | Repair Kit - Rear Brake, Stud Adjuster",VMRS_HB_COMPLETE_v20 page 6_pages_76-100.md
098-012-043,,098,012,Repair Kit - Hydraulic Emergency Valve | 016-005-041 | Repair Kit - Rear Chassis Spring,VMRS_HB_COMPLETE_v20 page 6_pages_76-100.md
059-037-011,,059,037,Repair Kit - Hydraulic Fan Motor | 053-021-001 | Repair Kit - Rear Window Defogger,VMRS_HB_COMPLETE_v20 page 6_pages_76-100.md
013-002-115,,013,002,"Repair Kit - Hydraulic PumpDonair Kit - Hydraulic Wheel Cylinder, Deer | 110-010-000 | Repair NI - Reciprocating Pump, Hydraulic",VMRS_HB_COMPLETE_v20 page 6_pages_76-100.md
010-002-110,,010,002,"nepair Nit - Hyuraulic Wheel Cyllfidel, Real | | Gyoldin",VMRS_HB_COMPLETE_v20 page 6_pages_76-100.md
013-010-357,,013,010,Repair Kit - Regulator Or Governor | 053-999-134 | Repair Kit - Windshield,VMRS_HB_COMPLETE_v20 page 6_pages_76-100.md
013-010-167,,013,010,"Repair Kit - Relay Inversion Valve | 044-014-022 | Repair Kit - Wiring Harness, Injector",VMRS_HB_COMPLETE_v20 page 6_pages_76-100.md
013-010-165,,013,010,"Repair Kit - Relay Valve (Ratio Type) | 026-015-073 | Repair Kit - XY Shifter, Automated Transmission",VMRS_HB_COMPLETE_v20 page 6_pages_76-100.md
013-010-068,,013,010,"Repair Kit - Relay Valve, Air Brake | 091-003-008 | Repair Kit -Control Shaft, Diverter Valve",VMRS_HB_COMPLETE_v20 page 6_pages_76-100.md
013-010-103,,013,010,"Repair Kit - Release Valve, Spring Brake | 001-002-068 | Repair Kit (Splice Kit) - Heater Hose",VMRS_HB_COMPLETE_v20 page 6_pages_76-100.md
065-027-011,,065,027,"Repair Kit - Relief Valve, Hydraulic System | 151-001-167 | Repair Sleeve - Block, APU",VMRS_HB_COMPLETE_v20 page 6_pages_76-100.md
019-001-010,,019,001,"Repair Kit - Reservoir, Bottom | 082-041-053 | Repair Sleeve - Main Crankshaft, Front, Reefer",VMRS_HB_COMPLETE_v20 page 6_pages_76-100.md
071-004-028,,071,004,"Repair Kit - Roof | 024-002-024 | Repair Sleeve, Oil Seal - Front Universal Joint",VMRS_HB_COMPLETE_v20 page 6_pages_76-100.md
013-013-017,,013,013,"Repair Kit - Seals, Air Disc Brake | | Yoke Flange",VMRS_HB_COMPLETE_v20 page 6_pages_76-100.md
013-010-166,,013,010,"Repair Kit - Seals, Relay Valve | 024-002-025 | Repair Sleeve, Oil Seal - Rear Universal Joint",VMRS_HB_COMPLETE_v20 page 6_pages_76-100.md
002-037-001,,002,037,Repair Kit - Seat | | Yoke Flange,VMRS_HB_COMPLETE_v20 page 6_pages_76-100.md
002-027-181,,002,027,"Repair Kit - Seat Back | 024-001-005 | Repair Sleeve, Oil Seal - Pinion End Yoke",VMRS_HB_COMPLETE_v20 page 6_pages_76-100.md
002-029-017,,002,029,Repair Kit - Seat Cushion Cover & Pad | 055-019-017 | Repair Tape - Roller Bed,VMRS_HB_COMPLETE_v20 page 6_pages_76-100.md
013-001-087,,013,001,"Repair Kit - Self Adjuster, Front Brake | 042-003-022 | Repair. Rebuild Kit - Fan Clutch Assembly",VMRS_HB_COMPLETE_v20 page 6_pages_76-100.md
013-002-092,,013,002,"Repair Kit - Self Adjuster, Rear Brakes | 017-009-080 | Repeater - Tire Pressure Monitoring System",VMRS_HB_COMPLETE_v20 page 6_pages_76-100.md
013-014-087,,013,014,"Repair Kit - Self Adjuster, Tag/Pusher Axle | 034-003-115 | Replacement Insert - Plug. Single Pole",VMRS_HB_COMPLETE_v20 page 6_pages_76-100.md
017-009-067,,017,009,"Repair Kit - Sensor, Tire Pressure Monitor | 034-003-116 | Replacement Insert - Single Pole, Receptacle",VMRS_HB_COMPLETE_v20 page 6_pages_76-100.md
026-011-092,,026,011,Repair Kit - Shift Tower | 031-001-054 | Replacement Kit - Alternator Insulator,VMRS_HB_COMPLETE_v20 page 6_pages_76-100.md
013-013-003,,013,013,"Repair Kit - Shoe & Lining, Air Disc Brake | 031-001-063 | Replacement Kit - Alternator Stud",VMRS_HB_COMPLETE_v20 page 6_pages_76-100.md
013-012-015,,013,012,"Repair Kit - Shoe Return Spring | 016-005-077 | Replacement Kit - Bushing Assembly, Radius",VMRS_HB_COMPLETE_v20 page 6_pages_76-100.md
013-010-069,,013,010,Repair Kit - Single Stage Application Valve | | Rod,VMRS_HB_COMPLETE_v20 page 6_pages_76-100.md
077-003-033,,077,003,Repair Kit - Skid Foot Or Shoe | 015-005-051 | Replacement Kit - Control Valve,VMRS_HB_COMPLETE_v20 page 6_pages_76-100.md
013-002-087,,013,002,"Repair Kit - Slack Adjuster, Rear Brakes | 046-001-007 | Replacement Kit - Cover Band",VMRS_HB_COMPLETE_v20 page 6_pages_76-100.md
032-004-025,,032,004,Repair Kit - Solenoid Control Valve | 045-002-030 | Replacement Kit - Cylinder Block,VMRS_HB_COMPLETE_v20 page 6_pages_76-100.md
082-008-092,,082,008,"Repair Kit - Solenoid Valve | 013-010-265 | Replacement Kit - Desiccant, Canister",VMRS_HB_COMPLETE_v20 page 6_pages_76-100.md
003-002-016,,003,002,"Repair Kit - Speedometer Cable | 044-002-019 | Replacement Kit - Elements, Euel Filter",VMRS_HB_COMPLETE_v20 page 6_pages_76-100.md
044-003-170,,044,003,Repair Kit - Spring Pack | 046-001-008 | Replacement Kit - Enclosing,VMRS_HB_COMPLETE_v20 page 6_pages_76-100.md
032-002-071,,032,002,Repair Kit - Starter | 027-036-010 | Replacement Kit - Gaskets & Filter Element Pan,VMRS_HB_COMPLETE_v20 page 6_pages_76-100.md
032-004-024,,032,004,Repair Kit - Starter (Belay) Valve | 027 000 010 | & Screen Assembly,VMRS_HB_COMPLETE_v20 page 6_pages_76-100.md
032-007-004,,032,007,Repair Kit - Starter Assembly Hydraulic | 034-001-030 | Replacement Kit - Headlamp Assembly,VMRS_HB_COMPLETE_v20 page 6_pages_76-100.md
015-003-105,,015,003,Repair Kit - Steering Shaft Yoke | 059-036-034 | Replacement Kit - Hvdraulic Filter Element,VMRS_HB_COMPLETE_v20 page 6_pages_76-100.md
015-003-047,,015,003,Repair Kit - Steering Gear | 027-024-032 | Replacement Kit - Inching Valve Seal,VMRS_HB_COMPLETE_v20 page 6_pages_76-100.md
059-041-004,,059,041,Repair Kit - Steering Hitch | 044-004-021 | Replacement Kit - Injectors,VMRS_HB_COMPLETE_v20 page 6_pages_76-100.md
015-004-074,,015,004,Repair Kit - Steering Idler Arm | 001-001-232 | Replacement Kit - O-Ring Air Conditioning Line,VMRS_HB_COMPLETE_v20 page 6_pages_76-100.md
034-002-019,,034,002,Repair Kit - Stop Lamp Switch | 013-003-041 | Replacement Kit - Parking Brake Lever,VMRS_HB_COMPLETE_v20 page 6_pages_76-100.md
013-013-018,,013,013,"Repair Kit - Support Bracket, Air Disc Brake | 082-008-048 | Replacement Kit - Pilot Solenoid Valve",VMRS_HB_COMPLETE_v20 page 6_pages_76-100.md
016-015-054,,016,015,"Repair Kit - Sway Bar | 026-001-046 | Replacement Kit - Retaining Rings, Washers,",VMRS_HB_COMPLETE_v20 page 6_pages_76-100.md
094-006-034,,094,006,"Repair Kit - Swivel Nozzle | | Slingers, Etc.",VMRS_HB_COMPLETE_v20 page 6_pages_76-100.md
013-010-360,,013,010,Repair Kit - Synchronizing Valve | 082-013-010 | Replacement Kit - Three-Way Valve,VMRS_HB_COMPLETE_v20 page 6_pages_76-100.md
078-014-010,,078,014,Repair Kit - Tarpaulin | 082-023-023 | Replacement Kit - Three-Way Valve,VMRS_HB_COMPLETE_v20 page 6_pages_76-100.md
082-023-005,,082,023,"Repair Kit - Three-Way Valve, Mechanical | 082-004-048 | Replacement Kit - Throttling Valve",VMRS_HB_COMPLETE_v20 page 6_pages_76-100.md
032-002-030,,032,002,"Refrigeration Unit | | Replacement Kit - Thrust Washer, Starter",VMRS_HB_COMPLETE_v20 page 6_pages_76-100.md
071-001-043,,071,001,Repair Kit - Threshold Plate | 026-001-045 | Replacement Kit - Thrust Washers,VMRS_HB_COMPLETE_v20 page 6_pages_76-100.md
082-024-003,,082,024,"Repair Kit - Throttling Valve, Mechanical | 026-001-042 | Replacement Kit - Transmission Bearings",VMRS_HB_COMPLETE_v20 page 6_pages_76-100.md
027-001-011,,027,001,Refrigeration Unit | | Replacement Kit - Transmission Overhaul Seal,VMRS_HB_COMPLETE_v20 page 6_pages_76-100.md
015-004-037,,015,004,"Repair Kit - Tie Rod Ends | 026-006-076 | Replacement Kit (Includes Cup) - Synchronizer,",VMRS_HB_COMPLETE_v20 page 6_pages_76-100.md
043-004-061,,043,004,"Repair Kit - Tip, Turbine | | 2nd & 3rd Speed",VMRS_HB_COMPLETE_v20 page 6_pages_76-100.md
057-001-006,,057,001,"Repair Kit - Tire Carrier | 026-006-075 | Replacement Kit (Includes Cup) - Synchronizer,",VMRS_HB_COMPLETE_v20 page 6_pages_76-100.md
013-010-105,,013,010,Repair Kit - Tractor Parking Valve | | 4th & 5th Speed,VMRS_HB_COMPLETE_v20 page 6_pages_76-100.md
013-010-078,,013,010,Repair Kit - Tractor Protection Control Valve | 053-006-244 | Replacement Part - Battery Load Tester,VMRS_HB_COMPLETE_v20 page 6_pages_76-100.md
026-001-043,,026,001,Repair Kit - Transmission | 044-003-158 | Replacement Seal Kit - Fuel System Lines,VMRS_HB_COMPLETE_v20 page 6_pages_76-100.md
013-010-338,,013,010,Repair Kit - Treadle Valve | 361-007-000 | Reservoir - Air Compressor System,VMRS_HB_COMPLETE_v20 page 6_pages_76-100.md
013-010-482,,013,010,"Repair Kit - Turbo Cut-Off, Air Drier | 013-009-034 | Reservoir - Alcohol Evaporator",VMRS_HB_COMPLETE_v20 page 6_pages_76-100.md
024-002-026,,024,002,"Repair Kit - Universal Joints | 049-003-001 | Reservoir - Assembly, Low Pressure, Hydraulic",VMRS_HB_COMPLETE_v20 page 6_pages_76-100.md
082-002-081,,082,002,Repair Kit - Unloader | | Hybrid,VMRS_HB_COMPLETE_v20 page 6_pages_76-100.md
098-002-010,,098,002,Repair Kit - Upper Stem | 068-003-020 | Reservoir - Bed Mount,VMRS_HB_COMPLETE_v20 page 6_pages_76-100.md
013-008-044,,013,008,Repair Kit - Vacuum Power Cylinder Assembly | 023-001-116 | Reservoir - Clutch Fluid,VMRS_HB_COMPLETE_v20 page 6_pages_76-100.md
098-010-010,,098,010,"Repair Kit - Vacuum Vent | 048-001-096 | Reservoir - Coolant, Inverter, Hybrid",VMRS_HB_COMPLETE_v20 page 6_pages_76-100.md
098-011-025,,098,011,"Repair Kit - Valve | 048-001-021 | Reservoir - Coolant, Power Train, Hybrid",VMRS_HB_COMPLETE_v20 page 6_pages_76-100.md
043-004-109,,043,004,"Repair Kit - Valve, Boost Control Solenoid, | 048-001-039 | Reservoir - Cooler, Drive Unit, Hybrid",VMRS_HB_COMPLETE_v20 page 6_pages_76-100.md
001-001-461,,001,001,Turbocharger | | Reservoir - Evaporator Core Vacuum,VMRS_HB_COMPLETE_v20 page 6_pages_76-100.md
098-019-010,,098,019,"Repair Kit - Valve, Bulk Product Transfer | 002-065-002 | Reservoir - Fluid, Headlamp Washer",VMRS_HB_COMPLETE_v20 page 6_pages_76-100.md
065-015-015,,065,015,"Repair Kit - Variable Displacement Pump, | 065-017-000 | Reservoir - Hydraulic System",VMRS_HB_COMPLETE_v20 page 6_pages_76-100.md
026-015-032,,026,015,"Hydraulic System | | Reservoir - Hydraulic, Automation Controls",VMRS_HB_COMPLETE_v20 page 6_pages_76-100.md
053-999-122,,053,999,"Repair Kit - Vinyl, Leather | 199-004-010 | Reservoir - Hydraulic, Fines Screen",VMRS_HB_COMPLETE_v20 page 6_pages_76-100.md
042-004-019,,042,004,"Repair Kit - Water Pump | 199-001-010 | Reservoir - Hydraulic, OCC Screen",VMRS_HB_COMPLETE_v20 page 6_pages_76-100.md
013-001-055,,013,001,"Repair Kit - Wedge Brakes, Front | 199-002-010 | Reservoir - Hydraulic, ONP Screen",VMRS_HB_COMPLETE_v20 page 6_pages_76-100.md
013-002-062,,013,002,"Repair Kit - Wedge Brakes, Rear | 199-003-010 | Reservoir - Hydraulic, Polishing Screen",VMRS_HB_COMPLETE_v20 page 6_pages_76-100.md
013-014-055,,013,014,"Repair Kit - Wedge Brakes, Tag/Pusher Axle | 055-023-107 | Reservoir - Hydraulic, Wheelchair Lift",VMRS_HB_COMPLETE_v20 page 6_pages_76-100.md
018-002-030,,018,002,"Repair Kit - Wheel & Drum Assembly, Rear Drive | 053-006-039 | Reservoir - Jack",VMRS_HB_COMPLETE_v20 page 6_pages_76-100.md
049-003-000,,049,003,"Wheel | | Reservoir - Low Pressure, Hybrid",VMRS_HB_COMPLETE_v20 page 6_pages_76-100.md
013-006-038,,013,006,Reservoir - Master Cylinder,VMRS_HB_COMPLETE_v20 page 6_pages_76-100.md
029-007-007,,029,007,Reservoir - Oil,VMRS_HB_COMPLETE_v20 page 6_pages_76-100.md
082-002-089,,082,002,"Reservoir - Oil, Compressor, Reefer",VMRS_HB_COMPLETE_v20 page 6_pages_76-100.md
044-014-006,,044,014,"Reservoir - Oil, Pressure Regulator Valve",VMRS_HB_COMPLETE_v20 page 6_pages_76-100.md
013-003-059,,013,003,Reservoir - Parking Brake,VMRS_HB_COMPLETE_v20 page 6_pages_76-100.md
068-003-019,,068,003,Reservoir - Pedestal Mount,VMRS_HB_COMPLETE_v20 page 6_pages_76-100.md
015-005-116,,015,005,Reservoir - Power Steering Pump,VMRS_HB_COMPLETE_v20 page 6_pages_76-100.md
055-010-210,,055,010,"Reservoir - Power Unit, Hydraulic, Liftgate",VMRS_HB_COMPLETE_v20 page 6_pages_76-100.md
043-007-026,,043,007,"Reservoir - Pressure, Pump",VMRS_HB_COMPLETE_v20 page 6_pages_76-100.md
013-010-266,,013,010,"Reservoir - Protected, Spring Brake Release",VMRS_HB_COMPLETE_v20 page 6_pages_76-100.md
002-036-111,,002,036,Reservoir - Tilting Mechanism,VMRS_HB_COMPLETE_v20 page 6_pages_76-100.md
013-008-030,,013,008,Reservoir - Vacuum,VMRS_HB_COMPLETE_v20 page 6_pages_76-100.md
044-011-063,,044,011,"Reservoir - Vacuum, Cruise Control",VMRS_HB_COMPLETE_v20 page 6_pages_76-100.md
044-016-003,,044,016,"Reservoir - Vacuum, Emission System",VMRS_HB_COMPLETE_v20 page 6_pages_76-100.md
002-035-022,,002,035,Reservoir - Windshield Washer,VMRS_HB_COMPLETE_v20 page 6_pages_76-100.md
041-005-002,,041,005,Reservoir (Tarik) - Eliter,VMRS_HB_COMPLETE_v20 page 6_pages_76-100.md
010-009-000,,010,009,Reservoir & Linos,VMRS_HB_COMPLETE_v20 page 6_pages_76-100.md
267-003-012,,267,003,Reservoir Assembly,VMRS_HB_COMPLETE_v20 page 6_pages_76-100.md
016-008-021,,016,008,Reservoir Assembly - Air Ride Suspension,VMRS_HB_COMPLETE_v20 page 6_pages_76-100.md
043-001-024,,043,001,Reservoir Assembly - FGR,VMRS_HB_COMPLETE_v20 page 6_pages_76-100.md
059-014-000,,059,014,Reservoir Assembly - Hydraulic System,VMRS_HB_COMPLETE_v20 page 6_pages_76-100.md
065-017-001,,065,017,"Reservoir Assembly - Reservoir, Hydraulic",VMRS_HB_COMPLETE_v20 page 6_pages_76-100.md
055-010-056,,055,010,Reservoir Breather Filter,VMRS_HB_COMPLETE_v20 page 6_pages_76-100.md
055-010-043,,055,010,Reservoir Cap Chain,VMRS_HB_COMPLETE_v20 page 6_pages_76-100.md
055-010-037,,055,010,Reservoir Cap Gasket,VMRS_HB_COMPLETE_v20 page 6_pages_76-100.md
055-010-042,,055,010,Reservoir Filler Neck,VMRS_HB_COMPLETE_v20 page 6_pages_76-100.md
168-003-001,,168,003,Reservoir Tank Assembly - Mower,VMRS_HB_COMPLETE_v20 page 6_pages_76-100.md
055-010-040,,055,010,"Reservoir Tank - Hydraulic, Lift System",VMRS_HB_COMPLETE_v20 page 6_pages_76-100.md
059-014-001,,059,014,"Reservoir Tank - Hydraulic, Vehicle Coupling",VMRS_HB_COMPLETE_v20 page 6_pages_76-100.md
053-010-003,,053,010,Resin - Fiberglass,VMRS_HB_COMPLETE_v20 page 6_pages_76-100.md
027-003-017,,027,003,Resistance Module - Retarder Control,VMRS_HB_COMPLETE_v20 page 6_pages_76-100.md
033-003-004,,033,003,Resistance Unit - Primary Circuit,VMRS_HB_COMPLETE_v20 page 6_pages_76-100.md
013-011-153,,013,011,Resistor - ABS,VMRS_HB_COMPLETE_v20 page 6_pages_76-100.md
031-001-085,,031,001,Resistor - Alternator,VMRS_HB_COMPLETE_v20 page 6_pages_76-100.md
027-038-030,,027,038,Resistor - Automatic Transmission,VMRS_HB_COMPLETE_v20 page 6_pages_76-100.md
151-001-020,,151,001,Resistor - Diower ADU,VMRS_HB_COMPLETE_v20 page 6_pages_76-100.md
171-021-020,,171,021,Resistor - Bus Body Electrical System,VMRS_HB_COMPLETE_v20 page 6_pages_76-100.md
174-027-020,,174,027,Resistor - Bus Entrance Sten Heater,VMRS_HB_COMPLETE_v20 page 6_pages_76-100.md
174-026-020,,174,026,Resistor - Bus Passenger Heater,VMRS_HB_COMPLETE_v20 page 6_pages_76-100.md
002-057-040,,002,057,"Resistor - Delete, Side Curtain Air Bag",VMRS_HB_COMPLETE_v20 page 6_pages_76-100.md
027-033-109,,027,033,"Resistor - Dropping, Automatic Transmission",VMRS_HB_COMPLETE_v20 page 6_pages_76-100.md
032-003-028,,032,003,"Resistor - Dropping, Diesel Glow Plug",VMRS_HB_COMPLETE_v20 page 6_pages_76-100.md
013-012-007,,013,012,Resistor - Electric Brakes,VMRS_HB_COMPLETE_v20 page 6_pages_76-100.md
044-007-069,,044,007,Resistor - Fast Idle,VMRS_HB_COMPLETE_v20 page 6_pages_76-100.md
044-002-065,,044,002,Resistor - Fuel/Water Separator,VMRS_HB_COMPLETE_v20 page 6_pages_76-100.md
001-004-014,,001,004,"Resistor - Heater and A/C Motor, Sleeper",VMRS_HB_COMPLETE_v20 page 6_pages_76-100.md
001-002-024,,001,002,Resistor - Heater Blower Motor,VMRS_HB_COMPLETE_v20 page 6_pages_76-100.md
082-012-017,,082,012,Resistor - High Temperature Switch,VMRS_HB_COMPLETE_v20 page 6_pages_76-100.md
033-002-033,,033,002,Resistor - Ignition,VMRS_HB_COMPLETE_v20 page 6_pages_76-100.md
044-003-242,,044,003,Resistor - Injection Pump,VMRS_HB_COMPLETE_v20 page 6_pages_76-100.md
082-006-039,,082,006,Resistor - Mechanical Refrigeration Controls,VMRS_HB_COMPLETE_v20 page 6_pages_76-100.md
305-001-019,,305,001,Resistor - Paint Heater,VMRS_HB_COMPLETE_v20 page 6_pages_76-100.md
034-004-430,,034,004,Resistor - Position of Ose Not Specified,VMRS_HB_COMPLETE_v20 page 6_pages_76-100.md
042-003-155,,042,003,Resistor - Series Auxiliary Heater,VMRS_HB_COMPLETE_v20 page 6_pages_76-100.md
153-005-012,,153,005,Resistor - Stationary Generator,VMRS_HB_COMPLETE_v20 page 6_pages_76-100.md
034-004-394,,034,004,Resistor - Terminator Data Link,VMRS_HB_COMPLETE_v20 page 6_pages_76-100.md
051-005-020,,051,005,"Resistor - Terminator, Data Link",VMRS_HB_COMPLETE_v20 page 6_pages_76-100.md
031-002-007,,031,002,Resistor - Transistor,VMRS_HB_COMPLETE_v20 page 6_pages_76-100.md
034-004-146,,034,004,Resistor - Voltage Regulator,VMRS_HB_COMPLETE_v20 page 6_pages_76-100.md
002-035-142,,002,035,Resistor - Wiper Control,VMRS_HB_COMPLETE_v20 page 6_pages_76-100.md
044-007-120,,044,007,Resistor - Wiring Harness,VMRS_HB_COMPLETE_v20 page 6_pages_76-100.md
046-004-014,,046,004,Resistor Assembly - Solid State Controls,VMRS_HB_COMPLETE_v20 page 6_pages_76-100.md
001-001-119,,001,001,Resistor Block & Diode - Blower Motor,VMRS_HB_COMPLETE_v20 page 6_pages_76-100.md
001-001-071,,001,001,Resistor Board Assembly - Programmer,VMRS_HB_COMPLETE_v20 page 6_pages_76-100.md
033-003-023,,033,003,Resistor Cap - Spark Plug,VMRS_HB_COMPLETE_v20 page 6_pages_76-100.md
026-015-029,,026,015,"Resistor, ECU - Transmission",VMRS_HB_COMPLETE_v20 page 6_pages_76-100.md
013-009-123,,013,009,Resonator - Air Compressor Discharge,VMRS_HB_COMPLETE_v20 page 6_pages_76-100.md
043-003-069,,043,003,Resonator - Exhaust,VMRS_HB_COMPLETE_v20 page 6_pages_76-100.md
043-003-082,,043,003,Resonator - Exhaust,VMRS_HB_COMPLETE_v20 page 6_pages_76-100.md
043-004-096,,043,004,Resonator - Turbo,VMRS_HB_COMPLETE_v20 page 6_pages_76-100.md
053-010-009,,053,010,Respirator,VMRS_HB_COMPLETE_v20 page 6_pages_76-100.md
053-999-108,,053,999,Restoration Kit - Headlamp,VMRS_HB_COMPLETE_v20 page 6_pages_76-100.md
002-048-097,,002,048,Restraint - Runk,VMRS_HB_COMPLETE_v20 page 6_pages_76-100.md
045-021-041,,045,021,Restraint - ECM Harness,VMRS_HB_COMPLETE_v20 page 6_pages_76-100.md
002-048-063,,002,048,Restraint - Sleeper Curtain,VMRS_HB_COMPLETE_v20 page 6_pages_76-100.md
002-050-687,,002,050,Restraint - Sleeper Curtain,VMRS_HB_COMPLETE_v20 page 6_pages_76-100.md
002-009-022,,002,009,"Restraint - Sun Visor, Interior",VMRS_HB_COMPLETE_v20 page 6_pages_76-100.md
002-048-071,,002,048,"Restraint - Sun Visor, Interior",VMRS_HB_COMPLETE_v20 page 6_pages_76-100.md
002-050-157,,002,050,Restraint - Iongue,VMRS_HB_COMPLETE_v20 page 6_pages_76-100.md
002-050-131,,002,050,Restraint/Reinforcement - Sheet,VMRS_HB_COMPLETE_v20 page 6_pages_76-100.md
041-001-116,,041,001,Restriction Indicator - Air Filter,VMRS_HB_COMPLETE_v20 page 6_pages_76-100.md
041-001-117,,041,001,Restriction Indicator Kit - Air Filter,VMRS_HB_COMPLETE_v20 page 6_pages_76-100.md
013-011-102,,013,011,Restrictor - Relay Valve,VMRS_HB_COMPLETE_v20 page 6_pages_76-100.md
151-003-024,,151,003,"Restrictor - Suction Line, APU",VMRS_HB_COMPLETE_v20 page 6_pages_76-100.md
001-001-203,,001,001,Restrictor - Vacuum (Auto),VMRS_HB_COMPLETE_v20 page 6_pages_76-100.md
367-008-005,,367,008,"Restrictor Valve - Line, Vibration System",VMRS_HB_COMPLETE_v20 page 6_pages_76-100.md
032-002-000,,032,002,Retainer - Main Shaft Intermediate Gear,VMRS_HB_COMPLETE_v20 page 6_pages_76-100.md
003-002-028,,003,002,Retainer - Speedometer Sleeve,VMRS_HB_COMPLETE_v20 page 6_pages_76-100.md
034-004-331,,034,004,Retainer - Accent Lamp,VMRS_HB_COMPLETE_v20 page 6_pages_76-100.md
002-005-006,,002,005,Retainer - Access Door Panel,VMRS_HB_COMPLETE_v20 page 6_pages_76-100.md
045-008-179,,045,008,Retainer - Accessory Drive,VMRS_HB_COMPLETE_v20 page 6_pages_76-100.md
002-022-048,,002,022,"Retainer - Adjuster, Rear Door",VMRS_HB_COMPLETE_v20 page 6_pages_76-100.md
041-001-031,,041,001,Retainer - Air Cleaner Insulator,VMRS_HB_COMPLETE_v20 page 6_pages_76-100.md
032-004-041,,032,004,Retainer - Alf StarterPotainer - Altorpator Boaring,VMRS_HB_COMPLETE_v20 page 6_pages_76-100.md
013-014-064,,013,014,Retainer - Anchor Pin,VMRS_HB_COMPLETE_v20 page 6_pages_76-100.md
013-001-064,,013,001,"Retainer - Anchor Pin, Front Brake",VMRS_HB_COMPLETE_v20 page 6_pages_76-100.md
002-011-018,,002,011,Retainer - Ash Tray,VMRS_HB_COMPLETE_v20 page 6_pages_76-100.md
029-006-012,,029,006,"Retainer - Auxiliary Driver Gear, Rear",VMRS_HB_COMPLETE_v20 page 6_pages_76-100.md
021-001-031,,021,001,"Retainer - Ball End Seal, Driven Front Steer Axle",VMRS_HB_COMPLETE_v20 page 6_pages_76-100.md
026-010-080,,026,010,"Retainer - Ball, Backup Switch",VMRS_HB_COMPLETE_v20 page 6_pages_76-100.md
032-001-046,,032,001,Retainer - Battery Cable,VMRS_HB_COMPLETE_v20 page 6_pages_76-100.md
027-012-019,,027,012,Retainer - Bearing,VMRS_HB_COMPLETE_v20 page 6_pages_76-100.md
015-003-045,,015,003,"Retainer - Bearing Dust Seal, Lower Steering",VMRS_HB_COMPLETE_v20 page 6_pages_76-100.md
029-006-004,,029,006,"Retainer - Bearing, Auxiliary Drive Gear",VMRS_HB_COMPLETE_v20 page 6_pages_76-100.md
028-004-027,,028,004,"Retainer - Bearing, Auxiliary Transmission",VMRS_HB_COMPLETE_v20 page 6_pages_76-100.md
027-019-007,,027,019,"Retainer - Deaning, Input Shart",VMRS_HB_COMPLETE_v20 page 6_pages_76-100.md
055-007-039,,055,007,"Retainer - Bearing, Lower Steering Column",VMRS_HB_COMPLETE_v20 page 6_pages_76-100.md
025-001-197,,025,001,"Retainer - Bearing, Output Shaft, Transfer Case",VMRS_HB_COMPLETE_v20 page 6_pages_76-100.md
018-002-010,,018,002,"Retainer - Bearing, Rear Drive Wheel",VMRS_HB_COMPLETE_v20 page 6_pages_76-100.md
041-003-021,,041,003,Retainer - Blower Drive Shaft,VMRS_HB_COMPLETE_v20 page 6_pages_76-100.md
001-002-139,,001,002,Retainer - Blower Motor,VMRS_HB_COMPLETE_v20 page 6_pages_76-100.md
001-003-065,,001,003,"Retainer - Blower Wheel To Motor, Auxiliary",VMRS_HB_COMPLETE_v20 page 6_pages_76-100.md
002-015-145,,002,015,Retainer - Rody Panel Side,VMRS_HB_COMPLETE_v20 page 6_pages_76-100.md
002-018-056,,002,018,"Retainer - Bolting Strip, Cab Or Front Door",VMRS_HB_COMPLETE_v20 page 6_pages_76-100.md
002-050-419,,002,050,"Retainer - Bolting Strip, Sleeper Exit Door",VMRS_HB_COMPLETE_v20 page 6_pages_76-100.md
044-007-109,,044,007,"Retainer - Boot, Accelerator Pedal",VMRS_HB_COMPLETE_v20 page 6_pages_76-100.md
015-002-036,,015,002,"Retainer - Boot, Steering Column",VMRS_HB_COMPLETE_v20 page 6_pages_76-100.md
013-001-126,,013,001,Retainer - Brake Pad,VMRS_HB_COMPLETE_v20 page 6_pages_76-100.md
016-003-005,,016,003,"Retainer - Bushing, Front Shock Absorber",VMRS_HB_COMPLETE_v20 page 6_pages_76-100.md
010-004-003,,010,004,"Retainer - Busning, Front Stabilizer Member",VMRS_HB_COMPLETE_v20 page 6_pages_76-100.md
002-040-102,,002,040,Retainer - Cab IntentorRetainer - Cab Tilting Mechanism,VMRS_HB_COMPLETE_v20 page 6_pages_76-100.md
033-001-025,,033,001,Retainer - Cable Key,VMRS_HB_COMPLETE_v20 page 6_pages_76-100.md
044-007-036,,044,007,"Retainer - Cable, Hand Throttle",VMRS_HB_COMPLETE_v20 page 6_pages_76-100.md
013-001-143,,013,001,"Retainer - Cam Roller, Front Brake",VMRS_HB_COMPLETE_v20 page 6_pages_76-100.md
013-002-058,,013,002,"Retainer - Cam Rollers, Rear Brake",VMRS_HB_COMPLETE_v20 page 6_pages_76-100.md
013-002-153,,013,002,Retainer - Camshaft,VMRS_HB_COMPLETE_v20 page 6_pages_76-100.md
013-014-080,,013,014,"netainer - Carrisrialt, Tag/Pusrier Axie",VMRS_HB_COMPLETE_v20 page 6_pages_76-100.md
013-001-080,,013,001,"Retainer - Camshaft, Front Brake | 042-002-051 | Retainer - Insulator, Radiator Tie Rod",VMRS_HB_COMPLETE_v20 page 6_pages_76-100.md
002-046-011,,002,046,"Retainer - Canvas, Forward | 014-003-039 | Retainer - Insulator, Engine Support",VMRS_HB_COMPLETE_v20 page 6_pages_76-100.md
025-001-090,,025,001,"Retainer - Carrier Bearing, Transfer Case | 034-004-338 | Retainer - Interior Lamp",VMRS_HB_COMPLETE_v20 page 6_pages_76-100.md
055-006-009,,055,006,Retainer - Chain | 027-007-005 | Retainer - Intermediate Sprag,VMRS_HB_COMPLETE_v20 page 6_pages_76-100.md
023-001-113,,023,001,"Retainer - Clutch Cable | 001-001-353 | Retainer - Junction Block, Air Conditioning",VMRS_HB_COMPLETE_v20 page 6_pages_76-100.md
027-004-017,,027,004,"Retainer - Clutch Flange | 002-015-184 | Retainer - Latch, Glass, Quarter Panel",VMRS_HB_COMPLETE_v20 page 6_pages_76-100.md
023-001-054,,023,001,"Retainer - Clutch Pedal Rod Felt | 002-050-728 | Retainer - Latch, Seat Top, Drivers Lounge",VMRS_HB_COMPLETE_v20 page 6_pages_76-100.md
023-001-024,,023,001,Retainer - Clutch Release Bearing Support | 045-008-196 | Retainer - Lifter Guard,VMRS_HB_COMPLETE_v20 page 6_pages_76-100.md
001-001-036,,001,001,"Retainer - Coil | 043-007-240 | Retainer - Line, DEF",VMRS_HB_COMPLETE_v20 page 6_pages_76-100.md
016-002-093,,016,002,Retainer - Coll Spring | 071-003-057 | Retainer - Liner,VMRS_HB_COMPLETE_v20 page 6_pages_76-100.md
016-005-223,,016,005,"Retainer - Coll Spring | 055-023-108 | Retainer - Linkage, Wheelchair Lift",VMRS_HB_COMPLETE_v20 page 6_pages_76-100.md
015-020-034,,015,020,Retainer - Coll Spring | 002-050-433 | Retainer - Lock Cylinder,VMRS_HB_COMPLETE_v20 page 6_pages_76-100.md
015-003-039,,015,003,Retainer - Column Toeboard Seal | 001-001-222 | Retainer - Low Pange Countershaft Pagring,VMRS_HB_COMPLETE_v20 page 6_pages_76-100.md
014-015-004,,014,015,Recentacle | 020-008-007 | Retainer - Low-Range Countershalt Dealing,VMRS_HB_COMPLETE_v20 page 6_pages_76-100.md
045-018-047,,045,018,Retainer - Constant Throttle Valve Spring (CTV) | 026-004-000 | Retainer - Main Bearing,VMRS_HB_COMPLETE_v20 page 6_pages_76-100.md
043-005-063,,043,005,"Retainer - Control Valve, Exhaust Brake | 026-005-003 | Retainer - Main Drive Gear",VMRS_HB_COMPLETE_v20 page 6_pages_76-100.md
002-060-034,,002,060,Retainer - Convertible Top | 013-004-012 | Retainer - Main Spring,VMRS_HB_COMPLETE_v20 page 6_pages_76-100.md
026-002-011,,026,002,Retainer - Counter Gear Bearing | 055-016-006 | Retainer - Mast,VMRS_HB_COMPLETE_v20 page 6_pages_76-100.md
077-003-055,,077,003,"Retainer - Crank, Drive Shaft | 045-018-015 | Retainer - Master Piston",VMRS_HB_COMPLETE_v20 page 6_pages_76-100.md
078-017-006,,078,017,Retainer - Curtain | 053-003-004 | Retainer - Mattress,VMRS_HB_COMPLETE_v20 page 6_pages_76-100.md
044-007-085,,044,007,Retainer - Dashpot | 002-025-022 | Retainer - Mullion Seal,VMRS_HB_COMPLETE_v20 page 6_pages_76-100.md
172-009-004,,172,009,"Retainer - Debris, Container Body | 002-048-055 | Retainer - Nameplate",VMRS_HB_COMPLETE_v20 page 6_pages_76-100.md
002-040-020,,002,040,Retainer - Deployable Step | 022-003-054 | Retainer - No-Spin Differential Spring,VMRS_HB_COMPLETE_v20 page 6_pages_76-100.md
002-040-040,,002,040,"Retainer - Deployable Step | 045-012-019 | Retainer - O-Ring, Oil Cooler",VMRS_HB_COMPLETE_v20 page 6_pages_76-100.md
013-010-483,,013,010,"Retainer - Desiccant, Air Drier | 045-009-057 | Retainer - Oil Pump Shaft",VMRS_HB_COMPLETE_v20 page 6_pages_76-100.md
002-018-022,,002,018,"Retainer - Door Arm Check | 018-001-044 | Retainer - Oil Seal, Front Steer Wheel",VMRS_HB_COMPLETE_v20 page 6_pages_76-100.md
072-003-009,,072,003,"Retainer - Door Gasket, Hinged Door, Rear | 025-001-207 | Retainer - Oil Seal, Output Shaft, Transfer Case",VMRS_HB_COMPLETE_v20 page 6_pages_76-100.md
071-005-010,,071,005,"Retainer - Door Gasket, Side Door, Hinged | 025-001-149 | Retainer - Oil Seal, Transfer Case",VMRS_HB_COMPLETE_v20 page 6_pages_76-100.md
002-018-181,,002,018,"Retainer - Door Handle, Outer | 028-004-025 | Retainer - Output Shaft Bearing, Auxiliary",VMRS_HB_COMPLETE_v20 page 6_pages_76-100.md
002-023-059,,002,023,"Retainer - Door Handle, Outer | 000 010 017 | Iransmission",VMRS_HB_COMPLETE_v20 page 6_pages_76-100.md
002-018-182,,002,018,"Retainer - Door Latch, Outer | 098-012-047 | Retainer - PackingDetainer - Derking Devel Chaft",VMRS_HB_COMPLETE_v20 page 6_pages_76-100.md
072-004-004,,072,004,Retainer - Door Post | 027-032-007 | Relainer - Parking Pawi Shall,VMRS_HB_COMPLETE_v20 page 6_pages_76-100.md
039-004-022,,039,004,"Retainer - DrawbarRetainer - Drive Gear Countershaft | 002-039-030 | Retainer - Pipe, Fuer Injector, Reeler",VMRS_HB_COMPLETE_v20 page 6_pages_76-100.md
020-002-035,,020,002,"Retainer - Drive Deal, Countershall | 027-022-008 | Detainer - Ditman Shaft Seal",VMRS_HB_COMPLETE_v20 page 6_pages_76-100.md
024-002-006,,024,002,"Retainer - Drive Shaft Rearing | 002-050-711 | Retainer - Pivot Rushing, Upper Runk",VMRS_HB_COMPLETE_v20 page 6_pages_76-100.md
045-009-054,,045,009,Retainer - Drive Shaft Oil Pump | 044-007-100 | Retainer - Plate Pedal Arm,VMRS_HB_COMPLETE_v20 page 6_pages_76-100.md
015-005-059,,015,005,Retainer - Element | 028-002-009 | Retainer - Poppet Ball,VMRS_HB_COMPLETE_v20 page 6_pages_76-100.md
045-018-022,,045,018,"Retainer - Engine Brake | 002-022-033 | Retainer - Pull Strap, Door",VMRS_HB_COMPLETE_v20 page 6_pages_76-100.md
002-002-069,,002,002,"Retainer - Extension, Fender | 045-008-139 | Retainer - Push Rod, Engine Valve Lifter",VMRS_HB_COMPLETE_v20 page 6_pages_76-100.md
267-002-003,,267,002,"Retainer - Feeder Tube | 013-004-021 | Retainer - Push Rod, Spring Parking Brake",VMRS_HB_COMPLETE_v20 page 6_pages_76-100.md
045-014-013,,045,014,"Retainer - Filter, Crankcase Ventilation | | Chamber",VMRS_HB_COMPLETE_v20 page 6_pages_76-100.md
014-011-014,,014,011,"Retainer - Flap, Quarter Fender | 026-010-075 | Retainer - Rail, Shift",VMRS_HB_COMPLETE_v20 page 6_pages_76-100.md
002-013-004,,002,013,Retainer - Floor Cover | 015-007-016 | Retainer - Reaction Valve Spring,VMRS_HB_COMPLETE_v20 page 6_pages_76-100.md
026-004-004,,026,004,Retainer - Front Main Bearing | 016-005-018 | Retainer - Rear Axle Bumper,VMRS_HB_COMPLETE_v20 page 6_pages_76-100.md
034-004-440,,034,004,Retainer - Fuse and Relay Center | 027-031-006 | Retainer - Rear Bearing,VMRS_HB_COMPLETE_v20 page 6_pages_76-100.md
075-004-009,,075,004,"Retainer - Gasket, Manhole Cover | 026-006-019 | Retainer - Rear Main Bearing",VMRS_HB_COMPLETE_v20 page 6_pages_76-100.md
026-011-102,,026,011,Retainer - Gear Shift Lever | 016-005-115 | Retainer - Rear Suspension (Non-Air),VMRS_HB_COMPLETE_v20 page 6_pages_76-100.md
059-016-020,,059,016,"Retainer - Gear Type Pump Shalt, Venicle | 072-007-020 | Retainer - Reiniorcement, Reeler Door",VMRS_HB_COMPLETE_v20 page 6_pages_76-100.md
026-011-006,,026,011,"Coupling System | 039-001-123 | Retainer - Release Lever, Filln WheelDetainer - Deverse Idler Geer Sheft",VMRS_HB_COMPLETE_v20 page 6_pages_76-100.md
020-011-000,,020,011,Retainer - General Use | 020-002-004 | Retainer - Rocker Arm Shaft,VMRS_HB_COMPLETE_v20 page 6_pages_76-100.md
044-003-056,,044,003,Retainer - Governor Spring | 072-004-052 | Retainer - Roller,VMRS_HB_COMPLETE_v20 page 6_pages_76-100.md
044-003-183,,044,003,Retainer - Governor Throttle Shaft | 055-019-011 | Retainer - Roller Bed,VMRS_HB_COMPLETE_v20 page 6_pages_76-100.md
011-001-014,,011,001,Retainer - Grease Plug King Pin | 002-006-030 | Retainer - Roof Lining,VMRS_HB_COMPLETE_v20 page 6_pages_76-100.md
053-006-159,,053,006,"Retainer - Handle, Jack | 002-046-013 | Retainer - Rubber, Entrance Door, Lower",VMRS_HB_COMPLETE_v20 page 6_pages_76-100.md
034-001-043,,034,001,Retainer - Headlamp Bezel | | Forward,VMRS_HB_COMPLETE_v20 page 6_pages_76-100.md
001-002-060,,001,002,"Retainer - Heater Control Cable | 002-046-016 | Retainer - Rubber, Folding Door, Upper Forward",VMRS_HB_COMPLETE_v20 page 6_pages_76-100.md
026-007-009,,026,007,"Retainer - Hi-Range Countershaft Bearing | 002-046-006 | Retainer - Rubber, Front, Upper",VMRS_HB_COMPLETE_v20 page 6_pages_76-100.md
013-014-017,,013,014,"Retainer - Hold Down, Tag/Pusher Axle Brake | 002-046-007 | Retainer - Rubber, Glass, Upper Forward",VMRS_HB_COMPLETE_v20 page 6_pages_76-100.md
002-046-010,,002,046,"Shoe | | Retainer - Rubber, Lower Glass",VMRS_HB_COMPLETE_v20 page 6_pages_76-100.md
013-001-017,,013,001,"Retainer - Hold-Down Spring, Front Brake Shoe | 002-010-034 | Retainer - Rubber, Mirror",VMRS_HB_COMPLETE_v20 page 6_pages_76-100.md
013-002-016,,013,002,"Retainer - Hold-Down Spring, Rear Brake Shoe | 002-026-017 | Retainer - Seal",VMRS_HB_COMPLETE_v20 page 6_pages_76-100.md
002-004-176,,002,004,"Retainer - Hood Insulator | 023-001-134 | Retainer - Seal, Clutch Control",VMRS_HB_COMPLETE_v20 page 6_pages_76-100.md
002-004-041,,002,004,"Retainer - Hood Latch | 045-002-018 | Retainer - Seal, Crankshaft Rear Main Bearing",VMRS_HB_COMPLETE_v20 page 6_pages_76-100.md
044-004-011,,044,004,"Retainer - Injector Cup | 108-001-052 | Retainer - Seal, Motor, Mower",VMRS_HB_COMPLETE_v20 page 6_pages_76-100.md
044-014-013,,044,014,"Retainer - Injector LINe | 002-050-553 | Retainer - Seat, Walkthrough",VMRS_HB_COMPLETE_v20 page 6_pages_76-100.md
020-003-020,,020,003,"netainer - Input Snalt Bearing, AuxillaryTransmission | 174-034 007 | netainer - Seat Belt, Rue Soot",VMRS_HB_COMPLETE_v20 page 6_pages_76-100.md
025-001-001,,025,001,Retainer - Innut Shaft Rearing Transfer Case | 027-021-007 | Retainer - Servo Spring,VMRS_HB_COMPLETE_v20 page 6_pages_76-100.md
020-001-031,,020,001,"Hotanio - input onalt bearing, Halislei Oase | 021-021-001 | Hotanor - Oorvo opring",VMRS_HB_COMPLETE_v20 page 6_pages_76-100.md
042-002-115,,042,002,"Retainer - Shield, Recirculation | 027",VMRS_HB_COMPLETE_v20 page 6_pages_76-100.md
027-029-030,,027,029,Retainer - Sleeve Or Plug,VMRS_HB_COMPLETE_v20 page 6_pages_76-100.md
029-006-007,,029,006,"Retainer - Snap Ring, Auxiliary Driver Gear | 042",VMRS_HB_COMPLETE_v20 page 6_pages_76-100.md
027-031-039,,027,031,Retainer - Speed Sensor | 027,VMRS_HB_COMPLETE_v20 page 6_pages_76-100.md
018-001-053,,018,001,"Retainer - Spindle Nut, Front Steer Wheel | 027",VMRS_HB_COMPLETE_v20 page 6_pages_76-100.md
018-002-061,,018,002,"Retainer - Spindle Nut, Rear Wheel | 053",VMRS_HB_COMPLETE_v20 page 6_pages_76-100.md
027-024-112,,027,024,"Retainer - Spring Clip, Control Valve, Valve | 026",VMRS_HB_COMPLETE_v20 page 6_pages_76-100.md
016-002-056,,016,002,Retainer - Spring Pin | 032,VMRS_HB_COMPLETE_v20 page 6_pages_76-100.md
026-011-179,,026,011,"Retainer - Spring, Deck Seal Plate | 268",VMRS_HB_COMPLETE_v20 page 6_pages_76-100.md
013-003-092,,013,003,"Retainer - Spring, Lever Link, Parking Brake | 091",VMRS_HB_COMPLETE_v20 page 6_pages_76-100.md
027-019-011,,027,019,"Retainer - Spring, Main Shatt | 002",VMRS_HB_COMPLETE_v20 page 6_pages_76-100.md
027-031-030,,027,031,Relainer Strap Runk | 26,VMRS_HB_COMPLETE_v20 page 6_pages_76-100.md
022-003-159,,022,003,Retainer - Sun Gear Differential Carrier | 267,VMRS_HB_COMPLETE_v20 page 6_pages_76-100.md
002-015-142,,002,015,Retainer - Tapping Plate | 065,VMRS_HB_COMPLETE_v20 page 6_pages_76-100.md
027-013-034,,027,013,Retainer - Temperature Valve,VMRS_HB_COMPLETE_v20 page 6_pages_76-100.md
029-006-013,,029,006,"Retainer - Thrust Bearing, Auxiliary Drive Gear | 001",VMRS_HB_COMPLETE_v20 page 6_pages_76-100.md
016-008-009,,016,008,Retainer - Trailing Arm | 065,VMRS_HB_COMPLETE_v20 page 6_pages_76-100.md
016-008-036,,016,008,"Retainer - Trailing Arm, Upper & Front | 065",VMRS_HB_COMPLETE_v20 page 6_pages_76-100.md
000-045-000,,000,045,Suspension,VMRS_HB_COMPLETE_v20 page 6_pages_76-100.md
002-015-093,,002,015,Retainer - Trim Panel | 063,VMRS_HB_COMPLETE_v20 page 6_pages_76-100.md
043-001-133,,043,001,Retainer Lippor | 03,VMRS_HB_COMPLETE_v20 page 6_pages_76-100.md
015-003-041,,015,003,"Retainer - UpperBetainer - Upper Bearing, Steering Column | 02",VMRS_HB_COMPLETE_v20 page 6_pages_76-100.md
059-015-009,,059,015,Retainer - Vane Type Pump Shaft Vehicle | 015,VMRS_HB_COMPLETE_v20 page 6_pages_76-100.md
000-010-000,,000,010,Coupling System | 051,VMRS_HB_COMPLETE_v20 page 6_pages_76-100.md
042-004-004,,042,004,Retainer - Water Pump Bearing | 065,VMRS_HB_COMPLETE_v20 page 6_pages_76-100.md
018-006-020,,018,006,"Retainer - Wheel Bearing, Dead Spindle | 065",VMRS_HB_COMPLETE_v20 page 6_pages_76-100.md
267-012-010,,267,012,Retainer - Winch | 065,VMRS_HB_COMPLETE_v20 page 6_pages_76-100.md
002-025-041,,002,025,Retainer - Window Glass,VMRS_HB_COMPLETE_v20 page 6_pages_76-100.md
002-025-021,,002,025,"Retainer - Windshield, Center | 034",VMRS_HB_COMPLETE_v20 page 6_pages_76-100.md
045-012-020,,045,012,Retainer & O-Ring Kit - Oil Cooler | 082,VMRS_HB_COMPLETE_v20 page 6_pages_76-100.md
071-030-020,,071,030,"Relainer Assembly - Cable, Side CompartmentRoll-Un Door | 090",VMRS_HB_COMPLETE_v20 page 6_pages_76-100.md
002-025-038,,002,025,Retainer Assembly - Rubber | 031,VMRS_HB_COMPLETE_v20 page 6_pages_76-100.md
013-013-028,,013,013,Retainer Assembly - Slide Pin | 002,VMRS_HB_COMPLETE_v20 page 6_pages_76-100.md
025-001-119,,025,001,"Retainer Assembly - Spring, Transfer Case | 051",VMRS_HB_COMPLETE_v20 page 6_pages_76-100.md
001-002-058,,001,002,Retainer Clip - Heater Control Lever | 026,VMRS_HB_COMPLETE_v20 page 6_pages_76-100.md
002-050-713,,002,050,"Retainer Collar - Post, Dinette Table, Sleeper | 045",VMRS_HB_COMPLETE_v20 page 6_pages_76-100.md
061-002-007,,061,002,Retainer Flap - Lower | 065,VMRS_HB_COMPLETE_v20 page 6_pages_76-100.md
061-002-006,,061,002,Retainer Flap - Upper | 055,VMRS_HB_COMPLETE_v20 page 6_pages_76-100.md
013-013-002,,013,013,Retainer Kit - Air Disc Brake | 00,VMRS_HB_COMPLETE_v20 page 6_pages_76-100.md
098-012-027,,098,012,Retainer Nut - Main Spring | 013,VMRS_HB_COMPLETE_v20 page 6_pages_76-100.md
090-012-025,,090,012,Retainer Plate - Crimp Machine | 000,VMRS_HB_COMPLETE_v20 page 6_pages_76-100.md
045-012-048,,045,012,Retainer Plate - Line Engine Oil Cooler | 065,VMRS_HB_COMPLETE_v20 page 6_pages_76-100.md
059-001-145,,059,001,"Retainer Plate - Locking Jaw Spring, Fifth Wheel | 000",VMRS_HB_COMPLETE_v20 page 6_pages_76-100.md
022-003-050,,022,003,"Retainer Ring - Differential Side Gear, | 002",VMRS_HB_COMPLETE_v20 page 6_pages_76-100.md
002-020-054,,002,020,Retainer Ring - Door Bearing,VMRS_HB_COMPLETE_v20 page 6_pages_76-100.md
027-024-030,,027,024,Retainer Ring - Front Accumulator Piston | 002,VMRS_HB_COMPLETE_v20 page 6_pages_76-100.md
098-013-023,,098,013,Retainer Spring - Emergency Valve | 026,VMRS_HB_COMPLETE_v20 page 6_pages_76-100.md
022-003-113,,022,003,Retainer Strap - Yoke | 015,VMRS_HB_COMPLETE_v20 page 6_pages_76-100.md
013-002-086,,013,002,"Retainer, Brake Cam - Rear Brakes | 010",VMRS_HB_COMPLETE_v20 page 6_pages_76-100.md
013-002-075,,013,002,"Retainer, Anchor Seal - Rear Brakes | 010",VMRS_HB_COMPLETE_v20 page 6_pages_76-100.md
055-028-003,,055,028,"Retainer, Cup - Jack GSE | 065",VMRS_HB_COMPLETE_v20 page 6_pages_76-100.md
013-010-269,,013,010,Retaining Bolt - Filter Element | 000,VMRS_HB_COMPLETE_v20 page 6_pages_76-100.md
026-006-125,,026,006,"Retaining Bolt - Yoke, Output Shaft | 022",VMRS_HB_COMPLETE_v20 page 6_pages_76-100.md
013-010-291,,013,010,Retaining Cable (Strap) - Air Tank,VMRS_HB_COMPLETE_v20 page 6_pages_76-100.md
044-002-034,,044,002,Retaining Clamp - Lid | 022,VMRS_HB_COMPLETE_v20 page 6_pages_76-100.md
002-057-028,,002,057,Retaining Clip - Air Bag,VMRS_HB_COMPLETE_v20 page 6_pages_76-100.md
013-010-342,,013,010,Retaining Clip - Air Brake Chamber | 045,VMRS_HB_COMPLETE_v20 page 6_pages_76-100.md
013-010-086,,013,010,"Retaining Clip - Air Drier Cap, Internal | 05",VMRS_HB_COMPLETE_v20 page 6_pages_76-100.md
002-018-023,,002,018,"Hetaining Clip - Lock Cylinder, Cab Or Front | 0.44",VMRS_HB_COMPLETE_v20 page 6_pages_76-100.md
002-050-434,,002,050,"Retaining Clin - Lock Cylinder, Sleeper | 040",VMRS_HB_COMPLETE_v20 page 6_pages_76-100.md
042-004-024,,042,004,Retaining Nut - Pullev Water Pump | 013,VMRS_HB_COMPLETE_v20 page 6_pages_76-100.md
011-001-018,,011,001,Retaining Pin - King Pin | 002,VMRS_HB_COMPLETE_v20 page 6_pages_76-100.md
045-006-014,,045,006,Retaining Pin - Piston | 042,VMRS_HB_COMPLETE_v20 page 6_pages_76-100.md
,024-110,024,110,"27- | Retaining Plate - Control Valve, Valve Body,",VMRS_HB_COMPLETE_v20 page 6_pages_76-100.md
,000-150,000,150,10 | Automatic Hansinission,VMRS_HB_COMPLETE_v20 page 6_pages_76-100.md
,003-100,003,100,"42- | Retaining Plate - Lining, Fan Clutch",VMRS_HB_COMPLETE_v20 page 6_pages_76-100.md
,031-023,031,023,27- | Retaining Plate - Yoke Coupler,VMRS_HB_COMPLETE_v20 page 6_pages_76-100.md
,031-025,031,025,27- | Retaining Plug - Yoke Coupler,VMRS_HB_COMPLETE_v20 page 6_pages_76-100.md
,007-092,007,092,53- | Retaining Ring,VMRS_HB_COMPLETE_v20 page 6_pages_76-100.md
,005-008,005,008,20- | Retaining Ring - Main Shait Gear,VMRS_HB_COMPLETE_v20 page 6_pages_76-100.md
,002-035,002,035,42- | Retaining Ring - Pressure Relief Valve,VMRS_HB_COMPLETE_v20 page 6_pages_76-100.md
,008-009,008,009,08- | Retaining Ring - Bearing,VMRS_HB_COMPLETE_v20 page 6_pages_76-100.md
,018-107,018,107,"J2- | Retaining Ring - Bell Crank Assembly, Cab Door",VMRS_HB_COMPLETE_v20 page 6_pages_76-100.md
,001-000,001,000,Retaining Ring - Boom,VMRS_HB_COMPLETE_v20 page 6_pages_76-100.md
,001-006,001,006,57- | Retaining Ring - Boom Base,VMRS_HB_COMPLETE_v20 page 6_pages_76-100.md
,013-009,013,009,07- | Retaining Ring - Bucket,VMRS_HB_COMPLETE_v20 page 6_pages_76-100.md
,012-016,012,016,05- | System,VMRS_HB_COMPLETE_v20 page 6_pages_76-100.md
,001-032,001,032,01- | Retaining Ring - Compressor Shaft Seal Seat,VMRS_HB_COMPLETE_v20 page 6_pages_76-100.md
,020-020,020,020,"65- | Retaining Ring - Control Valve, Hydraulic System",VMRS_HB_COMPLETE_v20 page 6_pages_76-100.md
,021-010,021,010,"65- | Retaining Ring - Counter Balance Valve,",VMRS_HB_COMPLETE_v20 page 6_pages_76-100.md
,004-022,004,022,"65- | Retaining Ring - Cylinder, Hydraulic System",VMRS_HB_COMPLETE_v20 page 6_pages_76-100.md
,001-068,001,068,21- | Retaining Ring - Driven Front Steer Axle,VMRS_HB_COMPLETE_v20 page 6_pages_76-100.md
,005-042,005,042,"15- | Retaining Ring - End Plate, Oil Pump",VMRS_HB_COMPLETE_v20 page 6_pages_76-100.md
,009-005,009,005,51- | Retaining Ring - Fare Box,VMRS_HB_COMPLETE_v20 page 6_pages_76-100.md
,010-016,010,016,"65- | Retaining Ring - Gear Motor, Hydraulic System",VMRS_HB_COMPLETE_v20 page 6_pages_76-100.md
,013-014,013,014,"65- | Retaining Ring - Gear Pump, Hydraulic System",VMRS_HB_COMPLETE_v20 page 6_pages_76-100.md
,001-005,001,005,34- | Retaining Ring - Headlamp,VMRS_HB_COMPLETE_v20 page 6_pages_76-100.md
,029-067,029,067,"82- | Retaining Ring - Hinge, Top Door, Reeter",VMRS_HB_COMPLETE_v20 page 6_pages_76-100.md
,013-024,013,024,"98- | Retaining Ring - Housing, Emergency valve",VMRS_HB_COMPLETE_v20 page 6_pages_76-100.md
,000-070,000,070,EIIURetaining Ding Instrument Cluster,VMRS_HB_COMPLETE_v20 page 6_pages_76-100.md
,000-010,000,010,51 | Retaining Ring - Instrument Cluster,VMRS_HB_COMPLETE_v20 page 6_pages_76-100.md
,005-010,005,010,26 | Retaining Ring - Lock Mounting,VMRS_HB_COMPLETE_v20 page 6_pages_76-100.md
,012-023,012,023,15- | Potaining Ping - Oil Coolor Soal,VMRS_HB_COMPLETE_v20 page 6_pages_76-100.md
,011-016,011,016,"5- | Retaining Ring - Piston Motor, Hydraulic System",VMRS_HB_COMPLETE_v20 page 6_pages_76-100.md
,004-010,004,010,55- | Retaining Ring - Plunger Assembly,VMRS_HB_COMPLETE_v20 page 6_pages_76-100.md
,001-039,001,039,01- | Retaining Ring - Pulley Bearing,VMRS_HB_COMPLETE_v20 page 6_pages_76-100.md
,008-026,008,026,13- | Retaining Ring - Reaction Plate,VMRS_HB_COMPLETE_v20 page 6_pages_76-100.md
,016-018,016,018,65- | Retaining Ring - Reciprocating Pump Hydraulic,VMRS_HB_COMPLETE_v20 page 6_pages_76-100.md
,009-006,009,006,"65- | Retaining Ring - Rotary Manifold, HydraulicSystem",VMRS_HB_COMPLETE_v20 page 6_pages_76-100.md
,027-117,027,117,02- | Retaining Ring - Seat Frame,VMRS_HB_COMPLETE_v20 page 6_pages_76-100.md
,036-087,036,087,02- | Retaining Ring - Seat Frame Cab Tilting,VMRS_HB_COMPLETE_v20 page 6_pages_76-100.md
,035-127,035,127,"02- | Retaining Ring - Shaft, Windshield Wiper",VMRS_HB_COMPLETE_v20 page 6_pages_76-100.md
,006-071,006,071,26- | Retaining Ring - Split Washer,VMRS_HB_COMPLETE_v20 page 6_pages_76-100.md
,002-047,002,047,15- | Retaining Ring - Steering Column,VMRS_HB_COMPLETE_v20 page 6_pages_76-100.md
,003-088,003,088,15- | Retaining Ring - Steering Gear,VMRS_HB_COMPLETE_v20 page 6_pages_76-100.md
,007-048,007,048,15- | Retaining Ring - Steering Ram,VMRS_HB_COMPLETE_v20 page 6_pages_76-100.md
,013-031,013,031,"98- | Retaining Ring - Stem, Emergency Valve",VMRS_HB_COMPLETE_v20 page 6_pages_76-100.md
,015-016,015,016,"65- | Retaining Ring - Variable Displacement Pump,",VMRS_HB_COMPLETE_v20 page 6_pages_76-100.md
,004-035,004,035,"22- | Retaining Ring - Wedge, Automatic Lockout,",VMRS_HB_COMPLETE_v20 page 6_pages_76-100.md
,004-036,004,036,"22- | Retaining Ring - Wedge, Automatic Lockout,",VMRS_HB_COMPLETE_v20 page 6_pages_76-100.md
,009-106,009,106,15 | OuterRetaining Scrow Drive Gear Evel Injection,VMRS_HB_COMPLETE_v20 page 6_pages_76-100.md
,000-120,000,120,+0- | Pump,VMRS_HB_COMPLETE_v20 page 6_pages_76-100.md
,002-072,002,072,13- | Retaining Screw Anchor Din - Doar Brakos,VMRS_HB_COMPLETE_v20 page 6_pages_76-100.md
,007-009,007,009,"13 | Detaining Screw, Anchor Fill - Real Diakes",VMRS_HB_COMPLETE_v20 page 6_pages_76-100.md
,040-002,040,002,12- | Retaining Spring - 1000 Insulation,VMRS_HB_COMPLETE_v20 page 6_pages_76-100.md
,002-040,002,040,12 | Totaling Orap - Ourge Talik,VMRS_HB_COMPLETE_v20 page 6_pages_76-100.md
042-002-063,,042,002,Retaining Strip - Recirculation Shield | 053-011-021 | Ribbon - Time Clock,VMRS_HB_COMPLETE_v20 page 6_pages_76-100.md
013-013-035,,013,013,Retaining Washer | 003-004-062 | Rig Saver - Engine Shutdown,VMRS_HB_COMPLETE_v20 page 6_pages_76-100.md
022-003-057,,022,003,"Retaining Washer - Front Bearing, Drive Pinion | 034-003-030 | Rim - Backup Lamp",VMRS_HB_COMPLETE_v20 page 6_pages_76-100.md
033-002-017,,033,002,Retarder - Distributor Vacuum | 034-003-003 | Rim - Front Turn Signal & Parking Lamp,VMRS_HB_COMPLETE_v20 page 6_pages_76-100.md
024-003-000,,024,003,Retarder - Drive/Propeller Shaft | 034-002-002 | Rim - Rear Lamp,VMRS_HB_COMPLETE_v20 page 6_pages_76-100.md
045-018-000,,045,018,"Retarder - Engine, Valve Cycle Modification Type | 002-006-048 | Rim - Sunroot, Hatch",VMRS_HB_COMPLETE_v20 page 6_pages_76-100.md
045-015-000,,045,015,"Relarder - Venicie, Flywheel Type | 012 002 026 | Rim - Support, Spare Tire Carrier",VMRS_HB_COMPLETE_v20 page 6_pages_76-100.md
024-003-002,,024,003,Relarder Assembly - Drive ShallDetarder Assembly - Elymbool Type | 010-003-030 | Rim - Wheel Dolly Jack,VMRS_HB_COMPLETE_v20 page 6_pages_76-100.md
027-013-041,,027,013,Retarder Valve | 034-006-033 | Rim - Work Lamp,VMRS_HB_COMPLETE_v20 page 6_pages_76-100.md
055-019-000,,055,019,Retractable Roller Bed (Air) | 034-001-002 | Rim (Bezel) - Headlamp,VMRS_HB_COMPLETE_v20 page 6_pages_76-100.md
055-019-001,,055,019,Retractable Roller Bed Assembly | 018-003-006 | Rim (W/Side Ring) - Wheel,VMRS_HB_COMPLETE_v20 page 6_pages_76-100.md
174-032-062,,174,032,"Retractor - Occupant Restraint, Wheelchair Tie- | 018-003-011 | Rim Base, Wheel",VMRS_HB_COMPLETE_v20 page 6_pages_76-100.md
045-006-008,,045,006,"Down | | Ring - Compression, Piston",VMRS_HB_COMPLETE_v20 page 6_pages_76-100.md
059-002-034,,059,002,Retractor - Pintle Hook | 098-012-028 | Ring - Piston Separator,VMRS_HB_COMPLETE_v20 page 6_pages_76-100.md
002-011-002,,002,011,Retractor - Seat Belt | 032-004-054 | Ring - Actuator Piston,VMRS_HB_COMPLETE_v20 page 6_pages_76-100.md
013-011-177,,013,011,"Retrofit - Braking Safety System Upgrade | 001-003-041 | Ring - Air Inlet, Auxiliary Heater",VMRS_HB_COMPLETE_v20 page 6_pages_76-100.md
016-008-091,,016,008,"Retrofit Kit - Air Ride Height Control | 072-003-060 | Ring - Anti-Rack, Rear Door",VMRS_HB_COMPLETE_v20 page 6_pages_76-100.md
013-010-154,,013,010,Retrofit Kit - Air System | 027-001-027 | Ring - Attaching,VMRS_HB_COMPLETE_v20 page 6_pages_76-100.md
017-009-052,,017,009,"Retrofit Kit - Central Tire Inflation System | 111-009-010 | Ring - Backup, Adjuster",VMRS_HB_COMPLETE_v20 page 6_pages_76-100.md
013-011-103,,013,011,"Retrofit Kit - Complete | 021-001-047 | Ring - Bearing Distance, Driven Front Steer Axle",VMRS_HB_COMPLETE_v20 page 6_pages_76-100.md
043-006-097,,043,006,"Retrofit Kit - Diesel Particulate Filter | 026-006-109 | Ring - Blocking, Synchronizer",VMRS_HB_COMPLETE_v20 page 6_pages_76-100.md
151-001-199,,151,001,"Retrofit Kit - Diesel Particulate Filter, APU | 168-001-019 | Ring - Bolt, Tree Assembly, Mower",VMRS_HB_COMPLETE_v20 page 6_pages_76-100.md
151-001-238,,151,001,"Retrofit Kit - Fuel Pump, APU | 002-004-136 | Ring - Cable Restraint Bearing",VMRS_HB_COMPLETE_v20 page 6_pages_76-100.md
034-004-392,,034,004,Retrofit Kit - LED | 013-001-131 | Ring - Caliper,VMRS_HB_COMPLETE_v20 page 6_pages_76-100.md
030-001-018,,030,001,"Retrollt Kit - One Side Sensor, Collision | 169 001 019 | Ring - Cam, Quick Disconnect Coupler",VMRS_HB_COMPLETE_v20 page 6_pages_76-100.md
016-019-029,,016,019,"Avoldance System | 072 005 009 | Ring - Caplure, Tree Assembly, Mower",VMRS_HB_COMPLETE_v20 page 6_pages_76-100.md
010-010-030,,010,010,Retrofit Kit - Wheelchair Lift | 012-005-008 | Ring - Clamp Air Brake Chamber,VMRS_HB_COMPLETE_v20 page 6_pages_76-100.md
013-004-014,,013,004,"Return Spring | 002-036-032 | Ring - Clamp, All Diake Chamber",VMRS_HB_COMPLETE_v20 page 6_pages_76-100.md
027-013-013,,027,013,"Return Spring | 065-017-020 | Ring - Clamp, Eilter",VMRS_HB_COMPLETE_v20 page 6_pages_76-100.md
013-010-036,,013,010,Return Spring - Service Brake Chamber | 002-050-632 | Ring - Clamp Side Window,VMRS_HB_COMPLETE_v20 page 6_pages_76-100.md
053-001-022,,053,001,"Return Spring - Automatic Traction Device | 013-004-029 | Ring - Clamp, Spring Parking Brake Chamber",VMRS_HB_COMPLETE_v20 page 6_pages_76-100.md
013-014-019,,013,014,"Return Spring - Brake Shoe, Tag/Pusher Axle | 045-003-020 | Ring - Clamping",VMRS_HB_COMPLETE_v20 page 6_pages_76-100.md
023-002-017,,023,002,Brakes | | Ring - Clutch Fulcrum,VMRS_HB_COMPLETE_v20 page 6_pages_76-100.md
058-005-011,,058,005,"Return Spring - Clutch | 059-033-029 | Ring - Cylinder, Piston",VMRS_HB_COMPLETE_v20 page 6_pages_76-100.md
025-001-195,,025,001,"Return Spring - Clutch Pack, Transfer Case | 002-023-043 | Ring - Door Cylinder",VMRS_HB_COMPLETE_v20 page 6_pages_76-100.md
023-001-003,,023,001,Return Spring - Clutch Pedal | 082-001-064 | Ring - Evaporator Fan,VMRS_HB_COMPLETE_v20 page 6_pages_76-100.md
043-004-053,,043,004,Return Spring - Control Lever | 082-007-033 | Ring - Evaporator Fan,VMRS_HB_COMPLETE_v20 page 6_pages_76-100.md
013-001-019,,013,001,"Return Spring - Front Brake Shoe | 025-001-176 | Ring - Exciter, Transfer Case",VMRS_HB_COMPLETE_v20 page 6_pages_76-100.md
026-011-017,,026,011,"Return Spring - Gearshift Control Shaft | 045-006-011 | Ring - Expander, Piston",VMRS_HB_COMPLETE_v20 page 6_pages_76-100.md
077-008-009,,077,008,"Return Spring - Handle Linkage | 072-005-006 | Ring - Extended, Movable Side",VMRS_HB_COMPLETE_v20 page 6_pages_76-100.md
013-006-005,,013,006,Return Spring - Master Cylinder Piston | 072-005-007 | Ring - Externel,VMRS_HB_COMPLETE_v20 page 6_pages_76-100.md
044-007-010,,044,007,Return Spring - Pedal & Infollie | 070-002-001 | Ring - External Detaining,VMRS_HB_COMPLETE_v20 page 6_pages_76-100.md
010-010-000,,010,010,Return Spring - Power Piston | 027-007-020 | Ring - External Retaining,VMRS_HB_COMPLETE_v20 page 6_pages_76-100.md
013-002-018,,013,002,Return Spring - Rear Brake Shoe | 042-003-102 | Ring - Fan Shroud,VMRS_HB_COMPLETE_v20 page 6_pages_76-100.md
174-017-030,,174,017,Return Spring - School Bus Stop Arm Assembly | 044-003-184 | Ring - Governor Weight Pin Set,VMRS_HB_COMPLETE_v20 page 6_pages_76-100.md
013-002-009,,013,002,"Return Spring - Self Adjuster Pawl. Rear Brake | 027-012-005 | Ring - Housing, Torque Converter, Automatic",VMRS_HB_COMPLETE_v20 page 6_pages_76-100.md
013-001-010,,013,001,"Return Spring - Self Adjuster, Front Brake Pawl | | Transmission",VMRS_HB_COMPLETE_v20 page 6_pages_76-100.md
013-014-010,,013,014,"Return Spring - Self Adjuster, Tag/Pusher Axle | 027-034-010 | Ring - Hub Seal, Transmission Governor",VMRS_HB_COMPLETE_v20 page 6_pages_76-100.md
033-001-018,,033,001,Brakes | | Ring - Ignition Switch,VMRS_HB_COMPLETE_v20 page 6_pages_76-100.md
013-003-098,,013,003,"Return Spring - Shoe, Parking Brake | 027-013-035 | Ring - Indexing",VMRS_HB_COMPLETE_v20 page 6_pages_76-100.md
055-010-133,,055,010,Reusable Hose Coupler | 076-002-002 | Ring - Internal,VMRS_HB_COMPLETE_v20 page 6_pages_76-100.md
002-035-071,,002,035,"Reversal Stop Valve Assembly - Wiper Motor | 027-007-021 | Ring - Internal Retaining, Direct Clutch",VMRS_HB_COMPLETE_v20 page 6_pages_76-100.md
027-029-028,,027,029,"Reverse & Modulator Boost Valve | 027-013-018 | Ring - Internal Retaining, Planetary Carrier",VMRS_HB_COMPLETE_v20 page 6_pages_76-100.md
027-010-000,,027,010,"Reverse Clutch Assembly | 027-014-018 | Ring - Internal Retaining, Reaction Carrier",VMRS_HB_COMPLETE_v20 page 6_pages_76-100.md
027-010-011,,027,010,"Reverse Kit - Transmission Clutch | 027-031-020 | Ring - Internal Retaining, Rear Bearing",VMRS_HB_COMPLETE_v20 page 6_pages_76-100.md
027-018-000,,027,018,"Reverse Range Assembly | 056-001-128 | Ring - Internal, PTO",VMRS_HB_COMPLETE_v20 page 6_pages_76-100.md
026-002-000,,026,002,"Reverse, Regular Countersnalt Gears & | 034-001-125 | Ring - Lens, Spot Lamp",VMRS_HB_COMPLETE_v20 page 6_pages_76-100.md
044-003-076,,044,003,"DeallingsDovorsing Dolay Duff Limitor Valvo | 043-007-109 | Ring - Locking, Realer, DEF Tank",VMRS_HB_COMPLETE_v20 page 6_pages_76-100.md
013-010-400,,013,010,"Reversing Nelve - Air Riske System | 003-001-000 | Ring - Mounting, Olgar LighterRing - Mounting, Gauge",VMRS_HB_COMPLETE_v20 page 6_pages_76-100.md
001-001-188,,001,001,"Rheostat - Temperature Control | 034-001-024 | Ring - Mounting, Gauge",VMRS_HB_COMPLETE_v20 page 6_pages_76-100.md
071-002-032,,071,002,Rib - Body | 022-003-022 | Ring - Oil Collector,VMRS_HB_COMPLETE_v20 page 6_pages_76-100.md
071-002-031,,071,002,Rib - Front Wall | 082-004-055 | Ring - Oil Level Indicator. Compressor,VMRS_HB_COMPLETE_v20 page 6_pages_76-100.md
078-026-020,,078,026,"Rib - Stiffening, Lateral Panel | 027-023-002 | Ring - Oil, Front Servo Piston",VMRS_HB_COMPLETE_v20 page 6_pages_76-100.md
078-026-021,,078,026,"Rib - Stiffening, Long, Top and Bottom Panel | 026-016-010 | Ring - Outer, Seal Support, Countershaft Brake",VMRS_HB_COMPLETE_v20 page 6_pages_76-100.md
078-026-022,,078,026,"Rib - Stiffening, Short, Top and Bottom Panel | 111-009-005 | Ring - Packing, Adjuster",VMRS_HB_COMPLETE_v20 page 6_pages_76-100.md
002-008-053,,002,008,"Ribbon - Fiber-Optic | 013-010-422 | Ring - Packing, Gladhand, Trailer Hose",VMRS_HB_COMPLETE_v20 page 6_pages_76-100.md
362-003-007,,362,003,Ribbon - Printer | 365-007-041 | Ring - Paint Pump,VMRS_HB_COMPLETE_v20 page 6_pages_76-100.md
045-002-113,,045,002,"Ring - Piston Carbon Scraper, Liner",VMRS_HB_COMPLETE_v20 page 6_pages_76-100.md
045-006-009,,045,006,Ring - Piston Oil Control (Includes Expander),VMRS_HB_COMPLETE_v20 page 6_pages_76-100.md
027-006-032,,027,006,"Ring - Piston, Clutch",VMRS_HB_COMPLETE_v20 page 6_pages_76-100.md
013-009-012,,013,009,"Ring - Piston, Compressor",VMRS_HB_COMPLETE_v20 page 6_pages_76-100.md
015-007-050,,015,007,"Ring - Piston, Cylinder, Steering Ram",VMRS_HB_COMPLETE_v20 page 6_pages_76-100.md
045-006-010,,045,006,"Ring - Piston, Intermediate",VMRS_HB_COMPLETE_v20 page 6_pages_76-100.md
082-002-071,,082,002,"Ring - Piston, Unloader Head",VMRS_HB_COMPLETE_v20 page 6_pages_76-100.md
021-001-081,,021,001,"Ring - Pressure, Driven Front Steer Axle",VMRS_HB_COMPLETE_v20 page 6_pages_76-100.md
368-001-032,,368,001,"Ring - Protective, Drum Support",VMRS_HB_COMPLETE_v20 page 6_pages_76-100.md
027-029-015,,027,029,Ring - Pump Cover To Clutch Drum Oil,VMRS_HB_COMPLETE_v20 page 6_pages_76-100.md
016-015-037,,016,015,Ring - Retainer,VMRS_HB_COMPLETE_v20 page 6_pages_76-100.md
030-009-020,,030,009,"Ring - Relainer, Fork",VMRS_HB_COMPLETE_v20 page 6_pages_76-100.md
043-004-107,,043,004,"Ring - Retainer, Turbocharger",VMRS_HB_COMPLETE_v20 page 6_pages_76-100.md
367-003-040,,367,003,Ring - Rotator,VMRS_HB_COMPLETE_v20 page 6_pages_76-100.md
015-005-039,,015,005,"Bing - Botor Cam, Oil Pump",VMRS_HB_COMPLETE_v20 page 6_pages_76-100.md
053-019-004,,053,019,Ring - Seal Wear,VMRS_HB_COMPLETE_v20 page 6_pages_76-100.md
027-021-005,,027,021,"Ring - Seal, Accumulator Piston",VMRS_HB_COMPLETE_v20 page 6_pages_76-100.md
001-003-055,,001,003,"Ring - Seal, Glow Plug, Auxiliary Heater",VMRS_HB_COMPLETE_v20 page 6_pages_76-100.md
027-036-007,,027,036,"Ring - Seal, Input Shaft",VMRS_HB_COMPLETE_v20 page 6_pages_76-100.md
001-004-083,,001,004,"Ring - Serrated, Blower, Heater And A/C,",VMRS_HB_COMPLETE_v20 page 6_pages_76-100.md
026-011-192,,026,011,Ring - Shift Tower,VMRS_HB_COMPLETE_v20 page 6_pages_76-100.md
168-001-021,,168,001,"Ring - Shim, Tree Assembly, Mower",VMRS_HB_COMPLETE_v20 page 6_pages_76-100.md
022-004-119,,022,004,"Ring - Sliding, Input Shaft",VMRS_HB_COMPLETE_v20 page 6_pages_76-100.md
097-001-021,,097,001,Ring - Slinger,VMRS_HB_COMPLETE_v20 page 6_pages_76-100.md
018-001-045,,018,001,"Ring - Spacer, Hub, Front Steer Wheel",VMRS_HB_COMPLETE_v20 page 6_pages_76-100.md
018-001-050,,018,001,"Ring - Spindle, Front Steer Wheel",VMRS_HB_COMPLETE_v20 page 6_pages_76-100.md
002-004-137,,002,004,Ring - Spring Restraint Bearing,VMRS_HB_COMPLETE_v20 page 6_pages_76-100.md
369-003-004,,369,003,"Ring - Stabilizer, Crusher",VMRS_HB_COMPLETE_v20 page 6_pages_76-100.md
044-011-040,,044,011,Ring - Steering Column,VMRS_HB_COMPLETE_v20 page 6_pages_76-100.md
013-002-120,,013,002,"Ring - Support, Carishan",VMRS_HB_COMPLETE_v20 page 6_pages_76-100.md
016-020-038,,016,020,"Ring - Support, Flunger",VMRS_HB_COMPLETE_v20 page 6_pages_76-100.md
026-006-040,,026,006,Ring - Synchronizing 1st Speed Manual,VMRS_HB_COMPLETE_v20 page 6_pages_76-100.md
020-000-010,,020,000,Transmission,VMRS_HB_COMPLETE_v20 page 6_pages_76-100.md
026-006-041,,026,006,"Ring - Synchronizing, 2nd Speed",VMRS_HB_COMPLETE_v20 page 6_pages_76-100.md
026-006-038,,026,006,"Ring - Synchronizing, 3rd Speed",VMRS_HB_COMPLETE_v20 page 6_pages_76-100.md
026-006-039,,026,006,"Ring - Synchronizing, 4th Speed",VMRS_HB_COMPLETE_v20 page 6_pages_76-100.md
042-006-011,,042,006,Ring - Thermostat,VMRS_HB_COMPLETE_v20 page 6_pages_76-100.md
031-001-088,,031,001,"Ring - Tolerance, Bearing, Alternator",VMRS_HB_COMPLETE_v20 page 6_pages_76-100.md
059-008-003,,059,008,Ring - Iowing,VMRS_HB_COMPLETE_v20 page 6_pages_76-100.md
169-001-020,,169,001,"Ring - Trim, Headlamp",VMRS_HB_COMPLETE_v20 page 6_pages_76-100.md
053-006-041,,053,006,Ping - Un Stop Jack,VMRS_HB_COMPLETE_v20 page 6_pages_76-100.md
015-006-006,,015,006,"Ring - Op Stop, JackBing - Valve Body (Teflon)",VMRS_HB_COMPLETE_v20 page 6_pages_76-100.md
111-009-006,,111,009,Ring - Wear Adjuster,VMRS_HB_COMPLETE_v20 page 6_pages_76-100.md
294-001-025,,294,001,"Ring - Wear, F7 Valve, Fuel Meter",VMRS_HB_COMPLETE_v20 page 6_pages_76-100.md
267-012-005,,267,012,Ring - Winch,VMRS_HB_COMPLETE_v20 page 6_pages_76-100.md
065-004-023,,065,004,Ring - Wiper,VMRS_HB_COMPLETE_v20 page 6_pages_76-100.md
056-001-127,,056,001,"Ring -Sensor, Odometer, PTO",VMRS_HB_COMPLETE_v20 page 6_pages_76-100.md
027-036-005,,027,036,Ring (Or Gasket) - Oil Filter Sealing,VMRS_HB_COMPLETE_v20 page 6_pages_76-100.md
018-004-022,,018,004,Ring (Sleeve),VMRS_HB_COMPLETE_v20 page 6_pages_76-100.md
018-001-015,,018,001,Ring (Sleeve) - Front Steer Wheel,VMRS_HB_COMPLETE_v20 page 6_pages_76-100.md
018-002-014,,018,002,Ring (Sleeve) - Rear Drive Wheel,VMRS_HB_COMPLETE_v20 page 6_pages_76-100.md
174-033-007,,174,033,Ring Frame Assembly,VMRS_HB_COMPLETE_v20 page 6_pages_76-100.md
027-001-017,,027,001,Ring Gear,VMRS_HB_COMPLETE_v20 page 6_pages_76-100.md
027-014-013,,027,014,Ring Gear - Intermediate Range,VMRS_HB_COMPLETE_v20 page 6_pages_76-100.md
151-001-127,,151,001,Ring Gear - APU,VMRS_HB_COMPLETE_v20 page 6_pages_76-100.md
021-009-011,,021,009,"Ring Gear - Dillerential, Transaxie",VMRS_HB_COMPLETE_v20 page 6_pages_76-100.md
027-016-004,,027,016,Ring Gear - First Range,VMRS_HB_COMPLETE_v20 page 6_pages_76-100.md
045-004-006,,045,004,Ring Gear - Flywheel Starting (Serviced Sen,VMRS_HB_COMPLETE_v20 page 6_pages_76-100.md
040-004-000,,040,004,From Flywheel),VMRS_HB_COMPLETE_v20 page 6_pages_76-100.md
082-041-004,,082,041,"Ring Gear - Flywheel, Reefer",VMRS_HB_COMPLETE_v20 page 6_pages_76-100.md
027-014-015,,027,014,"Ring Gear - Internal, Front",VMRS_HB_COMPLETE_v20 page 6_pages_76-100.md
022-004-127,,022,004,"Ring Gear - Planetary Carrier, Inter-Axle",VMRS_HB_COMPLETE_v20 page 6_pages_76-100.md
021-001-035,,021,001,"Ring Gear - Primary, Driven Front Steer Axle",VMRS_HB_COMPLETE_v20 page 6_pages_76-100.md
022-003-090,,022,003,"Ring Gear - Primary, Driven Rear Axle",VMRS_HB_COMPLETE_v20 page 6_pages_76-100.md
021-010-002,,021,010,"ning deal - nevelse Range, Automatic",VMRS_HB_COMPLETE_v20 page 6_pages_76-100.md
007-010-000,,007,010,Transmission,VMRS_HB_COMPLETE_v20 page 6_pages_76-100.md
027-013-008,,027,013,"Ring Gear - Reverse, Planetary Carrier,Automatic Transmission",VMRS_HB_COMPLETE_v20 page 6_pages_76-100.md
025-001-092,,025,001,Ring Gear - Transfer Case,VMRS_HB_COMPLETE_v20 page 6_pages_76-100.md
022-003-015,,022,003,Ring Gear & Drive Pinion,VMRS_HB_COMPLETE_v20 page 6_pages_76-100.md
021-001-003,,021,001,Ring Gear & Pinion - Driven Front Steer Axle,VMRS_HB_COMPLETE_v20 page 6_pages_76-100.md
022-004-101,,022,004,Ring Gear & Pinion - Driven Rear Axle,VMRS_HB_COMPLETE_v20 page 6_pages_76-100.md
091-003-019,,091,003,Ring Seal - Core Assembly,VMRS_HB_COMPLETE_v20 page 6_pages_76-100.md
151-001-132,,151,001,Ring Set - APU,VMRS_HB_COMPLETE_v20 page 6_pages_76-100.md
045-006-012,,045,006,Ring Set - Piston,VMRS_HB_COMPLETE_v20 page 6_pages_76-100.md
082-041-030,,082,041,"Ring Set - Piston, Engine, Reefer",VMRS_HB_COMPLETE_v20 page 6_pages_76-100.md
174-024-052,,174,024,Ring Terminal - Bus Wiring Harness,VMRS_HB_COMPLETE_v20 page 6_pages_76-100.md
174-004-016,,174,004,"Ring, Pull - Underbody Ballery Compartment",VMRS_HB_COMPLETE_v20 page 6_pages_76-100.md
058-008-014,,058,008,Ring Seal - Piston Compressor,VMRS_HB_COMPLETE_v20 page 6_pages_76-100.md
076-002-000,,076,002,Rings,VMRS_HB_COMPLETE_v20 page 6_pages_76-100.md
065-002-013,,065,002,"Rings - Accumulator, Hydraulic System",VMRS_HB_COMPLETE_v20 page 6_pages_76-100.md
076-000-000,,076,000,Rings & Bolsters,VMRS_HB_COMPLETE_v20 page 6_pages_76-100.md
027-012-020,,027,012,"Rings, Clips, Retainers",VMRS_HB_COMPLETE_v20 page 6_pages_76-100.md
027-002-037,,027,002,"Rings, Clips, Retainers - Converter",VMRS_HB_COMPLETE_v20 page 6_pages_76-100.md
027-033-048,,027,033,"Rings, Clips, Retainers - Shift Selector",VMRS_HB_COMPLETE_v20 page 6_pages_76-100.md
025-001-093,,025,001,"Rings, Clips, Retainers - Transfer Case",VMRS_HB_COMPLETE_v20 page 6_pages_76-100.md
169-001-000,,169,001,Ripper Assembly,VMRS_HB_COMPLETE_v20 page 6_pages_76-100.md
169-000-000,,169,000,Ripping,VMRS_HB_COMPLETE_v20 page 6_pages_76-100.md
071-032-013,,071,032,Riser - Belly Cargo Box,VMRS_HB_COMPLETE_v20 page 6_pages_76-100.md
462-008-003,,462,008,Riser - Boom Articulating Arm,VMRS_HB_COMPLETE_v20 page 6_pages_76-100.md
055-020-020,,055,020,Riser - Control Panel,VMRS_HB_COMPLETE_v20 page 6_pages_76-100.md
045-004-010,,045,004,Riser - Flywheel (Adapter Ring),VMRS_HB_COMPLETE_v20 page 6_pages_76-100.md
002-027-143,,002,027,"Riser - Seat, Lower",VMRS_HB_COMPLETE_v20 page 6_pages_76-100.md
002-027-142,,002,027,"Riser - Seat, Upper",VMRS_HB_COMPLETE_v20 page 6_pages_76-100.md
055-022-003,,055,022,Riser - Shelving,VMRS_HB_COMPLETE_v20 page 6_pages_76-100.md
462-001-009,,462,001,Riser - Unit Elevator,VMRS_HB_COMPLETE_v20 page 6_pages_76-100.md
002-027-073,,002,027,Riser & Seat Mounting Channel,VMRS_HB_COMPLETE_v20 page 6_pages_76-100.md
002-027-072,,002,027,Riser & Slide Assembly,VMRS_HB_COMPLETE_v20 page 6_pages_76-100.md
053-007-014,,053,007,Rivet Ruck Aluminum,VMRS_HB_COMPLETE_v20 page 6_pages_76-100.md
053-007-056,,053,007,"Rivet - Buck, Stainless Steel",VMRS_HB_COMPLETE_v20 page 6_pages_76-100.md
023-002-034,,023,002,Rivet - Clutch Facing,VMRS_HB_COMPLETE_v20 page 6_pages_76-100.md
044-003-180,,044,003,Rivet - Fuel Pump Calibrating Plate,VMRS_HB_COMPLETE_v20 page 6_pages_76-100.md
053-007-060,,053,007,Rivet - Huck Style,VMRS_HB_COMPLETE_v20 page 6_pages_76-100.md
072-003-057,,072,003,"Rivet - Lock Rod, Rear Door",VMRS_HB_COMPLETE_v20 page 6_pages_76-100.md
072-004-016,,072,004,"Rivet - Lock, Internal",VMRS_HB_COMPLETE_v20 page 6_pages_76-100.md
053-007-059,,053,007,Rivet - Monobolt,VMRS_HB_COMPLETE_v20 page 6_pages_76-100.md
071-016-006,,071,016,Rivet - Multiple Locations,VMRS_HB_COMPLETE_v20 page 6_pages_76-100.md
053-007-058,,053,007,Rivet - Nylon Drive,VMRS_HB_COMPLETE_v20 page 6_pages_76-100.md
053-007-055,,053,007,Rivet - PopRivet - Rear Wall,VMRS_HB_COMPLETE_v20 page 6_pages_76-100.md
002-020-059,,002,020,Rivet - Retainer Door,VMRS_HB_COMPLETE_v20 page 6_pages_76-100.md
045-008-133,,045,008,Rivet - Rocker Box Roller Pin,VMRS_HB_COMPLETE_v20 page 6_pages_76-100.md
002-025-052,,002,025,Rivet - Windshield Opening,VMRS_HB_COMPLETE_v20 page 6_pages_76-100.md
013-002-112,,013,002,"Rivet , Brake Shoe - Brake Lining",VMRS_HB_COMPLETE_v20 page 6_pages_76-100.md
022-003-016,,022,003,Rivet (Or Bolt) - Ring Gear,VMRS_HB_COMPLETE_v20 page 6_pages_76-100.md
053-006-118,,053,006,Rivet Die,VMRS_HB_COMPLETE_v20 page 6_pages_76-100.md
053-006-081,,053,006,Rivet Gun,VMRS_HB_COMPLETE_v20 page 6_pages_76-100.md
053-007-016,,053,007,,VMRS_HB_COMPLETE_v20 page 6_pages_76-100.md
071-016-000,,071,016,Rivets - All,VMRS_HB_COMPLETE_v20 page 6_pages_76-100.md
071-016-003,,071,016,Rivets - Front Wall,VMRS_HB_COMPLETE_v20 page 6_pages_76-100.md
071-016-001,,071,016,Rivets - Roof,VMRS_HB_COMPLETE_v20 page 6_pages_76-100.md
071-016-002,,071,016,Rivets - Side Wall,VMRS_HB_COMPLETE_v20 page 6_pages_76-100.md
016-005-205,,016,005,Rocker and Hanger Assembly,VMRS_HB_COMPLETE_v20 page 6_pages_76-100.md
046-002-025,,046,002,Rocker Arm - Contactor,VMRS_HB_COMPLETE_v20 page 6_pages_76-100.md
045-008-265,,045,008,Rocker Arm - All Positions,VMRS_HB_COMPLETE_v20 page 6_pages_76-100.md
151-001-141,,151,001,Rocker Arm - APU,VMRS_HB_COMPLETE_v20 page 6_pages_76-100.md
082-041-050,,082,041,"Rocker Arm - Engine, Reefer",VMRS_HB_COMPLETE_v20 page 6_pages_76-100.md
045-008-052,,045,008,Rocker Arm - Exhaust,VMRS_HB_COMPLETE_v20 page 6_pages_76-100.md
045-008-239,,045,008,HOCKER Arm - Exnaust with Compression Brake,VMRS_HB_COMPLETE_v20 page 6_pages_76-100.md
045-008-160,,045,008,Rocker Arm - Injector,VMRS_HB_COMPLETE_v20 page 6_pages_76-100.md
045-008-053,,045,008,Rocker Arm - Intake,VMRS_HB_COMPLETE_v20 page 6_pages_76-100.md
016-001-044,,016,001,"Rocker Arm - Suspension | 002-050-602 | Rod - Lever, Access Door, Sleeper",VMRS_HB_COMPLETE_v20 page 6_pages_76-100.md
016-005-192,,016,005,Rocker Assembly - Complete | 082-003-024 | Rod - Link,VMRS_HB_COMPLETE_v20 page 6_pages_76-100.md
002-012-006,,002,012,Rocker Panel | 082-035-010 | Rod - Link,VMRS_HB_COMPLETE_v20 page 6_pages_76-100.md
044-007-004,,044,007,"Rod - Accelerator Pedal | 015-002-066 | Rod - Linkage, Tilt Steering Column",VMRS_HB_COMPLETE_v20 page 6_pages_76-100.md
042-006-007,,042,006,"Rod - Actuating, Thermostat | 002-020-078 | Rod - Lock Actuator, Sliding Door",VMRS_HB_COMPLETE_v20 page 6_pages_76-100.md
043-001-125,,043,001,"Rod - Actuator, EGR Valve | 174-015-013 | Rod - Lock, Roof Emergency Escape Hatch",VMRS_HB_COMPLETE_v20 page 6_pages_76-100.md
033-001-026,,033,001,"Rod - Actuator, Ignition Switch | 015-002-012 | Rod - Locking Lever, Tilt Steering Column",VMRS_HB_COMPLETE_v20 page 6_pages_76-100.md
015-002-092,,015,002,"Rod - Adjust, Motor, Steering Column | 044-005-017 | Rod - Main Metering",VMRS_HB_COMPLETE_v20 page 6_pages_76-100.md
016-005-172,,016,005,"Rod - Anti-Roll, Rear Suspension | 059-001-016 | Rod - Operating Handle (Pull Handle)",VMRS_HB_COMPLETE_v20 page 6_pages_76-100.md
082-044-003,,082,044,"Rod - Battery Hold-Down, Reefer | 013-003-005 | Rod - Parking Brake Release",VMRS_HB_COMPLETE_v20 page 6_pages_76-100.md
002-036-133,,002,036,Rod - Cab Hold-Down | 027-022-003 | Rod - Piston,VMRS_HB_COMPLETE_v20 page 6_pages_76-100.md
014-004-013,,014,004,"Rod - Cab Hold-Down | 121-001-009 | Rod - Piston, Final Drive",VMRS_HB_COMPLETE_v20 page 6_pages_76-100.md
365-007-039,,365,007,"Rod - Capillary, Paint Pump | 082-003-021 | Rod - Pivot, Left",VMRS_HB_COMPLETE_v20 page 6_pages_76-100.md
072-005-003,,072,005,"Rod - Chain Carner | 082-035-007 | Rod - Pivol, Leil",VMRS_HB_COMPLETE_v20 page 6_pages_76-100.md
002-050-110,,002,050,"Rod - CloselRod - Closes Hanger | 082-003-022 | Rou - Pivot, Right",VMRS_HB_COMPLETE_v20 page 6_pages_76-100.md
002-000-010,,002,000,"Rod - Clutch Pedal To Intermediate Lever | 082-003-016 | Rod - Pivot, NightRod - Pivot, Shutter",VMRS_HB_COMPLETE_v20 page 6_pages_76-100.md
002-019-025,,002,019,"Rod - Compartment Door I H | 082-035-002 | Bod - Pivot, Shutter",VMRS_HB_COMPLETE_v20 page 6_pages_76-100.md
002-019-036,,002,019,"Rod - Compartment Door, BH | 059-002-006 | Rod - Plunger Air Chamber Pintle Hook",VMRS_HB_COMPLETE_v20 page 6_pages_76-100.md
013-009-013,,013,009,"Rod - Compressor Connecting | 046-003-003 | Rod - Plunger, Battery Connector",VMRS_HB_COMPLETE_v20 page 6_pages_76-100.md
082-004-025,,082,004,Rod - Connecting | 015-007-028 | Rod - Power Piston,VMRS_HB_COMPLETE_v20 page 6_pages_76-100.md
151-001-133,,151,001,"Rod - Connecting, APU | 174-001-233 | Rod - Prop. Overhead Console Door",VMRS_HB_COMPLETE_v20 page 6_pages_76-100.md
071-026-051,,071,026,"Rod - Connecting, Bow | 002-005-009 | Rod - Pull Knob To Ventilator Door",VMRS_HB_COMPLETE_v20 page 6_pages_76-100.md
092-002-025,,092,002,"Rod - Connecting, Compressor, Bulk Product | 015-003-094 | Rod - Rack, Steering Gear",VMRS_HB_COMPLETE_v20 page 6_pages_76-100.md
016-005-030,,016,005,Transfer | | Rod - Radius,VMRS_HB_COMPLETE_v20 page 6_pages_76-100.md
082-002-040,,082,002,"Rod - Connecting, Compressor, Mechanical | 077-009-015 | Rod - Radius (Suspension To Frame)",VMRS_HB_COMPLETE_v20 page 6_pages_76-100.md
162-001-025,,162,001,"Refrigeration Unit | | Rod - Rear, Lower Hopper",VMRS_HB_COMPLETE_v20 page 6_pages_76-100.md
082-041-032,,082,041,"Rod - Connecting, Engine, Reefer | 002-036-068 | Rod - Release, Cab Lock",VMRS_HB_COMPLETE_v20 page 6_pages_76-100.md
043-004-051,,043,004,"Rod - Control Assembly (Incl. Yoke & Pins) | 002-018-158 | Rod - Release, Door Latch",VMRS_HB_COMPLETE_v20 page 6_pages_76-100.md
065-020-021,,065,020,"Rod - Control Valve, Hydraulic System | 014-005-031 | Rod - Retainer",VMRS_HB_COMPLETE_v20 page 6_pages_76-100.md
001-002-118,,001,002,"Rod - Control, Defrost Door | 027-033-112 | Rod - Shift Control",VMRS_HB_COMPLETE_v20 page 6_pages_76-100.md
002-018-198,,002,018,"Rod - Control, Door Lock | 044-001-066 | Rod - Shutoff Leveling Valve",VMRS_HB_COMPLETE_v20 page 6_pages_76-100.md
043-005-069,,043,005,"Rod - Control, Engine Exhaust Brake | 162-001-024 | Rod - Side, Lower Hopper",VMRS_HB_COMPLETE_v20 page 6_pages_76-100.md
002-061-040,,002,061,"Rod - Control, Latch, Liftgate | 002-004-198 | Rod - Sight, Hood",VMRS_HB_COMPLETE_v20 page 6_pages_76-100.md
023-001-015,,023,001,"Rod - Countersnatt To Clutch Release Fork | 174-011-066 | Rod - Slider, Outward Opening Entrance Door",VMRS_HB_COMPLETE_v20 page 6_pages_76-100.md
002-000-072,,002,000,"Rod - Cullain, CabinelRod - Cylinder, Hydraulie Lift System | 044 003 186 | Release Assembly",VMRS_HB_COMPLETE_v20 page 6_pages_76-100.md
065-004-018,,065,004,"Rod - Cylinder, Hydraulic System | 174-011-065 | Rod - Stabilizer, Outward Opening Entrance",VMRS_HB_COMPLETE_v20 page 6_pages_76-100.md
059-033-026,,059,033,"Rod - Cylinder, Vehicle Counting System | 174-011-005",VMRS_HB_COMPLETE_v20 page 6_pages_76-100.md
082-001-081,,082,001,Rod - Damper | 015-004-010 | Bod - Steering Connecting (Drag Link),VMRS_HB_COMPLETE_v20 page 6_pages_76-100.md
082-007-053,,082,007,Rod - Damper | 015-004-001 | Rod - Steering Relay (Ackermann Arm Steering,VMRS_HB_COMPLETE_v20 page 6_pages_76-100.md
002-040-019,,002,040,Rod - Deployable Step | | Lever),VMRS_HB_COMPLETE_v20 page 6_pages_76-100.md
022-003-109,,022,003,"Rod - Differential | 071-026-052 | Rod - Striker, Curtain Closer",VMRS_HB_COMPLETE_v20 page 6_pages_76-100.md
027-001-004,,027,001,"Rod - Dipstick, Automatic Transmission | 016-020-024 | Rod - Strut",VMRS_HB_COMPLETE_v20 page 6_pages_76-100.md
002-018-110,,002,018,"Rod - Door Chock | 078-025-013 | Rod - Support, Side Skirt Fairing Assembly",VMRS_HB_COMPLETE_v20 page 6_pages_76-100.md
174-001-204,,174,001,"Rod - Door Latch, Bus Body | 174-033-120 | Rod - Tensioner Assembly",VMRS_HB_COMPLETE_v20 page 6_pages_76-100.md
082-029-063,,082,029,"Rod - Door Latch, Reefer | 174-033-078 | Rod - Tensioner, Bellows, Outer",VMRS_HB_COMPLETE_v20 page 6_pages_76-100.md
002-018-175,,002,018,"Rod - Door Lock, Outside | 053-009-013 | Rod - Threaded (All-Thread)",VMRS_HB_COMPLETE_v20 page 6_pages_76-100.md
002-050-455,,002,050,"Rod - Door Stop | 174-033-062 | Rod - Threaded, Potentiometer",VMRS_HB_COMPLETE_v20 page 6_pages_76-100.md
082-029-053,,082,029,"Rod - Door, Lower, Reeter | 082-039-011 | Rod - Throttle Solenoid, Reefer",VMRS_HB_COMPLETE_v20 page 6_pages_76-100.md
082-003-023,,082,003,Roa - Ena | 055-007-029 | Rod - Tilt Cylinder,VMRS_HB_COMPLETE_v20 page 6_pages_76-100.md
082-035-009,,082,035,Rod - EndRod Extension Daturn Spring | 050-007-030 | Rod - Till Sensor,VMRS_HB_COMPLETE_v20 page 6_pages_76-100.md
023-001-037,,023,001,"Rod - Extension, Return Spring | 077 000 014 | Rod - Torque (Ayle Te Frame)",VMRS_HB_COMPLETE_v20 page 6_pages_76-100.md
044-001-082,,044,001,Rod - Fuel Control | 016-005-240 | Rod - Torque Adjustable,VMRS_HB_COMPLETE_v20 page 6_pages_76-100.md
044-003-010,,044,003,"Rod - Fuel Pump Operating | 016-014-052 | Rod - Torque, Liftable Air Suspension",VMRS_HB_COMPLETE_v20 page 6_pages_76-100.md
002-018-084,,002,018,"Rod - Handle, Outer | 016-005-241 | Rod - Torque, Transverse",VMRS_HB_COMPLETE_v20 page 6_pages_76-100.md
002-004-151,,002,004,"Rod - Hood Release | 055-023-092 | Rod - Torsion, Wheelchair Lift",VMRS_HB_COMPLETE_v20 page 6_pages_76-100.md
002-004-014,,002,004,"Rod - Hood Support | 016-008-102 | Rod - Tracking, Air Ride Suspension",VMRS_HB_COMPLETE_v20 page 6_pages_76-100.md
002-018-086,,002,018,"Rod - Horizontal, Door | 025-001-131 | Rod - Transfer Case",VMRS_HB_COMPLETE_v20 page 6_pages_76-100.md
002-018-094,,002,018,"Rod - Idler, Door Lock | 042-002-079 | Rod - Transmission Cooler",VMRS_HB_COMPLETE_v20 page 6_pages_76-100.md
002-050-464,,002,050,"Rod - Idler, Door Lock, Sleeper | 026-011-040 | Rod - Transmission Gearshift Selector, Lower",VMRS_HB_COMPLETE_v20 page 6_pages_76-100.md
013-005-029,,013,005,"Rod - Inching Control | 026-011-084 | Rod - Transmission Gearshift Selector, Upper",VMRS_HB_COMPLETE_v20 page 6_pages_76-100.md
071-025-003,,071,025,Rod - Ladder Rack | 026-001-010 | Rod - Transmission Support Strut,VMRS_HB_COMPLETE_v20 page 6_pages_76-100.md
071-025-010,,071,025,"Rod - Ladder Rack Extension | 077-009-016 | Rod - Travel (Axle To Frame, Center)",VMRS_HB_COMPLETE_v20 page 6_pages_76-100.md
002-050-446,,002,050,Rod - Latch | 174-003-033 | Rod - Underbody Storage Compartment Door,VMRS_HB_COMPLETE_v20 page 6_pages_76-100.md
002-016-032,,002,016,"Rod - Latch Control, Tailgate | 000 047 040 | LOCK",VMRS_HB_COMPLETE_v20 page 6_pages_76-100.md
002-008-117,,002,008,"Rod - Latch Lock, Glove Compartment Door, | 016 014 045 | Rod - Vent, Cab/Sleeper",VMRS_HB_COMPLETE_v20 page 6_pages_76-100.md
016-015-007,,016,015,"DasiiDad Latoral Control | 010-014-045 | Hou - vertical, Leveling",VMRS_HB_COMPLETE_v20 page 6_pages_76-100.md
462-006-007,,462,006,034 002 021 | nou - WeldingRod (Or Cable) - Actuating Turn Signal,VMRS_HB_COMPLETE_v20 page 6_pages_76-100.md
402-000-007,,402,000,"nou - Leveling, Fiberglass | 034-003-021 | nou (Or Cable) - Actualing, Turri Signal",VMRS_HB_COMPLETE_v20 page 6_pages_76-100.md
