code_9d,code_6d,system,subcode,description,source_file
032-002-018,,032,002,Retaining Ring - Starter Drive | 032,VMRS_HB_COMPLETE_v20 page 8_pages_76-100.md
032-002-019,,032,002,"End Plate W/Bushing - Starter, Drive End | 032",VMRS_HB_COMPLETE_v20 page 8_pages_76-100.md
032-002-020,,032,002,"End Plate W/Bushing - Starter, Commutator End | 032",VMRS_HB_COMPLETE_v20 page 8_pages_76-100.md
032-002-021,,032,002,"Terminal - Starter, Drive End | 032",VMRS_HB_COMPLETE_v20 page 8_pages_76-100.md
032-002-022,,032,002,Button - Starter Solenoid | 032,VMRS_HB_COMPLETE_v20 page 8_pages_76-100.md
032-002-023,,032,002,Bearing - Starter End Plate | 032,VMRS_HB_COMPLETE_v20 page 8_pages_76-100.md
032-002-024,,032,002,Busning - Starter End Plate | 032,VMRS_HB_COMPLETE_v20 page 8_pages_76-100.md
032-002-025,,032,002,Spacer - Starter Mounting | 032,VMRS_HB_COMPLETE_v20 page 8_pages_76-100.md
032-002-027,,032,002,Point - Starter Contact | 032,VMRS_HB_COMPLETE_v20 page 8_pages_76-100.md
032-002-031,,032,002,Seal - Starter Drive End | 032,VMRS_HB_COMPLETE_v20 page 8_pages_76-100.md
032-002-032,,032,002,Bearing - Starter Drive | 032,VMRS_HB_COMPLETE_v20 page 8_pages_76-100.md
032-002-033,,032,002,"Bushing - Insulating, Starter | 032",VMRS_HB_COMPLETE_v20 page 8_pages_76-100.md
032-002-034,,032,002,Plate - Starter Inspection | 032,VMRS_HB_COMPLETE_v20 page 8_pages_76-100.md
032-002-035,,032,002,Gasket - Starter Inspection Plate | 032,VMRS_HB_COMPLETE_v20 page 8_pages_76-100.md
032-002-036,,032,002,Bushing - Starter Drive End | 032,VMRS_HB_COMPLETE_v20 page 8_pages_76-100.md
032-002-037,,032,002,Plunger - Starter Drive | 032,VMRS_HB_COMPLETE_v20 page 8_pages_76-100.md
032-002-038,,032,002,Boot - Plunger | 032,VMRS_HB_COMPLETE_v20 page 8_pages_76-100.md
032-002-039,,032,002,"Shaft - Lever, Starter Drive | 032",VMRS_HB_COMPLETE_v20 page 8_pages_76-100.md
032-002-040,,032,002,Wick - Drive Housing | 032,VMRS_HB_COMPLETE_v20 page 8_pages_76-100.md
032-002-041,,032,002,Gasket - Drive Housing | 032,VMRS_HB_COMPLETE_v20 page 8_pages_76-100.md
032-002-042,,032,002,O-Ring - Field Frame | 032,VMRS_HB_COMPLETE_v20 page 8_pages_76-100.md
032-002-043,,032,002,Bracket - Starter Motor | 032,VMRS_HB_COMPLETE_v20 page 8_pages_76-100.md
032-002-044,,032,002,Bracket - Battery Disconnect Switch | 032,VMRS_HB_COMPLETE_v20 page 8_pages_76-100.md
032-002-045,,032,002,Docal Switch Battery Disconnect | 032,VMRS_HB_COMPLETE_v20 page 8_pages_76-100.md
032-002-048,,032,002,Jumper - Brush Holder | 032,VMRS_HB_COMPLETE_v20 page 8_pages_76-100.md
032-002-049,,032,002,Key - Drive Shaft | 032,VMRS_HB_COMPLETE_v20 page 8_pages_76-100.md
032-002-050,,032,002,"Switch - Disconnect, Battery | 032",VMRS_HB_COMPLETE_v20 page 8_pages_76-100.md
032-002-052,,032,002,Switch - Rollover | 032,VMRS_HB_COMPLETE_v20 page 8_pages_76-100.md
032-002-053,,032,002,"Kit - Insulator, Brush Holder | 032",VMRS_HB_COMPLETE_v20 page 8_pages_76-100.md
032-002-055,,032,002,Pole Shoes - Field Coil | 032,VMRS_HB_COMPLETE_v20 page 8_pages_76-100.md
032-002-056,,032,002,Mounting Bracket - Starter Relay | 032,VMRS_HB_COMPLETE_v20 page 8_pages_76-100.md
032-002-057,,032,002,Wiring - Starter Motor | 032,VMRS_HB_COMPLETE_v20 page 8_pages_76-100.md
032-002-058,,032,002,"Roller - Clutch, Starter | 032",VMRS_HB_COMPLETE_v20 page 8_pages_76-100.md
032-002-059,,032,002,"Frame - Fleid Windings, Starter | 032",VMRS_HB_COMPLETE_v20 page 8_pages_76-100.md
032-002-000,,032,002,Sloovo Drain Startor | 032,VMRS_HB_COMPLETE_v20 page 8_pages_76-100.md
032-002-062,,032,002,"Boot - Pigtail, Frame And Field | 032",VMRS_HB_COMPLETE_v20 page 8_pages_76-100.md
032-002-063,,032,002,Control Module - Battery Disconnect | 032,VMRS_HB_COMPLETE_v20 page 8_pages_76-100.md
032-002-064,,032,002,"Ball - Compression Spring, Starter | 032",VMRS_HB_COMPLETE_v20 page 8_pages_76-100.md
032-002-065,,032,002,Frame - Starter End | 032,VMRS_HB_COMPLETE_v20 page 8_pages_76-100.md
032-002-066,,032,002,"Retainer - Pinion, Starter | 032",VMRS_HB_COMPLETE_v20 page 8_pages_76-100.md
032-002-067,,032,002,Handle - Battery Switch | 032,VMRS_HB_COMPLETE_v20 page 8_pages_76-100.md
032-002-068,,032,002,Wiring - Battery Switch | 032,VMRS_HB_COMPLETE_v20 page 8_pages_76-100.md
032-002-069,,032,002,Wiring Harness - Battery Disconnect | 032,VMRS_HB_COMPLETE_v20 page 8_pages_76-100.md
032-002-070,,032,002,"Connector - Field Terminal, Starter | 032",VMRS_HB_COMPLETE_v20 page 8_pages_76-100.md
032-002-071,,032,002,Repair Kit - Starter | 032,VMRS_HB_COMPLETE_v20 page 8_pages_76-100.md
032-002-072,,032,002,"Wiring Harness - Solenoid, Battery | 032",VMRS_HB_COMPLETE_v20 page 8_pages_76-100.md
032-002-073,,032,002,"Winng Hamess - Dattery, Shut-Oli Switch | 032",VMRS_HB_COMPLETE_v20 page 8_pages_76-100.md
032-002-074,,032,002,Wiring Harpess - Over Crank Protection Circuit | 032,VMRS_HB_COMPLETE_v20 page 8_pages_76-100.md
032-002-076,,032,002,Spacer - Switch Battery Disconnect | 032,VMRS_HB_COMPLETE_v20 page 8_pages_76-100.md
032-002-077,,032,002,Bearing - Armature Starter | 032,VMRS_HB_COMPLETE_v20 page 8_pages_76-100.md
032-002-078,,032,002,"Bushing - Armature, Starter | 032",VMRS_HB_COMPLETE_v20 page 8_pages_76-100.md
032-002-079,,032,002,"Housing - Armature, Starter | 032",VMRS_HB_COMPLETE_v20 page 8_pages_76-100.md
032-002-080,,032,002,"Plate - Housing End, Armature, Starter | 032",VMRS_HB_COMPLETE_v20 page 8_pages_76-100.md
032-002-081,,032,002,"Shunt - Armature, Starter | 032",VMRS_HB_COMPLETE_v20 page 8_pages_76-100.md
032-002-082,,032,002,Magnet - Starter | 032,VMRS_HB_COMPLETE_v20 page 8_pages_76-100.md
032-002-083,,032,002,Mount - Starter Motor | 032,VMRS_HB_COMPLETE_v20 page 8_pages_76-100.md
032-003-000,,032,003,Pre-Heater | 032,VMRS_HB_COMPLETE_v20 page 8_pages_76-100.md
032-003-001,,032,003,Switch - Engine Air Heater | 032,VMRS_HB_COMPLETE_v20 page 8_pages_76-100.md
032-003-002,,032,003,Plug - Engine Air Heater | 032,VMRS_HB_COMPLETE_v20 page 8_pages_76-100.md
032-003-003,,032,003,"iank - Supply, Engine Alf Heater | 032",VMRS_HB_COMPLETE_v20 page 8_pages_76-100.md
032-003-004,,032,003,Rail - Glow Plug Base | 032,VMRS_HB_COMPLETE_v20 page 8_pages_76-100.md
032-003-006,,032,003,Wiring Harness - Glow Plug | 032,VMRS_HB_COMPLETE_v20 page 8_pages_76-100.md
,003-007,003,007,32- | Switch - Glow Plug & Starter,VMRS_HB_COMPLETE_v20 page 8_pages_76-100.md
,003-008,003,008,32- | Adapter - Glow Plug,VMRS_HB_COMPLETE_v20 page 8_pages_76-100.md
,003-009,003,009,32- | Pre-Heater Assembly,VMRS_HB_COMPLETE_v20 page 8_pages_76-100.md
,003-010,003,010,32- | Solenoid - Glow Plug,VMRS_HB_COMPLETE_v20 page 8_pages_76-100.md
,003-011,003,011,32- | Cover - Glow Plug,VMRS_HB_COMPLETE_v20 page 8_pages_76-100.md
,003-012,003,012,"32- | Hardware, Mounting - Engine Air Heater Switch",VMRS_HB_COMPLETE_v20 page 8_pages_76-100.md
,003-013,003,013,32- | Pre-Heater - Grid Type,VMRS_HB_COMPLETE_v20 page 8_pages_76-100.md
,003-014,003,014,"32- | Wiring Harness - Pre-Heater, Grid Type",VMRS_HB_COMPLETE_v20 page 8_pages_76-100.md
,003-015,003,015,32- | Relay - Engine Air Heater,VMRS_HB_COMPLETE_v20 page 8_pages_76-100.md
,003-016,003,016,32- | Control Module - Pre-Heater,VMRS_HB_COMPLETE_v20 page 8_pages_76-100.md
,003-017,003,017,32- | Cover - Pre-Heater Control,VMRS_HB_COMPLETE_v20 page 8_pages_76-100.md
,003-018,003,018,32- | Relay - Glow Plug,VMRS_HB_COMPLETE_v20 page 8_pages_76-100.md
,003-019,003,019,"32- | Bracket - Pre-Heater, Grid Type",VMRS_HB_COMPLETE_v20 page 8_pages_76-100.md
,003-020,003,020,"32- | Indicator - Ready, Glow Plug",VMRS_HB_COMPLETE_v20 page 8_pages_76-100.md
,003-021,003,021,02- | Inner - Pre-HealerCable Rusbar Clow Dlug,VMRS_HB_COMPLETE_v20 page 8_pages_76-100.md
,003-022,003,022,"2- | Cable - Dusbal, Glow Plug",VMRS_HB_COMPLETE_v20 page 8_pages_76-100.md
,003-023,003,023,2- | Cable - Glow Plug,VMRS_HB_COMPLETE_v20 page 8_pages_76-100.md
,003-024,003,024,32- | Breather Element w/Harness - Engine Heater,VMRS_HB_COMPLETE_v20 page 8_pages_76-100.md
,003-025,003,025,32- | O-Ring - Glow Plug,VMRS_HB_COMPLETE_v20 page 8_pages_76-100.md
,003-027,003,027,32- | Sensor - Thermo Diesel Glow Plug,VMRS_HB_COMPLETE_v20 page 8_pages_76-100.md
,003-028,003,028,32- | Resistor - Dropping Diesel Glow Plug,VMRS_HB_COMPLETE_v20 page 8_pages_76-100.md
,003-029,003,029,32- | Controller - Glow Plug,VMRS_HB_COMPLETE_v20 page 8_pages_76-100.md
,004-000,004,000,32- | Starter - Air,VMRS_HB_COMPLETE_v20 page 8_pages_76-100.md
,004-001,004,001,32- | Fill Valve - Air,VMRS_HB_COMPLETE_v20 page 8_pages_76-100.md
,004-002,004,002,32- | Check Valve - Air Supply,VMRS_HB_COMPLETE_v20 page 8_pages_76-100.md
,004-003,004,003,32- | Drain Valve - Air Supply,VMRS_HB_COMPLETE_v20 page 8_pages_76-100.md
,004-004,004,004,32- | Gladhand Valve,VMRS_HB_COMPLETE_v20 page 8_pages_76-100.md
,004-005,004,005,32- | Tank (Receiver) - Air,VMRS_HB_COMPLETE_v20 page 8_pages_76-100.md
,004-006,004,006,32- | J-Brackets - Tank,VMRS_HB_COMPLETE_v20 page 8_pages_76-100.md
,004-007,004,007,32- | Control Valve - Manual,VMRS_HB_COMPLETE_v20 page 8_pages_76-100.md
,004-008,004,008,32- | Relay Valve - Remote Control,VMRS_HB_COMPLETE_v20 page 8_pages_76-100.md
,004-009,004,009,32- | Relay Valve - Starter,VMRS_HB_COMPLETE_v20 page 8_pages_76-100.md
,004-010,004,010,32- | Control Valve - Solenoid,VMRS_HB_COMPLETE_v20 page 8_pages_76-100.md
,004-011,004,011,32- | Lubricator - In-Line,VMRS_HB_COMPLETE_v20 page 8_pages_76-100.md
,004-012,004,012,32- | Lubricator - Fuel Oil,VMRS_HB_COMPLETE_v20 page 8_pages_76-100.md
,004-013,004,013,32- | Lubricator - Lube Oil,VMRS_HB_COMPLETE_v20 page 8_pages_76-100.md
,004-014,004,014,32- | Muffler - Exhaust,VMRS_HB_COMPLETE_v20 page 8_pages_76-100.md
,004-015,004,015,32- | Exhaust Valve - Air Starter,VMRS_HB_COMPLETE_v20 page 8_pages_76-100.md
,004-017,004,017,32- | Coupling - Air Starter,VMRS_HB_COMPLETE_v20 page 8_pages_76-100.md
,004-018,004,018,S2- | Motor - Starter Air,VMRS_HB_COMPLETE_v20 page 8_pages_76-100.md
,004-019,004,019,32- | Coupler (Dummy) - Air Starter,VMRS_HB_COMPLETE_v20 page 8_pages_76-100.md
,004-020,004,020,32- | Diaphragm - Check Valve Air Supply,VMRS_HB_COMPLETE_v20 page 8_pages_76-100.md
,004-022,004,022,"32- | Spring - Check Valve, Air Supply",VMRS_HB_COMPLETE_v20 page 8_pages_76-100.md
,004-023,004,023,"32- | Seat - Check Valve, Air Supply",VMRS_HB_COMPLETE_v20 page 8_pages_76-100.md
,004-024,004,024,32- | Repair Kit - Starter (Relay) Valve,VMRS_HB_COMPLETE_v20 page 8_pages_76-100.md
,004-025,004,025,32- | Repair Kit - Solenoid Control Valve,VMRS_HB_COMPLETE_v20 page 8_pages_76-100.md
,004-026,004,026,32- | Plunger (Armature) - Control Valve,VMRS_HB_COMPLETE_v20 page 8_pages_76-100.md
,004-027,004,027,"32- | Spring - Plunger Return, Control Valve",VMRS_HB_COMPLETE_v20 page 8_pages_76-100.md
,004-028,004,028,32- | Repair Kit - Air Starter,VMRS_HB_COMPLETE_v20 page 8_pages_76-100.md
,004-029,004,029,32- | Vane (Blade) - Air Starter,VMRS_HB_COMPLETE_v20 page 8_pages_76-100.md
,004-030,004,030,"32- | Bushing - Valve Stop, Air Supply",VMRS_HB_COMPLETE_v20 page 8_pages_76-100.md
,004-031,004,031,"32- | Bolt - Mounting, Starter",VMRS_HB_COMPLETE_v20 page 8_pages_76-100.md
,004-032,004,032,"32- | Spacer - Bell Housing, Starter",VMRS_HB_COMPLETE_v20 page 8_pages_76-100.md
,004-033,004,033,"32- | Button - Manual, Control Valve",VMRS_HB_COMPLETE_v20 page 8_pages_76-100.md
,004-034,004,034,32- | Starter Assembly - Air,VMRS_HB_COMPLETE_v20 page 8_pages_76-100.md
,004-035,004,035,32- | Bearing - Air Starter,VMRS_HB_COMPLETE_v20 page 8_pages_76-100.md
,004-036,004,036,32- | O-Ring - Air Starter,VMRS_HB_COMPLETE_v20 page 8_pages_76-100.md
,004-037,004,037,32- | Seal - Air Starter,VMRS_HB_COMPLETE_v20 page 8_pages_76-100.md
,004-038,004,038,02- | Shall - Alf Starter,VMRS_HB_COMPLETE_v20 page 8_pages_76-100.md
,004-039,004,039,22- | Gasket - Air Starter,VMRS_HB_COMPLETE_v20 page 8_pages_76-100.md
082-004-041,,082,004,32-004-04 | Retainer - Air Starter,VMRS_HB_COMPLETE_v20 page 8_pages_76-100.md
,004-047,004,047,32- | Bearing - Shaft Drive,VMRS_HB_COMPLETE_v20 page 8_pages_76-100.md
,004-042,004,042,32- | Bearing - Botor & Plate,VMRS_HB_COMPLETE_v20 page 8_pages_76-100.md
,004-044,004,044,"32- | Bearing - Shaft Drive, Gear End",VMRS_HB_COMPLETE_v20 page 8_pages_76-100.md
,004-046,004,046,32- | Bearing - Housing Drive End,VMRS_HB_COMPLETE_v20 page 8_pages_76-100.md
,004-048,004,048,"32- | Fitting, Air Line - Air Starter",VMRS_HB_COMPLETE_v20 page 8_pages_76-100.md
032-004-049,,032,004,Mounting Bracket - Low Pressure Switch | 033-001-029 | Wiring Harness - Ignition Key Lamp,VMRS_HB_COMPLETE_v20 page 8_pages_76-100.md
032-004-051,,032,004,"Bracket - Solenoid, Air Starter | 033-001-030 | Cylinder and Keys - Ignition",VMRS_HB_COMPLETE_v20 page 8_pages_76-100.md
032-004-053,,032,004,Decal - Starter Motor | 033-001-031 | Cylinder Assembly - Ignition Lock,VMRS_HB_COMPLETE_v20 page 8_pages_76-100.md
032-004-054,,032,004,"Ring - Actuator Piston | 033-001-032 | Clamp - Lock Cylinder, Ignition",VMRS_HB_COMPLETE_v20 page 8_pages_76-100.md
032-004-055,,032,004,Hardware Mounting - Air Fill Valve | 033-001-033 | Housing - Lock Cylinder Janition,VMRS_HB_COMPLETE_v20 page 8_pages_76-100.md
032-004-056,,032,004,Brace - Air Tank | 033-001-034 | Clamp - Housing Lock Cylinder Ignition,VMRS_HB_COMPLETE_v20 page 8_pages_76-100.md
022-004-050,,022,004,Eilter Air Starter | 022 001 025 | Actuator Ignition Switch,VMRS_HB_COMPLETE_v20 page 8_pages_76-100.md
032-004-057,,032,004,Filler - Alf Starter | 033-001-035 | Actuator - Ignition Switch,VMRS_HB_COMPLETE_v20 page 8_pages_76-100.md
032-004-058,,032,004,Mounting Kit - Air Starter | 033-001-036 | Clamp - Ignition Switch,VMRS_HB_COMPLETE_v20 page 8_pages_76-100.md
032-004-059,,032,004,Bracket - Air Starter Muffler | 033-001-037 | Relay - Ignition Switch,VMRS_HB_COMPLETE_v20 page 8_pages_76-100.md
032-004-060,,032,004,"Line, Air - Air Starter | 033-001-038 | Tumbler - Ignition Switch",VMRS_HB_COMPLETE_v20 page 8_pages_76-100.md
032-004-061,,032,004,Seal - Gladhand | 033-001-039 | Fob - Remote Start,VMRS_HB_COMPLETE_v20 page 8_pages_76-100.md
032-004-062,,032,004,Gauge Box - Air Starter | 033-002-000 | Distributor - Engine Assembly,VMRS_HB_COMPLETE_v20 page 8_pages_76-100.md
032-004-063,,032,004,"Valve - Reservoir, Air Starter Motor | 033-002-001 | Distributor Assembly",VMRS_HB_COMPLETE_v20 page 8_pages_76-100.md
032-005-000,,032,005,"Battery Charger - On Board | 033-002-002 | Hardware, Mounting - Distributor Assembly",VMRS_HB_COMPLETE_v20 page 8_pages_76-100.md
032-005-001,,032,005,Bracket - On Board Battery Charger | 033-002-003 | Cap - Distributor,VMRS_HB_COMPLETE_v20 page 8_pages_76-100.md
032-005-002,,032,005,Charger - Battery Trickle On-Board | 033-002-004 | Botor - Distributor,VMRS_HB_COMPLETE_v20 page 8_pages_76-100.md
032-005-003,,032,005,Wiring Harness - Battery Charger | 033-002-004 | Point - Distributor,VMRS_HB_COMPLETE_v20 page 8_pages_76-100.md
022-005-000,,022,005,Hardwara Mounting On Poord Pattony Charger | 000-002-000 | Prosker Distributor,VMRS_HB_COMPLETE_v20 page 8_pages_76-100.md
032-005-004,,032,005,"Ratuwale, Mounting - On Board Battery Charger | 033-002-000",VMRS_HB_COMPLETE_v20 page 8_pages_76-100.md
032-005-005,,032,005,"Battery Charger - Conventional, Mobile | 033-002-007 | Housing - Distributor",VMRS_HB_COMPLETE_v20 page 8_pages_76-100.md
032-005-006,,032,005,Battery Charger - Cover | 033-002-008 | Shaft - Distributor,VMRS_HB_COMPLETE_v20 page 8_pages_76-100.md
032-005-007,,032,005,"Battery Charger - Automated, Mobile | 033-002-009 | Cam - Distributor",VMRS_HB_COMPLETE_v20 page 8_pages_76-100.md
032-005-008,,032,005,"Battery Charger - Automated, Fixed | 033-002-010 | Weight - Distributor",VMRS_HB_COMPLETE_v20 page 8_pages_76-100.md
032-005-009,,032,005,"Cover - Battery Charger, On-Board | 033-002-011 | Spring - Distributor Weight",VMRS_HB_COMPLETE_v20 page 8_pages_76-100.md
032-005-010,,032,005,"Hardware, Mounting - Cover, Battery Charger, | 033-002-012 | Gear - Driven, Distributor",VMRS_HB_COMPLETE_v20 page 8_pages_76-100.md
033-002-013,,033,002,On-Board | | Pin - Distributor Gear,VMRS_HB_COMPLETE_v20 page 8_pages_76-100.md
032-005-011,,032,005,"Connector - Battery Charger, On-Board | 033-002-014 | Condenser - Ignition Distributor",VMRS_HB_COMPLETE_v20 page 8_pages_76-100.md
032-005-012,,032,005,Auto Fiect - Power Line | 033-002-015 | Hardware Mounting - Condenser,VMRS_HB_COMPLETE_v20 page 8_pages_76-100.md
032-005-013,,032,005,Connect - Auto Fiect Power Line | 033-002-016 | Gasket - Distributor To Cylinder Block,VMRS_HB_COMPLETE_v20 page 8_pages_76-100.md
032-005-014,,032,005,Sonarator/Interconnect Battery | 033 002 017 | Botardor Distributor Vacuum,VMRS_HB_COMPLETE_v20 page 8_pages_76-100.md
032-000-000,,032,000,Presket Emergency Start | 033-002-010 | Ding Vocuum Spork Control,VMRS_HB_COMPLETE_v20 page 8_pages_76-100.md
032-000-001,,032,000,Ochla Electrical Emergency Start | 033-002-019 | Fipe - Vacuum Spark Control,VMRS_HB_COMPLETE_v20 page 8_pages_76-100.md
032-000-002,,032,000,"Cable, Electrical - Emergency Start | 033-002-020 | Filling - Pipe, vacuum Spark Control",VMRS_HB_COMPLETE_v20 page 8_pages_76-100.md
032-006-003,,032,006,"Decal - Emergency Start | 033-002-021 | Hardware, Mounting - Distributor Vacuum",VMRS_HB_COMPLETE_v20 page 8_pages_76-100.md
032-006-052,,032,006,Decal - Air Start System | | Advance,VMRS_HB_COMPLETE_v20 page 8_pages_76-100.md
032-006-053,,032,006,"Clamp, Cable - Emergency Start | 033-002-022 | Dust Shield",VMRS_HB_COMPLETE_v20 page 8_pages_76-100.md
032-006-054,,032,006,"Hardware, Mounting - Emergency Start | 033-002-023 | Nipple - Secondary Wires, Distributor",VMRS_HB_COMPLETE_v20 page 8_pages_76-100.md
032-007-000,,032,007,"Starter - Hydraulic | 033-002-024 | Pick-Up - Ignition, Electronic",VMRS_HB_COMPLETE_v20 page 8_pages_76-100.md
032-007-001,,032,007,Starter Assembly - Hydraulic | 033-002-025 | Control Module - Electronic Ignition System,VMRS_HB_COMPLETE_v20 page 8_pages_76-100.md
032-007-002,,032,007,"Control - Starter Assembly, Hydraulic | 033-002-026 | Insulator - Primary Lead",VMRS_HB_COMPLETE_v20 page 8_pages_76-100.md
032-007-003,,032,007,"Head - Starter Assembly, Hydraulic | 033-002-027 | Conductor - Primary Lead",VMRS_HB_COMPLETE_v20 page 8_pages_76-100.md
032-007-004,,032,007,"Repair Kit - Starter Assembly, Hydraulic | 033-002-028 | Switch - Distributor",VMRS_HB_COMPLETE_v20 page 8_pages_76-100.md
033-000-000,,033,000,Ignition System | 033-002-029 | Hardware Mounting- Electronic Ignition System,VMRS_HB_COMPLETE_v20 page 8_pages_76-100.md
033-001-000,,033,001,Ignition Switch | | Control Module,VMRS_HB_COMPLETE_v20 page 8_pages_76-100.md
033-001-001,,033,001,Switch - Ignition | 033-002-030 | Hardware Mounting - Distributor Switch,VMRS_HB_COMPLETE_v20 page 8_pages_76-100.md
033-001-002,,033,001,Grammat Ignition Wire | 033 002 031 | Poluctor,VMRS_HB_COMPLETE_v20 page 8_pages_76-100.md
033-001-003,,033,001,Culiadar Instition Lock | 033-002-032 | Gasket - Distributor Body to Cap,VMRS_HB_COMPLETE_v20 page 8_pages_76-100.md
033-001-004,,033,001,Cylinder - Ignition Lock | 033-002-033 | Resistor - Ignition,VMRS_HB_COMPLETE_v20 page 8_pages_76-100.md
033-001-005,,033,001,"Buzzer - Ignition Switch | 033-002-034 | Software - Control Module, Electronic Ignition",VMRS_HB_COMPLETE_v20 page 8_pages_76-100.md
033-001-006,,033,001,Tune Up Kit - Ignition | | System,VMRS_HB_COMPLETE_v20 page 8_pages_76-100.md
033-001-007,,033,001,"Nut - Mounting, Ignition Switch | 033-002-035 | Wiring Harness - Distributor",VMRS_HB_COMPLETE_v20 page 8_pages_76-100.md
033-001-008,,033,001,"Wiring - Ignition Switch | 033-002-036 | Wire - Ground, Distributor",VMRS_HB_COMPLETE_v20 page 8_pages_76-100.md
033-001-009,,033,001,"Hardware, Mounting - Ignition Switch | 033-002-037 | Valve - Vacuum Advance Delay, Distributor",VMRS_HB_COMPLETE_v20 page 8_pages_76-100.md
033-001-010,,033,001,Escutcheons - Ignition Switch | 033-002-038 | Wick - Distributor,VMRS_HB_COMPLETE_v20 page 8_pages_76-100.md
033-001-011,,033,001,Keys - Key Set | 033-002-039 | Stator - Electronic Ignition,VMRS_HB_COMPLETE_v20 page 8_pages_76-100.md
033-001-012,,033,001,Switch - Starter Interrupter | 033-002-040 | Coil - Distributor Pick-Up,VMRS_HB_COMPLETE_v20 page 8_pages_76-100.md
033-001-013,,033,001,"Spring - Switch, Starter Interrupter | 033-002-041 | Pole Piece Assembly - Distributor",VMRS_HB_COMPLETE_v20 page 8_pages_76-100.md
033-001-014,,033,001,Bracket - Switch Starter Interrupter | 033-002-042 | Capacitor - Electronic Ignition,VMRS_HB_COMPLETE_v20 page 8_pages_76-100.md
033-001-015,,033,001,Bezel - Ignition Switch | 033-003-000 | Coil & Spark Plugs,VMRS_HB_COMPLETE_v20 page 8_pages_76-100.md
033-001-016,,033,001,Bracket - Thermostat Starter Control | 033-003-001 | Coil - Ignition,VMRS_HB_COMPLETE_v20 page 8_pages_76-100.md
033-001-017,,033,001,"Spacer - Ignition Switch | 033 003 002 | Hardware, Mounting - Ignition Coil",VMRS_HB_COMPLETE_v20 page 8_pages_76-100.md
000-001-010,,000,001,Ring - Ignition Switch | 000-000-004,VMRS_HB_COMPLETE_v20 page 8_pages_76-100.md
000-001-019,,000,001,Mixing Cterter Interlation | 000-000-004 | Resistance Unit - Primary Urcuit,VMRS_HB_COMPLETE_v20 page 8_pages_76-100.md
033-001-020,,033,001,"winng - Starter Interiock | 033-003-005 | Plug - Spark, Engine",VMRS_HB_COMPLETE_v20 page 8_pages_76-100.md
033-001-021,,033,001,Antenna - Remote Start | 033-003-006 | Gasket - Spark Plug,VMRS_HB_COMPLETE_v20 page 8_pages_76-100.md
033-001-022,,033,001,Wiring - Remote Start | 033-003-007 | Boot - Spark Plug Wire,VMRS_HB_COMPLETE_v20 page 8_pages_76-100.md
033-001-023,,033,001,"Module - Remote Start | 033-003-008 | Cable, Electrical - Ground, Engine",VMRS_HB_COMPLETE_v20 page 8_pages_76-100.md
033-001-024,,033,001,Switch - Remote Start | 033-003-009 | Wire - Spark Plug,VMRS_HB_COMPLETE_v20 page 8_pages_76-100.md
033-001-025,,033,001,"Retainer - Cable Key | 033-003-010 | Boot - Secondary Wire, Ignition Coil",VMRS_HB_COMPLETE_v20 page 8_pages_76-100.md
033-001-026,,033,001,"Rod - Actuator, Ignition Switch | 033-003-011 | Wiring Assembly - Primary (Spark Plugs & Coil)",VMRS_HB_COMPLETE_v20 page 8_pages_76-100.md
033-001-027,,033,001,Bracket - Ignition Switch | 033-003-012 | Wire - Secondary (Spark Plugs & Coil),VMRS_HB_COMPLETE_v20 page 8_pages_76-100.md
033-001-028,,033,001,Socket & Wiring - Ignition Lamp | 033-003-013 | Mounting Bracket - Ignition Coil,VMRS_HB_COMPLETE_v20 page 8_pages_76-100.md
033-003-014,,033,003,"Support, Secondary Wiring - Spark Plugs & Coil | 034-00",VMRS_HB_COMPLETE_v20 page 8_pages_76-100.md
033-003-015,,033,003,Grommet Pubber - Secondary Wiring Support | 034_00,VMRS_HB_COMPLETE_v20 page 8_pages_76-100.md
000-000-010,,000,000,Breaket Detaining Ding Distributer Oan Wire | 004-00,VMRS_HB_COMPLETE_v20 page 8_pages_76-100.md
033-003-016,,033,003,"Bracket - Retaining Ring, Distributor Cap Wire | 034-00",VMRS_HB_COMPLETE_v20 page 8_pages_76-100.md
033-003-017,,033,003,Wire Set - Spark Plug | 034-00,VMRS_HB_COMPLETE_v20 page 8_pages_76-100.md
033-003-018,,033,003,"Connector - Coil, Electrical | 034-00",VMRS_HB_COMPLETE_v20 page 8_pages_76-100.md
033-003-019,,033,003,Guard/Shield - Spark Plug Wire | 034-00,VMRS_HB_COMPLETE_v20 page 8_pages_76-100.md
022-002-020,,022,002,Coil Ignition On Spork Blug | 024 00,VMRS_HB_COMPLETE_v20 page 8_pages_76-100.md
033-003-020,,033,003,"Coll - Ighluon, On Spark Plug | 034-00",VMRS_HB_COMPLETE_v20 page 8_pages_76-100.md
033-003-021,,033,003,Cover - Ignition Coll | 034-00,VMRS_HB_COMPLETE_v20 page 8_pages_76-100.md
033-003-022,,033,003,Connector - Spark Plug Wire | 034-00,VMRS_HB_COMPLETE_v20 page 8_pages_76-100.md
033-003-023,,033,003,Resistor Cap - Spark Plug | 034-00,VMRS_HB_COMPLETE_v20 page 8_pages_76-100.md
033-003-024,,033,003,Seal Set - Spark Plug Tube | 034-00,VMRS_HB_COMPLETE_v20 page 8_pages_76-100.md
024-000-000,,024,000,Lighting System | 024.00,VMRS_HB_COMPLETE_v20 page 8_pages_76-100.md
034-000-000,,034,000,Lighting System | 034-00,VMRS_HB_COMPLETE_v20 page 8_pages_76-100.md
034-001-000,,034,001,Headlamps | 034-00,VMRS_HB_COMPLETE_v20 page 8_pages_76-100.md
034-001-001,,034,001,Housing Assembly - Headlamp | 034-00,VMRS_HB_COMPLETE_v20 page 8_pages_76-100.md
034-001-002,,034,001,Rim (Bezel) - Headlamp | 034-00,VMRS_HB_COMPLETE_v20 page 8_pages_76-100.md
034-001-003,,034,001,Hardware Mounting - Headlamp Housing | 034-00,VMRS_HB_COMPLETE_v20 page 8_pages_76-100.md
024-001-004,,024,001,Peoled Boom Double Filoment Headlamp | 024 00,VMRS_HB_COMPLETE_v20 page 8_pages_76-100.md
034-001-004,,034,001,"Sealed Dearn - Double Fliament, Headlamp | 034-00",VMRS_HB_COMPLETE_v20 page 8_pages_76-100.md
034-001-005,,034,001,Retaining Ring - Headlamp | 034-00,VMRS_HB_COMPLETE_v20 page 8_pages_76-100.md
034-001-006,,034,001,"Sealed Beam - Single Filament, Headlamp | 034-00",VMRS_HB_COMPLETE_v20 page 8_pages_76-100.md
034-001-007,,034,001,Switch - Headlamp (General Lamp) | 034-00,VMRS_HB_COMPLETE_v20 page 8_pages_76-100.md
034-001-008,,034,001,Switch - Dimmer Headlamp | 034-00,VMRS_HB_COMPLETE_v20 page 8_pages_76-100.md
004-001-000,,004,001,"Winner, Commenter, Dimension On itele | 004-00",VMRS_HB_COMPLETE_v20 page 8_pages_76-100.md
034-001-009,,034,001,winng & Connectors - Dimmer Switch | 034-00,VMRS_HB_COMPLETE_v20 page 8_pages_76-100.md
034-001-011,,034,001,Socket & Wire - Headlamp Beam Indicator | 034-00,VMRS_HB_COMPLETE_v20 page 8_pages_76-100.md
034-001-012,,034,001,Lamp - Fog | 034-00,VMRS_HB_COMPLETE_v20 page 8_pages_76-100.md
034-001-013,,034,001,"Hardware, Mounting - Fog Lamp | 034-00",VMRS_HB_COMPLETE_v20 page 8_pages_76-100.md
034-001-014,,034,001,Switch Fog Lamp | 034.00,VMRS_HB_COMPLETE_v20 page 8_pages_76-100.md
004-001-014,,004,001,Switch - Fog Lamp | 004-00,VMRS_HB_COMPLETE_v20 page 8_pages_76-100.md
034-001-015,,034,001,Lamp - Spot | 034-00,VMRS_HB_COMPLETE_v20 page 8_pages_76-100.md
034-001-016,,034,001,"Hardware, Mounting - Spot Lamp | 034-00",VMRS_HB_COMPLETE_v20 page 8_pages_76-100.md
034-001-017,,034,001,Switch - Spot Lamp | 034-00,VMRS_HB_COMPLETE_v20 page 8_pages_76-100.md
034-001-021,,034,001,Lamp - Emergency Warning | 034-00,VMRS_HB_COMPLETE_v20 page 8_pages_76-100.md
034-001-022,,034,001,Long Emorgonov Warning Long | 034.00,VMRS_HB_COMPLETE_v20 page 8_pages_76-100.md
004-001-022,,004,001,Lens - Emergency Warning Lamp | 004-00,VMRS_HB_COMPLETE_v20 page 8_pages_76-100.md
034-001-023,,034,001,"Nut - Well, Headlamp Rim (Bezel) | 034-00",VMRS_HB_COMPLETE_v20 page 8_pages_76-100.md
034-001-024,,034,001,"Ring - Mounting, Headlamp | 034-00",VMRS_HB_COMPLETE_v20 page 8_pages_76-100.md
034-001-025,,034,001,"Screw - Adjusting, Headlamp | 034-00",VMRS_HB_COMPLETE_v20 page 8_pages_76-100.md
034-001-026,,034,001,Nut - Adjusting Headlamp | 034-00,VMRS_HB_COMPLETE_v20 page 8_pages_76-100.md
034-001-027,,034,001,Lamp - Driving | 034-00,VMRS_HB_COMPLETE_v20 page 8_pages_76-100.md
004-001-027,,004,001,Caller Diving | 004-00,VMRS_HB_COMPLETE_v20 page 8_pages_76-100.md
034-001-028,,034,001,"Socket - Double Contact, Headlamp | 034-00",VMRS_HB_COMPLETE_v20 page 8_pages_76-100.md
034-001-029,,034,001,"Socket - Triple Contact, Headlamp | 034-00",VMRS_HB_COMPLETE_v20 page 8_pages_76-100.md
034-001-030,,034,001,Replacement Kit - Headlamp Assembly | 034-00,VMRS_HB_COMPLETE_v20 page 8_pages_76-100.md
034-001-031,,034,001,Knob & Shaft Assembly - Headlamp Control | 034-00,VMRS_HB_COMPLETE_v20 page 8_pages_76-100.md
034-001-032,,034,001,Adjusting Spring - Headlamp | 034-00,VMRS_HB_COMPLETE_v20 page 8_pages_76-100.md
034-001-033,,034,001,Nut - Headlamp Switch | 034-00,VMRS_HB_COMPLETE_v20 page 8_pages_76-100.md
034-001-035,,034,001,Plate - Fog Lamp Switch | 034-00,VMRS_HB_COMPLETE_v20 page 8_pages_76-100.md
034-001-036,,034,001,Bracket - Dimmer Switch | 034-00,VMRS_HB_COMPLETE_v20 page 8_pages_76-100.md
034-001-037,,034,001,Belay - Headlamp | 034-00,VMRS_HB_COMPLETE_v20 page 8_pages_76-100.md
004-001-007,,004,001,"Helder, Headlemp Deley | 004 00",VMRS_HB_COMPLETE_v20 page 8_pages_76-100.md
034-001-039,,034,001,Wiring Harness - Headlamp Switch | 034-00,VMRS_HB_COMPLETE_v20 page 8_pages_76-100.md
034-001-040,,034,001,Boot - Dimmer Switch | 034-00,VMRS_HB_COMPLETE_v20 page 8_pages_76-100.md
034-001-041,,034,001,Bulb - Fog Lamp | 034-00,VMRS_HB_COMPLETE_v20 page 8_pages_76-100.md
034-001-042,,034,001,Lens - Fog Lamp | 034-00,VMRS_HB_COMPLETE_v20 page 8_pages_76-100.md
024-001-042,,024,001,Detainer Headlamp Bazal | 024 00,VMRS_HB_COMPLETE_v20 page 8_pages_76-100.md
034-001-043,,034,001,Retainer - Readiamp Bezer | 034-00,VMRS_HB_COMPLETE_v20 page 8_pages_76-100.md
034-001-044,,034,001,wiring - Spotiamp | 034-00,VMRS_HB_COMPLETE_v20 page 8_pages_76-100.md
034-001-045,,034,001,Wiring - Warning Lamp | 034-00,VMRS_HB_COMPLETE_v20 page 8_pages_76-100.md
034-001-046,,034,001,Wiring - Dimmer Switch | 034-00,VMRS_HB_COMPLETE_v20 page 8_pages_76-100.md
034-001-047,,034,001,Wiring Harness & Connectors - Engine | 034-00,VMRS_HB_COMPLETE_v20 page 8_pages_76-100.md
024-001-049,,024,001,Hardwara Mounting Haadlamp Dimmar Switch | 024 00,VMRS_HB_COMPLETE_v20 page 8_pages_76-100.md
004-001-040,,004,001,"Plandware, Mounting - Headlamp Dimmer Switch | 004-00",VMRS_HB_COMPLETE_v20 page 8_pages_76-100.md
034-001-049,,034,001,Sealed Beam - Revolving Warning Lamp | 034-00,VMRS_HB_COMPLETE_v20 page 8_pages_76-100.md
034-001-050,,034,001,Flasher - Revolving Warning Lamp | 034-00,VMRS_HB_COMPLETE_v20 page 8_pages_76-100.md
034-001-051,,034,001,Mounting Bracket - Warning Lamp | 034-00,VMRS_HB_COMPLETE_v20 page 8_pages_76-100.md
034-001-053,,034,001,Bulb - Driving Lamp | 034-00,VMRS_HB_COMPLETE_v20 page 8_pages_76-100.md
034-001-054,,034,001,Lens - Spot Lamp | 034 00,VMRS_HB_COMPLETE_v20 page 8_pages_76-100.md
004-004-005,,004,004,004-00,VMRS_HB_COMPLETE_v20 page 8_pages_76-100.md
034-001-055,,034,001,Sealed Beam - Spot Lamp | 034-00,VMRS_HB_COMPLETE_v20 page 8_pages_76-100.md
034-001-056,,034,001,"Gasket - Lens, Spot Lamp | 034-00",VMRS_HB_COMPLETE_v20 page 8_pages_76-100.md
034-001-057,,034,001,Motor - Revolving Warning Lamp | 034-00,VMRS_HB_COMPLETE_v20 page 8_pages_76-100.md
034-001-058,,034,001,Bracket - Driving Lamp Kit | 034-00,VMRS_HB_COMPLETE_v20 page 8_pages_76-100.md
034-001-061,,034,001,Cover - Driving Lamp | 034-00,VMRS_HB_COMPLETE_v20 page 8_pages_76-100.md
034-001-062,,034,001,Flashtube - Strobe Lamp | 034-00,VMRS_HB_COMPLETE_v20 page 8_pages_76-100.md
034-001-063,,034,001,Strobe Lamp Assembly W/Base | 034-00,VMRS_HB_COMPLETE_v20 page 8_pages_76-100.md
,001-064,001,064,34- | Lens - Strobe Lamp,VMRS_HB_COMPLETE_v20 page 8_pages_76-100.md
,001-065,001,065,"34- | Shield - Lamp, Double",VMRS_HB_COMPLETE_v20 page 8_pages_76-100.md
,001-067,001,067,"34- | Shield - Lamp, Single",VMRS_HB_COMPLETE_v20 page 8_pages_76-100.md
,001-068,001,068,34- | Driving Lamp Kit - Pair,VMRS_HB_COMPLETE_v20 page 8_pages_76-100.md
,001-069,001,069,34- | Fog Lamp Kit - Pair,VMRS_HB_COMPLETE_v20 page 8_pages_76-100.md
,001-070,001,070,34- | Bracket - Flood Lamp,VMRS_HB_COMPLETE_v20 page 8_pages_76-100.md
,001-071,001,071,34- | Bracket - Spot Lamp,VMRS_HB_COMPLETE_v20 page 8_pages_76-100.md
,001-072,001,072,34- | Wiring Harness - Driving Lamp,VMRS_HB_COMPLETE_v20 page 8_pages_76-100.md
,001-073,001,073,34- | Wiring Harness - Spot Lamp,VMRS_HB_COMPLETE_v20 page 8_pages_76-100.md
,001-074,001,074,34- | Lamp - Headlamp & Turn Signal Combination,VMRS_HB_COMPLETE_v20 page 8_pages_76-100.md
,001-075,001,075,34- | Mount - Headlamp,VMRS_HB_COMPLETE_v20 page 8_pages_76-100.md
,001-076,001,076,34- | Nameplate - Fog Lamp,VMRS_HB_COMPLETE_v20 page 8_pages_76-100.md
,001-078,001,078,34- | Halogen Capsule - Headlamp,VMRS_HB_COMPLETE_v20 page 8_pages_76-100.md
,001-079,001,079,34- | Adjustment Bracket - Headlamp,VMRS_HB_COMPLETE_v20 page 8_pages_76-100.md
,001-080,001,080,34- | Adjusting Screw - Warning Light,VMRS_HB_COMPLETE_v20 page 8_pages_76-100.md
,001-081,001,081,34- | Life Extender - Headlamp,VMRS_HB_COMPLETE_v20 page 8_pages_76-100.md
,001-085,001,085,34- | Mounting Bracket - Headlamp Switch,VMRS_HB_COMPLETE_v20 page 8_pages_76-100.md
,001-086,001,086,34- | Motor - Headlamp Leveling,VMRS_HB_COMPLETE_v20 page 8_pages_76-100.md
,001-087,001,087,34- | Switch - Headlamp Leveling,VMRS_HB_COMPLETE_v20 page 8_pages_76-100.md
,001-088,001,088,34- | Wiring Harness - Headlamp,VMRS_HB_COMPLETE_v20 page 8_pages_76-100.md
,001-089,001,089,34- | Module - Day Time Running Lamps,VMRS_HB_COMPLETE_v20 page 8_pages_76-100.md
,001-090,001,090,"34- | Hardware, Mounting - Driving Lamps",VMRS_HB_COMPLETE_v20 page 8_pages_76-100.md
,001-091,001,091,"34- | Hardware, Mounting - Strobe Lamp Assembly",VMRS_HB_COMPLETE_v20 page 8_pages_76-100.md
,001-092,001,092,"34- | Flasher, Headlamp - Complete Assembly",VMRS_HB_COMPLETE_v20 page 8_pages_76-100.md
,001-093,001,093,34- | Flasher - Headlamp,VMRS_HB_COMPLETE_v20 page 8_pages_76-100.md
,001-094,001,094,"34- | Bracket, Flasher - Headlamp",VMRS_HB_COMPLETE_v20 page 8_pages_76-100.md
,001-095,001,095,"34- | Hardware, Mounting - Headlamp Flashers",VMRS_HB_COMPLETE_v20 page 8_pages_76-100.md
,001-096,001,096,"34- | Switch, Flasher - Headlamp",VMRS_HB_COMPLETE_v20 page 8_pages_76-100.md
,001-097,001,097,34- | Wiring Harness - Headlamp Flashers,VMRS_HB_COMPLETE_v20 page 8_pages_76-100.md
,001-098,001,098,34- | Lamp - Flood,VMRS_HB_COMPLETE_v20 page 8_pages_76-100.md
,001-099,001,099,34- | Power Supply - Strobe Lamp,VMRS_HB_COMPLETE_v20 page 8_pages_76-100.md
,001-100,001,100,34- | Control Module - Driving Lamp,VMRS_HB_COMPLETE_v20 page 8_pages_76-100.md
,001-101,001,101,34- | Pivot - Adjusting Headlamp,VMRS_HB_COMPLETE_v20 page 8_pages_76-100.md
,001-102,001,102,34- | Lens - Headlamp,VMRS_HB_COMPLETE_v20 page 8_pages_76-100.md
,001-103,001,103,34- | Bracket - Fog Lamp,VMRS_HB_COMPLETE_v20 page 8_pages_76-100.md
,001-104,001,104,34- | Wiring Harness - Fog Lamp,VMRS_HB_COMPLETE_v20 page 8_pages_76-100.md
,001-105,001,105,34- | Guard - Fog Lamp,VMRS_HB_COMPLETE_v20 page 8_pages_76-100.md
,001-106,001,106,34- | Backing Plate - Spot Lamp,VMRS_HB_COMPLETE_v20 page 8_pages_76-100.md
,001-107,001,107,34- | Wiring Harness - Beacon Lamp,VMRS_HB_COMPLETE_v20 page 8_pages_76-100.md
,001-108,001,108,34- | Cover - Cavity Driving Lamp,VMRS_HB_COMPLETE_v20 page 8_pages_76-100.md
,001-109,001,109,34- | Grommet - Headlamp,VMRS_HB_COMPLETE_v20 page 8_pages_76-100.md
,001-110,001,110,"34- | Spring - Bulb Retaining, Headlamp",VMRS_HB_COMPLETE_v20 page 8_pages_76-100.md
,001-111,001,111,34- | Strut - Structure. Headlamp,VMRS_HB_COMPLETE_v20 page 8_pages_76-100.md
,001-112,001,112,34- | Ballast - Headlamp,VMRS_HB_COMPLETE_v20 page 8_pages_76-100.md
,001-113,001,113,34- | Nest - Headlamp,VMRS_HB_COMPLETE_v20 page 8_pages_76-100.md
,001-114,001,114,34- | Cover - Headlamp,VMRS_HB_COMPLETE_v20 page 8_pages_76-100.md
,001-115,001,115,34- | Vent - Snorkel Headlamp,VMRS_HB_COMPLETE_v20 page 8_pages_76-100.md
,001-116,001,116,34- | Plug - Bubber Headlamp,VMRS_HB_COMPLETE_v20 page 8_pages_76-100.md
,001-117,001,117,34- | Bing - Trim Headlamp,VMRS_HB_COMPLETE_v20 page 8_pages_76-100.md
,001-118,001,118,34- | Tube - Belay Headlamp,VMRS_HB_COMPLETE_v20 page 8_pages_76-100.md
,001-119,001,119,34- | Visor - Headlamp,VMRS_HB_COMPLETE_v20 page 8_pages_76-100.md
,001-120,001,120,34- | Bezel - Driving Lamp/Fog Lamp,VMRS_HB_COMPLETE_v20 page 8_pages_76-100.md
,001-121,001,121,34- | Clin - Spot Lamp,VMRS_HB_COMPLETE_v20 page 8_pages_76-100.md
,001-122,001,122,34- | Gasket - Mounting Spot Lamp,VMRS_HB_COMPLETE_v20 page 8_pages_76-100.md
,001-123,001,123,34- | Spring - Torsion Spot Lamp,VMRS_HB_COMPLETE_v20 page 8_pages_76-100.md
,001-125,001,125,34- | Ring - Lens Shot Lamp,VMRS_HB_COMPLETE_v20 page 8_pages_76-100.md
,001-126,001,126,34- | Chain - Spot Lamp,VMRS_HB_COMPLETE_v20 page 8_pages_76-100.md
,001-128,001,128,34- | Cover - Base Shot Lamp,VMRS_HB_COMPLETE_v20 page 8_pages_76-100.md
,001-130,001,130,34 | Control Spot Lamp,VMRS_HB_COMPLETE_v20 page 8_pages_76-100.md
,001-131,001,131,34- | Shaft - Shot Lamp,VMRS_HB_COMPLETE_v20 page 8_pages_76-100.md
,001-132,001,132,34_ | Bazal - Lamp Straha,VMRS_HB_COMPLETE_v20 page 8_pages_76-100.md
,001-133,001,133,34- | Headlamp & Housing Assombly,VMRS_HB_COMPLETE_v20 page 8_pages_76-100.md
,001-134,001,134,34- | Helogon Cancula - Low Poam Hoodlamp,VMRS_HB_COMPLETE_v20 page 8_pages_76-100.md
,001-139,001,139,"54- | Capsule - High Intensity Discharge (HID),",VMRS_HB_COMPLETE_v20 page 8_pages_76-100.md
034-001-140,,034,001,Gasket - Headlamp 034-002-021 Lamp Assembly - License & la | ail Lamp,VMRS_HB_COMPLETE_v20 page 8_pages_76-100.md
,001-141,001,141,"U34- Headiamp - Biackout, Military U34-002-022 Lamp Assembly - Tail, Stop, & | License",VMRS_HB_COMPLETE_v20 page 8_pages_76-100.md
034-001-142,,034,001,"Sensor - Amblent Light Combination, Real034-001-143 Guard - Strobe Lamn 034-002-023 O-Bing - Lons Betainer",VMRS_HB_COMPLETE_v20 page 8_pages_76-100.md
034-001-144,,034,001,Bracket - Sensor Ambient Light 034-002-024 Contact - License Lamp Switc | h,VMRS_HB_COMPLETE_v20 page 8_pages_76-100.md
034-001-145,,034,001,Cover Plate - Single Headlamp 034-002-025 Plug - Stop/Turn/Tail Lamp,VMRS_HB_COMPLETE_v20 page 8_pages_76-100.md
034-001-146,,034,001,Housing - Dual Headlamp 034-002-026 Boot - Rear License Lamp,VMRS_HB_COMPLETE_v20 page 8_pages_76-100.md
034-001-147,,034,001,"Dampener - Headlamp 034-002-028 Hardware, Mounting - Tail Lan | np Socket and Wire",VMRS_HB_COMPLETE_v20 page 8_pages_76-100.md
034-001-148,,034,001,"Louver - Lamp, Fog/Driving 034-002-029 Mounting Gasket - License La | imp",VMRS_HB_COMPLETE_v20 page 8_pages_76-100.md
034-001-149,,034,001,"Igniter - Headlamp, High Intensity Discharge 034-002-030 Plug & Wiring - License Lamp",VMRS_HB_COMPLETE_v20 page 8_pages_76-100.md
034-001-150,,034,001,Shell - Driving Lamp 034-002-031 Pigtail,VMRS_HB_COMPLETE_v20 page 8_pages_76-100.md
034-001-151,,034,001,LED - Headlamp 034-002-033 Bracket - Hear License Lamp,VMRS_HB_COMPLETE_v20 page 8_pages_76-100.md
034-001-152,,034,001,U34-001-152 Circuit Boarda - headiamp U34-002-034 Guarda - hait Lamp Lamp Douting Bunning 034-002-035 Witting Harmon | n,VMRS_HB_COMPLETE_v20 page 8_pages_76-100.md
034-001-156,,034,001,Bulb - Daytime Running Lamp034-001-156 Bulb - Daytime Running Lamp | ιþ,VMRS_HB_COMPLETE_v20 page 8_pages_76-100.md
034-001-155,,034,001,Cap - Foo Lamp 034-002-037 Stop Lamp - High Mount,VMRS_HB_COMPLETE_v20 page 8_pages_76-100.md
034-001-157,,034,001,Gasket - Fog Lamp Combination,VMRS_HB_COMPLETE_v20 page 8_pages_76-100.md
034-001-158,,034,001,Housing - Fog Lamp 034-002-039 Wiring Harness - Trailer Tow,VMRS_HB_COMPLETE_v20 page 8_pages_76-100.md
034-001-159,,034,001,"Gasket - Lens, Fog Lamp 034-002-040 Lamp - Stop",VMRS_HB_COMPLETE_v20 page 8_pages_76-100.md
034-001-160,,034,001,Reflector - Fog Lamp 034-002-041 LED - Rear Tail Light / Stop Li | ght Assembly,VMRS_HB_COMPLETE_v20 page 8_pages_76-100.md
034-001-161,,034,001,Relay - Fog Lamp 034-002-042 LED - License / Iail Lamp Ass | embly,VMRS_HB_COMPLETE_v20 page 8_pages_76-100.md
,001-162,001,162,"U34- Sensor - Level, Adaptive Headlamp U34-002-043 Lamp, Stop - 8 Way Front",VMRS_HB_COMPLETE_v20 page 8_pages_76-100.md
034-001-163,,034,001,"Link - Level Sensol, Adaptive Headlamp 034-002-044 Lamp, Stop - 6 way real",VMRS_HB_COMPLETE_v20 page 8_pages_76-100.md
034-001-165,,034,001,Am - Adjusting Headlamp 034-001-165 Am - Adjusting Headlamp 034-001-165,VMRS_HB_COMPLETE_v20 page 8_pages_76-100.md
034-001-166,,034,001,Cao - Headlamp 034-002-048 Gasket - Lean License Lamp,VMRS_HB_COMPLETE_v20 page 8_pages_76-100.md
034-001-167,,034,001,Gasket - Cap. Headlamp 034-002-049 Snap Ring - Tail Lamp,VMRS_HB_COMPLETE_v20 page 8_pages_76-100.md
034-001-168,,034,001,Clamp - Headlamp 034-002-050 Lamp - License,VMRS_HB_COMPLETE_v20 page 8_pages_76-100.md
034-001-169,,034,001,"Support - Component, Headlamp 034-002-051 Wiring - Stop Light Switch",VMRS_HB_COMPLETE_v20 page 8_pages_76-100.md
034-001-170,,034,001,Control Module - Headlamp 034-002-052 Housing & Lamp - License Pla | ate,VMRS_HB_COMPLETE_v20 page 8_pages_76-100.md
034-001-171,,034,001,"Cover - Access, Control Module, Headlamp 034-002-053 Housing & Lamp w/Metal Brad | cket - License Plate",VMRS_HB_COMPLETE_v20 page 8_pages_76-100.md
034-001-172,,034,001,"Gasket - Control Module, Headlamp 034-002-054 LED - Lamp, Rear Stop/Turn, | Military Blackout",VMRS_HB_COMPLETE_v20 page 8_pages_76-100.md
,001-173,001,173,"U34- Door - Headiamp U34-002-055 Module - Power Distribution, I | all Lamp",VMRS_HB_COMPLETE_v20 page 8_pages_76-100.md
034-001-174,,034,001,"Bezel - Door, Headlamp 034-002-050 Lamp Assembly - Tall Lamp | tor High Mount",VMRS_HB_COMPLETE_v20 page 8_pages_76-100.md
034-002-057,,034,002,"Cover Place - Stop Lamp, Cell | iter High Mount",VMRS_HB_COMPLETE_v20 page 8_pages_76-100.md
034-001-177,,034,001,Gasket - Igniter Headlamp 034-002-059 LED - Stop/Turn/Tail Lamp,VMRS_HB_COMPLETE_v20 page 8_pages_76-100.md
034-001-178,,034,001,"Gasket - Lens, Headlamp 034-002-060 Cap - License Lamp Assembly | V",VMRS_HB_COMPLETE_v20 page 8_pages_76-100.md
034-001-179,,034,001,Molding - Headlamp 034-002-061 Gasket - High Mount Stop Lar | np Assembly,VMRS_HB_COMPLETE_v20 page 8_pages_76-100.md
034-001-180,,034,001,"Motor - Door, Headlamp 034-002-062 Bezel - High Mount Stop Lamp | р",VMRS_HB_COMPLETE_v20 page 8_pages_76-100.md
034-001-181,,034,001,"Bolt - Motor, Headlamp Door 034-002-063 Gasket - Bezel, High Mount S | top Lamp",VMRS_HB_COMPLETE_v20 page 8_pages_76-100.md
034-001-182,,034,001,"Gear - Motor, Headlamp Door 034-002-064 Cap - Cover, High Mount Stop | o Lamp",VMRS_HB_COMPLETE_v20 page 8_pages_76-100.md
,001-183,001,183,"U34- Insulator - Motor, Headlamp Door U34-002-065 Lens - High Mount Stop Lamp | )",VMRS_HB_COMPLETE_v20 page 8_pages_76-100.md
034-001-185,,034,001,U34-001-184 Mounting Kit - Headiamp Gover Mounting Ranol Headiamp034-002 Witing Harpoon High Mounti | npSton Lamn,VMRS_HB_COMPLETE_v20 page 8_pages_76-100.md
034-001-186,,034,001,Gasket Winner Headiamp 034-001-186 Gasket Winner Headiamp 034-001-186 Gasket Winner Headiamp | Slop Lamp,VMRS_HB_COMPLETE_v20 page 8_pages_76-100.md
034-001-187,,034,001,Plug - Betaining Headlamp 034-002-069 Gasket - Cover Tail Land | Lamp,VMRS_HB_COMPLETE_v20 page 8_pages_76-100.md
034-001-188,,034,001,"Lamp Assembly - Fog and Side Marker 034-002-070 Cap - Cover, Tail Lamp",VMRS_HB_COMPLETE_v20 page 8_pages_76-100.md
034-001-189,,034,001,Lamp Assembly - Fog and Turn Signal 034-002-071 Bezel - Tail Lamp,VMRS_HB_COMPLETE_v20 page 8_pages_76-100.md
034-001-190,,034,001,Lamp Assembly - Fog/Turn Signal and Park 034-002-072 Insulator - Tail Lamp Assembly | y,VMRS_HB_COMPLETE_v20 page 8_pages_76-100.md
034-001-191,,034,001,Amplifier - Headlamp 034-002-073 Gasket - Tail Lamp Assembly,VMRS_HB_COMPLETE_v20 page 8_pages_76-100.md
034-002-000,,034,002,"Lamps - Tail, Stop, Turn & License, Rear 034-002-074 Cap - Tail Lamp Assembly",VMRS_HB_COMPLETE_v20 page 8_pages_76-100.md
034-002-001,,034,002,"Housing Assembly - Rear Lamp (Tail/Stop/Turn 034-002-075 Barrier - Adhesive, Tail Lamp",VMRS_HB_COMPLETE_v20 page 8_pages_76-100.md
034-002-076,,034,002,Signai) Cap - High Mount Tail Lamp A | ssembly,VMRS_HB_COMPLETE_v20 page 8_pages_76-100.md
034-002-003,,034,002,Long Tail amp 034-002-077 Silieu - License Lamp | ombly,VMRS_HB_COMPLETE_v20 page 8_pages_76-100.md
034-002-004,,034,002,Socket & Wiring - Tail Lamp 034-002-079 Gasket - Combination Lamp Ass | embly,VMRS_HB_COMPLETE_v20 page 8_pages_76-100.md
034-002-005,,034,002,Pad Or Gasket - Rear Lamp 034-002-080 Lamp - Minjature | loooning,VMRS_HB_COMPLETE_v20 page 8_pages_76-100.md
034-002-006,,034,002,"Bracket - Stop & Tail Lamp 034-002-081 Wiring Harness - Tail, Backup | , License Lamp",VMRS_HB_COMPLETE_v20 page 8_pages_76-100.md
034-002-008,,034,002,Switch - Stop Lamp Combination | · ·,VMRS_HB_COMPLETE_v20 page 8_pages_76-100.md
034-002-009,,034,002,"Hardware, Mounting - Stop Lamp Switch 034-002-082 Bezel - Anti-Theft, Marker and | l Tail Lamp",VMRS_HB_COMPLETE_v20 page 8_pages_76-100.md
034-002-010,,034,002,"Housing Assembly - License Lamp, Rear 034-002-083 LED - License Lamp",VMRS_HB_COMPLETE_v20 page 8_pages_76-100.md
034-002-011,,034,002,Lens - Rear License Lamp 034-002-084 Circuit Board - Tail Lamp,VMRS_HB_COMPLETE_v20 page 8_pages_76-100.md
034-002-012,,034,002,"Housing - Tail/Stop Lamp Combination, Rear 034-002-085 Wiring Harness - Stop/Tail/Tur | m/Backup Lamp,",VMRS_HB_COMPLETE_v20 page 8_pages_76-100.md
,002-086,002,086,COMDINATION 0.34- Wiring Hampes - Stop/19//10/ | H/Dackup Lamp.,VMRS_HB_COMPLETE_v20 page 8_pages_76-100.md
034-002-014,,034,002,Lens Rear Tail/Ston Combination Lemn Tractor,VMRS_HB_COMPLETE_v20 page 8_pages_76-100.md
034-003-001,,034,003,Housing - Front Turn Signal & Parking Lamp | | Combination Assembly,VMRS_HB_COMPLETE_v20 page 8_pages_76-100.md
034-003-002,,034,003,"Hardware, Mounting - Front TurnSignal & | 034-003-058 | Cover Assembly - Electrical Cable Receptacle",VMRS_HB_COMPLETE_v20 page 8_pages_76-100.md
034-003-059,,034,003,"Parking Lamp Housing | | Plug, Insert - 4 Way Tractor Wiring",VMRS_HB_COMPLETE_v20 page 8_pages_76-100.md
034-003-003,,034,003,"Rim - Front Turn Signal & Parking Lamp | 034-003-061 | Plug - Single Pole, 150 Amp, Tractor",VMRS_HB_COMPLETE_v20 page 8_pages_76-100.md
034-003-004,,034,003,"Lens - Front Turn Signal & Parking Lamp | 034-003-062 | Receptacle - Single Pole, 150 Amp, Trailer",VMRS_HB_COMPLETE_v20 page 8_pages_76-100.md
034-003-005,,034,003,Socket & Wiring - Front Turn Signal & ParkingLamp | 034-003-067 | Junction Box - Trailer (W/Electrical Receptacles & Air Line Couplers),VMRS_HB_COMPLETE_v20 page 8_pages_76-100.md
034-003-006,,034,003,Pad Or Gasket - Front Turn Signal & Parking | 034-003-068 | Switch - Backup Alarm,VMRS_HB_COMPLETE_v20 page 8_pages_76-100.md
034-003-069,,034,003,"Lamp | | Adapter - Mounting, Receptacle Housing",VMRS_HB_COMPLETE_v20 page 8_pages_76-100.md
034-003-007,,034,003,Parking Lamp (Separate From Turn Signal) | 034-003-070 | Housing - Receptacle Adapter,VMRS_HB_COMPLETE_v20 page 8_pages_76-100.md
034-003-008,,034,003,"Lens - Parking Lamp (Separate From Turn | 034-003-071 | Lamp Assembly - Turn Signal, Rear",VMRS_HB_COMPLETE_v20 page 8_pages_76-100.md
034-003-073,,034,003,"Signal) | | Gladhand - Junction Box, Side Mounting",VMRS_HB_COMPLETE_v20 page 8_pages_76-100.md
034-003-009,,034,003,Socket & Wiring - Parking Lamp (Separate From | 034-003-074 | Lamp Assembly - Backup,VMRS_HB_COMPLETE_v20 page 8_pages_76-100.md
034-003-075,,034,003,Turn Signal) | | Bracket - Turn Signal Switch,VMRS_HB_COMPLETE_v20 page 8_pages_76-100.md
034-003-010,,034,003,Lamp - Front Turn Signal (Separate From | 034-003-076 | Holder - Signal Flasher,VMRS_HB_COMPLETE_v20 page 8_pages_76-100.md
034-003-077,,034,003,Parking Lamp) | | Gasket - Junction Box,VMRS_HB_COMPLETE_v20 page 8_pages_76-100.md
034-003-011,,034,003,Lens - Front Turn Signal (Separate From Parking | 034-003-078 | Connector - Junction Box,VMRS_HB_COMPLETE_v20 page 8_pages_76-100.md
034-003-079,,034,003,Lamp) | | Housing Assembly - Side Turn Signal,VMRS_HB_COMPLETE_v20 page 8_pages_76-100.md
034-003-012,,034,003,Socket & Wiring - Front Turn Signal (Separate | 034-003-080 | Mounting Bracket - Side Turn Indicator Lamp,VMRS_HB_COMPLETE_v20 page 8_pages_76-100.md
034-003-081,,034,003,From Parking Lamp) | | Lamp Assembly - Mid Trailer Side Turn Indicator,VMRS_HB_COMPLETE_v20 page 8_pages_76-100.md
034-003-013,,034,003,Switch - Emergency Disability | | & Clearance Lamp,VMRS_HB_COMPLETE_v20 page 8_pages_76-100.md
034-003-014,,034,003,"Lever - Turn Signal Operating | 034-003-084 | Pin - Receptacle, 12 Conductor, 24 Volt",VMRS_HB_COMPLETE_v20 page 8_pages_76-100.md
034-003-015,,034,003,"Knob - Turn Signal Operating Lever | 034-003-085 | Insert, Receptacle Pin - 12 Connector / 24 Volt",VMRS_HB_COMPLETE_v20 page 8_pages_76-100.md
034-003-016,,034,003,"Switch - Turn Signal Operating | 034-003-086 | Socket - Receptacle, 12 Conductor / 24 Volt",VMRS_HB_COMPLETE_v20 page 8_pages_76-100.md
034-003-017,,034,003,"Housing - Turn Signal Operating Switch | 034-003-087 | Insert Socket, Receptacle - 12 Conductor / 24",VMRS_HB_COMPLETE_v20 page 8_pages_76-100.md
034-003-018,,034,003,Flasher - Turn Signal | | Volt,VMRS_HB_COMPLETE_v20 page 8_pages_76-100.md
034-003-020,,034,003,Flasher - 4-Way Hazard Signal | 034-003-088 | Plug - 12 Conductor 12/24V,VMRS_HB_COMPLETE_v20 page 8_pages_76-100.md
034-003-021,,034,003,"Rod (Or Cable) - Actuating, Turn Signal | 034-003-092 | Cable, Electrical Connecting - Vehicle To Vehicle",VMRS_HB_COMPLETE_v20 page 8_pages_76-100.md
034-003-022,,034,003,Actuator - Turn Signal | | 12 Wire/24 Volt,VMRS_HB_COMPLETE_v20 page 8_pages_76-100.md
034-003-023,,034,003,Cam - Turn Signal Canceling | 034-003-093 | Gasket - Junction Box Mounting,VMRS_HB_COMPLETE_v20 page 8_pages_76-100.md
034-003-024,,034,003,"Housing Assembly - Turn Signal, Rear | 034-003-094 | Control Box Assembly - Flashers",VMRS_HB_COMPLETE_v20 page 8_pages_76-100.md
034-003-025,,034,003,"Lens - Rear Turn Signal | 034-003-095 | Lens - Indicator, Flasher",VMRS_HB_COMPLETE_v20 page 8_pages_76-100.md
034-003-026,,034,003,"Socket & Wiring - Turn Signal, Rear | 034-003-096 | Switch - Control, Flasher",VMRS_HB_COMPLETE_v20 page 8_pages_76-100.md
034-003-027,,034,003,Housing Assembly - Backup Lamp | 034-003-097 | Lamp Assembly - Side Turn Indicator &,VMRS_HB_COMPLETE_v20 page 8_pages_76-100.md
034-003-028,,034,003,"Hardware, Mounting - Backup Lamp Housing | | Clearance, Mid Tractor",VMRS_HB_COMPLETE_v20 page 8_pages_76-100.md
034-003-098,,034,003,Assembly | | Wiring - Backup Lamp,VMRS_HB_COMPLETE_v20 page 8_pages_76-100.md
034-003-029,,034,003,Lens - Backup Lamp | 034-003-099 | Wiring - Emergency Flasher,VMRS_HB_COMPLETE_v20 page 8_pages_76-100.md
034-003-030,,034,003,"Rim - Backup Lamp | 034-003-100 | Hardware, Mounting - Backup Lamp Wiring",VMRS_HB_COMPLETE_v20 page 8_pages_76-100.md
034-003-031,,034,003,"Switch - Backup Lamp | 034-003-101 | Hardware, Mounting - 4-way Hazard Single",VMRS_HB_COMPLETE_v20 page 8_pages_76-100.md
034-003-032,,034,003,"Receptacle, (With Circuit Breaker) - Trailers | | Flasher",VMRS_HB_COMPLETE_v20 page 8_pages_76-100.md
034-003-033,,034,003,"Hardware, Mounting - Receptacle (With Circuit Breaker), Trailers | 034-003-102 | Hardware, Mounting - Side Turn Single Housing Assembly",VMRS_HB_COMPLETE_v20 page 8_pages_76-100.md
034-003-034,,034,003,Receptacle (With Pins) - Trailer Wiring | 034-003-103 | Flasher - Wig-Wag,VMRS_HB_COMPLETE_v20 page 8_pages_76-100.md
034-003-036,,034,003,Plug (7 Seven Conductor Electrical Connector) - | 034-003-104 | Indicator - Wig-Wag,VMRS_HB_COMPLETE_v20 page 8_pages_76-100.md
034-003-105,,034,003,"Tractor Wiring | | Base - Retractable Stop Arm, Side Mount",VMRS_HB_COMPLETE_v20 page 8_pages_76-100.md
034-003-037,,034,003,"Connecting (Jumper) Cable - 7 Pin Male Plug | 034-003-106 | Plate - Retractable Stop Arm, Side Mount",VMRS_HB_COMPLETE_v20 page 8_pages_76-100.md
034-003-038,,034,003,"Cable, Electrical - Trailer-To-Trailer with 2 Seven | 034-003-107 | Hinge - Retractable Stop Arm, Side Mount",VMRS_HB_COMPLETE_v20 page 8_pages_76-100.md
034-003-108,,034,003,"Pin Plugs | | Cable - Retractable Stop Arm, Side Mount",VMRS_HB_COMPLETE_v20 page 8_pages_76-100.md
034-003-039,,034,003,"Cable, Electrical - Trailer-To-Converter & Trailer | 034-003-109 | Lens - Retractable Stop Arm, Side Mount",VMRS_HB_COMPLETE_v20 page 8_pages_76-100.md
034-003-110,,034,003,"Combination W/3 Plugs | | Lamp Assembly - Retractable Stop Arm, Side",VMRS_HB_COMPLETE_v20 page 8_pages_76-100.md
034-003-040,,034,003,"Insert, Electrical Cable - 7 Pin Female | 004 000 111 | Mount",VMRS_HB_COMPLETE_v20 page 8_pages_76-100.md
004-000-044,,004,000,"Receptacle Connector | 034-003-111 | Blade - Retractable Stop Arm, Side Mount",VMRS_HB_COMPLETE_v20 page 8_pages_76-100.md
034-003-041,,034,003,"Insert, Electrical Cable - 7 Pin Male Connector | 034-003-112 | Motor - Retractable Stop Arm, Side Mount",VMRS_HB_COMPLETE_v20 page 8_pages_76-100.md
004-000-040,,004,000,"Plug Replacement | 034-003-113 | Receptacle - Electrical, 4 Pins, Trailer Wiring",VMRS_HB_COMPLETE_v20 page 8_pages_76-100.md
034-003-042,,034,003,"Ierminais (Pins) - Electrical Cables | 034-003-114 | Insert, Receptacle - 4 Way Connector",VMRS_HB_COMPLETE_v20 page 8_pages_76-100.md
034-003-043,,034,003,"Cover - Electrical Cable Receptacle | 034-003-115 | Replacement Insert - Plug, Single Pole",VMRS_HB_COMPLETE_v20 page 8_pages_76-100.md
034-003-044,,034,003,"Receptacle, 6 Pin Female Connector, Trailer | 034-003-115 | Replacement Insert - Single Pole, Receptacle",VMRS_HB_COMPLETE_v20 page 8_pages_76-100.md
004-000-045,,004,000,"WinngDiur 6 Din Mala Connector Trailer Wining | 034-003-117 | Plug - Connector, 6 way Plug To 6 way",VMRS_HB_COMPLETE_v20 page 8_pages_76-100.md
034-003-045,,034,003,"Plug, 6 Plin Male Connector - Trailer Willing | 024 002 110 | Receptacle",VMRS_HB_COMPLETE_v20 page 8_pages_76-100.md
034-003-047,,034,003,Pocontaclo Protoctivo E/Trailor Cablo Plug | 03/ 003 110 | Root Recontacle Electrical Connecting Cord,VMRS_HB_COMPLETE_v20 page 8_pages_76-100.md
034-003-046,,034,003,Storage | 034-003-119 | Spring - Retractable Stop Arm Side Mount,VMRS_HB_COMPLETE_v20 page 8_pages_76-100.md
034-003-049,,034,003,Spring - Becentacle Cover | 034-003-121 | Piotail,VMRS_HB_COMPLETE_v20 page 8_pages_76-100.md
034-003-050,,034,003,Pin - Receptacle Cover | 034-003-122 | Switch - Retractable Stop Arm Side Mount,VMRS_HB_COMPLETE_v20 page 8_pages_76-100.md
034-003-051,,034,003,"Guard - Cable Connector | 034-003-123 | Regulator - Retractable Stop Arm, Side Mount",VMRS_HB_COMPLETE_v20 page 8_pages_76-100.md
034-003-052,,034,003,"Boot - Plug/Cable Protecting | 034-003-124 | Solenoid - Retractable Stop Arm, Side Mount",VMRS_HB_COMPLETE_v20 page 8_pages_76-100.md
034-003-053,,034,003,Boot - Socket/Cable Protecting | 034-003-125 | Valve - Retractable Stop Arm. Side Mount,VMRS_HB_COMPLETE_v20 page 8_pages_76-100.md
034-003-054,,034,003,Support - Plug | 034-003-126 | Vacuum Assembly - Stop Arm,VMRS_HB_COMPLETE_v20 page 8_pages_76-100.md
034-003-056,,034,003,"Plug - Electrical, 4-Way, Tractor Wiring | 034-003-127 | Stop Arm Assembly - Air Operated",VMRS_HB_COMPLETE_v20 page 8_pages_76-100.md
034-003-057,,034,003,Lamp - Front Turn Signal & Parking | 034-003-128 | Stop Arm Assembly - Flectric,VMRS_HB_COMPLETE_v20 page 8_pages_76-100.md
034-003-129,,034,003,Breakaway Kit | 034-004-001 | Wiring Harness - Instrument Panel,VMRS_HB_COMPLETE_v20 page 8_pages_76-100.md
034-003-130,,034,003,Adapter/Mounting Pad - Lamp | 034-004-002 | Wiring Harness - Forward Bulkhead,VMRS_HB_COMPLETE_v20 page 8_pages_76-100.md
034-003-131,,034,003,Bracket - Turn Signal | 034-004-003 | Wiring Harness - Rearward Bulkhead,VMRS_HB_COMPLETE_v20 page 8_pages_76-100.md
034-003-132,,034,003,Decal - Turn Signal Switch | 034-004-004 | Wiring Harness - Starter,VMRS_HB_COMPLETE_v20 page 8_pages_76-100.md
034-003-133,,034,003,Guard - Turn Signal | 034-004-005 | Wiring Harness - Main Body Or Cab,VMRS_HB_COMPLETE_v20 page 8_pages_76-100.md
034-003-135,,034,003,Turn Signal - Wide Turn | 034-004-006 | Wiring Harness - Interior Lamps,VMRS_HB_COMPLETE_v20 page 8_pages_76-100.md
024-002-126,,024,002,Hardware Mounting Front Turn Signal Lamn | 024 004 007 | Wiring Harness - Interior Lamps,VMRS_HB_COMPLETE_v20 page 8_pages_76-100.md
034-003-137,,034,003,Bracket - Backup Light | 034-004-008 | Fuse Block,VMRS_HB_COMPLETE_v20 page 8_pages_76-100.md
034-003-138,,034,003,"Bracket - Connector | 034-004-009 | Fuse - Electrical, Cartridge (Glass Or Ceramic)",VMRS_HB_COMPLETE_v20 page 8_pages_76-100.md
034-003-139,,034,003,"Wiring Harness - Main, Trailer to Receptacle | 034-004-010 | Circuit Breaker",VMRS_HB_COMPLETE_v20 page 8_pages_76-100.md
034-003-140,,034,003,"Hardware, Mounting - Trailer to Receptacle Main | 034-004-011 | Printed Circuit - Instrument Cluster",VMRS_HB_COMPLETE_v20 page 8_pages_76-100.md
034-004-012,,034,004,Harness | | Socket & Wiring - Instrument Panel Lamp,VMRS_HB_COMPLETE_v20 page 8_pages_76-100.md
034-003-141,,034,003,"LED - Turn Signal Lamp, Front | 034-004-013 | Socket & Wiring - Ignition Lamp",VMRS_HB_COMPLETE_v20 page 8_pages_76-100.md
034-003-142,,034,003,LED - Back-Up Lamp Assembly | 034-004-014 | Switch - Interior Lamp,VMRS_HB_COMPLETE_v20 page 8_pages_76-100.md
034-003-143,,034,003,Relay - Receptacle Power | 034-004-015 | Switch - Door Jamb,VMRS_HB_COMPLETE_v20 page 8_pages_76-100.md
034-003-144,,034,003,Belay - Turn Signal Buzzer | 034-004-016 | Socket & Wiring - Under Hood Lamp,VMRS_HB_COMPLETE_v20 page 8_pages_76-100.md
034-003-145,,034,003,Bracket - Flasher Turn Signal | 034-004-017 | Switch - Under Hood Lamp,VMRS_HB_COMPLETE_v20 page 8_pages_76-100.md
024-002-146,,024,002,Chimon Elector Turn Signal | 024 004 019 | Switch - Under Hood Lamp,VMRS_HB_COMPLETE_v20 page 8_pages_76-100.md
034-003-147,,034,003,"Cable - Trailer, Electrical, Supplemental | 034-004-019 | Buibs - All Lamps (Except Sealed Beam),",VMRS_HB_COMPLETE_v20 page 8_pages_76-100.md
034-003-148,,034,003,Cover - Trailer Cable | | Position Not Specified,VMRS_HB_COMPLETE_v20 page 8_pages_76-100.md
034-003-149,,034,003,Mounting Bracket - Parking Lamp | 034-004-020 | Housing - Dome Lamp,VMRS_HB_COMPLETE_v20 page 8_pages_76-100.md
034-003-150,,034,003,"Switch - Warning, Turn Signal | 034-004-021 | Lamp - Marker",VMRS_HB_COMPLETE_v20 page 8_pages_76-100.md
034-003-151,,034,003,"Connector - Socket, Turn Signal | 034-004-022 | Switch - Dome Lamp",VMRS_HB_COMPLETE_v20 page 8_pages_76-100.md
034-003-152,,034,003,Spacer - Turn Signal Wiring | 034-004-023 | Wiring Harness - Trailers,VMRS_HB_COMPLETE_v20 page 8_pages_76-100.md
034-003-153,,034,003,"Gasket - Lens, Backup Lamp | 034-004-024 | Lamp - Clearance",VMRS_HB_COMPLETE_v20 page 8_pages_76-100.md
034-003-154,,034,003,Gasket - Mounting Backup Light | 034-004-027 | Lens - Marker Lamp,VMRS_HB_COMPLETE_v20 page 8_pages_76-100.md
034-003-155,,034,003,Gasket - Ston Arm Lens | 034-004-028 | Lens - Clearance Lamp,VMRS_HB_COMPLETE_v20 page 8_pages_76-100.md
034-003-156,,034,003,Bushing Stop Arm Long | 034 004 020 | Tio Strap For Wiring Or Wiring Harposs,VMRS_HB_COMPLETE_v20 page 8_pages_76-100.md
004-000-157,,004,000,Com Detracting Ctop Arm Long | 034-004-029 | He Strap - For Willing OF Willing Harness,VMRS_HB_COMPLETE_v20 page 8_pages_76-100.md
034-003-157,,034,003,"Calli - Retracting, Stop Alli Lens | 034-004-030 | Loom - winng Or winnig Harness",VMRS_HB_COMPLETE_v20 page 8_pages_76-100.md
034-003-158,,034,003,"Cable - Tractor to Trailer, Electrical, Primary | 034-004-031 | Box - Junction",VMRS_HB_COMPLETE_v20 page 8_pages_76-100.md
034-003-159,,034,003,"LED - Lamp, Front Turn Signal, Blackout | 034-004-032 | Wrap - Wire Harness",VMRS_HB_COMPLETE_v20 page 8_pages_76-100.md
034-003-160,,034,003,"Wiring Harness - Trailer Plug-In Adapter | 034-004-033 | Switch - Relay, Instrument Panel",VMRS_HB_COMPLETE_v20 page 8_pages_76-100.md
034-003-161,,034,003,"Receptacle - 7 Pin Connector, Female | 034-004-034 | Switch - Clearance & Marker Lamps",VMRS_HB_COMPLETE_v20 page 8_pages_76-100.md
034-003-162,,034,003,"Bracket - Cam, Turn Signaling Canceling | 034-004-036 | Mounting Bracket - Marker Lamp",VMRS_HB_COMPLETE_v20 page 8_pages_76-100.md
034-003-163,,034,003,"Lamp & Bracket Assembly - Front Turn Signal | 034-004-037 | Cable, Electrical - 7 Way Bulk",VMRS_HB_COMPLETE_v20 page 8_pages_76-100.md
034-003-164,,034,003,"Wiring Harness - w/Receptacle, 7 Pin | 034-004-038 | O-Ring - Lens Retainer, Clearance/Marker Lamp",VMRS_HB_COMPLETE_v20 page 8_pages_76-100.md
034-003-165,,034,003,Switch - Multi-Eunction Turn Signal | 034-004-039 | Fuse - In-line Wiring,VMRS_HB_COMPLETE_v20 page 8_pages_76-100.md
034-003-166,,034,003,Cam Driver - Turn Signal Canceling | 034-004-040 | Relay - Clearance & Marker Lamps,VMRS_HB_COMPLETE_v20 page 8_pages_76-100.md
024-002-167,,024,002,Modulo Turn Signal | 024 004 041 | Mounting Procket Kit Marker Lomp,VMRS_HB_COMPLETE_v20 page 8_pages_76-100.md
034-003-107,,034,003,Nodule - Turn Signal | 034-004-041 | Mounting Diacket Rit - Marker Lamp,VMRS_HB_COMPLETE_v20 page 8_pages_76-100.md
034-003-169,,034,003,Lamp Assembly - Cornering | | Lamps,VMRS_HB_COMPLETE_v20 page 8_pages_76-100.md
034-003-170,,034,003,"Housing - Cornering Lamp | 034-004-043 | Cable, Electrical - 4 Way Bulk",VMRS_HB_COMPLETE_v20 page 8_pages_76-100.md
034-003-171,,034,003,"Lens - Cornering Lamp | 034-004-044 | Cable, Electrical - 6 Way Bulk",VMRS_HB_COMPLETE_v20 page 8_pages_76-100.md
034-003-172,,034,003,"Lamp Assembly - Park and Cornering | 034-004-045 | Tubing, Wire - Heat Shrinkable",VMRS_HB_COMPLETE_v20 page 8_pages_76-100.md
034-003-173,,034,003,"Housing Assembly - Turn Signal, Front | 034-004-046 | Lens - Dome Lamp",VMRS_HB_COMPLETE_v20 page 8_pages_76-100.md
034-003-174,,034,003,Cap - Turn Signal Lamp Assembly | 034-004-047 | Plug - Marker/Clearance Lamp,VMRS_HB_COMPLETE_v20 page 8_pages_76-100.md
034-003-175,,034,003,"Gasket - Lens, Turn Signal Lamp | 034-004-048 | Block - Terminal, Junction Box",VMRS_HB_COMPLETE_v20 page 8_pages_76-100.md
034-003-176,,034,003,"Tube - Socket Guide, Turn Signal Lamp | 034-004-049 | Plug - Filler Junction Box",VMRS_HB_COMPLETE_v20 page 8_pages_76-100.md
034-003-177,,034,003,Lemp Backup and License | 034-004-050 | Terminal Euco Danal,VMRS_HB_COMPLETE_v20 page 8_pages_76-100.md
004-000-170,,004,000,Lamp - Dackup and License | 034-004-051,VMRS_HB_COMPLETE_v20 page 8_pages_76-100.md
034-003-179,,034,003,Housing - Parking Lamp | 034-004-052 | Lock - Fuse Panel,VMRS_HB_COMPLETE_v20 page 8_pages_76-100.md
034-003-180,,034,003,Gasket - Parking Lamp Lens | 034-004-053 | Screw - Fuse Panel Door,VMRS_HB_COMPLETE_v20 page 8_pages_76-100.md
034-003-181,,034,003,Lamp Assembly - Turn Signal and Side Marker | 034-004-054 | Knob - Panel Lamp,VMRS_HB_COMPLETE_v20 page 8_pages_76-100.md
034-003-182,,034,003,"Plug - Dual Pole | 034-004-055 | Plug - Relay, Marker Lamp",VMRS_HB_COMPLETE_v20 page 8_pages_76-100.md
034-003-183,,034,003,"Repair Kit - Lid, Receptacle | 034-004-056 | Bracket - Circuit Breaker",VMRS_HB_COMPLETE_v20 page 8_pages_76-100.md
034-003-184,,034,003,Socket - Dual Pole | 034-004-057 | Cover - Fuse Panel,VMRS_HB_COMPLETE_v20 page 8_pages_76-100.md
034-003-185,,034,003,"Cable - Electrical, Coiled, Non-ABS, 7 Pin/ | 034-004-058 | Grommet - Clearance Lamp",VMRS_HB_COMPLETE_v20 page 8_pages_76-100.md
034-004-059,,034,004,wCords | | Housing - Clearance Lamp,VMRS_HB_COMPLETE_v20 page 8_pages_76-100.md
034-003-186,,034,003,Socket - Single Pole | 034-004-060 | Module - Day Lamp,VMRS_HB_COMPLETE_v20 page 8_pages_76-100.md
034-003-187,,034,003,Insert - Dual Pole Plug | 034-004-061 | Instrument Lamp,VMRS_HB_COMPLETE_v20 page 8_pages_76-100.md
024-002-107,,024,002,Insert - Dual Pole Seeket | 024 004 062 | Advertising Lamp,VMRS_HB_COMPLETE_v20 page 8_pages_76-100.md
004-000-100,,004,000,Decenterie Duel Dele 150 Amp | 034-004-002,VMRS_HB_COMPLETE_v20 page 8_pages_76-100.md
034-003-189,,034,003,"Receptacie - Dual Pole, 150 Amp | 034-004-063 | Lamp - Load",VMRS_HB_COMPLETE_v20 page 8_pages_76-100.md
034-003-190,,034,003,"Harness - Clearance/Turn, Traller, Center | 034-004-064 | Lamp - Fluorescent",VMRS_HB_COMPLETE_v20 page 8_pages_76-100.md
034-003-191,,034,003,LED - Turn Signal and Parking Combination | 034-004-065 | Lamp - Map/Reading,VMRS_HB_COMPLETE_v20 page 8_pages_76-100.md
034-004-066,,034,004,"Assembly, Front | | Dampener - Headlamp",VMRS_HB_COMPLETE_v20 page 8_pages_76-100.md
034-003-192,,034,003,"LED - Turn Indicator and Marker, Mid-Tractor, | 034-004-067 | Lamp - Beacon",VMRS_HB_COMPLETE_v20 page 8_pages_76-100.md
034-004-068,,034,004,Side | | Lamp - Courtesy,VMRS_HB_COMPLETE_v20 page 8_pages_76-100.md
034-003-193,,034,003,LED - Turn Indicator and Marker Lamp. Mid- | 034-004-069 | Plug - Switch,VMRS_HB_COMPLETE_v20 page 8_pages_76-100.md
034-004-070,,034,004,Trailer. Side | | Socket - Lamp Assembly,VMRS_HB_COMPLETE_v20 page 8_pages_76-100.md
034-003-194,,034,003,"LED - Turn Signal Lamp, Rear | 034-004-071 | Relay - Lighting",VMRS_HB_COMPLETE_v20 page 8_pages_76-100.md
034-004-000,,034,004,Bulbs Fuses & Wiring | 034-004-072 | Module - Rheostat,VMRS_HB_COMPLETE_v20 page 8_pages_76-100.md
004-004-000,,004,004,"Duibo, i uoco a wiiniy | 004-012 | Modulo - Hilboolal",VMRS_HB_COMPLETE_v20 page 8_pages_76-100.md
034-004-073,,034,004,Switch (Rheostat) - Lamp,VMRS_HB_COMPLETE_v20 page 8_pages_76-100.md
034-004-074,,034,004,Switch - Rocker,VMRS_HB_COMPLETE_v20 page 8_pages_76-100.md
034-004-075,,034,004,Wiring - Accessories,VMRS_HB_COMPLETE_v20 page 8_pages_76-100.md
034-004-076,,034,004,Wiring - Auxiliary Lamp,VMRS_HB_COMPLETE_v20 page 8_pages_76-100.md
034-004-077,,034,004,Wiring - Toggle/Rocker Switch,VMRS_HB_COMPLETE_v20 page 8_pages_76-100.md
034-004-078,,034,004,"Wiring Harness - Security System, Cab Alarm",VMRS_HB_COMPLETE_v20 page 8_pages_76-100.md
034-004-079,,034,004,Wiring Harness - Cab Ignition Switch,VMRS_HB_COMPLETE_v20 page 8_pages_76-100.md
034-004-080,,034,004,Wiring - Sleeper Lamp,VMRS_HB_COMPLETE_v20 page 8_pages_76-100.md
034-004-081,,034,004,Switch - loggle,VMRS_HB_COMPLETE_v20 page 8_pages_76-100.md
034-004-082,,034,004,Lamp - Hi Beam,VMRS_HB_COMPLETE_v20 page 8_pages_76-100.md
034-004-083,,034,004,Lamp Assembly - Interior,VMRS_HB_COMPLETE_v20 page 8_pages_76-100.md
034-004-084,,034,004,Mounting Plate - Fluorescent Lamp,VMRS_HB_COMPLETE_v20 page 8_pages_76-100.md
034-004-009,,034,004,Earling - DorlieFace Plate - Rocker Switch,VMRS_HB_COMPLETE_v20 page 8_pages_76-100.md
034-004-091,,034,004,Switch - Lamp Luggage Compartment,VMRS_HB_COMPLETE_v20 page 8_pages_76-100.md
034-004-030,,034,004,Grommet - Wiring Or Wiring Harness,VMRS_HB_COMPLETE_v20 page 8_pages_76-100.md
034-004-097,,034,004,Wiring Harness - Cab Boof Lamp,VMRS_HB_COMPLETE_v20 page 8_pages_76-100.md
034-004-099,,034,004,Wiring Harness - Chassis,VMRS_HB_COMPLETE_v20 page 8_pages_76-100.md
034-004-100,,034,004,Lamp - Cargo,VMRS_HB_COMPLETE_v20 page 8_pages_76-100.md
034-004-103,,034,004,Hardware Mounting - Body and Cab Main,VMRS_HB_COMPLETE_v20 page 8_pages_76-100.md
001-001-100,,001,001,Wiring,VMRS_HB_COMPLETE_v20 page 8_pages_76-100.md
034-004-104,,034,004,"Hardware, Mounting - Dome Lamp Housing",VMRS_HB_COMPLETE_v20 page 8_pages_76-100.md
034-004-105,,034,004,Fuse Holder,VMRS_HB_COMPLETE_v20 page 8_pages_76-100.md
034-004-106,,034,004,Cable - Bulk. Lighting,VMRS_HB_COMPLETE_v20 page 8_pages_76-100.md
034-004-107,,034,004,Connectors - Electrical (Terminals),VMRS_HB_COMPLETE_v20 page 8_pages_76-100.md
034-004-108,,034,004,Pigtail,VMRS_HB_COMPLETE_v20 page 8_pages_76-100.md
034-004-110,,034,004,"Switch - Push-Pull, Universal",VMRS_HB_COMPLETE_v20 page 8_pages_76-100.md
034-004-112,,034,004,"Lamp Strip - Fiber Optic, Dash",VMRS_HB_COMPLETE_v20 page 8_pages_76-100.md
034-004-113,,034,004,Lens - Bumper Guide (Fender Finder),VMRS_HB_COMPLETE_v20 page 8_pages_76-100.md
034-004-114,,034,004,Bulb - Bumper Guide (Fender Finder),VMRS_HB_COMPLETE_v20 page 8_pages_76-100.md
034-004-115,,034,004,Pigtail,VMRS_HB_COMPLETE_v20 page 8_pages_76-100.md
034-004-116,,034,004,Lamp - Trunk,VMRS_HB_COMPLETE_v20 page 8_pages_76-100.md
034-004-117,,034,004,Control Box - Pursuit Lamp,VMRS_HB_COMPLETE_v20 page 8_pages_76-100.md
034-004-118,,034,004,Indicator Lamp - Cruise Control,VMRS_HB_COMPLETE_v20 page 8_pages_76-100.md
034-004-119,,034,004,Spacer - Bumper Guide Lamp,VMRS_HB_COMPLETE_v20 page 8_pages_76-100.md
034-004-120,,034,004,Clamp - Bumper Guide Kit,VMRS_HB_COMPLETE_v20 page 8_pages_76-100.md
034-004-121,,034,004,Bumper Guide Lamp,VMRS_HB_COMPLETE_v20 page 8_pages_76-100.md
034-004-122,,034,004,Lamp - Stepwell,VMRS_HB_COMPLETE_v20 page 8_pages_76-100.md
034-004-123,,034,004,Socket - Stepwell Lamp,VMRS_HB_COMPLETE_v20 page 8_pages_76-100.md
034-004-124,,034,004,Gasket - Marker Lamp,VMRS_HB_COMPLETE_v20 page 8_pages_76-100.md
034-004-125,,034,004,Door Signal - Lamp Assembly,VMRS_HB_COMPLETE_v20 page 8_pages_76-100.md
034-004-126,,034,004,Door & Farebox Lamp Assembly,VMRS_HB_COMPLETE_v20 page 8_pages_76-100.md
034-004-127,,034,004,"Lamp - Door, Exterior",VMRS_HB_COMPLETE_v20 page 8_pages_76-100.md
034-004-128,,034,004,Brackel - Beacon Lamp,VMRS_HB_COMPLETE_v20 page 8_pages_76-100.md
034-004-129,,034,004,"Hardware, Mounting - Beacon Lamp Bracket",VMRS_HB_COMPLETE_v20 page 8_pages_76-100.md
034-004-130,,034,004,Guard - Marker/Clearance Lamp,VMRS_HB_COMPLETE_v20 page 8_pages_76-100.md
034-004-131,,034,004,Ruchar,VMRS_HB_COMPLETE_v20 page 8_pages_76-100.md
034-004-132,,034,004,Bezel - Indicator Lamo,VMRS_HB_COMPLETE_v20 page 8_pages_76-100.md
034-004-134,,034,004,Bracket - Junction Block Front Lamps,VMRS_HB_COMPLETE_v20 page 8_pages_76-100.md
034-004-135,,034,004,"Bracket - Junction Block, Pront Lamps",VMRS_HB_COMPLETE_v20 page 8_pages_76-100.md
034-004-136,,034,004,Bracket - Cab Dome Lamp,VMRS_HB_COMPLETE_v20 page 8_pages_76-100.md
034-004-137,,034,004,Wiring Harness - Interrupter Switch,VMRS_HB_COMPLETE_v20 page 8_pages_76-100.md
034-004-138,,034,004,Wiring Harness - Marker Lamps,VMRS_HB_COMPLETE_v20 page 8_pages_76-100.md
034-004-139,,034,004,Holder - Bulb,VMRS_HB_COMPLETE_v20 page 8_pages_76-100.md
034-004-140,,034,004,"Housing - Female, 4-Way",VMRS_HB_COMPLETE_v20 page 8_pages_76-100.md
034-004-141,,034,004,Insulator - Harness Protector,VMRS_HB_COMPLETE_v20 page 8_pages_76-100.md
034-004-142,,034,004,"Lamp - Bunk, Lower",VMRS_HB_COMPLETE_v20 page 8_pages_76-100.md
034-004-143,,034,004,Lamp - Trouble,VMRS_HB_COMPLETE_v20 page 8_pages_76-100.md
034-004-144,,034,004,Mount - Cable Tie,VMRS_HB_COMPLETE_v20 page 8_pages_76-100.md
034-004-145,,034,004,"Plug - Socket Misc., Lamp Kit",VMRS_HB_COMPLETE_v20 page 8_pages_76-100.md
034-004-146,,034,004,Resistor - Voltage Regulator,VMRS_HB_COMPLETE_v20 page 8_pages_76-100.md
034-004-147,,034,004,Spring - Fuse Holder,VMRS_HB_COMPLETE_v20 page 8_pages_76-100.md
034-004-148,,034,004,Wiring - Marker Lamp,VMRS_HB_COMPLETE_v20 page 8_pages_76-100.md
034-004-149,,034,004,Light Bar - Marker Lamp,VMRS_HB_COMPLETE_v20 page 8_pages_76-100.md
034-004-150,,034,004,Load Center - Cab,VMRS_HB_COMPLETE_v20 page 8_pages_76-100.md
034-004-151,,034,004,"Circuit Board - Load Center, Cab",VMRS_HB_COMPLETE_v20 page 8_pages_76-100.md
034-004-152,,034,004,"Hardware, Mounting - Cab Load Center",VMRS_HB_COMPLETE_v20 page 8_pages_76-100.md
034-004-153,,034,004,Guard - Lamp,VMRS_HB_COMPLETE_v20 page 8_pages_76-100.md
034-004-154,,034,004,Escutcheon - Switch,VMRS_HB_COMPLETE_v20 page 8_pages_76-100.md
034-004-155,,034,004,Mounting - Fuse Panel,VMRS_HB_COMPLETE_v20 page 8_pages_76-100.md
034-004-156,,034,004,Load Center - Trailer,VMRS_HB_COMPLETE_v20 page 8_pages_76-100.md
034-004-157,,034,004,Circuit Board - Load Center Trailer,VMRS_HB_COMPLETE_v20 page 8_pages_76-100.md
034-004-158,,034,004,"Hardware, Mounting - Trailer Load Center",VMRS_HB_COMPLETE_v20 page 8_pages_76-100.md
034-004-109,,034,004,Mounting Adapter Marker Lamp,VMRS_HB_COMPLETE_v20 page 8_pages_76-100.md
034-004-160,,034,004,Mounting Adapter - Marker Lamp,VMRS_HB_COMPLETE_v20 page 8_pages_76-100.md
034-004-101,,034,004,Bracket - Advertising Light,VMRS_HB_COMPLETE_v20 page 8_pages_76-100.md
034-004-162,,034,004,Bracket - Door Switch,VMRS_HB_COMPLETE_v20 page 8_pages_76-100.md
034-004-163,,034,004,Mounting Bracket - Electrical Panel,VMRS_HB_COMPLETE_v20 page 8_pages_76-100.md
034-004-164,,034,004,Bracket - Electrical Options,VMRS_HB_COMPLETE_v20 page 8_pages_76-100.md
034-004-165,,034,004,Bracket - Fuse Block,VMRS_HB_COMPLETE_v20 page 8_pages_76-100.md
034-004-166,,034,004,"Bracket - Wiring Harness, Main Wiring",VMRS_HB_COMPLETE_v20 page 8_pages_76-100.md
034-004-167,,034,004,Bracket - Interior Lamp,VMRS_HB_COMPLETE_v20 page 8_pages_76-100.md
034-004-168,,034,004,"Bracket - Junction Block, Signal, Parking &",VMRS_HB_COMPLETE_v20 page 8_pages_76-100.md
034-004-169,,034,004,Bracket - Magnetic Switch,VMRS_HB_COMPLETE_v20 page 8_pages_76-100.md
034-004-170,,034,004,Bracket - Power Module,VMRS_HB_COMPLETE_v20 page 8_pages_76-100.md
034-004-172,,034,004,Bracket - Relay/Circuit Breaker,VMRS_HB_COMPLETE_v20 page 8_pages_76-100.md
034-004-173,,034,004,Bracket - Receptacle,VMRS_HB_COMPLETE_v20 page 8_pages_76-100.md
034-004-174,,034,004,"Bracket - Switch, Baggage Door",VMRS_HB_COMPLETE_v20 page 8_pages_76-100.md
034-004-175,,034,004,Mounting Bracket - Switch,VMRS_HB_COMPLETE_v20 page 8_pages_76-100.md
034-004-176,,034,004,Bracket - Terminal/Connector,VMRS_HB_COMPLETE_v20 page 8_pages_76-100.md
034-004-177,,034,004,Bracket - Utility Light,VMRS_HB_COMPLETE_v20 page 8_pages_76-100.md
034-004-180,,034,004,Long Interior Lamp,VMRS_HB_COMPLETE_v20 page 8_pages_76-100.md
034-004-102,,034,004,"Switch - Magnetic, Main Power Module",VMRS_HB_COMPLETE_v20 page 8_pages_76-100.md
034-004-183,,034,004,"Cable, Electrical - General",VMRS_HB_COMPLETE_v20 page 8_pages_76-100.md
034-004-184,,034,004,Lamp - Utility,VMRS_HB_COMPLETE_v20 page 8_pages_76-100.md
034-004-185,,034,004,"Receptacle - Connector, Female",VMRS_HB_COMPLETE_v20 page 8_pages_76-100.md
034-004-186,,034,004,Label - Fuse Block,VMRS_HB_COMPLETE_v20 page 8_pages_76-100.md
034-004-187,,034,004,Wiring Harness - Brake Pad Wear Sensor,VMRS_HB_COMPLETE_v20 page 8_pages_76-100.md
034-004-188,,034,004,Wiring Harness - Trailer Plug-In Adapter,VMRS_HB_COMPLETE_v20 page 8_pages_76-100.md
034-004-189,,034,004,Wiring Harness - Cigar Lighter,VMRS_HB_COMPLETE_v20 page 8_pages_76-100.md
034-004-190,,034,004,Wiring Harness - Seat Belt Warning Indicator,VMRS_HB_COMPLETE_v20 page 8_pages_76-100.md
034-004-191,,034,004,Wiring Harness - Fuel Tank Sending Unit,VMRS_HB_COMPLETE_v20 page 8_pages_76-100.md
034-004-192,,034,004,Wiring Harness - Rear Heater & A/C,VMRS_HB_COMPLETE_v20 page 8_pages_76-100.md
034-004-193,,034,004,Wiring Harness - Trunk/Cargo Lamp,VMRS_HB_COMPLETE_v20 page 8_pages_76-100.md
034-004-194,,034,004,Wiring Harness - Power Seats,VMRS_HB_COMPLETE_v20 page 8_pages_76-100.md
034-004-195,,034,004,Wiring Harness - Power Door Locks / Keyless,VMRS_HB_COMPLETE_v20 page 8_pages_76-100.md
034-004-196,,034,004,Wiring Harness - Power Windows,VMRS_HB_COMPLETE_v20 page 8_pages_76-100.md
034-004-197,,034,004,Wiring Harness - Power Mirror,VMRS_HB_COMPLETE_v20 page 8_pages_76-100.md
034-004-198,,034,004,Wiring Harness - Speakers & Amplifier,VMRS_HB_COMPLETE_v20 page 8_pages_76-100.md
034-004-199,,034,004,Wiring Harness - Power Convertible Ton/Sunroof,VMRS_HB_COMPLETE_v20 page 8_pages_76-100.md
034-004-200,,034,004,Wiring Harness - Bear Window Defogger,VMRS_HB_COMPLETE_v20 page 8_pages_76-100.md
034-004-202,,034,004,Wiring Harness - Overhead Console,VMRS_HB_COMPLETE_v20 page 8_pages_76-100.md
034-004-203,,034,004,willing Hamess - All Suspension & Load,VMRS_HB_COMPLETE_v20 page 8_pages_76-100.md
004-004-004,,004,004,Leveling,VMRS_HB_COMPLETE_v20 page 8_pages_76-100.md
034-004-204,,034,004,Wiring Harness - Cell Phone,VMRS_HB_COMPLETE_v20 page 8_pages_76-100.md
034-004-206,,034,004,wiring Harness - Rear wasner & wipers,VMRS_HB_COMPLETE_v20 page 8_pages_76-100.md
034-004-207,,034,004,Wiring Harness - Speed Control,VMRS_HB_COMPLETE_v20 page 8_pages_76-100.md
034-004-208,,034,004,"Wiring Harness - Horn, In Column",VMRS_HB_COMPLETE_v20 page 8_pages_76-100.md
034-004-209,,034,004,Wiring Harness - Fuse Box,VMRS_HB_COMPLETE_v20 page 8_pages_76-100.md
034-004-212,,034,004,Wiring Harness - Dash Warning Indicators/,VMRS_HB_COMPLETE_v20 page 8_pages_76-100.md
034-004-213,,034,004,Wiring Harness - Gauges,VMRS_HB_COMPLETE_v20 page 8_pages_76-100.md
034-004-214,,034,004,Wiring Harness - Cab Or Main Heater & A/C,VMRS_HB_COMPLETE_v20 page 8_pages_76-100.md
034-004-215,,034,004,Wiring Harness - Windshield Washer Pump &,VMRS_HB_COMPLETE_v20 page 8_pages_76-100.md
034-004-216,,034,004,Wiring Harness - Windshield Wiper Motor,VMRS_HB_COMPLETE_v20 page 8_pages_76-100.md
034-004-217,,034,004,Wiring Harness - Engine Control Assembly,VMRS_HB_COMPLETE_v20 page 8_pages_76-100.md
034-004-218,,034,004,Wiring Harness - Door Jamb Switch,VMRS_HB_COMPLETE_v20 page 8_pages_76-100.md
034-004-219,,034,004,"Wiring Harness - Glove Box, Map/Reading Lamp",VMRS_HB_COMPLETE_v20 page 8_pages_76-100.md
034-004-220,,034,004,Wiring Harness - 4 Way Flasher Signal,VMRS_HB_COMPLETE_v20 page 8_pages_76-100.md
034-004-221,,034,004,Wiring Harness - Head Lamps,VMRS_HB_COMPLETE_v20 page 8_pages_76-100.md
034-004-222,,034,004,Wiring Harness - Rear Exterior Lamos,VMRS_HB_COMPLETE_v20 page 8_pages_76-100.md
004-004-224,,004,004,winning mariness - Turri olyridi,VMRS_HB_COMPLETE_v20 page 8_pages_76-100.md
034-004-225,,034,004,Wiring Harness - Fog Lamp | 034-004-295 | Bracket - Power Distribution Module Trailer,VMRS_HB_COMPLETE_v20 page 8_pages_76-100.md
034-004-226,,034,004,Wiring Harness - Deck Lid / Liftgate Belease | 034-004-296 | Plate - Power Outlet,VMRS_HB_COMPLETE_v20 page 8_pages_76-100.md
034-004-227,,034,004,Wiring Harness - Clock & Badio | 034-004-297 | Partition - Power Outlet,VMRS_HB_COMPLETE_v20 page 8_pages_76-100.md
034-004-228,,034,004,Wiring Harness - Antenna Badio | 034-004-298 | Wiring - Power Outlet,VMRS_HB_COMPLETE_v20 page 8_pages_76-100.md
034-004-229,,034,004,Wiring Harness - Heated Rear Window | 034-004-299 | Lamp - Under Hood,VMRS_HB_COMPLETE_v20 page 8_pages_76-100.md
034-004-230,,034,004,"Wiring Harness - Navigation System | 034-004-300 | Bracket - Switch, Under Hood Lamp",VMRS_HB_COMPLETE_v20 page 8_pages_76-100.md
034-004-232,,034,004,Wiring Harness - Alternator | 034-004-301 | Bracket - Under Hood Lamp,VMRS_HB_COMPLETE_v20 page 8_pages_76-100.md
034-004-233,,034,004,"Wiring Harness - Coil, Ignition | 034-004-302 | Wiring Harness - Air Tank Drain",VMRS_HB_COMPLETE_v20 page 8_pages_76-100.md
034-004-234,,034,004,Wiring Harness - Distributor | 034-004-303 | Wiring Harness - Tractor Protection Valve,VMRS_HB_COMPLETE_v20 page 8_pages_76-100.md
034-004-235,,034,004,Wiring Harness - Throttle Body | 034-004-304 | Wiring Harness - Low Air Pressure,VMRS_HB_COMPLETE_v20 page 8_pages_76-100.md
034-004-236,,034,004,"Wiring Harness - Electronic Injectors | 034-004-305 | Wiring Harness - Steering Wheel, Smartwheel",VMRS_HB_COMPLETE_v20 page 8_pages_76-100.md
034-004-237,,034,004,Wiring Harness - Voltage Regulator | 034-004-306 | Wiring Harness - Winch,VMRS_HB_COMPLETE_v20 page 8_pages_76-100.md
034-004-238,,034,004,"Wiring Harness - Engine Solenoids/Sending | 034-004-307 | Wiring Harness - Lift Control, Ramp",VMRS_HB_COMPLETE_v20 page 8_pages_76-100.md
034-004-308,,034,004,"Units | | Wiring Harness - Power Unit, Auxiliary",VMRS_HB_COMPLETE_v20 page 8_pages_76-100.md
034-004-239,,034,004,Wiring Harness - Ignition Buzzer/Chime | 034-004-309 | Cover - Power Module,VMRS_HB_COMPLETE_v20 page 8_pages_76-100.md
034-004-240,,034,004,"Wiring Harness - Front Exterior Lamps | 034-004-310 | Boot - Wiring Harness, Chassis",VMRS_HB_COMPLETE_v20 page 8_pages_76-100.md
034-004-241,,034,004,"Wiring Harness - Underhood Lamp | 034-004-311 | Cover - Wiring Harness, Chassis",VMRS_HB_COMPLETE_v20 page 8_pages_76-100.md
034-004-242,,034,004,Wiring Harness - Engine Cooling System | 034-004-312 | Wiring Harness - Switch Panel & Wiring,VMRS_HB_COMPLETE_v20 page 8_pages_76-100.md
034-004-243,,034,004,Wiring Harness - Transmission | 034-004-313 | Gasket - Reflector,VMRS_HB_COMPLETE_v20 page 8_pages_76-100.md
034-004-244,,034,004,"Wiring Harness - Ignition Key Lamp | 034-004-314 | Wiring Harness - Display Unit, Positioning &",VMRS_HB_COMPLETE_v20 page 8_pages_76-100.md
034-004-245,,034,004,Wiring Harness - 4-Wheel Drive Indicator Lamp | 004 004 045 | Locating,VMRS_HB_COMPLETE_v20 page 8_pages_76-100.md
034-004-246,,034,004,"Wiring Harness - Neutral Starter Switch | 034-004-315 | Wiring Harness - Performance Monitor, Engine",VMRS_HB_COMPLETE_v20 page 8_pages_76-100.md
034-004-247,,034,004,Wiring Harness - Distance Sensor | 034-004-316 | Wiring Harness - Fifth Wheel,VMRS_HB_COMPLETE_v20 page 8_pages_76-100.md
034-004-248,,034,004,Wiring Harness - Cap Tilt Pump | 034-004-317 | Wiring Harness - Axie Lift,VMRS_HB_COMPLETE_v20 page 8_pages_76-100.md
034-004-249,,034,004,"Wining Harness - Information Center Assembly | 034-004-310 | Wiring Harness - Service Brake, Cab",VMRS_HB_COMPLETE_v20 page 8_pages_76-100.md
034-004-250,,034,004,"Wiring Harness - Data Logger | 034-004-319 | Wining Harness - Parking Drake, Cap",VMRS_HB_COMPLETE_v20 page 8_pages_76-100.md
034-004-251,,034,004,Wining Hamess - Strobe Lamp | 034-004-320 | Wiring Harness Interaxle Warning,VMRS_HB_COMPLETE_v20 page 8_pages_76-100.md
034-004-252,,034,004,LED - Marker Lamp | 034-004-321 | Wiring Harness - Load Transfer Front,VMRS_HB_COMPLETE_v20 page 8_pages_76-100.md
034-004-254,,034,004,Wiring Harness - Battery Isolator Belay | 004-004-022 | Suspension,VMRS_HB_COMPLETE_v20 page 8_pages_76-100.md
034-004-255,,034,004,Wiring Harness - Low Voltage Disconnect | 034-004-323 | Wiring Harness - Air End Of Frame,VMRS_HB_COMPLETE_v20 page 8_pages_76-100.md
001-001-200,,001,001,Module | 034-004-324 | Cap & Ring - Power Receptacle,VMRS_HB_COMPLETE_v20 page 8_pages_76-100.md
034-004-256,,034,004,LED - Stepwell Lamp | 034-004-325 | Tether - Power Module,VMRS_HB_COMPLETE_v20 page 8_pages_76-100.md
034-004-257,,034,004,"Display - Load Center, Cab | 034-004-326 | Housing - Terminal Block",VMRS_HB_COMPLETE_v20 page 8_pages_76-100.md
034-004-258,,034,004,"Wiring Harness - Load Center, Cab | 034-004-327 | Diode - Circuit Protection",VMRS_HB_COMPLETE_v20 page 8_pages_76-100.md
034-004-259,,034,004,"Bracket - Load Center, Cab | 034-004-328 | Shield - Power Module",VMRS_HB_COMPLETE_v20 page 8_pages_76-100.md
034-004-260,,034,004,"Hardware, Mounting - Module, Main Power | 034-004-329 | Cover - Receptacle Cable, Trailer",VMRS_HB_COMPLETE_v20 page 8_pages_76-100.md
034-004-261,,034,004,"Clamp - Wiring Harness, Chassis | 034-004-330 | Control Module - Headlamp/Marker Panel",VMRS_HB_COMPLETE_v20 page 8_pages_76-100.md
034-004-262,,034,004,"Bracket - Stand Off, Wiring Harness, Chassis | 034-004-331 | Retainer - Accent Lamp",VMRS_HB_COMPLETE_v20 page 8_pages_76-100.md
034-004-263,,034,004,"Connector - Data Link | 034-004-332 | Brace - Panel, Accent Lamp",VMRS_HB_COMPLETE_v20 page 8_pages_76-100.md
034-004-264,,034,004,"Terminal - Data Link | 034-004-333 | Bumper - Panel, Accent Lamp",VMRS_HB_COMPLETE_v20 page 8_pages_76-100.md
034-004-265,,034,004,Wiring - Data Link | 034-004-334 | Gasket - Utility Lamp,VMRS_HB_COMPLETE_v20 page 8_pages_76-100.md
034-004-266,,034,004,Cover - Dash Switch | 034-004-335 | Housing - Utility Lamp,VMRS_HB_COMPLETE_v20 page 8_pages_76-100.md
034-004-267,,034,004,"Label - Dash Switch | 034-004-336 | Spacer - Switch, Luggage Compartment Lamp",VMRS_HB_COMPLETE_v20 page 8_pages_76-100.md
034-004-268,,034,004,"Wiring, Lamp - Luggage Compartment | 034-004-337 | Backing Plate - Interior Lamp",VMRS_HB_COMPLETE_v20 page 8_pages_76-100.md
034-004-269,,034,004,"LED - Lamp, Luggage Compartment | 034-004-338 | Retainer - Interior Lamp",VMRS_HB_COMPLETE_v20 page 8_pages_76-100.md
034-004-270,,034,004,Lamp Assembly - Luggage Compartment | 034-004-339 | Bezel - Interior Lamp,VMRS_HB_COMPLETE_v20 page 8_pages_76-100.md
034-004-271,,034,004,"Guard - Beacon Light | 034-004-340 | Cover - Wiring, Interior Lamp",VMRS_HB_COMPLETE_v20 page 8_pages_76-100.md
034-004-272,,034,004,Bulb - Luggage Compartment | 034-004-341 | Panel - Speaker/Interior Lamp,VMRS_HB_COMPLETE_v20 page 8_pages_76-100.md
034-004-273,,034,004,"Module - Expansion, Power Distribution | 034-004-342 | Control Module - Dome Lamp",VMRS_HB_COMPLETE_v20 page 8_pages_76-100.md
034-004-274,,034,004,"Container - Electrical Module | 034-004-343 | Control Box - Dash Switches, Optional",VMRS_HB_COMPLETE_v20 page 8_pages_76-100.md
034-004-275,,034,004,Bracket Diodo Carrier Electrical Box | 034-004-344 | Backing Plate Power Distribution Module,VMRS_HB_COMPLETE_v20 page 8_pages_76-100.md
034-004-277,,034,004,Switch - Momentary | 034-004-347 | Holder - Bod Socket Fender Finder,VMRS_HB_COMPLETE_v20 page 8_pages_76-100.md
034-004-280,,034,004,Wiring Harness - Receptacle Additional | 034-004-349 | Cord - Patch A/C Interior,VMRS_HB_COMPLETE_v20 page 8_pages_76-100.md
034-004-281,,034,004,Lamp - Accent | 034-004-350 | Back Light - Roof Fairing,VMRS_HB_COMPLETE_v20 page 8_pages_76-100.md
034-004-282,,034,004,"Wiring Harness - Accent Lamp | 034-004-351 | Bracket - Shield, Wiring Harness, Chassis",VMRS_HB_COMPLETE_v20 page 8_pages_76-100.md
034-004-283,,034,004,"Lens - Accent Lamp | 034-004-352 | Wiring Harness - Solenoid, Battery",VMRS_HB_COMPLETE_v20 page 8_pages_76-100.md
034-004-284,,034,004,Wiring Harness - Voltage Converter | 034-004-353 | Wiring Harness - Battery Shut-Off Switch,VMRS_HB_COMPLETE_v20 page 8_pages_76-100.md
034-004-285,,034,004,Wiring Harness - Supplemental Trailer Cable | 034-004-354 | Wiring Harness - Air Intake,VMRS_HB_COMPLETE_v20 page 8_pages_76-100.md
034-004-286,,034,004,"Plate - Reinforcement, Utility Lamp | 034-004-355 | Wiring Harness - Power Supply",VMRS_HB_COMPLETE_v20 page 8_pages_76-100.md
034-004-287,,034,004,Wiring Harness - Utility Lamp | 034-004-356 | Wiring Harness - Circuit Protection,VMRS_HB_COMPLETE_v20 page 8_pages_76-100.md
034-004-288,,034,004,Lamp - Baggage Compartment | 034-004-357 | Filter - Power Line Carrier (PLC),VMRS_HB_COMPLETE_v20 page 8_pages_76-100.md
034-004-289,,034,004,"Wiring - Lamp, Baggage Compartment | 034-004-358 | Switch - Strobe Lamp",VMRS_HB_COMPLETE_v20 page 8_pages_76-100.md
034-004-290,,034,004,"Gasket - Courtesy Lamp | 034-004-359 | Cable - Extension, Electrical, 110 Volt",VMRS_HB_COMPLETE_v20 page 8_pages_76-100.md
034-004-291,,034,004,Wiring - Dome Lamp | 034-004-360 | Strap - Static,VMRS_HB_COMPLETE_v20 page 8_pages_76-100.md
034-004-292,,034,004,"Module - Power Distribution, Trailer | 034-004-361 | Wiring Harness - Power Distribution Module,",VMRS_HB_COMPLETE_v20 page 8_pages_76-100.md
034-004-293,,034,004,"Wiring - Power Distribution Module, Trailer | | Chassis",VMRS_HB_COMPLETE_v20 page 8_pages_76-100.md
034-004-294,,034,004,"Gasket - Power Distribution Module, Trailer | 034-004-362 | Switch - Push Button, Universal",VMRS_HB_COMPLETE_v20 page 8_pages_76-100.md
034-004-363,,034,004,Module - Power Distribution Tail Lamp,VMRS_HB_COMPLETE_v20 page 8_pages_76-100.md
034-004-364,,034,004,Wiring Harness - Front Lights,VMRS_HB_COMPLETE_v20 page 8_pages_76-100.md
034-004-365,,034,004,Wiring Harness - Vehicle Interface,VMRS_HB_COMPLETE_v20 page 8_pages_76-100.md
034-004-366,,034,004,"Seal - Switch, Universal",VMRS_HB_COMPLETE_v20 page 8_pages_76-100.md
034-004-367,,034,004,Hinge - Electric Panel,VMRS_HB_COMPLETE_v20 page 8_pages_76-100.md
034-004-368,,034,004,"Cable - Charging, Liftgate",VMRS_HB_COMPLETE_v20 page 8_pages_76-100.md
034-004-369,,034,004,"Shroud - Bulkhead, Cab Wiring",VMRS_HB_COMPLETE_v20 page 8_pages_76-100.md
034-004-370,,034,004,"Bracket - Bulkhead, Pass-Thru",VMRS_HB_COMPLETE_v20 page 8_pages_76-100.md
034-004-371,,034,004,"Gasket - Bulkhead, Pass-Thru",VMRS_HB_COMPLETE_v20 page 8_pages_76-100.md
034-004-372,,034,004,"Marker Lamp - Blackout, Military",VMRS_HB_COMPLETE_v20 page 8_pages_76-100.md
034-004-373,,034,004,"Switch - Lamp, Glove Box",VMRS_HB_COMPLETE_v20 page 8_pages_76-100.md
034-004-374,,034,004,"Wiring Harness - Traction Control, Rear Axle",VMRS_HB_COMPLETE_v20 page 8_pages_76-100.md
034-004-375,,034,004,Wiring Harness - Hood,VMRS_HB_COMPLETE_v20 page 8_pages_76-100.md
034-004-376,,034,004,Ballast - Interior Lamp,VMRS_HB_COMPLETE_v20 page 8_pages_76-100.md
034-004-377,,034,004,Miring Herness Jumper Coneria,VMRS_HB_COMPLETE_v20 page 8_pages_76-100.md
034-004-379,,034,004,,VMRS_HB_COMPLETE_v20 page 8_pages_76-100.md
034-004-381,,034,004,Cable - Clean Power Battery to Cab,VMRS_HB_COMPLETE_v20 page 8_pages_76-100.md
034-004-382,,034,004,Ballast - Eluorescent Lamp,VMRS_HB_COMPLETE_v20 page 8_pages_76-100.md
034-004-383,,034,004,Lens - Switch Identification,VMRS_HB_COMPLETE_v20 page 8_pages_76-100.md
034-004-384,,034,004,Switch - Work Lamp,VMRS_HB_COMPLETE_v20 page 8_pages_76-100.md
034-004-385,,034,004,Mounting Plate - Diagnostic Connector,VMRS_HB_COMPLETE_v20 page 8_pages_76-100.md
034-004-386,,034,004,"Wiring Harness - Heat Pad, Seat",VMRS_HB_COMPLETE_v20 page 8_pages_76-100.md
034-004-387,,034,004,"Control Module - Vehicle, Multi-Function",VMRS_HB_COMPLETE_v20 page 8_pages_76-100.md
034-004-388,,034,004,"Switch - Lighting, Master",VMRS_HB_COMPLETE_v20 page 8_pages_76-100.md
034-004-389,,034,004,"Lamp - Warning, Visor",VMRS_HB_COMPLETE_v20 page 8_pages_76-100.md
034-004-390,,034,004,Monitor - Lighting,VMRS_HB_COMPLETE_v20 page 8_pages_76-100.md
034-004-391,,034,004,Lamp - Pilot,VMRS_HB_COMPLETE_v20 page 8_pages_76-100.md
034-004-392,,034,004,Retrofit Kit - LED,VMRS_HB_COMPLETE_v20 page 8_pages_76-100.md
034-004-393,,034,004,"Bracket - Wiring Harness, Engine",VMRS_HB_COMPLETE_v20 page 8_pages_76-100.md
034-004-394,,034,004,"Resistor - Terminator, Data Link",VMRS_HB_COMPLETE_v20 page 8_pages_76-100.md
034-004-395,,034,004,"Shield - Wiring Harness, Cab",VMRS_HB_COMPLETE_v20 page 8_pages_76-100.md
034-004-397,,034,004,Lons - Stonwell Lamp,VMRS_HB_COMPLETE_v20 page 8_pages_76-100.md
034-004-399,,034,004,Switch - Exterior Lamp,VMRS_HB_COMPLETE_v20 page 8_pages_76-100.md
034-004-400,,034,004,Bezel - Marker Or Clearance Lamp,VMRS_HB_COMPLETE_v20 page 8_pages_76-100.md
034-004-401,,034,004,"Module - Outlet Distribution, Harness",VMRS_HB_COMPLETE_v20 page 8_pages_76-100.md
034-004-402,,034,004,LED - Strobe Lamp,VMRS_HB_COMPLETE_v20 page 8_pages_76-100.md
034-004-403,,034,004,Cover - Magnetic Switch,VMRS_HB_COMPLETE_v20 page 8_pages_76-100.md
034-004-404,,034,004,"Outlet - 110V, Exterior",VMRS_HB_COMPLETE_v20 page 8_pages_76-100.md
034-004-405,,034,004,"Solenoid - Outlet, 110V, Exterior",VMRS_HB_COMPLETE_v20 page 8_pages_76-100.md
034-004-406,,034,004,Cable - Power Distribution Module,VMRS_HB_COMPLETE_v20 page 8_pages_76-100.md
034-004-407,,034,004,"Stud - Pass-Inru, Electrical",VMRS_HB_COMPLETE_v20 page 8_pages_76-100.md
034-004-409,,034,004,Noso Box Electrical Connection,VMRS_HB_COMPLETE_v20 page 8_pages_76-100.md
034-004-410,,034,004,Wiring Harness - Foot Pedal System,VMRS_HB_COMPLETE_v20 page 8_pages_76-100.md
034-004-412,,034,004,Fuse - Cube,VMRS_HB_COMPLETE_v20 page 8_pages_76-100.md
034-004-413,,034,004,"Lamp - Tail/Stop/Turn, Towing, Magnetic",VMRS_HB_COMPLETE_v20 page 8_pages_76-100.md
034-004-414,,034,004,"Module - Power, Totally Integrated",VMRS_HB_COMPLETE_v20 page 8_pages_76-100.md
034-004-415,,034,004,"Kit - Engine Remote Interface, Customer",VMRS_HB_COMPLETE_v20 page 8_pages_76-100.md
034-004-416,,034,004,"Switch - Toggle, Cab",VMRS_HB_COMPLETE_v20 page 8_pages_76-100.md
034-004-417,,034,004,"Module - Power Distribution, Remote",VMRS_HB_COMPLETE_v20 page 8_pages_76-100.md
034-004-418,,034,004,Mounting Bracket - PLC Filter,VMRS_HB_COMPLETE_v20 page 8_pages_76-100.md
034-004-419,,034,004,Lamp - Position,VMRS_HB_COMPLETE_v20 page 8_pages_76-100.md
034-004-420,,034,004,FUSE BOX,VMRS_HB_COMPLETE_v20 page 8_pages_76-100.md
034-004-421,,034,004,Winng Harness - Chemical Alarm,VMRS_HB_COMPLETE_v20 page 8_pages_76-100.md
034-004-422,,034,004,Box - Power Net Distribution,VMRS_HB_COMPLETE_v20 page 8_pages_76-100.md
034-004-424,,034,004,Controller - Modular Switch Field,VMRS_HB_COMPLETE_v20 page 8_pages_76-100.md
034-004-425,,034,004,Lens - Reading Lamp,VMRS_HB_COMPLETE_v20 page 8_pages_76-100.md
034-004-426,,034,004,Capsule - Halogen Lamp,VMRS_HB_COMPLETE_v20 page 8_pages_76-100.md
034-004-429,,034,004,"Switch - Dimmer, Instrument Panel",VMRS_HB_COMPLETE_v20 page 8_pages_76-100.md
034-004-430,,034,004,Resistor - Position or Use Not Specified,VMRS_HB_COMPLETE_v20 page 8_pages_76-100.md
034-004-431,,034,004,Switch - On/Off,VMRS_HB_COMPLETE_v20 page 8_pages_76-100.md
034-004-432,,034,004,"Cable - Electrical, ABS, 7 Way Truck/Trailer",VMRS_HB_COMPLETE_v20 page 8_pages_76-100.md
034-004-433,,034,004,Reflector,VMRS_HB_COMPLETE_v20 page 8_pages_76-100.md
034-004-434,,034,004,Cap - ruse noider,VMRS_HB_COMPLETE_v20 page 8_pages_76-100.md
034-004-435,,034,004,Cover - Power Outlet,VMRS_HB_COMPLETE_v20 page 8_pages_76-100.md
034-004-436,,034,004,"Housing - Retainer, Power Outlet",VMRS_HB_COMPLETE_v20 page 8_pages_76-100.md
034-004-439,,034,004,Fuse and Relay Center,VMRS_HB_COMPLETE_v20 page 8_pages_76-100.md
034-004-440,,034,004,Retainer - Fuse and Relay Center,VMRS_HB_COMPLETE_v20 page 8_pages_76-100.md
034-004-441,,034,004,"Motor - Blower, Fuse Box",VMRS_HB_COMPLETE_v20 page 8_pages_76-100.md
034-004-442,,034,004,"Switch - Temperature, Fuse Box",VMRS_HB_COMPLETE_v20 page 8_pages_76-100.md
034-004-443,,034,004,Box - Relay,VMRS_HB_COMPLETE_v20 page 8_pages_76-100.md
034-004-444,,034,004,Housing - Marker Lamp,VMRS_HB_COMPLETE_v20 page 8_pages_76-100.md
034-004-445,,034,004,Grommet - Lighting,VMRS_HB_COMPLETE_v20 page 8_pages_76-100.md
034-004-446,,034,004,Relay - Power Distribution Module,VMRS_HB_COMPLETE_v20 page 8_pages_76-100.md
034-004-447,,034,004,Data Bus,VMRS_HB_COMPLETE_v20 page 8_pages_76-100.md
034-004-448,,034,004,"Buib - LED, Position not Specified",VMRS_HB_COMPLETE_v20 page 8_pages_76-100.md
034-004-449,,034,004,Socket - General Use,VMRS_HB_COMPLETE_v20 page 8_pages_76-100.md
034-004-450,,034,004,Camping - Auxiliary,VMRS_HB_COMPLETE_v20 page 8_pages_76-100.md
034-004-451,,034,004,,VMRS_HB_COMPLETE_v20 page 8_pages_76-100.md
034-004-453,,034,004,Cable - Electrical High Voltage Unshielded,VMRS_HB_COMPLETE_v20 page 8_pages_76-100.md
034-004-454,,034,004,"Cable - Electrical, High Voltage, Shielded",VMRS_HB_COMPLETE_v20 page 8_pages_76-100.md
034-004-455,,034,004,Blade Fuse,VMRS_HB_COMPLETE_v20 page 8_pages_76-100.md
034-004-456,,034,004,Shunt Trip,VMRS_HB_COMPLETE_v20 page 8_pages_76-100.md
034-004-457,,034,004,"Clip - Mounting, Wiring Harness",VMRS_HB_COMPLETE_v20 page 8_pages_76-100.md
034-004-458,,034,004,Kit - Electrical Connector Assortment,VMRS_HB_COMPLETE_v20 page 8_pages_76-100.md
034-004-459,,034,004,"Fitting - Bulkhead, Pass-Thru",VMRS_HB_COMPLETE_v20 page 8_pages_76-100.md
034-004-460,,034,004,"Wiring Harness - Multi-Purpose, Roof",VMRS_HB_COMPLETE_v20 page 8_pages_76-100.md
034-004-461,,034,004,"Hardware, Mounting - Nose Box",VMRS_HB_COMPLETE_v20 page 8_pages_76-100.md
034-004-462,,034,004,LED - Clearance and Marker Lamp Combination,VMRS_HB_COMPLETE_v20 page 8_pages_76-100.md
034-005-000,,034,005,Electrical Grounds,VMRS_HB_COMPLETE_v20 page 8_pages_76-100.md
034-005-001,,034,005,Strap - Electrical Ground,VMRS_HB_COMPLETE_v20 page 8_pages_76-100.md
034-006-000,,034,006,Warning & Emergency Lighting/Devices -,VMRS_HB_COMPLETE_v20 page 8_pages_76-100.md
004-000-004,,004,000,Special Applications,VMRS_HB_COMPLETE_v20 page 8_pages_76-100.md
034-006-001,,034,006,Warning Lamp Assembly,VMRS_HB_COMPLETE_v20 page 8_pages_76-100.md
034-006-002,,034,006,Casket - Warning Lamp,VMRS_HB_COMPLETE_v20 page 8_pages_76-100.md
034-000-003,,034,000,"Light Bar, Boof Mounted - Complete Assembly",VMRS_HB_COMPLETE_v20 page 8_pages_76-100.md
034-006-004,,034,006,Hardware Mounting - Light Bar Assembly,VMRS_HB_COMPLETE_v20 page 8_pages_76-100.md
034-006-005,,034,006,Bail Mounting - Light Bar,VMRS_HB_COMPLETE_v20 page 8_pages_76-100.md
034-006-007,,034,006,Module Center - Light Bar,VMRS_HB_COMPLETE_v20 page 8_pages_76-100.md
034-006-008,,034,006,"Module, Corner - Light Bar",VMRS_HB_COMPLETE_v20 page 8_pages_76-100.md
034-006-009,,034,006,"Hardware, Mounting - Module, Light Bar",VMRS_HB_COMPLETE_v20 page 8_pages_76-100.md
034-006-010,,034,006,"Base, Center Module - Light Bar",VMRS_HB_COMPLETE_v20 page 8_pages_76-100.md
034-006-011,,034,006,"Base, Corner Module - Light Bar",VMRS_HB_COMPLETE_v20 page 8_pages_76-100.md
034-006-012,,034,006,"Lens, Center Module - Light Bar",VMRS_HB_COMPLETE_v20 page 8_pages_76-100.md
034-006-013,,034,006,"Lens, Corner Module - Light Bar",VMRS_HB_COMPLETE_v20 page 8_pages_76-100.md
034-006-014,,034,006,"Hardware, Mounting - Lens, Light Bar",VMRS_HB_COMPLETE_v20 page 8_pages_76-100.md
034-006-015,,034,006,"Seal, Center Module - Light Bar",VMRS_HB_COMPLETE_v20 page 8_pages_76-100.md
034-006-016,,034,006,"Seal, Corner Module - Light Bar",VMRS_HB_COMPLETE_v20 page 8_pages_76-100.md
034-006-017,,034,006,"Gasket, Center Module - Light Bar",VMRS_HB_COMPLETE_v20 page 8_pages_76-100.md
034-006-018,,034,006,"Gasket, Corner Module - Light Bar",VMRS_HB_COMPLETE_v20 page 8_pages_76-100.md
034-006-019,,034,006,Mirror - Light Bar,VMRS_HB_COMPLETE_v20 page 8_pages_76-100.md
034-006-020,,034,006,Rellector - Light Bar,VMRS_HB_COMPLETE_v20 page 8_pages_76-100.md
034-006-021,,034,006,Lamp Assembly - Light Bar,VMRS_HB_COMPLETE_v20 page 8_pages_76-100.md
034-000-022,,034,000,"Cap, Rall Ellu - Light Dal",VMRS_HB_COMPLETE_v20 page 8_pages_76-100.md
034-006-024,,034,006,Grommet - Light Bar,VMRS_HB_COMPLETE_v20 page 8_pages_76-100.md
034-006-025,,034,006,Wiring Harness - Light Bar,VMRS_HB_COMPLETE_v20 page 8_pages_76-100.md
034-006-026,,034,006,Switch - Light Bar,VMRS_HB_COMPLETE_v20 page 8_pages_76-100.md
034-006-027,,034,006,Belay - Light Bar,VMRS_HB_COMPLETE_v20 page 8_pages_76-100.md
034-006-028,,034,006,Strobe - Light Bar,VMRS_HB_COMPLETE_v20 page 8_pages_76-100.md
034-006-029,,034,006,Flasher - Light Bar,VMRS_HB_COMPLETE_v20 page 8_pages_76-100.md
034-006-030,,034,006,Switch - Proximity,VMRS_HB_COMPLETE_v20 page 8_pages_76-100.md
034-006-031,,034,006,Lamp - Work,VMRS_HB_COMPLETE_v20 page 8_pages_76-100.md
034-006-032,,034,006,Lens - Work Lamp,VMRS_HB_COMPLETE_v20 page 8_pages_76-100.md
034-006-033,,034,006,Rim - Work Lamp,VMRS_HB_COMPLETE_v20 page 8_pages_76-100.md
034-006-034,,034,006,Bracket - Work Lamp,VMRS_HB_COMPLETE_v20 page 8_pages_76-100.md
034-006-035,,034,006,Lens - Warning Lamp,VMRS_HB_COMPLETE_v20 page 8_pages_76-100.md
034-006-036,,034,006,Handle - Warning Beacon,VMRS_HB_COMPLETE_v20 page 8_pages_76-100.md
034-006-037,,034,006,Holder - Warning Beacon,VMRS_HB_COMPLETE_v20 page 8_pages_76-100.md
034-006-038,,034,006,Switch - Beacon Lamp,VMRS_HB_COMPLETE_v20 page 8_pages_76-100.md
034-000-039,,034,000,Switch - Work Lamp,VMRS_HB_COMPLETE_v20 page 8_pages_76-100.md
034-006-040,,034,006,Switch - Warning Lamp | | Avoidance System,VMRS_HB_COMPLETE_v20 page 8_pages_76-100.md
034-006-041,,034,006,Module - Driver Alert Sign | 036-001-019 | Camera - Collision Avoidance System,VMRS_HB_COMPLETE_v20 page 8_pages_76-100.md
034-006-042,,034,006,"Fuse Assembly - Driver Alert Sign | 036-001-020 | Cable, Electrical - Camera, Collision Avoidance",VMRS_HB_COMPLETE_v20 page 8_pages_76-100.md
034-006-043,,034,006,Sealed Beam - Revolving Warning Lamp | 036-001-021 | SystemBox - Camera,VMRS_HB_COMPLETE_v20 page 8_pages_76-100.md
034-006-044,,034,006,Mounting Bracket - Revolving Warning Lamp | 036-001-021 | Belay - Collision Avoidance System,VMRS_HB_COMPLETE_v20 page 8_pages_76-100.md
034-006-046,,034,006,Motor - Revolving Warning Lamp | 036-001-023 | Magnet - Steering Wheel Sensor Pickup.,VMRS_HB_COMPLETE_v20 page 8_pages_76-100.md
034-006-047,,034,006,Flashtube - Strobe Lamp | | Collision Avoidance System,VMRS_HB_COMPLETE_v20 page 8_pages_76-100.md
034-006-048,,034,006,"Strobe Lamp Assembly w/Base | 036-001-024 | Sensor - Steering Wheel Position, Collision",VMRS_HB_COMPLETE_v20 page 8_pages_76-100.md
034-006-049,,034,006,Lens - Strobe Lamp | | Avoidance System,VMRS_HB_COMPLETE_v20 page 8_pages_76-100.md
034-006-050,,034,006,"Adjusting Screw - Warning Light | 036-001-025 | Wiring Harness - Steering Wheel Sensor,",VMRS_HB_COMPLETE_v20 page 8_pages_76-100.md
034-006-051,,034,006,Power Supply - Strobe Lamp | 000 001 000 | Collision Avoidance System,VMRS_HB_COMPLETE_v20 page 8_pages_76-100.md
034-006-052,,034,006,"Wiring Harness - Beacon Lamp | 036-001-026 | Bracket - Antenna, Collision Avoidance System",VMRS_HB_COMPLETE_v20 page 8_pages_76-100.md
034-006-053,,034,006,Bezel - Lamp Strobe | 036-001-027 | Bracket - CPU Collision Avoidance System,VMRS_HB_COMPLETE_v20 page 8_pages_76-100.md
034-006-055,,034,006,"Guard - Strobe Lamp | 036-001-029 | Bracket - Sensor, Front, Collision Avoidance",VMRS_HB_COMPLETE_v20 page 8_pages_76-100.md
034-006-056,,034,006,Lamp - Beacon | | System,VMRS_HB_COMPLETE_v20 page 8_pages_76-100.md
034-006-057,,034,006,"Bracket - Beacon Lamp | 036-001-030 | Plate - Fascia, Radar Sensor, Collision",VMRS_HB_COMPLETE_v20 page 8_pages_76-100.md
034-006-058,,034,006,"Hardware, Mounting - Beacon Lamp Bracket | | Avoidance System",VMRS_HB_COMPLETE_v20 page 8_pages_76-100.md
034-006-059,,034,006,"Wiring Harness - Strobe Lamp | 036-001-031 | Knob - Display Unit, Collision Avoidance System",VMRS_HB_COMPLETE_v20 page 8_pages_76-100.md
034-006-060,,034,006,"Hardware, Mounting - Emergency Warning Lamp | 036-001-032 | Sensor - Front, Collision Avoidance System",VMRS_HB_COMPLETE_v20 page 8_pages_76-100.md
034-006-061,,034,006,"Guard - Beacon Light | 036-001-033 | Bracket - Camera, Collision Avoidance System",VMRS_HB_COMPLETE_v20 page 8_pages_76-100.md
034-000-002,,034,000,Switch - Strobe Light | 030-001-034 | Sonware - Collision Avoidance System,VMRS_HB_COMPLETE_v20 page 8_pages_76-100.md
034-006-064,,034,006,Bepair Kit - Proximity Switch | 000-001-000 | System,VMRS_HB_COMPLETE_v20 page 8_pages_76-100.md
034-006-065,,034,006,"Switch - Brake Pressure Warning | 036-001-036 | Sensor - Rear, Collision Avoidance System",VMRS_HB_COMPLETE_v20 page 8_pages_76-100.md
034-007-000,,034,007,Signaling Devices | 036-001-037 | SIM Card - Collision Avoidance System,VMRS_HB_COMPLETE_v20 page 8_pages_76-100.md
034-007-001,,034,007,"Switch - Stop Request | 036-001-038 | Cable - Antenna, Obstacle Detection System",VMRS_HB_COMPLETE_v20 page 8_pages_76-100.md
034-007-002,,034,007,Decal - Stop Request | 036-001-039 | Switch - Parking Aid,VMRS_HB_COMPLETE_v20 page 8_pages_76-100.md
034-007-003,,034,007,Cord - Stop Request | 036-001-040 | Cover - Collision Avoidance Sensor,VMRS_HB_COMPLETE_v20 page 8_pages_76-100.md
034-007-004,,034,007,"Bracket - Stop Request | 036-001-041 | Hardware, Mounting - Plate, Fascia",VMRS_HB_COMPLETE_v20 page 8_pages_76-100.md
034-007-005,,034,007,"Guide - Cord, Stop Request | 036-002-000 | Lane Departure Warning System",VMRS_HB_COMPLETE_v20 page 8_pages_76-100.md
034-008-000,,034,008,Flectrical Vault | 036-002-002 | Wiring Harness - Lane Departure,VMRS_HB_COMPLETE_v20 page 8_pages_76-100.md
034-008-001,,034,008,Carrier - Electrical Vault | 036-002-004 | Sensor - Lane Departure,VMRS_HB_COMPLETE_v20 page 8_pages_76-100.md
034-008-002,,034,008,"Bracket - Electrical Vault | 036-002-005 | Software - Processor, Lane Departure",VMRS_HB_COMPLETE_v20 page 8_pages_76-100.md
034-008-003,,034,008,Shelf - Electrical Vault | 036-002-006 | Camera - Lane Departure,VMRS_HB_COMPLETE_v20 page 8_pages_76-100.md
034-008-004,,034,008,Cover - Electrical Vault | 036-002-007 | Electronic Control Unit - Lane Departure,VMRS_HB_COMPLETE_v20 page 8_pages_76-100.md
036-000-000,,036,000,Supplemental Information Devices | 036-002-008 | Module - Lane Departure,VMRS_HB_COMPLETE_v20 page 8_pages_76-100.md
036-001-000,,036,001,"Collision Avoidance System | 036-002-009 | Cable - Generic, Lane Departure",VMRS_HB_COMPLETE_v20 page 8_pages_76-100.md
036-001-001,,036,001,"Antenna Assembly - Collision Avoidance System | 030-002-010 | Switch /wLamps, Lane Departure",VMRS_HB_COMPLETE_v20 page 8_pages_76-100.md
000-001-002,,000,001,System | 036-002-012 | Contact - Switch Lane Departure,VMRS_HB_COMPLETE_v20 page 8_pages_76-100.md
036-001-003,,036,001,"Mounting Bracket - Side Sensor, Collision | 036-002-013 | Speaker - Lane Departure",VMRS_HB_COMPLETE_v20 page 8_pages_76-100.md
036-002-014,,036,002,"Avoidance System | | Grille - Speaker, Lane Departure",VMRS_HB_COMPLETE_v20 page 8_pages_76-100.md
036-001-004,,036,001,"Bracket - Sensor, Left Side, Collision Avoidance | 036-002-015 | Tool - Bracket Installation, Lane Departure",VMRS_HB_COMPLETE_v20 page 8_pages_76-100.md
036-002-016,,036,002,"System | | Bracket (w/adhesive) - Camera, Lane Departure",VMRS_HB_COMPLETE_v20 page 8_pages_76-100.md
036-001-005,,036,001,"Bracket - Sensor, Right Side, Collision Avoidance | 036-002-017 | Adhesive - Kit, Lane Departure",VMRS_HB_COMPLETE_v20 page 8_pages_76-100.md
026-001-006,,026,001,"System | 036-002-018 | Monitor Assembly - Rear, Lane Departure",VMRS_HB_COMPLETE_v20 page 8_pages_76-100.md
036-001-007,,036,001,"Display Unit - Side Sensor, Collision Avoidance | 036-002-020 | Cover - Camera Lane Departure",VMRS_HB_COMPLETE_v20 page 8_pages_76-100.md
000-001-000,,000,001,System | 036-003-000 | Visual Assist Back-Up Camera,VMRS_HB_COMPLETE_v20 page 8_pages_76-100.md
036-001-009,,036,001,"Fairing - Antenna, Collision Avoidance System | 036-003-001 | Camera - Visual Assist Back-Up Camera",VMRS_HB_COMPLETE_v20 page 8_pages_76-100.md
036-001-010,,036,001,"Hardware, Mounting - Antenna, Collision | 036-003-002 | Monitor - Visual Assist Back-Up Camera",VMRS_HB_COMPLETE_v20 page 8_pages_76-100.md
036-003-003,,036,003,Avoidance System | | Wiring - Visual Assist Back-Up Camera,VMRS_HB_COMPLETE_v20 page 8_pages_76-100.md
036-001-011,,036,001,"Sensor Assembly - Side, Collision Avoidance | 036-003-004 | Cable - Video, Visual Assist Back-Up Camera",VMRS_HB_COMPLETE_v20 page 8_pages_76-100.md
036-001-012,,036,001,"Sensor Kit - Left Side, Collision Avoidance | 026 002 006 | Up CameraSun Viser - Display Manitar Visual Assist Back",VMRS_HB_COMPLETE_v20 page 8_pages_76-100.md
036-001-013,,036,001,"Sensor Kit - Right Side, Collision Avoidance | 030-003-000 | Un Camera",VMRS_HB_COMPLETE_v20 page 8_pages_76-100.md
036-001-014,,036,001,"Strap - Ground, Collision Avoidance System | | Camera",VMRS_HB_COMPLETE_v20 page 8_pages_76-100.md
036-001-015,,036,001,"Wiring Harness - Driver Display, Collision | 036-003-008 | Wiring Harness - Camera, Park Assist",VMRS_HB_COMPLETE_v20 page 8_pages_76-100.md
036-003-009,,036,003,"Avoidance System | | Gasket - Camera, Park Assist",VMRS_HB_COMPLETE_v20 page 8_pages_76-100.md
036-001-016,,036,001,"Wiring Harness - Main, Collision Avoidance | 036-003-010 | Camera - Night View Assist",VMRS_HB_COMPLETE_v20 page 8_pages_76-100.md
006-001-017,,006,001,"System | 036-003-011 | Mounting Bracket - Camera, Visual Assist Back-",VMRS_HB_COMPLETE_v20 page 8_pages_76-100.md
030-001-017,,030,001,"wining Harness - Sensor, Collision Avoidance | 036-003-012 | Up GameraVisual Assist Back-Up Camera - Complete",VMRS_HB_COMPLETE_v20 page 8_pages_76-100.md
036-001-018,,036,001,Retrofit Kit - One Side Sensor Collision | 000-000-012 | Assembly,VMRS_HB_COMPLETE_v20 page 8_pages_76-100.md
036-004-000,,036,004,Transponder | | System,VMRS_HB_COMPLETE_v20 page 8_pages_76-100.md
036-004-001,,036,004,Transponder Unit - Complete | 036-008-018 | Antenna - Surveillance System,VMRS_HB_COMPLETE_v20 page 8_pages_76-100.md
036-004-002,,036,004,"Bracket - Transponder Unit | 036-008-019 | Mounting Bracket - Camera, Surveillance",VMRS_HB_COMPLETE_v20 page 8_pages_76-100.md
036-004-003,,036,004,Transponder - Vehicle Data | | System,VMRS_HB_COMPLETE_v20 page 8_pages_76-100.md
036-004-004,,036,004,"Transponder - Entry/Egress | 036-008-020 | Enclosure - Camera, Surveillance System",VMRS_HB_COMPLETE_v20 page 8_pages_76-100.md
036-005-000,,036,005,"Power Line Carrier (PLC), Data Communication | 036-008-021 | Gimbal - Camera, Surveillance System",VMRS_HB_COMPLETE_v20 page 8_pages_76-100.md
036-005-001,,036,005,"Power Line Carrier (PLC) - Complete, Data | 036-008-022 | Carrier - Hard Drive, Surveillance System",VMRS_HB_COMPLETE_v20 page 8_pages_76-100.md
036-008-023,,036,008,Communication | | Circuit Board - Surveillance System,VMRS_HB_COMPLETE_v20 page 8_pages_76-100.md
036-005-002,,036,005,Wiring Harness - Display Power Line Carrier | 036-008-024 | Connectors - Electrical Surveillance System,VMRS_HB_COMPLETE_v20 page 8_pages_76-100.md
036-008-025,,036,008,"(PLC) Data Communication | | Cover - Becorder, Surveillance System",VMRS_HB_COMPLETE_v20 page 8_pages_76-100.md
036-005-003,,036,005,"Identifier - Tractor Power Line Carrier (PLC) | 036-008-026 | Camera - Decov, Surveillance System",VMRS_HB_COMPLETE_v20 page 8_pages_76-100.md
036-008-027,,036,008,Data Communication | | Button - Panic Driver Surveillance System,VMRS_HB_COMPLETE_v20 page 8_pages_76-100.md
036-005-004,,036,005,Test Kit - Power Line Carrier (PLC) Data | 036-008-028 | Conjer - Media Surveillance System,VMRS_HB_COMPLETE_v20 page 8_pages_76-100.md
000-000-004,,000,000,"Communication | 036-008-020 | Mounting - Hard Drive, Surveillance System",VMRS_HB_COMPLETE_v20 page 8_pages_76-100.md
036-005-005,,036,005,Programming Kit - Power Line Carrier (PLC) | 036.008.030 | GDS - Tracking Surveillance System,VMRS_HB_COMPLETE_v20 page 8_pages_76-100.md
030-003-003,,030,003,"Programming Rit - Fower Line Carrier (FLC), | 036 008 031 | Lamp Indicator Surveillance System",VMRS_HB_COMPLETE_v20 page 8_pages_76-100.md
026-005-006,,026,005,Interface Handhold Dower Line Carrier (DLC) | 030-000-031 | Wiring Indicator Lamp Surveillance System,VMRS_HB_COMPLETE_v20 page 8_pages_76-100.md
030-005-000,,030,005,"Interface - Handheid, Fower Line Carrier (FLC), | 030-000-032 | Wiring Cound Curryellonge Custom",VMRS_HB_COMPLETE_v20 page 8_pages_76-100.md
000-005-007,,000,005,"Data Communication | 030-000-033 | Wiring - Sound, Surveillance System",VMRS_HB_COMPLETE_v20 page 8_pages_76-100.md
030-005-007,,030,005,"Installation Kit - Power Line Carrier (PLC), Data | 030-008-034 | Winng - GPS, Surveillance System",VMRS_HB_COMPLETE_v20 page 8_pages_76-100.md
000-005-000,,000,005,"Communication | 036-008-035 | Illuminator - Inirared, Surveillance System",VMRS_HB_COMPLETE_v20 page 8_pages_76-100.md
036-005-008,,036,005,"Filter - Power Line, Power Line Carrier (PLC), | 036-008-036 | Installation Kit - Surveillance System",VMRS_HB_COMPLETE_v20 page 8_pages_76-100.md
036-008-037,,036,008,Data Communication | | Flash Card - Surveillance System,VMRS_HB_COMPLETE_v20 page 8_pages_76-100.md
036-006-000,,036,006,Cargo Asset Tracking | 036-008-038 | Relay - Surveillance System,VMRS_HB_COMPLETE_v20 page 8_pages_76-100.md
036-006-001,,036,006,"Cargo Asset Tracking Assembly - Complete | 036-008-039 | Sensor - Speed, Surveillance System",VMRS_HB_COMPLETE_v20 page 8_pages_76-100.md
036-006-002,,036,006,"Wiring Harness - Asset Tracking | 036-008-040 | Lock - Enclosure, Surveillance System",VMRS_HB_COMPLETE_v20 page 8_pages_76-100.md
036-006-003,,036,006,"Sensor - Acoustic, Asset Tracking | 036-008-041 | Switch - Override, Surveillance System",VMRS_HB_COMPLETE_v20 page 8_pages_76-100.md
036-006-004,,036,006,"Mounting Plate - Asset Tracking | 036-008-042 | Reader - Hard Drive, Surveillance System",VMRS_HB_COMPLETE_v20 page 8_pages_76-100.md
036-006-005,,036,006,"Hardware, Mounting - Wiring, Asset Tracking | 036-008-043 | Mounting - Camera, Surveillance System",VMRS_HB_COMPLETE_v20 page 8_pages_76-100.md
036-006-006,,036,006,Module - Asset Tracking | 036-008-044 | Speaker - Surveillance System,VMRS_HB_COMPLETE_v20 page 8_pages_76-100.md
036-006-007,,036,006,"Housing - Sensor, Asset Tracking | 036-008-045 | Switch - Recorder, Surveillance System",VMRS_HB_COMPLETE_v20 page 8_pages_76-100.md
036-006-008,,036,006,"Gasket - Mounting, Antenna, Asset Tracking | 036-008-046 | Bracket - Recorder, Surveillance System",VMRS_HB_COMPLETE_v20 page 8_pages_76-100.md
036-006-009,,036,006,"Decal - Asset Tracking | 036-008-047 | Module - Wireless, Surveillance System",VMRS_HB_COMPLETE_v20 page 8_pages_76-100.md
036-006-010,,036,006,"Connector - Battery, Asset Tracking | 036-009-000 | Performance Monitor - Vehicle",VMRS_HB_COMPLETE_v20 page 8_pages_76-100.md
036-006-011,,036,006,"Bracket - Battery, Asset Tracking | 036-009-001 | Module - Performance Monitor, Vehicle",VMRS_HB_COMPLETE_v20 page 8_pages_76-100.md
036-006-012,,036,006,"Battery - Asset Tracking | 036-009-002 | Antenna - Performance Monitor, Vehicle",VMRS_HB_COMPLETE_v20 page 8_pages_76-100.md
036-006-013,,036,006,"Antenna - Asset Tracking | 036-009-003 | Cable - Antenna, Performance Monitor, Vehicle",VMRS_HB_COMPLETE_v20 page 8_pages_76-100.md
036-006-014,,036,006,"Module - Telemetry, Primary, Asset Tracking | 036-009-004 | Bracket - Module, Performance Monitor, Vehicle",VMRS_HB_COMPLETE_v20 page 8_pages_76-100.md
036-006-015,,036,006,"Module - Telemetry, Auxiliary, Asset Tracking | 036-009-005 | Software - Performance Monitor",VMRS_HB_COMPLETE_v20 page 8_pages_76-100.md
036-006-016,,036,006,"Wiring - Telemetry Module, Asset Tracking | 036-010-000 | Electronic Logging Device (ELD), Electronic On",VMRS_HB_COMPLETE_v20 page 8_pages_76-100.md
036-006-017,,036,006,Power Supply Telemetry Module Asset Tracking | | Board Recorder (FOBR),VMRS_HB_COMPLETE_v20 page 8_pages_76-100.md
036-006-018,,036,006,Sensor - Driver Identification Asset Tracking | 036-010-001 | Electronic Logging Device (ELD) Electronic On,VMRS_HB_COMPLETE_v20 page 8_pages_76-100.md
036-007-000,,036,007,On Board Computer - Inside Cab | 000 010 001 | Board Recorder (FORR) - Assembly,VMRS_HB_COMPLETE_v20 page 8_pages_76-100.md
036-007-001,,036,007,On Board Computer (CPLI) - Complete | 036-010-002 | Converter - OBDIL Electronic Logging Device,VMRS_HB_COMPLETE_v20 page 8_pages_76-100.md
036-007-007,,036,007,Mounting - Dash On Board Computer | 036-010-002 | Kit - 16 Pin Direct Electronic Logging Device,VMRS_HB_COMPLETE_v20 page 8_pages_76-100.md
036-007-002,,036,007,Installation Kit - On Board Computer | 036-010-004 | Kit - 16 Pin V Electronic Logging Device,VMRS_HB_COMPLETE_v20 page 8_pages_76-100.md
036-007-004,,036,007,Display On Board Computer | 036 010 005 | Pin Groon & Direct Electronic Logging Device,VMRS_HB_COMPLETE_v20 page 8_pages_76-100.md
030-007-004,,030,007,Cable Dower On Board Computer | 030-010-003 | Trailer Sensor System,VMRS_HB_COMPLETE_v20 page 8_pages_76-100.md
030-007-005,,030,007,"Cable - Power, On Board Computer | 036-011-000 | Vit Trailer Sensor System Wireless",VMRS_HB_COMPLETE_v20 page 8_pages_76-100.md
030-007-000,,030,007,Antenna On Board Computer | 030-011-001 | Centrel Dev. Trailer Canaar System,VMRS_HB_COMPLETE_v20 page 8_pages_76-100.md
030-007-007,,030,007,Miring Harpage Interface On Board Computer | 030-011-002 | Control Dox - Trailer Sensor System,VMRS_HB_COMPLETE_v20 page 8_pages_76-100.md
030-007-009,,030,007,"Bracket - Reyboard, On Board Computer | 030-011-004 | Selisor - Fuer Lever, Reeler, Italier Selisor",VMRS_HB_COMPLETE_v20 page 8_pages_76-100.md
030-007-010,,030,007,Reyboard - On Board Computer | 000 011 005 | System,VMRS_HB_COMPLETE_v20 page 8_pages_76-100.md
036-007-011,,036,007,"Cable - Antenna, On Board Computer | 036-011-005 | Sensor - Door Switch, Trailer Sensor System",VMRS_HB_COMPLETE_v20 page 8_pages_76-100.md
036-008-000,,036,008,Surveillance System | 036-012-000 | Backup warning System,VMRS_HB_COMPLETE_v20 page 8_pages_76-100.md
036-008-001,,036,008,Surveillance System - Complete | 036-012-001 | Sensor - Backup Warning System,VMRS_HB_COMPLETE_v20 page 8_pages_76-100.md
036-008-002,,036,008,"Camera - Surveillance System | 036-012-002 | Housing - Sensor, Backup Warning System",VMRS_HB_COMPLETE_v20 page 8_pages_76-100.md
036-008-003,,036,008,"Adapter - Electrical, Surveillance System | 036-012-003 | Alarm - Backup Warning System",VMRS_HB_COMPLETE_v20 page 8_pages_76-100.md
036-008-004,,036,008,"Lens - Surveillance System | 036-012-004 | Pad - Sound Insulator, Alarm, Backup Warning",VMRS_HB_COMPLETE_v20 page 8_pages_76-100.md
036-008-005,,036,008,VCR - Surveillance System | | System,VMRS_HB_COMPLETE_v20 page 8_pages_76-100.md
036-008-006,,036,008,Hard Drive - Surveillance System | 036-012-005 | Control Module - Backup Warning System,VMRS_HB_COMPLETE_v20 page 8_pages_76-100.md
036-008-007,,036,008,"Wiring - Camera, Surveillance System | 036-012-006 | Switch - Backup Warning System",VMRS_HB_COMPLETE_v20 page 8_pages_76-100.md
036-008-008,,036,008,Monitor - Surveillance System | 036-012-007 | Wiring Harness - Backup Warning System,VMRS_HB_COMPLETE_v20 page 8_pages_76-100.md
036-008-009,,036,008,"Wiring - Antenna, Surveillance System | 036-013-000 | Adaptive Cruise Control",VMRS_HB_COMPLETE_v20 page 8_pages_76-100.md
036-008-010,,036,008,"Microphone - Surveillance System | 036-013-001 | Sensor - Distance, Adaptive Cruise Control",VMRS_HB_COMPLETE_v20 page 8_pages_76-100.md
036-008-011,,036,008,"Wiring - DVR, Surveillance System | 036-013-002 | Control Module - Adaptive Cruise Control",VMRS_HB_COMPLETE_v20 page 8_pages_76-100.md
036-008-012,,036,008,"Tape - Recording, Surveillance System | 036-013-003 | Support - Adaptive Cruise Control",VMRS_HB_COMPLETE_v20 page 8_pages_76-100.md
036-008-013,,036,008,Control Board - Surveillance System | 036-014-000 | Driver Risk Management Camera System,VMRS_HB_COMPLETE_v20 page 8_pages_76-100.md
036-008-014,,036,008,"Wiring - Monitor, Surveillance System | 036-014-001 | Driver Risk Management Camera System -",VMRS_HB_COMPLETE_v20 page 8_pages_76-100.md
036-008-015,,036,008,DVR - Surveillance System | | Assembly,VMRS_HB_COMPLETE_v20 page 8_pages_76-100.md
036-008-016,,036,008,Battery - Surveillance System | 036-014-002 | Camera - Driver Risk Management System,VMRS_HB_COMPLETE_v20 page 8_pages_76-100.md
036-008-017,,036,008,"Mounting Bracket - Recorder, Surveillance | 036-014-003 | Controller - Driver Risk Management System",VMRS_HB_COMPLETE_v20 page 8_pages_76-100.md
036-014-004,,036,014,"Bracket - Camera, Driver Risk Management | 039-004-001 | Inverter Assembly - Electric Vehicle",VMRS_HB_COMPLETE_v20 page 8_pages_76-100.md
039-004-002,,039,004,"System | | Cable - Inverter, High Voltage, Electric Vehicle",VMRS_HB_COMPLETE_v20 page 8_pages_76-100.md
036-014-005,,036,014,"Gears - Camera, Driver Risk Management | 039-005-000 | Electric Drive Motor Controls - Electric Vehicle",VMRS_HB_COMPLETE_v20 page 8_pages_76-100.md
039-005-001,,039,005,System | | Electronic Control Module (ECM) - Electronic,VMRS_HB_COMPLETE_v20 page 8_pages_76-100.md
036-014-006,,036,014,Battery - Driver Risk Management System | | Motor Control,VMRS_HB_COMPLETE_v20 page 8_pages_76-100.md
036-014-007,,036,014,"Cable - Data, Driver Risk Management System | 040-000-000 | Engine / Motor Systems Group",VMRS_HB_COMPLETE_v20 page 8_pages_76-100.md
036-014-008,,036,014,"Cable - Video, Driver Risk Management System | 041-000-000 | Air Intake System",VMRS_HB_COMPLETE_v20 page 8_pages_76-100.md
036-014-009,,036,014,Keypad - Driver Risk Management System | 041-001-000 | Air Cleaner,VMRS_HB_COMPLETE_v20 page 8_pages_76-100.md
036-014-010,,036,014,Antenna - Driver Risk Management System | 041-001-001 | Pre-Cleaner Assembly - Air Intake,VMRS_HB_COMPLETE_v20 page 8_pages_76-100.md
036-014-011,,036,014,"Remote - Driver Risk Management System | 041-001-002 | Hardware, Mounting - Air Intake Pre-Cleaner",VMRS_HB_COMPLETE_v20 page 8_pages_76-100.md
036-014-012,,036,014,"Hardware, Mounting - Driver Risk Management | | Assembly",VMRS_HB_COMPLETE_v20 page 8_pages_76-100.md
041-001-003,,041,001,System | | Hose - Air Intake,VMRS_HB_COMPLETE_v20 page 8_pages_76-100.md
036-014-013,,036,014,"Cable - Power, Camera, Driver Risk | 041-001-004 | Mounting Bracket - Air Cleaner",VMRS_HB_COMPLETE_v20 page 8_pages_76-100.md
000-015-000,,000,015,"Management System | 041-001-005 | Element - Filter, Engine Air Cleaner",VMRS_HB_COMPLETE_v20 page 8_pages_76-100.md
036-015-000,,036,015,Exterior Recording System | 041-001-000 | Slove - Therm Air Conditioning Heat,VMRS_HB_COMPLETE_v20 page 8_pages_76-100.md
036-015-001,,036,015,Camora Dash | 041-001-007 | Notor Vacuum Climatic Combustion Control,VMRS_HB_COMPLETE_v20 page 8_pages_76-100.md
030-015-002,,030,015,"Wiring Harness - Dash Camera Power Hardwire | 041-001-000 | Hose - Vacuum, Climatic Combustion Control",VMRS_HB_COMPLETE_v20 page 8_pages_76-100.md
036-015-003,,036,015,"Wiring Harness - Dash Camera Power, 12V Plug | 041-001-009 | Shroud - Climatic Combustion Control Upper",VMRS_HB_COMPLETE_v20 page 8_pages_76-100.md
036-015-004,,036,015,"Mount - Suction Dash/Windshield | 041-001-010 | Shroud - Climatic Combustion Control, Opper",VMRS_HB_COMPLETE_v20 page 8_pages_76-100.md
037-000-000,,037,000,Modules/Belays - Electrical | 041-001-012 | Connector - Hose Climatic Combustion Control,VMRS_HB_COMPLETE_v20 page 8_pages_76-100.md
037-001-000,,037,001,Modules - Electrical Multiple Use | 041-001-012 | Pipe - Hot Air Climatic Combustion Control,VMRS_HB_COMPLETE_v20 page 8_pages_76-100.md
037-001-001,,037,001,Module - Bulkhead | 041-001-014 | Sensor - Temperature Climatic Combustion,VMRS_HB_COMPLETE_v20 page 8_pages_76-100.md
037-001-002,,037,001,Module - Chassis | | Control,VMRS_HB_COMPLETE_v20 page 8_pages_76-100.md
037-001-003,,037,001,Relay - General Usage | 041-001-015 | Switch - Thermostatic Vacuum,VMRS_HB_COMPLETE_v20 page 8_pages_76-100.md
037-001-004,,037,001,Module - Common Powertrain Controller (CPC) | 041-001-016 | Wiring Harness - Thermostatic Vacuum Switch,VMRS_HB_COMPLETE_v20 page 8_pages_76-100.md
037-001-005,,037,001,Module - Motor Control | 041-001-017 | Pipe - Air Intake,VMRS_HB_COMPLETE_v20 page 8_pages_76-100.md
037-001-006,,037,001,Software - Common Powertrain Controller (CPC) | 041-001-018 | Rain Shield - Air Intake Pipe,VMRS_HB_COMPLETE_v20 page 8_pages_76-100.md
037-001-007,,037,001,"Module - Signal Activation (SAM), Cab | 041-001-019 | Clamp - Hose, Air Cleaner",VMRS_HB_COMPLETE_v20 page 8_pages_76-100.md
037-001-008,,037,001,"Module - Signal Activation (SAM), Chassis | 041-001-020 | Gasket - Double Element - Air Cleaner",VMRS_HB_COMPLETE_v20 page 8_pages_76-100.md
037-001-009,,037,001,Module - Torque Security | 041-001-021 | Screen - Air Cleaner,VMRS_HB_COMPLETE_v20 page 8_pages_76-100.md
037-001-010,,037,001,Module - Rain Light Sensor | 041-001-022 | Aspirator Valve,VMRS_HB_COMPLETE_v20 page 8_pages_76-100.md
037-001-011,,037,001,"Module - Door Control | 041-001-023 | Gasket - Mounting, Air Cleaner",VMRS_HB_COMPLETE_v20 page 8_pages_76-100.md
037-001-012,,037,001,"Module - Signal Activation (SAM), Single | 041-001-024 | Seal - Air Cleaner Reservoir",VMRS_HB_COMPLETE_v20 page 8_pages_76-100.md
038-000-000,,038,000,"Electric Power Management - Electric Vehicle | 041-001-025 | Elbow - Pipe, Air Intake",VMRS_HB_COMPLETE_v20 page 8_pages_76-100.md
038-001-000,,038,001,High Voltage Junction Box - Electric Vehicle | 041-001-026 | Housing - Air Cleaner,VMRS_HB_COMPLETE_v20 page 8_pages_76-100.md
038-001-001,,038,001,"Junction Box - High Voltage, Electric Vehicle | 041-001-027 | Bolt - Pan, Air Cleaner",VMRS_HB_COMPLETE_v20 page 8_pages_76-100.md
038-001-002,,038,001,"Cable - High Voltage Junction Box, Electric | 041-001-028 | Cap - Housing, Engine Air Cleaner",VMRS_HB_COMPLETE_v20 page 8_pages_76-100.md
000-000-000,,000,000,Venicle | 041-001-029 | Minder - Air Filter,VMRS_HB_COMPLETE_v20 page 8_pages_76-100.md
038-002-000,,038,002,Power Distribution Unit (PDU) - Electric Venicle | 041-001-030 | Insulator - Air Cleaner,VMRS_HB_COMPLETE_v20 page 8_pages_76-100.md
030-002-001,,030,002,Vehicle | 041-001-031 | Realiner - All Cleaner Insulator,VMRS_HB_COMPLETE_v20 page 8_pages_76-100.md
038-003-000,,038,003,Veltage Converter Electric Vehicle | 041-001-032 | Diacket - All Illiake FipeDuct Air Intako Engino Air Cloanor,VMRS_HB_COMPLETE_v20 page 8_pages_76-100.md
038-003-001,,038,003,Converter - Variable Frequency Drive AC Output | 041-001-034 | Tee - Air Intake Pine,VMRS_HB_COMPLETE_v20 page 8_pages_76-100.md
000-000-001,,000,000,Electric Vehicle | 041-001-035 | Clamp - Housing Air Cleaner Cap,VMRS_HB_COMPLETE_v20 page 8_pages_76-100.md
038-003-002,,038,003,Cable - Variable Frequency Drive AC Output | 041-001-036 | Moisture Eliminator,VMRS_HB_COMPLETE_v20 page 8_pages_76-100.md
000-000-002,,000,000,"High Voltage, Electric Vehicle | 041-001-037 | Adapter Bell",VMRS_HB_COMPLETE_v20 page 8_pages_76-100.md
038-003-003,,038,003,"Wiring Harness - Variable Frequency Drive, AC | 041-001-039 | Silencer - Intake",VMRS_HB_COMPLETE_v20 page 8_pages_76-100.md
041-001-040,,041,001,"Output, Electric Vehicle | | Gasket - Air Intake Elbow",VMRS_HB_COMPLETE_v20 page 8_pages_76-100.md
038-003-004,,038,003,"Converter - DC/DC, Electric Vehicle | 041-001-041 | Band - Mounting, Air Cleaner",VMRS_HB_COMPLETE_v20 page 8_pages_76-100.md
038-003-005,,038,003,"Cable - DC/DC Converter, High Voltage, Electric | 041-001-042 | Filter Minder Kit",VMRS_HB_COMPLETE_v20 page 8_pages_76-100.md
041-001-043,,041,001,Vehicle | | Bracket - Air Restriction Indicator,VMRS_HB_COMPLETE_v20 page 8_pages_76-100.md
038-003-006,,038,003,Converter - DC/DC with Variable Frequency | 041-001-044 | Air Intake Kit,VMRS_HB_COMPLETE_v20 page 8_pages_76-100.md
041-001-045,,041,001,"Drive AC Output, Electric Vehicle | | Hardware, Mounting - Air Intake Pipe",VMRS_HB_COMPLETE_v20 page 8_pages_76-100.md
038-003-007,,038,003,"Cable - VFD with DC/DC Converter, High | 041-001-046 | Panel - Light Box, Air Cleaner",VMRS_HB_COMPLETE_v20 page 8_pages_76-100.md
041-001-047,,041,001,"Voltage, Electric Vehicle | | Cushion - Clamp, Air Intake",VMRS_HB_COMPLETE_v20 page 8_pages_76-100.md
038-003-008,,038,003,"Wiring Harness - VFD with DC/DC Converter, | 041-001-048 | Divider - Air Intake",VMRS_HB_COMPLETE_v20 page 8_pages_76-100.md
041-001-049,,041,001,"Electric Vehicle | | Fastener - Piping, Air Intake",VMRS_HB_COMPLETE_v20 page 8_pages_76-100.md
039-000-000,,039,000,"Electric Drive Components - Electric Vehicle | 041-001-050 | Insulation - Duct, Air Intake",VMRS_HB_COMPLETE_v20 page 8_pages_76-100.md
039-001-000,,039,001,"High Voltage Battery & Cables - Electric Vehicle | 041-001-051 | Bracket - Screen, Air Intake",VMRS_HB_COMPLETE_v20 page 8_pages_76-100.md
039-001-001,,039,001,"Battery Assembly - High Voltage, Electric Vehicle | 041-001-052 | Grille - Air Intake, Engine Air Cleaner",VMRS_HB_COMPLETE_v20 page 8_pages_76-100.md
039-001-002,,039,001,"Cable - High Voltage Battery, Electric Vehicle | 041-001-053 | Heat Shield - Air Cleaner",VMRS_HB_COMPLETE_v20 page 8_pages_76-100.md
039-002-000,,039,002,"Powertrain Assembly - Electric Venicle | 041-001-054 | Spacer - Mounting, Air Cleaner",VMRS_HB_COMPLETE_v20 page 8_pages_76-100.md
039-002-001,,039,002,"Powennam Assembly - Complete, ElectricVehicle | 041-001-055 | Latch - Housing Air Cleaner",VMRS_HB_COMPLETE_v20 page 8_pages_76-100.md
039-003-000,,039,003,Flectric Drive Motor - Electric Vehicle | 041-001-050 | Cun - Air Cleaner,VMRS_HB_COMPLETE_v20 page 8_pages_76-100.md
039-003-002,,039,003,Cable - Electric Drive Motor High Voltage | 041-001-060 | Mounting Plate - Air Cleaner,VMRS_HB_COMPLETE_v20 page 8_pages_76-100.md
041-001-061,,041,001,Electric Vehicle | | Shim - Air Restriction Indicator,VMRS_HB_COMPLETE_v20 page 8_pages_76-100.md
039-004-000,,039,004,"Inverter - Electric Vehicle | 041-001-062 | Valve - Vacuator, Air Cleaner",VMRS_HB_COMPLETE_v20 page 8_pages_76-100.md
041-001-063,,041,001,"Plug - Air Supply, Air Cleaner | 041-002-015",VMRS_HB_COMPLETE_v20 page 8_pages_76-100.md
041-001-064,,041,001,Fastener - Air Cleaner | 041-002-016,VMRS_HB_COMPLETE_v20 page 8_pages_76-100.md
041-001-065,,041,001,"Air Cleaner Assembly - Engine, Complete | 041-002-017",VMRS_HB_COMPLETE_v20 page 8_pages_76-100.md
041-001-066,,041,001,"Trim Ring - Duct, Cowl Side | 041-002-018",VMRS_HB_COMPLETE_v20 page 8_pages_76-100.md
041-001-067,,041,001,Battle - Air Cleaner | 041-002-019,VMRS_HB_COMPLETE_v20 page 8_pages_76-100.md
041-001-068,,041,001,"Hood - Ram, Air Intake | 041-002-020",VMRS_HB_COMPLETE_v20 page 8_pages_76-100.md
041-001-069,,041,001,"Brace - Stack, Air Cleaner | 041-002-021",VMRS_HB_COMPLETE_v20 page 8_pages_76-100.md
041-001-070,,041,001,Plenum - All InlakeBrackat - Dlanum Air Intaka | 041-002-022,VMRS_HB_COMPLETE_v20 page 8_pages_76-100.md
041-001-072,,041,001,Bracket - Heat Shield Air Intake | 041-002-020,VMRS_HB_COMPLETE_v20 page 8_pages_76-100.md
041-001-073,,041,001,"Wing Nut - Cover, Air Cleaner | 041-002-025",VMRS_HB_COMPLETE_v20 page 8_pages_76-100.md
041-001-074,,041,001,Gasket - Intake Heater | 041-002-026,VMRS_HB_COMPLETE_v20 page 8_pages_76-100.md
041-001-075,,041,001,Intake Heater | 041-002-027,VMRS_HB_COMPLETE_v20 page 8_pages_76-100.md
041-001-076,,041,001,Gasket - Air Tube | 041-002-028,VMRS_HB_COMPLETE_v20 page 8_pages_76-100.md
041-001-077,,041,001,Sleeve - Intake Tube | 041-002-029,VMRS_HB_COMPLETE_v20 page 8_pages_76-100.md
041-001-078,,041,001,Single Check Valve - Air Cleaner | 041-002-030,VMRS_HB_COMPLETE_v20 page 8_pages_76-100.md
041-001-079,,041,001,"Reducer - Hose, Air Intake",VMRS_HB_COMPLETE_v20 page 8_pages_76-100.md
041-001-080,,041,001,"Adapter - Pre-Cleaner, Air Intake | 041-002-031",VMRS_HB_COMPLETE_v20 page 8_pages_76-100.md
041-001-081,,041,001,"Separator - In-Line, Air IntakeRoot Duct Air Cleaner | 041-002-032",VMRS_HB_COMPLETE_v20 page 8_pages_76-100.md
041-001-083,,041,001,Bracket - Brace Stack Air Intake | 041-002-033,VMRS_HB_COMPLETE_v20 page 8_pages_76-100.md
041-001-084,,041,001,Channel - Brace Stack Air Intake | 041-002-035,VMRS_HB_COMPLETE_v20 page 8_pages_76-100.md
041-001-085,,041,001,"Upright - Stack, Air Intake | 011 002 000",VMRS_HB_COMPLETE_v20 page 8_pages_76-100.md
041-001-086,,041,001,"Valve - Door, Blend Air | 041-002-036",VMRS_HB_COMPLETE_v20 page 8_pages_76-100.md
041-001-087,,041,001,"Cylinder - Valve, Blend Air Door",VMRS_HB_COMPLETE_v20 page 8_pages_76-100.md
041-001-088,,041,001,Wiring Harness - Air Intake | 041-002-037,VMRS_HB_COMPLETE_v20 page 8_pages_76-100.md
041-001-089,,041,001,"Filter - Air, Secondary | 041-003-000",VMRS_HB_COMPLETE_v20 page 8_pages_76-100.md
041-001-090,,041,001,"Gate - Plenum, Air Intake | 041-003-001",VMRS_HB_COMPLETE_v20 page 8_pages_76-100.md
041-001-091,,041,001,"Spring - Gate, Inside/Outside Air | 041-003-002",VMRS_HB_COMPLETE_v20 page 8_pages_76-100.md
041-001-092,,041,001,O-Ring - Air Intake Duct | 041-003-003,VMRS_HB_COMPLETE_v20 page 8_pages_76-100.md
041-001-093,,041,001,"Sleeve - Resonator, Air Intake | 041-003-004",VMRS_HB_COMPLETE_v20 page 8_pages_76-100.md
041-001-094,,041,001,"Insulator - Resonator, Air Intake | 041-003-005",VMRS_HB_COMPLETE_v20 page 8_pages_76-100.md
041-001-095,,041,001,Clamp - Resonator Air Intake | 041-003-007,VMRS_HB_COMPLETE_v20 page 8_pages_76-100.md
041-001-098,,041,001,Clamp - Duct. Air Intake | 041-003-009,VMRS_HB_COMPLETE_v20 page 8_pages_76-100.md
041-001-099,,041,001,"Insulator - Duct, Air Intake | 041-003-010",VMRS_HB_COMPLETE_v20 page 8_pages_76-100.md
041-001-100,,041,001,"Ball Stud - Housing, Engine Air Filter | 041-003-011",VMRS_HB_COMPLETE_v20 page 8_pages_76-100.md
041-001-101,,041,001,"Gasket - Cover, Housing, Engine Air Filter | 041-003-012",VMRS_HB_COMPLETE_v20 page 8_pages_76-100.md
041-001-102,,041,001,"Plug - Housing, Engine Air Filter | 041-003-013",VMRS_HB_COMPLETE_v20 page 8_pages_76-100.md
041-001-103,,041,001,"Adapter - Duct, Air Intake | 041-003-014",VMRS_HB_COMPLETE_v20 page 8_pages_76-100.md
041-001-104,,041,001,"Hose - Sensor, Mass Air Flow",VMRS_HB_COMPLETE_v20 page 8_pages_76-100.md
041-001-105,,041,001,"Clamp - Sensor, Mass Air Flow | 041-003-015",VMRS_HB_COMPLETE_v20 page 8_pages_76-100.md
041-001-106,,041,001,"Boot - Sensor, Mass Air Flow | 041-003-015",VMRS_HB_COMPLETE_v20 page 8_pages_76-100.md
041-001-107,,041,001,Kit Treatment Air Filter | 041-003-017,VMRS_HB_COMPLETE_v20 page 8_pages_76-100.md
041-001-110,,041,001,Housing - Air Pre-Cleaner | 041-003-020,VMRS_HB_COMPLETE_v20 page 8_pages_76-100.md
041-001-111,,041,001,Drain Valve - Kazoo Type | 041-003-021,VMRS_HB_COMPLETE_v20 page 8_pages_76-100.md
041-001-112,,041,001,Relay - Air Intake Heater | 041-003-022,VMRS_HB_COMPLETE_v20 page 8_pages_76-100.md
041-001-113,,041,001,Flow Valve - Air Intake | 041-003-023,VMRS_HB_COMPLETE_v20 page 8_pages_76-100.md
041-001-114,,041,001,Suppressor Assembly - Noise | 041-003-024,VMRS_HB_COMPLETE_v20 page 8_pages_76-100.md
041-001-115,,041,001,Coupling - Air Filter Minder | 041-003-025,VMRS_HB_COMPLETE_v20 page 8_pages_76-100.md
041-001-116,,041,001,Restriction Indicator - Air Filter | 041-003-026,VMRS_HB_COMPLETE_v20 page 8_pages_76-100.md
041-001-117,,041,001,Restriction Indicator Kit - Air Filter | 041-003-027,VMRS_HB_COMPLETE_v20 page 8_pages_76-100.md
041-001-118,,041,001,"Hardware, Mounting - Air Cleaner Bracket | 041-004-000",VMRS_HB_COMPLETE_v20 page 8_pages_76-100.md
041-002-000,,041,002,Manifold - Intako | 041-004-001,VMRS_HB_COMPLETE_v20 page 8_pages_76-100.md
041-002-001,,041,002,"Hardware, Mounting - Intake Manifold | 041-004-002",VMRS_HB_COMPLETE_v20 page 8_pages_76-100.md
041-002-002,,041,002,Gasket - Intake Manifold | 041-004-003,VMRS_HB_COMPLETE_v20 page 8_pages_76-100.md
041-002-004,,041,002,Gland - Intake Manifold | 041-004-004,VMRS_HB_COMPLETE_v20 page 8_pages_76-100.md
041-002-005,,041,002,Gasket - Exhaust Manifold To Intake Manifold | 041-004-005,VMRS_HB_COMPLETE_v20 page 8_pages_76-100.md
041-002-006,,041,002,Plug - Intake Manifold Expansion | 041-004-006,VMRS_HB_COMPLETE_v20 page 8_pages_76-100.md
041-002-007,,041,002,Tube - Vacuum Balance | 041-004-007,VMRS_HB_COMPLETE_v20 page 8_pages_76-100.md
041-002-008,,041,002,Hose - Vacuum Balance Tube | 041-004-008,VMRS_HB_COMPLETE_v20 page 8_pages_76-100.md
041-002-009,,041,002,"Washer - Bolt, Inlet Manifold | 041-004-009",VMRS_HB_COMPLETE_v20 page 8_pages_76-100.md
041-002-010,,041,002,Seal - Intake Manifold | 044 004 010,VMRS_HB_COMPLETE_v20 page 8_pages_76-100.md
041-002-011,,041,002,Gasket - Air Intake Cross Over To After Cooler | 041-004-010,VMRS_HB_COMPLETE_v20 page 8_pages_76-100.md
041-002-012,,041,002,nose - Intake ManifoldSensor - Intake Manifold | 041-004-011,VMRS_HB_COMPLETE_v20 page 8_pages_76-100.md
041-002-013,,041,002,Shutter - Intake Assembly | 041-004-012,VMRS_HB_COMPLETE_v20 page 8_pages_76-100.md
011-002-014,,011,002,strattor interes resonance,VMRS_HB_COMPLETE_v20 page 8_pages_76-100.md
041-002-015,,041,002,"Bracket - Accessory, Intake Manifold",VMRS_HB_COMPLETE_v20 page 8_pages_76-100.md
041-002-016,,041,002,"Spring - Element, Fuel Filter",VMRS_HB_COMPLETE_v20 page 8_pages_76-100.md
041-002-017,,041,002,Cover - Intake Manifold,VMRS_HB_COMPLETE_v20 page 8_pages_76-100.md
041-002-018,,041,002,Adapter - Intake Manifold,VMRS_HB_COMPLETE_v20 page 8_pages_76-100.md
041-002-019,,041,002,"Clamp - Hose, Intake Manifold",VMRS_HB_COMPLETE_v20 page 8_pages_76-100.md
041-002-020,,041,002,Insulator - Intake Manifold,VMRS_HB_COMPLETE_v20 page 8_pages_76-100.md
041-002-021,,041,002,Crossover - Air Intake,VMRS_HB_COMPLETE_v20 page 8_pages_76-100.md
041-002-022,,041,002,Actuator - Air Intake,VMRS_HB_COMPLETE_v20 page 8_pages_76-100.md
041-002-023,,041,002,Sensor - Swirl Flap Position,VMRS_HB_COMPLETE_v20 page 8_pages_76-100.md
041-002-024,,041,002,Solenoid - Swirl Flap,VMRS_HB_COMPLETE_v20 page 8_pages_76-100.md
041-002-025,,041,002,Motor - Actuator,VMRS_HB_COMPLETE_v20 page 8_pages_76-100.md
041-002-026,,041,002,"Seal - End, Intake Manifold",VMRS_HB_COMPLETE_v20 page 8_pages_76-100.md
041-002-027,,041,002,"Elbow - Inlet, Intake Manifold",VMRS_HB_COMPLETE_v20 page 8_pages_76-100.md
041-002-028,,041,002,Seal - Inlet Elbow. Intake Manifold,VMRS_HB_COMPLETE_v20 page 8_pages_76-100.md
041-002-029,,041,002,"Bracket - Inlet Elbow, Intake Manifold",VMRS_HB_COMPLETE_v20 page 8_pages_76-100.md
041-002-030,,041,002,"Hardware, Mounting - Inlet Elbow, IntakeManifold",VMRS_HB_COMPLETE_v20 page 8_pages_76-100.md
041-002-031,,041,002,"Seal - Inlet Valve, Intake Manifold",VMRS_HB_COMPLETE_v20 page 8_pages_76-100.md
041-002-032,,041,002,"Valve - Inlet, Intake Manifold",VMRS_HB_COMPLETE_v20 page 8_pages_76-100.md
041-002-033,,041,002,"Adapter - Pipe, Inlet Valve, Intake Manifold",VMRS_HB_COMPLETE_v20 page 8_pages_76-100.md
041-002-034,,041,002,"Bracket - Inlet Valve, Intake Manifold",VMRS_HB_COMPLETE_v20 page 8_pages_76-100.md
041-002-035,,041,002,"Hardware, Mounting - Inlet Valve, IntakeManifold",VMRS_HB_COMPLETE_v20 page 8_pages_76-100.md
041-002-036,,041,002,"Hardware, Mounting - Bracket, Inlet Valve, Intake Manifold",VMRS_HB_COMPLETE_v20 page 8_pages_76-100.md
041-002-037,,041,002,"Sensor - Temperature, Intake Manifold",VMRS_HB_COMPLETE_v20 page 8_pages_76-100.md
041-003-000,,041,003,Blower - Supercharger,VMRS_HB_COMPLETE_v20 page 8_pages_76-100.md
041-003-001,,041,003,Blower Assembly - Supercharger,VMRS_HB_COMPLETE_v20 page 8_pages_76-100.md
041-003-002,,041,003,Gasket - Blower Supercharger,VMRS_HB_COMPLETE_v20 page 8_pages_76-100.md
041-003-003,,041,003,Housing & End Plates - Blower,VMRS_HB_COMPLETE_v20 page 8_pages_76-100.md
041-003-004,,041,003,Botor - Blower,VMRS_HB_COMPLETE_v20 page 8_pages_76-100.md
041-003-005,,041,003,Bearing - Blower Assembly Supercharger,VMRS_HB_COMPLETE_v20 page 8_pages_76-100.md
041-003-007,,041,003,Geal Diower,VMRS_HB_COMPLETE_v20 page 8_pages_76-100.md
041-003-008,,041,003,Seal - Blower,VMRS_HB_COMPLETE_v20 page 8_pages_76-100.md
041-003-009,,041,003,Manifold - Blower Air Inlet,VMRS_HB_COMPLETE_v20 page 8_pages_76-100.md
041-003-010,,041,003,Shut-Off Valve - Blower Air Inlet,VMRS_HB_COMPLETE_v20 page 8_pages_76-100.md
041-003-011,,041,003,"Wire - Control, Blower Air Inlet Shut-Off",VMRS_HB_COMPLETE_v20 page 8_pages_76-100.md
041-003-012,,041,003,Repair Kit - Blower,VMRS_HB_COMPLETE_v20 page 8_pages_76-100.md
041-003-013,,041,003,Installation Kit - Blower,VMRS_HB_COMPLETE_v20 page 8_pages_76-100.md
041-003-014,,041,003,Hose - Crossover (Turbocharger To IntakeManifold),VMRS_HB_COMPLETE_v20 page 8_pages_76-100.md
041-003-015,,041,003,Washer - Drain Line Fitting,VMRS_HB_COMPLETE_v20 page 8_pages_76-100.md
041-003-016,,041,003,Clamp - Crossover Hose,VMRS_HB_COMPLETE_v20 page 8_pages_76-100.md
041-003-017,,041,003,Hub - Blower Shaft,VMRS_HB_COMPLETE_v20 page 8_pages_76-100.md
041-003-018,,041,003,Tube - Blower Oiler,VMRS_HB_COMPLETE_v20 page 8_pages_76-100.md
041-003-019,,041,003,Seal - Blower Oiler Tube,VMRS_HB_COMPLETE_v20 page 8_pages_76-100.md
041-003-020,,041,003,Nut - Blower Oiler Tube,VMRS_HB_COMPLETE_v20 page 8_pages_76-100.md
041-003-021,,041,003,Retainer - Blower Drive Shaft,VMRS_HB_COMPLETE_v20 page 8_pages_76-100.md
041-003-022,,041,003,Spring - Blower Drive Shaft,VMRS_HB_COMPLETE_v20 page 8_pages_76-100.md
041-003-023,,041,003,Plate - Blower Drive Hub,VMRS_HB_COMPLETE_v20 page 8_pages_76-100.md
041-003-024,,041,003,Cover - Blower,VMRS_HB_COMPLETE_v20 page 8_pages_76-100.md
041-003-025,,041,003,Drain Kit - Turbocharger,VMRS_HB_COMPLETE_v20 page 8_pages_76-100.md
041-003-026,,041,003,"Gasket - Drain, Turbocharger",VMRS_HB_COMPLETE_v20 page 8_pages_76-100.md
041-003-027,,041,003,Mounting Gasket - Supercharger,VMRS_HB_COMPLETE_v20 page 8_pages_76-100.md
041-004-000,,041,004,Charge Air Cooler,VMRS_HB_COMPLETE_v20 page 8_pages_76-100.md
041-004-001,,041,004,Housing - Charge Air Cooler,VMRS_HB_COMPLETE_v20 page 8_pages_76-100.md
041-004-002,,041,004,"Hardware, Mounting - Charge Air Cooler,Housing",VMRS_HB_COMPLETE_v20 page 8_pages_76-100.md
041-004-003,,041,004,Core - Charge Air Cooler,VMRS_HB_COMPLETE_v20 page 8_pages_76-100.md
041-004-004,,041,004,Hardware Mounting - Charge Air Cooler Core,VMRS_HB_COMPLETE_v20 page 8_pages_76-100.md
041-004-007,,041,004,"Check valve - All, TP Turbine",VMRS_HB_COMPLETE_v20 page 8_pages_76-100.md
041-004-008,,041,004,Fan Assembly - Unarge Alf Cooler (Alf-10-Alf),VMRS_HB_COMPLETE_v20 page 8_pages_76-100.md
041-004-009,,041,004,Cooler,VMRS_HB_COMPLETE_v20 page 8_pages_76-100.md
041-004-010,,041,004,"Hose - Intake, Charge Air Cooler",VMRS_HB_COMPLETE_v20 page 8_pages_76-100.md
041-004-011,,041,004,"Hose - Outlet, Charge Air Cooler",VMRS_HB_COMPLETE_v20 page 8_pages_76-100.md
041-004-012,,041,004,"Clamp - Hose, Charge Air Cooler",VMRS_HB_COMPLETE_v20 page 8_pages_76-100.md
041-004-013,,041,004,"Insulator - Mounting, Charge Air Cooler",VMRS_HB_COMPLETE_v20 page 8_pages_76-100.md
041-004-014,,041,004,Elbow - Charge Air Cooler | 041-005-020 | Ether Injection System - Complete,VMRS_HB_COMPLETE_v20 page 8_pages_76-100.md
041-004-015,,041,004,Mounting Bracket - Charge Air Cooler | 041-005-021 | Line - Ether Supply,VMRS_HB_COMPLETE_v20 page 8_pages_76-100.md
041-004-016,,041,004,"Cable - Betaining Charge Air Cooler Assembly | 041-005-022 | Label - Eluid Specs, Cold Weather System",VMRS_HB_COMPLETE_v20 page 8_pages_76-100.md
041-004-017,,041,004,Benair Kit - Ean Charge Air Cooler | 041-006-000 | Throttle Body,VMRS_HB_COMPLETE_v20 page 8_pages_76-100.md
041-004-018,,041,004,Mounting Screw - Charge Air Cooler Housing | 041-006-002 | Cover - Throttle Body,VMRS_HB_COMPLETE_v20 page 8_pages_76-100.md
041-004-019,,041,004,Adapter - Water Outlet Fitting Charge Air Cooler | 041-006-004 | Lever - Throttle Body,VMRS_HB_COMPLETE_v20 page 8_pages_76-100.md
041-004-020,,041,004,Charge Air Cooler Assembly | 042-000-000 | Cooling System,VMRS_HB_COMPLETE_v20 page 8_pages_76-100.md
041-004-021,,041,004,Dina Cold Sida Charge Air Coolor | 042-000-000 | Shutters,VMRS_HB_COMPLETE_v20 page 8_pages_76-100.md
041-004-022,,041,004,"Pipe, Cold Side - Charge Air Cooler | 042-001-000 | Shutter Dadiator Diosol",VMRS_HB_COMPLETE_v20 page 8_pages_76-100.md
041-004-023,,041,004,Mounting Bracket Charge Air Cooler Dipo | 042-001-001 | Control Dediator Shuttor Diosol,VMRS_HB_COMPLETE_v20 page 8_pages_76-100.md
041-004-024,,041,004,Clamp Mounting Bracket CAC Pine | 042-001-002 | Linkago Dadiator Shutter Diesel,VMRS_HB_COMPLETE_v20 page 8_pages_76-100.md
041-004-025,,041,004,Tank Charge Air Cooler | 042-001-003 | Deil Shutter Dedieter,VMRS_HB_COMPLETE_v20 page 8_pages_76-100.md
041-004-027,,041,004,Adaptor Charge Air Coolor Hose Engine | 042-001-005 | Donair Kit Dadiator Shuttor Control,VMRS_HB_COMPLETE_v20 page 8_pages_76-100.md
041-004-029,,041,004,"Baffle Charge Air Cooler, Hose Adapter | 042-001-000 | Eitting Air Line Shutter Control",VMRS_HB_COMPLETE_v20 page 8_pages_76-100.md
041-004-030,,041,004,"Clamp Duct Charge Air Cooler | 042-001-009 | Hung, All Line - Shutter Controls",VMRS_HB_COMPLETE_v20 page 8_pages_76-100.md
041-004-031,,041,004,"Clamp - Duct, Charge Air Cooler Head | 042-001-010 | Miring Dining Dedictor Shutter",VMRS_HB_COMPLETE_v20 page 8_pages_76-100.md
041-004-032,,041,004,"Ciamp - Support, Charge All Cooler, Hose | 042-001-010 | Willing - Piping, Radiator Shutter",VMRS_HB_COMPLETE_v20 page 8_pages_76-100.md
041-004-033,,041,004,"Heat Shield - Piping, Charge Air Cooler | 042-001-012 | Bearing - Cylinder, Radiator Shutter",VMRS_HB_COMPLETE_v20 page 8_pages_76-100.md
041-004-034,,041,004,"Sensor - Air Pressure & Temperature, Charge Air | 042-001-013 | Cylinder - Radiator Shutter",VMRS_HB_COMPLETE_v20 page 8_pages_76-100.md
042-001-014,,042,001,"0.44,004,005 | | | Pipe - Shutter, Hydraulic",VMRS_HB_COMPLETE_v20 page 8_pages_76-100.md
041-004-035,,041,004,"Pipe - Air, Charge Air Cooler | 042-002-000 | Radiator",VMRS_HB_COMPLETE_v20 page 8_pages_76-100.md
041-004-036,,041,004,"Sensor - Air Pressure, Charge Air Cooler | 042-002-001 | Core & Tank Assembly - Radiator",VMRS_HB_COMPLETE_v20 page 8_pages_76-100.md
041-004-037,,041,004,"Pipe - Air Casting, Charge Air Cooler | 042-002-002 | Drain Cock - Lower",VMRS_HB_COMPLETE_v20 page 8_pages_76-100.md
041-004-038,,041,004,"O-Ring - Air Casting Pipe, Charge Air Cooler | 042-002-003 | Filler Cap Assembly - Radiator",VMRS_HB_COMPLETE_v20 page 8_pages_76-100.md
041-004-039,,041,004,"Clamp - Air Casting Pipe, Charge Air Cooler | 042-002-004 | Hardware, Mounting - Radiator Core & Tank",VMRS_HB_COMPLETE_v20 page 8_pages_76-100.md
041-004-040,,041,004,"Tube - Extension, Air Supply Duct, Charge Air | | Assembly",VMRS_HB_COMPLETE_v20 page 8_pages_76-100.md
042-002-005,,042,002,"Cooler | | Drain Cock - Water Level, Upper Tank",VMRS_HB_COMPLETE_v20 page 8_pages_76-100.md
041-004-041,,041,004,"Hose Assembly - Coolant Supply, Charge Air | 042-002-006 | Pressure Relief Valve - Radiator",VMRS_HB_COMPLETE_v20 page 8_pages_76-100.md
042-002-007,,042,002,Cooler | | Tube - Overflow,VMRS_HB_COMPLETE_v20 page 8_pages_76-100.md
041-004-042,,041,004,"Valve - Intake Throttle, Charge Air Cooler | 042-002-008 | Tank - Upper",VMRS_HB_COMPLETE_v20 page 8_pages_76-100.md
041-004-043,,041,004,"Clamp - Tube, Charge Air Cooler | 042-002-009 | Tank - Surge",VMRS_HB_COMPLETE_v20 page 8_pages_76-100.md
041-004-044,,041,004,"Insulator - Tube, Charge Air Cooler | 042-002-010 | lank - Lower",VMRS_HB_COMPLETE_v20 page 8_pages_76-100.md
041-004-045,,041,004,"Sleeve - Tube, Charge Air Cooler | 042-002-011 | Pipe - Outlet",VMRS_HB_COMPLETE_v20 page 8_pages_76-100.md
041-004-046,,041,004,"Line - Coolant Bypass, Charge Air Cooler | 042-002-012 | OII Cooler Assembly - Transmission",VMRS_HB_COMPLETE_v20 page 8_pages_76-100.md
041-004-047,,041,004,"Expansion Tank - Coolant, Charge Air Cooler | 042-002-013 | Core - Radiator",VMRS_HB_COMPLETE_v20 page 8_pages_76-100.md
041-004-048,,041,004,"Hose - Expansion Tank, Charge Air Cooler | 042-002-014 | Support - Radiator Core",VMRS_HB_COMPLETE_v20 page 8_pages_76-100.md
041-004-049,,041,004,"Hose - Coolant, Charge Air Cooler | 042-002-015 | Hardware, Mounting - Radiator Core Support",VMRS_HB_COMPLETE_v20 page 8_pages_76-100.md
041-004-050,,041,004,"Clamp - Hose, Coolant, Charge Air Cooler | 042-002-016 | Shield - Core Side",VMRS_HB_COMPLETE_v20 page 8_pages_76-100.md
041-004-051,,041,004,Thermostat - Charge Air Cooler | 042-002-017 | Tie Rod - Radiator,VMRS_HB_COMPLETE_v20 page 8_pages_76-100.md
041-004-052,,041,004,"Seal - Thermostat, Charge Air Cooler | 042-002-018 | Plate - Core Support",VMRS_HB_COMPLETE_v20 page 8_pages_76-100.md
041-004-053,,041,004,"Gasket - Bypass Line, Charge Air Cooler | 042-002-019 | Insulator - Core Support To Frame",VMRS_HB_COMPLETE_v20 page 8_pages_76-100.md
041-004-054,,041,004,"Drain Plug - Charge Air Cooler | 042-002-020 | Shield - Fan, Upper",VMRS_HB_COMPLETE_v20 page 8_pages_76-100.md
041-004-055,,041,004,Head - Intercooler | 042-002-021 | Support Bracket - Core Frame,VMRS_HB_COMPLETE_v20 page 8_pages_76-100.md
041-004-056,,041,004,"Cooler - Pre-Air | 042-002-022 | Hardware, Mounting - Core Frame Support",VMRS_HB_COMPLETE_v20 page 8_pages_76-100.md
041-004-057,,041,004,Pipe - Charge Air Cooler to Throttle Valve | | Bracket,VMRS_HB_COMPLETE_v20 page 8_pages_76-100.md
041-004-058,,041,004,"Sense Line - Charge Air | 042-002-023 | Pan - Splash, Radiator",VMRS_HB_COMPLETE_v20 page 8_pages_76-100.md
041-004-059,,041,004,"Valve - Buffered Air (BVU) | 042-002-024 | Hardware, Mounting - Radiator Splash Pan",VMRS_HB_COMPLETE_v20 page 8_pages_76-100.md
041-004-060,,041,004,"Kit - Hose and Clamp, Charge Air Cooler | 042-002-025 | Shroud Assembly - Radiator Fan",VMRS_HB_COMPLETE_v20 page 8_pages_76-100.md
041-005-000,,041,005,"Ether Injector Assembly | 042-002-026 | Hardware, Mounting - Radiator Fan Shroud",VMRS_HB_COMPLETE_v20 page 8_pages_76-100.md
041-005-001,,041,005,Control Valve - Ether Injector | | Assembly,VMRS_HB_COMPLETE_v20 page 8_pages_76-100.md
041-005-002,,041,005,"Reservoir (Tank) - Ether | 042-002-027 | Sight Glass - Coolant Level, Radiator",VMRS_HB_COMPLETE_v20 page 8_pages_76-100.md
041-005-004,,041,005,Switch - Cycling Automatic | 042-002-028 | Filler Neck - Radiator,VMRS_HB_COMPLETE_v20 page 8_pages_76-100.md
041-005-005,,041,005,"Sensor - Thermostat, Circuit-Breaking | 042-002-029 | Gasket - Radiator Tank, Upper",VMRS_HB_COMPLETE_v20 page 8_pages_76-100.md
041-005-006,,041,005,"Wiring - Ether Start | 042-002-030 | Plate - Block Off, Radiator Outlet/Intake",VMRS_HB_COMPLETE_v20 page 8_pages_76-100.md
041-005-007,,041,005,"Atomizer - Ether Injector | 042-002-031 | Bracket - Radiator Tie Rod, Left",VMRS_HB_COMPLETE_v20 page 8_pages_76-100.md
041-005-008,,041,005,"Bracket - Cold Start | 042-002-032 | Bracket - Radiator Tie Rod, Right",VMRS_HB_COMPLETE_v20 page 8_pages_76-100.md
041-005-009,,041,005,"Bracket - Ether Injector | 042-002-033 | Gasket - Plate, Block Off, Radiator Outlet/Inlet",VMRS_HB_COMPLETE_v20 page 8_pages_76-100.md
041-005-010,,041,005,"Bracket - Mounting Valve | 042-002-034 | Turnbuckle - Tie Rod, Radiator",VMRS_HB_COMPLETE_v20 page 8_pages_76-100.md
041-005-011,,041,005,Clamp - Cylinder | 042-002-035 | Retaining Ring - Pressure Relief Valve,VMRS_HB_COMPLETE_v20 page 8_pages_76-100.md
041-005-012,,041,005,"Ether - Starting Aid | 042-002-036 | Gasket - Pressure Relief Valve, Engine Control",VMRS_HB_COMPLETE_v20 page 8_pages_76-100.md
041-005-013,,041,005,Fitting - Valve | 042-002-037 | Gasket - Radiator Cap,VMRS_HB_COMPLETE_v20 page 8_pages_76-100.md
041-005-014,,041,005,Ether Injector Kit | 042-002-038 | Fitting - Radiator Inlet,VMRS_HB_COMPLETE_v20 page 8_pages_76-100.md
041-005-015,,041,005,"Actuator - Ether Injector, Electric | 042-002-041 | Mounting Bracket - Radiator Tie Rod, Fire Wall",VMRS_HB_COMPLETE_v20 page 8_pages_76-100.md
041-005-016,,041,005,"Hardware, Mounting - Ether Injector Assembly | | End",VMRS_HB_COMPLETE_v20 page 8_pages_76-100.md
041-005-017,,041,005,Bushing - Ether Injector | 042-002-042 | Mounting Bracket - Surge Tank,VMRS_HB_COMPLETE_v20 page 8_pages_76-100.md
041-005-018,,041,005,"Switch - Temperature, Ether Injector | 042-002-043 | Retaining Strap - Surge Tank",VMRS_HB_COMPLETE_v20 page 8_pages_76-100.md
041-005-019,,041,005,Gasket - Ether Cylinder | 042-002-044 | Cap - Surge Tank,VMRS_HB_COMPLETE_v20 page 8_pages_76-100.md
042-002-045,,042,002,"Insulator - Tie Rod, Radiator | 042-002-118 | End - Bolting Strip, Radiator",VMRS_HB_COMPLETE_v20 page 8_pages_76-100.md
042-002-046,,042,002,"Gasket Kit - Radiator Tank | 042-002-119 | Baffle - Air, Radiator",VMRS_HB_COMPLETE_v20 page 8_pages_76-100.md
042-002-047,,042,002,"Insert - Radiator Insulator | 042-002-120 | Line - Oil Cooler, Transmission",VMRS_HB_COMPLETE_v20 page 8_pages_76-100.md
042-002-048,,042,002,"Spacer - Radiator Insulator | 042-002-121 | Gasket - Header, Oil Cooler",VMRS_HB_COMPLETE_v20 page 8_pages_76-100.md
042-002-049,,042,002,"Ball Joint - Radiator Brace | 042-002-122 | Strut - Guard, Radiator",VMRS_HB_COMPLETE_v20 page 8_pages_76-100.md
042-002-050,,042,002,"Sleeve - Insulator, Radiator Tie Rod | 042-002-123 | Tube - Static Fill",VMRS_HB_COMPLETE_v20 page 8_pages_76-100.md
042-002-051,,042,002,"Retainer - Insulator, Radiator He Rod | 042-002-124 | Duct - Auxiliary Cooling Module, Upper",VMRS_HB_COMPLETE_v20 page 8_pages_76-100.md
042-002-052,,042,002,"Chack Valva – Dadiator | 042-002-125 | Duct - Auxiliary Cooling Module, Lower",VMRS_HB_COMPLETE_v20 page 8_pages_76-100.md
042-002-053,,042,002,Bolting Strip - Badiator | 042-002-120 | Mounting Bracket - Auxiliary Cooling Module,VMRS_HB_COMPLETE_v20 page 8_pages_76-100.md
042-002-055,,042,002,Drain Plug - Badiator | 042-002-128 | Core & Tank - Cooling Module Auxiliary,VMRS_HB_COMPLETE_v20 page 8_pages_76-100.md
042-002-056,,042,002,"Hardware, Mounting - Surge Tank | 042-002-129 | Shroud - Cooling Module, Auxiliary",VMRS_HB_COMPLETE_v20 page 8_pages_76-100.md
042-002-057,,042,002,"Fitting - Surge Tank | 042-002-130 | Support - Cooling Module, Auxiliary",VMRS_HB_COMPLETE_v20 page 8_pages_76-100.md
042-002-058,,042,002,"Bottle - Coolant Recovery | 042-002-131 | Pipe Assembly - Radiator, Front",VMRS_HB_COMPLETE_v20 page 8_pages_76-100.md
042-002-059,,042,002,"Hose - Overflow, Recovery | 042-002-132 | Mounting Bracket - Duct, Auxiliary Cooling",VMRS_HB_COMPLETE_v20 page 8_pages_76-100.md
042-002-060,,042,002,Bracket - Overflow Bottle | | Module,VMRS_HB_COMPLETE_v20 page 8_pages_76-100.md
042-002-061,,042,002,"Hose - Surge Tank | 042-002-133 | Gasket/Seal - Drain Plug, Radiator",VMRS_HB_COMPLETE_v20 page 8_pages_76-100.md
042-002-062,,042,002,"Hose - Deaeration, Surge | 042-002-134 | Gasket - Radiator Shroud",VMRS_HB_COMPLETE_v20 page 8_pages_76-100.md
042-002-063,,042,002,Retaining Strip - Recirculation Shield | 042-002-135 | Hose/Piping Kit - Engine Cooling,VMRS_HB_COMPLETE_v20 page 8_pages_76-100.md
042-002-064,,042,002,"Support - Recirculation Shield | 042-002-136 | Bracket - Stabilizer, Radiator",VMRS_HB_COMPLETE_v20 page 8_pages_76-100.md
042-002-065,,042,002,"Seal - Recirculation Shield | 042-002-137 | Sullener - Shroud, Radiator Fan",VMRS_HB_COMPLETE_v20 page 8_pages_76-100.md
042-002-000,,042,002,Shield Recirculation Lower | 042-002-130 | Clamp Support Dadiator Hoso,VMRS_HB_COMPLETE_v20 page 8_pages_76-100.md
042-002-071,,042,002,Plate - Recirculation Shield | 042-002-142 | Pipe - Oil Cooler Transmission,VMRS_HB_COMPLETE_v20 page 8_pages_76-100.md
042-002-072,,042,002,"Shield - Recirculation, Right | 042-002-143 | Fitting - Cooling System, Water Line, Hose,",VMRS_HB_COMPLETE_v20 page 8_pages_76-100.md
042-002-073,,042,002,"Shield - Recirculation, Left | | Tube, Plumbing",VMRS_HB_COMPLETE_v20 page 8_pages_76-100.md
042-002-074,,042,002,"Hardware, Mounting - Radiator Tie Rod | 042-002-144 | O-Ring - Cooling System, Water Line, Hose,",VMRS_HB_COMPLETE_v20 page 8_pages_76-100.md
042-002-075,,042,002,"Core - Heat Exchanger | | Tube, Plumbing",VMRS_HB_COMPLETE_v20 page 8_pages_76-100.md
042-002-076,,042,002,"Tank - Radiator, Left | 042-002-145 | Bracket - Remote Filler, Radiator",VMRS_HB_COMPLETE_v20 page 8_pages_76-100.md
042-002-077,,042,002,"Tank - Radiator, Right | 042-002-146 | Fan - Electric, Auxiliary Cooling Module",VMRS_HB_COMPLETE_v20 page 8_pages_76-100.md
042-002-079,,042,002,"Rod - Transmission Cooler | 042-002-147 | Sensor - Temperature, Auxiliary Cooling Module",VMRS_HB_COMPLETE_v20 page 8_pages_76-100.md
042-002-080,,042,002,"Adapter - Radiator Outlet | 042-002-148 | Hose - Deaeration, Radiator",VMRS_HB_COMPLETE_v20 page 8_pages_76-100.md
042-002-081,,042,002,"Cooling Module - Auxiliary | 042-002-149 | Drip Pan - Oil Cooler, Transmission",VMRS_HB_COMPLETE_v20 page 8_pages_76-100.md
042-002-082,,042,002,"Hardware, Mounting - Diesel Radiator Shutter | 042-002-150 | Pipe - Inlet, Engine",VMRS_HB_COMPLETE_v20 page 8_pages_76-100.md
042-002-083,,042,002,"Shunt Line - Radiator | 042-002-151 | Pipe - Outlet, Engine",VMRS_HB_COMPLETE_v20 page 8_pages_76-100.md
042-002-084,,042,002,Clamp - Cooler Line | 042-002-152 | Brackel - Heal ExchangerShield Debrie Dediator,VMRS_HB_COMPLETE_v20 page 8_pages_76-100.md
042-002-088,,042,002,Tube - Outlet Cooler | 042-002-156 | Cover - Badiator Top,VMRS_HB_COMPLETE_v20 page 8_pages_76-100.md
042-002-089,,042,002,"Gasket - Radiator, General | 042-002-157 | Cover - Radiator, Bottom",VMRS_HB_COMPLETE_v20 page 8_pages_76-100.md
042-002-090,,042,002,"Channel, Mounting - Radiator to Heat Exchanger | 042-002-158 | Cross Member - Radiator",VMRS_HB_COMPLETE_v20 page 8_pages_76-100.md
042-002-091,,042,002,"Mounting Bracket - Cable Guide, on Radiator | 042-002-159 | Clamp - Hose, Overflow Reservoir, Engine",VMRS_HB_COMPLETE_v20 page 8_pages_76-100.md
042-002-092,,042,002,Valve - Seat Type Hose To Male Pipe | | Coolant,VMRS_HB_COMPLETE_v20 page 8_pages_76-100.md
042-002-093,,042,002,"Pump - Oil Cooler, Transmission | 042-002-160 | Adapter - Hose, Overflow Reservoir, Engine",VMRS_HB_COMPLETE_v20 page 8_pages_76-100.md
042-002-094,,042,002,"Bracket - Oil Cooler, Transmission | | Coolant",VMRS_HB_COMPLETE_v20 page 8_pages_76-100.md
042-002-096,,042,002,"Guard - Oil Cooler, Transmission | 042-002-161 | Gasket - Cap, Overflow Reservoir, Engine",VMRS_HB_COMPLETE_v20 page 8_pages_76-100.md
042-002-097,,042,002,"Guard - Radiator | 0.40,000,400 | Coolant",VMRS_HB_COMPLETE_v20 page 8_pages_76-100.md
042-002-098,,042,002,"Radiator/Intercooler - Assembly | 042-002-162 | Clamp - Surge Tank, Engine Coolant",VMRS_HB_COMPLETE_v20 page 8_pages_76-100.md
042-002-099,,042,002,"Well - Deaeration, Radiator | 042-002-163 | Drain Plug - Surge Tank, Engine Coolant",VMRS_HB_COMPLETE_v20 page 8_pages_76-100.md
042-002-100,,042,002,"Dalile - Waler, Radiator | 042-002-104 | Adaptor Hoso Surge Tank Engine Coolant",VMRS_HB_COMPLETE_v20 page 8_pages_76-100.md
042-002-101,,042,002,"Gasket - Surge Tank | 042-002-105 | Gasket - Hose, Surge Tank, Engine Coolant",VMRS_HB_COMPLETE_v20 page 8_pages_76-100.md
042-002-102,,042,002,"Breather - Coolant Surge Tank | 042-002-167 | Insulator - Surge Tank, Engine Coolant",VMRS_HB_COMPLETE_v20 page 8_pages_76-100.md
042-002-104,,042,002,Clip - Radiator | 042-002-168 | Clamp - Radiator,VMRS_HB_COMPLETE_v20 page 8_pages_76-100.md
042-002-105,,042,002,"Saddle - Radiator. Bottom | 042-002-169 | Hold-Down - Hose, Radiator",VMRS_HB_COMPLETE_v20 page 8_pages_76-100.md
042-002-106,,042,002,"Plug - Vent, Radiator | 042-002-170 | Filler Neck - Remote, Engine Coolant",VMRS_HB_COMPLETE_v20 page 8_pages_76-100.md
042-002-107,,042,002,"Flange - Deaeration, Radiator | 042-002-171 | Gasket - Remote Filler Neck, Engine Coolant",VMRS_HB_COMPLETE_v20 page 8_pages_76-100.md
042-002-108,,042,002,"Insulator - Oil Cooler, Auxiliary | 042-002-172 | Dipstick - Engine Coolant",VMRS_HB_COMPLETE_v20 page 8_pages_76-100.md
042-002-109,,042,002,Screen - Radiator | 042-002-173 | Adapter - Coolant Pipe,VMRS_HB_COMPLETE_v20 page 8_pages_76-100.md
042-002-110,,042,002,"Pin - Channel, Radiator | 042-002-174 | Clamp - Coolant Pipe",VMRS_HB_COMPLETE_v20 page 8_pages_76-100.md
042-002-111,,042,002,"Damper - Vibration, Radiator | 042-002-175 | Drain Plug - Coolant Pipe",VMRS_HB_COMPLETE_v20 page 8_pages_76-100.md
042-002-112,,042,002,"Insulator - Oil Cooler, Transmission | 042-002-176 | Gasket - Coolant Pipe",VMRS_HB_COMPLETE_v20 page 8_pages_76-100.md
042-002-113,,042,002,Spring - Radiator Support | 042-002-177 | Gasket Set - Coolant Pipe,VMRS_HB_COMPLETE_v20 page 8_pages_76-100.md
042-002-114,,042,002,"Pipe - Inlet, Radiator | 042-002-178 | Cover - Access, Radiator Support",VMRS_HB_COMPLETE_v20 page 8_pages_76-100.md
042-002-115,,042,002,"Helainer - Shield, Recirculation | 042-002-179 | Dellector - Air, Hadiator Support",VMRS_HB_COMPLETE_v20 page 8_pages_76-100.md
042-002-182,,042,002,"0-TE-00E-11/ | Cooler Hose | | Duct - Air, Radiator Support",VMRS_HB_COMPLETE_v20 page 8_pages_76-100.md
042-002-183,,042,002,Absorber - Energy Badiator Support | 042-003-051 | Bearing - Ean Clutch Drive,VMRS_HB_COMPLETE_v20 page 8_pages_76-100.md
042-002-184,,042,002,Reinforcement - Panel Badiator Support | 042-003-052 | Bearing - Fan Hub,VMRS_HB_COMPLETE_v20 page 8_pages_76-100.md
042-002-185,,042,002,Shield - Splash Badiator Support | 042-003-053 | Cap - Ean Shaft,VMRS_HB_COMPLETE_v20 page 8_pages_76-100.md
042-002-186,,042,002,Cap - Splash Shield Badiator Support | 042-003-054 | Sleeve - Fan Hub Seal,VMRS_HB_COMPLETE_v20 page 8_pages_76-100.md
042-002-187,,042,002,Extension - Tie Rod. Radiator | 042-003-055 | Thrust Bearing - Fan Hub,VMRS_HB_COMPLETE_v20 page 8_pages_76-100.md
042-002-188,,042,002,Bushing - Radiator | 042-003-056 | Snap Ring - Fan Hub,VMRS_HB_COMPLETE_v20 page 8_pages_76-100.md
042-002-189,,042,002,"Pipe - Air Bleed, Coolant Overflow Tank | 042-003-057 | Shim - Fan Hub",VMRS_HB_COMPLETE_v20 page 8_pages_76-100.md
042-002-190,,042,002,"Washer - Copper Sealing, Air Bleed Pipe | 042-003-058 | Nut - Fan Hub",VMRS_HB_COMPLETE_v20 page 8_pages_76-100.md
042-002-191,,042,002,"Coupling - Male, Air Bleed Pipe | 042-003-059 | Washer - Fan Hub",VMRS_HB_COMPLETE_v20 page 8_pages_76-100.md
042-002-192,,042,002,"Cover - Radiator, Left | 042-003-060 | Bracket - Fan Hub",VMRS_HB_COMPLETE_v20 page 8_pages_76-100.md
042-002-193,,042,002,"Cover - Radiator, Right | 042-003-061 | Screw - Fan Hub",VMRS_HB_COMPLETE_v20 page 8_pages_76-100.md
042-002-194,,042,002,"Collector Assembly - Coolant | 042-003-062 | Fitting - Line, Fan Hub",VMRS_HB_COMPLETE_v20 page 8_pages_76-100.md
042-002-195,,042,002,"Cooling System - Complete | 042-003-063 | Switch - Cut-Off, Fan Hub Pressure",VMRS_HB_COMPLETE_v20 page 8_pages_76-100.md
042-002-196,,042,002,"Connector Gasket - Coolant Hose | 042-003-064 | Filter - Air, Fan Clutch Drive",VMRS_HB_COMPLETE_v20 page 8_pages_76-100.md
042-002-197,,042,002,"Mounting Set - Coolant Crossover Pipe | 042-003-065 | Line, Air - Fan Hub",VMRS_HB_COMPLETE_v20 page 8_pages_76-100.md
042-002-198,,042,002,"Hose - Transmission Cooler Inlet | 042-003-066 | Screw - Adjusting, Fan Hub",VMRS_HB_COMPLETE_v20 page 8_pages_76-100.md
042-002-199,,042,002,Bracket - Upper Coolant Pipe | 042-003-067 | Seal - Fan Clutch,VMRS_HB_COMPLETE_v20 page 8_pages_76-100.md
042-002-200,,042,002,"Fan - Electric, Electric Vehicle | 042-003-068 | Bracket - Tensioner, Fan Belt",VMRS_HB_COMPLETE_v20 page 8_pages_76-100.md
042-002-201,,042,002,"Shroud - Fan, Radiator, Electric Vehicle | 042-003-069 | Hardware, Mounting - Tensioner Bracket",VMRS_HB_COMPLETE_v20 page 8_pages_76-100.md
042-002-202,,042,002,Manifold - Surge Tank | 042-003-070 | Fan Kit - Electric Fan,VMRS_HB_COMPLETE_v20 page 8_pages_76-100.md
042-003-000,,042,003,Fan - Engine Cooling | 042-003-071 | Motor - Electric Fan,VMRS_HB_COMPLETE_v20 page 8_pages_76-100.md
042-003-001,,042,003,Fan Assembly - Engine Cooling | 042-003-072 | Bracket - Electric Fan,VMRS_HB_COMPLETE_v20 page 8_pages_76-100.md
042-003-002,,042,003,"Hardware, Mounting - Fan Assembly | 042-003-073 | Switch - Electric Fan",VMRS_HB_COMPLETE_v20 page 8_pages_76-100.md
042-003-003,,042,003,"Pulley - Driven, Fan | 042-003-074 | Chamber - Air",VMRS_HB_COMPLETE_v20 page 8_pages_76-100.md
042-003-005,,042,003,"Hub - Fan Pulley, Driven | 042-003-075 | Mounting Kit - Fan Drive",VMRS_HB_COMPLETE_v20 page 8_pages_76-100.md
042-003-006,,042,003,"Hardware, Mounting - Driven Fan Pulley Hub | 042-003-076 | Tensioner - Belt",VMRS_HB_COMPLETE_v20 page 8_pages_76-100.md
042-003-007,,042,003,"Shaft - Idler, Fan Driven | 042-003-077 | Control - Remote Air Control, Radiator Fan",VMRS_HB_COMPLETE_v20 page 8_pages_76-100.md
042-003-008,,042,003,"Pulley - Idler, Fan Driven | 042-003-078 | Solenoid - Remote Air Control, Radiator Fan",VMRS_HB_COMPLETE_v20 page 8_pages_76-100.md
042-003-009,,042,003,"Bracket - Idler Pulley, Fan | 042-003-089 | Clip - Fan Shroud",VMRS_HB_COMPLETE_v20 page 8_pages_76-100.md
042-003-010,,042,003,Belt - Fan | 042-003-090 | Label - Fan Shroud,VMRS_HB_COMPLETE_v20 page 8_pages_76-100.md
042-003-011,,042,003,Bearing and/or Hub Assembly - Cooling Fan | 042-003-091 | Brush Set - Fan Motor,VMRS_HB_COMPLETE_v20 page 8_pages_76-100.md
042-003-012,,042,003,Shroud - Engine | 042-003-092 | Wiring - Control Module - Fan Clutch,VMRS_HB_COMPLETE_v20 page 8_pages_76-100.md
042-003-013,,042,003,Fan Clutch Assembly - Thermostatically | 042-003-093 | Control Module- Fan Clutch,VMRS_HB_COMPLETE_v20 page 8_pages_76-100.md
042-003-094,,042,003,"0.40,000,04.4 | Controlled, On/Off | | Blade - Fan, Radiator Cooling",VMRS_HB_COMPLETE_v20 page 8_pages_76-100.md
042-003-014,,042,003,Seal - Fan Hub | 042-003-095 | Cooler - Hydraulic Fan,VMRS_HB_COMPLETE_v20 page 8_pages_76-100.md
042-003-015,,042,003,"Angle Drive - Radiator Fan | 042-003-096 | Hose - Hydraulic, Hydraulic Fan Cooler",VMRS_HB_COMPLETE_v20 page 8_pages_76-100.md
042-003-017,,042,003,"Bearing - Idler Pulley, Fan | 042-003-098 | Mumer - valve, Fan Drive",VMRS_HB_COMPLETE_v20 page 8_pages_76-100.md
042-003-019,,042,003,"Dust Cover - Fail HupDensir Kit, Ean Idlar Dullay | 042-003-100 | Clasket - Fall Spacel",VMRS_HB_COMPLETE_v20 page 8_pages_76-100.md
042-003-020,,042,003,"Repair Nil - Fair Iuler FulleySonsor - Thormostat, Ean Clutch | 042-003-101 | Diacket - Solenold, Fair Control",VMRS_HB_COMPLETE_v20 page 8_pages_76-100.md
042-003-021,,042,003,Densir Debuild Kit Ean Clutch Assembly | 042-003-102 | Spring Eap Clutch,VMRS_HB_COMPLETE_v20 page 8_pages_76-100.md
042-003-022,,042,003,Piston & Bearing Assembly - Ean Clutch | 042-003-103 | Lining - Clutch Ean Drive,VMRS_HB_COMPLETE_v20 page 8_pages_76-100.md
042-003-024,,042,003,Shaft - Drive Angle Drive Radiator Fan | 042-003-106 | Carrier - Spring Fan Drive,VMRS_HB_COMPLETE_v20 page 8_pages_76-100.md
042-003-026,,042,003,Bearing - Badiator Fan Drive Shaft | 042-003-107 | Motor - Hydraulic Fan Drive,VMRS_HB_COMPLETE_v20 page 8_pages_76-100.md
042-003-027,,042,003,Cup - Bearing Shaft Drive | 042-003-108 | Pump - Hydraulic Fan Drive,VMRS_HB_COMPLETE_v20 page 8_pages_76-100.md
042-003-028,,042,003,"Cone - Bearing, Shaft Drive | 042-003-109 | Air Union - Rotary",VMRS_HB_COMPLETE_v20 page 8_pages_76-100.md
042-003-029,,042,003,Gear Set - Fan Drive | 042-003-110 | Spacer - Belt Tensioner,VMRS_HB_COMPLETE_v20 page 8_pages_76-100.md
042-003-030,,042,003,Shim - Fan Drive | 042-003-111 | Magnet - Fan Drive,VMRS_HB_COMPLETE_v20 page 8_pages_76-100.md
042-003-031,,042,003,"Key - Shaft, Angle Drive, Radiator Fan | 042-003-112 | Filter - Hydraulic Fan Drive",VMRS_HB_COMPLETE_v20 page 8_pages_76-100.md
042-003-032,,042,003,"O-Ring - Shaft, Angle Drive, Radiator Fan | 042-003-113 | Bracket - Ring, Fan Shroud",VMRS_HB_COMPLETE_v20 page 8_pages_76-100.md
042-003-033,,042,003,"Snap Ring - Shaft, Angle Drive, Radiator Fan | 042-003-114 | Wiring - Electric Fan",VMRS_HB_COMPLETE_v20 page 8_pages_76-100.md
042-003-034,,042,003,"Gasket - Angle Drive, Radiator Fan | 042-003-115 | Shroud Assembly - Radiator Fan",VMRS_HB_COMPLETE_v20 page 8_pages_76-100.md
042-003-035,,042,003,"Spacer - Fan Pulley, Angle Drive | 042-003-116 | Hardware, Mounting - Radiator Fan Shroud",VMRS_HB_COMPLETE_v20 page 8_pages_76-100.md
042-003-036,,042,003,Fan Clutch - Viscous Fan | | Assembly,VMRS_HB_COMPLETE_v20 page 8_pages_76-100.md
042-003-037,,042,003,"Stud - Drive, Viscous Fan | 042-003-117 | Support Bracket - Fan Shroud",VMRS_HB_COMPLETE_v20 page 8_pages_76-100.md
042-003-038,,042,003,"Seal - Idler Pulley, Fan | 042-003-118 | Isolator - Fan Drive",VMRS_HB_COMPLETE_v20 page 8_pages_76-100.md
042-003-039,,042,003,Spacer - Fan Blade | 042-003-119 | Guard - Tensioner,VMRS_HB_COMPLETE_v20 page 8_pages_76-100.md
042-003-040,,042,003,Shaft - Fan Clutch Drive | 042-003-120 | Adapter - Fan Clutch,VMRS_HB_COMPLETE_v20 page 8_pages_76-100.md
042-003-041,,042,003,"Washer - Fan Clutch Drive | 042-003-121 | Bar - Adjusting, Fan Belt",VMRS_HB_COMPLETE_v20 page 8_pages_76-100.md
042-003-042,,042,003,"Spacer - Fan Clutch Drive | 042-003-122 | Bracket - Control Module, Radiator Fan",VMRS_HB_COMPLETE_v20 page 8_pages_76-100.md
042-003-043,,042,003,"Plate - Fan Clutch Drive | 042-003-123 | Clamp - Solenoid, Fan Control",VMRS_HB_COMPLETE_v20 page 8_pages_76-100.md
042-003-044,,042,003,"O-Ring - Fan Clutch Drive | 042-003-124 | Clamp - Support, Hydraulic Fan Drive Hose",VMRS_HB_COMPLETE_v20 page 8_pages_76-100.md
042-003-045,,042,003,"Bushing - Fan Clutch Drive | 042-003-125 | Bracket - Motor, Fan Drive",VMRS_HB_COMPLETE_v20 page 8_pages_76-100.md
042-003-046,,042,003,"Ring - Fan Drive Slip | 042-003-126 | Fan - Oil Cooler, Hydraulic (Oil to Air)",VMRS_HB_COMPLETE_v20 page 8_pages_76-100.md
042-003-047,,042,003,"Housing - Fan Clutch Drive | 042-003-127 | Valve - Flow Control, Hydraulic Fan Drive",VMRS_HB_COMPLETE_v20 page 8_pages_76-100.md
042-003-048,,042,003,"Cover - Fan Drive Housing | 042-003-128 | Manifold - Control, Hydraulic Fan Drive",VMRS_HB_COMPLETE_v20 page 8_pages_76-100.md
042-003-049,,042,003,Gasket - Fan Drive Housing | 042-003-129 | Pressure Valve - Hydraulic Fan Control,VMRS_HB_COMPLETE_v20 page 8_pages_76-100.md
042-003-050,,042,003,Bolt - Fan Drive Housing | 042-003-130 | Cover - Idler Pulley,VMRS_HB_COMPLETE_v20 page 8_pages_76-100.md
042-003-131,,042,003,Fan Clutch - On/Off Type | 04,VMRS_HB_COMPLETE_v20 page 8_pages_76-100.md
,003-132,003,132,0/2- | Transducer - Hydraulic Fan Drive | 0/,VMRS_HB_COMPLETE_v20 page 8_pages_76-100.md
042-003-132,,042,003,"Stud Bolt - Air Chamber, Ean Hub | 04",VMRS_HB_COMPLETE_v20 page 8_pages_76-100.md
042-000-100,,042,000,Goarboy Ean Machanical Driva | 04,VMRS_HB_COMPLETE_v20 page 8_pages_76-100.md
042-003-134,,042,003,Presket Anti Detation Fon Drive | 04,VMRS_HB_COMPLETE_v20 page 8_pages_76-100.md
042-003-135,,042,003,"Dracket - Anti-Rotation, Fan Drive | 04",VMRS_HB_COMPLETE_v20 page 8_pages_76-100.md
042-003-130,,042,003,Hamess - In-Line Device | 04,VMRS_HB_COMPLETE_v20 page 8_pages_76-100.md
042-003-137,,042,003,Radiator/Condenser Fan Assembly | 04,VMRS_HB_COMPLETE_v20 page 8_pages_76-100.md
042-003-138,,042,003,"Relay - Electric Fan, Radiator | 04",VMRS_HB_COMPLETE_v20 page 8_pages_76-100.md
042-003-139,,042,003,"Bushing - Idler Pulley, Drive Belt | 04",VMRS_HB_COMPLETE_v20 page 8_pages_76-100.md
042-003-140,,042,003,"Cap - Tensioner, Drive Belt | 04",VMRS_HB_COMPLETE_v20 page 8_pages_76-100.md
042-003-141,,042,003,"Damper - Tensioner, Drive Belt | 04",VMRS_HB_COMPLETE_v20 page 8_pages_76-100.md
042-003-142,,042,003,"Pulley - Tensioner, Drive Belt | 04",VMRS_HB_COMPLETE_v20 page 8_pages_76-100.md
042-003-143,,042,003,"Bearing - Pulley, Tensioner, Drive Belt | 04",VMRS_HB_COMPLETE_v20 page 8_pages_76-100.md
042-003-144,,042,003,"Bushing - Pulley, Tensioner, Drive Belt | 04",VMRS_HB_COMPLETE_v20 page 8_pages_76-100.md
042-003-145,,042,003,"Cap - Pulley, Tensioner, Drive Belt | 04",VMRS_HB_COMPLETE_v20 page 8_pages_76-100.md
042-003-146,,042,003,"Dust Shield - Pulley, Tensioner, Drive Belt | 04",VMRS_HB_COMPLETE_v20 page 8_pages_76-100.md
042-003-147,,042,003,Insulator - Radiator Fan Assembly | 04,VMRS_HB_COMPLETE_v20 page 8_pages_76-100.md
042-003-148,,042,003,Clutch and Pulley - Radiator Fan | 04,VMRS_HB_COMPLETE_v20 page 8_pages_76-100.md
042-003-149,,042,003,Control Module - Radiator Fan | 04,VMRS_HB_COMPLETE_v20 page 8_pages_76-100.md
042-003-150,,042,003,"Cover - Motor, Radiator Fan | 04",VMRS_HB_COMPLETE_v20 page 8_pages_76-100.md
042-003-151,,042,003,Belay - Badiator Fan | 04,VMRS_HB_COMPLETE_v20 page 8_pages_76-100.md
042-003-152,,042,003,Connector - Belay Badiator Fan | 04,VMRS_HB_COMPLETE_v20 page 8_pages_76-100.md
042-003-153,,042,003,Besistor - Badiator Fan | 04,VMRS_HB_COMPLETE_v20 page 8_pages_76-100.md
042-003-154,,042,003,Cap - Shroud Badiator Fan | 04,VMRS_HB_COMPLETE_v20 page 8_pages_76-100.md
042-000-104,,042,000,Clamp Shroud Dadiator Fan | 04,VMRS_HB_COMPLETE_v20 page 8_pages_76-100.md
042-003-155,,042,003,Insulator Shroud Padiator Fan | 04,VMRS_HB_COMPLETE_v20 page 8_pages_76-100.md
042-003-157,,042,003,"Sensor - Temperature, Radiator Fan | 04",VMRS_HB_COMPLETE_v20 page 8_pages_76-100.md
042-003-158,,042,003,"Retaining Plate - Lining, Fan Clutch | 04",VMRS_HB_COMPLETE_v20 page 8_pages_76-100.md
042-003-159,,042,003,Sensor - Fan Speed | 04,VMRS_HB_COMPLETE_v20 page 8_pages_76-100.md
042-003-160,,042,003,"Switch - Clutch Override, Engine Fan | 04",VMRS_HB_COMPLETE_v20 page 8_pages_76-100.md
042-003-161,,042,003,U-Joint - Fan Driveshaft | 04,VMRS_HB_COMPLETE_v20 page 8_pages_76-100.md
042-003-162,,042,003,Seal Assembly - Fan Drive Motor | 04,VMRS_HB_COMPLETE_v20 page 8_pages_76-100.md
042-003-163,,042,003,Fan Clutch - Pneumatic | 04,VMRS_HB_COMPLETE_v20 page 8_pages_76-100.md
042-003-164,,042,003,Stud Kit - Fan Clutch Rebuild Kit | 04,VMRS_HB_COMPLETE_v20 page 8_pages_76-100.md
042-003-165,,042,003,Fan Clutch - Electric | 04,VMRS_HB_COMPLETE_v20 page 8_pages_76-100.md
042-003-166,,042,003,Fan Clutch - Electromagnetic | 04,VMRS_HB_COMPLETE_v20 page 8_pages_76-100.md
042-004-000,,042,004,Water Pump | 04,VMRS_HB_COMPLETE_v20 page 8_pages_76-100.md
042-004-001,,042,004,Water Pump Assembly | 04,VMRS_HB_COMPLETE_v20 page 8_pages_76-100.md
042-004-002,,042,004,Shaft & Bearing - Water Pump | 04,VMRS_HB_COMPLETE_v20 page 8_pages_76-100.md
042-004-003,,042,004,Body - Water Pump | 04,VMRS_HB_COMPLETE_v20 page 8_pages_76-100.md
042-004-004,,042,004,Retainer - Water Pump Bearing | 04,VMRS_HB_COMPLETE_v20 page 8_pages_76-100.md
042-004-005,,042,004,Impeller - Water Pump | 04,VMRS_HB_COMPLETE_v20 page 8_pages_76-100.md
042-004-006,,042,004,Cover - Water Pump | 04,VMRS_HB_COMPLETE_v20 page 8_pages_76-100.md
042-004-007,,042,004,Gasket - Water Pump Cover | 04,VMRS_HB_COMPLETE_v20 page 8_pages_76-100.md
042-004-008,,042,004,Plug - Water Pump | 04,VMRS_HB_COMPLETE_v20 page 8_pages_76-100.md
042-004-009,,042,004,Seal - Water Pump | 04,VMRS_HB_COMPLETE_v20 page 8_pages_76-100.md
042-004-010,,042,004,Drive Gear Water Pump | 04,VMRS_HB_COMPLETE_v20 page 8_pages_76-100.md
042-004-011,,042,004,Casket Water Pump | 04,VMRS_HB_COMPLETE_v20 page 8_pages_76-100.md
042-004-012,,042,004,Clamp Hase Dediator | 04,VMRS_HB_COMPLETE_v20 page 8_pages_76-100.md
042-004-013,,042,004,"Clamp - Hose, Radiator | 04",VMRS_HB_COMPLETE_v20 page 8_pages_76-100.md
042-004-014,,042,004,"Hose - Radiator, Opper | 04",VMRS_HB_COMPLETE_v20 page 8_pages_76-100.md
042-004-015,,042,004,"Hose - Radiator, Lower | 04",VMRS_HB_COMPLETE_v20 page 8_pages_76-100.md
042-004-016,,042,004,"Pipe - Intermediate, Radiator Outlet Hose | 04",VMRS_HB_COMPLETE_v20 page 8_pages_76-100.md
042-004-017,,042,004,Hose - Water Outlet Sleeve | 04,VMRS_HB_COMPLETE_v20 page 8_pages_76-100.md
042-004-018,,042,004,Belt - Water Pump | 04,VMRS_HB_COMPLETE_v20 page 8_pages_76-100.md
042-004-019,,042,004,Repair Kit - Water Pump | 04,VMRS_HB_COMPLETE_v20 page 8_pages_76-100.md
042-004-020,,042,004,Reducer - Water Pump Hose | 04,VMRS_HB_COMPLETE_v20 page 8_pages_76-100.md
042-004-021,,042,004,"Gasket - Outlet, Water Pump | 04",VMRS_HB_COMPLETE_v20 page 8_pages_76-100.md
042-004-022,,042,004,Gasket - Water Inlet | 04,VMRS_HB_COMPLETE_v20 page 8_pages_76-100.md
042-004-023,,042,004,"Pulley - Drive, Water Pump | 04",VMRS_HB_COMPLETE_v20 page 8_pages_76-100.md
042-004-024,,042,004,"Retaining Nut - Pulley, Water Pump | 04",VMRS_HB_COMPLETE_v20 page 8_pages_76-100.md
042-004-025,,042,004,"Sleeve - Shaft, Water Pump | 04",VMRS_HB_COMPLETE_v20 page 8_pages_76-100.md
042-004-026,,042,004,"Bearing - Shaft, Water Pump | 04",VMRS_HB_COMPLETE_v20 page 8_pages_76-100.md
042-004-027,,042,004,"Spacer - Shaft, Water Pump | 04",VMRS_HB_COMPLETE_v20 page 8_pages_76-100.md
042-004-028,,042,004,Shaft - Water Pump | 04,VMRS_HB_COMPLETE_v20 page 8_pages_76-100.md
042-004-029,,042,004,Idler - Water Pump | 04,VMRS_HB_COMPLETE_v20 page 8_pages_76-100.md
042-004-030,,042,004,Bearing - Idler Water Pump | 04,VMRS_HB_COMPLETE_v20 page 8_pages_76-100.md
042-004-031,,042,004,Pulley - Idler Water Pump | 04,VMRS_HB_COMPLETE_v20 page 8_pages_76-100.md
042-004-034,,042,004,"Snan - Idler, water Pump | υ4",VMRS_HB_COMPLETE_v20 page 8_pages_76-100.md
042-004-035,,042,004,"Spacer - Idler, Water Pump",VMRS_HB_COMPLETE_v20 page 8_pages_76-100.md
042-004-036,,042,004,"Screw - Adjusting, Water Pump Idler",VMRS_HB_COMPLETE_v20 page 8_pages_76-100.md
042-004-037,,042,004,Housing - Water Pump,VMRS_HB_COMPLETE_v20 page 8_pages_76-100.md
042-004-038,,042,004,Seal - Water Pump Shaft,VMRS_HB_COMPLETE_v20 page 8_pages_76-100.md
042-004-039,,042,004,"Hub - Pulley, Water Pump",VMRS_HB_COMPLETE_v20 page 8_pages_76-100.md
042-004-041,,042,004,Support - Water Pump,VMRS_HB_COMPLETE_v20 page 8_pages_76-100.md
042-004-042,,042,004,Bracket - Water Pump,VMRS_HB_COMPLETE_v20 page 8_pages_76-100.md
042-004-043,,042,004,Lock - Water Pump Pulley,VMRS_HB_COMPLETE_v20 page 8_pages_76-100.md
042-004-044,,042,004,Lock Bing - Water Pump Cover,VMRS_HB_COMPLETE_v20 page 8_pages_76-100.md
042-004-045,,042,004,Bolt Water Pump,VMRS_HB_COMPLETE_v20 page 8_pages_76-100.md
042-004-040,,042,004,Support - HoseHardwara Mounting Hase Support,VMRS_HB_COMPLETE_v20 page 8_pages_76-100.md
042-004-047,,042,004,Guard Ralt,VMRS_HB_COMPLETE_v20 page 8_pages_76-100.md
042-004-049,,042,004,Core - water Pump,VMRS_HB_COMPLETE_v20 page 8_pages_76-100.md
042-004-050,,042,004,HOSE - Stick,VMRS_HB_COMPLETE_v20 page 8_pages_76-100.md
042-004-051,,042,004,Drive - Accessory,VMRS_HB_COMPLETE_v20 page 8_pages_76-100.md
042-004-052,,042,004,"Hardware, Mounting - Accessory Drive",VMRS_HB_COMPLETE_v20 page 8_pages_76-100.md
042-004-053,,042,004,Fitting - Water Pipe,VMRS_HB_COMPLETE_v20 page 8_pages_76-100.md
042-004-054,,042,004,Shaft - Accessory Drive,VMRS_HB_COMPLETE_v20 page 8_pages_76-100.md
042-004-055,,042,004,"Hardware, Mounting - Water Pump Assembly",VMRS_HB_COMPLETE_v20 page 8_pages_76-100.md
042-004-056,,042,004,"Elbow, Hose - Intermediate Radiator Outlet",VMRS_HB_COMPLETE_v20 page 8_pages_76-100.md
042-004-057,,042,004,"Filter - Breather, Water Pump",VMRS_HB_COMPLETE_v20 page 8_pages_76-100.md
042-004-058,,042,004,Housing - Water Pump Inlet,VMRS_HB_COMPLETE_v20 page 8_pages_76-100.md
042-004-059,,042,004,Thrust Washer - Water Pump Drive,VMRS_HB_COMPLETE_v20 page 8_pages_76-100.md
042-004-060,,042,004,"Sensor - Speed, Coolant Pump",VMRS_HB_COMPLETE_v20 page 8_pages_76-100.md
042-004-061,,042,004,"Hose - Radiator, Universal",VMRS_HB_COMPLETE_v20 page 8_pages_76-100.md
042-004-062,,042,004,"Hose - Return, Low Temperature Radiator",VMRS_HB_COMPLETE_v20 page 8_pages_76-100.md
042-004-063,,042,004,"Hose - Supply, Low Temperature Radiator",VMRS_HB_COMPLETE_v20 page 8_pages_76-100.md
042-004-064,,042,004,Fitting - Upper Badiator Hose to Water Pump,VMRS_HB_COMPLETE_v20 page 8_pages_76-100.md
042-004-065,,042,004,Insulator - Bracket Water Pump,VMRS_HB_COMPLETE_v20 page 8_pages_76-100.md
042-004-066,,042,004,Clamp - Water Pump,VMRS_HB_COMPLETE_v20 page 8_pages_76-100.md
042-004-067,,042,004,Dowel Pin - Water Pump,VMRS_HB_COMPLETE_v20 page 8_pages_76-100.md
042-004-068,,042,004,Elange - Water Pump,VMRS_HB_COMPLETE_v20 page 8_pages_76-100.md
042-004-070,,042,004,"Casket Outlet Pipe, Water Pump",VMRS_HB_COMPLETE_v20 page 8_pages_76-100.md
042-004-071,,042,004,"Gaskel - Outlet Pipe, Water Pump",VMRS_HB_COMPLETE_v20 page 8_pages_76-100.md
042-004-072,,042,004,"Cover - Boil, Pulley, Water Pump",VMRS_HB_COMPLETE_v20 page 8_pages_76-100.md
042-004-073,,042,004,"Cap - Pulley, water Pump",VMRS_HB_COMPLETE_v20 page 8_pages_76-100.md
042-004-074,,042,004,"Housing - Outlet, Engine Coolant",VMRS_HB_COMPLETE_v20 page 8_pages_76-100.md
042-004-075,,042,004,"Gasket - Housing, Outlet, Engine Coolant",VMRS_HB_COMPLETE_v20 page 8_pages_76-100.md
042-004-076,,042,004,"Housing Kit - Outlet, Engine Coolant",VMRS_HB_COMPLETE_v20 page 8_pages_76-100.md
042-004-077,,042,004,Wear Plate - Water Pump,VMRS_HB_COMPLETE_v20 page 8_pages_76-100.md
042-004-078,,042,004,Shaft Key - Water Pump,VMRS_HB_COMPLETE_v20 page 8_pages_76-100.md
042-004-079,,042,004,O-Ring - Water Pump,VMRS_HB_COMPLETE_v20 page 8_pages_76-100.md
042-004-080,,042,004,"O-Ring - Housing, Water Pump",VMRS_HB_COMPLETE_v20 page 8_pages_76-100.md
042-004-081,,042,004,Gasket - Coolant Bypass Hose,VMRS_HB_COMPLETE_v20 page 8_pages_76-100.md
042-004-082,,042,004,Pipe - Radiator Inlet,VMRS_HB_COMPLETE_v20 page 8_pages_76-100.md
042-005-000,,042,005,Water Manifold,VMRS_HB_COMPLETE_v20 page 8_pages_76-100.md
042-005-001,,042,005,Manifold - Water,VMRS_HB_COMPLETE_v20 page 8_pages_76-100.md
042-005-002,,042,005,Gasket - Water Manifold,VMRS_HB_COMPLETE_v20 page 8_pages_76-100.md
042-005-003,,042,005,Outlet - Water,VMRS_HB_COMPLETE_v20 page 8_pages_76-100.md
042-005-004,,042,005,O-Ring - Water Manifold,VMRS_HB_COMPLETE_v20 page 8_pages_76-100.md
042-005-005,,042,005,Connector - Water Manifold,VMRS_HB_COMPLETE_v20 page 8_pages_76-100.md
042-005-006,,042,005,Coupling - Water Manifold,VMRS_HB_COMPLETE_v20 page 8_pages_76-100.md
042-005-007,,042,005,Tube - Water Manifold,VMRS_HB_COMPLETE_v20 page 8_pages_76-100.md
042-005-008,,042,005,Hose - Molded (Multiple Positions),VMRS_HB_COMPLETE_v20 page 8_pages_76-100.md
042-005-009,,042,005,Supply Tube - Aftercooler,VMRS_HB_COMPLETE_v20 page 8_pages_76-100.md
042-006-000,,042,006,Thermostat - Engine Cooling System,VMRS_HB_COMPLETE_v20 page 8_pages_76-100.md
042-006-007,,042,006,Housing - Water Thormostat,VMRS_HB_COMPLETE_v20 page 8_pages_76-100.md
042-000-002,,042,000,Gaskat Water Thormostat Housing,VMRS_HB_COMPLETE_v20 page 8_pages_76-100.md
042-000-000,,042,000,Gaskot Water Outlet Engine Thermestet,VMRS_HB_COMPLETE_v20 page 8_pages_76-100.md
042-000-004,,042,000,"Hashel - Water Outlet, Engline Mennostat",VMRS_HB_COMPLETE_v20 page 8_pages_76-100.md
042-000-005,,042,000,Clamp Hoop Thermostat Bypass,VMRS_HB_COMPLETE_v20 page 8_pages_76-100.md
042-006-006,,042,006,"Clamp - Hose, I nermostat Bypass",VMRS_HB_COMPLETE_v20 page 8_pages_76-100.md
042-006-008,,042,006,Seal - Thermostat Housing,VMRS_HB_COMPLETE_v20 page 8_pages_76-100.md
042-006-009,,042,006,"O-Ring - Pipe, Thermostat Bypass",VMRS_HB_COMPLETE_v20 page 8_pages_76-100.md
042-006-010,,042,006,"O-Ring - Tube, Oil Cooler To Thermostat",VMRS_HB_COMPLETE_v20 page 8_pages_76-100.md
042-006-011,,042,006,Ring - Thermostat,VMRS_HB_COMPLETE_v20 page 8_pages_76-100.md
042-006-012,,042,006,Spring - Thermostat,VMRS_HB_COMPLETE_v20 page 8_pages_76-100.md
042-006-013,,042,006,"One-Way Check Valve - Water Pressure | 042-009-025 | Housing - Receptacle, Coolant Pre-Heater",VMRS_HB_COMPLETE_v20 page 8_pages_76-100.md
042-006-015,,042,006,"Hardware, Mounting - Water Thermostat Housing | 042-009-026 | Housing - Receptacle, Engine Pre-Heater",VMRS_HB_COMPLETE_v20 page 8_pages_76-100.md
042-006-016,,042,006,"Hardware, Mounting - Water Or Air Thermostat | 042-009-027 | Block Heater - Engine Coolant",VMRS_HB_COMPLETE_v20 page 8_pages_76-100.md
042-009-028,,042,009,Assembly | | Cord - Block Heater,VMRS_HB_COMPLETE_v20 page 8_pages_76-100.md
042-006-017,,042,006,"Housing - Integrated Assembly, Thermostat | 042-009-029 | Power Cord - Engine Block Heater",VMRS_HB_COMPLETE_v20 page 8_pages_76-100.md
042-006-018,,042,006,"Drain Plug - Thermostat Housing | 042-009-030 | Housing - Coolant Heater, In Block",VMRS_HB_COMPLETE_v20 page 8_pages_76-100.md
042-006-019,,042,006,"Cap - Pressure, Thermostat Housing | 042-010-000 | Coolant Pre-Heater - Self-Contained, Liquid (On",VMRS_HB_COMPLETE_v20 page 8_pages_76-100.md
042-006-020,,042,006,Bleeder Screw - Cooling System | | Vehicle),VMRS_HB_COMPLETE_v20 page 8_pages_76-100.md
042-006-021,,042,006,"Gasket - Bleeder Screw, Cooling System | 042-010-001 | Coolant Pre-Heater - Self-Contained Liquid",VMRS_HB_COMPLETE_v20 page 8_pages_76-100.md
042-006-022,,042,006,O-Bing - Thermostat Housing | 042 010 001 | Fueled,VMRS_HB_COMPLETE_v20 page 8_pages_76-100.md
042-000-022,,042,000,Coolant Filter Accombly | 042 010 002 | Support Bracket,VMRS_HB_COMPLETE_v20 page 8_pages_76-100.md
042-007-000,,042,007,Filter Coolent | 042-010-002 | Support Diacket,VMRS_HB_COMPLETE_v20 page 8_pages_76-100.md
042-007-001,,042,007,Filler - Coolant | 042-010-003 | Filling - Pre-Realer,VMRS_HB_COMPLETE_v20 page 8_pages_76-100.md
042-007-002,,042,007,"Element - Filter, Coolant | 042-010-004 | Hose - Pre-Heater",VMRS_HB_COMPLETE_v20 page 8_pages_76-100.md
042-007-003,,042,007,"Head - Water Fliter | 042-010-005 | Pump - Fuel, Coolant Pre-Heater, Liquid Fueled",VMRS_HB_COMPLETE_v20 page 8_pages_76-100.md
042-007-004,,042,007,"Shut-Off Valve - Coolant Filter | 042-010-006 | Wiring - Pre-Heater, Liquid Fueled",VMRS_HB_COMPLETE_v20 page 8_pages_76-100.md
042-007-005,,042,007,"Bracket - Coolant Filter | 042-010-007 | Clamp - Coolant Pre-Heater, Liquid Fueled",VMRS_HB_COMPLETE_v20 page 8_pages_76-100.md
042-007-006,,042,007,"O-Ring - Head, Water Filter | 042-010-008 | Valve - Coolant Pre-Heater, Liquid Fueled",VMRS_HB_COMPLETE_v20 page 8_pages_76-100.md
042-007-007,,042,007,"Gasket - Base, Water Filter | 042-010-009 | Cover - Enclosure, Pre-Heater",VMRS_HB_COMPLETE_v20 page 8_pages_76-100.md
042-007-008,,042,007,"Hardware, Mounting- Coolant Filter | 042-010-010 | Filter - Pre-Heater, Liquid Fueled",VMRS_HB_COMPLETE_v20 page 8_pages_76-100.md
042-007-009,,042,007,"Hose - Water Filter | 042-010-011 | Head - Burner, Pre-Heater, Liquid Fueled",VMRS_HB_COMPLETE_v20 page 8_pages_76-100.md
042-007-010,,042,007,Installation Kit - Water Filter | 042-010-012 | O-Ring - Pre-Heater,VMRS_HB_COMPLETE_v20 page 8_pages_76-100.md
042-007-011,,042,007,"Spacer - Water Filter | 042-010-013 | Motor - Fan, Pre-Heater, Coolant",VMRS_HB_COMPLETE_v20 page 8_pages_76-100.md
042-007-012,,042,007,"Clamp - Hose, Coolant Filter | 042-010-014 | Fan - Combustion",VMRS_HB_COMPLETE_v20 page 8_pages_76-100.md
042-007-013,,042,007,"Mounting Bracket - Water Filter | 042-010-015 | Unit - Control, Pre-Heater, Coolant",VMRS_HB_COMPLETE_v20 page 8_pages_76-100.md
042-007-014,,042,007,Cap - Bowl. Coolant Filter | 042-010-016 | Bearing - Combustion Fan,VMRS_HB_COMPLETE_v20 page 8_pages_76-100.md
042-007-015,,042,007,"Filter - Need Release Coolant Treatment | 042-010-017 | Switch - Rollover, Pre-Heater, Coolant",VMRS_HB_COMPLETE_v20 page 8_pages_76-100.md
042-007-016,,042,007,Spindle - Water Filter | 042-010-018 | Control - Thermostat,VMRS_HB_COMPLETE_v20 page 8_pages_76-100.md
042-007-017,,042,007,Spring Pin | 042-010-010 | Limiter - Temperature,VMRS_HB_COMPLETE_v20 page 8_pages_76-100.md
042-007-018,,042,007,Sloovo | 042-010-019 | Pump_Circulating,VMRS_HB_COMPLETE_v20 page 8_pages_76-100.md
042-007-019,,042,007,"Coolant Dro Hostor (On Dower Diant) External | 042-010-021 | Pump - Fuel 12V, FIE-Fielder, Coolant",VMRS_HB_COMPLETE_v20 page 8_pages_76-100.md
042-008-000,,042,008,"Coolant Pre-Heater (On Power Plant) - External | 042-010-022 | Pump - Coolant Circulating, Coolant Pre-Heater",VMRS_HB_COMPLETE_v20 page 8_pages_76-100.md
042-010-023,,042,010,"0.40,000,004 | Electric Power Supply | | Box - Coolant Heater",VMRS_HB_COMPLETE_v20 page 8_pages_76-100.md
042-008-001,,042,008,"Hose - Coolant Tank To Power Plant | 042-010-024 | Base - Coolant Pre-Heater, Liquid Fueled",VMRS_HB_COMPLETE_v20 page 8_pages_76-100.md
042-008-002,,042,008,"Hose - Power Plant To Coolant Tank | 042-010-025 | Pipe - Exhaust, Coolant Pre-Heater, Liquid",VMRS_HB_COMPLETE_v20 page 8_pages_76-100.md
042-008-003,,042,008,"Coupling - Hose, Coolant Circulation | | Fueled",VMRS_HB_COMPLETE_v20 page 8_pages_76-100.md
042-008-004,,042,008,"Tank (Reservoir) - Coolant | 042-010-026 | Cap - Exhaust Pipe, Pre-Heater",VMRS_HB_COMPLETE_v20 page 8_pages_76-100.md
042-008-005,,042,008,"Hardware, Mounting - Coolant Tank (Reservoir) | 042-010-027 | Gasket - Tube, Pre-Heater",VMRS_HB_COMPLETE_v20 page 8_pages_76-100.md
042-008-006,,042,008,"Element - Heating, Coolant Tank | 042-010-028 | Switch - Toggle, Pre-Heater, Coolant",VMRS_HB_COMPLETE_v20 page 8_pages_76-100.md
042-008-007,,042,008,"Thermostat - Coolant Tank | 042-010-029 | Standpipe - Fuel, Coolant Pre-Heater",VMRS_HB_COMPLETE_v20 page 8_pages_76-100.md
042-008-008,,042,008,"Cap - Coolant Tank (Reservoir) | 042-010-030 | Silencer - Pre-Heater, Coolant",VMRS_HB_COMPLETE_v20 page 8_pages_76-100.md
042-008-009,,042,008,"Pre-Heater - Coolant, On Power Plant | 042-010-031 | Pipe - Intake, Silencer, Coolant Pre-Heater",VMRS_HB_COMPLETE_v20 page 8_pages_76-100.md
042-008-010,,042,008,"Spacer - Inlet Elbow, Coolant | 042-010-032 | Silencer - Air Intake, Coolant Pre-Heater",VMRS_HB_COMPLETE_v20 page 8_pages_76-100.md
042-008-011,,042,008,Adapter - Engine To Pre-Heater | 042-011-000 | Water Heater,VMRS_HB_COMPLETE_v20 page 8_pages_76-100.md
042-008-012,,042,008,Relay - Coolant Pre-Heater (On Power Plant) | 042-011-001 | Heater - Coolant/Water,VMRS_HB_COMPLETE_v20 page 8_pages_76-100.md
042-008-013,,042,008,"Switch | 042-011-002 | Check Valve - Coolant Pre-Heater, Engine",VMRS_HB_COMPLETE_v20 page 8_pages_76-100.md
042-008-014,,042,008,Wiring | 042-011-003 | Mounting Bracket - Coolant Water Heater,VMRS_HB_COMPLETE_v20 page 8_pages_76-100.md
042-008-015,,042,008,Bracket - Pre-Heater Tank Type | 042-011-005 | Switch - On/Off Water Heater,VMRS_HB_COMPLETE_v20 page 8_pages_76-100.md
042-008-016,,042,008,Housing - Coolant Heater On Power Plant | 042-011-006 | Wiring Harness - Water Heater,VMRS_HB_COMPLETE_v20 page 8_pages_76-100.md
042-000-010,,042,000,Coolant Pre-Heater (In Block) - External Electric | 042-011-000 | Wiring - Control Unit,VMRS_HB_COMPLETE_v20 page 8_pages_76-100.md
042-009-002,,042,009,Adapter - Mounting Flange | 042-011-009 | Dine Exhaust,VMRS_HB_COMPLETE_v20 page 8_pages_76-100.md
042-009-003,,042,009,Clasket - Mounting Flange | 042-011-010 | Pipe - Exilausi,VMRS_HB_COMPLETE_v20 page 8_pages_76-100.md
042-009-004,,042,009,"Element - Heating | 042-011-011 | Hardware, Mounting - Coolant Water Heater",VMRS_HB_COMPLETE_v20 page 8_pages_76-100.md
042-009-005,,042,009,Wiring Harness - Coolant Pre-Heater | 042-011-012 | Bezel - Timer,VMRS_HB_COMPLETE_v20 page 8_pages_76-100.md
042-009-006,,042,009,Cover (Boot) - Wiring Harness To Receptacle | 042-011-013 | Box - Water,VMRS_HB_COMPLETE_v20 page 8_pages_76-100.md
042-009-007,,042,009,"Cap - Receptacle Cover, Coolant Pre-Heater | 042-011-014 | Clamp - Exhaust",VMRS_HB_COMPLETE_v20 page 8_pages_76-100.md
042-009-008,,042,009,"Mounting Bracket - Receptacle | 042-011-015 | Clamp - Hose, Water Heater",VMRS_HB_COMPLETE_v20 page 8_pages_76-100.md
042-009-009,,042,009,"Sensing Unit - Current | 042-011-016 | Cover - Tank, Water Heater",VMRS_HB_COMPLETE_v20 page 8_pages_76-100.md
042-009-010,,042,009,Thermostat - Coolant Temperature | 042-011-017 | Drain Cock - Tank,VMRS_HB_COMPLETE_v20 page 8_pages_76-100.md
042-009-012,,042,009,Wiring - Engine Heater | 042-011-018 | Filter - Water,VMRS_HB_COMPLETE_v20 page 8_pages_76-100.md
042-009-013,,042,009,Bracket - Heater & Pump | 042-011-019 | Fitting - Water Heater,VMRS_HB_COMPLETE_v20 page 8_pages_76-100.md
042-009-014,,042,009,"Bracket - Junction Block, Coolant Pre-Heater | 042-011-020 | Guard - Hose",VMRS_HB_COMPLETE_v20 page 8_pages_76-100.md
042-009-015,,042,009,Bracket - Pre-Heater | 042-011-022 | Isolator - Mounting,VMRS_HB_COMPLETE_v20 page 8_pages_76-100.md
042-009-016,,042,009,"Nameplate - Switch , Pre-Heater | 042-011-023 | Mounting - Heater Tank",VMRS_HB_COMPLETE_v20 page 8_pages_76-100.md
042-009-017,,042,009,Pump - Coolant Circulating | 042-011-024 | Heat Shield - Coolant Water Heater,VMRS_HB_COMPLETE_v20 page 8_pages_76-100.md
042-009-018,,042,009,Service Kit - Engine Pre-Heater | 042-011-025 | Spacer - Coolant Water Heater,VMRS_HB_COMPLETE_v20 page 8_pages_76-100.md
042-009-019,,042,009,Check Valve - Engine Pre-Heater | 042-011-026 | Timer - Water Heater,VMRS_HB_COMPLETE_v20 page 8_pages_76-100.md
042-009-021,,042,009,Receptacle - Block Heater | 042-011-027 | Valve - Water Heater,VMRS_HB_COMPLETE_v20 page 8_pages_76-100.md
042-000-021,,042,000,Heat Shield - Block Heater | 042-012-000 | Coolant Diverter,VMRS_HB_COMPLETE_v20 page 8_pages_76-100.md
042-000-020,,042,000,"Plug - Recentacle, Coolant Dro Hostor | 0/2-012-001 | Solenoid Valve - Coolant Divortor",VMRS_HB_COMPLETE_v20 page 8_pages_76-100.md
042-009-024,,042,009,"Flug - Neveptavie, OUVIdHt Fle-Nedlei | UHZ-U12-UUZ | Solenolu valve - COOIdHLDIVEILEI",VMRS_HB_COMPLETE_v20 page 8_pages_76-100.md
,042-012,042,012,2-003 | Cover - Coolant Diverter | 043,VMRS_HB_COMPLETE_v20 page 8_pages_76-100.md
,042-013,042,013,"5-000 | Coolant Pre-Heater - Liquid Heat Generator, | 043",VMRS_HB_COMPLETE_v20 page 8_pages_76-100.md
,042-010,042,010,5-010 | Heat Generator | 040,VMRS_HB_COMPLETE_v20 page 8_pages_76-100.md
,042-014,042,014,4-000 | Ballery Melhan Management System | 043,VMRS_HB_COMPLETE_v20 page 8_pages_76-100.md
,042-016,042,016,5 000 | Floctric Drive Cooling System Electrical Vehicle | 040,VMRS_HB_COMPLETE_v20 page 8_pages_76-100.md
,043-000,043,000,000-0 | Exhaust System | 043,VMRS_HB_COMPLETE_v20 page 8_pages_76-100.md
,043-001,043,001,1-001 | Pump - Air Injection Reactor | 043,VMRS_HB_COMPLETE_v20 page 8_pages_76-100.md
043-001-015,,043,001,Check Valve - Air Manifold,VMRS_HB_COMPLETE_v20 page 8_pages_76-100.md
043-001-016,,043,001,Manifold Assembly - Air,VMRS_HB_COMPLETE_v20 page 8_pages_76-100.md
043-001-017,,043,001,Tube & Connectors - Air Manifold Injection,VMRS_HB_COMPLETE_v20 page 8_pages_76-100.md
043-001-018,,043,001,Bleed Valve - Air Intake,VMRS_HB_COMPLETE_v20 page 8_pages_76-100.md
043-001-019,,043,001,Control Valve - Air Intake,VMRS_HB_COMPLETE_v20 page 8_pages_76-100.md
043-001-020,,043,001,Filter - Air Injector Beactor,VMRS_HB_COMPLETE_v20 page 8_pages_76-100.md
043-001-021,,043,001,Gasket - Adapter EGB Valve,VMRS_HB_COMPLETE_v20 page 8_pages_76-100.md
043-001-022,,043,001,Gasket - EGR Valve,VMRS_HB_COMPLETE_v20 page 8_pages_76-100.md
043-001-023,,043,001,Paparuair Accombly EGD,VMRS_HB_COMPLETE_v20 page 8_pages_76-100.md
043-001-024,,043,001,Amplifier Assembly - ECD,VMRS_HB_COMPLETE_v20 page 8_pages_76-100.md
043-001-025,,043,001,Ampliner Assembly - EGR,VMRS_HB_COMPLETE_v20 page 8_pages_76-100.md
043-001-030,,043,001,Catalytic Converter - Emission Controls,VMRS_HB_COMPLETE_v20 page 8_pages_76-100.md
043-001-031,,043,001,Hose - Air Manifold,VMRS_HB_COMPLETE_v20 page 8_pages_76-100.md
043-001-032,,043,001,Fitting - Air Manifold Hose,VMRS_HB_COMPLETE_v20 page 8_pages_76-100.md
043-001-033,,043,001,"Hardware, Mounting - EGR valve",VMRS_HB_COMPLETE_v20 page 8_pages_76-100.md
043-001-036,,043,001,Heater Plate - EGR,VMRS_HB_COMPLETE_v20 page 8_pages_76-100.md
043-001-037,,043,001,Adapter - EGR Valve,VMRS_HB_COMPLETE_v20 page 8_pages_76-100.md
043-001-038,,043,001,"Pipe - Vacuum, EGR Valve",VMRS_HB_COMPLETE_v20 page 8_pages_76-100.md
043-001-039,,043,001,Solenoid - EGR,VMRS_HB_COMPLETE_v20 page 8_pages_76-100.md
043-001-040,,043,001,Bracket - EGR Solenoid,VMRS_HB_COMPLETE_v20 page 8_pages_76-100.md
043-001-041,,043,001,Heat Shield - Converter,VMRS_HB_COMPLETE_v20 page 8_pages_76-100.md
043-001-042,,043,001,Bracket - Heat Converter,VMRS_HB_COMPLETE_v20 page 8_pages_76-100.md
043-001-043,,043,001,Bell - Exhaust Pipe,VMRS_HB_COMPLETE_v20 page 8_pages_76-100.md
043-001-044,,043,001,Canister - Evaporative Emission Control,VMRS_HB_COMPLETE_v20 page 8_pages_76-100.md
043-001-045,,043,001,Hose - Emission Control,VMRS_HB_COMPLETE_v20 page 8_pages_76-100.md
043-001-046,,043,001,"Tubes, Pressure - EGR Valve",VMRS_HB_COMPLETE_v20 page 8_pages_76-100.md
043-001-047,,043,001,Repair Kit - EGR Valve,VMRS_HB_COMPLETE_v20 page 8_pages_76-100.md
043-001-048,,043,001,"Mounting Bracket - Catalytic Converter, Exhaust",VMRS_HB_COMPLETE_v20 page 8_pages_76-100.md
043-001-049,,043,001,Cooler - EGB,VMRS_HB_COMPLETE_v20 page 8_pages_76-100.md
043-001-050,,043,001,Filter - Air Line EGB Control Valve,VMRS_HB_COMPLETE_v20 page 8_pages_76-100.md
043-001-051,,043,001,Controller - EGB (VPOD),VMRS_HB_COMPLETE_v20 page 8_pages_76-100.md
043-001-052,,043,001,Hardware Mounting - Catalytic Converter,VMRS_HB_COMPLETE_v20 page 8_pages_76-100.md
040-001-002,,040,001,Emission Controls,VMRS_HB_COMPLETE_v20 page 8_pages_76-100.md
043-001-053,,043,001,Filter Diosel Particulate,VMRS_HB_COMPLETE_v20 page 8_pages_76-100.md
043-001-054,,043,001,Sonsor EGD Tomporaturo,VMRS_HB_COMPLETE_v20 page 8_pages_76-100.md
043-001-055,,043,001,"Kit - Particulate Trap, Emission Controls",VMRS_HB_COMPLETE_v20 page 8_pages_76-100.md
043-001-057,,043,001,"Gaskel - Particulate Filter, Exhaust System",VMRS_HB_COMPLETE_v20 page 8_pages_76-100.md
043-001-058,,043,001,Sensor - EGR Pressure,VMRS_HB_COMPLETE_v20 page 8_pages_76-100.md
043-001-059,,043,001,Sensor - EGR Position,VMRS_HB_COMPLETE_v20 page 8_pages_76-100.md
043-001-060,,043,001,Switch - EGR Pressure,VMRS_HB_COMPLETE_v20 page 8_pages_76-100.md
043-001-061,,043,001,V-Clamp - EGR Exhaust to Engine,VMRS_HB_COMPLETE_v20 page 8_pages_76-100.md
043-001-062,,043,001,"Pipe - Exhaust Inlet, Aftertreatment to EGR",VMRS_HB_COMPLETE_v20 page 8_pages_76-100.md
043-001-063,,043,001,"Pipe - Exhaust, Straight, Front, Aftertreatment to",VMRS_HB_COMPLETE_v20 page 8_pages_76-100.md
043-001-064,,043,001,"S-Pipe - Exhaust, Aftertreatment to EGR",VMRS_HB_COMPLETE_v20 page 8_pages_76-100.md
043-001-065,,043,001,"Pipe - Exhaust, Straight, Rear, Aftertreatment to",VMRS_HB_COMPLETE_v20 page 8_pages_76-100.md
043-001-066,,043,001,Y-Pipe - Aftertreatment to EGR,VMRS_HB_COMPLETE_v20 page 8_pages_76-100.md
043-001-067,,043,001,"Pipe - Elbow, Aftertreatment to EGR",VMRS_HB_COMPLETE_v20 page 8_pages_76-100.md
043-001-068,,043,001,"Clamp - U-Bolt, Stand-Off Bracket",VMRS_HB_COMPLETE_v20 page 8_pages_76-100.md
043-001-069,,043,001,"Sensor - Back Pressure, Exhaust",VMRS_HB_COMPLETE_v20 page 8_pages_76-100.md
043-001-070,,043,001,Bracket - Exhaust Back Pressure Sensor,VMRS_HB_COMPLETE_v20 page 8_pages_76-100.md
043-001-071,,043,001,Solenoid Valve - Exhaust Back Pressure,VMRS_HB_COMPLETE_v20 page 8_pages_76-100.md
043-001-072,,043,001,Tube Assembly - Exhaust Back Pressure Sensor,VMRS_HB_COMPLETE_v20 page 8_pages_76-100.md
043-001-073,,043,001,"Support - Cooler, EGR",VMRS_HB_COMPLETE_v20 page 8_pages_76-100.md
043-001-074,,043,001,Label - Clean Idle,VMRS_HB_COMPLETE_v20 page 8_pages_76-100.md
043-001-075,,043,001,Line/Tube - EGR Cooler,VMRS_HB_COMPLETE_v20 page 8_pages_76-100.md
043-001-076,,043,001,Tube - EGR to Turbo,VMRS_HB_COMPLETE_v20 page 8_pages_76-100.md
043-001-077,,043,001,"Seal - Coolant Line, EGR",VMRS_HB_COMPLETE_v20 page 8_pages_76-100.md
043-001-078,,043,001,Oil Line - EGR Valve,VMRS_HB_COMPLETE_v20 page 8_pages_76-100.md
043-001-079,,043,001,Gasket - Cooler EGB,VMRS_HB_COMPLETE_v20 page 8_pages_76-100.md
043-001-080,,043,001,Bracket - EGB Lines,VMRS_HB_COMPLETE_v20 page 8_pages_76-100.md
043-001-000,,043,001,Fitting - FGR Lines,VMRS_HB_COMPLETE_v20 page 8_pages_76-100.md
043-001-001,,043,001,Gasket - EGR Heat Evolution,VMRS_HB_COMPLETE_v20 page 8_pages_76-100.md
043-001-002,,043,001,Hardware Mounting - EGD Heat Evolution,VMRS_HB_COMPLETE_v20 page 8_pages_76-100.md
043-001-003,,043,001,"Hartware, mounting - EUR Heat Exchanger",VMRS_HB_COMPLETE_v20 page 8_pages_76-100.md
043-001-084,,043,001,Line Heat Exchanger,VMRS_HB_COMPLETE_v20 page 8_pages_76-100.md
043-001-085,,043,001,Line - Heat Exchanger,VMRS_HB_COMPLETE_v20 page 8_pages_76-100.md
040-001-080,,040,001,Cooket Cooler First,VMRS_HB_COMPLETE_v20 page 8_pages_76-100.md
043-001-087,,043,001,"Gasket - Cooler, Fuel",VMRS_HB_COMPLETE_v20 page 8_pages_76-100.md
043-001-088,,043,001,"Bellows - Connector, Aftertreatment to EGR | 043-001-150 | Valve - Bypass, EGR",VMRS_HB_COMPLETE_v20 page 8_pages_76-100.md
043-001-089,,043,001,"Pipe - Intermediate, Aftertreatment to EGR | 043-001-151 | Check Valve - Vacuum, EGR",VMRS_HB_COMPLETE_v20 page 8_pages_76-100.md
043-001-090,,043,001,"Fitting - Exhaust System Air Line Hose Tube | 043-001-152 | Solenoid - Vacuum Control, EGB",VMRS_HB_COMPLETE_v20 page 8_pages_76-100.md
040-001-000,,040,001,Dlumbing | 042 001 152 | Adapter Tube ECD,VMRS_HB_COMPLETE_v20 page 8_pages_76-100.md
043-001-153,,043,001,"Adapter - Tube, EGR",VMRS_HB_COMPLETE_v20 page 8_pages_76-100.md
043-001-091,,043,001,"O-Ring - Exhaust System, Air Line, Hose, Tube, | 043-001-154 | Gasket - Tube, EGR",VMRS_HB_COMPLETE_v20 page 8_pages_76-100.md
043-001-155,,043,001,"Plumbing | | Gasket - Solenoid, Vacuum Control, EGR",VMRS_HB_COMPLETE_v20 page 8_pages_76-100.md
043-001-092,,043,001,"Bellows - Hydraulic, EGR | 043-001-156 | Clamp - Cooler to Valve, EGR",VMRS_HB_COMPLETE_v20 page 8_pages_76-100.md
043-001-093,,043,001,Clamp - EGB Pine | 043-001-157 | Guide - Wire Oxygen Sensor,VMRS_HB_COMPLETE_v20 page 8_pages_76-100.md
042-001-004,,042,001,Dina Vanturi ECD | 042 001 159 | Actuator Tuning Valva Manifold ECD Valva,VMRS_HB_COMPLETE_v20 page 8_pages_76-100.md
043-001-094,,043,001,"Pipe - Venturi, EGR | 043-001-156 | Actuator - Tuning valve, Manilold, EGR valve",VMRS_HB_COMPLETE_v20 page 8_pages_76-100.md
043-001-095,,043,001,"Regulator - Exhaust Pressure | 043-001-159 | Insulator - Transducer Valve, Exhaust Back",VMRS_HB_COMPLETE_v20 page 8_pages_76-100.md
043-001-096,,043,001,"Tube - Vapor, Emission Control | | Pressure",VMRS_HB_COMPLETE_v20 page 8_pages_76-100.md
043-001-097,,043,001,"Label - Emission Control | 043-001-160 | Gasket - Flexible Pipe, EGR Control Valve",VMRS_HB_COMPLETE_v20 page 8_pages_76-100.md
,001-008,001,008,"0/13- | Label - Smog Index | 0/3-001-161 | Gasket - Flevible Pine, Back Pressure Valve",VMRS_HB_COMPLETE_v20 page 8_pages_76-100.md
042-001-000,,042,001,Bracket Capieter Evenerative Emission Cantrol | 042 001 162 | Ding Air Inlet Back Pressure Velve,VMRS_HB_COMPLETE_v20 page 8_pages_76-100.md
043-001-099,,043,001,"Bracket - Carrister, Evaporative Emission Control | 043-001-102 | Pipe - Air Iniel, back Pressure valve",VMRS_HB_COMPLETE_v20 page 8_pages_76-100.md
043-001-100,,043,001,Manifold - Compressed Air Distribution | 043-001-163 | Sensor - Back Pressure Valve Temperature,VMRS_HB_COMPLETE_v20 page 8_pages_76-100.md
043-001-101,,043,001,Pipe - Compressed Air Distribution Manifold | 043-001-164 | Sensor - Back Pressure Valve Pressure,VMRS_HB_COMPLETE_v20 page 8_pages_76-100.md
043-001-102,,043,001,Connection - Compressed Air Distribution | 043-001-165 | Sensor - Nitrogen Oxide (NOX),VMRS_HB_COMPLETE_v20 page 8_pages_76-100.md
043-001-166,,043,001,Manifold | | Pine - Elevible EGB,VMRS_HB_COMPLETE_v20 page 8_pages_76-100.md
042-001-102,,042,001,Fitting Tap Side ECD Cooler | 042 001 167 | Polonoid Vanar Canistar Durgo,VMRS_HB_COMPLETE_v20 page 8_pages_76-100.md
043-001-103,,043,001,"Filling - Top Side, EGR Cooler | 043-001-107 | Soleriola - vapor Carlister Purge",VMRS_HB_COMPLETE_v20 page 8_pages_76-100.md
043-001-104,,043,001,"Seal Kit - Hoses, EGR Cooler | 043-001-168 | Switch - Vacuum, Vapor Canister Purge",VMRS_HB_COMPLETE_v20 page 8_pages_76-100.md
043-001-105,,043,001,Bellows - EGR | 043-001-169 | Solenoid - Vapor Canister Vent,VMRS_HB_COMPLETE_v20 page 8_pages_76-100.md
043-001-106,,043,001,Actuator - EGR Valve | 043-001-170 | Valve - Early Fuel Evaporation,VMRS_HB_COMPLETE_v20 page 8_pages_76-100.md
043-001-107,,043,001,Hose - EGR Coolant Diverter | 043-001-171 | Filter - Vanor Canister,VMRS_HB_COMPLETE_v20 page 8_pages_76-100.md
042-001-107,,042,001,Clamp Bellows Connector Aftertreatment to | 040-001-171 | Value Durge Degulator Vapor Capietor,VMRS_HB_COMPLETE_v20 page 8_pages_76-100.md
043-001-173,,043,001,EGR | | Actuator - Early Fuel Evaporator Valve,VMRS_HB_COMPLETE_v20 page 8_pages_76-100.md
043-001-109,,043,001,"Regulator - Pressure Control, EGR Valve | 043-001-174 | Check Valve - Vacuum, Early Fuel Evaporator",VMRS_HB_COMPLETE_v20 page 8_pages_76-100.md
043-001-110,,043,001,"Pipe - Clean Gas Induction (CGI) | 043-001-175 | Duct - Mixer, EGR",VMRS_HB_COMPLETE_v20 page 8_pages_76-100.md
043-001-111,,043,001,Cooler - Clean Gas Induction (CGI) | 043-001-176 | Bolt - Mounting Back Pressure Valve,VMRS_HB_COMPLETE_v20 page 8_pages_76-100.md
042-001-112,,042,001,Here Coolent Clean Gas Industion (CGI) | 042 001 177 | Hose Coolent Supply ECD Actuator,VMRS_HB_COMPLETE_v20 page 8_pages_76-100.md
043-001-112,,043,001,"043-001-177 | Hose - Coolant Supply, EGR Actuator",VMRS_HB_COMPLETE_v20 page 8_pages_76-100.md
043-001-113,,043,001,"O-Ring - Fitting, Coolant Hose, Clean Gas | 043-001-178 | Sensor - EGR Monitor",VMRS_HB_COMPLETE_v20 page 8_pages_76-100.md
043-001-179,,043,001,Induction (CGI) | | Housing - EGR Valve,VMRS_HB_COMPLETE_v20 page 8_pages_76-100.md
043-001-114,,043,001,"O-Ring - Mounting, Clean Gas Induction (CGI) | 043-001-180 | Pipe - EGR Mixer",VMRS_HB_COMPLETE_v20 page 8_pages_76-100.md
043-001-115,,043,001,Bolt - EGR Cooler Tube | 043-001-181 | Module - Warning Emission Maintenance,VMRS_HB_COMPLETE_v20 page 8_pages_76-100.md
043-001-116,,043,001,Connector EGP Coolor | 0/3 001 182 | Harnoss EGD Valvo,VMRS_HB_COMPLETE_v20 page 8_pages_76-100.md
040-001-110,,040,001,040-001-102,VMRS_HB_COMPLETE_v20 page 8_pages_76-100.md
043-001-117,,043,001,"Seal - Connector, EGR Cooler | 043-001-183 | Pipe - Flex, Clean Gas Induction (CGI)",VMRS_HB_COMPLETE_v20 page 8_pages_76-100.md
043-001-118,,043,001,"Diverter - Coolant, EGR | 043-001-184 | Gasket - Exhaust Pipe to Cooler, Clean Gas",VMRS_HB_COMPLETE_v20 page 8_pages_76-100.md
043-001-119,,043,001,Valve - Thermal Management | | Induction (CGI),VMRS_HB_COMPLETE_v20 page 8_pages_76-100.md
043-001-120,,043,001,"Separator - Crankcase Oil Centrifugal (CCOS) | 043-001-185 | Kit - High Temp, EGR Cooler Core",VMRS_HB_COMPLETE_v20 page 8_pages_76-100.md
045-001-121,,045,001,"040-001-100 | Rit - Low Temp, Lan Cooler Core",VMRS_HB_COMPLETE_v20 page 8_pages_76-100.md
043-001-187,,043,001,"(CCOSS) | | Connector - Ball Joint, Back Pressure valve",VMRS_HB_COMPLETE_v20 page 8_pages_76-100.md
043-001-122,,043,001,Kit - EGR Valve Lube | 043-001-188 | Wiring Harness - EGR Pressure Sensor,VMRS_HB_COMPLETE_v20 page 8_pages_76-100.md
043-001-123,,043,001,"Kit - Cleaner, EGR Cooler | 043-001-189 | Bracket - Pipe, Venturi",VMRS_HB_COMPLETE_v20 page 8_pages_76-100.md
043-001-124,,043,001,"Kit - EGR Tube, Hot Side | 043-001-190 | Hardware, Mounting - Venturi Pipe",VMRS_HB_COMPLETE_v20 page 8_pages_76-100.md
043-001-125,,043,001,"Rod - Actuator, FGR Valve | 043-001-191 | Gasket - Catalytic Converter",VMRS_HB_COMPLETE_v20 page 8_pages_76-100.md
040-001-120,,040,001,Kit ECD Cooler Deturn Manifold | 040 001 100 | Cool Connecting Dine Air Dump,VMRS_HB_COMPLETE_v20 page 8_pages_76-100.md
043-001-127,,043,001,"Clamp - I-Bolt | 043-001-193 | Clamp - Pipe, Back Pressure Valve",VMRS_HB_COMPLETE_v20 page 8_pages_76-100.md
043-001-128,,043,001,"Fitting - Tube, Clean Gas Induction (CGI) | 043-001-194 | Bushing, Plug - Back Pressure Valve",VMRS_HB_COMPLETE_v20 page 8_pages_76-100.md
043-001-129,,043,001,Controller - Back Pressure Actuator | 043-001-195 | Repair Kit - Back Pressure Valve,VMRS_HB_COMPLETE_v20 page 8_pages_76-100.md
043-001-130,,043,001,Tube - EGB Cooler Supply | 043-001-196 | Pipe - Coolant Back Pressure Valve,VMRS_HB_COMPLETE_v20 page 8_pages_76-100.md
040-001-101,,040,001,Naturia FOD | 040-001-197 | Tube Ocelert COD Oceler Owners,VMRS_HB_COMPLETE_v20 page 8_pages_76-100.md
043-001-132,,043,001,"Venluri - EGR | 043-001-198 | Tube - Coolani, EGR Cooler Supply",VMRS_HB_COMPLETE_v20 page 8_pages_76-100.md
043-001-133,,043,001,"Retainer - Tube | 043-001-199 | Pipe - Air Bleed, EGR Cooler",VMRS_HB_COMPLETE_v20 page 8_pages_76-100.md
043-001-134,,043,001,"Gasket - Pipe to Mixer Valve/Housing, Clean | 043-001-200 | Elbow - Exhaust Manifold to EGR (Hot Side)",VMRS_HB_COMPLETE_v20 page 8_pages_76-100.md
043-001-201,,043,001,Gas Induction (CGI) | | EGR Valve and Actuator Assembly,VMRS_HB_COMPLETE_v20 page 8_pages_76-100.md
043-001-135,,043,001,Sensor - Delta P | 043-001-202 | Lever - EGB Actuator Bod,VMRS_HB_COMPLETE_v20 page 8_pages_76-100.md
040-001-100,,040,001,Uses Delta D'Cancer | 040 001 202,VMRS_HB_COMPLETE_v20 page 8_pages_76-100.md
043-001-137,,043,001,"Air Filter - Air Bypass Valve, Air Injection System | 043-001-204 | Sealing Ring - EGR Venturi Pipe",VMRS_HB_COMPLETE_v20 page 8_pages_76-100.md
043-001-138,,043,001,"Gasket - Air Bypass Valve, Air Injection System | 043-001-205 | Venturi - Double Walled, Connecting EGR and",VMRS_HB_COMPLETE_v20 page 8_pages_76-100.md
043-001-139,,043,001,"Adapter - Air Pump, Air Injection System | | Mixing Chamber",VMRS_HB_COMPLETE_v20 page 8_pages_76-100.md
043-001-140,,043,001,"Gasket - Air Pump, Air Injection System | 043-001-206 | Pipe - Double Walled Venturi to Intake Side",VMRS_HB_COMPLETE_v20 page 8_pages_76-100.md
043-001-141,,043,001,Insulator - Air Pump Air Injection System | 043-001-207 | Pine - Engine Coolant to EGP Coolar,VMRS_HB_COMPLETE_v20 page 8_pages_76-100.md
040-001-141,,040,001,Mount Air Dump Air Injection Out and | 040 001 000 | Niving Chamber FOD Cools,VMRS_HB_COMPLETE_v20 page 8_pages_76-100.md
043-001-142,,043,001,"wount - Air Pump, Air Injection System | 043-001-208 | wixing Chamber - EGR Cooler",VMRS_HB_COMPLETE_v20 page 8_pages_76-100.md
043-001-143,,043,001,"Insulator - Mount, Air Pump, Air Injections | 043-002-000 | Exhaust Manifold",VMRS_HB_COMPLETE_v20 page 8_pages_76-100.md
043-002-001,,043,002,System | | Manifold - Exhaust,VMRS_HB_COMPLETE_v20 page 8_pages_76-100.md
043-001-144,,043,001,"Relay - Air Pump, Air Injection System | 043-002-002 | Hardware, Mounting - Exhaust Manifold",VMRS_HB_COMPLETE_v20 page 8_pages_76-100.md
043-001-145,,043,001,"Gasket - Check Valve, Air Injection System | 043-002-003 | Gasket - Exhaust Manifold",VMRS_HB_COMPLETE_v20 page 8_pages_76-100.md
042-001-140,,042,001,Colonaid Control Air Injocitor Oyatam | 042 002 004 | Extension Exhaust Manifold,VMRS_HB_COMPLETE_v20 page 8_pages_76-100.md
040-001-140,,040,001,"Solenoid - Control, All Injection System | 040-002-004 | Extension - Exhaust Manilold",VMRS_HB_COMPLETE_v20 page 8_pages_76-100.md
043-001-147,,043,001,"⊢lange - Control valve, Air Injection System | 043-002-005 | Sieeve - Exhaust Manifold",VMRS_HB_COMPLETE_v20 page 8_pages_76-100.md
043-001-148,,043,001,"Gasket - Control Valve, Air Injection System | 043-002-006 | Gasket - Exhaust Manifold Sleeve",VMRS_HB_COMPLETE_v20 page 8_pages_76-100.md
043-001-149,,043,001,"Air Filter - Control Valve, Solenoid, Air Injection | 043-002-007 | Packing & Clamps - Exhaust Manifold",VMRS_HB_COMPLETE_v20 page 8_pages_76-100.md
043-002-008,,043,002,System | | Control Valve - Manifold Heat,VMRS_HB_COMPLETE_v20 page 8_pages_76-100.md
043-002-009,,043,002,Thermostat - Manifold Heat Control Valve | 043-,VMRS_HB_COMPLETE_v20 page 8_pages_76-100.md
043-002-010,,043,002,"Spring - Anti-Rattle, Manifold Heat Control Valve | 043-",VMRS_HB_COMPLETE_v20 page 8_pages_76-100.md
043-002-011,,043,002,Bushing - Shaft Manifold Heat Control Valve | 043-,VMRS_HB_COMPLETE_v20 page 8_pages_76-100.md
043-002-012,,043,002,Gaskot - Manifold Hoat Control Valvo | 043,VMRS_HB_COMPLETE_v20 page 8_pages_76-100.md
040-002-012,,040,002,Clasket - Mannold Heat Control Valve | 040-,VMRS_HB_COMPLETE_v20 page 8_pages_76-100.md
043-002-013,,043,002,Pyrometer | 043-,VMRS_HB_COMPLETE_v20 page 8_pages_76-100.md
043-002-014,,043,002,"Pipe Assembly - Primary Exhaust, Turbocharger | 043-",VMRS_HB_COMPLETE_v20 page 8_pages_76-100.md
043-002-015,,043,002,"Pipe Assembly - Secondary Exhaust, | 043-",VMRS_HB_COMPLETE_v20 page 8_pages_76-100.md
043-002-016,,043,002,Heat Shield - Exhaust Manifold | 0/13,VMRS_HB_COMPLETE_v20 page 8_pages_76-100.md
040-002-010,,040,002,Cecket Cet Exhaust Manifold | 040-,VMRS_HB_COMPLETE_v20 page 8_pages_76-100.md
043-002-017,,043,002,Gaskel Set - Exhaust Marillold | 043-,VMRS_HB_COMPLETE_v20 page 8_pages_76-100.md
043-002-018,,043,002,"Heat Shield - Intake Tube, Turbocharger | 043-",VMRS_HB_COMPLETE_v20 page 8_pages_76-100.md
043-002-019,,043,002,"Clamp - Exhaust Intake Tube, Turbocharger | 043-",VMRS_HB_COMPLETE_v20 page 8_pages_76-100.md
043-002-020,,043,002,Adapter - Exhaust | 043-,VMRS_HB_COMPLETE_v20 page 8_pages_76-100.md
043-002-021,,043,002,Thermocouple - Pyrometer | 043-,VMRS_HB_COMPLETE_v20 page 8_pages_76-100.md
043-002-022,,043,002,Wiring - Pyromotor | 043,VMRS_HB_COMPLETE_v20 page 8_pages_76-100.md
040-002-022,,040,002,Polt Evbavet Marifeld | 040-,VMRS_HB_COMPLETE_v20 page 8_pages_76-100.md
043-002-023,,043,002,Bolt - Exhaust Manifold | 043-,VMRS_HB_COMPLETE_v20 page 8_pages_76-100.md
043-002-024,,043,002,"Washer - Tab Lock, Exhaust Manifold | 043-",VMRS_HB_COMPLETE_v20 page 8_pages_76-100.md
043-002-025,,043,002,"Clamp - Hold-Down, Exhaust Manifold | 043-",VMRS_HB_COMPLETE_v20 page 8_pages_76-100.md
043-002-026,,043,002,Stud - Exhaust Manifold | 043-,VMRS_HB_COMPLETE_v20 page 8_pages_76-100.md
043-002-028,,043,002,Decal - Gauge Pyrometer | 043-,VMRS_HB_COMPLETE_v20 page 8_pages_76-100.md
042-002-020,,042,002,Sloovo Dyromotor | 040,VMRS_HB_COMPLETE_v20 page 8_pages_76-100.md
043-002-029,,043,002,Sieeve - Fylometel | 043-,VMRS_HB_COMPLETE_v20 page 8_pages_76-100.md
043-002-030,,043,002,"Bracket - Heat Shield, Exhaust Manitold | 043-",VMRS_HB_COMPLETE_v20 page 8_pages_76-100.md
043-002-031,,043,002,"Module - Amplifier, Pyrometer | 043-",VMRS_HB_COMPLETE_v20 page 8_pages_76-100.md
043-002-032,,043,002,Seal Ring - Exhaust Manifold | 043-,VMRS_HB_COMPLETE_v20 page 8_pages_76-100.md
043-002-033,,043,002,Spacer - Exhaust Manifold | 043-,VMRS_HB_COMPLETE_v20 page 8_pages_76-100.md
043-002-034,,043,002,Lock Nut - Exhaust Manifold | 0/13,VMRS_HB_COMPLETE_v20 page 8_pages_76-100.md
040-002-004,,040,002,Coring Dalt Exhaust Manifold | 040,VMRS_HB_COMPLETE_v20 page 8_pages_76-100.md
043-002-035,,043,002,"Spring - Boit, Exhaust Manilold | 043-",VMRS_HB_COMPLETE_v20 page 8_pages_76-100.md
043-002-036,,043,002,"Connection - Outlet, Exhaust Manifold | 043-",VMRS_HB_COMPLETE_v20 page 8_pages_76-100.md
043-002-037,,043,002,Header Pipe Kit - Exhaust Manifold | 043-,VMRS_HB_COMPLETE_v20 page 8_pages_76-100.md
043-002-038,,043,002,Manifold - Exhaust w/Integrated Catalytic | 043-,VMRS_HB_COMPLETE_v20 page 8_pages_76-100.md
043-002-039,,043,002,Collector - Exhaust Header | 043-,VMRS_HB_COMPLETE_v20 page 8_pages_76-100.md
042-002-040,,042,002,Dina Elavibla Evpansion | 042,VMRS_HB_COMPLETE_v20 page 8_pages_76-100.md
040-002-040,,040,002,"Fipe - Hexible, Expansion | 040-",VMRS_HB_COMPLETE_v20 page 8_pages_76-100.md
043-002-041,,043,002,Kit - Exhaust Manilold Slip Joint Repair | 043-,VMRS_HB_COMPLETE_v20 page 8_pages_76-100.md
043-002-042,,043,002,Seal - Exhaust Manifold Slip Joint Repair | 043-,VMRS_HB_COMPLETE_v20 page 8_pages_76-100.md
043-002-043,,043,002,Cover - Exhaust Manifold Slip Joint Repair | 043-,VMRS_HB_COMPLETE_v20 page 8_pages_76-100.md
043-002-044,,043,002,Clamp - Exhaust Manifold Slip Joint Repair | 043-,VMRS_HB_COMPLETE_v20 page 8_pages_76-100.md
043-003-000,,043,003,Muffler Assembly | 043-,VMRS_HB_COMPLETE_v20 page 8_pages_76-100.md
043-003-001,,043,003,Muffler | 043-,VMRS_HB_COMPLETE_v20 page 8_pages_76-100.md
040-000-002,,040,000,"Pipe Assembly - Exhaust, Right | 040-",VMRS_HB_COMPLETE_v20 page 8_pages_76-100.md
043-003-003,,043,003,"Pipe Assembly - Exhaust, Leit | 043-",VMRS_HB_COMPLETE_v20 page 8_pages_76-100.md
043-003-004,,043,003,"Pipe Assembly - Exhaust, Crossover | 043-",VMRS_HB_COMPLETE_v20 page 8_pages_76-100.md
043-003-005,,043,003,"Hardware, Mounting - Exhaust Pipe Assembly, | 043-",VMRS_HB_COMPLETE_v20 page 8_pages_76-100.md
043-003-006,,043,003,Gasket - Exhaust Pipe To Manifold | 043-,VMRS_HB_COMPLETE_v20 page 8_pages_76-100.md
043-003-007,,043,003,Packing - Exhaust Pipe To Manifold | 043-,VMRS_HB_COMPLETE_v20 page 8_pages_76-100.md
042-002-009,,042,002,Procket & Inculator Accomply Exhaust Ding & | 042,VMRS_HB_COMPLETE_v20 page 8_pages_76-100.md
043-003-009,,043,003,"Hardware, Mounting - Exhaust Pipe/Muffler | 043-",VMRS_HB_COMPLETE_v20 page 8_pages_76-100.md
043-003-010,,043,003,Pipe - Stand | 043-,VMRS_HB_COMPLETE_v20 page 8_pages_76-100.md
043-003-011,,043,003,Coupling - Crossover Pipe To Exhaust Pipe | 043-,VMRS_HB_COMPLETE_v20 page 8_pages_76-100.md
043-003-012,,043,003,Dino Tail | 043,VMRS_HB_COMPLETE_v20 page 8_pages_76-100.md
040-000-012,,040,000,Clamp Exhaust Custom | 040,VMRS_HB_COMPLETE_v20 page 8_pages_76-100.md
043-003-013,,043,003,Clamp - Exhaust System | 043-,VMRS_HB_COMPLETE_v20 page 8_pages_76-100.md
043-003-014,,043,003,Deflector - Tall Pipe | 043-,VMRS_HB_COMPLETE_v20 page 8_pages_76-100.md
043-003-015,,043,003,"Support & Insulator Assembly - Tail Pipe, Front | 043-",VMRS_HB_COMPLETE_v20 page 8_pages_76-100.md
043-003-016,,043,003,"Support & Insulator Assembly - Tail Pipe, Rear | 043-",VMRS_HB_COMPLETE_v20 page 8_pages_76-100.md
043-003-017,,043,003,Flexible Pipe - Exhaust | 043-,VMRS_HB_COMPLETE_v20 page 8_pages_76-100.md
043-003-018,,043,003,Pine - Stack Exhaust | 043-,VMRS_HB_COMPLETE_v20 page 8_pages_76-100.md
042-002-010,,042,002,Can Stack Dino Exhaust | 042,VMRS_HB_COMPLETE_v20 page 8_pages_76-100.md
043-003-019,,043,003,"Cap - Slack Fipe, Exhaust | 043-",VMRS_HB_COMPLETE_v20 page 8_pages_76-100.md
043-003-020,,043,003,"Cage - Muller, Stack | 043-",VMRS_HB_COMPLETE_v20 page 8_pages_76-100.md
043-003-021,,043,003,"Bracket - Mounting Ring, Muffler Cage (Guard) | 043-",VMRS_HB_COMPLETE_v20 page 8_pages_76-100.md
043-003-022,,043,003,Reducer - Exhaust Pipe | 043-,VMRS_HB_COMPLETE_v20 page 8_pages_76-100.md
043-003-023,,043,003,"Mounting Bracket - Stand Out, Muffler | 043-",VMRS_HB_COMPLETE_v20 page 8_pages_76-100.md
043-003-024,,043,003,"Hanger - Mounting, Muffler | 043-",VMRS_HB_COMPLETE_v20 page 8_pages_76-100.md
043-003-025,,043,003,Pine Assembly - Exhaust | 0/3,VMRS_HB_COMPLETE_v20 page 8_pages_76-100.md
042-002-002,,042,002,Connector Doll laint & Double Doll laint | 040-,VMRS_HB_COMPLETE_v20 page 8_pages_76-100.md
043-003-026,,043,003,Connector - Ball Joint & Double Ball Joint | 043-,VMRS_HB_COMPLETE_v20 page 8_pages_76-100.md
043-003-027,,043,003,Connector - Tilt Cab & Reducers | 043-,VMRS_HB_COMPLETE_v20 page 8_pages_76-100.md
043-003-028,,043,003,"Connector - Flexible, Exhaust | 043-",VMRS_HB_COMPLETE_v20 page 8_pages_76-100.md
043-003-029,,043,003,Coupler - Straight Or Reducer | 043-,VMRS_HB_COMPLETE_v20 page 8_pages_76-100.md
043-003-030,,043,003,"Elbow - Pipe, Exhaust | 043-",VMRS_HB_COMPLETE_v20 page 8_pages_76-100.md
043-003-031,,043,003,Flange - Exhaust Pipe To Manifold,VMRS_HB_COMPLETE_v20 page 8_pages_76-100.md
043-003-032,,043,003,"Adapters, Flared Exhaust",VMRS_HB_COMPLETE_v20 page 8_pages_76-100.md
043-003-033,,043,003,Insulator - Exhaust Pipe & Muffler,VMRS_HB_COMPLETE_v20 page 8_pages_76-100.md
043-003-034,,043,003,Mounting Bracket - Exhaust Pipe Support,VMRS_HB_COMPLETE_v20 page 8_pages_76-100.md
043-003-035,,043,003,Spacer - Muffler Hanger,VMRS_HB_COMPLETE_v20 page 8_pages_76-100.md
043-003-036,,043,003,"Spring - Tension, Muffler Hanger",VMRS_HB_COMPLETE_v20 page 8_pages_76-100.md
043-003-037,,043,003,Hanger - Pipe,VMRS_HB_COMPLETE_v20 page 8_pages_76-100.md
043-003-038,,043,003,Gasket - Exhaust Pipe To Muffler Inlet,VMRS_HB_COMPLETE_v20 page 8_pages_76-100.md
043-003-039,,043,003,Gasket - Muffler Outlet To Exhaust Pipe,VMRS_HB_COMPLETE_v20 page 8_pages_76-100.md
043-003-040,,043,003,Y-Pipe - Exhaust,VMRS_HB_COMPLETE_v20 page 8_pages_76-100.md
043-003-041,,043,003,Pad - Muffler Bracket,VMRS_HB_COMPLETE_v20 page 8_pages_76-100.md
043-003-042,,043,003,Heat Shield - Exhaust,VMRS_HB_COMPLETE_v20 page 8_pages_76-100.md
043-003-043,,043,003,U-Bolt - Muttler,VMRS_HB_COMPLETE_v20 page 8_pages_76-100.md
043-003-044,,043,003,Extension - Tail Pipe,VMRS_HB_COMPLETE_v20 page 8_pages_76-100.md
043-003-045,,043,003,Stay Rod - Exhaust Stack,VMRS_HB_COMPLETE_v20 page 8_pages_76-100.md
043-003-047,,043,003,Rend Clamp Elat Or Stopped,VMRS_HB_COMPLETE_v20 page 8_pages_76-100.md
043-003-046,,043,003,Barly Clamp - Flat Of Stepped,VMRS_HB_COMPLETE_v20 page 8_pages_76-100.md
043-003-050,,043,003,Swivel - Exhaust,VMRS_HB_COMPLETE_v20 page 8_pages_76-100.md
043-003-051,,043,003,Mounting Arm - Muffler,VMRS_HB_COMPLETE_v20 page 8_pages_76-100.md
043-003-052,,043,003,Hardware Mounting - Exhaust Stack,VMRS_HB_COMPLETE_v20 page 8_pages_76-100.md
043-003-053,,043,003,"Hardware, Mounting - Exhaust Stack Cap",VMRS_HB_COMPLETE_v20 page 8_pages_76-100.md
043-003-054,,043,003,Backing Plate - Muffler,VMRS_HB_COMPLETE_v20 page 8_pages_76-100.md
043-003-055,,043,003,"Bushing - Mounting Bracket, Muffler",VMRS_HB_COMPLETE_v20 page 8_pages_76-100.md
043-003-056,,043,003,"Clamp - Mounting Bracket, Muffler",VMRS_HB_COMPLETE_v20 page 8_pages_76-100.md
043-003-057,,043,003,"Plate - Reinforcement, Exhaust",VMRS_HB_COMPLETE_v20 page 8_pages_76-100.md
043-003-058,,043,003,Gasket - Muffler Support,VMRS_HB_COMPLETE_v20 page 8_pages_76-100.md
043-003-059,,043,003,"Plug - Mounting Bracket, Muffler",VMRS_HB_COMPLETE_v20 page 8_pages_76-100.md
043-003-060,,043,003,"Shaft - Mounting Bracket, Muffler",VMRS_HB_COMPLETE_v20 page 8_pages_76-100.md
043-003-061,,043,003,"Pipe - Muffler Outlet, Intermediate",VMRS_HB_COMPLETE_v20 page 8_pages_76-100.md
043-003-062,,043,003,"Sleeve - Heat, Exhaust Pipe",VMRS_HB_COMPLETE_v20 page 8_pages_76-100.md
043-003-063,,043,003,Support Plate - Exhaust System,VMRS_HB_COMPLETE_v20 page 8_pages_76-100.md
043-003-064,,043,003,"Bracket - Heat Shield, Exhaust",VMRS_HB_COMPLETE_v20 page 8_pages_76-100.md
043-003-065,,043,003,"Isolator - Mounting, Rubber, Exhaust Pipe",VMRS_HB_COMPLETE_v20 page 8_pages_76-100.md
043-003-066,,043,003,"Bolt - Mounting, Isolator, Exhaust Pipe",VMRS_HB_COMPLETE_v20 page 8_pages_76-100.md
043-003-067,,043,003,"Insulator - Stay Rod, Exhaust Stack",VMRS_HB_COMPLETE_v20 page 8_pages_76-100.md
043-003-068,,043,003,Ejector - Exhaust,VMRS_HB_COMPLETE_v20 page 8_pages_76-100.md
043-003-069,,043,003,Resonator - Exhaust,VMRS_HB_COMPLETE_v20 page 8_pages_76-100.md
043-003-070,,043,003,Sleeve - Muffler,VMRS_HB_COMPLETE_v20 page 8_pages_76-100.md
043-003-071,,043,003,Strap - Mumer,VMRS_HB_COMPLETE_v20 page 8_pages_76-100.md
043-003-072,,043,003,Flange - Exhaust Pipe,VMRS_HB_COMPLETE_v20 page 8_pages_76-100.md
043-003-073,,043,003,Clamp Heat Shield Exhaust Dine,VMRS_HB_COMPLETE_v20 page 8_pages_76-100.md
043-003-074,,043,003,"Clamp - Heat Shield, Exhaust Pipe",VMRS_HB_COMPLETE_v20 page 8_pages_76-100.md
043-003-075,,043,003,,VMRS_HB_COMPLETE_v20 page 8_pages_76-100.md
043-003-077,,043,003,Gasket - Tin Exhaust Pine,VMRS_HB_COMPLETE_v20 page 8_pages_76-100.md
043-003-078,,043,003,Clamp - Exhaust Pressure Begulator,VMRS_HB_COMPLETE_v20 page 8_pages_76-100.md
043-003-079,,043,003,Gasket - Exhaust Pressure Regulator,VMRS_HB_COMPLETE_v20 page 8_pages_76-100.md
043-003-080,,043,003,Bushing - Exhaust Hanger,VMRS_HB_COMPLETE_v20 page 8_pages_76-100.md
043-003-081,,043,003,"Sleeve - Insulator, Exhaust",VMRS_HB_COMPLETE_v20 page 8_pages_76-100.md
043-003-082,,043,003,Resonator - Exhaust,VMRS_HB_COMPLETE_v20 page 8_pages_76-100.md
043-003-083,,043,003,"Bracket - Resonator, Exhaust",VMRS_HB_COMPLETE_v20 page 8_pages_76-100.md
043-003-084,,043,003,"Gasket - Resonator, Exhaust",VMRS_HB_COMPLETE_v20 page 8_pages_76-100.md
043-003-085,,043,003,"Heat Shield - Resonator, Exhaust",VMRS_HB_COMPLETE_v20 page 8_pages_76-100.md
043-003-086,,043,003,"Cable - Actuator, Muffler",VMRS_HB_COMPLETE_v20 page 8_pages_76-100.md
043-003-087,,043,003,Exhaust System - Complete,VMRS_HB_COMPLETE_v20 page 8_pages_76-100.md
043-003-088,,043,003,Motor - Exhaust Fan Vent,VMRS_HB_COMPLETE_v20 page 8_pages_76-100.md
043-003-089,,043,003,Grab Handle - Muffler Guard,VMRS_HB_COMPLETE_v20 page 8_pages_76-100.md
043-003-090,,043,003,Gasket - Crossover Pipe,VMRS_HB_COMPLETE_v20 page 8_pages_76-100.md
043-003-091,,043,003,"Hanger - Exhaust, Universal",VMRS_HB_COMPLETE_v20 page 8_pages_76-100.md
043-003-092,,043,003,"Pipe - ""Y"", Exhaust",VMRS_HB_COMPLETE_v20 page 8_pages_76-100.md
043-003-093,,043,003,Mullier W/Fitment Parts Included,VMRS_HB_COMPLETE_v20 page 8_pages_76-100.md
040-000-004,,040,000,"Cap - Oxygen Sensor Fitment, Exhaust Pipe",VMRS_HB_COMPLETE_v20 page 8_pages_76-100.md
043-003-095,,043,003,"Cap - Oxygen Sensor Fitment, Exhaust PipeSupport - Exhaust Pipe",VMRS_HB_COMPLETE_v20 page 8_pages_76-100.md
043-004-006,,043,004,"Wheel Turbine, Turbine, Turbine, Turbine, Turbine, Turbine, Turbine, Turbine, Turbine, Turbine, Turbine, Turbine, Turbine, Turbine, Turbine, Turbine, Turbine, Turbine, Turbine, Turbine, Turbine, Turbine, Turbine, Turbine, Turbine, Turbine, Turbine, Turbine, Turbine, Turbine, Turbine, Turbine, Turbine, Turbine, Turbine, Turbine, Turbine, Turbine, Turbine, Turbine, Turbine, Turbine, Turbine, Turbine, Turbine, Turbine, Turbine, Turbine, Turbine, Turbine, Turbine, Turbine, Turbine, Turbine, Turbine, Turbine, Turbine, Turbine, Turbine, Turbine, Turbine, Turbine, Turbine, Turbine, Turbine, Turbine, Turbine, Turbine, Turbine, Turbine, Turbine, Turbine, Turbine, Turbine, Turbine, Turbine, Turbine, Turbine, Turbine, Turbine, Turbine, Turbine, Turbine, Turbine, Turbine, Turbine, Turbine, Turbine, Turbine, Turbine, Turbine, Turbine, Turbine, Turbine, Turbine, Turbine, Turbine, Turbine, Turbine, Turbine, Turbine, Turbine, Turbine, Turbine, Turbine, Turbine, Turbine, Turbine, Turbine, Turbine, Turbine, Turbine, Turbine, Turbine, Turbine, Turbine, Turbine, Turbine, Turbine, Turbine, Turbine, Turbine, Turbine, Turbine, Turbine, Turbine, Turbine, Turbine, Turbine, Turbine, Turbine, Turbine, Turbine, Turbine, Turbine, Turbine, Turbine, Turbine, Turbine, Turbine, Turbine, Turbine, Turbine, Turbine, Turbine, Turbine, Turbine, Turbine, Turbine, Turbine, Turbine, Turbine, Turbine, Turbine, Turbine, Turbine, Turbine, Turbine, Turbine, Turbine, Turbine, Turbine, Turbine, Turbine, Turbine, Turbine, Turbine, Turbine, Turbine, Turbine, Turbine, Turbine, Turbine, Turbine, Turbine, Turbine, Turbine, Turbine, Turbine, Turbine, Turbine, Turbine, Turbine, Turbine, Turbine, Turbine, Turbine, Turbine, Turbine, Turbine, Turbine, Turbine, Turbine, Turbine, Turbine, Turbine, Turbine, Turbine, Turbine, Turbine, Turbine, Turbine, Turbine, Turbine, Turbine, Turbine, Turbine, Turbine, Turbine, Turbine, Turbine, Turbine, Turbine, Turbine, Turbine, Turbine, Turbine, Turbine, Turbine, Turbine, Turbine, | 043-004-005 | Turbine - Turbocharger | 043-004-077 | Mounting Bracket - Turboconveyor",VMRS_HB_COMPLETE_v20 page 8_pages_76-100.md
043-004-005,,043,004,"013/01/0107 Nuzza - Turbecharger 013/01/01 Support - Turbecharger 013/01/010 Gasket - Air Check Valve - Air Tubecharger 013/01/01 Clamp - Heat Shield 013/01/010 Gasket - Air Check Valve - Air Tubecharger 013/01/01 Clamp - Heat Shield 013/01/010 Gasket - Hurbecharger 013/01/01 Clamp - Heat Shield 013/01/010 Gasket - Housing, Air Intake 013/01/01 Clamp - Heat Shield 013/01/010 Gasket - Housing, Air Intake 013/01/01 Clamp - Heat Shield 013/01/010 Gasket - Housing, Clamber Air Intel 013/01/01 Clamp - Heat Shield 013/01/010 Gasket - Turbocharger 013/01/01 Clamp - Heat Shield 013/01/010 Gasket - Turbocharger 013/01/01 Clamp - Heat Shield 013/01/010 Gasket - Turbocharger 013/01/01 Nuches Shield 013/01/010 Gasket - Turbocharger 013/01/01 Nuches Shield 013/01/010 Gasket - Turbocharger 013/01/01 Nuches Shield 013/01/010 Gasket - Turbocharger 013/01/01 Nuches Shield 013/01/010 | | Wheel Turbine Turbocharger | 043-004-077",VMRS_HB_COMPLETE_v20 page 8_pages_76-100.md
013-001-000,,013,001,"Chuck Wules - All mini-based 013-001-000 Staget - Housing Temperature(43-004-00) Staget - Housing Temperature(43-004-00) 043-004-010 Impelier - Turbocharger 043-004-001 Gamp - Heat Shinki 043-004-010 Gasket - Housing All make(43-004-010) Gasket - Housing All make(43-004-010) Sensor - Turbocharger 043-004-011 Gasket - Housing All make(43-004-010) Connector - Electrical, Turbocharger 043-004-011 Gasket - Housing All make(43-004-010) Connector - Electrical, Turbocharger 043-004-011 Munting Gasket - Housing(43-004-010) Connector - Electrical, Turbocharger 043-004-011 Munting Casket - All miles Connector - Electrical, Turbocharger 043-004-011 Turbe - All make Turbe Connector - Electrical, Turbocharger 043-004-012 Connector - Electrical, Turbocharger Connector - Electrical, Turbocharger 043-004-012 Connector - Electrical, Turbocharger Connector - Electrical, Turbocharger 043-004-012 Connector - Electrical, Turbocharger Connector - Electrical, Turbocharger 043-004-012 Connector - Electrical, Turbocharger Connector - Electrical, Turbocharger 043-004-012 Connector - Elec | 043-004-000 | Mileei - Turbine, Turbocharger | 043-004-078",VMRS_HB_COMPLETE_v20 page 8_pages_76-100.md
043-004-007,,043,004,"Ones Operation Operation Operation Operation 043:004-001 Gasket - Housing, Air Intake 043:004-001 Gasket - Housing, Air Intake 043:004-001 Gasket - Nutrocharger 043:004-001 Gasket - Nutrocharger 043:004-001 Gasket - Nutrocharger 043:004-001 Gasket - Nutrocharger 043:004-001 Gasket - Nutrocharger 043:004-001 Gasket - Nutrocharger 043:004-001 Gasket - Nutrocharger 043:004-001 Gasket - Nutrocharger 043:004-001 Gasket - Nutrocharger 043:004-001 Gasket - Nutrocharger 043:004-001 Gasket - Nutrocharger 043:004-001 Gasket - Nutrocharger 043:004-001 Gasket - Nutrocharger 043:004-001 Gasket - Nutrocharger 043:004-001 Gasket - Nutrocharger 043:004-001 Gasket - Nutrocharger 043:004-001 Gasket - Nutrocharger 043:004-001 Gasket - Nutrocharger 043:004-001 Gasket - Nutrocharger 043:004-001 Gasket - Nutrocharger 043:004-001 Gasket - Nutrocharger 043:004-001 Gasket - Nutrocharger 043:004-001 Purp - Nutrocharger 043:004-001 Purp - Nutrocharger 043:004-001 Purp - Nutrocharger 043:004-001 P | | Nozzle - Turbocharger | 043-004-079 | Adapter Separa Turbashargar Temperatura",VMRS_HB_COMPLETE_v20 page 8_pages_76-100.md
043-004-009,,043,004,018.000-0110 Integent 013.000-013 Seates ALT Trubbecharger 043.000-013 Seates ALT Trubbecharger 043.000-013 Seates ALT Trubbecharger 043.000-013 Seates ALT Trubbecharger 043.000-013 Seates ALT Trubbecharger 043.000-013 Seates ALT Trubbecharger 043.000-013 Seates ALT Trubbecharger 043.000-013 Seates ALT Trubbecharger 043.000-013 Seates ALT Trubbecharger 043.000-013 Seates ALT Trubbecharger 043.000-013 Seates ALT Trubbecharger 043.000-013 Seates ALT Trubbecharger 043.000-013 Seates ALT Trubbecharger 043.000-013 Seates ALT Trubbecharger 043.000-013 Seates ALT Trubbecharger 043.000-013 Seates ALT Trubbecharger 043.000-013 Seates ALT Trubbecharger 043.000-013 Seates ALT Trubbecharger 043.000-013 Seates ALT Trubbecharger 043.000-013 Seates ALT Trubbecharger 043.000-013 Seates ALT Trubbecharger 043.000-013 Seates ALT Trubbecharger 043.000-013 Seates ALT Trubbecharger 043.000-013 Seates ALT Trubbecharger 043.000-013 Seates ALT Trubbecharger 043.000-013 Seates ALT Trubbecharger 043.000-013 Seates ALT Trubbecharger 043.000-013 Seates ALT Trubbechar | | would gasket - All Check valve | 043-004-061 | Ciamp - Heat Silletu,VMRS_HB_COMPLETE_v20 page 8_pages_76-100.md
043-004-010,,043,004,"0.45.000-101 Case of Tobusty, All Integraphy 0.45.000-103 Prosent Mittager Wastegate 0.45.000-104 Stud - Kounting, Turbocharger 0.43.000-106 Connector - Electrical, Turbocharger 0.43.000-106 Stud - Kounting, Turbocharger 0.43.000-106 Connector - Electrical, Turbocharger 0.43.000-106 Ciamo - Hose, Ar Intake Tub 0.43.000-106 Connector - Electrical, Turbocharger 0.43.000-106 Ciamo - Hose, Ar Intake Tub 0.43.000-107 Control Modul - Turbocharger 0.43.000-107 Turbocharger 0.43.000-108 Wiring - Ciamo - Hose, Ar Intake Tub 0.43.000-108 0.43.000-107 Turbocharger 0.43.000-108 Wiring - Ciamo - Hose, Ar Intake Tub 0.43.000-108 0.43.000-107 Turbocharger 0.43.000-108 Wiring - Ciamo - Hose, Ari Intake Tub 0.43.000-108 0.43.000-108 Wiring - Ciamo - Hose, Ari Intake Tub 0.43.000-108 Wiring - Ciamo - Hose, Ari Intake Tub 0.43.000-102 Filting - Cial Surph, Turbocharger 0.43.000-102 Wiring - Ciamo - Hose, Ari Intake Tub 0.43.000-102 Filting - Cial Surph, Turbocharger 0.43.000-103 Wiring - Ciamo - Hose, Ari Intake Tub 0. | | Casket Heusing Air Inteke | 043-004-002 | Sear Kit - Installation, Turbocharger",VMRS_HB_COMPLETE_v20 page 8_pages_76-100.md
043-004-011,,043,004,"013.000-0116 Main Turbocharger 043.004-085 Sension - Lubocharger 043.004-015 Nul - Mounting Studs, Turbocharger 043.004-085 Connector - Electrical, Turbocharger 043.004-015 Nul - Mounting, Turbocharger 043.004-085 Connector - Electrical, Turbocharger 043.004-015 Nul - Mounting, Turbocharger 043.004-085 Control Module - Turbocharger 043.004-016 Camp - Hose, Air Intake To Turbocharger 043.004-085 Control Module - Turbocharger 043.004-016 Camp - Hose, Air Intake To Turbocharger 043.004-085 Control Module - Turbocharger 043.004-016 Camp - Hose, Air Intake Tob 043.004-085 Control Module - Turbocharger 043.004-026 Camp - Hose, Air Intake Tob 043.004-085 Sensor - Boost, Turbocharger 043.004-027 Lines - Ol Feed, Turbo Turbo - Narger 043.004-085 Value - Wantabe Geometry Turbo (VGT) 043.004-027 Lines - Ol Feed, Turbo - Narger 043.004-097 Value - Boost Control Dump Gate, Turbocharger 043.004-027 Nul - Rour Assentity, Turbocharger 043.004-016 Value - Boost Control Dump Gate, Turbocharger 043.004-028 Senero, Turbocharger | | Gasket - Housing, Air Intake | 043-004-063 | HOSE - AIT TURDO TO ACTUATOR",VMRS_HB_COMPLETE_v20 page 8_pages_76-100.md
043-004-083,,043,004,"0-3-04-01-13 Moduling Galaxie - Lubocharger Erlaskii - Arl Initia 0-3-04-01-16 Camedox - Elization, Tubocharger 043-004-083 Wring - Lubocharger 0-3-04-01-16 Camedox - Elization, Tubocharger 043-004-083 Wring - Lubocharger 0-3-04-01-16 Camedox - Elization, Tubocharger 043-004-093 Control Module - Tubocharger 0-3-04-01-16 Camedox - Elization, Tubocharger 043-004-093 Control Module - Tubocharger 0-3-04-01-16 Camedox - Elization, Tubocharger 043-004-093 Control Module - Tubocharger 0-3-04-01-16 Camedox - Elization, Tubocharger 043-004-093 Sensor - Boost, Tubocharger 0-3-04-02 Fitting - Ol Drain, Tubocharger 043-004-093 Sensor - Boost, Tubocharger 0-3-04-02 Fitting - Ol Supply, Tubocharger 043-004-093 Sensor - Boost, Tubocharger 0-3-04-02 Bearing - Shaft, Drive, Tubocharger 043-004-096 Sensor - Boost, Tubocharger 0-43-004-02 Bearing - Drive, Shaft, Tubocharger 043-004-018 Houser, Tubocharger 0-43-004-02 Houser, - Houser, Shaft, Tubocharger 043-004-108 Houser, - Tubocharger < | 043-004-012 | Gasket - Oli Line, Turbocharger | 043-004-084 | Sensor - Turbocharger wastegate",VMRS_HB_COMPLETE_v20 page 8_pages_76-100.md
043-004-013,,043,004,"0.83.004-010 Stud - Moduling, Illibocharger 043.004-080 Lome-Cosing, Turbocharger 0.83.004-015 Nui - Mouring Studs, Turbocharger 043.004-081 Main Turbocharger 0.83.004-015 Nui - Mouring Studs, Turbocharger 043.004-081 Main Turbocharger 0.83.004-015 Nui - Mouring Studs, Turbocharger 043.004-081 Main Turbocharger 0.83.004-015 Nui - Mouring Studs, Turbocharger 043.004-081 Main Turbocharger 0.83.004-015 Nui - Mouring Studs, Turbocharger 043.004-092 Lines - Ol Fead, Turbo 0.83.004-015 Main Turbocharger 043.004-093 Sensor - Boost, Turbocharger 0.83.004-015 Main Turbocharger 043.004-092 Resonator - Turbo 0.83.004-015 Main Turbocharger 043.004-092 Resonator - Turbo 0.83.004-015 Main Turbocharger 043.004-092 Resonator - Turbo 0.83.004-015 Main Turbocharger 043.004-092 Resonator - Turbo 0.83.004-025 Nui - Rotor Assembly, Turbocharger 043.004-093 Resonator - Turbo 0.83.004-025 Nui - Rotor Assembly, Turbocharger 043.004-010 Re | | Mounting Gasket - Turbocharger | 043-004-085 | Bracket - Air Iniet",VMRS_HB_COMPLETE_v20 page 8_pages_76-100.md
043-004-014,,043,004,"0.43.004-013 Null - Mounting Studs, Turbocharger 043.004-06 Wing - Turbocharger 043.004-016 Camp - Hose, Air Intake To Turbocharger 043.004-08 Body - Main, Turbocharger 043.004-016 Camp - Hose, Air Intake To Turbocharger 043.004-08 Sensor - Body - Main, Turbocharger 043.004-016 Camp - Hose, Air Intake To Turbocharger 043.004-08 Sensor - Body - Turbocharger 043.004-021 Camp - Hose, Air Intake To Turbocharger 043.004-091 Camp - Hose, Air Intake To Turbocharger 043.004-021 Camp - Hose, Air Intake To Turbocharger 043.004-092 Sensor - Body Turbocharger 043.004-021 Camp - Hose, Air Intake To Turbocharger 043.004-092 Sensor - Body Turbocharger 043.004-025 Deal Turbocharger 043.004-092 Null - Mouting - Sensor - Body Turbocharger 043.004-026 Null - Mouting - Sensor - Body Turbocharger 043.004-092 Null - Mouting - Sensor - Body Turbocharger 043.004-027 Null - Mouting - Sensor - Mouting - Sensor - Body Turbocharger 043.004-092 Null - Mouting - Sensor - Body Turbocharger 043.004-026 O-Ring - Hale, Diffuser, Turbocharger 043.004-107 Null - Mouting - Sensor - Body Turbocharger Stud - Mounting, Turbocharger043-004-080Connector - Electrical, Turbocharger | 043-004-014 | Stud - Mounting, Turbocharger | 043-004-080 | Connector - Electrical, Turbocharger",VMRS_HB_COMPLETE_v20 page 8_pages_76-100.md
043-004-015,,043,004,"0.43.004-08 Villing - Untocharger 0.43.004-08 Villing - Untocharger 0.43.004-08 Max - Main Experiment 0.43.004-08 Control Module - Turbocharger 0.43.004-017 Lines - All Finkser Tube 0.43.004-08 Control Module - Turbocharger 0.43.004-021 Lines - All Finkser Tube 0.43.004-08 Control Module - Turbocharger 0.43.004-021 Lines - All Finkser Tube 0.43.004-08 Control Module - Turbocharger 0.43.004-021 Lines - All Finkser Tube 0.43.004-092 Control Module - Turbocharger 0.43.004-025 Lines - All Finkser Tube 0.43.004-092 Resonator - Turbo 0.43.004-025 Lines - All Finkser Tubecharger 0.43.004-092 Resonator - Turbo 0.43.004-025 Lines - All Finkser Tubecharger 0.43.004-092 Resonator - Turbo 0.43.004-025 Lines - All Finkser Tubecharger 0.43.004-092 Resonator - Turbo 0.43.004-025 Lines - All Finkser Tubecharger 0.43.004-092 Resonator - Turbo 0.43.004-025 Lines - All Finkser Tubecharger 0.43.004-092 Resonator - Turbo 0.43.004-025 Lines - All Finkser Tubecharger Nut - Mounting Studs, Turbocharger 043-004-087 Line - Cooling, Turbocharger | 043-004-015 | Nut - Mounting Studs, Turbocharger | 043-004-087 | Line - Cooling, Turbocharger",VMRS_HB_COMPLETE_v20 page 8_pages_76-100.md
043-004-117,,043,004,"Lube - Arl Imake 16 Unocharger 043-004-02 Control Module - Turbocharger Wastegate 043-004-021 Priting - Oil Drain, Turbocharger 043-004-021 Control Module - Turbocharger Wastegate 043-004-021 Besting - Shaft, Drive Shaft, Turbocharger 043-004-021 Control Module - Turbocharger 043-004-023 Besting - Shaft, Drive Shaft, Turbocharger 043-004-024 Gastel - Turbocharger 043-004-024 Besting - Shaft, Drive Shaft, Turbocharger 043-004-024 Gastel - Turbocharger 043-004-025 Besting - Shaft, Drive Shaft, Turbocharger 043-004-024 Gastel - Turbocharger 043-004-025 Desting - Distages 043-004-026 Pioe - Turbocharger 043-004-027 043-004-028 Desting - Distages 043-004-028 Ochron J Dump Gate, Turbocharger 043-004-028 043-004-028 O-Hing - Plate 043-004-028 Desting - Distages 043-004-028 043-004-028 Desting - Distages 043-004-028 Desting - Distager 043-004-028 043-004-028 Desting - Distages 043-004-028 Desting - Distages 043-004-028 043-004-028 Desting - Dista | 043-004-015 | Clamp - Hose, Alr Intake | 043-004-088 | wiring - Turbocharger",VMRS_HB_COMPLETE_v20 page 8_pages_76-100.md
043-004-118,,043,004,"Adapter Air Imake Lube 043-004-129 Control Module - Lubo Actuation (SRA)043-004-021 Fitting - Oli Fungh, Turbocharger 043-004-023 Eensor - Boost, Turbocharger 043-004-024 Euses - Oli Supphy Turbocharger 043-004-024 Control Module - Turbo Actuation (SRA)043-004-021 House - Oli Supphy Turbocharger 043-004-029 Eensor - Boost, Turbocharger 043-004-024 Control Module - Turbocharger 043-004-024 Control Module - Turbocharger 043-004-027 House - Oli Supphy Turbocharger 043-004-026 Housing - Ensor - Boost, Turbocharger 043-004-026 Control Module - Turbocharger 043-004-026 Housing - Called Turbocharger 043-004-026 Housing - Drain - Turbocharger 043-004-026 Housing - Drain - Turbocharger 043-004-027 Nut - Rator Assembly Turbocharger 043-004-028 Control Module - Turbocharger 043-004-028 Housing - Plate - Seal Earling - Oli Turbocharger 043-004-028 Control Module - Turbocharger 043-004-028 Housing - Plate - Seal & Bearing Control Module - Turbocharger 043-004-028 Housing - Plate - Seal & Bearing Control Turbocharger 043-004-028 Housing - Turbocharger 043-004-028 Housing - Turbocharger 043-004-028 Housing - Turbocharger 043-004-028 Housing - Turbocharger 043-004-038 Seal - Compressor, Turbocharger 043-004-038 Seal - Compressor, Turbocharger 043-004-038 Seal - Compressor, Turbocharger 043-004-038 Seal - Compressor, Turbocharger 043-004-038 Seal - Compressor, Turbocharger 043-004-108 Housing - Turbocharger 043-004-108 Housing - Turbocharger 043-004-108 Housing - Turbocharger 043-004-108 Housing - Turbocharger 043-004-108 Housing - Turbocharger 043-004-108 Housing - Turbocharger 043-004-108 Housing - Turbocharger 043-004-108 Housing - Turbocharger 043-004-108 Housing - Turbocharger 043-004-108 Housing - Turbocharger 043-004-108 Housing - Turbocharger 043-004-108 Housing - Turbocharger 043-004-108 Housing - Turbocharger 043-004-108 Housing - Turbocharger 043-004-108 Housing - Turbocharger 043-004-108 Housing - Turbocharger 043-004-108 Housing - Turbocharger 043-004-108 Housing - Turbocharger 043-004-108 Housing - T | 043-004-017 | Tube - Air Intake To Turbocharger | 043-004-089 | Body - Main, Turbocharger",VMRS_HB_COMPLETE_v20 page 8_pages_76-100.md
043-004-100,,043,004,"0.8-304-109 Pritting - Oil Drain, Turbocharger 043 004-20 Control Module - Turbocharger 043 004-20 Dearnor - Boost, Turbocharger 043 004-20 Casaket - Turbocharger 043 004-20 Dearnor - Status Manifold Casaket - Turbocharger 043 004-20 043 004-20 Bearing - Shatt Dive, Turbocharger 043 004-20 New - Variable Geometry Turbo (VGT) 043 004-20 Bearing - Shatt Dive, Turbocharger 043 004-20 New - Variable Geometry Turbo (VGT) 043 004-20 Ching - Pila Supphy Turbocharger 043 004-20 New - Variable Geometry Turbo (VGT) 043 004-20 Ching - Pila Supphy Turbocharger 043 004-20 New - Variable Geometry Turbo (VGT) 043 004-20 Ching - Pila Supphy Turbocharger 043 004-20 New - Variable Geometry Turbo Chinger 043 004-20 Ching - Pila Supphy Turbocharger Turbocharger 043 004-100 043 004-20 Ching - Pila Supphy Turbocharger 043 004-100 Turbocharger 043 004-100 043 004-203 Fila Supphy Turbocharger 043 004-100 Turbocharger 043 004-101 043 004-203 Fila Supphy Turbocharger 043 004-101 043-004-018 Adapter - Air Intake Tube 043-004-090 Control Module - Turbocharger Wastegale | 043-004-018 | Adapter - Air Intake Tube | 043-004-090 | Control Module - Turbocharger Wastegale",VMRS_HB_COMPLETE_v20 page 8_pages_76-100.md
043-004-120,,043,004,"Htms - Ull reed, TUD0charger 043-004-02 Chree - Ull reed, TUD0charger 043-004-02 Bearing - Shaft, Drive, TuD0charger 043-004-03 Sensor - Boost, Turbocharger 043-004-02 Bearing - Shaft, Turbocharger 043-004-03 Sensor - Boost, Turbocharger 043-004-02 Chread, Tubocharger 043-004-03 Velame, Tubocharger 043-004-02 Chread, Tubocharger 043-004-03 Velame, Tubocharger 043-004-02 Chread, Tubocharger 043-004-03 Velame, Tubocharger 043-004-02 Chread, Tubocharger 043-004-03 Tubocharger 043-004-02 Chread, Tubocharger 043-004-03 Tubocharger 043-004-03 O-Fing, - Plate, Diffuser, Tubocharger 043-004-10 Tubocharger 043-004-03 O-Fing, - Plate, Diffuser, Tubocharger 043-004-10 Tubocharger 043-004-03 Sele - Actualor, Boost Control Dump Gate, Tubocharger 043-004-03 Velame, - Actualor, Boost Control Dump Gate, Tubocharger 043-004-03 Sele - Tubocharger 043-004-10 Tubocharger 043-004-10 043-004-03 Sele - Tubocharger 043-004-10< | 043-004-019 | Fitting - Oil Drain, Turbocharger | 043-004-091 | Control Module - Turbo Actuation (SRA)",VMRS_HB_COMPLETE_v20 page 8_pages_76-100.md
043-004-121,,043,004,"Hose - Oll Liam, Lubocharger 043-004-123 Settion - Bools, Lubocharger 043-004-023 Baiming - Shalt, Dive, Tubocharger 043-004-024 Valve - Variable Generally Tubo (VGT) 043-004-023 Baiming - Shalt, Dive, Tubocharger 043-004-039 Pipe - Tubocharger 043-004-039 043-004-025 Polar - Insident, Tubocharger 043-004-039 Pipe - Tubocharger 043-004-039 043-004-025 Polar - Insident, Tubocharger 043-004-039 Piles - Stalt Stalt Piles - Stalt Stalt 043-004-025 Polar - Insident, Tubocharger 043-004-030 Piles - Stalt Stalt Piles - Stalt Stalt 043-004-025 Piles - Stalt Stalt Piles - Stalt Stalt Piles - Stalt Stalt Piles - Stalt Stalt 043-004-035 Sietwe - Stalt Outroperson to Pre- Color Piles - Stalt Stalt 043-004-035 Sietwe - Stalt Piles - Stalt Stalt Piles - Stalt Stalt Piles - Stalt Stalt 043-004-035 Sietwe - Stalt Piles - Stalt Stalt Piles - Stalt Stalt Piles - Stalt Stalt 043-004-035 Sietwe - Stalt Piles - Stalt Stalt Stalt Stalt Piles - Stalt Stalt | 043-004-020 | Filling - Oil Supply, Turbocharger | 043-004-092 | Lines - Oli Feed, Turbo",VMRS_HB_COMPLETE_v20 page 8_pages_76-100.md
043-004-024,,043,004,"Bearing, Drive Shaft, Turbocharger 043-004-034 Gasket - Turbocharger / Utabocharger 043-004-024 Housing - Celetor, Turbocharger 043-004-036 Resonator - Turbo 043-004-024 Housing - Celetor, Turbocharger 043-004-036 Resonator - Turbo (NGT) 043-004-025 Nut - Rolor Assembly, Turbocharger 043-004-036 Resonator - Turbo (NGT) 043-004-026 O-Ring - Housing, Drive Shaft Bearing, Drive Shaft Bearing, Turbocharger 043-004-036 Resonator - Turbo (NGT) 043-004-027 O-Ring - Housing, Drive Shaft Bearing, Drive Shaft Bearing, Drive Shaft Bearing, Drive Shaft Bearing, Drive Shaft Bearing, Drive Shaft Bearing, Drive Shaft Bearing, Drive Shaft Bearing, Drive Shaft Bearing, Drive Shaft Bearing, Drive Shaft Bearing, Drive Shaft Bearing, Drive Shaft Bearing, Drive Shaft Bearing, Drive Shaft Bearing, Drive Shaft Bearing, Drive Shaft Bearing, Drive Shaft Bearing, Drive Shaft Bearing, Drive Shaft Bearing, Drive Shaft Bearing, Drive Shaft Bearing, Drive Shaft Bearing, Drive Shaft Bearing, Drive Shaft Bearing, Drive Shaft Bearing, Drive Shaft Bearing, Drive Shaft Bearing, Drive Shaft Bearing, Drive Shaft Bearing, Drive Shaft Bearing, Drive Shaft Bearing, Drive Shaft Bearing, Drive Shaft Bearing, Drive Shaft Bearing, Drive Shaft Bearing, Drive Shaft Bearing, Drive Shaft Bearing, Drive Shaft Bearing, Drive Shaft Bearing, Drive Shaft Bearing, Drive Shaft Bearing, Drive Shaft Bearing, Drive Shaft Bearing, Drive Shaft Bearing, Drive Shaft Bearing, Drive Shaft Bearing, Drive Shaft Bearing, Drive Shaft Bearing, Drive Shaft Bearing, Drive Shaft Drive Shaft Bearing, Driv | 043-004-021 | Hose - Oli Drain, Turbocharger | 043-004-093 | Sensor - Boost, Turbocharger",VMRS_HB_COMPLETE_v20 page 8_pages_76-100.md
043-004-023,,043,004,"bolt - V-Liamp Utabo - Variable Commenty Turbo (VG1) 043-004-024 Housing - Collector, Turbocharger 043-004-027 043-004-027 Nut - Rotor Assembly, Turbocharger 043-004-027 043-004-027 Nut - Rotor Assembly, Turbocharger 043-004-027 043-004-027 O-Hing - Housing, Drive Shaft Bearing,Turbocharger 043-004-027 043-004-027 O-Hing - Plate, Diffuser, Turbocharger 043-004-027 043-004-027 O-Hing - Plate, Diffuser, Turbocharger 043-004-027 043-004-027 O-Hing - Plate, Diffuser, Turbocharger 043-004-030 043-004-030 O-Hing - Plate, Diffuser, Turbocharger 043-004-103 043-004-031 Sela - Compressor, Turbocharger 043-004-103 043-004-032 Sela - Turbocharger 043-004-103 043-004-033 Sela - Compressor, Turbocharger 043-004-103 043-004-039 Sela - Turbocharger 043-004-103 043-004-030 Sela - Turbocharger 043-004-103 043-004-032 Sela - Compressor, Turbocharger 043-004-103 043-004-039 Sela - Compressor, Turbocharger 043-004-103 | 043-004-022 | Bearing - Snatt, Drive, Turbocharger | 043-004-094 | Gasket - Turbocharger to Exhaust Manifold",VMRS_HB_COMPLETE_v20 page 8_pages_76-100.md
043-004-025,,043,004,"Housing - Collector, Iutroccharger 043-004-027 Actuator - Boost Control Dump Gate, Turbocharger 043-004-027 O-Ring - Housing, Drive Shaft Bearing, Turbocharger 043-004-027 Actuator - Boost Control Dump Gate, Turbocharger 043-004-027 O-Ring - Plate, Diftuser, Turbocharger 043-004-027 Nut - Rotor Assembly, Turbocharger 043-004-028 O-Ring - Plate, Diftuser, Turbocharger 043-004-030 Plate - Insultation, Turbocharger 043-004-029 O-Ring - Plate, Diftuser, Turbocharger 043-004-031 Valve - Boost Control Solenoid, Turbocharger 043-004-032 Sela - Turbine, Turbocharger 043-004-103 Turbocharger 043-004-103 043-004-033 Sela - Compressor, Turbocharger 043-004-103 Turbocharger 043-004-103 043-004-033 Sela - Turbine, Turbocharger 043-004-103 Turbocharger 043-004-103 043-004-035 Sela - Turbine, Turbocharger 043-004-103 Turbocharger 043-004-103 043-004-035 Sela - Turbine, Turbocharger 043-004-103 Turbocharger 043-004-103 043-004-035 Sela - Turbine, Turbocharger 043-004-103 Turbocharger 043-0 | 043-004-024 | Housing - Bearing, Drive Snan, Turbocharger | 043-004-096 | Resonator - Turbo",VMRS_HB_COMPLETE_v20 page 8_pages_76-100.md
043-004-027,,043,004,"Null - Hotor Assembly, Lurbocharger 043-004-029 Actuator - Boost Control Dump Gate,Turbocharger 043-004-029 O-Ring - Plate 043-004-029 Valve - Boost Control Solenoid, Turbocharger 043-004-029 O-Ring - Plate 84 Bearing Control, Turbocharger 043-004-029 O-Ring - Plate 84 Bearing Control, Turbocharger 043-004-029 O-Ring - Plate 84 Bearing Control, Turbocharger 043-004-030 O-Ring - Plate 84 Bearing Control, Turbocharger 043-004-102 043-004-030 Clamp - V-Band, Turbocharger 043-004-103 Turbocharger Assembly 043-004-030 Sela - Turbine, Turbocharger 043-004-105 Turbocharger Assembly 043-004-043 Heat Sale All Selaring Control, Selaring - Plate Selaring - Plate Selaring - Plate 043-004-040 Selari - Turbocharger 043-004-107 Actuator - Turbocharger 043-004-107 043-004-041 Robring - Entrobcharger 043-004-107 Actuator - Selaring Compressor 043-004-107 043-004-042 Robring - Control Selanond Turbocharger 043-004-107 Actuator - Selaring< | 043-004-026 | Pad - Insulation, Turbocharger | 043-004-098 | Boost Control - Dump Gate, Turbocharger",VMRS_HB_COMPLETE_v20 page 8_pages_76-100.md
043-004-028,,043,004,"O-Hing - Hate, Diffuser, furbocharger | 043-004-027 | Nut - Rotor Assembly, Turbocharger | 043-004-099 | Actuator - Boost Control Dump Gate,",VMRS_HB_COMPLETE_v20 page 8_pages_76-100.md
043-004-029,,043,004,"O-Hang - Housing, Drive Shaft Bearing, 043-004-101 Hose - Actuator, Boost Control Solenoid, Turbocharger 043-004-030 O-Ring - Plate 043-004-101 Valve - Boost Control Solenoid, Turbocharger 043-004-031 Plate - Seal & Bearing Control, Turbocharger 043-004-103 Turbocharger Assembly 043-004-032 Plate - Seal & Bearing Control, Turbocharger 043-004-103 Turbocharger Assembly 043-004-032 Steeve - Seal 043-004-105 Turbocharger Assembly 043-004-035 Seal - Compressor, Turbocharger 043-004-106 Vanable Pressure Output Device (VPOD) 043-004-040 Insert - Tellon, Turbocharger 043-004-106 Vanable Pressure Output Device (VPOD) 043-004-040 Insert - Turbocharger, Compressor 043-004-107 Notcharder Fitting - Air Supply Tube, Wastegate Valve 043-004-041 Rotor - Engine Brake 043-004-110 Seal - Turbocharger 043-004-111 Spacer - Mounting, Turbocharger 043-004-041 Rotor - Engine Brake 043-004-111 Spacer - Mounting, Turbocharger 043-004-112 Seal - Turbing - Nitzbocharger 043-004-041 Rotor - Engine Brake 043-004-111 Sp | 043-004-028 | O-Ring - Plate, Diffuser, Turbocharger | | Turbocharger",VMRS_HB_COMPLETE_v20 page 8_pages_76-100.md
004-035-043,,004,035,"Turbocharger Turbocharger Turbocharger 043:004-031 Plate Seal Alive - Soal Bearing Control, Turbocharger 043:004-032 Heat Shield (Turbine)-Turbocharger 043:004-033 Turbocharger Cooler 043:004-033 Steeve - Seal Cooler Turbocharger 043::004-035 Clamp - V-Band, Turbocharger 043:004-106 Yube - Oil Drain, Turbocharger 043:004-036 Seal - Compressor, Turbocharger 043:004-107 Actuator - Turbocharger 043:004-030 Seal - Turbocharger 043:004-108 Valve - Boost Control Solenoid, Turbocharger 043:004-040 Seal - Turbocharger 043:004-101 Valve - Boost Control Solenoid, Turbocharger 043:004-041 Rotor - Engine Brake 043:004-111 Spacer - Mounting, Turbocharger 043:004-042 Cover - Rotor (Elind) 043:004-111 Spacer - Mounting, Turbocharger 043:004-044 Bushing - Cover, Rotor (Bind) 043:004-111 Spacer - Mounting, Turbocharger 043:004-05 Redur - Air Control Assembly (Incl. Yoke & Pins) 043:004-111 Valve - Control, Turbocharger 0 | 043-004-029 | O-Ring - Housing, Drive Shaft Bearing, | 043-004-100 | Hose - Actuator, Boost Control Dump Gate,",VMRS_HB_COMPLETE_v20 page 8_pages_76-100.md
043-004-030,,043,004,"O-Hing - Plate 043-004-101 Valve - Boosic Control Solenoid, Turbocharger 043-004-031 Plate - Seal & Bearing Control, Turbocharger 043-004-103 Twin Turbocharger Compressor to Pre-Cooler 043-004-032 Steeve - Seal 043-004-103 Twin Turbocharger Compressor 043-004-032 Steeve - Seal 043-004-103 Twin Turbocharger Compressor 043-004-030 Seal - Compressor, Turbocharger 043-004-103 Turbe - Nir Washer Actuator 043-004-0403 Seal - Compressor, Turbocharger 043-004-105 Tee - Air, Wastegate Actuator 043-004-030 Seal - Compressor, Turbocharger 043-004-105 Turbe - Oil Supply, Turbe, Wastegate Valve 043-004-040 Thrust Washer - Turbocharger 043-004-110 Spacer - Mounting, Turbocharger 043-004-040 Rotor - Engine Brake 043-004-111 Spacer - Mounting, Turbocharger 043-004-040 Mounting Bracket - Air Cylinder, Turbocharger 043-004-111 Spacer - Mounting, Turbocharger 043-004-041 Rotor - Engine Brake 043-004-111 Spacer - Mounting, Turbocharger 043-004-045 Mounting Bracket - Air Cylinder, Turbocharger 043-004-111 Spacer - Mounting, Turbocharger 043-004-05 Hose - Air Pressure 043-004-111 Spacer - Mounting, Turbocharger 043-004-05 Hose - Air Pre | | Turbocharger | | Turbocharger",VMRS_HB_COMPLETE_v20 page 8_pages_76-100.md
043-004-031,,043,004,"Plate - Seal & Bearing Control, Turbocharger 043-004-102 Coolar 043-004-033 Sleeve - Seal 043-004-103 Twin Turbocharger 043-004-103 043-004-035 Clamp - V-Band, Turbocharger 043-004-103 Twin Turbocharger, Coolar Other Clamp - V-Band, Turbocharger 043-004-035 Clamp - V-Band, Turbocharger 043-004-103 Turbocharger, Variable Pressure Other Clamp - V-Band, Turbocharger 043-004-039 Insert - Teflon, Turbocharger 043-004-109 Fitting - Air Supply Tube, Wastegate Valve 043-004-039 Insert - Teflon, Turbocharger, Compressor 043-004-109 Fitting - Air Supply Tube, Wastegate Valve 043-004-042 Cover - Rotor (Gpen) 043-004-110 Bolt - Mounting, Turbocharger 043-004-043 Bushing - Cover, Rotor (Bind) 043-004-110 Spacer - Mounting, Turbocharger 043-004-044 Bushing - Cover, Rotor (Bind) 043-004-110 Washer - Mucharger Other - Nicharger 043-004-051 Rody - Control, Turbocharger 043-004-110 Valve - Contol, Turbocharger 043-004-051 Rody - Control, Copen) 043-004-110 Valve - Control, Turbocharger 043 | 043-004-030 | O-Ring - Plate | 043-004-101 | Valve - Boost Control Solenoid, Turbocharger",VMRS_HB_COMPLETE_v20 page 8_pages_76-100.md
043-004-032,,043,004,"Heat Shield (Turbine)-Turbocharger Cooler 043-004-033 Sleeve-Seal 043-004-103 Twin Turbocharger 043-004-103 043-004-036 Seal - Compressor, Turbocharger 043-004-103 Variable Pressure Output Device (VPOD) 043-004-036 Seal - Turbine, Turbocharger 043-004-105 Variable Pressure Output Device (VPOD) 043-004-038 Seal - Turbine, Turbocharger 043-004-107 Actuator - Turbocharger, Variable Nozzle Turbine 043-004-038 Seal - Turbine, Turbocharger 043-004-109 Repair Kit - Vaive, Boost Control Solenoid, Turbocharger 043-004-040 Turbine, Turbocharger, Compressor 043-004-109 Robit Kit - Vaive, Boost Control Solenoid, Turbocharger 043-004-041 Rotor - Engine Brake 043-004-110 Bott Mounting, Turbocharger 043-004-110 043-004-043 Bushing - Cover, Rotor (Open) 043-004-111 Spacer - Mounting, Turbocharger 043-004-046 Mounting Bracket - Air Cylinder, Turbocharger 043-004-114 O-Ritor, David Market - Air Cylinder, Turbocharger 043-004-047 Lever - Control, Turbocharger 043-004-111 Washer - Mounting, Turbocharger 043-004-047 Repair Ki | 043-004-031 | Plate - Seal & Bearing Control, Turbocharger | 043-004-102 | Bellows - Turbocharger Compressor to Pre-",VMRS_HB_COMPLETE_v20 page 8_pages_76-100.md
043-004-033,,043,004,"Sleeve - Seal 043-004-103 Twin Turbocharger Assembly 043-004-035 Clamp - V-Band, Turbocharger 043-004-105 Tee - Air, Wastegate Actuator 043-004-035 Seal - Compressor, Turbocharger 043-004-106 Tee - Air, Wastegate Actuator 043-004-035 Seal - Compressor, Turbocharger 043-004-106 Fittig, - Air Supply Tube, Wastegate Valve 043-004-040 Thurst Washer - Turbocharger, Compressor 043-004-106 Fittig, - Air Supply Tube, Wastegate Valve 043-004-040 Thurst Washer - Turbocharger, Compressor 043-004-106 Bolt - Mounting, Turbocharger 043-004-040 Thurst Washer - Turbocharger, Compressor 043-004-101 Spacer - Mounting, Turbocharger 043-004-041 Robr - Engine Brake 043-004-113 Washer - Mounting, Turbocharger 043-004-042 Cover, Rotor (Blind) 043-004-113 Washer - Mounting, Turbocharger 043-004-044 Bushing - Cover, Rotor (Blind) 043-004-114 O-Ring - Oil Supply, Turbocharger 043-004-045 Colonder Ter - Air 043-004-116 Kit - Air Control Airbocharger 043-004-045 Goinder Air Pressure 043-004-117 O-Ring - Oil Supply, Turbocharger 043-004-05 Roder - Air 043-004-032 Heat Shield (Turbine)-Turbocharger Cooler | 043-004-032 | Heat Shield (Turbine)-Turbocharger | | Cooler",VMRS_HB_COMPLETE_v20 page 8_pages_76-100.md
043-004-034,,043,004,"Housing - Turbine, Turbocharger 043-004-105 Tee - Air, Wastegate Actuator 043-004-036 Seal - Compressor, Turbocharger 043-004-105 Variable Pressure Output Device (VPOD) 043-004-036 Seal - Turbine, Turbocharger 043-004-106 Variable Pressure Output Device (VPOD) 043-004-038 Seal - Turbine, Turbocharger 043-004-107 Actuator - Turbocharger, Variable Nozzle Turbine 043-004-038 Seal - Turbine, Turbocharger 043-004-108 Repair Kit - Valve, Boost Control Solenoid, Turbocharger 043-004-040 Turbe - Engine Brake 043-004-110 Bolt - Mounting, Turbocharger 043-004-041 Rotor - Engine Brake 043-004-112 Washer - Mounting, Turbocharger 043-004-042 Bushing - Cover, Rotor (Dien) 043-004-113 Tube - Coll Supply, Turbocharger 043-004-043 Bushing - Cover, Rotor (Diend) 043-004-113 Valve - Control, Turbocharger 043-004-044 Bushing - Cover, Rotor (Diend) 043-004-113 Valve - Control, Turbocharger 043-004-050 Kit - Air Oatro - Control, Turbocharger 043-004-113 043-004-051 Kootring Fressure 043-004-114 Mounting Turboc | 043-004-033 | Sleeve - Seal | 043-004-103 | Twin Turbocharger Assembly",VMRS_HB_COMPLETE_v20 page 8_pages_76-100.md
043-004-035,,043,004,"Clamp - V-Band, Turbocharger 043-004-105 Tee - Air, Wastegate Actuator 043-004-035 Seal - Compressor, Turbocharger 043-004-107 Actuator - Turbocharger, Variable Nozzle Turbine 043-004-036 Seal - Turbine, Turbocharger 043-004-108 Fitting - Air Supply Tube, Wastegate Valve 043-004-040 Thrust Washer - Turbocharger, Compressor 043-004-108 Fitting - Air Supply Tube, Wastegate Valve 043-004-040 Thrust Washer - Turbocharger 043-004-108 Fitting - Air Supply Tube, Wastegate Valve 043-004-041 Rotor - Engine Brake 043-004-110 Space - Mounting, Turbocharger 043-004-042 Cover - Rotor, Clopen) 043-004-111 Space - Mounting, Turbocharger 043-004-041 Bushing - Cover, Rotor (Bind) 043-004-115 Valve - Control, Turbocharger 043-004-042 Cover - Rotor, Clopen) 043-004-116 Valve - Control, Turbocharger 043-004-043 Bushing - Cover, Rotor (Bind) 043-004-116 Valve - Control, Turbocharger 043-004-045 Control, Turbocharger 043-004-116 Valve - Control, Turbocharger 043-004-051 Rode - Control, Turbocharger 043-004-116 Valve - Control, Turbocharger 043-004-052 Control - Regulator - Air Cylinder 043-004-118 Valve - Control, Aire Cylinder 043-004-054 < | 043-004-034 | Housing - Turbine, Turbocharger | 043-004-104 | Tube - Oil Drain, Turbocharger",VMRS_HB_COMPLETE_v20 page 8_pages_76-100.md
043-004-036,,043,004,"Seal - Compressor, Turbocharger 043-004-108 Variable Nezzet Turbine 043-004-038 Insert - Teflon, Turbocharger 043-004-108 Fitting - Air Supply Tube, Wastegate Valve 043-004-040 Insert - Teflon, Turbocharger 043-004-108 Fitting - Air Supply Tube, Wastegate Valve 043-004-040 Robot - Engine Brake 043-004-110 Bolt - Mounting, Turbocharger 043-004-041 Robot - Engine Brake 043-004-110 Spacer - Mounting, Turbocharger 043-004-043 Bushing - Cover, Robor (Open) 043-004-112 Wastegate 043-004-043 Bushing - Cover, Robor (Open) 043-004-113 Tube - Oil Supply Tube, Turbocharger 043-004-044 Bushing - Cover, Robor (Open) 043-004-114 Valve - Control, Turbocharger 043-004-045 Mounting Bracket - Air Cylinder, Turbocharger 043-004-115 Valve - Control, Turbocharger 043-004-045 Hose - Air Cylinder, Turbocharger 043-004-116 Valve - Control, Turbocharger 043-004-052 Hose - Air Pressure 043-004-117 Valve - Control, Turbocharger 043-004-052 Hose - Air Pressure 043-004-112 Seal - Coolant Pipe, Turbo Return < | 043-004-035 | Clamp - V-Band, Turbocharger | 043-004-105 | Tee - Air, Wastegate Actuator",VMRS_HB_COMPLETE_v20 page 8_pages_76-100.md
043-004-038,,043,004,"Seal - Turbine, Turbocharger 043-004-107 Actuator - Turbocharger, Variable Nozzle Turbine 043-004-040 Insert - Teflon, Turbocharger 043-004-109 Fitting - Air Supply Tube, Yastegate Valve 043-004-040 Rotor - Engine Brake 043-004-111 Space - Mounting, Turbocharger 043-004-042 Cover - Rotor, Engine Brake 043-004-111 Space - Mounting, Turbocharger 043-004-044 Bushing - Cover, Rotor (Bind) 043-004-111 Washer - Mounting, Turbocharger 043-004-044 Bushing - Cover, Rotor (Bind) 043-004-114 O-Ring - Oil Supply Tube, Yastegate Valve 043-004-044 Bushing - Cover, Rotor (Bind) 043-004-116 Valve - Control, Turbocharger 043-004-045 Control, Turbocharger 043-004-116 Valve - Control, Turbocharger 043-004-045 Control, Turbocharger 043-004-116 Valve - Control, Turbocharger 043-004-045 Control Assembly (Incl. Yoke & Pins) 043-004-118 Terminal - Electrical, Turbocharger 043-004-052 Roburn Spring - Control Lever 043-004-119 Gasekt - Flexible Pipe, Wastegate Valve 043-004-052 Roburn Spring - Control Lever 043-004-120 | 043-004-036 | Seal - Compressor, Turbocharger | 043-004-106 | Variable Pressure Output Device (VPOD)",VMRS_HB_COMPLETE_v20 page 8_pages_76-100.md
043-004-039,,043,004,"Insert - Teflon, Turbocharger 043-004-008 Fitting - Air Supply Tube, Wastegate Valve 043-004-040 Thrust Washer - Turbocharger, Compressor 043-004-041 Frequir Kit - Valve, Boost Control Solenoid, Turbocharger 043-004-041 Rotor - Engine Brake 043-004-110 Spacer - Mounting, Turbocharger 043-004-042 Bushing - Cover, Rotor (Open) 043-004-111 Spacer - Mounting, Turbocharger 043-004-044 Bushing - Cover, Rotor (Blind) 043-004-112 Washer - Mounting, Turbocharger 043-004-046 Mounting Bracket - Air Cylinder, Turbocharger 043-004-114 Valve - Control, Turbocharger 043-004-047 Lever - Control, Turbocharger 043-004-116 Kit - Air Control, Turbocharger 043-004-047 Lever - Control, Nave, Turbocharger 043-004-116 Kit - Air Control, Turbocharger 043-004-051 Roda - Control Assembly (Incl. Yoke & Pins) 043-004-116 Kit - Air Control Valve, Turbocharger 043-004-052 Chamber - Isolation 043-004-118 Terminal - Electrical, Turbocharger 043-004-053 Return Spring - Control Lever 043-004-120 Seal - Coolant Pipe, Turbo Supply 043-004-054 Solenoid Valve - Air Pressure 043-004-121 Seal - Coolant Pipe, Turb | 043-004-038 | Seal - Turbine, Turbocharger | 043-004-107 | Actuator - Turbocharger, Variable Nozzle Turbine",VMRS_HB_COMPLETE_v20 page 8_pages_76-100.md
043-004-040,,043,004,"Thrust Washer - Turbocharger, CompressorSide 043-004-109 Flepair Kit - Valve, Boost Control Solenoid,Turbocharger 043-004-041 Rotor - Engine Brake 043-004-110 Bott - Mounting, Turbocharger 043-004-042 Cover - Rotor (Binn) 043-004-110 Bott - Mounting, Turbocharger 043-004-043 Bushing - Cover, Rotor (Binn) 043-004-113 Turbocharger 043-004-044 Exotring - Cover, Rotor (Binn) 043-004-113 Valve - Oil Supply, Turbocharger 043-004-047 Lever - Control, Turbocharger 043-004-116 Vit. Air Control Valve, Turbocharger 043-004-047 Cylinder - Air 043-004-116 Vit. Air Control Valve, Turbocharger 043-004-051 Rod - Control Assembly (Incl. Yoke & Pins) 043-004-118 Terminal - Electrical, Turbocharger 043-004-052 Chamber - Air Pressure 043-004-120 Seal - Coolant Pipe, Turbo Return 043-004-053 Return Spring - Control Lever 043-004-120 Seal - Coolant Pipe, Turbo Charger 043-004-054 Solenoid Valve - Air Pressure 043-004-120 Seal - Coolant Pipe, Turbo Charger 043-004-055 Solenoid Valve - Air Pressure 043-004-120 043-004-039Insert - Teflon, Turbocharger043-004-108Fitting - Air Supply Tube, Wastegate Valve | 043-004-039 | Insert - Teflon, Turbocharger | 043-004-108 | Fitting - Air Supply Tube, Wastegate Valve",VMRS_HB_COMPLETE_v20 page 8_pages_76-100.md
043-004-042,,043,004,"SideTurbochargerRotor - Engine Brake043-004-111Spacer - Mounting, Turbocharger043-004-043Bushing - Cover, Rotor (Dpen)043-004-111Spacer - Mounting, Turbocharger043-004-044Bushing - Cover, Rotor (Blind)043-004-113Tube - Oil Supply, Turbocharger043-004-045Bushing - Cover, Rotor (Blind)043-004-115Valve - Control, Turbocharger043-004-046Mounting Bracket - Air Cylinder, Turbocharger043-004-116Kit - Air Control Nubocharger043-004-047Lever - Control, Turbocharger043-004-116Kit - Air Control Nubocharger043-004-048Cylinder - Air043-004-116Kit - Air Control Nubocharger043-004-051Rod - Control Assembly (Incl. Yoke & Pins)043-004-116Kit - Variable Geometry Actuator043-004-052Chamber - Isolation043-004-121Seal - Coolant Pipe, Turbo Return043-004-053Return Spring - Control Lever043-004-121Seal - Coolant Pipe, Turbo Return043-004-055Cover - Rod, Air Cylinder043-004-121Seal - Coolant Pipe, Turbo Return043-004-056Regulator - Air Pressure043-004-123Heatshield - Turbice, Turbocompound043-004-057Switch - Fuel Pump043-004-124Heatshield - Turbocompound043-004-058Housing (Cartridge) Assembly043-004-125Seal - Coolant Pipe, Turbocompound043-004-059Repair Kit - Housing (Cartridge) Assembly043-004-126Gear - Turbine, Turbocompound043-004-059Repair Kit - Turbocharger043-004-127Bearing - Turbocompou | 043-004-040 | Thrust Washer - Turbocharger, Compressor | 043-004-109 | Repair Kit - Valve, Boost Control Solenoid,",VMRS_HB_COMPLETE_v20 page 8_pages_76-100.md
043-004-041,,043,004,"Rotor - Engine Brake043-004-110Bolt - Mounting, Turbocharger043-004-043Bushing - Cover, Rotor (Open)043-004-112Washer - Mounting, Turbocharger043-004-044Bushing - Cover, Rotor (Blind)043-004-113Spacer - Mounting, Turbocharger043-004-044Bushing - Cover, Rotor (Blind)043-004-114Valve - Control, Turbocharger043-004-047Lever - Control, Turbocharger043-004-115Valve - Control, Turbocharger043-004-048Cylinder - Air043-004-116Washer - Muonting, Turbocharger043-004-045Cylinder - Air043-004-116Mounting Kit - Variable Geometry Actuator043-004-051Rod - Control Assembly (Incl. Yoke & Pins)043-004-118Terminal - Electrical, Turbocharger043-004-052Cover - Rod, Air Cysinder043-004-119Seal - Coolant Pipe, Turbo Supply043-004-053Return Spring - Control Lever043-004-120Seal - Coolant Pipe, Turbo Supply043-004-054Solenoid Valve - Air Pressure043-004-121Turbocompound Assembly043-004-055Cover - Rod, Air Cylinder043-004-123Heatshield - Turbocompound043-004-056Reyura (Cartridge) Assembly043-004-126Gear - Turbine, Turbocompound043-004-057Switch - Fuel Pump043-004-126Gear - Turbine, Turbocompound043-004-058Housing (Cartridge) Assembly043-004-126Gear - Turbine, Turbocompound043-004-058Housing (Cartridge) Assembly043-004-126Gear - Turbine, Turbocompound043-004-059Heapiar Kit - Tip, Turbine | | Side | | Turbocharger",VMRS_HB_COMPLETE_v20 page 8_pages_76-100.md
043-004-043,,043,004,"Bushing - Cover, Rotor (Open)043-004-113Washer - Mounting, Turbocharger043-004-046Muunting Bracket - Air Cylinder, Turbocharger043-004-113Tube - Oil Supply Tube, Turbocharger043-004-046Muunting Bracket - Air Cylinder, Turbocharger043-004-114O-Ring - Oil Supply Tube, Turbocharger043-004-046Cylinder - Air043-004-116Kit - Air Control Valve, Turbocharger043-004-050Hose - Air Pressure043-004-116Kit - Air Control Valve, Turbocharger043-004-051Rod - Control Assembly (Incl. Yoke & Pins)043-004-119Gasket - Fiexible Pipe, Wastegate043-004-052Chamber - Isolation043-004-119Gasket - Fiexible Pipe, Wastegate043-004-053Return Spring - Control Lever043-004-120Seal - Coolant Pipe, Turbo Return043-004-054Solenoid Valve - Air Pressure043-004-123Seal - Coolant Pipe, Turbo Return043-004-055Cover - Rod, Air Cylinder043-004-124Turbocompound Assembly043-004-056Regulator - Air Pressure, Turbocharger043-004-128Gear - Turbine, Turbocompound043-004-057Switch - Fuel Pump043-004-128Gear - Turbine, Turbocompound043-004-058Housing (Cartridge) Assembly - Bearing Drive043-004-128Gear - Turbine, Turbocompound043-004-059Repair Kit - Turbocharger043-004-128Gear - Turbine, Turbocompound043-004-059Repair Kit - Turbocharger043-004-128Graves Hattine, Turbocompound043-004-059Repair Kit - Turbocharger043-004-128Graves Hattine, Turbocompou | 043-004-042 | Cover - Rotor, Engine Brake | 043-004-111 | Spacer - Mounting, Turbocharger",VMRS_HB_COMPLETE_v20 page 8_pages_76-100.md
043-004-044,,043,004,"Bushing - Cover, Rotor (Blind)043-004-113Tube - Oil Supply, Turbocharger043-004-047Lever - Control, Turbocharger043-004-115Valve - Control, Turbocharger043-004-116043-004-047Lever - Control, Turbocharger043-004-116Kit - Air Control Valve, TurbochargerWastegate043-004-051Rod - Control Assembly (Incl. Yoke & Pins)043-004-117Mounting Kit - Variable Geometry Actuator043-004-052Chamber - Isolation043-004-118Terminal - Electrical, Turbocharger043-004-053Return Spring - Control Lever043-004-119Gasket - Flexible Pipe, Wastegate043-004-054Solenoid Valve - Air Pressure043-004-121Seal - Coolant Pipe, Turbo Return043-004-055Cover - Rod, Air Cylinder043-004-122Turbocompound043-004-056Regulator - Air Pressure043-004-123Heatshield - Turbice, Turbocompound043-004-057Switch - Fuel Pump043-004-124Heatshield - Exhaust Line, Turbocompound043-004-058Housing (Cartridge) Assembly - Bearing Drive043-004-126Gear - Turbine, Turbocompound043-004-059Repair Kit - Housing (Cartridge) Assembly043-004-128Drive Shaft - Turbocompound043-004-061Hose - Oil Supply, Turbocharger043-004-128Drive Shaft - Turbocompound043-004-059Repair Kit - Housing (Cartridge) Assembly043-004-128Drive Shaft - Turbocompound043-004-061Heas - Oil Supply, Turbocharger043-004-128Drive Shaft - Turbocompound043-004-059Repair Kit - Housing Stud, Turbocharger 043-004-043 Bushing - Cover, Rotor (Open) 043-004-112 Washer - Mounting, Turbocharger | 043-004-043 | Bushing - Cover, Rotor (Open) | 043-004-112 | Washer - Mounting, Turbocharger",VMRS_HB_COMPLETE_v20 page 8_pages_76-100.md
043-004-046,,043,004,"Mounting Bracket - Air Cylinder, Turbocharger043-004-115O-Ring - Oil Supply Tube, Turbocharger Wastegate043-004-047Lever - Control, Turbocharger043-004-116Kit - Air Control Valve, Turbocharger Wastegate043-004-050Hose - Air Pressure043-004-117Mounting Kit - Variable Geometry Actuator043-004-051Rod - Control Assembly (Incl. Yoke & Pins)043-004-118Terminal - Electrical, Turbocharger043-004-052Chamber - Isolation043-004-118Gasket - Flexible Pipe, Wastegate043-004-053Return Spring - Control Lever043-004-121Seal - Coolant Pipe, Turbo Return043-004-055Cover - Rod, Air Cylinder043-004-123Seal - Coolant Pipe, Turbo Supply043-004-055Cover - Rod, Air Cylinder043-004-124Heatshield - Turbocompound043-004-056Regulator - Air Pressure, Turbocharger043-004-123Heatshield - Turbocompound043-004-057Switch - Fuel Pump043-004-124Heatshield - Exhaust Line, Turbocompound043-004-058Housing (Cartridge) Assembly - Bearing Drive043-004-128Heatshield - Turbocompound043-004-059Repair Kit - Tip, Turbocharger043-004-128Bearing - Turbocompound043-004-060Hose - Oil Supply, Turbocharger043-004-128Bearing - Turbocompound043-004-061Repair Kit - Tip, Turbocharger043-004-128Bearing - Turbocompound043-004-061Repair Kit - Tip, Turbocharger043-004-128Boit - Housing, Turboccompound043-004-064Mounting Kit - Turbocharger043-004-128Boit - H | 043-004-044 | Bushing - Cover, Rotor (Blind) | 043-004-113 | Tube - Oil Supply, Turbocharger",VMRS_HB_COMPLETE_v20 page 8_pages_76-100.md
043-004-047,,043,004,"Lever - Control, Turbocharger043-004-115Valve - Control, Turbocharger Wastegate043-004-048Cylinder - Air043-004-116Kit - Air Control Valve, Turbocharger Wastegate043-004-050Hose - Air Pressure043-004-118Terminal - Electrical, Turbocharger043-004-051Rod - Control Assembly (Incl. Yoke & Pins)043-004-118Terminal - Electrical, Turbocharger043-004-052Chamber - Isolation043-004-119Seal - Coolant Pipe, Turbo Return043-004-053Return Spring - Control Lever043-004-121Seal - Coolant Pipe, Turbo Supply043-004-054Solenoid Valve - Air Pressure043-004-122Turbocompound043-004-055Kit - FielPump043-004-122Turbocompound043-004-056Regulator - Air Pressure, Turbocharger043-004-122Turbocompound043-004-057Switch - Fuel Pump043-004-125Heatshield - Turbocompound043-004-058Housing (Cartridge) Assembly - Bearing Drive043-004-125Meel - Turbine, Turbocompound043-004-059Repair Kit - Housing (Cartridge) Assembly043-004-126Gear - Turbine, Turbocompound043-004-050Hose - Oil Supply, Turbocharger043-004-128Drive Shaft - Turbocompound043-004-061Repair Kit - Tip, Turbocharger043-004-129O-Ring - Turbocompound043-004-062Washer - Mounting Stud, Turbocharger043-004-129O-Ring - Turbocompound043-004-063Grommet - Oil Line043-004-130Bolt - Housing, Turbocompound043-004-064Mounting Kit - Turbocharger043-00 | 043-004-046 | Mounting Bracket - Air Cylinder, Turbocharger | 043-004-114 | O-Ring - Oil Supply Tube, Turbocharger",VMRS_HB_COMPLETE_v20 page 8_pages_76-100.md
043-004-048,,043,004,"Cylinder - AirO43-004-116Kit - Air Control Valve, Turbocharger Wastegate043-004-050Hose - Air Pressure043-004-117Mounting Kit - Variable Geometry Actuator043-004-051Rod - Control Assembly (Incl. Yoke & Pins)043-004-119Gasket - Flexible Pipe, Wastegate043-004-052Chamber - Isolation043-004-112Seal - Coolant Pipe, Turbo Supply043-004-053Return Spring - Control Lever043-004-120Seal - Coolant Pipe, Turbo Supply043-004-055Cover - Rod, Air Cylinder043-004-121Seal - Coolant Pipe, Turbo Supply043-004-055Cover - Rod, Air Cylinder043-004-123Heatshield - Turbocompound043-004-056Regulator - Air Pressure, Turbocharger043-004-124Heatshield - Turbocompound043-004-057Switch - Fuel Pump043-004-123Heatshield - Turbocompound043-004-058Housing (Cartridge) Assembly - Bearing Drive043-004-126Gear - Turbine, Turbocompound043-004-059Repair Kit - Turb Cotrarger043-004-127Bearing - Turbocompound043-004-050Hose - Oil Supply, Turbocharger043-004-128Bearing - Turbocompound043-004-051Heatshield - Turbocompound043-004-127Drive Shaft - Turbocompound043-004-058Housing (Cartridge) Assembly - Bearing Drive043-004-126Gear - Turbine, Turbocompound043-004-059Heatshield - Turbocompound043-004-127Bearing - Turbocompound043-004-050Hose - Oil Supply, Turbocharger043-004-130Bolt - Housing, Turbocompound043-004-050 043-004-047Lever - Control, Turbocharger043-004-115Valve - Control, Turbocharger Wastegate | 043-004-047 | Lever - Control, Turbocharger | 043-004-115 | Valve - Control, Turbocharger Wastegate",VMRS_HB_COMPLETE_v20 page 8_pages_76-100.md
043-004-050,,043,004,"Hose - Air Pressure043-004-117Mounting Kit - Variable Geometry Actuator043-004-051Rod - Control Assembly (Incl. Yoke & Pins)043-004-118Terminal - Electrical, Turbocharger043-004-052Chamber - Isolation043-004-120Seal - Coolant Pipe, Turbo Supply043-004-053Return Spring - Control Lever043-004-121Seal - Coolant Pipe, Turbo Supply043-004-056Cover - Rod, Air Cylinder043-004-123Heatshield - Turbocompound Assembly043-004-056Regulator - Air Pressure, Turbocharger043-004-124Heatshield - Turbocompound043-004-057Switch - Fuel Pump043-004-125Wheel - Turbine, Turbocompound043-004-058Housing (Cartridge) Assembly - Bearing DriveShaft, Turbocharger043-004-127Bearing - Turbocompound043-004-059Repair Kit - Housing (Cartridge) Assembly043-004-127Bearing - Turbocompound043-004-061Repair Kit - Housing (Cartridge) Assembly043-004-128Drive Shaft - Turbocompound043-004-062Washer - Mounting Stud, Turbocharger043-004-130Bolt - Housing, Turbocompound043-004-063Grommet - Oil Line043-004-130Bolt - Housing, Turbocompound043-004-064Mounting Kit - Turbocharger043-004-130Bolt - Housing, Turbocompound043-004-065Connector / Adapter - Exhaust Inlet043-004-130Bolt - Housing, Turbocompound043-004-065Connector / Adapter - Exhaust Inlet043-004-135Solenoid Valve, Turbocompound043-004-070Air Filter - Oil Coalescing, Turbocharger Supply043-00 | 043-004-048 | Cylinder - Air | 043-004-116 | Kit - Air Control Valve, Turbocharger Wastegate",VMRS_HB_COMPLETE_v20 page 8_pages_76-100.md
043-004-051,,043,004,"Rod - Control Assembly (Incl. Yoke & Pins)043-004-118Terminal - Electrical, Turbocharger043-004-052Chamber - Isolation043-004-119Gasket - Flexible Pipe, Wastegate043-004-053Return Spring - Control Lever043-004-121Seal - Coolant Pipe, Turbo Return043-004-054Solenoid Valve - Air Pressure043-004-122Turbocompound Assembly043-004-055Cover - Rod, Air Cylinder043-004-123Heatshield - Turbocompound043-004-056Regulator - Air Pressure, Turbocharger043-004-124Heatshield - Turbocompound043-004-057Switch - Fuel Pump043-004-125Wheel - Turbine, Turbocompound043-004-058Housing (Cartridge) Assembly - Bearing DriveShaft, Turbocharger043-004-126Gear - Turbine, Turbocompound043-004-059Repair Kit - Housing (Cartridge) Assembly043-004-128Drive Shaft - Turbocompound043-004-060Hose - Oil Supply, Turbocharger043-004-128Drive Shaft - Turbocompound043-004-061Repair Kit - Turbocharger043-004-129Derive Shaft - Turbocompound043-004-063Grommet - Oil Line043-004-130Bolt - Housing, Turbocompound043-004-064Mounting Kit - Turbocharger043-004-131Mounting Bracket - Turbocompound043-004-065Conector / Adapter - Exhaust Inlet043-004-130Bolt - Housing, Turbocompound043-004-064Mounting Kit - Turbocharger Supply043-004-130Bolt - Housing - Compressed Air Valve,Turbocompound043-004-065Conector / Adapter - Exhaust Inlet043-004-130Bo | 043-004-050 | Hose - Air Pressure | 043-004-117 | Mounting Kit - Variable Geometry Actuator",VMRS_HB_COMPLETE_v20 page 8_pages_76-100.md
043-004-052,,043,004,"Chamber - Isolation043-004-119Gasket - Flexible Pipe, Wastegate043-004-053Return Spring - Control Lever043-004-120Seal - Coolant Pipe, Turbo Return043-004-055Cover - Rod, Air Cylinder043-004-123Heatshield - Turbocompound043-004-056Regulator - Air Pressure, Turbocharger043-004-123Heatshield - Exhaust Line, Turbocompound043-004-057Switch - Fuel Pump043-004-125Wheel - Turbine, Turbocompound043-004-058Housing (Cartridge) Assembly - Bearing Drive043-004-126Gear - Turbine, Turbocompound043-004-059Repair Kit - Housing (Cartridge) Assembly043-004-126Gear - Turbine, Turbocompound043-004-050Hose - Oil Supply, Turbocharger043-004-126Gear - Turbine, Turbocompound043-004-050Hose - Oil Supply, Turbocharger043-004-128Drive Shaft - Turbocompound043-004-060Hose - Oil Supply, Turbocharger043-004-129O-Ring - Turbocompound043-004-061Repair Kit - Tip, Turbine043-004-128Drive Shaft - Turbocompound043-004-062Washer - Mounting Stud, Turbocharger043-004-130Bolt - Housing, Turbocompound043-004-063Grommet - Oil Line043-004-130Bolt - Housing, Turbocompound043-004-064Mounting Kit - Turbocharger043-004-130Bolt - Housing, Turbocompound043-004-065Conrector / Adapter - Exhaust Inlet043-004-130Bolt - Housing, Turbocompound043-004-063Grommet - Oil Line043-004-130Bolt - Compressed Air Valve,Turbocompound043-0 | 043-004-051 | Rod - Control Assembly (Incl. Yoke & Pins) | 043-004-118 | Terminal - Electrical, Turbocharger",VMRS_HB_COMPLETE_v20 page 8_pages_76-100.md
043-004-053,,043,004,"Return Spring - Control Lever043-004-120Seal - Coolant Pipe, Turbo Supply043-004-054Solenoid Valve - Air Pressure043-004-121Seal - Coolant Pipe, Turbo Supply043-004-055Regulator - Air Pressure, Turbocharger043-004-122Heatshield - Turbocompound043-004-056Regulator - Air Pressure, Turbocharger043-004-123Heatshield - Exhaust Line, Turbocompound043-004-057Switch - Fuel Pump043-004-126Gear - Turbine, Turbocompound043-004-058Housing (Cartridge) Assembly - Bearing Drive043-004-126Gear - Turbine, Turbocompound043-004-059Repair Kit - Housing (Cartridge) Assembly043-004-127Bearing - Turbocompound043-004-060Hose - Oil Supply, Turbocharger043-004-128Drive Shaft. Turbocompound043-004-061Hese - Oil Supply, Turbocharger043-004-129O-Ring - Turbocompound043-004-062Washer - Mounting Stud, Turbocharger043-004-130Bolt - Housing, Turbocompound043-004-063Grommet - Oil Line043-004-130Bolt - Housing, Turbocompound043-004-064Mounting Kit - Turbocharger043-004-132Hardware, Mounting - Turbocompound043-004-065Conector / Adapter - Exhaust Inlet043-004-132Hardware, Mounting - Turbocompound043-004-065Grommet - Oil Line043-004-132Hardware, Mounting - Compressed Air Valve,043-004-066Core - Turbocharger043-004-135Solenoid Valve, Turbocompound043-004-067Air Filter - Oil Coalescing, Turbocharger Supply043-004-136Bolt - Solenoid Val | 043-004-052 | Chamber - Isolation | 043-004-119 | Gasket - Flexible Pipe, Wastegate",VMRS_HB_COMPLETE_v20 page 8_pages_76-100.md
043-004-054,,043,004,"Solenoid Valve - Air Pressure043-004-121Seal - Coolant Pipe, Turbo Supply043-004-055Cover - Rod, Air Cylinder043-004-122Turbocompound Assembly043-004-057Switch - Fuel Pump043-004-123Heatshield - Turbocompound043-004-057Switch - Fuel Pump043-004-125Wheel - Turbine, Turbocompound043-004-058Housing (Cartridge) Assembly - Bearing Drive043-004-126Gear - Turbine, Turbocompound043-004-058Housing (Cartridge) Assembly - Bearing Drive043-004-127Bearing - Turbocompound043-004-059Repair Kit - Housing (Cartridge) Assembly - Bearing Drive043-004-128Drive Shaft - Turbocompound043-004-059Repair Kit - Housing (Cartridge) Assembly - Bearing Drive043-004-128Drive Shaft - Turbocompound043-004-061Repair Kit - Tip, Turbine043-004-129O-Ring - Turbocompound043-004-062Washer - Mounting Stud, Turbocharger043-004-130Bolt - Housing, Turbocompound043-004-063Grommet - Oil Line043-004-131Mounting Bracket - Turbocompound043-004-064Mounting Kit - Turbocharger043-004-132Hardware, Mounting - Compressed Air Valve,043-004-065Cornector / Adapter - Exhaust Inlet043-004-133Bracket - Compressed Air Valve,043-004-070O-Ring - Oil Line043-004-136Bolt - Solenoid Valve, Turbocompound043-004-071Gasket - Turbocharger Turbine Speed043-004-137Line - Air, Compressed, Air Valve,043-004-072Sensor - Turbocharger Turbine Speed043-004-137Solenoid Valv | 043-004-053 | Return Spring - Control Lever | 043-004-120 | Seal - Coolant Pipe, Turbo Return",VMRS_HB_COMPLETE_v20 page 8_pages_76-100.md
043-004-055,,043,004,"Cover - Rod, Air Cylinder043-004-122Turbocompound Assembly043-004-056Regulator - Air Pressure, Turbocharger043-004-123Heatshield - Turbocompound043-004-057Switch - Fuel Pump043-004-124Heatshield - Exhaust Line, Turbocompound043-004-058Housing (Cartridge) Assembly - Bearing Drive043-004-125Wheel - Turbine, Turbocompound043-004-059Repair Kit - Housing (Cartridge) Assembly043-004-126Gear - Turbine, Turbocompound043-004-059Repair Kit - Housing (Cartridge) Assembly043-004-128Drive Shaft - Turbocompound043-004-061Repair Kit - Tip, Turbine043-004-129O-Ring - Turbocompound043-004-062Washer - Mounting Stud, Turbocharger043-004-130Bolt - Housing, Turbocompound043-004-063Grommet - Oil Line043-004-132Hardware, Mounting Turbocompound043-004-064Mounting Kit - Turbocharger043-004-132Hardware, Mounting - Turbocompound043-004-065Connector / Adapter - Exhaust Inlet043-004-133Bracket - Compressed Air Valve,Turbocompound043-004-066Core - Turbocharger Temperature043-004-135Solenoid Valve, Turbocompound043-004-070O-Ring - Oil Line043-004-135Solenoid Valve, Turbocompound043-004-071Gasket - Turbocharger Turbine Speed043-004-135Solenoid Valve, Turbocompound043-004-073Wastegate - Turbocharger043-004-136Bolt - Solenoid Valve, Turbocompound043-004-074Actuator - Turbocharger043-004-137Line - Air, Compressed Air Valve, 043-004-054Solenoid Valve - Air Pressure043-004-121Seal - Coolant Pipe, Turbo Supply | 043-004-054 | Solenoid Valve - Air Pressure | 043-004-121 | Seal - Coolant Pipe, Turbo Supply",VMRS_HB_COMPLETE_v20 page 8_pages_76-100.md
043-004-056,,043,004,"Regulator - Air Pressure, Turbocharger043-004-123Heatshield - Turbocompound043-004-057Switch - Fuel Pump043-004-124Heatshield - Exhaust Line, Turbocompound043-004-058Housing (Cartridge) Assembly - Bearing Drive043-004-126Gear - Turbine, Turbocompound043-004-059Repair Kit - Housing (Cartridge) Assembly043-004-127Bearing - Turbocompound043-004-059Repair Kit - Tip, Turbocharger043-004-128Drive Shaft - Turbocompound043-004-060Hose - Oil Supply, Turbocharger043-004-128Drive Shaft - Turbocompound043-004-061Repair Kit - Tip, Turbine043-004-129O-Ring - Turbocompound043-004-062Washer - Mounting Stud, Turbocharger043-004-130Bolt - Housing, Turbocompound043-004-063Grommet - Oil Line043-004-131Mounting Bracket - Turbocompound043-004-064Mounting Kit - Turbocharger043-004-133Bracket - Compressed Air Valve,Turbocompound043-004-065Cornector / Adapter - Exhaust Inlet043-004-133Bracket - Compressed Air Valve,Turbocompound043-004-066Core - Turbocharger Turbocharger Supply043-004-135Solenoid Valve, Turbocompound043-004-070O-Ring - Oil Line043-004-135Solenoid Valve, Turbocompound043-004-071Gasket - Turbocharger Turbine Speed043-004-136Bolt - Solenoid Valve, Turbocompound043-004-073Wastegate - Turbocharger Turbine Speed043-004-137Line - Air, Compressed Air Line, Turbocompound043-004-074Actuator - Turbocharger043-004- | 043-004-055 | Cover - Rod, Air Cylinder | 043-004-122 | Turbocompound Assembly",VMRS_HB_COMPLETE_v20 page 8_pages_76-100.md
043-004-057,,043,004,"Switch - Fuel Pump043-004-124Heatshield - Exhaust Line, Turbocompound043-004-058Housing (Cartridge) Assembly - Bearing DriveShaft, Turbocharger043-004-125Wheel - Turbine, Turbocompound043-004-059Repair Kit - Housing (Cartridge) Assembly043-004-126Gear - Turbine, Turbocompound043-004-059Repair Kit - Tip, Turbocharger043-004-127Bearing - Turbocompound043-004-061Hose - Oil Supply, Turbocharger043-004-128Drive Shaft - Turbocompound043-004-062Washer - Mounting Stud, Turbocharger043-004-129O-Ring - Turbocompound043-004-063Grommet - Oil Line043-004-130Bolt - Housing, Turbocompound043-004-064Mounting Kit - Turbocharger043-004-132Hardware, Mounting - Turbocompound043-004-065Connector / Adapter - Exhaust Inlet043-004-132Bracket - Compressed Air Valve,Turbocompound043-004-066Core - Turbocharger043-004-134Hardware, Mounting - Compressed Air Valve,Turbocompound043-004-067Air Filter - Oil Coalescing, Turbocharger Supply043-004-135Solenoid Valve - Turbocompound043-004-070O-Ring - Oil Line043-004-135Solenoid Valve, Turbocompound043-004-071Gasket - Turbocharger Temperature043-004-136Bolt - Solenoid Valve, Turbocompound043-004-072Sensor - Turbocharger Turbine Speed043-004-136Bolt - Solenoid Valve, Turbocompound043-004-073Wastegate - Turbocharger043-004-136Bolt - Solenoid Valve, Turbocompound043-004-073Wastegate - Tur | 043-004-056 | Regulator - Air Pressure, Turbocharger | 043-004-123 | Heatshield - Turbocompound",VMRS_HB_COMPLETE_v20 page 8_pages_76-100.md
043-004-058,,043,004,"Housing (Cartridge) Assembly - Bearing DriveShaft, Turbocharger043-004-125043-004-126Wheel - Turbine, TurbocompoundGear - Turbine, Turbocompound043-004-059Repair Kit - Housing (Cartridge) Assembly043-004-127043-004-128Bearing - Turbocompound043-004-060Hose - Oil Supply, Turbocharger043-004-129043-004-129Drive Shaft - Turbocompound043-004-061Repair Kit - Tip, Turbine043-004-129043-004-129O-Ring - Turbocompound043-004-062Washer - Mounting Stud, Turbocharger043-004-130043-004-130Bolt - Housing, Turbocompound043-004-063Grommet - Oil Line043-004-132043-004-131Mounting Bracket - Turbocompound043-004-064Mounting Kit - Turbocharger043-004-132043-004-132Hardware, Mounting - Turbocompound043-004-065Connector / Adapter - Exhaust Inlet043-004-133043-004-133Bracket - Compressed Air Valve,Turbocompound043-004-066Core - Turbocharger043-004-136043-004-136Bolt - Housing - Compressed Air Valve,Turbocompound043-004-070O-Ring - Oil Line043-004-136043-004-136Bolt - Solenoid Valve - Turbocompound043-004-071Gasket - Turbocharger Temperature043-004-136043-004-136Bolt - Solenoid Valve, Turbocompound043-004-072Sensor - Turbocharger Turbine Speed043-004-137 | 043-004-057 | Switch - Fuel Pump | 043-004-124 | Heatshield - Exhaust Line, Turbocompound",VMRS_HB_COMPLETE_v20 page 8_pages_76-100.md
043-004-126,,043,004,"Shaft, TurbochargerGear - Turbine, Turbocompound043-004-059Repair Kit - Housing (Cartridge) Assembly043-004-127Bearing - Turbocompound043-004-060Hose - Oil Supply, Turbocharger043-004-128Drive Shaft - Turbocompound043-004-061Repair Kit - Tip, Turbine043-004-128Drive Shaft - Turbocompound043-004-062Washer - Mounting Stud, Turbocharger043-004-130Bolt - Housing, Turbocompound043-004-063Grommet - Oil Line043-004-131Mounting Bracket - Turbocompound043-004-064Mounting Kit - Turbocharger043-004-132Hardware, Mounting - Turbocompound043-004-065Connector / Adapter - Exhaust Inlet043-004-133Bracket - Compressed Air Valve,Turbocompound043-004-066Core - Turbocharger043-004-134Hardware, Mounting - Compressed Air Valve,Turbocompound043-004-066Core - Turbocharger Temperature043-004-135Solenoid Valve - Turbocompound043-004-070O-Ring - Oil Line043-004-136Bolt - Solenoid Valve, Turbocompound043-004-071Gasket - Turbocharger Temperature043-004-135Solenoid Valve - Turbocompound043-004-072Sensor - Turbocharger Turbine Speed043-004-137Line - Air, Compressed, Air Valve,Turbocompound043-004-073Wastegate - Turbocharger043-004-138Bolt - Solenoid Valve, Turbocompound043-004-074Actuator - Turbocharger043-004-138Bolt, Compressed Air Line,Turbocompound043-004-075Tube, Bypass - Turbocharger043-004-139Banjo Bolt - Comp | 043-004-058 | Housing (Cartridge) Assembly - Bearing Drive | 043-004-125 | Wheel - Turbine, Turbocompound",VMRS_HB_COMPLETE_v20 page 8_pages_76-100.md
043-004-059,,043,004,"Repair Kit - Housing (Cartridge) Assembly043-004-127Bearing - Turbocompound043-004-060Hose - Oil Supply, Turbocharger043-004-128Drive Shaft - Turbocompound043-004-061Repair Kit - Tip, Turbine043-004-129O-Ring - Turbocompound043-004-062Washer - Mounting Stud, Turbocharger043-004-130Bolt - Housing, Turbocompound043-004-063Grommet - Oil Line043-004-132Hardware, Mounting - Turbocompound043-004-064Mounting Kit - Turbocharger043-004-132Hardware, Mounting - Turbocompound043-004-065Connector / Adapter - Exhaust Inlet043-004-133Bracket - Compressed Air Valve,Turbocompound043-004-066Core - Turbocharger043-004-133Bracket - Compressed Air Valve,Turbocompound043-004-067Air Filter - Oil Coalescing, Turbocharger Supply043-004-135Solenoid Valve - Turbocompound043-004-070O-Ring - Oil Line043-004-136Bolt - Solenoid Valve, Turbocompound043-004-071Gasket - Turbocharger Oil Drain Tube043-004-136Bolt - Solenoid Valve, Turbocompound043-004-072Sensor - Turbocharger Oil Drain Tube043-004-137Line - Air, Compressed, Turbocompound043-004-073Wastegate - Turbocharger043-004-138Bolt - Solenoid Valve, Turbocompound043-004-074Actuator - Turbocharger Wastegate043-004-138Bolt - Solenoid Valve, Turbocompound043-004-075Tube, Bypass - Turbocharger043-004-138Banjo Bolt - Compressed Air Line,Turbocompound043-004-076Hardware, Mounting - Co | | Shaft, Turbocharger | 043-004-126 | Gear - Turbine, Turbocompound",VMRS_HB_COMPLETE_v20 page 8_pages_76-100.md
043-004-060,,043,004,"Hose - Oil Supply, Turbocharger043-004-128Drive Shaft - Turbocompound043-004-061Repair Kit - Tip, Turbine043-004-129O-Ring - Turbocompound043-004-062Washer - Mounting Stud, Turbocharger043-004-130Bolt - Housing, Turbocompound043-004-063Grommet - Oil Line043-004-131Mounting Bracket - Turbocompound043-004-064Mounting Kit - Turbocharger043-004-132Hardware, Mounting - Turbocompound043-004-065Connector / Adapter - Exhaust Inlet043-004-133Bracket - Compressed Air Valve,Turbocompound043-004-066Core - Turbocharger043-004-133Bracket - Compressed Air Valve,Turbocompound043-004-067Air Filter - Oil Coalescing, Turbocharger Supply043-004-135Solenoid Valve - Turbocompound043-004-070O-Ring - Oil Line043-004-136Bolt - Solenoid Valve, Turbocompound043-004-071Gasket - Turbocharger Temperature043-004-136Bolt - Solenoid Valve, Turbocompound043-004-072Sensor - Turbocharger Oil Drain Tube043-004-136Bolt - Solenoid Valve, Turbocompound043-004-073Wastegate - Turbocharger043-004-137Line - Air, Compressed, Turbocompound043-004-074Actuator - Turbocharger043-004-138Bealing Ring - Banjo Bolt, Compressed Air Line,Turbocompound043-004-075Tube, Bypass - Turbocharger043-004-139Banjo Bolt - Compressed Air Line,Turbocompound043-004-076Hardware, Mounting - Compressor, Turbocharger043-004-139Banjo Bolt - Compressed Air Line,Turbocompound | 043-004-059 | Repair Kit - Housing (Cartridge) Assembly | 043-004-127 | Bearing - Turbocompound",VMRS_HB_COMPLETE_v20 page 8_pages_76-100.md
043-004-061,,043,004,"Repair Kit - Tip, Turbine043-004-129O-Ring - Turbocompound043-004-062Washer - Mounting Stud, Turbocharger043-004-130Bolt - Housing, Turbocompound043-004-063Grommet - Oil Line043-004-131Mounting Bracket - Turbocompound043-004-064Mounting Kit - Turbocharger043-004-132Hardware, Mounting - Turbocompound043-004-065Connector / Adapter - Exhaust Inlet043-004-133Bracket - Compressed Air Valve,Turbocompound043-004-066Core - Turbocharger043-004-133Bracket - Compressed Air Valve,Turbocompound043-004-067Air Filter - Oil Coalescing, Turbocharger Supply043-004-135Solenoid Valve - Turbocompound043-004-070O-Ring - Oil Line043-004-135Solenoid Valve, Turbocompound043-004-071Gasket - Turbocharger Oil Drain Tube043-004-136Bolt - Solenoid Valve, Turbocompound043-004-072Sensor - Turbocharger Turbine Speed043-004-137Line - Air, Compressed, Turbocompound043-004-073Wastegate - Turbocharger Wastegate043-004-138Sealing Ring - Banjo Bolt, Compressed Air Line,Turbocompound043-004-075Tube, Bypass - Turbocharger043-004-139Banjo Bolt - Compressed Air Line,Turbocompound043-004-076Hardware, Mounting - Compressor, Turbocharger043-004-139Banjo Bolt - Compressed Air Line,Turbocompound | 043-004-060 | Hose - Oil Supply, Turbocharger | 043-004-128 | Drive Shaft - Turbocompound",VMRS_HB_COMPLETE_v20 page 8_pages_76-100.md
043-004-062,,043,004,"Washer - Mounting Stud, Turbocharger043-004-130Bolt - Housing, Turbocompound043-004-063Grommet - Oil Line043-004-131Mounting Bracket - Turbocompound043-004-064Mounting Kit - Turbocharger043-004-132Hardware, Mounting - Turbocompound043-004-065Connector / Adapter - Exhaust Inlet043-004-133Bracket - Compressed Air Valve,043-004-066Core - Turbocharger043-004-134Hardware, Mounting - Compressed Air Valve,043-004-067Air Filter - Oil Coalescing, Turbocharger Supply043-004-135Solenoid Valve - Turbocompound043-004-070O-Ring - Oil Line043-004-135Solenoid Valve - Turbocompound043-004-071Gasket - Turbocharger Oil Drain Tube043-004-136Bolt - Solenoid Valve, Turbocompound043-004-072Sensor - Turbocharger Turbine Speed043-004-137Line - Air, Compressed Air Valve,Turbocompound043-004-073Wastegate - Turbocharger043-004-138Sealing Ring - Banjo Bolt, Compressed Air Line,Turbocompound043-004-075Tube, Bypass - Turbocharger043-004-139Banjo Bolt - Compressed Air Line,Turbocompound | 043-004-061 | Repair Kit - Tip, Turbine | 043-004-129 | O-Ring - Turbocompound",VMRS_HB_COMPLETE_v20 page 8_pages_76-100.md
043-004-063,,043,004,"Grommet - Oil Line043-004-131Mounting Bracket - Turbocompound043-004-064Mounting Kit - Turbocharger043-004-132Hardware, Mounting - Turbocompound043-004-065Connector / Adapter - Exhaust Inlet043-004-133Bracket - Compressed Air Valve,Turbocompound043-004-066Core - Turbocharger043-004-134Hardware, Mounting - Compressed Air Valve,Turbocompound043-004-067Air Filter - Oil Coalescing, Turbocharger Temperature043-004-135Solenoid Valve - Turbocompound043-004-070O-Ring - Oil Line043-004-135Solenoid Valve - Turbocompound043-004-071Gasket - Turbocharger Tirbine Speed043-004-136Bolt - Solenoid Valve, Turbocompound043-004-073Wastegate - Turbocharger043-004-138Sealing Ring - Banjo Bolt, Compressed Air Line,Turbocompound043-004-074Actuator - Turbocharger043-004-139Banjo Bolt - Compressed Air Line,Turbocompound043-004-075Tube, Bypass - Turbocharger043-004-139Banjo Bolt - Compressed Air Line,Turbocompound | 043-004-062 | Washer - Mounting Stud, Turbocharger | 043-004-130 | Bolt - Housing, Turbocompound",VMRS_HB_COMPLETE_v20 page 8_pages_76-100.md
043-004-064,,043,004,"Mounting Kit - Turbocharger043-004-132Hardware, Mounting - Turbocompound043-004-065Connector / Adapter - Exhaust Inlet043-004-133Bracket - Compressed Air Valve,Turbocompound043-004-066Core - Turbocharger043-004-133Bracket - Compressed Air Valve,Turbocompound043-004-067Air Filter - Oil Coalescing, Turbocharger Supply043-004-134Hardware, Mounting - Compressed Air Valve,Turbocompound043-004-070O-Ring - Oil Line043-004-135Solenoid Valve - Turbocompound043-004-071Gasket - Turbocharger Oil Drain Tube043-004-136Bolt - Solenoid Valve, Turbocompound043-004-072Sensor - Turbocharger Turbine Speed043-004-137Line - Air, Compressed Air Ualve,Turbocompound043-004-073Wastegate - Turbocharger043-004-138Sealing Ring - Banjo Bolt, Compressed Air Line,Turbocompound043-004-075Tube, Bypass - Turbocharger043-004-139Banjo Bolt - Compressed Air Line,Turbocompound043-004-076Hardware, Mounting - Compressor, Turbocharger043-004-139Banjo Bolt - Compressed Air Line,Turbocompound | 043-004-063 | Grommet - Oil Line | 043-004-131 | Mounting Bracket - Turbocompound",VMRS_HB_COMPLETE_v20 page 8_pages_76-100.md
043-004-065,,043,004,"Connector / Adapter - Exhaust Inlet043-004-133Bracket - Compressed Air Valve,Turbocompound043-004-066Core - Turbocharger043-004-134Hardware, Mounting - Compressed Air Valve,Turbocompound043-004-068Sensor - Turbocharger Temperature043-004-135Solenoid Valve - Turbocompound043-004-070O-Ring - Oil Line043-004-135Solenoid Valve - Turbocompound043-004-071Gasket - Turbocharger Oil Drain Tube043-004-136Bolt - Solenoid Valve, Turbocompound043-004-072Sensor - Turbocharger Turbine Speed043-004-137Line - Air, Compressed, Turbocompound043-004-073Wastegate - Turbocharger043-004-138Sealing Ring - Banjo Bolt, Compressed Air Line,Turbocompound043-004-075Tube, Bypass - Turbocharger043-004-139Banjo Bolt - Compressed Air Line,Turbocompound043-004-076Hardware, Mounting - Compressor, Turbocharger043-004-139Banjo Bolt - Compressed Air Line,Turbocompound | 043-004-064 | Mounting Kit - Turbocharger | 043-004-132 | Hardware, Mounting - Turbocompound",VMRS_HB_COMPLETE_v20 page 8_pages_76-100.md
043-004-066,,043,004,"Core - TurbochargerTurbocharger Supply043-004-134Turbocompound043-004-067Air Filter - Oil Coalescing, Turbocharger Temperature043-004-134Hardware, Mounting - Compressed Air Valve,Turbocompound043-004-070O-Ring - Oil Line043-004-135Solenoid Valve - Turbocompound043-004-071Gasket - Turbocharger Oil Drain Tube043-004-136Bolt - Solenoid Valve, Turbocompound043-004-072Sensor - Turbocharger Turbine Speed043-004-137Line - Air, Compressed, Turbocompound043-004-073Wastegate - Turbocharger043-004-138Sealing Ring - Banjo Bolt, Compressed Air Line,Turbocompound043-004-074Actuator - Turbocharger043-004-139Banjo Bolt - Compressed Air Line,Turbocompound043-004-075Tube, Bypass - Turbocharger043-004-139Banjo Bolt - Compressed Air Line,Turbocompound043-004-076Hardware, Mounting - Compressor, Turbocharger043-004-139Banjo Bolt - Compressed Air Line,Turbocompound | 043-004-065 | Connector / Adapter - Exhaust Inlet | 043-004-133 | Bracket - Compressed Air Valve,",VMRS_HB_COMPLETE_v20 page 8_pages_76-100.md
043-004-067,,043,004,"Air Filter - Oil Coalescing, Turbocharger Temperature043-004-134Hardware, Mounting - Compressed Air Valve,Turbocompound043-004-068Sensor - Turbocharger Temperature043-004-135Solenoid Valve - Turbocompound043-004-070O-Ring - Oil Line043-004-136Bolt - Solenoid Valve, Turbocompound043-004-072Sensor - Turbocharger Oil Drain Tube043-004-136Bolt - Solenoid Valve, Turbocompound043-004-073Wastegate - Turbocharger Turbine Speed043-004-137Line - Air, Compressed, Turbocompound043-004-073Wastegate - Turbocharger043-004-138Sealing Ring - Banjo Bolt, Compressed Air Line,Turbocompound043-004-074Actuator - Turbocharger043-004-139Banjo Bolt - Compressed Air Line,Turbocompound043-004-075Tube, Bypass - Turbocharger043-004-139Banjo Bolt - Compressed Air Line,Turbocompound043-004-076Hardware, Mounting - Compressor, Turbocharger043-004-139Banjo Bolt - Compressed Air Line,Turbocompound | 043-004-066 | Core - Turbocharger | | Turbocompound",VMRS_HB_COMPLETE_v20 page 8_pages_76-100.md
043-004-068,,043,004,"Sensor - Turbocharger TemperatureTurbocompound043-004-070O-Ring - Oil Line043-004-135Solenoid Valve - Turbocompound043-004-071Gasket - Turbocharger Oil Drain Tube043-004-136Bolt - Solenoid Valve, Turbocompound043-004-072Sensor - Turbocharger Turbine Speed043-004-137Line - Air, Compressed, Turbocompound043-004-073Wastegate - Turbocharger043-004-138Sealing Ring - Banjo Bolt, Compressed Air Line,Turbocompound043-004-074Actuator - Turbocharger043-004-138Sealing Ring - Banjo Bolt, Compressed Air Line,Turbocompound043-004-075Tube, Bypass - Turbocharger043-004-139Banjo Bolt - Compressed Air Line,Turbocompound043-004-076Hardware, Mounting - Compressor, TurbochargerTurbocompoundTurbocompound | 043-004-067 | Air Filter - Oil Coalescing, Turbocharger Supply | 043-004-134 | Hardware, Mounting - Compressed Air Valve,",VMRS_HB_COMPLETE_v20 page 8_pages_76-100.md
043-004-070,,043,004,"O-Ring - Oil Line043-004-135Solenoid Valve - Turbocompound043-004-071Gasket - Turbocharger Oil Drain Tube043-004-136Bolt - Solenoid Valve, Turbocompound043-004-072Sensor - Turbocharger Turbine Speed043-004-137Line - Air, Compressed, Turbocompound043-004-073Wastegate - Turbocharger043-004-138Sealing Ring - Banjo Bolt, Compressed Air Line,Turbocompound043-004-074Actuator - Turbocharger043-004-138Sealing Ring - Banjo Bolt, Compressed Air Line,Turbocompound043-004-075Tube, Bypass - Turbocharger043-004-139Banjo Bolt - Compressed Air Line,Turbocompound043-004-076Hardware, Mounting - Compressor, Turbocharger043-004-138Banjo Bolt - Compressed Air Line,Turbocompound | 043-004-068 | Sensor - Turbocharger Temperature | | Turbocompound",VMRS_HB_COMPLETE_v20 page 8_pages_76-100.md
043-004-071,,043,004,"Gasket - Turbocharger Oil Drain Tube043-004-136Bolt - Solenoid Valve, Turbocompound043-004-072Sensor - Turbocharger Turbine Speed043-004-137Line - Air, Compressed, Turbocompound043-004-073Wastegate - Turbocharger043-004-138Sealing Ring - Banjo Bolt, Compressed Air Line,Turbocompound043-004-074Actuator - Turbocharger Wastegate043-004-138Sealing Ring - Banjo Bolt, Compressed Air Line,Turbocompound043-004-075Tube, Bypass - Turbocharger043-004-139Banjo Bolt - Compressed Air Line,Turbocompound043-004-076Hardware, Mounting - Compressor, Turbocharger043-004-138Banjo Bolt - Compressed Air Line,Turbocompound | 043-004-070 | O-Ring - Oil Line | 043-004-135 | Solenoid Valve - Turbocompound",VMRS_HB_COMPLETE_v20 page 8_pages_76-100.md
043-004-072,,043,004,"Sensor - Turbocharger Turbine Speed043-004-137Line - Air, Compressed, Turbocompound043-004-073Wastegate - Turbocharger043-004-138Sealing Ring - Banjo Bolt, Compressed Air Line,Turbocompound043-004-074Actuator - Turbocharger Wastegate043-004-138Sealing Ring - Banjo Bolt, Compressed Air Line,Turbocompound043-004-075Tube, Bypass - Turbocharger043-004-139Banjo Bolt - Compressed Air Line,Turbocompound043-004-076Hardware, Mounting - Compressor, Turbocharger043-004-139Banjo Bolt - Compressed Air Line,Turbocompound | 043-004-071 | Gasket - Turbocharger Oil Drain Tube | 043-004-136 | Bolt - Solenoid Valve, Turbocompound",VMRS_HB_COMPLETE_v20 page 8_pages_76-100.md
043-004-073,,043,004,"Wastegate - Turbocharger043-004-138Sealing Ring - Banjo Bolt, Compressed Air Line,Turbocompound043-004-075Actuator - Turbocharger Wastegate043-004-138Sealing Ring - Banjo Bolt, Compressed Air Line,Turbocompound043-004-075Tube, Bypass - Turbocharger043-004-139Banjo Bolt - Compressed Air Line,Turbocompound043-004-076Hardware, Mounting - Compressor, Turbocharger043-004-139Banjo Bolt - Compressed Air Line,Turbocompound | 043-004-072 | Sensor - Turbocharger Turbine Speed | 043-004-137 | Line - Air, Compressed, Turbocompound",VMRS_HB_COMPLETE_v20 page 8_pages_76-100.md
043-004-074,,043,004,"Actuator - Turbocharger WastegateTurbocompound043-004-075Tube, Bypass - Turbocharger043-004-139Banjo Bolt - Compressed Air Line,043-004-076Hardware, Mounting - Compressor, TurbochargerTurbocompoundTurbocompound | 043-004-073 | Wastegate - Turbocharger | 043-004-138 | Sealing Ring - Banjo Bolt, Compressed Air Line.",VMRS_HB_COMPLETE_v20 page 8_pages_76-100.md
043-004-075,,043,004,"Tube, Bypass - Turbocharger043-004-139Banjo Bolt - Compressed Air Line,Turbocharger043-004-076Hardware, Mounting - Compressor, Turbocharger043-004-139Turbocompound | 043-004-074 | Actuator - Turbocharger Wastegate | | Turbocompound",VMRS_HB_COMPLETE_v20 page 8_pages_76-100.md
043-004-076,,043,004,"Hardware, Mounting - Compressor, Turbocharger Turbocompound | 043-004-075 | Tube, Bypass - Turbocharger | 043-004-139 | Banjo Bolt - Compressed Air Line,",VMRS_HB_COMPLETE_v20 page 8_pages_76-100.md
043-004-140,,043,004,"Clamp - Compressed Air Line, Turbocompound | 043-005-012 | Housing Assembly - Exhaust Brake",VMRS_HB_COMPLETE_v20 page 8_pages_76-100.md
043-004-141,,043,004,Transmission - Turbocompound | 043-005-013 | Screw - Oil Supply (Housing Attaching Parts),VMRS_HB_COMPLETE_v20 page 8_pages_76-100.md
043-004-142,,043,004,"Clutch - Transmission, Turbocompound | 043-005-014 | Spring - Control Valve, Outer",VMRS_HB_COMPLETE_v20 page 8_pages_76-100.md
043-004-143,,043,004,"Bearing - Transmission Shaft, Turbocompound | 043-005-015 | Spring - Control Valve, Inner, Exhaust Brake",VMRS_HB_COMPLETE_v20 page 8_pages_76-100.md
043-004-144,,043,004,"Shaft - Transmission Shaft, Turbocompound | 043-005-016 | Control Valve - Exhaust Brake",VMRS_HB_COMPLETE_v20 page 8_pages_76-100.md
043-004-145,,043,004,"Bolt - Transmission, Turbocompound | 043-005-017 | Lash Assembly",VMRS_HB_COMPLETE_v20 page 8_pages_76-100.md
043-004-146,,043,004,Exhaust Line - Turbocompound | 043-005-018 | Hex Nut - Lash Assembly,VMRS_HB_COMPLETE_v20 page 8_pages_76-100.md
043-004-147,,043,004,"Sealing Ring - Exhaust Line, Turbocompound | 043-005-019 | Terminal Assembly - Solenoid",VMRS_HB_COMPLETE_v20 page 8_pages_76-100.md
043-004-148,,043,004,"Sealing Ring - Banjo Bolt, Turbocompound | 043-005-020 | Piston - Slave, Exhaust Brake",VMRS_HB_COMPLETE_v20 page 8_pages_76-100.md
043-004-149,,043,004,"Banjo Bolt - Solenoid Valve, Turbocompound | 043-005-021 | Spring - Piston, Slave",VMRS_HB_COMPLETE_v20 page 8_pages_76-100.md
043-004-150,,043,004,"Sealing Ring - Turbocharger Exhaust Line | 043-005-022 | Piston - Master, Exhaust Brake",VMRS_HB_COMPLETE_v20 page 8_pages_76-100.md
043-004-151,,043,004,"Pipe Section - Turbocharger Exhaust Line | 043-005-023 | Spring - Piston, Master",VMRS_HB_COMPLETE_v20 page 8_pages_76-100.md
043-004-152,,043,004,"Bolt - Pipe Section at Exhaust Line,Turbocompound | 043-005-024 | Screw - Oil Supply & Crosshead (RockerHousing)",VMRS_HB_COMPLETE_v20 page 8_pages_76-100.md
043-004-153,,043,004,Clamp - Pipe Section to Turbocompound | 043-005-025 | Seal - Oil Supply & Crosshead (Rocker Housing),VMRS_HB_COMPLETE_v20 page 8_pages_76-100.md
043-004-154,,043,004,"Clamp - Exhaust Line to Turbocharger | 043-005-026 | Control Group Assembly - Engine, Exhaust",VMRS_HB_COMPLETE_v20 page 8_pages_76-100.md
043-004-155,,043,004,Clamp - Exhaust Line - Turbocompound | | Brake,VMRS_HB_COMPLETE_v20 page 8_pages_76-100.md
043-004-156,,043,004,"Flange Manifold, Exhaust Pipe - Turbocompound | 043-005-027 | Diode - Switch, Engine Control Group",VMRS_HB_COMPLETE_v20 page 8_pages_76-100.md
043-004-157,,043,004,"Clamp - Exhaust Line, Turbocompound | 043-005-028 | Control Group Assembly - Cab, Exhaust Brake",VMRS_HB_COMPLETE_v20 page 8_pages_76-100.md
043-004-158,,043,004,"Fitting - Air, Turbocompound | 043-005-029 | Switch - Clutch, Exhaust Brake",VMRS_HB_COMPLETE_v20 page 8_pages_76-100.md
043-004-159,,043,004,"Line - Oil Pressure, Transmission, | 043-005-030 | Switch - Micro, Exhaust Brake",VMRS_HB_COMPLETE_v20 page 8_pages_76-100.md
043-005-031,,043,005,~ . ~ ~ ~ . ~ ~ ~ ~ ~ ~ ~ ~ ~ ~ ~ ~ ~ ~ | Turbocompound | | Adapter - Pipe,VMRS_HB_COMPLETE_v20 page 8_pages_76-100.md
043-004-160,,043,004,"Sensor - Pressure, Pre-Turbo | 043-005-032 | Bracket - Engine Exhaust Brake",VMRS_HB_COMPLETE_v20 page 8_pages_76-100.md
043-004-161,,043,004,"Switch - Pressure Safety, Turbocharger Boost | 043-005-033 | Mounting Bracket - Solenoid, Engine Brake",VMRS_HB_COMPLETE_v20 page 8_pages_76-100.md
043-004-162,,043,004,"Filter - Pressure Solenoid, Turbocharger Boost | 043-005-034 | Mounting Bracket - Switch, Exhaust Brake",VMRS_HB_COMPLETE_v20 page 8_pages_76-100.md
043-004-163,,043,004,Adapter - Turbocharger | 043-005-035 | Mounting Bracket - Exhaust Clutch Switch,VMRS_HB_COMPLETE_v20 page 8_pages_76-100.md
043-004-164,,043,004,"Clamp - Air Intake Tube, Turbocharger | 043-005-037 | Wiring Harness - Engine Brake",VMRS_HB_COMPLETE_v20 page 8_pages_76-100.md
043-004-165,,043,004,"Adapter - Oil Line, Turbocharger | 043-005-038 | Wiring Harness - Modulator Lock-Up",VMRS_HB_COMPLETE_v20 page 8_pages_76-100.md
043-004-166,,043,004,"Clamp - Oil Line, Turbocharger | 043-005-039 | Wiring Harness - Throttle",VMRS_HB_COMPLETE_v20 page 8_pages_76-100.md
043-004-167,,043,004,"Ring - Retainer, Turbocharger | 043-005-040 | Label - Operating Instructions, Exhaust Brake",VMRS_HB_COMPLETE_v20 page 8_pages_76-100.md
043-004-168,,043,004,"Sensor - Vane Position, Turbocharger | 043-005-041 | Lever - Engine Brake",VMRS_HB_COMPLETE_v20 page 8_pages_76-100.md
043-004-169,,043,004,"Gasket - Wastegate Actuator, Turbocharger | 043-005-042 | Mount - Gauge",VMRS_HB_COMPLETE_v20 page 8_pages_76-100.md
043-004-170,,043,004,"Adapter - Coolant Line, Turbocharger | 043-005-043 | Plate - Escutcheon",VMRS_HB_COMPLETE_v20 page 8_pages_76-100.md
043-004-171,,043,004,"Clamp - Coolant Line, Turbocharger | 043-005-044 | Plate - Legend",VMRS_HB_COMPLETE_v20 page 8_pages_76-100.md
043-004-172,,043,004,"Gaskel - Coolant Line, Turbocharger | 043-005-045 | Switch - BullerSwitch - Time Deley, Exhaust Breke",VMRS_HB_COMPLETE_v20 page 8_pages_76-100.md
043-004-173,,043,004,"O-Ring - Oli Drain Tube, Turbocharger | 043-005-040 | Switch - Time Delay, Exhaust Brake",VMRS_HB_COMPLETE_v20 page 8_pages_76-100.md
043-004-174,,043,004,"Actuator - VGT Varie, Turbocharger | 043-005-047 | Regulator Valve - Plessure",VMRS_HB_COMPLETE_v20 page 8_pages_76-100.md
043-004-175,,043,004,Dino Oil Doturn Turboohorgor | 043-005-046 | Procket Exhaust Broke Air Cylinder,VMRS_HB_COMPLETE_v20 page 8_pages_76-100.md
043-004-177,,043,004,"Fitting - Banio, Compressed Air Line | 043-005-052 | Spring - Exhaust Brake",VMRS_HB_COMPLETE_v20 page 8_pages_76-100.md
043-004-179,,043,004,Support - Turbocharger | 043-005-054 | Fitting - Exhaust Brake,VMRS_HB_COMPLETE_v20 page 8_pages_76-100.md
043-004-180,,043,004,Cooler - Actuator Turbocharger | 043-005-054,VMRS_HB_COMPLETE_v20 page 8_pages_76-100.md
043-004-187,,043,004,Mounting Bracket - Turbocharger | 043-005-055 | Muffler - Cylinder Exhaust Brake,VMRS_HB_COMPLETE_v20 page 8_pages_76-100.md
043-004-102,,043,004,Wastegate - Turbocompound Assembly | 043-005-057 | Socket - Joint Exhaust Brake,VMRS_HB_COMPLETE_v20 page 8_pages_76-100.md
043-004-104,,043,004,Bonair Kit - Actuator Turbocharger Wastegate | 043-005-050 | Din - Clevis Exhaust Brake,VMRS_HB_COMPLETE_v20 page 8_pages_76-100.md
043-004-186,,043,004,Can - Shinning Protection | 043-005-055 | Solenoid - Exhaust Brake,VMRS_HB_COMPLETE_v20 page 8_pages_76-100.md
043-004-107,,043,004,Clip - Actuator Wiring | 043-005-062 | Gasket/O-Ring - Solonoid Exhaust Brake,VMRS_HB_COMPLETE_v20 page 8_pages_76-100.md
043-004-109,,043,004,Tubing - Wastegate | 043-005-064 | Mounting Stud - Exhaust Brake,VMRS_HB_COMPLETE_v20 page 8_pages_76-100.md
043-004-190,,043,004,Pine - Air Cleaner to Turbocharger Compressor | 043-005-065 | Mounting Nut - Exhaust Brake,VMRS_HB_COMPLETE_v20 page 8_pages_76-100.md
043-004-191,,043,004,Air Line - RVII (Buffered Air Valve Unit) to | 043-005-066 | Rolay - Exhaust Brake,VMRS_HB_COMPLETE_v20 page 8_pages_76-100.md
043-004-192,,043,004,All Line - BVO (Buileled All Valve Onit) to | 043-005-000 | Pad - Dubbar Exhaust Braka,VMRS_HB_COMPLETE_v20 page 8_pages_76-100.md
043-005-068,,043,005,0/13-00/-103 | Check Valve w/Sensor - Between BVI Land | | Shutter Assembly - Engine Exhaust Brake,VMRS_HB_COMPLETE_v20 page 8_pages_76-100.md
043-004-193,,043,004,TurboCompound | 043-005-060 | Pod - Control Engine Exhaust Brake,VMRS_HB_COMPLETE_v20 page 8_pages_76-100.md
043-004-194,,043,004,Evhaust Brako | 043-006-001 | Assembly - Exhaust Aftertreatment Devices,VMRS_HB_COMPLETE_v20 page 8_pages_76-100.md
043-005-000,,043,005,Brake - Exhaust | 043-006-002 | Module - Exhaust Aftertreatment Inlet,VMRS_HB_COMPLETE_v20 page 8_pages_76-100.md
043-005-002,,043,005,Benair Kit - Exhaust Brake Cylinder | 043-006-002 | Module - Diesel Oxidation Catalyst (DOC),VMRS_HB_COMPLETE_v20 page 8_pages_76-100.md
043-005-003,,043,005,"Clevis - Brake Cylinder, Exhaust Brake | 043-006-004 | Module - Exhaust Aftertreatment Outlet",VMRS_HB_COMPLETE_v20 page 8_pages_76-100.md
043-005-004,,043,005,Breather - Oil Exhaust Brake Ovlinder | 043-006-005 | Sensor - Exhaust Allertreatment Outlet,VMRS_HB_COMPLETE_v20 page 8_pages_76-100.md
043-005-005,,043,005,Installation Kit - Exhaust Brake | 043-006-007 | Sensor - Exhaust Aftertreatment Particulate Tran,VMRS_HB_COMPLETE_v20 page 8_pages_76-100.md
043-005-007,,043,005,Switch - Solenoid Exhaust Brake | 0-000-007 | Differential Pressure,VMRS_HB_COMPLETE_v20 page 8_pages_76-100.md
043-005-011,,043,005,Three-Way Valve - Lever Actuated Exhaust | 043-006-010 | Wiring Harness - Exhaust Aftertreatment Device,VMRS_HB_COMPLETE_v20 page 8_pages_76-100.md
043-006-011,,043,006,0.000-011 | Supply Delivery | | Bracket - Differential Pressure Sensor,VMRS_HB_COMPLETE_v20 page 8_pages_76-100.md
,000-011,000,011,Cappil Dontoil | 0.,VMRS_HB_COMPLETE_v20 page 8_pages_76-100.md
043-006-012,,043,006,"V-Band - Exhaust Aftertreatment Body | 043-006-067 | Sensor - Pressure, Exhaust Aftertreatment",VMRS_HB_COMPLETE_v20 page 8_pages_76-100.md
043-006-013,,043,006,"Gasket - Exhaust Aftertreatment Body | 043-006-068 | Hardware, Mounting - Diesel Particulate Filter",VMRS_HB_COMPLETE_v20 page 8_pages_76-100.md
043-006-014,,043,006,Support Bracket - Particulate Filter | 043-006-069 | Pump - Doser,VMRS_HB_COMPLETE_v20 page 8_pages_76-100.md
043-006-015,,043,006,Mounting Bracket - Particulate Filter Module | 043-006-070 | Flement - Catalyst,VMRS_HB_COMPLETE_v20 page 8_pages_76-100.md
043-006-016,,043,006,Clamp - Particulate Filter Connection | 043-006-071 | Heat Shield - Diesel Particulate Filter,VMRS_HB_COMPLETE_v20 page 8_pages_76-100.md
043-006-017,,043,006,Filter Discol Particulate Exhaust Aftertreatment | 043-006-071 | Clamp V Rand Dissel Particulate Filter,VMRS_HB_COMPLETE_v20 page 8_pages_76-100.md
043-000-017,,043,000,"Filler - Dieser Particulate, Exhaust Altertreatment | 043-000-072 | Clamp - V Barlu, Diesel Particulate Filter",VMRS_HB_COMPLETE_v20 page 8_pages_76-100.md
043-006-073,,043,006,"Devices | | Clamp - T Bolt, Diesel Particulate Filter",VMRS_HB_COMPLETE_v20 page 8_pages_76-100.md
043-006-019,,043,006,"Gasket - Particulate Filter, Exhaust | 043-006-074 | Cap - Filler",VMRS_HB_COMPLETE_v20 page 8_pages_76-100.md
043-006-075,,043,006,Aftertreatment Devices | | Screen - Filter,VMRS_HB_COMPLETE_v20 page 8_pages_76-100.md
043-006-020,,043,006,"Catalytic Converter - Exhaust Aftertreatment | 043-006-076 | Line - Air Supply, Pump, Diesel Particulate Filter",VMRS_HB_COMPLETE_v20 page 8_pages_76-100.md
043-006-077,,043,006,Devices | | Gasket - Doser Injector,VMRS_HB_COMPLETE_v20 page 8_pages_76-100.md
043-006-021,,043,006,"Mounting Bracket - Catalytic Converter, Exhaust | 043-006-078 | Line - Coolant, Doser",VMRS_HB_COMPLETE_v20 page 8_pages_76-100.md
043-006-079,,043,006,"Aftertreatment Devices | | Line - Fuel, Doser",VMRS_HB_COMPLETE_v20 page 8_pages_76-100.md
043-006-022,,043,006,Hardware Mounting - Catalytic Converter | 043-006-080 | Sensor - Pressure Diesel Oxidation Catalyst,VMRS_HB_COMPLETE_v20 page 8_pages_76-100.md
,000-000,000,000,0.0000022 | Exhaust Aftertreatment Devices | 0.0 | (DOC),VMRS_HB_COMPLETE_v20 page 8_pages_76-100.md
043-006-023,,043,006,Kit - Particulate Tran Exhaust Aftertreatment | 0/13-006-081 | Element - Heater Exhaust Aftertreatment Device,VMRS_HB_COMPLETE_v20 page 8_pages_76-100.md
040-000-020,,040,000,"Nit - Faliculate Hap, Exhaust Altertreatment | 043-000-001 | Cosket Adopter Dissel Derticulate Filter",VMRS_HB_COMPLETE_v20 page 8_pages_76-100.md
043-000-062,,043,000,040.000.004 | Vit. Demoural Futewart Cas Desireulation (FCD) | | Gasket - Adapter - Dieser Particulate Filter,VMRS_HB_COMPLETE_v20 page 8_pages_76-100.md
043-006-024,,043,006,"KIT - Removal, Exhaust Gas Recirculation (EGR) | 043-006-083 | Head - Aftertreatment Regeneration Device",VMRS_HB_COMPLETE_v20 page 8_pages_76-100.md
043-006-025,,043,006,Doser Valve Assembly | 043-006-084 | Catalyst - Diesel Oxidation,VMRS_HB_COMPLETE_v20 page 8_pages_76-100.md
043-006-026,,043,006,"Injector - Doser Valve, Hydrocarbon (HC) | 043-006-085 | Filter - Doser Unit, Aftertreatment Device",VMRS_HB_COMPLETE_v20 page 8_pages_76-100.md
043-006-027,,043,006,"Sensor - Pressure, Doser Valve | 043-006-086 | Reinforcement - Step, Exhaust Aftertreatment",VMRS_HB_COMPLETE_v20 page 8_pages_76-100.md
043-006-028,,043,006,"Valve - Fuel Cut-Off, Doser Valve | | Device",VMRS_HB_COMPLETE_v20 page 8_pages_76-100.md
043-006-029,,043,006,"Housing - Main, Doser Valve | 043-006-087 | Kit - Cleaning, Aftertreatment Fuel Injection (AFI)",VMRS_HB_COMPLETE_v20 page 8_pages_76-100.md
043-006-030,,043,006,Gasket - Doser Valve | 043-006-088 | Bolt - Cut-Off Valve,VMRS_HB_COMPLETE_v20 page 8_pages_76-100.md
043-006-031,,043,006,Throttle Valve - Air Intake | 043-006-089 | Module - Diagnostic Exhaust Aftertreatment,VMRS_HB_COMPLETE_v20 page 8_pages_76-100.md
,006-032,006,032,0/3- | Shield - Exhaust Aftertreatment Device | 0/3-006-000 | Module - Display Remote Exhaust,VMRS_HB_COMPLETE_v20 page 8_pages_76-100.md
043-000-033,,043,000,Mounting Diacket - Shield | 042 006 001 | Alleritediment,VMRS_HB_COMPLETE_v20 page 8_pages_76-100.md
043-000-034,,043,000,"Daruware, Mounting - Shield | 043-000-091 | Box - Junction, Exhaust Altertreatment Device",VMRS_HB_COMPLETE_v20 page 8_pages_76-100.md
043-006-035,,043,006,Switch - Exhaust Altertreatment Regeneration | 043-006-092 | wounting Kit - Doser valve injector,VMRS_HB_COMPLETE_v20 page 8_pages_76-100.md
043-006-036,,043,006,Spark Plug - Doser System | 043-006-093 | Hanger Rod - Attertreatment Device,VMRS_HB_COMPLETE_v20 page 8_pages_76-100.md
043-006-037,,043,006,"Plug Wire - Doser System | 043-006-094 | Fitting - W/Screen, Attertreatment Regeneration",VMRS_HB_COMPLETE_v20 page 8_pages_76-100.md
043-006-038,,043,006,"Coll - Spark Plug, Doser System | | Device (ARD)",VMRS_HB_COMPLETE_v20 page 8_pages_76-100.md
043-006-039,,043,006,"Assembly - Combination, Catalytic Converter/ | 043-006-095 | Valve Assembly - Metering Unit, Doser Valve",VMRS_HB_COMPLETE_v20 page 8_pages_76-100.md
043-006-096,,043,006,"Muffler | | Brace - Heat Shield, Exhaust Aftertreatment",VMRS_HB_COMPLETE_v20 page 8_pages_76-100.md
043-006-040,,043,006,"Spacer - Mounting, Aftertreatment Device | | Device",VMRS_HB_COMPLETE_v20 page 8_pages_76-100.md
043-006-041,,043,006,Cover - Exhaust Aftertreatment Device | 043-006-097 | Retrofit Kit - Diesel Particulate Filter,VMRS_HB_COMPLETE_v20 page 8_pages_76-100.md
043-006-042,,043,006,"Mounting Bracket - Exhaust Aftertreatment | 043-006-098 | Gasket - Head, Aftertreatment Regeneration",VMRS_HB_COMPLETE_v20 page 8_pages_76-100.md
043-006-043,,043,006,"Bracket - Throttle, Diesel Oxidation Catalyst | 043-006-099 | Seal - Head, Aftertreatment Regeneration Device",VMRS_HB_COMPLETE_v20 page 8_pages_76-100.md
043-006-044,,043,006,"Module - Regeneration | 043-006-100 | Strap - Support, Muffler",VMRS_HB_COMPLETE_v20 page 8_pages_76-100.md
043-006-045,,043,006,"Sensor - Gas Temperature, Diesel Oxidation | 043-006-101 | Fitting - Coolant Line, Doser",VMRS_HB_COMPLETE_v20 page 8_pages_76-100.md
043-006-102,,043,006,"Catalyst (DOC) | | Clamp - Fitting, Doser Coolant Line",VMRS_HB_COMPLETE_v20 page 8_pages_76-100.md
043-006-046,,043,006,"Bellows - Exhaust Pipe, Aftertreatment Device | 043-006-103 | Sensor - Flame Detection Temperature",VMRS_HB_COMPLETE_v20 page 8_pages_76-100.md
043-006-047,,043,006,Lino Air Purgo Dosor | 040 000 100 | Aftertreatment Regeneration Device,VMRS_HB_COMPLETE_v20 page 8_pages_76-100.md
043-000-047,,043,000,Stop Cover Exhaust Affectroatment Device | 042 006 104 | Alteriteatilient Regeneration Device,VMRS_HB_COMPLETE_v20 page 8_pages_76-100.md
043-000-040,,043,000,"Step - Cover, Exhaust Altertreatment Device | 043-000-104 | Spacer - Fipe, Outlet, Doser",VMRS_HB_COMPLETE_v20 page 8_pages_76-100.md
043-000-049,,043,000,"Pipe - Exhausi, Altertreatment Device, Opsileam | 043-000-105 | Doit - Flange Head, Dosei",VMRS_HB_COMPLETE_v20 page 8_pages_76-100.md
043-006-050,,043,006,"Pipe - vented, Altertreatment Device, | 043-000-100 | Spacer - Heat Shield, Doser",VMRS_HB_COMPLETE_v20 page 8_pages_76-100.md
043-006-107,,043,006,"0.40.000.054 | Downstream | | Harness - Plug, Diesel Particulate Filter",VMRS_HB_COMPLETE_v20 page 8_pages_76-100.md
043-006-051,,043,006,"Bracket - Cover, Exhaust Aftertreatment Device | 043-006-108 | Elbow - Tube, Pressure Sensor",VMRS_HB_COMPLETE_v20 page 8_pages_76-100.md
043-006-052,,043,006,"Air Purge Kit - Exhaust Aftertreatment | 043-006-109 | Bolt - Module, Diesel Particulate Filter",VMRS_HB_COMPLETE_v20 page 8_pages_76-100.md
043-006-110,,043,006,Regeneration | | Service Kit - Aftertreatment Injector,VMRS_HB_COMPLETE_v20 page 8_pages_76-100.md
043-006-053,,043,006,"Mounting Strap - Diesel Particulate Filter | 043-006-111 | Sensor - Ammonia, Diesel Particulate Filter",VMRS_HB_COMPLETE_v20 page 8_pages_76-100.md
043-006-054,,043,006,"Sensor - ASM | 043-006-112 | Line - Fuel, Aftertreatment Device",VMRS_HB_COMPLETE_v20 page 8_pages_76-100.md
043-006-055,,043,006,"Pipe - Inlet, Aftertreatment Device | 043-006-113 | Box Beam - DPF/SCR, Exhaust Aftertreatment",VMRS_HB_COMPLETE_v20 page 8_pages_76-100.md
043-006-056,,043,006,"Pipe - Inlet, Diesel Oxidation Catalyst (DOC) | | Device",VMRS_HB_COMPLETE_v20 page 8_pages_76-100.md
043-006-057,,043,006,"Module - Dosing Injection, Fuel Control, Exhaust | 043-006-114 | Sealing Ring - Copper, Doser Valve",VMRS_HB_COMPLETE_v20 page 8_pages_76-100.md
043-006-115,,043,006,Aftertreatment | | Burner - Exhaust,VMRS_HB_COMPLETE_v20 page 8_pages_76-100.md
043-006-058,,043,006,"Sensor - Euel Control Module, Exhaust | 043-006-116 | Nozzle - Euel Exhaust Burner",VMRS_HB_COMPLETE_v20 page 8_pages_76-100.md
040-000-000,,040,000,Aftertreatment | 043-006-117 | Clamp - Heat Shield Exhaust Aftertreatment,VMRS_HB_COMPLETE_v20 page 8_pages_76-100.md
042-006-110,,042,006,040-009 | Aftertreatment | | Clamp Catalutia Convertor,VMRS_HB_COMPLETE_v20 page 8_pages_76-100.md
042-006-060,,042,006,Harpoon Exhaust Gan Temperature Concer | 040-000-110 | Flange Catalytic Converter,VMRS_HB_COMPLETE_v20 page 8_pages_76-100.md
043-000-061,,043,000,"namess - Jumper, Diesel Particulate Filter | 043-000-120 | Sensor - Particulate Soot",VMRS_HB_COMPLETE_v20 page 8_pages_76-100.md
043-006-062,,043,006,"Gasket - Jumper Harness, Diesel Particulate | 043-006-121 | Filling - Pressure Sensor",VMRS_HB_COMPLETE_v20 page 8_pages_76-100.md
043-006-122,,043,006,"Hiter | | Sensor - Temperature, Catalytic Converter",VMRS_HB_COMPLETE_v20 page 8_pages_76-100.md
043-006-063,,043,006,"Box - DPF/SCR, Exhaust Aftertreatment Device | 043-006-123 | Clamp - Pressure Sensor Line, Diesel Particulate",VMRS_HB_COMPLETE_v20 page 8_pages_76-100.md
043-006-064,,043,006,Sensor Box - Diesel Particulate Filter | · | Filter,VMRS_HB_COMPLETE_v20 page 8_pages_76-100.md
043-006-065,,043,006,"Insulator - Doser Injector | 043-006-124 | Line - Coolant Return, Doser",VMRS_HB_COMPLETE_v20 page 8_pages_76-100.md
043-006-066,,043,006,"Bolt - Mounting, Doser Injector | 043-006-125 | Plate - Box End, Housing, Diesel Particulate",VMRS_HB_COMPLETE_v20 page 8_pages_76-100.md
043-006-126,,043,006,Aftertreatment Control Module (ACM) - Exhaust | 043-007-040043-007-041 | Air Control Unit - Selective Catalytic Reduction,VMRS_HB_COMPLETE_v20 page 8_pages_76-100.md
043-007-042,,043,007,"Aftertreatment | | Hardware, Mounting - Air Control Unit",VMRS_HB_COMPLETE_v20 page 8_pages_76-100.md
043-006-127,,043,006,"Filter - Air Supply, Aftertreatment | 043-007-043 | Holder - Compressed Air",VMRS_HB_COMPLETE_v20 page 8_pages_76-100.md
043-006-128,,043,006,"Module - Heater Control, Diesel Exhaust Fluid | 043-007-044 | Hardware, Mounting - Holder, Compressed Air",VMRS_HB_COMPLETE_v20 page 8_pages_76-100.md
043-006-129,,043,006,Air Tube - Catalytic Converter | 043-007-045 | Mounting Bracket - Air Control Unit,VMRS_HB_COMPLETE_v20 page 8_pages_76-100.md
043-006-130,,043,006,"Module - Ammonia Control | 043-007-046 | Hardware, Mounting - Mounting Bracket, Air",VMRS_HB_COMPLETE_v20 page 8_pages_76-100.md
043-006-131,,043,006,Clamp - Exhaust to Aftertreatment System | | Control Unit,VMRS_HB_COMPLETE_v20 page 8_pages_76-100.md
043-006-132,,043,006,Solenoid - Regeneration System | 043-007-047 | Solenoid Valve - Air Pressure Limiter,VMRS_HB_COMPLETE_v20 page 8_pages_76-100.md
043-006-133,,043,006,"Manifold - Dosing Injection, AftertreatmentDevice | 043-007-048 | Hardware, Mounting - Solenoid Valve, AirPressure Limiter",VMRS_HB_COMPLETE_v20 page 8_pages_76-100.md
043-006-134,,043,006,"043-006-135 | Elbow - Outlet, Diesel Particulate FilterTube - Inlet Pressure, Diesel Oxidation Catalyst | 043-007-049 | Engine Control Module (ECM) - SelectiveCatalytic Reduction",VMRS_HB_COMPLETE_v20 page 8_pages_76-100.md
043-006-136,,043,006,"Box - Base, DPF/SCR | 043-007-050 | Hardware, Mounting - Engine Control Module",VMRS_HB_COMPLETE_v20 page 8_pages_76-100.md
043-006-137,,043,006,"Shut-Off Valve - Air, Fuel Intake Module | 043-007-051 | Mounting Bracket - Engine Control Module",VMRS_HB_COMPLETE_v20 page 8_pages_76-100.md
043-006-138,,043,006,"Thermal Wrap | 043-007-052 | Hardware, Mounting - Mounting Bracket, Engine",VMRS_HB_COMPLETE_v20 page 8_pages_76-100.md
043-006-139,,043,006,Tie Strap - Thermal Wrap | | Control Module,VMRS_HB_COMPLETE_v20 page 8_pages_76-100.md
043-006-140,,043,006,Wiring Harness - Aftertreatment Module toSensors | 043-007-053 | Aftertreatment Control Module (ACM) - Selective Catalytic Reduction,VMRS_HB_COMPLETE_v20 page 8_pages_76-100.md
043-006-141,,043,006,"Bolt - Banio, Coolant Line, Doser | 043-007-054 | Hardware, Mounting - Aftertreatment Control",VMRS_HB_COMPLETE_v20 page 8_pages_76-100.md
043-006-142,,043,006,"Sensor - DPF Temperature, Upstream | | Module",VMRS_HB_COMPLETE_v20 page 8_pages_76-100.md
043-006-143,,043,006,Fitting - Fuel Doser | 043-007-055 | Mounting Bracket - Aftertreatment Control,VMRS_HB_COMPLETE_v20 page 8_pages_76-100.md
043-006-144,,043,006,Heat Shield - Fuel Doser Valve | 010 007 000 | Module,VMRS_HB_COMPLETE_v20 page 8_pages_76-100.md
043-006-145,,043,006,"O-Bing - Pressure Sensor, Exhaust | 043-007-056 | Hardware, Mounting - Mounting Bracket",VMRS_HB_COMPLETE_v20 page 8_pages_76-100.md
043-000-145,,043,000,Aftertreatment | 043-007-030 | Aftertreatment Control Module,VMRS_HB_COMPLETE_v20 page 8_pages_76-100.md
043-007-000,,043,007,"Selective Catalytic Reduction System (SCR) | 043-007-057 | Valve - Overflow, Exhaust Aftertreatment",VMRS_HB_COMPLETE_v20 page 8_pages_76-100.md
043-007-001,,043,007,"Tank - Diesel Exhaust Fluid | 043-007-058 | Hardware, Mounting - Overflow Valve",VMRS_HB_COMPLETE_v20 page 8_pages_76-100.md
043-007-002,,043,007,"Cap - Filler, DEF Tank | 043-007-059 | Solenoid Valve - Exhaust Aftertreatment",VMRS_HB_COMPLETE_v20 page 8_pages_76-100.md
043-007-003,,043,007,"Seal - Cap, DEF Tank | 043-007-060 | Hardware, Mounting - Solenoid Valve, Exhaust",VMRS_HB_COMPLETE_v20 page 8_pages_76-100.md
043-007-004,,043,007,Filler Neck - DEF Tank | | Aftertreatment,VMRS_HB_COMPLETE_v20 page 8_pages_76-100.md
043-007-005,,043,007,"Hardware, Mounting - Filler Neck, DEF Tank | 043-007-061 | Nozzle - Injection, Diesel Exhaust Fluid",VMRS_HB_COMPLETE_v20 page 8_pages_76-100.md
043-007-006,,043,007,"Mounting Bracket - DEF Tank | 043-007-062 | Hardware, Mounting - Injection Nozzle",VMRS_HB_COMPLETE_v20 page 8_pages_76-100.md
043-007-007,,043,007,"Hardware, Mounting - Mounting Bracket, DEFTank | 043-007-063 | Pressure Regulating Valve - ExhaustAftertreatment",VMRS_HB_COMPLETE_v20 page 8_pages_76-100.md
043-007-008,,043,007,"Mounting Strap - DEF Tank | 043-007-064 | Hardware, Mounting - Pressure Regulating Valve",VMRS_HB_COMPLETE_v20 page 8_pages_76-100.md
043-007-009,,043,007,"Hardware, Mounting - Mounting Strap, DEF Tank | 043-007-065 | Catalytic Converter - Selective Catalytic",VMRS_HB_COMPLETE_v20 page 8_pages_76-100.md
043-007-010,,043,007,"Base - DEF Tank | 0.40,007,000 | Reduction",VMRS_HB_COMPLETE_v20 page 8_pages_76-100.md
043-007-011,,043,007,"Hardware, Mounting - Base, DEF Tank | 043-007-066 | Hardware, Mounting - Catalytic Converter,",VMRS_HB_COMPLETE_v20 page 8_pages_76-100.md
043-007-012,,043,007,"Sensor - Fill Level, DEF Tank | | Selective Catalytic Reduction",VMRS_HB_COMPLETE_v20 page 8_pages_76-100.md
043-007-013,,043,007,"Hardware, Mounting - Fill Level Sensor, DEFTank | 043-007-067043-007-068 | Sensor - Pressure, Input Exhaust GasHardware, Mounting - Pressure Sensor, Input",VMRS_HB_COMPLETE_v20 page 8_pages_76-100.md
043-007-014,,043,007,"Indicator - Fill Level, DEF Tank | | Exhaust Gas",VMRS_HB_COMPLETE_v20 page 8_pages_76-100.md
043-007-015,,043,007,"Hardware, Mounting - Fill Level Indicator, DEF | 043-007-069 | Sensor - Pressure, Output Exhaust Gas",VMRS_HB_COMPLETE_v20 page 8_pages_76-100.md
043-007-016,,043,007,"TankHeater - DEE Tank | 043-007-070 | Hardware, Mounting - Pressure Sensor, Output",VMRS_HB_COMPLETE_v20 page 8_pages_76-100.md
043-007-017,,043,007,"Released Value Coolent DEF Tank | 043-007-071 | Serisor - Nillogen Oxide (NOX), Diesei Exhaust",VMRS_HB_COMPLETE_v20 page 8_pages_76-100.md
043-007-018,,043,007,"043-007-019 | Hardware, Mounting - Solenoid Valve, Heater, | 043-007-072 | Hardware, Mounting - Nox Sensor, Selective",VMRS_HB_COMPLETE_v20 page 8_pages_76-100.md
043-007-020,,043,007,"Gauge - Fill Level, Dash, DEF Tank | 043-007-073 | Wiring - Nitrogen Oxide Sensor",VMRS_HB_COMPLETE_v20 page 8_pages_76-100.md
043-007-021,,043,007,Fluid - Diesel Exhaust | 043-007-074 | Connector - Nitrogen Oxide Sensor Wiring,VMRS_HB_COMPLETE_v20 page 8_pages_76-100.md
043-007-022,,043,007,"Pump - Module | 043-007-075 | Hose - Hot Water Supply, Engine to Pump",VMRS_HB_COMPLETE_v20 page 8_pages_76-100.md
043-007-023,,043,007,"Hardware, Mounting - Pump Module | 043-007-076 | Fitting - Hot Water Supply Hose, Engine to Pump",VMRS_HB_COMPLETE_v20 page 8_pages_76-100.md
043-007-024,,043,007,"Mounting Bracket - Pump | 043-007-077 | Clamp - Hose, Hot Water Supply Hose, Engine",VMRS_HB_COMPLETE_v20 page 8_pages_76-100.md
043-007-026,,043,007,"Reservoir - Pressure, Pump | | to Pump",VMRS_HB_COMPLETE_v20 page 8_pages_76-100.md
043-007-027,,043,007,"Hardware, Mounting - Pressure Reservoir,Pump | 043-007-078043-007-079 | Hose - Hot Water Supply, Pump to Tank HeaterFitting - Hot Water Supply Hose, Pump to Tank",VMRS_HB_COMPLETE_v20 page 8_pages_76-100.md
043-007-028,,043,007,"Filter - Pump, Diesel Exhaust Fluid | | Heater",VMRS_HB_COMPLETE_v20 page 8_pages_76-100.md
043-007-029,,043,007,"Hardware, Mounting - Filter, Pump | 043-007-080 | Clamp - Hose, Hot Water Supply Line, Pump to",VMRS_HB_COMPLETE_v20 page 8_pages_76-100.md
043-007-030,,043,007,Metering Device - Diesel Exhaust Fluid | | Tank Heater,VMRS_HB_COMPLETE_v20 page 8_pages_76-100.md
043-007-031,,043,007,Hardware. Mounting - Metering Device | 043-007-081 | Hose - Hot Water Return. Tank Heater to Engine,VMRS_HB_COMPLETE_v20 page 8_pages_76-100.md
043-007-032,,043,007,"Mounting Bracket - Metering Device/Doser | 043-007-082 | Fitting - Hot Water Return Hose, Tank Heater to",VMRS_HB_COMPLETE_v20 page 8_pages_76-100.md
043-007-033,,043,007,"Hardware, Mounting - Mounting Bracket, | 042 007 092 | Engine",VMRS_HB_COMPLETE_v20 page 8_pages_76-100.md
043-007-034,,043,007,Uniting Period Matering Device | 042 007 004 | Head Heated Supply Tank to Dump,VMRS_HB_COMPLETE_v20 page 8_pages_76-100.md
043-007-035,,043,007,"Paraware, Mounting - Shield, Metering Device | 043-007-004 | Fitting Heated Supply, Tarik to Pump",VMRS_HB_COMPLETE_v20 page 8_pages_76-100.md
043-007-037,,043,007,"Sensor - Temperature, Metering DeviceSensor - Pressure, Compressed Air, Metering | 043-007-086 | Clamp - Hose, Heated Supply Hose, Tank Heater",VMRS_HB_COMPLETE_v20 page 8_pages_76-100.md
043-007-039,,043,007,"DeviceElement - Heating, Diffuser, Metering Device | 043-007-087 | to PumpHose - Heated Supply, Pump to Metering Device",VMRS_HB_COMPLETE_v20 page 8_pages_76-100.md
