code_9d,code_6d,system,subcode,description,source_file
013-014-066,,013,014,"Hardware, Mounting - Rear Axle Spindle",VMRS_HB_COMPLETE_v20 page 8_pages_26-50.md
013-014-067,,013,014,"Support Bracket - Camshaft Chamber, Right",VMRS_HB_COMPLETE_v20 page 8_pages_26-50.md
013-014-068,,013,014,"Support Bracket - Camshaft Chamber, Left",VMRS_HB_COMPLETE_v20 page 8_pages_26-50.md
013-014-069,,013,014,"Snap Ring - Retaining, Cam to Slack Adjuster",VMRS_HB_COMPLETE_v20 page 8_pages_26-50.md
013-014-070,,013,014,"Spacer/Washer - Brake Cam, Tag/Pusher Axle",VMRS_HB_COMPLETE_v20 page 8_pages_26-50.md
013-014-071,,013,014,"Bushing - Support Bracket , Camshaft",VMRS_HB_COMPLETE_v20 page 8_pages_26-50.md
013-014-072,,013,014,"Roller Pin - Camshaft, Tag/Pusher Axle",VMRS_HB_COMPLETE_v20 page 8_pages_26-50.md
013-014-073,,013,014,Washer - Anchor Pin,VMRS_HB_COMPLETE_v20 page 8_pages_26-50.md
013-014-074,,013,014,Pin - Brake Anti-Rattle,VMRS_HB_COMPLETE_v20 page 8_pages_26-50.md
013-014-075,,013,014,Washer - Brake Anti-Rattle,VMRS_HB_COMPLETE_v20 page 8_pages_26-50.md
013-014-076,,013,014,"Diaphragm - Air Chamber, Tag/Pusher Axle",VMRS_HB_COMPLETE_v20 page 8_pages_26-50.md
013-014-077,,013,014,"Cup - Wheel Cylinder, Tag/Pusher Axle",VMRS_HB_COMPLETE_v20 page 8_pages_26-50.md
013-014-078,,013,014,"Bracket - Camshaft, Right",VMRS_HB_COMPLETE_v20 page 8_pages_26-50.md
013-014-079,,013,014,"Bracket - Camshaft, Left",VMRS_HB_COMPLETE_v20 page 8_pages_26-50.md
013-014-080,,013,014,Retainer - Camshaft Tag/Pusher Axle,VMRS_HB_COMPLETE_v20 page 8_pages_26-50.md
013-014-081,,013,014,Repair Kit - Brake Shoe Return Tag/Pusher Axle,VMRS_HB_COMPLETE_v20 page 8_pages_26-50.md
010-011-001,,010,011,Brakes,VMRS_HB_COMPLETE_v20 page 8_pages_26-50.md
013-014-082,,013,014,"Benair Kit - Hold-Down Guide Bolt, Shoe",VMRS_HB_COMPLETE_v20 page 8_pages_26-50.md
013-014-083,,013,014,Benair Kit - Automatic Adjuster,VMRS_HB_COMPLETE_v20 page 8_pages_26-50.md
013-014-084,,013,014,Repair Kit - Adjusting Screw Assembly,VMRS_HB_COMPLETE_v20 page 8_pages_26-50.md
013-014-085,,013,014,Popair Kit Mapual Adjustor,VMRS_HB_COMPLETE_v20 page 8_pages_26-50.md
012-014-096,,012,014,Stud Adjustor,VMRS_HB_COMPLETE_v20 page 8_pages_26-50.md
012-014-007,,012,014,Densir Kit Solf Adjuster Tag/Dusher Avle,VMRS_HB_COMPLETE_v20 page 8_pages_26-50.md
013-014-007,,013,014,"Repair Kit - Sell Aujuster, Tay/Fusher Axie",VMRS_HB_COMPLETE_v20 page 8_pages_26-50.md
010-014-000,,010,014,Spider - Tag/Pusher Axle,VMRS_HB_COMPLETE_v20 page 8_pages_26-50.md
013-014-089,,013,014,Grease Filling - Tag/Pusher Axie Brakes,VMRS_HB_COMPLETE_v20 page 8_pages_26-50.md
013-014-090,,013,014,"Hardware, Mounting - Camsnaft Bracket, Right",VMRS_HB_COMPLETE_v20 page 8_pages_26-50.md
013-014-091,,013,014,Plug - Backing Plate,VMRS_HB_COMPLETE_v20 page 8_pages_26-50.md
013-014-092,,013,014,"Gasket - Plunger Guide, Wedge Brakes",VMRS_HB_COMPLETE_v20 page 8_pages_26-50.md
013-014-093,,013,014,Cotter Pin - Wedge Brakes,VMRS_HB_COMPLETE_v20 page 8_pages_26-50.md
013-014-094,,013,014,"Hardware, Mounting - Disc Brake Shield",VMRS_HB_COMPLETE_v20 page 8_pages_26-50.md
013-014-095,,013,014,"Spring, Hold Down - Tag/Pusher Axle Brake",VMRS_HB_COMPLETE_v20 page 8_pages_26-50.md
013-014-096,,013,014,Housing - Actuator,VMRS_HB_COMPLETE_v20 page 8_pages_26-50.md
013-014-097,,013,014,"Wheel Cylinder - Hydraulic, Assembly",VMRS_HB_COMPLETE_v20 page 8_pages_26-50.md
013-014-098,,013,014,"Piston - Hydraulic, Wheel Cylinder",VMRS_HB_COMPLETE_v20 page 8_pages_26-50.md
013-014-099,,013,014,"O-Ring - Hydraulic, Wheel Cylinder",VMRS_HB_COMPLETE_v20 page 8_pages_26-50.md
013-014-100,,013,014,"Back-Up Ring - Hydraulic, Wheel Cylinder",VMRS_HB_COMPLETE_v20 page 8_pages_26-50.md
013-014-101,,013,014,"Spring - Hydraulic, Wheel Cylinder",VMRS_HB_COMPLETE_v20 page 8_pages_26-50.md
013-014-102,,013,014,"Plug - Hydraulic, Wheel Cylinder",VMRS_HB_COMPLETE_v20 page 8_pages_26-50.md
013-014-103,,013,014,Bleeder Screw - Tag/Pusher Axle Brakes,VMRS_HB_COMPLETE_v20 page 8_pages_26-50.md
013-014-104,,013,014,"Rotor - Disc Brakes, Tag/Pusher Axle",VMRS_HB_COMPLETE_v20 page 8_pages_26-50.md
013-014-105,,013,014,Shoe/Lining Kit Complete - Tag/Pusher Axle,VMRS_HB_COMPLETE_v20 page 8_pages_26-50.md
013-014-106,,013,014,Brake Assembly - Tag/Pusher Axle,VMRS_HB_COMPLETE_v20 page 8_pages_26-50.md
013-014-107,,013,014,Anchor Bracket - Slack Adjuster,VMRS_HB_COMPLETE_v20 page 8_pages_26-50.md
013-014-108,,013,014,Cap - Bleeder Screw,VMRS_HB_COMPLETE_v20 page 8_pages_26-50.md
013-014-109,,013,014,Sensor - Brake Wear,VMRS_HB_COMPLETE_v20 page 8_pages_26-50.md
013-015-000,,013,015,Air Brake Monitoring System,VMRS_HB_COMPLETE_v20 page 8_pages_26-50.md
013-015-001,,013,015,"Monitoring System - Air Brake, Complete",VMRS_HB_COMPLETE_v20 page 8_pages_26-50.md
013-016-000,,013,016,Hydraulic Motor Brake System,VMRS_HB_COMPLETE_v20 page 8_pages_26-50.md
013-016-001,,013,016,Hydraulic Motor Brake Assembly - Complete,VMRS_HB_COMPLETE_v20 page 8_pages_26-50.md
013-016-002,,013,016,Disc - Hydraulic Motor Brake,VMRS_HB_COMPLETE_v20 page 8_pages_26-50.md
013-016-003,,013,016,Housing - Hydraulic Motor Brake,VMRS_HB_COMPLETE_v20 page 8_pages_26-50.md
013-016-004,,013,016,Piston - Hydraulic Motor Brake,VMRS_HB_COMPLETE_v20 page 8_pages_26-50.md
013-016-005,,013,016,Release Control - Hydraulic Motor Brake,VMRS_HB_COMPLETE_v20 page 8_pages_26-50.md
013-017-000,,013,017,Brake Darte Desition Not Specified,VMRS_HB_COMPLETE_v20 page 8_pages_26-50.md
013-017-001,,013,017,"Coliner Brake, Position Not Specified",VMRS_HB_COMPLETE_v20 page 8_pages_26-50.md
013-017-002,,013,017,"Caliper - Drake, Position Not Specified",VMRS_HB_COMPLETE_v20 page 8_pages_26-50.md
013-017-003,,013,017,"Pad - Disc Brake, Position Not Specified",VMRS_HB_COMPLETE_v20 page 8_pages_26-50.md
013-017-004,,013,017,"Camsnatt - Brake, Position Not Specified",VMRS_HB_COMPLETE_v20 page 8_pages_26-50.md
013-017-005,,013,017,"Slack Adjuster - Manual, Brake, Position Not",VMRS_HB_COMPLETE_v20 page 8_pages_26-50.md
010-017-000,,010,017,Specified,VMRS_HB_COMPLETE_v20 page 8_pages_26-50.md
013-017-006,,013,017,"Drum - Brake, Position Not Specified",VMRS_HB_COMPLETE_v20 page 8_pages_26-50.md
013-017-007,,013,017,"Snoe - Brake, Position Not Specified",VMRS_HB_COMPLETE_v20 page 8_pages_26-50.md
013-017-008,,013,017,"Hardware Kit - Brake, Position Not Specified",VMRS_HB_COMPLETE_v20 page 8_pages_26-50.md
013-017-009,,013,017,"Bracket - Chamber, Position Not Specified",VMRS_HB_COMPLETE_v20 page 8_pages_26-50.md
013-017-010,,013,017,"Hose - Brake, Rubber, Position Not Specified",VMRS_HB_COMPLETE_v20 page 8_pages_26-50.md
013-017-011,,013,017,"Line - Brake, Steel, Position Not Specified",VMRS_HB_COMPLETE_v20 page 8_pages_26-50.md
013-017-012,,013,017,"Fitting - Brake Hose, Position Not Specified",VMRS_HB_COMPLETE_v20 page 8_pages_26-50.md
013-017-013,,013,017,"Connector - Brake Hose, Position Not Specified",VMRS_HB_COMPLETE_v20 page 8_pages_26-50.md
013-017-014,,013,017,"Repair Kit - Camshaft, Position Not Specified",VMRS_HB_COMPLETE_v20 page 8_pages_26-50.md
013-017-015,,013,017,"Indicator - Brake Stroke, Position Not Specified",VMRS_HB_COMPLETE_v20 page 8_pages_26-50.md
013-017-016,,013,017,Caliper and Bracket Assembly - Position Not,VMRS_HB_COMPLETE_v20 page 8_pages_26-50.md
010-017-010,,010,017,,VMRS_HB_COMPLETE_v20 page 8_pages_26-50.md
013-017-017,,013,017,"Slack Adjuster - Automatic, Position Not",VMRS_HB_COMPLETE_v20 page 8_pages_26-50.md
013-018-000,,013,018,Air Compressor - Electric Vehicle,VMRS_HB_COMPLETE_v20 page 8_pages_26-50.md
013-018-001,,013,018,"Air Compressor Assembly - Electric, High",VMRS_HB_COMPLETE_v20 page 8_pages_26-50.md
010-010-001,,010,010,Veltage,VMRS_HB_COMPLETE_v20 page 8_pages_26-50.md
013-018-002,,013,018,"Cable - Air Compressor, Electric, High Voltage",VMRS_HB_COMPLETE_v20 page 8_pages_26-50.md
013-018-003,,013,018,Wiring Harness - Air Compressor Electric High,VMRS_HB_COMPLETE_v20 page 8_pages_26-50.md
010-010-000,,010,010,Walte and,VMRS_HB_COMPLETE_v20 page 8_pages_26-50.md
014-000-000,,014,000,Frame Components,VMRS_HB_COMPLETE_v20 page 8_pages_26-50.md
014-001-000,,014,001,"Frame Assembly, Components",VMRS_HB_COMPLETE_v20 page 8_pages_26-50.md
014-001-002,,014,001,"Rall - Frame, Side",VMRS_HB_COMPLETE_v20 page 8_pages_26-50.md
014-001-003,,014,001,Cross Member - Front Suspension,VMRS_HB_COMPLETE_v20 page 8_pages_26-50.md
014-001-004,,014,001,Cross Member - Engine Support Front,VMRS_HB_COMPLETE_v20 page 8_pages_26-50.md
014-001-005,,014,001,Orace Member Transmission On Frains,VMRS_HB_COMPLETE_v20 page 8_pages_26-50.md
014-001-006,,014,001,Cross Member - Rear Suspension,VMRS_HB_COMPLETE_v20 page 8_pages_26-50.md
014-001-007,,014,001,,VMRS_HB_COMPLETE_v20 page 8_pages_26-50.md
014-001-008,,014,001,Outrigger - Frame,VMRS_HB_COMPLETE_v20 page 8_pages_26-50.md
014-001-010,,014,001,Deinfersonnente Course Olde D. 1,VMRS_HB_COMPLETE_v20 page 8_pages_26-50.md
014-001-011,,014,001,Cross Member - Cab Mount,VMRS_HB_COMPLETE_v20 page 8_pages_26-50.md
,001-012,001,012,Sten - Frame Bail Mountod,VMRS_HB_COMPLETE_v20 page 8_pages_26-50.md
014-001-012,,014,001,,VMRS_HB_COMPLETE_v20 page 8_pages_26-50.md
014-001-013,,014,001,Support Bracket - Step Mounting,VMRS_HB_COMPLETE_v20 page 8_pages_26-50.md
014-001-014,,014,001,Support Bracket - Side Step,VMRS_HB_COMPLETE_v20 page 8_pages_26-50.md
014-001-015,,014,001,Croastia Cab,VMRS_HB_COMPLETE_v20 page 8_pages_26-50.md
014-001-016,,014,001,Bracket - Cab Crosstie,VMRS_HB_COMPLETE_v20 page 8_pages_26-50.md
014-001-017,,014,001,Spacer - Frame Gusset,VMRS_HB_COMPLETE_v20 page 8_pages_26-50.md
014-001-018,,014,001,Fasteners,VMRS_HB_COMPLETE_v20 page 8_pages_26-50.md
014-001-019,,014,001,A-Brace - End Frame,VMRS_HB_COMPLETE_v20 page 8_pages_26-50.md
014-001-020,,014,001,Cross Member - End Frame,VMRS_HB_COMPLETE_v20 page 8_pages_26-50.md
014-001-022,,014,001,Frame Assembly - Complete,VMRS_HB_COMPLETE_v20 page 8_pages_26-50.md
014-001-029,,014,001,Bar - Weldment,VMRS_HB_COMPLETE_v20 page 8_pages_26-50.md
014-001-030,,014,001,Member - Weldment,VMRS_HB_COMPLETE_v20 page 8_pages_26-50.md
014-004-004,,014,004,Nember - Weidment,VMRS_HB_COMPLETE_v20 page 8_pages_26-50.md
014-001-031,,014,001,"Plate - Stiffener, Engine Mounting",VMRS_HB_COMPLETE_v20 page 8_pages_26-50.md
014-001-032,,014,001,Bracket - Cross Member,VMRS_HB_COMPLETE_v20 page 8_pages_26-50.md
014-001-033,,014,001,Bumper - Side Bail,VMRS_HB_COMPLETE_v20 page 8_pages_26-50.md
014-001-034,,014,001,Rail - Front Side,VMRS_HB_COMPLETE_v20 page 8_pages_26-50.md
014-001-035,,014,001,"Hardware, Mounting - Cross Member, Engine",VMRS_HB_COMPLETE_v20 page 8_pages_26-50.md
014-001-036,,014,001,"Hardware, Mounting - Cross Member, Rear",VMRS_HB_COMPLETE_v20 page 8_pages_26-50.md
014-001-027,,014,001,Hardware Mounting Cross Member Frame,VMRS_HB_COMPLETE_v20 page 8_pages_26-50.md
014-001-037,,014,001,"Hardware, Mounting - Cross Member, Frame",VMRS_HB_COMPLETE_v20 page 8_pages_26-50.md
014-001-038,,014,001,"Hardware, Mounting - Cross Member, End",VMRS_HB_COMPLETE_v20 page 8_pages_26-50.md
014-001-039,,014,001,"Extension - Rail Side, Front",VMRS_HB_COMPLETE_v20 page 8_pages_26-50.md
014-001-040,,014,001,"Hardware, Mounting - Cross Member, Engine",VMRS_HB_COMPLETE_v20 page 8_pages_26-50.md
014-001-041,,014,001,"Hardware, Mounting - Step, Frame Mounted",VMRS_HB_COMPLETE_v20 page 8_pages_26-50.md
014-001-042,,014,001,Huckbolt - Cross Member to Frame,VMRS_HB_COMPLETE_v20 page 8_pages_26-50.md
014-001-043,,014,001,Plate - Cover Bear Cross Mombor,VMRS_HB_COMPLETE_v20 page 8_pages_26-50.md
014-001-044,,014,001,"Extension - Frame Rail, Rear",VMRS_HB_COMPLETE_v20 page 8_pages_26-50.md
014-001-045,,014,001,Liner - Frame Bail,VMRS_HB_COMPLETE_v20 page 8_pages_26-50.md
014-001-046,,014,001,Extension Deinforcement Frame Deil,VMRS_HB_COMPLETE_v20 page 8_pages_26-50.md
014-001-047,,014,001,Forward Frame - Assembly,VMRS_HB_COMPLETE_v20 page 8_pages_26-50.md
014-001-048,,014,001,"Cross Member - Front Closing, Frame Bail",VMRS_HB_COMPLETE_v20 page 8_pages_26-50.md
014-001-049,,014,001,"nemorcement - cross wember, Forward Frame",VMRS_HB_COMPLETE_v20 page 8_pages_26-50.md
014-001-050,,014,001,"Flange - End Of Frame, Bolted",VMRS_HB_COMPLETE_v20 page 8_pages_26-50.md
014-001-051,,014,001,"Bracket - Cross Member, Front Engine Support",VMRS_HB_COMPLETE_v20 page 8_pages_26-50.md
014-001-052,,014,001,Cross Wember - Underslung/Overslung,VMRS_HB_COMPLETE_v20 page 8_pages_26-50.md
014-001-053,,014,001,Closure - Underslung/Overslung Cross Member,VMRS_HB_COMPLETE_v20 page 8_pages_26-50.md
014-001-054,,014,001,Bracket - Underslung/Overslung Cross Member,VMRS_HB_COMPLETE_v20 page 8_pages_26-50.md
014-001-055,,014,001,Driaterearth Orace March 2000,VMRS_HB_COMPLETE_v20 page 8_pages_26-50.md
014-001-056,,014,001,"Plate/Insert - Frame Step, All Wheel Drive",VMRS_HB_COMPLETE_v20 page 8_pages_26-50.md
014-001-057,,014,001,Support - Badiator Lower,VMRS_HB_COMPLETE_v20 page 8_pages_26-50.md
014-001-058,,014,001,"Plate - Side, Hadiator Support",VMRS_HB_COMPLETE_v20 page 8_pages_26-50.md
014-001-059,,014,001,"Plate - Z, Radiator Support",VMRS_HB_COMPLETE_v20 page 8_pages_26-50.md
014-001-060,,014,001,"Plate - Valve, Mounting",VMRS_HB_COMPLETE_v20 page 8_pages_26-50.md
014-001-061,,014,001,"Member - Center, Cross Member",VMRS_HB_COMPLETE_v20 page 8_pages_26-50.md
014-001-062,,014,001,"Member - End, Cross Member",VMRS_HB_COMPLETE_v20 page 8_pages_26-50.md
014-002-022,,014,002,Extension - Bumper,VMRS_HB_COMPLETE_v20 page 8_pages_26-50.md
014-001-063,,014,001,"Beam - Cross Member, End Frame",VMRS_HB_COMPLETE_v20 page 8_pages_26-50.md
014-002-023,,014,002,"Hardware, Mounting - Extension Bumper",VMRS_HB_COMPLETE_v20 page 8_pages_26-50.md
014-001-064,,014,001,Reinforcement - Forward Frame Cross Member,VMRS_HB_COMPLETE_v20 page 8_pages_26-50.md
014-002-024,,014,002,Skid - Plate,VMRS_HB_COMPLETE_v20 page 8_pages_26-50.md
014-001-065,,014,001,"Collar - Huckbolt, Cross Member To Frame",VMRS_HB_COMPLETE_v20 page 8_pages_26-50.md
014-002-025,,014,002,Bumper - Center,VMRS_HB_COMPLETE_v20 page 8_pages_26-50.md
014-001-066,,014,001,"End Cap - Step, Frame Rail Mounted",VMRS_HB_COMPLETE_v20 page 8_pages_26-50.md
014-002-026,,014,002,Bumper End - Left,VMRS_HB_COMPLETE_v20 page 8_pages_26-50.md
014-001-067,,014,001,"Angle Iron - Support, Body to Frame",VMRS_HB_COMPLETE_v20 page 8_pages_26-50.md
014-002-027,,014,002,Bumper End - Right,VMRS_HB_COMPLETE_v20 page 8_pages_26-50.md
014-001-068,,014,001,Bracket - Forward Frame,VMRS_HB_COMPLETE_v20 page 8_pages_26-50.md
014-002-028,,014,002,Skirt - Stepboard Left,VMRS_HB_COMPLETE_v20 page 8_pages_26-50.md
014-001-069,,014,001,Bracket - Extension Forward Frame,VMRS_HB_COMPLETE_v20 page 8_pages_26-50.md
014-002-029,,014,002,"Skirt - Stepboard, Bight",VMRS_HB_COMPLETE_v20 page 8_pages_26-50.md
014-001-070,,014,001,Plate - Frame Attaching,VMRS_HB_COMPLETE_v20 page 8_pages_26-50.md
014-002-030,,014,002,Support - Skirt,VMRS_HB_COMPLETE_v20 page 8_pages_26-50.md
014-001-071,,014,001,Plate - Spacing,VMRS_HB_COMPLETE_v20 page 8_pages_26-50.md
014-002-031,,014,002,Bracket - Skirt Bumper,VMRS_HB_COMPLETE_v20 page 8_pages_26-50.md
014-001-072,,014,001,Protector - Driver Compartment,VMRS_HB_COMPLETE_v20 page 8_pages_26-50.md
014-002-032,,014,002,Brace - Skirt,VMRS_HB_COMPLETE_v20 page 8_pages_26-50.md
014-002-002,,014,002,Hardware Mounting - Side Board Skirt Left,VMRS_HB_COMPLETE_v20 page 8_pages_26-50.md
014-001-074,,014,001,Spring - Framo Attaching,VMRS_HB_COMPLETE_v20 page 8_pages_26-50.md
014-002-034,,014,002,Absorber - Energy Rumper,VMRS_HB_COMPLETE_v20 page 8_pages_26-50.md
014-002-004,,014,002,Modulo Rumpor All,VMRS_HB_COMPLETE_v20 page 8_pages_26-50.md
014-001-075,,014,001,"Backing Flate - Closs Member, Elio of Flame",VMRS_HB_COMPLETE_v20 page 8_pages_26-50.md
014-002-035,,014,002,"Noulie - Bumper, AllRumper Strut Front Rumper",VMRS_HB_COMPLETE_v20 page 8_pages_26-50.md
014-001-077,,014,001,"Plate - Cover, Cab Entry Step, Frame Mounted",VMRS_HB_COMPLETE_v20 page 8_pages_26-50.md
014-002-040,,014,002,Laber - Rear Impact Guard Certification,VMRS_HB_COMPLETE_v20 page 8_pages_26-50.md
014-004-070,,014,004,Step Assembly,VMRS_HB_COMPLETE_v20 page 8_pages_26-50.md
014-002-041,,014,002,Air Dam - Bumper,VMRS_HB_COMPLETE_v20 page 8_pages_26-50.md
014-001-078,,014,001,"Hardware, Mounting - Mounting Bracket, Frame",VMRS_HB_COMPLETE_v20 page 8_pages_26-50.md
014-002-042,,014,002,Support Bracket - Air Dam,VMRS_HB_COMPLETE_v20 page 8_pages_26-50.md
011-001-070,,011,001,Mounted Step Assembly,VMRS_HB_COMPLETE_v20 page 8_pages_26-50.md
014-002-043,,014,002,Gravel Shield - Speaker,VMRS_HB_COMPLETE_v20 page 8_pages_26-50.md
014-001-079,,014,001,"Hardware, Mounting - Mounting Bracket, Step,",VMRS_HB_COMPLETE_v20 page 8_pages_26-50.md
014-002-044,,014,002,Nutplate - Bumper,VMRS_HB_COMPLETE_v20 page 8_pages_26-50.md
014-002-045,,014,002,Tapping Plate - Bumper,VMRS_HB_COMPLETE_v20 page 8_pages_26-50.md
014-001-080,,014,001,"Tension Member - Frame, Left",VMRS_HB_COMPLETE_v20 page 8_pages_26-50.md
014-002-046,,014,002,"Beam - Bumper, Center",VMRS_HB_COMPLETE_v20 page 8_pages_26-50.md
014-001-081,,014,001,"Tension Member - Frame, Right",VMRS_HB_COMPLETE_v20 page 8_pages_26-50.md
014-002-047,,014,002,"Step, Folding, Bumper, Front",VMRS_HB_COMPLETE_v20 page 8_pages_26-50.md
014-001-082,,014,001,"Bracket - Tension Member, Left",VMRS_HB_COMPLETE_v20 page 8_pages_26-50.md
014-002-048,,014,002,"Guide Rod - Bumper, Front",VMRS_HB_COMPLETE_v20 page 8_pages_26-50.md
014-001-083,,014,001,"Bracket - Tension Member, Right",VMRS_HB_COMPLETE_v20 page 8_pages_26-50.md
014-002-049,,014,002,Spacer - Bumper,VMRS_HB_COMPLETE_v20 page 8_pages_26-50.md
014-001-084,,014,001,"Plate - Coupling, Tension Member",VMRS_HB_COMPLETE_v20 page 8_pages_26-50.md
014-002-050,,014,002,"End Cap - Air Dam, Bumper",VMRS_HB_COMPLETE_v20 page 8_pages_26-50.md
014-001-085,,014,001,Skid Plate - Oil Pan Guard,VMRS_HB_COMPLETE_v20 page 8_pages_26-50.md
014-002-051,,014,002,"Support - Step, Bumper",VMRS_HB_COMPLETE_v20 page 8_pages_26-50.md
014-001-086,,014,001,"Support - A-Brace, End Frame",VMRS_HB_COMPLETE_v20 page 8_pages_26-50.md
014-002-052,,014,002,"Plate - Filler, Bumper",VMRS_HB_COMPLETE_v20 page 8_pages_26-50.md
014-001-087,,014,001,"Plate - Tow/Tie, Forward Frame",VMRS_HB_COMPLETE_v20 page 8_pages_26-50.md
014-002-053,,014,002,Grille - Bumper,VMRS_HB_COMPLETE_v20 page 8_pages_26-50.md
014-001-088,,014,001,"Spacer - Radiator Support, Bottom",VMRS_HB_COMPLETE_v20 page 8_pages_26-50.md
014-002-054,,014,002,Bracket - Rear Bumper,VMRS_HB_COMPLETE_v20 page 8_pages_26-50.md
014-001-089,,014,001,"Reinforcement - Cross Member, Rear",VMRS_HB_COMPLETE_v20 page 8_pages_26-50.md
014-002-065,,014,002,"Guard - Impact, Rear",VMRS_HB_COMPLETE_v20 page 8_pages_26-50.md
014-002-066,,014,002,"Bracket - Impact Guard, Rear",VMRS_HB_COMPLETE_v20 page 8_pages_26-50.md
014-001-090,,014,001,"Spacer - Reinforcement, Frame Rail",VMRS_HB_COMPLETE_v20 page 8_pages_26-50.md
014-002-067,,014,002,"Brace - Bumper, Rear",VMRS_HB_COMPLETE_v20 page 8_pages_26-50.md
014-001-091,,014,001,Tower - Suspension Strut,VMRS_HB_COMPLETE_v20 page 8_pages_26-50.md
014-002-068,,014,002,Hardware Mounting - Rear Bumper Bracket,VMRS_HB_COMPLETE_v20 page 8_pages_26-50.md
014-001-092,,014,001,End - Frame Rail,VMRS_HB_COMPLETE_v20 page 8_pages_26-50.md
014-002-069,,014,002,"Hardware, Mounting - Rear Bumper Brace",VMRS_HB_COMPLETE_v20 page 8_pages_26-50.md
014-001-093,,014,001,Side Member Assembly - Frame,VMRS_HB_COMPLETE_v20 page 8_pages_26-50.md
014-002-070,,014,002,Kit - Repair Bumper,VMRS_HB_COMPLETE_v20 page 8_pages_26-50.md
014-001-094,,014,001,Cross Member - Side Member Frame,VMRS_HB_COMPLETE_v20 page 8_pages_26-50.md
014-002-071,,014,002,Trim - Bumper,VMRS_HB_COMPLETE_v20 page 8_pages_26-50.md
014-002-077,,014,002,End Cap - Front Bumper,VMRS_HB_COMPLETE_v20 page 8_pages_26-50.md
014-001-095,,014,001,Plug - Access Body,VMRS_HB_COMPLETE_v20 page 8_pages_26-50.md
014-002-072,,014,002,Cover - Front Bumper,VMRS_HB_COMPLETE_v20 page 8_pages_26-50.md
014-001-097,,014,001,Apron Assembly - Fondor,VMRS_HB_COMPLETE_v20 page 8_pages_26-50.md
014-002-073,,014,002,Tread - Stop Front Bumpor,VMRS_HB_COMPLETE_v20 page 8_pages_26-50.md
014-002-074,,014,002,Panal Insort Air Dam Contor,VMRS_HB_COMPLETE_v20 page 8_pages_26-50.md
014-002-075,,014,002,"Panel Insert Air Dam, Center",VMRS_HB_COMPLETE_v20 page 8_pages_26-50.md
014-001-099,,014,001,Reinforcement Frame,VMRS_HB_COMPLETE_v20 page 8_pages_26-50.md
014-001-100,,014,001,Remotement - Frame,VMRS_HB_COMPLETE_v20 page 8_pages_26-50.md
014-001-101,,014,001,"Sleeve - Cushion, Frame",VMRS_HB_COMPLETE_v20 page 8_pages_26-50.md
014-002-078,,014,002,Cover - Rear Bumper,VMRS_HB_COMPLETE_v20 page 8_pages_26-50.md
014-001-102,,014,001,"Insulator - Cross Member, Suspension",VMRS_HB_COMPLETE_v20 page 8_pages_26-50.md
014-002-079,,014,002,End Cap - Rear Bumper,VMRS_HB_COMPLETE_v20 page 8_pages_26-50.md
014-001-103,,014,001,"Stopper - Cross Member, Suspension",VMRS_HB_COMPLETE_v20 page 8_pages_26-50.md
014-002-080,,014,002,"Screen - Air Intake, Front Bumper",VMRS_HB_COMPLETE_v20 page 8_pages_26-50.md
014-001-104,,014,001,Repair Kit - Cross Member,VMRS_HB_COMPLETE_v20 page 8_pages_26-50.md
014-002-081,,014,002,Latch - Bumper,VMRS_HB_COMPLETE_v20 page 8_pages_26-50.md
014-001-105,,014,001,Drawbar,VMRS_HB_COMPLETE_v20 page 8_pages_26-50.md
014-002-082,,014,002,"Support - Bumper Latch, Right",VMRS_HB_COMPLETE_v20 page 8_pages_26-50.md
014-002-000,,014,002,Bumpers & Attaching Parts,VMRS_HB_COMPLETE_v20 page 8_pages_26-50.md
014-002-083,,014,002,"Support - Bumper Latch, Left",VMRS_HB_COMPLETE_v20 page 8_pages_26-50.md
014-002-001,,014,002,Bumper Assembly - Front,VMRS_HB_COMPLETE_v20 page 8_pages_26-50.md
014-002-084,,014,002,"Cap - Cover, Front Bumper",VMRS_HB_COMPLETE_v20 page 8_pages_26-50.md
014-002-085,,014,002,"Guide - Corner Cover, Front Bumper",VMRS_HB_COMPLETE_v20 page 8_pages_26-50.md
014-002-003,,014,002,"Bar - Face, Front Bumper",VMRS_HB_COMPLETE_v20 page 8_pages_26-50.md
014-002-086,,014,002,"Panel - Cover Filler, Front Bumper",VMRS_HB_COMPLETE_v20 page 8_pages_26-50.md
014-002-087,,014,002,"Cap - Cover Filler Panel, Front Bumper",VMRS_HB_COMPLETE_v20 page 8_pages_26-50.md
014-002-005,,014,002,"Hardware, Mounting - Front Bumper Face Bar",VMRS_HB_COMPLETE_v20 page 8_pages_26-50.md
014-002-088,,014,002,"Heat Shield - Cover, Front Bumper",VMRS_HB_COMPLETE_v20 page 8_pages_26-50.md
014-002-006,,014,002,Bracket - Front Bumper,VMRS_HB_COMPLETE_v20 page 8_pages_26-50.md
014-002-089,,014,002,"Cover - Hole, Front Bumper",VMRS_HB_COMPLETE_v20 page 8_pages_26-50.md
014-002-007,,014,002,Bumper Assembly - Rear,VMRS_HB_COMPLETE_v20 page 8_pages_26-50.md
014-002-090,,014,002,Insulator - Cover - Front Bumper,VMRS_HB_COMPLETE_v20 page 8_pages_26-50.md
014-002-008,,014,002,"Hardware, Mounting - Rear Bumper Assembly",VMRS_HB_COMPLETE_v20 page 8_pages_26-50.md
014-002-091,,014,002,"Reinforcement - Cover, Front Bumper",VMRS_HB_COMPLETE_v20 page 8_pages_26-50.md
014-002-009,,014,002,"Bar - Face, Rear Bumper",VMRS_HB_COMPLETE_v20 page 8_pages_26-50.md
014-002-092,,014,002,"Beam - Reinforcement, Cover, Front Bumper",VMRS_HB_COMPLETE_v20 page 8_pages_26-50.md
014-002-010,,014,002,"Bar - Back, Rear Bumper",VMRS_HB_COMPLETE_v20 page 8_pages_26-50.md
014-002-093,,014,002,"Gasket - Reinforcement Beam, Cover, Front",VMRS_HB_COMPLETE_v20 page 8_pages_26-50.md
014-002-011,,014,002,Hardware Mounting - Rear Bumper Face Bar,VMRS_HB_COMPLETE_v20 page 8_pages_26-50.md
014-002-012,,014,002,Guard Assembly - Bumper,VMRS_HB_COMPLETE_v20 page 8_pages_26-50.md
014-002-094,,014,002,Gasket - Reinforcement Cover Front Bumper,VMRS_HB_COMPLETE_v20 page 8_pages_26-50.md
014-002-013,,014,002,"Hardware, Mounting - Bumper Guard Assembly",VMRS_HB_COMPLETE_v20 page 8_pages_26-50.md
014-002-095,,014,002,"Stay - Cover, Front Bumper",VMRS_HB_COMPLETE_v20 page 8_pages_26-50.md
014-002-014,,014,002,Deflector Assembly - Gravel Front Bumper,VMRS_HB_COMPLETE_v20 page 8_pages_26-50.md
014-002-015,,014,002,Hardware Mounting - Front Rumper Gravel,VMRS_HB_COMPLETE_v20 page 8_pages_26-50.md
,002-010,002,010,Deflector Assembly,VMRS_HB_COMPLETE_v20 page 8_pages_26-50.md
,002-008,002,008,Clamp - Support Cover Front Rumper,VMRS_HB_COMPLETE_v20 page 8_pages_26-50.md
014-002-016,,014,002,Stan Assambly - Boar Rumpor,VMRS_HB_COMPLETE_v20 page 8_pages_26-50.md
014-002-099,,014,002,Cap Cover Deer Pumper,VMRS_HB_COMPLETE_v20 page 8_pages_26-50.md
014-002-017,,014,002,Bumper Blastic Outer,VMRS_HB_COMPLETE_v20 page 8_pages_26-50.md
014-002-100,,014,002,Guido Covor Corpor Boor Bumper,VMRS_HB_COMPLETE_v20 page 8_pages_26-50.md
014-002-018,,014,002,Stop Disto Rumper,VMRS_HB_COMPLETE_v20 page 8_pages_26-50.md
014-002-101,,014,002,"Band Cover, Corner, Rear Burrier",VMRS_HB_COMPLETE_v20 page 8_pages_26-50.md
014-002-019,,014,002,"Stop - Plate, Burnper",VMRS_HB_COMPLETE_v20 page 8_pages_26-50.md
014-002-102,,014,002,"Pariel - Cover Filler, Rear Bumper",VMRS_HB_COMPLETE_v20 page 8_pages_26-50.md
014-002-020,,014,002,Support - Bumper Plate,VMRS_HB_COMPLETE_v20 page 8_pages_26-50.md
014-002-103,,014,002,"Cap - Panel, Cover Filler, Rear Bumper",VMRS_HB_COMPLETE_v20 page 8_pages_26-50.md
014-002-021,,014,002,Remorcement - Bumper,VMRS_HB_COMPLETE_v20 page 8_pages_26-50.md
014-002-104,,014,002,"neat Snield - Cover, Rear Bumper",VMRS_HB_COMPLETE_v20 page 8_pages_26-50.md
014-002-105,,014,002,"Cover - Hole, Rear Bumper",VMRS_HB_COMPLETE_v20 page 8_pages_26-50.md
014-002-106,,014,002,"Insulator - Cover, Rear Bumper",VMRS_HB_COMPLETE_v20 page 8_pages_26-50.md
014-002-107,,014,002,"Reinforcement - Cover, Rear Bumper",VMRS_HB_COMPLETE_v20 page 8_pages_26-50.md
014-002-108,,014,002,"Beam - Reinforcement, Cover, Rear Bumper",VMRS_HB_COMPLETE_v20 page 8_pages_26-50.md
014-002-109,,014,002,"Gasket - Reinforcement Beam, Cover, Rear",VMRS_HB_COMPLETE_v20 page 8_pages_26-50.md
014-002-110,,014,002,Gasket - Reinforcement Cover Rear Bumper,VMRS_HB_COMPLETE_v20 page 8_pages_26-50.md
014-002-111,,014,002,Stay - Cover Rear Bumper,VMRS_HB_COMPLETE_v20 page 8_pages_26-50.md
014-002-112,,014,002,"Stop - Cover, Rear Bumper",VMRS_HB_COMPLETE_v20 page 8_pages_26-50.md
014-002-114,,014,002,"Inculator Support Cover, Real Dumper",VMRS_HB_COMPLETE_v20 page 8_pages_26-50.md
014-002-115,,014,002,"Insulator - Support, Cover, Rear Bumper",VMRS_HB_COMPLETE_v20 page 8_pages_26-50.md
014-002-117,,014,002,Emblem - Bumper,VMRS_HB_COMPLETE_v20 page 8_pages_26-50.md
014-002-118,,014,002,"Gasket - Emplem, Bumper",VMRS_HB_COMPLETE_v20 page 8_pages_26-50.md
014-002-119,,014,002,"Cap - Iow Eye, Cover, Bumper",VMRS_HB_COMPLETE_v20 page 8_pages_26-50.md
014-002-120,,014,002,"Bar - Impact, Bumper",VMRS_HB_COMPLETE_v20 page 8_pages_26-50.md
014-002-121,,014,002,"Clamp - Impact Bar, Bumper",VMRS_HB_COMPLETE_v20 page 8_pages_26-50.md
014-002-122,,014,002,"Gasket - Impact Bar, Bumper",VMRS_HB_COMPLETE_v20 page 8_pages_26-50.md
014-002-123,,014,002,"Boot - Energy Absorber, Bumper",VMRS_HB_COMPLETE_v20 page 8_pages_26-50.md
014-002-124,,014,002,Protector - Bumper,VMRS_HB_COMPLETE_v20 page 8_pages_26-50.md
014-002-125,,014,002,"Pad - Step, Rear Bumper",VMRS_HB_COMPLETE_v20 page 8_pages_26-50.md
014-002-126,,014,002,"Gasket - Energy Absorber, Bumper",VMRS_HB_COMPLETE_v20 page 8_pages_26-50.md
014-002-127,,014,002,Molding - Bumper,VMRS_HB_COMPLETE_v20 page 8_pages_26-50.md
014-002-128,,014,002,"Mount - Face Bar, Bumper",VMRS_HB_COMPLETE_v20 page 8_pages_26-50.md
014-002-129,,014,002,"Pad - Guard, Bumper",VMRS_HB_COMPLETE_v20 page 8_pages_26-50.md
014-002-130,,014,002,"Cover - Joint, Bumper",VMRS_HB_COMPLETE_v20 page 8_pages_26-50.md
014-002-131,,014,002,"Cap - Valance Panel, Bumper",VMRS_HB_COMPLETE_v20 page 8_pages_26-50.md
014-002-132,,014,002,Shield - Splash Bumper,VMRS_HB_COMPLETE_v20 page 8_pages_26-50.md
014-002-133,,014,002,Shield - Lower Front Bumper,VMRS_HB_COMPLETE_v20 page 8_pages_26-50.md
014-002-134,,014,002,Seal - Bumper to Hood Left Front Bumper,VMRS_HB_COMPLETE_v20 page 8_pages_26-50.md
014-002-135,,014,002,"Seal - Bumper to Hood, Bight, Front Bumper",VMRS_HB_COMPLETE_v20 page 8_pages_26-50.md
014-002-136,,014,002,Bumper Assembly - Left Front,VMRS_HB_COMPLETE_v20 page 8_pages_26-50.md
014-002-137,,014,002,Soal Rumper to Head Center Front Rumper,VMRS_HB_COMPLETE_v20 page 8_pages_26-50.md
014-003-000,,014,003,Engine Mountings,VMRS_HB_COMPLETE_v20 page 8_pages_26-50.md
014-003-001,,014,003,"Bracket - On Engine, Front",VMRS_HB_COMPLETE_v20 page 8_pages_26-50.md
014-003-002,,014,003,"Bracket - On Frame, Front",VMRS_HB_COMPLETE_v20 page 8_pages_26-50.md
014-003-003,,014,003,"Hardware, Mounting - On Engine Front Bracket",VMRS_HB_COMPLETE_v20 page 8_pages_26-50.md
014-003-004,,014,003,"Bracket - On Frame, Rear",VMRS_HB_COMPLETE_v20 page 8_pages_26-50.md
014-003-005,,014,003,"Bracket - On Engine Or Transmission, Rear",VMRS_HB_COMPLETE_v20 page 8_pages_26-50.md
014-003-006,,014,003,"Hardware, Mounting - On Frame Rear Bracket",VMRS_HB_COMPLETE_v20 page 8_pages_26-50.md
014-003-008,,014,003,Insulator - Front,VMRS_HB_COMPLETE_v20 page 8_pages_26-50.md
014-003-009,,014,003,"Insulator - Engine, Rear",VMRS_HB_COMPLETE_v20 page 8_pages_26-50.md
014-003-010,,014,003,Insulator - Transmission,VMRS_HB_COMPLETE_v20 page 8_pages_26-50.md
014-003-013,,014,003,Stud - Engine Mounting,VMRS_HB_COMPLETE_v20 page 8_pages_26-50.md
014-003-014,,014,003,"Sleeve - Engine Mounting, Front",VMRS_HB_COMPLETE_v20 page 8_pages_26-50.md
014-003-015,,014,003,"Bearing - Mounting Bracket, Front (On Engine)",VMRS_HB_COMPLETE_v20 page 8_pages_26-50.md
014-003-016,,014,003,Spacer - Engine Mounting,VMRS_HB_COMPLETE_v20 page 8_pages_26-50.md
014-003-017,,014,003,Rod (Strut) - Engine To Frame,VMRS_HB_COMPLETE_v20 page 8_pages_26-50.md
014-003-018,,014,003,"Shim - Engine Or Transmission, Rear",VMRS_HB_COMPLETE_v20 page 8_pages_26-50.md
014-003-019,,014,003,"Washer/Insulator - Engine Mounting, Rear",VMRS_HB_COMPLETE_v20 page 8_pages_26-50.md
014-003-020,,014,003,Bolt - Engine Mounting,VMRS_HB_COMPLETE_v20 page 8_pages_26-50.md
014-003-021,,014,003,Support Bracket - Flywheel,VMRS_HB_COMPLETE_v20 page 8_pages_26-50.md
014-003-022,,014,003,Cap - Engine Support Bear,VMRS_HB_COMPLETE_v20 page 8_pages_26-50.md
014-003-023,,014,003,Mounting - Flywheel,VMRS_HB_COMPLETE_v20 page 8_pages_26-50.md
014-003-024,,014,003,Pin - Support Engine,VMRS_HB_COMPLETE_v20 page 8_pages_26-50.md
014-003-030,,014,003,Overbell Transmission,VMRS_HB_COMPLETE_v20 page 8_pages_26-50.md
014-003-037,,014,003,Support Transmission Dear,VMRS_HB_COMPLETE_v20 page 8_pages_26-50.md
014-003-040,,014,003,Prevention Print Dear Transmission Current,VMRS_HB_COMPLETE_v20 page 8_pages_26-50.md
014-003-041,,014,003,"Spacer - Bracket, Transmission Mounting",VMRS_HB_COMPLETE_v20 page 8_pages_26-50.md
014-003-042,,014,003,Iorque Strut - Engine Mount,VMRS_HB_COMPLETE_v20 page 8_pages_26-50.md
014-003-043,,014,003,"Kit - Mount, Engine, Rear",VMRS_HB_COMPLETE_v20 page 8_pages_26-50.md
014-003-044,,014,003,Cradle - Engine,VMRS_HB_COMPLETE_v20 page 8_pages_26-50.md
014-003-045,,014,003,"Insulator - Cradle, Engine",VMRS_HB_COMPLETE_v20 page 8_pages_26-50.md
014-003-046,,014,003,Mount - Transmission,VMRS_HB_COMPLETE_v20 page 8_pages_26-50.md
014-003-047,,014,003,"Absorber - Vibration, Transmission",VMRS_HB_COMPLETE_v20 page 8_pages_26-50.md
014-003-048,,014,003,"Insulator - Torque Strut, Engine`",VMRS_HB_COMPLETE_v20 page 8_pages_26-50.md
014-003-049,,014,003,"Mount - Torque Strut, Engine",VMRS_HB_COMPLETE_v20 page 8_pages_26-50.md
,003-050,003,050,"Bushing - Mount, Engine",VMRS_HB_COMPLETE_v20 page 8_pages_26-50.md
,003-051,003,051,Heat Shield - Engine Mount,VMRS_HB_COMPLETE_v20 page 8_pages_26-50.md
,003-052,003,052,"Gasket - Heat Shield, Engine Mount",VMRS_HB_COMPLETE_v20 page 8_pages_26-50.md
,003-053,003,053,"Insulator - Support Bracket, Engine Mount",VMRS_HB_COMPLETE_v20 page 8_pages_26-50.md
,003-054,003,054,"Plate - Anchor, Engine",VMRS_HB_COMPLETE_v20 page 8_pages_26-50.md
,003-055,003,055,"Kit - Mount, Engine, Front",VMRS_HB_COMPLETE_v20 page 8_pages_26-50.md
,003-056,003,056,Isolator - Engine Mount,VMRS_HB_COMPLETE_v20 page 8_pages_26-50.md
,004-000,004,000,Cab & Body Mountings,VMRS_HB_COMPLETE_v20 page 8_pages_26-50.md
,004-001,004,001,Bracket - Body To Frame,VMRS_HB_COMPLETE_v20 page 8_pages_26-50.md
,004-002,004,002,"Spacer - Body Bolt, Frame",VMRS_HB_COMPLETE_v20 page 8_pages_26-50.md
,004-003,004,003,Insulator - Body To Frame,VMRS_HB_COMPLETE_v20 page 8_pages_26-50.md
,004-004,004,004,"Cushion - Cab, Front",VMRS_HB_COMPLETE_v20 page 8_pages_26-50.md
,004-005,004,005,"Cushion - Cab, Rear",VMRS_HB_COMPLETE_v20 page 8_pages_26-50.md
,004-006,004,006,Shim - Body To Frame,VMRS_HB_COMPLETE_v20 page 8_pages_26-50.md
,004-008,004,008,"Support - Cab, Front",VMRS_HB_COMPLETE_v20 page 8_pages_26-50.md
,004-009,004,009,"Support - Cab, Rear",VMRS_HB_COMPLETE_v20 page 8_pages_26-50.md
,004-010,004,010,Iorsion Bar - Till CapBreaket Tarajan Bar Tilt Cab,VMRS_HB_COMPLETE_v20 page 8_pages_26-50.md
,004-011,004,011,"Bracket - Torsion Bar, Till Cap",VMRS_HB_COMPLETE_v20 page 8_pages_26-50.md
,004-012,004,012,Randle - Cab Hold Down,VMRS_HB_COMPLETE_v20 page 8_pages_26-50.md
,004-013,004,013,Rod - Cab Hold Down,VMRS_HB_COMPLETE_v20 page 8_pages_26-50.md
,004-014,004,014,Reackat Cab Hold Down,VMRS_HB_COMPLETE_v20 page 8_pages_26-50.md
,004-015,004,015,Diacket - Cab Hold-Down,VMRS_HB_COMPLETE_v20 page 8_pages_26-50.md
,004-017,004,017,Hinge - Cab,VMRS_HB_COMPLETE_v20 page 8_pages_26-50.md
,004-019,004,019,Pin - Bushing Cab Hinge,VMRS_HB_COMPLETE_v20 page 8_pages_26-50.md
,004-020,004,020,II-Bolt - Body To Frame,VMRS_HB_COMPLETE_v20 page 8_pages_26-50.md
,004-022,004,022,Bolt - Cab To Frame,VMRS_HB_COMPLETE_v20 page 8_pages_26-50.md
,004-023,004,023,Air Chamber - Cab Mounting Rear,VMRS_HB_COMPLETE_v20 page 8_pages_26-50.md
,004-024,004,024,Leveling Valve - Cab Mount,VMRS_HB_COMPLETE_v20 page 8_pages_26-50.md
,004-025,004,025,Bolt - Cab Latch Handle,VMRS_HB_COMPLETE_v20 page 8_pages_26-50.md
,004-027,004,027,Shock Absorber - Cab,VMRS_HB_COMPLETE_v20 page 8_pages_26-50.md
,004-028,004,028,Mounting Bracket - Sleeper,VMRS_HB_COMPLETE_v20 page 8_pages_26-50.md
,004-029,004,029,"Insulator - Mounting, Sleeper",VMRS_HB_COMPLETE_v20 page 8_pages_26-50.md
,004-030,004,030,"Air Spring Assembly - Cab, Rear",VMRS_HB_COMPLETE_v20 page 8_pages_26-50.md
,004-031,004,031,Doubler - Rear Sill,VMRS_HB_COMPLETE_v20 page 8_pages_26-50.md
,004-032,004,032,Adapter - Cab Mount,VMRS_HB_COMPLETE_v20 page 8_pages_26-50.md
,004-033,004,033,Bracket - Cab Leveling Valve,VMRS_HB_COMPLETE_v20 page 8_pages_26-50.md
,004-034,004,034,Linkage - Cab Leveling Valve,VMRS_HB_COMPLETE_v20 page 8_pages_26-50.md
,004-035,004,035,"Washer/Insulator - Cab Mounting, Front",VMRS_HB_COMPLETE_v20 page 8_pages_26-50.md
,004-036,004,036,Mounting Bracket - Air Spring,VMRS_HB_COMPLETE_v20 page 8_pages_26-50.md
,004-037,004,037,"Spring - Suspension, Cab",VMRS_HB_COMPLETE_v20 page 8_pages_26-50.md
,004-038,004,038,Air Line - Cab Mount,VMRS_HB_COMPLETE_v20 page 8_pages_26-50.md
,004-039,004,039,"Bushing - Sway Bar, Cab Mount",VMRS_HB_COMPLETE_v20 page 8_pages_26-50.md
,004-040,004,040,"Strut - Suspension, Cab",VMRS_HB_COMPLETE_v20 page 8_pages_26-50.md
,004-041,004,041,Switch - Cab Latch,VMRS_HB_COMPLETE_v20 page 8_pages_26-50.md
,004-042,004,042,Reinforcement - Cab Mount,VMRS_HB_COMPLETE_v20 page 8_pages_26-50.md
,004-043,004,043,"Bushing - Spring, Cab Mount",VMRS_HB_COMPLETE_v20 page 8_pages_26-50.md
,004-044,004,044,Gasket - Cab Mount,VMRS_HB_COMPLETE_v20 page 8_pages_26-50.md
,004-045,004,045,Gusset - Cab Mount,VMRS_HB_COMPLETE_v20 page 8_pages_26-50.md
,004-046,004,046,Grommet - Cab Mount,VMRS_HB_COMPLETE_v20 page 8_pages_26-50.md
,004-047,004,047,"Piston - Air Spring, Cab Mount",VMRS_HB_COMPLETE_v20 page 8_pages_26-50.md
,004-048,004,048,"Bracket - Shock, Cab Mount",VMRS_HB_COMPLETE_v20 page 8_pages_26-50.md
,004-049,004,049,"Strap - Pull, Cab Mounting Deer",VMRS_HB_COMPLETE_v20 page 8_pages_26-50.md
,004-050,004,050,"Insulator - Cab Mounting, Rear",VMRS_HB_COMPLETE_v20 page 8_pages_26-50.md
,004-051,004,051,"File - Deck Mounting, Outboard",VMRS_HB_COMPLETE_v20 page 8_pages_26-50.md
,004-052,004,052,Plumbing,VMRS_HB_COMPLETE_v20 page 8_pages_26-50.md
,004-053,004,053,O Ding - Cab Suspension Air Line Hese Tube,VMRS_HB_COMPLETE_v20 page 8_pages_26-50.md
,004-055,004,055,Dumbing,VMRS_HB_COMPLETE_v20 page 8_pages_26-50.md
,004-054,004,054,Plug Manifold Cab Loveling Valve,VMRS_HB_COMPLETE_v20 page 8_pages_26-50.md
,004-058,004,058,Hardware Mounting - Rushing Cap Front Cab,VMRS_HB_COMPLETE_v20 page 8_pages_26-50.md
,004-059,004,059,Body Mount Set,VMRS_HB_COMPLETE_v20 page 8_pages_26-50.md
,004-060,004,060,"Bolt - Mounting, Sleeper",VMRS_HB_COMPLETE_v20 page 8_pages_26-50.md
,004-061,004,061,"Bushing - Cab Mounting, Rear",VMRS_HB_COMPLETE_v20 page 8_pages_26-50.md
,004-062,004,062,"Stop - Cab Mounting, Upper",VMRS_HB_COMPLETE_v20 page 8_pages_26-50.md
014-004-063,,014,004,Bushing - Front Cab Mount Isolator,VMRS_HB_COMPLETE_v20 page 8_pages_26-50.md
014-005-077,,014,005,"Screw - Wing, Battery Box Lid",VMRS_HB_COMPLETE_v20 page 8_pages_26-50.md
014-005-000,,014,005,Battery Support,VMRS_HB_COMPLETE_v20 page 8_pages_26-50.md
014-006-000,,014,006,Fuel Tank Support,VMRS_HB_COMPLETE_v20 page 8_pages_26-50.md
014-005-001,,014,005,Support - Battery,VMRS_HB_COMPLETE_v20 page 8_pages_26-50.md
014-006-001,,014,006,Support - Fuel Tank,VMRS_HB_COMPLETE_v20 page 8_pages_26-50.md
014-005-002,,014,005,Retainer - Battery,VMRS_HB_COMPLETE_v20 page 8_pages_26-50.md
014-006-002,,014,006,"Hardware, Mounting - Fuel Tank Support",VMRS_HB_COMPLETE_v20 page 8_pages_26-50.md
014-005-004,,014,005,Mounting Bracket - Battery Box,VMRS_HB_COMPLETE_v20 page 8_pages_26-50.md
014-006-003,,014,006,Mounting Bracket - Fuel Tank,VMRS_HB_COMPLETE_v20 page 8_pages_26-50.md
014-006-004,,014,006,Insulator Eucl Tank Support,VMRS_HB_COMPLETE_v20 page 8_pages_26-50.md
014-005-005,,014,005,Ballery Box,VMRS_HB_COMPLETE_v20 page 8_pages_26-50.md
014-005-006,,014,005,Cover - Battery Box,VMRS_HB_COMPLETE_v20 page 8_pages_26-50.md
014-006-005,,014,006,Spacer - Fuel Tank Bracket,VMRS_HB_COMPLETE_v20 page 8_pages_26-50.md
014-005-007,,014,005,Latch - Battery Box,VMRS_HB_COMPLETE_v20 page 8_pages_26-50.md
014-006-006,,014,006,"Hardware, Mounting - Fuel Tank Bracket",VMRS_HB_COMPLETE_v20 page 8_pages_26-50.md
014-005-008,,014,005,Catch - Battery Box,VMRS_HB_COMPLETE_v20 page 8_pages_26-50.md
014-006-007,,014,006,"Guard - T-Bolt, Fuel Tank Bracket",VMRS_HB_COMPLETE_v20 page 8_pages_26-50.md
014-005-009,,014,005,Clamp - Hold-Down Battery,VMRS_HB_COMPLETE_v20 page 8_pages_26-50.md
014-007-000,,014,007,License Carrier,VMRS_HB_COMPLETE_v20 page 8_pages_26-50.md
014-005-010,,014,005,Bolt - Battery Hold-Down Clamp,VMRS_HB_COMPLETE_v20 page 8_pages_26-50.md
014-007-001,,014,007,Mounting Bracket - License Front,VMRS_HB_COMPLETE_v20 page 8_pages_26-50.md
014-005-011,,014,005,Heater - Battery Box,VMRS_HB_COMPLETE_v20 page 8_pages_26-50.md
014-007-002,,014,007,"Frame - License Plate, Front",VMRS_HB_COMPLETE_v20 page 8_pages_26-50.md
014-005-012,,014,005,Lock - Battery Box,VMRS_HB_COMPLETE_v20 page 8_pages_26-50.md
014-007-003,,014,007,"Mounting Bracket - License, Rear",VMRS_HB_COMPLETE_v20 page 8_pages_26-50.md
014-005-013,,014,005,"Spacer - Rod, Retainer",VMRS_HB_COMPLETE_v20 page 8_pages_26-50.md
014-007-004,,014,007,"Frame - License Plate, Rear",VMRS_HB_COMPLETE_v20 page 8_pages_26-50.md
014-005-015,,014,005,"Hinge - Cover, Battery Box",VMRS_HB_COMPLETE_v20 page 8_pages_26-50.md
014-007-005,,014,007,"Hardware, Mounting - Front License Mounting",VMRS_HB_COMPLETE_v20 page 8_pages_26-50.md
014-005-016,,014,005,Isolator - Battery Stud,VMRS_HB_COMPLETE_v20 page 8_pages_26-50.md
014-005-017,,014,005,Papel Battory Box,VMRS_HB_COMPLETE_v20 page 8_pages_26-50.md
014-007-007,,014,007,Gaskot Lamp Liconso Plato,VMRS_HB_COMPLETE_v20 page 8_pages_26-50.md
014-005-018,,014,005,"Pin - Latch, Battery Box",VMRS_HB_COMPLETE_v20 page 8_pages_26-50.md
014-007-008,,014,007,"Adapter - Bracket, License Plate",VMRS_HB_COMPLETE_v20 page 8_pages_26-50.md
014-005-019,,014,005,Insulator - Battery Box,VMRS_HB_COMPLETE_v20 page 8_pages_26-50.md
014-007-009,,014,007,Housing - License Plate,VMRS_HB_COMPLETE_v20 page 8_pages_26-50.md
014-005-020,,014,005,"Hook - Rubber, Battery Box",VMRS_HB_COMPLETE_v20 page 8_pages_26-50.md
014-007-010,,014,007,Lens - License Plate,VMRS_HB_COMPLETE_v20 page 8_pages_26-50.md
014-005-021,,014,005,"Anchor - Hook, Hold-Down",VMRS_HB_COMPLETE_v20 page 8_pages_26-50.md
014-008-000,,014,008,"Attaching Devices - Hoses, Lines, Tubes & Wire",VMRS_HB_COMPLETE_v20 page 8_pages_26-50.md
014-005-023,,014,005,Door - Battery Box,VMRS_HB_COMPLETE_v20 page 8_pages_26-50.md
014-008-001,,014,008,Clamp - Frame Attaching For Hoses Lines,VMRS_HB_COMPLETE_v20 page 8_pages_26-50.md
014-005-024,,014,005,Plate - Souff,VMRS_HB_COMPLETE_v20 page 8_pages_26-50.md
011-000-001,,011,000,Tubes Wiring,VMRS_HB_COMPLETE_v20 page 8_pages_26-50.md
014-005-025,,014,005,"Hinge - Door, Ballery Box",VMRS_HB_COMPLETE_v20 page 8_pages_26-50.md
014-008-002,,014,008,"Clip - Frame Allaching, For Hoses, Lines, Tubes,",VMRS_HB_COMPLETE_v20 page 8_pages_26-50.md
014-005-026,,014,005,"Plate - Striker, Battery Box",VMRS_HB_COMPLETE_v20 page 8_pages_26-50.md
014-005-027,,014,005,"Hardware, Mounting - Battery Box & Battery Box",VMRS_HB_COMPLETE_v20 page 8_pages_26-50.md
014-008-003,,014,008,"Grommet - Frame (For Wires, Hoses, Tubing,",VMRS_HB_COMPLETE_v20 page 8_pages_26-50.md
014-005-028,,014,005,Step - Battery Box,VMRS_HB_COMPLETE_v20 page 8_pages_26-50.md
014-008-004,,014,008,Conduit - Cable Or Tubing,VMRS_HB_COMPLETE_v20 page 8_pages_26-50.md
014-008-005,,014,008,"Tio Strap Framo, Attaching Hospe Lines",VMRS_HB_COMPLETE_v20 page 8_pages_26-50.md
014-005-029,,014,005,Diater Date,VMRS_HB_COMPLETE_v20 page 8_pages_26-50.md
014-000-005,,014,000,"Tubes, 0 Mining Lleges",VMRS_HB_COMPLETE_v20 page 8_pages_26-50.md
014-005-030,,014,005,Platform - Battery Box,VMRS_HB_COMPLETE_v20 page 8_pages_26-50.md
014-005-031,,014,005,Rod - Retainer,VMRS_HB_COMPLETE_v20 page 8_pages_26-50.md
014-008-006,,014,008,"Support Bracket - Hoses, Lines, Tubes & Wire",VMRS_HB_COMPLETE_v20 page 8_pages_26-50.md
014-005-033,,014,005,"Tray - Lower Section, Battery Box",VMRS_HB_COMPLETE_v20 page 8_pages_26-50.md
014-008-007,,014,008,Bracket - Stand Off,VMRS_HB_COMPLETE_v20 page 8_pages_26-50.md
014-005-034,,014,005,"Bracket - Hinge, Battery Box",VMRS_HB_COMPLETE_v20 page 8_pages_26-50.md
014-008-008,,014,008,"Holder/Cover - Wiring/Plumbing, Protection",VMRS_HB_COMPLETE_v20 page 8_pages_26-50.md
014-005-035,,014,005,"Decal - Jumper Starting, Battery",VMRS_HB_COMPLETE_v20 page 8_pages_26-50.md
014-008-009,,014,008,"Cushion - Block, Hose Clamp",VMRS_HB_COMPLETE_v20 page 8_pages_26-50.md
014-005-040,,014,005,Spacer - Battery Box,VMRS_HB_COMPLETE_v20 page 8_pages_26-50.md
014-008-010,,014,008,Hardware Mounting - Attachment Device,VMRS_HB_COMPLETE_v20 page 8_pages_26-50.md
014-000-010,,014,000,Manifold Convolute Tubing,VMRS_HB_COMPLETE_v20 page 8_pages_26-50.md
014-005-041,,014,005,"Spacer - Cover, Ballery Box",VMRS_HB_COMPLETE_v20 page 8_pages_26-50.md
014-000-011,,014,000,Mannold - Convolute Tubing,VMRS_HB_COMPLETE_v20 page 8_pages_26-50.md
014-005-042,,014,005,"Spacer - Tray, Battery Box",VMRS_HB_COMPLETE_v20 page 8_pages_26-50.md
014-008-012,,014,008,Nut - Convolute Tubing,VMRS_HB_COMPLETE_v20 page 8_pages_26-50.md
014-005-043,,014,005,"Support - Catch, Battery Box",VMRS_HB_COMPLETE_v20 page 8_pages_26-50.md
014-008-013,,014,008,Seal - Convolute Tubing,VMRS_HB_COMPLETE_v20 page 8_pages_26-50.md
014-005-044,,014,005,"Anchor - Latch Bracket, Battery Box",VMRS_HB_COMPLETE_v20 page 8_pages_26-50.md
014-008-014,,014,008,"Clip - Cover, Wiring/Plumbing",VMRS_HB_COMPLETE_v20 page 8_pages_26-50.md
014-005-045,,014,005,Frame - Battery Box,VMRS_HB_COMPLETE_v20 page 8_pages_26-50.md
014-008-015,,014,008,Pass-Thru Assembly,VMRS_HB_COMPLETE_v20 page 8_pages_26-50.md
014-005-046,,014,005,Step Brackets - Battery Box,VMRS_HB_COMPLETE_v20 page 8_pages_26-50.md
014-008-016,,014,008,Cross Member - Cable Support,VMRS_HB_COMPLETE_v20 page 8_pages_26-50.md
014-005-047,,014,005,Strut Battory Box Lid,VMRS_HB_COMPLETE_v20 page 8_pages_26-50.md
014-009-000,,014,009,,VMRS_HB_COMPLETE_v20 page 8_pages_26-50.md
014-005-048,,014,005,"Shield - Debris, Battery Box",VMRS_HB_COMPLETE_v20 page 8_pages_26-50.md
014-009-001,,014,009,Support Channel - Rear,VMRS_HB_COMPLETE_v20 page 8_pages_26-50.md
014-005-049,,014,005,Extrusion - Battery Box,VMRS_HB_COMPLETE_v20 page 8_pages_26-50.md
014-009-002,,014,009,Mounting Bracket - Rear,VMRS_HB_COMPLETE_v20 page 8_pages_26-50.md
014-005-050,,014,005,"Seal - Cover, Battery Box",VMRS_HB_COMPLETE_v20 page 8_pages_26-50.md
014-009-003,,014,009,Support - Rear,VMRS_HB_COMPLETE_v20 page 8_pages_26-50.md
014-005-051,,014,005,"Clip - Cover, Battery Box",VMRS_HB_COMPLETE_v20 page 8_pages_26-50.md
014-009-004,,014,009,Spacer - Cross Member,VMRS_HB_COMPLETE_v20 page 8_pages_26-50.md
014-005-052,,014,005,Backing Plate - Latch,VMRS_HB_COMPLETE_v20 page 8_pages_26-50.md
014-009-005,,014,009,Mounting Bracket - Front,VMRS_HB_COMPLETE_v20 page 8_pages_26-50.md
014-005-053,,014,005,Spring - Gas Cover Battery Box,VMRS_HB_COMPLETE_v20 page 8_pages_26-50.md
014-009-006,,014,009,Mount - Rubber Sleeper Mounting,VMRS_HB_COMPLETE_v20 page 8_pages_26-50.md
014-005-055,,014,005,"Opting - Class, Cover, Dattery Dox",VMRS_HB_COMPLETE_v20 page 8_pages_26-50.md
014-005-054,,014,005,"Cover - Floor Inm, Brake Pedal",VMRS_HB_COMPLETE_v20 page 8_pages_26-50.md
014-009-007,,014,009,Adapter - Mounting,VMRS_HB_COMPLETE_v20 page 8_pages_26-50.md
014-009-008,,014,009,Spacer - Cab Support,VMRS_HB_COMPLETE_v20 page 8_pages_26-50.md
014-005-056,,014,005,Slide - Battery Box,VMRS_HB_COMPLETE_v20 page 8_pages_26-50.md
014-009-009,,014,009,"Cable - Ground, Sleeper Mounting",VMRS_HB_COMPLETE_v20 page 8_pages_26-50.md
014-005-057,,014,005,Stop - Battery Tray,VMRS_HB_COMPLETE_v20 page 8_pages_26-50.md
014-009-010,,014,009,"Hardware, Mounting - Rear Mounting Bracket",VMRS_HB_COMPLETE_v20 page 8_pages_26-50.md
014-005-058,,014,005,Slider - Battery Trav,VMRS_HB_COMPLETE_v20 page 8_pages_26-50.md
014-009-011,,014,009,Hardware Mounting - Rear Support,VMRS_HB_COMPLETE_v20 page 8_pages_26-50.md
014-000-012,,014,000,"Hardware, Mounting - Front Mounting Bracket",VMRS_HB_COMPLETE_v20 page 8_pages_26-50.md
014-005-059,,014,005,Key Oct Lock Dettery Dox,VMRS_HB_COMPLETE_v20 page 8_pages_26-50.md
014-009-012,,014,009,Stend Side (Center,VMRS_HB_COMPLETE_v20 page 8_pages_26-50.md
014-005-060,,014,005,"Key Sel - Lock, Ballery Box",VMRS_HB_COMPLETE_v20 page 8_pages_26-50.md
014-009-013,,014,009,Stand - Side / Center,VMRS_HB_COMPLETE_v20 page 8_pages_26-50.md
014-005-061,,014,005,"Angle - Rail Mounting, Battery Box",VMRS_HB_COMPLETE_v20 page 8_pages_26-50.md
014-009-015,,014,009,Spring - Side / Center,VMRS_HB_COMPLETE_v20 page 8_pages_26-50.md
014-005-062,,014,005,Drip Rail - Battery Box,VMRS_HB_COMPLETE_v20 page 8_pages_26-50.md
014-009-017,,014,009,Bracket,VMRS_HB_COMPLETE_v20 page 8_pages_26-50.md
014-005-063,,014,005,"Bearing - Tray, Battery",VMRS_HB_COMPLETE_v20 page 8_pages_26-50.md
014-009-018,,014,009,Hardware. Mounting - Rear Support Channel,VMRS_HB_COMPLETE_v20 page 8_pages_26-50.md
014-005-064,,014,005,Cable - Door Hold Battery Compartment,VMRS_HB_COMPLETE_v20 page 8_pages_26-50.md
014-009-019,,014,009,Shock Absorber - Sleeper Mounting,VMRS_HB_COMPLETE_v20 page 8_pages_26-50.md
014-005-065,,014,005,Switch Panel - Battony Compartment,VMRS_HB_COMPLETE_v20 page 8_pages_26-50.md
,000-020,000,020,Hardware Mounting Shock Absorber Slooper,VMRS_HB_COMPLETE_v20 page 8_pages_26-50.md
014-009-020,,014,009,Taalbay Mounting,VMRS_HB_COMPLETE_v20 page 8_pages_26-50.md
014-010-000,,014,010,,VMRS_HB_COMPLETE_v20 page 8_pages_26-50.md
014-005-067,,014,005,"Backing Plate - Front Panel, Battery Box",VMRS_HB_COMPLETE_v20 page 8_pages_26-50.md
014-010-001,,014,010,loolbox Assembly,VMRS_HB_COMPLETE_v20 page 8_pages_26-50.md
014-005-068,,014,005,"Pass Thru-Vent - Battery Box, Under Bunk",VMRS_HB_COMPLETE_v20 page 8_pages_26-50.md
014-010-003,,014,010,"Plate - Striker, Toolbox",VMRS_HB_COMPLETE_v20 page 8_pages_26-50.md
014-005-069,,014,005,"Seal - Pass Thru-Vent, Battery Box",VMRS_HB_COMPLETE_v20 page 8_pages_26-50.md
014-010-004,,014,010,"Hook - Rubber, Toolbox",VMRS_HB_COMPLETE_v20 page 8_pages_26-50.md
014-005-070,,014,005,Bushing Bracket - Cover to Battery Box,VMRS_HB_COMPLETE_v20 page 8_pages_26-50.md
014-010-005,,014,010,"Bracket - Rubber Hook, Toolbox Mounting",VMRS_HB_COMPLETE_v20 page 8_pages_26-50.md
014-005-071,,014,005,Bushing Bracket - Chassis Fairing to Battery Box,VMRS_HB_COMPLETE_v20 page 8_pages_26-50.md
014-010-006,,014,010,Catch - Rubber Hook,VMRS_HB_COMPLETE_v20 page 8_pages_26-50.md
014-010-007,,014,010,Hardware Mounting Tealbay According,VMRS_HB_COMPLETE_v20 page 8_pages_26-50.md
,014-005,014,005,"Crossbar - Snield, Battery Box",VMRS_HB_COMPLETE_v20 page 8_pages_26-50.md
014-005-073,,014,005,"Heat Shield - In Rail, Battery Box",VMRS_HB_COMPLETE_v20 page 8_pages_26-50.md
014-010-008,,014,010,Mounting Bracket - Toolbox,VMRS_HB_COMPLETE_v20 page 8_pages_26-50.md
014-005-074,,014,005,Clamp - Battery Tray,VMRS_HB_COMPLETE_v20 page 8_pages_26-50.md
014-010-009,,014,010,Cover - Toolbox,VMRS_HB_COMPLETE_v20 page 8_pages_26-50.md
014-005-075,,014,005,Gasket - Battery Tray,VMRS_HB_COMPLETE_v20 page 8_pages_26-50.md
014-010-010,,014,010,"Hinge - Cover, Toolbox",VMRS_HB_COMPLETE_v20 page 8_pages_26-50.md
014-005-076,,014,005,"Adapter - Vent Tube, Battery",VMRS_HB_COMPLETE_v20 page 8_pages_26-50.md
014-010-011,,014,010,Lock - Toolbox,VMRS_HB_COMPLETE_v20 page 8_pages_26-50.md
014-010-013,,014,010,,VMRS_HB_COMPLETE_v20 page 8_pages_26-50.md
014-015-004,,014,015,"Retainer - Compression Spring, Lifting Hook",VMRS_HB_COMPLETE_v20 page 8_pages_26-50.md
014-015-005,,014,015,,VMRS_HB_COMPLETE_v20 page 8_pages_26-50.md
014-010-015,,014,010,,VMRS_HB_COMPLETE_v20 page 8_pages_26-50.md
014-015-006,,014,015,"Bracket - Storage, Lifting Hook",VMRS_HB_COMPLETE_v20 page 8_pages_26-50.md
014-010-017,,014,010,,VMRS_HB_COMPLETE_v20 page 8_pages_26-50.md
014-015-007,,014,015,"Hardware, Mounting - Lifting Hook Storage",VMRS_HB_COMPLETE_v20 page 8_pages_26-50.md
014-010-018,,014,010,,VMRS_HB_COMPLETE_v20 page 8_pages_26-50.md
014-010-019,,014,010,,VMRS_HB_COMPLETE_v20 page 8_pages_26-50.md
014-015-008,,014,015,"Bar - Retaining, Lifting Hook Storage Bracket",VMRS_HB_COMPLETE_v20 page 8_pages_26-50.md
014-010-020,,014,010,,VMRS_HB_COMPLETE_v20 page 8_pages_26-50.md
014-015-009,,014,015,"Hardware, Mounting - Retaining Bar, Lifting Hook",VMRS_HB_COMPLETE_v20 page 8_pages_26-50.md
014-010-021,,014,010,,VMRS_HB_COMPLETE_v20 page 8_pages_26-50.md
014-010-022,,014,010,,VMRS_HB_COMPLETE_v20 page 8_pages_26-50.md
014-015-010,,014,015,"Bar - Lifting, Left",VMRS_HB_COMPLETE_v20 page 8_pages_26-50.md
014-010-023,,014,010,,VMRS_HB_COMPLETE_v20 page 8_pages_26-50.md
014-015-011,,014,015,"Bar - Lifting, Right",VMRS_HB_COMPLETE_v20 page 8_pages_26-50.md
014-011-000,,014,011,,VMRS_HB_COMPLETE_v20 page 8_pages_26-50.md
014-015-012,,014,015,"Hardware, Mounting - Lift Bar",VMRS_HB_COMPLETE_v20 page 8_pages_26-50.md
014-011-001,,014,011,,VMRS_HB_COMPLETE_v20 page 8_pages_26-50.md
015-000-000,,015,000,Steering,VMRS_HB_COMPLETE_v20 page 8_pages_26-50.md
014-011-002,,014,011,,VMRS_HB_COMPLETE_v20 page 8_pages_26-50.md
015-001-000,,015,001,Steering Wheel,VMRS_HB_COMPLETE_v20 page 8_pages_26-50.md
014-011-003,,014,011,,VMRS_HB_COMPLETE_v20 page 8_pages_26-50.md
015-001-001,,015,001,Steering Wheel Assembly,VMRS_HB_COMPLETE_v20 page 8_pages_26-50.md
014-011-004,,014,011,,VMRS_HB_COMPLETE_v20 page 8_pages_26-50.md
015-001-002,,015,001,Cover - Steering Wheel Hub,VMRS_HB_COMPLETE_v20 page 8_pages_26-50.md
014-011-005,,014,011,,VMRS_HB_COMPLETE_v20 page 8_pages_26-50.md
015-001-003,,015,001,Hub - Upper Shaft To Steering Wheel,VMRS_HB_COMPLETE_v20 page 8_pages_26-50.md
015-001-004,,015,001,Nut - Steering Wheel,VMRS_HB_COMPLETE_v20 page 8_pages_26-50.md
014-011-007,,014,011,,VMRS_HB_COMPLETE_v20 page 8_pages_26-50.md
015-001-005,,015,001,Washer - Steering Wheel,VMRS_HB_COMPLETE_v20 page 8_pages_26-50.md
014-011-008,,014,011,,VMRS_HB_COMPLETE_v20 page 8_pages_26-50.md
015-001-006,,015,001,Grip - Handle Bar,VMRS_HB_COMPLETE_v20 page 8_pages_26-50.md
014-011-009,,014,011,,VMRS_HB_COMPLETE_v20 page 8_pages_26-50.md
015-001-007,,015,001,Solenoid - Steering Wheel Lock,VMRS_HB_COMPLETE_v20 page 8_pages_26-50.md
014-011-010,,014,011,,VMRS_HB_COMPLETE_v20 page 8_pages_26-50.md
015-001-008,,015,001,Switch - Steering Wheel Lock,VMRS_HB_COMPLETE_v20 page 8_pages_26-50.md
014-011-011,,014,011,,VMRS_HB_COMPLETE_v20 page 8_pages_26-50.md
015-001-009,,015,001,Adapter - Steering Wheel,VMRS_HB_COMPLETE_v20 page 8_pages_26-50.md
014-011-012,,014,011,,VMRS_HB_COMPLETE_v20 page 8_pages_26-50.md
015-001-010,,015,001,"Controls - Electronic, Steering Wheel",VMRS_HB_COMPLETE_v20 page 8_pages_26-50.md
014-011-013,,014,011,,VMRS_HB_COMPLETE_v20 page 8_pages_26-50.md
015-001-011,,015,001,"Pin - Cancel Switch, Steering Wheel",VMRS_HB_COMPLETE_v20 page 8_pages_26-50.md
014-011-014,,014,011,,VMRS_HB_COMPLETE_v20 page 8_pages_26-50.md
015-001-012,,015,001,"Chassis - Center, Steering Wheel",VMRS_HB_COMPLETE_v20 page 8_pages_26-50.md
014-011-015,,014,011,,VMRS_HB_COMPLETE_v20 page 8_pages_26-50.md
015-001-013,,015,001,"Cover - Trim, Steering Wheel",VMRS_HB_COMPLETE_v20 page 8_pages_26-50.md
014-011-016,,014,011,,VMRS_HB_COMPLETE_v20 page 8_pages_26-50.md
015-001-014,,015,001,"Center Assembly - Complete, Steering Wheel",VMRS_HB_COMPLETE_v20 page 8_pages_26-50.md
014-011-017,,014,011,,VMRS_HB_COMPLETE_v20 page 8_pages_26-50.md
015-001-015,,015,001,Spinner - Steering Wheel,VMRS_HB_COMPLETE_v20 page 8_pages_26-50.md
014-011-018,,014,011,,VMRS_HB_COMPLETE_v20 page 8_pages_26-50.md
015-001-016,,015,001,"Pad - Horn Base, Steering Wheel",VMRS_HB_COMPLETE_v20 page 8_pages_26-50.md
014-011-019,,014,011,,VMRS_HB_COMPLETE_v20 page 8_pages_26-50.md
015-001-017,,015,001,Padding - Steering Wheel,VMRS_HB_COMPLETE_v20 page 8_pages_26-50.md
014-012-000,,014,012,,VMRS_HB_COMPLETE_v20 page 8_pages_26-50.md
015-001-018,,015,001,"Wiring Harness - Steering Wheel, Smartwheel",VMRS_HB_COMPLETE_v20 page 8_pages_26-50.md
014-012-001,,014,012,,VMRS_HB_COMPLETE_v20 page 8_pages_26-50.md
015-001-019,,015,001,"Kit - Switch, Steering Wheel Pods",VMRS_HB_COMPLETE_v20 page 8_pages_26-50.md
014-012-002,,014,012,,VMRS_HB_COMPLETE_v20 page 8_pages_26-50.md
015-001-020,,015,001,Damper - Steering Wheel,VMRS_HB_COMPLETE_v20 page 8_pages_26-50.md
014-012-003,,014,012,,VMRS_HB_COMPLETE_v20 page 8_pages_26-50.md
015-001-021,,015,001,Emblem - Steering Wheel,VMRS_HB_COMPLETE_v20 page 8_pages_26-50.md
014-012-004,,014,012,,VMRS_HB_COMPLETE_v20 page 8_pages_26-50.md
015-001-022,,015,001,"Control Module - Heater, Steering Wheel",VMRS_HB_COMPLETE_v20 page 8_pages_26-50.md
014-012-005,,014,012,,VMRS_HB_COMPLETE_v20 page 8_pages_26-50.md
015-001-023,,015,001,Plug - Steering Wheel,VMRS_HB_COMPLETE_v20 page 8_pages_26-50.md
014-013-000,,014,013,,VMRS_HB_COMPLETE_v20 page 8_pages_26-50.md
015-001-024,,015,001,"Controls - Radio, Steering Wheel",VMRS_HB_COMPLETE_v20 page 8_pages_26-50.md
014-013-001,,014,013,,VMRS_HB_COMPLETE_v20 page 8_pages_26-50.md
015-001-025,,015,001,"Switch - Control, Transmission Shitt, Steering",VMRS_HB_COMPLETE_v20 page 8_pages_26-50.md
014-013-002,,014,013,,VMRS_HB_COMPLETE_v20 page 8_pages_26-50.md
014-013-003,,014,013,,VMRS_HB_COMPLETE_v20 page 8_pages_26-50.md
015-001-026,,015,001,Bolt - Steering Wheel,VMRS_HB_COMPLETE_v20 page 8_pages_26-50.md
014-013-005,,014,013,,VMRS_HB_COMPLETE_v20 page 8_pages_26-50.md
015-001-027,,015,001,Key Pad - Smartwheel,VMRS_HB_COMPLETE_v20 page 8_pages_26-50.md
014-013-007,,014,013,,VMRS_HB_COMPLETE_v20 page 8_pages_26-50.md
015-001-029,,015,001,"Wiap, Cover - Steering Wheel",VMRS_HB_COMPLETE_v20 page 8_pages_26-50.md
015-002-000,,015,002,Steering Shan Support,VMRS_HB_COMPLETE_v20 page 8_pages_26-50.md
014-014-001,,014,014,,VMRS_HB_COMPLETE_v20 page 8_pages_26-50.md
015-002-001,,015,002,Instrument Panel,VMRS_HB_COMPLETE_v20 page 8_pages_26-50.md
015-002-002,,015,002,Insulator Stooring Column Brackot To,VMRS_HB_COMPLETE_v20 page 8_pages_26-50.md
015-002-003,,015,002,,VMRS_HB_COMPLETE_v20 page 8_pages_26-50.md
014-014-004,,014,014,,VMRS_HB_COMPLETE_v20 page 8_pages_26-50.md
014-014-014,,014,014,,VMRS_HB_COMPLETE_v20 page 8_pages_26-50.md
015-002-004,,015,002,Steering Column,VMRS_HB_COMPLETE_v20 page 8_pages_26-50.md
014-014-005,,014,014,,VMRS_HB_COMPLETE_v20 page 8_pages_26-50.md
014-014-007,,014,014,,VMRS_HB_COMPLETE_v20 page 8_pages_26-50.md
015-002-006,,015,002,Cover - Steering Column,VMRS_HB_COMPLETE_v20 page 8_pages_26-50.md
015-002-007,,015,002,Cap - Column Steering Gear,VMRS_HB_COMPLETE_v20 page 8_pages_26-50.md
014-014-008,,014,014,,VMRS_HB_COMPLETE_v20 page 8_pages_26-50.md
015-002-008,,015,002,Bushing - Bracket Steering Column,VMRS_HB_COMPLETE_v20 page 8_pages_26-50.md
014-014-009,,014,014,,VMRS_HB_COMPLETE_v20 page 8_pages_26-50.md
015-002-009,,015,002,Liner - Bushing Steering Column,VMRS_HB_COMPLETE_v20 page 8_pages_26-50.md
014-014-010,,014,014,,VMRS_HB_COMPLETE_v20 page 8_pages_26-50.md
015-002-010,,015,002,Lever - Locking Tilt Steering Column,VMRS_HB_COMPLETE_v20 page 8_pages_26-50.md
015-002-011,,015,002,Washer - Locking Rod Knob Steering Column,VMRS_HB_COMPLETE_v20 page 8_pages_26-50.md
014-014-011,,014,014,,VMRS_HB_COMPLETE_v20 page 8_pages_26-50.md
015-002-012,,015,002,"Rod - Locking Lever, Tilt Steering Column",VMRS_HB_COMPLETE_v20 page 8_pages_26-50.md
014-014-012,,014,014,,VMRS_HB_COMPLETE_v20 page 8_pages_26-50.md
015-002-013,,015,002,"Sleeve - Locking Bod, Steering Column",VMRS_HB_COMPLETE_v20 page 8_pages_26-50.md
014-014-013,,014,014,,VMRS_HB_COMPLETE_v20 page 8_pages_26-50.md
015-002-014,,015,002,Lock Spring - Tilt Steering Column Handle,VMRS_HB_COMPLETE_v20 page 8_pages_26-50.md
015-002-016,,015,002,,VMRS_HB_COMPLETE_v20 page 8_pages_26-50.md
015-002-015,,015,002,"Cam - Locking, Tilt Steering Column Handle",VMRS_HB_COMPLETE_v20 page 8_pages_26-50.md
014-014-015,,014,014,,VMRS_HB_COMPLETE_v20 page 8_pages_26-50.md
015-002-018,,015,002,,VMRS_HB_COMPLETE_v20 page 8_pages_26-50.md
015-002-017,,015,002,"Repair Kit - Adjuster, Steering Column",VMRS_HB_COMPLETE_v20 page 8_pages_26-50.md
014-014-017,,014,014,,VMRS_HB_COMPLETE_v20 page 8_pages_26-50.md
014-014-018,,014,014,,VMRS_HB_COMPLETE_v20 page 8_pages_26-50.md
015-002-020,,015,002,"Hardware, Mounting - Steering Column Cover",VMRS_HB_COMPLETE_v20 page 8_pages_26-50.md
014-015-000,,014,015,,VMRS_HB_COMPLETE_v20 page 8_pages_26-50.md
015-002-021,,015,002,"Hardware, Mounting - Steering Column",VMRS_HB_COMPLETE_v20 page 8_pages_26-50.md
014-015-001,,014,015,,VMRS_HB_COMPLETE_v20 page 8_pages_26-50.md
015-002-022,,015,002,"Hardware, Mounting - Steering Col. to Instrument",VMRS_HB_COMPLETE_v20 page 8_pages_26-50.md
014-015-002,,014,015,,VMRS_HB_COMPLETE_v20 page 8_pages_26-50.md
014-015-003,,014,015,,VMRS_HB_COMPLETE_v20 page 8_pages_26-50.md
015-002-023,,015,002,"Hardware, Mounting - Steering Gear Column",VMRS_HB_COMPLETE_v20 page 8_pages_26-50.md
015-002-026,,015,002,Base - Steering Column To Fire Wall,VMRS_HB_COMPLETE_v20 page 8_pages_26-50.md
015-003-001,,015,003,Housing - Steering Gear,VMRS_HB_COMPLETE_v20 page 8_pages_26-50.md
015-002-027,,015,002,Collar - Column,VMRS_HB_COMPLETE_v20 page 8_pages_26-50.md
015-003-002,,015,003,"Hardware, Mounting - Steering Gear Housing",VMRS_HB_COMPLETE_v20 page 8_pages_26-50.md
015-002-028,,015,002,Housing and Bushing - Tilt Lever,VMRS_HB_COMPLETE_v20 page 8_pages_26-50.md
015-003-003,,015,003,Plug - Oil Filler Housing,VMRS_HB_COMPLETE_v20 page 8_pages_26-50.md
015-002-029,,015,002,Sensor - Steering Wheel Angle,VMRS_HB_COMPLETE_v20 page 8_pages_26-50.md
015-003-004,,015,003,"Flange - Mounting, Housing",VMRS_HB_COMPLETE_v20 page 8_pages_26-50.md
015-002-030,,015,002,Clip - Steering Column,VMRS_HB_COMPLETE_v20 page 8_pages_26-50.md
015-003-005,,015,003,"Shaft - Steering Column, Lower, Steering Gear",VMRS_HB_COMPLETE_v20 page 8_pages_26-50.md
015-002-031,,015,002,Valve - Tilt Steering Column,VMRS_HB_COMPLETE_v20 page 8_pages_26-50.md
015-003-006,,015,003,Worm & Shaft Assembly,VMRS_HB_COMPLETE_v20 page 8_pages_26-50.md
015-002-032,,015,002,Line Air - Tilt Steering Column,VMRS_HB_COMPLETE_v20 page 8_pages_26-50.md
015-003-007,,015,003,Seal - Worm Shaft Upper,VMRS_HB_COMPLETE_v20 page 8_pages_26-50.md
015-002-033,,015,002,Eitting Air Line - Tilt Steering Column,VMRS_HB_COMPLETE_v20 page 8_pages_26-50.md
015-003-008,,015,003,Shaft - Steering Column Upper,VMRS_HB_COMPLETE_v20 page 8_pages_26-50.md
015-002-034,,015,002,Angle Dox - Steering Column,VMRS_HB_COMPLETE_v20 page 8_pages_26-50.md
015-003-009,,015,003,"Flange - Opper Shall, Steering Column",VMRS_HB_COMPLETE_v20 page 8_pages_26-50.md
015-002-035,,015,002,Spacer - Steering Column,VMRS_HB_COMPLETE_v20 page 8_pages_26-50.md
015-003-010,,015,003,"Flange - Worrin Shart, Lower",VMRS_HB_COMPLETE_v20 page 8_pages_26-50.md
015-002-036,,015,002,"Retainer - Boot, Steering Column",VMRS_HB_COMPLETE_v20 page 8_pages_26-50.md
015-003-011,,015,003,"Coupling Assembly - Steering Column Shaft,",VMRS_HB_COMPLETE_v20 page 8_pages_26-50.md
015-002-037,,015,002,Bolt - Tilt Steering Column,VMRS_HB_COMPLETE_v20 page 8_pages_26-50.md
015-002-038,,015,002,"Gasket - Bearing, Steering Column",VMRS_HB_COMPLETE_v20 page 8_pages_26-50.md
015-003-012,,015,003,"Hardware, Mounting - Steering Column Shaft",VMRS_HB_COMPLETE_v20 page 8_pages_26-50.md
015-002-039,,015,002,O-Ring - Steering Column,VMRS_HB_COMPLETE_v20 page 8_pages_26-50.md
015-002-040,,015,002,"Spring - Housing, Tilt Steering Column",VMRS_HB_COMPLETE_v20 page 8_pages_26-50.md
015-003-013,,015,003,Nut - Steering Gear Worm Ball,VMRS_HB_COMPLETE_v20 page 8_pages_26-50.md
015-002-041,,015,002,"Spring - Actuator, Housing",VMRS_HB_COMPLETE_v20 page 8_pages_26-50.md
015-003-014,,015,003,Circulating Ball - Steering Gear,VMRS_HB_COMPLETE_v20 page 8_pages_26-50.md
015-002-042,,015,002,"Spring - Cable Extension, Steering Column",VMRS_HB_COMPLETE_v20 page 8_pages_26-50.md
015-003-015,,015,003,Guide - Circulating Ball,VMRS_HB_COMPLETE_v20 page 8_pages_26-50.md
015-002-043,,015,002,"Spring - Pedal Return, Steering Column",VMRS_HB_COMPLETE_v20 page 8_pages_26-50.md
015-003-016,,015,003,Clamp - Circulating Ball Guide,VMRS_HB_COMPLETE_v20 page 8_pages_26-50.md
015-002-044,,015,002,"Wiring - Harness, Steering Column",VMRS_HB_COMPLETE_v20 page 8_pages_26-50.md
015-003-017,,015,003,"Hardware, Mounting - Circulating Ball Guide",VMRS_HB_COMPLETE_v20 page 8_pages_26-50.md
015-002-045,,015,002,Knob - Lever Tilt Steering Column,VMRS_HB_COMPLETE_v20 page 8_pages_26-50.md
010-000-011,,010,000,Clamp,VMRS_HB_COMPLETE_v20 page 8_pages_26-50.md
015-002-046,,015,002,Bearing - Steering Column,VMRS_HB_COMPLETE_v20 page 8_pages_26-50.md
015-003-018,,015,003,Counting Assembly - Steering Column Shaft,VMRS_HB_COMPLETE_v20 page 8_pages_26-50.md
015-005-010,,015,005,Upper,VMRS_HB_COMPLETE_v20 page 8_pages_26-50.md
015-002-047,,015,002,Leek Assembly Tilt Chasting Column,VMRS_HB_COMPLETE_v20 page 8_pages_26-50.md
015-000-010,,015,000,Thrust Bearing Warm Coast Upper,VMRS_HB_COMPLETE_v20 page 8_pages_26-50.md
015-002-048,,015,002,Lock Assembly - Till Steering Column,VMRS_HB_COMPLETE_v20 page 8_pages_26-50.md
015-003-019,,015,003,"Thrust Bearing - worm Gear, Opper",VMRS_HB_COMPLETE_v20 page 8_pages_26-50.md
015-002-049,,015,002,Housing And Bearing Assembly - Steering,VMRS_HB_COMPLETE_v20 page 8_pages_26-50.md
015-003-020,,015,003,Adjuster - Worm Gear Bearing,VMRS_HB_COMPLETE_v20 page 8_pages_26-50.md
015-003-021,,015,003,Lock Nut - Worm Gear Bearing Adjuster,VMRS_HB_COMPLETE_v20 page 8_pages_26-50.md
015-002-050,,015,002,"Cover - Stop, Steering Column",VMRS_HB_COMPLETE_v20 page 8_pages_26-50.md
015-003-022,,015,003,"Cover - Housing End, Steering Gear",VMRS_HB_COMPLETE_v20 page 8_pages_26-50.md
015-002-051,,015,002,"Cover - Spring, Steering Column",VMRS_HB_COMPLETE_v20 page 8_pages_26-50.md
015-003-023,,015,003,"Gasket - Housing End Cover, Steering Gear",VMRS_HB_COMPLETE_v20 page 8_pages_26-50.md
015-002-052,,015,002,"Spring - Gas, Tilt Steering Column",VMRS_HB_COMPLETE_v20 page 8_pages_26-50.md
015-003-024,,015,003,"Hardware, Mounting - Steering Gear Housing",VMRS_HB_COMPLETE_v20 page 8_pages_26-50.md
015-002-053,,015,002,Box - Tilt Steering Column,VMRS_HB_COMPLETE_v20 page 8_pages_26-50.md
015-002-054,,015,002,"Foot Pedal - Adjust, Tilt Steering Column",VMRS_HB_COMPLETE_v20 page 8_pages_26-50.md
015-003-025,,015,003,Seal - Adjuster,VMRS_HB_COMPLETE_v20 page 8_pages_26-50.md
015-002-055,,015,002,"Plate - Disengage, Tilt Steering Column",VMRS_HB_COMPLETE_v20 page 8_pages_26-50.md
015-003-026,,015,003,Thrust Bearing - Worm Gear. Lower,VMRS_HB_COMPLETE_v20 page 8_pages_26-50.md
015-002-056,,015,002,Adapter - Boot Steering Shaft,VMRS_HB_COMPLETE_v20 page 8_pages_26-50.md
015-003-027,,015,003,Shaft - Pitman (Sector),VMRS_HB_COMPLETE_v20 page 8_pages_26-50.md
015-002-058,,015,002,Bracket - Cable Attachment Steering Column,VMRS_HB_COMPLETE_v20 page 8_pages_26-50.md
015-003-028,,015,003,Bushing Or Bearing - Pitman Shaft,VMRS_HB_COMPLETE_v20 page 8_pages_26-50.md
015-002-059,,015,002,Bracket - Brake Valve Trailer,VMRS_HB_COMPLETE_v20 page 8_pages_26-50.md
015-002-060,,015,002,Hidor Gan Stooring Column,VMRS_HB_COMPLETE_v20 page 8_pages_26-50.md
015-003-030,,015,003,Shim Ditmon Shaft Adjustor,VMRS_HB_COMPLETE_v20 page 8_pages_26-50.md
015-003-031,,015,003,Nut Ditmon Shaft Adjustor,VMRS_HB_COMPLETE_v20 page 8_pages_26-50.md
015-003-033,,015,003,Sool Ditmon Shaft,VMRS_HB_COMPLETE_v20 page 8_pages_26-50.md
015-003-032,,015,003,Seal - Fillian Shaft Cool,VMRS_HB_COMPLETE_v20 page 8_pages_26-50.md
015-002-064,,015,002,"Shall - Steering Column, Lower",VMRS_HB_COMPLETE_v20 page 8_pages_26-50.md
015-003-034,,015,003,Cover - Housing Side,VMRS_HB_COMPLETE_v20 page 8_pages_26-50.md
015-002-065,,015,002,"Jacket/Tube - Shaft, Steering Column",VMRS_HB_COMPLETE_v20 page 8_pages_26-50.md
015-003-035,,015,003,Gasket - Housing Side Cover,VMRS_HB_COMPLETE_v20 page 8_pages_26-50.md
015-002-066,,015,002,"Rod - Linkage, Tilt Steering Column",VMRS_HB_COMPLETE_v20 page 8_pages_26-50.md
015-003-036,,015,003,"Hardware, Mounting - Housing Side Cover",VMRS_HB_COMPLETE_v20 page 8_pages_26-50.md
015-002-067,,015,002,"Hardware - Universal Joint, Steering Column",VMRS_HB_COMPLETE_v20 page 8_pages_26-50.md
015-003-037,,015,003,Housing - Steering Column (Mast Jacket),VMRS_HB_COMPLETE_v20 page 8_pages_26-50.md
015-002-068,,015,002,"Seal - Cover, Steering Column",VMRS_HB_COMPLETE_v20 page 8_pages_26-50.md
015-003-038,,015,003,Seal - Column Toeboard,VMRS_HB_COMPLETE_v20 page 8_pages_26-50.md
015-002-069,,015,002,"Bracket - Cover, Steering Column",VMRS_HB_COMPLETE_v20 page 8_pages_26-50.md
015-003-039,,015,003,Retainer - Column Toeboard Seal,VMRS_HB_COMPLETE_v20 page 8_pages_26-50.md
015-002-070,,015,002,Adjuster - Steering Column,VMRS_HB_COMPLETE_v20 page 8_pages_26-50.md
015-003-040,,015,003,"Bearing - Steering Column, Upper",VMRS_HB_COMPLETE_v20 page 8_pages_26-50.md
015-002-071,,015,002,"Disc - Coupling, Steering Shaft",VMRS_HB_COMPLETE_v20 page 8_pages_26-50.md
015-003-041,,015,003,"Retainer - Upper Bearing, Steering Column",VMRS_HB_COMPLETE_v20 page 8_pages_26-50.md
015-002-072,,015,002,"Bracket - Sensor, Steering Wheel Angle",VMRS_HB_COMPLETE_v20 page 8_pages_26-50.md
015-003-042,,015,003,Bearing - Lower Steering Column,VMRS_HB_COMPLETE_v20 page 8_pages_26-50.md
015-002-073,,015,002,"Cover - Sensor, Steering Wheel Angle",VMRS_HB_COMPLETE_v20 page 8_pages_26-50.md
015-003-043,,015,003,"Retainer - Bearing, Lower Steering Column",VMRS_HB_COMPLETE_v20 page 8_pages_26-50.md
015-002-074,,015,002,Lock Bar - Steering Column,VMRS_HB_COMPLETE_v20 page 8_pages_26-50.md
015-003-044,,015,003,"Dust Seal - Bearing, Lower Steering Column",VMRS_HB_COMPLETE_v20 page 8_pages_26-50.md
015-002-075,,015,002,"Bracket Kit - Foot Pedal, Adjust, Steering",VMRS_HB_COMPLETE_v20 page 8_pages_26-50.md
015-003-045,,015,003,"Retainer - Bearing Dust Seal, Lower Steering",VMRS_HB_COMPLETE_v20 page 8_pages_26-50.md
015-002-076,,015,002,"Housing - Switch, Steering Column",VMRS_HB_COMPLETE_v20 page 8_pages_26-50.md
015-003-046,,015,003,Anti-Rattle Spring - Lower Steering Column,VMRS_HB_COMPLETE_v20 page 8_pages_26-50.md
015-002-077,,015,002,Bumper - Housing Support Steering Column,VMRS_HB_COMPLETE_v20 page 8_pages_26-50.md
015-003-047,,015,003,Repair Kit - Steering Gear,VMRS_HB_COMPLETE_v20 page 8_pages_26-50.md
015-002-078,,015,002,Support - Housing Steering Column,VMRS_HB_COMPLETE_v20 page 8_pages_26-50.md
015-003-048,,015,003,Vent - Oil Breather,VMRS_HB_COMPLETE_v20 page 8_pages_26-50.md
015-002-090,,015,002,Plug Cover Steering Column,VMRS_HB_COMPLETE_v20 page 8_pages_26-50.md
015-003-051,,015,003,Sol Cross Shaft Steering Coar Housing,VMRS_HB_COMPLETE_v20 page 8_pages_26-50.md
015-002-082,,015,002,"Switch - Adjust, Steering Column",VMRS_HB_COMPLETE_v20 page 8_pages_26-50.md
015-003-052,,015,003,Universal Joint - Steering Shalt,VMRS_HB_COMPLETE_v20 page 8_pages_26-50.md
015-002-083,,015,002,"Motor - Adjust, Steering Column",VMRS_HB_COMPLETE_v20 page 8_pages_26-50.md
015-003-053,,015,003,"Yoke - Steering Shaft, Lower",VMRS_HB_COMPLETE_v20 page 8_pages_26-50.md
015-002-084,,015,002,"Cable - Actuator, Steering Column",VMRS_HB_COMPLETE_v20 page 8_pages_26-50.md
015-003-054,,015,003,"Shaft - Steering Column, Upper",VMRS_HB_COMPLETE_v20 page 8_pages_26-50.md
015-002-085,,015,002,"Guide - Wiring, Steering Column",VMRS_HB_COMPLETE_v20 page 8_pages_26-50.md
015-003-055,,015,003,Bolt - Steering Shaft,VMRS_HB_COMPLETE_v20 page 8_pages_26-50.md
015-002-086,,015,002,"Clamp - Boot, Steering Column",VMRS_HB_COMPLETE_v20 page 8_pages_26-50.md
015-003-056,,015,003,Nut - Steering Shaft Bolt,VMRS_HB_COMPLETE_v20 page 8_pages_26-50.md
015-002-087,,015,002,Clamp - Steering Column,VMRS_HB_COMPLETE_v20 page 8_pages_26-50.md
015-003-057,,015,003,Seal Kit - Steering Gear,VMRS_HB_COMPLETE_v20 page 8_pages_26-50.md
015-002-088,,015,002,Control Module - Steering Column,VMRS_HB_COMPLETE_v20 page 8_pages_26-50.md
015-003-058,,015,003,"Nut - Lower Steering Column, Upper",VMRS_HB_COMPLETE_v20 page 8_pages_26-50.md
015-002-089,,015,002,"Clamp - Housing, Steering Column",VMRS_HB_COMPLETE_v20 page 8_pages_26-50.md
015-003-059,,015,003,Dust Cover - Worm Gear Seal,VMRS_HB_COMPLETE_v20 page 8_pages_26-50.md
015-003-060,,015,003,"Cup - Bearing, Worm Gear, Steering Column",VMRS_HB_COMPLETE_v20 page 8_pages_26-50.md
015-002-091,,015,002,"Clamp - Lock, Steering Column",VMRS_HB_COMPLETE_v20 page 8_pages_26-50.md
015-003-061,,015,003,Steering Gear Assembly,VMRS_HB_COMPLETE_v20 page 8_pages_26-50.md
015-002-092,,015,002,"Rod - Adjust, Motor, Steering Column",VMRS_HB_COMPLETE_v20 page 8_pages_26-50.md
015-003-062,,015,003,Clamp - Steering Shaft,VMRS_HB_COMPLETE_v20 page 8_pages_26-50.md
015-002-093,,015,002,Clamp - Seal. Steering Column,VMRS_HB_COMPLETE_v20 page 8_pages_26-50.md
015-003-063,,015,003,"Hardware, Mounting - Steering Gear Assembly",VMRS_HB_COMPLETE_v20 page 8_pages_26-50.md
015-002-094,,015,002,Sleeve - Steering Column,VMRS_HB_COMPLETE_v20 page 8_pages_26-50.md
015-003-064,,015,003,Bearing Assembly W/Stud,VMRS_HB_COMPLETE_v20 page 8_pages_26-50.md
015-003-000,,015,003,Steering Gear,VMRS_HB_COMPLETE_v20 page 8_pages_26-50.md
015-003-065,,015,003,Plug - Auxiliary Port,VMRS_HB_COMPLETE_v20 page 8_pages_26-50.md
010-000-000,,010,000,otooning dour,VMRS_HB_COMPLETE_v20 page 8_pages_26-50.md
015-003-066,,015,003,"Seal - Output Shaft, Steering Gear",VMRS_HB_COMPLETE_v20 page 8_pages_26-50.md
015-004-005,,015,004,Plug - Relay Rod End,VMRS_HB_COMPLETE_v20 page 8_pages_26-50.md
015-003-067,,015,003,Cross-Shaft - Steering Column,VMRS_HB_COMPLETE_v20 page 8_pages_26-50.md
015-004-006,,015,004,Spacer - Relay Rod Ball Seat,VMRS_HB_COMPLETE_v20 page 8_pages_26-50.md
015-003-068,,015,003,Grease Fitting - Steering Shaft Universal Joint,VMRS_HB_COMPLETE_v20 page 8_pages_26-50.md
015-004-007,,015,004,"Plug - Relay Rod, Inner",VMRS_HB_COMPLETE_v20 page 8_pages_26-50.md
015-003-069,,015,003,"Valve, Poppet - Steering Gear",VMRS_HB_COMPLETE_v20 page 8_pages_26-50.md
015-004-008,,015,004,"Seal - Relay Rod, Inner",VMRS_HB_COMPLETE_v20 page 8_pages_26-50.md
015-003-070,,015,003,"Gear - Auxiliary, Steering",VMRS_HB_COMPLETE_v20 page 8_pages_26-50.md
015-004-009,,015,004,Dust Shield - Relay Rod,VMRS_HB_COMPLETE_v20 page 8_pages_26-50.md
015-003-071,,015,003,"Bushing - Steering Shaft, Lower",VMRS_HB_COMPLETE_v20 page 8_pages_26-50.md
015-004-010,,015,004,Rod - Steering Connecting (Drag Link),VMRS_HB_COMPLETE_v20 page 8_pages_26-50.md
015-003-072,,015,003,"Bracket - Shaft, Steering Column",VMRS_HB_COMPLETE_v20 page 8_pages_26-50.md
015-004-011,,015,004,Arm - Steering Relay,VMRS_HB_COMPLETE_v20 page 8_pages_26-50.md
015-003-073,,015,003,Clock Spring - Steering Column,VMRS_HB_COMPLETE_v20 page 8_pages_26-50.md
015-004-012,,015,004,Link - Drag Idler,VMRS_HB_COMPLETE_v20 page 8_pages_26-50.md
015-003-074,,015,003,Cup - Bearing Steering Column,VMRS_HB_COMPLETE_v20 page 8_pages_26-50.md
015-004-013,,015,004,Arm - Pitman,VMRS_HB_COMPLETE_v20 page 8_pages_26-50.md
015-003-075,,015,003,Pin - Boll Steering Column,VMRS_HB_COMPLETE_v20 page 8_pages_26-50.md
015-004-014,,015,004,Arm - Steering Idler,VMRS_HB_COMPLETE_v20 page 8_pages_26-50.md
015-003-076,,015,003,Clip - Steering Gear,VMRS_HB_COMPLETE_v20 page 8_pages_26-50.md
015-004-015,,015,004,Bushing - Idler Arm Support,VMRS_HB_COMPLETE_v20 page 8_pages_26-50.md
015-003-077,,015,003,O-Bing - Steering Gear,VMRS_HB_COMPLETE_v20 page 8_pages_26-50.md
015-004-016,,015,004,Seal - Idler Arm Bushing,VMRS_HB_COMPLETE_v20 page 8_pages_26-50.md
015-003-078,,015,003,Snacer - Bod Back Steering Gear,VMRS_HB_COMPLETE_v20 page 8_pages_26-50.md
015-004-017,,015,004,Support - Idler Arm,VMRS_HB_COMPLETE_v20 page 8_pages_26-50.md
015-003-079,,015,003,"Spring - Relief Valve, Steering Gear",VMRS_HB_COMPLETE_v20 page 8_pages_26-50.md
015-004-018,,015,004,Spacer - Idler Arm Support Frame,VMRS_HB_COMPLETE_v20 page 8_pages_26-50.md
015-003-080,,015,003,Spring - Poppet Back Steering Gear,VMRS_HB_COMPLETE_v20 page 8_pages_26-50.md
015-004-019,,015,004,Tie Bod - Bight,VMRS_HB_COMPLETE_v20 page 8_pages_26-50.md
015-003-081,,015,003,Valve - Relief Steering Gear,VMRS_HB_COMPLETE_v20 page 8_pages_26-50.md
015-004-020,,015,004,Tie Bod - Left,VMRS_HB_COMPLETE_v20 page 8_pages_26-50.md
015-003-082,,015,003,Plate - Bynass Housing Steering Gear,VMRS_HB_COMPLETE_v20 page 8_pages_26-50.md
015-004-022,,015,004,Damper - Tie Bod (Hydraulic Stabilizer),VMRS_HB_COMPLETE_v20 page 8_pages_26-50.md
015-003-083,,015,003,Piston - Back Steering Gear,VMRS_HB_COMPLETE_v20 page 8_pages_26-50.md
015-003-084,,015,003,Housing - Valve Steering Gear,VMRS_HB_COMPLETE_v20 page 8_pages_26-50.md
015-003-085,,015,003,Worm Shaft And Valve Assembly - Steering Gear,VMRS_HB_COMPLETE_v20 page 8_pages_26-50.md
015-004-024,,015,004,Hardware Mounting - Tie Bod End Assembly,VMRS_HB_COMPLETE_v20 page 8_pages_26-50.md
015-003-086,,015,003,Grease Fitting - Steering Gear,VMRS_HB_COMPLETE_v20 page 8_pages_26-50.md
010-004-020,,010,004,Picht,VMRS_HB_COMPLETE_v20 page 8_pages_26-50.md
015-003-087,,015,003,"Cap - Poliof Valvo, Stooring Goar",VMRS_HB_COMPLETE_v20 page 8_pages_26-50.md
015-004-026,,015,004,Sloove - Tie Pod End,VMRS_HB_COMPLETE_v20 page 8_pages_26-50.md
015-003-088,,015,003,Dataining Ding Stooring Goar,VMRS_HB_COMPLETE_v20 page 8_pages_26-50.md
015-004-027,,015,004,Clamp Tio Dod End,VMRS_HB_COMPLETE_v20 page 8_pages_26-50.md
015-003-090,,015,003,"Pill - Roll, Steeling Gear",VMRS_HB_COMPLETE_v20 page 8_pages_26-50.md
015-004-029,,015,004,"Hardware, Mounting - Tie Rod End",VMRS_HB_COMPLETE_v20 page 8_pages_26-50.md
015-003-091,,015,003,"Cover - Mullillon, Steeling Gear",VMRS_HB_COMPLETE_v20 page 8_pages_26-50.md
015-004-030,,015,004,"Seal - Dust Cover, Tie Rou Enu",VMRS_HB_COMPLETE_v20 page 8_pages_26-50.md
015-003-092,,015,003,Shall And Side Cover Assembly - Steering Gear,VMRS_HB_COMPLETE_v20 page 8_pages_26-50.md
015-004-031,,015,004,Arm - Steering,VMRS_HB_COMPLETE_v20 page 8_pages_26-50.md
015-003-093,,015,003,"Gear - Pinion, Steering",VMRS_HB_COMPLETE_v20 page 8_pages_26-50.md
015-004-032,,015,004,Bail - Steering Arm,VMRS_HB_COMPLETE_v20 page 8_pages_26-50.md
015-003-094,,015,003,"Rod - Rack, Steering Gear",VMRS_HB_COMPLETE_v20 page 8_pages_26-50.md
015-004-033,,015,004,"Hardware, Mounting - Tie Rod Damper",VMRS_HB_COMPLETE_v20 page 8_pages_26-50.md
015-003-095,,015,003,"Push Tube - Rack, Steering Gear",VMRS_HB_COMPLETE_v20 page 8_pages_26-50.md
015-004-034,,015,004,"Mounting Bracket - Fixed End, Tie Rod Damper",VMRS_HB_COMPLETE_v20 page 8_pages_26-50.md
015-003-096,,015,003,"Seat - Poppet, Rack, Steering Gear",VMRS_HB_COMPLETE_v20 page 8_pages_26-50.md
015-004-035,,015,004,"Mounting Bracket - Movable End, Tie Rod",VMRS_HB_COMPLETE_v20 page 8_pages_26-50.md
015-003-097,,015,003,Dust Cap - Steering Shaft,VMRS_HB_COMPLETE_v20 page 8_pages_26-50.md
045-004-000,,045,004,Damper,VMRS_HB_COMPLETE_v20 page 8_pages_26-50.md
015-003-098,,015,003,Heat Snield - Steering Shaft,VMRS_HB_COMPLETE_v20 page 8_pages_26-50.md
015-004-036,,015,004,Repair Kit - Idler Drag Link,VMRS_HB_COMPLETE_v20 page 8_pages_26-50.md
015-003-099,,015,003,"Shield - Splash, Steering Shaft",VMRS_HB_COMPLETE_v20 page 8_pages_26-50.md
015-004-037,,015,004,Repair Kit - Tie Rod Ends,VMRS_HB_COMPLETE_v20 page 8_pages_26-50.md
015-003-100,,015,003,"Plug - Side Cover, Steering Gear",VMRS_HB_COMPLETE_v20 page 8_pages_26-50.md
015-004-038,,015,004,"Spring - Ball Socket, Drag Link",VMRS_HB_COMPLETE_v20 page 8_pages_26-50.md
015-003-101,,015,003,"Pin - Valve Positioning, Steering Gear",VMRS_HB_COMPLETE_v20 page 8_pages_26-50.md
015-004-039,,015,004,"Plug - Adjuster, Ball Socket, Drag Link",VMRS_HB_COMPLETE_v20 page 8_pages_26-50.md
015-003-102,,015,003,"Cover - Ball Screw, Steering Gear",VMRS_HB_COMPLETE_v20 page 8_pages_26-50.md
015-004-040,,015,004,Ball Seat - Drag Link,VMRS_HB_COMPLETE_v20 page 8_pages_26-50.md
015-003-103,,015,003,"Cover - Sector Shaft, Steering Gear",VMRS_HB_COMPLETE_v20 page 8_pages_26-50.md
015-004-041,,015,004,Key - Relay Rod,VMRS_HB_COMPLETE_v20 page 8_pages_26-50.md
015-003-104,,015,003,Bracket - Steering Gear Mounting,VMRS_HB_COMPLETE_v20 page 8_pages_26-50.md
015-004-042,,015,004,Key - Relay Arm,VMRS_HB_COMPLETE_v20 page 8_pages_26-50.md
015-003-105,,015,003,Repair Kit - Steering Shaft Yoke,VMRS_HB_COMPLETE_v20 page 8_pages_26-50.md
015-004-043,,015,004,Bell Crank Assembly - Steering,VMRS_HB_COMPLETE_v20 page 8_pages_26-50.md
015-003-106,,015,003,"Cap - Bearing, Steering Gear",VMRS_HB_COMPLETE_v20 page 8_pages_26-50.md
015-004-044,,015,004,Bearing - Steering Bell Crank,VMRS_HB_COMPLETE_v20 page 8_pages_26-50.md
015-003-107,,015,003,"Boot - Steering Shaft, Lower",VMRS_HB_COMPLETE_v20 page 8_pages_26-50.md
015-004-045,,015,004,Tie Rod Assembly,VMRS_HB_COMPLETE_v20 page 8_pages_26-50.md
015-003-108,,015,003,"Gasket - Boot, Steering Shaft, Lower",VMRS_HB_COMPLETE_v20 page 8_pages_26-50.md
015-004-046,,015,004,"End Assembly - Pitman Arm, Left",VMRS_HB_COMPLETE_v20 page 8_pages_26-50.md
015-003-109,,015,003,"Shim - Bearing, Steering Shaft",VMRS_HB_COMPLETE_v20 page 8_pages_26-50.md
015-004-047,,015,004,"End Assembly - Pitman Arm, Right",VMRS_HB_COMPLETE_v20 page 8_pages_26-50.md
015-003-110,,015,003,"Bracket - Steering Shaft, Deck, Lower",VMRS_HB_COMPLETE_v20 page 8_pages_26-50.md
015-004-048,,015,004,"Socket Assembly - Drag Link, Left",VMRS_HB_COMPLETE_v20 page 8_pages_26-50.md
015-003-111,,015,003,"Cone - Bearing, Steering Column",VMRS_HB_COMPLETE_v20 page 8_pages_26-50.md
015-004-049,,015,004,"Socket Assembly - Drag Link, Right",VMRS_HB_COMPLETE_v20 page 8_pages_26-50.md
015-003-112,,015,003,Bearing Assembly (Cup and Cone) - Steering,VMRS_HB_COMPLETE_v20 page 8_pages_26-50.md
015-004-050,,015,004,Seal - Dust,VMRS_HB_COMPLETE_v20 page 8_pages_26-50.md
015-004-051,,015,004,Nut - Socket Assembly,VMRS_HB_COMPLETE_v20 page 8_pages_26-50.md
015-003-113,,015,003,"Cone - Bearing, Worm Gear, Steering Column",VMRS_HB_COMPLETE_v20 page 8_pages_26-50.md
015-004-052,,015,004,Grease Fitting - Steering Linkage,VMRS_HB_COMPLETE_v20 page 8_pages_26-50.md
015-003-114,,015,003,"Shield - Bearing, Steering Shaft",VMRS_HB_COMPLETE_v20 page 8_pages_26-50.md
015-004-053,,015,004,Tube - Center,VMRS_HB_COMPLETE_v20 page 8_pages_26-50.md
015-003-115,,015,003,"Bracket - Heat Shield, Steering Shaft",VMRS_HB_COMPLETE_v20 page 8_pages_26-50.md
015-004-054,,015,004,Clamp Assembly,VMRS_HB_COMPLETE_v20 page 8_pages_26-50.md
015-003-116,,015,003,"Bearing Assembly (Cup and Cone) - Worm Gear,",VMRS_HB_COMPLETE_v20 page 8_pages_26-50.md
015-004-055,,015,004,"Hardware, Mounting - Clamp Assembly",VMRS_HB_COMPLETE_v20 page 8_pages_26-50.md
015-004-056,,015,004,Woodruff Key,VMRS_HB_COMPLETE_v20 page 8_pages_26-50.md
015-003-117,,015,003,"Plunger - Cylinder Head, Steering Gear",VMRS_HB_COMPLETE_v20 page 8_pages_26-50.md
015-004-057,,015,004,"Hardware, Mounting - Steering Arm",VMRS_HB_COMPLETE_v20 page 8_pages_26-50.md
015-003-118,,015,003,"Plunger - Bearing Cap, Steering Gear",VMRS_HB_COMPLETE_v20 page 8_pages_26-50.md
015-004-058,,015,004,"Hardware, Mounting - Pitman Arm",VMRS_HB_COMPLETE_v20 page 8_pages_26-50.md
015-003-119,,015,003,"Steering Shaft - Lower, Twin Steer",VMRS_HB_COMPLETE_v20 page 8_pages_26-50.md
015-004-059,,015,004,"Tube - Tie Rod, Front Axle",VMRS_HB_COMPLETE_v20 page 8_pages_26-50.md
015-003-120,,015,003,"Shaft - Input, Steering Gear",VMRS_HB_COMPLETE_v20 page 8_pages_26-50.md
015-004-060,,015,004,Pin - Linkage,VMRS_HB_COMPLETE_v20 page 8_pages_26-50.md
015-003-121,,015,003,"Seal Kit - Input Shaft, Steering Gear",VMRS_HB_COMPLETE_v20 page 8_pages_26-50.md
015-004-061,,015,004,Stop - Pitman Arm,VMRS_HB_COMPLETE_v20 page 8_pages_26-50.md
015-003-122,,015,003,"Seal Kit - Sector Shaft, Steering Gear",VMRS_HB_COMPLETE_v20 page 8_pages_26-50.md
015-004-062,,015,004,"O-Ring - Linkage, Steering",VMRS_HB_COMPLETE_v20 page 8_pages_26-50.md
015-003-123,,015,003,"Shaft - Steering Column, Intermediate",VMRS_HB_COMPLETE_v20 page 8_pages_26-50.md
015-004-063,,015,004,Pin - Bell Crank,VMRS_HB_COMPLETE_v20 page 8_pages_26-50.md
015-003-124,,015,003,"Adapter - Mounting, Steering Gear",VMRS_HB_COMPLETE_v20 page 8_pages_26-50.md
015-004-064,,015,004,"Mounting Plate - Bumper, Steering Linkage",VMRS_HB_COMPLETE_v20 page 8_pages_26-50.md
015-003-125,,015,003,Shaft Assembly - Steering Column,VMRS_HB_COMPLETE_v20 page 8_pages_26-50.md
015-004-065,,015,004,Seal - Bell Crank,VMRS_HB_COMPLETE_v20 page 8_pages_26-50.md
015-003-126,,015,003,Shift Bowl - Steering Column,VMRS_HB_COMPLETE_v20 page 8_pages_26-50.md
015-004-066,,015,004,Bumper - Steering Linkage,VMRS_HB_COMPLETE_v20 page 8_pages_26-50.md
015-003-127,,015,003,Wiring Harness - Sensor to Motor,VMRS_HB_COMPLETE_v20 page 8_pages_26-50.md
015-004-067,,015,004,Bushing - Bell Crank,VMRS_HB_COMPLETE_v20 page 8_pages_26-50.md
015-003-128,,015,003,"Motor - Steering Gear, Electric",VMRS_HB_COMPLETE_v20 page 8_pages_26-50.md
015-004-068,,015,004,Seal - Drag Link,VMRS_HB_COMPLETE_v20 page 8_pages_26-50.md
015-004-000,,015,004,Steering Linkage,VMRS_HB_COMPLETE_v20 page 8_pages_26-50.md
015-004-069,,015,004,"Link - Timing, Twin Steer",VMRS_HB_COMPLETE_v20 page 8_pages_26-50.md
015-004-001,,015,004,"Rod - Steering Relay (Ackermann Arm, Steering",VMRS_HB_COMPLETE_v20 page 8_pages_26-50.md
015-004-070,,015,004,Tie Rod - Inner,VMRS_HB_COMPLETE_v20 page 8_pages_26-50.md
015-004-071,,015,004,"Miter Box - Tee, Twin Steer",VMRS_HB_COMPLETE_v20 page 8_pages_26-50.md
015-004-002,,015,004,Stud - Relay Rod Ball,VMRS_HB_COMPLETE_v20 page 8_pages_26-50.md
015-004-072,,015,004,Stabilizer - Steering,VMRS_HB_COMPLETE_v20 page 8_pages_26-50.md
015-004-003,,015,004,Seat - Relay Rod Ball Stud,VMRS_HB_COMPLETE_v20 page 8_pages_26-50.md
015-004-073,,015,004,Boot - Steering Damper,VMRS_HB_COMPLETE_v20 page 8_pages_26-50.md
015-004-004,,015,004,Spring - Relay Rod,VMRS_HB_COMPLETE_v20 page 8_pages_26-50.md
015-004-074,,015,004,Repair Kit - Steering Idler Arm,VMRS_HB_COMPLETE_v20 page 8_pages_26-50.md
015-004-075,,015,004,Bushing - Tie Rod,VMRS_HB_COMPLETE_v20 page 8_pages_26-50.md
015-005-060,,015,005,Spring - Oil Pump Tank,VMRS_HB_COMPLETE_v20 page 8_pages_26-50.md
015-004-076,,015,004,Ball Joint - Drag Link,VMRS_HB_COMPLETE_v20 page 8_pages_26-50.md
015-005-061,,015,005,Mounting Gasket - Oil Pump,VMRS_HB_COMPLETE_v20 page 8_pages_26-50.md
015-004-077,,015,004,Cylinder - Damper,VMRS_HB_COMPLETE_v20 page 8_pages_26-50.md
015-005-062,,015,005,Bracket - Oil Pump Tank,VMRS_HB_COMPLETE_v20 page 8_pages_26-50.md
015-004-078,,015,004,Kit - Damper,VMRS_HB_COMPLETE_v20 page 8_pages_26-50.md
015-005-063,,015,005,Snap Ring - Flow Control,VMRS_HB_COMPLETE_v20 page 8_pages_26-50.md
015-004-079,,015,004,Bracket - Idler Arm,VMRS_HB_COMPLETE_v20 page 8_pages_26-50.md
015-005-064,,015,005,"O-Ring - Hose, Power Steering",VMRS_HB_COMPLETE_v20 page 8_pages_26-50.md
015-004-080,,015,004,Adapter - Tie Rod End,VMRS_HB_COMPLETE_v20 page 8_pages_26-50.md
015-005-065,,015,005,Hose Assembly - Suction,VMRS_HB_COMPLETE_v20 page 8_pages_26-50.md
015-004-081,,015,004,Assembly - Steering Linkage,VMRS_HB_COMPLETE_v20 page 8_pages_26-50.md
015-005-066,,015,005,Hardware. Mounting - Oil Pump Tank Bracket,VMRS_HB_COMPLETE_v20 page 8_pages_26-50.md
015-005-000,,015,005,Power Steering,VMRS_HB_COMPLETE_v20 page 8_pages_26-50.md
015-005-067,,015,005,Hardware Mounting - Oil Pump Assembly,VMRS_HB_COMPLETE_v20 page 8_pages_26-50.md
015-005-001,,015,005,Hose Assembly - Power Cylinder,VMRS_HB_COMPLETE_v20 page 8_pages_26-50.md
,000-007,000,007,Power Steering Pump,VMRS_HB_COMPLETE_v20 page 8_pages_26-50.md
015-005-002,,015,005,Hardware Mounting - Power Cylinder Hose,VMRS_HB_COMPLETE_v20 page 8_pages_26-50.md
,010-002,010,002,Accombly,VMRS_HB_COMPLETE_v20 page 8_pages_26-50.md
015-005-009,,015,005,Maunting Gaskat Stooring Pump,VMRS_HB_COMPLETE_v20 page 8_pages_26-50.md
015-005-070,,015,005,Gesket Can Deserveir,VMRS_HB_COMPLETE_v20 page 8_pages_26-50.md
015-005-003,,015,005,Hose Assembly - Flessule Line,VMRS_HB_COMPLETE_v20 page 8_pages_26-50.md
015-005-071,,015,005,"Casket - Cap, Reservoir",VMRS_HB_COMPLETE_v20 page 8_pages_26-50.md
015-005-004,,015,005,"Hardware, Mounting - Pressure Line Hose",VMRS_HB_COMPLETE_v20 page 8_pages_26-50.md
015-005-073,,015,005,Seal Kit - Hydroboost,VMRS_HB_COMPLETE_v20 page 8_pages_26-50.md
045-005-005,,045,005,Assembly,VMRS_HB_COMPLETE_v20 page 8_pages_26-50.md
015-005-074,,015,005,Service Kit - Steering Pump,VMRS_HB_COMPLETE_v20 page 8_pages_26-50.md
015-005-005,,015,005,Hose Assembly - Return Line,VMRS_HB_COMPLETE_v20 page 8_pages_26-50.md
015-005-075,,015,005,"Hardware, Mounting - Cooler Assembly, Oil",VMRS_HB_COMPLETE_v20 page 8_pages_26-50.md
015-005-006,,015,005,"Hardware, Mounting - Return Line Hose",VMRS_HB_COMPLETE_v20 page 8_pages_26-50.md
015-005-076,,015,005,Clamp - Return Hose,VMRS_HB_COMPLETE_v20 page 8_pages_26-50.md
015-005-007,,015,005,Cooler Assembly - Oil Pump,VMRS_HB_COMPLETE_v20 page 8_pages_26-50.md
015-005-077,,015,005,"Tube - Pump Inlet, Return",VMRS_HB_COMPLETE_v20 page 8_pages_26-50.md
015-005-008,,015,005,Supports & Clamps - Hose,VMRS_HB_COMPLETE_v20 page 8_pages_26-50.md
015-005-078,,015,005,"Sensor - Temperature, Hydraulic Steering",VMRS_HB_COMPLETE_v20 page 8_pages_26-50.md
015-005-079,,015,005,Flange-Steering Pump,VMRS_HB_COMPLETE_v20 page 8_pages_26-50.md
015-005-080,,015,005,"Bracket - Oil Cooler, Steering",VMRS_HB_COMPLETE_v20 page 8_pages_26-50.md
015-005-011,,015,005,Seal - Oil Pump Shaft,VMRS_HB_COMPLETE_v20 page 8_pages_26-50.md
015-005-081,,015,005,Band - Oil Pump Tank,VMRS_HB_COMPLETE_v20 page 8_pages_26-50.md
015-005-012,,015,005,Body - Oil Pump. Steering,VMRS_HB_COMPLETE_v20 page 8_pages_26-50.md
015-005-082,,015,005,Adapter - Pump. Power Steering,VMRS_HB_COMPLETE_v20 page 8_pages_26-50.md
015-005-013,,015,005,Seal - Oil Pump Body,VMRS_HB_COMPLETE_v20 page 8_pages_26-50.md
015-005-083,,015,005,Coupling - Pump Power Steering,VMRS_HB_COMPLETE_v20 page 8_pages_26-50.md
015-005-014,,015,005,Hardware Mounting - Oil Pump Shaft,VMRS_HB_COMPLETE_v20 page 8_pages_26-50.md
015-005-084,,015,005,"Line - Cooler, Pump, Power Steering",VMRS_HB_COMPLETE_v20 page 8_pages_26-50.md
015-005-015,,015,005,Plug - Oil Pump Body,VMRS_HB_COMPLETE_v20 page 8_pages_26-50.md
015-005-085,,015,005,Plate - Spacer Oil Pump,VMRS_HB_COMPLETE_v20 page 8_pages_26-50.md
015-005-016,,015,005,Flag - Oil Fullip Douy,VMRS_HB_COMPLETE_v20 page 8_pages_26-50.md
015-005-017,,015,005,"Prove Control Valve, Fower Steering Fullip",VMRS_HB_COMPLETE_v20 page 8_pages_26-50.md
015-005-088,,015,005,"Clamp - Cover, Oli Pump Tank",VMRS_HB_COMPLETE_v20 page 8_pages_26-50.md
015-005-018,,015,005,"Pin - Pump Body, Dowel",VMRS_HB_COMPLETE_v20 page 8_pages_26-50.md
015-005-089,,015,005,Fitting - Power Steering Hose,VMRS_HB_COMPLETE_v20 page 8_pages_26-50.md
015-005-019,,015,005,Filter - Flow Control Valve,VMRS_HB_COMPLETE_v20 page 8_pages_26-50.md
015-005-090,,015,005,Clamp - Return Line,VMRS_HB_COMPLETE_v20 page 8_pages_26-50.md
015-005-020,,015,005,Fitting - Pump Outlet,VMRS_HB_COMPLETE_v20 page 8_pages_26-50.md
015-005-091,,015,005,Adjuster - Steering Column,VMRS_HB_COMPLETE_v20 page 8_pages_26-50.md
015-005-021,,015,005,Seal - Pump Outlet Fitting,VMRS_HB_COMPLETE_v20 page 8_pages_26-50.md
015-005-092,,015,005,"Fitting - Steering System, Air Line, Hose, Tube,",VMRS_HB_COMPLETE_v20 page 8_pages_26-50.md
015-005-022,,015,005,Mounting Bracket - Power Steering Pump,VMRS_HB_COMPLETE_v20 page 8_pages_26-50.md
015-005-023,,015,005,"Hardware, Mounting - Power Steering Pump",VMRS_HB_COMPLETE_v20 page 8_pages_26-50.md
015-005-093,,015,005,"Fitting - Steering System, Steering Fluid Line,",VMRS_HB_COMPLETE_v20 page 8_pages_26-50.md
015-005-024,,015,005,Pulley - Oil Pump,VMRS_HB_COMPLETE_v20 page 8_pages_26-50.md
015-005-094,,015,005,"O-Ring - Steering System, Air Line, Hose, Tube,",VMRS_HB_COMPLETE_v20 page 8_pages_26-50.md
015-005-025,,015,005,"Hardware, Mounting - Oil Pump Pulley",VMRS_HB_COMPLETE_v20 page 8_pages_26-50.md
015-005-026,,015,005,Key - Pump Pulley To Shaft,VMRS_HB_COMPLETE_v20 page 8_pages_26-50.md
015-005-095,,015,005,"O-Ring - Steering System, Steering Fluid Line,",VMRS_HB_COMPLETE_v20 page 8_pages_26-50.md
015-005-027,,015,005,"Belt - Drive, Power Steering Oil Pump",VMRS_HB_COMPLETE_v20 page 8_pages_26-50.md
015-005-028,,015,005,Tank - Oil Pump,VMRS_HB_COMPLETE_v20 page 8_pages_26-50.md
015-005-096,,015,005,Belt - Power Steering Pump,VMRS_HB_COMPLETE_v20 page 8_pages_26-50.md
015-005-029,,015,005,Hardware Mounting - Oil Pump Tank,VMRS_HB_COMPLETE_v20 page 8_pages_26-50.md
015-005-097,,015,005,Tube Assembly - Crossover Power Steering,VMRS_HB_COMPLETE_v20 page 8_pages_26-50.md
015-005-030,,015,005,Can - Oil Pump Tank,VMRS_HB_COMPLETE_v20 page 8_pages_26-50.md
015-005-098,,015,005,Cylinder - Assist Power Steering,VMRS_HB_COMPLETE_v20 page 8_pages_26-50.md
015-005-031,,015,005,Vana Datar Oil Dump,VMRS_HB_COMPLETE_v20 page 8_pages_26-50.md
015-005-099,,015,005,Adapter Dressure Line,VMRS_HB_COMPLETE_v20 page 8_pages_26-50.md
015-005-032,,015,005,"Varie - Rotor, Oli Pump",VMRS_HB_COMPLETE_v20 page 8_pages_26-50.md
015-005-100,,015,005,Adapter - Pressure Line,VMRS_HB_COMPLETE_v20 page 8_pages_26-50.md
015-005-033,,015,005,"Plate - Pressure, Oli Pump",VMRS_HB_COMPLETE_v20 page 8_pages_26-50.md
015-005-101,,015,005,Clamp - Pressure Line,VMRS_HB_COMPLETE_v20 page 8_pages_26-50.md
015-005-034,,015,005,Hole Plug - Flow Control Valve,VMRS_HB_COMPLETE_v20 page 8_pages_26-50.md
015-005-102,,015,005,Gasket - Pressure Line,VMRS_HB_COMPLETE_v20 page 8_pages_26-50.md
015-005-035,,015,005,"Seal - Hole Plug, Flow Control Valve",VMRS_HB_COMPLETE_v20 page 8_pages_26-50.md
015-005-103,,015,005,Insulator - Pressure Line,VMRS_HB_COMPLETE_v20 page 8_pages_26-50.md
015-005-037,,015,005,"O-Ring - Pressure Plate, Oil Pump",VMRS_HB_COMPLETE_v20 page 8_pages_26-50.md
015-005-104,,015,005,Lock Ring - Pressure Line,VMRS_HB_COMPLETE_v20 page 8_pages_26-50.md
015-005-038,,015,005,"Spring - Pressure Plate, Oil Pump",VMRS_HB_COMPLETE_v20 page 8_pages_26-50.md
015-005-105,,015,005,Adapter - Return Line,VMRS_HB_COMPLETE_v20 page 8_pages_26-50.md
015-005-039,,015,005,"Ring - Rotor Cam, Oil Pump",VMRS_HB_COMPLETE_v20 page 8_pages_26-50.md
015-005-106,,015,005,Clamp - Suction Line,VMRS_HB_COMPLETE_v20 page 8_pages_26-50.md
015-005-040,,015,005,Thrust Plate - Oil Pump,VMRS_HB_COMPLETE_v20 page 8_pages_26-50.md
015-005-107,,015,005,Bushing - Steering Pump,VMRS_HB_COMPLETE_v20 page 8_pages_26-50.md
015-005-041,,015,005,"Plate - End, Oil Pump",VMRS_HB_COMPLETE_v20 page 8_pages_26-50.md
015-005-108,,015,005,Insulator - Steering Pump,VMRS_HB_COMPLETE_v20 page 8_pages_26-50.md
015-005-042,,015,005,"Retaining Ring - End Plate, Oil Pump",VMRS_HB_COMPLETE_v20 page 8_pages_26-50.md
015-005-109,,015,005,"Insulator - Reservoir, Steering Pump",VMRS_HB_COMPLETE_v20 page 8_pages_26-50.md
015-005-043,,015,005,"O-Ring - End Plate, Oil Pump",VMRS_HB_COMPLETE_v20 page 8_pages_26-50.md
015-005-110,,015,005,"Seal Kit - Shaft, Steering Pump",VMRS_HB_COMPLETE_v20 page 8_pages_26-50.md
015-005-044,,015,005,Corrector - Steering,VMRS_HB_COMPLETE_v20 page 8_pages_26-50.md
015-005-111,,015,005,Control Module - Power Steering,VMRS_HB_COMPLETE_v20 page 8_pages_26-50.md
015-005-046,,015,005,Filter - Oil Pump Steering,VMRS_HB_COMPLETE_v20 page 8_pages_26-50.md
015-005-112,,015,005,Wiring Harness - Power Steering,VMRS_HB_COMPLETE_v20 page 8_pages_26-50.md
015-005-047,,015,005,End Plug - Power Steering Cylinder,VMRS_HB_COMPLETE_v20 page 8_pages_26-50.md
015-005-113,,015,005,Sensor - Fluid Level,VMRS_HB_COMPLETE_v20 page 8_pages_26-50.md
015-005-048,,015,005,"Adapter - Oil Pump Filter, Steering",VMRS_HB_COMPLETE_v20 page 8_pages_26-50.md
015-005-114,,015,005,"Clamp - Oil Cooler, Power Steering",VMRS_HB_COMPLETE_v20 page 8_pages_26-50.md
015-005-115,,015,005,"Insulator Oil Cooler, Power Steering",VMRS_HB_COMPLETE_v20 page 8_pages_26-50.md
015-005-049,,015,005,O Ding Oil Pump Dlug,VMRS_HB_COMPLETE_v20 page 8_pages_26-50.md
015-005-116,,015,005,"Receiver - On Cooler, Fower Steering",VMRS_HB_COMPLETE_v20 page 8_pages_26-50.md
015-005-050,,015,005,Control Value,VMRS_HB_COMPLETE_v20 page 8_pages_26-50.md
010-000-001,,010,000,Repaire Dalief Value Deven Of artists During,VMRS_HB_COMPLETE_v20 page 8_pages_26-50.md
015-005-117,,015,005,Fower Steering Assembly - Complete,VMRS_HB_COMPLETE_v20 page 8_pages_26-50.md
010-005-052,,010,005,Pressure Relief valve - Power Steering Pump,VMRS_HB_COMPLETE_v20 page 8_pages_26-50.md
015-005-118,,015,005,Solenoid - Control Valve,VMRS_HB_COMPLETE_v20 page 8_pages_26-50.md
015-005-053,,015,005,"Repair Kit - O-Ring, Power Steering Pump",VMRS_HB_COMPLETE_v20 page 8_pages_26-50.md
015-005-119,,015,005,Relay - Solenoid Control,VMRS_HB_COMPLETE_v20 page 8_pages_26-50.md
015-005-054,,015,005,"Tube - OII Supply Lubricating, Pump, Power",VMRS_HB_COMPLETE_v20 page 8_pages_26-50.md
015-005-120,,015,005,"Hydraulic System - Power Steering, Complete",VMRS_HB_COMPLETE_v20 page 8_pages_26-50.md
015-005-121,,015,005,"Switch - Pressure, Power Steering",VMRS_HB_COMPLETE_v20 page 8_pages_26-50.md
015-005-055,,015,005,Dipstick - Oil Pump Tank,VMRS_HB_COMPLETE_v20 page 8_pages_26-50.md
015-005-122,,015,005,"Pump Assembly - Tandem, Steering/Fuel",VMRS_HB_COMPLETE_v20 page 8_pages_26-50.md
015-005-056,,015,005,Gasket - Oil Pump Tank,VMRS_HB_COMPLETE_v20 page 8_pages_26-50.md
015-006-000,,015,006,Control Valve (Torque Generator) - Integral Gear,VMRS_HB_COMPLETE_v20 page 8_pages_26-50.md
015-005-057,,015,005,Shell - Oil Pump Tank,VMRS_HB_COMPLETE_v20 page 8_pages_26-50.md
015-005-058,,015,005,Element - Oil Pump Tank,VMRS_HB_COMPLETE_v20 page 8_pages_26-50.md
015-006-001,,015,006,Body - Rotary Valve,VMRS_HB_COMPLETE_v20 page 8_pages_26-50.md
015-005-059,,015,005,Retainer - Element,VMRS_HB_COMPLETE_v20 page 8_pages_26-50.md
015-006-002,,015,006,Seal - Valve To Housing,VMRS_HB_COMPLETE_v20 page 8_pages_26-50.md
015-006-003,,015,006,Spool Valve & Plug,VMRS_HB_COMPLETE_v20 page 8_pages_26-50.md
015-006-004,,015,006,"Spring - Centering, Valve Spool",VMRS_HB_COMPLETE_v20 page 8_pages_26-50.md
015-006-005,,015,006,Thrust Bearing - Valve Spool,VMRS_HB_COMPLETE_v20 page 8_pages_26-50.md
015-006-006,,015,006,Ring - Valve Body (Teflon),VMRS_HB_COMPLETE_v20 page 8_pages_26-50.md
015-006-007,,015,006,Shaft - Stub,VMRS_HB_COMPLETE_v20 page 8_pages_26-50.md
015-006-008,,015,006,Bearing - Stub Shaft,VMRS_HB_COMPLETE_v20 page 8_pages_26-50.md
015-006-009,,015,006,Bar - Stub Shaft Torsion,VMRS_HB_COMPLETE_v20 page 8_pages_26-50.md
015-006-010,,015,006,Seal - Stub Shaft,VMRS_HB_COMPLETE_v20 page 8_pages_26-50.md
015-006-011,,015,006,Bushing - Control Valve (Torque Generator),VMRS_HB_COMPLETE_v20 page 8_pages_26-50.md
015-006-012,,015,006,End Plate - Control Valve (Torque Generator),VMRS_HB_COMPLETE_v20 page 8_pages_26-50.md
015-006-013,,015,006,Gear Set,VMRS_HB_COMPLETE_v20 page 8_pages_26-50.md
015-006-014,,015,006,Repair Kit - Control Valve (Torque Generator),VMRS_HB_COMPLETE_v20 page 8_pages_26-50.md
015-006-015,,015,006,Shock - Rebound,VMRS_HB_COMPLETE_v20 page 8_pages_26-50.md
015-006-016,,015,006,"Spring Valve - Control, Integral Gear Type",VMRS_HB_COMPLETE_v20 page 8_pages_26-50.md
015-006-017,,015,006,"Valve Assembly - Control Valve, Integral Gear",VMRS_HB_COMPLETE_v20 page 8_pages_26-50.md
015-006-018,,015,006,"Valve Plate - Control Valve, Integral Gear Type",VMRS_HB_COMPLETE_v20 page 8_pages_26-50.md
015-006-019,,015,006,Shaft - Bearing,VMRS_HB_COMPLETE_v20 page 8_pages_26-50.md
015-007-000,,015,007,Control Valve - Tie Rod Type,VMRS_HB_COMPLETE_v20 page 8_pages_26-50.md
015-007-001,,015,007,Control Valve Assembly - Hydraulic,VMRS_HB_COMPLETE_v20 page 8_pages_26-50.md
015-007-002,,015,007,Housing - Adapter,VMRS_HB_COMPLETE_v20 page 8_pages_26-50.md
015-007-003,,015,007,Dust Shield - Adapter,VMRS_HB_COMPLETE_v20 page 8_pages_26-50.md
015-007-004,,015,007,Stud - Adapter Ball,VMRS_HB_COMPLETE_v20 page 8_pages_26-50.md
015-007-005,,015,007,Seat - Adapter Ball,VMRS_HB_COMPLETE_v20 page 8_pages_26-50.md
015-007-006,,015,007,Spring - Adapter Ball Seat,VMRS_HB_COMPLETE_v20 page 8_pages_26-50.md
015-007-007,,015,007,Bearing - Adapter Sleeve,VMRS_HB_COMPLETE_v20 page 8_pages_26-50.md
015-007-008,,015,007,Plug - Adapter Ball Adjuster,VMRS_HB_COMPLETE_v20 page 8_pages_26-50.md
015-007-009,,015,007,Key - Adapter Plug To Sleeve Bearing,VMRS_HB_COMPLETE_v20 page 8_pages_26-50.md
015-007-010,,015,007,Shaft - Valve,VMRS_HB_COMPLETE_v20 page 8_pages_26-50.md
015-007-011,,015,007,Housing - Valve,VMRS_HB_COMPLETE_v20 page 8_pages_26-50.md
015-007-012,,015,007,"Hardware, Mounting - Adapter Housing",VMRS_HB_COMPLETE_v20 page 8_pages_26-50.md
015-007-013,,015,007,Spacer - Annulus,VMRS_HB_COMPLETE_v20 page 8_pages_26-50.md
015-007-014,,015,007,Seal - Annulus,VMRS_HB_COMPLETE_v20 page 8_pages_26-50.md
015-007-015,,015,007,Spring - Reaction Valve,VMRS_HB_COMPLETE_v20 page 8_pages_26-50.md
015-007-016,,015,007,Retainer - Reaction Valve Spring,VMRS_HB_COMPLETE_v20 page 8_pages_26-50.md
015-007-017,,015,007,Spool Valve,VMRS_HB_COMPLETE_v20 page 8_pages_26-50.md
015-007-018,,015,007,Spring - Valve Adjusting,VMRS_HB_COMPLETE_v20 page 8_pages_26-50.md
015-007-019,,015,007,"Seal - Reaction Spool, O-Ring",VMRS_HB_COMPLETE_v20 page 8_pages_26-50.md
015-007-020,,015,007,Spool - Reaction Valve,VMRS_HB_COMPLETE_v20 page 8_pages_26-50.md
015-007-021,,015,007,Inrust wasner - Spring,VMRS_HB_COMPLETE_v20 page 8_pages_26-50.md
015-007-022,,015,007,Seal - Valve Spool,VMRS_HB_COMPLETE_v20 page 8_pages_26-50.md
015-007-023,,015,007,"Nut - Adjusting, Steering Control Valve",VMRS_HB_COMPLETE_v20 page 8_pages_26-50.md
015-007-024,,015,007,Dust Cover - valve,VMRS_HB_COMPLETE_v20 page 8_pages_26-50.md
015-007-025,,015,007,Plate Assembly - Hose Protection,VMRS_HB_COMPLETE_v20 page 8_pages_26-50.md
015-007-027,,015,007,"Rousing - Piston, Control valve, Steering",VMRS_HB_COMPLETE_v20 page 8_pages_26-50.md
015-007-029,,015,007,CylinderRed Bower Biston,VMRS_HB_COMPLETE_v20 page 8_pages_26-50.md
015-007-031,,015,007,Scraper - Diston Red,VMRS_HB_COMPLETE_v20 page 8_pages_26-50.md
015-007-032,,015,007,"Span Ring - Control Valve, Steering Cylinder",VMRS_HB_COMPLETE_v20 page 8_pages_26-50.md
015-007-034,,015,007,Stud - Booster Cylinder To Belay Bod Ball,VMRS_HB_COMPLETE_v20 page 8_pages_26-50.md
015-007-035,,015,007,Seat - Ball Stud,VMRS_HB_COMPLETE_v20 page 8_pages_26-50.md
015-007-036,,015,007,Shield - Ball Stud,VMRS_HB_COMPLETE_v20 page 8_pages_26-50.md
015-007-038,,015,007,Seat - Ball Stud Spring,VMRS_HB_COMPLETE_v20 page 8_pages_26-50.md
015-007-039,,015,007,Plug - Ball Stud End,VMRS_HB_COMPLETE_v20 page 8_pages_26-50.md
015-007-040,,015,007,Snap Ring - Betaining Ball Stud,VMRS_HB_COMPLETE_v20 page 8_pages_26-50.md
015-007-041,,015,007,Cushion - Cylinder Mounting,VMRS_HB_COMPLETE_v20 page 8_pages_26-50.md
015-007-042,,015,007,Cylinder - Head & Socket,VMRS_HB_COMPLETE_v20 page 8_pages_26-50.md
015-007-044,,015,007,Socket & Bod Assembly,VMRS_HB_COMPLETE_v20 page 8_pages_26-50.md
015-007-045,,015,007,Lock Nut - Steering Cylinder,VMRS_HB_COMPLETE_v20 page 8_pages_26-50.md
015-007-046,,015,007,Piston - Steering Control Valve,VMRS_HB_COMPLETE_v20 page 8_pages_26-50.md
015-007-047,,015,007,Piston And Rod Assembly - Steering Ram,VMRS_HB_COMPLETE_v20 page 8_pages_26-50.md
015-007-048,,015,007,Retaining Ring - Steering Ram,VMRS_HB_COMPLETE_v20 page 8_pages_26-50.md
015-007-049,,015,007,"Gland - Piston, Steering Ram",VMRS_HB_COMPLETE_v20 page 8_pages_26-50.md
015-007-050,,015,007,"Ring - Piston, Cylinder, Steering Ram",VMRS_HB_COMPLETE_v20 page 8_pages_26-50.md
015-007-051,,015,007,Socket Assembly - Steering Ram,VMRS_HB_COMPLETE_v20 page 8_pages_26-50.md
015-007-052,,015,007,Gasket - Control Valve,VMRS_HB_COMPLETE_v20 page 8_pages_26-50.md
015-007-053,,015,007,Rebuild Kit - Control Valve,VMRS_HB_COMPLETE_v20 page 8_pages_26-50.md
015-007-054,,015,007,Seal Kit - Control Valve,VMRS_HB_COMPLETE_v20 page 8_pages_26-50.md
015-007-055,,015,007,"Seal Kit - Piston Rod, Hydraulic Cylinder",VMRS_HB_COMPLETE_v20 page 8_pages_26-50.md
015-007-056,,015,007,Rebuild Kit - Hydraulic Cylinder,VMRS_HB_COMPLETE_v20 page 8_pages_26-50.md
015-008-000,,015,008,Power Steering Pump Motor - Electric,VMRS_HB_COMPLETE_v20 page 8_pages_26-50.md
015-008-001,,015,008,Housing - Power Steering Pump Motor,VMRS_HB_COMPLETE_v20 page 8_pages_26-50.md
015-008-002,,015,008,Power Steering Pump Motor - Complete,VMRS_HB_COMPLETE_v20 page 8_pages_26-50.md
015-008-003,,015,008,Bearing - Power Steering Pump Motor,VMRS_HB_COMPLETE_v20 page 8_pages_26-50.md
015-008-004,,015,008,Solenoid - Power Steering Pump Motor,VMRS_HB_COMPLETE_v20 page 8_pages_26-50.md
015-008-005,,015,008,Brush Holder - Power Steering Pump Motor,VMRS_HB_COMPLETE_v20 page 8_pages_26-50.md
015-008-006,,015,008,"Spring - Brush Holder, Power Steering PumpMotor",VMRS_HB_COMPLETE_v20 page 8_pages_26-50.md
015-008-007,,015,008,Power Steering Pump - Electric,VMRS_HB_COMPLETE_v20 page 8_pages_26-50.md
015-008-008,,015,008,Bracket - Electric Steering Harness,VMRS_HB_COMPLETE_v20 page 8_pages_26-50.md
015-008-009,,015,008,Wiring Harness - Electric Power Steering,VMRS_HB_COMPLETE_v20 page 8_pages_26-50.md
015-008-010,,015,008,Field Coils - Power Steering Pump Motor,VMRS_HB_COMPLETE_v20 page 8_pages_26-50.md
015-008-020,,015,008,Armature - Power Steering Pump Motor,VMRS_HB_COMPLETE_v20 page 8_pages_26-50.md
015-008-021,,015,008,Brushes - Power Steering Pump Motor,VMRS_HB_COMPLETE_v20 page 8_pages_26-50.md
015-008-022,,015,008,"Cable - Power Steering Pump, High Voltage",VMRS_HB_COMPLETE_v20 page 8_pages_26-50.md
015-008-023,,015,008,"Isolator - Power Steering Pump, High Voltage",VMRS_HB_COMPLETE_v20 page 8_pages_26-50.md
015-009-000,,015,009,Dual Steering,VMRS_HB_COMPLETE_v20 page 8_pages_26-50.md
015-009-001,,015,009,Bevel Box - Right,VMRS_HB_COMPLETE_v20 page 8_pages_26-50.md
015-009-002,,015,009,Bevel Box - Left,VMRS_HB_COMPLETE_v20 page 8_pages_26-50.md
015-009-003,,015,009,"Housing - Bevel Box, Right",VMRS_HB_COMPLETE_v20 page 8_pages_26-50.md
015-009-004,,015,009,"Housing - Bevel Box, Left",VMRS_HB_COMPLETE_v20 page 8_pages_26-50.md
015-009-005,,015,009,Housing - Pinion Gear,VMRS_HB_COMPLETE_v20 page 8_pages_26-50.md
015-009-006,,015,009,End Cap - Open,VMRS_HB_COMPLETE_v20 page 8_pages_26-50.md
015-009-007,,015,009,End Cap - Closed,VMRS_HB_COMPLETE_v20 page 8_pages_26-50.md
015-009-008,,015,009,Bevel Gear,VMRS_HB_COMPLETE_v20 page 8_pages_26-50.md
015-009-009,,015,009,"Gasket - End Cap, Bevel Gear, Dual Steering",VMRS_HB_COMPLETE_v20 page 8_pages_26-50.md
015-009-010,,015,009,"Lock Nut - Bevel Box, Dual Steering",VMRS_HB_COMPLETE_v20 page 8_pages_26-50.md
015-009-011,,015,009,Shaft - Pinion,VMRS_HB_COMPLETE_v20 page 8_pages_26-50.md
015-009-012,,015,009,Shaft - Cross,VMRS_HB_COMPLETE_v20 page 8_pages_26-50.md
015-009-013,,015,009,Cup - Bearing,VMRS_HB_COMPLETE_v20 page 8_pages_26-50.md
015-009-014,,015,009,Cone - Bearing,VMRS_HB_COMPLETE_v20 page 8_pages_26-50.md
015-009-016,,015,009,Woodruff Key - Dual Steering,VMRS_HB_COMPLETE_v20 page 8_pages_26-50.md
015-009-017,,015,009,Retaining Ring - Dual Steering,VMRS_HB_COMPLETE_v20 page 8_pages_26-50.md
015-009-018,,015,009,"Plug - Pipe, Bevel Box, Dual Steering",VMRS_HB_COMPLETE_v20 page 8_pages_26-50.md
015-009-021,,015,009,Mounting Bracket - Dual Steering,VMRS_HB_COMPLETE_v20 page 8_pages_26-50.md
015-009-024,,015,009,Support - Bevel Box,VMRS_HB_COMPLETE_v20 page 8_pages_26-50.md
015-009-025,,015,009,Support Bracket - Bevel Box,VMRS_HB_COMPLETE_v20 page 8_pages_26-50.md
015-009-026,,015,009,Steering Shaft - Right,VMRS_HB_COMPLETE_v20 page 8_pages_26-50.md
015-009-027,,015,009,Universal Joint Assembly,VMRS_HB_COMPLETE_v20 page 8_pages_26-50.md
015-009-028,,015,009,"Hardware, Mounting - Steering Shaft",VMRS_HB_COMPLETE_v20 page 8_pages_26-50.md
015-009-029,,015,009,Bearing - 2 Hole Flange,VMRS_HB_COMPLETE_v20 page 8_pages_26-50.md
015-009-030,,015,009,"Hardware, Mounting - End Cap Gaskel",VMRS_HB_COMPLETE_v20 page 8_pages_26-50.md
015-009-031,,015,009,"Charle, Mounting - Devel Dox Support",VMRS_HB_COMPLETE_v20 page 8_pages_26-50.md
015-009-032,,015,009,Shaft Steering Left,VMRS_HB_COMPLETE_v20 page 8_pages_26-50.md
015-009-034,,015,009,Boot - Steering Universal Joint,VMRS_HB_COMPLETE_v20 page 8_pages_26-50.md
015-009-035,,015,009,Cover - Steering Shaft,VMRS_HB_COMPLETE_v20 page 8_pages_26-50.md
015-009-036,,015,009,Air Assisted,VMRS_HB_COMPLETE_v20 page 8_pages_26-50.md
015-009-037,,015,009,Installation Kit - Complete,VMRS_HB_COMPLETE_v20 page 8_pages_26-50.md
015-009-038,,015,009,Hardware Mounting - Bevel Box,VMRS_HB_COMPLETE_v20 page 8_pages_26-50.md
015-009-039,,015,009,Switch - Control Dual Steering,VMRS_HB_COMPLETE_v20 page 8_pages_26-50.md
015-009-040,,015,009,Valve - Dual Steering,VMRS_HB_COMPLETE_v20 page 8_pages_26-50.md
015-009-041,,015,009,Wiring - Dual Steering,VMRS_HB_COMPLETE_v20 page 8_pages_26-50.md
015-009-042,,015,009,Fitting - Dual Steering,VMRS_HB_COMPLETE_v20 page 8_pages_26-50.md
015-009-043,,015,009,"Boot - Cross Shaft, Dual Steering",VMRS_HB_COMPLETE_v20 page 8_pages_26-50.md
015-009-044,,015,009,"Driveline - Cross Shaft, Dual Steering",VMRS_HB_COMPLETE_v20 page 8_pages_26-50.md
015-010-000,,015,010,Steering - All Steer,VMRS_HB_COMPLETE_v20 page 8_pages_26-50.md
015-010-001,,015,010,Linkage - All Steer,VMRS_HB_COMPLETE_v20 page 8_pages_26-50.md
015-011-000,,015,011,Steering Assembly - Transferable (Vario Pilot),VMRS_HB_COMPLETE_v20 page 8_pages_26-50.md
015-011-001,,015,011,"Switch - Safety, Dash Panel",VMRS_HB_COMPLETE_v20 page 8_pages_26-50.md
015-011-002,,015,011,"Switch - Safety, Column",VMRS_HB_COMPLETE_v20 page 8_pages_26-50.md
015-011-003,,015,011,"Switch - Servo, Release",VMRS_HB_COMPLETE_v20 page 8_pages_26-50.md
015-011-004,,015,011,Servo - Transfer Release,VMRS_HB_COMPLETE_v20 page 8_pages_26-50.md
015-011-005,,015,011,"Bracket - General, Switch Mounting",VMRS_HB_COMPLETE_v20 page 8_pages_26-50.md
015-011-006,,015,011,"Hardware, Mounting - General Switch",VMRS_HB_COMPLETE_v20 page 8_pages_26-50.md
015-011-007,,015,011,Dash Panel - Removable (Vario Pilot),VMRS_HB_COMPLETE_v20 page 8_pages_26-50.md
015-011-008,,015,011,"Latch - Safety, Dash Panel",VMRS_HB_COMPLETE_v20 page 8_pages_26-50.md
015-011-009,,015,011,Calch - Dash Faher,VMRS_HB_COMPLETE_v20 page 8_pages_26-50.md
015-010-011,,015,010,Fillion Steering Geal,VMRS_HB_COMPLETE_v20 page 8_pages_26-50.md
015-011-010,,015,011,Tray - Winng Hamess,VMRS_HB_COMPLETE_v20 page 8_pages_26-50.md
015-013-011,,015,013,"Hose Assembly - Power Steering, Rack & Pinion",VMRS_HB_COMPLETE_v20 page 8_pages_26-50.md
015-013-012,,015,013,Bearing Kit - Rack & Pinion,VMRS_HB_COMPLETE_v20 page 8_pages_26-50.md
015-011-012,,015,011,"Shaft - Lower, Steering",VMRS_HB_COMPLETE_v20 page 8_pages_26-50.md
015-013-013,,015,013,"Cap - Gear, Rack & Pinion",VMRS_HB_COMPLETE_v20 page 8_pages_26-50.md
015-011-013,,015,011,"Bearing - Steering Shaft, Lower, Dual Steer",VMRS_HB_COMPLETE_v20 page 8_pages_26-50.md
015-013-014,,015,013,"Drain Plug - Gear, Rack & Pinion",VMRS_HB_COMPLETE_v20 page 8_pages_26-50.md
015-011-014,,015,011,"Collar, Coupling - Transfer Input",VMRS_HB_COMPLETE_v20 page 8_pages_26-50.md
015-013-015,,015,013,Housing - Rack & Pinion,VMRS_HB_COMPLETE_v20 page 8_pages_26-50.md
015-011-015,,015,011,"Hardware, Mounting - Input Gear",VMRS_HB_COMPLETE_v20 page 8_pages_26-50.md
015-013-016,,015,013,"Seal Kit - Housing, Rack & Pinion",VMRS_HB_COMPLETE_v20 page 8_pages_26-50.md
015-011-016,,015,011,"Gear - Dual, Input, Bevel Box",VMRS_HB_COMPLETE_v20 page 8_pages_26-50.md
015-013-017,,015,013,Mount - Rack & Pinion,VMRS_HB_COMPLETE_v20 page 8_pages_26-50.md
015-011-017,,015,011,Housing Assembly - Upper,VMRS_HB_COMPLETE_v20 page 8_pages_26-50.md
015-013-018,,015,013,"Bushing - Mount, Rack & Pinion",VMRS_HB_COMPLETE_v20 page 8_pages_26-50.md
015-011-018,,015,011,"Gear - Output, Column",VMRS_HB_COMPLETE_v20 page 8_pages_26-50.md
015-013-019,,015,013,"Clamp - Mount, Rack & Pinion",VMRS_HB_COMPLETE_v20 page 8_pages_26-50.md
015-011-019,,015,011,Lever - Column Release,VMRS_HB_COMPLETE_v20 page 8_pages_26-50.md
015-013-020,,015,013,Overhaul Kit - Rack & Pinion,VMRS_HB_COMPLETE_v20 page 8_pages_26-50.md
015-011-020,,015,011,Linkage - Lever Release,VMRS_HB_COMPLETE_v20 page 8_pages_26-50.md
015-013-021,,015,013,"Gear - Rack, Rack & Pinion",VMRS_HB_COMPLETE_v20 page 8_pages_26-50.md
015-011-021,,015,011,"Fork - Coupling, Collar Release",VMRS_HB_COMPLETE_v20 page 8_pages_26-50.md
015-013-022,,015,013,Seal Kit - Rack & Pinion,VMRS_HB_COMPLETE_v20 page 8_pages_26-50.md
015-011-022,,015,011,Pawl - Collar Release,VMRS_HB_COMPLETE_v20 page 8_pages_26-50.md
015-013-023,,015,013,"Shaft - Steering Pinion, Rack & Pinion",VMRS_HB_COMPLETE_v20 page 8_pages_26-50.md
015-011-023,,015,011,"Hardware, Mounting - Release Pawl",VMRS_HB_COMPLETE_v20 page 8_pages_26-50.md
015-014-000,,015,014,Hydraulic Steering System (Construction,VMRS_HB_COMPLETE_v20 page 8_pages_26-50.md
015-011-024,,015,011,Bracket - Lever Mounting,VMRS_HB_COMPLETE_v20 page 8_pages_26-50.md
015-011-025,,015,011,Spring - Lever Return,VMRS_HB_COMPLETE_v20 page 8_pages_26-50.md
015-014-001,,015,014,Hydraulic Steering Assembly - Complete,VMRS_HB_COMPLETE_v20 page 8_pages_26-50.md
015-011-026,,015,011,"Hardware, Mounting - Column Release Lever",VMRS_HB_COMPLETE_v20 page 8_pages_26-50.md
015-014-002,,015,014,Ball - Hvdraulic Steering,VMRS_HB_COMPLETE_v20 page 8_pages_26-50.md
015-011-027,,015,011,Bracket - Column Mounting,VMRS_HB_COMPLETE_v20 page 8_pages_26-50.md
015-014-003,,015,014,Bearing - Hydraulic Steering,VMRS_HB_COMPLETE_v20 page 8_pages_26-50.md
015-011-028,,015,011,Tube - Support Sliding,VMRS_HB_COMPLETE_v20 page 8_pages_26-50.md
015-014-004,,015,014,Cylinder Assembly - Hydraulic Steering,VMRS_HB_COMPLETE_v20 page 8_pages_26-50.md
015-011-029,,015,011,Support Bracket - Tube Mounting,VMRS_HB_COMPLETE_v20 page 8_pages_26-50.md
015-014-005,,015,014,Guide - Hydraulic Steering,VMRS_HB_COMPLETE_v20 page 8_pages_26-50.md
015-011-030,,015,011,Hardware Mounting - Support Tube,VMRS_HB_COMPLETE_v20 page 8_pages_26-50.md
015-014-006,,015,014,Piston Block - Hydraulic Steering,VMRS_HB_COMPLETE_v20 page 8_pages_26-50.md
015-014-007,,015,014,Piston Bod - Hydraulic Steering,VMRS_HB_COMPLETE_v20 page 8_pages_26-50.md
015-011-032,,015,011,Bracket - Rodal Support,VMRS_HB_COMPLETE_v20 page 8_pages_26-50.md
015-014-008,,015,014,Poliof Valvo - Hydraulic Steering,VMRS_HB_COMPLETE_v20 page 8_pages_26-50.md
015-011-033,,015,011,"Raiuware, Mounting - General Blacket",VMRS_HB_COMPLETE_v20 page 8_pages_26-50.md
015-014-009,,015,014,Seal Vit Undraulia Steering,VMRS_HB_COMPLETE_v20 page 8_pages_26-50.md
015-011-034,,015,011,Bevel Box Assembly- Dual steer (vario),VMRS_HB_COMPLETE_v20 page 8_pages_26-50.md
015-014-010,,015,014,Seal Kit - Hydraulic Steering,VMRS_HB_COMPLETE_v20 page 8_pages_26-50.md
015-011-035,,015,011,Bracket - Dual Bevel Box Mounting,VMRS_HB_COMPLETE_v20 page 8_pages_26-50.md
015-014-011,,015,014,Shaft - Hydraulic Steering,VMRS_HB_COMPLETE_v20 page 8_pages_26-50.md
015-011-036,,015,011,"Hardware, Mounting - Bevel Box Dual",VMRS_HB_COMPLETE_v20 page 8_pages_26-50.md
015-014-012,,015,014,Orbital Valve - Hydraulic Steering,VMRS_HB_COMPLETE_v20 page 8_pages_26-50.md
015-011-037,,015,011,Column Assembly - Transferable Steering,VMRS_HB_COMPLETE_v20 page 8_pages_26-50.md
015-015-000,,015,015,Electric Lane Assist Steering,VMRS_HB_COMPLETE_v20 page 8_pages_26-50.md
015-011-038,,015,011,Cable - Clutch Pedal Raising,VMRS_HB_COMPLETE_v20 page 8_pages_26-50.md
015-015-001,,015,015,Electric Lane Assist Assembly,VMRS_HB_COMPLETE_v20 page 8_pages_26-50.md
015-011-039,,015,011,Cable - Accelerator Pedal Raising,VMRS_HB_COMPLETE_v20 page 8_pages_26-50.md
015-015-002,,015,015,"Column - Steering, Electric Lane Assist",VMRS_HB_COMPLETE_v20 page 8_pages_26-50.md
015-011-040,,015,011,"Bearing - Steering Shaft, Upper, Dual Steer",VMRS_HB_COMPLETE_v20 page 8_pages_26-50.md
015-015-003,,015,015,"Shaft - Steering, Electric Lane Assist",VMRS_HB_COMPLETE_v20 page 8_pages_26-50.md
015-012-000,,015,012,Electronic Stability Control (ESC),VMRS_HB_COMPLETE_v20 page 8_pages_26-50.md
015-015-004,,015,015,"Motor - Steering Gear, Electric, Electric Lane",VMRS_HB_COMPLETE_v20 page 8_pages_26-50.md
015-012-001,,015,012,"Sensor - Yaw Rate, Electronic Stability Control",VMRS_HB_COMPLETE_v20 page 8_pages_26-50.md
015-012-002,,015,012,"Bracket - Yaw Rate Sensor, Electronic Stability",VMRS_HB_COMPLETE_v20 page 8_pages_26-50.md
015-015-005,,015,015,"Gear - Steering, Electric Lane Assist",VMRS_HB_COMPLETE_v20 page 8_pages_26-50.md
015-015-006,,015,015,"Wiring Harness - Sensor to Motor, Electric Lane",VMRS_HB_COMPLETE_v20 page 8_pages_26-50.md
015-012-003,,015,012,Pressure Control Valve - Electronic Stability,VMRS_HB_COMPLETE_v20 page 8_pages_26-50.md
016-000-000,,016,000,Suspension,VMRS_HB_COMPLETE_v20 page 8_pages_26-50.md
015-012-004,,015,012,"Wiring Harness - Chassis, Electronic Stability",VMRS_HB_COMPLETE_v20 page 8_pages_26-50.md
016-001-000,,016,001,Independent Front Suspension,VMRS_HB_COMPLETE_v20 page 8_pages_26-50.md
016-001-001,,016,001,Control Arm - Lower,VMRS_HB_COMPLETE_v20 page 8_pages_26-50.md
015-012-005,,015,012,Electronic Control Unit (ECU) - Electronic,VMRS_HB_COMPLETE_v20 page 8_pages_26-50.md
016-001-002,,016,001,"Control Arm - A-Frame, Upper",VMRS_HB_COMPLETE_v20 page 8_pages_26-50.md
016-001-003,,016,001,Thrust Bearing - Steering Knuckle,VMRS_HB_COMPLETE_v20 page 8_pages_26-50.md
015-012-006,,015,012,Bracket - ABS Valve Electronic Stability Control,VMRS_HB_COMPLETE_v20 page 8_pages_26-50.md
016-001-004,,016,001,"Shim - Thrust Bearing, Steering Knuckle",VMRS_HB_COMPLETE_v20 page 8_pages_26-50.md
015-012-007,,015,012,Wiring Harness - ABS Electronic Stability,VMRS_HB_COMPLETE_v20 page 8_pages_26-50.md
016-001-005,,016,001,Shaft - Upper Control Arm,VMRS_HB_COMPLETE_v20 page 8_pages_26-50.md
010-012-007,,010,012,Control,VMRS_HB_COMPLETE_v20 page 8_pages_26-50.md
016-001-006,,016,001,Shaft - Lower Control Arm Independent Front,VMRS_HB_COMPLETE_v20 page 8_pages_26-50.md
015-012-008,,015,012,Label - Warning Electronic Stability Control,VMRS_HB_COMPLETE_v20 page 8_pages_26-50.md
010-001-000,,010,001,Suspension,VMRS_HB_COMPLETE_v20 page 8_pages_26-50.md
016-001-007,,016,001,Divot - Coil Spring Seat,VMRS_HB_COMPLETE_v20 page 8_pages_26-50.md
015-012-009,,015,012,Transdusor Drossure Electronic Stability,VMRS_HB_COMPLETE_v20 page 8_pages_26-50.md
016-001-009,,016,001,Shoft Coil Spring Seat Divot,VMRS_HB_COMPLETE_v20 page 8_pages_26-50.md
015-012-010,,015,012,"Transducer - Pressure, Electronic Stability",VMRS_HB_COMPLETE_v20 page 8_pages_26-50.md
010-001-009,,010,001,Bushing - Opper Control Arm,VMRS_HB_COMPLETE_v20 page 8_pages_26-50.md
015-012-011,,015,012,"Valve - Relay, Electronic Stability Control",VMRS_HB_COMPLETE_v20 page 8_pages_26-50.md
010-001-010,,010,001,"Hardware, Mounting - Lower Control Arm Shall",VMRS_HB_COMPLETE_v20 page 8_pages_26-50.md
015-012-012,,015,012,"Sensor - Steering Angle, Electronic Stability",VMRS_HB_COMPLETE_v20 page 8_pages_26-50.md
010-001-011,,010,001,"Bushing - Lower Control Arm, Independent Front",VMRS_HB_COMPLETE_v20 page 8_pages_26-50.md
015-010-010,,015,010,Control,VMRS_HB_COMPLETE_v20 page 8_pages_26-50.md
015-012-013,,015,012,"Harness - Steering Angle Sensor, Electronic",VMRS_HB_COMPLETE_v20 page 8_pages_26-50.md
016-001-012,,016,001,Seal - Lower Control Arm Bushing,VMRS_HB_COMPLETE_v20 page 8_pages_26-50.md
016-001-013,,016,001,Seal - Upper Control Arm Bushing,VMRS_HB_COMPLETE_v20 page 8_pages_26-50.md
015-012-014,,015,012,"Bracket - ECU, Electronic Stability Control",VMRS_HB_COMPLETE_v20 page 8_pages_26-50.md
016-001-014,,016,001,Ball Joint - Upper Control Arm,VMRS_HB_COMPLETE_v20 page 8_pages_26-50.md
015-012-015,,015,012,Switch - Stability Control,VMRS_HB_COMPLETE_v20 page 8_pages_26-50.md
016-001-015,,016,001,Ball Joint - Lower Control Arm,VMRS_HB_COMPLETE_v20 page 8_pages_26-50.md
015-013-000,,015,013,Steering Gear - Rack & Pinion Type,VMRS_HB_COMPLETE_v20 page 8_pages_26-50.md
016-001-016,,016,001,Bumper - Upper Control Arm,VMRS_HB_COMPLETE_v20 page 8_pages_26-50.md
015-013-001,,015,013,Steering Gear Assembly - Rack & Pinion,VMRS_HB_COMPLETE_v20 page 8_pages_26-50.md
016-001-017,,016,001,Bumper - Lower Control Arm,VMRS_HB_COMPLETE_v20 page 8_pages_26-50.md
015-013-002,,015,013,"Hardware, Mounting - Rack & Pinion Steering",VMRS_HB_COMPLETE_v20 page 8_pages_26-50.md
016-001-018,,016,001,Bracket - Upper Control Arm Bumper,VMRS_HB_COMPLETE_v20 page 8_pages_26-50.md
016-001-019,,016,001,"Seal - Ball Joint, Upper Control Arm",VMRS_HB_COMPLETE_v20 page 8_pages_26-50.md
015-013-003,,015,013,"Seal - Input Shaft, Steering Gear, Rack & Pinion",VMRS_HB_COMPLETE_v20 page 8_pages_26-50.md
016-001-020,,016,001,"Seal - Ball Joint, Lower Control Arm",VMRS_HB_COMPLETE_v20 page 8_pages_26-50.md
015-013-004,,015,013,"Tie Rod - Steering Gear, Rack & Pinion, Right",VMRS_HB_COMPLETE_v20 page 8_pages_26-50.md
016-001-021,,016,001,Strut - Lower Control Arm,VMRS_HB_COMPLETE_v20 page 8_pages_26-50.md
015-013-005,,015,013,"Tie Rod - Steering Gear, Rack & Pinion, Left",VMRS_HB_COMPLETE_v20 page 8_pages_26-50.md
016-001-022,,016,001,Bushing - Lower Control Arm Strut,VMRS_HB_COMPLETE_v20 page 8_pages_26-50.md
015-013-006,,015,013,"Bellows - Linkage, Steering Gear, Rack & Pinion",VMRS_HB_COMPLETE_v20 page 8_pages_26-50.md
016-001-023,,016,001,Bracket - Lower Control Arm Strut,VMRS_HB_COMPLETE_v20 page 8_pages_26-50.md
015-013-007,,015,013,"Clamp - Bellows, Rack & Pinion, Steering Gear",VMRS_HB_COMPLETE_v20 page 8_pages_26-50.md
016-001-024,,016,001,Nut - Ball Joint,VMRS_HB_COMPLETE_v20 page 8_pages_26-50.md
016-001-025,,016,001,Nut - Control Arm,VMRS_HB_COMPLETE_v20 page 8_pages_26-50.md
015-013-008,,015,013,"Mounting Bracket - Steering Gear, Back &",VMRS_HB_COMPLETE_v20 page 8_pages_26-50.md
016-001-026,,016,001,Plate - Control Arm,VMRS_HB_COMPLETE_v20 page 8_pages_26-50.md
016-001-027,,016,001,Linkage - Front Strut,VMRS_HB_COMPLETE_v20 page 8_pages_26-50.md
016-001-028,,016,001,O-Bing - Control Arm Independent Front,VMRS_HB_COMPLETE_v20 page 8_pages_26-50.md
010-001-020,,010,001,Suspension,VMRS_HB_COMPLETE_v20 page 8_pages_26-50.md
015-013-010,,015,013,Hardware Mounting - Mounting Bracket Back &,VMRS_HB_COMPLETE_v20 page 8_pages_26-50.md
010-010-010,,010,010,"Haraware, mounting - mounting Diacket, nack a",VMRS_HB_COMPLETE_v20 page 8_pages_26-50.md
016-001-030,,016,001,Air Spring - Independent Front Suspension,VMRS_HB_COMPLETE_v20 page 8_pages_26-50.md
016-002-022,,016,002,Locking Plate - Front,VMRS_HB_COMPLETE_v20 page 8_pages_26-50.md
016-001-031,,016,001,Suspension Assembly - Complete Independent,VMRS_HB_COMPLETE_v20 page 8_pages_26-50.md
016-002-023,,016,002,Liner - Front Springs,VMRS_HB_COMPLETE_v20 page 8_pages_26-50.md
010-001-001,,010,001,Front Susponsion,VMRS_HB_COMPLETE_v20 page 8_pages_26-50.md
016-002-024,,016,002,Scrow Front Spring,VMRS_HB_COMPLETE_v20 page 8_pages_26-50.md
010-002-024,,010,002,Sciew - Home Spring D,VMRS_HB_COMPLETE_v20 page 8_pages_26-50.md
010-001-032,,010,001,"Filling - Front Suspension, Air Line, Hose, Tube,",VMRS_HB_COMPLETE_v20 page 8_pages_26-50.md
010-002-025,,010,002,Busning - Mounting B,VMRS_HB_COMPLETE_v20 page 8_pages_26-50.md
016-002-026,,016,002,Mounting Bracket - F,VMRS_HB_COMPLETE_v20 page 8_pages_26-50.md
016-001-033,,016,001,"O-Ring - Front Suspension, Air Line, Hose, Tube,",VMRS_HB_COMPLETE_v20 page 8_pages_26-50.md
016-002-027,,016,002,Mounting Bracket - F,VMRS_HB_COMPLETE_v20 page 8_pages_26-50.md
016-001-034,,016,001,Cam - Caster Adjustment,VMRS_HB_COMPLETE_v20 page 8_pages_26-50.md
016-001-035,,016,001,Bolt - Camber Adjustment,VMRS_HB_COMPLETE_v20 page 8_pages_26-50.md
016-002-028,,016,002,Bushing - Mounting B,VMRS_HB_COMPLETE_v20 page 8_pages_26-50.md
016-002-020,,016,002,Din Mounting Brook,VMRS_HB_COMPLETE_v20 page 8_pages_26-50.md
010-001-007,,010,001,,VMRS_HB_COMPLETE_v20 page 8_pages_26-50.md
010-002-029,,010,002,FIII - Mounting Bracke,VMRS_HB_COMPLETE_v20 page 8_pages_26-50.md
016-001-037,,016,001,"Cam - Adjustment, Ball Joint",VMRS_HB_COMPLETE_v20 page 8_pages_26-50.md
016-002-030,,016,002,Busning - Rear Spring,VMRS_HB_COMPLETE_v20 page 8_pages_26-50.md
016-001-038,,016,001,Boot - Ball Joint,VMRS_HB_COMPLETE_v20 page 8_pages_26-50.md
016-002-031,,016,002,Mounting Bracket - F,VMRS_HB_COMPLETE_v20 page 8_pages_26-50.md
016-001-039,,016,001,"Plate - Lock, Ball Joint",VMRS_HB_COMPLETE_v20 page 8_pages_26-50.md
016-001-040,,016,001,Cover - Control Arm,VMRS_HB_COMPLETE_v20 page 8_pages_26-50.md
016-002-032,,016,002,"Shim - Spring Seat, F",VMRS_HB_COMPLETE_v20 page 8_pages_26-50.md
016-001-041,,016,001,Plate - Lock. Control Arm,VMRS_HB_COMPLETE_v20 page 8_pages_26-50.md
016-002-033,,016,002,"Nut - Spring Pin, Fron",VMRS_HB_COMPLETE_v20 page 8_pages_26-50.md
016-001-042,,016,001,Reinforcement - Control Arm,VMRS_HB_COMPLETE_v20 page 8_pages_26-50.md
016-002-034,,016,002,Shim - Bracket Front,VMRS_HB_COMPLETE_v20 page 8_pages_26-50.md
016-001-043,,016,001,Push Pod Suspension,VMRS_HB_COMPLETE_v20 page 8_pages_26-50.md
016-002-035,,016,002,Washor Din Shacklo,VMRS_HB_COMPLETE_v20 page 8_pages_26-50.md
010-001-043,,010,001,,VMRS_HB_COMPLETE_v20 page 8_pages_26-50.md
010-002-000,,010,002,Washer - Fill Shackle,VMRS_HB_COMPLETE_v20 page 8_pages_26-50.md
016-001-044,,016,001,Rocker Arm - Suspension,VMRS_HB_COMPLETE_v20 page 8_pages_26-50.md
016-002-036,,016,002,"Nut - Liner, Front Spri",VMRS_HB_COMPLETE_v20 page 8_pages_26-50.md
016-001-045,,016,001,Heat Shield - Suspension,VMRS_HB_COMPLETE_v20 page 8_pages_26-50.md
016-002-037,,016,002,"Bolt - Liner, Front Spr",VMRS_HB_COMPLETE_v20 page 8_pages_26-50.md
016-001-046,,016,001,Cam Bolt Kit - Suspension,VMRS_HB_COMPLETE_v20 page 8_pages_26-50.md
016-002-038,,016,002,Spacer - Front Spring,VMRS_HB_COMPLETE_v20 page 8_pages_26-50.md
016-001-047,,016,001,"Shim - Camber/Toe, Suspension",VMRS_HB_COMPLETE_v20 page 8_pages_26-50.md
016-002-039,,016,002,"Nut - U-Bolt, Front Sp",VMRS_HB_COMPLETE_v20 page 8_pages_26-50.md
016-001-048,,016,001,Eccentric - Camber Adjusting Suspension,VMRS_HB_COMPLETE_v20 page 8_pages_26-50.md
016-002-040,,016,002,Washer - U-Bolt,VMRS_HB_COMPLETE_v20 page 8_pages_26-50.md
016-001-049,,016,001,"Bushing - Camber, Suspension",VMRS_HB_COMPLETE_v20 page 8_pages_26-50.md
016-002-041,,016,002,Pin - Drive,VMRS_HB_COMPLETE_v20 page 8_pages_26-50.md
016-001-050,,016,001,Stud Cambor Cam Suspension,VMRS_HB_COMPLETE_v20 page 8_pages_26-50.md
016-002-042,,016,002,Hardwara Mounting,VMRS_HB_COMPLETE_v20 page 8_pages_26-50.md
010-001-050,,010,001,,VMRS_HB_COMPLETE_v20 page 8_pages_26-50.md
010-002-042,,010,002,"Hardware, Mounting -",VMRS_HB_COMPLETE_v20 page 8_pages_26-50.md
016-001-051,,016,001,Camper Kit - Suspension,VMRS_HB_COMPLETE_v20 page 8_pages_26-50.md
016-002-043,,016,002,"Hardware, Mounting -",VMRS_HB_COMPLETE_v20 page 8_pages_26-50.md
016-001-052,,016,001,"Plate - Camber, Suspension",VMRS_HB_COMPLETE_v20 page 8_pages_26-50.md
016-001-053,,016,001,"Shim - Camber, Suspension",VMRS_HB_COMPLETE_v20 page 8_pages_26-50.md
016-002-044,,016,002,Bracket - Helper Sprir,VMRS_HB_COMPLETE_v20 page 8_pages_26-50.md
016-001-054,,016,001,"Bushing Kit - Camber Toe, Suspension",VMRS_HB_COMPLETE_v20 page 8_pages_26-50.md
016-002-045,,016,002,Spring Helper,VMRS_HB_COMPLETE_v20 page 8_pages_26-50.md
016-001-055,,016,001,Wedge - Camber Suspension,VMRS_HB_COMPLETE_v20 page 8_pages_26-50.md
016-002-046,,016,002,Hardware Mounting -,VMRS_HB_COMPLETE_v20 page 8_pages_26-50.md
016-001-056,,016,001,Kit-Wedge Camber Suspension,VMRS_HB_COMPLETE_v20 page 8_pages_26-50.md
016-002-047,,016,002,Anchor - Torque Bod,VMRS_HB_COMPLETE_v20 page 8_pages_26-50.md
016-001-057,,016,001,Rushing Caster/Comber Supersion,VMRS_HB_COMPLETE_v20 page 8_pages_26-50.md
010-001-057,,010,001,"Bushing - Caster/Campel, Suspension",VMRS_HB_COMPLETE_v20 page 8_pages_26-50.md
010-002-040,,010,002,Bushing - Torque Rod,VMRS_HB_COMPLETE_v20 page 8_pages_26-50.md
016-001-058,,016,001,"Busning Kit - Caster/Camper, Suspension",VMRS_HB_COMPLETE_v20 page 8_pages_26-50.md
016-002-049,,016,002,Torque Rod,VMRS_HB_COMPLETE_v20 page 8_pages_26-50.md
016-001-059,,016,001,"Bolt - Caster/Camber, Suspension",VMRS_HB_COMPLETE_v20 page 8_pages_26-50.md
016-002-050,,016,002,"Hardware, Mounting -",VMRS_HB_COMPLETE_v20 page 8_pages_26-50.md
016-001-060,,016,001,"Kit - Caster/Camber, Suspension",VMRS_HB_COMPLETE_v20 page 8_pages_26-50.md
016-002-051,,016,002,Spring Eye - Cast,VMRS_HB_COMPLETE_v20 page 8_pages_26-50.md
016-001-061,,016,001,"Shim - Caster/Camber, Suspension",VMRS_HB_COMPLETE_v20 page 8_pages_26-50.md
016-002-052,,016,002,Spacer - Tube,VMRS_HB_COMPLETE_v20 page 8_pages_26-50.md
016-001-062,,016,001,"Kit - Caster, Suspension",VMRS_HB_COMPLETE_v20 page 8_pages_26-50.md
016-002-053,,016,002,"Hardware, Mounting -",VMRS_HB_COMPLETE_v20 page 8_pages_26-50.md
016-001-063,,016,001,"Kit - Caster Bod, Suspension",VMRS_HB_COMPLETE_v20 page 8_pages_26-50.md
016-002-054,,016,002,Grease Fitting - Front,VMRS_HB_COMPLETE_v20 page 8_pages_26-50.md
016-001-064,,016,001,Kit - Caster Shim Suspension,VMRS_HB_COMPLETE_v20 page 8_pages_26-50.md
016-002-055,,016,002,Hardware Mounting,VMRS_HB_COMPLETE_v20 page 8_pages_26-50.md
010-001-004,,010,001,Guide Din Alignment Supposion,VMRS_HB_COMPLETE_v20 page 8_pages_26-50.md
,100-010,100,010,"Guide Pin - Alignment, Suspension",VMRS_HB_COMPLETE_v20 page 8_pages_26-50.md
010-002-050,,010,002,Retainer - Spring Pin,VMRS_HB_COMPLETE_v20 page 8_pages_26-50.md
016-001-066,,016,001,"Shim - Alignment, Suspension",VMRS_HB_COMPLETE_v20 page 8_pages_26-50.md
016-002-057,,016,002,Stop - Front Axle,VMRS_HB_COMPLETE_v20 page 8_pages_26-50.md
016-001-067,,016,001,"Kit - Thrust/Setback Adjusting, Suspension",VMRS_HB_COMPLETE_v20 page 8_pages_26-50.md
016-002-058,,016,002,"Pin - Dowel, Front Su",VMRS_HB_COMPLETE_v20 page 8_pages_26-50.md
016-001-068,,016,001,"Kit - Toe Adjusting, Suspension",VMRS_HB_COMPLETE_v20 page 8_pages_26-50.md
016-002-059,,016,002,"Clamp - Hanger, Rea",VMRS_HB_COMPLETE_v20 page 8_pages_26-50.md
016-001-069,,016,001,"Kit - Toe Bolt, Suspension",VMRS_HB_COMPLETE_v20 page 8_pages_26-50.md
016-002-060,,016,002,"Wrap - Bottom, Front",VMRS_HB_COMPLETE_v20 page 8_pages_26-50.md
016-001-070,,016,001,Shim - Toe Suspension,VMRS_HB_COMPLETE_v20 page 8_pages_26-50.md
016-002-061,,016,002,Wrap - Top Front Axle,VMRS_HB_COMPLETE_v20 page 8_pages_26-50.md
016-001-071,,016,001,Bolt - Adjusting Steering Pinjon Angle,VMRS_HB_COMPLETE_v20 page 8_pages_26-50.md
016-002-062,,016,002,Wear Pad - Bushing,VMRS_HB_COMPLETE_v20 page 8_pages_26-50.md
016-007-071,,016,007,Eront Opringo,VMRS_HB_COMPLETE_v20 page 8_pages_26-50.md
010-002-002,,010,002,Seel Bushing Front,VMRS_HB_COMPLETE_v20 page 8_pages_26-50.md
010-002-003,,010,002,"Seal - Bushing, Florit",VMRS_HB_COMPLETE_v20 page 8_pages_26-50.md
016-002-001,,016,002,"Spring - Leat, Front",VMRS_HB_COMPLETE_v20 page 8_pages_26-50.md
016-002-064,,016,002,"Bracket - Shackle, Fro",VMRS_HB_COMPLETE_v20 page 8_pages_26-50.md
016-002-002,,016,002,Coil Spring - Front,VMRS_HB_COMPLETE_v20 page 8_pages_26-50.md
016-002-065,,016,002,Equalizer Bracket - Fr,VMRS_HB_COMPLETE_v20 page 8_pages_26-50.md
016-002-003,,016,002,"Spacer - Coil Spring, Front",VMRS_HB_COMPLETE_v20 page 8_pages_26-50.md
016-002-066,,016,002,"Bushing - Equalizer, F",VMRS_HB_COMPLETE_v20 page 8_pages_26-50.md
016-002-004,,016,002,Bar - Torsion,VMRS_HB_COMPLETE_v20 page 8_pages_26-50.md
016-002-067,,016,002,"Strap - Retaining, Fro",VMRS_HB_COMPLETE_v20 page 8_pages_26-50.md
016-002-005,,016,002,Bumper - Front Axle,VMRS_HB_COMPLETE_v20 page 8_pages_26-50.md
016-002-068,,016,002,Clip Plate - Leaf Sprin,VMRS_HB_COMPLETE_v20 page 8_pages_26-50.md
016-002-006,,016,002,LI-Bolt - Front Spring,VMRS_HB_COMPLETE_v20 page 8_pages_26-50.md
016-002-069,,016,002,Wear Washer - Pin S,VMRS_HB_COMPLETE_v20 page 8_pages_26-50.md
016-002-007,,016,002,Brocket Front Opring,VMRS_HB_COMPLETE_v20 page 8_pages_26-50.md
016-002-070,,016,002,Post Opring Front C,VMRS_HB_COMPLETE_v20 page 8_pages_26-50.md
010-002-007,,010,002,Diacket - Front Spring,VMRS_HB_COMPLETE_v20 page 8_pages_26-50.md
010-002-070,,010,002,"Seat - Spillig, Florit S",VMRS_HB_COMPLETE_v20 page 8_pages_26-50.md
016-002-008,,016,002,"Bracket - U-Bolt, Front",VMRS_HB_COMPLETE_v20 page 8_pages_26-50.md
016-002-071,,016,002,"Cap - Seat, Front Spr",VMRS_HB_COMPLETE_v20 page 8_pages_26-50.md
016-002-009,,016,002,"Pin - Spring Shackle, Front",VMRS_HB_COMPLETE_v20 page 8_pages_26-50.md
016-002-072,,016,002,Cross Member - From,VMRS_HB_COMPLETE_v20 page 8_pages_26-50.md
016-002-010,,016,002,Shackle - Front Spring,VMRS_HB_COMPLETE_v20 page 8_pages_26-50.md
016-002-073,,016,002,Bracket - Torque Rod,VMRS_HB_COMPLETE_v20 page 8_pages_26-50.md
016-002-011,,016,002,"Bushing - Eye, Front Spring",VMRS_HB_COMPLETE_v20 page 8_pages_26-50.md
016-002-074,,016,002,"Pin - Spring Pivot, Tor",VMRS_HB_COMPLETE_v20 page 8_pages_26-50.md
016-002-012,,016,002,Bolt - Front Spring Center,VMRS_HB_COMPLETE_v20 page 8_pages_26-50.md
016-002-075,,016,002,Adapter - Bushing Fr,VMRS_HB_COMPLETE_v20 page 8_pages_26-50.md
016-002-076,,016,002,Plate - Pivot Front Sr,VMRS_HB_COMPLETE_v20 page 8_pages_26-50.md
016-002-013,,016,002,Diacket - 10151011 Dai,VMRS_HB_COMPLETE_v20 page 8_pages_26-50.md
010-002-014,,010,002,,VMRS_HB_COMPLETE_v20 page 8_pages_26-50.md
010-002-077,,010,002,"Deam - Equalizer, Fro",VMRS_HB_COMPLETE_v20 page 8_pages_26-50.md
016-002-015,,016,002,"Pin - Mounting Bracket, Front Spring, Front",VMRS_HB_COMPLETE_v20 page 8_pages_26-50.md
016-002-078,,016,002,"Bracket - Axle Clamp,",VMRS_HB_COMPLETE_v20 page 8_pages_26-50.md
016-002-016,,016,002,"Pin - Locking, Front Spring Bracket Pin",VMRS_HB_COMPLETE_v20 page 8_pages_26-50.md
016-002-079,,016,002,"Pin - Spring, Bonded",VMRS_HB_COMPLETE_v20 page 8_pages_26-50.md
016-002-017,,016,002,"Pad - U-Bolt, Front Spring",VMRS_HB_COMPLETE_v20 page 8_pages_26-50.md
016-002-080,,016,002,"Bolt - Pin, Bonded Bu",VMRS_HB_COMPLETE_v20 page 8_pages_26-50.md
016-002-018,,016,002,Mounting Bracket - Front Spring. Front. Fixed,VMRS_HB_COMPLETE_v20 page 8_pages_26-50.md
016-002-081,,016,002,"Nut - Pin, Bonded Bus",VMRS_HB_COMPLETE_v20 page 8_pages_26-50.md
016-002-082,,016,002,Pad - Deflector Front,VMRS_HB_COMPLETE_v20 page 8_pages_26-50.md
016-002-019,,016,002,Mounting Bracket - Front Spring Front Fixed,VMRS_HB_COMPLETE_v20 page 8_pages_26-50.md
016-002-083,,016,002,Spring - Air,VMRS_HB_COMPLETE_v20 page 8_pages_26-50.md
010-002-013,,010,002,End Loft,VMRS_HB_COMPLETE_v20 page 8_pages_26-50.md
010-002-084,,010,002,Nount - Torsion Bar,VMRS_HB_COMPLETE_v20 page 8_pages_26-50.md
010-002-020,,010,002,"wounting Bracket - Front Spring, Rear, Free",VMRS_HB_COMPLETE_v20 page 8_pages_26-50.md
010-002-085,,010,002,Cover - Torsion Bar,VMRS_HB_COMPLETE_v20 page 8_pages_26-50.md
016-002-086,,016,002,Bushing - Torsion Bar,VMRS_HB_COMPLETE_v20 page 8_pages_26-50.md
016-002-021,,016,002,"Mounting Bracket - Front Spring, Rear, Free",VMRS_HB_COMPLETE_v20 page 8_pages_26-50.md
016-002-087,,016,002,"Arm - Adjusting, Torsi",VMRS_HB_COMPLETE_v20 page 8_pages_26-50.md
016-002-088,,016,002,Cap - Torque Rod,VMRS_HB_COMPLETE_v20 page 8_pages_26-50.md
,002-022,002,022,Locking Plate - Front Spring Shackle,VMRS_HB_COMPLETE_v20 page 8_pages_26-50.md
,002-023,002,023,Liner - Front Springs,VMRS_HB_COMPLETE_v20 page 8_pages_26-50.md
,002-024,002,024,Screw - Front Spring Pin,VMRS_HB_COMPLETE_v20 page 8_pages_26-50.md
,002-025,002,025,"Bushing - Mounting Bracket, Front Spring, Front",VMRS_HB_COMPLETE_v20 page 8_pages_26-50.md
,002-026,002,026,"Mounting Bracket - Front Spring, Rear, FixedEnd, Right",VMRS_HB_COMPLETE_v20 page 8_pages_26-50.md
,002-027,002,027,"Mounting Bracket - Front Spring, Rear, FixedEnd. Left",VMRS_HB_COMPLETE_v20 page 8_pages_26-50.md
,002-028,002,028,"Bushing - Mounting Bracket, Rear, Front Spring",VMRS_HB_COMPLETE_v20 page 8_pages_26-50.md
,002-029,002,029,"Pin - Mounting Bracket, Front Spring, Rear",VMRS_HB_COMPLETE_v20 page 8_pages_26-50.md
,002-030,002,030,"Bushing - Rear Spring Eye, Front Spring",VMRS_HB_COMPLETE_v20 page 8_pages_26-50.md
,002-031,002,031,"Mounting Bracket - Front Spring, Rear, FreeEnd",VMRS_HB_COMPLETE_v20 page 8_pages_26-50.md
,002-032,002,032,"Shim - Spring Seat, Front Axle",VMRS_HB_COMPLETE_v20 page 8_pages_26-50.md
,002-033,002,033,"Nut - Spring Pin, Front",VMRS_HB_COMPLETE_v20 page 8_pages_26-50.md
,002-034,002,034,"Shim - Bracket, Front Spring",VMRS_HB_COMPLETE_v20 page 8_pages_26-50.md
,002-035,002,035,"Washer - Pin Shackle, Front Spring",VMRS_HB_COMPLETE_v20 page 8_pages_26-50.md
,002-036,002,036,"Nut - Liner, Front Springs",VMRS_HB_COMPLETE_v20 page 8_pages_26-50.md
,002-037,002,037,"Bolt - Liner, Front Springs",VMRS_HB_COMPLETE_v20 page 8_pages_26-50.md
,002-038,002,038,Spacer - Front Spring,VMRS_HB_COMPLETE_v20 page 8_pages_26-50.md
,002-039,002,039,"Nut - U-Bolt, Front Spring",VMRS_HB_COMPLETE_v20 page 8_pages_26-50.md
,002-040,002,040,Washer - U-Bolt,VMRS_HB_COMPLETE_v20 page 8_pages_26-50.md
,002-041,002,041,Pin - Drive,VMRS_HB_COMPLETE_v20 page 8_pages_26-50.md
,002-042,002,042,"Hardware, Mounting - Front Spring Bracket",VMRS_HB_COMPLETE_v20 page 8_pages_26-50.md
,002-043,002,043,"Hardware, Mounting - Front Spring, Rear, FreeEnd Mounting Bracket",VMRS_HB_COMPLETE_v20 page 8_pages_26-50.md
,002-044,002,044,Bracket - Helper Spring,VMRS_HB_COMPLETE_v20 page 8_pages_26-50.md
,002-045,002,045,Spring Helper,VMRS_HB_COMPLETE_v20 page 8_pages_26-50.md
,002-046,002,046,"Hardware, Mounting - Spring Helper",VMRS_HB_COMPLETE_v20 page 8_pages_26-50.md
,002-047,002,047,Anchor - Torque Rod,VMRS_HB_COMPLETE_v20 page 8_pages_26-50.md
,002-048,002,048,Bushing - Torque Rod,VMRS_HB_COMPLETE_v20 page 8_pages_26-50.md
,002-049,002,049,Torque Rod,VMRS_HB_COMPLETE_v20 page 8_pages_26-50.md
,002-050,002,050,"Hardware, Mounting - Torque Rod, Front Spring",VMRS_HB_COMPLETE_v20 page 8_pages_26-50.md
,002-051,002,051,Spring Eye - Cast,VMRS_HB_COMPLETE_v20 page 8_pages_26-50.md
,002-052,002,052,Spacer - Tube,VMRS_HB_COMPLETE_v20 page 8_pages_26-50.md
,002-053,002,053,"Hardware, Mounting - Tube Spacer",VMRS_HB_COMPLETE_v20 page 8_pages_26-50.md
,002-054,002,054,Grease Filling - Front Spring,VMRS_HB_COMPLETE_v20 page 8_pages_26-50.md
,002-000,002,000,Detainor Spring Din,VMRS_HB_COMPLETE_v20 page 8_pages_26-50.md
,002-058,002,058,Pin - Dowel Front Suspension,VMRS_HB_COMPLETE_v20 page 8_pages_26-50.md
,002-060,002,060,Wran - Bottom Front Ayle,VMRS_HB_COMPLETE_v20 page 8_pages_26-50.md
,002-061,002,061,Wrap - Top Front Axle,VMRS_HB_COMPLETE_v20 page 8_pages_26-50.md
,002-062,002,062,Wear Pad - Bushing Front Spring,VMRS_HB_COMPLETE_v20 page 8_pages_26-50.md
,002-063,002,063,"Seal - Bushing, Front Suspension",VMRS_HB_COMPLETE_v20 page 8_pages_26-50.md
,002-064,002,064,"Bracket - Shackle, Front Spring",VMRS_HB_COMPLETE_v20 page 8_pages_26-50.md
,002-065,002,065,"Equalizer Bracket - Front Suspension, Tandem",VMRS_HB_COMPLETE_v20 page 8_pages_26-50.md
,002-066,002,066,"Bushing - Equalizer, Front Suspension",VMRS_HB_COMPLETE_v20 page 8_pages_26-50.md
,002-067,002,067,"Strap - Retaining, Front Spring",VMRS_HB_COMPLETE_v20 page 8_pages_26-50.md
,002-068,002,068,"Clip Plate - Leaf Spring, Front Suspension",VMRS_HB_COMPLETE_v20 page 8_pages_26-50.md
,002-069,002,069,"Wear Washer - Pin, Spring Pivot, Front Spring",VMRS_HB_COMPLETE_v20 page 8_pages_26-50.md
,002-070,002,070,"Seat - Spring, Front Suspension",VMRS_HB_COMPLETE_v20 page 8_pages_26-50.md
,002-071,002,071,"Cap - Seat, Front Spring",VMRS_HB_COMPLETE_v20 page 8_pages_26-50.md
,002-072,002,072,"Cross Member - Front Suspension, Tandem",VMRS_HB_COMPLETE_v20 page 8_pages_26-50.md
,002-073,002,073,"Bracket - Torque Rod, Front Suspension",VMRS_HB_COMPLETE_v20 page 8_pages_26-50.md
,002-074,002,074,"Pin - Spring Pivot, Torque Rod Bracket",VMRS_HB_COMPLETE_v20 page 8_pages_26-50.md
,002-075,002,075,"Adapter - Bushing, Front Spring",VMRS_HB_COMPLETE_v20 page 8_pages_26-50.md
,002-076,002,076,"Plate - Pivot, Front Spring",VMRS_HB_COMPLETE_v20 page 8_pages_26-50.md
,002-077,002,077,"Beam - Equalizer, Front Suspension, Tandem",VMRS_HB_COMPLETE_v20 page 8_pages_26-50.md
,002-078,002,078,"Bracket - Axle Clamp, Front Suspension",VMRS_HB_COMPLETE_v20 page 8_pages_26-50.md
,002-079,002,079,"Pin - Spring, Bonded Bushing, Front Spring",VMRS_HB_COMPLETE_v20 page 8_pages_26-50.md
,002-080,002,080,"Bolt - Pin, Bonded Bushing, Front Spring",VMRS_HB_COMPLETE_v20 page 8_pages_26-50.md
,002-081,002,081,"Nut - Pin, Bonded Bushing, Front Spring",VMRS_HB_COMPLETE_v20 page 8_pages_26-50.md
,002-082,002,082,"Pad - Deflector, Front Spring",VMRS_HB_COMPLETE_v20 page 8_pages_26-50.md
,002-083,002,083,Spring - Air,VMRS_HB_COMPLETE_v20 page 8_pages_26-50.md
,002-084,002,084,Mount - Iorsion Bar,VMRS_HB_COMPLETE_v20 page 8_pages_26-50.md
,002-085,002,085,Cover - Iorsion Bar,VMRS_HB_COMPLETE_v20 page 8_pages_26-50.md
,002-086,002,086,Bushing - Torsion Bar,VMRS_HB_COMPLETE_v20 page 8_pages_26-50.md
016-002-089,,016,002,Clamp - Torque Rod,VMRS_HB_COMPLETE_v20 page 8_pages_26-50.md
016-004-016,,016,004,"Connector - Upper King Pin, Liftable Suspension",VMRS_HB_COMPLETE_v20 page 8_pages_26-50.md
016-002-090,,016,002,Coil Spring Set,VMRS_HB_COMPLETE_v20 page 8_pages_26-50.md
016-004-017,,016,004,"Lever, Reversing, Liftable Rear Suspension",VMRS_HB_COMPLETE_v20 page 8_pages_26-50.md
016-002-091,,016,002,Insulator - Coil Spring,VMRS_HB_COMPLETE_v20 page 8_pages_26-50.md
016-004-018,,016,004,"Bearing - Linkage, Liftable Rear Suspension",VMRS_HB_COMPLETE_v20 page 8_pages_26-50.md
016-002-092,,016,002,"Sleeve - Retainer, Coil Spring",VMRS_HB_COMPLETE_v20 page 8_pages_26-50.md
016-004-019,,016,004,Clamp - Front Stabilizer,VMRS_HB_COMPLETE_v20 page 8_pages_26-50.md
016-002-093,,016,002,Retainer - Coil Spring,VMRS_HB_COMPLETE_v20 page 8_pages_26-50.md
016-004-020,,016,004,Sleeve - Arm. Steer Lock,VMRS_HB_COMPLETE_v20 page 8_pages_26-50.md
016-002-094,,016,002,Cap - Coil Spring,VMRS_HB_COMPLETE_v20 page 8_pages_26-50.md
016-004-021,,016,004,Kit - Stabilizer Bar,VMRS_HB_COMPLETE_v20 page 8_pages_26-50.md
016-002-095,,016,002,Adjuster - Coil Spring,VMRS_HB_COMPLETE_v20 page 8_pages_26-50.md
016-004-022,,016,004,Cover - Dust Link Stabilizer Bar,VMRS_HB_COMPLETE_v20 page 8_pages_26-50.md
016-002-096,,016,002,Insulator - Leaf Spring,VMRS_HB_COMPLETE_v20 page 8_pages_26-50.md
016-004-023,,016,004,Link Kit - Stabilizer Bar,VMRS_HB_COMPLETE_v20 page 8_pages_26-50.md
016-002-097,,016,002,Plate - U-Bolt Leaf Spring,VMRS_HB_COMPLETE_v20 page 8_pages_26-50.md
016-004-024,,016,004,Sleeve - Link Stabilizer Bar,VMRS_HB_COMPLETE_v20 page 8_pages_26-50.md
016-004-025,,016,004,Absorber - Vibration Stabilizer Bar,VMRS_HB_COMPLETE_v20 page 8_pages_26-50.md
016-002-000,,016,002,Track Bar - Front Spring,VMRS_HB_COMPLETE_v20 page 8_pages_26-50.md
016-005-000,,016,005,Suspension - Dear (Non-Air),VMRS_HB_COMPLETE_v20 page 8_pages_26-50.md
016-002-100,,016,002,Rushing Track Bar Front Spring,VMRS_HB_COMPLETE_v20 page 8_pages_26-50.md
016-005-001,,016,005,Spring Coil Door,VMRS_HB_COMPLETE_v20 page 8_pages_26-50.md
010-002-100,,010,002,Bar Anti Dall Front Spring,VMRS_HB_COMPLETE_v20 page 8_pages_26-50.md
016-005-002,,016,005,Spring Loof Door,VMRS_HB_COMPLETE_v20 page 8_pages_26-50.md
010-002-101,,010,002,"Dar - Anti-Roll, Florit Spring",VMRS_HB_COMPLETE_v20 page 8_pages_26-50.md
010-005-002,,010,005,Olin Deer Leef Onring,VMRS_HB_COMPLETE_v20 page 8_pages_26-50.md
010-002-102,,010,002,Load Cushion - Auxiliary Spring,VMRS_HB_COMPLETE_v20 page 8_pages_26-50.md
010-005-003,,010,005,Clip - Rear Lear Spring,VMRS_HB_COMPLETE_v20 page 8_pages_26-50.md
010-002-103,,010,002,"Plate - Pressure, Front Lear Spring",VMRS_HB_COMPLETE_v20 page 8_pages_26-50.md
010-005-004,,010,005,"Bolt - Center, Rear Spring",VMRS_HB_COMPLETE_v20 page 8_pages_26-50.md
010-002-104,,010,002,roke - Front Spring,VMRS_HB_COMPLETE_v20 page 8_pages_26-50.md
010-005-005,,010,005,"Nut - Center Bolt, Rear Spring",VMRS_HB_COMPLETE_v20 page 8_pages_26-50.md
016-002-105,,016,002,Busning - Anti-Roll Bar,VMRS_HB_COMPLETE_v20 page 8_pages_26-50.md
016-005-006,,016,005,"Spring - Auxiliary, Rear",VMRS_HB_COMPLETE_v20 page 8_pages_26-50.md
016-002-106,,016,002,Yoke - Rear Spring,VMRS_HB_COMPLETE_v20 page 8_pages_26-50.md
016-005-007,,016,005,"U-Bolt - Spring, Rear",VMRS_HB_COMPLETE_v20 page 8_pages_26-50.md
016-002-107,,016,002,Air Cylinder - Front Coil Spring,VMRS_HB_COMPLETE_v20 page 8_pages_26-50.md
016-005-008,,016,005,"Spacer - U-Bolt, Rear Spring",VMRS_HB_COMPLETE_v20 page 8_pages_26-50.md
016-002-108,,016,002,Link - Transversal,VMRS_HB_COMPLETE_v20 page 8_pages_26-50.md
016-005-009,,016,005,"Anchor Plate - U-Bolt/Shock Absorber, Rear",VMRS_HB_COMPLETE_v20 page 8_pages_26-50.md
016-002-109,,016,002,Bushing - Shackle Frame,VMRS_HB_COMPLETE_v20 page 8_pages_26-50.md
016-002-110,,016,002,"Key - Torsion Bar, Adjustable",VMRS_HB_COMPLETE_v20 page 8_pages_26-50.md
016-005-010,,016,005,"Hanger - Rear Spring, Front",VMRS_HB_COMPLETE_v20 page 8_pages_26-50.md
016-002-111,,016,002,"Bushing - Seat, Front Coil Spring",VMRS_HB_COMPLETE_v20 page 8_pages_26-50.md
016-005-011,,016,005,"Hanger - Rear Spring, Rear",VMRS_HB_COMPLETE_v20 page 8_pages_26-50.md
016-002-112,,016,002,Load Kit - Torsion Bar,VMRS_HB_COMPLETE_v20 page 8_pages_26-50.md
016-005-012,,016,005,"Bushing - Rear Spring, Front",VMRS_HB_COMPLETE_v20 page 8_pages_26-50.md
016-002-113,,016,002,Leaf Spring w/Clamp Group - Front,VMRS_HB_COMPLETE_v20 page 8_pages_26-50.md
016-005-013,,016,005,Pin - Rear Spring,VMRS_HB_COMPLETE_v20 page 8_pages_26-50.md
016-003-000,,016,003,Front Shock Absorbers,VMRS_HB_COMPLETE_v20 page 8_pages_26-50.md
016-005-014,,016,005,Shackle - Rear Spring,VMRS_HB_COMPLETE_v20 page 8_pages_26-50.md
016-003-001,,016,003,Shock Absorber Assembly - Front,VMRS_HB_COMPLETE_v20 page 8_pages_26-50.md
016-005-015,,016,005,"Bushing - Shackle, Rear Spring",VMRS_HB_COMPLETE_v20 page 8_pages_26-50.md
016-003-003,,016,003,"Bracket - Shock Absorber, Lower, Front",VMRS_HB_COMPLETE_v20 page 8_pages_26-50.md
016-005-016,,016,005,"Hardware, Mounting - Rear Spring Shackle",VMRS_HB_COMPLETE_v20 page 8_pages_26-50.md
016-003-004,,016,003,Bushing - Front Shock Absorber,VMRS_HB_COMPLETE_v20 page 8_pages_26-50.md
016-005-017,,016,005,Bumper - Rear Axle Or Spring,VMRS_HB_COMPLETE_v20 page 8_pages_26-50.md
016-003-005,,016,003,Retainer - Bushing Front Shock Absorber,VMRS_HB_COMPLETE_v20 page 8_pages_26-50.md
016-005-018,,016,005,Retainer - Rear Axle Bumper,VMRS_HB_COMPLETE_v20 page 8_pages_26-50.md
016-003-006,,016,003,"Spacer - Mounting Bracket, Shock Absorbers",VMRS_HB_COMPLETE_v20 page 8_pages_26-50.md
016-005-019,,016,005,Link - Spring Control Lower Control Arm,VMRS_HB_COMPLETE_v20 page 8_pages_26-50.md
,000-000,000,000,Front,VMRS_HB_COMPLETE_v20 page 8_pages_26-50.md
016-005-020,,016,005,Hardware Mounting - Spring Control Lower,VMRS_HB_COMPLETE_v20 page 8_pages_26-50.md
016-003-007,,016,003,Bolt - Mounting Front Shock Absorbers,VMRS_HB_COMPLETE_v20 page 8_pages_26-50.md
010-000-020,,010,000,Control Arm Link,VMRS_HB_COMPLETE_v20 page 8_pages_26-50.md
016-003-008,,016,003,Lock Nut - Front Shock Absorber,VMRS_HB_COMPLETE_v20 page 8_pages_26-50.md
016-005-021,,016,005,Bracket - Control Link Frame,VMRS_HB_COMPLETE_v20 page 8_pages_26-50.md
016-005-022,,016,005,Hardware Mounting Control Link Frame,VMRS_HB_COMPLETE_v20 page 8_pages_26-50.md
016-003-009,,016,003,Spacer Shock Bracket,VMRS_HB_COMPLETE_v20 page 8_pages_26-50.md
010-005-022,,010,005,Product,VMRS_HB_COMPLETE_v20 page 8_pages_26-50.md
010-003-011,,010,003,Spacer - Shock Brackel,VMRS_HB_COMPLETE_v20 page 8_pages_26-50.md
010-003-012,,010,003,Mounting Stud - Lower Shock,VMRS_HB_COMPLETE_v20 page 8_pages_26-50.md
010-005-025,,010,005,"Shart - Lower Control Arm, Rear Suspension",VMRS_HB_COMPLETE_v20 page 8_pages_26-50.md
010-003-013,,010,003,Mounting Stud - Opper Shock,VMRS_HB_COMPLETE_v20 page 8_pages_26-50.md
040-005-004,,040,005,(Non-Air),VMRS_HB_COMPLETE_v20 page 8_pages_26-50.md
016-003-015,,016,003,"Hardware, Mounting - Front Shock Absorber",VMRS_HB_COMPLETE_v20 page 8_pages_26-50.md
016-005-024,,016,005,"Bushing - Lower Control Arm, Rear Suspension",VMRS_HB_COMPLETE_v20 page 8_pages_26-50.md
016-003-016,,016,003,"Shock Absorber - Universal, Front & Rear",VMRS_HB_COMPLETE_v20 page 8_pages_26-50.md
016-005-025,,016,005,Equalizer - Rear Suspension (Non-Air),VMRS_HB_COMPLETE_v20 page 8_pages_26-50.md
016-003-018,,016,003,"Bracket - Shock Absorber, Upper",VMRS_HB_COMPLETE_v20 page 8_pages_26-50.md
016-005-026,,016,005,Bracket - Equalizing Beam,VMRS_HB_COMPLETE_v20 page 8_pages_26-50.md
016-003-019,,016,003,Cover - Shock Absorber,VMRS_HB_COMPLETE_v20 page 8_pages_26-50.md
016-005-027,,016,005,Tube Or Cross Bar - Tandem Connecting,VMRS_HB_COMPLETE_v20 page 8_pages_26-50.md
016-003-020,,016,003,Washer - Shock Absorber,VMRS_HB_COMPLETE_v20 page 8_pages_26-50.md
016-005-028,,016,005,Rod - Torque,VMRS_HB_COMPLETE_v20 page 8_pages_26-50.md
016-003-021,,016,003,Insulator - Front Shock Absorber,VMRS_HB_COMPLETE_v20 page 8_pages_26-50.md
016-005-029,,016,005,"Bracket - Torque Rod, Rear Suspension (Non-",VMRS_HB_COMPLETE_v20 page 8_pages_26-50.md
016-003-022,,016,003,"Shock Absorber - Air, Front",VMRS_HB_COMPLETE_v20 page 8_pages_26-50.md
016-003-023,,016,003,Bleeder Screw - Shock Absorber,VMRS_HB_COMPLETE_v20 page 8_pages_26-50.md
016-005-030,,016,005,Rod - Radius,VMRS_HB_COMPLETE_v20 page 8_pages_26-50.md
016-003-024,,016,003,Bumper - Shock Absorber,VMRS_HB_COMPLETE_v20 page 8_pages_26-50.md
016-005-031,,016,005,Bushing - Radius Rod,VMRS_HB_COMPLETE_v20 page 8_pages_26-50.md
016-003-025,,016,003,Mount - Shock Absorber,VMRS_HB_COMPLETE_v20 page 8_pages_26-50.md
016-005-032,,016,005,"Bracket - Radius Rod, Rear Spring",VMRS_HB_COMPLETE_v20 page 8_pages_26-50.md
016-003-026,,016,003,"Cap - Mount, Shock Absorber",VMRS_HB_COMPLETE_v20 page 8_pages_26-50.md
016-005-033,,016,005,Seat - Rear Spring,VMRS_HB_COMPLETE_v20 page 8_pages_26-50.md
016-003-027,,016,003,"Sleeve - Mount, Shock Absorber",VMRS_HB_COMPLETE_v20 page 8_pages_26-50.md
016-005-034,,016,005,Seat - Tandem Spring,VMRS_HB_COMPLETE_v20 page 8_pages_26-50.md
016-003-028,,016,003,"Gasket - Mount, Shock Absorber",VMRS_HB_COMPLETE_v20 page 8_pages_26-50.md
016-005-035,,016,005,Bushing - Tandem Spring Seat,VMRS_HB_COMPLETE_v20 page 8_pages_26-50.md
016-004-000,,016,004,Front Stabilizer,VMRS_HB_COMPLETE_v20 page 8_pages_26-50.md
016-005-036,,016,005,Seal. Tandem Spring Seat,VMRS_HB_COMPLETE_v20 page 8_pages_26-50.md
016-004-001,,016,004,Member - Front Stabilizer (Shaft Or Badius Arm),VMRS_HB_COMPLETE_v20 page 8_pages_26-50.md
016-005-037,,016,005,"Hardware, Mounting - Torque Rod, Rear Spring",VMRS_HB_COMPLETE_v20 page 8_pages_26-50.md
016-004-002,,016,004,Bushing - Front Stabilizer Member,VMRS_HB_COMPLETE_v20 page 8_pages_26-50.md
016-005-038,,016,005,"Hardware, Mounting - Radius Rod",VMRS_HB_COMPLETE_v20 page 8_pages_26-50.md
016-004-003,,016,004,Betainer - Bushing Front Stabilizer Member,VMRS_HB_COMPLETE_v20 page 8_pages_26-50.md
016-005-039,,016,005,Bushing - Equalizer,VMRS_HB_COMPLETE_v20 page 8_pages_26-50.md
016-004-004,,016,004,Hardware Mounting - Front Stabilizer Member,VMRS_HB_COMPLETE_v20 page 8_pages_26-50.md
016-005-040,,016,005,Bolt/Pin - Equalizer Bushing,VMRS_HB_COMPLETE_v20 page 8_pages_26-50.md
010-004-004,,010,004,Rushing Potsinor,VMRS_HB_COMPLETE_v20 page 8_pages_26-50.md
016-005-041,,016,005,Donair Kit - Doar Chassis Spring,VMRS_HB_COMPLETE_v20 page 8_pages_26-50.md
016-004-005,,016,004,Mounting Bracket Front Stabilizer Member,VMRS_HB_COMPLETE_v20 page 8_pages_26-50.md
016-005-042,,016,005,Stop Door Spring Hangor,VMRS_HB_COMPLETE_v20 page 8_pages_26-50.md
010-004-005,,010,004,Link Front Stabilizer,VMRS_HB_COMPLETE_v20 page 8_pages_26-50.md
010-005-043,,010,005,Spring Dust Shield Torque Dod End,VMRS_HB_COMPLETE_v20 page 8_pages_26-50.md
010-004-007,,010,004,Insulator - FIOIIL Stabilizer,VMRS_HB_COMPLETE_v20 page 8_pages_26-50.md
010-005-044,,010,005,"Spring - Dust Shield, Torque Rou End",VMRS_HB_COMPLETE_v20 page 8_pages_26-50.md
010-004-008,,010,004,Insulator - Rear Stabilizer,VMRS_HB_COMPLETE_v20 page 8_pages_26-50.md
010-005-045,,010,005,"Seal - Dust Shield, Torque Rod End",VMRS_HB_COMPLETE_v20 page 8_pages_26-50.md
016-004-009,,016,004,"Spacer - Mounting Bracket, Front Stabilizer",VMRS_HB_COMPLETE_v20 page 8_pages_26-50.md
010-005-040,,010,005,Busning - Torque Roa Ena,VMRS_HB_COMPLETE_v20 page 8_pages_26-50.md
016-004-010,,016,004,"Hardware, Mounting - Front Stabilizer Member",VMRS_HB_COMPLETE_v20 page 8_pages_26-50.md
016-005-047,,016,005,"Spring - Tension, Torque Rod End",VMRS_HB_COMPLETE_v20 page 8_pages_26-50.md
016-004-011,,016,004,"Hardware, Mounting - Front Stabilizer Member -",VMRS_HB_COMPLETE_v20 page 8_pages_26-50.md
016-005-048,,016,005,Nut - Iorque Rod End,VMRS_HB_COMPLETE_v20 page 8_pages_26-50.md
016-005-049,,016,005,Stua - Torque Roa End,VMRS_HB_COMPLETE_v20 page 8_pages_26-50.md
016-004-012,,016,004,"Hardware, Mounting - Front Stabilizer Member",VMRS_HB_COMPLETE_v20 page 8_pages_26-50.md
016-005-050,,016,005,"Insulator - Rear Spring, Upper",VMRS_HB_COMPLETE_v20 page 8_pages_26-50.md
016-005-051,,016,005,"Insulator - Rear Spring, Lower",VMRS_HB_COMPLETE_v20 page 8_pages_26-50.md
016-004-013,,016,004,"Hardware, Mounting - Front Stabilizer Link",VMRS_HB_COMPLETE_v20 page 8_pages_26-50.md
016-005-052,,016,005,Bushing - Spring Saddle To Spring,VMRS_HB_COMPLETE_v20 page 8_pages_26-50.md
016-004-014,,016,004,Cylinder - Front Stabilizer,VMRS_HB_COMPLETE_v20 page 8_pages_26-50.md
016-005-053,,016,005,Nut - Radius Rods,VMRS_HB_COMPLETE_v20 page 8_pages_26-50.md
016-004-015,,016,004,Seal - Front Stabilizer,VMRS_HB_COMPLETE_v20 page 8_pages_26-50.md
016-005-054,,016,005,Bolt - Radius Rod,VMRS_HB_COMPLETE_v20 page 8_pages_26-50.md
016-005-126,,016,005,Hardware Mounting Dowel Din,VMRS_HB_COMPLETE_v20 page 8_pages_26-50.md
010-005-120,,010,005,"Hardware, Mounting - Dower Fill",VMRS_HB_COMPLETE_v20 page 8_pages_26-50.md
016-005-127,,016,005,Spacer - Rear Spring Hanger,VMRS_HB_COMPLETE_v20 page 8_pages_26-50.md
016-005-128,,016,005,Grease Fitting - Rear Spring,VMRS_HB_COMPLETE_v20 page 8_pages_26-50.md
016-005-129,,016,005,Bracket - Slide,VMRS_HB_COMPLETE_v20 page 8_pages_26-50.md
016-005-130,,016,005,"Bracket - Cross Member, Torque Rod",VMRS_HB_COMPLETE_v20 page 8_pages_26-50.md
016-005-132,,016,005,Adapter - Axle Housing,VMRS_HB_COMPLETE_v20 page 8_pages_26-50.md
016-005-133,,016,005,Pin - Dowel Rear Spring Locating,VMRS_HB_COMPLETE_v20 page 8_pages_26-50.md
016-005-124,,016,005,Hardware Mounting Spring Hanger Wear Plate,VMRS_HB_COMPLETE_v20 page 8_pages_26-50.md
010-005-134,,010,005,"Hardware, Mounting - Spring Harger Wear Flate",VMRS_HB_COMPLETE_v20 page 8_pages_26-50.md
010-005-135,,010,005,"Hardware, Mounting - Rear Spring, Front Hanger",VMRS_HB_COMPLETE_v20 page 8_pages_26-50.md
016-005-137,,016,005,Wasner - Radius Rod,VMRS_HB_COMPLETE_v20 page 8_pages_26-50.md
016-005-138,,016,005,Axle Stop,VMRS_HB_COMPLETE_v20 page 8_pages_26-50.md
016-005-140,,016,005,"Hardware, Mounting - Axle Stop",VMRS_HB_COMPLETE_v20 page 8_pages_26-50.md
016-005-141,,016,005,Nut - Equalizer,VMRS_HB_COMPLETE_v20 page 8_pages_26-50.md
016-005-142,,016,005,Beam - Equalizing,VMRS_HB_COMPLETE_v20 page 8_pages_26-50.md
016-005-143,,016,005,Saddle - Spring,VMRS_HB_COMPLETE_v20 page 8_pages_26-50.md
016-005-144,,016,005,Trunnion Assembly,VMRS_HB_COMPLETE_v20 page 8_pages_26-50.md
016-005-145,,016,005,Bushing - Trunnion Rear Suspension,VMRS_HB_COMPLETE_v20 page 8_pages_26-50.md
016-005-146,,016,005,Wear Plate - Spring Hanger,VMRS_HB_COMPLETE_v20 page 8_pages_26-50.md
016-005-150,,016,005,Chain Arm Instant Traction,VMRS_HB_COMPLETE_v20 page 8_pages_26-50.md
010-005-150,,010,005,,VMRS_HB_COMPLETE_v20 page 8_pages_26-50.md
010-005-151,,010,005,Suspension Assembly - Rear,VMRS_HB_COMPLETE_v20 page 8_pages_26-50.md
016-005-152,,016,005,"Cylinder - Instant Traction, Chain",VMRS_HB_COMPLETE_v20 page 8_pages_26-50.md
016-005-153,,016,005,Suspension Kit - Rear,VMRS_HB_COMPLETE_v20 page 8_pages_26-50.md
016-005-154,,016,005,Backing Plate - Control Rod,VMRS_HB_COMPLETE_v20 page 8_pages_26-50.md
016-005-155,,016,005,Spacer - Torque Rod,VMRS_HB_COMPLETE_v20 page 8_pages_26-50.md
016-005-157,,016,005,Track Bar,VMRS_HB_COMPLETE_v20 page 8_pages_26-50.md
016-005-158,,016,005,Bearing - Rear Suspension,VMRS_HB_COMPLETE_v20 page 8_pages_26-50.md
016-005-159,,016,005,Pivot - Equalizer,VMRS_HB_COMPLETE_v20 page 8_pages_26-50.md
016-005-160,,016,005,Bracket - Auxiliary Spring,VMRS_HB_COMPLETE_v20 page 8_pages_26-50.md
016-005-161,,016,005,Pad IL Bolt Dear Spring,VMRS_HB_COMPLETE_v20 page 8_pages_26-50.md
016-005-162,,016,005,Pracket Ayle Sect Supponsion,VMRS_HB_COMPLETE_v20 page 8_pages_26-50.md
010-000-103,,010,000,Auapter - Deam End Deer Quenensien,VMRS_HB_COMPLETE_v20 page 8_pages_26-50.md
010-005-104,,010,005,"Dushing - Deam, End, Rear Suspension",VMRS_HB_COMPLETE_v20 page 8_pages_26-50.md
010-005-105,,010,005,"Cap - Saddie, Rear Suspension",VMRS_HB_COMPLETE_v20 page 8_pages_26-50.md
016-005-166,,016,005,"Cushion - Load, Saddle, Rear Suspension",VMRS_HB_COMPLETE_v20 page 8_pages_26-50.md
016-005-167,,016,005,"Busning - Beam, Center, Rear Suspension",VMRS_HB_COMPLETE_v20 page 8_pages_26-50.md
016-005-168,,016,005,"Bracket - Hanger, Load Cushion",VMRS_HB_COMPLETE_v20 page 8_pages_26-50.md
016-005-169,,016,005,Mounting Plate - Rebound Strap,VMRS_HB_COMPLETE_v20 page 8_pages_26-50.md
016-005-170,,016,005,"Decal - Suspension, Rear Axle",VMRS_HB_COMPLETE_v20 page 8_pages_26-50.md
016-005-171,,016,005,"Strap - Rebound, Rear Suspension",VMRS_HB_COMPLETE_v20 page 8_pages_26-50.md
016-005-172,,016,005,"Rod - Anti-Roll, Rear Suspension",VMRS_HB_COMPLETE_v20 page 8_pages_26-50.md
016-005-173,,016,005,"Cap - Cross Tube End , Rear Suspension",VMRS_HB_COMPLETE_v20 page 8_pages_26-50.md
016-005-174,,016,005,"Pad - Axle, Rear Suspension",VMRS_HB_COMPLETE_v20 page 8_pages_26-50.md
016-005-175,,016,005,"Liner - Torque Rod, Rear Suspension",VMRS_HB_COMPLETE_v20 page 8_pages_26-50.md
016-005-176,,016,005,"Plate - Auxiliary Spring, Rear Suspension",VMRS_HB_COMPLETE_v20 page 8_pages_26-50.md
016-005-177,,016,005,"Spring - Bolster, Rear Suspension",VMRS_HB_COMPLETE_v20 page 8_pages_26-50.md
016-005-178,,016,005,Angle - Rebound Support Rear Suspension,VMRS_HB_COMPLETE_v20 page 8_pages_26-50.md
010-005-179,,010,005,"Shini - Auxiliary Spring, Real Suspension",VMRS_HB_COMPLETE_v20 page 8_pages_26-50.md
010-005-101,,010,005,Equalizer Assembly - Complete,VMRS_HB_COMPLETE_v20 page 8_pages_26-50.md
010-005-181,,010,005,Spring & Saddle - Assembly,VMRS_HB_COMPLETE_v20 page 8_pages_26-50.md
016-005-182,,016,005,"Spring - Bolster, Walking Beam Suspension",VMRS_HB_COMPLETE_v20 page 8_pages_26-50.md
016-005-183,,016,005,"Seal - Center Bushing, Equalizing Beam",VMRS_HB_COMPLETE_v20 page 8_pages_26-50.md
016-005-184,,016,005,Saddle - Equalizing Beam,VMRS_HB_COMPLETE_v20 page 8_pages_26-50.md
016-005-185,,016,005,"Bracket - Shackle, Rear Spring",VMRS_HB_COMPLETE_v20 page 8_pages_26-50.md
016-005-186,,016,005,"Suspension Assembly - Rear (Non-Air),",VMRS_HB_COMPLETE_v20 page 8_pages_26-50.md
016-005-187,,016,005,"Hanger - Equalizer, Rear Suspension",VMRS_HB_COMPLETE_v20 page 8_pages_26-50.md
016-005-188,,016,005,"Bearing - Rocker, Rear Suspension",VMRS_HB_COMPLETE_v20 page 8_pages_26-50.md
016-005-189,,016,005,Bolt - Bocker Bear Suspension,VMRS_HB_COMPLETE_v20 page 8_pages_26-50.md
016-005-190,,016,005,"Bushing - Bocker, Rear Suspension",VMRS_HB_COMPLETE_v20 page 8_pages_26-50.md
016-005-101,,016,005,Guide - Bocker Bear Suspension,VMRS_HB_COMPLETE_v20 page 8_pages_26-50.md
016-005-102,,016,005,Bocker Assembly - Complete,VMRS_HB_COMPLETE_v20 page 8_pages_26-50.md
016-005-192,,016,005,Bracket - Truppion,VMRS_HB_COMPLETE_v20 page 8_pages_26-50.md
016-005-104,,016,005,,VMRS_HB_COMPLETE_v20 page 8_pages_26-50.md
010-000-194,,010,000,End Torque Ded,VMRS_HB_COMPLETE_v20 page 8_pages_26-50.md
010-005-195,,010,005,End Con Avia Mounting,VMRS_HB_COMPLETE_v20 page 8_pages_26-50.md
010-000-190,,010,000,Enu Cap - Axie Mounting,VMRS_HB_COMPLETE_v20 page 8_pages_26-50.md
010-005-197,,010,005,Guide - Channel,VMRS_HB_COMPLETE_v20 page 8_pages_26-50.md
016-005-198,,016,005,Gusset - Hanger,VMRS_HB_COMPLETE_v20 page 8_pages_26-50.md
016-005-199,,016,005,Hanger - Trunnion,VMRS_HB_COMPLETE_v20 page 8_pages_26-50.md
016-005-200,,016,005,"Hardware, Mounting - Rocker",VMRS_HB_COMPLETE_v20 page 8_pages_26-50.md
016-005-201,,016,005,Hup - Trunnion,VMRS_HB_COMPLETE_v20 page 8_pages_26-50.md
016-005-202,,016,005,Plate - Adjustment,VMRS_HB_COMPLETE_v20 page 8_pages_26-50.md
016-005-203,,016,005,Plate - Radius Rod,VMRS_HB_COMPLETE_v20 page 8_pages_26-50.md
016-005-204,,016,005,Pressure Plate - Rocker,VMRS_HB_COMPLETE_v20 page 8_pages_26-50.md
016-007-009,,016,007,"Bracket - Transverse Radius Rod, Rear Axle",VMRS_HB_COMPLETE_v20 page 8_pages_26-50.md
016-005-205,,016,005,Rocker and Hanger Assembly,VMRS_HB_COMPLETE_v20 page 8_pages_26-50.md
016-005-206,,016,005,Spacer - Trunnion,VMRS_HB_COMPLETE_v20 page 8_pages_26-50.md
016-007-010,,016,007,Bushing - Transverse Radius Rod,VMRS_HB_COMPLETE_v20 page 8_pages_26-50.md
016-005-207,,016,005,Tube - Hanger Cover,VMRS_HB_COMPLETE_v20 page 8_pages_26-50.md
016-007-012,,016,007,"Bracket - Stabilizer, Rear Suspension",VMRS_HB_COMPLETE_v20 page 8_pages_26-50.md
016-005-208,,016,005,Saddle & Beam - Assembly,VMRS_HB_COMPLETE_v20 page 8_pages_26-50.md
016-007-014,,016,007,"Shock Absorber - Stabilizer, Rear Suspension",VMRS_HB_COMPLETE_v20 page 8_pages_26-50.md
016-005-209,,016,005,"Spring - Rubber, Non-Air",VMRS_HB_COMPLETE_v20 page 8_pages_26-50.md
016-005-210,,016,005,Date Conical Pubber Spring,VMRS_HB_COMPLETE_v20 page 8_pages_26-50.md
016-007-016,,016,007,"Cup -Stabilizer, Real SuspensionKit - Stabilizer Bar",VMRS_HB_COMPLETE_v20 page 8_pages_26-50.md
016-005-217,,016,005,O-Ring - Bearing Saddle Rear Suspension,VMRS_HB_COMPLETE_v20 page 8_pages_26-50.md
016-007-017,,016,007,Cover - Dust Stabilizer Bar,VMRS_HB_COMPLETE_v20 page 8_pages_26-50.md
016-005-212,,016,005,Nut - Adapter Ream End,VMRS_HB_COMPLETE_v20 page 8_pages_26-50.md
016-005-215,,016,005,Shaft - Adapter Beam End,VMRS_HB_COMPLETE_v20 page 8_pages_26-50.md
016-007-020,,016,007,Pin - Hinge Sway Bar Arm,VMRS_HB_COMPLETE_v20 page 8_pages_26-50.md
016-005-216,,016,005,End Cap - Bear Spring,VMRS_HB_COMPLETE_v20 page 8_pages_26-50.md
016-007-021,,016,007,"Seal - Hinge, Sway Bar Arm",VMRS_HB_COMPLETE_v20 page 8_pages_26-50.md
016-008-000,,016,008,Air Ride Suspension,VMRS_HB_COMPLETE_v20 page 8_pages_26-50.md
016-005-218,,016,005,Cap - Torgue Rod,VMRS_HB_COMPLETE_v20 page 8_pages_26-50.md
016-008-001,,016,008,"Air Spring - Rear, Air Suspension",VMRS_HB_COMPLETE_v20 page 8_pages_26-50.md
016-005-219,,016,005,Clamp - Torque Rod,VMRS_HB_COMPLETE_v20 page 8_pages_26-50.md
016-008-002,,016,008,Support Bracket - Air Spring,VMRS_HB_COMPLETE_v20 page 8_pages_26-50.md
016-005-220,,016,005,Bushing - Track Bar,VMRS_HB_COMPLETE_v20 page 8_pages_26-50.md
016-008-003,,016,008,Shock Absorber,VMRS_HB_COMPLETE_v20 page 8_pages_26-50.md
016-005-221,,016,005,Coil Spring Set,VMRS_HB_COMPLETE_v20 page 8_pages_26-50.md
016-008-004,,016,008,"Bracket - Shock, Upper & Lower, Air Ride",VMRS_HB_COMPLETE_v20 page 8_pages_26-50.md
016-005-222,,016,005,"Sleeve - Retainer, Coil Spring",VMRS_HB_COMPLETE_v20 page 8_pages_26-50.md
016-005-223,,016,005,Retainer - Coil Spring,VMRS_HB_COMPLETE_v20 page 8_pages_26-50.md
016-008-005,,016,008,U-Bolt - Air Ride Suspension,VMRS_HB_COMPLETE_v20 page 8_pages_26-50.md
016-005-224,,016,005,Cap - Coil Spring,VMRS_HB_COMPLETE_v20 page 8_pages_26-50.md
016-008-006,,016,008,"Support - Air Spring, Rear Suspension",VMRS_HB_COMPLETE_v20 page 8_pages_26-50.md
016-005-225,,016,005,Adjuster - Coil Spring,VMRS_HB_COMPLETE_v20 page 8_pages_26-50.md
016-008-007,,016,008,Trailing Arm,VMRS_HB_COMPLETE_v20 page 8_pages_26-50.md
016-005-226,,016,005,Clamp - Radius Arm,VMRS_HB_COMPLETE_v20 page 8_pages_26-50.md
016-008-008,,016,008,Carrier - Trailing Arm Retainer,VMRS_HB_COMPLETE_v20 page 8_pages_26-50.md
016-005-227,,016,005,Heat Shield - Radius Arm,VMRS_HB_COMPLETE_v20 page 8_pages_26-50.md
016-008-009,,016,008,Retainer - Trailing Arm,VMRS_HB_COMPLETE_v20 page 8_pages_26-50.md
016-005-228,,016,005,Sleeve - Radius Arm,VMRS_HB_COMPLETE_v20 page 8_pages_26-50.md
016-008-010,,016,008,Bushing - Trailing Arm,VMRS_HB_COMPLETE_v20 page 8_pages_26-50.md
016-005-229,,016,005,Shackle Kit - Spring Eye,VMRS_HB_COMPLETE_v20 page 8_pages_26-50.md
016-008-011,,016,008,Bracket - Axle,VMRS_HB_COMPLETE_v20 page 8_pages_26-50.md
016-005-230,,016,005,Bushing - Spring Link,VMRS_HB_COMPLETE_v20 page 8_pages_26-50.md
016-008-012,,016,008,Torque Rod Assembly,VMRS_HB_COMPLETE_v20 page 8_pages_26-50.md
016-005-231,,016,005,Bushing - Thrust,VMRS_HB_COMPLETE_v20 page 8_pages_26-50.md
016-008-013,,016,008,Air Supply Assembly-Complete,VMRS_HB_COMPLETE_v20 page 8_pages_26-50.md
016-005-232,,016,005,Bushing Kit - Bar Pin,VMRS_HB_COMPLETE_v20 page 8_pages_26-50.md
016-008-014,,016,008,Line - Air (All),VMRS_HB_COMPLETE_v20 page 8_pages_26-50.md
016-005-233,,016,005,Washer - Beam End,VMRS_HB_COMPLETE_v20 page 8_pages_26-50.md
016-008-015,,016,008,Loom,VMRS_HB_COMPLETE_v20 page 8_pages_26-50.md
016-005-234,,016,005,Iorsion Bar - Rear Suspension,VMRS_HB_COMPLETE_v20 page 8_pages_26-50.md
016-008-017,,016,008,"Fliter - Air, Air Ride Suspension, Rear",VMRS_HB_COMPLETE_v20 page 8_pages_26-50.md
010-000-230,,010,000,Tube - Trunnion,VMRS_HB_COMPLETE_v20 page 8_pages_26-50.md
016-008-018,,016,008,Drain Cock,VMRS_HB_COMPLETE_v20 page 8_pages_26-50.md
016-008-019,,016,008,Pressure Valve - All Ride Suspension,VMRS_HB_COMPLETE_v20 page 8_pages_26-50.md
010-005-237,,010,005,"Datchet Coupling Assembly - Torsion Bar, Dear",VMRS_HB_COMPLETE_v20 page 8_pages_26-50.md
016-008-020,,016,008,Diacket - Flessule valve,VMRS_HB_COMPLETE_v20 page 8_pages_26-50.md
010-005-256,,010,005,Suspension,VMRS_HB_COMPLETE_v20 page 8_pages_26-50.md
016-008-021,,016,008,Cleaner Assembly - Air Ride,VMRS_HB_COMPLETE_v20 page 8_pages_26-50.md
016-005-239,,016,005,Bushing - Vertical Drive,VMRS_HB_COMPLETE_v20 page 8_pages_26-50.md
016-008-023,,016,008,Leveling Valve,VMRS_HB_COMPLETE_v20 page 8_pages_26-50.md
016-005-240,,016,005,"Bod - Torque, Adjustable",VMRS_HB_COMPLETE_v20 page 8_pages_26-50.md
016-008-024,,016,008,Linkage - Leveling Control,VMRS_HB_COMPLETE_v20 page 8_pages_26-50.md
016-005-241,,016,005,"Rod - Torque, Transverse",VMRS_HB_COMPLETE_v20 page 8_pages_26-50.md
016-008-025,,016,008,Two-Way Valve,VMRS_HB_COMPLETE_v20 page 8_pages_26-50.md
016-005-242,,016,005,Track Bar - Ball Joint,VMRS_HB_COMPLETE_v20 page 8_pages_26-50.md
016-008-026,,016,008,Tank Valve - Air Ride Suspension,VMRS_HB_COMPLETE_v20 page 8_pages_26-50.md
016-005-243,,016,005,"Bushing - Seat, Coil Spring",VMRS_HB_COMPLETE_v20 page 8_pages_26-50.md
016-008-028,,016,008,Repair Kit - Axle Connection,VMRS_HB_COMPLETE_v20 page 8_pages_26-50.md
016-005-244,,016,005,Insulator - Radius Rod,VMRS_HB_COMPLETE_v20 page 8_pages_26-50.md
016-008-029,,016,008,Repair Kit - Bushing & Pins,VMRS_HB_COMPLETE_v20 page 8_pages_26-50.md
016-005-245,,016,005,Nut - Radius Rod,VMRS_HB_COMPLETE_v20 page 8_pages_26-50.md
016-008-030,,016,008,"Support Bracket - Air Spring, Front",VMRS_HB_COMPLETE_v20 page 8_pages_26-50.md
016-005-246,,016,005,Link - Toe Compensator,VMRS_HB_COMPLETE_v20 page 8_pages_26-50.md
016-008-031,,016,008,Shock Absorber - Front,VMRS_HB_COMPLETE_v20 page 8_pages_26-50.md
016-005-247,,016,005,Beam - Center Sleeve,VMRS_HB_COMPLETE_v20 page 8_pages_26-50.md
016-008-032,,016,008,"Bracket - Front Shock, Upper & Lower",VMRS_HB_COMPLETE_v20 page 8_pages_26-50.md
016-006-000,,016,006,Shock Absorber - Rear,VMRS_HB_COMPLETE_v20 page 8_pages_26-50.md
016-008-033,,016,008,Support - Trailing Arm,VMRS_HB_COMPLETE_v20 page 8_pages_26-50.md
016-006-001,,016,006,Shock Absorber Assembly - Rear,VMRS_HB_COMPLETE_v20 page 8_pages_26-50.md
016-008-034,,016,008,Trailing Arm - Front Suspension,VMRS_HB_COMPLETE_v20 page 8_pages_26-50.md
016-006-002,,016,006,"Hardware, Mounting - Rear Shock Absorber",VMRS_HB_COMPLETE_v20 page 8_pages_26-50.md
016-008-035,,016,008,"Carrier - Trailing Arm Retaining, Front",VMRS_HB_COMPLETE_v20 page 8_pages_26-50.md
016-006-003,,016,006,Bushing - Rear Shock Absorber,VMRS_HB_COMPLETE_v20 page 8_pages_26-50.md
016-006-004,,016,006,Mounting Bracket - Rear Shock Absorber,VMRS_HB_COMPLETE_v20 page 8_pages_26-50.md
016-008-036,,016,008,"Retainer - Trailing Arm, Upper & Front",VMRS_HB_COMPLETE_v20 page 8_pages_26-50.md
016-006-005,,016,006,"Mounting Stud - Rear Shock Absorber, Lower",VMRS_HB_COMPLETE_v20 page 8_pages_26-50.md
010-000-007,,010,000,Suspension,VMRS_HB_COMPLETE_v20 page 8_pages_26-50.md
016-006-007,,016,006,"Mounting Stud - Rear Snock Absorber, Upper",VMRS_HB_COMPLETE_v20 page 8_pages_26-50.md
016-008-037,,016,008,Bracket - Front Axie,VMRS_HB_COMPLETE_v20 page 8_pages_26-50.md
016-008-038,,016,008,Torque Rod Assembly - Front Suspension,VMRS_HB_COMPLETE_v20 page 8_pages_26-50.md
016-009-040,,016,009,Switch - Kneel System,VMRS_HB_COMPLETE_v20 page 8_pages_26-50.md
010-000-009,,010,000,Bumper Shock Absorber,VMRS_HB_COMPLETE_v20 page 8_pages_26-50.md
016-008-041,,016,008,Knool Solonoid Kit,VMRS_HB_COMPLETE_v20 page 8_pages_26-50.md
016-006-010,,016,006,Mount - Shock Absorber,VMRS_HB_COMPLETE_v20 page 8_pages_26-50.md
016-008-047,,016,008,Kneel Valve - Suspension,VMRS_HB_COMPLETE_v20 page 8_pages_26-50.md
016-006-012,,016,006,Can - Mount Shock Absorber,VMRS_HB_COMPLETE_v20 page 8_pages_26-50.md
016-008-042,,016,008,Switch - Sensing Kneel,VMRS_HB_COMPLETE_v20 page 8_pages_26-50.md
016-006-013,,016,006,Sleeve - Mount Shock Absorber,VMRS_HB_COMPLETE_v20 page 8_pages_26-50.md
016-008-044,,016,008,Linkage Kit - Leveling Valve,VMRS_HB_COMPLETE_v20 page 8_pages_26-50.md
016-006-014,,016,006,"Gasket - Mount, Shock Absorber",VMRS_HB_COMPLETE_v20 page 8_pages_26-50.md
016-008-045,,016,008,Repair Kit - Leveling Valve,VMRS_HB_COMPLETE_v20 page 8_pages_26-50.md
016-006-015,,016,006,Conversion Kit - Air. Shock Absorber,VMRS_HB_COMPLETE_v20 page 8_pages_26-50.md
016-008-046,,016,008,"Stop - Axle, Front Air Ride Suspension",VMRS_HB_COMPLETE_v20 page 8_pages_26-50.md
016-007-000,,016,007,Stabilizer - Rear,VMRS_HB_COMPLETE_v20 page 8_pages_26-50.md
016-007-001,,016,007,Shaft - Rear Stabilizer,VMRS_HB_COMPLETE_v20 page 8_pages_26-50.md
016-008-048,,016,008,Bracket - Leveling Valve,VMRS_HB_COMPLETE_v20 page 8_pages_26-50.md
016-007-002,,016,007,"Hardware, Mounting - Rear Stabilizer Shaft",VMRS_HB_COMPLETE_v20 page 8_pages_26-50.md
016-008-049,,016,008,"Bracket - Linkage, Leveling Valve",VMRS_HB_COMPLETE_v20 page 8_pages_26-50.md
016-007-003,,016,007,Link Assembly - Stabilizer,VMRS_HB_COMPLETE_v20 page 8_pages_26-50.md
016-008-050,,016,008,"Collar - Alignment, Air Ride Suspension",VMRS_HB_COMPLETE_v20 page 8_pages_26-50.md
016-007-004,,016,007,"Hardware, Mounting - Stabilizer Link Assembly",VMRS_HB_COMPLETE_v20 page 8_pages_26-50.md
016-008-051,,016,008,Dump Valve,VMRS_HB_COMPLETE_v20 page 8_pages_26-50.md
016-007-005,,016,007,Support - Rear Stabilizer,VMRS_HB_COMPLETE_v20 page 8_pages_26-50.md
016-008-052,,016,008,Air Cylinder - Suspension,VMRS_HB_COMPLETE_v20 page 8_pages_26-50.md
016-007-006,,016,007,Rod Assembly - Transverse Radius,VMRS_HB_COMPLETE_v20 page 8_pages_26-50.md
016-008-053,,016,008,Air Cylinder Assembly,VMRS_HB_COMPLETE_v20 page 8_pages_26-50.md
016-007-007,,016,007,"Bracket - Transverse Radius Rod, Frame",VMRS_HB_COMPLETE_v20 page 8_pages_26-50.md
016-008-054,,016,008,Air Cylinder and Bracket,VMRS_HB_COMPLETE_v20 page 8_pages_26-50.md
016-007-008,,016,007,"Hardware, Mounting - Transverse Radius Rod",VMRS_HB_COMPLETE_v20 page 8_pages_26-50.md
016-008-055,,016,008,"Mounting Bracket - Air Cylinder, Rear",VMRS_HB_COMPLETE_v20 page 8_pages_26-50.md
010-008-050,,010,008,"Brackel - valve, Air Ride Suspension",VMRS_HB_COMPLETE_v20 page 8_pages_26-50.md
016-008-058,,016,008,Control Module - ECU,VMRS_HB_COMPLETE_v20 page 8_pages_26-50.md
016-008-059,,016,008,Diaphragm - Air Cylinder,VMRS_HB_COMPLETE_v20 page 8_pages_26-50.md
016-008-060,,016,008,"Fitting - Air Line, Rear Suspension",VMRS_HB_COMPLETE_v20 page 8_pages_26-50.md
016-008-061,,016,008,"Fastener - Gusset, Air Spring",VMRS_HB_COMPLETE_v20 page 8_pages_26-50.md
016-008-062,,016,008,Housing - Air Cylinder,VMRS_HB_COMPLETE_v20 page 8_pages_26-50.md
016-008-063,,016,008,Air Control Kit,VMRS_HB_COMPLETE_v20 page 8_pages_26-50.md
016-008-064,,016,008,"Kit - Air Suspension, Complete",VMRS_HB_COMPLETE_v20 page 8_pages_26-50.md
016-008-065,,016,008,Fastener Kit - Air Spring,VMRS_HB_COMPLETE_v20 page 8_pages_26-50.md
016-008-066,,016,008,Lid - Air Cylinder Housing,VMRS_HB_COMPLETE_v20 page 8_pages_26-50.md
016-008-067,,016,008,Lock Nut - Air Cylinder Housing,VMRS_HB_COMPLETE_v20 page 8_pages_26-50.md
016-008-068,,016,008,Plate - Air Bag,VMRS_HB_COMPLETE_v20 page 8_pages_26-50.md
016-008-069,,016,008,Push Rod - Air Cylinder,VMRS_HB_COMPLETE_v20 page 8_pages_26-50.md
016-008-070,,016,008,Spring - Air Cylinder,VMRS_HB_COMPLETE_v20 page 8_pages_26-50.md
016-008-071,,016,008,Stud - Air Cylinder Housing,VMRS_HB_COMPLETE_v20 page 8_pages_26-50.md
016-008-072,,016,008,Reinforcement - Trailing Arm,VMRS_HB_COMPLETE_v20 page 8_pages_26-50.md
016-008-073,,016,008,Pin - Lockina. Slider. Air Ride Suspension,VMRS_HB_COMPLETE_v20 page 8_pages_26-50.md
016-008-074,,016,008,"Hardware, Mounting - Trailer Arm",VMRS_HB_COMPLETE_v20 page 8_pages_26-50.md
016-008-075,,016,008,Control - Remote Air Control Air Ride,VMRS_HB_COMPLETE_v20 page 8_pages_26-50.md
010-000-010,,010,000,Suspension,VMRS_HB_COMPLETE_v20 page 8_pages_26-50.md
016-008-076,,016,008,Solenoid - Remote Air Control Air Ride,VMRS_HB_COMPLETE_v20 page 8_pages_26-50.md
010-000-070,,010,000,Sueponeion,VMRS_HB_COMPLETE_v20 page 8_pages_26-50.md
016-008-077,,016,008,Diston Air Bag,VMRS_HB_COMPLETE_v20 page 8_pages_26-50.md
010-000-077,,010,000,Pision Air Bag,VMRS_HB_COMPLETE_v20 page 8_pages_26-50.md
010-000-079,,010,000,Adjusting Screw - Height Control,VMRS_HB_COMPLETE_v20 page 8_pages_26-50.md
016-008-080,,016,008,Wiring Harness - Air Suspension & Load,VMRS_HB_COMPLETE_v20 page 8_pages_26-50.md
016-008-081,,016,008,"Hanger - Frame, Rear Suspension, Air",VMRS_HB_COMPLETE_v20 page 8_pages_26-50.md
016-008-082,,016,008,"Bracket - Control, Remote Air Control",VMRS_HB_COMPLETE_v20 page 8_pages_26-50.md
016-008-083,,016,008,"Grommet - Air Suspension, Rear",VMRS_HB_COMPLETE_v20 page 8_pages_26-50.md
016-008-084,,016,008,"End - Rod, Leveling Valve",VMRS_HB_COMPLETE_v20 page 8_pages_26-50.md
016-008-085,,016,008,Bushing - Alignment,VMRS_HB_COMPLETE_v20 page 8_pages_26-50.md
016-008-086,,016,008,Shim - Rear Suspension,VMRS_HB_COMPLETE_v20 page 8_pages_26-50.md
016-008-087,,016,008,"Beam - Transverse, Rear Suspension",VMRS_HB_COMPLETE_v20 page 8_pages_26-50.md
016-008-088,,016,008,"Sensor - Leveling, Electrical Air Suspension",VMRS_HB_COMPLETE_v20 page 8_pages_26-50.md
016-008-089,,016,008,Actuator - Leveling Valve,VMRS_HB_COMPLETE_v20 page 8_pages_26-50.md
016-008-090,,016,008,"Pin - Spring, Air Suspension",VMRS_HB_COMPLETE_v20 page 8_pages_26-50.md
016-008-091,,016,008,Retrofit Kit - Air Ride Height Control,VMRS_HB_COMPLETE_v20 page 8_pages_26-50.md
016-008-092,,016,008,"Bracket - Beam, Rear Air Suspension",VMRS_HB_COMPLETE_v20 page 8_pages_26-50.md
016-008-093,,016,008,"Kit - Air Suspension, Front Suspension",VMRS_HB_COMPLETE_v20 page 8_pages_26-50.md
016-008-094,,016,008,"Kit - Air Suspension, Rear Suspension",VMRS_HB_COMPLETE_v20 page 8_pages_26-50.md
016-008-095,,016,008,Guard - Dump Valve,VMRS_HB_COMPLETE_v20 page 8_pages_26-50.md
016-008-096,,016,008,"Beam - Equalizing, Air Suspension, Rear",VMRS_HB_COMPLETE_v20 page 8_pages_26-50.md
016-008-097,,016,008,"Suspension Assembly - Air Ride, Complete",VMRS_HB_COMPLETE_v20 page 8_pages_26-50.md
016-008-098,,016,008,"Pin - Cage, Air Ride Suspension",VMRS_HB_COMPLETE_v20 page 8_pages_26-50.md
016-008-099,,016,008,"Dampener - Air Bag, Air Ride Suspension",VMRS_HB_COMPLETE_v20 page 8_pages_26-50.md
016-008-100,,016,008,Housing - Height Control Valve,VMRS_HB_COMPLETE_v20 page 8_pages_26-50.md
016-008-101,,016,008,Leading Arm - Suspension Front,VMRS_HB_COMPLETE_v20 page 8_pages_26-50.md
016-008-102,,016,008,Bod - Tracking Air Ride Suspension,VMRS_HB_COMPLETE_v20 page 8_pages_26-50.md
016-008-103,,016,008,"Clamp - Air Line, Rear Suspension",VMRS_HB_COMPLETE_v20 page 8_pages_26-50.md
010-000-104,,010,000,Can II Bolt Air Dide Suspension,VMRS_HB_COMPLETE_v20 page 8_pages_26-50.md
010-000-100,,010,000,"Cap - O-Doll, All Ride Suspension",VMRS_HB_COMPLETE_v20 page 8_pages_26-50.md
010-000-107,,010,000,Suspension,VMRS_HB_COMPLETE_v20 page 8_pages_26-50.md
016-008-107,,016,008,"Bracket - Lateral Torque Rod, Air Ride",VMRS_HB_COMPLETE_v20 page 8_pages_26-50.md
016-008-108,,016,008,"Bushing - Equalizer Beam, Air Ride Suspension",VMRS_HB_COMPLETE_v20 page 8_pages_26-50.md
016-008-109,,016,008,"Bushing - Transverse Beam, Air Ride",VMRS_HB_COMPLETE_v20 page 8_pages_26-50.md
016-008-110,,016,008,"Spacer - Locking, Equalizer Beam, Air Ride",VMRS_HB_COMPLETE_v20 page 8_pages_26-50.md
016-008-111,,016,008,Beam and Cross Tube Assembly - Air Ride,VMRS_HB_COMPLETE_v20 page 8_pages_26-50.md
016-008-112,,016,008,Check Valve - Air Ride Suspension,VMRS_HB_COMPLETE_v20 page 8_pages_26-50.md
016-008-113,,016,008,"Knob - Height Control Valve, Air Ride",VMRS_HB_COMPLETE_v20 page 8_pages_26-50.md
016-008-114,,016,008,Load Sensing Valve - Air Ride Suspension,VMRS_HB_COMPLETE_v20 page 8_pages_26-50.md
016-008-115,,016,008,Pressure Regulator - Air Ride Suspension,VMRS_HB_COMPLETE_v20 page 8_pages_26-50.md
016-008-116,,016,008,Air Regulator Valve - Air Ride Suspension,VMRS_HB_COMPLETE_v20 page 8_pages_26-50.md
016-008-117,,016,008,"Air Spring - Front, Air Suspension",VMRS_HB_COMPLETE_v20 page 8_pages_26-50.md
016-008-118,,016,008,"Bushing - Torque Rod, Air Ride Suspension",VMRS_HB_COMPLETE_v20 page 8_pages_26-50.md
016-008-119,,016,008,Torque Box - Air Ride Suspension,VMRS_HB_COMPLETE_v20 page 8_pages_26-50.md
016-008-120,,016,008,"Seat - Axle, Air Ride Suspension",VMRS_HB_COMPLETE_v20 page 8_pages_26-50.md
016-008-121,,016,008,"Control Arm - Upper, Rear Suspension",VMRS_HB_COMPLETE_v20 page 8_pages_26-50.md
016-008-122,,016,008,"Bolt Kit - Pivot, Upper Control Arm, Rear",VMRS_HB_COMPLETE_v20 page 8_pages_26-50.md
016-008-123,,016,008,"Mounting, Hardware - Upper Control Arm, Rear",VMRS_HB_COMPLETE_v20 page 8_pages_26-50.md
016-008-124,,016,008,"Bolts - Mounting, Air Spring, Rear Suspension",VMRS_HB_COMPLETE_v20 page 8_pages_26-50.md
016-008-125,,016,008,Compressor Drier - Air Ride Suspension,VMRS_HB_COMPLETE_v20 page 8_pages_26-50.md
016-008-126,,016,008,"Cover - Air Line, Air Bag",VMRS_HB_COMPLETE_v20 page 8_pages_26-50.md
016-008-127,,016,008,Cap - Torque Rod,VMRS_HB_COMPLETE_v20 page 8_pages_26-50.md
016-008-128,,016,008,Clamp - Torque Rod,VMRS_HB_COMPLETE_v20 page 8_pages_26-50.md
016-008-129,,016,008,Bar - Torsion,VMRS_HB_COMPLETE_v20 page 8_pages_26-50.md
016-008-130,,016,008,Valve - Unloader,VMRS_HB_COMPLETE_v20 page 8_pages_26-50.md
016-008-131,,016,008,Wrapper - Rubber,VMRS_HB_COMPLETE_v20 page 8_pages_26-50.md
016-008-132,,016,008,Valve - Flipper,VMRS_HB_COMPLETE_v20 page 8_pages_26-50.md
016-008-133,,016,008,Adapter - Rear Axle,VMRS_HB_COMPLETE_v20 page 8_pages_26-50.md
016-008-134,,016,008,Valve - Pilot,VMRS_HB_COMPLETE_v20 page 8_pages_26-50.md
016-008-135,,016,008,Insulator - Pivot Bushing,VMRS_HB_COMPLETE_v20 page 8_pages_26-50.md
016-008-136,,016,008,Bushing - Pivot,VMRS_HB_COMPLETE_v20 page 8_pages_26-50.md
016-008-137,,016,008,Blade - Twin Y Suspension,VMRS_HB_COMPLETE_v20 page 8_pages_26-50.md
016-008-138,,016,008,Service Chamber - Leveling,VMRS_HB_COMPLETE_v20 page 8_pages_26-50.md
016-008-139,,016,008,Accumulator - Hydroppeumatic Piston,VMRS_HB_COMPLETE_v20 page 8_pages_26-50.md
016-008-140,,016,008,Bellows - Air Suspension,VMRS_HB_COMPLETE_v20 page 8_pages_26-50.md
016-008-141,,016,008,Valve - Recovery,VMRS_HB_COMPLETE_v20 page 8_pages_26-50.md
016-008-142,,016,008,Control Arm - Lower Bear Suspension,VMRS_HB_COMPLETE_v20 page 8_pages_26-50.md
016-008-143,,016,008,V-Dod - Air Dide Suspension,VMRS_HB_COMPLETE_v20 page 8_pages_26-50.md
016-008-144,,016,008,Rushing V Dod Air Dido Suspension,VMRS_HB_COMPLETE_v20 page 8_pages_26-50.md
016-008-145,,016,008,Nut II Bolt Door Spring,VMRS_HB_COMPLETE_v20 page 8_pages_26-50.md
010-000-145,,010,000,Washer II Polt Dear Spring,VMRS_HB_COMPLETE_v20 page 8_pages_26-50.md
010-000-140,,010,000,"Washel - O-Bolt, Real Spling",VMRS_HB_COMPLETE_v20 page 8_pages_26-50.md
010-000-147,,010,000,Sway Dai - Real Suspension,VMRS_HB_COMPLETE_v20 page 8_pages_26-50.md
016-008-149,,016,008,"Wasner - Sway Bar Link, Rear Suspension",VMRS_HB_COMPLETE_v20 page 8_pages_26-50.md
016-008-150,,016,008,"Spacer - Sleeve, Sway Bar Link, Rear",VMRS_HB_COMPLETE_v20 page 8_pages_26-50.md
016-008-151,,016,008,"Stud, Bolt - Sway Bar Link, Rear Suspension",VMRS_HB_COMPLETE_v20 page 8_pages_26-50.md
016-008-152,,016,008,"Nut - Sway Bar Link, Rear Suspension",VMRS_HB_COMPLETE_v20 page 8_pages_26-50.md
016-008-153,,016,008,Strap - Shock Absorber,VMRS_HB_COMPLETE_v20 page 8_pages_26-50.md
016-008-154,,016,008,"Torque Rod Assembly - Top Pad, Air Suspension",VMRS_HB_COMPLETE_v20 page 8_pages_26-50.md
016-009-000,,016,009,Air Leaf Suspension,VMRS_HB_COMPLETE_v20 page 8_pages_26-50.md
016-009-001,,016,009,Air Spring - Rear Suspension,VMRS_HB_COMPLETE_v20 page 8_pages_26-50.md
016-009-002,,016,009,Bracket - Spring Hanger,VMRS_HB_COMPLETE_v20 page 8_pages_26-50.md
016-009-003,,016,009,"Hardware, Mounting - Rear Suspension Air",VMRS_HB_COMPLETE_v20 page 8_pages_26-50.md
016-009-004,,016,009,Bushing - Spring Hanger,VMRS_HB_COMPLETE_v20 page 8_pages_26-50.md
016-009-005,,016,009,Sleeve - Spring Eye,VMRS_HB_COMPLETE_v20 page 8_pages_26-50.md
016-009-006,,016,009,Spacer - Hanger Bracket,VMRS_HB_COMPLETE_v20 page 8_pages_26-50.md
016-009-007,,016,009,Eye - Spring Pivot,VMRS_HB_COMPLETE_v20 page 8_pages_26-50.md
016-009-008,,016,009,"Spring Assembly - Air Leaf Suspension, Rear",VMRS_HB_COMPLETE_v20 page 8_pages_26-50.md
016-009-009,,016,009,Spacer - Plastic,VMRS_HB_COMPLETE_v20 page 8_pages_26-50.md
016-009-010,,016,009,Eye Adjustment,VMRS_HB_COMPLETE_v20 page 8_pages_26-50.md
016-009-011,,016,009,U-Bolt - Air Leaf Suspension,VMRS_HB_COMPLETE_v20 page 8_pages_26-50.md
016-009-012,,016,009,Plate - Spring Eye,VMRS_HB_COMPLETE_v20 page 8_pages_26-50.md
016-009-013,,016,009,Plate - Pressure,VMRS_HB_COMPLETE_v20 page 8_pages_26-50.md
016-009-014,,016,009,Spring - Air,VMRS_HB_COMPLETE_v20 page 8_pages_26-50.md
016-009-015,,016,009,Support Assembly - Air Spring,VMRS_HB_COMPLETE_v20 page 8_pages_26-50.md
016-009-016,,016,009,Stud - Air Spring,VMRS_HB_COMPLETE_v20 page 8_pages_26-50.md
016-009-017,,016,009,"Spacer - Air Spring, Air Leaf Suspension, Rear",VMRS_HB_COMPLETE_v20 page 8_pages_26-50.md
016-009-018,,016,009,"Seat - Axle, Air Leaf Suspension, Rear",VMRS_HB_COMPLETE_v20 page 8_pages_26-50.md
016-009-019,,016,009,Bracket - Axle Clamp,VMRS_HB_COMPLETE_v20 page 8_pages_26-50.md
016-009-020,,016,009,Washer - Wear,VMRS_HB_COMPLETE_v20 page 8_pages_26-50.md
016-009-021,,016,009,"Bracket - Torque Rod, Air Leaf Suspension, Rear",VMRS_HB_COMPLETE_v20 page 8_pages_26-50.md
016-009-022,,016,009,Tracking - Rod,VMRS_HB_COMPLETE_v20 page 8_pages_26-50.md
016-009-023,,016,009,Ball & Pin - Rod End,VMRS_HB_COMPLETE_v20 page 8_pages_26-50.md
016-009-024,,016,009,Bracket - Tracking Rod,VMRS_HB_COMPLETE_v20 page 8_pages_26-50.md
016-009-025,,016,009,"Hardware, Mounting - Tracking Rod",VMRS_HB_COMPLETE_v20 page 8_pages_26-50.md
016-009-026,,016,009,Bracket - Axle Height Control Valve,VMRS_HB_COMPLETE_v20 page 8_pages_26-50.md
016-009-027,,016,009,"Height Control Valve - Air Leaf Suspension, Rear",VMRS_HB_COMPLETE_v20 page 8_pages_26-50.md
016-009-028,,016,009,Bracket - Frame Height Control Valve,VMRS_HB_COMPLETE_v20 page 8_pages_26-50.md
016-009-030,,016,009,Fitting - Air,VMRS_HB_COMPLETE_v20 page 8_pages_26-50.md
016-009-031,,016,009,"Hardware, Mounting - Height Control Valve",VMRS_HB_COMPLETE_v20 page 8_pages_26-50.md
016-009-032,,016,009,"Tab - Height Control Valve, Axle Mounted",VMRS_HB_COMPLETE_v20 page 8_pages_26-50.md
016-014-034,,016,014,"Cradle - Pivot, Liftable Rear Suspension",VMRS_HB_COMPLETE_v20 page 8_pages_26-50.md
016-009-033,,016,009,"Hose - Air Leaf Suspension, Rear",VMRS_HB_COMPLETE_v20 page 8_pages_26-50.md
016-014-035,,016,014,"Switch - Pressure, Axle Lift",VMRS_HB_COMPLETE_v20 page 8_pages_26-50.md
016-009-034,,016,009,Reinforcement - Spring Hanger Bracket,VMRS_HB_COMPLETE_v20 page 8_pages_26-50.md
016-014-036,,016,014,Quick Release Valve,VMRS_HB_COMPLETE_v20 page 8_pages_26-50.md
016-009-035,,016,009,Shim - Spring Eve,VMRS_HB_COMPLETE_v20 page 8_pages_26-50.md
016-014-037,,016,014,Pressure Protection Valve - Liftable Air,VMRS_HB_COMPLETE_v20 page 8_pages_26-50.md
016-009-036,,016,009,Shim - Axle Seat,VMRS_HB_COMPLETE_v20 page 8_pages_26-50.md
016-009-037,,016,009,Bracket - Air Spring,VMRS_HB_COMPLETE_v20 page 8_pages_26-50.md
016-014-038,,016,014,Valve - Regulator,VMRS_HB_COMPLETE_v20 page 8_pages_26-50.md
016-009-038,,016,009,Crossbar - Air Spring,VMRS_HB_COMPLETE_v20 page 8_pages_26-50.md
016-014-039,,016,014,Gauge - Control Lift Axle,VMRS_HB_COMPLETE_v20 page 8_pages_26-50.md
016-009-039,,016,009,Clamp - Air Spring Upper,VMRS_HB_COMPLETE_v20 page 8_pages_26-50.md
016-014-040,,016,014,Knob - Valve Lift Axle,VMRS_HB_COMPLETE_v20 page 8_pages_26-50.md
016-000-040,,016,000,"Clamp - Air Spring, Lower",VMRS_HB_COMPLETE_v20 page 8_pages_26-50.md
016-014-041,,016,014,Panel - Control Valves Lift Avle,VMRS_HB_COMPLETE_v20 page 8_pages_26-50.md
016-000-041,,016,000,Clin Monifold,VMRS_HB_COMPLETE_v20 page 8_pages_26-50.md
016-014-042,,016,014,"Parlet - Control Valves, LittAkle",VMRS_HB_COMPLETE_v20 page 8_pages_26-50.md
010-009-041,,010,009,Wear Ded,VMRS_HB_COMPLETE_v20 page 8_pages_26-50.md
010-014-042,,010,014,Muffler Exhaust Ayla Lift,VMRS_HB_COMPLETE_v20 page 8_pages_26-50.md
010-009-042,,010,009,Wear PauBolt - Wear Ded,VMRS_HB_COMPLETE_v20 page 8_pages_26-50.md
016-014-043,,016,014,"Mullier - Exhausi,, Axie Lili",VMRS_HB_COMPLETE_v20 page 8_pages_26-50.md
010-009-043,,010,009,Boll - Wear Pad,VMRS_HB_COMPLETE_v20 page 8_pages_26-50.md
010-014-044,,010,014,"Regulator - Air, Axie Lili",VMRS_HB_COMPLETE_v20 page 8_pages_26-50.md
016-009-044,,016,009,Adapter - Fitting,VMRS_HB_COMPLETE_v20 page 8_pages_26-50.md
010-014-045,,010,014,"Rod - Vertical, Leveling",VMRS_HB_COMPLETE_v20 page 8_pages_26-50.md
016-009-045,,016,009,Shim - Leat Spring,VMRS_HB_COMPLETE_v20 page 8_pages_26-50.md
016-014-046,,016,014,"Lock Assembly - Steering, Liftable Air",VMRS_HB_COMPLETE_v20 page 8_pages_26-50.md
016-009-046,,016,009,Shim - Air Spring,VMRS_HB_COMPLETE_v20 page 8_pages_26-50.md
016-009-047,,016,009,Radius Rod Assembly,VMRS_HB_COMPLETE_v20 page 8_pages_26-50.md
016-014-047,,016,014,Wiring Harness - Axle Lift,VMRS_HB_COMPLETE_v20 page 8_pages_26-50.md
016-009-048,,016,009,Radius Rod Ball & Pin Assembly,VMRS_HB_COMPLETE_v20 page 8_pages_26-50.md
016-014-048,,016,014,"Shock Absorber - Stabilizer, Liftable Air",VMRS_HB_COMPLETE_v20 page 8_pages_26-50.md
016-009-049,,016,009,"Hardware, Mounting - Radius Rod Assembly",VMRS_HB_COMPLETE_v20 page 8_pages_26-50.md
016-009-050,,016,009,Spacer - Axle Seat,VMRS_HB_COMPLETE_v20 page 8_pages_26-50.md
016-014-049,,016,014,"Bracket - Air Cylinder, Liftable Air Suspension",VMRS_HB_COMPLETE_v20 page 8_pages_26-50.md
016-009-051,,016,009,"Stop - Axle, Rear Air Leaf Suspension",VMRS_HB_COMPLETE_v20 page 8_pages_26-50.md
016-014-050,,016,014,"Bracket - Air Spring, Liftable Air Suspension, Left",VMRS_HB_COMPLETE_v20 page 8_pages_26-50.md
016-009-052,,016,009,Crossbeam,VMRS_HB_COMPLETE_v20 page 8_pages_26-50.md
016-014-051,,016,014,"Bracket - Air Spring, Liftable Air Suspension,",VMRS_HB_COMPLETE_v20 page 8_pages_26-50.md
016-009-053,,016,009,"Suspension - Air Leaf Assembly, Front",VMRS_HB_COMPLETE_v20 page 8_pages_26-50.md
016-009-054,,016,009,"Pin - Dowel, Front Suspension",VMRS_HB_COMPLETE_v20 page 8_pages_26-50.md
016-014-052,,016,014,"Rod - Torque, Liftable Air Suspension",VMRS_HB_COMPLETE_v20 page 8_pages_26-50.md
016-009-055,,016,009,"Switch - Dump Valve, Rear Suspension",VMRS_HB_COMPLETE_v20 page 8_pages_26-50.md
016-014-053,,016,014,Suspension Assembly - Liftable Air Suspension,VMRS_HB_COMPLETE_v20 page 8_pages_26-50.md
016-009-056,,016,009,"Suspension Assembly - Air Leaf, Complete",VMRS_HB_COMPLETE_v20 page 8_pages_26-50.md
016-014-054,,016,014,"Seat - Axle, Liftable Air Suspension",VMRS_HB_COMPLETE_v20 page 8_pages_26-50.md
016-009-057,,016,009,Wiring Harness - Air Leaf Suspension,VMRS_HB_COMPLETE_v20 page 8_pages_26-50.md
016-014-055,,016,014,Adapter - Axle Seat Liftable Air Suspension,VMRS_HB_COMPLETE_v20 page 8_pages_26-50.md
016-009-058,,016,009,Helper Kit - Air Spring,VMRS_HB_COMPLETE_v20 page 8_pages_26-50.md
016-014-056,,016,014,"Bracket - Belay Valve, Liftable Air Suspension",VMRS_HB_COMPLETE_v20 page 8_pages_26-50.md
016-009-059,,016,009,Hardware Mounting - Cross Channel,VMRS_HB_COMPLETE_v20 page 8_pages_26-50.md
016-014-057,,016,014,Fitting - Bear Suspension Air Line Hose Tube,VMRS_HB_COMPLETE_v20 page 8_pages_26-50.md
016-000-060,,016,000,Din - Spring Bonded Bushing Air Spring Dear,VMRS_HB_COMPLETE_v20 page 8_pages_26-50.md
010-014-007,,010,014,Plumbing,VMRS_HB_COMPLETE_v20 page 8_pages_26-50.md
016-000-061,,016,000,Bolt Din Bondod Bushing Air Spring Door,VMRS_HB_COMPLETE_v20 page 8_pages_26-50.md
016-014-058,,016,014,O Ding Door Suspansion Air Line Hose Tube,VMRS_HB_COMPLETE_v20 page 8_pages_26-50.md
010-009-001,,010,009,Nut Din Bonded Bushing Air Spring Dear,VMRS_HB_COMPLETE_v20 page 8_pages_26-50.md
010-014-050,,010,014,Dlumbing,VMRS_HB_COMPLETE_v20 page 8_pages_26-50.md
010-009-002,,010,009,"Nut - Pill, Bollueu Bushing, All Sphing, Real",VMRS_HB_COMPLETE_v20 page 8_pages_26-50.md
010-009-003,,010,009,Shock Absorber - Air Lear Suspension,VMRS_HB_COMPLETE_v20 page 8_pages_26-50.md
010-014-059,,010,014,Maurtine Desclut. Des Aula Lift Cantala,VMRS_HB_COMPLETE_v20 page 8_pages_26-50.md
016-009-064,,016,009,Bracket - Radius Rod,VMRS_HB_COMPLETE_v20 page 8_pages_26-50.md
010-014-060,,010,014,"Mounting Bracket - Box, Axie Lift Controls",VMRS_HB_COMPLETE_v20 page 8_pages_26-50.md
016-009-065,,016,009,Bushing Kit - Air Leaf,VMRS_HB_COMPLETE_v20 page 8_pages_26-50.md
016-014-061,,016,014,"Block - Air Module, Lift Axle Control",VMRS_HB_COMPLETE_v20 page 8_pages_26-50.md
016-009-066,,016,009,Linkage - Height Control Valve,VMRS_HB_COMPLETE_v20 page 8_pages_26-50.md
016-014-062,,016,014,"Unit - Reverse Lock, Lift Axle Control",VMRS_HB_COMPLETE_v20 page 8_pages_26-50.md
016-014-000,,016,014,Liftable Air Suspension,VMRS_HB_COMPLETE_v20 page 8_pages_26-50.md
016-014-063,,016,014,"Valve - Quick Exhaust, Lift Axle Control",VMRS_HB_COMPLETE_v20 page 8_pages_26-50.md
016-014-001,,016,014,Beam Assembly,VMRS_HB_COMPLETE_v20 page 8_pages_26-50.md
016-014-064,,016,014,Solenoid Valve - Lift Axle Control,VMRS_HB_COMPLETE_v20 page 8_pages_26-50.md
016-014-002,,016,014,Side Rail Assembly,VMRS_HB_COMPLETE_v20 page 8_pages_26-50.md
016-014-065,,016,014,"Unit - Caster Control, Lift Axle Control",VMRS_HB_COMPLETE_v20 page 8_pages_26-50.md
016-014-003,,016,014,Cross Channel - Side Rail,VMRS_HB_COMPLETE_v20 page 8_pages_26-50.md
016-014-066,,016,014,"Lever - Toggle Switch, Lift Axle Control",VMRS_HB_COMPLETE_v20 page 8_pages_26-50.md
016-014-004,,016,014,"Collar - Alignment, Liftable Air Suspension",VMRS_HB_COMPLETE_v20 page 8_pages_26-50.md
016-014-067,,016,014,"Knob - Toggle Switch, Lift Axle Control",VMRS_HB_COMPLETE_v20 page 8_pages_26-50.md
016-014-005,,016,014,Pivot Bolt Kit,VMRS_HB_COMPLETE_v20 page 8_pages_26-50.md
016-014-068,,016,014,"Bracket - Regulator/Gauge, Lift Axle",VMRS_HB_COMPLETE_v20 page 8_pages_26-50.md
016-014-006,,016,014,Bolt Kit - Air Spring,VMRS_HB_COMPLETE_v20 page 8_pages_26-50.md
016-014-069,,016,014,Hand Valve - Lift Axle,VMRS_HB_COMPLETE_v20 page 8_pages_26-50.md
016-014-007,,016,014,Air Spring - Ride,VMRS_HB_COMPLETE_v20 page 8_pages_26-50.md
016-014-070,,016,014,Handle - Lift Axle Valve,VMRS_HB_COMPLETE_v20 page 8_pages_26-50.md
016-014-008,,016,014,Air Spring - Liftable Air Suspension,VMRS_HB_COMPLETE_v20 page 8_pages_26-50.md
016-014-071,,016,014,"Face Plate - Box, Lift Axle Controls",VMRS_HB_COMPLETE_v20 page 8_pages_26-50.md
016-014-009,,016,014,Bolt Kit - Lift Air Spring,VMRS_HB_COMPLETE_v20 page 8_pages_26-50.md
016-014-072,,016,014,Valve - Push/Pull. Lift Axle Controls,VMRS_HB_COMPLETE_v20 page 8_pages_26-50.md
016-014-010,,016,014,Spacer - Pivot Bolt,VMRS_HB_COMPLETE_v20 page 8_pages_26-50.md
016-014-073,,016,014,Spool Assembly - Lift Axle Controls,VMRS_HB_COMPLETE_v20 page 8_pages_26-50.md
016-014-011,,016,014,Bushing - Beam Assembly,VMRS_HB_COMPLETE_v20 page 8_pages_26-50.md
016-014-074,,016,014,Cover - Solenoid Lift Axle Controls,VMRS_HB_COMPLETE_v20 page 8_pages_26-50.md
016-014-012,,016,014,Avle Spacer,VMRS_HB_COMPLETE_v20 page 8_pages_26-50.md
016-014-075,,016,014,Valve Assembly - Electric/Air   iftable Ayle,VMRS_HB_COMPLETE_v20 page 8_pages_26-50.md
016-014-076,,016,014,Spacer - Air Spring Liftable Air Suspension,VMRS_HB_COMPLETE_v20 page 8_pages_26-50.md
016-014-014,,016,014,Hardware Mounting - LL-Bolt,VMRS_HB_COMPLETE_v20 page 8_pages_26-50.md
016-014-077,,016,014,Service Chamber - Leveling,VMRS_HB_COMPLETE_v20 page 8_pages_26-50.md
016-014-015,,016,014,Hose - Air Suspansion Liftable Air Suspansion,VMRS_HB_COMPLETE_v20 page 8_pages_26-50.md
016-014-078,,016,014,Connector - Upper King Pin Liftable Pear,VMRS_HB_COMPLETE_v20 page 8_pages_26-50.md
016-014-016,,016,014,Fitting Air Hoso Suspension,VMRS_HB_COMPLETE_v20 page 8_pages_26-50.md
010-014-070,,010,014,,VMRS_HB_COMPLETE_v20 page 8_pages_26-50.md
010-014-010,,010,014,"Filling - All Hose, Suspension",VMRS_HB_COMPLETE_v20 page 8_pages_26-50.md
010-014-017,,010,014,Height Control Valve - Linable Air Suspension,VMRS_HB_COMPLETE_v20 page 8_pages_26-50.md
010-014-079,,010,014,"Level - Reversing, Littable Real Suspension",VMRS_HB_COMPLETE_v20 page 8_pages_26-50.md
010-014-018,,010,014,Linkage - Height Control,VMRS_HB_COMPLETE_v20 page 8_pages_26-50.md
010-014-080,,010,014,"Bearing - Linkage, Linable Rear Suspension",VMRS_HB_COMPLETE_v20 page 8_pages_26-50.md
016-014-019,,016,014,"Bracket, Control Valve - Suspension Height",VMRS_HB_COMPLETE_v20 page 8_pages_26-50.md
016-014-081,,016,014,"Valve - Dual Ball/WBox, Lift Axle Control",VMRS_HB_COMPLETE_v20 page 8_pages_26-50.md
016-014-020,,016,014,Bolt Kit - Steering Axle,VMRS_HB_COMPLETE_v20 page 8_pages_26-50.md
016-015-000,,016,015,Cab/Sleeper Suspension,VMRS_HB_COMPLETE_v20 page 8_pages_26-50.md
016-014-021,,016,014,"Drive Beam - Rear, Liftable Air Suspension",VMRS_HB_COMPLETE_v20 page 8_pages_26-50.md
016-015-001,,016,015,Cab Air Suspension,VMRS_HB_COMPLETE_v20 page 8_pages_26-50.md
016-014-022,,016,014,Relay Valve - Lift Modulation,VMRS_HB_COMPLETE_v20 page 8_pages_26-50.md
016-015-002,,016,015,"Mounting - Cab Suspension, Upper",VMRS_HB_COMPLETE_v20 page 8_pages_26-50.md
016-014-023,,016,014,"Strap- Nylon, Liftable Air Suspension",VMRS_HB_COMPLETE_v20 page 8_pages_26-50.md
016-015-003,,016,015,"Mounting - Suspension, Lower",VMRS_HB_COMPLETE_v20 page 8_pages_26-50.md
016-014-024,,016,014,"Cylinder - Air, Liftable Air Suspension",VMRS_HB_COMPLETE_v20 page 8_pages_26-50.md
016-015-004,,016,015,Air Spring - Cab Air Suspension,VMRS_HB_COMPLETE_v20 page 8_pages_26-50.md
016-014-025,,016,014,"Dampener - Steering, Liftable Air Suspension",VMRS_HB_COMPLETE_v20 page 8_pages_26-50.md
016-015-005,,016,015,Shock Absorber - Cab Suspension,VMRS_HB_COMPLETE_v20 page 8_pages_26-50.md
016-014-026,,016,014,"Arm - Scissor, Steer Lock, Liftable Air",VMRS_HB_COMPLETE_v20 page 8_pages_26-50.md
016-015-006,,016,015,Height Control Valve - Cab/Sleeper Suspension,VMRS_HB_COMPLETE_v20 page 8_pages_26-50.md
016-015-007,,016,015,Arm - Valve,VMRS_HB_COMPLETE_v20 page 8_pages_26-50.md
016-014-027,,016,014,"Arm - Lift, Air Spring",VMRS_HB_COMPLETE_v20 page 8_pages_26-50.md
016-015-008,,016,015,Linkage - Valve,VMRS_HB_COMPLETE_v20 page 8_pages_26-50.md
016-014-028,,016,014,"Mount - Shock, Outer, Liftable Air Suspension",VMRS_HB_COMPLETE_v20 page 8_pages_26-50.md
016-015-010,,016,015,"Hardware, Mounting - Cab Air Suspension",VMRS_HB_COMPLETE_v20 page 8_pages_26-50.md
016-014-029,,016,014,"Mount - Shock, Inner, Liftable Air Suspension",VMRS_HB_COMPLETE_v20 page 8_pages_26-50.md
016-015-011,,016,015,Line - Air,VMRS_HB_COMPLETE_v20 page 8_pages_26-50.md
016-014-030,,016,014,"Pin - Shock, Liftable Axle",VMRS_HB_COMPLETE_v20 page 8_pages_26-50.md
016-015-013,,016,015,Tee - Union,VMRS_HB_COMPLETE_v20 page 8_pages_26-50.md
016-014-031,,016,014,"Gusset - Axle Support, Liftable Axle",VMRS_HB_COMPLETE_v20 page 8_pages_26-50.md
016-015-014,,016,015,Spacer - Low Mount,VMRS_HB_COMPLETE_v20 page 8_pages_26-50.md
016-014-032,,016,014,"Gusset - Chamber Support, Liftable Axle",VMRS_HB_COMPLETE_v20 page 8_pages_26-50.md
016-015-015,,016,015,Spacer - High Mount,VMRS_HB_COMPLETE_v20 page 8_pages_26-50.md
016-014-033,,016,014,Linkage - Steering Reverse Liftable Air,VMRS_HB_COMPLETE_v20 page 8_pages_26-50.md
016-015-018,,016,015,Pressure Protection Valve - Cab Air Suspension,VMRS_HB_COMPLETE_v20 page 8_pages_26-50.md
016-015-020,,016,015,Adapter Plate - Cab Air Suspension,VMRS_HB_COMPLETE_v20 page 8_pages_26-50.md
016-015-021,,016,015,Heat Shield - Cab/Sleeper Suspension,VMRS_HB_COMPLETE_v20 page 8_pages_26-50.md
016-018-012,,016,018,Press,VMRS_HB_COMPLETE_v20 page 8_pages_26-50.md
016-015-022,,016,015,Nut - Captive,VMRS_HB_COMPLETE_v20 page 8_pages_26-50.md
016-018-013,,016,018,Shoc,VMRS_HB_COMPLETE_v20 page 8_pages_26-50.md
016-015-023,,016,015,Link - Height Control,VMRS_HB_COMPLETE_v20 page 8_pages_26-50.md
016-018-014,,016,018,Torqu,VMRS_HB_COMPLETE_v20 page 8_pages_26-50.md
016-015-024,,016,015,Bracket - Suspension Upper,VMRS_HB_COMPLETE_v20 page 8_pages_26-50.md
016-018-015,,016,018,Susp,VMRS_HB_COMPLETE_v20 page 8_pages_26-50.md
016-015-025,,016,015,"Label - Warning, Cab/Sleeper Suspension",VMRS_HB_COMPLETE_v20 page 8_pages_26-50.md
016-018-016,,016,018,Beari,VMRS_HB_COMPLETE_v20 page 8_pages_26-50.md
016-015-026,,016,015,Bracket - Lateral Control Bod,VMRS_HB_COMPLETE_v20 page 8_pages_26-50.md
016-018-017,,016,018,Body,VMRS_HB_COMPLETE_v20 page 8_pages_26-50.md
016-015-027,,016,015,Bod - Lateral Control,VMRS_HB_COMPLETE_v20 page 8_pages_26-50.md
016-018-018,,016,018,Brack,VMRS_HB_COMPLETE_v20 page 8_pages_26-50.md
016-018-019,,016,018,Cam,VMRS_HB_COMPLETE_v20 page 8_pages_26-50.md
016-018-020,,016,018,Cranl,VMRS_HB_COMPLETE_v20 page 8_pages_26-50.md
016-018-021,,016,018,Cylin,VMRS_HB_COMPLETE_v20 page 8_pages_26-50.md
016-015-031,,016,015,"Bracket - Control Valve, Cab Height",VMRS_HB_COMPLETE_v20 page 8_pages_26-50.md
016-018-022,,016,018,Pad -,VMRS_HB_COMPLETE_v20 page 8_pages_26-50.md
016-015-032,,016,015,Bumper,VMRS_HB_COMPLETE_v20 page 8_pages_26-50.md
016-018-024,,016,018,Valvo,VMRS_HB_COMPLETE_v20 page 8_pages_26-50.md
016-015-034,,016,015,Spacer - Shock,VMRS_HB_COMPLETE_v20 page 8_pages_26-50.md
016-018-025,,016,018,Brack,VMRS_HB_COMPLETE_v20 page 8_pages_26-50.md
016-015-035,,016,015,Cable - Ground Cab/Sleener Suspension,VMRS_HB_COMPLETE_v20 page 8_pages_26-50.md
016-018-026,,016,018,Bushi,VMRS_HB_COMPLETE_v20 page 8_pages_26-50.md
016-015-037,,016,015,Ring - Retainer,VMRS_HB_COMPLETE_v20 page 8_pages_26-50.md
016-018-027,,016,018,Can -,VMRS_HB_COMPLETE_v20 page 8_pages_26-50.md
016-015-038,,016,015,Mounting Bracket - Front Cab/Sleeper,VMRS_HB_COMPLETE_v20 page 8_pages_26-50.md
016-018-028,,016,018,Pino,VMRS_HB_COMPLETE_v20 page 8_pages_26-50.md
016-015-030,,016,015,Mount - Pubber,VMRS_HB_COMPLETE_v20 page 8_pages_26-50.md
016-018-030,,016,018,Hand,VMRS_HB_COMPLETE_v20 page 8_pages_26-50.md
016-015-040,,016,015,"Fitting - Air Line, Cab/Sleener Suspension",VMRS_HB_COMPLETE_v20 page 8_pages_26-50.md
016-018-031,,016,018,Plato,VMRS_HB_COMPLETE_v20 page 8_pages_26-50.md
016-015-047,,016,015,Tower - Cab Latch,VMRS_HB_COMPLETE_v20 page 8_pages_26-50.md
016-018-032,,016,018,Hand,VMRS_HB_COMPLETE_v20 page 8_pages_26-50.md
016-015-042,,016,015,Control - Bemote Air Control Cab/Sleeper,VMRS_HB_COMPLETE_v20 page 8_pages_26-50.md
016-018-033,,016,018,Hold,VMRS_HB_COMPLETE_v20 page 8_pages_26-50.md
010-010-040,,010,010,Suspension,VMRS_HB_COMPLETE_v20 page 8_pages_26-50.md
016-018-034,,016,018,Hub,VMRS_HB_COMPLETE_v20 page 8_pages_26-50.md
016-015-044,,016,015,"Solenoid - Remote Air Control, Cab Suspension",VMRS_HB_COMPLETE_v20 page 8_pages_26-50.md
016-018-035,,016,018,Hand,VMRS_HB_COMPLETE_v20 page 8_pages_26-50.md
016-015-045,,016,015,Sleeve Spring - Cab Suspension,VMRS_HB_COMPLETE_v20 page 8_pages_26-50.md
016-018-036,,016,018,Ram,VMRS_HB_COMPLETE_v20 page 8_pages_26-50.md
016-015-046,,016,015,Limiter - Cab Mount,VMRS_HB_COMPLETE_v20 page 8_pages_26-50.md
016-018-037,,016,018,Kit - F,VMRS_HB_COMPLETE_v20 page 8_pages_26-50.md
016-018-038,,016,018,Retro,VMRS_HB_COMPLETE_v20 page 8_pages_26-50.md
016-015-048,,016,015,Spring - Leaf Cab Suspension,VMRS_HB_COMPLETE_v20 page 8_pages_26-50.md
016-018-039,,016,018,Snac,VMRS_HB_COMPLETE_v20 page 8_pages_26-50.md
016-015-049,,016,015,Loom - Corrugated Sleeper,VMRS_HB_COMPLETE_v20 page 8_pages_26-50.md
016-018-040,,016,018,Bar -,VMRS_HB_COMPLETE_v20 page 8_pages_26-50.md
016-015-050,,016,015,Sway Bar - Cab Mount,VMRS_HB_COMPLETE_v20 page 8_pages_26-50.md
016-018-041,,016,018,Tube,VMRS_HB_COMPLETE_v20 page 8_pages_26-50.md
016-015-051,,016,015,Housing - Bushing Sway Bar Cab Mount,VMRS_HB_COMPLETE_v20 page 8_pages_26-50.md
016-018-042,,016,018,Angle,VMRS_HB_COMPLETE_v20 page 8_pages_26-50.md
016-015-052,,016,015,Bushing - Pivot Sway Bar,VMRS_HB_COMPLETE_v20 page 8_pages_26-50.md
016-018-043,,016,018,Brack,VMRS_HB_COMPLETE_v20 page 8_pages_26-50.md
016-015-053,,016,015,"Shim - Spring, Cab Mount",VMRS_HB_COMPLETE_v20 page 8_pages_26-50.md
016-018-044,,016,018,Cade,VMRS_HB_COMPLETE_v20 page 8_pages_26-50.md
016-015-054,,016,015,Repair Kit - Sway Bar,VMRS_HB_COMPLETE_v20 page 8_pages_26-50.md
016-018-045,,016,018,Chan,VMRS_HB_COMPLETE_v20 page 8_pages_26-50.md
016-015-055,,016,015,Torque Arm - Cab Air Suspension,VMRS_HB_COMPLETE_v20 page 8_pages_26-50.md
016-018-046,,016,018,Clip -,VMRS_HB_COMPLETE_v20 page 8_pages_26-50.md
016-015-056,,016,015,"Suspension Assembly - Cab/Sleeper, Complete",VMRS_HB_COMPLETE_v20 page 8_pages_26-50.md
016-018-047,,016,018,Hardv,VMRS_HB_COMPLETE_v20 page 8_pages_26-50.md
016-015-057,,016,015,"Kit - Torque Arm, Cab Air Suspension",VMRS_HB_COMPLETE_v20 page 8_pages_26-50.md
016-018-048,,016,018,Pin P,VMRS_HB_COMPLETE_v20 page 8_pages_26-50.md
016-015-058,,016,015,Bracket - Cab Leveling Valve,VMRS_HB_COMPLETE_v20 page 8_pages_26-50.md
016-018-049,,016,018,Pipe ·,VMRS_HB_COMPLETE_v20 page 8_pages_26-50.md
016-015-059,,016,015,Linkage - Cab Leveling Valve,VMRS_HB_COMPLETE_v20 page 8_pages_26-50.md
016-018-050,,016,018,Plate,VMRS_HB_COMPLETE_v20 page 8_pages_26-50.md
016-015-060,,016,015,"Spring - Suspension, Cab",VMRS_HB_COMPLETE_v20 page 8_pages_26-50.md
016-018-051,,016,018,Plate,VMRS_HB_COMPLETE_v20 page 8_pages_26-50.md
016-015-061,,016,015,Air Line - Cab Mount,VMRS_HB_COMPLETE_v20 page 8_pages_26-50.md
016-018-052,,016,018,Reinf,VMRS_HB_COMPLETE_v20 page 8_pages_26-50.md
016-015-062,,016,015,"Bushing - Sway Bar, Cab Mount",VMRS_HB_COMPLETE_v20 page 8_pages_26-50.md
016-018-053,,016,018,Retur,VMRS_HB_COMPLETE_v20 page 8_pages_26-50.md
016-015-063,,016,015,"Strut - Suspension, Cab",VMRS_HB_COMPLETE_v20 page 8_pages_26-50.md
016-018-054,,016,018,Sprin,VMRS_HB_COMPLETE_v20 page 8_pages_26-50.md
016-015-064,,016,015,Switch - Cab Latch,VMRS_HB_COMPLETE_v20 page 8_pages_26-50.md
016-018-055,,016,018,Valve,VMRS_HB_COMPLETE_v20 page 8_pages_26-50.md
016-015-065,,016,015,"Bushing - Spring, Cab Mount",VMRS_HB_COMPLETE_v20 page 8_pages_26-50.md
016-018-056,,016,018,Link -,VMRS_HB_COMPLETE_v20 page 8_pages_26-50.md
016-015-066,,016,015,"Piston - Air Spring, Cab Mount",VMRS_HB_COMPLETE_v20 page 8_pages_26-50.md
016-018-057,,016,018,Pin -,VMRS_HB_COMPLETE_v20 page 8_pages_26-50.md
016-015-067,,016,015,"Bracket - Shock, Cab Mount",VMRS_HB_COMPLETE_v20 page 8_pages_26-50.md
016-018-058,,016,018,Line -,VMRS_HB_COMPLETE_v20 page 8_pages_26-50.md
016-015-068,,016,015,"Strap - Pull, Cab Mount",VMRS_HB_COMPLETE_v20 page 8_pages_26-50.md
016-018-059,,016,018,Charr,VMRS_HB_COMPLETE_v20 page 8_pages_26-50.md
016-015-069,,016,015,"Collar - Shaft, Sway Bar",VMRS_HB_COMPLETE_v20 page 8_pages_26-50.md
016-018-060,,016,018,Kit - F,VMRS_HB_COMPLETE_v20 page 8_pages_26-50.md
016-015-070,,016,015,Mounting Plate - Cab/Sleeper Suspension,VMRS_HB_COMPLETE_v20 page 8_pages_26-50.md
016-018-061,,016,018,Repa,VMRS_HB_COMPLETE_v20 page 8_pages_26-50.md
016-015-071,,016,015,"Mounting Assembly - Rear, Cab/Sleeper",VMRS_HB_COMPLETE_v20 page 8_pages_26-50.md
016-015-072,,016,015,"Spacer - Rear Cab Mount, Air Suspension",VMRS_HB_COMPLETE_v20 page 8_pages_26-50.md
016-018-062,,016,018,Hose,VMRS_HB_COMPLETE_v20 page 8_pages_26-50.md
016-015-073,,016,015,"Bolt - Cab Suspension Shock Absorber, Lower",VMRS_HB_COMPLETE_v20 page 8_pages_26-50.md
016-019-000,,016,019,Locki,VMRS_HB_COMPLETE_v20 page 8_pages_26-50.md
016-015-074,,016,015,Actuator Assembly - Cab Air Suspension,VMRS_HB_COMPLETE_v20 page 8_pages_26-50.md
016-019-001,,016,019,Asser,VMRS_HB_COMPLETE_v20 page 8_pages_26-50.md
016-015-075,,016,015,Cradle Assembly - Cab Air Suspension,VMRS_HB_COMPLETE_v20 page 8_pages_26-50.md
016-019-002,,016,019,Actua,VMRS_HB_COMPLETE_v20 page 8_pages_26-50.md
016-015-076,,016,015,Damper Snubber - Cab Air Suspension,VMRS_HB_COMPLETE_v20 page 8_pages_26-50.md
016-019-003,,016,019,Sprin,VMRS_HB_COMPLETE_v20 page 8_pages_26-50.md
016-015-077,,016,015,Cover - Sleeper Shock,VMRS_HB_COMPLETE_v20 page 8_pages_26-50.md
016-019-004,,016,019,Exter,VMRS_HB_COMPLETE_v20 page 8_pages_26-50.md
016-018-000,,016,018,Slider - Air Ride Suspension,VMRS_HB_COMPLETE_v20 page 8_pages_26-50.md
016-019-005,,016,019,Hard,VMRS_HB_COMPLETE_v20 page 8_pages_26-50.md
016-018-001,,016,018,Adapter - Slider Air Ride Suspension,VMRS_HB_COMPLETE_v20 page 8_pages_26-50.md
016-019-006,,016,019,Arms,VMRS_HB_COMPLETE_v20 page 8_pages_26-50.md
016-018-002,,016,018,Beam - Slider Air Ride Suspension,VMRS_HB_COMPLETE_v20 page 8_pages_26-50.md
016-019-007,,016,019,Legs,VMRS_HB_COMPLETE_v20 page 8_pages_26-50.md
016-018-003,,016,018,"Bracket , Frame - Slider Air Ride Suspension",VMRS_HB_COMPLETE_v20 page 8_pages_26-50.md
016-019-008,,016,019,Bolt k,VMRS_HB_COMPLETE_v20 page 8_pages_26-50.md
016-018-004,,016,018,Air Spring - Slider Air Ride Suspension,VMRS_HB_COMPLETE_v20 page 8_pages_26-50.md
016-019-009,,016,019,Brack,VMRS_HB_COMPLETE_v20 page 8_pages_26-50.md
016-018-005,,016,018,"Spacer, Air Spring - Slider Air Ride Suspension",VMRS_HB_COMPLETE_v20 page 8_pages_26-50.md
016-019-010,,016,019,Sprin,VMRS_HB_COMPLETE_v20 page 8_pages_26-50.md
016-018-006,,016,018,"Collar, Alignment - Slider Air Ride Suspension",VMRS_HB_COMPLETE_v20 page 8_pages_26-50.md
016-019-011,,016,019,Ball V,VMRS_HB_COMPLETE_v20 page 8_pages_26-50.md
016-018-007,,016,018,Dump Valve - Slider Air Ride Suspension,VMRS_HB_COMPLETE_v20 page 8_pages_26-50.md
016-019-012,,016,019,Pilot,VMRS_HB_COMPLETE_v20 page 8_pages_26-50.md
016-018-008,,016,018,"Hanger, Spring - Slider Air Ride Suspension",VMRS_HB_COMPLETE_v20 page 8_pages_26-50.md
016-019-013,,016,019,Chec,VMRS_HB_COMPLETE_v20 page 8_pages_26-50.md
016-018-009,,016,018,"Linkage, Height Control - Slider Air Ride",VMRS_HB_COMPLETE_v20 page 8_pages_26-50.md
016-020-000,,016,020,Strut,VMRS_HB_COMPLETE_v20 page 8_pages_26-50.md
,018-012,018,012,Pressure Valve - Slider Air Ride Suspension,VMRS_HB_COMPLETE_v20 page 8_pages_26-50.md
,018-013,018,013,Shock Absorber - Slider Air Ride Suspension,VMRS_HB_COMPLETE_v20 page 8_pages_26-50.md
,018-014,018,014,Torque Arm - Slider Air Ride Suspension,VMRS_HB_COMPLETE_v20 page 8_pages_26-50.md
,018-015,018,015,"Suspension Assembly - Slider, Complete",VMRS_HB_COMPLETE_v20 page 8_pages_26-50.md
,018-016,018,016,Bearing Plate - Slider,VMRS_HB_COMPLETE_v20 page 8_pages_26-50.md
,018-017,018,017,Body Rail - Slider,VMRS_HB_COMPLETE_v20 page 8_pages_26-50.md
,018-018,018,018,Bracket Tank - Slider,VMRS_HB_COMPLETE_v20 page 8_pages_26-50.md
,018-019,018,019,Cam - Slider,VMRS_HB_COMPLETE_v20 page 8_pages_26-50.md
,018-020,018,020,Crank - Slider,VMRS_HB_COMPLETE_v20 page 8_pages_26-50.md
,018-021,018,021,Cylinder - Slider,VMRS_HB_COMPLETE_v20 page 8_pages_26-50.md
,018-022,018,022,Pad - Slider,VMRS_HB_COMPLETE_v20 page 8_pages_26-50.md
,018-023,018,023,"Handle - Pull, Slider",VMRS_HB_COMPLETE_v20 page 8_pages_26-50.md
,018-024,018,024,"Valve - Crank Control, Slider",VMRS_HB_COMPLETE_v20 page 8_pages_26-50.md
,018-025,018,025,"Bracket - Trunnion, Slider",VMRS_HB_COMPLETE_v20 page 8_pages_26-50.md
,018-026,018,026,"Busning - Trunnion, Silder",VMRS_HB_COMPLETE_v20 page 8_pages_26-50.md
,018-027,018,027,"Cap - Trunnion, Silder",VMRS_HB_COMPLETE_v20 page 8_pages_26-50.md
206-019-020,,206,019,"Fipe - Charmel, Silder",VMRS_HB_COMPLETE_v20 page 8_pages_26-50.md
,010-029,010,029,Frame - Slider,VMRS_HB_COMPLETE_v20 page 8_pages_26-50.md
,019-031,019,031,Plata Guida Slidar,VMRS_HB_COMPLETE_v20 page 8_pages_26-50.md
,018-032,018,032,Hangor Truppion Slider,VMRS_HB_COMPLETE_v20 page 8_pages_26-50.md
,018-033,018,033,Hold Down - Slider,VMRS_HB_COMPLETE_v20 page 8_pages_26-50.md
,018-034,018,034,Hub - Trunnion Slider,VMRS_HB_COMPLETE_v20 page 8_pages_26-50.md
,018-035,018,035,Handle - Link Slider,VMRS_HB_COMPLETE_v20 page 8_pages_26-50.md
,018-036,018,036,Ramp Assembly - Slider,VMRS_HB_COMPLETE_v20 page 8_pages_26-50.md
,018-037,018,037,Kit - Bepair Attaching Slider,VMRS_HB_COMPLETE_v20 page 8_pages_26-50.md
,018-038,018,038,Retrofit Kit - Slider,VMRS_HB_COMPLETE_v20 page 8_pages_26-50.md
,018-039,018,039,"Spacer - Trunnion, Slider",VMRS_HB_COMPLETE_v20 page 8_pages_26-50.md
,018-040,018,040,"Bar - Stop, Slider",VMRS_HB_COMPLETE_v20 page 8_pages_26-50.md
,018-041,018,041,"Tube - Trunnion, Slider",VMRS_HB_COMPLETE_v20 page 8_pages_26-50.md
,018-042,018,042,Angle - Stop Mounting,VMRS_HB_COMPLETE_v20 page 8_pages_26-50.md
,018-043,018,043,Bracket - Pull Handle,VMRS_HB_COMPLETE_v20 page 8_pages_26-50.md
,018-044,018,044,Cage - Pull Pin,VMRS_HB_COMPLETE_v20 page 8_pages_26-50.md
,018-045,018,045,Channel - Pin Cage,VMRS_HB_COMPLETE_v20 page 8_pages_26-50.md
,018-046,018,046,Clip - Pin Handle,VMRS_HB_COMPLETE_v20 page 8_pages_26-50.md
,018-047,018,047,"Hardware, Mounting - Slider",VMRS_HB_COMPLETE_v20 page 8_pages_26-50.md
,018-048,018,048,Pin Puller - Pneumatic,VMRS_HB_COMPLETE_v20 page 8_pages_26-50.md
,018-049,018,049,Pipe - Lock Pin,VMRS_HB_COMPLETE_v20 page 8_pages_26-50.md
,018-050,018,050,Plate - Lock Pin,VMRS_HB_COMPLETE_v20 page 8_pages_26-50.md
,018-051,018,051,Plate - Rail Repair,VMRS_HB_COMPLETE_v20 page 8_pages_26-50.md
,018-052,018,052,Reinforcement - Hanger,VMRS_HB_COMPLETE_v20 page 8_pages_26-50.md
,018-053,018,053,Return Spring - Pin Puller,VMRS_HB_COMPLETE_v20 page 8_pages_26-50.md
,018-054,018,054,Spring Retainer - Lock Pin,VMRS_HB_COMPLETE_v20 page 8_pages_26-50.md
,018-055,018,055,Valve - PIN Puller,VMRS_HB_COMPLETE_v20 page 8_pages_26-50.md
,010-000,010,000,"LINK - LOCKING PIN, SILDER",VMRS_HB_COMPLETE_v20 page 8_pages_26-50.md
,018-058,018,058,Line - Air Slider Air Dide Suspension,VMRS_HB_COMPLETE_v20 page 8_pages_26-50.md
,018-060,018,060,Kit - Height Control Valve,VMRS_HB_COMPLETE_v20 page 8_pages_26-50.md
,018-061,018,061,Repair Kit - Bracket Frame Slider Air Bide,VMRS_HB_COMPLETE_v20 page 8_pages_26-50.md
,010-001,010,001,Suspension,VMRS_HB_COMPLETE_v20 page 8_pages_26-50.md
,018-062,018,062,Hose - Slider,VMRS_HB_COMPLETE_v20 page 8_pages_26-50.md
,019-000,019,000,Locking Device - Ride Height,VMRS_HB_COMPLETE_v20 page 8_pages_26-50.md
,019-001,019,001,Assembly - Locking Device,VMRS_HB_COMPLETE_v20 page 8_pages_26-50.md
,019-002,019,002,Actuator - Air Chamber,VMRS_HB_COMPLETE_v20 page 8_pages_26-50.md
,019-003,019,003,"Spring - Locking Device, Ride Height",VMRS_HB_COMPLETE_v20 page 8_pages_26-50.md
,019-004,019,004,Extension - Beam,VMRS_HB_COMPLETE_v20 page 8_pages_26-50.md
,019-005,019,005,"Hardware, Mounting - Locking Device Assembly",VMRS_HB_COMPLETE_v20 page 8_pages_26-50.md
,019-006,019,006,Arms - Locking Device Assembly,VMRS_HB_COMPLETE_v20 page 8_pages_26-50.md
,019-007,019,007,Legs - Locking Device Assembly,VMRS_HB_COMPLETE_v20 page 8_pages_26-50.md
,019-008,019,008,"Bolt Kit - Restraint, Locking Device",VMRS_HB_COMPLETE_v20 page 8_pages_26-50.md
,019-009,019,009,"Bracket - Shaft, Locking Device",VMRS_HB_COMPLETE_v20 page 8_pages_26-50.md
,019-010,019,010,"Springs - Tension, Locking Device",VMRS_HB_COMPLETE_v20 page 8_pages_26-50.md
,019-011,019,011,"Ball Valve - 3- Way, Locking Device",VMRS_HB_COMPLETE_v20 page 8_pages_26-50.md
,019-012,019,012,"Pilot Valve - 3- Way, Locking Device",VMRS_HB_COMPLETE_v20 page 8_pages_26-50.md
,019-013,019,013,"Check Valve - 2-Way, Locking Device",VMRS_HB_COMPLETE_v20 page 8_pages_26-50.md
016-020-005,,016,020,"Insulator - Coil Spring, Upper",VMRS_HB_COMPLETE_v20 page 8_pages_26-50.md
016-020-006,,016,020,Coil Spring - Strut,VMRS_HB_COMPLETE_v20 page 8_pages_26-50.md
016-023-005,,016,023,"Bolt - Cam, Camber Adjustment",VMRS_HB_COMPLETE_v20 page 8_pages_26-50.md
016-020-007,,016,020,Bumper - Coil Spring,VMRS_HB_COMPLETE_v20 page 8_pages_26-50.md
016-023-006,,016,023,Cam - Camber Adjustment,VMRS_HB_COMPLETE_v20 page 8_pages_26-50.md
016-020-008,,016,020,"Insulator - Coil Spring, Lower",VMRS_HB_COMPLETE_v20 page 8_pages_26-50.md
016-023-007,,016,023,Integral Link - Independent Rear Suspension,VMRS_HB_COMPLETE_v20 page 8_pages_26-50.md
016-020-009,,016,020,"Bolt - Mounting, Strut, Lower",VMRS_HB_COMPLETE_v20 page 8_pages_26-50.md
010-023-008,,010,023,"Bushing - Integral Link, Independent Rear",VMRS_HB_COMPLETE_v20 page 8_pages_26-50.md
016-020-010,,016,020,Cartridge - Strut,VMRS_HB_COMPLETE_v20 page 8_pages_26-50.md
017-000-000,,017,000,Tires Tubes Liners & Valves,VMRS_HB_COMPLETE_v20 page 8_pages_26-50.md
016-020-012,,016,020,Air Strut,VMRS_HB_COMPLETE_v20 page 8_pages_26-50.md
016-020-013,,016,020,"Insulator - Bearing, Strut",VMRS_HB_COMPLETE_v20 page 8_pages_26-50.md
017-001-001,,017,001,"Tire - Pneumatic, Radial, Lug Tread",VMRS_HB_COMPLETE_v20 page 8_pages_26-50.md
016-020-014,,016,020,"Housing - Cartridge, Strut",VMRS_HB_COMPLETE_v20 page 8_pages_26-50.md
017-001-002,,017,001,"Tire - Pneumatic, Radial, Rib Tread",VMRS_HB_COMPLETE_v20 page 8_pages_26-50.md
016-020-015,,016,020,"Clamp - Dust Cover, Strut",VMRS_HB_COMPLETE_v20 page 8_pages_26-50.md
017-001-004,,017,001,"Tire - Pneumatic, Bias Ply, Lug Tread",VMRS_HB_COMPLETE_v20 page 8_pages_26-50.md
016-020-016,,016,020,Fork - Strut,VMRS_HB_COMPLETE_v20 page 8_pages_26-50.md
017-001-005,,017,001,"Tire - Pneumatic, Bias Ply, Rib Tread",VMRS_HB_COMPLETE_v20 page 8_pages_26-50.md
016-020-017,,016,020,"Bushing - Fork, Strut",VMRS_HB_COMPLETE_v20 page 8_pages_26-50.md
017-001-010,,017,001,Tire - Mud & Snow,VMRS_HB_COMPLETE_v20 page 8_pages_26-50.md
016-020-018,,016,020,Insulator - Strut,VMRS_HB_COMPLETE_v20 page 8_pages_26-50.md
017-001-011,,017,001,"Tire - Retread, Trailer",VMRS_HB_COMPLETE_v20 page 8_pages_26-50.md
016-020-019,,016,020,Mount - Strut,VMRS_HB_COMPLETE_v20 page 8_pages_26-50.md
017-001-012,,017,001,"Tire - Retread, Truck, Tractor",VMRS_HB_COMPLETE_v20 page 8_pages_26-50.md
016-020-020,,016,020,"Bushing - Mount, Strut",VMRS_HB_COMPLETE_v20 page 8_pages_26-50.md
017-001-013,,017,001,Tire Assembly - Spare,VMRS_HB_COMPLETE_v20 page 8_pages_26-50.md
016-020-021,,016,020,"Cap - Mount, Strut",VMRS_HB_COMPLETE_v20 page 8_pages_26-50.md
017-001-014,,017,001,"Tire - Pheumatic, Radial, Smooth Tread",VMRS_HB_COMPLETE_v20 page 8_pages_26-50.md
016-020-022,,016,020,Insulator - Mount Strut,VMRS_HB_COMPLETE_v20 page 8_pages_26-50.md
017-001-015,,017,001,"Tire - Pheumatic, Blas Ply, Shooth Tread",VMRS_HB_COMPLETE_v20 page 8_pages_26-50.md
017-001-017,,017,001,"Tire - Pneumatic, Bias/Belted Rib Tread",VMRS_HB_COMPLETE_v20 page 8_pages_26-50.md
016-020-025,,016,020,Bolt - Rod. Strut,VMRS_HB_COMPLETE_v20 page 8_pages_26-50.md
017-001-018,,017,001,"Tire - Pneumatic, Bias/Belted, Smooth Tread",VMRS_HB_COMPLETE_v20 page 8_pages_26-50.md
016-020-026,,016,020,"Bushing - Rod, Strut",VMRS_HB_COMPLETE_v20 page 8_pages_26-50.md
017-001-019,,017,001,"Tire - Pneumatic, Steer",VMRS_HB_COMPLETE_v20 page 8_pages_26-50.md
016-020-027,,016,020,"Hardware Kit - Rod, Strut",VMRS_HB_COMPLETE_v20 page 8_pages_26-50.md
017-001-020,,017,001,"Tire - Pneumatic, Drive",VMRS_HB_COMPLETE_v20 page 8_pages_26-50.md
016-020-028,,016,020,Rod Kit - Strut,VMRS_HB_COMPLETE_v20 page 8_pages_26-50.md
017-001-021,,017,001,"Tire - Pneumatic, Pusher",VMRS_HB_COMPLETE_v20 page 8_pages_26-50.md
016-020-029,,016,020,"Nut - Rod, Strut",VMRS_HB_COMPLETE_v20 page 8_pages_26-50.md
017-001-022,,017,001,"Tire - Pneumatic, Tag",VMRS_HB_COMPLETE_v20 page 8_pages_26-50.md
016-020-030,,016,020,"Washer - Rod, Strut",VMRS_HB_COMPLETE_v20 page 8_pages_26-50.md
017-001-023,,017,001,"Tire - Pneumatic, Trailer",VMRS_HB_COMPLETE_v20 page 8_pages_26-50.md
016-020-031,,016,020,Sleeve - Strut,VMRS_HB_COMPLETE_v20 page 8_pages_26-50.md
017-001-024,,017,001,Tire - Casing,VMRS_HB_COMPLETE_v20 page 8_pages_26-50.md
016-020-032,,016,020,Coil Spring Set,VMRS_HB_COMPLETE_v20 page 8_pages_26-50.md
017-001-025,,017,001,Tire - Scrap,VMRS_HB_COMPLETE_v20 page 8_pages_26-50.md
016-020-033,,016,020,"Sleeve - Retainer, Coll Spring",VMRS_HB_COMPLETE_v20 page 8_pages_26-50.md
017-001-026,,017,001,"Tire - Retread, Mud & Snow",VMRS_HB_COMPLETE_v20 page 8_pages_26-50.md
016-020-034,,016,020,Relainer - Coll Spring,VMRS_HB_COMPLETE_v20 page 8_pages_26-50.md
017-001-027,,017,001,"Tire - Pheumalic, Sludded",VMRS_HB_COMPLETE_v20 page 8_pages_26-50.md
016-020-035,,016,020,Adjuster - Coil Spring,VMRS_HB_COMPLETE_v20 page 8_pages_26-50.md
016-020-037,,016,020,Rumper - Strut,VMRS_HB_COMPLETE_v20 page 8_pages_26-50.md
017-001-029,,017,001,"Tire - Wide Base, Bib Tread, Trailer",VMRS_HB_COMPLETE_v20 page 8_pages_26-50.md
016-020-038,,016,020,Ring - Support Strut Mount,VMRS_HB_COMPLETE_v20 page 8_pages_26-50.md
017-001-031,,017,001,"Tire - Wide Base, Refread, Rib Tread, Tractor",VMRS_HB_COMPLETE_v20 page 8_pages_26-50.md
016-020-039,,016,020,Bellows - Strut,VMRS_HB_COMPLETE_v20 page 8_pages_26-50.md
017-001-032,,017,001,"Tire - Wide Base, Retread, Lug Tread",VMRS_HB_COMPLETE_v20 page 8_pages_26-50.md
016-021-000,,016,021,Control Arm,VMRS_HB_COMPLETE_v20 page 8_pages_26-50.md
017-001-033,,017,001,"Tire - Wide Base, Scrap",VMRS_HB_COMPLETE_v20 page 8_pages_26-50.md
016-021-001,,016,021,Control Arm - Position Not Specified,VMRS_HB_COMPLETE_v20 page 8_pages_26-50.md
017-001-034,,017,001,"Tire - Runout, Drive",VMRS_HB_COMPLETE_v20 page 8_pages_26-50.md
016-022-000,,016,022,Active Suspension,VMRS_HB_COMPLETE_v20 page 8_pages_26-50.md
017-001-035,,017,001,"Tire - Runout, Trailer",VMRS_HB_COMPLETE_v20 page 8_pages_26-50.md
016-022-001,,016,022,"Sensor - Acceleration, Active Suspension",VMRS_HB_COMPLETE_v20 page 8_pages_26-50.md
017-001-036,,017,001,"Tire - Runout, Steer",VMRS_HB_COMPLETE_v20 page 8_pages_26-50.md
016-022-002,,016,022,Accumulator - Active Suspension,VMRS_HB_COMPLETE_v20 page 8_pages_26-50.md
017-001-037,,017,001,"Tag - Data Storage, Tractor/Truck",VMRS_HB_COMPLETE_v20 page 8_pages_26-50.md
016-022-003,,016,022,"Insulator - Accumulator, Active Suspension",VMRS_HB_COMPLETE_v20 page 8_pages_26-50.md
017-001-038,,017,001,"lag - Data Storage, Irailer",VMRS_HB_COMPLETE_v20 page 8_pages_26-50.md
016-022-004,,016,022,"Sieeve - Accumulator, Active Suspension",VMRS_HB_COMPLETE_v20 page 8_pages_26-50.md
017-001-039,,017,001,"Tag - Data Storage, Converter Dolly",VMRS_HB_COMPLETE_v20 page 8_pages_26-50.md
016-022-005,,016,022,All Sping - Active Suspension,VMRS_HB_COMPLETE_v20 page 8_pages_26-50.md
017-001-040,,017,001,Tire - Mide Base Refreed Rib Tread Trailer,VMRS_HB_COMPLETE_v20 page 8_pages_26-50.md
017-001-041,,017,001,Tire - Pneumatic Badial All-Season,VMRS_HB_COMPLETE_v20 page 8_pages_26-50.md
016-022-008,,016,022,"Switch - Mode, Active Suspension",VMRS_HB_COMPLETE_v20 page 8_pages_26-50.md
017-001-043,,017,001,"Tire - Pneumatic, Radial, All-Weather",VMRS_HB_COMPLETE_v20 page 8_pages_26-50.md
016-022-009,,016,022,"Actuator Assembly - Ride Height, Active",VMRS_HB_COMPLETE_v20 page 8_pages_26-50.md
017-001-044,,017,001,"Tire - Casing, Wide Base",VMRS_HB_COMPLETE_v20 page 8_pages_26-50.md
017-001-045,,017,001,Tire - Used,VMRS_HB_COMPLETE_v20 page 8_pages_26-50.md
016-022-010,,016,022,"Actuator - Shock/Strut, Active Suspension",VMRS_HB_COMPLETE_v20 page 8_pages_26-50.md
017-002-000,,017,002,Tire - Semi-Pneumatic,VMRS_HB_COMPLETE_v20 page 8_pages_26-50.md
016-022-011,,016,022,Air Compressor - Active Suspension,VMRS_HB_COMPLETE_v20 page 8_pages_26-50.md
017-002-001,,017,002,"Tire - Semi-Pneumatic, Tread",VMRS_HB_COMPLETE_v20 page 8_pages_26-50.md
016-022-012,,016,022,"Cylinder Head - Air Compressor, Active",VMRS_HB_COMPLETE_v20 page 8_pages_26-50.md
017-002-002,,017,002,"Tire - Semi-Pneumatic, No Tread",VMRS_HB_COMPLETE_v20 page 8_pages_26-50.md
017-003-000,,017,003,Tire - Cushion,VMRS_HB_COMPLETE_v20 page 8_pages_26-50.md
016-022-013,,016,022,"Insulator - Air Compressor, Active Suspension",VMRS_HB_COMPLETE_v20 page 8_pages_26-50.md
017-003-001,,017,003,"Tire - Cushion, Tread",VMRS_HB_COMPLETE_v20 page 8_pages_26-50.md
016-022-014,,016,022,"Mullier - Air Compressor, Active Suspension",VMRS_HB_COMPLETE_v20 page 8_pages_26-50.md
017-003-002,,017,003,"Infe - Cushion, No Tread",VMRS_HB_COMPLETE_v20 page 8_pages_26-50.md
016-022-015,,016,022,Air Filter - Active Suspension,VMRS_HB_COMPLETE_v20 page 8_pages_26-50.md
017-004-000,,017,004,Inner Tube - Flieumatic Tire,VMRS_HB_COMPLETE_v20 page 8_pages_26-50.md
017-005-000,,017,005,Tire - Solid,VMRS_HB_COMPLETE_v20 page 8_pages_26-50.md
016-022-018,,016,022,Line - Air. Active Suspension,VMRS_HB_COMPLETE_v20 page 8_pages_26-50.md
017-005-001,,017,005,Tire - Solid Tread,VMRS_HB_COMPLETE_v20 page 8_pages_26-50.md
016-022-019,,016,022,"Adapter - Air Line, Active Suspension",VMRS_HB_COMPLETE_v20 page 8_pages_26-50.md
017-005-002,,017,005,"Tire - Solid, No Tread",VMRS_HB_COMPLETE_v20 page 8_pages_26-50.md
016-022-020,,016,022,"Dipstick - Fluid Reservoir, Active Suspension",VMRS_HB_COMPLETE_v20 page 8_pages_26-50.md
017-006-000,,017,006,Liner (Flap) - Pneumatic Tire,VMRS_HB_COMPLETE_v20 page 8_pages_26-50.md
016-022-021,,016,022,"Sensor - Height, Active Suspension",VMRS_HB_COMPLETE_v20 page 8_pages_26-50.md
017-006-001,,017,006,Liner (Flap) Assembly - Pneumatic Tire,VMRS_HB_COMPLETE_v20 page 8_pages_26-50.md
016-022-022,,016,022,"Clamp - Height Sensor, Active Suspension",VMRS_HB_COMPLETE_v20 page 8_pages_26-50.md
017-008-000,,017,008,Valve Assembly - Tire,VMRS_HB_COMPLETE_v20 page 8_pages_26-50.md
016-022-023,,016,022,"Switch - On/Off, Active Suspension",VMRS_HB_COMPLETE_v20 page 8_pages_26-50.md
017-008-001,,017,008,Valve Stem,VMRS_HB_COMPLETE_v20 page 8_pages_26-50.md
016-022-024,,016,022,Relay - Active Suspension,VMRS_HB_COMPLETE_v20 page 8_pages_26-50.md
017-008-002,,017,008,Lock - Valve Stem,VMRS_HB_COMPLETE_v20 page 8_pages_26-50.md
016-023-000,,016,023,Independent Rear Suspension,VMRS_HB_COMPLETE_v20 page 8_pages_26-50.md
017-008-003,,017,008,valve Core,VMRS_HB_COMPLETE_v20 page 8_pages_26-50.md
010-023-001,,010,023,Nuckie Assembly - Independent Rear,VMRS_HB_COMPLETE_v20 page 8_pages_26-50.md
017-008-004,,017,008,valve CapAir Balanco Valvo - Dual Tirco,VMRS_HB_COMPLETE_v20 page 8_pages_26-50.md
016-023-002,,016,023,"SuspensionSleeve - Knuckle, Independent Poor Suspansion",VMRS_HB_COMPLETE_v20 page 8_pages_26-50.md
017-000-005,,017,000,"All Dalatice valve - Dual TitesHose Assembly - Air Relence, Dual Tiros",VMRS_HB_COMPLETE_v20 page 8_pages_26-50.md
017-008-007,,017,008,Mounting Bracket - Air Balance Valve Dual Tires,VMRS_HB_COMPLETE_v20 page 8_pages_26-50.md
010-020-000,,010,020,Suspension,VMRS_HB_COMPLETE_v20 page 8_pages_26-50.md
017-008-008,,017,008,Extension - Tire Valve,VMRS_HB_COMPLETE_v20 page 8_pages_26-50.md
016-023-004,,016,023,"Cam - Caster Adjustment, Independent Rear",VMRS_HB_COMPLETE_v20 page 8_pages_26-50.md
017-008-009,,017,008,Valve Stem/wSensor - Tire Pressure,VMRS_HB_COMPLETE_v20 page 8_pages_26-50.md
017-008-010,,017,008,Stabilizer - Valve Stem,VMRS_HB_COMPLETE_v20 page 8_pages_26-50.md
017-008-011,,017,008,"Identifier Tag - Sealant, Valve Stem & PSI Line",VMRS_HB_COMPLETE_v20 page 8_pages_26-50.md
017-009-055,,017,009,Kit - Thermal Plug,VMRS_HB_COMPLETE_v20 page 8_pages_26-50.md
017-009-000,,017,009,Tire Pressure Inflation and Monitoring Systems,VMRS_HB_COMPLETE_v20 page 8_pages_26-50.md
017-009-056,,017,009,Pad - Sensor Programming,VMRS_HB_COMPLETE_v20 page 8_pages_26-50.md
017-009-001,,017,009,Control Box - Central Tire Inflation System,VMRS_HB_COMPLETE_v20 page 8_pages_26-50.md
017-009-057,,017,009,Kit - Aluminum Valve,VMRS_HB_COMPLETE_v20 page 8_pages_26-50.md
017-000-002,,017,000,"Hardware, Mounting - Control Box",VMRS_HB_COMPLETE_v20 page 8_pages_26-50.md
017-000-058,,017,000,Fixture - Programming,VMRS_HB_COMPLETE_v20 page 8_pages_26-50.md
017-009-002,,017,009,Hub Can,VMRS_HB_COMPLETE_v20 page 8_pages_26-50.md
017-009-050,,017,009,Conser Drossure Dended No Velve,VMRS_HB_COMPLETE_v20 page 8_pages_26-50.md
017-009-003,,017,009,Hub Cap,VMRS_HB_COMPLETE_v20 page 8_pages_26-50.md
017-009-059,,017,009,"Sensor - Pressure, Banded, No Valve",VMRS_HB_COMPLETE_v20 page 8_pages_26-50.md
017-009-004,,017,009,"Hardware, Mounting - Hub Cap",VMRS_HB_COMPLETE_v20 page 8_pages_26-50.md
017-009-060,,017,009,Clip - Sensor,VMRS_HB_COMPLETE_v20 page 8_pages_26-50.md
017-009-005,,017,009,Switch - Flow Sensing,VMRS_HB_COMPLETE_v20 page 8_pages_26-50.md
017-009-061,,017,009,Service Pack - Replacement Kit,VMRS_HB_COMPLETE_v20 page 8_pages_26-50.md
017-009-006,,017,009,Filter - Central Tire Inflation System,VMRS_HB_COMPLETE_v20 page 8_pages_26-50.md
017-009-062,,017,009,Kit - Dress Up,VMRS_HB_COMPLETE_v20 page 8_pages_26-50.md
017-009-007,,017,009,Rotary Union Assembly,VMRS_HB_COMPLETE_v20 page 8_pages_26-50.md
017-009-063,,017,009,Service Pack - TPMS Replacement Components,VMRS_HB_COMPLETE_v20 page 8_pages_26-50.md
017-009-008,,017,009,Relief Valve - Tire Pressure Inflation and,VMRS_HB_COMPLETE_v20 page 8_pages_26-50.md
017-009-064,,017,009,Holder - Beceiver Tire Pressure Monitor,VMRS_HB_COMPLETE_v20 page 8_pages_26-50.md
017-003-004,,017,003,Rettery Concer Tire Dressure Menitor,VMRS_HB_COMPLETE_v20 page 8_pages_26-50.md
017-009-009,,017,009,Hose - Outside Tire,VMRS_HB_COMPLETE_v20 page 8_pages_26-50.md
017-009-066,,017,009,"Cover - Sensor, Tire Pressure Monitor",VMRS_HB_COMPLETE_v20 page 8_pages_26-50.md
017-009-010,,017,009,Hose - Inside Tire,VMRS_HB_COMPLETE_v20 page 8_pages_26-50.md
017-009-067,,017,009,"Repair Kit - Sensor, Tire Pressure Monitor",VMRS_HB_COMPLETE_v20 page 8_pages_26-50.md
017-009-011,,017,009,Fittings and Connectors - Air,VMRS_HB_COMPLETE_v20 page 8_pages_26-50.md
017-009-068,,017,009,"Valve Stem - Sensor, Tire Pressure Monitor",VMRS_HB_COMPLETE_v20 page 8_pages_26-50.md
017-009-012,,017,009,Connectors - Electrical,VMRS_HB_COMPLETE_v20 page 8_pages_26-50.md
017-009-069,,017,009,Transmitter - Tire Pressure Monitor,VMRS_HB_COMPLETE_v20 page 8_pages_26-50.md
017-000-013,,017,000,Stator - Botary Union,VMRS_HB_COMPLETE_v20 page 8_pages_26-50.md
017-000-070,,017,000,Switch - Reset Tire Pressure Monitor,VMRS_HB_COMPLETE_v20 page 8_pages_26-50.md
017-009-013,,017,009,Stator - Hotary Onion,VMRS_HB_COMPLETE_v20 page 8_pages_26-50.md
017-009-070,,017,009,Oleman Openant Time Dressure Manitan,VMRS_HB_COMPLETE_v20 page 8_pages_26-50.md
017-009-014,,017,009,Inrough Tee - Rolary Union,VMRS_HB_COMPLETE_v20 page 8_pages_26-50.md
017-009-071,,017,009,"Clamp - Sensor, The Pressure Monitor",VMRS_HB_COMPLETE_v20 page 8_pages_26-50.md
017-009-015,,017,009,Lamp - Indicator,VMRS_HB_COMPLETE_v20 page 8_pages_26-50.md
017-009-072,,017,009,"Junction - ABS Wire Harness, Central Tire",VMRS_HB_COMPLETE_v20 page 8_pages_26-50.md
017-009-016,,017,009,Pressure Protection Valve,VMRS_HB_COMPLETE_v20 page 8_pages_26-50.md
017-009-017,,017,009,Hose - Control,VMRS_HB_COMPLETE_v20 page 8_pages_26-50.md
017-009-073,,017,009,"Vent - Axle, Tire Pressure Monitoring System",VMRS_HB_COMPLETE_v20 page 8_pages_26-50.md
017-009-018,,017,009,Hose - Steering Axle,VMRS_HB_COMPLETE_v20 page 8_pages_26-50.md
017-009-074,,017,009,Switch - Pressure Tire Pressure Control System,VMRS_HB_COMPLETE_v20 page 8_pages_26-50.md
017-000-010,,017,000,Potany Soal,VMRS_HB_COMPLETE_v20 page 8_pages_26-50.md
017-000-075,,017,000,Grommot Air Lino Tiro Prossuro Monitoring,VMRS_HB_COMPLETE_v20 page 8_pages_26-50.md
017-009-019,,017,009,Rolary Seal,VMRS_HB_COMPLETE_v20 page 8_pages_26-50.md
017-009-075,,017,009,"Gionnet - All Line, The Plessure Monitoring",VMRS_HB_COMPLETE_v20 page 8_pages_26-50.md
017-009-020,,017,009,Operator Control Panel (OCP),VMRS_HB_COMPLETE_v20 page 8_pages_26-50.md
017-009-021,,017,009,Pneumatic Control Unit (PCU),VMRS_HB_COMPLETE_v20 page 8_pages_26-50.md
017-009-076,,017,009,"Drain - Petcock, Tire Pressure Monitoring",VMRS_HB_COMPLETE_v20 page 8_pages_26-50.md
017-009-022,,017,009,"Seal - Drive, Air to Oil",VMRS_HB_COMPLETE_v20 page 8_pages_26-50.md
017-009-023,,017,009,Sensor - Speed,VMRS_HB_COMPLETE_v20 page 8_pages_26-50.md
017-009-077,,017,009,"Mount - Display, TPMS",VMRS_HB_COMPLETE_v20 page 8_pages_26-50.md
017-009-024,,017,009,Tube - Inlet,VMRS_HB_COMPLETE_v20 page 8_pages_26-50.md
017-009-078,,017,009,Cord - Power Tire Pressure Monitoring System,VMRS_HB_COMPLETE_v20 page 8_pages_26-50.md
017-000-024,,017,000,Wiring Harpoon Controls Control Tiro inflation,VMRS_HB_COMPLETE_v20 page 8_pages_26-50.md
017-009-025,,017,009,"Willing Harness - Controls, Central The Inhation",VMRS_HB_COMPLETE_v20 page 8_pages_26-50.md
017-009-079,,017,009,"Adapter - Power, The Pressure Monitoring",VMRS_HB_COMPLETE_v20 page 8_pages_26-50.md
017-009-026,,017,009,Bracket / Hardware - Indicator Lamp,VMRS_HB_COMPLETE_v20 page 8_pages_26-50.md
017-009-080,,017,009,Repeater - Tire Pressure Monitoring System,VMRS_HB_COMPLETE_v20 page 8_pages_26-50.md
017-009-027,,017,009,"Bracket - Wheel, Universal",VMRS_HB_COMPLETE_v20 page 8_pages_26-50.md
017-009-081,,017,009,"Kit - Internal Sensor, Tire Pressure Monitoring",VMRS_HB_COMPLETE_v20 page 8_pages_26-50.md
017-009-028,,017,009,"Block - Air Manifold, Central Tire Inflation System",VMRS_HB_COMPLETE_v20 page 8_pages_26-50.md
017-000-020,,017,000,Display Tiro Proseuro Monitoring System,VMRS_HB_COMPLETE_v20 page 8_pages_26-50.md
017-000-082,,017,000,Kit Can Sonsor Tiro Prossure Monitoring,VMRS_HB_COMPLETE_v20 page 8_pages_26-50.md
017-009-029,,017,009,Display - The Pressure Meritarian Quaters,VMRS_HB_COMPLETE_v20 page 8_pages_26-50.md
017-009-030,,017,009,ECU - Tire Pressure Monitoring System,VMRS_HB_COMPLETE_v20 page 8_pages_26-50.md
017-009-031,,017,009,"Wiring Harness - Display, Tractor, Tire Pressure",VMRS_HB_COMPLETE_v20 page 8_pages_26-50.md
017-009-083,,017,009,"Bracket - Flow-Thru, Tire Pressure Monitoring",VMRS_HB_COMPLETE_v20 page 8_pages_26-50.md
017-009-032,,017,009,"Bracket - ECU, Tire Pressure Monitoring System",VMRS_HB_COMPLETE_v20 page 8_pages_26-50.md
017-009-084,,017,009,"Hoses - Check-Port, Tire Pressure Monitoring",VMRS_HB_COMPLETE_v20 page 8_pages_26-50.md
017-009-033,,017,009,Module - Wheel Tire Pressure Monitoring,VMRS_HB_COMPLETE_v20 page 8_pages_26-50.md
017-000-095,,017,000,Wiring Harpoon Dowar Connections Tire,VMRS_HB_COMPLETE_v20 page 8_pages_26-50.md
017-000-004,,017,000,Blate Balance Tim Brancher Manitarian,VMRS_HB_COMPLETE_v20 page 8_pages_26-50.md
017-009-034,,017,009,"Plate - Balance, The Pressure Monitoring",VMRS_HB_COMPLETE_v20 page 8_pages_26-50.md
017-009-086,,017,009,"Harness - ABS Drop, Tire Pressure Monitoring",VMRS_HB_COMPLETE_v20 page 8_pages_26-50.md
017-009-035,,017,009,"ECU - Trailer, Tire Pressure Monitoring System",VMRS_HB_COMPLETE_v20 page 8_pages_26-50.md
017-009-036,,017,009,"Wiring Harness - Receiver, Trailer, Tire Pressure",VMRS_HB_COMPLETE_v20 page 8_pages_26-50.md
017-009-087,,017,009,"Connector - Tee, Coax, Antenna, Tire Pressure",VMRS_HB_COMPLETE_v20 page 8_pages_26-50.md
017-000-037,,017,000,Hose Outer Tire Trailer,VMRS_HB_COMPLETE_v20 page 8_pages_26-50.md
017-000-088,,017,000,Cable Coax Antonna Tiro Prossure Monitoring,VMRS_HB_COMPLETE_v20 page 8_pages_26-50.md
017-009-038,,017,009,"Kit - Tire Pressure Monitoring System, Complete",VMRS_HB_COMPLETE_v20 page 8_pages_26-50.md
017-009-039,,017,009,Shut-Off Valve - Central Tire Inflation System,VMRS_HB_COMPLETE_v20 page 8_pages_26-50.md
017-009-089,,017,009,"Kit - Flow-Thru, Tire Pressure Monitoring System",VMRS_HB_COMPLETE_v20 page 8_pages_26-50.md
017-009-040,,017,009,Hose - Tire Pressure Monitoring System,VMRS_HB_COMPLETE_v20 page 8_pages_26-50.md
017-009-090,,017,009,"Hardware, Mounting - Flow-Thru Kit, Tire",VMRS_HB_COMPLETE_v20 page 8_pages_26-50.md
017-009-041,,017,009,"Weights - Counter, Tire Pressure Monitoring",VMRS_HB_COMPLETE_v20 page 8_pages_26-50.md
017-010-000,,017,010,Tire - Foam Filled,VMRS_HB_COMPLETE_v20 page 8_pages_26-50.md
017-000-042,,017,000,Bross Blug,VMRS_HB_COMPLETE_v20 page 8_pages_26-50.md
017-010-001,,017,010,Tiro Foam Filled Dib Tread,VMRS_HB_COMPLETE_v20 page 8_pages_26-50.md
017-009-042,,017,009,,VMRS_HB_COMPLETE_v20 page 8_pages_26-50.md
017-010-011,,017,010,"Tile - Foant Filled, Hib Tread",VMRS_HB_COMPLETE_v20 page 8_pages_26-50.md
017-009-043,,017,009,"Antenna - Receiver, Tire Pressure Monitoring",VMRS_HB_COMPLETE_v20 page 8_pages_26-50.md
017-011-000,,017,011,Balance Compounds,VMRS_HB_COMPLETE_v20 page 8_pages_26-50.md
017-011-001,,017,011,"Compound - Interior, Tire Balance",VMRS_HB_COMPLETE_v20 page 8_pages_26-50.md
017-009-044,,017,009,"Base - Antenna, Tire Pressure Monitoring",VMRS_HB_COMPLETE_v20 page 8_pages_26-50.md
017-012-000,,017,012,Balance Ring,VMRS_HB_COMPLETE_v20 page 8_pages_26-50.md
017-012-001,,017,012,Balance Ring Assembly,VMRS_HB_COMPLETE_v20 page 8_pages_26-50.md
017-009-045,,017,009,Stran - Sensor Tire Pressure Monitoring System,VMRS_HB_COMPLETE_v20 page 8_pages_26-50.md
018-000-000,,018,000,Wheels Rims Hubs & Bearings,VMRS_HB_COMPLETE_v20 page 8_pages_26-50.md
017-000-046,,017,000,O Ding Sloove Inlet Tube Central Tire Inflation,VMRS_HB_COMPLETE_v20 page 8_pages_26-50.md
018-001-001,,018,001,"Hub Assembly - Preadjusted, Front Steer Wheel",VMRS_HB_COMPLETE_v20 page 8_pages_26-50.md
017-009-047,,017,009,Thru-Tee Assembly - Tire Pressure Monitoring,VMRS_HB_COMPLETE_v20 page 8_pages_26-50.md
018-001-002,,018,001,Bearing Assembly (Cup and Cone) - Front Steer,VMRS_HB_COMPLETE_v20 page 8_pages_26-50.md
017-009-048,,017,009,Buzzer - Central Tire Inflation System,VMRS_HB_COMPLETE_v20 page 8_pages_26-50.md
018-001-003,,018,001,Hub & Cup - Front Steer Wheel,VMRS_HB_COMPLETE_v20 page 8_pages_26-50.md
017-009-049,,017,009,Begulator - Central Tire Inflation System,VMRS_HB_COMPLETE_v20 page 8_pages_26-50.md
018-001-004,,018,001,Seal - Oil Front Steer Wheel,VMRS_HB_COMPLETE_v20 page 8_pages_26-50.md
017-000-050,,017,000,Transducor Drossuro Tiro Drossuro Inflation,VMRS_HB_COMPLETE_v20 page 8_pages_26-50.md
018-001-005,,018,001,Shield Boaring Accombly Front Stoor Missel,VMRS_HB_COMPLETE_v20 page 8_pages_26-50.md
017-009-051,,017,009,"Cover - Control Unit, Tire Pressure Monitoring",VMRS_HB_COMPLETE_v20 page 8_pages_26-50.md
018-001-006,,018,001,"Washer - Safety Lock, Spindle Adjusting Nut,",VMRS_HB_COMPLETE_v20 page 8_pages_26-50.md
017-009-052,,017,009,Retrofit Kit - Central Tire Inflation System,VMRS_HB_COMPLETE_v20 page 8_pages_26-50.md
018-001-007,,018,001,"Nut - Adjusting, Spindle, Front Steer Wheel",VMRS_HB_COMPLETE_v20 page 8_pages_26-50.md
017-009-053,,017,009,"Lid - Control Box Assembly, Central Tire Inflation",VMRS_HB_COMPLETE_v20 page 8_pages_26-50.md
018-001-008,,018,001,Pin - Spindle Adjusting Nut Front Steer Wheel,VMRS_HB_COMPLETE_v20 page 8_pages_26-50.md
018-001-000,,018,001,Hubcan & Soal Assembly Front Stoor Wheel,VMRS_HB_COMPLETE_v20 page 8_pages_26-50.md
017-009-054,,017,009,"window Kit - Hub Cap, The Pressure Monitoring",VMRS_HB_COMPLETE_v20 page 8_pages_26-50.md
018-002-014,,018,002,Ring (Sleeve) - Rear Drive Wheel,VMRS_HB_COMPLETE_v20 page 8_pages_26-50.md
018-001-012,,018,001,"Cone - Bearing, Front Steer Wheel",VMRS_HB_COMPLETE_v20 page 8_pages_26-50.md
018-002-015,,018,002,Magnet - Rear Drive Wheel,VMRS_HB_COMPLETE_v20 page 8_pages_26-50.md
018-001-013,,018,001,"Spacer - Bearing, Front Steer Wheel",VMRS_HB_COMPLETE_v20 page 8_pages_26-50.md
018-002-016,,018,002,"Cup - Bearing, Rear Drive Wheel",VMRS_HB_COMPLETE_v20 page 8_pages_26-50.md
018-001-014,,018,001,"O-Ring - Bearing Spacer, Front Steer Wheel",VMRS_HB_COMPLETE_v20 page 8_pages_26-50.md
018-002-017,,018,002,"Cone - Inner Bearing, Rear Drive Wheel",VMRS_HB_COMPLETE_v20 page 8_pages_26-50.md
018-001-015,,018,001,Ring (Sleeve) - Front Steer Wheel,VMRS_HB_COMPLETE_v20 page 8_pages_26-50.md
018-002-018,,018,002,"Cup - Inner Bearing, Rear Drive Wheel",VMRS_HB_COMPLETE_v20 page 8_pages_26-50.md
018-001-016,,018,001,"Cup - Bearing, Front Steer Wheel",VMRS_HB_COMPLETE_v20 page 8_pages_26-50.md
018-002-019,,018,002,"Cone - Outer Bearing, Rear Drive Wheel",VMRS_HB_COMPLETE_v20 page 8_pages_26-50.md
018-001-017,,018,001,Cone - Inner Bearing Front Steer Wheel,VMRS_HB_COMPLETE_v20 page 8_pages_26-50.md
018-002-020,,018,002,Cup - Outer Bearing Bear Drive Wheel,VMRS_HB_COMPLETE_v20 page 8_pages_26-50.md
018-001-018,,018,001,"Cup - Inner Bearing, Front Steer Wheel",VMRS_HB_COMPLETE_v20 page 8_pages_26-50.md
018-002-021,,018,002,Bolt - Hub Rear Drive Wheel,VMRS_HB_COMPLETE_v20 page 8_pages_26-50.md
018-001-010,,018,001,"Cono Outor Boaring, Front Stoor Wheel",VMRS_HB_COMPLETE_v20 page 8_pages_26-50.md
010-002-021,,010,002,Nut Wheel to Hub Dear Drive Wheel Inner,VMRS_HB_COMPLETE_v20 page 8_pages_26-50.md
010-001-019,,010,001,"Cup Outer Bearing, Front Steer Wheel",VMRS_HB_COMPLETE_v20 page 8_pages_26-50.md
010-002-022,,010,002,"Nut Wheel to Hub, Rear Drive Wheel, Inner",VMRS_HB_COMPLETE_v20 page 8_pages_26-50.md
010-002-023,,010,002,"Nut - Wheel to Hub, Rear Drive Wheel, Outer",VMRS_HB_COMPLETE_v20 page 8_pages_26-50.md
018-001-021,,018,001,"Bolt - Hub, Front Steer Wheel",VMRS_HB_COMPLETE_v20 page 8_pages_26-50.md
018-002-024,,018,002,"Nut - Adjusting, Bearing, Rear Drive wheel,",VMRS_HB_COMPLETE_v20 page 8_pages_26-50.md
018-001-022,,018,001,"Nut - Spindle Adjusting, Front Steer Wheel, Inner",VMRS_HB_COMPLETE_v20 page 8_pages_26-50.md
018-001-023,,018,001,"Nut - Spindle Adjusting, Front Steer Wheel,Outer",VMRS_HB_COMPLETE_v20 page 8_pages_26-50.md
018-002-025,,018,002,"Washer (Safety Lock) - Hub Bearing Nut, RearDrive Wheel",VMRS_HB_COMPLETE_v20 page 8_pages_26-50.md
018-001-024,,018,001,"Washer - Aligning (Dowel), Front Steer Wheel",VMRS_HB_COMPLETE_v20 page 8_pages_26-50.md
018-002-026,,018,002,"Adjusting Nut - Outer Wheel Bearing, Outer",VMRS_HB_COMPLETE_v20 page 8_pages_26-50.md
018-001-025,,018,001,"Seal Set - Hub, Front Steer Wheel",VMRS_HB_COMPLETE_v20 page 8_pages_26-50.md
018-002-027,,018,002,"Washer - Aligning (Dowel), Rear Drive Wheel",VMRS_HB_COMPLETE_v20 page 8_pages_26-50.md
018-001-026,,018,001,Hubcap - Front Steer Wheel,VMRS_HB_COMPLETE_v20 page 8_pages_26-50.md
018-002-028,,018,002,"Seal Set - Hub, Rear Drive Wheel",VMRS_HB_COMPLETE_v20 page 8_pages_26-50.md
018-001-027,,018,001,"Window Kit - Hubcap, Front Steer Wheel",VMRS_HB_COMPLETE_v20 page 8_pages_26-50.md
018-002-029,,018,002,"Nut - Self-Locking, Rear Drive Wheel",VMRS_HB_COMPLETE_v20 page 8_pages_26-50.md
018-001-028,,018,001,Gasket - Oil Cap. Front Steer Wheel,VMRS_HB_COMPLETE_v20 page 8_pages_26-50.md
018-002-030,,018,002,"Repair Kit - Wheel & Drum Assembly, Rear Drive",VMRS_HB_COMPLETE_v20 page 8_pages_26-50.md
018-001-029,,018,001,"Fill Plug - Oil Hubcap, Front Steer Wheel",VMRS_HB_COMPLETE_v20 page 8_pages_26-50.md
018-001-030,,018,001,Hub & Drum Assembly - Front Steer Wheel,VMRS_HB_COMPLETE_v20 page 8_pages_26-50.md
018-002-031,,018,002,Screw - Attaching Brake Drum to Hub Bear,VMRS_HB_COMPLETE_v20 page 8_pages_26-50.md
018-001-035,,018,001,Bearing Assembly (Cup and Cone) - Front Steer,VMRS_HB_COMPLETE_v20 page 8_pages_26-50.md
010-002-001,,010,002,Drive Wheel,VMRS_HB_COMPLETE_v20 page 8_pages_26-50.md
018-002-032,,018,002,"Plug - Oli Fili, Hub, Rear Drive Wheel",VMRS_HB_COMPLETE_v20 page 8_pages_26-50.md
018-001-036,,018,001,"Vent Plug - Oll, Hubcap, Front Steer Wheel",VMRS_HB_COMPLETE_v20 page 8_pages_26-50.md
018-002-033,,018,002,Hub & Drum Assembly - Rear Drive wheel,VMRS_HB_COMPLETE_v20 page 8_pages_26-50.md
018-001-037,,018,001,"Seal (O-Ring Or Gasket) - Hubcap, Front Steer",VMRS_HB_COMPLETE_v20 page 8_pages_26-50.md
018-002-034,,018,002,"Spacer - Bearing, Rear Drive Wheel",VMRS_HB_COMPLETE_v20 page 8_pages_26-50.md
018-002-035,,018,002,Bearing Kit - Rear Drive Axle,VMRS_HB_COMPLETE_v20 page 8_pages_26-50.md
018-001-038,,018,001,"Hardware, Mounting - Bearing Preload Kit, Front",VMRS_HB_COMPLETE_v20 page 8_pages_26-50.md
018-002-036,,018,002,Seal Kit - Rear Drive Axle,VMRS_HB_COMPLETE_v20 page 8_pages_26-50.md
018-002-037,,018,002,"Seal Kit - Portal Assembly, Rear Drive Axle",VMRS_HB_COMPLETE_v20 page 8_pages_26-50.md
018-001-039,,018,001,"Hub, Cap, Stud Assembly - Front Steer Wheel",VMRS_HB_COMPLETE_v20 page 8_pages_26-50.md
018-002-038,,018,002,"Guide - Seal, Hub, Portal Assembly, Rear Drive",VMRS_HB_COMPLETE_v20 page 8_pages_26-50.md
018-001-040,,018,001,Hub & Rotor Assembly - Front Steer Wheel,VMRS_HB_COMPLETE_v20 page 8_pages_26-50.md
018-001-041,,018,001,"Bracket - Hubcap, Front Steer Wheel, Outer",VMRS_HB_COMPLETE_v20 page 8_pages_26-50.md
018-002-039,,018,002,"Cover - Gear, Planetary Hub, Portal Assembly,",VMRS_HB_COMPLETE_v20 page 8_pages_26-50.md
018-001-042,,018,001,"Handle - Hub, Front Steer Wheel",VMRS_HB_COMPLETE_v20 page 8_pages_26-50.md
018-001-043,,018,001,"Service Kit - Hub, Front Steer Wheel",VMRS_HB_COMPLETE_v20 page 8_pages_26-50.md
018-002-040,,018,002,"Shaft - Gear, Planetary Hub, Portal Assembly,",VMRS_HB_COMPLETE_v20 page 8_pages_26-50.md
018-001-044,,018,001,"Retainer - Oil Seal, Front Steer Wheel",VMRS_HB_COMPLETE_v20 page 8_pages_26-50.md
018-001-045,,018,001,"Ring - Spacer, Hub, Front Steer Wheel",VMRS_HB_COMPLETE_v20 page 8_pages_26-50.md
018-002-041,,018,002,"Gear - Planetary Hub, Portal Assembly, Rear",VMRS_HB_COMPLETE_v20 page 8_pages_26-50.md
018-001-046,,018,001,"Thrust Button - Spider, Planetary Hub, Front",VMRS_HB_COMPLETE_v20 page 8_pages_26-50.md
018-002-042,,018,002,"Shim - Planetary Hub, Portal Assembly, Rear",VMRS_HB_COMPLETE_v20 page 8_pages_26-50.md
018-001-047,,018,001,Bearing Assembly (Cup and Cone) - Front Steer,VMRS_HB_COMPLETE_v20 page 8_pages_26-50.md
018-002-043,,018,002,Lock Ring - Wheel Hub Bearing Portal,VMRS_HB_COMPLETE_v20 page 8_pages_26-50.md
018-001-048,,018,001,O-Ring - Pinion Shaft Planetary Hub,VMRS_HB_COMPLETE_v20 page 8_pages_26-50.md
010-002-010,,010,002,Assembly Rear Drive Ayle,VMRS_HB_COMPLETE_v20 page 8_pages_26-50.md
018-002-044,,018,002,Flange - Hub ABS Rotor Portal Assembly Rear,VMRS_HB_COMPLETE_v20 page 8_pages_26-50.md
018-001-050,,018,001,"Ping - Spindlo, Front Stoor Whool",VMRS_HB_COMPLETE_v20 page 8_pages_26-50.md
010-002-044,,010,002,Drivo Aylo,VMRS_HB_COMPLETE_v20 page 8_pages_26-50.md
010-000-045,,010,000,Lub/Cup/Stud Complete Dear Drive Wheel,VMRS_HB_COMPLETE_v20 page 8_pages_26-50.md
010-002-045,,010,002,"Hub/Cup/Stud - Complete, Rear Drive Wheel",VMRS_HB_COMPLETE_v20 page 8_pages_26-50.md
018-001-052,,018,001,"Inrust wasner - Bearing, Front Steer wheel",VMRS_HB_COMPLETE_v20 page 8_pages_26-50.md
018-002-046,,018,002,"Hub Assembly - Preadjusted, Rear Drive wheel",VMRS_HB_COMPLETE_v20 page 8_pages_26-50.md
018-001-053,,018,001,"Retainer - Spindle Nut, Front Steer Wheel",VMRS_HB_COMPLETE_v20 page 8_pages_26-50.md
018-002-047,,018,002,Spider - Planetary Hub,VMRS_HB_COMPLETE_v20 page 8_pages_26-50.md
018-001-054,,018,001,Planetary Gear Assembly,VMRS_HB_COMPLETE_v20 page 8_pages_26-50.md
018-002-048,,018,002,"Hub & Rotor Assembly - Rear, Complete",VMRS_HB_COMPLETE_v20 page 8_pages_26-50.md
018-001-055,,018,001,Hub - Locking,VMRS_HB_COMPLETE_v20 page 8_pages_26-50.md
018-002-049,,018,002,"Hub - Planetary Ring Gear, Drive",VMRS_HB_COMPLETE_v20 page 8_pages_26-50.md
018-001-056,,018,001,Extension - Locking Hub,VMRS_HB_COMPLETE_v20 page 8_pages_26-50.md
018-002-050,,018,002,"Slinger - Grease, Hub",VMRS_HB_COMPLETE_v20 page 8_pages_26-50.md
018-001-057,,018,001,Wheel Bearing Kit - Locking Hub,VMRS_HB_COMPLETE_v20 page 8_pages_26-50.md
018-002-051,,018,002,Pinion - Planetary Hub,VMRS_HB_COMPLETE_v20 page 8_pages_26-50.md
018-001-058,,018,001,Lock Ring - Wheel Bearing,VMRS_HB_COMPLETE_v20 page 8_pages_26-50.md
018-002-052,,018,002,Bearing Assembly (Cup and Cone) - Rear Drive,VMRS_HB_COMPLETE_v20 page 8_pages_26-50.md
018-001-059,,018,001,"Hub & Drum Assembly - Preadjusted, Front",VMRS_HB_COMPLETE_v20 page 8_pages_26-50.md
018-002-053,,018,002,Spindle - Planetary Hub,VMRS_HB_COMPLETE_v20 page 8_pages_26-50.md
018-001-060,,018,001,"Hub & Rotor Assembly - Preadjusted, Front",VMRS_HB_COMPLETE_v20 page 8_pages_26-50.md
018-002-054,,018,002,"Lock Plate - Planetary Hub, Rear Drive Axle",VMRS_HB_COMPLETE_v20 page 8_pages_26-50.md
018-002-055,,018,002,"Shim - Planetary Hub, Rear Axle",VMRS_HB_COMPLETE_v20 page 8_pages_26-50.md
018-002-000,,018,002,Drive Axle Wheel End Components,VMRS_HB_COMPLETE_v20 page 8_pages_26-50.md
018-002-056,,018,002,"Shim - Planetary Hub, Rear Axle",VMRS_HB_COMPLETE_v20 page 8_pages_26-50.md
018-002-001,,018,002,Hub & Cup - Rear Drive Wheel,VMRS_HB_COMPLETE_v20 page 8_pages_26-50.md
018-002-057,,018,002,"Carrier - Planetary Gear, Drive Wheel Hub",VMRS_HB_COMPLETE_v20 page 8_pages_26-50.md
018-002-002,,018,002,Hubcap - Rear Drive Wheel,VMRS_HB_COMPLETE_v20 page 8_pages_26-50.md
018-002-058,,018,002,"Needle Boller - Planetary Hub, Bear Drive Axle",VMRS_HB_COMPLETE_v20 page 8_pages_26-50.md
018-002-003,,018,002,Stud - Hub Bear Drive Wheel,VMRS_HB_COMPLETE_v20 page 8_pages_26-50.md
018-002-059,,018,002,"Spacer Ring - Planetary Hub, Rear Drive Axle",VMRS_HB_COMPLETE_v20 page 8_pages_26-50.md
018-002-004,,018,002,Nut - Hub Rear Drive Wheel,VMRS_HB_COMPLETE_v20 page 8_pages_26-50.md
018-002-060,,018,002,Cup - Protective Planetary Hub Rear Drive Ayle,VMRS_HB_COMPLETE_v20 page 8_pages_26-50.md
018-002-005,,018,002,Soal - Boaring Boar Drive Wheel Innor,VMRS_HB_COMPLETE_v20 page 8_pages_26-50.md
018-002-061,,018,002,Detainor - Spindlo Nut Doar Whool,VMRS_HB_COMPLETE_v20 page 8_pages_26-50.md
040-000-000,,040,000,,VMRS_HB_COMPLETE_v20 page 8_pages_26-50.md
018-002-064,,018,002,Lock Ring - wheel Bearing,VMRS_HB_COMPLETE_v20 page 8_pages_26-50.md
018-002-008,,018,002,"Bearing (Cup and Cone) - Rear Drive Wheel,",VMRS_HB_COMPLETE_v20 page 8_pages_26-50.md
018-002-065,,018,002,Flange - Axle Hub,VMRS_HB_COMPLETE_v20 page 8_pages_26-50.md
018-002-066,,018,002,Gasket - Axie Flange,VMRS_HB_COMPLETE_v20 page 8_pages_26-50.md
018-002-009,,018,002,"Bearing (Cup and Cone) - Rear Drive Wheel,Outer",VMRS_HB_COMPLETE_v20 page 8_pages_26-50.md
018-002-067,,018,002,"Seal (O-Ring or Gasket) - Hubcap, Rear DriveWheel",VMRS_HB_COMPLETE_v20 page 8_pages_26-50.md
018-002-010,,018,002,"Retainer - Bearing, Rear Drive Wheel",VMRS_HB_COMPLETE_v20 page 8_pages_26-50.md
018-002-068,,018,002,"Hub & Drum Assembly - Preadjusted, Rear Drive",VMRS_HB_COMPLETE_v20 page 8_pages_26-50.md
018-002-011,,018,002,"Seal - Oil, Rear Drive Wheel",VMRS_HB_COMPLETE_v20 page 8_pages_26-50.md
018-002-012,,018,002,Bearing - Rear Drive Wheel,VMRS_HB_COMPLETE_v20 page 8_pages_26-50.md
018-002-069,,018,002,"Hub & Rotor Assembly - Preadjusted, Rear Drive",VMRS_HB_COMPLETE_v20 page 8_pages_26-50.md
018-002-013,,018,002,"Cone - Bearing, Rear Drive Wheel",VMRS_HB_COMPLETE_v20 page 8_pages_26-50.md
018-002-070,,018,002,"Service Kit - Hub, Rear Drive Axle",VMRS_HB_COMPLETE_v20 page 8_pages_26-50.md
018-004-002,,018,004,"Bearing Assembly (Cup and Cone) - Wheel,",VMRS_HB_COMPLETE_v20 page 8_pages_26-50.md
018-003-000,,018,003,Wheels,VMRS_HB_COMPLETE_v20 page 8_pages_26-50.md
018-003-001,,018,003,Wheel Assembly (Rim & Wheel) - Disc,VMRS_HB_COMPLETE_v20 page 8_pages_26-50.md
018-004-003,,018,004,"Bearing Assembly (Cup and Cone) - Wheel,",VMRS_HB_COMPLETE_v20 page 8_pages_26-50.md
018-003-002,,018,003,"Hardware, Mounting - Disc Wheel Assembly, Rim",VMRS_HB_COMPLETE_v20 page 8_pages_26-50.md
018-004-004,,018,004,Hub & Cup Assembly,VMRS_HB_COMPLETE_v20 page 8_pages_26-50.md
018-003-003,,018,003,Hubcap - Axle Cover,VMRS_HB_COMPLETE_v20 page 8_pages_26-50.md
018-004-005,,018,004,"Cone - Bearing, Inner",VMRS_HB_COMPLETE_v20 page 8_pages_26-50.md
018-003-004,,018,003,Wheel - Spoke,VMRS_HB_COMPLETE_v20 page 8_pages_26-50.md
018-004-006,,018,004,"Cup - Bearing, Inner",VMRS_HB_COMPLETE_v20 page 8_pages_26-50.md
018-003-005,,018,003,"Nut - Self-Locking, Wheel",VMRS_HB_COMPLETE_v20 page 8_pages_26-50.md
018-004-007,,018,004,"Cone - Bearing, Outer",VMRS_HB_COMPLETE_v20 page 8_pages_26-50.md
018-003-006,,018,003,Rim (W/Side Ring) - Wheel,VMRS_HB_COMPLETE_v20 page 8_pages_26-50.md
018-004-008,,018,004,"Cup - Bearing, Outer",VMRS_HB_COMPLETE_v20 page 8_pages_26-50.md
018-003-007,,018,003,Side Ring - Wheel,VMRS_HB_COMPLETE_v20 page 8_pages_26-50.md
018-004-009,,018,004,Spacer - Bearing,VMRS_HB_COMPLETE_v20 page 8_pages_26-50.md
018-003-008,,018,003,Lock Ring - Wheel,VMRS_HB_COMPLETE_v20 page 8_pages_26-50.md
018-004-010,,018,004,O-Ring - Spacer Bearing,VMRS_HB_COMPLETE_v20 page 8_pages_26-50.md
018-003-009,,018,003,Stud - Wheel,VMRS_HB_COMPLETE_v20 page 8_pages_26-50.md
018-004-011,,018,004,Seal - Oil,VMRS_HB_COMPLETE_v20 page 8_pages_26-50.md
018-003-010,,018,003,Spacer - Wheel Rim,VMRS_HB_COMPLETE_v20 page 8_pages_26-50.md
018-004-012,,018,004,Shield - Bearing,VMRS_HB_COMPLETE_v20 page 8_pages_26-50.md
018-003-011,,018,003,"Rim Base, Wheel",VMRS_HB_COMPLETE_v20 page 8_pages_26-50.md
018-004-013,,018,004,"Nut - Adjusting, Bearing, Inner",VMRS_HB_COMPLETE_v20 page 8_pages_26-50.md
018-003-012,,018,003,O-Ring - Wheel,VMRS_HB_COMPLETE_v20 page 8_pages_26-50.md
018-004-014,,018,004,"Washer - Safety Lock, Axle Adjusting Nut",VMRS_HB_COMPLETE_v20 page 8_pages_26-50.md
018-003-013,,018,003,Clamp - wheel Rim,VMRS_HB_COMPLETE_v20 page 8_pages_26-50.md
018-004-015,,018,004,"Nut - Adjusting, Bearing, Outer",VMRS_HB_COMPLETE_v20 page 8_pages_26-50.md
018-003-014,,018,003,"Nut - Inner Type, Wheel",VMRS_HB_COMPLETE_v20 page 8_pages_26-50.md
018-003-016,,018,003,"Nut - Outer Type, Wheel",VMRS_HB_COMPLETE_v20 page 8_pages_26-50.md
010-004-017,,010,004,Publicap & Seal Assembly,VMRS_HB_COMPLETE_v20 page 8_pages_26-50.md
018-003-017,,018,003,Gasket - Hubcan,VMRS_HB_COMPLETE_v20 page 8_pages_26-50.md
018-004-018,,018,004,Bolt - Hub,VMRS_HB_COMPLETE_v20 page 8_pages_26-50.md
018-003-018,,018,003,Vent Plug - Hubcap (Oil),VMRS_HB_COMPLETE_v20 page 8_pages_26-50.md
018-004-019,,018,004,Washer - Aligning (Dowel),VMRS_HB_COMPLETE_v20 page 8_pages_26-50.md
018-003-019,,018,003,Fill Plug - Hubcap (Oil),VMRS_HB_COMPLETE_v20 page 8_pages_26-50.md
018-004-020,,018,004,Nut - Wheel To Hub,VMRS_HB_COMPLETE_v20 page 8_pages_26-50.md
018-003-020,,018,003,Weight - Wheel,VMRS_HB_COMPLETE_v20 page 8_pages_26-50.md
018-004-022,,018,004,Ring (Sleeve),VMRS_HB_COMPLETE_v20 page 8_pages_26-50.md
018-003-021,,018,003,Window Kit - Hubcap Wheel,VMRS_HB_COMPLETE_v20 page 8_pages_26-50.md
018-004-023,,018,004,Gasket - Oil Hubcap,VMRS_HB_COMPLETE_v20 page 8_pages_26-50.md
018-003-022,,018,003,O-Bing - Hubcap,VMRS_HB_COMPLETE_v20 page 8_pages_26-50.md
018-004-024,,018,004,Fill Plug - Oil Hubcap,VMRS_HB_COMPLETE_v20 page 8_pages_26-50.md
018-003-023,,018,003,Hardware Mounting - Outer Hubcap,VMRS_HB_COMPLETE_v20 page 8_pages_26-50.md
018-004-025,,018,004,Seal (O-Ring or Gasket) - Hubcap,VMRS_HB_COMPLETE_v20 page 8_pages_26-50.md
018-003-025,,018,003,Wheel Nut - Anti-theft Locking,VMRS_HB_COMPLETE_v20 page 8_pages_26-50.md
018-004-026,,018,004,Vent Plug - Hubcap,VMRS_HB_COMPLETE_v20 page 8_pages_26-50.md
018-003-026,,018,003,Wheel Nut Key - Anti-theft Locking,VMRS_HB_COMPLETE_v20 page 8_pages_26-50.md
018-004-027,,018,004,Window Kit - Hubcap,VMRS_HB_COMPLETE_v20 page 8_pages_26-50.md
018-003-027,,018,003,Lua Nut - Chrome Covered,VMRS_HB_COMPLETE_v20 page 8_pages_26-50.md
018-004-028,,018,004,"Hardware, Mounting - Bearing Preload Kit",VMRS_HB_COMPLETE_v20 page 8_pages_26-50.md
018-003-028,,018,003,Wheel - Hub Piloted,VMRS_HB_COMPLETE_v20 page 8_pages_26-50.md
018-004-029,,018,004,Hubcap,VMRS_HB_COMPLETE_v20 page 8_pages_26-50.md
018-003-029,,018,003,Wheel - Aluminum,VMRS_HB_COMPLETE_v20 page 8_pages_26-50.md
018-004-030,,018,004,Hub Assembly - Preadjusted,VMRS_HB_COMPLETE_v20 page 8_pages_26-50.md
018-003-030,,018,003,"Wheel, Caster - Support Equipment",VMRS_HB_COMPLETE_v20 page 8_pages_26-50.md
018-004-031,,018,004,Thrust Washer,VMRS_HB_COMPLETE_v20 page 8_pages_26-50.md
018-003-031,,018,003,"Wheel - Spoke, With Cup/Stud/Drum",VMRS_HB_COMPLETE_v20 page 8_pages_26-50.md
018-004-032,,018,004,Lock Ring - Bearing,VMRS_HB_COMPLETE_v20 page 8_pages_26-50.md
018-003-032,,018,003,"Wheel - Spoke, With Cup & Stud",VMRS_HB_COMPLETE_v20 page 8_pages_26-50.md
018-004-033,,018,004,"Fill Plug - Lubricant, Hubcap",VMRS_HB_COMPLETE_v20 page 8_pages_26-50.md
018-003-033,,018,003,"Wheel - Spoke, With Rotor",VMRS_HB_COMPLETE_v20 page 8_pages_26-50.md
018-004-034,,018,004,Hub & Drum Assembly,VMRS_HB_COMPLETE_v20 page 8_pages_26-50.md
018-003-034,,018,003,Cover - Wheel Nut,VMRS_HB_COMPLETE_v20 page 8_pages_26-50.md
018-004-035,,018,004,Rebuild Kit - Preadjusted,VMRS_HB_COMPLETE_v20 page 8_pages_26-50.md
018-003-035,,018,003,Guard - Wheel,VMRS_HB_COMPLETE_v20 page 8_pages_26-50.md
018-004-036,,018,004,Plug - Thermal,VMRS_HB_COMPLETE_v20 page 8_pages_26-50.md
018-003-036,,018,003,"Rim - Wheel, Spare",VMRS_HB_COMPLETE_v20 page 8_pages_26-50.md
018-004-037,,018,004,Hub & Drum Assembly - Preadjusted,VMRS_HB_COMPLETE_v20 page 8_pages_26-50.md
018-003-037,,018,003,Wheel Assembly - Steer Axle,VMRS_HB_COMPLETE_v20 page 8_pages_26-50.md
018-004-038,,018,004,Hub & Rotor Assembly - Preadjusted,VMRS_HB_COMPLETE_v20 page 8_pages_26-50.md
018-003-038,,018,003,Wheel Assembly - Drive Axle,VMRS_HB_COMPLETE_v20 page 8_pages_26-50.md
018-004-039,,018,004,Hub & Rotor Assembly,VMRS_HB_COMPLETE_v20 page 8_pages_26-50.md
018-003-039,,018,003,Wheel Assembly - Pusher Axle,VMRS_HB_COMPLETE_v20 page 8_pages_26-50.md
018-004-040,,018,004,"Hub,Cup,Stud Assembly - Complete",VMRS_HB_COMPLETE_v20 page 8_pages_26-50.md
018-003-040,,018,003,Wheel Assembly - Tag Axle,VMRS_HB_COMPLETE_v20 page 8_pages_26-50.md
018-004-041,,018,004,Bearing Assembly (Cup and Cone),VMRS_HB_COMPLETE_v20 page 8_pages_26-50.md
018-003-041,,018,003,Wheel Assembly - Trailer Axle,VMRS_HB_COMPLETE_v20 page 8_pages_26-50.md
018-004-042,,018,004,"Bracket - Hubcap, Outer",VMRS_HB_COMPLETE_v20 page 8_pages_26-50.md
018-003-042,,018,003,"Plate (Ring) - Wheel Balancer, Hub Mounted",VMRS_HB_COMPLETE_v20 page 8_pages_26-50.md
018-004-043,,018,004,Service Kit - Hub,VMRS_HB_COMPLETE_v20 page 8_pages_26-50.md
010-003-043,,010,003,Adepter Wheel Cover,VMRS_HB_COMPLETE_v20 page 8_pages_26-50.md
010-004-044,,010,004,"Inut - Self-Locking, Axle Spindle",VMRS_HB_COMPLETE_v20 page 8_pages_26-50.md
018-003-044,,018,003,Clip Wheel Cover,VMRS_HB_COMPLETE_v20 page 8_pages_26-50.md
018-004-045,,018,004,Boarings Hubs Desition Not Specified,VMRS_HB_COMPLETE_v20 page 8_pages_26-50.md
018-003-046,,018,003,Cover Wheel,VMRS_HB_COMPLETE_v20 page 8_pages_26-50.md
018-005-000,,018,005,Cono Roaring Position Not Specified,VMRS_HB_COMPLETE_v20 page 8_pages_26-50.md
018-005-007,,018,005,Cup - Bearing - Position Not Specified,VMRS_HB_COMPLETE_v20 page 8_pages_26-50.md
018-003-048,,018,003,Flange Nut - Two Piece,VMRS_HB_COMPLETE_v20 page 8_pages_26-50.md
018-005-002,,018,005,Kit - Bearing Cup and Cone Position Not,VMRS_HB_COMPLETE_v20 page 8_pages_26-50.md
018-003-049,,018,003,Lock Nut - Drum to Spoke Wheel,VMRS_HB_COMPLETE_v20 page 8_pages_26-50.md
018-003-050,,018,003,Washer - Lock Nut. Drum to Spoke Wheel,VMRS_HB_COMPLETE_v20 page 8_pages_26-50.md
018-005-004,,018,005,"Bearing - Cup and Cone, Preadjusted Position",VMRS_HB_COMPLETE_v20 page 8_pages_26-50.md
018-003-051,,018,003,"Wheel - Wide Base, Steel",VMRS_HB_COMPLETE_v20 page 8_pages_26-50.md
018-003-052,,018,003,"Wheel - Wide Base, Aluminum",VMRS_HB_COMPLETE_v20 page 8_pages_26-50.md
018-005-005,,018,005,Hub Assembly - Position Not Specified,VMRS_HB_COMPLETE_v20 page 8_pages_26-50.md
018-003-053,,018,003,"Tag - Data Storage, Tractor/Truck",VMRS_HB_COMPLETE_v20 page 8_pages_26-50.md
018-005-006,,018,005,"Bearing - Tapered Roller, Position Not Specified",VMRS_HB_COMPLETE_v20 page 8_pages_26-50.md
018-003-054,,018,003,"Tag - Data Storage, Trailer",VMRS_HB_COMPLETE_v20 page 8_pages_26-50.md
018-003-055,,018,003,"Tag - Data Storage, Converter Dolly",VMRS_HB_COMPLETE_v20 page 8_pages_26-50.md
018-005-008,,018,005,"Safety Device - Wheel End Temperature,",VMRS_HB_COMPLETE_v20 page 8_pages_26-50.md
018-003-056,,018,003,Lug Bolt - Wheel,VMRS_HB_COMPLETE_v20 page 8_pages_26-50.md
018-003-057,,018,003,"Cap - Bolt, Wheel Lug",VMRS_HB_COMPLETE_v20 page 8_pages_26-50.md
018-006-000,,018,006,Wheel End Disconnect,VMRS_HB_COMPLETE_v20 page 8_pages_26-50.md
018-003-058,,018,003,Insert - Wheel Cover,VMRS_HB_COMPLETE_v20 page 8_pages_26-50.md
018-006-001,,018,006,Wheel End Disconnect Assembly,VMRS_HB_COMPLETE_v20 page 8_pages_26-50.md
018-003-059,,018,003,Dust Shield - Wheel,VMRS_HB_COMPLETE_v20 page 8_pages_26-50.md
018-006-002,,018,006,Actuating System - Automatic Locking Hubs,VMRS_HB_COMPLETE_v20 page 8_pages_26-50.md
018-003-060,,018,003,Trim Ring - Wheel,VMRS_HB_COMPLETE_v20 page 8_pages_26-50.md
018-006-003,,018,006,Dial,VMRS_HB_COMPLETE_v20 page 8_pages_26-50.md
018-003-061,,018,003,"Washer - Nut, Wheel Lug",VMRS_HB_COMPLETE_v20 page 8_pages_26-50.md
018-006-004,,018,006,Nut - Dial,VMRS_HB_COMPLETE_v20 page 8_pages_26-50.md
018-003-062,,018,003,Wheel - Steel,VMRS_HB_COMPLETE_v20 page 8_pages_26-50.md
018-006-005,,018,006,Screw - Dial,VMRS_HB_COMPLETE_v20 page 8_pages_26-50.md
018-003-063,,018,003,"Wheel - Polyurethane, Material Handling",VMRS_HB_COMPLETE_v20 page 8_pages_26-50.md
018-006-006,,018,006,Gasket - Cap,VMRS_HB_COMPLETE_v20 page 8_pages_26-50.md
018-003-064,,018,003,"Wheel - Non-Polyurethane, Material Handling",VMRS_HB_COMPLETE_v20 page 8_pages_26-50.md
018-006-007,,018,006,Diaphragm,VMRS_HB_COMPLETE_v20 page 8_pages_26-50.md
018-003-065,,018,003,"Satety Device - Torque Indicator, Wheel Nut",VMRS_HB_COMPLETE_v20 page 8_pages_26-50.md
018-006-008,,018,006,Diaphragm - Annular,VMRS_HB_COMPLETE_v20 page 8_pages_26-50.md
018-003-066,,018,003,Treiler/Teg Ducker Lift Auto M/hard Fast,VMRS_HB_COMPLETE_v20 page 8_pages_26-50.md
018-006-009,,018,006,Latch System - Pulse Vacuum,VMRS_HB_COMPLETE_v20 page 8_pages_26-50.md
018-004-000,,018,004,"Trailer/ tag, Pusher, LIII AXIE Wheel End",VMRS_HB_COMPLETE_v20 page 8_pages_26-50.md
010-004-001,,010,004,Sear Set - MUD,VMRS_HB_COMPLETE_v20 page 8_pages_26-50.md
010-000-012,,010,000,Spring - Coll,VMRS_HB_COMPLETE_v20 page 8_pages_26-50.md
018-006-013,,018,006,Gear - Inner Drive,VMRS_HB_COMPLETE_v20 page 8_pages_26-50.md
019-002-034,,019,002,Service Kit - Auto Lubrication,VMRS_HB_COMPLETE_v20 page 8_pages_26-50.md
018-006-014,,018,006,Clutch Bing,VMRS_HB_COMPLETE_v20 page 8_pages_26-50.md
019-002-035,,019,002,Gasket - Pump Automatic Chassis Lubricator,VMRS_HB_COMPLETE_v20 page 8_pages_26-50.md
018-006-015,,018,006,Shift Fork,VMRS_HB_COMPLETE_v20 page 8_pages_26-50.md
019-002-036,,019,002,Elange - Pump Automatic Chassis Lubricator,VMRS_HB_COMPLETE_v20 page 8_pages_26-50.md
018-006-016,,018,006,Cap,VMRS_HB_COMPLETE_v20 page 8_pages_26-50.md
019-002-037,,019,002,Motor - Pump Automatic Chassis Lubricator,VMRS_HB_COMPLETE_v20 page 8_pages_26-50.md
018-006-017,,018,006,Body,VMRS_HB_COMPLETE_v20 page 8_pages_26-50.md
019-002-038,,019,002,Cover - Pump Automatic Chassis Lubricator,VMRS_HB_COMPLETE_v20 page 8_pages_26-50.md
018-006-018,,018,006,Cade,VMRS_HB_COMPLETE_v20 page 8_pages_26-50.md
018-006-010,,018,006,Bushing and Potainor Drive Gear Inner,VMRS_HB_COMPLETE_v20 page 8_pages_26-50.md
010-000-019,,010,000,"Dusting and Retainer - Drive deal, Inner",VMRS_HB_COMPLETE_v20 page 8_pages_26-50.md
019-002-041,,019,002,Connector - Fump Motor,VMRS_HB_COMPLETE_v20 page 8_pages_26-50.md
010-000-021,,010,000,Cam Maying,VMRS_HB_COMPLETE_v20 page 8_pages_26-50.md
019-002-042,,019,002,Com Automatic Chassis Lubricator,VMRS_HB_COMPLETE_v20 page 8_pages_26-50.md
010-000-022,,010,000,Carri - Moving,VMRS_HB_COMPLETE_v20 page 8_pages_26-50.md
019-002-043,,019,002,Cam - Automatic Chassis Lubricator,VMRS_HB_COMPLETE_v20 page 8_pages_26-50.md
018-006-023,,018,006,Drag Snoes,VMRS_HB_COMPLETE_v20 page 8_pages_26-50.md
019-002-044,,019,002,Camshalt - Automatic Chassis Lubricator,VMRS_HB_COMPLETE_v20 page 8_pages_26-50.md
018-006-024,,018,006,Collar - Retention,VMRS_HB_COMPLETE_v20 page 8_pages_26-50.md
019-002-045,,019,002,"Extension - Camsnatt, Automatic Chassis",VMRS_HB_COMPLETE_v20 page 8_pages_26-50.md
018-006-025,,018,006,Collar - Infust,VMRS_HB_COMPLETE_v20 page 8_pages_26-50.md
018-006-026,,018,006,Key - Locking,VMRS_HB_COMPLETE_v20 page 8_pages_26-50.md
019-002-046,,019,002,Injector - Automatic Chassis Lubricator,VMRS_HB_COMPLETE_v20 page 8_pages_26-50.md
018-006-027,,018,006,Piston,VMRS_HB_COMPLETE_v20 page 8_pages_26-50.md
019-002-047,,019,002,"Clutch - Rotary Drive, Automatic Chassis",VMRS_HB_COMPLETE_v20 page 8_pages_26-50.md
018-006-028,,018,006,Kit- Assembly,VMRS_HB_COMPLETE_v20 page 8_pages_26-50.md
018-006-029,,018,006,Fitting - Vacuum,VMRS_HB_COMPLETE_v20 page 8_pages_26-50.md
019-002-048,,019,002,Filter - Automatic Chassis Lubricator,VMRS_HB_COMPLETE_v20 page 8_pages_26-50.md
018-006-030,,018,006,Hardware Pack,VMRS_HB_COMPLETE_v20 page 8_pages_26-50.md
019-002-049,,019,002,Drain Plug - Automatic Chassis Lubricator,VMRS_HB_COMPLETE_v20 page 8_pages_26-50.md
018-006-031,,018,006,Filter - Vent,VMRS_HB_COMPLETE_v20 page 8_pages_26-50.md
019-002-050,,019,002,Lubricator Assembly - Automatic Chassis,VMRS_HB_COMPLETE_v20 page 8_pages_26-50.md
018-006-032,,018,006,Housing - Actuator,VMRS_HB_COMPLETE_v20 page 8_pages_26-50.md
018-006-033,,018,006,Cam Follower,VMRS_HB_COMPLETE_v20 page 8_pages_26-50.md
019-002-051,,019,002,"Housing - Motor, Automatic Chassis Lubricator",VMRS_HB_COMPLETE_v20 page 8_pages_26-50.md
018-006-034,,018,006,Race - Seal,VMRS_HB_COMPLETE_v20 page 8_pages_26-50.md
019-002-052,,019,002,Circuit Board - Automatic Chassis Lubricator,VMRS_HB_COMPLETE_v20 page 8_pages_26-50.md
018-006-035,,018,006,Plug - Stop,VMRS_HB_COMPLETE_v20 page 8_pages_26-50.md
019-002-053,,019,002,Fitting - Straight,VMRS_HB_COMPLETE_v20 page 8_pages_26-50.md
018-006-036,,018,006,Control - Locking Hub,VMRS_HB_COMPLETE_v20 page 8_pages_26-50.md
019-003-000,,019,003,Timer,VMRS_HB_COMPLETE_v20 page 8_pages_26-50.md
018-006-037,,018,006,Solenoid - Locking Hub,VMRS_HB_COMPLETE_v20 page 8_pages_26-50.md
019-003-001,,019,003,Timer Body - Air,VMRS_HB_COMPLETE_v20 page 8_pages_26-50.md
018-006-038,,018,006,Tube - Locking Hub,VMRS_HB_COMPLETE_v20 page 8_pages_26-50.md
019-003-002,,019,003,Timer Body - Electric,VMRS_HB_COMPLETE_v20 page 8_pages_26-50.md
018-007-000,,018,007,Hub Monitoring System,VMRS_HB_COMPLETE_v20 page 8_pages_26-50.md
019-004-000,,019,004,Controller,VMRS_HB_COMPLETE_v20 page 8_pages_26-50.md
018-007-001,,018,007,Hub Monitoring System Assembly,VMRS_HB_COMPLETE_v20 page 8_pages_26-50.md
019-004-001,,019,004,Controller Assembly - Automatic Chassis,VMRS_HB_COMPLETE_v20 page 8_pages_26-50.md
018-007-002,,018,007,Sensor - Hub Monitoring System,VMRS_HB_COMPLETE_v20 page 8_pages_26-50.md
018-007-003,,018,007,Transmitter - Hub Monitoring System,VMRS_HB_COMPLETE_v20 page 8_pages_26-50.md
019-004-002,,019,004,Lid - Controller,VMRS_HB_COMPLETE_v20 page 8_pages_26-50.md
018-007-004,,018,007,Wiring - Hub Monitoring System,VMRS_HB_COMPLETE_v20 page 8_pages_26-50.md
019-004-003,,019,004,Solenoid Valve - Controller,VMRS_HB_COMPLETE_v20 page 8_pages_26-50.md
019-000-000,,019,000,Automatic/Manual Chassis Lubricator,VMRS_HB_COMPLETE_v20 page 8_pages_26-50.md
019-004-004,,019,004,Valve - Brake Counter Automatic Chassis,VMRS_HB_COMPLETE_v20 page 8_pages_26-50.md
019-001-000,,019,001,Reservoir & Lines,VMRS_HB_COMPLETE_v20 page 8_pages_26-50.md
019-001-001,,019,001,Body - Grease Reservoir Automatic Chassis,VMRS_HB_COMPLETE_v20 page 8_pages_26-50.md
019-005-000,,019,005,Wiring - Solenoid,VMRS_HB_COMPLETE_v20 page 8_pages_26-50.md
019-005-001,,019,005,Solenoid - Chassis Lubrication,VMRS_HB_COMPLETE_v20 page 8_pages_26-50.md
019-001-002,,019,001,Stiffener - Grease Beservoir Automatic Chassis,VMRS_HB_COMPLETE_v20 page 8_pages_26-50.md
019-005-002,,019,005,Wiring Harness - Chassis Lubrication,VMRS_HB_COMPLETE_v20 page 8_pages_26-50.md
010-001-002,,010,001,LublicatorHardware Mounting Grasse Decenvoir,VMRS_HB_COMPLETE_v20 page 8_pages_26-50.md
019-005-003,,019,005,Switch Dressure Automatic Chassis Lubricator,VMRS_HB_COMPLETE_v20 page 8_pages_26-50.md
019-001-003,,019,001,Lubrigation System Automatio,VMRS_HB_COMPLETE_v20 page 8_pages_26-50.md
019-005-004,,019,005,Plack Accomply Grance,VMRS_HB_COMPLETE_v20 page 8_pages_26-50.md
019-001-004,,019,001,Lubrication System - Automatic,VMRS_HB_COMPLETE_v20 page 8_pages_26-50.md
019-001-005,,019,001,"NOZZIE - FIII, Automatic Chassis Lubricator",VMRS_HB_COMPLETE_v20 page 8_pages_26-50.md
019-000-001,,019,000,Block Assembly - Grease Distribution,VMRS_HB_COMPLETE_v20 page 8_pages_26-50.md
019-007-000,,019,007,Tubing & Connectors,VMRS_HB_COMPLETE_v20 page 8_pages_26-50.md
019-001-007,,019,001,"Paddle - Reservoir, Automatic Chassis Lubricator",VMRS_HB_COMPLETE_v20 page 8_pages_26-50.md
019-007-001,,019,007,Tubing/Hosing - Chassis Lubrication,VMRS_HB_COMPLETE_v20 page 8_pages_26-50.md
019-001-008,,019,001,Spindle - Reservoir Paddle,VMRS_HB_COMPLETE_v20 page 8_pages_26-50.md
019-007-002,,019,007,"Connector - Hose, Chassis Lubrication",VMRS_HB_COMPLETE_v20 page 8_pages_26-50.md
019-001-009,,019,001,"Cover Assembly - Reservoir, Bottom",VMRS_HB_COMPLETE_v20 page 8_pages_26-50.md
019-007-003,,019,007,Metering Unit - Automatic Chassis Lubricator,VMRS_HB_COMPLETE_v20 page 8_pages_26-50.md
019-001-010,,019,001,"Repair Kit - Reservoir, Bottom",VMRS_HB_COMPLETE_v20 page 8_pages_26-50.md
020-000-000,,020,000,Drive Train Group,VMRS_HB_COMPLETE_v20 page 8_pages_26-50.md
019-001-011,,019,001,Sight Glass - Lubricator,VMRS_HB_COMPLETE_v20 page 8_pages_26-50.md
021-000-000,,021,000,"Axles - Driven, Front Steering",VMRS_HB_COMPLETE_v20 page 8_pages_26-50.md
019-001-012,,019,001,"O-Ring/Seal - Reservoir, Lubricator",VMRS_HB_COMPLETE_v20 page 8_pages_26-50.md
021-001-000,,021,001,Axle Components - Driven Front Steer Axle,VMRS_HB_COMPLETE_v20 page 8_pages_26-50.md
019-002-000,,019,002,Grease Pump - Automatic Lubricator,VMRS_HB_COMPLETE_v20 page 8_pages_26-50.md
021-001-001,,021,001,"Axle Housing Assembly - Complete, Driven Front",VMRS_HB_COMPLETE_v20 page 8_pages_26-50.md
019-002-001,,019,002,Pump Body Assembly - Air Operated Grease,VMRS_HB_COMPLETE_v20 page 8_pages_26-50.md
021-001-002,,021,001,"Carrier Assembly - Differential, Driven Front",VMRS_HB_COMPLETE_v20 page 8_pages_26-50.md
019-002-010,,019,002,"Spring - Piston Assembly, Automatic Chassis",VMRS_HB_COMPLETE_v20 page 8_pages_26-50.md
021-001-003,,021,001,Ring Gear & Pinion - Driven Front Steer Axle,VMRS_HB_COMPLETE_v20 page 8_pages_26-50.md
019-002-013,,019,002,"Diaphragm - Air Chamber, Automatic Chassis",VMRS_HB_COMPLETE_v20 page 8_pages_26-50.md
021-001-004,,021,001,"Bolt - Ring Gear, Driven Front Steer Axle",VMRS_HB_COMPLETE_v20 page 8_pages_26-50.md
021-001-005,,021,001,"Bearing - Pinion, Driven Front Steer Axle",VMRS_HB_COMPLETE_v20 page 8_pages_26-50.md
019-002-014,,019,002,Air Chamber - Automatic Chassis Lubricator,VMRS_HB_COMPLETE_v20 page 8_pages_26-50.md
021-001-006,,021,001,"Seal - Pinion, Driven Front Steer Axle",VMRS_HB_COMPLETE_v20 page 8_pages_26-50.md
019-002-018,,019,002,Body - Electric Operated Grease Pump,VMRS_HB_COMPLETE_v20 page 8_pages_26-50.md
021-001-007,,021,001,"Case Assembly - Differential, Driven Front Steer",VMRS_HB_COMPLETE_v20 page 8_pages_26-50.md
019-002-019,,019,002,Pump Element - Grease Pump,VMRS_HB_COMPLETE_v20 page 8_pages_26-50.md
019-002-020,,019,002,Flapper Valve - Automatic Chassis Lubricator,VMRS_HB_COMPLETE_v20 page 8_pages_26-50.md
021-001-008,,021,001,"Bolt - Differential Case, Driven Front Steer Axle",VMRS_HB_COMPLETE_v20 page 8_pages_26-50.md
019-002-021,,019,002,Cap & Chain - Quick Disconnect Fitting,VMRS_HB_COMPLETE_v20 page 8_pages_26-50.md
021-001-009,,021,001,"Shaft - Pinion Gear, Differential, Driven Front",VMRS_HB_COMPLETE_v20 page 8_pages_26-50.md
019-002-022,,019,002,Fitting - Quick Disconnect,VMRS_HB_COMPLETE_v20 page 8_pages_26-50.md
019-002-023,,019,002,Fitting - Male Elbow,VMRS_HB_COMPLETE_v20 page 8_pages_26-50.md
021-001-010,,021,001,Gear - Pinion Differential Driven Front Steer,VMRS_HB_COMPLETE_v20 page 8_pages_26-50.md
019-002-024,,019,002,Spring - Check Ball,VMRS_HB_COMPLETE_v20 page 8_pages_26-50.md
019-002-025,,019,002,Ball - Check,VMRS_HB_COMPLETE_v20 page 8_pages_26-50.md
021-001-011,,021,001,Thrust Washer - Pinion Gear Differential Driven,VMRS_HB_COMPLETE_v20 page 8_pages_26-50.md
019-002-026,,019,002,Piston - Becycle,VMRS_HB_COMPLETE_v20 page 8_pages_26-50.md
521-001-011,,521,001,Front Steer Ayle,VMRS_HB_COMPLETE_v20 page 8_pages_26-50.md
021-001-012,,021,001,Gear - Side Differential Driven Front Steer Avia,VMRS_HB_COMPLETE_v20 page 8_pages_26-50.md
021-001-013,,021,001,Avia,VMRS_HB_COMPLETE_v20 page 8_pages_26-50.md
021-001-014,,021,001,Adjustor Differential Side Bearing Driver Front,VMRS_HB_COMPLETE_v20 page 8_pages_26-50.md
019-002-030,,019,002,"Ciamp - Helaming, Chamber",VMRS_HB_COMPLETE_v20 page 8_pages_26-50.md
019-002-031,,019,002,Duit - Retaining Clamp,VMRS_HB_COMPLETE_v20 page 8_pages_26-50.md
001-001-015,,001,001,Oleer Axie,VMRS_HB_COMPLETE_v20 page 8_pages_26-50.md
019-002-032,,019,002,INUL - Retaining Clamp,VMRS_HB_COMPLETE_v20 page 8_pages_26-50.md
021-001-015,,021,001,"nousing - Front Axie Carrier, Driven Front Steer",VMRS_HB_COMPLETE_v20 page 8_pages_26-50.md
019-002-033,,019,002,Diachet - Lubildation Fullip,VMRS_HB_COMPLETE_v20 page 8_pages_26-50.md
021-001-016,,021,001,"Gasket - Carrier, Driven Front Steer Axle",VMRS_HB_COMPLETE_v20 page 8_pages_26-50.md
021-001-017,,021,001,Housing - Driven Front Steer Axle,VMRS_HB_COMPLETE_v20 page 8_pages_26-50.md
021-001-018,,021,001,"Cover - Axle Housing, Driven Front Steer Axle",VMRS_HB_COMPLETE_v20 page 8_pages_26-50.md
021-001-019,,021,001,"Gasket - Axle Housing Cover, Driven Front Steer",VMRS_HB_COMPLETE_v20 page 8_pages_26-50.md
021-001-020,,021,001,"Plug - Axle Housing, Driven Front Steer Axle",VMRS_HB_COMPLETE_v20 page 8_pages_26-50.md
021-001-021,,021,001,"Shaft - Outer Axle, Right, Driven Front Steer Axle",VMRS_HB_COMPLETE_v20 page 8_pages_26-50.md
021-001-022,,021,001,"Shaft - Outer Axle, Left, Driven Front Steer Axle",VMRS_HB_COMPLETE_v20 page 8_pages_26-50.md
021-001-023,,021,001,"Shaft - Inner Axle, Right, Driven Front Steer Axle",VMRS_HB_COMPLETE_v20 page 8_pages_26-50.md
021-001-024,,021,001,"Shaft - Inner Axle, Left, Driven Front Steer Axle",VMRS_HB_COMPLETE_v20 page 8_pages_26-50.md
021-001-025,,021,001,"Seal - Front Axle Shaft, Driven Front Steer Axle",VMRS_HB_COMPLETE_v20 page 8_pages_26-50.md
021-001-026,,021,001,Ball Joint Assembly - Driven Front Steer Axle,VMRS_HB_COMPLETE_v20 page 8_pages_26-50.md
021-001-027,,021,001,"Knuckle - Steering, Driven Front Steer Axle",VMRS_HB_COMPLETE_v20 page 8_pages_26-50.md
021-001-028,,021,001,"Bearing - Steering Knuckle, Driven Front Steer",VMRS_HB_COMPLETE_v20 page 8_pages_26-50.md
021-001-029,,021,001,"Housing - Steering Knuckle, Driven Front Steer",VMRS_HB_COMPLETE_v20 page 8_pages_26-50.md
021-001-030,,021,001,"Seal - Ball End, Driven Front Steer Axle",VMRS_HB_COMPLETE_v20 page 8_pages_26-50.md
021-001-031,,021,001,Retainer - Ball End Seal Driven Front Steer Axle,VMRS_HB_COMPLETE_v20 page 8_pages_26-50.md
021-001-032,,021,001,Spindle - Driven Front Steer Axle,VMRS_HB_COMPLETE_v20 page 8_pages_26-50.md
021-001-033,,021,001,Elange (Yoke) - Driven Front Steer Ayle,VMRS_HB_COMPLETE_v20 page 8_pages_26-50.md
021-001-034,,021,001,Gear - Drive Pinion Primary Driven Front Steer,VMRS_HB_COMPLETE_v20 page 8_pages_26-50.md
021-001-035,,021,001,Ding Goar - Primany Drivon Front Stoor Aylo,VMRS_HB_COMPLETE_v20 page 8_pages_26-50.md
021-001-037,,021,001,Arm Ancher Control Driven Front Steer Axle,VMRS_HB_COMPLETE_v20 page 8_pages_26-50.md
021-001-039,,021,001,Transaxie Assembly - Driven Front Steer Axie,VMRS_HB_COMPLETE_v20 page 8_pages_26-50.md
021-001-040,,021,001,"Barrie - Oli, Driven Front Steer Axie",VMRS_HB_COMPLETE_v20 page 8_pages_26-50.md
021-001-041,,021,001,"Busning - Trunnion, Front Transaxie, Driven",VMRS_HB_COMPLETE_v20 page 8_pages_26-50.md
001-001-040,,001,001,Front Steer Axle,VMRS_HB_COMPLETE_v20 page 8_pages_26-50.md
021-001-042,,021,001,"Chamber - Air, Driven Front Axle",VMRS_HB_COMPLETE_v20 page 8_pages_26-50.md
021-001-043,,021,001,Collar - Driven Front Steer Axle,VMRS_HB_COMPLETE_v20 page 8_pages_26-50.md
021-001-044,,021,001,"Disk - Backing, Driven Front Steer Axle",VMRS_HB_COMPLETE_v20 page 8_pages_26-50.md
021-001-045,,021,001,Cardan Joint Kit (CV) - Driven Front Steer Axle,VMRS_HB_COMPLETE_v20 page 8_pages_26-50.md
021-001-046,,021,001,"Link - Cross, Driven Front Steer Axle",VMRS_HB_COMPLETE_v20 page 8_pages_26-50.md
021-001-047,,021,001,"Ring - Bearing Distance, Driven Front Steer Axle",VMRS_HB_COMPLETE_v20 page 8_pages_26-50.md
021-001-048,,021,001,"Socket - Ball Joint, Driven Front Steer Axle",VMRS_HB_COMPLETE_v20 page 8_pages_26-50.md
021-001-049,,021,001,"Line - Pressurized, Vent, Driven Front Steer Axle",VMRS_HB_COMPLETE_v20 page 8_pages_26-50.md
021-001-050,,021,001,"Bracket - Vent, Driven Front Steer Axle",VMRS_HB_COMPLETE_v20 page 8_pages_26-50.md
021-001-051,,021,001,"Plate - Identification, Driven Front Steer Axle",VMRS_HB_COMPLETE_v20 page 8_pages_26-50.md
021-001-052,,021,001,"Spacer - Pinion Bearing, Driven Front Steer Axle",VMRS_HB_COMPLETE_v20 page 8_pages_26-50.md
021-001-053,,021,001,Spring - Driven Front Steer Axle,VMRS_HB_COMPLETE_v20 page 8_pages_26-50.md
021-001-054,,021,001,"Plug - Spindle, Anti-Dust, Driven Front Steer Axle",VMRS_HB_COMPLETE_v20 page 8_pages_26-50.md
021-001-055,,021,001,"Gear - Sun, Driven Front Steer Axle",VMRS_HB_COMPLETE_v20 page 8_pages_26-50.md
021-001-056,,021,001,"Gear - Planet, Driven Front Steer Axle",VMRS_HB_COMPLETE_v20 page 8_pages_26-50.md
021-001-057,,021,001,Plate - Driven Front Steer Axle,VMRS_HB_COMPLETE_v20 page 8_pages_26-50.md
021-001-058,,021,001,Adapter - Driven Front Steer Axle,VMRS_HB_COMPLETE_v20 page 8_pages_26-50.md
021-001-059,,021,001,Snap Ring - Driven Front Steer Axle,VMRS_HB_COMPLETE_v20 page 8_pages_26-50.md
021-001-060,,021,001,"Pin - Planet Gear, Driven Front Steer Axle",VMRS_HB_COMPLETE_v20 page 8_pages_26-50.md
021-001-061,,021,001,"Fork - Shift, Driven Front Steer Axle",VMRS_HB_COMPLETE_v20 page 8_pages_26-50.md
021-001-062,,021,001,"Disc - Friction, Driven Front Steer Axle",VMRS_HB_COMPLETE_v20 page 8_pages_26-50.md
021-001-063,,021,001,"Sleeve - Clutch, Driven Front Steer Axle",VMRS_HB_COMPLETE_v20 page 8_pages_26-50.md
021-001-064,,021,001,"Muff - Gear, Driven Front Steer Axle",VMRS_HB_COMPLETE_v20 page 8_pages_26-50.md
021-001-065,,021,001,"Cage - Bearing, Driven Front Steer Axle",VMRS_HB_COMPLETE_v20 page 8_pages_26-50.md
021-001-066,,021,001,"Cap - Trunnion, Driven Front Steer Axle",VMRS_HB_COMPLETE_v20 page 8_pages_26-50.md
021-001-067,,021,001,Cover - End. Planetary Gear. Driven Front Steer,VMRS_HB_COMPLETE_v20 page 8_pages_26-50.md
021-001-068,,021,001,Retaining Ring - Driven Front Steer Axle,VMRS_HB_COMPLETE_v20 page 8_pages_26-50.md
021-001-069,,021,001,Disc - Pinion Driven Front Steer Axle,VMRS_HB_COMPLETE_v20 page 8_pages_26-50.md
021-001-070,,021,001,Sleeve - Distance Driven Front Steer Ayle,VMRS_HB_COMPLETE_v20 page 8_pages_26-50.md
021-001-071,,021,001,Vent - Housing Driven Front Steer Ayle,VMRS_HB_COMPLETE_v20 page 8_pages_26-50.md
021-001-072,,021,001,Carrier - Planet Gear Driven Front Stoor Avia,VMRS_HB_COMPLETE_v20 page 8_pages_26-50.md
021-001-073,,021,001,"Winer - Faller Gear, Diven Front Steer Axle",VMRS_HB_COMPLETE_v20 page 8_pages_26-50.md
021-001-074,,021,001,Dlug Boaring Cup Inner Avia Shaft Driven,VMRS_HB_COMPLETE_v20 page 8_pages_26-50.md
001-001-070,,001,001,Chaff Ball Driven Front Steer Avia,VMRS_HB_COMPLETE_v20 page 8_pages_26-50.md
021-001-076,,021,001,"Snan - Ball, Driven Front Steer Axie",VMRS_HB_COMPLETE_v20 page 8_pages_26-50.md
021-001-077,,021,001,Bail/Busning Assembly - Driven Front Steer Axle,VMRS_HB_COMPLETE_v20 page 8_pages_26-50.md
021-001-078,,021,001,Trunnion - Driven Front Steer Axle,VMRS_HB_COMPLETE_v20 page 8_pages_26-50.md
021-001-079,,021,001,"Cage - Ring, Driven Front Steer Axle",VMRS_HB_COMPLETE_v20 page 8_pages_26-50.md
,001-080,001,080,"Switch - Indicator Lamp, Carrier Housing, Driven",VMRS_HB_COMPLETE_v20 page 8_pages_26-50.md
,001-001,001,001,Ding Brocouro Drivon Front Stoor Aylo,VMRS_HB_COMPLETE_v20 page 8_pages_26-50.md
,001-082,001,082,"Shim - Cage, Carrier, Driven Front Steer Axie",VMRS_HB_COMPLETE_v20 page 8_pages_26-50.md
,001-083,001,083,"Pin - Trunnion, Driven Front Steer Axle",VMRS_HB_COMPLETE_v20 page 8_pages_26-50.md
,001-084,001,084,"Cover - Differential Case, Driven Front Steer",VMRS_HB_COMPLETE_v20 page 8_pages_26-50.md
,001-000,001,000,"Meunting Breaket, Differential Driven Front",VMRS_HB_COMPLETE_v20 page 8_pages_26-50.md
,001-086,001,086,"Mounting Bracket - Differential, Driven Front",VMRS_HB_COMPLETE_v20 page 8_pages_26-50.md
,001-087,001,087,Mounting Bracket - Driven Front Steer Axle,VMRS_HB_COMPLETE_v20 page 8_pages_26-50.md
,001-088,001,088,"Gasket/Seal - Drain Plug, Driven Front Steer",VMRS_HB_COMPLETE_v20 page 8_pages_26-50.md
,001-069,001,069,"Gasket - Axie Shalt Flange, Driven Front Steer",VMRS_HB_COMPLETE_v20 page 8_pages_26-50.md
,001-090,001,090,"Retainer - Drive Pinion, Driven Front Steer Axle",VMRS_HB_COMPLETE_v20 page 8_pages_26-50.md
,001-091,001,091,"O-Ring - Differential Housing, Driven Front Steer",VMRS_HB_COMPLETE_v20 page 8_pages_26-50.md
,001-093,001,093,"O-Ring - Drive Gear, Driven Front Steer Axie",VMRS_HB_COMPLETE_v20 page 8_pages_26-50.md
,001-094,001,094,Shaft - Driven Front Steer Axle,VMRS_HB_COMPLETE_v20 page 8_pages_26-50.md
,001-095,001,095,"Clamp - Vent, Driven Front Steer Axle",VMRS_HB_COMPLETE_v20 page 8_pages_26-50.md
,001-096,001,096,"Cover - Bearing, Front Axle Shaft, Driven Front",VMRS_HB_COMPLETE_v20 page 8_pages_26-50.md
,001-007,001,007,Soal Spindle Driven Front Steer Ayle,VMRS_HB_COMPLETE_v20 page 8_pages_26-50.md
,001-097,001,097,"Seal - Spinule, Driven Front Steel Axie",VMRS_HB_COMPLETE_v20 page 8_pages_26-50.md
,001-098,001,098,"Fitting - Driven Front Steer Axle, Air Line, Hose,",VMRS_HB_COMPLETE_v20 page 8_pages_26-50.md
,001-099,001,099,"Fitting - Driven Front Steer Axle, Oil Line, Hose,",VMRS_HB_COMPLETE_v20 page 8_pages_26-50.md
,001-100,001,100,O-Bing - Driven Front Steer Ayle Air Line Hose,VMRS_HB_COMPLETE_v20 page 8_pages_26-50.md
,001-101,001,101,"O-Ring - Driven Front Steer Axle, Oil Line, Hose,",VMRS_HB_COMPLETE_v20 page 8_pages_26-50.md
,001-102,001,102,"Seal - Carrier, Planetary Gear, Driven Front",VMRS_HB_COMPLETE_v20 page 8_pages_26-50.md
,001-103,001,103,Bearing - Ayle Shaft Driven Front Steer Ayle,VMRS_HB_COMPLETE_v20 page 8_pages_26-50.md
,001-104,001,104,Quide Dista Osatusi Fault Driver Frant Otaan,VMRS_HB_COMPLETE_v20 page 8_pages_26-50.md
,001-105,001,105,"Membrane Cover - Carrier Housing, Driven Front",VMRS_HB_COMPLETE_v20 page 8_pages_26-50.md
,001-106,001,106,"Shim - Trunnion, Driven Front Steer Axle",VMRS_HB_COMPLETE_v20 page 8_pages_26-50.md
,001-107,001,107,Thrust Bearing - Trunnion Driven Front Steer,VMRS_HB_COMPLETE_v20 page 8_pages_26-50.md
,001-108,001,108,"Seal - Grease, Trunnion, Driven Front Steer Axie",VMRS_HB_COMPLETE_v20 page 8_pages_26-50.md
,001-109,001,109,"Bearing - Planet Gear, Driven Front Steer Axle",VMRS_HB_COMPLETE_v20 page 8_pages_26-50.md
,001-110,001,110,Companion Flange - Driven Front Steer Axle,VMRS_HB_COMPLETE_v20 page 8_pages_26-50.md
,001-111,001,111,"Nut - Pinion, Driven Front Steer Axle",VMRS_HB_COMPLETE_v20 page 8_pages_26-50.md
,001-112,001,112,Lock Plate - Adjuster Driven Front Steer Ayle,VMRS_HB_COMPLETE_v20 page 8_pages_26-50.md
,001-113,001,113,"Clasket - Humbli Cap, Dilven Florit Steel Axie",VMRS_HB_COMPLETE_v20 page 8_pages_26-50.md
,001-114,001,114,"Support Hub - Hing Gear, Driven Front Steer",VMRS_HB_COMPLETE_v20 page 8_pages_26-50.md
,001-115,001,115,"Cover - Breather, Driven Front Steer Axle",VMRS_HB_COMPLETE_v20 page 8_pages_26-50.md
,001-116,001,116,"Yoke - Input, Driven Front Steer Axle",VMRS_HB_COMPLETE_v20 page 8_pages_26-50.md
,001-117,001,117,Universal Joint - Driven Front Steer Ayle,VMRS_HB_COMPLETE_v20 page 8_pages_26-50.md
,001-119,001,119,"Cup - Spring, Driven Front Steer Axle",VMRS_HB_COMPLETE_v20 page 8_pages_26-50.md
,001-120,001,120,"Slider - Shift Fork, Driven Front Steer Axle",VMRS_HB_COMPLETE_v20 page 8_pages_26-50.md
,001-121,001,121,"Plug - Carrier Housing, Driven Front Steer Axle",VMRS_HB_COMPLETE_v20 page 8_pages_26-50.md
,001-122,001,122,Repair Kit - Ball Seal Driven Front Steer Ayle,VMRS_HB_COMPLETE_v20 page 8_pages_26-50.md
,001-124,001,124,H YOKE - URIVEN FRONT STEER AXIE,VMRS_HB_COMPLETE_v20 page 8_pages_26-50.md
,001-125,001,125,"Head - CV, Driven Front Steer Axle",VMRS_HB_COMPLETE_v20 page 8_pages_26-50.md
,001-126,001,126,"Yoke - Slip, Driven Front Steer Axle",VMRS_HB_COMPLETE_v20 page 8_pages_26-50.md
,001-127,001,127,"Kit - Boot, Cardan Joint (CV)",VMRS_HB_COMPLETE_v20 page 8_pages_26-50.md
,001-128,001,128,Clamp - Boot Cardan Joint (CV),VMRS_HB_COMPLETE_v20 page 8_pages_26-50.md
,001-129,001,129,Auto Account Action Construction (C),VMRS_HB_COMPLETE_v20 page 8_pages_26-50.md
,001-130,001,130,Axie Assembly - Constant Velocity (CV),VMRS_HB_COMPLETE_v20 page 8_pages_26-50.md
,001-131,001,131,"Shaft - Intermediate, CV Axle",VMRS_HB_COMPLETE_v20 page 8_pages_26-50.md
,001-132,001,132,"Plate - Retainer, CV Axle",VMRS_HB_COMPLETE_v20 page 8_pages_26-50.md
,001-133,001,133,Shaft - CV Axle,VMRS_HB_COMPLETE_v20 page 8_pages_26-50.md
021-001-134,,021,001,"Damper - Shaft, CV Axle",VMRS_HB_COMPLETE_v20 page 8_pages_26-50.md
021-001-135,,021,001,"Clamp - Shaft Damper, CV Axle",VMRS_HB_COMPLETE_v20 page 8_pages_26-50.md
021-008-014,,021,008,"Bearing - Cylinder, Output Shaft, Outer, Portal",VMRS_HB_COMPLETE_v20 page 8_pages_26-50.md
021-001-136,,021,001,"Bearing - Support, CV Axle",VMRS_HB_COMPLETE_v20 page 8_pages_26-50.md
021-001-137,,021,001,"Clamp - Support Bearing, CV Axle",VMRS_HB_COMPLETE_v20 page 8_pages_26-50.md
021-008-015,,021,008,"Seal - Output Shaft, Front Portal Assembly",VMRS_HB_COMPLETE_v20 page 8_pages_26-50.md
021-001-138,,021,001,"Cover - Support Bearing, CV Axle",VMRS_HB_COMPLETE_v20 page 8_pages_26-50.md
021-008-016,,021,008,Spacer - Output Shaft Portal Assembly Front,VMRS_HB_COMPLETE_v20 page 8_pages_26-50.md
021-001-139,,021,001,CV Joint,VMRS_HB_COMPLETE_v20 page 8_pages_26-50.md
021-000-010,,021,000,,VMRS_HB_COMPLETE_v20 page 8_pages_26-50.md
021-001-100,,021,001,Boot - CV loint,VMRS_HB_COMPLETE_v20 page 8_pages_26-50.md
021-001-140,,021,001,Gasket CV Joint,VMRS_HB_COMPLETE_v20 page 8_pages_26-50.md
021-009-000,,021,009,Differential Transayle,VMRS_HB_COMPLETE_v20 page 8_pages_26-50.md
021-001-141,,021,001,Kit OV laint,VMRS_HB_COMPLETE_v20 page 8_pages_26-50.md
021-009-001,,021,009,Dilleteriliar - HallSakle,VMRS_HB_COMPLETE_v20 page 8_pages_26-50.md
021-001-142,,021,001,Kit - CV Joint,VMRS_HB_COMPLETE_v20 page 8_pages_26-50.md
021-009-002,,021,009,"Carrier - Dillerential, Transaxie",VMRS_HB_COMPLETE_v20 page 8_pages_26-50.md
021-001-143,,021,001,"Dust Shield - Oil Seal, CV Joint",VMRS_HB_COMPLETE_v20 page 8_pages_26-50.md
021-009-003,,021,009,"Bearing - Carrier, Differential, Transaxie",VMRS_HB_COMPLETE_v20 page 8_pages_26-50.md
021-001-144,,021,001,Spacer - CV Joint,VMRS_HB_COMPLETE_v20 page 8_pages_26-50.md
021-009-004,,021,009,"Race - Carrier Bearing, Differential, Transaxle",VMRS_HB_COMPLETE_v20 page 8_pages_26-50.md
021-001-145,,021,001,Spider Assembly - CV Joint,VMRS_HB_COMPLETE_v20 page 8_pages_26-50.md
021-009-005,,021,009,"Shim - Carrier Bearing, Differential, Transaxle",VMRS_HB_COMPLETE_v20 page 8_pages_26-50.md
021-001-146,,021,001,"Shield - Splash, CV Joint",VMRS_HB_COMPLETE_v20 page 8_pages_26-50.md
021-009-006,,021,009,"Gear - Pinion, Differential, Transaxle",VMRS_HB_COMPLETE_v20 page 8_pages_26-50.md
021-001-147,,021,001,Actuator - Differential Lock,VMRS_HB_COMPLETE_v20 page 8_pages_26-50.md
021-009-007,,021,009,"Thrust Washer - Pinion Gear, Differential,",VMRS_HB_COMPLETE_v20 page 8_pages_26-50.md
021-001-148,,021,001,"Gasket - Actuator, Differential Lock",VMRS_HB_COMPLETE_v20 page 8_pages_26-50.md
021-001-149,,021,001,Drain Plug - Differential Housing,VMRS_HB_COMPLETE_v20 page 8_pages_26-50.md
021-009-008,,021,009,"Shaft - Pinion, Differential, Transaxle",VMRS_HB_COMPLETE_v20 page 8_pages_26-50.md
021-001-150,,021,001,Fill Plug - Differential Housing,VMRS_HB_COMPLETE_v20 page 8_pages_26-50.md
021-009-009,,021,009,"Lock Bolt - Pinion Shaft, Differential, Transaxle",VMRS_HB_COMPLETE_v20 page 8_pages_26-50.md
021-001-151,,021,001,"Seal Kit - Pinion, Driven Front Steer Axle",VMRS_HB_COMPLETE_v20 page 8_pages_26-50.md
021-009-010,,021,009,"Roll Pin - Pinion Shaft, Differential, Transaxle",VMRS_HB_COMPLETE_v20 page 8_pages_26-50.md
021-001-152,,021,001,"Deflector - Oil, Pinion, Driven Front Steer Axle",VMRS_HB_COMPLETE_v20 page 8_pages_26-50.md
021-009-011,,021,009,"Ring Gear - Differential, Transaxle",VMRS_HB_COMPLETE_v20 page 8_pages_26-50.md
021-001-153,,021,001,"Lock Ring - Yoke, Pinion End, Driven Front Steer",VMRS_HB_COMPLETE_v20 page 8_pages_26-50.md
021-009-012,,021,009,"Gear - Side, Differential, Transaxle",VMRS_HB_COMPLETE_v20 page 8_pages_26-50.md
021-009-013,,021,009,Thrust Washer - Side Gear Differential,VMRS_HB_COMPLETE_v20 page 8_pages_26-50.md
021-001-154,,021,001,Race - Pinion Rearing Driven Front Steer Ayle,VMRS_HB_COMPLETE_v20 page 8_pages_26-50.md
021-001-155,,021,001,Shim - Dinion Driven Front Steer Ayle,VMRS_HB_COMPLETE_v20 page 8_pages_26-50.md
021-009-014,,021,009,Drain Dlug Side Cover Transavle,VMRS_HB_COMPLETE_v20 page 8_pages_26-50.md
021-009-015,,021,009,"Fill Dlug - Side Cover, Transakle",VMRS_HB_COMPLETE_v20 page 8_pages_26-50.md
021-001-157,,021,001,Flange - Axie Hub,VMRS_HB_COMPLETE_v20 page 8_pages_26-50.md
021-001-158,,021,001,Busning - Differential Carrier,VMRS_HB_COMPLETE_v20 page 8_pages_26-50.md
021-009-017,,021,009,"Gasket - Side Cover, Transaxie",VMRS_HB_COMPLETE_v20 page 8_pages_26-50.md
021-001-159,,021,001,"Washer - Thrust, Differential Side Gear",VMRS_HB_COMPLETE_v20 page 8_pages_26-50.md
022-000-000,,022,000,"Axles - Driven, Rear",VMRS_HB_COMPLETE_v20 page 8_pages_26-50.md
021-001-160,,021,001,Insulator - Differential Housing,VMRS_HB_COMPLETE_v20 page 8_pages_26-50.md
022-001-000,,022,001,"Axle Housing Components - Driven, Rear",VMRS_HB_COMPLETE_v20 page 8_pages_26-50.md
021-001-161,,021,001,Mount- Differential Housing,VMRS_HB_COMPLETE_v20 page 8_pages_26-50.md
022-001-001,,022,001,"Axle Housing Assembly - Complete, Driven,",VMRS_HB_COMPLETE_v20 page 8_pages_26-50.md
021-001-162,,021,001,"Clamp - Mount, Differential Housing",VMRS_HB_COMPLETE_v20 page 8_pages_26-50.md
021-001-163,,021,001,"Insulator - Mount, Differential Housing",VMRS_HB_COMPLETE_v20 page 8_pages_26-50.md
022-001-002,,022,001,Cover - Rear Axle Housing,VMRS_HB_COMPLETE_v20 page 8_pages_26-50.md
021-001-164,,021,001,Support - Differential Housing,VMRS_HB_COMPLETE_v20 page 8_pages_26-50.md
022-001-003,,022,001,"Gasket - Cover, Rear Axle Housing",VMRS_HB_COMPLETE_v20 page 8_pages_26-50.md
021-001-165,,021,001,"Heat Shield - Support, Differential Housing",VMRS_HB_COMPLETE_v20 page 8_pages_26-50.md
022-001-004,,022,001,"Hardware, Mounting - Rear Axle Housing Cover",VMRS_HB_COMPLETE_v20 page 8_pages_26-50.md
021-001-166,,021,001,Pin - Side Gear. Differential,VMRS_HB_COMPLETE_v20 page 8_pages_26-50.md
022-001-005,,022,001,Tube - Axle,VMRS_HB_COMPLETE_v20 page 8_pages_26-50.md
021-001-167,,021,001,U-Bolt - Front Axle,VMRS_HB_COMPLETE_v20 page 8_pages_26-50.md
022-001-006,,022,001,Vent - Rear Axle Housing,VMRS_HB_COMPLETE_v20 page 8_pages_26-50.md
021-001-168,,021,001,Solenoid - 4X4 Front Axle,VMRS_HB_COMPLETE_v20 page 8_pages_26-50.md
022-001-007,,022,001,Filler Plug - Bear Axle,VMRS_HB_COMPLETE_v20 page 8_pages_26-50.md
021-001-169,,021,001,Tube Assembly - Output Shaft Front Drive Ayle,VMRS_HB_COMPLETE_v20 page 8_pages_26-50.md
022-001-008,,022,001,Gasket - Filler Plug Bear Ayle,VMRS_HB_COMPLETE_v20 page 8_pages_26-50.md
021-001-170,,021,001,Bushing - Ayle Support Driven Front Steer Ayle,VMRS_HB_COMPLETE_v20 page 8_pages_26-50.md
022-001-009,,022,001,Oil Filter Dear Ayla,VMRS_HB_COMPLETE_v20 page 8_pages_26-50.md
021-002-000,,021,002,"Axie Assemblies - Driven, From Steering",VMRS_HB_COMPLETE_v20 page 8_pages_26-50.md
022-001-010,,022,001,Oli Filler - Real Axle,VMRS_HB_COMPLETE_v20 page 8_pages_26-50.md
021-002-001,,021,002,Axie Housing & Dillerential Carrier Assembly -,VMRS_HB_COMPLETE_v20 page 8_pages_26-50.md
022-001-012,,022,001,"Cover - Filter, Rear Axie",VMRS_HB_COMPLETE_v20 page 8_pages_26-50.md
021-002-002,,021,002,Axle Housing & Power Divider Assembly -,VMRS_HB_COMPLETE_v20 page 8_pages_26-50.md
022-001-013,,022,001,Plug - Axle Housing Tube,VMRS_HB_COMPLETE_v20 page 8_pages_26-50.md
022-001-014,,022,001,Adapter - Filter,VMRS_HB_COMPLETE_v20 page 8_pages_26-50.md
021-002-003,,021,002,Axle Housing & Differential Carrier Assembly w/,VMRS_HB_COMPLETE_v20 page 8_pages_26-50.md
022-001-015,,022,001,Screw - Filter Adapter,VMRS_HB_COMPLETE_v20 page 8_pages_26-50.md
022-001-016,,022,001,Washer - Filter Adapter,VMRS_HB_COMPLETE_v20 page 8_pages_26-50.md
022-001-017,,022,001,"Axle - Complete, Rear",VMRS_HB_COMPLETE_v20 page 8_pages_26-50.md
021-002-004,,021,002,Axle Housing & Power Divider Assembly w/,VMRS_HB_COMPLETE_v20 page 8_pages_26-50.md
022-001-018,,022,001,"Hardware, Mounting - Rear Axle Housing Vent",VMRS_HB_COMPLETE_v20 page 8_pages_26-50.md
022-001-019,,022,001,Stop/Bumper - Rear Axle,VMRS_HB_COMPLETE_v20 page 8_pages_26-50.md
022-001-020,,022,001,"Hardware, Mounting - Rear Axle Housing",VMRS_HB_COMPLETE_v20 page 8_pages_26-50.md
021-002-005,,021,002,"Axle Assembly - Driven, Front Axle",VMRS_HB_COMPLETE_v20 page 8_pages_26-50.md
021-002-006,,021,002,Beam Assembly - Drive Front Axle,VMRS_HB_COMPLETE_v20 page 8_pages_26-50.md
022-001-021,,022,001,Hose - Axle Vent,VMRS_HB_COMPLETE_v20 page 8_pages_26-50.md
021-008-000,,021,008,Portal Assembly - Front Driven Axle,VMRS_HB_COMPLETE_v20 page 8_pages_26-50.md
022-001-022,,022,001,Bracket - Axle Stop Bear,VMRS_HB_COMPLETE_v20 page 8_pages_26-50.md
021-008-001,,021,008,Portal Assembly - Complete Front Driven Ayle,VMRS_HB_COMPLETE_v20 page 8_pages_26-50.md
022-001-023,,022,001,"Cushion - Ayle Stop, Rear",VMRS_HB_COMPLETE_v20 page 8_pages_26-50.md
021-000-001,,021,000,Housing Outer Portal Assembly Front Driven,VMRS_HB_COMPLETE_v20 page 8_pages_26-50.md
021-000-002,,021,000,Avia,VMRS_HB_COMPLETE_v20 page 8_pages_26-50.md
022-001-024,,022,001,"Filly - Oli Filler, Real Axle",VMRS_HB_COMPLETE_v20 page 8_pages_26-50.md
001-000-000,,001,000,Axie,VMRS_HB_COMPLETE_v20 page 8_pages_26-50.md
022-001-025,,022,001,"Filling - Real Drive Axie, All Line, Hose, Tube,",VMRS_HB_COMPLETE_v20 page 8_pages_26-50.md
021-008-003,,021,008,"Bearing - Input Shart, Portal Assembly",VMRS_HB_COMPLETE_v20 page 8_pages_26-50.md
000-001-000,,000,001,,VMRS_HB_COMPLETE_v20 page 8_pages_26-50.md
021-008-004,,021,008,"Seal - Dust, Input Shaft, Portal Assembly, Front",VMRS_HB_COMPLETE_v20 page 8_pages_26-50.md
022-001-026,,022,001,"Fitting - Rear Drive Axle, Oil Line, Hose, Tube,",VMRS_HB_COMPLETE_v20 page 8_pages_26-50.md
021-008-005,,021,008,"Lock Ring - Input Shaft, Portal, Front Axle",VMRS_HB_COMPLETE_v20 page 8_pages_26-50.md
022-001-027,,022,001,"O-Ring - Rear Drive Axle, Air Line, Hose, Tube,",VMRS_HB_COMPLETE_v20 page 8_pages_26-50.md
021-008-006,,021,008,"Washer - Fitted, Input Shaft, Portal Assembly,",VMRS_HB_COMPLETE_v20 page 8_pages_26-50.md
022-001-028,,022,001,"O-Ring - Rear Drive Axle, Oil Line, Hose, Tube,",VMRS_HB_COMPLETE_v20 page 8_pages_26-50.md
021-008-007,,021,008,"Washer - Spacer, Input Shaft, Portal Assembly,",VMRS_HB_COMPLETE_v20 page 8_pages_26-50.md
022-001-029,,022,001,"Cover - Breather, Rear Axle Housing",VMRS_HB_COMPLETE_v20 page 8_pages_26-50.md
021-008-008,,021,008,"Seal - Input Shaft, Portal",VMRS_HB_COMPLETE_v20 page 8_pages_26-50.md
022-001-030,,022,001,"Overhaul Kit - Rear Axle, Driven",VMRS_HB_COMPLETE_v20 page 8_pages_26-50.md
021-008-009,,021,008,"Gear - Spur, Input, Portal Assembly",VMRS_HB_COMPLETE_v20 page 8_pages_26-50.md
022-001-031,,022,001,"Actuator - Lock, Differential",VMRS_HB_COMPLETE_v20 page 8_pages_26-50.md
021-008-010,,021,008,Hardware Mounting - Portal Assembly Front,VMRS_HB_COMPLETE_v20 page 8_pages_26-50.md
022-001-032,,022,001,Gasket - Actuator Lock Differential,VMRS_HB_COMPLETE_v20 page 8_pages_26-50.md
221-000-010,,221,000,Driven Steer Ayle,VMRS_HB_COMPLETE_v20 page 8_pages_26-50.md
022-001-033,,022,001,Bushing - Carrier Differential,VMRS_HB_COMPLETE_v20 page 8_pages_26-50.md
021-008-011,,021,008,Baaring - Output Shaft Innor Stoor Ayla Dartal,VMRS_HB_COMPLETE_v20 page 8_pages_26-50.md
021-000-011,,021,000,Assombly,VMRS_HB_COMPLETE_v20 page 8_pages_26-50.md
022-001-034,,022,001,Mount Housing Differential,VMRS_HB_COMPLETE_v20 page 8_pages_26-50.md
001-000-010,,001,000,Assembly,VMRS_HB_COMPLETE_v20 page 8_pages_26-50.md
022-001-035,,022,001,"Nount - Housing, Differential",VMRS_HB_COMPLETE_v20 page 8_pages_26-50.md
021-008-012,,021,008,"Gear - Side, Output, Portal Assembly",VMRS_HB_COMPLETE_v20 page 8_pages_26-50.md
022-001-036,,022,001,"Ciamp - Housing Mount, Differential",VMRS_HB_COMPLETE_v20 page 8_pages_26-50.md
021-008-013,,021,008,"Dearing - Output Shatt, Center, Steer Axle, Portal",VMRS_HB_COMPLETE_v20 page 8_pages_26-50.md
022-001-037,,022,001,"insulator - Housing Mount, Differential",VMRS_HB_COMPLETE_v20 page 8_pages_26-50.md
022-001-038,,022,001,"Support - Housing, Differential",VMRS_HB_COMPLETE_v20 page 8_pages_26-50.md
022-003-044,,022,003,Shaft - Double Reduction Pinion,VMRS_HB_COMPLETE_v20 page 8_pages_26-50.md
022-001-039,,022,001,"Heat Shield - Housing Support, Differential",VMRS_HB_COMPLETE_v20 page 8_pages_26-50.md
022-003-045,,022,003,"Nut - Adjusting, Differential Side Bearing",VMRS_HB_COMPLETE_v20 page 8_pages_26-50.md
022-001-040,,022,001,Plug - Axle Sensor,VMRS_HB_COMPLETE_v20 page 8_pages_26-50.md
022-003-046,,022,003,"Lock - Adjusting Nut, Differential Side Bearing",VMRS_HB_COMPLETE_v20 page 8_pages_26-50.md
022-001-041,,022,001,Bushing - Axle Support Driven Rear Axle,VMRS_HB_COMPLETE_v20 page 8_pages_26-50.md
022-003-047,,022,003,Hardware Mounting - Differential Side Bearing,VMRS_HB_COMPLETE_v20 page 8_pages_26-50.md
022-002-000,,022,002,Shaft - Rear Axle,VMRS_HB_COMPLETE_v20 page 8_pages_26-50.md
022-002-001,,022,002,Shaft - Rear Drive Axle,VMRS_HB_COMPLETE_v20 page 8_pages_26-50.md
022-003-048,,022,003,"Gear - Side, Differential, Driven Rear Axle",VMRS_HB_COMPLETE_v20 page 8_pages_26-50.md
022-002-002,,022,002,"Hardware, Mounting - Axle Shaft",VMRS_HB_COMPLETE_v20 page 8_pages_26-50.md
022-003-049,,022,003,"Thrust Washer - Side Gear, Differential, Driven",VMRS_HB_COMPLETE_v20 page 8_pages_26-50.md
022-002-003,,022,002,"Gasket - Axle Shaft Flange, Rear Drive Axle",VMRS_HB_COMPLETE_v20 page 8_pages_26-50.md
022-002-004,,022,002,Stud - Axle To Wheel,VMRS_HB_COMPLETE_v20 page 8_pages_26-50.md
022-003-050,,022,003,Retainer Ring - Differential Side Gear,VMRS_HB_COMPLETE_v20 page 8_pages_26-50.md
022-002-005,,022,002,"Gasket - Oil Deflector, Brake Drum",VMRS_HB_COMPLETE_v20 page 8_pages_26-50.md
022-002-006,,022,002,Wedge - Drive Flange,VMRS_HB_COMPLETE_v20 page 8_pages_26-50.md
022-003-051,,022,003,"Disc - Differential Clutch, Positraction",VMRS_HB_COMPLETE_v20 page 8_pages_26-50.md
022-002-007,,022,002,Nut - Drive Flange,VMRS_HB_COMPLETE_v20 page 8_pages_26-50.md
022-003-052,,022,003,"Plate - Differential Clutch, Positraction",VMRS_HB_COMPLETE_v20 page 8_pages_26-50.md
022-002-008,,022,002,Lock Nut - Drive Flange,VMRS_HB_COMPLETE_v20 page 8_pages_26-50.md
022-003-053,,022,003,Spring - No-Spin Differential,VMRS_HB_COMPLETE_v20 page 8_pages_26-50.md
022-002-009,,022,002,Seal - Axle,VMRS_HB_COMPLETE_v20 page 8_pages_26-50.md
022-003-054,,022,003,Retainer - No-Spin Differential Spring,VMRS_HB_COMPLETE_v20 page 8_pages_26-50.md
022-002-010,,022,002,Dowel - Shaft,VMRS_HB_COMPLETE_v20 page 8_pages_26-50.md
022-003-055,,022,003,"Cam - Differential, No-Spin/Positraction",VMRS_HB_COMPLETE_v20 page 8_pages_26-50.md
022-002-011,,022,002,"Cone - Adjuster, Stud",VMRS_HB_COMPLETE_v20 page 8_pages_26-50.md
022-003-056,,022,003,"Spacer - Front Bearing, Drive Pinion",VMRS_HB_COMPLETE_v20 page 8_pages_26-50.md
022-002-012,,022,002,"Stud - Drive, Axle to Hub",VMRS_HB_COMPLETE_v20 page 8_pages_26-50.md
022-003-057,,022,003,"Retaining Washer - Front Bearing, Drive Pinion",VMRS_HB_COMPLETE_v20 page 8_pages_26-50.md
022-002-013,,022,002,Bearing Kit - Rear Drive Axle,VMRS_HB_COMPLETE_v20 page 8_pages_26-50.md
022-003-058,,022,003,"Nut - Front Bearing, Drive Pinion",VMRS_HB_COMPLETE_v20 page 8_pages_26-50.md
022-002-014,,022,002,Seal Kit - Rear Drive Axle,VMRS_HB_COMPLETE_v20 page 8_pages_26-50.md
022-003-059,,022,003,"Shim - Adjusting, Drive Pinion",VMRS_HB_COMPLETE_v20 page 8_pages_26-50.md
022-002-015,,022,002,Bearing - Rear Axle Shaft,VMRS_HB_COMPLETE_v20 page 8_pages_26-50.md
022-003-060,,022,003,"Deflector - Oil, Drive Pinion",VMRS_HB_COMPLETE_v20 page 8_pages_26-50.md
022-002-016,,022,002,"O-Ring - Axle Shaft Flange, Rear Drive Axle",VMRS_HB_COMPLETE_v20 page 8_pages_26-50.md
022-003-061,,022,003,Dust Shield - Drive Pinion Oil Seal,VMRS_HB_COMPLETE_v20 page 8_pages_26-50.md
022-003-000,,022,003,Differential Carrier,VMRS_HB_COMPLETE_v20 page 8_pages_26-50.md
022-003-062,,022,003,"Spacer - Rear Bearing, Drive Pinion",VMRS_HB_COMPLETE_v20 page 8_pages_26-50.md
022-003-001,,022,003,"Carrier Assembly - Complete, Differential,",VMRS_HB_COMPLETE_v20 page 8_pages_26-50.md
022-003-063,,022,003,Distributor - Oil,VMRS_HB_COMPLETE_v20 page 8_pages_26-50.md
022-003-064,,022,003,Flange - Axle Drive Pinion,VMRS_HB_COMPLETE_v20 page 8_pages_26-50.md
022-003-003,,022,003,Gasket - Differential Carrier,VMRS_HB_COMPLETE_v20 page 8_pages_26-50.md
022-003-066,,022,003,Gasket Set - Differential Carrier,VMRS_HB_COMPLETE_v20 page 8_pages_26-50.md
022-003-005,,022,003,Cage - Drive Pinion Shaft Bearing,VMRS_HB_COMPLETE_v20 page 8_pages_26-50.md
022-003-067,,022,003,"Gasket - Axle Flange, Drive Pinion",VMRS_HB_COMPLETE_v20 page 8_pages_26-50.md
022-003-006,,022,003,"Gasket - Cage, Drive Pinion Shaft Bearing",VMRS_HB_COMPLETE_v20 page 8_pages_26-50.md
022-003-068,,022,003,Repair Kit - Differential Bearings,VMRS_HB_COMPLETE_v20 page 8_pages_26-50.md
022-003-007,,022,003,"Gasket - Cover, Differential Carrier",VMRS_HB_COMPLETE_v20 page 8_pages_26-50.md
022-003-069,,022,003,"Vent - Breather, Differential",VMRS_HB_COMPLETE_v20 page 8_pages_26-50.md
022-003-008,,022,003,Cap - Differential Carrier Side Bearing,VMRS_HB_COMPLETE_v20 page 8_pages_26-50.md
022-003-070,,022,003,"Seal Set - Drive Pinion, Differential",VMRS_HB_COMPLETE_v20 page 8_pages_26-50.md
022-003-009,,022,003,"Hardware, Mounting - Differential Carrier Side",VMRS_HB_COMPLETE_v20 page 8_pages_26-50.md
022-003-071,,022,003,Yoke & Flange - Integral Assembly,VMRS_HB_COMPLETE_v20 page 8_pages_26-50.md
022-003-072,,022,003,Yoke - Pinion Shaft End,VMRS_HB_COMPLETE_v20 page 8_pages_26-50.md
022-003-010,,022,003,Cover - Differential Support Case,VMRS_HB_COMPLETE_v20 page 8_pages_26-50.md
022-003-073,,022,003,Pinion & Side Gears Kit - Differential,VMRS_HB_COMPLETE_v20 page 8_pages_26-50.md
022-003-011,,022,003,Case - Differential Support,VMRS_HB_COMPLETE_v20 page 8_pages_26-50.md
022-003-074,,022,003,"Screw - Adjusting, Thrust Block",VMRS_HB_COMPLETE_v20 page 8_pages_26-50.md
022-003-012,,022,003,"Case Assembly - Differential, Rear Axle",VMRS_HB_COMPLETE_v20 page 8_pages_26-50.md
022-003-075,,022,003,Nut - Adjusting Screw,VMRS_HB_COMPLETE_v20 page 8_pages_26-50.md
022-003-013,,022,003,"Bolt - Differential Case, Driven Rear Axle",VMRS_HB_COMPLETE_v20 page 8_pages_26-50.md
022-003-076,,022,003,Snap Ring - Tail Bearing,VMRS_HB_COMPLETE_v20 page 8_pages_26-50.md
022-003-014,,022,003,Cover - Differential Case,VMRS_HB_COMPLETE_v20 page 8_pages_26-50.md
022-003-077,,022,003,"Washer - Tractor Equalizer, Differential, Driven",VMRS_HB_COMPLETE_v20 page 8_pages_26-50.md
022-003-015,,022,003,Ring Gear & Drive Pinion,VMRS_HB_COMPLETE_v20 page 8_pages_26-50.md
022-003-016,,022,003,Rivet (Or Bolt) - Ring Gear,VMRS_HB_COMPLETE_v20 page 8_pages_26-50.md
022-003-078,,022,003,Bolt - Pinion Bearing Cage,VMRS_HB_COMPLETE_v20 page 8_pages_26-50.md
022-003-017,,022,003,Thrust Block - Ring Gear,VMRS_HB_COMPLETE_v20 page 8_pages_26-50.md
022-003-079,,022,003,"Washer - Lock, Pinion Bearing Cage, Differential,",VMRS_HB_COMPLETE_v20 page 8_pages_26-50.md
022-003-018,,022,003,"Gear - Drive, Secondary",VMRS_HB_COMPLETE_v20 page 8_pages_26-50.md
022-003-019,,022,003,"Pinion - Gear, Differential, Driven Rear Axle",VMRS_HB_COMPLETE_v20 page 8_pages_26-50.md
022-003-080,,022,003,Dowel - Carrier Side Bearing Cap,VMRS_HB_COMPLETE_v20 page 8_pages_26-50.md
022-003-020,,022,003,"Wheel - Worm, Rear Axle",VMRS_HB_COMPLETE_v20 page 8_pages_26-50.md
022-003-081,,022,003,"Washer - Ring Gear Bolt, Differential, Driven",VMRS_HB_COMPLETE_v20 page 8_pages_26-50.md
022-003-021,,022,003,"Shaft - Worm, Rear Axle",VMRS_HB_COMPLETE_v20 page 8_pages_26-50.md
022-003-022,,022,003,Ring - Oil Collector,VMRS_HB_COMPLETE_v20 page 8_pages_26-50.md
022-003-082,,022,003,Adjusting Screw - Rear,VMRS_HB_COMPLETE_v20 page 8_pages_26-50.md
022-003-023,,022,003,Support - Differential Planet & Secondary Drive,VMRS_HB_COMPLETE_v20 page 8_pages_26-50.md
022-003-083,,022,003,"Cup - Bearing, Side Carrier, Differential Carrier",VMRS_HB_COMPLETE_v20 page 8_pages_26-50.md
022-003-024,,022,003,Cover - Differential & Planetary Support,VMRS_HB_COMPLETE_v20 page 8_pages_26-50.md
022-003-084,,022,003,"Cup - Bearing, Differential Carrier",VMRS_HB_COMPLETE_v20 page 8_pages_26-50.md
022-003-025,,022,003,"Gear - Sun Or Sliding Clutch, Differential",VMRS_HB_COMPLETE_v20 page 8_pages_26-50.md
022-003-085,,022,003,"Cup - Bearing, Drive Pinion, Front, Differential",VMRS_HB_COMPLETE_v20 page 8_pages_26-50.md
022-003-026,,022,003,"Gear - Driven, Secondary",VMRS_HB_COMPLETE_v20 page 8_pages_26-50.md
022-003-027,,022,003,Bearing Assembly (Cup and Cone) - Side,VMRS_HB_COMPLETE_v20 page 8_pages_26-50.md
022-003-086,,022,003,"Cup - Bearing, Drive Pinion, Rear, Differential",VMRS_HB_COMPLETE_v20 page 8_pages_26-50.md
022-003-028,,022,003,Bearing Assembly (Cup and Cone) - Drive,VMRS_HB_COMPLETE_v20 page 8_pages_26-50.md
022-003-087,,022,003,Lock Ring - Pinion Bearing,VMRS_HB_COMPLETE_v20 page 8_pages_26-50.md
022-003-088,,022,003,Sleeve - Yoke,VMRS_HB_COMPLETE_v20 page 8_pages_26-50.md
022-003-029,,022,003,Bearing Assembly (Cup and Cone) - Drive,VMRS_HB_COMPLETE_v20 page 8_pages_26-50.md
022-003-089,,022,003,"Gear - Drive Pinion, Primary, Rear Driven Axle",VMRS_HB_COMPLETE_v20 page 8_pages_26-50.md
022-003-090,,022,003,"Ring Gear - Primary, Driven Rear Axle",VMRS_HB_COMPLETE_v20 page 8_pages_26-50.md
022-003-030,,022,003,"Bearing - Drive Pinion, Tail Shaft",VMRS_HB_COMPLETE_v20 page 8_pages_26-50.md
022-003-091,,022,003,Positraction Assembly,VMRS_HB_COMPLETE_v20 page 8_pages_26-50.md
022-003-031,,022,003,"Seal/O-Ring - Rear Bearing Retainer, Drive",VMRS_HB_COMPLETE_v20 page 8_pages_26-50.md
022-003-092,,022,003,Core - Carrier,VMRS_HB_COMPLETE_v20 page 8_pages_26-50.md
022-003-093,,022,003,Governor - Locking Differential,VMRS_HB_COMPLETE_v20 page 8_pages_26-50.md
022-003-032,,022,003,"Seal - Rear Bearing, Drive Pinion Shaft",VMRS_HB_COMPLETE_v20 page 8_pages_26-50.md
022-003-094,,022,003,"Cone - Bearing, Drive Pinion, Front, Differential",VMRS_HB_COMPLETE_v20 page 8_pages_26-50.md
022-003-033,,022,003,"Seal - Front Bearing, Drive Pinion Shaft",VMRS_HB_COMPLETE_v20 page 8_pages_26-50.md
022-003-034,,022,003,"Bearing - Pinion Shaft, Double Reduction",VMRS_HB_COMPLETE_v20 page 8_pages_26-50.md
022-003-095,,022,003,"Cone - Bearing, Drive Pinion, Inner, Differential",VMRS_HB_COMPLETE_v20 page 8_pages_26-50.md
022-003-035,,022,003,Bearing - Idler Planetary Pinion,VMRS_HB_COMPLETE_v20 page 8_pages_26-50.md
022-003-036,,022,003,"Gear - Pinion, Differential",VMRS_HB_COMPLETE_v20 page 8_pages_26-50.md
022-003-096,,022,003,"Cone - Bearing, Drive Pinion, Outer, Differential",VMRS_HB_COMPLETE_v20 page 8_pages_26-50.md
022-003-037,,022,003,"Thrust Washer - Pinion Gear, Differential, Driven",VMRS_HB_COMPLETE_v20 page 8_pages_26-50.md
022-003-097,,022,003,"Cone - Bearing, Drive Pinion, Rear, Differential",VMRS_HB_COMPLETE_v20 page 8_pages_26-50.md
022-003-038,,022,003,Shatt - Differential Pinion (Spider),VMRS_HB_COMPLETE_v20 page 8_pages_26-50.md
022-003-039,,022,003,"Hardware, Mounting - Differential Pinion (Spider)",VMRS_HB_COMPLETE_v20 page 8_pages_26-50.md
022-003-098,,022,003,"Cone - Bearing, Side Carrier, Differential Carrier",VMRS_HB_COMPLETE_v20 page 8_pages_26-50.md
022-003-099,,022,003,Fitting - Differential,VMRS_HB_COMPLETE_v20 page 8_pages_26-50.md
022-003-040,,022,003,Pinion - Planetary Idler,VMRS_HB_COMPLETE_v20 page 8_pages_26-50.md
022-003-100,,022,003,"Hardware, Mounting - Carrier to Housing",VMRS_HB_COMPLETE_v20 page 8_pages_26-50.md
022-003-041,,022,003,Pin - Planetary Idler,VMRS_HB_COMPLETE_v20 page 8_pages_26-50.md
022-003-101,,022,003,"Spacer - Ring Gear, Axle",VMRS_HB_COMPLETE_v20 page 8_pages_26-50.md
022-003-042,,022,003,Plate - Sliding Clutch,VMRS_HB_COMPLETE_v20 page 8_pages_26-50.md
022-003-102,,022,003,"Switch - Indicator Lamp, Carrier Housing, Driven",VMRS_HB_COMPLETE_v20 page 8_pages_26-50.md
022-003-043,,022,003,Collar - Sliding Clutch,VMRS_HB_COMPLETE_v20 page 8_pages_26-50.md
