code_9d,code_6d,system,subcode,description,source_file
022-003-103,,022,003,"Cover - Sleeve, Differential | 022-004-008 | Case - Power Divider Differential",VMRS_HB_COMPLETE_v20 page 8_pages_51-75.md
022-003-104,,022,003,"Shaft - Cross, Differential, Rear Axle | 022-004-009 | Spider - Power Divider Differential",VMRS_HB_COMPLETE_v20 page 8_pages_51-75.md
022-003-105,,022,003,"Adjuster - Differential, Rear Axle | 022-004-010 | Pinion - Power Divider Differential",VMRS_HB_COMPLETE_v20 page 8_pages_51-75.md
022-003-106,,022,003,Cylinder - Pneumatic Bear Ayle | 022-004-011 | Bushing - Pinion Power Divider Differential,VMRS_HB_COMPLETE_v20 page 8_pages_51-75.md
022-000-100,,022,000,Din Cottor Door Avio | 022-004-011 | Sool Drive Shoft Con,VMRS_HB_COMPLETE_v20 page 8_pages_51-75.md
022-003-107,,022,003,"Pill - Collei, Heal Axie | 022-004-012 | Seal - Driven Chaft Can",VMRS_HB_COMPLETE_v20 page 8_pages_51-75.md
022-003-108,,022,003,"Cover - Lock, Carrier | 022-004-013 | Seal - Driven Shalt Cap",VMRS_HB_COMPLETE_v20 page 8_pages_51-75.md
022-003-109,,022,003,"Rod - Differential | 022-004-014 | Gear - Drive, Helical",VMRS_HB_COMPLETE_v20 page 8_pages_51-75.md
022-003-110,,022,003,"Baffle - Bearing, Pinion | 022-004-015 | Gear - Driven, Helical",VMRS_HB_COMPLETE_v20 page 8_pages_51-75.md
022-003-111,,022,003,"Support - Case, Differential | 022-004-016 | Shaft & Bushing - Input",VMRS_HB_COMPLETE_v20 page 8_pages_51-75.md
022-003-112,,022,003,"Pin - Signal Switch, Carrier | 022-004-017 | Shaft & Bushing - Output",VMRS_HB_COMPLETE_v20 page 8_pages_51-75.md
022-003-113,,022,003,Retainer Strap - Yoke | 022-004-018 | Bearing Cap - Drive Or Driven Shaft,VMRS_HB_COMPLETE_v20 page 8_pages_51-75.md
022-003-114,,022,003,"Plug - Shift Fork, Rear Axle | 022-004-019 | Bearing - Power Divider Cage",VMRS_HB_COMPLETE_v20 page 8_pages_51-75.md
022-003-115,,022,003,"Cover - Companion Flange, Rear Differential | 022-004-020 | Clutch Or Sleeve - Shift Lockout",VMRS_HB_COMPLETE_v20 page 8_pages_51-75.md
022-003-116,,022,003,Hardware Mounting - Differential Carrier | 022-004-021 | Fork - Power Divider Shift Lockout,VMRS_HB_COMPLETE_v20 page 8_pages_51-75.md
022-003-117,,022,003,"Cup Boaring Drive Pinion Innor Differential | 022 004 021 | Lover - Power Divider Shift, Lockout",VMRS_HB_COMPLETE_v20 page 8_pages_51-75.md
022-000-117,,022,000,"Cup - Dearling, Drive Finiori, Inner, Differential | 022-004-022 | Chaft Shift Captrol Cross Lackout",VMRS_HB_COMPLETE_v20 page 8_pages_51-75.md
000-000-110,,000,000,"022-004-023 | Shart - Shint Control Cross, Lockout",VMRS_HB_COMPLETE_v20 page 8_pages_51-75.md
022-003-118,,022,003,"Bearing Assembly (Cup and Cone) - Drive | 022-004-024 | Nut - Case, Power Divider",VMRS_HB_COMPLETE_v20 page 8_pages_51-75.md
022-004-025,,022,004,"Pinion, Inner, Differential Carrier | | Plate - Drive Yoke Clamp, Front",VMRS_HB_COMPLETE_v20 page 8_pages_51-75.md
022-003-119,,022,003,"Cup - Bearing, Drive Pinion, Outer, Differential | 022-004-026 | Bolt - Drive Yoke Clamp, Front",VMRS_HB_COMPLETE_v20 page 8_pages_51-75.md
022-004-027,,022,004,"Carrier | | Cone - Bearing, Output Shaft, Inner, Power",VMRS_HB_COMPLETE_v20 page 8_pages_51-75.md
022-003-120,,022,003,Bearing Assembly (Cup and Cone) - Drive | | Divider,VMRS_HB_COMPLETE_v20 page 8_pages_51-75.md
022-004-028,,022,004,"Pinion, Outer, Differential Carrier | | Cup - Bearing, Output Shaft, Inner, Power",VMRS_HB_COMPLETE_v20 page 8_pages_51-75.md
022-003-121,,022,003,"Cone - Bearing, Differential Carrier | | Divider",VMRS_HB_COMPLETE_v20 page 8_pages_51-75.md
022-003-122,,022,003,Bearing Assembly (Cup and Cope) - Differential | 022-004-029 | Bearing & Sleeve - Output Shaft Bear,VMRS_HB_COMPLETE_v20 page 8_pages_51-75.md
022-004-030,,022,004,"OLL OUD ILL | Carrier | | Seal - Output Shaft, Bear Driven Ayle",VMRS_HB_COMPLETE_v20 page 8_pages_51-75.md
022-002-122,,022,002,Guide Plate Control Fork Driven Boar Avla | 022-004-000 | Nut Output Shaft,VMRS_HB_COMPLETE_v20 page 8_pages_51-75.md
022-003-123,,022,003,"Guide Flate - Control Fork, Driven Real Axie | 022-004-031 | Nut - Output Shart",VMRS_HB_COMPLETE_v20 page 8_pages_51-75.md
022-003-124,,022,003,"Trough - Oli, Dillerential, Rear Axie | 022-004-032 | Boil - Case, Divider",VMRS_HB_COMPLETE_v20 page 8_pages_51-75.md
022-003-125,,022,003,Control Valve - Differential Carrier | 022-004-033 | OII Pump Assembly - Driven Rear Axle,VMRS_HB_COMPLETE_v20 page 8_pages_51-75.md
022-003-126,,022,003,"Dial - Control Valve, Differential Carrier | 022-004-034 | Wedge - Automatic Lockout, Power Divider",VMRS_HB_COMPLETE_v20 page 8_pages_51-75.md
022-003-127,,022,003,"Oil Filter - Rear Axle | 022-004-035 | Retaining Ring - Wedge, Automatic Lockout,",VMRS_HB_COMPLETE_v20 page 8_pages_51-75.md
022-003-128,,022,003,"Cover - Filter, Rear Axle | | Inner",VMRS_HB_COMPLETE_v20 page 8_pages_51-75.md
022-003-129,,022,003,"Adapter - Filter | 022-004-036 | Retaining Ring - Wedge, Automatic Lockout,",VMRS_HB_COMPLETE_v20 page 8_pages_51-75.md
022-003-130,,022,003,Screw - Filter Adapter | | Outer,VMRS_HB_COMPLETE_v20 page 8_pages_51-75.md
022-003-131,,022,003,"Washer - Filter Adapter | 022-004-037 | Cam - Automatic Lockout, Inner",VMRS_HB_COMPLETE_v20 page 8_pages_51-75.md
022-003-132,,022,003,"Bracket - Tee, Remote Mounted Breather | 022-004-038 | Cam - Automatic Lockout, Outer",VMRS_HB_COMPLETE_v20 page 8_pages_51-75.md
022-003-133,,022,003,"Housing - Differential, Driven Rear Axle | 022-004-039 | Snap Ring - Input Shaft",VMRS_HB_COMPLETE_v20 page 8_pages_51-75.md
022-003-134,,022,003,"Sending Unit - Temperature, Differential | 022-004-040 | Thrust Washer - Helical Side Gear. Power",VMRS_HB_COMPLETE_v20 page 8_pages_51-75.md
022-003-135,,022,003,Element - Oil Filter Differential Bear | | Divider Differential,VMRS_HB_COMPLETE_v20 page 8_pages_51-75.md
022-003-136,,022,003,Lock Ring - End Yoke Drive Pinion | 022-004-041 | Cone - Bearing Input Shaft Power Divider,VMRS_HB_COMPLETE_v20 page 8_pages_51-75.md
022-003-137,,022,003,"Pump - Hydraulic, Differential Clutch | 022-004-047 | Cup - Bearing, Input Shaft, Power Divider",VMRS_HB_COMPLETE_v20 page 8_pages_51-75.md
022-000-107,,022,000,Solonoid Hydraulic Pump Difforential Clutch | 022-004-042 | Washer Spacer Input Shaft Bearing,VMRS_HB_COMPLETE_v20 page 8_pages_51-75.md
022-003-139,,022,003,"Control Module - Differential | 022-004-044 | Washer - Flat, Input Shart Yoke Nut",VMRS_HB_COMPLETE_v20 page 8_pages_51-75.md
022-003-140,,022,003,"Pin - Side Gear, Dillerential | 022-004-045 | Gear - Pinion, Helical",VMRS_HB_COMPLETE_v20 page 8_pages_51-75.md
022-003-141,,022,003,"Gear Set - Bevel, Intermediate | 022-004-046 | Side Pinion & Spider Kit - Power Divider",VMRS_HB_COMPLETE_v20 page 8_pages_51-75.md
022-003-142,,022,003,"Bearing - Pilot, Differential Pinion | | Differential",VMRS_HB_COMPLETE_v20 page 8_pages_51-75.md
022-003-143,,022,003,Magnet | 022-004-047 | Felt Oiler - Piston,VMRS_HB_COMPLETE_v20 page 8_pages_51-75.md
022-003-144,,022,003,Lock - Differential | 022-004-048 | Grommet (O-Ring) - Piston,VMRS_HB_COMPLETE_v20 page 8_pages_51-75.md
022-003-145,,022,003,Shift Fork - Differential Lock | 022-004-049 | Shim - Power Divider Case,VMRS_HB_COMPLETE_v20 page 8_pages_51-75.md
022-003-146,,022,003,"Actuator - Lock, Differential | 022-004-050 | Gasket - Thru Shaft (Output)",VMRS_HB_COMPLETE_v20 page 8_pages_51-75.md
022-003-147,,022,003,"Gasket - Actuator Lock, Differential | 022-004-051 | Bolt - Lockout",VMRS_HB_COMPLETE_v20 page 8_pages_51-75.md
022-003-148,,022,003,Bushing - Carrier Differential | 022-004-052 | Nut - Bolt Lockout,VMRS_HB_COMPLETE_v20 page 8_pages_51-75.md
022-003-150,,022,003,Mount Housing Differential | 022-004-000 | Difforential,VMRS_HB_COMPLETE_v20 page 8_pages_51-75.md
022-003-151,,022,003,"Clamp - Housing Mount, Differential | 022-004-054 | Spacer - Idler Gear Cone",VMRS_HB_COMPLETE_v20 page 8_pages_51-75.md
022-003-152,,022,003,"Insulator - Housing Mount, Differential | 022-004-055 | Collar - Thru Shall (Oulput), Rear",VMRS_HB_COMPLETE_v20 page 8_pages_51-75.md
022-003-153,,022,003,"Support - Housing, Differential | 022-004-056 | Lock - Bearing, Output Shaft",VMRS_HB_COMPLETE_v20 page 8_pages_51-75.md
022-003-154,,022,003,"Heat Shield, Housing Support, Differential | 022-004-057 | Spacer - Bearing, Thru Shaft (Output)",VMRS_HB_COMPLETE_v20 page 8_pages_51-75.md
022-003-155,,022,003,"Sensor - Axle Temperature | 022-004-058 | Washer - Yoke, Output Shaft, Power Divider",VMRS_HB_COMPLETE_v20 page 8_pages_51-75.md
022-003-156,,022,003,Shim - Differential Lock | | Differential,VMRS_HB_COMPLETE_v20 page 8_pages_51-75.md
022-003-157,,022,003,"Support Bracket - Differential | 022-004-059 | Washer - Thru Shaft (Output), Power Divider",VMRS_HB_COMPLETE_v20 page 8_pages_51-75.md
022-003-158,,022,003,"Lock - Adjuster, Bearing Cap, Differential Carrier | | Differential",VMRS_HB_COMPLETE_v20 page 8_pages_51-75.md
022-003-159,,022,003,"Retainer - Sun Gear, Differential Carrier | 022-004-060 | Bushing - Inter-Axle Case",VMRS_HB_COMPLETE_v20 page 8_pages_51-75.md
022-004-000,,022,004,Power Divider & Inter-Axle Differential | 022-004-061 | Dowel - Power Divider Case Cover,VMRS_HB_COMPLETE_v20 page 8_pages_51-75.md
022-004-001,,022,004,Power Divider & Inter-Axle Differential Assembly | 022-004-062 | Inter-Axle Kit,VMRS_HB_COMPLETE_v20 page 8_pages_51-75.md
022-004-063,,022,004,"-Complete, Driven, Rear | | Washer - Differential Pinion. Power Divider",VMRS_HB_COMPLETE_v20 page 8_pages_51-75.md
022-004-002,,022,004,Case - Power Divider | | Differential,VMRS_HB_COMPLETE_v20 page 8_pages_51-75.md
022-004-003,,022,004,Mounting - Power Divider | 022-004-064 | Gear - Side Inter-Axle,VMRS_HB_COMPLETE_v20 page 8_pages_51-75.md
022-004-004,,022,004,Cover - Power Divider Case | 022-004-065 | Thrust Washer - Forward Side Gear Power,VMRS_HB_COMPLETE_v20 page 8_pages_51-75.md
,004-001,004,001,UZZ- | Differential Assembly - Power Divider | | Differitia,VMRS_HB_COMPLETE_v20 page 8_pages_51-75.md
022-004-067,,022,004,Bushing - Helical Driven Gear | | Differential,VMRS_HB_COMPLETE_v20 page 8_pages_51-75.md
022-004-068,,022,004,Snap Ring - Helical Driven Gear | 022-004-132 | O-Ring - Input Bearing Cage,VMRS_HB_COMPLETE_v20 page 8_pages_51-75.md
022-004-069,,022,004,Key - Helical Driven Gear | 022-004-133 | Cup - Rear Side Gear Bearing,VMRS_HB_COMPLETE_v20 page 8_pages_51-75.md
022-004-070,,022,004,"Bearing Assembly (Cup and Cone) - Input Shaft, | 022-004-134 | Element - Oil Filter, Power Divider Differential",VMRS_HB_COMPLETE_v20 page 8_pages_51-75.md
022-004-135,,022,004,Power Divider | | Cone - Rear Side Gear Bearing,VMRS_HB_COMPLETE_v20 page 8_pages_51-75.md
022-004-071,,022,004,Cage - Input Bearing | 022-004-136 | Valve - Lockout Air Control Assembly,VMRS_HB_COMPLETE_v20 page 8_pages_51-75.md
022-004-072,,022,004,"Washer - Input Bearing, Power Divider | 022-004-137 | Lockout Cylinder Assembly - Power Divider",VMRS_HB_COMPLETE_v20 page 8_pages_51-75.md
022-004-138,,022,004,"Differential | | Diaphragm - Lockout Cylinder, Power Divider",VMRS_HB_COMPLETE_v20 page 8_pages_51-75.md
022-004-073,,022,004,"Yoke - Input Shaft, Rear Center | 022-004-139 | Lock Ring - Input Shaft",VMRS_HB_COMPLETE_v20 page 8_pages_51-75.md
022-004-074,,022,004,Sleeve - Input Shaft Yoke | 022-004-140 | Nut - Countershaft,VMRS_HB_COMPLETE_v20 page 8_pages_51-75.md
022-004-075,,022,004,Nut - Input Shaft Yoke | 022-004-141 | Gear - Countershaft,VMRS_HB_COMPLETE_v20 page 8_pages_51-75.md
022-004-077,,022,004,"Shim - Cover, Input Bearing | 022-004-142 | Countershaft",VMRS_HB_COMPLETE_v20 page 8_pages_51-75.md
022-004-078,,022,004,Gear - Output Shaft | 022-004-143 | Cover - Through-Drive,VMRS_HB_COMPLETE_v20 page 8_pages_51-75.md
022-004-079,,022,004,Snap Ring - Output Shaft Gear | 022-004-144 | Seal - Differential Lock Switch,VMRS_HB_COMPLETE_v20 page 8_pages_51-75.md
022-004-080,,022,004,"Bushing - Output Shaft, Rear Axle Power Divider | 022-004-145 | Seal Ring - Sensor, Power Divider",VMRS_HB_COMPLETE_v20 page 8_pages_51-75.md
022-004-081,,022,004,"O-Ring - Output Shaft, Driven Rear Axle | 022-004-146 | O-Ring - Cap Cover",VMRS_HB_COMPLETE_v20 page 8_pages_51-75.md
022-004-082,,022,004,Yoke - Output Shaft | 022-005-000 | Axle Controls - Air Or Vacuum,VMRS_HB_COMPLETE_v20 page 8_pages_51-75.md
022-004-083,,022,004,Sleeve - Thru Shaft Yoke | 022-005-001 | Fork & Shaft - Shift Assembly,VMRS_HB_COMPLETE_v20 page 8_pages_51-75.md
022-004-084,,022,004,"Snap Ring - Output Bearing | 022-005-002 | Yoke - Double Reduction, Shifter",VMRS_HB_COMPLETE_v20 page 8_pages_51-75.md
022-004-085,,022,004,Oil Pump Kit | 022-005-003 | Lever - Double Reduction Shifter,VMRS_HB_COMPLETE_v20 page 8_pages_51-75.md
022-004-086,,022,004,Cover - Pump | 022-005-004 | Lock Pin - Double Reduction Shifter,VMRS_HB_COMPLETE_v20 page 8_pages_51-75.md
022-004-087,,022,004,"Shaft - Pump Drive | 022-005-005 | Lever - Yoke Shaft, Double Reduction Shifter",VMRS_HB_COMPLETE_v20 page 8_pages_51-75.md
022-004-088,,022,004,Washer - Pump Shaft | 022-005-006 | Seal - Double Reduction Shifter,VMRS_HB_COMPLETE_v20 page 8_pages_51-75.md
022-004-089,,022,004,Snap Ring - Pump Shaft | 022-005-007 | Shaft - Yoke Double Reduction Shifter,VMRS_HB_COMPLETE_v20 page 8_pages_51-75.md
022-004-091,,022,004,"Gear - Idler, Pump Driven | 022-005-009 | Clutch - Double Reduction Shifter",VMRS_HB_COMPLETE_v20 page 8_pages_51-75.md
022-004-092,,022,004,Shaft Dump Idlor | 022-005-010 | Soloctor Valvo Assombly,VMRS_HB_COMPLETE_v20 page 8_pages_51-75.md
022-004-095,,022,004,O Ping Lubo Pump | 022-005-011 | Cylindor Air Shift,VMRS_HB_COMPLETE_v20 page 8_pages_51-75.md
022-004-094,,022,004,O-Rilly - Lube FullipBall Dump Daliaf Valva | 022-005-012 | Hand Control Air Or Voouum Two Spood,VMRS_HB_COMPLETE_v20 page 8_pages_51-75.md
022-004-090,,022,004,Spring - Fump Relief Valve | 022-005-014 | Control Volvo Voouum Drivon Door Aylo,VMRS_HB_COMPLETE_v20 page 8_pages_51-75.md
022-004-097,,022,004,"Plug - Pump Relief Valve | 022-005-015 | Control Valve - Vacuum, Driven Real Axie",VMRS_HB_COMPLETE_v20 page 8_pages_51-75.md
022-004-100,,022,004,Sear - Oli Input | 022-005-017 | Disphragm Vacuum Chiff Oulinder,VMRS_HB_COMPLETE_v20 page 8_pages_51-75.md
022-004-101,,022,004,Ring Gear & Pinion - Driven Rear Axie | 022-005-018 | Diaphragm - vacuum Shiit Cylinder,VMRS_HB_COMPLETE_v20 page 8_pages_51-75.md
022-004-102,,022,004,"NUL - YOKE END | 022-005-019 | Gasket - Flange, Vacuum Shilt",VMRS_HB_COMPLETE_v20 page 8_pages_51-75.md
022-004-103,,022,004,"Inru Snatt | 022-005-020 | Sleeve - Mounting, vacuum Snift",VMRS_HB_COMPLETE_v20 page 8_pages_51-75.md
022-004-104,,022,004,"wasner - Multiple Locations, Power Train | 022-005-021 | Seal - Mounting Sleeve, vacuum Shift",VMRS_HB_COMPLETE_v20 page 8_pages_51-75.md
000-004-405,,000,004,Components | 022-005-022 | Line - Air Or Vacuum Shift,VMRS_HB_COMPLETE_v20 page 8_pages_51-75.md
022-004-105,,022,004,"Hardware, Mounting - Power Divider / Inter-Axle | 022-005-023 | Cover - Air Shift Cylinder Diaphragm",VMRS_HB_COMPLETE_v20 page 8_pages_51-75.md
000-004-400,,000,004,Differential Assembly | 022-005-024 | Push Rod - Air Shift Cylinder,VMRS_HB_COMPLETE_v20 page 8_pages_51-75.md
022-004-106,,022,004,"Chamber - Air, Differential Lock, Driven Rear | 022-005-025 | Spring - Air Shift Cylinder",VMRS_HB_COMPLETE_v20 page 8_pages_51-75.md
022-005-026,,022,005,Axle | | Housing - Air Shift Cylinder,VMRS_HB_COMPLETE_v20 page 8_pages_51-75.md
022-004-107,,022,004,"Switch - Differential Lock | 022-005-027 | Cover - Housing, Air Shift Cylinder",VMRS_HB_COMPLETE_v20 page 8_pages_51-75.md
022-004-108,,022,004,"Line, Air - Inter-Axle Differential | 022-005-028 | Gasket - Housing Cover, Air Shift Cylinder",VMRS_HB_COMPLETE_v20 page 8_pages_51-75.md
022-004-109,,022,004,"Fitting, Air Line - Inter-Axle Differential | 022-005-029 | Lever - Air Shift Cylinder, Inner",VMRS_HB_COMPLETE_v20 page 8_pages_51-75.md
022-004-110,,022,004,"Pipe - Pump, Rear Axle | 022-005-030 | Repair Kit - Air Or Vacuum, Two Speed Hand",VMRS_HB_COMPLETE_v20 page 8_pages_51-75.md
022-004-111,,022,004,"Screen - Pump, Axle | | Control",VMRS_HB_COMPLETE_v20 page 8_pages_51-75.md
022-004-112,,022,004,"Manifold - Bypass, Axle Housing | 022-005-031 | Ball - Shift Fork",VMRS_HB_COMPLETE_v20 page 8_pages_51-75.md
022-004-113,,022,004,Differential Lockout - Inter-Axle | 022-005-032 | Washer - Interlock Lever,VMRS_HB_COMPLETE_v20 page 8_pages_51-75.md
022-004-114,,022,004,"Split Torque - Differential, Inter-Axle | 022-005-033 | Pin - Shift Lock",VMRS_HB_COMPLETE_v20 page 8_pages_51-75.md
022-004-115,,022,004,"Membrane - Housing, Carrier | 022-005-034 | Handle - Interlock Valve",VMRS_HB_COMPLETE_v20 page 8_pages_51-75.md
022-004-116,,022,004,"Cover - Membrane, Carrier Housing | 022-005-035 | Grommet - Lock Out Rod",VMRS_HB_COMPLETE_v20 page 8_pages_51-75.md
022-004-117,,022,004,"Bearing Assembly (Cup and Cone) - Output | 022-005-036 | Seal - Shift Fork Rod, Air Shift Cylinder",VMRS_HB_COMPLETE_v20 page 8_pages_51-75.md
022-005-037,,022,005,"Shaft, Inner, Power Divider | | Stop - Piston, Air Shift Cylinder",VMRS_HB_COMPLETE_v20 page 8_pages_51-75.md
022-004-118,,022,004,"Coupling - Drive, Lube Pump | 022-005-038 | Hose - Inter Axle Differential Lock",VMRS_HB_COMPLETE_v20 page 8_pages_51-75.md
022-004-119,,022,004,"Ring - Sliding, Input Shaft | 022-005-039 | Sensor, Power Switch - Differential Lock",VMRS_HB_COMPLETE_v20 page 8_pages_51-75.md
022-004-120,,022,004,"Housing - Carrier, Inter-Axle Differential | 022-005-040 | Hardware, Mounting - Shift Assembly, Fork &",VMRS_HB_COMPLETE_v20 page 8_pages_51-75.md
022-004-121,,022,004,Sensor - Power Divider Differential Lock | | Shaft,VMRS_HB_COMPLETE_v20 page 8_pages_51-75.md
022-004-122,,022,004,Input Cover - Inter-Axle Differential | 022-005-041 | Air Shift Assembly,VMRS_HB_COMPLETE_v20 page 8_pages_51-75.md
022-004-123,,022,004,"Filter - Suction, Power Divider Differential | 022-005-042 | Filter - Air Shift",VMRS_HB_COMPLETE_v20 page 8_pages_51-75.md
022-004-124,,022,004,Planetary Gear - Inter-Axle Differential | 022-005-043 | Ratio Converter - 2-speed,VMRS_HB_COMPLETE_v20 page 8_pages_51-75.md
022-004-125,,022,004,"Carrier - Planetary Gear, Inter-Axle Differential | 022-005-044 | Switch - Air Shift",VMRS_HB_COMPLETE_v20 page 8_pages_51-75.md
022-004-126,,022,004,"Breather - Internal, Power Divider Differential | 022-005-045 | Control - Remote Air Control, Driven Rear Axle",VMRS_HB_COMPLETE_v20 page 8_pages_51-75.md
022-004-127,,022,004,"Ring Gear - Planetary Carrier, Inter-Axle | 022-005-046 | Solenoid - Remote Air Control, Driven Rear Axle",VMRS_HB_COMPLETE_v20 page 8_pages_51-75.md
022-005-047,,022,005,"Differential | | Shoe - Slide, Fork, Axle",VMRS_HB_COMPLETE_v20 page 8_pages_51-75.md
022-004-128,,022,004,"Hub - Ring Gear, Planetary Carrier, Inter-Axle | 022-005-048 | Piston - Shift Unit, Rear Axle",VMRS_HB_COMPLETE_v20 page 8_pages_51-75.md
022-005-049,,022,005,"Differential | | Bearing - Cover, Shift Unit",VMRS_HB_COMPLETE_v20 page 8_pages_51-75.md
022-004-129,,022,004,"Control Valve - Power Carrier | 022-005-050 | Pin - Clevis, Shift Unit",VMRS_HB_COMPLETE_v20 page 8_pages_51-75.md
022-004-130,,022,004,"Dial - Control Valve, Power Divider | 022-005-051 | Valve - Air Shift",VMRS_HB_COMPLETE_v20 page 8_pages_51-75.md
022-004-131,,022,004,"Thru Shaft Assembly (Output) - Power Divider | 022-005-052 | Bracket - Valve, Air Shift",VMRS_HB_COMPLETE_v20 page 8_pages_51-75.md
022-005-053,,022,005,"Clamp - Solenoid, Differential Lock, Power | | Drive Axle",VMRS_HB_COMPLETE_v20 page 8_pages_51-75.md
022-008-023,,022,008,"Divider | | Lock Ring - Wheel Hub Bearing, Portal",VMRS_HB_COMPLETE_v20 page 8_pages_51-75.md
022-005-054,,022,005,"Block - Rear Axle Shift Sliding | | Assembly, Rear Drive Axle",VMRS_HB_COMPLETE_v20 page 8_pages_51-75.md
022-006-000,,022,006,"Axle Controls - Electric Shift | 022-008-024 | Flange - Hub, ABS Rotor, Portal Assembly, Rear",VMRS_HB_COMPLETE_v20 page 8_pages_51-75.md
022-006-001,,022,006,Cover - Shift Motor | | Drive Axle,VMRS_HB_COMPLETE_v20 page 8_pages_51-75.md
022-006-002,,022,006,"Cover - Drive Screw Bearing | 022-008-025 | Spider - Planetary Hub, Portal Assembly, Rear",VMRS_HB_COMPLETE_v20 page 8_pages_51-75.md
022-006-003,,022,006,"Cover - Shift Housing, Driven Rear Axle | | Drive Axle",VMRS_HB_COMPLETE_v20 page 8_pages_51-75.md
022-006-004,,022,006,"Gasket - Bearing Cover, Driven Rear Axle | 022-008-026 | Hub & Rotor Assembly - Rear, Complete, Portal",VMRS_HB_COMPLETE_v20 page 8_pages_51-75.md
022-006-005,,022,006,"Gasket - Cover, Shift Motor | | Assembly, Rear Drive Axle",VMRS_HB_COMPLETE_v20 page 8_pages_51-75.md
022-006-006,,022,006,"Gasket - Cover, Shift Housing | 022-008-027 | Hub - Planetary Ring Gear, Portal Assembly",VMRS_HB_COMPLETE_v20 page 8_pages_51-75.md
022-006-007,,022,006,Housing - Shift Motor | 011 000 011 | Rear Drive Axle,VMRS_HB_COMPLETE_v20 page 8_pages_51-75.md
022-006-008,,022,006,Lever - Actuating Shift Fork | 022-008-028 | Slinger - Grease Hub Portal Assembly Rear,VMRS_HB_COMPLETE_v20 page 8_pages_51-75.md
022-006-009,,022,006,Motor - Electric Bear Ayle Shaft | 022 000 020 | Drive Ayle,VMRS_HB_COMPLETE_v20 page 8_pages_51-75.md
022-006-010,,022,006,Drive Screw Assembly | 022-008-029 | Pinion - Planetary Hub Portal Assembly Rear,VMRS_HB_COMPLETE_v20 page 8_pages_51-75.md
022-000-010,,022,000,Shaft - Shift Fork Lever | 022 000 025 | Drive Ayle,VMRS_HB_COMPLETE_v20 page 8_pages_51-75.md
022-006-012,,022,006,Switch - Automatic | 022-008-030 | Spindle - Planetary Hub Portal Assembly Rear,VMRS_HB_COMPLETE_v20 page 8_pages_51-75.md
022-000-012,,022,000,Switch Goar Shift Lover | 022-000-000 | Drive Ayle,VMRS_HB_COMPLETE_v20 page 8_pages_51-75.md
022-000-014,,022,000,Delay Accomply Coar Shift Lover Switch | 000 000 001 | Thrust Din Dianotony Hub Dortol Accomply,VMRS_HB_COMPLETE_v20 page 8_pages_51-75.md
022-000-015,,022,000,"Mounting Procket Two Speed Switch | 022-000-031 | Thrust Piri - Planetary Hub, Portal Assembly,",VMRS_HB_COMPLETE_v20 page 8_pages_51-75.md
022-000-017,,022,000,"Repuild Kit - Electric Shill | 022-008-032 | Counter Piece - Planetary Hub, Portal Assembly,",VMRS_HB_COMPLETE_v20 page 8_pages_51-75.md
022-000-018,,022,000,Winng Harness - Electronic Shill Axie Controls | 000 000 000 | Rear Drive Axie,VMRS_HB_COMPLETE_v20 page 8_pages_51-75.md
022-006-019,,022,006,"Hardware, Mounting - Shitt Motor Cover | 023-000-000 | Clutch System",VMRS_HB_COMPLETE_v20 page 8_pages_51-75.md
022-006-020,,022,006,"Electric Shift Assembly | 023-001-000 | Control Assembly - Mechanical, Clutch",VMRS_HB_COMPLETE_v20 page 8_pages_51-75.md
022-006-021,,022,006,"Clamp - Switch, Electric Shift | 023-001-001 | Pedal - Clutch",VMRS_HB_COMPLETE_v20 page 8_pages_51-75.md
022-007-000,,022,007,"Axle Assemblies - Driven, Rear | 023-001-002 | Pad - Clutch Pedal",VMRS_HB_COMPLETE_v20 page 8_pages_51-75.md
022-007-001,,022,007,Axle Housing & Differential Carrier Assembly - | 023-001-003 | Return Spring - Clutch Pedal,VMRS_HB_COMPLETE_v20 page 8_pages_51-75.md
023-001-004,,023,001,"Complete, Driven, Rear | | Support - Clutch Pedal",VMRS_HB_COMPLETE_v20 page 8_pages_51-75.md
022-007-002,,022,007,Axle Housing & Power Divider Assembly - | 023-001-005 | Shaft - Clutch Pedal,VMRS_HB_COMPLETE_v20 page 8_pages_51-75.md
023-001-006,,023,001,"Complete, Driven, Rear | | Bushing - Shaft, Clutch Pedal",VMRS_HB_COMPLETE_v20 page 8_pages_51-75.md
022-007-003,,022,007,Axle Housing & Differential Carrier Assembly w/ | 023-001-007 | Linkage - Clutch Pedal,VMRS_HB_COMPLETE_v20 page 8_pages_51-75.md
023-001-008,,023,001,"Wheel End Components - Complete, Driven, | | Rod - Clutch Pedal To Intermediate Lever",VMRS_HB_COMPLETE_v20 page 8_pages_51-75.md
023-001-009,,023,001,"Rear | | Hardware, Mounting - Clutch Pedal to",VMRS_HB_COMPLETE_v20 page 8_pages_51-75.md
022-007-004,,022,007,Axle Housing & Power Divider Assembly w/ | | Intermediate Lever Rod,VMRS_HB_COMPLETE_v20 page 8_pages_51-75.md
023-001-010,,023,001,"Wheel End Components - Complete, Driven, | | Lever - Intermediate, Clutch Pedal",VMRS_HB_COMPLETE_v20 page 8_pages_51-75.md
023-001-011,,023,001,"Rear | | Hardware, Mounting - Intermediate Clutch Pedal",VMRS_HB_COMPLETE_v20 page 8_pages_51-75.md
022-008-000,,022,008,Portal Assembly - Rear Driven Axle | | Lever,VMRS_HB_COMPLETE_v20 page 8_pages_51-75.md
022-008-001,,022,008,"Portal Assembly - Complete, Rear Driven Axle | 023-001-012 | Countershaft Assembly - Clutch Control",VMRS_HB_COMPLETE_v20 page 8_pages_51-75.md
022-008-002,,022,008,Housing - Outer Portal Assembly Bear Driven | 023-001-013 | Hardware Mounting - Clutch Control,VMRS_HB_COMPLETE_v20 page 8_pages_51-75.md
022-000-002,,022,000,Axle | 020 001 010 | Countershaft Assembly,VMRS_HB_COMPLETE_v20 page 8_pages_51-75.md
022-008-003,,022,008,"Ball Bearing - Input Shaft, Portal Assembly | 023-001-014 | Cable - Intermediate Lever To Clutch Belease",VMRS_HB_COMPLETE_v20 page 8_pages_51-75.md
022-008-004,,022,008,Seal - Dust Input Shaft Portal Assembly Rear | 020 001 014 | Fork,VMRS_HB_COMPLETE_v20 page 8_pages_51-75.md
022-000-004,,022,000,Driven Ayle | 023-001-015 | Rod - Countershaft To Clutch Belease Fork,VMRS_HB_COMPLETE_v20 page 8_pages_51-75.md
022-008-005,,022,008,Lock Ding Input Shaft Dortal Doar Avia | 023 001 016 | Hardware Mounting Countershaft to Clutch,VMRS_HB_COMPLETE_v20 page 8_pages_51-75.md
022-000-005,,022,000,Washer Fitted Input Shaft Dortal Assembly | 023-001-010 | Polooco Fork Pod,VMRS_HB_COMPLETE_v20 page 8_pages_51-75.md
022-000-000,,022,000,"Washer - Filled, Input Shart, Fortal Assembly, | 000 001 017 | Release FOIR HOU",VMRS_HB_COMPLETE_v20 page 8_pages_51-75.md
000-000-007,,000,000,Driven Rear Axie | 023-001-017 | Pulley - Cable,VMRS_HB_COMPLETE_v20 page 8_pages_51-75.md
022-008-007,,022,008,"Spacer - Input Shall, Portal | 023-001-018 | Fork - Clutch Release",VMRS_HB_COMPLETE_v20 page 8_pages_51-75.md
022-008-008,,022,008,"Seal - Input Snatt, Portal | 023-001-019 | Hardware, Mounting - Clutch Release Fork",VMRS_HB_COMPLETE_v20 page 8_pages_51-75.md
022-008-009,,022,008,"Gear - Spur, Input, Portal Assembly , Driven | 023-001-020 | Stud - Ball, Clutch Release Fork",VMRS_HB_COMPLETE_v20 page 8_pages_51-75.md
023-001-021,,023,001,"Rear Axle | | Spring - Tension, Clutch Release Fork",VMRS_HB_COMPLETE_v20 page 8_pages_51-75.md
022-008-010,,022,008,"Hardware, Mounting - Portal Assembly, Rear | 023-001-022 | Bearing - Clutch Release",VMRS_HB_COMPLETE_v20 page 8_pages_51-75.md
023-001-023,,023,001,Driven Axle | | Support Assembly - Clutch Release Bearing,VMRS_HB_COMPLETE_v20 page 8_pages_51-75.md
022-008-011,,022,008,"Bearing - Output Shaft, Inner, Rear Drive Axle, | 023-001-024 | Retainer - Clutch Release Bearing Support",VMRS_HB_COMPLETE_v20 page 8_pages_51-75.md
023-001-025,,023,001,"Portal Assembly | | Tube, Grease - Release Bearing",VMRS_HB_COMPLETE_v20 page 8_pages_51-75.md
022-008-012,,022,008,"Gear - Side, Output, Portal Assembly , Driven | 023-001-026 | Master Cylinder Assembly - Clutch",VMRS_HB_COMPLETE_v20 page 8_pages_51-75.md
023-001-027,,023,001,Rear Axle | | Piston - Clutch Master Cylinder,VMRS_HB_COMPLETE_v20 page 8_pages_51-75.md
022-008-013,,022,008,"Bearing - Output Shaft, Center, Rear Drive Axle, | 023-001-028 | Body - Clutch Master Cylinder",VMRS_HB_COMPLETE_v20 page 8_pages_51-75.md
023-001-029,,023,001,Portal Assembly | | Cup - Clutch Master Cylinder,VMRS_HB_COMPLETE_v20 page 8_pages_51-75.md
022-008-014,,022,008,"Bearing - Cylinder, Outer, Output Shaft, Portal | 023-001-030 | Line - Hydraulic, Clutch Master Cylinder",VMRS_HB_COMPLETE_v20 page 8_pages_51-75.md
023-001-031,,023,001,Assembly | | Slave Cylinder Assembly - Clutch,VMRS_HB_COMPLETE_v20 page 8_pages_51-75.md
022-008-015,,022,008,"Seal - Output Shaft, Rear Portal Assembly | 023-001-032 | Body - Clutch Slave Cylinder",VMRS_HB_COMPLETE_v20 page 8_pages_51-75.md
022-008-016,,022,008,"Spacer - Output Shaft, Portal Assembly, Rear | 023-001-033 | Piston - Clutch Slave Cylinder",VMRS_HB_COMPLETE_v20 page 8_pages_51-75.md
023-001-034,,023,001,Axle | | Cup - Clutch Slave Cylinder,VMRS_HB_COMPLETE_v20 page 8_pages_51-75.md
022-008-017,,022,008,"Seal Kit - Portal Assembly, Rear Drive Axle | 023-001-035 | Clevis - Clutch Pedal Linkage",VMRS_HB_COMPLETE_v20 page 8_pages_51-75.md
022-008-018,,022,008,"Guide - Seal, Portal Assembly, Rear Drive Axle | 023-001-036 | Bearing - Cross Shaft Bracket",VMRS_HB_COMPLETE_v20 page 8_pages_51-75.md
022-008-019,,022,008,"Cover - Gear, Planetary Hub, Portal Assembly | 023-001-037 | Rod - Extension, Return Spring",VMRS_HB_COMPLETE_v20 page 8_pages_51-75.md
023-001-038,,023,001,"Rear Drive Axle | | Lever - Adjusting, Clutch Release",VMRS_HB_COMPLETE_v20 page 8_pages_51-75.md
022-008-020,,022,008,"Shaft - Gear, Planetary Hub, Portal Assembly | 023-001-039 | Yoke - Relay Rod Lever",VMRS_HB_COMPLETE_v20 page 8_pages_51-75.md
023-001-040,,023,001,Rear Drive Axle | | Shaft - Clutch Belease Fork,VMRS_HB_COMPLETE_v20 page 8_pages_51-75.md
022-008-021,,022,008,Gear - Planetary Hub Portal Assembly Rear | 023-001-041 | Bushing - Shaft Clutch Release Linkage,VMRS_HB_COMPLETE_v20 page 8_pages_51-75.md
023-001-042,,023,001,Drive Axle | | Boot - Shaft Clutch Pedal,VMRS_HB_COMPLETE_v20 page 8_pages_51-75.md
022-008-022,,022,008,"Shim - Planetary Hub, Portal Assembly, Rear | 023-001-043 | Plug - Sealing Cross Shaft",VMRS_HB_COMPLETE_v20 page 8_pages_51-75.md
020-001-040,,020,001,"onin Tranolary has, Forlar Assembly, hear | | ring beaming, bross brian",VMRS_HB_COMPLETE_v20 page 8_pages_51-75.md
023-001-044,,023,001,"Foot Control Assembly - Pneumatic, Clutch | 023-001-120 | Bracket - Brake/Clutc",VMRS_HB_COMPLETE_v20 page 8_pages_51-75.md
023-001-046,,023,001,"Control Assembly - Hydraulic, Clutch | 023-001-121 | Stop - Pedal",VMRS_HB_COMPLETE_v20 page 8_pages_51-75.md
023-001-047,,023,001,Fitting Grease Tube - Release Bearing | 023-001-122 | Coupling Set - Pedal,VMRS_HB_COMPLETE_v20 page 8_pages_51-75.md
022-001-047,,022,001,Nut Grosso Fitting Tubo | 022 001 124 | Soal Clutch Poloase,VMRS_HB_COMPLETE_v20 page 8_pages_51-75.md
023-001-049,,023,001,Repair Kit - Clutch Slave Cylinder | 023-001-125 | Release Kit - Clutch,VMRS_HB_COMPLETE_v20 page 8_pages_51-75.md
023-001-050,,023,001,"Bumper - Clutch Pedal | 023-001-126 | Hardware, Mounting",VMRS_HB_COMPLETE_v20 page 8_pages_51-75.md
023-001-051,,023,001,"Bracket - Clutch Pedal Bumper | 023-001-127 | Hardware, Mounting -",VMRS_HB_COMPLETE_v20 page 8_pages_51-75.md
023-001-052,,023,001,O-Ring - Hydraulic Clutch Cylinder | 023-001-128 | Spacer - Clutch Peda,VMRS_HB_COMPLETE_v20 page 8_pages_51-75.md
023-001-053,,023,001,Felt - Clutch Pedal | 023-001-129 | Boot - Clutch Master,VMRS_HB_COMPLETE_v20 page 8_pages_51-75.md
023-001-054,,023,001,Retainer - Clutch Pedal Rod Felt | 023-001-130 | Isolator - Clutch Linka,VMRS_HB_COMPLETE_v20 page 8_pages_51-75.md
023-001-055,,023,001,Lever - Clutch Pull Back Return Spring | 023-001-131 | Fitting - Air Line,VMRS_HB_COMPLETE_v20 page 8_pages_51-75.md
023-001-056,,023,001,Repair Kit - Clutch Release | 023-001-132 | Hub - Lever Intermed,VMRS_HB_COMPLETE_v20 page 8_pages_51-75.md
023-001-057,,023,001,Bracket - Frame Pedal | 023-001-133 | Guide - Clutch Bod,VMRS_HB_COMPLETE_v20 page 8_pages_51-75.md
023-001-058,,023,001,Grosso Fitting Clutch Linkago | 023 001 134 | Potainor Soal Cluto,VMRS_HB_COMPLETE_v20 page 8_pages_51-75.md
020-001-050,,020,001,Tube Clutch Dedel Shaft | 020-001-104 | Hub Lover Clutch,VMRS_HB_COMPLETE_v20 page 8_pages_51-75.md
023-001-059,,023,001,"Tube - Ciulon Pedal Shart | 023-001-135 | Hub - Level, Clutch A",VMRS_HB_COMPLETE_v20 page 8_pages_51-75.md
023-001-060,,023,001,"Tube - Grease Filling | 023-001-136 | End - Rod, Clutch Co",VMRS_HB_COMPLETE_v20 page 8_pages_51-75.md
023-001-061,,023,001,Bracket - Remote Clutch Lube | 023-001-137 | Cap - Hydraulic Maste,VMRS_HB_COMPLETE_v20 page 8_pages_51-75.md
023-001-062,,023,001,Bracket - Clutch Switch | 023-001-138 | Adapter - Hydraulic C,VMRS_HB_COMPLETE_v20 page 8_pages_51-75.md
023-001-063,,023,001,Arm - Idler | 023-001-139 | Lever & Bracket Asse,VMRS_HB_COMPLETE_v20 page 8_pages_51-75.md
023-001-064,,023,001,Bushing - Idler Arm | 023-001-140 | Support Bracket - Clu,VMRS_HB_COMPLETE_v20 page 8_pages_51-75.md
023-001-065,,023,001,"Bracket - Spring Anchor | 023-001-141 | Bushing - Isolator, Clu",VMRS_HB_COMPLETE_v20 page 8_pages_51-75.md
023-001-066,,023,001,Clip - Return Spring | 023-001-142 | Gasket - Clutch Maste,VMRS_HB_COMPLETE_v20 page 8_pages_51-75.md
023-001-067,,023,001,"Link - Arm. Upper | 023-001-143 | Bracket - Reservoir, 0",VMRS_HB_COMPLETE_v20 page 8_pages_51-75.md
023-001-068,,023,001,Hardware Mounting - Upper Arm Link | 023-001-144 | Pedal And Bracket - (,VMRS_HB_COMPLETE_v20 page 8_pages_51-75.md
023-001-069,,023,001,Arm - Clutch Swing | 023-001-145 | Mounting Bracket - C,VMRS_HB_COMPLETE_v20 page 8_pages_51-75.md
023-001-003,,023,001,Rushing Clutch Swing Arm | 023-001-145 | Din Divot Clutch Co,VMRS_HB_COMPLETE_v20 page 8_pages_51-75.md
023-001-070,,023,001,"Bushing - Clutch Swing Am | 023-001-140 | FIT - FIVOL, CIULCH CO",VMRS_HB_COMPLETE_v20 page 8_pages_51-75.md
023-001-071,,023,001,"Hardware, Mounting - Clutch Swing Arm | 023-001-147 | Shroud - Lever, Cluic",VMRS_HB_COMPLETE_v20 page 8_pages_51-75.md
023-001-072,,023,001,Shaft - Clutch | 023-001-148 | Pin - Clutch Linkage,VMRS_HB_COMPLETE_v20 page 8_pages_51-75.md
023-001-073,,023,001,"Key - Clutch Shaft | 023-001-149 | Fitting - Clutch, Air Lir",VMRS_HB_COMPLETE_v20 page 8_pages_51-75.md
023-001-074,,023,001,"Flange - Adjusting | 023-001-150 | Fitting - Clutch, Hydra",VMRS_HB_COMPLETE_v20 page 8_pages_51-75.md
023-001-075,,023,001,Bearing - Spherical | | Plumbing,VMRS_HB_COMPLETE_v20 page 8_pages_51-75.md
023-001-076,,023,001,"Push Rod - Linkage, Mechanical Clutch Control | 023-001-151 | O-Ring - Clutch, Air L",VMRS_HB_COMPLETE_v20 page 8_pages_51-75.md
023-001-077,,023,001,"Hardware, Mounting - Spherical Bearing | 023-001-152 | O-Ring - Clutch, Hydr",VMRS_HB_COMPLETE_v20 page 8_pages_51-75.md
023-001-078,,023,001,Washer - Release Lever | | Plumbing,VMRS_HB_COMPLETE_v20 page 8_pages_51-75.md
023-001-079,,023,001,"Hardware, Mounting - Clutch Release Adjusting | 023-001-153 | Plate - Inspection, Clu",VMRS_HB_COMPLETE_v20 page 8_pages_51-75.md
023-001-154,,023,001,Lever | | Switch - Control Asse,VMRS_HB_COMPLETE_v20 page 8_pages_51-75.md
023-001-080,,023,001,Stop - Clutch | 023-001-155 | Gasket - Control Asse,VMRS_HB_COMPLETE_v20 page 8_pages_51-75.md
023-001-081,,023,001,Hardware Mounting - Clutch Stop | 023-001-156 | Switch - Start Clutch,VMRS_HB_COMPLETE_v20 page 8_pages_51-75.md
023-001-082,,023,001,Bracket - Bell Crank | 023-001-157 | Bracket - Master Cyli,VMRS_HB_COMPLETE_v20 page 8_pages_51-75.md
023-001-083,,023,001,Bell Crank | 023-001-158 | Can - Clutch Beservo,VMRS_HB_COMPLETE_v20 page 8_pages_51-75.md
023-001-084,,023,001,Boaring Boll Crank | 023 001 150 | Gaskot Can Clutch,VMRS_HB_COMPLETE_v20 page 8_pages_51-75.md
020-001-004,,020,001,Lerdware Mounting Bell Crenk | 023-001-139 | Bearing and Clave C,VMRS_HB_COMPLETE_v20 page 8_pages_51-75.md
023-001-085,,023,001,"Hardware, Mounting - Bell Crank | 023-001-160 | Bearing and Slave Cy",VMRS_HB_COMPLETE_v20 page 8_pages_51-75.md
023-001-086,,023,001,Collar - Clutch Linkage | | Release,VMRS_HB_COMPLETE_v20 page 8_pages_51-75.md
023-001-087,,023,001,Bearing - Pedal Shaft | 023-001-161 | Actuator - Hill Holder,VMRS_HB_COMPLETE_v20 page 8_pages_51-75.md
023-001-088,,023,001,Plug - Clutch Shaft | 023-001-162 | Sensor - Clutch Trave,VMRS_HB_COMPLETE_v20 page 8_pages_51-75.md
023-001-089,,023,001,"Hardware, Mounting - Pedal Shaft Bearing | 023-001-163 | Hydraulic Clutch Syst",VMRS_HB_COMPLETE_v20 page 8_pages_51-75.md
023-001-090,,023,001,"Bracket - Clutch Pedal Shaft | 023-001-164 | Link - Arm, Lower",VMRS_HB_COMPLETE_v20 page 8_pages_51-75.md
023-001-091,,023,001,"Hardware, Mounting - Clutch Pedal Shaft | 023-001-165 | Cable - Bell Crank, C",VMRS_HB_COMPLETE_v20 page 8_pages_51-75.md
023-002-000,,023,002,Bracket | | Clutch,VMRS_HB_COMPLETE_v20 page 8_pages_51-75.md
023-001-092,,023,001,Level - Clutch | 023-002-001 | Clutch Assembly - Ve,VMRS_HB_COMPLETE_v20 page 8_pages_51-75.md
023-001-093,,023,001,Lever - Clutch Control | 023-002-002 | Plate Assembly - Driv,VMRS_HB_COMPLETE_v20 page 8_pages_51-75.md
023-001-000,,023,001,Adapter - Bulkhead | 023-002-002 | Eacings - Clutch,VMRS_HB_COMPLETE_v20 page 8_pages_51-75.md
020-001-007,,020,001,Haan Anaphilia Hudroulin Clutch | 023-002-003 | Diata Intermediate,VMRS_HB_COMPLETE_v20 page 8_pages_51-75.md
023-001-099,,023,001,Breather - Clutch Housing | 023-002-005 | Spring - Separator,VMRS_HB_COMPLETE_v20 page 8_pages_51-75.md
023-001-104,,023,001,"Control Valve - Air, Mechanical Clutch | 023-002-006 | Lug - Driven",VMRS_HB_COMPLETE_v20 page 8_pages_51-75.md
023-001-105,,023,001,"Bracket, Air Cylinder - Clutch | 023-002-007 | Hub - Clutch Driven F",VMRS_HB_COMPLETE_v20 page 8_pages_51-75.md
023-001-106,,023,001,"Hardware, Mounting - Air Cylinder Bracket | 023-002-008 | Spring - Clutch Damp",VMRS_HB_COMPLETE_v20 page 8_pages_51-75.md
023-001-107,,023,001,"Hardware, Mounting - Clutch Slave Cylinder | 023-002-009 | Bolt - Clutch Driven P",VMRS_HB_COMPLETE_v20 page 8_pages_51-75.md
023-002-010,,023,002,Assembly | | Pressure Plate & Cov,VMRS_HB_COMPLETE_v20 page 8_pages_51-75.md
023-001-108,,023,001,"Stop - Clutch, Upper | 023-002-011 | Hardware, Mounting",VMRS_HB_COMPLETE_v20 page 8_pages_51-75.md
023-001-110,,023,001,"Bearing - Pulley, Mechanical Clutch | | Assembly",VMRS_HB_COMPLETE_v20 page 8_pages_51-75.md
023-001-111,,023,001,Mounting Bracket - Clutch Pedal | 023-002-012 | Cover - Clutch,VMRS_HB_COMPLETE_v20 page 8_pages_51-75.md
023-001-112,,023,001,Lever - Clutch Pulley | 023-002-013 | Pressure Plate - Clute,VMRS_HB_COMPLETE_v20 page 8_pages_51-75.md
023-001-114,,023,001,Support - Clutch Pullov | 023-002-014 | Spring - Detracting,VMRS_HB_COMPLETE_v20 page 8_pages_51-75.md
020-001-114,,020,001,"020-002-010 | Hordware Maunting, P",VMRS_HB_COMPLETE_v20 page 8_pages_51-75.md
020-001-110,,020,001,"Level - Reservoir | 023-002-010 | naruware, Mounting -",VMRS_HB_COMPLETE_v20 page 8_pages_51-75.md
023-001-116,,023,001,Reservoir - Clutch Fluid | 000 000 01- | Spring,VMRS_HB_COMPLETE_v20 page 8_pages_51-75.md
023-001-117,,023,001,"Clamp - Hose, Hydraulic Clutch | 023-002-017 | Hing - Clutch Fulcrum",VMRS_HB_COMPLETE_v20 page 8_pages_51-75.md
023-001-118,,023,001,Connection - Master Cylinder | 023-002-018 | Lever - Pressure Plat,VMRS_HB_COMPLETE_v20 page 8_pages_51-75.md
023-001-119,,023,001,"Hardware, Mounting - Clutch Master Cylinder | 023-002-019 | Bolt -Eye, Pressure P",VMRS_HB_COMPLETE_v20 page 8_pages_51-75.md
023-002-020,,023,002,Assembly | | Link - Pressure Plate,VMRS_HB_COMPLETE_v20 page 8_pages_51-75.md
,001-120,001,120,3- | Bracket - Brake/Clutch Pedal,VMRS_HB_COMPLETE_v20 page 8_pages_51-75.md
,001-121,001,121,3- | Stop - Pedal,VMRS_HB_COMPLETE_v20 page 8_pages_51-75.md
,001-122,001,122,3- | Coupling Set - Pedal,VMRS_HB_COMPLETE_v20 page 8_pages_51-75.md
,001-124,001,124,3- | Seal - Clutch Release,VMRS_HB_COMPLETE_v20 page 8_pages_51-75.md
,001-125,001,125,3- | Release Kit - Clutch,VMRS_HB_COMPLETE_v20 page 8_pages_51-75.md
,001-126,001,126,"3- | Hardware, Mounting - Clutch Pedal",VMRS_HB_COMPLETE_v20 page 8_pages_51-75.md
,001-127,001,127,"3- | Hardware, Mounting - Clutch Pedal Linkage",VMRS_HB_COMPLETE_v20 page 8_pages_51-75.md
,001-128,001,128,3- | Spacer - Clutch Pedal Linkage,VMRS_HB_COMPLETE_v20 page 8_pages_51-75.md
,001-129,001,129,3- | Boot - Clutch Master Cylinder,VMRS_HB_COMPLETE_v20 page 8_pages_51-75.md
,001-130,001,130,3- | Isolator - Clutch Linkage,VMRS_HB_COMPLETE_v20 page 8_pages_51-75.md
,001-131,001,131,3- | Fitting - Air Line,VMRS_HB_COMPLETE_v20 page 8_pages_51-75.md
,001-132,001,132,"3- | Hub - Lever, Intermediate, Clutch Pedal",VMRS_HB_COMPLETE_v20 page 8_pages_51-75.md
,001-133,001,133,3- | Guide - Clutch Rod,VMRS_HB_COMPLETE_v20 page 8_pages_51-75.md
,001-134,001,134,"3- | Retainer - Seal, Clutch Control",VMRS_HB_COMPLETE_v20 page 8_pages_51-75.md
,001-135,001,135,"3- | Hub - Lever, Clutch Release",VMRS_HB_COMPLETE_v20 page 8_pages_51-75.md
,001-136,001,136,"3- | End - Rod, Clutch Control",VMRS_HB_COMPLETE_v20 page 8_pages_51-75.md
,001-137,001,137,3- | Cap - Hydraulic Master Cylinder,VMRS_HB_COMPLETE_v20 page 8_pages_51-75.md
,001-138,001,138,3- | Adapter - Hydraulic Clutch,VMRS_HB_COMPLETE_v20 page 8_pages_51-75.md
,001-139,001,139,3- | Lever & Bracket Assembly - Clutch Control,VMRS_HB_COMPLETE_v20 page 8_pages_51-75.md
,001-140,001,140,3- | Support Bracket - Clutch Cable,VMRS_HB_COMPLETE_v20 page 8_pages_51-75.md
,001-141,001,141,"3- | Bushing - Isolator, Clutch Bod",VMRS_HB_COMPLETE_v20 page 8_pages_51-75.md
,001-142,001,142,3- | Gasket - Clutch Master Cylinder,VMRS_HB_COMPLETE_v20 page 8_pages_51-75.md
,001-143,001,143,3- | Bracket - Beservoir Clutch,VMRS_HB_COMPLETE_v20 page 8_pages_51-75.md
,001-144,001,144,3- | Pedal And Bracket - Clutch,VMRS_HB_COMPLETE_v20 page 8_pages_51-75.md
,001-145,001,145,23- | Mounting Bracket - Clutch Reservoir,VMRS_HB_COMPLETE_v20 page 8_pages_51-75.md
,001-146,001,146,23- | Pin - Pivot Clutch Control,VMRS_HB_COMPLETE_v20 page 8_pages_51-75.md
,001-147,001,147,"3- | Shroud - Lever, Clutch Control",VMRS_HB_COMPLETE_v20 page 8_pages_51-75.md
,001-150,001,150,5- | Plumbing,VMRS_HB_COMPLETE_v20 page 8_pages_51-75.md
,001-151,001,151,3- | O-Ring - Clutch Air Line Hose Tube Plumbing,VMRS_HB_COMPLETE_v20 page 8_pages_51-75.md
,001-152,001,152,"3- | O Ping - Clutch, All Line, Hose, Tube, Fullion",VMRS_HB_COMPLETE_v20 page 8_pages_51-75.md
,001-153,001,153,03 | Plate Inspection Clutch Polesso,VMRS_HB_COMPLETE_v20 page 8_pages_51-75.md
,001-154,001,154,"3- | Switch - Control Assembly, Hydraulic Clutch",VMRS_HB_COMPLETE_v20 page 8_pages_51-75.md
,001-155,001,155,3- | Switch Start Clutch Podal,VMRS_HB_COMPLETE_v20 page 8_pages_51-75.md
,001-159,001,159,2 | Cap Clutch Posonyoir,VMRS_HB_COMPLETE_v20 page 8_pages_51-75.md
,001-100,001,100,3- | Deaning and Slave Cylinder Assembly - Clutch,VMRS_HB_COMPLETE_v20 page 8_pages_51-75.md
,001-161,001,161,2 | Actuator Hill Holdor,VMRS_HB_COMPLETE_v20 page 8_pages_51-75.md
,001-101,001,101,3- | Actuator - Hill Holder,VMRS_HB_COMPLETE_v20 page 8_pages_51-75.md
,001-102,001,102,Hydraulia Clutch System Brakas Complete,VMRS_HB_COMPLETE_v20 page 8_pages_51-75.md
,001-103,001,103,3- | Link Arm Lower,VMRS_HB_COMPLETE_v20 page 8_pages_51-75.md
,001-104,001,104,3- | Cable Bell Crank Clutch,VMRS_HB_COMPLETE_v20 page 8_pages_51-75.md
,001-105,001,105,"3- | Clube - Dell Clarik, Cluich",VMRS_HB_COMPLETE_v20 page 8_pages_51-75.md
,002-000,002,000,2- | Clutch Assembly Vahiala Drivetrain,VMRS_HB_COMPLETE_v20 page 8_pages_51-75.md
,002-001,002,001,23- | Clutch Assembly - Venicle Drivetrain,VMRS_HB_COMPLETE_v20 page 8_pages_51-75.md
,002-002,002,002,"23- | Plate Assembly - Driven Disc, Clutch",VMRS_HB_COMPLETE_v20 page 8_pages_51-75.md
,002-003,002,003,23- | Facings - Clutch,VMRS_HB_COMPLETE_v20 page 8_pages_51-75.md
,002-004,002,004,23- | Plate - Intermediate,VMRS_HB_COMPLETE_v20 page 8_pages_51-75.md
,002-005,002,005,23- | Spring - Separator,VMRS_HB_COMPLETE_v20 page 8_pages_51-75.md
,002-006,002,006,23- | Lug - Driven,VMRS_HB_COMPLETE_v20 page 8_pages_51-75.md
,002-007,002,007,23- | Hub - Clutch Driven Plate,VMRS_HB_COMPLETE_v20 page 8_pages_51-75.md
,002-008,002,008,23- | Spring - Clutch Damper,VMRS_HB_COMPLETE_v20 page 8_pages_51-75.md
,002-009,002,009,23- | Bolt - Clutch Driven Plate Hub,VMRS_HB_COMPLETE_v20 page 8_pages_51-75.md
,002-010,002,010,23- | Pressure Plate & Cover Assembly,VMRS_HB_COMPLETE_v20 page 8_pages_51-75.md
,002-011,002,011,"23- | Hardware, Mounting - Pressure Plate & Cover",VMRS_HB_COMPLETE_v20 page 8_pages_51-75.md
,002-012,002,012,23- | Cover - Clutch,VMRS_HB_COMPLETE_v20 page 8_pages_51-75.md
,002-013,002,013,23- | Pressure Plate - Clutch,VMRS_HB_COMPLETE_v20 page 8_pages_51-75.md
,002-014,002,014,23- | Spring - Pressure,VMRS_HB_COMPLETE_v20 page 8_pages_51-75.md
,002-015,002,015,"23- | Spring - Retracting, Pressure Plate",VMRS_HB_COMPLETE_v20 page 8_pages_51-75.md
,002-016,002,016,"23- | Hardware, Mounting - Pressure Plate Retracting",VMRS_HB_COMPLETE_v20 page 8_pages_51-75.md
,002-017,002,017,23- | Ring - Clutch Fulcrum,VMRS_HB_COMPLETE_v20 page 8_pages_51-75.md
,002-018,002,018,23- | Lever - Pressure Plate,VMRS_HB_COMPLETE_v20 page 8_pages_51-75.md
,002-019,002,019,"3- | Bolt -Eye, Pressure Plate",VMRS_HB_COMPLETE_v20 page 8_pages_51-75.md
023-002-021,,023,002,Lug - Pressure Plate Drive | 024-002-011 | Yoke - Universal Joint Sleeve,VMRS_HB_COMPLETE_v20 page 8_pages_51-75.md
023-002-025,,023,002,Bearing - Pilot | 024-002-012 | Dust Shield - Universal Joint,VMRS_HB_COMPLETE_v20 page 8_pages_51-75.md
023-002-026,,023,002,Brake - Clutch Plate | 024-002-013 | Packing - Universal Joint Journal,VMRS_HB_COMPLETE_v20 page 8_pages_51-75.md
023-002-027,,023,002,"Lock - Cover, Adjusting Mechanism | 024-002-014 | Bearing - Universal Joint Journal, Drive Shaft",VMRS_HB_COMPLETE_v20 page 8_pages_51-75.md
023-002-028,,023,002,Bushing - Pilot | 024-002-015 | Journal - Universal Joint,VMRS_HB_COMPLETE_v20 page 8_pages_51-75.md
023-002-029,,023,002,"Strap - Plate, Intermediate | 024-002-016 | Flange - Yoke, Front Universal Joint",VMRS_HB_COMPLETE_v20 page 8_pages_51-75.md
023-002-030,,023,002,"Shim, Adjusting - Pressure Plate & Cover | 024-002-017 | Seal Assembly - Drive Shaft Bearing, Front",VMRS_HB_COMPLETE_v20 page 8_pages_51-75.md
023-002-032,,023,002,"Adjusting Ring | 024-002-018 | Seal Assembly - Drive Shaft Bearing, Rear",VMRS_HB_COMPLETE_v20 page 8_pages_51-75.md
023-002-033,,023,002,Bolt - Lock Ring | 024-002-019 | Universal Joint - Center,VMRS_HB_COMPLETE_v20 page 8_pages_51-75.md
023-002-034,,023,002,"Rivet - Clutch Facing | 024-002-020 | Flange - Yoke, Center Universal Joint",VMRS_HB_COMPLETE_v20 page 8_pages_51-75.md
023-002-035,,023,002,"Hardware, Mounting - Clutch Assembly | 024-002-021 | Universal Joint - Rear",VMRS_HB_COMPLETE_v20 page 8_pages_51-75.md
023-002-036,,023,002,"Clutch ""dog"" - Clutch Brake | 024-002-022 | Flange - Yoke, Rear Universal Joint",VMRS_HB_COMPLETE_v20 page 8_pages_51-75.md
023-002-037,,023,002,"Pin - Drive, Clutch | 024-002-023 | Hardware, Mounting - Rear Universal Joint Yoke",VMRS_HB_COMPLETE_v20 page 8_pages_51-75.md
023-002-038,,023,002,"Spring - Anti Rattle, Clutch Disc | | Flange",VMRS_HB_COMPLETE_v20 page 8_pages_51-75.md
023-002-039,,023,002,"Disc - Clutch Brake | 024-002-024 | Repair Sleeve, Oil Seal - Front Universal Joint",VMRS_HB_COMPLETE_v20 page 8_pages_51-75.md
023-002-040,,023,002,Washer - Clutch Brake | 004 000 005 | Yoke Flange,VMRS_HB_COMPLETE_v20 page 8_pages_51-75.md
023-002-041,,023,002,"Dampener - Clutch | 024-002-025 | Repair Sleeve, Oil Seal - Rear Universal Joint",VMRS_HB_COMPLETE_v20 page 8_pages_51-75.md
023-002-042,,023,002,Tube - Clutch Lube | 004 000 000 | Yoke Flange,VMRS_HB_COMPLETE_v20 page 8_pages_51-75.md
023-002-043,,023,002,Installation Kit - Clutch (Bushings & Bearings | 024-002-020 | Repair Kit - Universal Joints,VMRS_HB_COMPLETE_v20 page 8_pages_51-75.md
023-002-044,,023,002,"Brake - Countersnalt Type | 024-002-027 | Shap Ring - Dust Shield, Universal Joint",VMRS_HB_COMPLETE_v20 page 8_pages_51-75.md
023-002-045,,023,002,Actuator Kit - Clutch | 024-002-028 | Bolt - Universal Joint To Drive Shalt,VMRS_HB_COMPLETE_v20 page 8_pages_51-75.md
023-002-047,,023,002,Clutch Assembly - Twin Disc (Double) | 024-002-032 | Washer (Steer) - Drive Line,VMRS_HB_COMPLETE_v20 page 8_pages_51-75.md
023-003-000,,023,003,Cluich Oulput Shall - Divorced Transmission | 024-002-033 | Cap - Drive Shall End,VMRS_HB_COMPLETE_v20 page 8_pages_51-75.md
023-003-001,,023,003,"Shall Assembly- Clutch Output, Divorced | 024-002-034 | Dust Snield - Drive Line",VMRS_HB_COMPLETE_v20 page 8_pages_51-75.md
000-000-000,,000,000,Transmission | 024-002-030 | Damper - Drive Shall,VMRS_HB_COMPLETE_v20 page 8_pages_51-75.md
023-003-002,,023,003,"Bearing - Clutch Input Shall, Divorced | 024-002-037 | Plug - Drive Shall End",VMRS_HB_COMPLETE_v20 page 8_pages_51-75.md
023-003-003,,023,003,"Seal - Ciulon Input Shall, Divorceu Transmission | 004 000 000 | Vaka Captar Daubla",VMRS_HB_COMPLETE_v20 page 8_pages_51-75.md
023-004-000,,023,004,"Control Assembly - Electronic Automated Shint, | 024-002-039 | Toke - Cerner Double",VMRS_HB_COMPLETE_v20 page 8_pages_51-75.md
023-004-001,,023,004,Servo Assembly - Automated Clutch | 024-002-041,VMRS_HB_COMPLETE_v20 page 8_pages_51-75.md
023-004-002,,023,004,Master Cylinder Automated Clutch | 024-002-042 | Allyle - FillionStrap Boaring Dostraint,VMRS_HB_COMPLETE_v20 page 8_pages_51-75.md
023-004-003,,023,004,Hardware Mounting Automated Clutch Master | 024-002-043 | Grosso Fitting Doar Drivo Shaft,VMRS_HB_COMPLETE_v20 page 8_pages_51-75.md
020-004-004,,020,004,Cylinder | 024-002-045 | Locketran,VMRS_HB_COMPLETE_v20 page 8_pages_51-75.md
023-004-005,,023,004,Booster-Actuation Hydraulic | 024-002-045 | Liniversal Joint - Drive Shaft All Positions,VMRS_HB_COMPLETE_v20 page 8_pages_51-75.md
023-004-007,,023,004,Valve Assembly - Safety Manual/Automated | 024-002-047 | Drive Shaft - All Positions,VMRS_HB_COMPLETE_v20 page 8_pages_51-75.md
023-004-008,,023,004,Fitting - Hydraulic Automated Clutch | 024-002-049 | Washer (Cork) - Drive Line,VMRS_HB_COMPLETE_v20 page 8_pages_51-75.md
023-004-009,,023,004,Mounting Bracket - Valve Assembly | 024-002-050 | Bracket - Guard,VMRS_HB_COMPLETE_v20 page 8_pages_51-75.md
023-004-010,,023,004,Line - Hydraulic Automated Clutch | 024-002-051 | Guard - Drive Shaft,VMRS_HB_COMPLETE_v20 page 8_pages_51-75.md
024-000-000,,024,000,Drive Shafts | 024-002-052 | Spacer - Center Bearing,VMRS_HB_COMPLETE_v20 page 8_pages_51-75.md
024-001-000,,024,001,Drive Shaft - Front Driving Axles | 024-002-053 | Bracket - Drive Shaft,VMRS_HB_COMPLETE_v20 page 8_pages_51-75.md
024-001-001,,024,001,"Drive Shaft - Front Driving Axle | 024-002-054 | Clamp - Boot, Drive Shaft",VMRS_HB_COMPLETE_v20 page 8_pages_51-75.md
024-001-002,,024,001,"Yoke - Pinion End | 024-002-055 | Hardware, Mounting - Drive Shaft",VMRS_HB_COMPLETE_v20 page 8_pages_51-75.md
024-001-003,,024,001,"Yoke - Drive Shaft End | 024-002-056 | Slip Shaft - Splined, Drive Shaft",VMRS_HB_COMPLETE_v20 page 8_pages_51-75.md
024-001-004,,024,001,Universal Joint - Drive Shaft | 024-002-057 | Yoke - Tube/Weld,VMRS_HB_COMPLETE_v20 page 8_pages_51-75.md
024-001-005,,024,001,"Repair Sleeve, Oil Seal - Pinion End Yoke | 024-002-058 | Flywheel - Inertia, Drive Shaft",VMRS_HB_COMPLETE_v20 page 8_pages_51-75.md
024-001-006,,024,001,"Tube - Repair, Shaft | 024-002-059 | Sleeve - Splined, Drive Shaft",VMRS_HB_COMPLETE_v20 page 8_pages_51-75.md
024-001-007,,024,001,"U-Bolt - Cross Retaining | 024-002-060 | Bearing - Stub, Drive Shaft",VMRS_HB_COMPLETE_v20 page 8_pages_51-75.md
024-001-008,,024,001,Strap - Cross Retaining | 024-002-061 | Yoke - Drive Shaft,VMRS_HB_COMPLETE_v20 page 8_pages_51-75.md
024-001-009,,024,001,"Grease Fitting - Drive Shaft, Front Driving Axle | 024-002-062 | Drive Shaft and Midship Bearing - Assembly",VMRS_HB_COMPLETE_v20 page 8_pages_51-75.md
024-001-010,,024,001,"Hardware, Mounting - Front Drive Shaft | 024-002-063 | Cover - Bearing Assembly, Drive Shaft",VMRS_HB_COMPLETE_v20 page 8_pages_51-75.md
024-001-011,,024,001,"Yoke - Double Cardan CV Driveshaft | 024-002-064 | Bolt - Strap, Yoke",VMRS_HB_COMPLETE_v20 page 8_pages_51-75.md
024-001-012,,024,001,"Yoke - Centering, Double Cardan CV Driveshaft | 024-002-065 | Seal - Slip Joint",VMRS_HB_COMPLETE_v20 page 8_pages_51-75.md
024-001-013,,024,001,"Repair Kit - Ball Seat, Double Cardan CV | 024-002-066 | Yoke - Ball Stud Tube",VMRS_HB_COMPLETE_v20 page 8_pages_51-75.md
024-002-067,,024,002,Driveshaft | | Bushing - Increasing,VMRS_HB_COMPLETE_v20 page 8_pages_51-75.md
024-001-014,,024,001,"Kit - CV Joint, Driveshaft | 024-002-068 | Reducer - Pilot",VMRS_HB_COMPLETE_v20 page 8_pages_51-75.md
024-001-015,,024,001,Sleeve - Yoke Dust Cover | 024-002-069 | Repair Kit - Drive Shaft,VMRS_HB_COMPLETE_v20 page 8_pages_51-75.md
024-002-000,,024,002,"Drive Shaft, Behind Main Transmission | 024-002-070 | Tubing - Drive Shaft",VMRS_HB_COMPLETE_v20 page 8_pages_51-75.md
024-002-001,,024,002,Drive Shaft - Front | 024-002-071 | Weight - Drive Shaft,VMRS_HB_COMPLETE_v20 page 8_pages_51-75.md
024-002-002,,024,002,Drive Shaft W/Slip & Stub Yokes - Rear | 024-002-072 | Strap Kit - Universal Joint,VMRS_HB_COMPLETE_v20 page 8_pages_51-75.md
024-002-003,,024,002,"Drive Shaft W/Slip & Stub Yokes - Inter-Axle | 024-002-073 | Sleeve - Flange, Drive Shaft",VMRS_HB_COMPLETE_v20 page 8_pages_51-75.md
024-002-004,,024,002,"Drive Shaft W/Slip & Stub Yokes - Intermediate | 024-002-074 | Stub - Flange, Drive Shaft",VMRS_HB_COMPLETE_v20 page 8_pages_51-75.md
024-002-005,,024,002,Bearing Assembly - Drive Shaft | 024-002-075 | Boot - Drive Shaft,VMRS_HB_COMPLETE_v20 page 8_pages_51-75.md
024-002-006,,024,002,Retainer - Drive Shaft Bearing | 024-002-076 | Nut - Drive Shaft,VMRS_HB_COMPLETE_v20 page 8_pages_51-75.md
024-002-007,,024,002,"Hanger Assembly - Bearing Support, Drive Shaft | 024-002-077 | Yoke - End, Wing Bearing Drive Shaft",VMRS_HB_COMPLETE_v20 page 8_pages_51-75.md
024-002-008,,024,002,"Support Assembly - Bearing, Drive Shaft | 024-002-078 | Yoke - Slip, Wing Bearing Drive Shaft",VMRS_HB_COMPLETE_v20 page 8_pages_51-75.md
024-002-009,,024,002,"Insulator - Drive Shaft Center Bearing | 024-002-079 | Shatt - Stub, Wing Bearing Drive Shaft",VMRS_HB_COMPLETE_v20 page 8_pages_51-75.md
024-002-010,,024,002,"Universal Joint - Front | 024-002-080 | Yoke - Tube Weld, Wing Bearing Drive Shaft",VMRS_HB_COMPLETE_v20 page 8_pages_51-75.md
024-002-081,,024,002,"Shaft - Yoke, Wing Bearing Drive Shaft | 025-001-035 | Bushing - Clutch Housing, Transfer Case",VMRS_HB_COMPLETE_v20 page 8_pages_51-75.md
024-002-082,,024,002,"Flange - Yoke, Brake | 025-001-036 | Bushing - Output Shaft Clutch, Transfer Case",VMRS_HB_COMPLETE_v20 page 8_pages_51-75.md
024-002-083,,024,002,"Flex Disc - Driveshaft | 025-001-037 | Clutch Assembly - Output Shaft, Transfer Case",VMRS_HB_COMPLETE_v20 page 8_pages_51-75.md
024-002-084,,024,002,Driveshaft - Transfer Case | 025-001-038 | Clutch Housing - Transfer Case,VMRS_HB_COMPLETE_v20 page 8_pages_51-75.md
024-002-085,,024,002,"Bolt - Drive Shaft | 025-001-039 | Cone - Bearing, Input Idler, Transfer Case",VMRS_HB_COMPLETE_v20 page 8_pages_51-75.md
024-002-086,,024,002,"Seal - Oil, Companion Flange | 025-001-040 | Cone - Bearing, Driven Gear, Transfer Case",VMRS_HB_COMPLETE_v20 page 8_pages_51-75.md
024-002-087,,024,002,"Caliper - Driveshaft Brake | 025-001-041 | Cone - Bearing, Input Shaft, Transfer Case",VMRS_HB_COMPLETE_v20 page 8_pages_51-75.md
024-002-088,,024,002,"Pads - Driveshaft Brake | 025-001-042 | Cone - Bearing, Output Idler, Transfer Case",VMRS_HB_COMPLETE_v20 page 8_pages_51-75.md
024-003-000,,024,003,"Retarder - Drive/Propeller Shaft | 025-001-043 | Cone - Bearing, Output Shaft, Transfer Case",VMRS_HB_COMPLETE_v20 page 8_pages_51-75.md
024-003-001,,024,003,"Relay - Drive Shaft Retarder | 025-001-044 | Cone - Bearing, Output Yoke, Transfer Case",VMRS_HB_COMPLETE_v20 page 8_pages_51-75.md
024-003-002,,024,003,Retarder Assembly - Drive Shaft | 025-001-045 | Cone - Bearing Tapered Boller Transfer Case,VMRS_HB_COMPLETE_v20 page 8_pages_51-75.md
024-003-003,,024,003,Mounting Bracket - Drive Shaft Betarder | 025-001-046 | Connector - Electrical Transfer Case,VMRS_HB_COMPLETE_v20 page 8_pages_51-75.md
024-003-004,,024,003,Lamp - Indicator Betarder Drive Shaft | 025-001-047 | Cover - Controls Transfer Case,VMRS_HB_COMPLETE_v20 page 8_pages_51-75.md
024-003-005,,024,003,Plate - Light Control Box Retarder Drive Shaft | 025-001-048 | Cover - Idler Transfer Case,VMRS_HB_COMPLETE_v20 page 8_pages_51-75.md
024-003-006,,024,003,Plate - Pole Shoe Retarder Drive Shaft | 025-001-049 | Cup - Bearing Input Idler Transfer Case,VMRS_HB_COMPLETE_v20 page 8_pages_51-75.md
024-003-007,,024,003,"Stator - Retarder Drive Shaft | 025-001-050 | Cup - Bearing, Input Idiel, Transfer Case",VMRS_HB_COMPLETE_v20 page 8_pages_51-75.md
024-003-008,,024,003,"Stator Carrier - Betarder, Drive Shaft | 025-001-051 | Cup - Bearing, Innut Shaft, Transfer Case",VMRS_HB_COMPLETE_v20 page 8_pages_51-75.md
024-003-009,,024,003,"Coil Detarder Drive Shaft | 025-001-052 | Cup Boaring, Output Shaft Transfer Case",VMRS_HB_COMPLETE_v20 page 8_pages_51-75.md
024-003-010,,024,003,"Block Connecting Deterder Drive Shaft | 025-001-054 | Cup - Dearing, Output Vaka Transfer Case",VMRS_HB_COMPLETE_v20 page 8_pages_51-75.md
024-003-011,,024,003,"Diock - Connecting, Relarder, Drive Shart | 025-001-054 | Cup - Dearing, Output Toke, Harister Case",VMRS_HB_COMPLETE_v20 page 8_pages_51-75.md
024-003-012,,024,003,"Roloi Assembly - Relaider, Drive Shall | 025-001-055 | Cup - Dealling, Tapeleu Roller, Transler Case",VMRS_HB_COMPLETE_v20 page 8_pages_51-75.md
024-003-013,,024,003,"Isolator - Relarder, Drive Shall | 025-001-055 | Drain Plug - Transfer Case",VMRS_HB_COMPLETE_v20 page 8_pages_51-75.md
024-003-014,,024,003,"Shim - Stator, Relarder, Drive Shall | 025-001-057 | Gasket - Clutch Housing, Transfer Case",VMRS_HB_COMPLETE_v20 page 8_pages_51-75.md
024-003-015,,024,003,"ABS Internace - Retarder, Drive Shart | 025-001-058 | Gasket - Controls Cover, Transfer Case",VMRS_HB_COMPLETE_v20 page 8_pages_51-75.md
024-003-016,,024,003,"Control Box - Retarder, Drive Shaft | 025-001-059 | Gasket - Electrical Connector, Transfer Case",VMRS_HB_COMPLETE_v20 page 8_pages_51-75.md
024-003-017,,024,003,"Fastener - Rotor, Drive Shatt Retarder | 025-001-060 | Gasket - Idler Cover, Transfer Case",VMRS_HB_COMPLETE_v20 page 8_pages_51-75.md
024-003-018,,024,003,"Cover - Connecting Block, Drive Shaft Retarder | 025-001-061 | Gasket - Output Housing, Transfer Case",VMRS_HB_COMPLETE_v20 page 8_pages_51-75.md
024-003-019,,024,003,"Wiring Harness - Retarder, Drive Shaft | 025-001-062 | Gear - Driven, Transfer Case",VMRS_HB_COMPLETE_v20 page 8_pages_51-75.md
024-004-000,,024,004,"Chain Drive | 025-001-063 | Gear - Idler, Transfer Case",VMRS_HB_COMPLETE_v20 page 8_pages_51-75.md
024-004-001,,024,004,"Chain Drive Assembly | 025-001-064 | Gear - Pinion, Transfer Case",VMRS_HB_COMPLETE_v20 page 8_pages_51-75.md
024-004-002,,024,004,"Link - Master | 025-001-065 | Gear - Sun, Transfer Case",VMRS_HB_COMPLETE_v20 page 8_pages_51-75.md
025-000-000,,025,000,Transfer Case | 025-001-066 | Housing - Transfer Case,VMRS_HB_COMPLETE_v20 page 8_pages_51-75.md
025-001-000,,025,001,"Transfer Case Assembly | 025-001-067 | Housing - Output Shaft Clutch, Transfer Case",VMRS_HB_COMPLETE_v20 page 8_pages_51-75.md
025-001-001,,025,001,Transfer Case Assembly - Complete | 025-001-068 | Hub - Transfer Case,VMRS_HB_COMPLETE_v20 page 8_pages_51-75.md
025-001-002,,025,001,"Seal - Transfer Case | 025-001-069 | Hub - Output Shaft Clutch, Transfer case",VMRS_HB_COMPLETE_v20 page 8_pages_51-75.md
025-001-003,,025,001,Gasket - Transfer Case | 025-001-070 | Manifold - Transfer Case,VMRS_HB_COMPLETE_v20 page 8_pages_51-75.md
025-001-004,,025,001,"Linkage - Control, Transfer Case | 025-001-071 | Nut - Output Shaft, Rear, Transfer Case",VMRS_HB_COMPLETE_v20 page 8_pages_51-75.md
025-001-005,,025,001,"Mechanism - Shifting, Transfer Case | 025-001-072 | Nut - Output Shaft, Front, Transfer Case",VMRS_HB_COMPLETE_v20 page 8_pages_51-75.md
025-001-006,,025,001,"Shaft - Input, Transfer Case | 025-001-073 | O-Ring - Clutch, Transfer Case",VMRS_HB_COMPLETE_v20 page 8_pages_51-75.md
025-001-007,,025,001,"Seal - Input Shaft, Transfer Case | 025-001-074 | O-Ring - Drain Plug, Transfer Case",VMRS_HB_COMPLETE_v20 page 8_pages_51-75.md
025-001-008,,025,001,"Bearing Assembly (Cup and Cone) - Input Shaft, | 025-001-075 | O-Ring - Electrical Connector, Transfer Case",VMRS_HB_COMPLETE_v20 page 8_pages_51-75.md
025-001-076,,025,001,"Transfer Case | | O-Ring - Idler, Transfer Case",VMRS_HB_COMPLETE_v20 page 8_pages_51-75.md
025-001-009,,025,001,"Cap - Input Shaft Bearing, Transfer Case | 025-001-077 | O-Ring - Modulating Valve, Transfer Case",VMRS_HB_COMPLETE_v20 page 8_pages_51-75.md
025-001-010,,025,001,"Gear - Input Shaft, Transfer Case | 025-001-078 | O-Ring - Output Shaft, Transfer Case",VMRS_HB_COMPLETE_v20 page 8_pages_51-75.md
025-001-011,,025,001,"Shaft - Intermediate, Transfer Case | 025-001-079 | O-Ring - Plug, Transfer Case",VMRS_HB_COMPLETE_v20 page 8_pages_51-75.md
025-001-012,,025,001,Bearing Assembly (Cup and Cone) - | 025-001-080 | Output Housing - Transfer Case,VMRS_HB_COMPLETE_v20 page 8_pages_51-75.md
025-001-081,,025,001,"Intermediate Shaft, Transfer Case | | Pin - Modulating Valve, Transfer Case",VMRS_HB_COMPLETE_v20 page 8_pages_51-75.md
025-001-013,,025,001,"Bearing Cap - Intermediate Shaft, Transfer Case | 025-001-082 | Piston - Output Shaft Clutch, Transfer Case",VMRS_HB_COMPLETE_v20 page 8_pages_51-75.md
025-001-014,,025,001,"Gear - Intermediate Shaft, Transfer Case | 025-001-084 | Planetary Carrier - Transfer Case",VMRS_HB_COMPLETE_v20 page 8_pages_51-75.md
025-001-015,,025,001,"Shaft - Output, Front, Transfer Case | 025-001-085 | Plate - Electrical Connector, Transfer Case",VMRS_HB_COMPLETE_v20 page 8_pages_51-75.md
025-001-016,,025,001,Bearing - Front Output Shaft Transfer Case | 025-001-086 | Plug - Transfer Case,VMRS_HB_COMPLETE_v20 page 8_pages_51-75.md
025-001-017,,025,001,"Bearing Cap - Front Output Shaft, Transfer Case | 025-001-087 | Plug - Lube Hole, Transfer Case",VMRS_HB_COMPLETE_v20 page 8_pages_51-75.md
025-001-018,,025,001,"Gear - Front Output Shaft, Transfer Case | 025-001-088 | Plug - Orifice Transfer Case",VMRS_HB_COMPLETE_v20 page 8_pages_51-75.md
025-001-019,,025,001,Shaft - Output Rear Transfer Case | 025-001-089 | Pressure Belief Valve - Transfer Case,VMRS_HB_COMPLETE_v20 page 8_pages_51-75.md
025-001-020,,025,001,Bearing - Bear Output Shaft Transfer Case | 025-001-090 | Retainer - Carrier Rearing Transfer Case,VMRS_HB_COMPLETE_v20 page 8_pages_51-75.md
025-001-021,,025,001,"Bearing Can - Rear Output Shaft Transfer Case | 025-001-091 | Retainer - Input Shaft Rearing, Transfer Case",VMRS_HB_COMPLETE_v20 page 8_pages_51-75.md
025-001-022,,025,001,Gear - Rear Output Shaft Transfer Case | 025-001-092 | Ring Gear - Transfer Case,VMRS_HB_COMPLETE_v20 page 8_pages_51-75.md
025-001-023,,025,001,Gasket Kit - Transfer Case | 025-001-002 | Rings Clins Retainers - Transfer Case,VMRS_HB_COMPLETE_v20 page 8_pages_51-75.md
025-001-024,,025,001,Shift Cylindor - Transfor Caso | 025 001 005 | Sot Scrow - Dianotary Dinion Shaft Transfor,VMRS_HB_COMPLETE_v20 page 8_pages_51-75.md
025-001-025,,025,001,Diston - Shift Cylinder Transfer Case | 020-001-030 | Case,VMRS_HB_COMPLETE_v20 page 8_pages_51-75.md
025-001-027,,025,001,Procket Transfer Case Mounting Transfer | 025-001-090 | Shim Idler Transfer Case,VMRS_HB_COMPLETE_v20 page 8_pages_51-75.md
005-001-000,,005,001,"UdotAdoptor Transmission Chaft Transfer Case | 020-001-098 | Shim - Input Dearing Retainer, Transfer Case",VMRS_HB_COMPLETE_v20 page 8_pages_51-75.md
025-001-029,,025,001,"Auapter - Transmission Shalt, Transfer Case | 025-001-099 | Shim - Output Shan Dearing, Transfer Case",VMRS_HB_COMPLETE_v20 page 8_pages_51-75.md
020-001-030,,020,001,Dackplate - Output Chaft Olutah Transfer Orac | 020-001-100 | Selencid Modulating Value Transfer Case,VMRS_HB_COMPLETE_v20 page 8_pages_51-75.md
025-001-031,,025,001,"Dackplate - Output Shart Clutch, Transfer Case | 025-001-101 | Solenola - Modulating Valve, Transfer Case",VMRS_HB_COMPLETE_v20 page 8_pages_51-75.md
025-001-032,,025,001,"Ball - Manifold, Transfer Case | 025-001-103 | Sensor - Speed, Transfer Case",VMRS_HB_COMPLETE_v20 page 8_pages_51-75.md
025-001-033,,025,001,"Bail - Output Shart Clutch, Transfer Case | 025-001-104 | Spindle - Planetary Carrier, Transfer Case",VMRS_HB_COMPLETE_v20 page 8_pages_51-75.md
025-001-034,,025,001,Bearing Assembly (Cup and Cone) - Planetary | 025-001-105 | Spring - Transfer Case,VMRS_HB_COMPLETE_v20 page 8_pages_51-75.md
025-001-106,,025,001,"Carrier, Transfer Case | | Spring - Modulating Valve, Transfer Case",VMRS_HB_COMPLETE_v20 page 8_pages_51-75.md
025-001-107,,025,001,Spring Pin - Modulating Valve Transfer Case | | Case,VMRS_HB_COMPLETE_v20 page 8_pages_51-75.md
025-001-108,,025,001,Stop - Modulating Valve Transfer Case | 025-001-171 | Cone - Bearing Front Output Shaft Transfer,VMRS_HB_COMPLETE_v20 page 8_pages_51-75.md
025-001-109,,025,001,Thrust Bearing - Transfer Case | 020 001 171 | Case,VMRS_HB_COMPLETE_v20 page 8_pages_51-75.md
025-001-110,,025,001,Thrust Washer - Planetary Carrier Transfer Case | 025-001-172 | Cup - Bearing Rear Output Shaft Transfer Case,VMRS_HB_COMPLETE_v20 page 8_pages_51-75.md
025-001-111,,025,001,Valve - Modulating Transfer Case | 025-001-173 | Cone - Bearing Rear Output Shaft Transfer,VMRS_HB_COMPLETE_v20 page 8_pages_51-75.md
025-001-112,,025,001,Valve Assembly - Control. Transfer Case | 020 001 110 | Case,VMRS_HB_COMPLETE_v20 page 8_pages_51-75.md
025-001-113,,025,001,"Washer - Output Shaft, Transfer Case | 025-001-174 | Cup - Bearing, Planetary Carrier, Transfer Case",VMRS_HB_COMPLETE_v20 page 8_pages_51-75.md
025-001-114,,025,001,"Yoke Assembly - Front, Transfer Case | 025-001-175 | Cone - Bearing, Planetary Carrier, Transfer Case",VMRS_HB_COMPLETE_v20 page 8_pages_51-75.md
025-001-115,,025,001,"Yoke Assembly - Rear, Transfer Case | 025-001-176 | Ring - Exciter, Transfer Case",VMRS_HB_COMPLETE_v20 page 8_pages_51-75.md
025-001-116,,025,001,"Shim Kit - Transfer Case | 025-001-177 | Tube - Lube, Oil Cooler, Transfer Case",VMRS_HB_COMPLETE_v20 page 8_pages_51-75.md
025-001-117,,025,001,"Bearing Kit - Transfer Case | 025-001-178 | Wiper - Felt, Transfer Case",VMRS_HB_COMPLETE_v20 page 8_pages_51-75.md
025-001-119,,025,001,"Retainer Assembly - Spring, Transfer Case | 025-001-179 | Filter - Oil, Transfer Case",VMRS_HB_COMPLETE_v20 page 8_pages_51-75.md
025-001-120,,025,001,"Oil Cooler - Transfer Case | 025-001-180 | Bracket - Oil Filter, Transfer Case",VMRS_HB_COMPLETE_v20 page 8_pages_51-75.md
025-001-121,,025,001,"Bracket - Oil Cooler, Transfer Case | 025-001-181 | Gear - Clutch Collar, Transfer Case",VMRS_HB_COMPLETE_v20 page 8_pages_51-75.md
025-001-122,,025,001,"Wiring Harness - Transfer Case | 025-001-182 | Gear - Clutch, Transfer Case",VMRS_HB_COMPLETE_v20 page 8_pages_51-75.md
025-001-123,,025,001,"Control Module - Transfer Case | 025-001-183 | Gear - Intermediate Clutch, Transfer Case",VMRS_HB_COMPLETE_v20 page 8_pages_51-75.md
025-001-124,,025,001,"Bracket - Valve, Transfer Case | 025-001-184 | Housing - Declutch, Transfer Case",VMRS_HB_COMPLETE_v20 page 8_pages_51-75.md
025-001-125,,025,001,"Strainer - Transfer Case | 025-001-185 | Bearing Carrier - Input Shaft, Transfer Case",VMRS_HB_COMPLETE_v20 page 8_pages_51-75.md
025-001-126,,025,001,"Plate - Identification, Transfer Case | 025-001-186 | Bearing Carrier - Front Output, Transfer Case",VMRS_HB_COMPLETE_v20 page 8_pages_51-75.md
025-001-127,,025,001,"Switch - Pressure, Transfer Case | 025-001-187 | Bearing Carrier - Rear Output, Transfer Case",VMRS_HB_COMPLETE_v20 page 8_pages_51-75.md
025-001-128,,025,001,"Support - Bearing, Transfer Case | 025-001-188 | Shift Shaft - Transfer Case",VMRS_HB_COMPLETE_v20 page 8_pages_51-75.md
025-001-129,,025,001,"Fork - Transfer Case | 025-001-189 | Button - Pump Drive, Transfer Case",VMRS_HB_COMPLETE_v20 page 8_pages_51-75.md
025-001-130,,025,001,"Sleeve - Transfer Case | 025-001-190 | Fitting - Tube, Oil Cooler, Transfer Case",VMRS_HB_COMPLETE_v20 page 8_pages_51-75.md
025-001-131,,025,001,Rod - Transfer Case | 025-001-191 | Clutch Field - Transfer Case,VMRS_HB_COMPLETE_v20 page 8_pages_51-75.md
025-001-132,,025,001,"Plate - Transfer Case | 025-001-192 | Disc - Clutch Pack, Transfer Case",VMRS_HB_COMPLETE_v20 page 8_pages_51-75.md
025-001-133,,025,001,"Slider - Transfer Case | 025-001-193 | Drum - Clutch Pack, Transfer Case",VMRS_HB_COMPLETE_v20 page 8_pages_51-75.md
025-001-134,,025,001,"Pin - Transfer Case | 025-001-194 | Plate - Clutch Pack, Transfer Case",VMRS_HB_COMPLETE_v20 page 8_pages_51-75.md
025-001-135,,025,001,"Scoop - Oiler, Transfer Case | 025-001-195 | Return Spring - Clutch Pack, Transfer Case",VMRS_HB_COMPLETE_v20 page 8_pages_51-75.md
025-001-136,,025,001,"Sheet - Oil, Transfer Case | 025-001-196 | Clutch - Sliding, Transfer Case",VMRS_HB_COMPLETE_v20 page 8_pages_51-75.md
025-001-137,,025,001,"Guard- Splash, Transfer Case | 025-001-197 | Retainer - Bearing, Output Shaft, Transfer Case",VMRS_HB_COMPLETE_v20 page 8_pages_51-75.md
025-001-138,,025,001,"Key - Transfer Case | 025-001-198 | Gasket - Retainer, Output Shaft Bearing,",VMRS_HB_COMPLETE_v20 page 8_pages_51-75.md
025-001-139,,025,001,"Collar - Shaft, Transfer Case | | Transfer Case",VMRS_HB_COMPLETE_v20 page 8_pages_51-75.md
025-001-140,,025,001,"Collar - Clutch, Difflock, Transfer Case | 025-001-199 | Sprocket - Driven, Output Shaft, Transfer Case",VMRS_HB_COMPLETE_v20 page 8_pages_51-75.md
025-001-141,,025,001,"Wheel - Impulse, Transfer Case | 025-001-200 | Gear - High, Output Shaft, Transfer Case",VMRS_HB_COMPLETE_v20 page 8_pages_51-75.md
025-001-142,,025,001,"Housing - Cylinder, Transfer Case | 025-001-201 | Bearing - High Gear, Output Shaft, Transfer",VMRS_HB_COMPLETE_v20 page 8_pages_51-75.md
025-001-143,,025,001,"Cap - End, Transfer Case | | Case",VMRS_HB_COMPLETE_v20 page 8_pages_51-75.md
025-001-144,,025,001,"Housing - Pump, Transfer Case | 025-001-202 | Race - Bearing, High Gear, Output Shaft,",VMRS_HB_COMPLETE_v20 page 8_pages_51-75.md
025-001-145,,025,001,Flange Housing - Transfer Case | | Transfer Case,VMRS_HB_COMPLETE_v20 page 8_pages_51-75.md
025-001-146,,025,001,"Declutch - Transfer Case | 025-001-203 | Gear - Low, Output Shaft, Transfer Case",VMRS_HB_COMPLETE_v20 page 8_pages_51-75.md
025-001-147,,025,001,"Magnet - Transfer Case | 025-001-204 | Bearing - Low Gear, Output Shaft, Transfer Case",VMRS_HB_COMPLETE_v20 page 8_pages_51-75.md
025-001-148,,025,001,"Gasket - Pressure Switch, Transfer Case | 025-001-205 | Race - Bearing, Low Gear, Output Shaft,",VMRS_HB_COMPLETE_v20 page 8_pages_51-75.md
025-001-149,,025,001,"Retainer - Oil Seal, Transfer Case | | Transfer Case",VMRS_HB_COMPLETE_v20 page 8_pages_51-75.md
025-001-150,,025,001,"Shim - Piston, Front Shift, Transfer case | 025-001-206 | Seal - Oil, Output Shaft, Transfer Case",VMRS_HB_COMPLETE_v20 page 8_pages_51-75.md
025-001-151,,025,001,"Bushing - Shift Piston, Transfer Case | 025-001-207 | Retainer - Oil Seal, Output Shaft, Transfer Case",VMRS_HB_COMPLETE_v20 page 8_pages_51-75.md
025-001-152,,025,001,"Spacer - Transfer Case | 025-001-208 | Gasket - Retainer, Oil Seal, Output Shaft,",VMRS_HB_COMPLETE_v20 page 8_pages_51-75.md
025-001-153,,025,001,"Cage - Bearing, Transfer Case | | Transfer Case",VMRS_HB_COMPLETE_v20 page 8_pages_51-75.md
025-001-154,,025,001,"Flange - Companion, Transfer Case | 025-001-209 | Bearing - Thrust, Output Shaft, Transfer Case",VMRS_HB_COMPLETE_v20 page 8_pages_51-75.md
025-001-155,,025,001,"Cover - Housing, Oil Pump, Transfer Case | 025-001-210 | Shaft - Idler, Transfer Case",VMRS_HB_COMPLETE_v20 page 8_pages_51-75.md
025-001-156,,025,001,"Vent - Transfer Case | 025-001-211 | Cover - Idler Shaft, Transfer Case",VMRS_HB_COMPLETE_v20 page 8_pages_51-75.md
025-001-157,,025,001,"Cap - Vent, Transfer Case | 025-001-212 | Gasket - Cover, Idler Shaft, Transfer Case",VMRS_HB_COMPLETE_v20 page 8_pages_51-75.md
025-001-158,,025,001,"Chain - Transfer Case | 025-001-213 | Ione Ring - Speed Sensor, Transfer Case",VMRS_HB_COMPLETE_v20 page 8_pages_51-75.md
025-001-159,,025,001,"Sector - Transfer Case | 025-001-214 | Gear - Speedometer, Transfer Case",VMRS_HB_COMPLETE_v20 page 8_pages_51-75.md
025-001-160,,025,001,"Skid Plate - Transfer Case | 025-001-215 | Cover - PTO, Transfer Case",VMRS_HB_COMPLETE_v20 page 8_pages_51-75.md
025-001-101,,025,001,"Bearing Assembly (Cup and Cone) - Input Idler, | 025-001-216 | Gasket - Cover, PTO, Transfer Case",VMRS_HB_COMPLETE_v20 page 8_pages_51-75.md
005-001-100,,005,001,"Transfer Case | 025-001-217 | Pad - Guide, Shift Fork, Transfer Case",VMRS_HB_COMPLETE_v20 page 8_pages_51-75.md
025-001-162,,025,001,"Bearing Assembly (Cup and Cone) - Driven | 025-001-218 | Knob - Shift Lever, Transfer Case",VMRS_HB_COMPLETE_v20 page 8_pages_51-75.md
025-001-163,,025,001,"Bearing Assembly (Cup and Cone) - Input Shaft, | 025-001-220 | Boot- Shift Linkage, Transfer Case",VMRS_HB_COMPLETE_v20 page 8_pages_51-75.md
005-001-104,,005,001,"Iranster Case | 025-001-221 | Motor - Shift, Transfer Case",VMRS_HB_COMPLETE_v20 page 8_pages_51-75.md
025-001-164,,025,001,"Bearing Assembly (Cup and Cone) - Output Idler, | 025-001-222 | Rall - Shift, Transfer Case",VMRS_HB_COMPLETE_v20 page 8_pages_51-75.md
005-001-105,,005,001,"Transfer Case | 025-001-223 | Spring - Poppel, Shill Rail, Transfer Case",VMRS_HB_COMPLETE_v20 page 8_pages_51-75.md
020-001-100,,020,001,"Bearing Assembly (Cup and Cone) - Output | 025-001-224 | Shall - Main, Transfer Case",VMRS_HB_COMPLETE_v20 page 8_pages_51-75.md
025-001-100,,025,001,"Bearing Assembly (Cup and Cone) - Output | 025-001-220 | Race - Bearing, Main Shall, Transfer Case",VMRS_HB_COMPLETE_v20 page 8_pages_51-75.md
005-001-107,,005,001,"TOKE, ITANSIEL Case | 025-001-227 | Sprocket - Drive, Main Shalt, Transfer Case",VMRS_HB_COMPLETE_v20 page 8_pages_51-75.md
020-001-107,,020,001,"Deaning Assembly (Cup and Cone) - Tapered | 025-001-228 | Gear - Fidrietary, Hallister GaseRoaring - Dianatary Goar Transfer Case",VMRS_HB_COMPLETE_v20 page 8_pages_51-75.md
020-001-109,,020,001,"Cone - Deaning, intermediate Shall, Itansier | 020-001-201 | Adapter - Housing Transfer Case",VMRS_HB_COMPLETE_v20 page 8_pages_51-75.md
025-001-170,,025,001,"Cup Rearing Front Output Shoft Transfor | 025-001-232 | Auapter - Housing, Hansler CaseGaskot Adaptor Housing Transfer Case",VMRS_HB_COMPLETE_v20 page 8_pages_51-75.md
020-001-200,,020,001,"020-001-1/0 | oup - Deaning, Front Output Snalt, Transier | | Gasher - Auapter, Muusiny, Malisier Gase",VMRS_HB_COMPLETE_v20 page 8_pages_51-75.md
025-001-234,,025,001,Synchronizer - Transfer Case | 026-001-062 | Ga,VMRS_HB_COMPLETE_v20 page 8_pages_51-75.md
025-001-235,,025,001,Adapter - Transfer Case to Transmission | 026-001-063 | Tra,VMRS_HB_COMPLETE_v20 page 8_pages_51-75.md
025-001-236,,025,001,"Gasket - Adapter, Transfer Case to Transmission | 026-001-064 | Bel",VMRS_HB_COMPLETE_v20 page 8_pages_51-75.md
025-001-237,,025,001,"Boot - Shifter, Transfer Case | 026-001-065 | Bo",VMRS_HB_COMPLETE_v20 page 8_pages_51-75.md
025-001-238,,025,001,"Switch - Indicator, 4-Wheel Drive, Transfer Case | 026-001-066 | Ga",VMRS_HB_COMPLETE_v20 page 8_pages_51-75.md
025-001-239,,025,001,"Switch - Control, Transfer Case | 026-001-067 | Co",VMRS_HB_COMPLETE_v20 page 8_pages_51-75.md
025-001-240,,025,001,"Knob - Control Switch, Transfer Case | 026-001-068 | Bol",VMRS_HB_COMPLETE_v20 page 8_pages_51-75.md
025-001-241,,025,001,"Ball - Poppet Spring, Shift Rail, Transfer Case | 026-001-069 | Bra",VMRS_HB_COMPLETE_v20 page 8_pages_51-75.md
025-001-242,,025,001,Extension - Rear Transfer Case | 026-001-070 | Bra,VMRS_HB_COMPLETE_v20 page 8_pages_51-75.md
025-001-243,,025,001,Cover - Front Transfer Case | 026-001-071 | Lab,VMRS_HB_COMPLETE_v20 page 8_pages_51-75.md
025-001-244,,025,001,"Plunger - Interlock, Transfer Case | 026-001-072 | Co",VMRS_HB_COMPLETE_v20 page 8_pages_51-75.md
025-001-245,,025,001,Cover - Rear Transfer Case | 026-001-073 | Shi,VMRS_HB_COMPLETE_v20 page 8_pages_51-75.md
025-001-246,,025,001,Cover - Side Transfer Case | 026-001-074 | Ma,VMRS_HB_COMPLETE_v20 page 8_pages_51-75.md
025-001-247,,025,001,"Cable - Speedometer, Transfer Case | 026-001-075 | Cla",VMRS_HB_COMPLETE_v20 page 8_pages_51-75.md
025-001-248,,025,001,Gasket - Speedometer Driven Gear | 026-001-076 | Cla,VMRS_HB_COMPLETE_v20 page 8_pages_51-75.md
025-001-249,,025,001,Sleeve - Speedometer Driven Gear | 026-001-077 | Sig,VMRS_HB_COMPLETE_v20 page 8_pages_51-75.md
025-001-250,,025,001,"Shill Coll - Auto Shill Control, Transfer Case | 020-001-078 | U-i",VMRS_HB_COMPLETE_v20 page 8_pages_51-75.md
025-003-000,,025,003,Accumulator Accombly Transfer Case | 020-001-079 | ты,VMRS_HB_COMPLETE_v20 page 8_pages_51-75.md
025-003-001,,025,003,Rolt - Accumulator | 026-001-080 | Fitt,VMRS_HB_COMPLETE_v20 page 8_pages_51-75.md
025-003-004,,025,003,End Cap - Accumulator | 020-001-000 | Tuł,VMRS_HB_COMPLETE_v20 page 8_pages_51-75.md
025-003-005,,025,003,Seal - End Cap | 026-001-081 | 0-F,VMRS_HB_COMPLETE_v20 page 8_pages_51-75.md
025-003-006,,025,003,"Seal - Piston, Accumulator, Transfer Case | 020 001 001 | Tuk",VMRS_HB_COMPLETE_v20 page 8_pages_51-75.md
025-003-007,,025,003,"Piston - Accumulator, Transfer Case | 026-001-082 | O-F",VMRS_HB_COMPLETE_v20 page 8_pages_51-75.md
025-003-008,,025,003,"Cylinder - Accumulator, Transfer Case | | Tuk",VMRS_HB_COMPLETE_v20 page 8_pages_51-75.md
025-003-009,,025,003,Fitting - Accumulator | 026-001-083 | Yoł,VMRS_HB_COMPLETE_v20 page 8_pages_51-75.md
025-003-010,,025,003,"Solenoid Valve - Accumulator, Transfer Case | 026-001-084 | Bra",VMRS_HB_COMPLETE_v20 page 8_pages_51-75.md
025-004-000,,025,004,Annulus - Planetary Gear Carrier | 026-001-085 | Gu,VMRS_HB_COMPLETE_v20 page 8_pages_51-75.md
026-000-000,,026,000,"Transmission - Main, Manual | 026-001-086 | Sea",VMRS_HB_COMPLETE_v20 page 8_pages_51-75.md
026-001-000,,026,001,Transmission Case | 026-001-087 | Bea,VMRS_HB_COMPLETE_v20 page 8_pages_51-75.md
026-001-001,,026,001,Case - Transmission | | Tra,VMRS_HB_COMPLETE_v20 page 8_pages_51-75.md
026-001-002,,026,001,"Hardware, Mounting - Transmission Case | 026-001-088 | Bus",VMRS_HB_COMPLETE_v20 page 8_pages_51-75.md
020-001-003,,020,001,Gaskel/Adapter Plate - Transmission To | 026 001 090 | Tra,VMRS_HB_COMPLETE_v20 page 8_pages_51-75.md
026-001-004,,026,001,Housing - Extension (For Transfer Case) | 026-001-009 | Ge,VMRS_HB_COMPLETE_v20 page 8_pages_51-75.md
026-001-005,,026,001,Gasket - Extension Housing | 026-001-091 | Co,VMRS_HB_COMPLETE_v20 page 8_pages_51-75.md
026-001-006,,026,001,Vent - Transmission Case | | Co,VMRS_HB_COMPLETE_v20 page 8_pages_51-75.md
026-001-007,,026,001,"Drain Plug - Case, Manual Transmission | 026-001-092 | Fla",VMRS_HB_COMPLETE_v20 page 8_pages_51-75.md
026-001-008,,026,001,"Plug - Case Filler, Manual Transmission | 026-001-093 | O-F",VMRS_HB_COMPLETE_v20 page 8_pages_51-75.md
026-001-009,,026,001,Support - Case | | Tra,VMRS_HB_COMPLETE_v20 page 8_pages_51-75.md
026-001-010,,026,001,Rod - Transmission Support Strut | 026-001-094 | Bu,VMRS_HB_COMPLETE_v20 page 8_pages_51-75.md
026-001-014,,026,001,"Cover - Power Take-Off, Transmission | 006 001 005 | Ira",VMRS_HB_COMPLETE_v20 page 8_pages_51-75.md
020-001-015,,020,001,Transmission | 020-001-095 | Do,VMRS_HB_COMPLETE_v20 page 8_pages_51-75.md
026-001-016,,026,001,Filter - Oil Manual Transmission | 026-001-090 | Co,VMRS_HB_COMPLETE_v20 page 8_pages_51-75.md
026-001-018,,026,001,Element - Oil Filter | 026-001-098 | Se,VMRS_HB_COMPLETE_v20 page 8_pages_51-75.md
026-001-039,,026,001,"Seal - Input Shaft, Manual Transmission | 026-001-099 | Ca",VMRS_HB_COMPLETE_v20 page 8_pages_51-75.md
026-001-040,,026,001,"Gasket - Plug, Case Filler | | Tra",VMRS_HB_COMPLETE_v20 page 8_pages_51-75.md
026-001-042,,026,001,Replacement Kit - Transmission Bearings | 026-001-100 | Ca,VMRS_HB_COMPLETE_v20 page 8_pages_51-75.md
026-001-043,,026,001,Repair Kit - Transmission | 026-001-101 | Ins,VMRS_HB_COMPLETE_v20 page 8_pages_51-75.md
026-001-044,,026,001,"Hardware, Mounting - Transmission Repair Kit | 026-002-000 | Re",VMRS_HB_COMPLETE_v20 page 8_pages_51-75.md
026-001-045,,026,001,Replacement Kit - Thrust Washers | 000 000 001 | Bea,VMRS_HB_COMPLETE_v20 page 8_pages_51-75.md
026-001-046,,026,001,"Replacement Kit - Retaining Rings, Washers, | 026-002-001 | Ge",VMRS_HB_COMPLETE_v20 page 8_pages_51-75.md
000-001-047,,000,001,"Slingers, Etc. | 026-002-002 | Sna",VMRS_HB_COMPLETE_v20 page 8_pages_51-75.md
020-001-047,,020,001,"Cover - Hansmission Case, Real | 020-002-003 | Па",VMRS_HB_COMPLETE_v20 page 8_pages_51-75.md
026-001-049,,026,001,Gasket - Front Bearing Cover | 020-002-003 | Tra,VMRS_HB_COMPLETE_v20 page 8_pages_51-75.md
026-001-051,,026,001,Cover - Front Bearing | 026-002-006 | Th,VMRS_HB_COMPLETE_v20 page 8_pages_51-75.md
026-001-052,,026,001,Housing - Clutch | | Co,VMRS_HB_COMPLETE_v20 page 8_pages_51-75.md
026-001-053,,026,001,Cover - Hand Hole | 026-002-007 | Co,VMRS_HB_COMPLETE_v20 page 8_pages_51-75.md
026-001-054,,026,001,"Hardware, Mounting - Dipstick | 026-002-008 | Bea",VMRS_HB_COMPLETE_v20 page 8_pages_51-75.md
026-001-055,,026,001,"Tube - Dipstick, Manual Transmission | | Tra",VMRS_HB_COMPLETE_v20 page 8_pages_51-75.md
026-001-056,,026,001,Elbow - Dipstick | 026-002-009 | Bea,VMRS_HB_COMPLETE_v20 page 8_pages_51-75.md
026-001-057,,026,001,Dipstick - Manual Transmission | 000 000 | Tra,VMRS_HB_COMPLETE_v20 page 8_pages_51-75.md
026-001-058,,026,001,"Hardware, Mounting - Transmission Cover, | 026-002-010 | Sp",VMRS_HB_COMPLETE_v20 page 8_pages_51-75.md
026-001-050,,026,001,Power Take-OIIBushing - Main Case | 020-002-011 | HeTh,VMRS_HB_COMPLETE_v20 page 8_pages_51-75.md
026-001-059,,026,001,"Bushing - Main CaseBushing - Clutch Housing, Manual Transmission | 020-002-012 | Co",VMRS_HB_COMPLETE_v20 page 8_pages_51-75.md
026-001-061,,026,001,"Gasket - Front Cover, Main Case, Manual | 026-002-013 | Co",VMRS_HB_COMPLETE_v20 page 8_pages_51-75.md
026-002-014,,026,002,Transmission | | Inte,VMRS_HB_COMPLETE_v20 page 8_pages_51-75.md
,001-062,001,062,6- | Gaskets Replacement Kit - Transmission,VMRS_HB_COMPLETE_v20 page 8_pages_51-75.md
,001-063,001,063,6- | Transmission Assembly,VMRS_HB_COMPLETE_v20 page 8_pages_51-75.md
,001-064,001,064,6- | Bell Housing,VMRS_HB_COMPLETE_v20 page 8_pages_51-75.md
,001-065,001,065,6- | Bolts - Clutch Housing to Transmission,VMRS_HB_COMPLETE_v20 page 8_pages_51-75.md
,001-066,001,066,"6- | Gasket - Clutch Housing, Manual Transmission",VMRS_HB_COMPLETE_v20 page 8_pages_51-75.md
,001-067,001,067,"6- | Cover - Clutch Housing, Lower",VMRS_HB_COMPLETE_v20 page 8_pages_51-75.md
,001-068,001,068,6- | Bolts - Clutch Housing to Engine,VMRS_HB_COMPLETE_v20 page 8_pages_51-75.md
,001-069,001,069,"6- | Bracket - Tube, Oil Fill, Manual Transmission",VMRS_HB_COMPLETE_v20 page 8_pages_51-75.md
,001-070,001,070,"6- | Bracket - Oil Filter, Transmission",VMRS_HB_COMPLETE_v20 page 8_pages_51-75.md
,001-071,001,071,6- | Label - Transmission,VMRS_HB_COMPLETE_v20 page 8_pages_51-75.md
,001-072,001,072,"6- | Cover - Transmission Case, Top",VMRS_HB_COMPLETE_v20 page 8_pages_51-75.md
,001-073,001,073,6- | Shim - Front Bearing Cover,VMRS_HB_COMPLETE_v20 page 8_pages_51-75.md
,001-074,001,074,"6- | Magnet - Case, Iransmission",VMRS_HB_COMPLETE_v20 page 8_pages_51-75.md
,001-075,001,075,"6- | Clamp - Solenoid, Transfer Case",VMRS_HB_COMPLETE_v20 page 8_pages_51-75.md
,001-077,001,077,0- | Signi Plug - Transmission Case,VMRS_HB_COMPLETE_v20 page 8_pages_51-75.md
,001-079,001,079,0- | Tubo Dlumbing,VMRS_HB_COMPLETE_v20 page 8_pages_51-75.md
,001-080,001,080,6- | Fitting - Main Transmission Oil Line Hose,VMRS_HB_COMPLETE_v20 page 8_pages_51-75.md
,001-000,001,000,0- | Tube Plumbing,VMRS_HB_COMPLETE_v20 page 8_pages_51-75.md
,001-081,001,081,6- | O-Bing - Main Transmission Air Line Hose,VMRS_HB_COMPLETE_v20 page 8_pages_51-75.md
,001-001,001,001,0 | Tube Plumbing,VMRS_HB_COMPLETE_v20 page 8_pages_51-75.md
,001-082,001,082,6- | O-Bing - Main Transmission Oil Line Hose,VMRS_HB_COMPLETE_v20 page 8_pages_51-75.md
,001-002,001,002,.0 | Tube. Plumbing,VMRS_HB_COMPLETE_v20 page 8_pages_51-75.md
,001-083,001,083,6- | Yoke - Output Manual Transmission,VMRS_HB_COMPLETE_v20 page 8_pages_51-75.md
,001-084,001,084,"6- | Bracket - Cross Member, Bell Housing",VMRS_HB_COMPLETE_v20 page 8_pages_51-75.md
,001-085,001,085,"6- | Gusset - Cross Member, Bell Housing",VMRS_HB_COMPLETE_v20 page 8_pages_51-75.md
,001-086,001,086,6- | Seal - Axle Flange,VMRS_HB_COMPLETE_v20 page 8_pages_51-75.md
,001-087,001,087,"6- | Bearing - Extension Housing, Manual",VMRS_HB_COMPLETE_v20 page 8_pages_51-75.md
,001-088,001,088,"6- | Bushing - Extension Housing, Manual",VMRS_HB_COMPLETE_v20 page 8_pages_51-75.md
,001-089,001,089,"6- | Cover - Shift, Manual Transmission",VMRS_HB_COMPLETE_v20 page 8_pages_51-75.md
,001-090,001,090,"6- | Gear - Speedometer, Manual Transmission",VMRS_HB_COMPLETE_v20 page 8_pages_51-75.md
,001-091,001,091,6- | Cover Assembly with Filter Housing -,VMRS_HB_COMPLETE_v20 page 8_pages_51-75.md
,001-092,001,092,"6- | Flange - Companion, Manual Transmission",VMRS_HB_COMPLETE_v20 page 8_pages_51-75.md
,001-093,001,093,"6- | O-Ring - Companion Flange, Manual",VMRS_HB_COMPLETE_v20 page 8_pages_51-75.md
,001-004,001,004,C | Iransmission,VMRS_HB_COMPLETE_v20 page 8_pages_51-75.md
,001-094,001,094,"0- | Bushing - Tall Shall Support, Manual",VMRS_HB_COMPLETE_v20 page 8_pages_51-75.md
,001-005,001,005,6 | Soal Cover Manual Transmission,VMRS_HB_COMPLETE_v20 page 8_pages_51-75.md
,001-095,001,095,6- | Deflector - Dust Manual Transmission,VMRS_HB_COMPLETE_v20 page 8_pages_51-75.md
,001-007,001,007,6- | Cover - Side Manual Transmission,VMRS_HB_COMPLETE_v20 page 8_pages_51-75.md
,001-098,001,098,6- | Seal - Oil Front Manual Transmission,VMRS_HB_COMPLETE_v20 page 8_pages_51-75.md
,001-099,001,099,"6- | Case - Transmission, Front, Manual",VMRS_HB_COMPLETE_v20 page 8_pages_51-75.md
,000-007,000,007,Countershaft Gears & Bearings,VMRS_HB_COMPLETE_v20 page 8_pages_51-75.md
026-002-015,,026,002,Spring - Gearshift Detent | 026-004-004 | Retainer - Front Main Bearing,VMRS_HB_COMPLETE_v20 page 8_pages_51-75.md
026-002-016,,026,002,Ball - Gearshift Detent | 026-005-000 | Maindrive Gear,VMRS_HB_COMPLETE_v20 page 8_pages_51-75.md
026-002-017,,026,002,"Gear - Drive, Countershaft | 026-005-001 | Shaft - Input, Manual Transmission",VMRS_HB_COMPLETE_v20 page 8_pages_51-75.md
026-002-018,,026,002,"Gear - Driven, Countersnan | 026-005-002 | Gear - Main Drive, Manual Transmission",VMRS_HB_COMPLETE_v20 page 8_pages_51-75.md
026-002-020,,026,002,"Gear - 3rd Speed, Countershaft | 026-005-003 | Gear - Rear Main Drive",VMRS_HB_COMPLETE_v20 page 8_pages_51-75.md
026-002-022,,026,002,"Gear - 2nd Speed, Countershaft | 026-005-005 | Gear - Front Main Drive",VMRS_HB_COMPLETE_v20 page 8_pages_51-75.md
026-002-023,,026,002,"Gear - 1st Speed, Countershaft | 026-005-006 | Synchronizer Assembly - Splitter",VMRS_HB_COMPLETE_v20 page 8_pages_51-75.md
026-002-024,,026,002,"Gear - Reverse, Countershaft | 026-005-007 | Thrust Washer - Main Shaft, Main Drive Gear,",VMRS_HB_COMPLETE_v20 page 8_pages_51-75.md
026-002-025,,026,002,"Gear - Countershaft, Power Take-Off | | Manual Transmission",VMRS_HB_COMPLETE_v20 page 8_pages_51-75.md
026-002-026,,026,002,Nut - Reverse Idler Shaft | 026-005-008 | Retaining Ring - Main Shaft Gear,VMRS_HB_COMPLETE_v20 page 8_pages_51-75.md
026-002-027,,026,002,"Washer - Reverse Idler Shaft Nut | 026-005-010 | Nut - Main Drive Gear, Manual Transmission",VMRS_HB_COMPLETE_v20 page 8_pages_51-75.md
026-002-028,,026,002,"Spacer - Countershaft Gear | 026-005-011 | Spacer - Main Drive Gear, Manual Transmission",VMRS_HB_COMPLETE_v20 page 8_pages_51-75.md
026-002-029,,026,002,"Spacer - 2nd & 3rd Speed, Countershall Gear | 026-005-012 | Seal - Input Shall",VMRS_HB_COMPLETE_v20 page 8_pages_51-75.md
020-002-030,,020,002,Transmission | 020-005-015 | Manual Transmission,VMRS_HB_COMPLETE_v20 page 8_pages_51-75.md
026-002-031,,026,002,"Cup - Bearing, Countershaft, Manual | 026-005-014 | Cone - Bearing, Main Drive Gear, Manual",VMRS_HB_COMPLETE_v20 page 8_pages_51-75.md
026-002-032,,026,002,"Spacer - Front Bearing, Countershaft | 026-005-015 | Cup - Bearing, Main Drive Gear, Manual",VMRS_HB_COMPLETE_v20 page 8_pages_51-75.md
026-002-033,,026,002,"Spacer - Bearing, Reverse Idler Gear | | Transmission",VMRS_HB_COMPLETE_v20 page 8_pages_51-75.md
026-002-034,,026,002,"Key - Countershaft | 026-005-016 | Baffle - Bearing Cap, Main Drive Gear",VMRS_HB_COMPLETE_v20 page 8_pages_51-75.md
026-002-035,,026,002,"Retainer - Drive Gear, Countershaft | 026-005-017 | Baffle - Oil Ring, Main Drive Gear",VMRS_HB_COMPLETE_v20 page 8_pages_51-75.md
026-002-036,,026,002,Shim Kit - Countershaft | 026-005-018 | Spacer/Shim Kit - Main Drive Gear,VMRS_HB_COMPLETE_v20 page 8_pages_51-75.md
026-002-037,,026,002,Snap Ring - Countersnan | 026-005-019 | Retaining Ring - Main Drive GearWasher Main Drive Gear Manual Transmission,VMRS_HB_COMPLETE_v20 page 8_pages_51-75.md
026-002-000,,026,002,Gear - 6th Front Countershaft | 020 000 021 | Transmission,VMRS_HB_COMPLETE_v20 page 8_pages_51-75.md
026-002-041,,026,002,Gear - Front Countershaft | 026-005-022 | Bushing - Input Shaft,VMRS_HB_COMPLETE_v20 page 8_pages_51-75.md
026-002-042,,026,002,"Gear - Over Drive, Counter | 026-005-023 | Snap Ring - Main Drive Gear, Manual",VMRS_HB_COMPLETE_v20 page 8_pages_51-75.md
026-002-043,,026,002,Cap - Countershaft | | Transmission,VMRS_HB_COMPLETE_v20 page 8_pages_51-75.md
026-002-044,,026,002,"Cap - Reverse Idler | 026-005-024 | Cup - Bearing, Pocket, Main Drive Gear, Manual",VMRS_HB_COMPLETE_v20 page 8_pages_51-75.md
026-002-045,,026,002,"Arm - Rocker, Shaft, Reverse | | Transmission",VMRS_HB_COMPLETE_v20 page 8_pages_51-75.md
026-002-046,,026,002,"Bearing - Gear, Countershaft 6th | 026-005-025 | Bearing Assembly (Cup and Cone) - Pocket,",VMRS_HB_COMPLETE_v20 page 8_pages_51-75.md
026-002-047,,026,002,"Bearing Assembly (Cup and Cone) - | 0.06 0.05 0.06 | Main Drive Gear, Manual Transmission",VMRS_HB_COMPLETE_v20 page 8_pages_51-75.md
026-002-048,,026,002,Cluster - Gear Countershaft | 020-003-020 | Gear Manual Transmission,VMRS_HB_COMPLETE_v20 page 8_pages_51-75.md
026-002-049,,026,002,"O-Ring - Gear, Reverse Idler | 026-005-027 | Pump - Piston, Input Shaft",VMRS_HB_COMPLETE_v20 page 8_pages_51-75.md
026-002-050,,026,002,"Gear - Countershaft, Manual Transmission | 026-005-028 | Shim - Input Shaft Bearing, Manual Transmission",VMRS_HB_COMPLETE_v20 page 8_pages_51-75.md
026-002-051,,026,002,"O-Ring - Countershaft Rear Cover, Upper Right | 026-005-029 | Seal - Oil, Main Drive Gear",VMRS_HB_COMPLETE_v20 page 8_pages_51-75.md
026-002-052,,026,002,"O-Ring - Countershaft Rear Cover, Lower | 026-005-030 | Cap - Main Drive Bearing",VMRS_HB_COMPLETE_v20 page 8_pages_51-75.md
026-002-053,,026,002,"O-Ring - Countershaft Front Cover | 026-005-031 | Seal - Oil, Main Drive Bearing Cap",VMRS_HB_COMPLETE_v20 page 8_pages_51-75.md
026-003-000,,026,003,"Maindrive & Main Shaft Bearings | 026-005-032 | Gasket - Front, Bearing Retainer",VMRS_HB_COMPLETE_v20 page 8_pages_51-75.md
026-003-001,,026,003,"Main Bearing Assembly - Transmission, Front,Manual Transmission | 026-005-033 | Kit - Input Shaft",VMRS_HB_COMPLETE_v20 page 8_pages_51-75.md
026-003-002,,026,003,Manual TransmissionBearing - Main Shaft Pilot Manual Transmission | 026-006-000 | Synchronizer & Gears - Main ShallShaft - Main Transmission,VMRS_HB_COMPLETE_v20 page 8_pages_51-75.md
020-000-000,,020,000,"Transmission | 026-006-003 | Seal - Main Shaft, Rear, Manual Transmission",VMRS_HB_COMPLETE_v20 page 8_pages_51-75.md
026-003-004,,026,003,Bearing Assembly - Rear Main (Rear Of | 026-006-004 | Gear - 2nd Speed,VMRS_HB_COMPLETE_v20 page 8_pages_51-75.md
026-006-005,,026,006,"Transmission Case), Manual Transmission | | Gear - Cluster, Main Shaft",VMRS_HB_COMPLETE_v20 page 8_pages_51-75.md
026-003-005,,026,003,Bearing Or Bushing - Rear Main (Rear Of | 026-006-006 | Clutch Gear & Synchronizer Collar Assembly,VMRS_HB_COMPLETE_v20 page 8_pages_51-75.md
026-003-006,,026,003,Bearing - Main Shaft Clutch Gear & | 026-006-007 | Clutch - 4th & 5th Sliding,VMRS_HB_COMPLETE_v20 page 8_pages_51-75.md
026-002-007,,026,002,"Synchronizer Collar, Manual Transmission | 026-006-010 | Synchronizer Assembly - 2nd & 3rd Or 2nd",VMRS_HB_COMPLETE_v20 page 8_pages_51-75.md
020-003-007,,020,003,Transmission | 026-006-012 | SpeedSynchronizer Assembly - 3rd & Direct,VMRS_HB_COMPLETE_v20 page 8_pages_51-75.md
026-003-008,,026,003,Bearing - 2nd Gear Main Shaft Manual | 026-006-012 | Synchronizer Assembly - Main Shaft Half,VMRS_HB_COMPLETE_v20 page 8_pages_51-75.md
026-003-009,,026,003,"Bearing - 3rd Gear, Main Shaft, Manual | 026-006-015 | Thrust Washer - 2nd & 3rd Speed Gear, Main",VMRS_HB_COMPLETE_v20 page 8_pages_51-75.md
026-003-010,,026,003,"Bushing - Main Shaft Pilot, Manual Transmission | 026-006-016 | Gear - Reverse",VMRS_HB_COMPLETE_v20 page 8_pages_51-75.md
026-003-011,,026,003,"Snap Ring - Main Shaft Pilot Bearing, Manual | 026-006-017 | Gear - Reverse Idler, Front",VMRS_HB_COMPLETE_v20 page 8_pages_51-75.md
026-006-018,,026,006,"Transmission | | Gear - Reverse Idler, Rear",VMRS_HB_COMPLETE_v20 page 8_pages_51-75.md
026-003-012,,026,003,"Bearing - 1st & Reverse, Manual Transmission | 026-006-019 | Retainer - Rear Main Bearing",VMRS_HB_COMPLETE_v20 page 8_pages_51-75.md
020-003-013,,020,003,Transmission | 020-000-020 | Shah Ring - Rear Rearing,VMRS_HB_COMPLETE_v20 page 8_pages_51-75.md
026-003-014,,026,003,"Race, Bearing - Rear Main (Rear of | 026-006-022 | Seal - Rear Main Bearing Retainer",VMRS_HB_COMPLETE_v20 page 8_pages_51-75.md
026-006-023,,026,006,"Transmission Case), Manual Transmission | | Gear - Sliding, 1st & Reverse",VMRS_HB_COMPLETE_v20 page 8_pages_51-75.md
026-004-000,,026,004,Retainer - Main Bearing | 026-006-024 | Gear - 1st Speed,VMRS_HB_COMPLETE_v20 page 8_pages_51-75.md
026-004-001,,026,004,"Snap Ring - Retainer, Front Main Bearing | 026-006-025 | Bushing Sleeve - 1st Speed Gear",VMRS_HB_COMPLETE_v20 page 8_pages_51-75.md
026-004-002,,026,004,"Cover - Input Shaft Bearing | 026-006-026 | Thrust Washer - 1st Speed Gear, Main Drive",VMRS_HB_COMPLETE_v20 page 8_pages_51-75.md
026-004-003,,026,004,"Gasket - Input Shaft Bearing Cover | | Gear, Manual Transmission",VMRS_HB_COMPLETE_v20 page 8_pages_51-75.md
026-006-027,,026,006,Synchronizing Hub - 2nd & 3rd Speed | 026-006-085 | Synchronizer - Auxiliary Low Speed Assembly,VMRS_HB_COMPLETE_v20 page 8_pages_51-75.md
026-006-028,,026,006,"Sleeve - Clutch Sliding, 1st & 2nd Speed | 026-006-086 | Synchronizer - Auxiliary Direct Assembly",VMRS_HB_COMPLETE_v20 page 8_pages_51-75.md
026-006-029,,026,006,"Clutch Hub - 1st & 2nd Speed | 026-006-087 | Tube - Oil, Main Shaft",VMRS_HB_COMPLETE_v20 page 8_pages_51-75.md
026-006-030,,026,006,"Clutch Assembly - Fully Synchronized | 026-006-089 | Bearing Kit - Main Shaft, Manual Transmission",VMRS_HB_COMPLETE_v20 page 8_pages_51-75.md
026-006-031,,026,006,Drum Assembly - 2nd Speed Synchronizing | 026-006-090 | Mainshaft - Fifth Gear,VMRS_HB_COMPLETE_v20 page 8_pages_51-75.md
026-006-032,,026,006,"Gear - Clutch, 2nd & 3rd Speed | 026-006-091 | Gear - Sixth",VMRS_HB_COMPLETE_v20 page 8_pages_51-75.md
026-006-033,,026,006,"Sleeve - Clutch, 2nd & 3rd | 026-006-092 | Gear - Seventh",VMRS_HB_COMPLETE_v20 page 8_pages_51-75.md
026-006-034,,026,006,"Hub - Clutch, 3rd & 4th Speed | 026-006-093 | Clutch - 6th & 7th Sliding",VMRS_HB_COMPLETE_v20 page 8_pages_51-75.md
026-006-035,,026,006,"Sleeve - Clutch Sliding, 3rd & 4th Speed | 026-006-094 | Synchronizing Assembly - 6th Speed",VMRS_HB_COMPLETE_v20 page 8_pages_51-75.md
026-006-036,,026,006,"Plate - Synchronizing Shift, Manual Transmission | 026-006-095 | Clutch - Sliding, Reverse, Transmission",VMRS_HB_COMPLETE_v20 page 8_pages_51-75.md
026-006-037,,026,006,"Drum Assembly - High Speed Synchronizing | 026-006-096 | Cup - Synchronizer, 1st & 2nd",VMRS_HB_COMPLETE_v20 page 8_pages_51-75.md
026-006-038,,026,006,"Ring - Synchronizing, 3rd Speed | 026-006-097 | Cup - Synchronizer, 3rd & 4th",VMRS_HB_COMPLETE_v20 page 8_pages_51-75.md
026-006-039,,026,006,"Ring - Synchronizing, 4th Speed | 026-006-098 | Cup - Synchronizer, 5th & 6th",VMRS_HB_COMPLETE_v20 page 8_pages_51-75.md
020-000-040,,020,000,"Ring - Synchronizing, Tst Speed, Manual | 026-006-100 | HUD - Clutch, Reverse",VMRS_HB_COMPLETE_v20 page 8_pages_51-75.md
026-006-041,,026,006,"Ping - Synchronizing, 2nd Speed | 020-000-100 | Synchronizer - 3rd & 4th",VMRS_HB_COMPLETE_v20 page 8_pages_51-75.md
026-006-047,,026,006,Gear - Ath Or 5th Speed Main Shaft | 026-006-107 | Synchronizer - 5th & 6th,VMRS_HB_COMPLETE_v20 page 8_pages_51-75.md
026-006-042,,026,006,Synchronizer Assembly - Ath Or 5th Speed | 026-006-102 | Synchronizer - 1st & 2nd,VMRS_HB_COMPLETE_v20 page 8_pages_51-75.md
026-006-044,,026,006,Quill - Main Shaft Front | 026-006-104 | Spring - Key Synchronizer,VMRS_HB_COMPLETE_v20 page 8_pages_51-75.md
026-006-045,,026,006,"Quill - Main Shaft, Rear | 026-006-105 | Sleeve - Hub 2nd & 3rd",VMRS_HB_COMPLETE_v20 page 8_pages_51-75.md
026-006-046,,026,006,"Gear - Overdrive, Main Shaft Manual | 026-006-106 | Synchronizer - 1st & Beverse",VMRS_HB_COMPLETE_v20 page 8_pages_51-75.md
026-006-107,,026,006,"020 000 0.0 | Transmission | | Shaft - Output, Manual Transmission",VMRS_HB_COMPLETE_v20 page 8_pages_51-75.md
026-006-048,,026,006,Key - Main Shaft | | Transmission,VMRS_HB_COMPLETE_v20 page 8_pages_51-75.md
026-006-049,,026,006,"Snap Ring - Main Shaft Gear, Manual | 026-006-109 | Ring - Blocking, Synchronizer",VMRS_HB_COMPLETE_v20 page 8_pages_51-75.md
026-006-110,,026,006,"Transmission | | Spring - Blocking, Synchronizer",VMRS_HB_COMPLETE_v20 page 8_pages_51-75.md
026-006-050,,026,006,"Yoke - Main Shaft End, Manual Transmission | 026-006-111 | Hub - Synchronizer",VMRS_HB_COMPLETE_v20 page 8_pages_51-75.md
026-006-051,,026,006,"Needle Roller Bearing - 2nd Gear, Main Shaft | 026-006-112 | Insert - Synchronizer",VMRS_HB_COMPLETE_v20 page 8_pages_51-75.md
026-006-052,,026,006,Snap Ring - 2nd & 3rd Speed Synchronizer | 026-006-113 | Sleeve - Synchronizer,VMRS_HB_COMPLETE_v20 page 8_pages_51-75.md
026-006-053,,026,006,Snap Ring - 3rd Gear | 026-006-114 | Ball Bearing - Main Drive Pinion,VMRS_HB_COMPLETE_v20 page 8_pages_51-75.md
026-006-054,,026,006,"Thrust Washer - Reverse Gear, Main Drive Gear, | 026-006-115 | Synchronizer Set - Manual Transmission",VMRS_HB_COMPLETE_v20 page 8_pages_51-75.md
026-006-116,,026,006,Manual Transmission | | Pinion - Front Compound Main Drive,VMRS_HB_COMPLETE_v20 page 8_pages_51-75.md
026-006-055,,026,006,Needle Bearing Assembly - 1st & Reverse Gear | 026-006-117 | Clutch - Front Compound Sliding,VMRS_HB_COMPLETE_v20 page 8_pages_51-75.md
026-006-056,,026,006,"Snap Ring - 1st Speed Gear | 026-006-118 | Pinion - Main Case, Main Drive",VMRS_HB_COMPLETE_v20 page 8_pages_51-75.md
026-006-057,,026,006,"Collar - Clutch, 1st & Reverse Gear | 026-006-119 | Gear - Output Shaft, Manual Transmission",VMRS_HB_COMPLETE_v20 page 8_pages_51-75.md
026-006-058,,026,006,"Thrust Washer - 3rd & 4th Speed Gear, Main | 026-006-120 | Seal - Oil, Output Shaft, Manual Transmission",VMRS_HB_COMPLETE_v20 page 8_pages_51-75.md
026-006-121,,026,006,"Drive gear, Manual Transmission | | Cover - Reverse Gear",VMRS_HB_COMPLETE_v20 page 8_pages_51-75.md
026-006-059,,026,006,Gear - 4th Speed | 026-006-122 | Gasket - Reverse Gear Cover,VMRS_HB_COMPLETE_v20 page 8_pages_51-75.md
026-006-060,,026,006,"Inrust Washer - 4th Speed, Main Drive Gear, | 026-006-123 | Ione Ring - Mainshaft Speed",VMRS_HB_COMPLETE_v20 page 8_pages_51-75.md
006-006-061,,006,006,"Manual Transmission | 020-000-124 | Washer - Yoke, Output Shaft",VMRS_HB_COMPLETE_v20 page 8_pages_51-75.md
020-000-001,,020,000,"Spacer - Needle Roller Bearing, 2nd Gear, Main | 026-007-000 | Retaining Bolt - Yoke, Output Shalt",VMRS_HB_COMPLETE_v20 page 8_pages_51-75.md
026-006-062,,026,006,SnallGoor Main Shaft Clutch Manual Transmission | 026-007-000 | Countershall - High Range,VMRS_HB_COMPLETE_v20 page 8_pages_51-75.md
020-000-002,,020,000,Sloovo Hub 1st & Dovorso | 020-007-001 | Drive Gear Hi Pange Countershaft Pear,VMRS_HB_COMPLETE_v20 page 8_pages_51-75.md
020-000-003,,020,000,"Sieeve - Flub, TSL& Neverse | 020-007-002 | Drive Gear - Hi-Range Countershall, Real",VMRS_HB_COMPLETE_v20 page 8_pages_51-75.md
026-006-065,,026,006,Washer - Locating 3rd Gear Main Drive Gear | 026-007-003 | Gear - 3rd Ath 9th & 10th Hi-Bange,VMRS_HB_COMPLETE_v20 page 8_pages_51-75.md
026-006-066,,026,006,Sleeve - Hub 4th & 5th | 026-007-005 | Gear - 1st 2nd 7th & 8th Hi-Bange,VMRS_HB_COMPLETE_v20 page 8_pages_51-75.md
026-006-067,,026,006,Cup - Synchronizer 4th & 5th Speed | 020 007 000 | Countershaft,VMRS_HB_COMPLETE_v20 page 8_pages_51-75.md
026-006-068,,026,006,Cup W/Snap Ring - Main Shaft Rear Bearing | 026-007-006 | Synchronizer - Hi-Bange Countershaft,VMRS_HB_COMPLETE_v20 page 8_pages_51-75.md
026-006-069,,026,006,Bearing - Hub. 4th & 5th Shift | 026-007-007 | Thrust Washer - Hi-Range Countershaft,VMRS_HB_COMPLETE_v20 page 8_pages_51-75.md
026-006-070,,026,006,"Cup - Synchronizer, 3rd Gear | 026-007-008 | Bearing - Hi-Range Countershaft, Manual",VMRS_HB_COMPLETE_v20 page 8_pages_51-75.md
026-006-071,,026,006,Retaining Ring - Split Washer | | Transmission,VMRS_HB_COMPLETE_v20 page 8_pages_51-75.md
026-006-072,,026,006,"Split Washer - Main Shaft, 2nd & Reverse Gear, | 026-007-009 | Retainer - Hi-Range Countershaft Bearing",VMRS_HB_COMPLETE_v20 page 8_pages_51-75.md
026-008-000,,026,008,"Main Drive Gear, Manual Transmission | | Countershaft - Low Range",VMRS_HB_COMPLETE_v20 page 8_pages_51-75.md
026-006-073,,026,006,"Ball - Locating, 2nd Gear Split Washer | 026-008-001 | Countershaft Assembly - Low-Range",VMRS_HB_COMPLETE_v20 page 8_pages_51-75.md
026-006-074,,026,006,"Gear - Cluster, Reverse Idler | 026-008-002 | Drive Gear - Low-Range Countershaft",VMRS_HB_COMPLETE_v20 page 8_pages_51-75.md
026-006-075,,026,006,"Replacement Kit (Includes Cup) - Synchronizer, | 026-008-003 | Gear - Forward & Reverse, Low-Range",VMRS_HB_COMPLETE_v20 page 8_pages_51-75.md
026-006-076,,026,006,"Replacement Kit (Includes Cup) - Synchronizer, | 026-008-004 | Gear - Output, Low-Range Countershaft",VMRS_HB_COMPLETE_v20 page 8_pages_51-75.md
026-008-005,,026,008,2nd & 3rd Speed | | Thrust Washer - Low-Range Countershaft,VMRS_HB_COMPLETE_v20 page 8_pages_51-75.md
026-006-077,,026,006,"Race - Bearing, 4th & 5th Shift Hub | 026-008-006 | Bearing - Low-Range, Countershaft, Manual",VMRS_HB_COMPLETE_v20 page 8_pages_51-75.md
026-006-078,,026,006,Spacer - End Yoke | | Transmission,VMRS_HB_COMPLETE_v20 page 8_pages_51-75.md
026-006-079,,026,006,Gear Set - Main Shaft | 026-008-007 | Retainer - Low-Range Countershaft Bearing,VMRS_HB_COMPLETE_v20 page 8_pages_51-75.md
026-006-080,,026,006,"Gear - Low, Main Shaft, Manual Transmission | 026-008-008 | Pump - Oil, Internal",VMRS_HB_COMPLETE_v20 page 8_pages_51-75.md
026-006-081,,026,006,"Inrust Washer - 5th Speed, Main Drive Gear, | 026-009-000 | Cover Assembly - Manual Transmission",VMRS_HB_COMPLETE_v20 page 8_pages_51-75.md
026-006-082,,026,006,"wasner - Main Shaft, Main Drive Gear, Manual | 026-009-002 | Hardware, Mounting - Case Cover",VMRS_HB_COMPLETE_v20 page 8_pages_51-75.md
006-006-000,,006,006,Iransmission | 026-009-003 | Gasket - Case Cover,VMRS_HB_COMPLETE_v20 page 8_pages_51-75.md
020-000-083,,020,000,"Nul - Oulpul Shail, Hear, Manual Transmission | 020-009-004 | Cover - Case, Front, Manual Transmission",VMRS_HB_COMPLETE_v20 page 8_pages_51-75.md
020-000-004,,020,000,"Synonionizer - nallye Assembly | 020-009-000 | otuu - Ouver, Italisiilissiuli Case",VMRS_HB_COMPLETE_v20 page 8_pages_51-75.md
000-010-067,,000,010,Cover DTO Opening Transmission Case | | Trough Oil,VMRS_HB_COMPLETE_v20 page 8_pages_51-75.md
020-009-000,,020,009,"Cover - FTO Opening, Transmission Case | 020-010-007 | Hordware Mounting Oil Trough",VMRS_HB_COMPLETE_v20 page 8_pages_51-75.md
020-009-007,,020,009,"Piug - Shint Housing Rail | 020-010-000 | Hardware, Mounting - On Hough",VMRS_HB_COMPLETE_v20 page 8_pages_51-75.md
026-010-000,,026,010,"Rails, Forks & Internal Shift Mechanism | 020-010-009 | YOKE - ACLUAIOF",VMRS_HB_COMPLETE_v20 page 8_pages_51-75.md
020-010-001,,020,010,"Rail - Tst Speed Shifter | 020-010-070 | PIN - PIVOL, ACLUALOR",VMRS_HB_COMPLETE_v20 page 8_pages_51-75.md
026-010-002,,026,010,Fork - Isl Speed Shiller | 020-010-071 | Switch - Neutral Salety,VMRS_HB_COMPLETE_v20 page 8_pages_51-75.md
020-010-003,,020,010,"Rall - Shiller, Isl & Reverse | 020-010-072 | Breather - Transmission",VMRS_HB_COMPLETE_v20 page 8_pages_51-75.md
026-010-004,,026,010,"Fork, Shiller - Ist & Reverse | 026-010-073 | Hardware, Mounting - Forks & Internal Shift",VMRS_HB_COMPLETE_v20 page 8_pages_51-75.md
026-010-005,,026,010,"Hardware, Mounting - 1st and Reverse Shifter | 000 010 074 | Mechanism Ralls",VMRS_HB_COMPLETE_v20 page 8_pages_51-75.md
000-010-000,,000,010,"FORK | 026-010-074 | Housing - Piston, Manual Transmission Snift",VMRS_HB_COMPLETE_v20 page 8_pages_51-75.md
026-010-006,,026,010,"Fork - Shift, 1st & 2nd Speed | 026-010-075 | Retainer - Rail, Shift",VMRS_HB_COMPLETE_v20 page 8_pages_51-75.md
026-010-007,,026,010,"Rall - Shiπ, 1st & 2nd Speed | 026-010-076 | Poppet - Rall, Shift",VMRS_HB_COMPLETE_v20 page 8_pages_51-75.md
026-010-008,,026,010,"Fork - Reverse Shift | 026-010-077 | End - Rall, Transmission",VMRS_HB_COMPLETE_v20 page 8_pages_51-75.md
026-010-009,,026,010,Rall - Reverse Shift | 026-010-078 | Plunger - Shift Detent,VMRS_HB_COMPLETE_v20 page 8_pages_51-75.md
026-010-010,,026,010,"Lug - Reverse Shifter | 026-010-079 | Insert - Shift Yoke, Transmission",VMRS_HB_COMPLETE_v20 page 8_pages_51-75.md
026-010-012,,026,010,"Fork - Shifter, 2nd & 3rd | 026-010-081 | Block - Shift, 1st & 2nd",VMRS_HB_COMPLETE_v20 page 8_pages_51-75.md
026-010-013,,026,010,"Hardware, Mounting - 2nd & 3rd Snifter Fork | 026-010-082 | Shift Assembly - Fork & Rall",VMRS_HB_COMPLETE_v20 page 8_pages_51-75.md
026-010-014,,026,010,"Fork - Shift, 3rd & 4th Speed | 026-010-083 | Shaft Assembly - Single Rall Selector",VMRS_HB_COMPLETE_v20 page 8_pages_51-75.md
026-010-015,,026,010,Rail - Shift and & 4th Speed | 026-010-084 | Key - Shift Bar Housing,VMRS_HB_COMPLETE_v20 page 8_pages_51-75.md
026-010-016,,026,010,"Rall - Shifter, 4th & 5th Speed | 026-010-085 | Key - Interlock, Shift Bar Housing",VMRS_HB_COMPLETE_v20 page 8_pages_51-75.md
026-010-017,,026,010,"Fork - Shifter, 4th & 5th Speed | 026-010-086 | Pad - Shift Fork",VMRS_HB_COMPLETE_v20 page 8_pages_51-75.md
026-010-018,,026,010,"Rall - Reverse Shifter Head | 026-010-087 | Bracket - Fork, Range Snitter",VMRS_HB_COMPLETE_v20 page 8_pages_51-75.md
026-010-019,,026,010,Head - Reverse Shifter | 026-010-088 | YOKE - Shift,VMRS_HB_COMPLETE_v20 page 8_pages_51-75.md
026-010-020,,026,010,"Lever - Reverse Shift, Internal Shift Mechanism | 026-010-089 | Bracket - Switch, Backup",VMRS_HB_COMPLETE_v20 page 8_pages_51-75.md
026-010-021,,026,010,Rail - Reverse Shift Fork | 026-010-090 | Solenoid - Range Shifter,VMRS_HB_COMPLETE_v20 page 8_pages_51-75.md
026-010-022,,026,010,"Finger - Reverse Shift Lever | 026-010-091 | Ball - Poppet, Manual Transmission",VMRS_HB_COMPLETE_v20 page 8_pages_51-75.md
026-010-023,,026,010,"Inhibitor - Reverse | 026-010-092 | Spring - Poppet Ball, Manual Transmission",VMRS_HB_COMPLETE_v20 page 8_pages_51-75.md
026-010-024,,026,010,Pin - Reverse Lever Fulcrum | 026-011-000 | Transmission External Control,VMRS_HB_COMPLETE_v20 page 8_pages_51-75.md
026-010-025,,026,010,"Fork - Splitter Shifter, Manual Transmission | 026-011-001 | Lever Assembly - Transmission Gearshift",VMRS_HB_COMPLETE_v20 page 8_pages_51-75.md
026-010-026,,026,010,"Rail - Splitter Shifter | 026-011-002 | Hardware, Mounting - Transmission Gear Shift",VMRS_HB_COMPLETE_v20 page 8_pages_51-75.md
026-010-027,,026,010,Fork - Range Shifter | | Lever Assembly,VMRS_HB_COMPLETE_v20 page 8_pages_51-75.md
026-010-028,,026,010,Rail - Range Shifter | 026-011-003 | Index Plate - Gearshift Lever,VMRS_HB_COMPLETE_v20 page 8_pages_51-75.md
026-010-029,,026,010,"Fork - Shifter, 5-6 & 11-12 | 026-011-004 | Knob - Gearshift Lever",VMRS_HB_COMPLETE_v20 page 8_pages_51-75.md
026-010-030,,026,010,"Rail - Shifter, 5-6 & 11-12 | 026-011-005 | Boot - Gearshift Lever",VMRS_HB_COMPLETE_v20 page 8_pages_51-75.md
026-010-031,,026,010,Finger - Hi-Range C/S Shifter | 026-011-006 | Retainer - Gearshift Lever Boot,VMRS_HB_COMPLETE_v20 page 8_pages_51-75.md
026-010-032,,026,010,Rail - Hi-Range C/S Shifter | 026-011-007 | Seal - Shift Lever,VMRS_HB_COMPLETE_v20 page 8_pages_51-75.md
026-010-033,,026,010,"Fork, Shifter - Forward & Reverse | 026-011-008 | Washer - Shift Lever Wave, Transmission",VMRS_HB_COMPLETE_v20 page 8_pages_51-75.md
026-010-034,,026,010,Rail - Forward & Reverse Shifter | 000 011 000 | External Control,VMRS_HB_COMPLETE_v20 page 8_pages_51-75.md
026-010-035,,026,010,Shaft & Lever - Selector | 026-011-009 | Bracket - Gearshitt Lever,VMRS_HB_COMPLETE_v20 page 8_pages_51-75.md
020-010-030,,020,010,Seal - Shiller Shall | 020-011-010 | Tower Assembly - Shifting,VMRS_HB_COMPLETE_v20 page 8_pages_51-75.md
020-010-037,,020,010,"DIOCK - DITECT STILLBlock and Speed Shift | 020-011-011 | Linkage - Remote Control, Manual Transmission",VMRS_HB_COMPLETE_v20 page 8_pages_51-75.md
026-010-039,,026,010,Diock - Reverse Shift Manual Transmission | 020-011-013 | LINKage - FOOL Pedal TO Relarder valve,VMRS_HB_COMPLETE_v20 page 8_pages_51-75.md
020-010-040,,020,010,Plunger - Neverse Shift | 020-011-014 | Suitch Noutral Safaty Manual Transmission,VMRS_HB_COMPLETE_v20 page 8_pages_51-75.md
020-010-041,,020,010,"Spling - Reverse Shift Spring | 020-011-015 | Switch - Neutral Salety, Manual Transmission,",VMRS_HB_COMPLETE_v20 page 8_pages_51-75.md
020-010-042,,020,010,Lockscrow - Shift Fork Or Block | 026-011-016 | Switch - Down Shift Timing,VMRS_HB_COMPLETE_v20 page 8_pages_51-75.md
020-010-044,,020,010,Ball - Interlock | 020-011-018 | Adjusting Ping - Gearshift Control Shaft Lower,VMRS_HB_COMPLETE_v20 page 8_pages_51-75.md
020-010-045,,020,010,Ball Shift Datant | 020-011-010 | Aujusting Ring - Gearshift Control Shaft Lower,VMRS_HB_COMPLETE_v20 page 8_pages_51-75.md
020-010-047,,020,010,Shaft Valvo Actuating Air | 020-011-020 | Hardware Mounting Transmission Control Ded,VMRS_HB_COMPLETE_v20 page 8_pages_51-75.md
020-010-049,,020,010,Gasket - Shift Bar Housing | 026-011-022 | Clavis - Transmission Control Rod,VMRS_HB_COMPLETE_v20 page 8_pages_51-75.md
026-010-051,,026,010,Cover Detent Spring | 026 011 023 | Link Control Dod Stabilizor,VMRS_HB_COMPLETE_v20 page 8_pages_51-75.md
020-010-057,,020,010,Gasket - Detent Spring Cover | 026-011-024 | Hardware Mounting - Control Pod Stabilizer Link,VMRS_HB_COMPLETE_v20 page 8_pages_51-75.md
020-010-052,,020,010,Din Deverse Switch Actuating | 020-011-024 | Root Control Pod Front,VMRS_HB_COMPLETE_v20 page 8_pages_51-75.md
020-010-054,,020,010,Hardware Mounting - Shift Bar Housing | 020-011-025 | Coupling - Control Rod,VMRS_HB_COMPLETE_v20 page 8_pages_51-75.md
020-010-055,,020,010,Spring Ball Intorlock | 020-011-020 | Boot Control Pod Coupling,VMRS_HB_COMPLETE_v20 page 8_pages_51-75.md
026-010-058,,026,010,Ball Backup (Dovorso) Switch Actuating | 026 011 030 | Brackat Assombly Control Dod Boll Crank,VMRS_HB_COMPLETE_v20 page 8_pages_51-75.md
020-010-050,,020,010,Spring - Shift Finger Dlunger 1et & Deverse | 020-011-030 | Diacket Assembly - Control Hou Dell Clark,VMRS_HB_COMPLETE_v20 page 8_pages_51-75.md
020-010-039,,020,010,Manual Transmission | 026 011 031 | Lovor Shift Linkago Idlor,VMRS_HB_COMPLETE_v20 page 8_pages_51-75.md
026-010-060,,026,010,"Shifter - 2nd & 3rd | 020-011-031 | Level - Offic Linkaye, Well",VMRS_HB_COMPLETE_v20 page 8_pages_51-75.md
026-010-001,,026,010,Support - Bail Shift | 026-011-034 | Spring Shift Lever - Transmission,VMRS_HB_COMPLETE_v20 page 8_pages_51-75.md
026-010-003,,026,010,Switch - Beverse Lamp | 026-011-036 | Lever - Shift 2nd & 2rd,VMRS_HB_COMPLETE_v20 page 8_pages_51-75.md
026-010-066,,026,010,Pipe Plug - Shift Bar Housing | 026-011-038 | Lever - Shift 3rd & 4th Speed,VMRS_HB_COMPLETE_v20 page 8_pages_51-75.md
010-010-000,,010,010,"The ring of the bar housing | 010 011 000 | Lotor onin, ora a full opeou",VMRS_HB_COMPLETE_v20 page 8_pages_51-75.md
026-011-039,,026,011,Lever - Reverse Shift | 026-011-115,VMRS_HB_COMPLETE_v20 page 8_pages_51-75.md
026-011-040,,026,011,"Rod - Transmission Gearshift Selector, Lower",VMRS_HB_COMPLETE_v20 page 8_pages_51-75.md
026-011-041,,026,011,Indicator Assembly - Shift | 026-011-116,VMRS_HB_COMPLETE_v20 page 8_pages_51-75.md
026-011-042,,026,011,"Hardware, Mounting - Shift Indicator Assembly | 026-011-117",VMRS_HB_COMPLETE_v20 page 8_pages_51-75.md
026-011-043,,026,011,Lino Vacuum Modulator Manual Transmission | 026-011-110,VMRS_HB_COMPLETE_v20 page 8_pages_51-75.md
020-011-044,,020,011,Control Valve - Air Transmission Control | 026-011-119,VMRS_HB_COMPLETE_v20 page 8_pages_51-75.md
026-011-046,,026,011,Cylinder - Bange Air | 026-011-120,VMRS_HB_COMPLETE_v20 page 8_pages_51-75.md
026-011-047,,026,011,Cylinder - Splitter Air | 026-011-122,VMRS_HB_COMPLETE_v20 page 8_pages_51-75.md
026-011-048,,026,011,Element - Filter. Transmission Air | 026-011-123,VMRS_HB_COMPLETE_v20 page 8_pages_51-75.md
026-011-049,,026,011,Washer - Gear Shift Lever | 026-011-124,VMRS_HB_COMPLETE_v20 page 8_pages_51-75.md
026-011-050,,026,011,Baffle - Gear Shift Lever | 026-011-125,VMRS_HB_COMPLETE_v20 page 8_pages_51-75.md
026-011-051,,026,011,Gasket - Gear Shift Lever Housing | 026-011-126,VMRS_HB_COMPLETE_v20 page 8_pages_51-75.md
026-011-052,,026,011,Isolator - Gear Shift Lever O-Ring | 026-011-127,VMRS_HB_COMPLETE_v20 page 8_pages_51-75.md
026-011-053,,026,011,Pin - Gear Shift Lever | 026-011-128,VMRS_HB_COMPLETE_v20 page 8_pages_51-75.md
026-011-054,,026,011,Lever - Gear Shift | 026-011-129,VMRS_HB_COMPLETE_v20 page 8_pages_51-75.md
026-011-055,,026,011,Regulator - Air | 026-011-130,VMRS_HB_COMPLETE_v20 page 8_pages_51-75.md
026-011-056,,026,011,Range Control Valve | 026-011-131,VMRS_HB_COMPLETE_v20 page 8_pages_51-75.md
026-011-057,,026,011,"Hardware, Mounting - Range Control Valve | 026-011-132",VMRS_HB_COMPLETE_v20 page 8_pages_51-75.md
026-011-058,,026,011,"Selector Valve - Lever Mounted, Upper | 026-011-133",VMRS_HB_COMPLETE_v20 page 8_pages_51-75.md
026-011-059,,026,011,"Range Valve - Lever Mounted, Upper | 026-011-134",VMRS_HB_COMPLETE_v20 page 8_pages_51-75.md
026-011-060,,026,011,Air Hose Assembly - Flexible | 026-011-135,VMRS_HB_COMPLETE_v20 page 8_pages_51-75.md
026-011-061,,026,011,"Line - Air Supply, Manual Transmission | 026-011-136",VMRS_HB_COMPLETE_v20 page 8_pages_51-75.md
026-011-062,,026,011,"Fitting - Air Line, External Control, Manual | 026-011-137",VMRS_HB_COMPLETE_v20 page 8_pages_51-75.md
020-011-003,,020,011,Finger Inner Shift | 026-011-139,VMRS_HB_COMPLETE_v20 page 8_pages_51-75.md
020-011-004,,020,011,Finger - Shift Outer | 026-011-140,VMRS_HB_COMPLETE_v20 page 8_pages_51-75.md
026-011-066,,026,011,Shaft - Remote Control Shift | 026-011-141,VMRS_HB_COMPLETE_v20 page 8_pages_51-75.md
026-011-067,,026,011,Shaft - Shift Outer | 026-011-142,VMRS_HB_COMPLETE_v20 page 8_pages_51-75.md
026-011-068,,026,011,Hardware Mounting - Remote Control Housing | 026-011-144,VMRS_HB_COMPLETE_v20 page 8_pages_51-75.md
026-011-069,,026,011,Bushing - Remote Control Housing | 020 011 111,VMRS_HB_COMPLETE_v20 page 8_pages_51-75.md
026-011-070,,026,011,Universal Joint - Remote Control Shaft | 026-011-145,VMRS_HB_COMPLETE_v20 page 8_pages_51-75.md
026-011-072,,026,011,"Breather - Transmission, External Control | 026-011-146",VMRS_HB_COMPLETE_v20 page 8_pages_51-75.md
026-011-073,,026,011,Lockscrew - Remote Shift Finger | 026-011-147,VMRS_HB_COMPLETE_v20 page 8_pages_51-75.md
026-011-074,,026,011,"Bearing - Shift Lever To Upper Cover, Manual | 026-011-148",VMRS_HB_COMPLETE_v20 page 8_pages_51-75.md
026-011-149,,026,011,Transmission,VMRS_HB_COMPLETE_v20 page 8_pages_51-75.md
026-011-075,,026,011,Gasket - Tower Assembly | 026-011-150,VMRS_HB_COMPLETE_v20 page 8_pages_51-75.md
026-011-078,,026,011,"Housing - Filter, Transmission Air | 026-011-151",VMRS_HB_COMPLETE_v20 page 8_pages_51-75.md
026-011-083,,026,011,"Gasket - Case, Filter, Air, Transmission | 026-011-152",VMRS_HB_COMPLETE_v20 page 8_pages_51-75.md
026-011-084,,026,011,"Rod - Transmission Gearshift Selector, Upper | 026-011-154",VMRS_HB_COMPLETE_v20 page 8_pages_51-75.md
026-011-085,,026,011,"Pin - Lock, Clevis, Transmission Control Rod | 026-011-155",VMRS_HB_COMPLETE_v20 page 8_pages_51-75.md
026-011-086,,026,011,Repair Kit - Range Control Valve | 026-011-156,VMRS_HB_COMPLETE_v20 page 8_pages_51-75.md
026-011-087,,026,011,"Sleeve - Shill Lever To Linkage, Lill Trucks | 026-011-157",VMRS_HB_COMPLETE_v20 page 8_pages_51-75.md
020-011-000,,020,011,Lock Valvo (In Noutral) Airmatic | 020-011-150,VMRS_HB_COMPLETE_v20 page 8_pages_51-75.md
026-011-009,,026,011,Wick - Shifter Box Seal | 026-011-160,VMRS_HB_COMPLETE_v20 page 8_pages_51-75.md
026-011-090,,026,011,Mounting Gasket - Air Valve | 026-011-162,VMRS_HB_COMPLETE_v20 page 8_pages_51-75.md
026-011-092,,026,011,Repair Kit - Shift Tower | 026-011-163,VMRS_HB_COMPLETE_v20 page 8_pages_51-75.md
026-011-093,,026,011,Finger - Shift Tower Shaft | 026-011-164,VMRS_HB_COMPLETE_v20 page 8_pages_51-75.md
026-011-094,,026,011,Snap Ring - Shift Tower Shaft | 026-011-165,VMRS_HB_COMPLETE_v20 page 8_pages_51-75.md
026-011-096,,026,011,Button - Range Control Valve | 026-011-166,VMRS_HB_COMPLETE_v20 page 8_pages_51-75.md
026-011-097,,026,011,Plate - Range Control Valve | 026-011-167,VMRS_HB_COMPLETE_v20 page 8_pages_51-75.md
026-011-098,,026,011,"Repair Kit - Range Valve, Lever Mounted",VMRS_HB_COMPLETE_v20 page 8_pages_51-75.md
026-011-099,,026,011,"Boot - Range Valve, Lever Mounted | 026-011-168",VMRS_HB_COMPLETE_v20 page 8_pages_51-75.md
026-011-100,,026,011,Seal - Shift Tower | 026-011-169,VMRS_HB_COMPLETE_v20 page 8_pages_51-75.md
026-011-101,,026,011,Spring - Range Control Valve | 026-011-170,VMRS_HB_COMPLETE_v20 page 8_pages_51-75.md
026-011-102,,026,011,Retainer - Gear Shift Lever,VMRS_HB_COMPLETE_v20 page 8_pages_51-75.md
026-011-103,,026,011,"Spring, Shift Lever - Shifter | 026-011-171",VMRS_HB_COMPLETE_v20 page 8_pages_51-75.md
026-011-104,,026,011,Shaft - Remote Control,VMRS_HB_COMPLETE_v20 page 8_pages_51-75.md
026-011-105,,026,011,Seal - Remote Control Shaft | 026-011-172,VMRS_HB_COMPLETE_v20 page 8_pages_51-75.md
026-011-106,,026,011,Pin - Remote Control Shift Shaft | 026-011-173,VMRS_HB_COMPLETE_v20 page 8_pages_51-75.md
026-011-107,,026,011,"Bearing - Nylon, Remote Control Joint, Manual | 026-011-174",VMRS_HB_COMPLETE_v20 page 8_pages_51-75.md
020-011-100,,020,011,Filiger - Remote Control Poor | 020-011-1/0,VMRS_HB_COMPLETE_v20 page 8_pages_51-75.md
026-011-110,,026,011,Bearing Can - Remote Control Lover | 026-011-179,VMRS_HB_COMPLETE_v20 page 8_pages_51-75.md
026-011-111,,026,011,Screw - Lock Remote Control | 026-011-170,VMRS_HB_COMPLETE_v20 page 8_pages_51-75.md
026-011-112,,026,011,Nut - Remote Control Lock Screw | 026-011-180,VMRS_HB_COMPLETE_v20 page 8_pages_51-75.md
026-011-113,,026,011,"Bracket - Air Filter, Transmission | 026-011-181",VMRS_HB_COMPLETE_v20 page 8_pages_51-75.md
026-011-114,,026,011,Sleeve - Air Line Fitting | 026-011-182,VMRS_HB_COMPLETE_v20 page 8_pages_51-75.md
026-011-115,,026,011,"Sleeve - Range Control Valve, Manual",VMRS_HB_COMPLETE_v20 page 8_pages_51-75.md
026-011-116,,026,011,Pin - Bange Control Valve,VMRS_HB_COMPLETE_v20 page 8_pages_51-75.md
020-011-117,,020,011,O Ding Dange Control Valve,VMRS_HB_COMPLETE_v20 page 8_pages_51-75.md
026-011-118,,026,011,Repair Kit - Slave Valve,VMRS_HB_COMPLETE_v20 page 8_pages_51-75.md
026-011-119,,026,011,"Filter - Air, Regulator Transmission",VMRS_HB_COMPLETE_v20 page 8_pages_51-75.md
026-011-120,,026,011,"O-Ring - Mounting, Air Filter, Regulator",VMRS_HB_COMPLETE_v20 page 8_pages_51-75.md
026-011-121,,026,011,Range Slave Valve,VMRS_HB_COMPLETE_v20 page 8_pages_51-75.md
026-011-122,,026,011,Mounting Gasket - Bange Slave Valve,VMRS_HB_COMPLETE_v20 page 8_pages_51-75.md
020-011-122,,020,011,Nounding Gasker - Hange Slave Valve,VMRS_HB_COMPLETE_v20 page 8_pages_51-75.md
020-011-123,,020,011,Selector Knob - Master Valve,VMRS_HB_COMPLETE_v20 page 8_pages_51-75.md
026-011-124,,026,011,"Insert - Valve, Manual Transmission",VMRS_HB_COMPLETE_v20 page 8_pages_51-75.md
026-011-125,,026,011,"O-Ring - Insert Valve, Manual Transmission",VMRS_HB_COMPLETE_v20 page 8_pages_51-75.md
026-011-126,,026,011,"Bolts - Mounting, PTO Cover",VMRS_HB_COMPLETE_v20 page 8_pages_51-75.md
026-011-127,,026,011,Insulator - Shift Lever,VMRS_HB_COMPLETE_v20 page 8_pages_51-75.md
020-011-127,,020,011,E Ding Leolator,VMRS_HB_COMPLETE_v20 page 8_pages_51-75.md
020-011-120,,020,011,E-RITY - ISUIAIUI,VMRS_HB_COMPLETE_v20 page 8_pages_51-75.md
026-011-129,,026,011,Pin - Isolator,VMRS_HB_COMPLETE_v20 page 8_pages_51-75.md
026-011-130,,026,011,Bushing - Isolator,VMRS_HB_COMPLETE_v20 page 8_pages_51-75.md
026-011-131,,026,011,Isolator - Shift Lever,VMRS_HB_COMPLETE_v20 page 8_pages_51-75.md
026-011-132,,026,011,Stub - Lever,VMRS_HB_COMPLETE_v20 page 8_pages_51-75.md
026-011-133,,026,011,Cable - Shift I Init Assembly,VMRS_HB_COMPLETE_v20 page 8_pages_51-75.md
020-011-134,,020,011,Gasket - Shilt Unit Assembly,VMRS_HB_COMPLETE_v20 page 8_pages_51-75.md
026-011-135,,026,011,Cable - Shift Control Assembly,VMRS_HB_COMPLETE_v20 page 8_pages_51-75.md
026-011-136,,026,011,Cover - Shift Cable,VMRS_HB_COMPLETE_v20 page 8_pages_51-75.md
026-011-137,,026,011,Plate - Shift Cable,VMRS_HB_COMPLETE_v20 page 8_pages_51-75.md
026-011-138,,026,011,Seal - Shift Cable,VMRS_HB_COMPLETE_v20 page 8_pages_51-75.md
020-011-139,,020,011,,VMRS_HB_COMPLETE_v20 page 8_pages_51-75.md
026-011-140,,026,011,Accumulator Assembly - Manual Transmission,VMRS_HB_COMPLETE_v20 page 8_pages_51-75.md
026-011-141,,026,011,Check Valve - Oil,VMRS_HB_COMPLETE_v20 page 8_pages_51-75.md
026-011-142,,026,011,Check Valve - Air Filter,VMRS_HB_COMPLETE_v20 page 8_pages_51-75.md
026-011-143,,026,011,Spacer - Mounting,VMRS_HB_COMPLETE_v20 page 8_pages_51-75.md
026-011-144,,026,011,Mounting Bracket - External Shift Manual,VMRS_HB_COMPLETE_v20 page 8_pages_51-75.md
020-011-144,,020,011,Transmission,VMRS_HB_COMPLETE_v20 page 8_pages_51-75.md
026-011-145,,026,011,Shifter Assembly,VMRS_HB_COMPLETE_v20 page 8_pages_51-75.md
026-011-146,,026,011,"Pilot Valve - External Shift, Manual Transmission",VMRS_HB_COMPLETE_v20 page 8_pages_51-75.md
026-011-147,,026,011,"Sub-Plate - Mounting, Pilot Valve",VMRS_HB_COMPLETE_v20 page 8_pages_51-75.md
026-011-148,,026,011,Insert - Transmission Far,VMRS_HB_COMPLETE_v20 page 8_pages_51-75.md
020-011-140,,020,011,Wiring Hernesson Transmission Shift Control,VMRS_HB_COMPLETE_v20 page 8_pages_51-75.md
020-011-149,,020,011,Winng Harness - Transmission Shilt Control,VMRS_HB_COMPLETE_v20 page 8_pages_51-75.md
026-011-150,,026,011,"Hose - Accumulator, Manual Transmission",VMRS_HB_COMPLETE_v20 page 8_pages_51-75.md
026-011-151,,026,011,Hose - End Plate,VMRS_HB_COMPLETE_v20 page 8_pages_51-75.md
026-011-152,,026,011,Hose - PTO Cover,VMRS_HB_COMPLETE_v20 page 8_pages_51-75.md
026-011-154,,026,011,Box - Accessories,VMRS_HB_COMPLETE_v20 page 8_pages_51-75.md
026-011-155,,026,011,Wiring Harpoon Bower Shift Control,VMRS_HB_COMPLETE_v20 page 8_pages_51-75.md
026-011-156,,026,011,Range Selector - Lett Drive,VMRS_HB_COMPLETE_v20 page 8_pages_51-75.md
026-011-157,,026,011,Range Selector - Right Drive,VMRS_HB_COMPLETE_v20 page 8_pages_51-75.md
026-011-158,,026,011,Wiring Harness - Transmission Range Selector,VMRS_HB_COMPLETE_v20 page 8_pages_51-75.md
026-011-159,,026,011,Wiring Harness - Transmission Master,VMRS_HB_COMPLETE_v20 page 8_pages_51-75.md
026-011-160,,026,011,Station - Transmission,VMRS_HB_COMPLETE_v20 page 8_pages_51-75.md
026-011-162,,026,011,"Spring - Over Center, Monotrol Pedal",VMRS_HB_COMPLETE_v20 page 8_pages_51-75.md
026-011-163,,026,011,"Head - Air Filter, Transmission",VMRS_HB_COMPLETE_v20 page 8_pages_51-75.md
026-011-164,,026,011,"Gasket - Head, Air Filter, Transmission",VMRS_HB_COMPLETE_v20 page 8_pages_51-75.md
026-011-165,,026,011,"Washer - Air Filter, Transmission",VMRS_HB_COMPLETE_v20 page 8_pages_51-75.md
026-011-166,,026,011,Spring - Air Filter Transmission,VMRS_HB_COMPLETE_v20 page 8_pages_51-75.md
020-011-107,,020,011,,VMRS_HB_COMPLETE_v20 page 8_pages_51-75.md
026-011-168,,026,011,Cover - Shift Indicator,VMRS_HB_COMPLETE_v20 page 8_pages_51-75.md
026-011-169,,026,011,"ECU - Shift Control, Manual Transmission",VMRS_HB_COMPLETE_v20 page 8_pages_51-75.md
026-011-170,,026,011,Control - Remote Air Control Manual,VMRS_HB_COMPLETE_v20 page 8_pages_51-75.md
,020-011,020,011,1/0 | Transmission Shift,VMRS_HB_COMPLETE_v20 page 8_pages_51-75.md
026-011-171,,026,011,"Solenoid - Remote Air Control, Manual",VMRS_HB_COMPLETE_v20 page 8_pages_51-75.md
026-011-172,,026,011,"Line - Air, Shift Control",VMRS_HB_COMPLETE_v20 page 8_pages_51-75.md
026-011-173,,026,011,Ball - Socket Actuator,VMRS_HB_COMPLETE_v20 page 8_pages_51-75.md
026-011-174,,026,011,Cover Plate - Floor Shift Tower,VMRS_HB_COMPLETE_v20 page 8_pages_51-75.md
026-011-176,,026,011,Spacer - Shift Lever,VMRS_HB_COMPLETE_v20 page 8_pages_51-75.md
026-011-177,,026,011,Bracket - Shift Box,VMRS_HB_COMPLETE_v20 page 8_pages_51-75.md
026-011-178,,026,011,"Spring - Plate, Deck Seal",VMRS_HB_COMPLETE_v20 page 8_pages_51-75.md
026-011-181,,026,011,Box - Shift Control,VMRS_HB_COMPLETE_v20 page 8_pages_51-75.md
026-011-182,,026,011,"Bearing - Joint, Shift Shaft, Manual Transmission",VMRS_HB_COMPLETE_v20 page 8_pages_51-75.md
026-011-183,,026,011,"Cap - Joint, Shift Shaft | 026-013-026 | Timer - Oil Heater",VMRS_HB_COMPLETE_v20 page 8_pages_51-75.md
026-011-184,,026,011,Bracket - Deck Seal | 026-013-027 | Sensor - Oil Heater,VMRS_HB_COMPLETE_v20 page 8_pages_51-75.md
026-011-185,,026,011,Pivot - Shift Lever | 026-013-028 | Wiring - Oil Heater,VMRS_HB_COMPLETE_v20 page 8_pages_51-75.md
026-011-186,,026,011,Bracket - Shift Shaft Bushing | 026-013-029 | Heating Element - Oil Heater,VMRS_HB_COMPLETE_v20 page 8_pages_51-75.md
026-011-187,,026,011,Link - Transmission Shift | 026-013-030 | Fitting - Oil Heater,VMRS_HB_COMPLETE_v20 page 8_pages_51-75.md
026-011-188,,026,011,Connector - Adjustment Shift Link | 026-013-031 | Hardware Mounting - Oil Heater,VMRS_HB_COMPLETE_v20 page 8_pages_51-75.md
026-011-180,,026,011,Decal - Shift Pattern | 026-013-032 | Clamp - Hose Oil Cooler Transmission,VMRS_HB_COMPLETE_v20 page 8_pages_51-75.md
020-011-190,,020,011,"020-013-033 | Clamp - Support, Harismission On Cooler Hose",VMRS_HB_COMPLETE_v20 page 8_pages_51-75.md
026-011-191,,026,011,"Trunnion - Shift Tower | 026-013-034 | Element - Oll Pump, Internal",VMRS_HB_COMPLETE_v20 page 8_pages_51-75.md
026-011-192,,026,011,"Ring - Shift Tower | 026-013-035 | Cover - Oil Cooler, Manual Transmission",VMRS_HB_COMPLETE_v20 page 8_pages_51-75.md
026-011-193,,026,011,"Collar - Shift Lever | 026-013-036 | Sleeve - Main Drive Pinion, Oil Pump",VMRS_HB_COMPLETE_v20 page 8_pages_51-75.md
026-011-194,,026,011,"Insert - Shift Knob | 026-013-037 | Vane - Main Drive Pinion, Oil Pump",VMRS_HB_COMPLETE_v20 page 8_pages_51-75.md
026-011-195,,026,011,Release - Shift Finger | 026-013-038 | Mounting Bracket - Oil Cooler Lines,VMRS_HB_COMPLETE_v20 page 8_pages_51-75.md
026-011-196,,026,011,"Knuckle - Bar, Linkage | 026-013-039 | Shaft - Oil Pump Drive, w/PTO",VMRS_HB_COMPLETE_v20 page 8_pages_51-75.md
026-011-197,,026,011,"Plate - Shift Control | 026-013-040 | Shaft - Oil Pump Drive, w/o PTO",VMRS_HB_COMPLETE_v20 page 8_pages_51-75.md
026-011-108,,026,011,Adapter - Shift Lever | 026-014-000 | Electronic Controls Transmission Manual,VMRS_HB_COMPLETE_v20 page 8_pages_51-75.md
020-011-199,,020,011,Shin Mechanishi - Hemole | 020-014-001 | Breeket FOLL Menuel Trenemission,VMRS_HB_COMPLETE_v20 page 8_pages_51-75.md
020-011-200,,020,011,"End - Cable, Transmission Shift | 020-014-002 | Bracket - ECO, Manual Transmission",VMRS_HB_COMPLETE_v20 page 8_pages_51-75.md
026-011-201,,026,011,"Seal - Fill Tube, Transmission | 026-014-003 | Voltage Doubler - Transmission, Manual",VMRS_HB_COMPLETE_v20 page 8_pages_51-75.md
026-011-202,,026,011,"Cover - Floor, Shift Tower | 026-014-004 | Cover - ECU, Manual Transmission",VMRS_HB_COMPLETE_v20 page 8_pages_51-75.md
026-011-203,,026,011,"Control - Remote, Manual Shift | 026-014-005 | Seal Plate - ECU, Manual Transmission",VMRS_HB_COMPLETE_v20 page 8_pages_51-75.md
026-011-204,,026,011,"Plate - Interlock, Gear Shift | 026-014-006 | O-Ring - Wiring Harness, ECU",VMRS_HB_COMPLETE_v20 page 8_pages_51-75.md
026-011-205,,026,011,"Protector - Link, Gear Shift | 026-014-007 | Solenoid - Reverse Lockout, Manual",VMRS_HB_COMPLETE_v20 page 8_pages_51-75.md
026-011-206,,026,011,O-Ring - Air Module | | Transmission,VMRS_HB_COMPLETE_v20 page 8_pages_51-75.md
026-011-207,,026,011,"O-Bing - Bange Slave Valve | 026-014-008 | Solenoid - Shift Prevention, Manual",VMRS_HB_COMPLETE_v20 page 8_pages_51-75.md
026-011-208,,026,011,Brackot Air Lino Transmission Control | 020 011 000 | Transmission,VMRS_HB_COMPLETE_v20 page 8_pages_51-75.md
026-011-200,,026,011,Conversion Kit Shift Control | 026 015 000 | Automated Transmission,VMRS_HB_COMPLETE_v20 page 8_pages_51-75.md
020-011-209,,020,011,020-015-000 | Automated mansmission,VMRS_HB_COMPLETE_v20 page 8_pages_51-75.md
026-011-210,,026,011,Connecting Kit - Snitt Lever | 026-015-001 | ECU- System Manager,VMRS_HB_COMPLETE_v20 page 8_pages_51-75.md
026-011-211,,026,011,"Piston - Modulator, Speed Control Valve | 026-015-002 | Assembly - Complete, Automated Transmission",VMRS_HB_COMPLETE_v20 page 8_pages_51-75.md
026-011-212,,026,011,"Plate - Relief Valve, Speed Control Valve | 026-015-003 | Hardware, Mounting - Complete Automated",VMRS_HB_COMPLETE_v20 page 8_pages_51-75.md
026-011-213,,026,011,Paddle Assembly - Transmission Gearshift | | Transmission Assembly,VMRS_HB_COMPLETE_v20 page 8_pages_51-75.md
026-011-214,,026,011,Bushing - Transmission Gearshift | 026-015-004 | Brake - Inertia,VMRS_HB_COMPLETE_v20 page 8_pages_51-75.md
026-011-215,,026,011,"Air Module - Auxiliary Section | 026-015-005 | Hardware, Mounting - Inertia Brake",VMRS_HB_COMPLETE_v20 page 8_pages_51-75.md
026-011-216,,026,011,"Ball Joint - Select Rod, Manual Transmission | 026-015-006 | Display - Gear Select Dash",VMRS_HB_COMPLETE_v20 page 8_pages_51-75.md
026-011-217,,026,011,Shift Block - Manual Transmission | 026-015-007 | Wiring Harness - Transmission Main,VMRS_HB_COMPLETE_v20 page 8_pages_51-75.md
026-011-218,,026,011,Cylinder - Deen Reduction | 026-015-008 | Wiring Harness - Shift Tower,VMRS_HB_COMPLETE_v20 page 8_pages_51-75.md
020-011-210,,020,011,Sensor Lew Air Dressure Transmission | 020-015-000 | Wining Hamess - Shint Tower,VMRS_HB_COMPLETE_v20 page 8_pages_51-75.md
020-011-219,,020,011,"Sensor - Low Air Pressure, Transmission | 020-015-009 | Level - Shinter",VMRS_HB_COMPLETE_v20 page 8_pages_51-75.md
026-011-220,,026,011,"Board - Shift Set | 026-015-010 | Hardware, Mounting - Snifter Lever",VMRS_HB_COMPLETE_v20 page 8_pages_51-75.md
026-011-221,,026,011,"Bushing - Cross Shaft, Manual Transmission | 026-015-011 | Module - Auto Shift",VMRS_HB_COMPLETE_v20 page 8_pages_51-75.md
026-015-012,,026,015,"Select | | Module - ECU, Transmission",VMRS_HB_COMPLETE_v20 page 8_pages_51-75.md
026-012-000,,026,012,Transmission Assembly - Manual | 026-015-013 | Module - Power Interface,VMRS_HB_COMPLETE_v20 page 8_pages_51-75.md
026-012-001,,026,012,"Transmission Assembly - Complete, Manual | 026-015-014 | Regulator - Air Filter, Automated Transmission",VMRS_HB_COMPLETE_v20 page 8_pages_51-75.md
026-013-000,,026,013,"Pump - Oil | 026-015-015 | Relay - Power Connect, Automated Transmission",VMRS_HB_COMPLETE_v20 page 8_pages_51-75.md
026-013-001,,026,013,Pump - Oil Internal Manual Transmission | 026-015-016 | Sensor - Gear Select Automated Transmission,VMRS_HB_COMPLETE_v20 page 8_pages_51-75.md
026-013-002,,026,013,Drive Gear - Oil Pump Internal | 026-015-017 | Sensor - Bail Select,VMRS_HB_COMPLETE_v20 page 8_pages_51-75.md
026-013-003,,026,013,Koy Drivo Oil Pump Internal | 026 015 018 | Sonsor Spood Input Shaft,VMRS_HB_COMPLETE_v20 page 8_pages_51-75.md
020-010-000,,020,010,"Tube Oil Diek Up | 020-015-010 | Sensor Speed, Input Shalt",VMRS_HB_COMPLETE_v20 page 8_pages_51-75.md
020-013-004,,020,013,"020-015-019 | Sensor - Speed, Main Shalt",VMRS_HB_COMPLETE_v20 page 8_pages_51-75.md
026-013-005,,026,013,"Pump - OII, Auxiliary Countershaft Mounted | 026-015-020 | Sensor - Speed, Output Shaft",VMRS_HB_COMPLETE_v20 page 8_pages_51-75.md
026-013-006,,026,013,"Drive Collar - Oil Pump, Auxiliary Countershaft | 026-015-021 | Software - ECU Module, Automated",VMRS_HB_COMPLETE_v20 page 8_pages_51-75.md
026-013-007,,026,013,"Bolts - Drive Collar | 026-015-022 | Solenoid - Inertia Brake, Automated",VMRS_HB_COMPLETE_v20 page 8_pages_51-75.md
026-013-008,,026,013,"Adapter - Oil Pump, Countershaft Mounted | | Transmission",VMRS_HB_COMPLETE_v20 page 8_pages_51-75.md
026-013-009,,026,013,"Gasket - Oil Pump, Countershaft Mounted | 026-015-023 | Switch - Reverse, Ball Type, Automated",VMRS_HB_COMPLETE_v20 page 8_pages_51-75.md
026-013-010,,026,013,"O-Bing - Oil Pump, Countershaft Mounted | | Transmission",VMRS_HB_COMPLETE_v20 page 8_pages_51-75.md
026-013-011,,026,013,"Drive Screw - Oil Pump, Countershaft Mounted | 026-015-024 | Tower - Shifter",VMRS_HB_COMPLETE_v20 page 8_pages_51-75.md
020-010-011,,020,010,Chim Oil Dump Countershaft Mounted | 020-015-024 | Value Dange Automated Transmission,VMRS_HB_COMPLETE_v20 page 8_pages_51-75.md
020-013-012,,020,013,"Shiri - Oli Pump, Countershari Mounted | 020-015-025 | Valve - Range, Automateu Transmission",VMRS_HB_COMPLETE_v20 page 8_pages_51-75.md
026-013-013,,026,013,"Pump, OII - PTO Mounted | 026-015-026 | valve - Splitter",VMRS_HB_COMPLETE_v20 page 8_pages_51-75.md
026-013-015,,026,013,"Adapter Plate - Oil Pump, Manual Transmission | 026-015-027 | Diode, ECU - Transmission",VMRS_HB_COMPLETE_v20 page 8_pages_51-75.md
026-015-028,,026,015,"PTO | | Circuit Breaker, ECU - Transmission",VMRS_HB_COMPLETE_v20 page 8_pages_51-75.md
026-013-016,,026,013,"Oil Cooler - Heat Exchanger, Manual | 026-015-029 | Resistor, ECU - Transmission",VMRS_HB_COMPLETE_v20 page 8_pages_51-75.md
026-015-030,,026,015,"Transmission | | Manifold - Hydraulic Control Unit, Automation",VMRS_HB_COMPLETE_v20 page 8_pages_51-75.md
026-013-017,,026,013,"Hose - Oil Cooler, Manual Transmission | | Controls",VMRS_HB_COMPLETE_v20 page 8_pages_51-75.md
026-013-018,,026,013,Fitting - Oil Cooler Hose Manual Transmission | 026-015-031 | Shift Actuation Assembly - Automation Controls,VMRS_HB_COMPLETE_v20 page 8_pages_51-75.md
020-010-019,,020,010,"Transmission | 020-010-002 | Accumulator Hydraulic, Automation Control-",VMRS_HB_COMPLETE_v20 page 8_pages_51-75.md
020-013-020,,020,013,"Hardware, Mounting - Oll Cooler Heat Exchanger | 020-015-034 | Hose - Hydraulic, Low Pressure, Automation",VMRS_HB_COMPLETE_v20 page 8_pages_51-75.md
026-013-021,,026,013,"Gasket - OII Cooler, Manual Transmission | | Controls",VMRS_HB_COMPLETE_v20 page 8_pages_51-75.md
026-013-022,,026,013,"Heater, Oil - Transmission | 026-015-035 | Hose - Hydraulic, High Pressure, Automation",VMRS_HB_COMPLETE_v20 page 8_pages_51-75.md
026-013-023,,026,013,Clamp - Oil Heater Hose | | Controls,VMRS_HB_COMPLETE_v20 page 8_pages_51-75.md
026-013-024,,026,013,"Hose - Oil Heater | 026-015-036 | Sensor - Hydraulic Fluid Level, Automation",VMRS_HB_COMPLETE_v20 page 8_pages_51-75.md
026-013-025,,026,013,Gasket - Oil Heater | | Controls,VMRS_HB_COMPLETE_v20 page 8_pages_51-75.md
026-015-037,,026,015,Automation Control Assembly - Complete | 026-015-086 | Module - Gear,VMRS_HB_COMPLETE_v20 page 8_pages_51-75.md
026-015-038,,026,015,"Lamp - Shift Selector, Dash Display | 026-015-087 | Housing - Gear Cylinder",VMRS_HB_COMPLETE_v20 page 8_pages_51-75.md
020-015-039,,020,015,"Caskel - Module, Auto Shift | 020-015-000",VMRS_HB_COMPLETE_v20 page 8_pages_51-75.md
020-015-040,,020,015,"Software - Auto Shift Module, Automated | 026-015-089 | Cover - Snitter Tower, Automated Transmission",VMRS_HB_COMPLETE_v20 page 8_pages_51-75.md
026-015-090,,026,015,"Iransmission | | Cylinder - Clutch Release, Automated",VMRS_HB_COMPLETE_v20 page 8_pages_51-75.md
026-015-041,,026,015,"Software - Power Interface Module, Automated | | Transmission",VMRS_HB_COMPLETE_v20 page 8_pages_51-75.md
026-015-091,,026,015,"Transmission | | O-Ring - Cylinder, Clutch Release, Automated",VMRS_HB_COMPLETE_v20 page 8_pages_51-75.md
026-015-042,,026,015,"Bracket - ECU, Automated Transmission | | Transmission",VMRS_HB_COMPLETE_v20 page 8_pages_51-75.md
026-015-043,,026,015,"Gasket - Floor Plate, Shift Tower, Automated | 026-015-092 | Sealing Kit - Housing (Actuator) Automated",VMRS_HB_COMPLETE_v20 page 8_pages_51-75.md
020-010-010,,020,010,Transmission | 020 010 002 | Transmission,VMRS_HB_COMPLETE_v20 page 8_pages_51-75.md
006-015-044,,006,015,Cuide Deller Automated Transmission | 006 015 000 | Cover VV Chiffer Exhaust Dart Automated,VMRS_HB_COMPLETE_v20 page 8_pages_51-75.md
020-015-044,,020,015,"Guide - Roller, Automateu Transmission | 020-015-095 | Cover - Ar Shiner, Exhaust Port, Automateu",VMRS_HB_COMPLETE_v20 page 8_pages_51-75.md
026-015-045,,026,015,"Gasket - Housing (Actuator), Automated | | Iransmission",VMRS_HB_COMPLETE_v20 page 8_pages_51-75.md
026-015-094,,026,015,"Transmission | | Control Module - Mechatronic, Automated",VMRS_HB_COMPLETE_v20 page 8_pages_51-75.md
026-015-046,,026,015,"Sensor - Position, Rotary (Dual), Automated | | Transmission",VMRS_HB_COMPLETE_v20 page 8_pages_51-75.md
026-015-095,,026,015,"Transmission | | Switch - Hill Assist, Automated Transmission",VMRS_HB_COMPLETE_v20 page 8_pages_51-75.md
026-015-047,,026,015,"Actuator Assembly - Clutch, Automated | 026-015-096 | Cover - Clutch, Automated Transmission",VMRS_HB_COMPLETE_v20 page 8_pages_51-75.md
026-016-000,,026,016,Transmission | | Countershaft Brake,VMRS_HB_COMPLETE_v20 page 8_pages_51-75.md
026-015-048,,026,015,Housing Assembly Dollor Automated | 026 016 001 | Housing Countorshaft Brako,VMRS_HB_COMPLETE_v20 page 8_pages_51-75.md
020-010-002,,020,010,~~~ ~ ~ ~ ~ ~ ~ | Transmission | | Kil - Countersnalt Brake Disc Set,VMRS_HB_COMPLETE_v20 page 8_pages_51-75.md
026-015-049,,026,015,"Shaft & Lever Assembly - Automated | 026-016-003 | Plate - Countershaft Brake, Steel",VMRS_HB_COMPLETE_v20 page 8_pages_51-75.md
026-016-004,,026,016,"Transmission | | Plate - Countershaft Brake, Faced",VMRS_HB_COMPLETE_v20 page 8_pages_51-75.md
026-015-050,,026,015,"Housing Assembly - Actuator, Automated | 026-016-005 | O-Ring - Countershaft Brake Cover",VMRS_HB_COMPLETE_v20 page 8_pages_51-75.md
026-016-006,,026,016,Transmission | | Kit - Countershaft Brake Valve,VMRS_HB_COMPLETE_v20 page 8_pages_51-75.md
026-015-051,,026,015,Spring - Detent Automated Transmission | 026-016-007 | Piston - Countershaft Brake,VMRS_HB_COMPLETE_v20 page 8_pages_51-75.md
026-015-052,,026,015,Plate - Shift Tower Automated Transmission | 026-016-008 | Kit - Countershaft Brake Diston Seal,VMRS_HB_COMPLETE_v20 page 8_pages_51-75.md
020-015-052,,020,015,"Practice - Shift Tower, Automated Transmission | 020-010-000 | Rit - Countershall Diake Fision Seal",VMRS_HB_COMPLETE_v20 page 8_pages_51-75.md
020-015-053,,020,015,"Bracket - Shirt Tower, Automated Transmission | 020-010-009 | Seal - Outer, Countersnalt Brake",VMRS_HB_COMPLETE_v20 page 8_pages_51-75.md
026-015-054,,026,015,"Filter - Clutch Actuator, Automated Transmission | 026-016-010 | Ring - Outer, Seal Support, Countershaft Brake",VMRS_HB_COMPLETE_v20 page 8_pages_51-75.md
026-015-055,,026,015,"Relocation Kit - Inertia Brake | 026-016-011 | O-Ring - Quick Vent Valve, Countershaft Brake",VMRS_HB_COMPLETE_v20 page 8_pages_51-75.md
026-015-056,,026,015,"Sensor - Clutch Actuator, Automated | 026-016-012 | Line - Air, Countershaft Brake",VMRS_HB_COMPLETE_v20 page 8_pages_51-75.md
026-017-000,,026,017,Transmission | | Range Section - Manual Transmission,VMRS_HB_COMPLETE_v20 page 8_pages_51-75.md
026-015-057,,026,015,"Harness - Clutch Actuator, Automated | 026-017-001 | Tone Ring - Output Speed",VMRS_HB_COMPLETE_v20 page 8_pages_51-75.md
020-010-007,,020,010,Transmission | 026-017-002 | Carrier - Planetary,VMRS_HB_COMPLETE_v20 page 8_pages_51-75.md
006-015-059,,006,015,Product Speed Senser Automated | 020-017-002 | Carre Dianetary,VMRS_HB_COMPLETE_v20 page 8_pages_51-75.md
020-010-008,,020,010,"Bracket - Speed Sensor, Automated | 020-017-003 | Gear - Planetary",VMRS_HB_COMPLETE_v20 page 8_pages_51-75.md
026-017-004,,026,017,Iransmission | | Gear - Sun,VMRS_HB_COMPLETE_v20 page 8_pages_51-75.md
026-015-059,,026,015,"Kit - Oil Filter, Automated Transmission | 026-017-005 | Assembly - Planetary Carrier & Gears",VMRS_HB_COMPLETE_v20 page 8_pages_51-75.md
026-015-060,,026,015,"Gasket - Oil Filter Housing, Automated | 026-017-006 | Planetary Carrier - Range Group",VMRS_HB_COMPLETE_v20 page 8_pages_51-75.md
027-000-000,,027,000,Transmission | | Transmission - Automatic,VMRS_HB_COMPLETE_v20 page 8_pages_51-75.md
026-015-061,,026,015,"Air Tank - Auxiliary, Transmission | 027-001-000 | Case - Automatic Transmission",VMRS_HB_COMPLETE_v20 page 8_pages_51-75.md
026-015-062,,026,015,Crush Ring - Drain Plug Automated | 027-001-001 | Case Assembly - Automatic Transmission,VMRS_HB_COMPLETE_v20 page 8_pages_51-75.md
000-045-000,,000,045,"Transmission | 027-001-002 | Seal - Dipslick, Automatic Transmission",VMRS_HB_COMPLETE_v20 page 8_pages_51-75.md
026-015-063,,026,015,"Filter - Oil, Automated Transmission | 027-001-003 | Pipe - Oil Filler",VMRS_HB_COMPLETE_v20 page 8_pages_51-75.md
026-015-064,,026,015,"Black Box - Auxiliary, Automated Transmission | 027-001-004 | Rod - Dipstick, Automatic Transmission",VMRS_HB_COMPLETE_v20 page 8_pages_51-75.md
026-015-065,,026,015,"Valve - Filter By-Pass, Automated Transmission | 027-001-005 | Seal - Oil Filler Pipe To Case",VMRS_HB_COMPLETE_v20 page 8_pages_51-75.md
026-015-066,,026,015,"Valve - High Pressure Relief, Automated | 027-001-006 | Bushing Or Bearing - Case To Output Shaft",VMRS_HB_COMPLETE_v20 page 8_pages_51-75.md
027-001-007,,027,001,Transmission | | Vent - Transmission,VMRS_HB_COMPLETE_v20 page 8_pages_51-75.md
026-015-067,,026,015,Bushing - Tail Shaft Support Automated | 027-001-008 | Plug - Line Pressure Check,VMRS_HB_COMPLETE_v20 page 8_pages_51-75.md
000-015-000,,000,015,"027-001-009 | Flug - Oli Passage Sealing (Cup), Automatic",VMRS_HB_COMPLETE_v20 page 8_pages_51-75.md
026-015-068,,026,015,Sensor - Load | | Iransmission,VMRS_HB_COMPLETE_v20 page 8_pages_51-75.md
026-015-069,,026,015,"Shifter - XY, Automated Transmission | 027-001-010 | Cover & Gasket - Power Take-Off",VMRS_HB_COMPLETE_v20 page 8_pages_51-75.md
026-015-070,,026,015,"Gasket Kit - XY Shifter, Automated Transmission | 027-001-011 | Replacement Kit - Transmission Overhaul Seal",VMRS_HB_COMPLETE_v20 page 8_pages_51-75.md
026-015-071,,026,015,"Sensor - Position, XY Shifter, Automated | 027-001-012 | Tee - Oil Pipe",VMRS_HB_COMPLETE_v20 page 8_pages_51-75.md
027-001-013,,027,001,"Transmission | | Hardware, Mounting - Automatic Transmission",VMRS_HB_COMPLETE_v20 page 8_pages_51-75.md
026-015-072,,026,015,Breather - XY Shifter Automated Transmission | | Case Assembly,VMRS_HB_COMPLETE_v20 page 8_pages_51-75.md
020-015-073,,020,015,"Repair Kit - XT Shinter, Automated Hansinission | 027-001-014 | Plate Deffle Trans Case Automatic",VMRS_HB_COMPLETE_v20 page 8_pages_51-75.md
020-015-074,,020,015,"Converter - voltage, 12/24, Automated | 027-001-015 | Plate, Ballie, Trans Case, Automatic",VMRS_HB_COMPLETE_v20 page 8_pages_51-75.md
026-015-075,,026,015,"Sensor - Countershaft Speed, Automated | 027-001-016 | Piston - Clutch",VMRS_HB_COMPLETE_v20 page 8_pages_51-75.md
027-001-017,,027,001,Transmission | | Ring Gear,VMRS_HB_COMPLETE_v20 page 8_pages_51-75.md
026-015-076,,026,015,"Sensor - Oil Temperature, Automated | 027-001-018 | Plate - Spring",VMRS_HB_COMPLETE_v20 page 8_pages_51-75.md
027-001-019,,027,001,Transmission | | Plate - Clutch,VMRS_HB_COMPLETE_v20 page 8_pages_51-75.md
026-015-077,,026,015,Mounting Bracket - Shifter Lever Automated | 027-001-020 | Plate - Gear Thrust,VMRS_HB_COMPLETE_v20 page 8_pages_51-75.md
020-015-077,,020,015,"Mounting Diacket - Shinter Level, Automated | 027-001-020 | Plate - Clear MilluSt",VMRS_HB_COMPLETE_v20 page 8_pages_51-75.md
027-001-021,,027,001,Transmission | | Spring - Retaining,VMRS_HB_COMPLETE_v20 page 8_pages_51-75.md
026-015-078,,026,015,Wiring Harness - Speed Sensor | 027-001-022 | Clips & Retainers - Case Assembly,VMRS_HB_COMPLETE_v20 page 8_pages_51-75.md
026-015-079,,026,015,"Solenoid - Hill Assist, Automated Transmission | 027-001-023 | Sensor - Turbine Speed",VMRS_HB_COMPLETE_v20 page 8_pages_51-75.md
026-015-080,,026,015,"Housing - Shift Gate, Automated Transmission | 027-001-024 | O-Rings - Case Assembly",VMRS_HB_COMPLETE_v20 page 8_pages_51-75.md
026-015-081,,026,015,"Spring - Clutch Actuator, Automated | 027-001-025 | Fittings - Case Assembly",VMRS_HB_COMPLETE_v20 page 8_pages_51-75.md
027-001-026,,027,001,Transmission | | Lines & Hoses - Case Assembly Automatic,VMRS_HB_COMPLETE_v20 page 8_pages_51-75.md
026-015-002,,026,015,Tubo Shift Dod | 021-001-020 | Transmission,VMRS_HB_COMPLETE_v20 page 8_pages_51-75.md
020-015-083,,020,015,"naroware - Housing, Shift Actuation Assembly | 027-001-027 | Ring - Attaching",VMRS_HB_COMPLETE_v20 page 8_pages_51-75.md
026-015-084,,026,015,Housing - Valve Body | 027-001-030 | Cover - PTO,VMRS_HB_COMPLETE_v20 page 8_pages_51-75.md
026-015-085,,026,015,Assembly - Valve Body | 027-001-031 | Gasket - PTO Cover,VMRS_HB_COMPLETE_v20 page 8_pages_51-75.md
027-001-032,,027,001,Clutch Assembly - Automatic Transmission | 027-002-021 | Stator Assembly,VMRS_HB_COMPLETE_v20 page 8_pages_51-75.md
027-001-033,,027,001,"Housing Assembly - Clutch, Complete | 027-002-022 | Stator Assembly - Second",VMRS_HB_COMPLETE_v20 page 8_pages_51-75.md
027-001-034,,027,001,"Expansion Plug - Case | 027-002-023 | Race - Stator, Free Wheel",VMRS_HB_COMPLETE_v20 page 8_pages_51-75.md
027-001-035,,027,001,"Fittings, Scavenge Pump | 027-002-024 | Turbine - Converter",VMRS_HB_COMPLETE_v20 page 8_pages_51-75.md
027-001-030,,027,001,Gear - Driven Scavenge Pump | 027-002-025 | Over-Running Clutch Assembly - Turbine,VMRS_HB_COMPLETE_v20 page 8_pages_51-75.md
027-001-038,,027,001,"Gear Set - Scavenge Pump | 027-002-020 | Gear - Reduction, Converter Transfer",VMRS_HB_COMPLETE_v20 page 8_pages_51-75.md
027-001-039,,027,001,"Hose, Scavenge Pump | 027-002-028 | Bearing - Converter, Transfer Reduction",VMRS_HB_COMPLETE_v20 page 8_pages_51-75.md
027-001-040,,027,001,"Housing - Scavenge Pump | 027-002-029 | Shaft - Turbine (Shaft, Input), Torque Converter,",VMRS_HB_COMPLETE_v20 page 8_pages_51-75.md
027-001-041,,027,001,O-Ring - Scavenge Pump | | Automatic Transmission,VMRS_HB_COMPLETE_v20 page 8_pages_51-75.md
027-001-042,,027,001,"Pin - Scavenge Pump | 027-002-030 | Shaft - Idle, Torque Converter Gear",VMRS_HB_COMPLETE_v20 page 8_pages_51-75.md
027-001-043,,027,001,"Pump - Scavenge | 027-002-031 | Gear - Idle, Torque Converter Gear, Automatic",VMRS_HB_COMPLETE_v20 page 8_pages_51-75.md
027-001-044,,027,001,"Screen - Filter, Scavenge Pump | 007 000 000 | Iransmission",VMRS_HB_COMPLETE_v20 page 8_pages_51-75.md
027-001-045,,027,001,Shall - Scavenge PumpThrust Washer - Scavenge Pump | 027-002-032 | O-Ring - Converter Cover Assembly Automatic,VMRS_HB_COMPLETE_v20 page 8_pages_51-75.md
027-001-048,,027,001,"Gasket Kit - Shaft | 027-002-034 | Fitting - Oil Line, Transmission",VMRS_HB_COMPLETE_v20 page 8_pages_51-75.md
027-001-049,,027,001,Bracket - Speed Sensor | 027-002-035 | Damper Assembly - Converter,VMRS_HB_COMPLETE_v20 page 8_pages_51-75.md
027-001-050,,027,001,"Bracket - Tube, Oil Fill, Automatic Transmission | 027-002-036 | Plug - Converter End",VMRS_HB_COMPLETE_v20 page 8_pages_51-75.md
027-001-051,,027,001,"Gear - Velocimeter, Transmission | 027-002-037 | Rings, Clips, Retainers - Converter",VMRS_HB_COMPLETE_v20 page 8_pages_51-75.md
027-001-052,,027,001,"Bracket - Tube, Oil Check | 027-002-038 | Roller - Stator",VMRS_HB_COMPLETE_v20 page 8_pages_51-75.md
027-001-053,,027,001,"Gasket - Hear Case | 027-002-039 | Shim - Stator, Converter, Automatic Transmission",VMRS_HB_COMPLETE_v20 page 8_pages_51-75.md
027-001-054,,027,001,Seal - Real Case | 027-002-040 | Spring - Stator,VMRS_HB_COMPLETE_v20 page 8_pages_51-75.md
027-001-056,,027,001,Sight Glass - Oil Level Automatic Transmission | 027-002-041 | Overhaul Kit - Torque Converter,VMRS_HB_COMPLETE_v20 page 8_pages_51-75.md
027-001-057,,027,001,"Bracket - Sight Glass, Automatic Transmission | 027-002-043 | Extension - Pump Impeller",VMRS_HB_COMPLETE_v20 page 8_pages_51-75.md
027-001-058,,027,001,"Fitting - Automatic Transmission, Air Line, Hose, | 027-002-044 | Coupling - Torque Converter",VMRS_HB_COMPLETE_v20 page 8_pages_51-75.md
027-002-045,,027,002,"Tube, Plumbing | | Gear - Drive, Front Pump",VMRS_HB_COMPLETE_v20 page 8_pages_51-75.md
027-001-059,,027,001,"Fitting - Automatic Transmission, Oil Line, Hose, | 027-003-000 | Hydraulic Retarder Rotor",VMRS_HB_COMPLETE_v20 page 8_pages_51-75.md
027-003-001,,027,003,"Tube, Plumbing | | Rotor Assembly - Retarder, Automatic",VMRS_HB_COMPLETE_v20 page 8_pages_51-75.md
027-001-060,,027,001,"O-Ring - Automatic Transmission, Air Line, Hose, | 007 000 000 | Iransmission",VMRS_HB_COMPLETE_v20 page 8_pages_51-75.md
027-001-061,,027,001,"Lube, Plumbing | 027-003-002 | Accumulator - Transmission Retarder",VMRS_HB_COMPLETE_v20 page 8_pages_51-75.md
027-001-001,,027,001,"U-Ring - Automatic Manshission, Oli Line, Hose,Tube Plumbing | 027-003-011 | Connector, Electrical - Betarder Control",VMRS_HB_COMPLETE_v20 page 8_pages_51-75.md
027-001-062,,027,001,"Adapter - Dipstick Tube, Automatic Transmission | 027-003-012 | Handle - Retarder Control Lever",VMRS_HB_COMPLETE_v20 page 8_pages_51-75.md
027-001-063,,027,001,Dipstick - Automatic Transmission | 027-003-014 | Lever - Retarder Control,VMRS_HB_COMPLETE_v20 page 8_pages_51-75.md
027-001-064,,027,001,Drain Plug - Case | 027-003-015 | Nut - Retarder Control Lever,VMRS_HB_COMPLETE_v20 page 8_pages_51-75.md
027-001-065,,027,001,"Sensor - Pressure Transducer, Automatic | 027-003-016 | Pedal - Retarder Control",VMRS_HB_COMPLETE_v20 page 8_pages_51-75.md
027-003-017,,027,003,Transmission | | Resistance Module - Retarder Control,VMRS_HB_COMPLETE_v20 page 8_pages_51-75.md
027-001-066,,027,001,"Seal - Front, Automatic Transmission | 027-003-018 | Seal - Electrical Connector",VMRS_HB_COMPLETE_v20 page 8_pages_51-75.md
027-001-067,,027,001,"Busning - Tail Shaft Support, Automatic | 027-003-019 | Switch - Retarder Control Lever",VMRS_HB_COMPLETE_v20 page 8_pages_51-75.md
027-001-068,,027,001,Support - Rear Automatic Transmission | 027-003-020 | End - Rod Transmission Retarder,VMRS_HB_COMPLETE_v20 page 8_pages_51-75.md
027-001-069,,027,001,Splash Guard - Automatic Transmission | 027-003-022 | Cylinder - Shifter Transmission Retarder,VMRS_HB_COMPLETE_v20 page 8_pages_51-75.md
027-001-070,,027,001,"Shield - Sound, Automatic Transmission | 027-003-023 | Solenoid - Transmission Retarder",VMRS_HB_COMPLETE_v20 page 8_pages_51-75.md
027-001-071,,027,001,"Case - Rear gear Train, Automatic Transmission | 027-003-024 | Wiring Harness - Retarder, Transmission",VMRS_HB_COMPLETE_v20 page 8_pages_51-75.md
027-001-072,,027,001,"Sensor - Output Speed | 027-003-025 | Wiring Harness - Retarder, Flywheel Type",VMRS_HB_COMPLETE_v20 page 8_pages_51-75.md
027-002-000,,027,002,"Converter | 027-003-026 | Valve - Hand Control, Transmission Retarder",VMRS_HB_COMPLETE_v20 page 8_pages_51-75.md
027-002-001,,027,002,Converter Assembly - Automatic Transmission | 027-003-027 | Check Valve - Transmission Retarder,VMRS_HB_COMPLETE_v20 page 8_pages_51-75.md
027-002-002,,027,002,"Seal - Converter Pump Assembly | 027-003-028 | Heat Shield - Accumulator, Transmission",VMRS_HB_COMPLETE_v20 page 8_pages_51-75.md
027-002-003,,027,002,Hub - Converter Pump | 027-003-029 | Reacket - Accumulator Transmission Retarder,VMRS_HB_COMPLETE_v20 page 8_pages_51-75.md
027-002-004,,027,002,"Thrust Washer Or Bearing - Pump | 027-003-030 | Bracket - Module, Retarder Control",VMRS_HB_COMPLETE_v20 page 8_pages_51-75.md
027-002-006,,027,002,Cover Assembly - Converter Pump | 027-004-000 | Direct Drive Clutch Assembly,VMRS_HB_COMPLETE_v20 page 8_pages_51-75.md
027-002-007,,027,002,"Hardware, Mounting - Converter Pump Cover | 027-004-001 | Clutch Assembly - Direct Drive",VMRS_HB_COMPLETE_v20 page 8_pages_51-75.md
027-004-002,,027,004,"Assembly | | Seal - Direct Drive Clutch Piston, Outer",VMRS_HB_COMPLETE_v20 page 8_pages_51-75.md
027-002-008,,027,002,"Pan Assembly - Converter Cover | 027-004-003 | Seal - Direct Drive Clutch Piston, Inner",VMRS_HB_COMPLETE_v20 page 8_pages_51-75.md
027-002-009,,027,002,"Hardware, Mounting - Converter Cover Pan | 027-004-004 | Piston Assembly - Clutch",VMRS_HB_COMPLETE_v20 page 8_pages_51-75.md
007-000-010,,007,000,"AssemblyWeight Converter Dump Housing Palance | 027-004-005 | Ball - Clutch, Exhaust",VMRS_HB_COMPLETE_v20 page 8_pages_51-75.md
027-002-010,,027,002,Rearings & Bushings - Converter Automatic | 027-004-000 | Drum - Clutch,VMRS_HB_COMPLETE_v20 page 8_pages_51-75.md
027-002-011,,027,002,Transmission | 027-004-007 | Spring & Retainer - Clutch Return,VMRS_HB_COMPLETE_v20 page 8_pages_51-75.md
027-002-012,,027,002,"Seal, Converter | 027-004-009 | Spring - Clutch Cushion, Direct Drive Clutch",VMRS_HB_COMPLETE_v20 page 8_pages_51-75.md
027-002-013,,027,002,Lock Up Clutch Assembly - Converter | 027-004-010 | Hub - Direct Clutch,VMRS_HB_COMPLETE_v20 page 8_pages_51-75.md
027-002-014,,027,002,"Plate - Clutch, Converter Lock Up | 027-004-011 | Plate - Direct Drive Clutch (Steel)",VMRS_HB_COMPLETE_v20 page 8_pages_51-75.md
027-002-015,,027,002,"Seal - Lock Up Clutch, Inner | 027-004-012 | Plate - Direct Drive Clutch (Faced)",VMRS_HB_COMPLETE_v20 page 8_pages_51-75.md
027-002-016,,027,002,"Seal - Lock Up Clutch, Outer | 027-004-013 | I hrust Washer - Clutch Hub, Rear, Direct Drive",VMRS_HB_COMPLETE_v20 page 8_pages_51-75.md
027-002-017,,027,002,Pision - Lock Up Clutch | 027.004.014 | Clutch Assembly,VMRS_HB_COMPLETE_v20 page 8_pages_51-75.md
027-002-020,,027,002,Sleeve - Converter Ground | 027-004-015 | Gear - Low Sun,VMRS_HB_COMPLETE_v20 page 8_pages_51-75.md
027-004-016,,027,004,Flange - Clutch,VMRS_HB_COMPLETE_v20 page 8_pages_51-75.md
027-004-017,,027,004,Retainer - Clutch Flange,VMRS_HB_COMPLETE_v20 page 8_pages_51-75.md
027-004-018,,027,004,Bushing - Clutch Drum,VMRS_HB_COMPLETE_v20 page 8_pages_51-75.md
027-004-019,,027,004,Bushing - Low Sun Gear,VMRS_HB_COMPLETE_v20 page 8_pages_51-75.md
027-004-020,,027,004,Plate Kit - 3rd Clutch,VMRS_HB_COMPLETE_v20 page 8_pages_51-75.md
027-004-021,,027,004,Clutch Kit,VMRS_HB_COMPLETE_v20 page 8_pages_51-75.md
027-004-022,,027,004,Screw - Direct Clutch,VMRS_HB_COMPLETE_v20 page 8_pages_51-75.md
027-004-023,,027,004,Bearing - Clutch Shaft,VMRS_HB_COMPLETE_v20 page 8_pages_51-75.md
027-005-000,,027,005,High Range Clutch,VMRS_HB_COMPLETE_v20 page 8_pages_51-75.md
027-005-001,,027,005,High Range Assembly,VMRS_HB_COMPLETE_v20 page 8_pages_51-75.md
027-005-002,,027,005,"Disc - Clutch, High Range",VMRS_HB_COMPLETE_v20 page 8_pages_51-75.md
027-005-003,,027,005,Gear - Power Take-Off,VMRS_HB_COMPLETE_v20 page 8_pages_51-75.md
027-005-004,,027,005,Seal - High Range,VMRS_HB_COMPLETE_v20 page 8_pages_51-75.md
027-005-005,,027,005,Dushing - High Range Clutch Housing,VMRS_HB_COMPLETE_v20 page 8_pages_51-75.md
027-005-007,,027,005,Seal - High Pange Clutch Inner,VMRS_HB_COMPLETE_v20 page 8_pages_51-75.md
027-005-010,,027,005,Drum - High Bange,VMRS_HB_COMPLETE_v20 page 8_pages_51-75.md
027-005-011,,027,005,Anchor - High Bange,VMRS_HB_COMPLETE_v20 page 8_pages_51-75.md
027-006-000,,027,006,Forward Clutch Assembly,VMRS_HB_COMPLETE_v20 page 8_pages_51-75.md
027-006-001,,027,006,Housing - Forward Clutch,VMRS_HB_COMPLETE_v20 page 8_pages_51-75.md
027-006-002,,027,006,Piston - Forward Clutch,VMRS_HB_COMPLETE_v20 page 8_pages_51-75.md
027-006-003,,027,006,"Ball - Clutch Exhaust, Forward Drive",VMRS_HB_COMPLETE_v20 page 8_pages_51-75.md
027-006-004,,027,006,"Seal - Forward Clutch, Outer",VMRS_HB_COMPLETE_v20 page 8_pages_51-75.md
027-006-005,,027,006,"Seal - Forward Clutch, Inner",VMRS_HB_COMPLETE_v20 page 8_pages_51-75.md
027-006-006,,027,006,"Seal - Clutch, Center",VMRS_HB_COMPLETE_v20 page 8_pages_51-75.md
027-006-007,,027,006,Spring & Retainers - Piston Release,VMRS_HB_COMPLETE_v20 page 8_pages_51-75.md
027-006-008,,027,006,"Thrust Washer - Clutch Hub, Forward Clutch",VMRS_HB_COMPLETE_v20 page 8_pages_51-75.md
027-006-009,,027,006,"Hub - Forward, Clutch",VMRS_HB_COMPLETE_v20 page 8_pages_51-75.md
027-006-010,,027,006,Plate - Forward Clutch (Steel),VMRS_HB_COMPLETE_v20 page 8_pages_51-75.md
027-006-011,,027,006,Plate - Forward Clutch (Faced),VMRS_HB_COMPLETE_v20 page 8_pages_51-75.md
027-006-012,,027,006,"Hub - Driving, Direct Clutch",VMRS_HB_COMPLETE_v20 page 8_pages_51-75.md
027-006-013,,027,006,"Snap Ring - Direct Clutch Hub, Automatic",VMRS_HB_COMPLETE_v20 page 8_pages_51-75.md
027-006-014,,027,006,Thrust Washer - Forward Clutch Hub To Direct,VMRS_HB_COMPLETE_v20 page 8_pages_51-75.md
007-000-015,,007,000,"Clutch Hub, Forward Clutch Assembly",VMRS_HB_COMPLETE_v20 page 8_pages_51-75.md
027-006-015,,027,006,Washer - Accumulator Plate (Belleville),VMRS_HB_COMPLETE_v20 page 8_pages_51-75.md
027-000-010,,027,000,Anchor - Forward Diapotony,VMRS_HB_COMPLETE_v20 page 8_pages_51-75.md
027-000-017,,027,000,Voodlo Boaring - Forward Planotary,VMRS_HB_COMPLETE_v20 page 8_pages_51-75.md
027-000-020,,027,000,Transmission,VMRS_HB_COMPLETE_v20 page 8_pages_51-75.md
027-006-021,,027,006,"Hardware, Mounting - Forward Clutch Housing",VMRS_HB_COMPLETE_v20 page 8_pages_51-75.md
027-006-022,,027,006,Seal Kit - Butt Joint,VMRS_HB_COMPLETE_v20 page 8_pages_51-75.md
027-006-023,,027,006,Shaft Assembly - Turbine,VMRS_HB_COMPLETE_v20 page 8_pages_51-75.md
027-006-024,,027,006,Bushing - Turbine Shaft,VMRS_HB_COMPLETE_v20 page 8_pages_51-75.md
027-006-025,,027,006,"Gear - PTO, Automatic Transmission",VMRS_HB_COMPLETE_v20 page 8_pages_51-75.md
027-006-026,,027,006,Tone Wheel - Turbine,VMRS_HB_COMPLETE_v20 page 8_pages_51-75.md
027-006-027,,027,006,"Bushing, Rotating Clutch",VMRS_HB_COMPLETE_v20 page 8_pages_51-75.md
027-006-031,,027,006,Housing - Rotating Clutch,VMRS_HB_COMPLETE_v20 page 8_pages_51-75.md
027-006-032,,027,006,"Ring - Piston, Clutch",VMRS_HB_COMPLETE_v20 page 8_pages_51-75.md
027-006-033,,027,006,"Shim - Mounting, Converter",VMRS_HB_COMPLETE_v20 page 8_pages_51-75.md
027-006-034,,027,006,"Gear - Clutch Output, Forward Transmission",VMRS_HB_COMPLETE_v20 page 8_pages_51-75.md
027-006-035,,027,006,"Seal - Ring, Countershaft, Reverse Clutch",VMRS_HB_COMPLETE_v20 page 8_pages_51-75.md
027-006-036,,027,006,"O-Ring - Gear, Countershaft, Forward Clutch",VMRS_HB_COMPLETE_v20 page 8_pages_51-75.md
027-006-037,,027,006,"O-Ring - Countersnatt, Forward Clutch",VMRS_HB_COMPLETE_v20 page 8_pages_51-75.md
027-006-038,,027,006,"Seal - Retainer, Piston, Forward Clutch",VMRS_HB_COMPLETE_v20 page 8_pages_51-75.md
027-007-000,,027,007,Direct Clutch & Intermediate Sprag,VMRS_HB_COMPLETE_v20 page 8_pages_51-75.md
027-007-001,,027,007,Housing - Direct Clutch,VMRS_HB_COMPLETE_v20 page 8_pages_51-75.md
027-007-002,,027,007,"nace - Intermediate Sprag, Inner",VMRS_HB_COMPLETE_v20 page 8_pages_51-75.md
027-007-003,,027,007,"Opray - Intermediate Sprag, Outor",VMRS_HB_COMPLETE_v20 page 8_pages_51-75.md
027-007-004,,027,007,Retainer - Intermediate Sprag,VMRS_HB_COMPLETE_v20 page 8_pages_51-75.md
027-007-006,,027,007,Piston - Forward & Direct Clutch,VMRS_HB_COMPLETE_v20 page 8_pages_51-75.md
027-007-007,,027,007,Ball - Clutch Exhaust,VMRS_HB_COMPLETE_v20 page 8_pages_51-75.md
027-007-008,,027,007,Seal - Direct Clutch. Inner,VMRS_HB_COMPLETE_v20 page 8_pages_51-75.md
027-007-009,,027,007,"Seal - Direct Clutch, Outer",VMRS_HB_COMPLETE_v20 page 8_pages_51-75.md
027-007-010,,027,007,"Seal - Direct Clutch, Center",VMRS_HB_COMPLETE_v20 page 8_pages_51-75.md
027-007-011,,027,007,Spring & Retainer - Piston Release,VMRS_HB_COMPLETE_v20 page 8_pages_51-75.md
027-007-012,,027,007,Washer - Accumulator Plate,VMRS_HB_COMPLETE_v20 page 8_pages_51-75.md
027-007-013,,027,007,Plate - Direct Clutch (Steel),VMRS_HB_COMPLETE_v20 page 8_pages_51-75.md
027-007-014,,027,007,Plate - Direct Clutch (Faced),VMRS_HB_COMPLETE_v20 page 8_pages_51-75.md
027-007-015,,027,007,"Plate - Direct Clutch, Backing",VMRS_HB_COMPLETE_v20 page 8_pages_51-75.md
027-007-016,,027,007,Snap Ring - Backing Plate To Clutch Drum,VMRS_HB_COMPLETE_v20 page 8_pages_51-75.md
027-007-017,,027,007,O-Ring - Piston Housing,VMRS_HB_COMPLETE_v20 page 8_pages_51-75.md
027-007-018,,027,007,Housing Assembly - Clutch Piston,VMRS_HB_COMPLETE_v20 page 8_pages_51-75.md
027-007-019,,027,007,Ball - Clutch Piston Housing,VMRS_HB_COMPLETE_v20 page 8_pages_51-75.md
027-007-020,,027,007,Ring - External Retaining,VMRS_HB_COMPLETE_v20 page 8_pages_51-75.md
027-007-021,,027,007,"Ring - Internal Retaining, Direct Clutch",VMRS_HB_COMPLETE_v20 page 8_pages_51-75.md
027-007-022,,027,007,"Piston - Direct Clutch, Automatic Transmission",VMRS_HB_COMPLETE_v20 page 8_pages_51-75.md
027-008-000,,027,008,Intermediate Clutch & Center Support,VMRS_HB_COMPLETE_v20 page 8_pages_51-75.md
027-008-001,,027,008,Support - Center,VMRS_HB_COMPLETE_v20 page 8_pages_51-75.md
027-008-002,,027,008,Bushing - Center Support Automatic,VMRS_HB_COMPLETE_v20 page 8_pages_51-75.md
027-008-003,,027,008,Bace - Low Clutch Inner,VMRS_HB_COMPLETE_v20 page 8_pages_51-75.md
027-008-004,,027,008,Hardware Mounting - Low Clutch Inner Bace,VMRS_HB_COMPLETE_v20 page 8_pages_51-75.md
027-008-005,,027,008,Bolt - Center Support To Case,VMRS_HB_COMPLETE_v20 page 8_pages_51-75.md
027-008-006,,027,008,Span Ding - Conter Support To Case,VMRS_HB_COMPLETE_v20 page 8_pages_51-75.md
027-000-007,,027,000,Pision - Intermediate Clutch Outer,VMRS_HB_COMPLETE_v20 page 8_pages_51-75.md
027-000-009,,027,000,"Seal - Internediate Clutch, Inner",VMRS_HB_COMPLETE_v20 page 8_pages_51-75.md
027-008-010,,027,008,Spring & Relainer - Intermediate Clutch Release,VMRS_HB_COMPLETE_v20 page 8_pages_51-75.md
027-008-011,,027,008,"Inrust washer - Support To Reaction Drum,",VMRS_HB_COMPLETE_v20 page 8_pages_51-75.md
027-008-012,,027,008,Plate - Intermediate Clutch (Steel),VMRS_HB_COMPLETE_v20 page 8_pages_51-75.md
027-008-013,,027,008,Plate Assembly - Intermediate Clutch (Faced),VMRS_HB_COMPLETE_v20 page 8_pages_51-75.md
027-008-014,,027,008,Plate - Intermediate Clutch Backing,VMRS_HB_COMPLETE_v20 page 8_pages_51-75.md
027-008-015,,027,008,Snap Ring - Backing Plate To Case,VMRS_HB_COMPLETE_v20 page 8_pages_51-75.md
027-009-000,,027,009,Low Range Clutch,VMRS_HB_COMPLETE_v20 page 8_pages_51-75.md
027-009-001,,027,009,Disc - Low Range Clutch,VMRS_HB_COMPLETE_v20 page 8_pages_51-75.md
027-009-002,,027,009,Seal - Low Range,VMRS_HB_COMPLETE_v20 page 8_pages_51-75.md
027-010-000,,027,010,Reverse Clutch Assembly,VMRS_HB_COMPLETE_v20 page 8_pages_51-75.md
027-010-001,,027,010,Piston Reverse Clutch,VMRS_HB_COMPLETE_v20 page 8_pages_51-75.md
027-010-002,,027,010,"Seal - Reverse Clutch Piston, Inner",VMRS_HB_COMPLETE_v20 page 8_pages_51-75.md
027-010-003,,027,010,"Seal - Reverse Clutch Piston, Outer",VMRS_HB_COMPLETE_v20 page 8_pages_51-75.md
027-010-004,,027,010,"Spring & Retainer - Clutch Piston Return,",VMRS_HB_COMPLETE_v20 page 8_pages_51-75.md
027-010-005,,027,010,"Spring - Clutch Cushion, Reverse Clutch",VMRS_HB_COMPLETE_v20 page 8_pages_51-75.md
027-010-006,,027,010,Plate - Reverse Clutch (Steel),VMRS_HB_COMPLETE_v20 page 8_pages_51-75.md
027-010-007,,027,010,Plate - Reverse Clutch (Faced),VMRS_HB_COMPLETE_v20 page 8_pages_51-75.md
027-010-008,,027,010,Plate - Clutch Reaction (Selective),VMRS_HB_COMPLETE_v20 page 8_pages_51-75.md
027-010-009,,027,010,Snap Ring - Clutch Pack,VMRS_HB_COMPLETE_v20 page 8_pages_51-75.md
027-010-010,,027,010,Plate - Clutch Pressure,VMRS_HB_COMPLETE_v20 page 8_pages_51-75.md
027-010-011,,027,010,Reverse Kit - Transmission Clutch,VMRS_HB_COMPLETE_v20 page 8_pages_51-75.md
027-010-012,,027,010,Plate - Reverse Clutch Kit,VMRS_HB_COMPLETE_v20 page 8_pages_51-75.md
027-010-013,,027,010,"Seal Kit - Reverse, 2nd, 3rd",VMRS_HB_COMPLETE_v20 page 8_pages_51-75.md
027-010-014,,027,010,Bearing - Clutch Piston,VMRS_HB_COMPLETE_v20 page 8_pages_51-75.md
027-011-000,,027,011,Splitter,VMRS_HB_COMPLETE_v20 page 8_pages_51-75.md
027-011-001,,027,011,Splitter Assembly,VMRS_HB_COMPLETE_v20 page 8_pages_51-75.md
027-011-002,,027,011,"Carrier Assembly - Planet, Splitter",VMRS_HB_COMPLETE_v20 page 8_pages_51-75.md
027-011-003,,027,011,"Clutch Assembly - High, Splitter",VMRS_HB_COMPLETE_v20 page 8_pages_51-75.md
027-011-004,,027,011,"Clutch Assembly - Low, Splitter",VMRS_HB_COMPLETE_v20 page 8_pages_51-75.md
027-011-005,,027,011,Main Shaft - Splitter,VMRS_HB_COMPLETE_v20 page 8_pages_51-75.md
027-011-006,,027,011,"Seal, Splitter",VMRS_HB_COMPLETE_v20 page 8_pages_51-75.md
027-011-007,,027,011,"Bushing - Splitter Main Shaft, Front & Rear",VMRS_HB_COMPLETE_v20 page 8_pages_51-75.md
027-011-008,,027,011,Carrier - Splitter Planetary,VMRS_HB_COMPLETE_v20 page 8_pages_51-75.md
027-011-009,,027,011,"Needle Bearing - Splitter, Planetary",VMRS_HB_COMPLETE_v20 page 8_pages_51-75.md
027-011-010,,027,011,Pinion - Splitter Planetary,VMRS_HB_COMPLETE_v20 page 8_pages_51-75.md
027-011-011,,027,011,Drum - Clutch - Splitter,VMRS_HB_COMPLETE_v20 page 8_pages_51-75.md
027-011-012,,027,011,Hub - Clutch - Splitter,VMRS_HB_COMPLETE_v20 page 8_pages_51-75.md
027-011-013,,027,011,Gear - Splitter,VMRS_HB_COMPLETE_v20 page 8_pages_51-75.md
027-011-014,,027,011,Anchor - Splitter,VMRS_HB_COMPLETE_v20 page 8_pages_51-75.md
027-011-015,,027,011,Backing Plate - Splitter,VMRS_HB_COMPLETE_v20 page 8_pages_51-75.md
027-011-016,,027,011,"Plate - Low Clutch, Splitter",VMRS_HB_COMPLETE_v20 page 8_pages_51-75.md
027-011-017,,027,011,"Plate - High Clutch, Splitter",VMRS_HB_COMPLETE_v20 page 8_pages_51-75.md
027-011-018,,027,011,Piston - Splitter Clutch,VMRS_HB_COMPLETE_v20 page 8_pages_51-75.md
027-012-000,,027,012,Housing Converter (Bell Housing),VMRS_HB_COMPLETE_v20 page 8_pages_51-75.md
027-012-001,,027,012,Housing - Converter (Bell Housing) Assembly,VMRS_HB_COMPLETE_v20 page 8_pages_51-75.md
027-012-002,,027,012,"Hardware, Mounting - Bell Housing to",VMRS_HB_COMPLETE_v20 page 8_pages_51-75.md
027-013-038,,027,013,"Transmission | | Spring - Relay, Planetary Carrier, Automatic",VMRS_HB_COMPLETE_v20 page 8_pages_51-75.md
027-012-003,,027,012,Adapter - Engine To Transmission | | Transmission,VMRS_HB_COMPLETE_v20 page 8_pages_51-75.md
027-012-004,,027,012,Gasket - Converter Housing To Case | 027-013-039 | Spring - Retarder Valve,VMRS_HB_COMPLETE_v20 page 8_pages_51-75.md
027-012-005,,027,012,"Ring - Housing, Torque Converter, Automatic | 027-013-040 | Stator",VMRS_HB_COMPLETE_v20 page 8_pages_51-75.md
027-013-041,,027,013,Transmission | | Retarder Valve,VMRS_HB_COMPLETE_v20 page 8_pages_51-75.md
027-012-006,,027,012,Fittings - Converter | 027-013-042 | Shim Kit - Planetary,VMRS_HB_COMPLETE_v20 page 8_pages_51-75.md
027-012-008,,027,012,Filter Element - Converter | 027-013-043 | Gasket Kit - Retarder,VMRS_HB_COMPLETE_v20 page 8_pages_51-75.md
027-012-009,,027,012,Filter Magnet - Converter | 027-013-044 | Cover - Retarder Housing,VMRS_HB_COMPLETE_v20 page 8_pages_51-75.md
027-012-010,,027,012,"Sensor - Speed Converter, Automatic | 027-013-045 | Flange - Planetary Shaft",VMRS_HB_COMPLETE_v20 page 8_pages_51-75.md
027-013-046,,027,013,Transmission | | Clutch - Transmission Planetary Carrier,VMRS_HB_COMPLETE_v20 page 8_pages_51-75.md
027-012-011,,027,012,"Access Cover - Converter Housing | 027-013-047 | O-Ring - Output Shaft, Automatic Transmission",VMRS_HB_COMPLETE_v20 page 8_pages_51-75.md
027-012-012,,027,012,"Bearing - Converter, Automatic Transmission | 027-013-048 | Gear - Parking, Automatic Transmission",VMRS_HB_COMPLETE_v20 page 8_pages_51-75.md
027-012-013,,027,012,"Bushing - Converter, Automatic Transmission | 027-013-049 | Oil Seal Kit - Output Shaft, Automatic",VMRS_HB_COMPLETE_v20 page 8_pages_51-75.md
027-012-014,,027,012,Gear - PTO | | Transmission,VMRS_HB_COMPLETE_v20 page 8_pages_51-75.md
027-012-015,,027,012,Gear Assembly | 027-014-000 | Reaction Carrier & Low Sprag Assembly - Front,VMRS_HB_COMPLETE_v20 page 8_pages_51-75.md
027-012-016,,027,012,Hub - Oil Pump Drive | 027-014-001 | Gear Assembly - Intermediate Range,VMRS_HB_COMPLETE_v20 page 8_pages_51-75.md
027-012-017,,027,012,Hub - PTO Automatic Transmission | 027-014-002 | Drum - Reaction,VMRS_HB_COMPLETE_v20 page 8_pages_51-75.md
027-012-018,,027,012,O-Bing - PTO Hub Automatic Transmission | 027-014-003 | Bushing - Reaction Drum,VMRS_HB_COMPLETE_v20 page 8_pages_51-75.md
027-012-019,,027,012,Retainer - Bearing | 027-014-004 | Bace - Low Sprag Clutch Outer,VMRS_HB_COMPLETE_v20 page 8_pages_51-75.md
027-012-020,,027,012,Rings Clins Retainers | 027-014-005 | Planetary Carrier - Reaction Front Or,VMRS_HB_COMPLETE_v20 page 8_pages_51-75.md
027-014-006,,027,014,OLT OIL OLT | Transmission | | Pin - Planet Pinion Front Carrier Automatic,VMRS_HB_COMPLETE_v20 page 8_pages_51-75.md
027-012-022,,027,012,Plug Kit - Torque Converter | 027-014-000 | Transmission,VMRS_HB_COMPLETE_v20 page 8_pages_51-75.md
027-012-023,,027,012,Spacer Kit - Torque Converter | 027-014-007 | Clutch Automatic Transmission,VMRS_HB_COMPLETE_v20 page 8_pages_51-75.md
027-012-024,,027,012,"Mounting Disto Cooler Manifold | 007 014 009 | Ciulcii, Automatic Hansinission",VMRS_HB_COMPLETE_v20 page 8_pages_51-75.md
027-012-025,,027,012,Mounting Plate - Cooler Manifold | 027-014-000 | Clutch Automatia Transmission,VMRS_HB_COMPLETE_v20 page 8_pages_51-75.md
027-012-027,,027,012,"Hardware, Mounting - Bell Housing to Engine | 027-014-009 | Needle Roller Bearing - Reaction Carrier",VMRS_HB_COMPLETE_v20 page 8_pages_51-75.md
027-012-028,,027,012,"Chain - Drive | 027-014-010 | Pinion - Planetary Carrier, Reaction, Front Or",VMRS_HB_COMPLETE_v20 page 8_pages_51-75.md
027-012-029,,027,012,Iorque Converter Assembly | | Intermediate,VMRS_HB_COMPLETE_v20 page 8_pages_51-75.md
027-013-000,,027,013,Planet Carrier &/Or Output Shaft Assembly | 027-014-011 | Thrust Washer - Front Internal To Reaction,VMRS_HB_COMPLETE_v20 page 8_pages_51-75.md
027-013-001,,027,013,Carrier - Transmission Planetary | | Carrier,VMRS_HB_COMPLETE_v20 page 8_pages_51-75.md
027-013-002,,027,013,Shaft - Output Or Output Flange | 027-014-012 | Sprag Assembly - Low Clutch Or Low Roller,VMRS_HB_COMPLETE_v20 page 8_pages_51-75.md
027-013-003,,027,013,"Bushing - Output Shaft, Automatic Transmission | | Clutch",VMRS_HB_COMPLETE_v20 page 8_pages_51-75.md
027-013-004,,027,013,Thrust Bearing Assembly - Needle | 027-014-013 | Ring Gear - Intermediate Range,VMRS_HB_COMPLETE_v20 page 8_pages_51-75.md
027-013-005,,027,013,"Thrust Washer - Input Sun Gear To Carrier, | 027-014-014 | Anchor - Intermediate",VMRS_HB_COMPLETE_v20 page 8_pages_51-75.md
027-014-015,,027,014,"Planetary Carrier, Automatic Transmission | | Ring Gear - Internal, Front",VMRS_HB_COMPLETE_v20 page 8_pages_51-75.md
027-013-006,,027,013,"Gear - Input, Sun | 027-014-016 | Hardware, Mounting - Intermediate Range Gear",VMRS_HB_COMPLETE_v20 page 8_pages_51-75.md
027-013-007,,027,013,Pinion - Planetary | | Assembly,VMRS_HB_COMPLETE_v20 page 8_pages_51-75.md
027-013-008,,027,013,"Ring Gear - Reverse, Planetary Carrier, | 027-014-017 | Bearing Assembly - Thrust, Reaction Carrier",VMRS_HB_COMPLETE_v20 page 8_pages_51-75.md
027-014-018,,027,014,"Automatic Transmission | | Ring - Internal Retaining, Reaction Carrier",VMRS_HB_COMPLETE_v20 page 8_pages_51-75.md
027-013-009,,027,013,Plate - Planet Pinion Shaft Lock | 027-014-019 | Seal - Planetary Carrier,VMRS_HB_COMPLETE_v20 page 8_pages_51-75.md
027-013-010,,027,013,"Snap Ring - Output Shaft To Front Internal Gear | 027-015-000 | Carrier Assembly - Rear Or Low, Output",VMRS_HB_COMPLETE_v20 page 8_pages_51-75.md
027-013-011,,027,013,"Thrust Washer - Output Shaft To Case, Planetary | 027-015-001 | Gear Assembly - Low Range",VMRS_HB_COMPLETE_v20 page 8_pages_51-75.md
027-015-002,,027,015,"Carrier, Automatic Transmission | | Gear - Low Range, Front Internal",VMRS_HB_COMPLETE_v20 page 8_pages_51-75.md
027-013-012,,027,013,"Thrust Washer - Output Shaft To Case Selective, | 027-015-003 | Carrier - Planetary (Output, Rear Or Low)",VMRS_HB_COMPLETE_v20 page 8_pages_51-75.md
027-015-004,,027,015,"Planetary Carrier, Automatic Transmission | | Pin - Planet Pinion, Rear Carrier, Automatic",VMRS_HB_COMPLETE_v20 page 8_pages_51-75.md
027-013-013,,027,013,Return Spring | | Transmission,VMRS_HB_COMPLETE_v20 page 8_pages_51-75.md
027-013-014,,027,013,"Hardware, Mounting - Transmission Planetary | 027-015-005 | Thrust Washer (Steel) - Pinion, Planetary Carrier,",VMRS_HB_COMPLETE_v20 page 8_pages_51-75.md
027-013-016,,027,013,"O-Rings - Carrier | 027-015-006 | Thrust Washer (Bronze) - Pinion, Planetary",VMRS_HB_COMPLETE_v20 page 8_pages_51-75.md
027-013-017,,027,013,"Bearing Assembly - Thrust, Planetary Carrier | | Carrier, Automatic Transmission",VMRS_HB_COMPLETE_v20 page 8_pages_51-75.md
027-013-018,,027,013,"Ring - Internal Retaining, Planetary Carrier | 027-015-007 | Needle Roller Bearing - Low Range Carrier",VMRS_HB_COMPLETE_v20 page 8_pages_51-75.md
027-013-020,,027,013,"Spindle | 027-015-008 | Pinion - Planetary (Output, Rear Or Low)",VMRS_HB_COMPLETE_v20 page 8_pages_51-75.md
027-013-021,,027,013,Bearing Assembly | 027-015-009 | Anchor - Low,VMRS_HB_COMPLETE_v20 page 8_pages_51-75.md
027-013-022,,027,013,Gearing Set - Pinion | 027-015-010 | Gear - Low Ring,VMRS_HB_COMPLETE_v20 page 8_pages_51-75.md
027-013-025,,027,013,Spring Assembly - Planetary Carrier Automatic | 027-016-000 | First Bange Assembly,VMRS_HB_COMPLETE_v20 page 8_pages_51-75.md
027-010-020,,027,010,Transmission | 027-016-001 | Carrier - First Bange Planetary,VMRS_HB_COMPLETE_v20 page 8_pages_51-75.md
027-013-026,,027,013,Bushing - Output Shaft | 027-016-002 | Needle Bearing - First Bange Planetary,VMRS_HB_COMPLETE_v20 page 8_pages_51-75.md
027-013-027,,027,013,Tone Wheel | 027-016-002 | Pinion - First Range Planet,VMRS_HB_COMPLETE_v20 page 8_pages_51-75.md
027-013-028,,027,013,Spacer - Thrust Bearing | 027-016-004 | Ping Gear - First Pange,VMRS_HB_COMPLETE_v20 page 8_pages_51-75.md
027-010-029,,027,010,Cline & Detainara Dianat Carrier | 027-010-003 | Sun Coar & Shaft Accombly,VMRS_HB_COMPLETE_v20 page 8_pages_51-75.md
027-013-030,,027,013,Clips & Retainers - Planet Carrier | 027-017-000 | Sull Geal & Shall Assembly,VMRS_HB_COMPLETE_v20 page 8_pages_51-75.md
027-010-031,,027,010,027-017-001 | Shait - Sull Gear Front Choff,VMRS_HB_COMPLETE_v20 page 8_pages_51-75.md
027-013-032,,027,013,"Fill - OplillyDiston Dianstany Carrier Clutch Automatic | 027-017-002 | Dushing - Sun Gear, Front Shaft",VMRS_HB_COMPLETE_v20 page 8_pages_51-75.md
021-013-033,,021,013,"Fision - Fianelary Camer Clutch, Automatic | 027-017-003 | Dushing - Sun Geal, Hear Shall",VMRS_HB_COMPLETE_v20 page 8_pages_51-75.md
007-010-004,,007,010,nansmissionDeteiner Temperature Value | 027-017-004 | Thrust Race - Support To Sun Gear,VMRS_HB_COMPLETE_v20 page 8_pages_51-75.md
027-013-034,,027,013,"Hetainer - Temperature Valve | 027-017-005 | Thrust Bearing - Needle, Support To Sun Gear",VMRS_HB_COMPLETE_v20 page 8_pages_51-75.md
027-013-035,,027,013,"Ring - Indexing | 027-017-006 | Gear - Sun, Automatic Transmission",VMRS_HB_COMPLETE_v20 page 8_pages_51-75.md
027-013-036,,027,013,HOLOF - HETARDER | 027-017-007 | Thrust Race - Sun Gear To Internal Gear,VMRS_HB_COMPLETE_v20 page 8_pages_51-75.md
,027-013,027,013,"-03/ | Shim - Deanny | UZ1-U11-UU8 | must bearing - Needle, Sun Gear To Internal",VMRS_HB_COMPLETE_v20 page 8_pages_51-75.md
027-018-000,,027,018,Reverse Range Assembly | 027-0,VMRS_HB_COMPLETE_v20 page 8_pages_51-75.md
027-018-001,,027,018,Gear Assembly - Reverse Range | 027-0,VMRS_HB_COMPLETE_v20 page 8_pages_51-75.md
027-018-002,,027,018,"Ring Gear - Reverse Range, Automatic | 027-0",VMRS_HB_COMPLETE_v20 page 8_pages_51-75.md
007-010-000,,007,010,Transmission | 027-0,VMRS_HB_COMPLETE_v20 page 8_pages_51-75.md
027-018-003,,027,018,Gear - Reverse Sun | 027-0,VMRS_HB_COMPLETE_v20 page 8_pages_51-75.md
027-018-004,,027,018,Carrier - Reverse Range Planetary | 027-0,VMRS_HB_COMPLETE_v20 page 8_pages_51-75.md
027-018-005,,027,018,Needle Bearing - Reverse Range Planetary | 027-0,VMRS_HB_COMPLETE_v20 page 8_pages_51-75.md
027-019-000,,027,019,Main Shaft Transmission | 027-0,VMRS_HB_COMPLETE_v20 page 8_pages_51-75.md
027-019-001,,027,019,Dlug - Main Shaft Cun | 027.0,VMRS_HB_COMPLETE_v20 page 8_pages_51-75.md
027-019-002,,027,019,Shan Ring - Main Shaft To Internal | 027-0,VMRS_HB_COMPLETE_v20 page 8_pages_51-75.md
027-019-005,,027,019,Thrust Bace - Internal Gear To Output Shaft | 027-0,VMRS_HB_COMPLETE_v20 page 8_pages_51-75.md
027-019-006,,027,019,Thrust Bearing - Needle Internal Gear To Output | 027-0,VMRS_HB_COMPLETE_v20 page 8_pages_51-75.md
027-019-007,,027,019,"Retainer - Bearing, Input Shaft | 027-0",VMRS_HB_COMPLETE_v20 page 8_pages_51-75.md
027-019-008,,027,019,"Shim - Main Shaft, Automatic Transmission | 027-0",VMRS_HB_COMPLETE_v20 page 8_pages_51-75.md
027-019-009,,027,019,Thrust Bearing - Main Shaft,VMRS_HB_COMPLETE_v20 page 8_pages_51-75.md
027-019-010,,027,019,Clips & Retainers - Main Shaft | 027-0,VMRS_HB_COMPLETE_v20 page 8_pages_51-75.md
027-019-011,,027,019,"Retainer - Spring, Main Shaft | 027-0",VMRS_HB_COMPLETE_v20 page 8_pages_51-75.md
027-019-012,,027,019,Seal - Main Shaft | 027-0,VMRS_HB_COMPLETE_v20 page 8_pages_51-75.md
027-020-000,,027,020,Bands | 027-0,VMRS_HB_COMPLETE_v20 page 8_pages_51-75.md
027-020-001,,027,020,Band - Low Brake | 027-0,VMRS_HB_COMPLETE_v20 page 8_pages_51-75.md
027-020-002,,027,020,"Hardware, Mounting - Low Brake Band",VMRS_HB_COMPLETE_v20 page 8_pages_51-75.md
027-020-003,,027,020,Band - Front Brake | 027-0,VMRS_HB_COMPLETE_v20 page 8_pages_51-75.md
027-020-004,,027,020,"Hardware, Mounting - Front Brake Band | 027-0",VMRS_HB_COMPLETE_v20 page 8_pages_51-75.md
027-020-005,,027,020,"Brake Band - Low & Reverse, Rear | 027-0",VMRS_HB_COMPLETE_v20 page 8_pages_51-75.md
027-020-006,,027,020,"Hardware, Mounting - Low & Reverse Rear | 027-0",VMRS_HB_COMPLETE_v20 page 8_pages_51-75.md
027-020-007,,027,020,Band - Kickdown | 027-0,VMRS_HB_COMPLETE_v20 page 8_pages_51-75.md
027-021-000,,027,021,Rear Servo Assembly | 027-0,VMRS_HB_COMPLETE_v20 page 8_pages_51-75.md
027-021-001,,027,021,Pin - Rear Band Apply | 027-0,VMRS_HB_COMPLETE_v20 page 8_pages_51-75.md
027-021-002,,027,021,Piston - Reverse Servo | 027-0,VMRS_HB_COMPLETE_v20 page 8_pages_51-75.md
027-021-003,,027,021,Seal - Reverse Servo Piston | 027-0,VMRS_HB_COMPLETE_v20 page 8_pages_51-75.md
027-021-004,,027,021,Piston - Accumulator | 027-0,VMRS_HB_COMPLETE_v20 page 8_pages_51-75.md
027-021-005,,027,021,"Ring - Seal, Accumulator Piston | 027-0",VMRS_HB_COMPLETE_v20 page 8_pages_51-75.md
027-021-006,,027,021,"Snap Ring - Retainer, Servo Piston | 027-0",VMRS_HB_COMPLETE_v20 page 8_pages_51-75.md
027-021-007,,027,021,Retainer - Servo Spring | 027-0,VMRS_HB_COMPLETE_v20 page 8_pages_51-75.md
027-021-008,,027,021,"Spring - Servo Piston, Rear | 027-0",VMRS_HB_COMPLETE_v20 page 8_pages_51-75.md
027-021-009,,027,021,Spring - Rear Accumulator | 027-0,VMRS_HB_COMPLETE_v20 page 8_pages_51-75.md
027-021-010,,027,021,Cover - Real Servo | 027-0,VMRS_HB_COMPLETE_v20 page 8_pages_51-75.md
027-021-011,,027,021,Caskel - Real Servo Cover | 027-0,VMRS_HB_COMPLETE_v20 page 8_pages_51-75.md
027-021-012,,027,021,Servo - Intermediate Automatic Transmission | 027-0,VMRS_HB_COMPLETE_v20 page 8_pages_51-75.md
027-021-014,,027,021,Boller - Bear Servo | 027-0,VMRS_HB_COMPLETE_v20 page 8_pages_51-75.md
027-021-016,,027,021,Flance Screw - Bear Servo | 027-0,VMRS_HB_COMPLETE_v20 page 8_pages_51-75.md
027-021-017,,027,021,Disc - Bear Servo | 027-0,VMRS_HB_COMPLETE_v20 page 8_pages_51-75.md
027-021-018,,027,021,Back Stop - Rear Servo | 027-0,VMRS_HB_COMPLETE_v20 page 8_pages_51-75.md
027-021-019,,027,021,O-Bing - Bear Servo | 027-0,VMRS_HB_COMPLETE_v20 page 8_pages_51-75.md
027-021-020,,027,021,Control Plunger - Rear Servo,VMRS_HB_COMPLETE_v20 page 8_pages_51-75.md
027-022-000,,027,022,Low Servo Assembly | 027-0,VMRS_HB_COMPLETE_v20 page 8_pages_51-75.md
027-022-001,,027,022,Piston - Low Servo | 027-0,VMRS_HB_COMPLETE_v20 page 8_pages_51-75.md
027-022-002,,027,022,Spring - Piston Apply (Cushion) | 027-0,VMRS_HB_COMPLETE_v20 page 8_pages_51-75.md
027-022-003,,027,022,Rod - Piston | 027-0,VMRS_HB_COMPLETE_v20 page 8_pages_51-75.md
027-022-004,,027,022,Seal - Cover | 027-0,VMRS_HB_COMPLETE_v20 page 8_pages_51-75.md
027-022-005,,027,022,Cover - Low Servo | 027-0,VMRS_HB_COMPLETE_v20 page 8_pages_51-75.md
027-022-006,,027,022,"Hardware, Mounting - Low Servo Cover | 027-0",VMRS_HB_COMPLETE_v20 page 8_pages_51-75.md
027-022-007,,027,022,Seat - Piston Apply Spring | 027-0,VMRS_HB_COMPLETE_v20 page 8_pages_51-75.md
027-022-008,,027,022,Retainer - Piston | 027-0,VMRS_HB_COMPLETE_v20 page 8_pages_51-75.md
027-022-009,,027,022,"Seal (Or Ring) - Oil, Piston | 027-0",VMRS_HB_COMPLETE_v20 page 8_pages_51-75.md
027-022-010,,027,022,Spring - Piston Return | 027-0,VMRS_HB_COMPLETE_v20 page 8_pages_51-75.md
027-023-000,,027,023,Front Servo Assembly (2nd Gear Overrun) | 027-0,VMRS_HB_COMPLETE_v20 page 8_pages_51-75.md
027-023-001,,027,023,Piston - Front Servo | 027-0,VMRS_HB_COMPLETE_v20 page 8_pages_51-75.md
027-023-002,,027,023,"Ring - Oil, Front Servo Piston | 027-0",VMRS_HB_COMPLETE_v20 page 8_pages_51-75.md
027-023-003,,027,023,Pin - Front Servo Piston | 027-0,VMRS_HB_COMPLETE_v20 page 8_pages_51-75.md
027-023-004,,027,023,Snap Ring - (Piston To Pin) | 027-0,VMRS_HB_COMPLETE_v20 page 8_pages_51-75.md
027-023-005,,027,023,"wasner - Plain, Front Servo, Automatic | 027-0",VMRS_HB_COMPLETE_v20 page 8_pages_51-75.md
,023-006,023,006,"7- | Spring - Front Servo Piston, Inner",VMRS_HB_COMPLETE_v20 page 8_pages_51-75.md
,023-007,023,007,"7- | Spring - Front Servo Piston, Outer",VMRS_HB_COMPLETE_v20 page 8_pages_51-75.md
,023-008,023,008,"7- | Gasket - Cover, Servo Piston",VMRS_HB_COMPLETE_v20 page 8_pages_51-75.md
,023-009,023,009,7- | Servo Assembly - Front,VMRS_HB_COMPLETE_v20 page 8_pages_51-75.md
,024-000,024,000,7- | Valve Body Assembly - Main Control,VMRS_HB_COMPLETE_v20 page 8_pages_51-75.md
,024-001,024,001,7- | Body - Main Control Valve,VMRS_HB_COMPLETE_v20 page 8_pages_51-75.md
,024-002,024,002,7- | Range Selector Valve - Manual,VMRS_HB_COMPLETE_v20 page 8_pages_51-75.md
,024-003,024,003,7- | Shift Valve - 1-2 Shift,VMRS_HB_COMPLETE_v20 page 8_pages_51-75.md
,024-004,024,004,7- | Modulator Valve - 1-2 Or Shift Control,VMRS_HB_COMPLETE_v20 page 8_pages_51-75.md
,024-005,024,005,7- | Sleeve Or Bushing - 1-2 Modulator Or Shift,VMRS_HB_COMPLETE_v20 page 8_pages_51-75.md
,024-006,024,006,7- | Accumulator Valve - 1-2,VMRS_HB_COMPLETE_v20 page 8_pages_51-75.md
,024-007,024,007,7- | Shift Valve - 2-3,VMRS_HB_COMPLETE_v20 page 8_pages_51-75.md
,024-008,024,008,7- | Modulator Valve - 2-3,VMRS_HB_COMPLETE_v20 page 8_pages_51-75.md
,024-009,024,009,7- | Bushing - 2-3 Modulator Valve,VMRS_HB_COMPLETE_v20 page 8_pages_51-75.md
,024-010,024,010,7- | Downshift Valve - 3-2,VMRS_HB_COMPLETE_v20 page 8_pages_51-75.md
,024-011,024,011,7- | Timing Valve - High Speed Downshift,VMRS_HB_COMPLETE_v20 page 8_pages_51-75.md
,024-012,024,012,7- | Detent Valve,VMRS_HB_COMPLETE_v20 page 8_pages_51-75.md
,024-013,024,013,"7- | Regulator Valve - Detent, Automatic",VMRS_HB_COMPLETE_v20 page 8_pages_51-75.md
,024-014,024,014,7- | Limit Valve - Modulator,VMRS_HB_COMPLETE_v20 page 8_pages_51-75.md
,024-015,024,015,7- | Plate Or Spacer - Valve Body,VMRS_HB_COMPLETE_v20 page 8_pages_51-75.md
,024-016,024,016,7- | Gasket - Valve Body To Plate Or Spacer,VMRS_HB_COMPLETE_v20 page 8_pages_51-75.md
,024-017,024,017,7- | Adjustment Screw - 1-2 Accumulator Valve,VMRS_HB_COMPLETE_v20 page 8_pages_51-75.md
,024-019,024,019,7 | Bolt Valva Body To Caso,VMRS_HB_COMPLETE_v20 page 8_pages_51-75.md
,024-020,024,020,7- | Doll - Valve Douy To Case,VMRS_HB_COMPLETE_v20 page 8_pages_51-75.md
,024-021,024,021,"7 | Plate - Oil Channel Support To Case, Pressure",VMRS_HB_COMPLETE_v20 page 8_pages_51-75.md
,024-022,024,022,"1- | Bon - On Charner Support to Case, Fressure",VMRS_HB_COMPLETE_v20 page 8_pages_51-75.md
,024-023,024,023,7 | Throttle Valve Automatic Transmission,VMRS_HB_COMPLETE_v20 page 8_pages_51-75.md
,024-024,024,024,7- | Check Valve - Real Pump,VMRS_HB_COMPLETE_v20 page 8_pages_51-75.md
,024-025,024,025,7- | Redy Deterder Valve,VMRS_HB_COMPLETE_v20 page 8_pages_51-75.md
,024-027,024,027,7- | Diston Front Accumulator,VMRS_HB_COMPLETE_v20 page 8_pages_51-75.md
,024-029,024,029,7- | Deteiner Ding Front Accumulator Diston,VMRS_HB_COMPLETE_v20 page 8_pages_51-75.md
,024-030,024,030,7- | Accomply Kit Control Volvo,VMRS_HB_COMPLETE_v20 page 8_pages_51-75.md
,024-031,024,031,7- | Assembly Kit - Control valve,VMRS_HB_COMPLETE_v20 page 8_pages_51-75.md
,024-032,024,032,7- | Replacement Kit - Inching valve Seal,VMRS_HB_COMPLETE_v20 page 8_pages_51-75.md
,024-033,024,033,"7- | Plunger - Inching Valve, Automatic Transmission",VMRS_HB_COMPLETE_v20 page 8_pages_51-75.md
,024-034,024,034,7- | O-Ring - Accumulator valve,VMRS_HB_COMPLETE_v20 page 8_pages_51-75.md
,024-035,024,035,"7- | Tube - Control Valve, Automatic Transmission",VMRS_HB_COMPLETE_v20 page 8_pages_51-75.md
,024-036,024,036,7- | Cylinder - Inching Valve,VMRS_HB_COMPLETE_v20 page 8_pages_51-75.md
,024-037,024,037,7- | Spool - Inching valve,VMRS_HB_COMPLETE_v20 page 8_pages_51-75.md
,024-038,024,038,7- | Adapter - Inching Valve,VMRS_HB_COMPLETE_v20 page 8_pages_51-75.md
,024-039,024,039,"7- | Washer - Adapter, Inching Valve",VMRS_HB_COMPLETE_v20 page 8_pages_51-75.md
,024-040,024,040,"7- | Hardware, Mounting - Throttle Valve",VMRS_HB_COMPLETE_v20 page 8_pages_51-75.md
,024-041,024,041,"7- | Seal - Sleeve, Downshift Valve",VMRS_HB_COMPLETE_v20 page 8_pages_51-75.md
,024-042,024,042,7- | Gasket Kit - Valve Body Spacer Plate,VMRS_HB_COMPLETE_v20 page 8_pages_51-75.md
,024-043,024,043,7- | Wiring Harness - Transmission Shift Control,VMRS_HB_COMPLETE_v20 page 8_pages_51-75.md
,024-044,024,044,7- | Channel,VMRS_HB_COMPLETE_v20 page 8_pages_51-75.md
,024-045,024,045,7- | Plug - Shift,VMRS_HB_COMPLETE_v20 page 8_pages_51-75.md
,024-046,024,046,7- | Valve - Shift,VMRS_HB_COMPLETE_v20 page 8_pages_51-75.md
,024-047,024,047,"7- | Valve - Main Control, Automatic Transmission",VMRS_HB_COMPLETE_v20 page 8_pages_51-75.md
,024-048,024,048,7- | Valve - Trim,VMRS_HB_COMPLETE_v20 page 8_pages_51-75.md
,024-049,024,049,7- | Spring - Shift,VMRS_HB_COMPLETE_v20 page 8_pages_51-75.md
,024-050,024,050,7- | Clips & Retainers - Valve Body,VMRS_HB_COMPLETE_v20 page 8_pages_51-75.md
,024-051,024,051,"7- | O-Ring - Solenoid Valve, Automatic Transmission",VMRS_HB_COMPLETE_v20 page 8_pages_51-75.md
,024-052,024,052,7- | Solenoid Screen - Valve Body,VMRS_HB_COMPLETE_v20 page 8_pages_51-75.md
,024-053,024,053,7- | Solenoid - On/Off,VMRS_HB_COMPLETE_v20 page 8_pages_51-75.md
,024-054,024,054,7- | Valve - Exhaust,VMRS_HB_COMPLETE_v20 page 8_pages_51-75.md
,024-055,024,055,7- | Spring - Exhaust Valve,VMRS_HB_COMPLETE_v20 page 8_pages_51-75.md
,024-056,024,056,7- | Valve - Control Relief,VMRS_HB_COMPLETE_v20 page 8_pages_51-75.md
,024-057,024,057,7- | Spring - Control Relief,VMRS_HB_COMPLETE_v20 page 8_pages_51-75.md
,024-058,024,058,7- | Solenoid - Trim,VMRS_HB_COMPLETE_v20 page 8_pages_51-75.md
,024-059,024,059,7- | Bracket - Solenoid Valve,VMRS_HB_COMPLETE_v20 page 8_pages_51-75.md
,024-060,024,060,"7- | Switch - Pressure, Valve Body, Automatic",VMRS_HB_COMPLETE_v20 page 8_pages_51-75.md
027-025-002,,027,025,oode | Transmission | | Gasket - Solenoid Assembly Automatic,VMRS_HB_COMPLETE_v20 page 8_pages_51-75.md
027-024-061,,027,024,027-020-002 | Transmission,VMRS_HB_COMPLETE_v20 page 8_pages_51-75.md
027-024-001,,027,024,Pring Accumulator | 007 005 000 | Hardware Mounting Colonaid Accomply,VMRS_HB_COMPLETE_v20 page 8_pages_51-75.md
027-024-002,,027,024,"Spring - Accumulator | 027-025-003 | Hardware, Mounting - Solenoid Assembly",VMRS_HB_COMPLETE_v20 page 8_pages_51-75.md
027-024-063,,027,024,Tube - Reverse Signal | 027-025-004 | Connector - Electrical (Solenoid),VMRS_HB_COMPLETE_v20 page 8_pages_51-75.md
027-024-064,,027,024,"Spring - Trim | 027-025-005 | Seal - Electrical Connector, O-Ring",VMRS_HB_COMPLETE_v20 page 8_pages_51-75.md
027-024-065,,027,024,Electrical Connector | 027-025-006 | Tube Kit - Solenoid,VMRS_HB_COMPLETE_v20 page 8_pages_51-75.md
027-024-066,,027,024,"Adapter/Riser - Electrical Connector | 027-025-007 | Seal - O-Ring, Solenoid Tube",VMRS_HB_COMPLETE_v20 page 8_pages_51-75.md
027-024-067,,027,024,Gasket/Seal - Electrical Connector | 027-026-000 | Modulator Assembly,VMRS_HB_COMPLETE_v20 page 8_pages_51-75.md
027-024-068,,027,024,"Sensor - Temperature, Automatic Transmission | 027-026-001 | Modulator Assembly - Vacuum",VMRS_HB_COMPLETE_v20 page 8_pages_51-75.md
027-024-069,,027,024,"Seal, Face | 027-026-002 | Modulator Valve - Vacuum",VMRS_HB_COMPLETE_v20 page 8_pages_51-75.md
027-024-071,,027,024,Spring - Regulator Solenoid Valve | 027-026-003 | Seal - O-Ring Vacuum Modulator,VMRS_HB_COMPLETE_v20 page 8_pages_51-75.md
027-024-072,,027,024,"Valve - A/R | 027-026-004 | Hardware, Mounting - Vacuum Modulator",VMRS_HB_COMPLETE_v20 page 8_pages_51-75.md
027-024-073,,027,024,Spring - A/R Valve | | Assembly,VMRS_HB_COMPLETE_v20 page 8_pages_51-75.md
027-024-074,,027,024,Stop - A/R Valve | 027-026-005 | Connector Or Clamp - Rubber Sleeve,VMRS_HB_COMPLETE_v20 page 8_pages_51-75.md
027-024-075,,027,024,Override Valve | 027-026-006 | Modulator Valve - Hvdraulic,VMRS_HB_COMPLETE_v20 page 8_pages_51-75.md
027-024-076,,027,024,"Spring - Override Valve | 027-026-007 | Line - Vacuum Modulator, Automatic",VMRS_HB_COMPLETE_v20 page 8_pages_51-75.md
027-024-077,,027,024,Ston - Override Valve | 020 020 000 | Transmission,VMRS_HB_COMPLETE_v20 page 8_pages_51-75.md
027-024-078,,027,024,Valve - Lockup Belav | 027-027-000 | Valve Body Assembly - Stator Control,VMRS_HB_COMPLETE_v20 page 8_pages_51-75.md
027-024-070,,027,024,Spring Lockup Relay Valvo | 027 027 000 | Redy Stater Centrel Valve,VMRS_HB_COMPLETE_v20 page 8_pages_51-75.md
027-024-079,,027,024,Spring - Lockup Relay Valve | 027-027-001 | Plate Stator Control Valve,VMRS_HB_COMPLETE_v20 page 8_pages_51-75.md
027-024-000,,027,024,Stop - Lockup Helay Valve | 027-027-002 | Plate - Stator Control Valve,VMRS_HB_COMPLETE_v20 page 8_pages_51-75.md
027-024-082,,027,024,"Stop - Main Control Valve | 027-027-004 | Hardware, Mounting - Stator Control Valve Body",VMRS_HB_COMPLETE_v20 page 8_pages_51-75.md
027-024-083,,027,024,Latch Valve | 027-028-000 | Solenoid Assembly - Variable Pitch Stator,VMRS_HB_COMPLETE_v20 page 8_pages_51-75.md
027-024-084,,027,024,Spring - Latch Valve | | Control,VMRS_HB_COMPLETE_v20 page 8_pages_51-75.md
027-024-085,,027,024,Stop - Latch Valve | 027-028-001 | Solenoid Assembly - Stator Control,VMRS_HB_COMPLETE_v20 page 8_pages_51-75.md
027-024-086,,027,024,"Stop - Exhaust Valve | 027-028-002 | Gasket - Variable Pitch Stator Solenoid,",VMRS_HB_COMPLETE_v20 page 8_pages_51-75.md
027-024-087,,027,024,Spring - Converter Regulator Valve | | Automatic Transmission,VMRS_HB_COMPLETE_v20 page 8_pages_51-75.md
027-024-088,,027,024,"Stop - Converter Regulator Valve | 027-028-003 | Hardware, Mounting - Stator Control Solenoid",VMRS_HB_COMPLETE_v20 page 8_pages_51-75.md
027-024-089,,027,024,"Sensor - Oil Level, Automatic Transmission | | Assembly",VMRS_HB_COMPLETE_v20 page 8_pages_51-75.md
027-024-090,,027,024,Bracket - Oil Level Sensor | 027-029-000 | Oil Pump Assembly - Automatic Transmission,VMRS_HB_COMPLETE_v20 page 8_pages_51-75.md
027-024-091,,027,024,Seal - Oil Level Sensor | 027-029-001 | Shaft - Stator,VMRS_HB_COMPLETE_v20 page 8_pages_51-75.md
027-024-092,,027,024,Drain Plug - Oil | 027-029-002 | Bushing - Stator Shaft,VMRS_HB_COMPLETE_v20 page 8_pages_51-75.md
027-024-093,,027,024,Plug - Pressure Tan | 027-029-003 | Seal Assembly - Front Pump,VMRS_HB_COMPLETE_v20 page 8_pages_51-75.md
027-024-005,,027,024,Valve - Solenoid Regulator | 027-020-000 | Body Assembly - Front Pump Automatic,VMRS_HB_COMPLETE_v20 page 8_pages_51-75.md
027-024-095,,027,024,Protoctive Plate Sciencid | 027-029-004 | Transmission,VMRS_HB_COMPLETE_v20 page 8_pages_51-75.md
027-024-097,,027,024,Protective Flate - Solenolu | 007 000 005 | Hallshing Front Dump Body,VMRS_HB_COMPLETE_v20 page 8_pages_51-75.md
027-024-099,,027,024,Spring - Interlock valve | 027-029-006 | Oil Pump Assembly - Automatic Transmission,VMRS_HB_COMPLETE_v20 page 8_pages_51-75.md
027-024-100,,027,024,"Spacer - Oli Level Sensor | 027-029-007 | Gear - Driving, Front Pump",VMRS_HB_COMPLETE_v20 page 8_pages_51-75.md
027-024-101,,027,024,"Base Plate - Oil Level Sensor | 027-029-008 | Gear - Driven, Front Pump",VMRS_HB_COMPLETE_v20 page 8_pages_51-75.md
027-024-103,,027,024,"Modulator Valve Assembly - Main | 027-029-009 | O-Ring/Seal - Oil Pump To Case, Front",VMRS_HB_COMPLETE_v20 page 8_pages_51-75.md
027-024-104,,027,024,"Housing - Main Modulator Valve | 027-029-010 | Coupling Assembly - Oil Pump Drive, Front",VMRS_HB_COMPLETE_v20 page 8_pages_51-75.md
027-024-105,,027,024,Spring - Inching Valve | 027-029-011 | Cover - Front Pump Or Plate Assembly,VMRS_HB_COMPLETE_v20 page 8_pages_51-75.md
027-024-106,,027,024,Pedal - Inching | 027-029-012 | Gasket - Front Pump Cover To Case,VMRS_HB_COMPLETE_v20 page 8_pages_51-75.md
027-024-107,,027,024,"Cable - Inching Pedal Linkage | 027-029-013 | Hardware, Mounting - Front Pump Or Plate",VMRS_HB_COMPLETE_v20 page 8_pages_51-75.md
027-024-108,,027,024,"Check-Ball - Valve Body, Automatic Transmission | | Assembly Cover",VMRS_HB_COMPLETE_v20 page 8_pages_51-75.md
027-024-109,,027,024,"Plug - Control Valve, Valve Body, Automatic | 027-029-014 | Plug - Oil Pump Cover (Cup)",VMRS_HB_COMPLETE_v20 page 8_pages_51-75.md
027-029-015,,027,029,Transmission | | Ring - Pump Cover To Clutch Drum Oil,VMRS_HB_COMPLETE_v20 page 8_pages_51-75.md
027-024-110,,027,024,"Retaining Plate - Control Valve, Valve Body | 027-029-016 | Bolt - Oil Pump To Case",VMRS_HB_COMPLETE_v20 page 8_pages_51-75.md
027-029-017,,027,029,"OLT OLT THO | Automatic Transmission | | Seal - Oil Pump To Case Bolt, O-Bing",VMRS_HB_COMPLETE_v20 page 8_pages_51-75.md
027-024-111,,027,024,Sleeve - Control Valve Valve Body Automatic | 027-020-018 | Bypass Valve - Oil Cooler Or Lubrication,VMRS_HB_COMPLETE_v20 page 8_pages_51-75.md
007-004-110,,007,004,Datainar Spring Clip Control Valvo Valvo | 027-029-019 | Spring - Oil Cooler Or Lubrication Bypass,VMRS_HB_COMPLETE_v20 page 8_pages_51-75.md
027-024-112,,027,024,"Retainer - Spring Clip, Control valve, valve | 027-029-020 | Seal - Oil Coolei Oi Lubrication Bypass",VMRS_HB_COMPLETE_v20 page 8_pages_51-75.md
007-004-440,,007,004,"Body, Automatic Transmission | 027-029-021 | Outcheck valve - Converter",VMRS_HB_COMPLETE_v20 page 8_pages_51-75.md
027-024-113,,027,024,"Filter - Valve Body, Automatic Transmission | 027-029-022 | Downshift Timing Valve",VMRS_HB_COMPLETE_v20 page 8_pages_51-75.md
027-024-114,,027,024,"Solenoid - Clutch, Torque Converter | 027-029-023 | Spring - Downshift Timing Valve",VMRS_HB_COMPLETE_v20 page 8_pages_51-75.md
027-024-115,,027,024,Solenoid - Shift | 027-029-024 | Ball - Downshift Timing Valve,VMRS_HB_COMPLETE_v20 page 8_pages_51-75.md
027-024-116,,027,024,Solenoid - Pressure Control | 027-029-025 | Pressure Regulator Valve,VMRS_HB_COMPLETE_v20 page 8_pages_51-75.md
027-024-117,,027,024,Switch - Fluid Temperature | 027-029-026 | Spring - Pressure Regulator,VMRS_HB_COMPLETE_v20 page 8_pages_51-75.md
027-024-118,,027,024,"Sensor - Range, Automatic Transmission | 027-029-027 | Sleeve - Reverse & Modulator Boost Valve",VMRS_HB_COMPLETE_v20 page 8_pages_51-75.md
027-024-119,,027,024,"Switch - Kickdown Solenoid, Automatic | 027-029-028 | Reverse & Modulator Boost Valve",VMRS_HB_COMPLETE_v20 page 8_pages_51-75.md
027-029-029,,027,029,Transmission | | Plug - Pressure Regulator Valve Bore,VMRS_HB_COMPLETE_v20 page 8_pages_51-75.md
027-024-120,,027,024,"Switch - Spark Control, Automatic Transmission | 027-029-030 | Retainer - Sleeve Or Plug",VMRS_HB_COMPLETE_v20 page 8_pages_51-75.md
027-024-121,,027,024,"Switch - Lockup, Torque Converter | 027-029-031 | Clips & Retainers - Oil Pump",VMRS_HB_COMPLETE_v20 page 8_pages_51-75.md
027-024-122,,027,024,Sensor - Oil Temperature Automatic | 027-029-032 | O-Rings - Oil Pump,VMRS_HB_COMPLETE_v20 page 8_pages_51-75.md
027-020-032,,027,020,Transmission | | Senarator Plate - Oil Pump,VMRS_HB_COMPLETE_v20 page 8_pages_51-75.md
027-024-124,,027,024,Transduper Dressure | 027 000 000 | Velve Delief Oil Pump Automatic Transmission,VMRS_HB_COMPLETE_v20 page 8_pages_51-75.md
027-024-125,,027,024,"nansuucer - Messure | 027-029-030 | valve - Hellel, Oli Purrip, Automatic Transmission",VMRS_HB_COMPLETE_v20 page 8_pages_51-75.md
027-025-000,,027,025,"Solenoid Assembly - Detent, Automatic | 027-029-037",VMRS_HB_COMPLETE_v20 page 8_pages_51-75.md
027-029-038,,027,029,Iransmission | | Spring - Clutch Valve,VMRS_HB_COMPLETE_v20 page 8_pages_51-75.md
027-025-001,,027,025,"Solenoid Assembly | 027-029-039 | Thrust Washer - OII Pump, Automatic",VMRS_HB_COMPLETE_v20 page 8_pages_51-75.md
007-000-050,,007,000,Transmission | 027-031-044 | Terminal - Electrical Connector,VMRS_HB_COMPLETE_v20 page 8_pages_51-75.md
027-029-050,,027,029,"Stop - Lube Regulator | 027-031-045 | Relay Valve - Case Housing Extension,",VMRS_HB_COMPLETE_v20 page 8_pages_51-75.md
027-029-051,,027,029,Seal - Converter Housing Bolt | 007 001 040 | Automatic Transmission,VMRS_HB_COMPLETE_v20 page 8_pages_51-75.md
027-029-052,,027,029,Wear Plate - Front Pump | 027-031-040 | Signal Valve,VMRS_HB_COMPLETE_v20 page 8_pages_51-75.md
027-029-053,,027,029,Volvo Converter Flow | 027-031-047 | Winng Harness - Modulator Valve Cover,VMRS_HB_COMPLETE_v20 page 8_pages_51-75.md
027-029-034,,027,029,Valve - Converter Flow | 027-031-040 | Gasket Temperature Sensor,VMRS_HB_COMPLETE_v20 page 8_pages_51-75.md
027-029-055,,027,029,Spring - Converter Flow | 027-031-049 | Connector Electrical Medulating Value,VMRS_HB_COMPLETE_v20 page 8_pages_51-75.md
027-029-057,,027,029,Valve - Lube Regulator | 027-031-051 | Valve Exhaust Case Housing Extension,VMRS_HB_COMPLETE_v20 page 8_pages_51-75.md
027-029-059,,027,029,Spring - Main Regulator | 027-031-054 | Seal - Output Shaft,VMRS_HB_COMPLETE_v20 page 8_pages_51-75.md
027-029-000,,027,029,Ston - Main Regulator Valve | 027-031-054 | Gear - Driven Speedometer,VMRS_HB_COMPLETE_v20 page 8_pages_51-75.md
027-029-062,,027,029,Gasket - Senarator Plate Oil Pump Automatic | 027-032-000 | Parking Lock Or Brake & Actuator Assembly,VMRS_HB_COMPLETE_v20 page 8_pages_51-75.md
027-029-063,,027,029,Support - Front Pump | 027-032-002 | Hardware Mounting - Parking Lock Actuator Bod,VMRS_HB_COMPLETE_v20 page 8_pages_51-75.md
027-029-064,,027,029,"Valve - Thermo, Transmission Oil Cooler | OLT OOL OOL | Assembly",VMRS_HB_COMPLETE_v20 page 8_pages_51-75.md
027-029-065,,027,029,Bearing - Coupler | 027-032-003 | Spring - Parking Pawl Disengaging,VMRS_HB_COMPLETE_v20 page 8_pages_51-75.md
027-029-066,,027,029,Gasket - Strainer | 027-032-004 | Pawl - Parking Lock,VMRS_HB_COMPLETE_v20 page 8_pages_51-75.md
027-030-000,,027,030,Rear Pump | 027-032-005 | Bracket - Parking Lock Pawl Reaction,VMRS_HB_COMPLETE_v20 page 8_pages_51-75.md
027-030-001,,027,030,Body - Rear Pump. Automatic Transmission | 027-032-006 | Shaft - Parking Pawl,VMRS_HB_COMPLETE_v20 page 8_pages_51-75.md
027-030-002,,027,030,Bushing - Rear Pump Body | 027-032-007 | Retainer - Parking Pawl Shaft,VMRS_HB_COMPLETE_v20 page 8_pages_51-75.md
027-030-003,,027,030,Seal - Rear Pump | 027-032-008 | Seal - O-Ring Pawl Shaft To Case,VMRS_HB_COMPLETE_v20 page 8_pages_51-75.md
027-030-004,,027,030,"Gear - Driven, Rear Pump | 027-032-009 | Cable - Parking Lock Actuator",VMRS_HB_COMPLETE_v20 page 8_pages_51-75.md
027-030-005,,027,030,"Gear - Drive, Rear Pump | 027-032-010 | Solenoid - Parking Lock Actuator",VMRS_HB_COMPLETE_v20 page 8_pages_51-75.md
027-030-006,,027,030,"Key - Rear Pump Drive, Automatic Transmission | 027-032-011 | Guide - Apply Assembly",VMRS_HB_COMPLETE_v20 page 8_pages_51-75.md
027-030-007,,027,030,"Wear Plate - Rear Pump, Automatic | 027-033-000 | Range Selector Or Manual Linkage",VMRS_HB_COMPLETE_v20 page 8_pages_51-75.md
027-033-001,,027,033,Transmission | | Lever - Range Selector Or Manual Detent,VMRS_HB_COMPLETE_v20 page 8_pages_51-75.md
027-031-000,,027,031,Rear Bearing Retainer Or Case Extension | 027-033-002 | Spring & Roller - Manual Detent,VMRS_HB_COMPLETE_v20 page 8_pages_51-75.md
027-033-003,,027,033,Assembly | | Support - Detent Spring,VMRS_HB_COMPLETE_v20 page 8_pages_51-75.md
027-031-001,,027,031,"Housing - Case Extension | 027-033-004 | Link - Valve To Lever, Range Selector",VMRS_HB_COMPLETE_v20 page 8_pages_51-75.md
027-031-002,,027,031,"Hardware, Mounting - Case Extension Housing | 027-033-005 | Lever & Shaft - Range Selector Or Manual,",VMRS_HB_COMPLETE_v20 page 8_pages_51-75.md
027-031-003,,027,031,Bushing Or Bearing - Case Extension Housing | | Outer,VMRS_HB_COMPLETE_v20 page 8_pages_51-75.md
027-031-004,,027,031,Seal - Extension To Case | 027-033-006 | Seal - Range Selector Or Manual Shaft,VMRS_HB_COMPLETE_v20 page 8_pages_51-75.md
027-031-005,,027,031,"Seal - Rear, Automatic Transmission | 027-033-007 | Hardware, Mounting - Range Selector Or Manual",VMRS_HB_COMPLETE_v20 page 8_pages_51-75.md
027-031-006,,027,031,Retainer - Rear Bearing | | Detent Lever & Shaft,VMRS_HB_COMPLETE_v20 page 8_pages_51-75.md
027-031-007,,027,031,Gasket - Rear Bearing Retainer | 027-033-008 | Lever - Throttle Valve Control,VMRS_HB_COMPLETE_v20 page 8_pages_51-75.md
027-031-008,,027,031,Bearing Kit - Extension Housing | 027-033-009 | Lever - Roller Detent,VMRS_HB_COMPLETE_v20 page 8_pages_51-75.md
027-031-009,,027,031,"Gasket - Case Extension Housing | 027-033-010 | Switch - Neutral, Starter",VMRS_HB_COMPLETE_v20 page 8_pages_51-75.md
027-031-010,,027,031,"Sensor - Speed Converter, Oil Pump, Automatic | 027-033-011 | Switch - Transmission Disengage",VMRS_HB_COMPLETE_v20 page 8_pages_51-75.md
027-033-012,,027,033,"Transmission | | Lever - Range Selector, Vehicle Operator",VMRS_HB_COMPLETE_v20 page 8_pages_51-75.md
027-031-011,,027,031,O-Ring - Speed Sensor | 027-033-013 | Modulator & Cable Assembly,VMRS_HB_COMPLETE_v20 page 8_pages_51-75.md
027-031-012,,027,031,Clips & Retainers - Case Extension | 027-033-014 | Spring - Shift Lever,VMRS_HB_COMPLETE_v20 page 8_pages_51-75.md
027-031-013,,027,031,"Yoke - Transmission Output | 027-033-015 | Block - Pillow, Shift Shaft",VMRS_HB_COMPLETE_v20 page 8_pages_51-75.md
027-031-017,,027,031,Flange - Output Yoke | 027-033-016 | Pin - Shift Linkage,VMRS_HB_COMPLETE_v20 page 8_pages_51-75.md
027-031-018,,027,031,Yoke - Assembly | 027-033-017 | Bushing - Directional Control Column,VMRS_HB_COMPLETE_v20 page 8_pages_51-75.md
027-031-019,,027,031,"Shim - Case Housing Extension | 027-033-018 | Cable - Throttle Valve, Automatic Transmission",VMRS_HB_COMPLETE_v20 page 8_pages_51-75.md
027-031-020,,027,031,"Ring - Internal Retaining, Rear Bearing | 027-033-019 | O-Ring Kit - Modulator",VMRS_HB_COMPLETE_v20 page 8_pages_51-75.md
027-031-021,,027,031,"Nut - Output | 027-033-021 | Bracket - ECU, Shift Control, Automatic",VMRS_HB_COMPLETE_v20 page 8_pages_51-75.md
027-031-022,,027,031,Adapter - Yoke Coupling | | Transmission,VMRS_HB_COMPLETE_v20 page 8_pages_51-75.md
027-031-023,,027,031,Retaining Plate - Yoke Coupler | 027-033-022 | Cover - Shift Lever,VMRS_HB_COMPLETE_v20 page 8_pages_51-75.md
027-031-024,,027,031,"Service Kit - Yoke Coupler | 027-033-023 | ECU - Shift Control, Automatic Transmission",VMRS_HB_COMPLETE_v20 page 8_pages_51-75.md
027-031-025,,027,031,Retaining Plug - Yoke Coupler | 027-033-024 | Shaft - Selector,VMRS_HB_COMPLETE_v20 page 8_pages_51-75.md
027-031-026,,027,031,Gasket - Channel Plate | 027-033-025 | Shield - Stationary,VMRS_HB_COMPLETE_v20 page 8_pages_51-75.md
027-031-027,,027,031,"Gasket - Separator Plate, Automatic | 027-033-026 | Bezel - Shift Selector",VMRS_HB_COMPLETE_v20 page 8_pages_51-75.md
027-033-027,,027,033,Transmission | | Bracket - Shift Selector,VMRS_HB_COMPLETE_v20 page 8_pages_51-75.md
027-031-028,,027,031,Gasket - Solenoid Cover | 027-033-028 | Circuit Board - Shift Selector,VMRS_HB_COMPLETE_v20 page 8_pages_51-75.md
027-031-029,,027,031,"Bracket - Rear Support, Extension Housing | 027-033-029 | Clip - Retaining",VMRS_HB_COMPLETE_v20 page 8_pages_51-75.md
027-031-030,,027,031,Wiring Harness - Transmission Oil Pump | 027-033-030 | Clip - Shift Knob,VMRS_HB_COMPLETE_v20 page 8_pages_51-75.md
027-031-031,,027,031,O-Rings - Case | 027-033-031 | Keypad - Lever Type Shift Selector,VMRS_HB_COMPLETE_v20 page 8_pages_51-75.md
027-031-032,,027,031,"Plate - Channel | 027-033-032 | Cover - Shift Housing, Automatic Transmission",VMRS_HB_COMPLETE_v20 page 8_pages_51-75.md
027-031-033,,027,031,Plate - Solenoid Separator | 027-033-033 | Diffuser - Pushbutton Shift Selector,VMRS_HB_COMPLETE_v20 page 8_pages_51-75.md
027-031-034,,027,031,Plug - Carrier | 027-033-034 | Dome - Pushbutton Shift Selector,VMRS_HB_COMPLETE_v20 page 8_pages_51-75.md
027-031-036,,027,031,Plug - Tachograph | 027-033-035 | Gasket - Shift Selector,VMRS_HB_COMPLETE_v20 page 8_pages_51-75.md
027-031-037,,027,031,Gear - Speed Sensor | 027-033-036 | Graphic - Shift Selector,VMRS_HB_COMPLETE_v20 page 8_pages_51-75.md
027-031-038,,027,031,Retainer - Stator | 027-033-037 | Housing - Shift Lever,VMRS_HB_COMPLETE_v20 page 8_pages_51-75.md
027-031-039,,027,031,Retainer - Speed Sensor | 027-033-038 | Keypad - Pushbutton Shift Selector,VMRS_HB_COMPLETE_v20 page 8_pages_51-75.md
027-031-040,,027,031,Screen - Inlet Filter | 027-033-039 | Knob - Shift Lever,VMRS_HB_COMPLETE_v20 page 8_pages_51-75.md
027-031-041,,027,031,Solenoid | 027-033-040 | Connector - Electrical Shift Lever,VMRS_HB_COMPLETE_v20 page 8_pages_51-75.md
027-031-042,,027,031,"Spacer - Rear Bearing, Automatic Transmission | 027-033-041 | Magnet - Shift Lever",VMRS_HB_COMPLETE_v20 page 8_pages_51-75.md
027-031-043,,027,031,Spring - Automatic Transmission | 027-033-042 | Module - Shift Selector,VMRS_HB_COMPLETE_v20 page 8_pages_51-75.md
027-033-043,,027,033,"O-Ring - Electrical Connector, Automatic | 027-033-108 | Box - Accessory, Automatic Transmission",VMRS_HB_COMPLETE_v20 page 8_pages_51-75.md
027-033-109,,027,033,"Transmission | | Resistor - Dropping, Automatic Transmission",VMRS_HB_COMPLETE_v20 page 8_pages_51-75.md
027-033-044,,027,033,Pin - Terminal Electrical Connector | 027-033-110 | Switch - Inhibitor Automatic Transmission,VMRS_HB_COMPLETE_v20 page 8_pages_51-75.md
027-000-044,,027,000,Dunger Duchbutten Chiff Celester | 027-000-110 | Meter Variable Force,VMRS_HB_COMPLETE_v20 page 8_pages_51-75.md
027-033-045,,027,033,Plunger - Pushbullon Shill Selector | 027-033-111 | Motor - variable Force,VMRS_HB_COMPLETE_v20 page 8_pages_51-75.md
027-033-046,,027,033,"Repair Kit - Keypad, Pushbutton Shift Selector | 027-033-112 | Rod - Shift Control",VMRS_HB_COMPLETE_v20 page 8_pages_51-75.md
027-033-047,,027,033,Lamp - Shift Selector | 027-033-113 | Sensor - Overlay,VMRS_HB_COMPLETE_v20 page 8_pages_51-75.md
027-033-048,,027,033,"Rings, Clips, Retainers - Shift Selector | 027-033-114 | Overdrive Unit",VMRS_HB_COMPLETE_v20 page 8_pages_51-75.md
027-033-049,,027,033,Seal - Lock Assist | 027-033-115 | Sensor - Input,VMRS_HB_COMPLETE_v20 page 8_pages_51-75.md
027-033-050,,027,033,Seal - Shint Housing | 027-034-000 | Governor Assembly - Automatic Transmission,VMRS_HB_COMPLETE_v20 page 8_pages_51-75.md
027-033-051,,027,033,Shift Selector - Lever Type | 027-034-001 | Governor & Speedometer Drive Assembly,VMRS_HB_COMPLETE_v20 page 8_pages_51-75.md
027-033-052,,027,033,Shield - Pushbutton Shift Selector | 027-034-002 | Governor Valve,VMRS_HB_COMPLETE_v20 page 8_pages_51-75.md
027-033-053,,027,033,Shift Selector - Pushbutton Type | 027-034-003 | Spring - Governor Weight,VMRS_HB_COMPLETE_v20 page 8_pages_51-75.md
027-033-054,,027,033,Slide - Detent | 027-034-004 | Cover - Governor Automatic Transmission,VMRS_HB_COMPLETE_v20 page 8_pages_51-75.md
027-033-055,,027,033,Spring Detent Shift Linkage Automatic | 027-034-005 | Gasket - Governor Cover,VMRS_HB_COMPLETE_v20 page 8_pages_51-75.md
027-034-006,,027,034,"Transmission | | Hardware, Mounting - Governor Cover",VMRS_HB_COMPLETE_v20 page 8_pages_51-75.md
027-033-056,,027,033,"Stop - Shift Lever | 027-034-007 | Gear - Driven, Governor",VMRS_HB_COMPLETE_v20 page 8_pages_51-75.md
027-033-057,,027,033,Seal / Gasket - Bezel | 027-034-008 | Support - Governor Body,VMRS_HB_COMPLETE_v20 page 8_pages_51-75.md
027-033-058,,027,033,Bushing - ECU Mount | 027-034-009 | Gasket - Governor Body,VMRS_HB_COMPLETE_v20 page 8_pages_51-75.md
027-033-059,,027,033,Cover - ECU | 027-034-010 | Ring - Hub Seal Transmission Governor,VMRS_HB_COMPLETE_v20 page 8_pages_51-75.md
007-000-000,,007,000,Cover ECU Connector | 007 004 011 | Governer Kit,VMRS_HB_COMPLETE_v20 page 8_pages_51-75.md
027-033-000,,027,033,027-034-011,VMRS_HB_COMPLETE_v20 page 8_pages_51-75.md
027-033-061,,027,033,"Gasket / Seal Connector - ECU | 027-034-012 | Gasket Kit - Governor, Automatic Transmission",VMRS_HB_COMPLETE_v20 page 8_pages_51-75.md
027-033-062,,027,033,Isolation Kit - ECU | 027-034-013 | Filter Element - Governor,VMRS_HB_COMPLETE_v20 page 8_pages_51-75.md
027-033-063,,027,033,Mounting - ECU Isolation | 027-035-000 | Output Drive Transfer Gearing,VMRS_HB_COMPLETE_v20 page 8_pages_51-75.md
027-033-064,,027,033,Mounting Kit - ECU | 027-035-001 | Gear - Output Transfer,VMRS_HB_COMPLETE_v20 page 8_pages_51-75.md
027-033-065,,027,033,"Noise Suppressor | 027-035-002 | Bearing - Idler Gear, Output Transfer",VMRS_HB_COMPLETE_v20 page 8_pages_51-75.md
027-033-066,,027,033,"O-Ring - Noise Suppressor, Automatic | 027-035-003 | Bolt Kit - Output Flange",VMRS_HB_COMPLETE_v20 page 8_pages_51-75.md
027-035-004,,027,035,Transmission | | Seal - Output Flange,VMRS_HB_COMPLETE_v20 page 8_pages_51-75.md
027-033-067,,027,033,O-Ring / Seal - Noise Suppressor | 027-036-000 | Oil Pan & Screen Assembly,VMRS_HB_COMPLETE_v20 page 8_pages_51-75.md
027-033-068,,027,033,Relay - ECU | 027-036-001 | Oil Pan - Automatic Transmission,VMRS_HB_COMPLETE_v20 page 8_pages_51-75.md
027-033-069,,027,033,"Module - Vehicle Interface | 027-036-002 | Gasket - Oil Pan, Automatic Transmission",VMRS_HB_COMPLETE_v20 page 8_pages_51-75.md
027-033-070,,027,033,"Sensor - Speed, Automatic Transmission | 027-030-003",VMRS_HB_COMPLETE_v20 page 8_pages_51-75.md
027-033-071,,027,033,"Wiring Harness - Speed Sensor | 027-036-004 | Filter Assembly - Oil Screen, Automatic",VMRS_HB_COMPLETE_v20 page 8_pages_51-75.md
027-033-072,,027,033,Cable - Selector Shaft | | Transmission,VMRS_HB_COMPLETE_v20 page 8_pages_51-75.md
027-033-073,,027,033,"Grommet - Shift Control, Transmission | 027-036-005 | Ring (Or Gasket) - Oil Filter Sealing",VMRS_HB_COMPLETE_v20 page 8_pages_51-75.md
027-033-074,,027,033,Support - Knob Shift Lever | 027-036-006 | Shaft - Input Or Turbine,VMRS_HB_COMPLETE_v20 page 8_pages_51-75.md
027-033-075,,027,033,Lens - Shift Control | 027-036-007 | Ring - Seal Input Shaft,VMRS_HB_COMPLETE_v20 page 8_pages_51-75.md
027-000-070,,027,000,"Best Coar Colect Coble | 027-000-007 | Filter Flement, Transmission Oil",VMRS_HB_COMPLETE_v20 page 8_pages_51-75.md
027-033-077,,027,033,"Switch - Overspeed, Transmission | 027-036-009 | Gasket Set - Oil Pan, Transmission",VMRS_HB_COMPLETE_v20 page 8_pages_51-75.md
027-033-078,,027,033,"Display - PRNDL, Steering Column | 027-036-010 | Replacement Kit - Gaskets & Filter Element, Pan",VMRS_HB_COMPLETE_v20 page 8_pages_51-75.md
027-033-079,,027,033,Housing - Pushbutton Shift Selector | | & Screen Assembly,VMRS_HB_COMPLETE_v20 page 8_pages_51-75.md
027-033-080,,027,033,Boot - Shift Lever | 027-036-011 | Base - Transmission Filter,VMRS_HB_COMPLETE_v20 page 8_pages_51-75.md
027-033-081,,027,033,Cable - PRNDL Selector | 027-036-012 | Magnet - Oil Pan,VMRS_HB_COMPLETE_v20 page 8_pages_51-75.md
007-000-001,,007,000,Caring DDNDL Colector | 027 026 012 | Indiaster Filter Transmission,VMRS_HB_COMPLETE_v20 page 8_pages_51-75.md
027-033-002,,027,033,Spilling - PRINDL Selector | 027-030-013,VMRS_HB_COMPLETE_v20 page 8_pages_51-75.md
027-033-083,,027,033,Shifter - Steering Column Mounted | 027-036-014 | Drain Plug - Oli Pan,VMRS_HB_COMPLETE_v20 page 8_pages_51-75.md
027-033-084,,027,033,"Gate - Shifter, Steering Column | 027-036-015 | Seal - Drain Plug",VMRS_HB_COMPLETE_v20 page 8_pages_51-75.md
027-033-085,,027,033,"Pointer - Display, PRNDL Selector | 027-036-016 | Seal - Oil Fill Tube",VMRS_HB_COMPLETE_v20 page 8_pages_51-75.md
027-033-086,,027,033,"Bracket - Shift Cable, Automatic Transmission | 027-036-017 | Plug - Oil Fill Tube",VMRS_HB_COMPLETE_v20 page 8_pages_51-75.md
027-033-087,,027,033,"Link - Connector, Column Mounted Shifter | 027-036-018 | Drain Plug Assembly (w/Washer) - Oil Pan",VMRS_HB_COMPLETE_v20 page 8_pages_51-75.md
027-033-088,,027,033,Boot - Shint Selector | 027-030-019 | Housing - Filter,VMRS_HB_COMPLETE_v20 page 8_pages_51-75.md
027-033-089,,027,033,"Plate - Deck Closure, Shift Housing | 027-036-020 | Plate Kit - Oil Pump",VMRS_HB_COMPLETE_v20 page 8_pages_51-75.md
027-033-090,,027,033,"End - Linkage, Connecting | 027-036-021 | Bracket - Tag, Transmission Oil Sample",VMRS_HB_COMPLETE_v20 page 8_pages_51-75.md
027-033-091,,027,033,"Bushing - Shift Lever | 027-036-022 | Bracket - Oil Filter, Automatic Transmission",VMRS_HB_COMPLETE_v20 page 8_pages_51-75.md
027-033-092,,027,033,"Plate - Clamp, Column Mounted Shifter | 027-036-023 | Filter - Screw-On Transmission Oil",VMRS_HB_COMPLETE_v20 page 8_pages_51-75.md
027-000-004,,027,000,027-037-000,VMRS_HB_COMPLETE_v20 page 8_pages_51-75.md
027-033-094,,027,033,"Bearing - Control Linkage | 027-037-001 | Transmission Assembly - Complete, Automatic",VMRS_HB_COMPLETE_v20 page 8_pages_51-75.md
027-033-095,,027,033,"Software - Shift Control ECU, Automatic | 027-038-000 | Electronic Controls, Transmission, Automatic",VMRS_HB_COMPLETE_v20 page 8_pages_51-75.md
027-038-001,,027,038,"Transmission | | Electronic Control Unit - Transmission, Automatic",VMRS_HB_COMPLETE_v20 page 8_pages_51-75.md
027-033-096,,027,033,"Connection Kit - Shift Linkage | 027-038-002 | Wiring Harness - ECU, Automatic Transmission",VMRS_HB_COMPLETE_v20 page 8_pages_51-75.md
027-033-097,,027,033,Sensor - Manual Lever Position | 027-038-003 | Clamp - Connector,VMRS_HB_COMPLETE_v20 page 8_pages_51-75.md
027-038-005,,027,038,Iransmission | | Connector - Electronic Control Unit (ECU),VMRS_HB_COMPLETE_v20 page 8_pages_51-75.md
027-033-099,,027,033,"Solenoid - Brake Shift Interlock, Automatic | 027-038-006 | Connector - Sensor",VMRS_HB_COMPLETE_v20 page 8_pages_51-75.md
027-038-007,,027,038,Transmission | | Cover - Diagnostic Data Reader Connector,VMRS_HB_COMPLETE_v20 page 8_pages_51-75.md
027-033-100,,027,033,Cable - Brake Shift Interlock | 027-038-008 | Follower - Connector,VMRS_HB_COMPLETE_v20 page 8_pages_51-75.md
027-033-101,,027,033,Label - Brake Shift Interlock | 027-038-000 | Pin - Terminal Connector,VMRS_HB_COMPLETE_v20 page 8_pages_51-75.md
007-000-100,,007,000,Button Chiff Knoh Brake Chiff Interleak | 007 000 040,VMRS_HB_COMPLETE_v20 page 8_pages_51-75.md
027-033-102,,027,033,"Button - Shint Knob, Brake Shint Interlock | 027-038-010 | Housing - Connector",VMRS_HB_COMPLETE_v20 page 8_pages_51-75.md
027-033-103,,027,033,"Clamp - Shifter Boot, Automatic Transmission | 027-038-011 | Lock - Connector",VMRS_HB_COMPLETE_v20 page 8_pages_51-75.md
027-033-104,,027,033,Cap - Shifter Plate | 027-038-012 | Locking Bar - Connector,VMRS_HB_COMPLETE_v20 page 8_pages_51-75.md
027-033-105,,027,033,Plate - Shifter | 027-038-013 | O-Ring / Seal - Connector,VMRS_HB_COMPLETE_v20 page 8_pages_51-75.md
027-033-106,,027,033,"Cable - Shift | 027-038-014 | Plug - Connector, Electronic Controls, Automatic",VMRS_HB_COMPLETE_v20 page 8_pages_51-75.md
027-033-107,,027,033,Wiring - Shift Selector | | Transmission,VMRS_HB_COMPLETE_v20 page 8_pages_51-75.md
021-000-107,,021,000,ranomoolon,VMRS_HB_COMPLETE_v20 page 8_pages_51-75.md
027-038-015,,027,038,"Sleeve - Terminal, Connector | 028-002-00",VMRS_HB_COMPLETE_v20 page 8_pages_51-75.md
027-038-016,,027,038,Socket - Diagnostic Data Reader Connector | 028-002-00,VMRS_HB_COMPLETE_v20 page 8_pages_51-75.md
027-038-017,,027,038,"Socket - Terminal, Connector | 028-002-00",VMRS_HB_COMPLETE_v20 page 8_pages_51-75.md
027-038-018,,027,038,Strain Relief - Connector | 028-002-00,VMRS_HB_COMPLETE_v20 page 8_pages_51-75.md
027-038-019,,027,038,"Bracket - Wiring Harness, Electronic Controls, | 028-002-00",VMRS_HB_COMPLETE_v20 page 8_pages_51-75.md
,028-002,028,002,Automatic Transmission | -00,VMRS_HB_COMPLETE_v20 page 8_pages_51-75.md
027-038-020,,027,038,Body - Connector | 028-002-00,VMRS_HB_COMPLETE_v20 page 8_pages_51-75.md
027-038-022,,027,038,Receptacle - Connector | 028-002-00,VMRS_HB_COMPLETE_v20 page 8_pages_51-75.md
027-038-023,,027,038,Overhaul Kit - Module | 028-002-00,VMRS_HB_COMPLETE_v20 page 8_pages_51-75.md
027-038-024,,027,038,"Bracket - ECU, Automatic Transmission | 028-002-00",VMRS_HB_COMPLETE_v20 page 8_pages_51-75.md
027-038-025,,027,038,"Gasket - Shift Control, Push Button | 028-002-01",VMRS_HB_COMPLETE_v20 page 8_pages_51-75.md
027-038-026,,027,038,"Overlay - Shift Control, Push Button | 028-002-01",VMRS_HB_COMPLETE_v20 page 8_pages_51-75.md
027-038-027,,027,038,Relay Assembly - Transmission to Vehicle | 028-003-00,VMRS_HB_COMPLETE_v20 page 8_pages_51-75.md
027-038-028,,027,038,"Voltage Doubler - Transmission, Automatic | 028-003-00",VMRS_HB_COMPLETE_v20 page 8_pages_51-75.md
027-038-029,,027,038,"Switch - OD Cancel, Automatic Transmission | 028-003-00",VMRS_HB_COMPLETE_v20 page 8_pages_51-75.md
027-038-030,,027,038,Resistor - Automatic Transmission | 028-003-00,VMRS_HB_COMPLETE_v20 page 8_pages_51-75.md
027-039-000,,027,039,Cooler - Manifold | 000 000 00,VMRS_HB_COMPLETE_v20 page 8_pages_51-75.md
027-039-001,,027,039,"Cooler, Manifold - Assembly | 028-003-00",VMRS_HB_COMPLETE_v20 page 8_pages_51-75.md
027-039-002,,027,039,O-Rings - Cooler Manifold | 000 000 00,VMRS_HB_COMPLETE_v20 page 8_pages_51-75.md
027-039-003,,027,039,Claskel - Manifold Plate | 028-003-00,VMRS_HB_COMPLETE_v20 page 8_pages_51-75.md
027-039-004,,027,039,Plug Cooler Manifold | 038 003 00,VMRS_HB_COMPLETE_v20 page 8_pages_51-75.md
027-039-007,,027,039,Tube Cooler Manifold | 028-003-00,VMRS_HB_COMPLETE_v20 page 8_pages_51-75.md
027-039-009,,027,039,Plug Assembly - Cooler Manilolu | 028-003-00,VMRS_HB_COMPLETE_v20 page 8_pages_51-75.md
027-039-012,,027,039,Cover - Cooler Port | 020-003-01,VMRS_HB_COMPLETE_v20 page 8_pages_51-75.md
027-039-013,,027,039,Fittings - Cooler | 028-003-01,VMRS_HB_COMPLETE_v20 page 8_pages_51-75.md
027-039-014,,027,039,Gasket - Cooler | 028-003-01,VMRS_HB_COMPLETE_v20 page 8_pages_51-75.md
027-039-016,,027,039,Gasket - Cooler Housing | 028-003-01,VMRS_HB_COMPLETE_v20 page 8_pages_51-75.md
027-039-017,,027,039,Gasket - Cooler Housing | 028-003-01,VMRS_HB_COMPLETE_v20 page 8_pages_51-75.md
027-039-018,,027,039,Gasket - Tube Connector | 028-003-01,VMRS_HB_COMPLETE_v20 page 8_pages_51-75.md
027-039-019,,027,039,Housing - Cooler | 028-003-01,VMRS_HB_COMPLETE_v20 page 8_pages_51-75.md
027-039-020,,027,039,Hose - Oil Cooler | 028-003-01,VMRS_HB_COMPLETE_v20 page 8_pages_51-75.md
027-040-000,,027,040,Continuously Variable Transmission (CVT) | 028-003-01,VMRS_HB_COMPLETE_v20 page 8_pages_51-75.md
027-040-001,,027,040,Clutch - Drive | 020 000 01,VMRS_HB_COMPLETE_v20 page 8_pages_51-75.md
027-040-002,,027,040,Clutch - Driven | 028-003-01,VMRS_HB_COMPLETE_v20 page 8_pages_51-75.md
027-040-003,,027,040,Belt - Drive | 028-003-02,VMRS_HB_COMPLETE_v20 page 8_pages_51-75.md
027-040-004,,027,040,Chain - Drive,VMRS_HB_COMPLETE_v20 page 8_pages_51-75.md
027-040-005,,027,040,"Face Assembly - Moveable, Clutch | 028-003-02",VMRS_HB_COMPLETE_v20 page 8_pages_51-75.md
027-040-006,,027,040,"Face Assembly - Fixed, Clutch",VMRS_HB_COMPLETE_v20 page 8_pages_51-75.md
027-040-007,,027,040,Cam - Driven Clutch | 028-004-00,VMRS_HB_COMPLETE_v20 page 8_pages_51-75.md
027-040-008,,027,040,Drive Hub Assembly - Drive Clutch | 028-004-00,VMRS_HB_COMPLETE_v20 page 8_pages_51-75.md
027-040-009,,027,040,Weight Kit - Drive Clutch | 028-004-00,VMRS_HB_COMPLETE_v20 page 8_pages_51-75.md
027-040-010,,027,040,Spring - Clutch | 028-004-00,VMRS_HB_COMPLETE_v20 page 8_pages_51-75.md
027-041-000,,027,041,Dual Clutch Assembly | 028-004-00,VMRS_HB_COMPLETE_v20 page 8_pages_51-75.md
027-041-001,,027,041,Clutch Assembly - Dual | 028-004-00,VMRS_HB_COMPLETE_v20 page 8_pages_51-75.md
027-042-000,,027,042,Transmission - Electric Vehicle,VMRS_HB_COMPLETE_v20 page 8_pages_51-75.md
027-042-001,,027,042,Transmission Assembly - Electric Vehicle | 028-004-00,VMRS_HB_COMPLETE_v20 page 8_pages_51-75.md
027-042-002,,027,042,"Shift Selector - Button, Transmission, Electric",VMRS_HB_COMPLETE_v20 page 8_pages_51-75.md
,028-004,028,004,Vehicle | -00,VMRS_HB_COMPLETE_v20 page 8_pages_51-75.md
028-000-000,,028,000,Auxiliary Transmission | 028-004-00,VMRS_HB_COMPLETE_v20 page 8_pages_51-75.md
028-001-000,,028,001,Case - Auxiliary Transmission | 028-004-00,VMRS_HB_COMPLETE_v20 page 8_pages_51-75.md
028-001-001,,028,001,Case Assembly - Auxiliary Transmission | 028-004-01,VMRS_HB_COMPLETE_v20 page 8_pages_51-75.md
028-001-003,,028,001,"Gasket - Power Take-Off Cover, Auxiliary",VMRS_HB_COMPLETE_v20 page 8_pages_51-75.md
000-001-001,,000,001,Iransmission | 028-004-01,VMRS_HB_COMPLETE_v20 page 8_pages_51-75.md
028-001-004,,028,001,Drain Plug - Auxiliary Transmission | 028-004-01,VMRS_HB_COMPLETE_v20 page 8_pages_51-75.md
028-001-005,,028,001,Stud - Cover Or Adapter | 028-004-01,VMRS_HB_COMPLETE_v20 page 8_pages_51-75.md
028-001-006,,028,001,"Hardware, Mounting - Auxiliary Transmission | 028-004-01",VMRS_HB_COMPLETE_v20 page 8_pages_51-75.md
000-001-007,,000,001,Case CoverMagnet Auvilian/Transmission | 028-004-01,VMRS_HB_COMPLETE_v20 page 8_pages_51-75.md
020-001-000,,020,001,Plate - Real HousingGasket - Dear Housing Plate | 020-004-01,VMRS_HB_COMPLETE_v20 page 8_pages_51-75.md
020-001-009,,020,001,Hardware Mounting Dear Housing Dista | 020-004-01,VMRS_HB_COMPLETE_v20 page 8_pages_51-75.md
020-001-010,,020,001,"Taruware, Mounting - Rear Housing Plate | 020-004-01",VMRS_HB_COMPLETE_v20 page 8_pages_51-75.md
028-001-011,,028,001,Bar - Auxiliary Shift Voko | 028-004-02,VMRS_HB_COMPLETE_v20 page 8_pages_51-75.md
028-001-012,,028,001,Plug - Yoke Bar Hole | 028-004-02,VMRS_HB_COMPLETE_v20 page 8_pages_51-75.md
028-001-013,,028,001,Lockscrew - Auxiliary Shift Voke | 028-004-02,VMRS_HB_COMPLETE_v20 page 8_pages_51-75.md
028-001-014,,028,001,Eve - Shift Bod End | 028-004-02,VMRS_HB_COMPLETE_v20 page 8_pages_51-75.md
028-001-016,,028,001,Spacer - Auxiliary Shift Yoke | 020 004 02,VMRS_HB_COMPLETE_v20 page 8_pages_51-75.md
028-001-017,,028,001,"Insulator - Mounting, Auxiliary Transmission | 028-004-02",VMRS_HB_COMPLETE_v20 page 8_pages_51-75.md
,003-000,003,000,28- | Main Drive,VMRS_HB_COMPLETE_v20 page 8_pages_51-75.md
,000-000,000,000,20- | Main Drive Accombly,VMRS_HB_COMPLETE_v20 page 8_pages_51-75.md
,003-001,003,001,20- | Coor Main Drive Auxiliant Transmission,VMRS_HB_COMPLETE_v20 page 8_pages_51-75.md
,003-002,003,002,"28- | Gear - Main Drive, Auxiliary Transmission",VMRS_HB_COMPLETE_v20 page 8_pages_51-75.md
,003-003,003,003,"28- | Bearings - Main Drive Gear, Auxiliary",VMRS_HB_COMPLETE_v20 page 8_pages_51-75.md
,003-004,003,004,"28- | Cup - Bearing, Main Drive Gear, Auxiliary",VMRS_HB_COMPLETE_v20 page 8_pages_51-75.md
,003-005,003,005,"28- | Cone - Bearing, Main Drive Gear, Auxiliary",VMRS_HB_COMPLETE_v20 page 8_pages_51-75.md
,003-006,003,006,28- | Seal - Main Drive Gear,VMRS_HB_COMPLETE_v20 page 8_pages_51-75.md
,003-007,003,007,28 | Spacer Main Drive Gear Auxilian/ Transmission,VMRS_HB_COMPLETE_v20 page 8_pages_51-75.md
,003-008,003,008,28- | Cap - Main Drive Gear,VMRS_HB_COMPLETE_v20 page 8_pages_51-75.md
,003-009,003,009,28- | Gasket - Main Drive Gear Cap,VMRS_HB_COMPLETE_v20 page 8_pages_51-75.md
,003-010,003,010,"28- | Snap Ring - Main Drive Gear, Auxiliary",VMRS_HB_COMPLETE_v20 page 8_pages_51-75.md
,003-011,003,011,"28- | Nut - Main Drive Gear, Auxiliary Transmission",VMRS_HB_COMPLETE_v20 page 8_pages_51-75.md
,003-012,003,012,"28- | Shaft - Input, Auxiliary Transmission",VMRS_HB_COMPLETE_v20 page 8_pages_51-75.md
,003-013,003,013,28- | Coupling - Input Shaft,VMRS_HB_COMPLETE_v20 page 8_pages_51-75.md
,003-014,003,014,28- | Hardware Mounting - Main Drive Gear Can,VMRS_HB_COMPLETE_v20 page 8_pages_51-75.md
,003-015,003,015,28 | Stud Transmission Mounting,VMRS_HB_COMPLETE_v20 page 8_pages_51-75.md
,003-017,003,017,28- | Nut - Transmission Mounting Stud,VMRS_HB_COMPLETE_v20 page 8_pages_51-75.md
,003-018,003,018,28- | Bearing Assembly (Cup and Cone) - Main Drive,VMRS_HB_COMPLETE_v20 page 8_pages_51-75.md
,003-019,003,019,"28- | Seal - Input Shaft, Auxiliary Transmission",VMRS_HB_COMPLETE_v20 page 8_pages_51-75.md
,003-020,003,020,"28- | Retainer - Input Shaft Bearing, Auxiliary",VMRS_HB_COMPLETE_v20 page 8_pages_51-75.md
,003-021,003,021,"28- | Gasket - Input Shaft Bearing, Auxiliary",VMRS_HB_COMPLETE_v20 page 8_pages_51-75.md
,004-000,004,000,28- | Main Shaft Components - Auviliary Transmission,VMRS_HB_COMPLETE_v20 page 8_pages_51-75.md
,004-002,004,002,28- | Main Shait - Auxiliary Transmission,VMRS_HB_COMPLETE_v20 page 8_pages_51-75.md
,004-003,004,003,"28- | Bearing - Main Snaft, Auxiliary Transmission",VMRS_HB_COMPLETE_v20 page 8_pages_51-75.md
,004-004,004,004,"28- | Bearing Cap - Main Shaft, Rear",VMRS_HB_COMPLETE_v20 page 8_pages_51-75.md
,004-005,004,005,"28- | Washer - Rear Bearing, Main Shaft, Auxiliary",VMRS_HB_COMPLETE_v20 page 8_pages_51-75.md
,004-006,004,006,"28- | Gasket - Rear Bearing, Main Shaft, Auxiliary",VMRS_HB_COMPLETE_v20 page 8_pages_51-75.md
,004-007,004,007,28- | Seal - Rear Bearing Main Shaft,VMRS_HB_COMPLETE_v20 page 8_pages_51-75.md
,004-008,004,008,28- | Nut - Main Shaft,VMRS_HB_COMPLETE_v20 page 8_pages_51-75.md
,004-009,004,009,20- | Coor Overdrive Main Sheft Auxiliany,VMRS_HB_COMPLETE_v20 page 8_pages_51-75.md
,004-010,004,010,"28- | Gear - Overdrive, Main Shait, Auxiliary",VMRS_HB_COMPLETE_v20 page 8_pages_51-75.md
,004-011,004,011,"28- | Gear - First Speed, Main Shaft",VMRS_HB_COMPLETE_v20 page 8_pages_51-75.md
,004-012,004,012,"28- | Gear - Second Speed, Main Shaft",VMRS_HB_COMPLETE_v20 page 8_pages_51-75.md
,004-013,004,013,"28- | Gear - Direct & Overdrive, Clutch",VMRS_HB_COMPLETE_v20 page 8_pages_51-75.md
,004-014,004,014,"28- | Gear - Clutch, First & Second",VMRS_HB_COMPLETE_v20 page 8_pages_51-75.md
,004-015,004,015,28- | Bushing - Main Shaft Gear,VMRS_HB_COMPLETE_v20 page 8_pages_51-75.md
,004-016,004,016,28- | Clutch Collar - First & Second Speed,VMRS_HB_COMPLETE_v20 page 8_pages_51-75.md
,004-017,004,017,28- | Clutch Collar - Direct & Overdrive,VMRS_HB_COMPLETE_v20 page 8_pages_51-75.md
,004-019,004,019,28- | Pin - Main Shart Gear Sleeve,VMRS_HB_COMPLETE_v20 page 8_pages_51-75.md
,004-020,004,020,"28- | Snap Ring - Main Shaft, Auxiliary Transmission",VMRS_HB_COMPLETE_v20 page 8_pages_51-75.md
,004-021,004,021,"28- | Gear - Low, Main Shaft, Auxiliary Transmission",VMRS_HB_COMPLETE_v20 page 8_pages_51-75.md
,004-022,004,022,"28- | Gear - Clutch, Main Shaft",VMRS_HB_COMPLETE_v20 page 8_pages_51-75.md
,004-024,004,024,"28- | Yoke - Main Shaft End, Auxiliary Transmission",VMRS_HB_COMPLETE_v20 page 8_pages_51-75.md
,004-025,004,025,28- | Retainer - Output Shaft Bearing Auxiliary,VMRS_HB_COMPLETE_v20 page 8_pages_51-75.md
,004-026,004,026,28 | Gaskot Output Shaft Boaring Auvilian,VMRS_HB_COMPLETE_v20 page 8_pages_51-75.md
029-004-000,,029,004,Transmission | | Synchronizer Auxiliary Section,VMRS_HB_COMPLETE_v20 page 8_pages_51-75.md
028-004-027,,028,004,"Retainer - Bearing, Auxiliary Transmission | 029-004-001 | Synchronizer - Low Range",VMRS_HB_COMPLETE_v20 page 8_pages_51-75.md
028-004-028,,028,004,"Gasket - Front Bearing Retainer, Auxiliary | 029-004-002 | Synchronizer - High Range",VMRS_HB_COMPLETE_v20 page 8_pages_51-75.md
020-001-020,,020,001,Transmission | 020-004-003 | Spring - Synchronizer,VMRS_HB_COMPLETE_v20 page 8_pages_51-75.md
028-005-000,,028,005,Countershaft Assembly Complete | 029-004-004 | Geal - Cluich Range,VMRS_HB_COMPLETE_v20 page 8_pages_51-75.md
028-005-001,,028,005,Countersnatt Assembly - Complete | 029-004-005 | Synchronizer Pin - High Range,VMRS_HB_COMPLETE_v20 page 8_pages_51-75.md
028-005-002,,028,005,Countershaft - Auxiliary Transmission | 029-004-006 | Synchronizer Pin - Low Range,VMRS_HB_COMPLETE_v20 page 8_pages_51-75.md
028-005-003,,028,005,Bearing Assembly (Cup and Cone) - | 029-004-007 | Installation Kit - Synchronizer,VMRS_HB_COMPLETE_v20 page 8_pages_51-75.md
029-004-008,,029,004,"Countershaft, Auxiliary Transmission | | Mainshaft - Auxiliary, Synchronizer",VMRS_HB_COMPLETE_v20 page 8_pages_51-75.md
028-005-004,,028,005,"Bearing Cap - Countershaft | 029-004-009 | Washer - Synchronizer, Auxiliary Section",VMRS_HB_COMPLETE_v20 page 8_pages_51-75.md
028-005-005,,028,005,"Gasket - Bearing Cap. Countershaft | 029-004-010 | Kit - Repair, Yoke Bar",VMRS_HB_COMPLETE_v20 page 8_pages_51-75.md
028-005-006,,028,005,Cup - Bearing Countershaft Auxiliary | 029-004-011 | Pin - Synchronizer,VMRS_HB_COMPLETE_v20 page 8_pages_51-75.md
028-005-007,,028,005,Cone - Bearing Countershaft Auxiliary | 020-004-012 | Kit - Benair Shift Voke,VMRS_HB_COMPLETE_v20 page 8_pages_51-75.md
000-005-000,,000,005,"Coor Direct Countershaft | 029-004-014 | Gear - Reduction, Synchronizer",VMRS_HB_COMPLETE_v20 page 8_pages_51-75.md
028-005-008,,028,005,"Gear - Direct, Countershalt | 029-004-015 | Spacer -Synchronizer",VMRS_HB_COMPLETE_v20 page 8_pages_51-75.md
028-005-009,,028,005,"Gear - Overdrive, Countershaft | 029-004-016 | Bearing - Synchronizer, Auxiliary Transmission",VMRS_HB_COMPLETE_v20 page 8_pages_51-75.md
028-005-010,,028,005,"Gear - Second Speed, Countershaft | 029-004-017 | Nut - Synchronizer",VMRS_HB_COMPLETE_v20 page 8_pages_51-75.md
028-005-011,,028,005,"Snap Ring - Countershaft, Auxiliary Transmission | 029-004-018 | Yoke - Full Round, Synchronizer",VMRS_HB_COMPLETE_v20 page 8_pages_51-75.md
028-005-012,,028,005,"Hardware, Mounting - Countershaft Bearing Cap | 029-004-019 | Yoke - Half Round, Synchronizer",VMRS_HB_COMPLETE_v20 page 8_pages_51-75.md
028-006-000,,028,006,"Transmission - Auxiliary | 029-004-020 | Clutch - Sliding, Synchronizer",VMRS_HB_COMPLETE_v20 page 8_pages_51-75.md
028-006-001,,028,006,Auxiliary Transmission Assembly - Complete | 029-005-000 | Main Shaft Auxiliary Section,VMRS_HB_COMPLETE_v20 page 8_pages_51-75.md
028-006-002,,028,006,Linkage - Auxiliary Transmission | 029-005-001 | Main Shaft Auxiliary,VMRS_HB_COMPLETE_v20 page 8_pages_51-75.md
028-006-003,,028,006,Bracket - Auxiliary Transmission | 020-005-002 | Quill - Auxiliary Main Shaft Quill,VMRS_HB_COMPLETE_v20 page 8_pages_51-75.md
028-006-005,,028,006,Cross Member - Auxiliary Transmission | 029-005-004 | Main Shatt - Range Shift,VMRS_HB_COMPLETE_v20 page 8_pages_51-75.md
028-006-006,,028,006,"Mount - PTO Shifter, Auxiliary Transmission | 029-005-005 | Snap Ring - Range Shift Main Shaft",VMRS_HB_COMPLETE_v20 page 8_pages_51-75.md
028-006-007,,028,006,"Shift Lever - PTO, Auxiliary Transmission | 029-005-006 | Bushing - Auxiliary Main Shaft Quill",VMRS_HB_COMPLETE_v20 page 8_pages_51-75.md
028-006-008,,028,006,"Ball Joint - Auxiliary Transmission | 029-005-007 | Bearing - Auxiliary, Main Shaft Quill, Auxiliary",VMRS_HB_COMPLETE_v20 page 8_pages_51-75.md
028-006-009,,028,006,"Cable - Shift Control, Auxiliary Transmission | | Transmission",VMRS_HB_COMPLETE_v20 page 8_pages_51-75.md
028-006-010,,028,006,"Shift Lever - Pedestal, Auxiliary Transmission | 029-005-008 | Snap Ring - Auxiliary Main Shaft Quill Bearing",VMRS_HB_COMPLETE_v20 page 8_pages_51-75.md
028-006-011,,028,006,"Trunnion - Support, Auxiliary Transmission | 029-005-009 | Clutch Gear - Splitter",VMRS_HB_COMPLETE_v20 page 8_pages_51-75.md
028-007-000,,028,007,Output Housing | 029-005-010 | Coupler,VMRS_HB_COMPLETE_v20 page 8_pages_51-75.md
028-007-001,,028,007,Output Housing Assembly | 029-005-011 | Gear - Auxiliary Reduction,VMRS_HB_COMPLETE_v20 page 8_pages_51-75.md
028-007-002,,028,007,Speed Sensor - Output Housing | 020-005-012 | Washer - Auxiliary Reduction Front Main Shaft,VMRS_HB_COMPLETE_v20 page 8_pages_51-75.md
020-007-000,,020,007,Auxiliary Section Main Transmission Manual | 000 005 010 | Span Ding Auxiliant Deduction,VMRS_HB_COMPLETE_v20 page 8_pages_51-75.md
029-000-000,,029,000,"Auxiliary Section - Main Transmission, Manual | 029-005-013 | Shap Ring - Auxiliary Reduction",VMRS_HB_COMPLETE_v20 page 8_pages_51-75.md
029-001-000,,029,001,"Auxiliary Section - Main Transmission Assembly, | 029-005-014 | Spacer - Auxiliary Reduction",VMRS_HB_COMPLETE_v20 page 8_pages_51-75.md
029-005-015,,029,005,"Manual | | Washer - Auxiliary Reduction, Rear, Main Shaft",VMRS_HB_COMPLETE_v20 page 8_pages_51-75.md
029-001-001,,029,001,Housing - Auxiliary Section | | Auxiliary Section,VMRS_HB_COMPLETE_v20 page 8_pages_51-75.md
029-001-002,,029,001,Gasket - Auxiliary To Main | 029-005-016 | Key & Pin Assembly,VMRS_HB_COMPLETE_v20 page 8_pages_51-75.md
029-001-003,,029,001,"Stud - Mounting, Auxiliary Section, Manual | 029-005-017 | Gear - Splitter, Main Shaft",VMRS_HB_COMPLETE_v20 page 8_pages_51-75.md
029-005-018,,029,005,"Transmission | | Spacer - Splitter Or Hole Gear, Main Shaft",VMRS_HB_COMPLETE_v20 page 8_pages_51-75.md
029-001-004,,029,001,Pin - Dowel | 029-005-019 | Snap Ring - Main Shaft Splitter Or Hole Gear,VMRS_HB_COMPLETE_v20 page 8_pages_51-75.md
029-001-005,,029,001,"Magnet - Auxiliary Section, Manual Transmission | 029-005-020 | Gear - Main Shaft Hole",VMRS_HB_COMPLETE_v20 page 8_pages_51-75.md
029-001-006,,029,001,Hardware Mounting - Auxiliary Section Housing | 029-005-021 | Washer - Main Shaft Splitter Or Hole Gear Main,VMRS_HB_COMPLETE_v20 page 8_pages_51-75.md
029-001-007,,029,001,Transmission Manual | 020 005 022 | Nut Main Shaft Door,VMRS_HB_COMPLETE_v20 page 8_pages_51-75.md
029-002-000,,029,002,Cover - Rear Bearing | 029-005-023 | Washer - Main Shall Rear Nul,VMRS_HB_COMPLETE_v20 page 8_pages_51-75.md
029-002-001,,029,002,"Cover - Rear Bearing, Main Shatt | 029-005-024 | Bearing - Auxiliary Main Shaft, Rear, Auxiliary",VMRS_HB_COMPLETE_v20 page 8_pages_51-75.md
029-002-002,,029,002,"Gasket - Rear Bearing, Main Shaft, Main | | Transmission",VMRS_HB_COMPLETE_v20 page 8_pages_51-75.md
029-005-025,,029,005,"Transmission | | Gear - Intermediate / Low, Main Shaft",VMRS_HB_COMPLETE_v20 page 8_pages_51-75.md
029-002-003,,029,002,"Bushing - Replacement, Speedometer Drive, | 029-005-026 | Snap Ring - Main Shaft Intermediate Gear",VMRS_HB_COMPLETE_v20 page 8_pages_51-75.md
029-005-027,,029,005,Driven | | Washer - Main Shaft Intermediate Gear / Low,VMRS_HB_COMPLETE_v20 page 8_pages_51-75.md
029-002-004,,029,002,"Hardware, Mounting - Countershaft Rear | | Gear. Main Shaft Auxiliary Section",VMRS_HB_COMPLETE_v20 page 8_pages_51-75.md
029-005-028,,029,005,Bearing Cover | | Retainer - Main Shaft Intermediate Gear,VMRS_HB_COMPLETE_v20 page 8_pages_51-75.md
020-002-006,,020,002,"Cover - Bear Bearing, Countershaft | 020-005-020 | Clutch Gear - Intermediate Main Shaft",VMRS_HB_COMPLETE_v20 page 8_pages_51-75.md
020-002-007,,020,002,"Gaskat - Boar Boaring, Countershaft | 020-005-020 | Voko - Main Shaft End Auxiliary Section",VMRS_HB_COMPLETE_v20 page 8_pages_51-75.md
029-002-007,,029,002,"Cashel - Hear Dearling, Countershall | 029-005-030 | Sleave Deer Veke",VMRS_HB_COMPLETE_v20 page 8_pages_51-75.md
029-002-009,,029,002,"Sear - Rear Dearning Cover, Main Shan | 029-005-031 | Sieeve - Real Toke",VMRS_HB_COMPLETE_v20 page 8_pages_51-75.md
029-002-010,,029,002,"Plug - Speedometer Gear | 029-005-032 | Nut - Wasner Retainer, Low Gear, Range Main",VMRS_HB_COMPLETE_v20 page 8_pages_51-75.md
029-003-000,,029,003,Countershaft - Auxiliary Section | | Shaft,VMRS_HB_COMPLETE_v20 page 8_pages_51-75.md
029-003-001,,029,003,Countershaft Assembly - Auxiliary Section | 029-006-000 | Drive Gear - Auxiliary Section,VMRS_HB_COMPLETE_v20 page 8_pages_51-75.md
029-003-002,,029,003,"Bearing - Auxiliary Countershaft, Front, Auxiliary | 029-006-001 | Driver Gear - Auxiliary Forward",VMRS_HB_COMPLETE_v20 page 8_pages_51-75.md
029-006-002,,029,006,"Transmission | | Bearing - Auxiliary Drive Gear, Auxiliary",VMRS_HB_COMPLETE_v20 page 8_pages_51-75.md
029-003-003,,029,003,"Bearing - Auxiliary Countershaft, Rear, Auxiliary | | Transmission",VMRS_HB_COMPLETE_v20 page 8_pages_51-75.md
029-006-003,,029,006,Transmission | | Nut - Auxiliary Drive Gear,VMRS_HB_COMPLETE_v20 page 8_pages_51-75.md
029-003-004,,029,003,"Hardware, Mounting - Rear Auxiliary | 029-006-004 | Retainer - Bearing, Auxiliary Drive Gear",VMRS_HB_COMPLETE_v20 page 8_pages_51-75.md
029-006-005,,029,006,Countershaft Bearing | | Bolts - Bearing Betainer Auxiliary Drive Gear,VMRS_HB_COMPLETE_v20 page 8_pages_51-75.md
020-003-005,,020,003,Hardware Mounting - Front Auviliany | 020-006-006 | Shan Ring - Front Auviliany Drive Gear,VMRS_HB_COMPLETE_v20 page 8_pages_51-75.md
029-006-009,,029,006,"Snap Ring - Auxiliary Drive Gear, Rear | 0",VMRS_HB_COMPLETE_v20 page 8_pages_51-75.md
029-006-010,,029,006,Coupler - Auxiliary Drive Gear | 0,VMRS_HB_COMPLETE_v20 page 8_pages_51-75.md
029-006-011,,029,006,"Drive Gear - Auxiliary, Rear | 0",VMRS_HB_COMPLETE_v20 page 8_pages_51-75.md
029-006-012,,029,006,Retainer - Auxiliary Driver Gear Rear | 0,VMRS_HB_COMPLETE_v20 page 8_pages_51-75.md
029-006-013,,029,006,"Retainer - Thrust Bearing, Auxiliary Drive Gear | õ",VMRS_HB_COMPLETE_v20 page 8_pages_51-75.md
020-006-014,,020,006,Bolt - Dotainor Auxiliary Drivo Goar | 0,VMRS_HB_COMPLETE_v20 page 8_pages_51-75.md
029-000-014,,029,000,Coupling Auxiliary Drive Cear | 0,VMRS_HB_COMPLETE_v20 page 8_pages_51-75.md
029-000-015,,029,000,Coupling - Auxiliary Drive Gear | 0,VMRS_HB_COMPLETE_v20 page 8_pages_51-75.md
029-006-016,,029,006,"Snap Ring - Main Snatt, Rear | 0",VMRS_HB_COMPLETE_v20 page 8_pages_51-75.md
029-006-017,,029,006,O-Ring - Auxiliary Drive Gear | 0,VMRS_HB_COMPLETE_v20 page 8_pages_51-75.md
029-006-018,,029,006,"Spacer - Bearing, Auxiliary Drive Gear | 0",VMRS_HB_COMPLETE_v20 page 8_pages_51-75.md
029-007-000,,029,007,Intermediate Section Housing | 0,VMRS_HB_COMPLETE_v20 page 8_pages_51-75.md
029-007-001,,029,007,Housing - Intermediate Section | 0,VMRS_HB_COMPLETE_v20 page 8_pages_51-75.md
029-007-002,,029,007,Gasket - Intermediate To Main | 0,VMRS_HB_COMPLETE_v20 page 8_pages_51-75.md
029-007-003,,029,007,Stud - Intermediate Housing | 0,VMRS_HB_COMPLETE_v20 page 8_pages_51-75.md
029-007-004,,029,007,"Pin - Dowel, Intermediate Housing | 0",VMRS_HB_COMPLETE_v20 page 8_pages_51-75.md
029-007-005,,029,007,Fill Plug - Intermediate Housing | 0,VMRS_HB_COMPLETE_v20 page 8_pages_51-75.md
029-007-006,,029,007,Oil Trough Assembly | 0,VMRS_HB_COMPLETE_v20 page 8_pages_51-75.md
029-007-007,,029,007,Reservoir - Oil | 0,VMRS_HB_COMPLETE_v20 page 8_pages_51-75.md
029-007-008,,029,007,Magnet - Intermediate Section Manual | Ő,VMRS_HB_COMPLETE_v20 page 8_pages_51-75.md
020-008-000,,020,008,Air Cylindore | 0,VMRS_HB_COMPLETE_v20 page 8_pages_51-75.md
029-000-001,,029,000,Cylinder Palitter | 0,VMRS_HB_COMPLETE_v20 page 8_pages_51-75.md
029-008-002,,029,008,Cylinder - Spiller | U,VMRS_HB_COMPLETE_v20 page 8_pages_51-75.md
029-008-003,,029,008,Cylinder - Hole Gear | _,VMRS_HB_COMPLETE_v20 page 8_pages_51-75.md
029-008-004,,029,008,Cylinder - Intermediate | 0,VMRS_HB_COMPLETE_v20 page 8_pages_51-75.md
029-008-005,,029,008,Yoke Bar - Range | 0,VMRS_HB_COMPLETE_v20 page 8_pages_51-75.md
029-008-006,,029,008,Yoke Bar - Splitter | 0,VMRS_HB_COMPLETE_v20 page 8_pages_51-75.md
029-008-007,,029,008,Yoke Bar - Hole Gear | 0,VMRS_HB_COMPLETE_v20 page 8_pages_51-75.md
029-008-008,,029,008,Yoke Bar - Intermediate | 0,VMRS_HB_COMPLETE_v20 page 8_pages_51-75.md
029-008-009,,029,008,Yoke - Range | 0,VMRS_HB_COMPLETE_v20 page 8_pages_51-75.md
029-008-010,,029,008,Yoke - Splitter | 0,VMRS_HB_COMPLETE_v20 page 8_pages_51-75.md
029-008-011,,029,008,Yoke - Hole Gear | 0,VMRS_HB_COMPLETE_v20 page 8_pages_51-75.md
029-008-012,,029,008,Yoke - Intermediate | 0,VMRS_HB_COMPLETE_v20 page 8_pages_51-75.md
029-008-013,,029,008,O-Ring - Range | 0,VMRS_HB_COMPLETE_v20 page 8_pages_51-75.md
029-008-014,,029,008,O-Bing - Splitter | 0,VMRS_HB_COMPLETE_v20 page 8_pages_51-75.md
020-008-015,,020,008,O-Bing - Hole Gear | ň,VMRS_HB_COMPLETE_v20 page 8_pages_51-75.md
020-008-016,,020,008,O Ping Intermediate | 0,VMRS_HB_COMPLETE_v20 page 8_pages_51-75.md
029-000-010,,029,000,O-hilly - Internetiate | 0,VMRS_HB_COMPLETE_v20 page 8_pages_51-75.md
029-008-017,,029,008,"Cover - Cylinder, Range | 0",VMRS_HB_COMPLETE_v20 page 8_pages_51-75.md
029-008-018,,029,008,Gasket - Cylinder Cover | 0,VMRS_HB_COMPLETE_v20 page 8_pages_51-75.md
029-008-021,,029,008,Piston - Range | 0,VMRS_HB_COMPLETE_v20 page 8_pages_51-75.md
029-008-022,,029,008,Piston - Splitter | 0,VMRS_HB_COMPLETE_v20 page 8_pages_51-75.md
029-008-023,,029,008,Piston - Hole Gear | 0,VMRS_HB_COMPLETE_v20 page 8_pages_51-75.md
029-008-024,,029,008,Piston - Intermediate | 0,VMRS_HB_COMPLETE_v20 page 8_pages_51-75.md
029-008-025,,029,008,"Cover - Cylinder, Intermediate | 0",VMRS_HB_COMPLETE_v20 page 8_pages_51-75.md
029-008-026,,029,008,"Cover - Cylinder, Splitter | 0",VMRS_HB_COMPLETE_v20 page 8_pages_51-75.md
029-008-027,,029,008,"Cover - Cylinder, Hole Gear | 0",VMRS_HB_COMPLETE_v20 page 8_pages_51-75.md
029-008-028,,029,008,Repair Kit - Range Cylinder | 0,VMRS_HB_COMPLETE_v20 page 8_pages_51-75.md
029-008-029,,029,008,Bolt - Bange Cylinder Yoke | 0,VMRS_HB_COMPLETE_v20 page 8_pages_51-75.md
029-008-030,,029,008,Bolt - Splitter Cylinder Yoke | Ő,VMRS_HB_COMPLETE_v20 page 8_pages_51-75.md
020-008-031,,020,008,Nut - Bange Cylinder Yoke Bar | ň,VMRS_HB_COMPLETE_v20 page 8_pages_51-75.md
029-000-032,,029,000,Nut Deduction Cylinder Veke Per | 0,VMRS_HB_COMPLETE_v20 page 8_pages_51-75.md
029-000-033,,029,000,Nut Veke Der | 0,VMRS_HB_COMPLETE_v20 page 8_pages_51-75.md
029-008-034,,029,008,Nut - Yoke Bar | 0,VMRS_HB_COMPLETE_v20 page 8_pages_51-75.md
029-008-035,,029,008,"Relay Valve - Air Cylinder, Main Transmission, | 0",VMRS_HB_COMPLETE_v20 page 8_pages_51-75.md
029-008-036,,029,008,"Valve - Slave, Auxiliary Transmission | 0",VMRS_HB_COMPLETE_v20 page 8_pages_51-75.md
029-008-037,,029,008,Gear Set - Auxiliary Section | 0,VMRS_HB_COMPLETE_v20 page 8_pages_51-75.md
029-008-038,,029,008,Sensor - Output Speed | 0,VMRS_HB_COMPLETE_v20 page 8_pages_51-75.md
030-000-000,,030,000,Electrical Group | 0,VMRS_HB_COMPLETE_v20 page 8_pages_51-75.md
031-000-000,,031,000,Charging System | 0,VMRS_HB_COMPLETE_v20 page 8_pages_51-75.md
031-001-000,,031,001,Generator/Alternator | 0,VMRS_HB_COMPLETE_v20 page 8_pages_51-75.md
031-001-001,,031,001,Alternator Assembly | 0,VMRS_HB_COMPLETE_v20 page 8_pages_51-75.md
031-001-002,,031,001,Armature | 0,VMRS_HB_COMPLETE_v20 page 8_pages_51-75.md
031-001-004,,031,001,Funcy & Fall - Alleffid(U) | 0,VMRS_HB_COMPLETE_v20 page 8_pages_51-75.md
031-001-005,,031,001,Frame - Drive End | 0,VMRS_HB_COMPLETE_v20 page 8_pages_51-75.md
031-001-006,,031,001,"Bearing - Drive End, Alternator | 0",VMRS_HB_COMPLETE_v20 page 8_pages_51-75.md
031-001-007,,031,001,Plate - Bearing Retainer | 0,VMRS_HB_COMPLETE_v20 page 8_pages_51-75.md
031-001-008,,031,001,Brushes - Alternator | 0,VMRS_HB_COMPLETE_v20 page 8_pages_51-75.md
031-001-009,,031,001,"Coil - Field, Generator/Alternator | 0",VMRS_HB_COMPLETE_v20 page 8_pages_51-75.md
031-001-010,,031,001,Spring - Brush | 0,VMRS_HB_COMPLETE_v20 page 8_pages_51-75.md
031-001-011,,031,001,Commutator - Alternator,VMRS_HB_COMPLETE_v20 page 8_pages_51-75.md
031-001-012,,031,001,Holder - Brush,VMRS_HB_COMPLETE_v20 page 8_pages_51-75.md
031-001-013,,031,001,"Hardware, Mounting - Alternator Assembly",VMRS_HB_COMPLETE_v20 page 8_pages_51-75.md
031-001-014,,031,001,"Hardware, Mounting - Alternator Pulley & Fan",VMRS_HB_COMPLETE_v20 page 8_pages_51-75.md
031-001-015,,031,001,Bearing - Brush End,VMRS_HB_COMPLETE_v20 page 8_pages_51-75.md
031-001-017,,031,001,Diado Nogativo Alternator,VMRS_HB_COMPLETE_v20 page 8_pages_51-75.md
031-001-018,,031,001,"Diode - Negative, Alternator",VMRS_HB_COMPLETE_v20 page 8_pages_51-75.md
031-001-019,,031,001,Heat Sink,VMRS_HB_COMPLETE_v20 page 8_pages_51-75.md
031-001-021,,031,001,Capacitor - Alternator,VMRS_HB_COMPLETE_v20 page 8_pages_51-75.md
031-001-022,,031,001,Bracket - Capacitor,VMRS_HB_COMPLETE_v20 page 8_pages_51-75.md
031-001-023,,031,001,Slip Ring,VMRS_HB_COMPLETE_v20 page 8_pages_51-75.md
031-001-024,,031,001,Mounting Bracket - Alternator,VMRS_HB_COMPLETE_v20 page 8_pages_51-75.md
031-001-025,,031,001,Brace - Generator,VMRS_HB_COMPLETE_v20 page 8_pages_51-75.md
031-001-026,,031,001,Belt - Generator/Alternator,VMRS_HB_COMPLETE_v20 page 8_pages_51-75.md
031-001-027,,031,001,"Pulley - Idler, Generator/Alternator",VMRS_HB_COMPLETE_v20 page 8_pages_51-75.md
031-001-028,,031,001,Adjusting Bracket - Alternator,VMRS_HB_COMPLETE_v20 page 8_pages_51-75.md
031-001-029,,031,001,"Cable, Electrical - Alternator To Ground",VMRS_HB_COMPLETE_v20 page 8_pages_51-75.md
031-001-030,,031,001,"Cable, Electrical - Alternator To Junction Block",VMRS_HB_COMPLETE_v20 page 8_pages_51-75.md
031-001-031,,031,001,"Gasket - Frame, Rear",VMRS_HB_COMPLETE_v20 page 8_pages_51-75.md
,001-032,001,032,J31- | Pulley - Generator Or Alternator,VMRS_HB_COMPLETE_v20 page 8_pages_51-75.md
031-001-033,,031,001,Pullov,VMRS_HB_COMPLETE_v20 page 8_pages_51-75.md
031-001-035,,031,001,Bushing - Slideable Housing,VMRS_HB_COMPLETE_v20 page 8_pages_51-75.md
031-001-036,,031,001,Gasket - Mounting Alternator,VMRS_HB_COMPLETE_v20 page 8_pages_51-75.md
031-001-037,,031,001,Coupling - Alternator Drive,VMRS_HB_COMPLETE_v20 page 8_pages_51-75.md
031-001-038,,031,001,Spacer - Alternator Pulley,VMRS_HB_COMPLETE_v20 page 8_pages_51-75.md
031-001-039,,031,001,Spacer - Alternator Fan,VMRS_HB_COMPLETE_v20 page 8_pages_51-75.md
031-001-040,,031,001,"Cover - Dust, Drive End",VMRS_HB_COMPLETE_v20 page 8_pages_51-75.md
031-001-041,,031,001,Bolt - Alternator Frame,VMRS_HB_COMPLETE_v20 page 8_pages_51-75.md
031-001-042,,031,001,Bolt - Alternator Housing,VMRS_HB_COMPLETE_v20 page 8_pages_51-75.md
031-001-043,,031,001,Guard - Alternator,VMRS_HB_COMPLETE_v20 page 8_pages_51-75.md
031-001-044,,031,001,Seal - Alternator Frame,VMRS_HB_COMPLETE_v20 page 8_pages_51-75.md
031-001-045,,031,001,Yoke - Alternator,VMRS_HB_COMPLETE_v20 page 8_pages_51-75.md
031-001-046,,031,001,Shaft - Alternator,VMRS_HB_COMPLETE_v20 page 8_pages_51-75.md
031-001-047,,031,001,O-Ring - Alternator,VMRS_HB_COMPLETE_v20 page 8_pages_51-75.md
031-001-048,,031,001,Seal - Alternator,VMRS_HB_COMPLETE_v20 page 8_pages_51-75.md
031-001-049,,031,001,Stud Alternator,VMRS_HB_COMPLETE_v20 page 8_pages_51-75.md
031-001-050,,031,001,Terminal - Alternator,VMRS_HB_COMPLETE_v20 page 8_pages_51-75.md
031-001-053,,031,001,Insulator Bubber - Alternator Terminal,VMRS_HB_COMPLETE_v20 page 8_pages_51-75.md
031-001-054,,031,001,Replacement Kit - Alternator Insulator,VMRS_HB_COMPLETE_v20 page 8_pages_51-75.md
031-001-055,,031,001,Plate - Collector,VMRS_HB_COMPLETE_v20 page 8_pages_51-75.md
031-001-056,,031,001,Rectifier - Alternator,VMRS_HB_COMPLETE_v20 page 8_pages_51-75.md
031-001-057,,031,001,Insulator - Rectifier Mounting Bolt,VMRS_HB_COMPLETE_v20 page 8_pages_51-75.md
031-001-058,,031,001,Bushing - Alternator Mounting Bracket,VMRS_HB_COMPLETE_v20 page 8_pages_51-75.md
031-001-059,,031,001,Retainer - Alternator Bearing,VMRS_HB_COMPLETE_v20 page 8_pages_51-75.md
031-001-060,,031,001,Wiring Harness - Alternator,VMRS_HB_COMPLETE_v20 page 8_pages_51-75.md
031-001-063,,031,001,Replacement Kit - Alternator Stud,VMRS_HB_COMPLETE_v20 page 8_pages_51-75.md
031-001-064,,031,001,Gear - Alternator Drive,VMRS_HB_COMPLETE_v20 page 8_pages_51-75.md
031-001-065,,031,001,Housing - Alternator,VMRS_HB_COMPLETE_v20 page 8_pages_51-75.md
031-001-066,,031,001,Mounting Kit - Alternator,VMRS_HB_COMPLETE_v20 page 8_pages_51-75.md
031-001-068,,031,001,"Bolt - Rod, Adjustment, Alternator",VMRS_HB_COMPLETE_v20 page 8_pages_51-75.md
031-001-070,,031,001,"Diodo - Alternator, General",VMRS_HB_COMPLETE_v20 page 8_pages_51-75.md
031-001-071,,031,001,Link - Adjustment Alternator,VMRS_HB_COMPLETE_v20 page 8_pages_51-75.md
031-001-072,,031,001,Spacer - Mounting Alternator,VMRS_HB_COMPLETE_v20 page 8_pages_51-75.md
031-001-074,,031,001,Bracket - Cable/Harness Alternator,VMRS_HB_COMPLETE_v20 page 8_pages_51-75.md
031-001-075,,031,001,Clamp - Alternator,VMRS_HB_COMPLETE_v20 page 8_pages_51-75.md
031-001-076,,031,001,"Cap - Protective, Alternator",VMRS_HB_COMPLETE_v20 page 8_pages_51-75.md
031-001-077,,031,001,"Cover - Relay, Alternator",VMRS_HB_COMPLETE_v20 page 8_pages_51-75.md
031-001-078,,031,001,"Mounting - Tensioner, Alternator",VMRS_HB_COMPLETE_v20 page 8_pages_51-75.md
031-001-079,,031,001,Boot - Wiring,VMRS_HB_COMPLETE_v20 page 8_pages_51-75.md
031-001-080,,031,001,"Bracket - Idler Pulley, Alternator",VMRS_HB_COMPLETE_v20 page 8_pages_51-75.md
031-001-081,,031,001,"Pre-Cleaner - Intake, Alternator",VMRS_HB_COMPLETE_v20 page 8_pages_51-75.md
031-001-082,,031,001,"Adapter - Pre-Cleaner, Alternator",VMRS_HB_COMPLETE_v20 page 8_pages_51-75.md
031-001-083,,031,001,Relay - Generator Control,VMRS_HB_COMPLETE_v20 page 8_pages_51-75.md
031-001-084,,031,001,Iensioner - Alternator,VMRS_HB_COMPLETE_v20 page 8_pages_51-75.md
031-001-085,,031,001,Resistor - Alternator | 032-001-033 | Relay - Battery Isolator,VMRS_HB_COMPLETE_v20 page 8_pages_51-75.md
031-001-086,,031,001,"Rebuild Kit - Alternator | 032-001-034 | Connector, Relay - Battery Isolator",VMRS_HB_COMPLETE_v20 page 8_pages_51-75.md
031-001-087,,031,001,"Cap - Pulley, Alternator | 032-001-035 | Switch, Relay - Battery Isolator",VMRS_HB_COMPLETE_v20 page 8_pages_51-75.md
031-001-088,,031,001,"Ring - Tolerance, Bearing, Alternator | 032-001-036 | Module - Low Voltage Disconnect",VMRS_HB_COMPLETE_v20 page 8_pages_51-75.md
031-001-089,,031,001,"Duct - Air, Alternator | 032-001-037 | Buzzer - Low Voltage Disconnect",VMRS_HB_COMPLETE_v20 page 8_pages_51-75.md
031-001-090,,031,001,Damper - Vibration Alternator | 032-001-038 | Hardware Mounting - Low Voltage Disconnect,VMRS_HB_COMPLETE_v20 page 8_pages_51-75.md
031-001-091,,031,001,Clamp - Air Duct. Alternator | | Module,VMRS_HB_COMPLETE_v20 page 8_pages_51-75.md
031-001-092,,031,001,Sleeve - Mounting Bolt Alternator | 032-001-039 | Stud. Grounding - Front Wiring Harness,VMRS_HB_COMPLETE_v20 page 8_pages_51-75.md
031-001-093,,031,001,Decoupler - Charging System | 032-001-040 | Hardware Mounting - Harness Bracket,VMRS_HB_COMPLETE_v20 page 8_pages_51-75.md
031-001-094,,031,001,Gasket - Bracket Alternator | 032-001-041 | Bracket - Battery Cable,VMRS_HB_COMPLETE_v20 page 8_pages_51-75.md
031-002-000,,031,002,Begulator | 032-001-041 | lumper - Battery Cable Positive,VMRS_HB_COMPLETE_v20 page 8_pages_51-75.md
031-002-001,,031,002,"Hardware Mounting Voltage Degulator | 032-001-040 | Cable, Rettory Desitive Eucod",VMRS_HB_COMPLETE_v20 page 8_pages_51-75.md
031-002-002,,031,002,"Flardware, Mounting - Voltage Regulator | 032-001-044 | Cable - Dattery, Fostilve, Fused",VMRS_HB_COMPLETE_v20 page 8_pages_51-75.md
031-002-003,,031,002,Puse - Voltage Regulator | 032-001-045 | Datainar Battany Cable,VMRS_HB_COMPLETE_v20 page 8_pages_51-75.md
031-002-004,,031,002,"Regulator - Voltage, Hansistonzeu | 032-001-040 | Relainer - Dallery Caple",VMRS_HB_COMPLETE_v20 page 8_pages_51-75.md
031-002-005,,031,002,Diode - Regulator | 032-001-047 | Diacket - Solenoid,VMRS_HB_COMPLETE_v20 page 8_pages_51-75.md
031-002-007,,031,002,"Resistor - Transistor | 032-001-049 | Stud - Jumpstart, Battery",VMRS_HB_COMPLETE_v20 page 8_pages_51-75.md
031-002-008,,031,002,"Relay - Regulator Field | 032-001-050 | Bracket - Jumpstart, Battery",VMRS_HB_COMPLETE_v20 page 8_pages_51-75.md
031-002-009,,031,002,"Regulator - Full Transistor Voltage | 032-001-051 | Cable - Jumpstart, Battery",VMRS_HB_COMPLETE_v20 page 8_pages_51-75.md
031-002-010,,031,002,"Converter - Voltage | 032-001-052 | Wiring Harness - Power, Battery",VMRS_HB_COMPLETE_v20 page 8_pages_51-75.md
031-002-011,,031,002,"Clip - Connector, Alternator To Regulator | 032-001-053 | Clamp - Battery Cable",VMRS_HB_COMPLETE_v20 page 8_pages_51-75.md
031-002-012,,031,002,Bracket - Voltage Converter | 032-001-054 | Terminal - Jump Start,VMRS_HB_COMPLETE_v20 page 8_pages_51-75.md
031-002-013,,031,002,"Strap - Voltage Regulator | 032-001-055 | Cable - Bulk, Battery",VMRS_HB_COMPLETE_v20 page 8_pages_51-75.md
031-002-014,,031,002,Wiring - Voltage Converter | 032-001-056 | Adapter - Battery Terminal,VMRS_HB_COMPLETE_v20 page 8_pages_51-75.md
031-002-015,,031,002,"Equalizer - Battery Charge | 032-001-057 | Cable - Electrical, Master Disconnect Switch to",VMRS_HB_COMPLETE_v20 page 8_pages_51-75.md
031-002-016,,031,002,Gasket - Voltage Regulator | | Starter,VMRS_HB_COMPLETE_v20 page 8_pages_51-75.md
031-002-017,,031,002,"Cable - Ground, Equalizer, Battery Charge | 032-001-058 | Cable - Electrical, Battery to Master Disconnect",VMRS_HB_COMPLETE_v20 page 8_pages_51-75.md
031-003-000,,031,003,Solar Panel - Battery Charging | | Switch,VMRS_HB_COMPLETE_v20 page 8_pages_51-75.md
031-003-001,,031,003,"Solar Panel Assembly - Battery Charging | 032-001-059 | Cable - Electrical, Starter Relay to Starter",VMRS_HB_COMPLETE_v20 page 8_pages_51-75.md
031-003-002,,031,003,"Harness - Extension, Solar Panel | | Solenoid",VMRS_HB_COMPLETE_v20 page 8_pages_51-75.md
031-005-000,,031,005,"Battery Charger - Electrically Propelled Vehicles, | 032-001-060 | Slave Receptacle - Battery",VMRS_HB_COMPLETE_v20 page 8_pages_51-75.md
032-001-061,,032,001,On Board | | Capacitor - Electrochemical,VMRS_HB_COMPLETE_v20 page 8_pages_51-75.md
031-005-001,,031,005,"Battery Charger Assembly - Electrically Propelled | 032-001-062 | Controller - Switch, Capacitor",VMRS_HB_COMPLETE_v20 page 8_pages_51-75.md
032-001-063,,032,001,"Vehicles | | Converter - DC/DC, Capacitor",VMRS_HB_COMPLETE_v20 page 8_pages_51-75.md
031-005-002,,031,005,"Power Connection Contact & Housing - Electric | 032-001-064 | Sensor - Temperature, Battery",VMRS_HB_COMPLETE_v20 page 8_pages_51-75.md
032-001-065,,032,001,"Forklift | | Cable - Clean Power, Battery to Engine",VMRS_HB_COMPLETE_v20 page 8_pages_51-75.md
031-005-003,,031,005,Power Cord (440V) - Battery Charger | | Connection Point,VMRS_HB_COMPLETE_v20 page 8_pages_51-75.md
031-005-004,,031,005,"Cable - Charging, Power Connection | 032-001-066 | Cable - Clean Power, Battery to Transmission",VMRS_HB_COMPLETE_v20 page 8_pages_51-75.md
031-006-000,,031,006,"Charging Control Unit - Electric Vehicle | 032-001-067 | Bushing - Jumpstart, Battery",VMRS_HB_COMPLETE_v20 page 8_pages_51-75.md
031-006-001,,031,006,Charging Control Unit Assembly - Electric | 032-001-068 | Wiring Harness - Battery Isolator Belay,VMRS_HB_COMPLETE_v20 page 8_pages_51-75.md
032-001-069,,032,001,Vehicle | | Wiring Harness - Low Voltage Disconnect,VMRS_HB_COMPLETE_v20 page 8_pages_51-75.md
031-007-000,,031,007,Charging Interface - Electric Vehicle | 002 001 000 | Module,VMRS_HB_COMPLETE_v20 page 8_pages_51-75.md
031-007-001,,031,007,Charge Port - Electric Vehicle | 032-001-070 | Cable Assembly - Battery Box In Cab,VMRS_HB_COMPLETE_v20 page 8_pages_51-75.md
031-007-002,,031,007,"Wiring Harness - Charge Port Electric Vehicle | 032-001-071 | Heat Shield - Cables, Under Cab Deck",VMRS_HB_COMPLETE_v20 page 8_pages_51-75.md
032-000-000,,032,000,"Cranking System | 032-001-072 | Isolator - Battery Cable, Positive",VMRS_HB_COMPLETE_v20 page 8_pages_51-75.md
032-001-000,,032,001,Battery & Cables | 032-001-073 | Valve - Bayonet Can Battery,VMRS_HB_COMPLETE_v20 page 8_pages_51-75.md
032-001-007,,032,001,Cable Electrical Battery To Starter | 032-001-075 | Sonsor - Amporado Battory,VMRS_HB_COMPLETE_v20 page 8_pages_51-75.md
032-001-002,,032,001,"Cable, Electrical - Dattery To Starter | 032 001 076 | Modulo IIItra Canacitor Engine Starting (ESM)",VMRS_HB_COMPLETE_v20 page 8_pages_51-75.md
032-001-003,,032,001,"Cable, Electrical - Dattery Fordiound | 032-001-070 | Nodule - Olira Capacitol, Engine Starting (ESW)",VMRS_HB_COMPLETE_v20 page 8_pages_51-75.md
032-001-004,,032,001,"Switch Sories Darallel | 032-001-077 | Post - Charging, Dattery",VMRS_HB_COMPLETE_v20 page 8_pages_51-75.md
032-001-009,,032,001,Cable End Electrical Pattery | 032-001-070 | Dallery - ACIVI,VMRS_HB_COMPLETE_v20 page 8_pages_51-75.md
032-001-014,,032,001,"Cable End, Electrical - Dattery | 032-001-079 | Planter",VMRS_HB_COMPLETE_v20 page 8_pages_51-75.md
032-001-015,,032,001,Boll - Dallery Cable End | 032-002-000 | Starter,VMRS_HB_COMPLETE_v20 page 8_pages_51-75.md
032-001-017,,032,001,Nul - Ballery Cable Ends | 032-002-001 | Motor Assembly - Starter,VMRS_HB_COMPLETE_v20 page 8_pages_51-75.md
032-001-018,,032,001,"Cable, Electrical - Switch, Series Parallel To | 032-002-003 | Hardware, Mounting - Starter Motor Assembly",VMRS_HB_COMPLETE_v20 page 8_pages_51-75.md
032-002-004,,032,002,"Starter | | Holder, Brush - Starter",VMRS_HB_COMPLETE_v20 page 8_pages_51-75.md
032-001-019,,032,001,"Stud - Junction Block, Battery | 032-002-005 | Brushes - Starter",VMRS_HB_COMPLETE_v20 page 8_pages_51-75.md
032-001-020,,032,001,"Cable, Electrical - Battery To Junction Block | 032-002-006 | Coll - Field, Starter",VMRS_HB_COMPLETE_v20 page 8_pages_51-75.md
032-001-021,,032,001,Strap - Ground | 032-002-007 | Drive Assembly - Starter,VMRS_HB_COMPLETE_v20 page 8_pages_51-75.md
032-001-022,,032,001,"Connector - Butt Splice, Battery Cable | 032-002-008 | Commutator - Starter",VMRS_HB_COMPLETE_v20 page 8_pages_51-75.md
032-001-024,,032,001,"Tubing - Insulation, Battery Cable | 032-002-009 | Lever - Starter Motor Shift",VMRS_HB_COMPLETE_v20 page 8_pages_51-75.md
032-001-025,,032,001,Battery Warmer | 032-002-010 | Housing - Starter Pinion,VMRS_HB_COMPLETE_v20 page 8_pages_51-75.md
032-001-026,,032,001,Wiring - Engine Switch | 032-002-011 | Spring - Starter Motor Lever Return,VMRS_HB_COMPLETE_v20 page 8_pages_51-75.md
032-001-027,,032,001,Shim - Battery Post | 032-002-012 | Solenoid - Starter,VMRS_HB_COMPLETE_v20 page 8_pages_51-75.md
032-001-028,,032,001,"Link - Fusible | 032-002-013 | Hardware, Mounting - Starter Solenoid",VMRS_HB_COMPLETE_v20 page 8_pages_51-75.md
032-001-029,,032,001,Cap - Cable Clamp | 032-002-014 | Switch - Starter Solenoid,VMRS_HB_COMPLETE_v20 page 8_pages_51-75.md
032-001-030,,032,001,Cover - Battery Terminal | 032-002-015 | Relay - Starter,VMRS_HB_COMPLETE_v20 page 8_pages_51-75.md
032-001-031,,032,001,Hose - Vent Battery | 032-002-016 | Gear - Starter Drive,VMRS_HB_COMPLETE_v20 page 8_pages_51-75.md
032-001-032,,032,001,"Bracket, Relay - Battery Isolator | 032-002-017 | Gasket - Spacer To Flywheel",VMRS_HB_COMPLETE_v20 page 8_pages_51-75.md
