code_9d,code_6d,system,subcode,description,source_file
053-001-004,,053,001,Hook - Tire Chains,VMRS_HB_COMPLETE_v20 page 9_pages_26-50.md
053-001-067,,053,001,Pivot - Automatic Traction Device,VMRS_HB_COMPLETE_v20 page 9_pages_26-50.md
053-001-005,,053,001,Cover - Tire Chain Carrier,VMRS_HB_COMPLETE_v20 page 9_pages_26-50.md
053-001-068,,053,001,Sleeve - Automatic Traction Device,VMRS_HB_COMPLETE_v20 page 9_pages_26-50.md
053-001-006,,053,001,Isolator - Tire Carrier,VMRS_HB_COMPLETE_v20 page 9_pages_26-50.md
053-001-069,,053,001,"Switch - Compressor, Automatic Traction Device",VMRS_HB_COMPLETE_v20 page 9_pages_26-50.md
053-001-007,,053,001,Hardware Mounting - Tire Chain Carrier,VMRS_HB_COMPLETE_v20 page 9_pages_26-50.md
053-001-070,,053,001,Tank - Automatic Traction Device,VMRS_HB_COMPLETE_v20 page 9_pages_26-50.md
053-001-008,,053,001,Box - Chain,VMRS_HB_COMPLETE_v20 page 9_pages_26-50.md
053-001-071,,053,001,Trav - Chain Automatic Traction Device,VMRS_HB_COMPLETE_v20 page 9_pages_26-50.md
052-001-000,,052,001,Cover Chain Box,VMRS_HB_COMPLETE_v20 page 9_pages_26-50.md
052-001-072,,052,001,Gourge Angle Automatic Traction Device,VMRS_HB_COMPLETE_v20 page 9_pages_26-50.md
053-001-009,,053,001,Linge Obein Dex,VMRS_HB_COMPLETE_v20 page 9_pages_26-50.md
053-001-072,,053,001,Davidian Obain Davi,VMRS_HB_COMPLETE_v20 page 9_pages_26-50.md
053-001-010,,053,001,Hinge - Chain Box,VMRS_HB_COMPLETE_v20 page 9_pages_26-50.md
053-001-073,,053,001,Partition - Chain Box,VMRS_HB_COMPLETE_v20 page 9_pages_26-50.md
053-001-011,,053,001,Hook - Chain Box Cover,VMRS_HB_COMPLETE_v20 page 9_pages_26-50.md
053-002-000,,053,002,Sander,VMRS_HB_COMPLETE_v20 page 9_pages_26-50.md
053-001-012,,053,001,"Traction Device, Automatic - Complete Assembly",VMRS_HB_COMPLETE_v20 page 9_pages_26-50.md
053-002-001,,053,002,Sander Assembly,VMRS_HB_COMPLETE_v20 page 9_pages_26-50.md
053-001-013,,053,001,Switch - Automatic Traction Device,VMRS_HB_COMPLETE_v20 page 9_pages_26-50.md
053-002-002,,053,002,Wiring Harness - Sander,VMRS_HB_COMPLETE_v20 page 9_pages_26-50.md
053-001-014,,053,001,Chain - Automatic Traction Device,VMRS_HB_COMPLETE_v20 page 9_pages_26-50.md
053-002-003,,053,002,"Hardware, Mounting - Sander",VMRS_HB_COMPLETE_v20 page 9_pages_26-50.md
053-001-015,,053,001,"Hardware, Mounting - Bracket, Automatic",VMRS_HB_COMPLETE_v20 page 9_pages_26-50.md
053-002-004,,053,002,Bracket - Sander,VMRS_HB_COMPLETE_v20 page 9_pages_26-50.md
053-002-005,,053,002,Switch - Sander,VMRS_HB_COMPLETE_v20 page 9_pages_26-50.md
053-001-016,,053,001,Chainplate - Automatic Traction Device,VMRS_HB_COMPLETE_v20 page 9_pages_26-50.md
053-003-000,,053,003,Mattress,VMRS_HB_COMPLETE_v20 page 9_pages_26-50.md
053-001-017,,053,001,Wiring Harness - Automatic Traction Device,VMRS_HB_COMPLETE_v20 page 9_pages_26-50.md
053-003-001,,053,003,Mattress,VMRS_HB_COMPLETE_v20 page 9_pages_26-50.md
053-001-018,,053,001,Hose Air Automatic Traction Device,VMRS_HB_COMPLETE_v20 page 9_pages_26-50.md
053-003-002,,053,003,Spring Swinging Bunk,VMRS_HB_COMPLETE_v20 page 9_pages_26-50.md
053-001-019,,053,001,"Filling, Air Hose - Automatic Traction Device",VMRS_HB_COMPLETE_v20 page 9_pages_26-50.md
053-003-003,,053,003,Cover - Mattress,VMRS_HB_COMPLETE_v20 page 9_pages_26-50.md
053-001-020,,053,001,"Solenoid, Air - Automatic Traction Device",VMRS_HB_COMPLETE_v20 page 9_pages_26-50.md
053-003-004,,053,003,Retainer - Mattress,VMRS_HB_COMPLETE_v20 page 9_pages_26-50.md
053-001-021,,053,001,"Chamber, Air - Automatic Traction Device",VMRS_HB_COMPLETE_v20 page 9_pages_26-50.md
053-004-000,,053,004,Safety Equipment,VMRS_HB_COMPLETE_v20 page 9_pages_26-50.md
053-001-022,,053,001,Return Spring - Automatic Traction Device,VMRS_HB_COMPLETE_v20 page 9_pages_26-50.md
053-004-001,,053,004,Fire Extinguisher,VMRS_HB_COMPLETE_v20 page 9_pages_26-50.md
053-001-023,,053,001,Chainwheel - Automatic Traction Device,VMRS_HB_COMPLETE_v20 page 9_pages_26-50.md
053-004-002,,053,004,Spare Fuses,VMRS_HB_COMPLETE_v20 page 9_pages_26-50.md
053-001-024,,053,001,Arm - Automatic Traction Device,VMRS_HB_COMPLETE_v20 page 9_pages_26-50.md
053-004-003,,053,004,"Fusee, (Flare)",VMRS_HB_COMPLETE_v20 page 9_pages_26-50.md
053-001-025,,053,001,Mounting Bracket - Automatic Traction Device,VMRS_HB_COMPLETE_v20 page 9_pages_26-50.md
053-004-005,,053,004,Reflector Devices,VMRS_HB_COMPLETE_v20 page 9_pages_26-50.md
053-001-026,,053,001,Bearing - Automatic Traction Device,VMRS_HB_COMPLETE_v20 page 9_pages_26-50.md
053-004-006,,053,004,Red Flags,VMRS_HB_COMPLETE_v20 page 9_pages_26-50.md
053-001-027,,053,001,Housing Cylinder - Automatic Traction Device,VMRS_HB_COMPLETE_v20 page 9_pages_26-50.md
053-004-007,,053,004,First Aid Kit,VMRS_HB_COMPLETE_v20 page 9_pages_26-50.md
052-001-029,,052,001,Lid Cylinder Automatic Traction Device,VMRS_HB_COMPLETE_v20 page 9_pages_26-50.md
052-004-000,,052,004,Container Euco (Elero),VMRS_HB_COMPLETE_v20 page 9_pages_26-50.md
053-004-009,,053,004,Container - Fuse (Flate),VMRS_HB_COMPLETE_v20 page 9_pages_26-50.md
053-001-029,,053,001,"Push Rod - Cylinder, Automatic Traction Device",VMRS_HB_COMPLETE_v20 page 9_pages_26-50.md
053-004-011,,053,004,Bracket - Fire Extinguisher Mounting,VMRS_HB_COMPLETE_v20 page 9_pages_26-50.md
053-001-030,,053,001,Ball Joint - Automatic Traction Device,VMRS_HB_COMPLETE_v20 page 9_pages_26-50.md
053-004-012,,053,004,Staff - Red Flag,VMRS_HB_COMPLETE_v20 page 9_pages_26-50.md
053-001-031,,053,001,Plate - Automatic Traction Device,VMRS_HB_COMPLETE_v20 page 9_pages_26-50.md
053-004-013,,053,004,Chock - Wheel,VMRS_HB_COMPLETE_v20 page 9_pages_26-50.md
053-001-032,,053,001,Muffler - Automatic Traction Device,VMRS_HB_COMPLETE_v20 page 9_pages_26-50.md
053-004-014,,053,004,Pull Pin - Fire Extinguisher,VMRS_HB_COMPLETE_v20 page 9_pages_26-50.md
053-001-033,,053,001,Lock Ring - Automatic Traction Device,VMRS_HB_COMPLETE_v20 page 9_pages_26-50.md
053-004-015,,053,004,Nozzle - Fire Extinguisher,VMRS_HB_COMPLETE_v20 page 9_pages_26-50.md
053-001-034,,053,001,"Actuator, Rotary - Automatic Traction Device",VMRS_HB_COMPLETE_v20 page 9_pages_26-50.md
053-004-016,,053,004,Bracket - Reflector Mounting,VMRS_HB_COMPLETE_v20 page 9_pages_26-50.md
053-001-035,,053,001,Snap Ring - Automatic Traction Device,VMRS_HB_COMPLETE_v20 page 9_pages_26-50.md
053-004-017,,053,004,Bracket - Wheel Chock Mounting,VMRS_HB_COMPLETE_v20 page 9_pages_26-50.md
053-001-036,,053,001,Guard - Tire Chain,VMRS_HB_COMPLETE_v20 page 9_pages_26-50.md
053-004-018,,053,004,Spill Kit - Safety,VMRS_HB_COMPLETE_v20 page 9_pages_26-50.md
053-001-037,,053,001,Bushing - Automatic Traction Device,VMRS_HB_COMPLETE_v20 page 9_pages_26-50.md
053-004-019,,053,004,Bracket - Load Lock,VMRS_HB_COMPLETE_v20 page 9_pages_26-50.md
053-001-038,,053,001,Clamp - Automatic Traction Device,VMRS_HB_COMPLETE_v20 page 9_pages_26-50.md
053-004-020,,053,004,Bracket - Tire Carrier,VMRS_HB_COMPLETE_v20 page 9_pages_26-50.md
052-001-020,,052,001,Clin Arm Automatic Traction Device,VMRS_HB_COMPLETE_v20 page 9_pages_26-50.md
052-004-021,,052,004,Bracket Elag & Elaro,VMRS_HB_COMPLETE_v20 page 9_pages_26-50.md
053-001-039,,053,001,"Cilp - Ann, Automatic Traction Device",VMRS_HB_COMPLETE_v20 page 9_pages_26-50.md
053-004-021,,053,004,Didckel - Flay & Flate,VMRS_HB_COMPLETE_v20 page 9_pages_26-50.md
053-001-040,,053,001,"Seal - Dust, Automatic Traction Device",VMRS_HB_COMPLETE_v20 page 9_pages_26-50.md
053-004-022,,053,004,Fender Finder - Bumper Attached,VMRS_HB_COMPLETE_v20 page 9_pages_26-50.md
053-001-041,,053,001,Spacer - Automatic Traction Device,VMRS_HB_COMPLETE_v20 page 9_pages_26-50.md
053-004-023,,053,004,warning Device - Deer Alert,VMRS_HB_COMPLETE_v20 page 9_pages_26-50.md
053-001-042,,053,001,"Valve - Flow, Automatic Traction Device",VMRS_HB_COMPLETE_v20 page 9_pages_26-50.md
053-004-024,,053,004,Pot Torches,VMRS_HB_COMPLETE_v20 page 9_pages_26-50.md
053-001-043,,053,001,"Cylinder - Air, Automatic Traction Device",VMRS_HB_COMPLETE_v20 page 9_pages_26-50.md
053-004-025,,053,004,Axe,VMRS_HB_COMPLETE_v20 page 9_pages_26-50.md
053-001-044,,053,001,"Diaphragm - Cylinder, Automatic Traction Device",VMRS_HB_COMPLETE_v20 page 9_pages_26-50.md
053-004-026,,053,004,Bulb - Rough Service,VMRS_HB_COMPLETE_v20 page 9_pages_26-50.md
053-001-045,,053,001,"Bearing - Arm, Automatic Traction Device",VMRS_HB_COMPLETE_v20 page 9_pages_26-50.md
053-004-027,,053,004,First Aid Supplies,VMRS_HB_COMPLETE_v20 page 9_pages_26-50.md
053-001-046,,053,001,"Coupling - Extension, Air Cylinder, Automatic",VMRS_HB_COMPLETE_v20 page 9_pages_26-50.md
053-004-028,,053,004,Tape - Anti-Skid,VMRS_HB_COMPLETE_v20 page 9_pages_26-50.md
053-004-030,,053,004,Hardware. Mounting - Fire Extinguisher Mounting,VMRS_HB_COMPLETE_v20 page 9_pages_26-50.md
053-001-047,,053,001,"Angle - Mounting, Chain Box, Automatic Traction",VMRS_HB_COMPLETE_v20 page 9_pages_26-50.md
053-004-033,,053,004,Hardware Mounting - Steering Wheel,VMRS_HB_COMPLETE_v20 page 9_pages_26-50.md
053-001-048,,053,001,Adjuster - Chain Automatic Traction Device,VMRS_HB_COMPLETE_v20 page 9_pages_26-50.md
053-004-034,,053,004,Handle - Fire Extinguisher,VMRS_HB_COMPLETE_v20 page 9_pages_26-50.md
052-001-040,,052,001,Link Chain Automatic Traction Device,VMRS_HB_COMPLETE_v20 page 9_pages_26-50.md
052-004-025,,052,004,Deflector Amber Side,VMRS_HB_COMPLETE_v20 page 9_pages_26-50.md
053-001-049,,053,001,"Link - Chain, Automatic Traction Device",VMRS_HB_COMPLETE_v20 page 9_pages_26-50.md
053-004-035,,053,004,"Reflector - Allber, Side",VMRS_HB_COMPLETE_v20 page 9_pages_26-50.md
053-001-050,,053,001,"Link - Repair, Automatic Traction Device",VMRS_HB_COMPLETE_v20 page 9_pages_26-50.md
053-001-051,,053,001,"Iool - Tightening, Automatic Traction Device",VMRS_HB_COMPLETE_v20 page 9_pages_26-50.md
053-004-037,,053,004,"Reflector - Red, Rear",VMRS_HB_COMPLETE_v20 page 9_pages_26-50.md
053-001-052,,053,001,"Guard - Compressor, Automatic Traction Device",VMRS_HB_COMPLETE_v20 page 9_pages_26-50.md
053-004-038,,053,004,"Bell, Warning - Complete Assembly",VMRS_HB_COMPLETE_v20 page 9_pages_26-50.md
053-001-053,,053,001,"Filter - Air, Compressor, Automatic Traction",VMRS_HB_COMPLETE_v20 page 9_pages_26-50.md
053-004-039,,053,004,Bracket - Warning Bell,VMRS_HB_COMPLETE_v20 page 9_pages_26-50.md
053-004-040,,053,004,Plate - Warning Bell,VMRS_HB_COMPLETE_v20 page 9_pages_26-50.md
053-001-054,,053,001,"Service Kit - Compressor, Automatic Traction",VMRS_HB_COMPLETE_v20 page 9_pages_26-50.md
053-004-041,,053,004,Striker - Warning Bell,VMRS_HB_COMPLETE_v20 page 9_pages_26-50.md
053-004-042,,053,004,Cable - Warning Bell,VMRS_HB_COMPLETE_v20 page 9_pages_26-50.md
053-001-055,,053,001,"Sleeve - Hose Protector, Automatic Traction",VMRS_HB_COMPLETE_v20 page 9_pages_26-50.md
053-004-043,,053,004,"Hardware, Mounting - Warning Bell",VMRS_HB_COMPLETE_v20 page 9_pages_26-50.md
053-004-044,,053,004,Siren - Emergency Equipment Complete,VMRS_HB_COMPLETE_v20 page 9_pages_26-50.md
053-001-056,,053,001,Air Compressor - Automatic Traction Device,VMRS_HB_COMPLETE_v20 page 9_pages_26-50.md
053-001-057,,053,001,Kit - Air Automatic Traction Device,VMRS_HB_COMPLETE_v20 page 9_pages_26-50.md
053-004-045,,053,004,Bracket - Siren,VMRS_HB_COMPLETE_v20 page 9_pages_26-50.md
052-001-059,,052,001,Pracket Compressor Automatic Traction,VMRS_HB_COMPLETE_v20 page 9_pages_26-50.md
052-004-046,,052,004,Head Siron,VMRS_HB_COMPLETE_v20 page 9_pages_26-50.md
055-001-056,,055,001,"Diacket - Compressor, Automatic Traction",VMRS_HB_COMPLETE_v20 page 9_pages_26-50.md
050-001-050,,050,001,DevicePresket Osume Automotic Tractic Dati,VMRS_HB_COMPLETE_v20 page 9_pages_26-50.md
050-004-047,,050,004,"reual, root Switch - Siren",VMRS_HB_COMPLETE_v20 page 9_pages_26-50.md
053-001-059,,053,001,"Bracket - Gauge, Automatic Traction Device",VMRS_HB_COMPLETE_v20 page 9_pages_26-50.md
053-004-048,,053,004,Relay - Siren,VMRS_HB_COMPLETE_v20 page 9_pages_26-50.md
053-001-060,,053,001,"Bracket - Solenoid, Automatic Traction Device",VMRS_HB_COMPLETE_v20 page 9_pages_26-50.md
053-004-049,,053,004,Actuator - Siren,VMRS_HB_COMPLETE_v20 page 9_pages_26-50.md
053-001-061,,053,001,"Bracket - Tank, Automatic Traction Device",VMRS_HB_COMPLETE_v20 page 9_pages_26-50.md
053-004-050,,053,004,Circuit Breaker - Siren,VMRS_HB_COMPLETE_v20 page 9_pages_26-50.md
053-001-062,,053,001,"Gauge - Compressor, Automatic Traction Device",VMRS_HB_COMPLETE_v20 page 9_pages_26-50.md
053-004-051,,053,004,Spacer - Siren,VMRS_HB_COMPLETE_v20 page 9_pages_26-50.md
053-001-063,,053,001,"Head - Compressor, Automatic Traction Device",VMRS_HB_COMPLETE_v20 page 9_pages_26-50.md
053-004-052,,053,004,Wiring - Siren,VMRS_HB_COMPLETE_v20 page 9_pages_26-50.md
053-001-064,,053,001,"Housing - Compressor, Automatic Traction",VMRS_HB_COMPLETE_v20 page 9_pages_26-50.md
053-004-053,,053,004,Plate - Siren,VMRS_HB_COMPLETE_v20 page 9_pages_26-50.md
053-004-054,,053,004,"Hardware, Mounting - Siren",VMRS_HB_COMPLETE_v20 page 9_pages_26-50.md
053-001-065,,053,001,Label - Auto Device Automatic Traction Device,VMRS_HB_COMPLETE_v20 page 9_pages_26-50.md
053-004-055,,053,004,Connector Electrical - Siren,VMRS_HB_COMPLETE_v20 page 9_pages_26-50.md
053-001-066,,053,001,Mount - Compressor Automatic Traction Device,VMRS_HB_COMPLETE_v20 page 9_pages_26-50.md
053-004-056,,053,004,Buzzer - Siren,VMRS_HB_COMPLETE_v20 page 9_pages_26-50.md
053-004-057,,053,004,Amplifier - Siren,VMRS_HB_COMPLETE_v20 page 9_pages_26-50.md
053-005-032,,053,005,"Placard - Display Assembly, Split",VMRS_HB_COMPLETE_v20 page 9_pages_26-50.md
053-004-058,,053,004,"Brush, Motor - Siren",VMRS_HB_COMPLETE_v20 page 9_pages_26-50.md
053-006-000,,053,006,Tools & Diagnostic Devices,VMRS_HB_COMPLETE_v20 page 9_pages_26-50.md
053-004-059,,053,004,"Clutch, Motor - Siren",VMRS_HB_COMPLETE_v20 page 9_pages_26-50.md
053-006-001,,053,006,Lug Wrench,VMRS_HB_COMPLETE_v20 page 9_pages_26-50.md
053-004-060,,053,004,Motor - Siren,VMRS_HB_COMPLETE_v20 page 9_pages_26-50.md
053-006-008,,053,006,Toolbox,VMRS_HB_COMPLETE_v20 page 9_pages_26-50.md
053-004-061,,053,004,Speaker - Siren,VMRS_HB_COMPLETE_v20 page 9_pages_26-50.md
053-006-009,,053,006,Tool - General,VMRS_HB_COMPLETE_v20 page 9_pages_26-50.md
053-004-062,,053,004,Switch - Siren,VMRS_HB_COMPLETE_v20 page 9_pages_26-50.md
053-006-010,,053,006,Tool - Riveting,VMRS_HB_COMPLETE_v20 page 9_pages_26-50.md
053-004-063,,053,004,Wiring Harness - Passive Restraints,VMRS_HB_COMPLETE_v20 page 9_pages_26-50.md
053-006-011,,053,006,Tools - Engine Service,VMRS_HB_COMPLETE_v20 page 9_pages_26-50.md
053-004-064,,053,004,Mounting Bracket - First Aid Kit,VMRS_HB_COMPLETE_v20 page 9_pages_26-50.md
053-006-012,,053,006,Jack,VMRS_HB_COMPLETE_v20 page 9_pages_26-50.md
053-004-065,,053,004,"Hardware, Mounting - Bracket, First Aid Kit",VMRS_HB_COMPLETE_v20 page 9_pages_26-50.md
053-006-013,,053,006,Handle - Jack,VMRS_HB_COMPLETE_v20 page 9_pages_26-50.md
053-004-066,,053,004,"Bracket - Strap, Fender Finder",VMRS_HB_COMPLETE_v20 page 9_pages_26-50.md
053-006-014,,053,006,Cleaning Supplies,VMRS_HB_COMPLETE_v20 page 9_pages_26-50.md
053-004-067,,053,004,"Spacer - Rod, Fender Finder",VMRS_HB_COMPLETE_v20 page 9_pages_26-50.md
053-006-015,,053,006,Shop Light,VMRS_HB_COMPLETE_v20 page 9_pages_26-50.md
053-004-068,,053,004,"Top - Rod, Fender Finder",VMRS_HB_COMPLETE_v20 page 9_pages_26-50.md
053-006-016,,053,006,Battery - Flashlight,VMRS_HB_COMPLETE_v20 page 9_pages_26-50.md
053-004-069,,053,004,"Cap - Rod Bottom, Fender Finder",VMRS_HB_COMPLETE_v20 page 9_pages_26-50.md
053-006-017,,053,006,Welding Supply,VMRS_HB_COMPLETE_v20 page 9_pages_26-50.md
053-004-070,,053,004,Cutter - Seat Belt,VMRS_HB_COMPLETE_v20 page 9_pages_26-50.md
053-006-018,,053,006,Bracket - Jack,VMRS_HB_COMPLETE_v20 page 9_pages_26-50.md
053-004-071,,053,004,"Blanket - Fire, Emergency Evacuation",VMRS_HB_COMPLETE_v20 page 9_pages_26-50.md
053-006-019,,053,006,Cover - Jack,VMRS_HB_COMPLETE_v20 page 9_pages_26-50.md
053-004-072,,053,004,"Box - Storage, Emergency Evacuation Fire",VMRS_HB_COMPLETE_v20 page 9_pages_26-50.md
053-006-020,,053,006,Pad - Jack Storage,VMRS_HB_COMPLETE_v20 page 9_pages_26-50.md
053-006-021,,053,006,Storage - Jack,VMRS_HB_COMPLETE_v20 page 9_pages_26-50.md
053-004-073,,053,004,Mounting Strap - First Aid Kit,VMRS_HB_COMPLETE_v20 page 9_pages_26-50.md
053-006-022,,053,006,Tester Bench - Alternator,VMRS_HB_COMPLETE_v20 page 9_pages_26-50.md
053-004-074,,053,004,Logbook - Driver,VMRS_HB_COMPLETE_v20 page 9_pages_26-50.md
053-006-023,,053,006,Base - Tool Storage Bracket,VMRS_HB_COMPLETE_v20 page 9_pages_26-50.md
053-004-075,,053,004,Seat - Child Safety,VMRS_HB_COMPLETE_v20 page 9_pages_26-50.md
053-006-024,,053,006,Lamp - Interior Portable,VMRS_HB_COMPLETE_v20 page 9_pages_26-50.md
053-004-076,,053,004,Tape - Bescue,VMRS_HB_COMPLETE_v20 page 9_pages_26-50.md
053-006-025,,053,006,Charger - Lamp Portable,VMRS_HB_COMPLETE_v20 page 9_pages_26-50.md
053-004-077,,053,004,Vest - Traffic Safety,VMRS_HB_COMPLETE_v20 page 9_pages_26-50.md
053-006-026,,053,006,Shovel,VMRS_HB_COMPLETE_v20 page 9_pages_26-50.md
053-004-078,,053,004,Cone - Safety,VMRS_HB_COMPLETE_v20 page 9_pages_26-50.md
053-006-027,,053,006,Handle - Wheel Wrench,VMRS_HB_COMPLETE_v20 page 9_pages_26-50.md
053-006-028,,053,006,Cup Dam Jack,VMRS_HB_COMPLETE_v20 page 9_pages_26-50.md
053-004-080,,053,004,Tag Fire Extinguisher,VMRS_HB_COMPLETE_v20 page 9_pages_26-50.md
052-004-001,,052,004,Glasson Safety,VMRS_HB_COMPLETE_v20 page 9_pages_26-50.md
053-000-029,,053,000,Spacer Dam Jack,VMRS_HB_COMPLETE_v20 page 9_pages_26-50.md
053-000-030,,053,000,"Spacer - harri, Jack",VMRS_HB_COMPLETE_v20 page 9_pages_26-50.md
053-006-031,,053,006,Dall Valve - Jack,VMRS_HB_COMPLETE_v20 page 9_pages_26-50.md
053-004-083,,053,004,"lape - waik, Salety",VMRS_HB_COMPLETE_v20 page 9_pages_26-50.md
053-006-032,,053,006,"PIN - LINK, JACK",VMRS_HB_COMPLETE_v20 page 9_pages_26-50.md
053-004-084,,053,004,Bracket - Tool Holder,VMRS_HB_COMPLETE_v20 page 9_pages_26-50.md
053-006-033,,053,006,"Piston - Pump, Jack",VMRS_HB_COMPLETE_v20 page 9_pages_26-50.md
053-004-085,,053,004,Wiring Harness - Fire Detector,VMRS_HB_COMPLETE_v20 page 9_pages_26-50.md
053-006-034,,053,006,"LINK - Piston, Jack",VMRS_HB_COMPLETE_v20 page 9_pages_26-50.md
053-004-086,,053,004,Carrying Case - Fusee (Flare),VMRS_HB_COMPLETE_v20 page 9_pages_26-50.md
053-006-035,,053,006,"Cylinder - Pump, Jack",VMRS_HB_COMPLETE_v20 page 9_pages_26-50.md
053-004-087,,053,004,"Chock - Pipe, Load Securement",VMRS_HB_COMPLETE_v20 page 9_pages_26-50.md
053-006-036,,053,006,Pump - Jack,VMRS_HB_COMPLETE_v20 page 9_pages_26-50.md
053-004-088,,053,004,Wheel Check,VMRS_HB_COMPLETE_v20 page 9_pages_26-50.md
053-006-037,,053,006,Ram - Jack,VMRS_HB_COMPLETE_v20 page 9_pages_26-50.md
053-004-089,,053,004,Triangle - Safety,VMRS_HB_COMPLETE_v20 page 9_pages_26-50.md
053-006-038,,053,006,"Head - Ram, Jack",VMRS_HB_COMPLETE_v20 page 9_pages_26-50.md
053-004-090,,053,004,Tie-Down - Fire Extinguisher,VMRS_HB_COMPLETE_v20 page 9_pages_26-50.md
053-006-039,,053,006,Reservoir - Jack,VMRS_HB_COMPLETE_v20 page 9_pages_26-50.md
053-004-091,,053,004,Breaker Bar - Emergency Glass,VMRS_HB_COMPLETE_v20 page 9_pages_26-50.md
053-006-040,,053,006,"Head - Reservoir, Jack",VMRS_HB_COMPLETE_v20 page 9_pages_26-50.md
053-004-092,,053,004,Reflector - Silver,VMRS_HB_COMPLETE_v20 page 9_pages_26-50.md
053-006-041,,053,006,"Ring - Up Stop, Jack",VMRS_HB_COMPLETE_v20 page 9_pages_26-50.md
053-004-093,,053,004,Clamp - Safety,VMRS_HB_COMPLETE_v20 page 9_pages_26-50.md
053-006-042,,053,006,"Plug - Fill, Reservoir",VMRS_HB_COMPLETE_v20 page 9_pages_26-50.md
053-004-094,,053,004,Transporter - Evacuation,VMRS_HB_COMPLETE_v20 page 9_pages_26-50.md
053-006-043,,053,006,"Cylinder - Ram, Jack",VMRS_HB_COMPLETE_v20 page 9_pages_26-50.md
053-005-000,,053,005,Markings - Vehicle,VMRS_HB_COMPLETE_v20 page 9_pages_26-50.md
053-006-044,,053,006,"Socket - Handle, Jack",VMRS_HB_COMPLETE_v20 page 9_pages_26-50.md
053-005-001,,053,005,Decalcomanias,VMRS_HB_COMPLETE_v20 page 9_pages_26-50.md
053-006-045,,053,006,Wrecking Bar,VMRS_HB_COMPLETE_v20 page 9_pages_26-50.md
053-005-002,,053,005,"Metal Signs - Letters, Numbers, Symbols",VMRS_HB_COMPLETE_v20 page 9_pages_26-50.md
053-006-046,,053,006,Flashlight,VMRS_HB_COMPLETE_v20 page 9_pages_26-50.md
053-005-003,,053,005,"Plastic Signs - Letters, Numbers, Symbols",VMRS_HB_COMPLETE_v20 page 9_pages_26-50.md
053-006-047,,053,006,"Screw Assembly - Extension, Jack",VMRS_HB_COMPLETE_v20 page 9_pages_26-50.md
053-005-004,,053,005,"Paper Signs - Letters, Numbers, Symbols",VMRS_HB_COMPLETE_v20 page 9_pages_26-50.md
053-006-048,,053,006,Tool - Engine Diagnostic,VMRS_HB_COMPLETE_v20 page 9_pages_26-50.md
053-005-005,,053,005,Frame - Signs,VMRS_HB_COMPLETE_v20 page 9_pages_26-50.md
053-006-049,,053,006,Tool - Multiplexed Diagnostic,VMRS_HB_COMPLETE_v20 page 9_pages_26-50.md
053-005-006,,053,005,Holder - Signs,VMRS_HB_COMPLETE_v20 page 9_pages_26-50.md
053-006-050,,053,006,Thermometer - Pocket,VMRS_HB_COMPLETE_v20 page 9_pages_26-50.md
053-005-007,,053,005,Holder - Permits,VMRS_HB_COMPLETE_v20 page 9_pages_26-50.md
053-006-051,,053,006,Bulb - Flashlight,VMRS_HB_COMPLETE_v20 page 9_pages_26-50.md
053-005-008,,053,005,Plate - Maintenance,VMRS_HB_COMPLETE_v20 page 9_pages_26-50.md
053-006-052,,053,006,"Wrench - Impact, Pneumatic",VMRS_HB_COMPLETE_v20 page 9_pages_26-50.md
053-005-009,,053,005,"Support Bracket - Sign Frame, Outer Corner",VMRS_HB_COMPLETE_v20 page 9_pages_26-50.md
053-006-053,,053,006,"Wrench - Impact, Electric",VMRS_HB_COMPLETE_v20 page 9_pages_26-50.md
053-005-010,,053,005,"Support Bracket - Sign Frame, Inner",VMRS_HB_COMPLETE_v20 page 9_pages_26-50.md
053-006-054,,053,006,"Wrench - Torque, Pneumatic",VMRS_HB_COMPLETE_v20 page 9_pages_26-50.md
053-005-011,,053,005,Lens - Permit Holder,VMRS_HB_COMPLETE_v20 page 9_pages_26-50.md
053-006-055,,053,006,"Wrench - Torque, Hand Held",VMRS_HB_COMPLETE_v20 page 9_pages_26-50.md
053-005-012,,053,005,Clip - Sign (Placard) Holder,VMRS_HB_COMPLETE_v20 page 9_pages_26-50.md
053-006-056,,053,006,Nut Runner - Pneumatic,VMRS_HB_COMPLETE_v20 page 9_pages_26-50.md
053-005-013,,053,005,Placard - Display Assembly,VMRS_HB_COMPLETE_v20 page 9_pages_26-50.md
053-006-057,,053,006,Nut Runner - Electric,VMRS_HB_COMPLETE_v20 page 9_pages_26-50.md
053-005-014,,053,005,Plate - Serial Number (VIN),VMRS_HB_COMPLETE_v20 page 9_pages_26-50.md
053-006-058,,053,006,Drill - Pneumatic,VMRS_HB_COMPLETE_v20 page 9_pages_26-50.md
053-005-015,,053,005,Data Plate - Information,VMRS_HB_COMPLETE_v20 page 9_pages_26-50.md
053-006-059,,053,006,Drill - Electric,VMRS_HB_COMPLETE_v20 page 9_pages_26-50.md
053-005-016,,053,005,Marking Kit - Military,VMRS_HB_COMPLETE_v20 page 9_pages_26-50.md
053-006-060,,053,006,Die Grinder,VMRS_HB_COMPLETE_v20 page 9_pages_26-50.md
053-005-017,,053,005,Tag - Key Identification,VMRS_HB_COMPLETE_v20 page 9_pages_26-50.md
053-006-061,,053,006,Air Gauge - Tire,VMRS_HB_COMPLETE_v20 page 9_pages_26-50.md
053-005-018,,053,005,Tape - Reflective (Conspicuity),VMRS_HB_COMPLETE_v20 page 9_pages_26-50.md
053-006-062,,053,006,Hammer - Pneumatic,VMRS_HB_COMPLETE_v20 page 9_pages_26-50.md
053-005-019,,053,005,Label - Coolant,VMRS_HB_COMPLETE_v20 page 9_pages_26-50.md
053-006-063,,053,006,Bandsaw,VMRS_HB_COMPLETE_v20 page 9_pages_26-50.md
053-005-020,,053,005,Plate - License/Permit,VMRS_HB_COMPLETE_v20 page 9_pages_26-50.md
053-006-064,,053,006,Battery Charger - Portable,VMRS_HB_COMPLETE_v20 page 9_pages_26-50.md
053-005-021,,053,005,Label - Miscellaneous,VMRS_HB_COMPLETE_v20 page 9_pages_26-50.md
053-006-065,,053,006,Bench Grinder,VMRS_HB_COMPLETE_v20 page 9_pages_26-50.md
053-005-022,,053,005,Nameplate - Custom,VMRS_HB_COMPLETE_v20 page 9_pages_26-50.md
053-006-066,,053,006,Dial Indicator,VMRS_HB_COMPLETE_v20 page 9_pages_26-50.md
053-005-023,,053,005,"Sign - Warning, Oversize Vehicle",VMRS_HB_COMPLETE_v20 page 9_pages_26-50.md
053-006-067,,053,006,Drill Press,VMRS_HB_COMPLETE_v20 page 9_pages_26-50.md
053-005-024,,053,005,Emblem - Engine,VMRS_HB_COMPLETE_v20 page 9_pages_26-50.md
053-006-068,,053,006,Floor Crane,VMRS_HB_COMPLETE_v20 page 9_pages_26-50.md
053-005-025,,053,005,Bracket - Permit Holder,VMRS_HB_COMPLETE_v20 page 9_pages_26-50.md
053-006-069,,053,006,Grease Gun - Pneumatic,VMRS_HB_COMPLETE_v20 page 9_pages_26-50.md
053-005-026,,053,005,Lid - Permit Holder,VMRS_HB_COMPLETE_v20 page 9_pages_26-50.md
053-006-070,,053,006,Grease Gun - Manual,VMRS_HB_COMPLETE_v20 page 9_pages_26-50.md
053-005-027,,053,005,Sign - Wide Load,VMRS_HB_COMPLETE_v20 page 9_pages_26-50.md
053-006-071,,053,006,Grinding Wheel,VMRS_HB_COMPLETE_v20 page 9_pages_26-50.md
053-005-028,,053,005,Decal - QR Code,VMRS_HB_COMPLETE_v20 page 9_pages_26-50.md
053-006-072,,053,006,Hole Saw,VMRS_HB_COMPLETE_v20 page 9_pages_26-50.md
053-005-029,,053,005,Bezel - Universal,VMRS_HB_COMPLETE_v20 page 9_pages_26-50.md
053-006-073,,053,006,Jack Stand,VMRS_HB_COMPLETE_v20 page 9_pages_26-50.md
053-005-030,,053,005,Heavy-Card Stock - Signs,VMRS_HB_COMPLETE_v20 page 9_pages_26-50.md
053-006-074,,053,006,Jack - Bottle,VMRS_HB_COMPLETE_v20 page 9_pages_26-50.md
053-005-031,,053,005,Label - Clean Air Idle Certification,VMRS_HB_COMPLETE_v20 page 9_pages_26-50.md
053-006-075,,053,006,Jack - Transmission,VMRS_HB_COMPLETE_v20 page 9_pages_26-50.md
053-006-076,,053,006,Jack - Floor,VMRS_HB_COMPLETE_v20 page 9_pages_26-50.md
053-006-077,,053,006,Jumper Cables,VMRS_HB_COMPLETE_v20 page 9_pages_26-50.md
053-006-078,,053,006,"Ram System - Portable, Hydraulic",VMRS_HB_COMPLETE_v20 page 9_pages_26-50.md
053-006-079,,053,006,Press - Bearing,VMRS_HB_COMPLETE_v20 page 9_pages_26-50.md
053-006-080,,053,006,Pressure Tester,VMRS_HB_COMPLETE_v20 page 9_pages_26-50.md
053-006-081,,053,006,Rivet Gun,VMRS_HB_COMPLETE_v20 page 9_pages_26-50.md
053-006-082,,053,006,Shop Vac,VMRS_HB_COMPLETE_v20 page 9_pages_26-50.md
053-006-083,,053,006,Caulking Gun,VMRS_HB_COMPLETE_v20 page 9_pages_26-50.md
053-006-084,,053,006,Creeper,VMRS_HB_COMPLETE_v20 page 9_pages_26-50.md
053-006-085,,053,006,Dock Scale,VMRS_HB_COMPLETE_v20 page 9_pages_26-50.md
053-006-086,,053,006,Drop Light,VMRS_HB_COMPLETE_v20 page 9_pages_26-50.md
053-006-087,,053,006,Pump - Pneumatic,VMRS_HB_COMPLETE_v20 page 9_pages_26-50.md
053-006-088,,053,006,Pump - Electric,VMRS_HB_COMPLETE_v20 page 9_pages_26-50.md
053-006-089,,053,006,Pump - Manual,VMRS_HB_COMPLETE_v20 page 9_pages_26-50.md
053-000-090,,053,000,SqueeyeeTiro Cago,VMRS_HB_COMPLETE_v20 page 9_pages_26-50.md
053-000-091,,053,000,Gauge Tire Tread Depth,VMRS_HB_COMPLETE_v20 page 9_pages_26-50.md
053-006-092,,053,006,Tire Iron,VMRS_HB_COMPLETE_v20 page 9_pages_26-50.md
053-006-093,,053,006,Tire Machine,VMRS_HB_COMPLETE_v20 page 9_pages_26-50.md
053-006-094,,053,006,Tools - Tire Benair,VMRS_HB_COMPLETE_v20 page 9_pages_26-50.md
053-006-096,,053,006,Brush - Battery Post,VMRS_HB_COMPLETE_v20 page 9_pages_26-50.md
053-006-097,,053,006,Spreader - Body Filler,VMRS_HB_COMPLETE_v20 page 9_pages_26-50.md
053-006-098,,053,006,Beamer - Bushing,VMRS_HB_COMPLETE_v20 page 9_pages_26-50.md
053-006-099,,053,006,Drain Pan,VMRS_HB_COMPLETE_v20 page 9_pages_26-50.md
053-006-100,,053,006,Drill Bits,VMRS_HB_COMPLETE_v20 page 9_pages_26-50.md
053-006-101,,053,006,Bulb - Drop Light,VMRS_HB_COMPLETE_v20 page 9_pages_26-50.md
053-006-102,,053,006,Cord - Electrical Extension,VMRS_HB_COMPLETE_v20 page 9_pages_26-50.md
053-006-103,,053,006,Flood Light,VMRS_HB_COMPLETE_v20 page 9_pages_26-50.md
053-006-104,,053,006,Bulb - Flood Light,VMRS_HB_COMPLETE_v20 page 9_pages_26-50.md
053-006-105,,053,006,Funnel,VMRS_HB_COMPLETE_v20 page 9_pages_26-50.md
053-006-106,,053,006,Gas Can - Portable,VMRS_HB_COMPLETE_v20 page 9_pages_26-50.md
053-006-107,,053,006,End - Grease Gun,VMRS_HB_COMPLETE_v20 page 9_pages_26-50.md
053-006-108,,053,006,Hose - Grease Gun,VMRS_HB_COMPLETE_v20 page 9_pages_26-50.md
053-006-109,,053,006,Repair Kit - Grease Gun,VMRS_HB_COMPLETE_v20 page 9_pages_26-50.md
053-006-110,,053,006,Hacksaw,VMRS_HB_COMPLETE_v20 page 9_pages_26-50.md
053-006-111,,053,006,Blades - Hacksaw,VMRS_HB_COMPLETE_v20 page 9_pages_26-50.md
053-006-112,,053,006,Hone,VMRS_HB_COMPLETE_v20 page 9_pages_26-50.md
053-006-113,,053,006,Stones - Hone,VMRS_HB_COMPLETE_v20 page 9_pages_26-50.md
053-006-114,,053,006,Ice Scraper,VMRS_HB_COMPLETE_v20 page 9_pages_26-50.md
053-006-115,,053,006,Ladder - Shop,VMRS_HB_COMPLETE_v20 page 9_pages_26-50.md
053-006-116,,053,006,Oil Filler Can,VMRS_HB_COMPLETE_v20 page 9_pages_26-50.md
053-006-117,,053,006,Brush - Paint,VMRS_HB_COMPLETE_v20 page 9_pages_26-50.md
053-006-118,,053,006,Rivet Die,VMRS_HB_COMPLETE_v20 page 9_pages_26-50.md
053-006-119,,053,006,Router Bits,VMRS_HB_COMPLETE_v20 page 9_pages_26-50.md
053-006-120,,053,006,Saw Blade - New,VMRS_HB_COMPLETE_v20 page 9_pages_26-50.md
053-006-121,,053,006,Saw Blade - Sharpened,VMRS_HB_COMPLETE_v20 page 9_pages_26-50.md
053-006-122,,053,006,S-Hook,VMRS_HB_COMPLETE_v20 page 9_pages_26-50.md
053-006-123,,053,006,Fan - Shop,VMRS_HB_COMPLETE_v20 page 9_pages_26-50.md
053-006-124,,053,006,Taps/Dies,VMRS_HB_COMPLETE_v20 page 9_pages_26-50.md
053-006-125,,053,006,Probes - Tire,VMRS_HB_COMPLETE_v20 page 9_pages_26-50.md
053-006-126,,053,006,Gauge - Iorch,VMRS_HB_COMPLETE_v20 page 9_pages_26-50.md
053-006-127,,053,006,Handle - Iorch,VMRS_HB_COMPLETE_v20 page 9_pages_26-50.md
053-006-128,,053,006,"Lighter - Spark, Torch",VMRS_HB_COMPLETE_v20 page 9_pages_26-50.md
053-006-129,,053,006,Hoses - Iorch,VMRS_HB_COMPLETE_v20 page 9_pages_26-50.md
053-006-130,,053,006,"Tip - Cleaner, Torch",VMRS_HB_COMPLETE_v20 page 9_pages_26-50.md
053-006-131,,053,006,"Tip - Cutting, Torch",VMRS_HB_COMPLETE_v20 page 9_pages_26-50.md
053-000-132,,053,000,"Tip - weiding, Torch",VMRS_HB_COMPLETE_v20 page 9_pages_26-50.md
053-006-133,,053,006,Bit - Torx,VMRS_HB_COMPLETE_v20 page 9_pages_26-50.md
053-000-134,,053,000,Velve Stem Teel,VMRS_HB_COMPLETE_v20 page 9_pages_26-50.md
053-000-135,,053,000,Valve Stern 1001,VMRS_HB_COMPLETE_v20 page 9_pages_26-50.md
053-000-130,,053,000,Cable End Wolding,VMRS_HB_COMPLETE_v20 page 9_pages_26-50.md
053-006-132,,053,006,Wire - Welding,VMRS_HB_COMPLETE_v20 page 9_pages_26-50.md
053-006-140,,053,006,Filter - Air Compressor - Shop,VMRS_HB_COMPLETE_v20 page 9_pages_26-50.md
053-006-141,,053,006,Clamp - Jumper Cable,VMRS_HB_COMPLETE_v20 page 9_pages_26-50.md
053-006-142,,053,006,Tip - Mixing,VMRS_HB_COMPLETE_v20 page 9_pages_26-50.md
053-006-143,,053,006,Spray Gun - Paint,VMRS_HB_COMPLETE_v20 page 9_pages_26-50.md
053-006-144,,053,006,Strainer - Paint,VMRS_HB_COMPLETE_v20 page 9_pages_26-50.md
053-006-145,,053,006,Brush - Parts Cleaner,VMRS_HB_COMPLETE_v20 page 9_pages_26-50.md
053-006-146,,053,006,Lock - Gladhand,VMRS_HB_COMPLETE_v20 page 9_pages_26-50.md
053-006-147,,053,006,Chalk (Plumb) Box,VMRS_HB_COMPLETE_v20 page 9_pages_26-50.md
053-006-148,,053,006,"Stick - Measuring, Fuel Tank",VMRS_HB_COMPLETE_v20 page 9_pages_26-50.md
053-006-149,,053,006,Hose - Fuel Tank,VMRS_HB_COMPLETE_v20 page 9_pages_26-50.md
053-006-150,,053,006,"Register - Meter, Fuel TankSteam Cleaner",VMRS_HB_COMPLETE_v20 page 9_pages_26-50.md
053-006-157,,053,006,Hose - Steam Cleaner,VMRS_HB_COMPLETE_v20 page 9_pages_26-50.md
053-006-153,,053,006,Air Conditioner - Shop,VMRS_HB_COMPLETE_v20 page 9_pages_26-50.md
053-006-154,,053,006,Electrical Service - Shop,VMRS_HB_COMPLETE_v20 page 9_pages_26-50.md
053-006-155,,053,006,Separator - Oil/Water - Shop,VMRS_HB_COMPLETE_v20 page 9_pages_26-50.md
053-006-156,,053,006,"Scale - Truck, Shop",VMRS_HB_COMPLETE_v20 page 9_pages_26-50.md
053-006-158,,053,006,Scale - Fork Lift,VMRS_HB_COMPLETE_v20 page 9_pages_26-50.md
053-006-159,,053,006,"Retainer - Handle, Jack",VMRS_HB_COMPLETE_v20 page 9_pages_26-50.md
053-006-161,,053,006,"Spring - Holder, Jack",VMRS_HB_COMPLETE_v20 page 9_pages_26-50.md
053-006-162,,053,006,Clutch Adjusting Tool,VMRS_HB_COMPLETE_v20 page 9_pages_26-50.md
053-006-163,,053,006,Air Blower,VMRS_HB_COMPLETE_v20 page 9_pages_26-50.md
053-006-164,,053,006,"Belt - Air Compressor, Shop",VMRS_HB_COMPLETE_v20 page 9_pages_26-50.md
053-006-165,,053,006,Broom - Shop,VMRS_HB_COMPLETE_v20 page 9_pages_26-50.md
053-006-166,,053,006,Winder - Strap,VMRS_HB_COMPLETE_v20 page 9_pages_26-50.md
053-006-167,,053,006,Centering Tool - Drive Shaft,VMRS_HB_COMPLETE_v20 page 9_pages_26-50.md
053-006-168,,053,006,Winch - Portable,VMRS_HB_COMPLETE_v20 page 9_pages_26-50.md
053-006-170,,053,006,ScraperBroom Bush,VMRS_HB_COMPLETE_v20 page 9_pages_26-50.md
053-006-172,,053,006,Cartridge - Fluid Sampling,VMRS_HB_COMPLETE_v20 page 9_pages_26-50.md
053-006-173,,053,006,Cable - Harness,VMRS_HB_COMPLETE_v20 page 9_pages_26-50.md
053-006-174,,053,006,Software - Engine Diagnostic,VMRS_HB_COMPLETE_v20 page 9_pages_26-50.md
053-006-175,,053,006,Cable - On-Board Diagnostic,VMRS_HB_COMPLETE_v20 page 9_pages_26-50.md
053-006-176,,053,006,"Insulator, Warmer - Refrigerant Tank, AC",VMRS_HB_COMPLETE_v20 page 9_pages_26-50.md
052-006-177,,052,006,Charging Station,VMRS_HB_COMPLETE_v20 page 9_pages_26-50.md
053-000-177,,053,000,Alignment Machine,VMRS_HB_COMPLETE_v20 page 9_pages_26-50.md
053-006-179,,053,006,Beam End Bushing Removal Tool,VMRS_HB_COMPLETE_v20 page 9_pages_26-50.md
053-006-180,,053,006,Kit - Oil Sample,VMRS_HB_COMPLETE_v20 page 9_pages_26-50.md
053-006-181,,053,006,"Sensor - Scale, Fork Lift",VMRS_HB_COMPLETE_v20 page 9_pages_26-50.md
053-006-182,,053,006,"Mounts - Scale, Fork Lift",VMRS_HB_COMPLETE_v20 page 9_pages_26-50.md
053-006-183,,053,006,Cutter - Bolt,VMRS_HB_COMPLETE_v20 page 9_pages_26-50.md
053-006-184,,053,006,Wrench - Pipe,VMRS_HB_COMPLETE_v20 page 9_pages_26-50.md
053-000-185,,053,000,Spray NozzieGun - Heat Shrink,VMRS_HB_COMPLETE_v20 page 9_pages_26-50.md
053-006-187,,053,006,Base - Jack,VMRS_HB_COMPLETE_v20 page 9_pages_26-50.md
053-006-188,,053,006,Refractometer,VMRS_HB_COMPLETE_v20 page 9_pages_26-50.md
053-006-189,,053,006,Disc - Cutting/Grinding,VMRS_HB_COMPLETE_v20 page 9_pages_26-50.md
053-006-190,,053,006,Puller - Fuse,VMRS_HB_COMPLETE_v20 page 9_pages_26-50.md
053-006-191,,053,006,Hydrometer - Crude Oil,VMRS_HB_COMPLETE_v20 page 9_pages_26-50.md
053-006-192,,053,006,Chisel,VMRS_HB_COMPLETE_v20 page 9_pages_26-50.md
053-000-193,,053,000,Saw- CircularFilo,VMRS_HB_COMPLETE_v20 page 9_pages_26-50.md
053-006-195,,053,006,Socket,VMRS_HB_COMPLETE_v20 page 9_pages_26-50.md
053-006-196,,053,006,Tape Measure,VMRS_HB_COMPLETE_v20 page 9_pages_26-50.md
053-006-197,,053,006,Screwdriver,VMRS_HB_COMPLETE_v20 page 9_pages_26-50.md
053-006-198,,053,006,Knife,VMRS_HB_COMPLETE_v20 page 9_pages_26-50.md
053-006-199,,053,006,Tester - Circuit,VMRS_HB_COMPLETE_v20 page 9_pages_26-50.md
053-006-200,,053,006,Battery Carrier,VMRS_HB_COMPLETE_v20 page 9_pages_26-50.md
053-006-201,,053,006,Display Back - Merchandising,VMRS_HB_COMPLETE_v20 page 9_pages_26-50.md
053-006-203,,053,006,Battery Pack - Rechargeable,VMRS_HB_COMPLETE_v20 page 9_pages_26-50.md
053-006-204,,053,006,Welder,VMRS_HB_COMPLETE_v20 page 9_pages_26-50.md
053-006-205,,053,006,Battery Cart,VMRS_HB_COMPLETE_v20 page 9_pages_26-50.md
053-006-206,,053,006,"Wrench - Torque, Hydraulic",VMRS_HB_COMPLETE_v20 page 9_pages_26-50.md
053-006-207,,053,006,Hose Cutter,VMRS_HB_COMPLETE_v20 page 9_pages_26-50.md
053-006-208,,053,006,"Blades - Replacement, Hose Cutter",VMRS_HB_COMPLETE_v20 page 9_pages_26-50.md
053-000-209,,053,000,Generator - Portable Concreter,VMRS_HB_COMPLETE_v20 page 9_pages_26-50.md
053-006-211,,053,006,Pressure Washer,VMRS_HB_COMPLETE_v20 page 9_pages_26-50.md
053-006-212,,053,006,Kit - Coolant Maintenance,VMRS_HB_COMPLETE_v20 page 9_pages_26-50.md
053-006-213,,053,006,Key Cutting Machine,VMRS_HB_COMPLETE_v20 page 9_pages_26-50.md
053-006-214,,053,006,Angle Grinder,VMRS_HB_COMPLETE_v20 page 9_pages_26-50.md
053-006-215,,053,006,Bench Vise,VMRS_HB_COMPLETE_v20 page 9_pages_26-50.md
053-006-216,,053,006,Storage Box,VMRS_HB_COMPLETE_v20 page 9_pages_26-50.md
053-006-217,,053,006,Hammer - Ball Peen,VMRS_HB_COMPLETE_v20 page 9_pages_26-50.md
053-006-286,,053,006,Wrench - Box,VMRS_HB_COMPLETE_v20 page 9_pages_26-50.md
053-006-218,,053,006,Hoist - Hand,VMRS_HB_COMPLETE_v20 page 9_pages_26-50.md
053-006-287,,053,006,Tool Set,VMRS_HB_COMPLETE_v20 page 9_pages_26-50.md
053-006-219,,053,006,Reel - Shop Hose,VMRS_HB_COMPLETE_v20 page 9_pages_26-50.md
053-006-288,,053,006,Pliers,VMRS_HB_COMPLETE_v20 page 9_pages_26-50.md
053-006-220,,053,006,Burr - Carbide,VMRS_HB_COMPLETE_v20 page 9_pages_26-50.md
053-006-289,,053,006,Wrench - Adjustable,VMRS_HB_COMPLETE_v20 page 9_pages_26-50.md
053-006-221,,053,006,Saw - Miter,VMRS_HB_COMPLETE_v20 page 9_pages_26-50.md
053-006-290,,053,006,Spill Kit - Oil,VMRS_HB_COMPLETE_v20 page 9_pages_26-50.md
053-006-222,,053,006,Brush - Hose Bore Cleaning,VMRS_HB_COMPLETE_v20 page 9_pages_26-50.md
053-006-291,,053,006,Centrifuge - Heated,VMRS_HB_COMPLETE_v20 page 9_pages_26-50.md
053-006-223,,053,006,Lubrication Equipment - Shop,VMRS_HB_COMPLETE_v20 page 9_pages_26-50.md
053-006-292,,053,006,AC Charging Station,VMRS_HB_COMPLETE_v20 page 9_pages_26-50.md
053-006-224,,053,006,Nozzle - Shop Lubrication Equipment,VMRS_HB_COMPLETE_v20 page 9_pages_26-50.md
053-006-293,,053,006,LED - Work Lamp,VMRS_HB_COMPLETE_v20 page 9_pages_26-50.md
053-006-225,,053,006,Pump - Shop Lubrication Equipment,VMRS_HB_COMPLETE_v20 page 9_pages_26-50.md
053-006-294,,053,006,LED - Utility Light,VMRS_HB_COMPLETE_v20 page 9_pages_26-50.md
053-006-226,,053,006,Valve - Shop Lubrication Equipment,VMRS_HB_COMPLETE_v20 page 9_pages_26-50.md
053-006-295,,053,006,Tire Inflation Kit - Portable,VMRS_HB_COMPLETE_v20 page 9_pages_26-50.md
053-006-227,,053,006,Reel Assembly - Shop Lubrication Equipment,VMRS_HB_COMPLETE_v20 page 9_pages_26-50.md
053-006-296,,053,006,Anti-Skid Stick,VMRS_HB_COMPLETE_v20 page 9_pages_26-50.md
053-006-228,,053,006,"Generator - Oil Mist, Shop Lubrication",VMRS_HB_COMPLETE_v20 page 9_pages_26-50.md
053-007-000,,053,007,Hardware - Expendable Items,VMRS_HB_COMPLETE_v20 page 9_pages_26-50.md
053-007-001,,053,007,Connectors,VMRS_HB_COMPLETE_v20 page 9_pages_26-50.md
053-006-229,,053,006,Breather - Shop Lubrication Equipment,VMRS_HB_COMPLETE_v20 page 9_pages_26-50.md
053-007-002,,053,007,Electrical Items - Expendable (Wire Misc.),VMRS_HB_COMPLETE_v20 page 9_pages_26-50.md
053-006-230,,053,006,Battery - Grease Gun,VMRS_HB_COMPLETE_v20 page 9_pages_26-50.md
053-007-003,,053,007,Adapter - Metric,VMRS_HB_COMPLETE_v20 page 9_pages_26-50.md
053-006-231,,053,006,Ball Joint Tool,VMRS_HB_COMPLETE_v20 page 9_pages_26-50.md
053-007-004,,053,007,Nut,VMRS_HB_COMPLETE_v20 page 9_pages_26-50.md
053-006-232,,053,006,Chassis Alignment Tool,VMRS_HB_COMPLETE_v20 page 9_pages_26-50.md
053-007-005,,053,007,Bolt,VMRS_HB_COMPLETE_v20 page 9_pages_26-50.md
053-006-233,,053,006,Alignment Toe Adjusting Tool,VMRS_HB_COMPLETE_v20 page 9_pages_26-50.md
053-007-006,,053,007,Screw,VMRS_HB_COMPLETE_v20 page 9_pages_26-50.md
053-006-234,,053,006,Safe - Electronic,VMRS_HB_COMPLETE_v20 page 9_pages_26-50.md
053-007-007,,053,007,Lock Washer,VMRS_HB_COMPLETE_v20 page 9_pages_26-50.md
053-006-235,,053,006,Stand - Engine,VMRS_HB_COMPLETE_v20 page 9_pages_26-50.md
053-007-008,,053,007,Washer,VMRS_HB_COMPLETE_v20 page 9_pages_26-50.md
053-006-236,,053,006,Wheel - Buffing,VMRS_HB_COMPLETE_v20 page 9_pages_26-50.md
053-007-009,,053,007,Solder - Acid,VMRS_HB_COMPLETE_v20 page 9_pages_26-50.md
053-006-237,,053,006,Air Compressor - Portable,VMRS_HB_COMPLETE_v20 page 9_pages_26-50.md
053-007-010,,053,007,Solder - Bosin,VMRS_HB_COMPLETE_v20 page 9_pages_26-50.md
053-006-238,,053,006,Air Batchet,VMRS_HB_COMPLETE_v20 page 9_pages_26-50.md
053-007-011,,053,007,Fuel Nozzle,VMRS_HB_COMPLETE_v20 page 9_pages_26-50.md
053-006-239,,053,006,Air Anvil Gun,VMRS_HB_COMPLETE_v20 page 9_pages_26-50.md
053-007-013,,053,007,O-Bing,VMRS_HB_COMPLETE_v20 page 9_pages_26-50.md
053-006-240,,053,006,Air Grinder,VMRS_HB_COMPLETE_v20 page 9_pages_26-50.md
053-007-014,,053,007,Bivet,VMRS_HB_COMPLETE_v20 page 9_pages_26-50.md
053-006-241,,053,006,Drill Cordloss,VMRS_HB_COMPLETE_v20 page 9_pages_26-50.md
053-007-015,,053,007,Stud,VMRS_HB_COMPLETE_v20 page 9_pages_26-50.md
053-006-242,,053,006,Saw Proumatio,VMRS_HB_COMPLETE_v20 page 9_pages_26-50.md
053-007-016,,053,007,Divotput,VMRS_HB_COMPLETE_v20 page 9_pages_26-50.md
052-006-242,,052,006,Saw - Flieumatic,VMRS_HB_COMPLETE_v20 page 9_pages_26-50.md
052-007-017,,052,007,Cottor Rin,VMRS_HB_COMPLETE_v20 page 9_pages_26-50.md
053-000-243,,053,000,Culling Wallo - LEDDeplegement Part - Pattery Load Tester,VMRS_HB_COMPLETE_v20 page 9_pages_26-50.md
053-007-017,,053,007,Coller PIII,VMRS_HB_COMPLETE_v20 page 9_pages_26-50.md
053-000-244,,053,000,Replacement Part - Dattery Load Tester,VMRS_HB_COMPLETE_v20 page 9_pages_26-50.md
053-000-245,,053,000,Tube Cutting and Elaring Kit,VMRS_HB_COMPLETE_v20 page 9_pages_26-50.md
053-007-021,,053,007,Faulock,VMRS_HB_COMPLETE_v20 page 9_pages_26-50.md
053-000-240,,053,000,Tube Culling and Flaming Kit,VMRS_HB_COMPLETE_v20 page 9_pages_26-50.md
053-007-022,,053,007,Ancher Device,VMRS_HB_COMPLETE_v20 page 9_pages_26-50.md
053-006-247,,053,006,Chimp Machine,VMRS_HB_COMPLETE_v20 page 9_pages_26-50.md
053-007-023,,053,007,,VMRS_HB_COMPLETE_v20 page 9_pages_26-50.md
053-006-248,,053,006,Pinion Shall - Crimp Machine,VMRS_HB_COMPLETE_v20 page 9_pages_26-50.md
053-007-024,,053,007,Set Screw,VMRS_HB_COMPLETE_v20 page 9_pages_26-50.md
053-006-249,,053,006,"Kit - Pinion Shait, Crimp Machine",VMRS_HB_COMPLETE_v20 page 9_pages_26-50.md
053-007-025,,053,007,Roll Pin,VMRS_HB_COMPLETE_v20 page 9_pages_26-50.md
053-006-250,,053,006,Knob - Crimp Machine,VMRS_HB_COMPLETE_v20 page 9_pages_26-50.md
053-007-026,,053,007,Snap Ring,VMRS_HB_COMPLETE_v20 page 9_pages_26-50.md
053-006-251,,053,006,Adapter Rings - Crimp Machine,VMRS_HB_COMPLETE_v20 page 9_pages_26-50.md
053-007-027,,053,007,U-Bolt,VMRS_HB_COMPLETE_v20 page 9_pages_26-50.md
053-006-252,,053,006,"Inserts - Base Plate Adapter Rings, Crimp",VMRS_HB_COMPLETE_v20 page 9_pages_26-50.md
053-007-028,,053,007,Spring,VMRS_HB_COMPLETE_v20 page 9_pages_26-50.md
053-007-029,,053,007,Clip,VMRS_HB_COMPLETE_v20 page 9_pages_26-50.md
053-006-253,,053,006,Handle - Crimp Machine,VMRS_HB_COMPLETE_v20 page 9_pages_26-50.md
053-007-030,,053,007,Body Shim,VMRS_HB_COMPLETE_v20 page 9_pages_26-50.md
053-006-254,,053,006,Crimper Cart,VMRS_HB_COMPLETE_v20 page 9_pages_26-50.md
053-007-031,,053,007,Grommet,VMRS_HB_COMPLETE_v20 page 9_pages_26-50.md
053-006-255,,053,006,Pusher - Crimp Machine,VMRS_HB_COMPLETE_v20 page 9_pages_26-50.md
053-007-032,,053,007,Chain,VMRS_HB_COMPLETE_v20 page 9_pages_26-50.md
053-006-256,,053,006,Bolt - Crimp Machine Pusher,VMRS_HB_COMPLETE_v20 page 9_pages_26-50.md
053-007-033,,053,007,Nutsert,VMRS_HB_COMPLETE_v20 page 9_pages_26-50.md
053-006-257,,053,006,Pusher Extension - Crimp Machine,VMRS_HB_COMPLETE_v20 page 9_pages_26-50.md
053-007-034,,053,007,Insert - Threaded,VMRS_HB_COMPLETE_v20 page 9_pages_26-50.md
053-006-258,,053,006,"Wear Plate - Pusher, Crimp Machine",VMRS_HB_COMPLETE_v20 page 9_pages_26-50.md
053-007-035,,053,007,Lock Nut,VMRS_HB_COMPLETE_v20 page 9_pages_26-50.md
053-006-259,,053,006,Rack - Crimp Machine,VMRS_HB_COMPLETE_v20 page 9_pages_26-50.md
053-007-036,,053,007,Load Seal,VMRS_HB_COMPLETE_v20 page 9_pages_26-50.md
053-006-260,,053,006,Collet Kit,VMRS_HB_COMPLETE_v20 page 9_pages_26-50.md
053-007-037,,053,007,T Screw,VMRS_HB_COMPLETE_v20 page 9_pages_26-50.md
053-006-261,,053,006,Breather Cap - Crimp Machine,VMRS_HB_COMPLETE_v20 page 9_pages_26-50.md
053-007-038,,053,007,Gasket Material,VMRS_HB_COMPLETE_v20 page 9_pages_26-50.md
053-006-262,,053,006,Conversion Kit - Crimp Machine,VMRS_HB_COMPLETE_v20 page 9_pages_26-50.md
053-007-039,,053,007,Cable - Aircraft,VMRS_HB_COMPLETE_v20 page 9_pages_26-50.md
053-006-263,,053,006,Regulator - Crimp Machine,VMRS_HB_COMPLETE_v20 page 9_pages_26-50.md
053-007-040,,053,007,Pin - Clevis,VMRS_HB_COMPLETE_v20 page 9_pages_26-50.md
053-006-264,,053,006,Retainer Plate - Crimp Machine,VMRS_HB_COMPLETE_v20 page 9_pages_26-50.md
053-007-041,,053,007,Clevis - Double Link,VMRS_HB_COMPLETE_v20 page 9_pages_26-50.md
053-006-265,,053,006,Pusher Slide Plate - Crimp Machine,VMRS_HB_COMPLETE_v20 page 9_pages_26-50.md
053-007-042,,053,007,Key - Blank,VMRS_HB_COMPLETE_v20 page 9_pages_26-50.md
053-006-266,,053,006,Slide Plate - Crimp Machine,VMRS_HB_COMPLETE_v20 page 9_pages_26-50.md
053-007-043,,053,007,Nail,VMRS_HB_COMPLETE_v20 page 9_pages_26-50.md
053-006-267,,053,006,Slide Pull Rod - Crimp Machine,VMRS_HB_COMPLETE_v20 page 9_pages_26-50.md
053-007-044,,053,007,Spacer,VMRS_HB_COMPLETE_v20 page 9_pages_26-50.md
053-006-268,,053,006,Stand - Crimp Machine,VMRS_HB_COMPLETE_v20 page 9_pages_26-50.md
053-007-045,,053,007,"Cover - Decorative, Bolt",VMRS_HB_COMPLETE_v20 page 9_pages_26-50.md
053-006-269,,053,006,Die Holder Kit - Crimp Machine,VMRS_HB_COMPLETE_v20 page 9_pages_26-50.md
053-007-046,,053,007,Rope,VMRS_HB_COMPLETE_v20 page 9_pages_26-50.md
053-006-270,,053,006,Shroud - Crimp Machine,VMRS_HB_COMPLETE_v20 page 9_pages_26-50.md
053-007-047,,053,007,Velcro,VMRS_HB_COMPLETE_v20 page 9_pages_26-50.md
053-006-271,,053,006,Saw - Electric,VMRS_HB_COMPLETE_v20 page 9_pages_26-50.md
053-007-048,,053,007,Cable - Aircraft,VMRS_HB_COMPLETE_v20 page 9_pages_26-50.md
053-006-272,,053,006,Foot Pedal - Electric Saw,VMRS_HB_COMPLETE_v20 page 9_pages_26-50.md
053-007-049,,053,007,Plug - Pipe,VMRS_HB_COMPLETE_v20 page 9_pages_26-50.md
053-006-273,,053,006,Tool Locator - Crimp Machine,VMRS_HB_COMPLETE_v20 page 9_pages_26-50.md
053-007-050,,053,007,Button - Bumper,VMRS_HB_COMPLETE_v20 page 9_pages_26-50.md
053-006-274,,053,006,Flaring Tool Kit,VMRS_HB_COMPLETE_v20 page 9_pages_26-50.md
053-007-051,,053,007,Smoke Bomb - Seal Inspection,VMRS_HB_COMPLETE_v20 page 9_pages_26-50.md
053-006-275,,053,006,"Pump - Electric, Crimp Machine",VMRS_HB_COMPLETE_v20 page 9_pages_26-50.md
053-007-052,,053,007,Screen - Window,VMRS_HB_COMPLETE_v20 page 9_pages_26-50.md
053-006-276,,053,006,"Pump - Hand, Crimp Machine",VMRS_HB_COMPLETE_v20 page 9_pages_26-50.md
053-007-053,,053,007,Tie Strap - Nylon,VMRS_HB_COMPLETE_v20 page 9_pages_26-50.md
053-006-277,,053,006,Die Installation Tool - Crimp Machine,VMRS_HB_COMPLETE_v20 page 9_pages_26-50.md
053-007-054,,053,007,Split Loom - Plastic,VMRS_HB_COMPLETE_v20 page 9_pages_26-50.md
053-006-278,,053,006,Calibration Tool - Crimp Machine,VMRS_HB_COMPLETE_v20 page 9_pages_26-50.md
053-007-055,,053,007,Rivet - Pop,VMRS_HB_COMPLETE_v20 page 9_pages_26-50.md
053-006-279,,053,006,Pre-Set Die - Quick Set Machine,VMRS_HB_COMPLETE_v20 page 9_pages_26-50.md
053-007-056,,053,007,"Rivet - Buck, Stainless Steel",VMRS_HB_COMPLETE_v20 page 9_pages_26-50.md
053-006-280,,053,006,Collet Cages,VMRS_HB_COMPLETE_v20 page 9_pages_26-50.md
053-007-057,,053,007,"Rivet - Buck, Aluminum",VMRS_HB_COMPLETE_v20 page 9_pages_26-50.md
053-006-281,,053,006,Hose End Fitting Machine,VMRS_HB_COMPLETE_v20 page 9_pages_26-50.md
053-007-058,,053,007,Rivet - Nylon Drive,VMRS_HB_COMPLETE_v20 page 9_pages_26-50.md
053-006-282,,053,006,Tools - Hose End Fitting Machine,VMRS_HB_COMPLETE_v20 page 9_pages_26-50.md
053-007-059,,053,007,Rivet - Monobolt,VMRS_HB_COMPLETE_v20 page 9_pages_26-50.md
053-006-283,,053,006,Accessories - Impact Wrench,VMRS_HB_COMPLETE_v20 page 9_pages_26-50.md
053-007-060,,053,007,Rivet - Huck Style,VMRS_HB_COMPLETE_v20 page 9_pages_26-50.md
053-006-284,,053,006,Needle Scaler - Pneumatic,VMRS_HB_COMPLETE_v20 page 9_pages_26-50.md
053-007-061,,053,007,"Tapit - Nylon, With Pin",VMRS_HB_COMPLETE_v20 page 9_pages_26-50.md
053-006-285,,053,006,Ratchet,VMRS_HB_COMPLETE_v20 page 9_pages_26-50.md
053-007-062,,053,007,"Tapít - Aluminum, With Pin",VMRS_HB_COMPLETE_v20 page 9_pages_26-50.md
053-007-063,,053,007,Snap Link - Chain,VMRS_HB_COMPLETE_v20 page 9_pages_26-50.md
053-007-064,,053,007,Clamp - Cable,VMRS_HB_COMPLETE_v20 page 9_pages_26-50.md
053-007-065,,053,007,Hook - Chain,VMRS_HB_COMPLETE_v20 page 9_pages_26-50.md
053-007-066,,053,007,LINK - Chain,VMRS_HB_COMPLETE_v20 page 9_pages_26-50.md
053-007-067,,053,007,"CievisCovor - Dust Soal, Grosso Fitting",VMRS_HB_COMPLETE_v20 page 9_pages_26-50.md
053-007-070,,053,007,Plug - Expansion Universal,VMRS_HB_COMPLETE_v20 page 9_pages_26-50.md
053-007-071,,053,007,Dowel,VMRS_HB_COMPLETE_v20 page 9_pages_26-50.md
053-007-072,,053,007,"Lock-Out, Safety",VMRS_HB_COMPLETE_v20 page 9_pages_26-50.md
053-007-073,,053,007,Flux - Solder,VMRS_HB_COMPLETE_v20 page 9_pages_26-50.md
053-007-074,,053,007,Cleaner - Battery,VMRS_HB_COMPLETE_v20 page 9_pages_26-50.md
053-007-075,,053,007,Bits - Brake Lathe,VMRS_HB_COMPLETE_v20 page 9_pages_26-50.md
053-007-076,,053,007,Razor Blade,VMRS_HB_COMPLETE_v20 page 9_pages_26-50.md
053-007-077,,053,007,Holder - Kazor Blade,VMRS_HB_COMPLETE_v20 page 9_pages_26-50.md
053-007-080,,053,007,Staples - Upholstery,VMRS_HB_COMPLETE_v20 page 9_pages_26-50.md
053-007-081,,053,007,Test Strip - Brake Fluid,VMRS_HB_COMPLETE_v20 page 9_pages_26-50.md
053-007-082,,053,007,Fabric Or Upholstery,VMRS_HB_COMPLETE_v20 page 9_pages_26-50.md
053-007-083,,053,007,Bushing,VMRS_HB_COMPLETE_v20 page 9_pages_26-50.md
053-007-084,,053,007,Cable - Steel Wire,VMRS_HB_COMPLETE_v20 page 9_pages_26-50.md
053-007-085,,053,007,Cable - Copper Wire,VMRS_HB_COMPLETE_v20 page 9_pages_26-50.md
053-007-086,,053,007,Pin - Click,VMRS_HB_COMPLETE_v20 page 9_pages_26-50.md
053-007-087,,053,007,Cord - Power,VMRS_HB_COMPLETE_v20 page 9_pages_26-50.md
053-007-088,,053,007,,VMRS_HB_COMPLETE_v20 page 9_pages_26-50.md
053-007-069,,053,007,Nut - Nylon Insert,VMRS_HB_COMPLETE_v20 page 9_pages_26-50.md
053-007-091,,053,007,Bolt - Plow,VMRS_HB_COMPLETE_v20 page 9_pages_26-50.md
053-007-092,,053,007,Retaining Ring,VMRS_HB_COMPLETE_v20 page 9_pages_26-50.md
053-007-093,,053,007,Terminal - Male,VMRS_HB_COMPLETE_v20 page 9_pages_26-50.md
053-007-094,,053,007,Terminal - Female,VMRS_HB_COMPLETE_v20 page 9_pages_26-50.md
053-007-095,,053,007,Hex Screw,VMRS_HB_COMPLETE_v20 page 9_pages_26-50.md
053-007-096,,053,007,Boot Brush,VMRS_HB_COMPLETE_v20 page 9_pages_26-50.md
053-007-097,,053,007,Lock Box - Extra Key Set,VMRS_HB_COMPLETE_v20 page 9_pages_26-50.md
053-007-098,,053,007,Retainer - General Use,VMRS_HB_COMPLETE_v20 page 9_pages_26-50.md
053-007-099,,053,007,Shim - General Use,VMRS_HB_COMPLETE_v20 page 9_pages_26-50.md
053-007-101,,053,007,Wear Pad,VMRS_HB_COMPLETE_v20 page 9_pages_26-50.md
053-007-102,,053,007,Wear Sleeve - Seal,VMRS_HB_COMPLETE_v20 page 9_pages_26-50.md
053-007-103,,053,007,Huckbolt,VMRS_HB_COMPLETE_v20 page 9_pages_26-50.md
053-007-104,,053,007,Relay - General Use,VMRS_HB_COMPLETE_v20 page 9_pages_26-50.md
053-007-105,,053,007,Kit - Pre-Delivery,VMRS_HB_COMPLETE_v20 page 9_pages_26-50.md
053-007-106,,053,007,Hasp,VMRS_HB_COMPLETE_v20 page 9_pages_26-50.md
053-007-107,,053,007,"Lock - Enforcer, Door",VMRS_HB_COMPLETE_v20 page 9_pages_26-50.md
053-007-108,,053,007,Lock - King Pin,VMRS_HB_COMPLETE_v20 page 9_pages_26-50.md
053-007-109,,053,007,Lock - GladhandLift Support - Universal,VMRS_HB_COMPLETE_v20 page 9_pages_26-50.md
053-007-111,,053,007,Snow Stud,VMRS_HB_COMPLETE_v20 page 9_pages_26-50.md
053-007-112,,053,007,U-Bolt,VMRS_HB_COMPLETE_v20 page 9_pages_26-50.md
053-007-113,,053,007,Cord - Bungee,VMRS_HB_COMPLETE_v20 page 9_pages_26-50.md
053-007-114,,053,007,Тее,VMRS_HB_COMPLETE_v20 page 9_pages_26-50.md
053-007-115,,053,007,Pin - Taper,VMRS_HB_COMPLETE_v20 page 9_pages_26-50.md
053-007-116,,053,007,Coupler,VMRS_HB_COMPLETE_v20 page 9_pages_26-50.md
053-007-117,,053,007,Magnet,VMRS_HB_COMPLETE_v20 page 9_pages_26-50.md
053-007-118,,053,007,Knob,VMRS_HB_COMPLETE_v20 page 9_pages_26-50.md
053-007-119,,053,007,Power Strip - Electrical,VMRS_HB_COMPLETE_v20 page 9_pages_26-50.md
053-007-120,,053,007,U-OlipHeat Shrink,VMRS_HB_COMPLETE_v20 page 9_pages_26-50.md
053-007-122,,053,007,Battery - General Use,VMRS_HB_COMPLETE_v20 page 9_pages_26-50.md
053-007-123,,053,007,Tie - Metal,VMRS_HB_COMPLETE_v20 page 9_pages_26-50.md
053-007-124,,053,007,Nipple,VMRS_HB_COMPLETE_v20 page 9_pages_26-50.md
053-007-125,,053,007,Hex Nut,VMRS_HB_COMPLETE_v20 page 9_pages_26-50.md
053-007-126,,053,007,Sleeve,VMRS_HB_COMPLETE_v20 page 9_pages_26-50.md
053-007-127,,053,007,Reducer,VMRS_HB_COMPLETE_v20 page 9_pages_26-50.md
053-007-128,,053,007,Plug - General Use,VMRS_HB_COMPLETE_v20 page 9_pages_26-50.md
053-007-129,,053,007,mingeWrap Spiral,VMRS_HB_COMPLETE_v20 page 9_pages_26-50.md
053-007-130,,053,007,Test Clin,VMRS_HB_COMPLETE_v20 page 9_pages_26-50.md
053-007-132,,053,007,Tag - Lockout/Tagout,VMRS_HB_COMPLETE_v20 page 9_pages_26-50.md
053-007-133,,053,007,"Cover - Steering Wheel, Lockout/Tagout",VMRS_HB_COMPLETE_v20 page 9_pages_26-50.md
053-007-134,,053,007,Push Pin,VMRS_HB_COMPLETE_v20 page 9_pages_26-50.md
053-007-135,,053,007,Container,VMRS_HB_COMPLETE_v20 page 9_pages_26-50.md
053-007-136,,053,007,Bushing - Suspension,VMRS_HB_COMPLETE_v20 page 9_pages_26-50.md
053-007-137,,053,007,Castle Nut Kit,VMRS_HB_COMPLETE_v20 page 9_pages_26-50.md
053-007-138,,053,007,Chassis Hardware Kit,VMRS_HB_COMPLETE_v20 page 9_pages_26-50.md
053-007-139,,053,007,Eastoners,VMRS_HB_COMPLETE_v20 page 9_pages_26-50.md
053-007-140,,053,007,Silencer - Brake Lathe,VMRS_HB_COMPLETE_v20 page 9_pages_26-50.md
053-008-000,,053,008,Hoses & Tubings & Fittings,VMRS_HB_COMPLETE_v20 page 9_pages_26-50.md
053-008-003,,053,008,Hoses & Tubing,VMRS_HB_COMPLETE_v20 page 9_pages_26-50.md
053-008-004,,053,008,Fittings,VMRS_HB_COMPLETE_v20 page 9_pages_26-50.md
053-008-005,,053,008,Gate Valve,VMRS_HB_COMPLETE_v20 page 9_pages_26-50.md
053-008-006,,053,008,Cock - Shut -Off,VMRS_HB_COMPLETE_v20 page 9_pages_26-50.md
053-008-007,,053,008,Clamp - General,VMRS_HB_COMPLETE_v20 page 9_pages_26-50.md
053-008-008,,053,008,Insulation - Tubing,VMRS_HB_COMPLETE_v20 page 9_pages_26-50.md
053-008-010,,053,008,Support Bracket - Hoses & Tubing,VMRS_HB_COMPLETE_v20 page 9_pages_26-50.md
053-008-011,,053,008,Seal - Slimline,VMRS_HB_COMPLETE_v20 page 9_pages_26-50.md
053-008-012,,053,008,Hose - Elbow,VMRS_HB_COMPLETE_v20 page 9_pages_26-50.md
053-008-013,,053,008,Ball Valve,VMRS_HB_COMPLETE_v20 page 9_pages_26-50.md
053-008-014,,053,008,"Plate - Cover, Clamp",VMRS_HB_COMPLETE_v20 page 9_pages_26-50.md
053-008-015,,053,008,Air Hose,VMRS_HB_COMPLETE_v20 page 9_pages_26-50.md
053-008-016,,053,008,Chuck (Connector) - Air Hose,VMRS_HB_COMPLETE_v20 page 9_pages_26-50.md
053-008-017,,053,008,Regulator - Air Hose,VMRS_HB_COMPLETE_v20 page 9_pages_26-50.md
053-008-020,,053,008,Clamp - Hose,VMRS_HB_COMPLETE_v20 page 9_pages_26-50.md
053-008-021,,053,008,Adapter - Hose Or Tubing,VMRS_HB_COMPLETE_v20 page 9_pages_26-50.md
053-008-022,,053,008,Check Valve,VMRS_HB_COMPLETE_v20 page 9_pages_26-50.md
053-008-023,,053,008,"Valve - Sampling, Push Button",VMRS_HB_COMPLETE_v20 page 9_pages_26-50.md
053-008-024,,053,008,Hose - Push-Lock Type,VMRS_HB_COMPLETE_v20 page 9_pages_26-50.md
053-008-025,,053,008,Clamp - Multi-Purpose,VMRS_HB_COMPLETE_v20 page 9_pages_26-50.md
053-008-026,,053,008,Elbow,VMRS_HB_COMPLETE_v20 page 9_pages_26-50.md
053-008-027,,053,008,Hose - HydraulicStool Stock,VMRS_HB_COMPLETE_v20 page 9_pages_26-50.md
053-009-001,,053,009,Angle Iron/Elat Bar Etc,VMRS_HB_COMPLETE_v20 page 9_pages_26-50.md
053-009-002,,053,009,Box Tube,VMRS_HB_COMPLETE_v20 page 9_pages_26-50.md
053-009-003,,053,009,C-Channel,VMRS_HB_COMPLETE_v20 page 9_pages_26-50.md
053-009-004,,053,009,Bar - Round,VMRS_HB_COMPLETE_v20 page 9_pages_26-50.md
053-009-005,,053,009,Bar - Square,VMRS_HB_COMPLETE_v20 page 9_pages_26-50.md
053-009-006,,053,009,"Plate - Steel, Flat",VMRS_HB_COMPLETE_v20 page 9_pages_26-50.md
053-009-007,,053,009,"Plate - Steel, Diamond",VMRS_HB_COMPLETE_v20 page 9_pages_26-50.md
053-009-008,,053,009,I-DeamTubing - Steel,VMRS_HB_COMPLETE_v20 page 9_pages_26-50.md
053-009-010,,053,009,Tubing - Brass,VMRS_HB_COMPLETE_v20 page 9_pages_26-50.md
053-009-011,,053,009,Tubing - Copper,VMRS_HB_COMPLETE_v20 page 9_pages_26-50.md
053-009-012,,053,009,Tubing - Aluminum,VMRS_HB_COMPLETE_v20 page 9_pages_26-50.md
053-009-013,,053,009,Rod - Threaded (All-Thread),VMRS_HB_COMPLETE_v20 page 9_pages_26-50.md
053-009-014,,053,009,Pipe - Steel,VMRS_HB_COMPLETE_v20 page 9_pages_26-50.md
053-009-015,,053,009,Steel - Stainless,VMRS_HB_COMPLETE_v20 page 9_pages_26-50.md
053-009-016,,053,009,Pipe - PVCSanding/Grinding Supplies,VMRS_HB_COMPLETE_v20 page 9_pages_26-50.md
053-010-000,,053,010,Sandnaper & Discs & Supplies,VMRS_HB_COMPLETE_v20 page 9_pages_26-50.md
053-010-002,,053,010,Body Filler,VMRS_HB_COMPLETE_v20 page 9_pages_26-50.md
053-010-003,,053,010,Resin - Fiberglass,VMRS_HB_COMPLETE_v20 page 9_pages_26-50.md
053-010-004,,053,010,Hardener - Fiberglass Resin,VMRS_HB_COMPLETE_v20 page 9_pages_26-50.md
053-010-005,,053,010,Hardener - Body Filler,VMRS_HB_COMPLETE_v20 page 9_pages_26-50.md
053-010-006,,053,010,Patch Kit - Fiberglass,VMRS_HB_COMPLETE_v20 page 9_pages_26-50.md
053-010-007,,053,010,Dust Mask,VMRS_HB_COMPLETE_v20 page 9_pages_26-50.md
053-010-008,,053,010,Emory ClothRespirator,VMRS_HB_COMPLETE_v20 page 9_pages_26-50.md
053-010-010,,053,010,Cartridge - Respirator,VMRS_HB_COMPLETE_v20 page 9_pages_26-50.md
053-010-011,,053,010,Mask - Respirator,VMRS_HB_COMPLETE_v20 page 9_pages_26-50.md
053-010-012,,053,010,Holder - Sanding Disc,VMRS_HB_COMPLETE_v20 page 9_pages_26-50.md
053-011-000,,053,011,Supplies,VMRS_HB_COMPLETE_v20 page 9_pages_26-50.md
053-011-001,,053,011,Supplies - Shop,VMRS_HB_COMPLETE_v20 page 9_pages_26-50.md
053-011-002,,053,011,Protective Clothing,VMRS_HB_COMPLETE_v20 page 9_pages_26-50.md
053-011-004,,053,011,Hand Cleaner,VMRS_HB_COMPLETE_v20 page 9_pages_26-50.md
053-011-005,,053,011,Paper - PrinterMount - Printer,VMRS_HB_COMPLETE_v20 page 9_pages_26-50.md
053-011-007,,053,011,Supplies - Cleaning,VMRS_HB_COMPLETE_v20 page 9_pages_26-50.md
053-011-008,,053,011,Cleaner - Concrete,VMRS_HB_COMPLETE_v20 page 9_pages_26-50.md
053-014-016,,053,014,Brush - Aqueous Parts Washer,VMRS_HB_COMPLETE_v20 page 9_pages_26-50.md
053-011-009,,053,011,Bucket - Cleaning,VMRS_HB_COMPLETE_v20 page 9_pages_26-50.md
053-014-017,,053,014,Sink Fitting - Aqueous Parts Washer,VMRS_HB_COMPLETE_v20 page 9_pages_26-50.md
053-011-010,,053,011,Gloves - Cloth,VMRS_HB_COMPLETE_v20 page 9_pages_26-50.md
053-014-018,,053,014,Hose Clamp - Aqueous Parts Washer,VMRS_HB_COMPLETE_v20 page 9_pages_26-50.md
053-011-011,,053,011,Brush - Fingernail,VMRS_HB_COMPLETE_v20 page 9_pages_26-50.md
053-014-019,,053,014,Heater Assembly - Aqueous Parts Washer,VMRS_HB_COMPLETE_v20 page 9_pages_26-50.md
053-011-012,,053,011,Hand SoapDisponsor Hand Soap,VMRS_HB_COMPLETE_v20 page 9_pages_26-50.md
053-014-020,,053,014,"Gauge - Air Regulator, Aqueous Parts Washer",VMRS_HB_COMPLETE_v20 page 9_pages_26-50.md
053-011-013,,053,011,Mon,VMRS_HB_COMPLETE_v20 page 9_pages_26-50.md
053-014-021,,053,014,Rush - Anded Adueous Parts Washer,VMRS_HB_COMPLETE_v20 page 9_pages_26-50.md
053-011-015,,053,011,Mop Head,VMRS_HB_COMPLETE_v20 page 9_pages_26-50.md
053-014-022,,053,014,Lid - 5-LED Aqueous Parts Washer,VMRS_HB_COMPLETE_v20 page 9_pages_26-50.md
053-011-016,,053,011,Mop Handle,VMRS_HB_COMPLETE_v20 page 9_pages_26-50.md
053-014-024,,053,014,Valve Kit - Aqueous Parts Washer,VMRS_HB_COMPLETE_v20 page 9_pages_26-50.md
053-011-017,,053,011,Boots - Rubber,VMRS_HB_COMPLETE_v20 page 9_pages_26-50.md
053-014-025,,053,014,Regulator Kit - Agueous Parts Washer,VMRS_HB_COMPLETE_v20 page 9_pages_26-50.md
053-011-018,,053,011,Gloves - Rubber,VMRS_HB_COMPLETE_v20 page 9_pages_26-50.md
053-014-026,,053,014,Probe - Aqueous Parts Washer,VMRS_HB_COMPLETE_v20 page 9_pages_26-50.md
053-011-019,,053,011,Box - Shipping,VMRS_HB_COMPLETE_v20 page 9_pages_26-50.md
053-014-027,,053,014,Central Assembly - Aqueous Parts Washer,VMRS_HB_COMPLETE_v20 page 9_pages_26-50.md
053-011-020,,053,011,Rags - Shop,VMRS_HB_COMPLETE_v20 page 9_pages_26-50.md
053-014-028,,053,014,Drain Basket - Aqueous Parts Washer,VMRS_HB_COMPLETE_v20 page 9_pages_26-50.md
053-011-021,,053,011,Ribbon - Time Clock,VMRS_HB_COMPLETE_v20 page 9_pages_26-50.md
053-014-029,,053,014,Clamp - Aqueous Parts Washer,VMRS_HB_COMPLETE_v20 page 9_pages_26-50.md
053-011-022,,053,011,Brush - Wash,VMRS_HB_COMPLETE_v20 page 9_pages_26-50.md
053-014-030,,053,014,Disc - Aqueous Parts Washer,VMRS_HB_COMPLETE_v20 page 9_pages_26-50.md
053-011-023,,053,011,"Handle - Brush, Wash",VMRS_HB_COMPLETE_v20 page 9_pages_26-50.md
053-014-031,,053,014,"Grid - Mat Support, Aqueous Parts Washer",VMRS_HB_COMPLETE_v20 page 9_pages_26-50.md
053-011-024,,053,011,Soap - wash,VMRS_HB_COMPLETE_v20 page 9_pages_26-50.md
053-014-032,,053,014,"Barb - Male, Aqueous Parls Washer",VMRS_HB_COMPLETE_v20 page 9_pages_26-50.md
053-011-025,,053,011,Hose - Water,VMRS_HB_COMPLETE_v20 page 9_pages_26-50.md
053-014-033,,053,014,Connector - Aqueous Parts Washer,VMRS_HB_COMPLETE_v20 page 9_pages_26-50.md
053-011-027,,053,011,Coupler - Hose Water,VMRS_HB_COMPLETE_v20 page 9_pages_26-50.md
053-014-035,,053,014,Valve Bushing - Aqueous Parts Washer,VMRS_HB_COMPLETE_v20 page 9_pages_26-50.md
053-011-028,,053,011,"Nozzle - Hose, Water",VMRS_HB_COMPLETE_v20 page 9_pages_26-50.md
053-014-036,,053,014,Hose Shank - Aqueous Parts Washer,VMRS_HB_COMPLETE_v20 page 9_pages_26-50.md
053-011-029,,053,011,Shoes - Work,VMRS_HB_COMPLETE_v20 page 9_pages_26-50.md
053-014-037,,053,014,Nozzle Kit - Aqueous Parts Washer,VMRS_HB_COMPLETE_v20 page 9_pages_26-50.md
053-011-030,,053,011,Gloves - Welding,VMRS_HB_COMPLETE_v20 page 9_pages_26-50.md
053-014-038,,053,014,Street Elbow - Aqueous Parts Washer,VMRS_HB_COMPLETE_v20 page 9_pages_26-50.md
053-011-031,,053,011,Helmet - Welding,VMRS_HB_COMPLETE_v20 page 9_pages_26-50.md
053-014-039,,053,014,Dolly Wheel - Aqueous Parts Washer,VMRS_HB_COMPLETE_v20 page 9_pages_26-50.md
053-011-032,,053,011,Sheeting - Plastic,VMRS_HB_COMPLETE_v20 page 9_pages_26-50.md
053-014-040,,053,014,Power Cord - Aqueous Parts Washer,VMRS_HB_COMPLETE_v20 page 9_pages_26-50.md
053-011-033,,053,011,Dumpster - Dock,VMRS_HB_COMPLETE_v20 page 9_pages_26-50.md
053-014-041,,053,014,Close Nipple - Aqueous Parts Washer,VMRS_HB_COMPLETE_v20 page 9_pages_26-50.md
053-011-034,,053,011,Dumpster - Shop,VMRS_HB_COMPLETE_v20 page 9_pages_26-50.md
053-014-042,,053,014,Defoamer - Aqueous Parts Washer,VMRS_HB_COMPLETE_v20 page 9_pages_26-50.md
053-011-035,,053,011,Plugs - Ear,VMRS_HB_COMPLETE_v20 page 9_pages_26-50.md
053-014-043,,053,014,Overflow Assembly - Aqueous Parts Washer,VMRS_HB_COMPLETE_v20 page 9_pages_26-50.md
053-011-036,,053,011,Soap - Steam Cleaner,VMRS_HB_COMPLETE_v20 page 9_pages_26-50.md
053-014-044,,053,014,Nipple - Aqueous Parts Washer,VMRS_HB_COMPLETE_v20 page 9_pages_26-50.md
053-011-037,,053,011,"Eloor Mat - Dispensel, Hand Cleaner",VMRS_HB_COMPLETE_v20 page 9_pages_26-50.md
053-014-045,,053,014,Nat - Absorbort,VMRS_HB_COMPLETE_v20 page 9_pages_26-50.md
053-011-039,,053,011,Cover - Seat Disposable,VMRS_HB_COMPLETE_v20 page 9_pages_26-50.md
053-014-047,,053,014,Liner - Toolbox,VMRS_HB_COMPLETE_v20 page 9_pages_26-50.md
053-011-040,,053,011,Hard Hat,VMRS_HB_COMPLETE_v20 page 9_pages_26-50.md
053-014-048,,053,014,Water Hog,VMRS_HB_COMPLETE_v20 page 9_pages_26-50.md
053-011-041,,053,011,Gloves - Leather,VMRS_HB_COMPLETE_v20 page 9_pages_26-50.md
053-014-049,,053,014,"Pad - Drum Top, Absorbent",VMRS_HB_COMPLETE_v20 page 9_pages_26-50.md
053-011-042,,053,011,Gloves - Disposable,VMRS_HB_COMPLETE_v20 page 9_pages_26-50.md
053-014-050,,053,014,Mat - Office,VMRS_HB_COMPLETE_v20 page 9_pages_26-50.md
053-011-043,,053,011,Gloves - Mechanics,VMRS_HB_COMPLETE_v20 page 9_pages_26-50.md
053-015-000,,053,015,Welding Supplies,VMRS_HB_COMPLETE_v20 page 9_pages_26-50.md
053-011-044,,053,011,Fuel Nozzle,VMRS_HB_COMPLETE_v20 page 9_pages_26-50.md
053-015-001,,053,015,Rod - Welding,VMRS_HB_COMPLETE_v20 page 9_pages_26-50.md
053-011-045,,053,011,Twist Ties (Cable),VMRS_HB_COMPLETE_v20 page 9_pages_26-50.md
053-015-002,,053,015,"Tip - Welding, Torch",VMRS_HB_COMPLETE_v20 page 9_pages_26-50.md
053-011-046,,053,011,Bucket - Tool,VMRS_HB_COMPLETE_v20 page 9_pages_26-50.md
053-015-003,,053,015,Torches - Welding,VMRS_HB_COMPLETE_v20 page 9_pages_26-50.md
053-011-047,,053,011,Promotional Item,VMRS_HB_COMPLETE_v20 page 9_pages_26-50.md
053-015-004,,053,015,Gauge - Welding,VMRS_HB_COMPLETE_v20 page 9_pages_26-50.md
053-015-005,,053,015,Roves Welding,VMRS_HB_COMPLETE_v20 page 9_pages_26-50.md
053-011-050,,053,011,Facial Tissue,VMRS_HB_COMPLETE_v20 page 9_pages_26-50.md
053-015-007,,053,015,Helmet - Welding,VMRS_HB_COMPLETE_v20 page 9_pages_26-50.md
053-011-051,,053,011,Coupon - Promotional,VMRS_HB_COMPLETE_v20 page 9_pages_26-50.md
053-015-008,,053,015,Cable End - Welding,VMRS_HB_COMPLETE_v20 page 9_pages_26-50.md
053-011-052,,053,011,"Chemical - Lavatory, Toilet",VMRS_HB_COMPLETE_v20 page 9_pages_26-50.md
053-015-009,,053,015,Wire - Welding,VMRS_HB_COMPLETE_v20 page 9_pages_26-50.md
053-011-053,,053,011,Mineral Spirits,VMRS_HB_COMPLETE_v20 page 9_pages_26-50.md
053-015-010,,053,015,Flint - Welding,VMRS_HB_COMPLETE_v20 page 9_pages_26-50.md
053-011-054,,053,011,Pallet,VMRS_HB_COMPLETE_v20 page 9_pages_26-50.md
053-015-011,,053,015,Cable - Welding,VMRS_HB_COMPLETE_v20 page 9_pages_26-50.md
053-012-000,,053,012,Aluminum Stock,VMRS_HB_COMPLETE_v20 page 9_pages_26-50.md
053-016-000,,053,016,Bearing - Non-Vehicle Usage,VMRS_HB_COMPLETE_v20 page 9_pages_26-50.md
053-012-001,,053,012,Angle Iron/Flat Bar - Aluminum Stock,VMRS_HB_COMPLETE_v20 page 9_pages_26-50.md
053-016-001,,053,016,Bearing Assembly (Cup and Cone) - Non-Vehicle,VMRS_HB_COMPLETE_v20 page 9_pages_26-50.md
053-012-002,,053,012,Pipe - Aluminum,VMRS_HB_COMPLETE_v20 page 9_pages_26-50.md
050-010-000,,050,010,Usage,VMRS_HB_COMPLETE_v20 page 9_pages_26-50.md
053-013-000,,053,013,Wood,VMRS_HB_COMPLETE_v20 page 9_pages_26-50.md
053-016-002,,053,016,"Cone - Bearing, Non-Venicle Usage",VMRS_HB_COMPLETE_v20 page 9_pages_26-50.md
053-013-001,,053,013,Planking,VMRS_HB_COMPLETE_v20 page 9_pages_26-50.md
053-016-003,,053,016,"Kit - Bearing, Non-Vehicle Usage",VMRS_HB_COMPLETE_v20 page 9_pages_26-50.md
053-013-002,,053,013,Dimensional - Wood,VMRS_HB_COMPLETE_v20 page 9_pages_26-50.md
053-016-004,,053,016,Needle Bearing - Non-Vehicle Usage,VMRS_HB_COMPLETE_v20 page 9_pages_26-50.md
053-013-004,,053,013,Trim - Wood,VMRS_HB_COMPLETE_v20 page 9_pages_26-50.md
053-016-006,,053,016,Ball Bearings - Non-Vehicle Usage,VMRS_HB_COMPLETE_v20 page 9_pages_26-50.md
053-014-000,,053,014,Environmental,VMRS_HB_COMPLETE_v20 page 9_pages_26-50.md
053-016-007,,053,016,"Sleeve - Bearing, Non-Vehicle Usage",VMRS_HB_COMPLETE_v20 page 9_pages_26-50.md
053-014-001,,053,014,Paint - Used,VMRS_HB_COMPLETE_v20 page 9_pages_26-50.md
053-016-008,,053,016,"Housing - Bearing, Non-Vehicle Usage",VMRS_HB_COMPLETE_v20 page 9_pages_26-50.md
053-014-002,,053,014,Antifreeze - Used,VMRS_HB_COMPLETE_v20 page 9_pages_26-50.md
053-017-000,,053,017,Electrical - General Use Components,VMRS_HB_COMPLETE_v20 page 9_pages_26-50.md
053-014-003,,053,014,Oil - Used,VMRS_HB_COMPLETE_v20 page 9_pages_26-50.md
053-017-001,,053,017,Switch - Electrical,VMRS_HB_COMPLETE_v20 page 9_pages_26-50.md
053-014-004,,053,014,"Filter - Oil, Used",VMRS_HB_COMPLETE_v20 page 9_pages_26-50.md
053-017-002,,053,017,"Switch - Rocker, Electrical",VMRS_HB_COMPLETE_v20 page 9_pages_26-50.md
053-014-005,,053,014,Parts Washer - Aqueous,VMRS_HB_COMPLETE_v20 page 9_pages_26-50.md
053-017-003,,053,017,Wire - Electrical,VMRS_HB_COMPLETE_v20 page 9_pages_26-50.md
053-014-006,,053,014,"Drum - Waste Disposal, Aqueous Parts Washer",VMRS_HB_COMPLETE_v20 page 9_pages_26-50.md
053-017-004,,053,017,Connector - Electrical,VMRS_HB_COMPLETE_v20 page 9_pages_26-50.md
053-014-007,,053,014,Filler - Aqueous Parls Washer,VMRS_HB_COMPLETE_v20 page 9_pages_26-50.md
053-017-005,,053,017,Pin - Electric TerminalSolonoid,VMRS_HB_COMPLETE_v20 page 9_pages_26-50.md
053-014-008,,053,014,Light - Aqueous Falls WasherBasket - Aqueous Parte Washer,VMRS_HB_COMPLETE_v20 page 9_pages_26-50.md
053-014-009,,053,014,Cover - Aqueous Parts Washer,VMRS_HB_COMPLETE_v20 page 9_pages_26-50.md
053-017-007,,053,017,Panel - Switch Electrical,VMRS_HB_COMPLETE_v20 page 9_pages_26-50.md
053-014-011,,053,014,"Fuse - Heater, Aqueous Parts Washer",VMRS_HB_COMPLETE_v20 page 9_pages_26-50.md
053-017-009,,053,017,Terminal - Male,VMRS_HB_COMPLETE_v20 page 9_pages_26-50.md
053-014-012,,053,014,"Fuse - Pump, Aqueous Parts Washer",VMRS_HB_COMPLETE_v20 page 9_pages_26-50.md
053-017-010,,053,017,Terminal - Female,VMRS_HB_COMPLETE_v20 page 9_pages_26-50.md
053-014-013,,053,014,Dolly - Aqueous Parts Washer,VMRS_HB_COMPLETE_v20 page 9_pages_26-50.md
053-017-011,,053,017,Relay - General Use,VMRS_HB_COMPLETE_v20 page 9_pages_26-50.md
053-014-014,,053,014,Pump - Aqueous Parts Washer,VMRS_HB_COMPLETE_v20 page 9_pages_26-50.md
053-017-012,,053,017,Terminal - Barrel,VMRS_HB_COMPLETE_v20 page 9_pages_26-50.md
053-014-015,,053,014,"Table - Work Station, Aqueous Parts Washer",VMRS_HB_COMPLETE_v20 page 9_pages_26-50.md
053-017-013,,053,017,Connector - In-Line,VMRS_HB_COMPLETE_v20 page 9_pages_26-50.md
053-017-014,,053,017,Fuse - Electrical,VMRS_HB_COMPLETE_v20 page 9_pages_26-50.md
053-022-024,,053,022,"Bearing - Cylindrical, Roller, On Vehicle, Position",VMRS_HB_COMPLETE_v20 page 9_pages_26-50.md
053-017-015,,053,017,Brushes - Electrical,VMRS_HB_COMPLETE_v20 page 9_pages_26-50.md
053-017-016,,053,017,Components - Electrical General Use,VMRS_HB_COMPLETE_v20 page 9_pages_26-50.md
053-022-025,,053,022,Bearing - Cylindrical Journal On Vehicle,VMRS_HB_COMPLETE_v20 page 9_pages_26-50.md
052-017-017,,052,017,Distail Ganaral Lisa,VMRS_HB_COMPLETE_v20 page 9_pages_26-50.md
000-022-020,,000,022,Desition & Application Not Specified,VMRS_HB_COMPLETE_v20 page 9_pages_26-50.md
050-017-017,,050,017,Figiali - General Ose,VMRS_HB_COMPLETE_v20 page 9_pages_26-50.md
050-000-000,,050,000,Position & Application Not Specified,VMRS_HB_COMPLETE_v20 page 9_pages_26-50.md
053-017-018,,053,017,warning System - Battery Low Voltage,VMRS_HB_COMPLETE_v20 page 9_pages_26-50.md
053-022-026,,053,022,"Bearing - Spherical, Axial, On Venicle, Position &",VMRS_HB_COMPLETE_v20 page 9_pages_26-50.md
053-017-019,,053,017,Circuit Breaker,VMRS_HB_COMPLETE_v20 page 9_pages_26-50.md
053-018-000,,053,018,Glass Stock,VMRS_HB_COMPLETE_v20 page 9_pages_26-50.md
053-022-027,,053,022,"Bearing - Spherical, Thrust, On Vehicle, Position",VMRS_HB_COMPLETE_v20 page 9_pages_26-50.md
053-018-001,,053,018,"Glass - Sheet, Clear",VMRS_HB_COMPLETE_v20 page 9_pages_26-50.md
053-018-002,,053,018,"Glass - Sheet, Laminated",VMRS_HB_COMPLETE_v20 page 9_pages_26-50.md
053-022-028,,053,022,"Bearing - Spherical, Radial, On Vehicle, Position",VMRS_HB_COMPLETE_v20 page 9_pages_26-50.md
053-018-003,,053,018,"Glass - Sheet, Tempered",VMRS_HB_COMPLETE_v20 page 9_pages_26-50.md
053-018-004,,053,018,Glass - Plate,VMRS_HB_COMPLETE_v20 page 9_pages_26-50.md
053-022-029,,053,022,Bearing - Spherical Boller On Vehicle Position,VMRS_HB_COMPLETE_v20 page 9_pages_26-50.md
053-019-000,,053,019,Seal - General Lise,VMRS_HB_COMPLETE_v20 page 9_pages_26-50.md
052-010-001,,052,010,Soal,VMRS_HB_COMPLETE_v20 page 9_pages_26-50.md
053-033-000,,053,033,Chain Hardware Grade,VMRS_HB_COMPLETE_v20 page 9_pages_26-50.md
053-019-001,,053,019,,VMRS_HB_COMPLETE_v20 page 9_pages_26-50.md
053-023-000,,053,023,Chain - Haluwale Chade,VMRS_HB_COMPLETE_v20 page 9_pages_26-50.md
053-019-002,,053,019,Seal - Grease,VMRS_HB_COMPLETE_v20 page 9_pages_26-50.md
053-023-001,,053,023,"Chain - G30, Hardware Grade",VMRS_HB_COMPLETE_v20 page 9_pages_26-50.md
053-019-003,,053,019,Seal - Oil,VMRS_HB_COMPLETE_v20 page 9_pages_26-50.md
053-023-002,,053,023,"Snap Link - Chain, Hardware Grade",VMRS_HB_COMPLETE_v20 page 9_pages_26-50.md
053-019-004,,053,019,Ring - Seal Wear,VMRS_HB_COMPLETE_v20 page 9_pages_26-50.md
053-023-003,,053,023,"Hook - Chain, G30, Hardware Grade",VMRS_HB_COMPLETE_v20 page 9_pages_26-50.md
053-019-005,,053,019,Kit - Seal,VMRS_HB_COMPLETE_v20 page 9_pages_26-50.md
053-023-004,,053,023,"Link - Chain, Hardware Grade",VMRS_HB_COMPLETE_v20 page 9_pages_26-50.md
053-020-000,,053,020,Board - Compound,VMRS_HB_COMPLETE_v20 page 9_pages_26-50.md
053-023-005,,053,023,"Hook - Slip w/Latch, G30, Hardware Grade",VMRS_HB_COMPLETE_v20 page 9_pages_26-50.md
053-020-001,,053,020,Board - Vermiculite (V-Board),VMRS_HB_COMPLETE_v20 page 9_pages_26-50.md
053-023-006,,053,023,"Hook - Grab, G30, Hardware Grade",VMRS_HB_COMPLETE_v20 page 9_pages_26-50.md
053-021-000,,053,021,Rear Window Defogger,VMRS_HB_COMPLETE_v20 page 9_pages_26-50.md
053-023-007,,053,023,"Hook - Double Clevis, G30, Hardware Grade",VMRS_HB_COMPLETE_v20 page 9_pages_26-50.md
053-021-001,,053,021,Repair Kit - Rear Window Defogger,VMRS_HB_COMPLETE_v20 page 9_pages_26-50.md
053-023-008,,053,023,Quick Link - Chain Hardware Grade,VMRS_HB_COMPLETE_v20 page 9_pages_26-50.md
052-021-002,,052,021,Adhasiya Tah Boar Window Delogger,VMRS_HB_COMPLETE_v20 page 9_pages_26-50.md
053-100-000,,053,100,Monual,VMRS_HB_COMPLETE_v20 page 9_pages_26-50.md
053-021-002,,053,021,Autiesive Tab - Real Window Delogger,VMRS_HB_COMPLETE_v20 page 9_pages_26-50.md
053-021-003,,053,021,Relay - Rear Window Delogger,VMRS_HB_COMPLETE_v20 page 9_pages_26-50.md
053-100-001,,053,100,Manual - Owners,VMRS_HB_COMPLETE_v20 page 9_pages_26-50.md
053-022-000,,053,022,"Bearings - On Vehicle, Position & Application Not",VMRS_HB_COMPLETE_v20 page 9_pages_26-50.md
053-100-002,,053,100,Manual - Miscellaneous,VMRS_HB_COMPLETE_v20 page 9_pages_26-50.md
053-100-003,,053,100,Holder - Manual,VMRS_HB_COMPLETE_v20 page 9_pages_26-50.md
053-022-001,,053,022,"Bearing - Ball, Axial, On Vehicle, Positon &",VMRS_HB_COMPLETE_v20 page 9_pages_26-50.md
053-100-004,,053,100,Manual - Parts,VMRS_HB_COMPLETE_v20 page 9_pages_26-50.md
053-100-005,,053,100,Manual - Service,VMRS_HB_COMPLETE_v20 page 9_pages_26-50.md
053-022-002,,053,022,"Bearing - Ball, Radial, On Vehicle, Position &",VMRS_HB_COMPLETE_v20 page 9_pages_26-50.md
053-100-006,,053,100,Manual - Repair,VMRS_HB_COMPLETE_v20 page 9_pages_26-50.md
053-998-000,,053,998,Paint & Preservatives - Vehicle,VMRS_HB_COMPLETE_v20 page 9_pages_26-50.md
053-022-003,,053,022,Rearing - Ball Grooved On Vehicle Position &,VMRS_HB_COMPLETE_v20 page 9_pages_26-50.md
053-998-001,,053,998,Paint - Finish Vehicle,VMRS_HB_COMPLETE_v20 page 9_pages_26-50.md
000-022-000,,000,022,Application Not Specified,VMRS_HB_COMPLETE_v20 page 9_pages_26-50.md
052-008-002,,052,008,"Paint Primar, Vahiala",VMRS_HB_COMPLETE_v20 page 9_pages_26-50.md
050-000-004,,050,000,Application Not Specified,VMRS_HB_COMPLETE_v20 page 9_pages_26-50.md
053-990-002,,053,990,"Faint - Finner, Venicle",VMRS_HB_COMPLETE_v20 page 9_pages_26-50.md
053-022-004,,053,022,"Bearing - Ball, Angular Contact, On Venicle,",VMRS_HB_COMPLETE_v20 page 9_pages_26-50.md
053-998-003,,053,998,Hardener - Paint,VMRS_HB_COMPLETE_v20 page 9_pages_26-50.md
053-998-004,,053,998,Activator - Paint,VMRS_HB_COMPLETE_v20 page 9_pages_26-50.md
053-022-005,,053,022,"Bearing - Ball, Angular Contact, Double Row, On",VMRS_HB_COMPLETE_v20 page 9_pages_26-50.md
053-998-005,,053,998,Additive - Paint,VMRS_HB_COMPLETE_v20 page 9_pages_26-50.md
053-998-006,,053,998,Accelerator - Paint,VMRS_HB_COMPLETE_v20 page 9_pages_26-50.md
053-022-006,,053,022,"Bearing - Ball, Deep Groove, On Vehicle,",VMRS_HB_COMPLETE_v20 page 9_pages_26-50.md
053-998-007,,053,998,Thinner - Lacquer,VMRS_HB_COMPLETE_v20 page 9_pages_26-50.md
053-998-008,,053,998,Reducer - Paint,VMRS_HB_COMPLETE_v20 page 9_pages_26-50.md
053-022-007,,053,022,Bearing - Ball. Radial Insert. On Vehicle. Position,VMRS_HB_COMPLETE_v20 page 9_pages_26-50.md
053-998-009,,053,998,Rustproof - Vehicle,VMRS_HB_COMPLETE_v20 page 9_pages_26-50.md
053-998-010,,053,998,Undercoat - Paint,VMRS_HB_COMPLETE_v20 page 9_pages_26-50.md
053-022-008,,053,022,Bearing - Ball Thrust On Vehicle Position &,VMRS_HB_COMPLETE_v20 page 9_pages_26-50.md
052-009-012,,052,009,Deint Fromo,VMRS_HB_COMPLETE_v20 page 9_pages_26-50.md
050-990-012,,050,990,Paint Oah Complete Exterior,VMRS_HB_COMPLETE_v20 page 9_pages_26-50.md
053-022-009,,053,022,"Bearing - Tapered, Roller, On Venicle, Position &",VMRS_HB_COMPLETE_v20 page 9_pages_26-50.md
053-998-013,,053,998,"Paint - Cab, Complete Exterior",VMRS_HB_COMPLETE_v20 page 9_pages_26-50.md
053-998-014,,053,998,Paint - Hood,VMRS_HB_COMPLETE_v20 page 9_pages_26-50.md
053-022-010,,053,022,"Bearing - Tapered, Roller, Single, On Vehicle,",VMRS_HB_COMPLETE_v20 page 9_pages_26-50.md
053-998-015,,053,998,"Paint - Sleeper, Complete Exterior",VMRS_HB_COMPLETE_v20 page 9_pages_26-50.md
053-998-016,,053,998,"Paint - Fairings, Chassis",VMRS_HB_COMPLETE_v20 page 9_pages_26-50.md
053-022-011,,053,022,"Bearing - Tapered, Roller, Double, Outer, On",VMRS_HB_COMPLETE_v20 page 9_pages_26-50.md
053-998-017,,053,998,Repair Adhesive - Body Panel,VMRS_HB_COMPLETE_v20 page 9_pages_26-50.md
053-998-018,,053,998,Paint - General,VMRS_HB_COMPLETE_v20 page 9_pages_26-50.md
053-022-012,,053,022,Bearing - Tapered Boller Double Inner On,VMRS_HB_COMPLETE_v20 page 9_pages_26-50.md
053-998-019,,053,998,Wax - Paste Or Liquid,VMRS_HB_COMPLETE_v20 page 9_pages_26-50.md
053-022-013,,053,022,Boaring Tanorod Dollor Single Flanged Cup,VMRS_HB_COMPLETE_v20 page 9_pages_26-50.md
000-022-010,,000,022,"On Vahiala, Desition & Application Net Operitied",VMRS_HB_COMPLETE_v20 page 9_pages_26-50.md
050-990-021,,050,990,Paint Kit - Door Mask,VMRS_HB_COMPLETE_v20 page 9_pages_26-50.md
050-000-014,,050,000,"On venicle, Position & Application Not Specified",VMRS_HB_COMPLETE_v20 page 9_pages_26-50.md
053-996-024,,053,996,Palific Nit - Real Mask,VMRS_HB_COMPLETE_v20 page 9_pages_26-50.md
053-022-014,,053,022,"Bearing - Tapered, Axial, On Vehicle, Position &",VMRS_HB_COMPLETE_v20 page 9_pages_26-50.md
053-998-025,,053,998,Paint Kit - Sleeper Mask,VMRS_HB_COMPLETE_v20 page 9_pages_26-50.md
053-998-026,,053,998,Paint Kit - General Mask,VMRS_HB_COMPLETE_v20 page 9_pages_26-50.md
053-022-015,,053,022,"Bearing - Tapered, Radial, On Vehicle, Position",VMRS_HB_COMPLETE_v20 page 9_pages_26-50.md
053-998-027,,053,998,Remover - Stripe & Decal,VMRS_HB_COMPLETE_v20 page 9_pages_26-50.md
053-998-028,,053,998,Paint - Complete Equipment,VMRS_HB_COMPLETE_v20 page 9_pages_26-50.md
053-022-016,,053,022,"Bearing - Tapered, Thrust, On Vehicle, Position &",VMRS_HB_COMPLETE_v20 page 9_pages_26-50.md
053-998-029,,053,998,Paint - Wheels,VMRS_HB_COMPLETE_v20 page 9_pages_26-50.md
053-998-030,,053,998,Paint - Bumper,VMRS_HB_COMPLETE_v20 page 9_pages_26-50.md
053-022-017,,053,022,Rearing - Needle Axial On Vehicle Position &,VMRS_HB_COMPLETE_v20 page 9_pages_26-50.md
053-998-031,,053,998,Masking Paper,VMRS_HB_COMPLETE_v20 page 9_pages_26-50.md
000-022-017,,000,022,Application Not Specified,VMRS_HB_COMPLETE_v20 page 9_pages_26-50.md
053-008-032,,053,008,Mastic,VMRS_HB_COMPLETE_v20 page 9_pages_26-50.md
050-000-010,,050,000,Application Not Specified,VMRS_HB_COMPLETE_v20 page 9_pages_26-50.md
050-990-032,,050,990,NasicDemover Deint,VMRS_HB_COMPLETE_v20 page 9_pages_26-50.md
053-022-018,,053,022,"Bearing - Needle, Radial, On Venicle, Position &",VMRS_HB_COMPLETE_v20 page 9_pages_26-50.md
053-998-033,,053,998,Remover - Paint,VMRS_HB_COMPLETE_v20 page 9_pages_26-50.md
053-998-034,,053,998,Rubbing Compound,VMRS_HB_COMPLETE_v20 page 9_pages_26-50.md
053-022-019,,053,022,"Bearing - Needle, Thrust, On Vehicle, Position &",VMRS_HB_COMPLETE_v20 page 9_pages_26-50.md
053-998-035,,053,998,Spot Putty,VMRS_HB_COMPLETE_v20 page 9_pages_26-50.md
053-998-036,,053,998,"Paint - Chassis, Complete",VMRS_HB_COMPLETE_v20 page 9_pages_26-50.md
053-022-020,,053,022,"Bearing - Needle, Roller, On Vehicle, Position &",VMRS_HB_COMPLETE_v20 page 9_pages_26-50.md
053-998-037,,053,998,Kit - Flushing & Solvent,VMRS_HB_COMPLETE_v20 page 9_pages_26-50.md
053-998-038,,053,998,Plastic Repair,VMRS_HB_COMPLETE_v20 page 9_pages_26-50.md
053-022-021,,053,022,Bearing - Cylindrical Axial On Vehicle Position,VMRS_HB_COMPLETE_v20 page 9_pages_26-50.md
053-998-039,,053,998,Plastic Prep,VMRS_HB_COMPLETE_v20 page 9_pages_26-50.md
053-998-040,,053,998,Tape - Stripe,VMRS_HB_COMPLETE_v20 page 9_pages_26-50.md
053-022-022,,053,022,Rearing - Cylindrical Thrust On Vahiala,VMRS_HB_COMPLETE_v20 page 9_pages_26-50.md
000-022-022,,000,022,"Dealing - Oyintoneal, Thrust, Off Vehicle,",VMRS_HB_COMPLETE_v20 page 9_pages_26-50.md
052-002-042,,052,002,,VMRS_HB_COMPLETE_v20 page 9_pages_26-50.md
050-990-042,,050,990,"Faint - All Dellector, Nool Mouriled",VMRS_HB_COMPLETE_v20 page 9_pages_26-50.md
003-022-023,,003,022,"Dealing - Cylindrical, Radial, On Vehicle,",VMRS_HB_COMPLETE_v20 page 9_pages_26-50.md
053-998-043,,053,998,Paint - Air Tank,VMRS_HB_COMPLETE_v20 page 9_pages_26-50.md
053-998-044,,053,998,Paint - Aerial Structure,VMRS_HB_COMPLETE_v20 page 9_pages_26-50.md
053-998-045,,053,998,"Paint - Baggage Door, Cab Or Sleeper",VMRS_HB_COMPLETE_v20 page 9_pages_26-50.md
053-998-115,,053,998,"Paint - Bus Body, Side Emergency Latch/Hinge/",VMRS_HB_COMPLETE_v20 page 9_pages_26-50.md
053-998-046,,053,998,Paint - Battery Box,VMRS_HB_COMPLETE_v20 page 9_pages_26-50.md
053-998-047,,053,998,"Paint - Body, Dump",VMRS_HB_COMPLETE_v20 page 9_pages_26-50.md
053-998-116,,053,998,"Paint - Bus Body, Safety Lock, Side Emergency",VMRS_HB_COMPLETE_v20 page 9_pages_26-50.md
053-998-048,,053,998,"Paint - Body, Fire Truck, Exterior",VMRS_HB_COMPLETE_v20 page 9_pages_26-50.md
053-998-117,,053,998,"Paint - Bus Body, Safety Lock, Rear Emergency",VMRS_HB_COMPLETE_v20 page 9_pages_26-50.md
053-008-040,,053,008,"Paint Body, Rus Exterior",VMRS_HB_COMPLETE_v20 page 9_pages_26-50.md
053-008-118,,053,008,"Paint - Bus Body, Front Assembly Structure",VMRS_HB_COMPLETE_v20 page 9_pages_26-50.md
050-990-049,,050,990,Paint Brake Chamber Deer,VMRS_HB_COMPLETE_v20 page 9_pages_26-50.md
050-990-110,,050,990,"Paint - Dus Dody, Front Assembly Structure",VMRS_HB_COMPLETE_v20 page 9_pages_26-50.md
053-998-050,,053,998,"Paint - Brake Champer, Rear",VMRS_HB_COMPLETE_v20 page 9_pages_26-50.md
053-998-119,,053,998,"Paint - Bus Body, Front Assembly Sheet Metal",VMRS_HB_COMPLETE_v20 page 9_pages_26-50.md
053-998-051,,053,998,"Paint - Cab & Hood, Complete, Exterior",VMRS_HB_COMPLETE_v20 page 9_pages_26-50.md
053-998-120,,053,998,"Paint - Bus Body, Heat Shield/Rock Shield",VMRS_HB_COMPLETE_v20 page 9_pages_26-50.md
053-998-052,,053,998,"Paint - Cab/Sleeper, Corner Panel, Exterior",VMRS_HB_COMPLETE_v20 page 9_pages_26-50.md
053-998-121,,053,998,"Paint - Bus Body, Service Step",VMRS_HB_COMPLETE_v20 page 9_pages_26-50.md
053-998-053,,053,998,"Paint - Door, Cab",VMRS_HB_COMPLETE_v20 page 9_pages_26-50.md
053-998-122,,053,998,"Paint - Bus Body, Side Exit Step",VMRS_HB_COMPLETE_v20 page 9_pages_26-50.md
053-998-054,,053,998,"Paint - Cab/Sleeper, Extender",VMRS_HB_COMPLETE_v20 page 9_pages_26-50.md
053-998-123,,053,998,Paint - Bus Body Wheelhouse Rear,VMRS_HB_COMPLETE_v20 page 9_pages_26-50.md
053-008-055,,053,008,"Paint - Cab/Sleeper, Front Panel Exterior",VMRS_HB_COMPLETE_v20 page 9_pages_26-50.md
053-008-124,,053,008,"Paint - Bus Body, Fonderette (Steel)",VMRS_HB_COMPLETE_v20 page 9_pages_26-50.md
050-990-055,,050,990,"Paint - Cab/Oleoper, Poer Depel, Exterior",VMRS_HB_COMPLETE_v20 page 9_pages_26-50.md
050-990-124,,050,990,"Paint - Dus Dody, Fendereille (Steel)",VMRS_HB_COMPLETE_v20 page 9_pages_26-50.md
053-998-056,,053,998,"Paint - Cab/Sleeper, Rear Panel, Exterior",VMRS_HB_COMPLETE_v20 page 9_pages_26-50.md
053-998-125,,053,998,"Paint - Bus Body, Rear Assembly Sneet Metal,",VMRS_HB_COMPLETE_v20 page 9_pages_26-50.md
053-998-057,,053,998,"Paint - Cab/Sleeper, Roof, Exterior",VMRS_HB_COMPLETE_v20 page 9_pages_26-50.md
053-998-058,,053,998,"Paint - Cab/Sleeper, Side Panel, Exterior",VMRS_HB_COMPLETE_v20 page 9_pages_26-50.md
053-998-126,,053,998,"Paint - Bus Body, Rear Assembly Sheet Metal,",VMRS_HB_COMPLETE_v20 page 9_pages_26-50.md
053-998-059,,053,998,"Paint - Cab/Sleeper, Skirt, Exterior",VMRS_HB_COMPLETE_v20 page 9_pages_26-50.md
053-998-060,,053,998,"Paint - Cab/Sleeper, Complete, Exterior",VMRS_HB_COMPLETE_v20 page 9_pages_26-50.md
053-998-127,,053,998,Paint - Bus Body Exterior Side Sheets,VMRS_HB_COMPLETE_v20 page 9_pages_26-50.md
053-008-061,,053,008,"Paint - Cab/Sleeper, Complete Interior",VMRS_HB_COMPLETE_v20 page 9_pages_26-50.md
053-008-128,,053,008,"Paint - Bus Body, Exterior Sheet Metal",VMRS_HB_COMPLETE_v20 page 9_pages_26-50.md
050-330-001,,050,330,Paint Clathas Compartment,VMRS_HB_COMPLETE_v20 page 9_pages_26-50.md
050-330-120,,050,330,"Paint - Dus Dody, Exterior Cheet Metal Trim",VMRS_HB_COMPLETE_v20 page 9_pages_26-50.md
053-996-062,,053,996,Paint - Ciotnes Compartment,VMRS_HB_COMPLETE_v20 page 9_pages_26-50.md
053-996-129,,053,996,"Paint - Bus Body, Exterior Sneet Metal, Thm",VMRS_HB_COMPLETE_v20 page 9_pages_26-50.md
053-998-063,,053,998,"Paint - Complete Vehicle, Exterior",VMRS_HB_COMPLETE_v20 page 9_pages_26-50.md
053-998-130,,053,998,"Paint - Bus Body, Rub Rail",VMRS_HB_COMPLETE_v20 page 9_pages_26-50.md
053-998-064,,053,998,Paint - Cowl,VMRS_HB_COMPLETE_v20 page 9_pages_26-50.md
053-998-131,,053,998,"Paint - Bus Body, Roof Sheets and Hoods",VMRS_HB_COMPLETE_v20 page 9_pages_26-50.md
053-998-065,,053,998,"Paint - Cross Member, Engine Support, Front",VMRS_HB_COMPLETE_v20 page 9_pages_26-50.md
053-998-132,,053,998,"Paint - Bus Body, Roof Rail",VMRS_HB_COMPLETE_v20 page 9_pages_26-50.md
053-998-066,,053,998,Paint - Dash Panel,VMRS_HB_COMPLETE_v20 page 9_pages_26-50.md
053-998-133,,053,998,Paint - Bus Body Roof Static Vent,VMRS_HB_COMPLETE_v20 page 9_pages_26-50.md
053-008-067,,053,008,Paint - Deck Plate,VMRS_HB_COMPLETE_v20 page 9_pages_26-50.md
053-008-134,,053,008,"Paint - Bus Body, Inside Side Lining",VMRS_HB_COMPLETE_v20 page 9_pages_26-50.md
052-002-062,,052,002,Paint Deer Fuel Fill,VMRS_HB_COMPLETE_v20 page 9_pages_26-50.md
052-000-125,,052,000,"Daint Bus Body, Interior Sheet Metal Dear",VMRS_HB_COMPLETE_v20 page 9_pages_26-50.md
053-998-068,,053,998,"Paint - Door, Fuel Fill",VMRS_HB_COMPLETE_v20 page 9_pages_26-50.md
003-998-130,,003,998,"Paint - Bus Body, Interior Sneet Metal, Rear",VMRS_HB_COMPLETE_v20 page 9_pages_26-50.md
053-998-069,,053,998,"Paint - Drive Shaft, Main",VMRS_HB_COMPLETE_v20 page 9_pages_26-50.md
053-998-070,,053,998,Paint - Engine,VMRS_HB_COMPLETE_v20 page 9_pages_26-50.md
053-998-136,,053,998,"Paint - Bus Body, Interior Sheet Metal, Rear Left",VMRS_HB_COMPLETE_v20 page 9_pages_26-50.md
053-998-071,,053,998,"Paint - Fairing, Roof",VMRS_HB_COMPLETE_v20 page 9_pages_26-50.md
053-998-137,,053,998,"Paint - Bus Body, Interior Sheet Metal, Trim",VMRS_HB_COMPLETE_v20 page 9_pages_26-50.md
053-998-072,,053,998,"Paint - Fender, Front",VMRS_HB_COMPLETE_v20 page 9_pages_26-50.md
053-998-138,,053,998,"Paint - Bus Body Bumper, Front",VMRS_HB_COMPLETE_v20 page 9_pages_26-50.md
053-008-073,,053,008,"Paint - Fonder, Pear",VMRS_HB_COMPLETE_v20 page 9_pages_26-50.md
053-008-130,,053,008,"Paint - Bus Body, Liconso Plate Holder",VMRS_HB_COMPLETE_v20 page 9_pages_26-50.md
052-002-074,,052,002,Daint Fifth Wheel,VMRS_HB_COMPLETE_v20 page 9_pages_26-50.md
050-330-103,,050,330,"Paint Bus Body, Electise Flate Flotder",VMRS_HB_COMPLETE_v20 page 9_pages_26-50.md
053-998-074,,053,998,Paint - Filth wheel,VMRS_HB_COMPLETE_v20 page 9_pages_26-50.md
053-998-140,,053,998,"Paint - Bus Body, Bumper, Rear",VMRS_HB_COMPLETE_v20 page 9_pages_26-50.md
053-998-075,,053,998,Paint - Frame Rail,VMRS_HB_COMPLETE_v20 page 9_pages_26-50.md
053-998-141,,053,998,"Paint - Bus Body, Tow Hook",VMRS_HB_COMPLETE_v20 page 9_pages_26-50.md
053-998-076,,053,998,Paint - Front Steer Axle,VMRS_HB_COMPLETE_v20 page 9_pages_26-50.md
053-998-142,,053,998,"Paint - Bus Body, Engine Access, Exterior, Front",VMRS_HB_COMPLETE_v20 page 9_pages_26-50.md
053-998-077,,053,998,Paint - Fuel Tank,VMRS_HB_COMPLETE_v20 page 9_pages_26-50.md
053-998-143,,053,998,"Paint - Bus Body, Wheelhouse, Front",VMRS_HB_COMPLETE_v20 page 9_pages_26-50.md
053-998-078,,053,998,Paint - Grille,VMRS_HB_COMPLETE_v20 page 9_pages_26-50.md
053-998-144,,053,998,Paint - Bus Body Outward Opening Shell,VMRS_HB_COMPLETE_v20 page 9_pages_26-50.md
053-008-070,,053,008,Paint Grillo Air Intako,VMRS_HB_COMPLETE_v20 page 9_pages_26-50.md
053-008-145,,053,008,"Paint Bue Body, Glass Sido Window",VMRS_HB_COMPLETE_v20 page 9_pages_26-50.md
050-330-073,,050,330,Paint Loadlight Bazal,VMRS_HB_COMPLETE_v20 page 9_pages_26-50.md
050-330-140,,050,330,"Paint - Dus Dody, Class, Olde Window",VMRS_HB_COMPLETE_v20 page 9_pages_26-50.md
053-998-080,,053,998,Paint - Headlight Bezei,VMRS_HB_COMPLETE_v20 page 9_pages_26-50.md
053-998-081,,053,998,Paint - Hood,VMRS_HB_COMPLETE_v20 page 9_pages_26-50.md
053-998-147,,053,998,"Paint - Bus Body, Glass, Entrance Door",VMRS_HB_COMPLETE_v20 page 9_pages_26-50.md
053-998-082,,053,998,"Paint - Hub, Front Steer Wheel",VMRS_HB_COMPLETE_v20 page 9_pages_26-50.md
053-998-148,,053,998,"Paint - Bus Body, Glass, Driver Door",VMRS_HB_COMPLETE_v20 page 9_pages_26-50.md
053-998-083,,053,998,"Paint - Hub, Rear Drive Wheel",VMRS_HB_COMPLETE_v20 page 9_pages_26-50.md
053-998-149,,053,998,"Paint - Bus Body, Glass, Emergency Door",VMRS_HB_COMPLETE_v20 page 9_pages_26-50.md
053-998-084,,053,998,Paint - Mirror,VMRS_HB_COMPLETE_v20 page 9_pages_26-50.md
053-008-085,,053,008,Paint - Namenlate,VMRS_HB_COMPLETE_v20 page 9_pages_26-50.md
053-008-150,,053,008,"Paint - Bus Body, Glass, Wheelchair Lift Door",VMRS_HB_COMPLETE_v20 page 9_pages_26-50.md
052-002-005,,052,002,Paint Dear Drive Ayle,VMRS_HB_COMPLETE_v20 page 9_pages_26-50.md
052-000-000,,052,000,"Vehicle Eluida, Lubricanta, Gassa, & Darticulatas",VMRS_HB_COMPLETE_v20 page 9_pages_26-50.md
053-990-000,,053,990,Paint - Real Drive Axie,VMRS_HB_COMPLETE_v20 page 9_pages_26-50.md
053-999-000,,053,999,"venicie Fluids, Lubricarits, Gases, & Particulates",VMRS_HB_COMPLETE_v20 page 9_pages_26-50.md
053-998-087,,053,998,Paint - Running Board,VMRS_HB_COMPLETE_v20 page 9_pages_26-50.md
053-999-001,,053,999,Additive - Engine Oil,VMRS_HB_COMPLETE_v20 page 9_pages_26-50.md
053-998-088,,053,998,"Paint - Sun Visor, Exterior",VMRS_HB_COMPLETE_v20 page 9_pages_26-50.md
053-999-002,,053,999,Additive - Fuel,VMRS_HB_COMPLETE_v20 page 9_pages_26-50.md
053-998-089,,053,998,"Paint - Sun Visor, Interior",VMRS_HB_COMPLETE_v20 page 9_pages_26-50.md
053-999-003,,053,999,Additive - Radiator Coolant,VMRS_HB_COMPLETE_v20 page 9_pages_26-50.md
053-998-090,,053,998,Paint - Tag/Pusher Axle,VMRS_HB_COMPLETE_v20 page 9_pages_26-50.md
053-999-004,,053,999,Conditioner - Fuel,VMRS_HB_COMPLETE_v20 page 9_pages_26-50.md
053-998-091,,053,998,Paint - Transmission Automatic,VMRS_HB_COMPLETE_v20 page 9_pages_26-50.md
053-999-005,,053,999,Coolant - Badiator IAT,VMRS_HB_COMPLETE_v20 page 9_pages_26-50.md
052-002-002,,052,002,"Point Transmission, Manual",VMRS_HB_COMPLETE_v20 page 9_pages_26-50.md
050-333-000,,050,333,Eluid Air Brakes (Alashal),VMRS_HB_COMPLETE_v20 page 9_pages_26-50.md
053-996-092,,053,996,"Paint - Transmission, Manual",VMRS_HB_COMPLETE_v20 page 9_pages_26-50.md
053-998-093,,053,998,Paint - Body Structure,VMRS_HB_COMPLETE_v20 page 9_pages_26-50.md
053-999-007,,053,999,Fluid - Automatic Transmission,VMRS_HB_COMPLETE_v20 page 9_pages_26-50.md
053-998-094,,053,998,Paint - Exhaust System,VMRS_HB_COMPLETE_v20 page 9_pages_26-50.md
053-999-008,,053,999,Fluid - Hydraulic Brake,VMRS_HB_COMPLETE_v20 page 9_pages_26-50.md
053-998-095,,053,998,Paint - Exhaust Stack,VMRS_HB_COMPLETE_v20 page 9_pages_26-50.md
053-999-009,,053,999,Fluid - Hydraulic Clutch,VMRS_HB_COMPLETE_v20 page 9_pages_26-50.md
053-998-096,,053,998,Paint - Muffler,VMRS_HB_COMPLETE_v20 page 9_pages_26-50.md
053-999-010,,053,999,Fluid - Hvdraulic Lift Svstem,VMRS_HB_COMPLETE_v20 page 9_pages_26-50.md
053-998-097,,053,998,Paint - Drive Shaft Inter-Axle,VMRS_HB_COMPLETE_v20 page 9_pages_26-50.md
053-999-011,,053,999,Fluid - Power Steering,VMRS_HB_COMPLETE_v20 page 9_pages_26-50.md
053-000-012,,053,000,Fluid Tiro Balancing,VMRS_HB_COMPLETE_v20 page 9_pages_26-50.md
053-990-090,,053,990,,VMRS_HB_COMPLETE_v20 page 9_pages_26-50.md
053-999-012,,053,999,,VMRS_HB_COMPLETE_v20 page 9_pages_26-50.md
053-998-099,,053,998,Paint - Driveline,VMRS_HB_COMPLETE_v20 page 9_pages_26-50.md
053-999-013,,053,999,"Fuel - Diesel Engine, #1, On Road",VMRS_HB_COMPLETE_v20 page 9_pages_26-50.md
053-998-100,,053,998,"Paint - Wheel, Rear",VMRS_HB_COMPLETE_v20 page 9_pages_26-50.md
053-999-014,,053,999,Fuel - Gasoline Engine,VMRS_HB_COMPLETE_v20 page 9_pages_26-50.md
053-998-101,,053,998,"Paint - Wheel, Spare",VMRS_HB_COMPLETE_v20 page 9_pages_26-50.md
053-999-015,,053,999,Fuel - Propane / Natural Gas Engine,VMRS_HB_COMPLETE_v20 page 9_pages_26-50.md
053-998-102,,053,998,"Paint - Cross Member, Transmission Or Engine",VMRS_HB_COMPLETE_v20 page 9_pages_26-50.md
053-999-016,,053,999,Oil - Engine,VMRS_HB_COMPLETE_v20 page 9_pages_26-50.md
053-000-017,,053,000,Oil - Manual Transmission,VMRS_HB_COMPLETE_v20 page 9_pages_26-50.md
052-000-102,,052,000,Daint Cross Member Dear Support,VMRS_HB_COMPLETE_v20 page 9_pages_26-50.md
052-000-019,,052,000,Oil Goor,VMRS_HB_COMPLETE_v20 page 9_pages_26-50.md
053-996-103,,053,996,"Paint - Cross Member, Rear Suspension",VMRS_HB_COMPLETE_v20 page 9_pages_26-50.md
053-998-104,,053,998,"Paint - Cross Member, Frame, Intermediate",VMRS_HB_COMPLETE_v20 page 9_pages_26-50.md
053-999-019,,053,999,Oil - Steering Gear,VMRS_HB_COMPLETE_v20 page 9_pages_26-50.md
053-998-105,,053,998,"Paint - Cross Member, End Frame",VMRS_HB_COMPLETE_v20 page 9_pages_26-50.md
053-999-020,,053,999,Oil - Wheel Hub,VMRS_HB_COMPLETE_v20 page 9_pages_26-50.md
053-998-106,,053,998,Paint - Cab,VMRS_HB_COMPLETE_v20 page 9_pages_26-50.md
053-999-021,,053,999,Refrigerant - Air Conditioner,VMRS_HB_COMPLETE_v20 page 9_pages_26-50.md
053-998-107,,053,998,"Paint - Wheel, Front",VMRS_HB_COMPLETE_v20 page 9_pages_26-50.md
053-999-022,,053,999,Paint Kit - Hood Mask,VMRS_HB_COMPLETE_v20 page 9_pages_26-50.md
053-998-108,,053,998,Paint - Battery Box,VMRS_HB_COMPLETE_v20 page 9_pages_26-50.md
053-000-023,,053,000,Solvent - Windshield Washer,VMRS_HB_COMPLETE_v20 page 9_pages_26-50.md
052-000-100,,052,000,Doint Suppondian,VMRS_HB_COMPLETE_v20 page 9_pages_26-50.md
052-000-004,,052,000,,VMRS_HB_COMPLETE_v20 page 9_pages_26-50.md
000-990-109,,000,990,Faint - Suspension,VMRS_HB_COMPLETE_v20 page 9_pages_26-50.md
000-999-024,,000,999,,VMRS_HB_COMPLETE_v20 page 9_pages_26-50.md
053-998-110,,053,998,"Paint - Bus Body, Sedan Shell",VMRS_HB_COMPLETE_v20 page 9_pages_26-50.md
053-999-025,,053,999,"OII - Multi-Purpose, Transmission & Rear Axle",VMRS_HB_COMPLETE_v20 page 9_pages_26-50.md
053-998-111,,053,998,"Paint - Bus Body, Plug Shell",VMRS_HB_COMPLETE_v20 page 9_pages_26-50.md
053-999-026,,053,999,Grease - Multi-Purpose,VMRS_HB_COMPLETE_v20 page 9_pages_26-50.md
053-998-112,,053,998,"Paint - Bus Body, Side Exit Shell",VMRS_HB_COMPLETE_v20 page 9_pages_26-50.md
053-999-027,,053,999,Grease - Chassis,VMRS_HB_COMPLETE_v20 page 9_pages_26-50.md
053-998-113,,053,998,"Paint - Bus Body, Side Exit Plug Shell",VMRS_HB_COMPLETE_v20 page 9_pages_26-50.md
053-999-028,,053,999,Grease - Wheel Bearings,VMRS_HB_COMPLETE_v20 page 9_pages_26-50.md
053-008-114,,053,008,"Paint - Bus Body, Side Emergency Shall",VMRS_HB_COMPLETE_v20 page 9_pages_26-50.md
053-000-020,,053,000,Grease Lube - Fifth Wheel Plato,VMRS_HB_COMPLETE_v20 page 9_pages_26-50.md
000-000-114,,000,000,"ant - Dus Douy, olde Emergency onen",VMRS_HB_COMPLETE_v20 page 9_pages_26-50.md
000-000-020,,000,000,"Groube, Lube - Filler Wheel Flate",VMRS_HB_COMPLETE_v20 page 9_pages_26-50.md
053-999-105,,053,999,Test Strips - Coolant,VMRS_HB_COMPLETE_v20 page 9_pages_26-50.md
053-999-106,,053,999,Deicer,VMRS_HB_COMPLETE_v20 page 9_pages_26-50.md
053-999-107,,053,999,Cleaner - Vehicle Wash,VMRS_HB_COMPLETE_v20 page 9_pages_26-50.md
053-999-108,,053,999,Adhesive - Construction,VMRS_HB_COMPLETE_v20 page 9_pages_26-50.md
053-999-109,,053,999,Cleaner - Radiator,VMRS_HB_COMPLETE_v20 page 9_pages_26-50.md
053-999-110,,053,999,Liquid - Deodorizer,VMRS_HB_COMPLETE_v20 page 9_pages_26-50.md
053-999-111,,053,999,"Leak Detector - Oil, Fuel & Coolant",VMRS_HB_COMPLETE_v20 page 9_pages_26-50.md
053-999-112,,053,999,"Oil - Front Axle, Driven",VMRS_HB_COMPLETE_v20 page 9_pages_26-50.md
053-999-113,,053,999,Cleanup Kit - Body Fluid,VMRS_HB_COMPLETE_v20 page 9_pages_26-50.md
053-999-114,,053,999,Mounting Bracket - Body Fluid Cleanup Kit,VMRS_HB_COMPLETE_v20 page 9_pages_26-50.md
053-999-115,,053,999,Hardware Mounting - Body Fluid Cleanup Kit,VMRS_HB_COMPLETE_v20 page 9_pages_26-50.md
000-000-110,,000,000,Mounting Bracket,VMRS_HB_COMPLETE_v20 page 9_pages_26-50.md
053-000-116,,053,000,Remover - Adhesive,VMRS_HB_COMPLETE_v20 page 9_pages_26-50.md
053-000-117,,053,000,Donair Kit Fuol Tank,VMRS_HB_COMPLETE_v20 page 9_pages_26-50.md
052-000-119,,052,000,Cleaner Tire,VMRS_HB_COMPLETE_v20 page 9_pages_26-50.md
053-999-119,,053,999,Polish - Wheel,VMRS_HB_COMPLETE_v20 page 9_pages_26-50.md
053-999-120,,053,999,Cil. Outhatia Tananiasian,VMRS_HB_COMPLETE_v20 page 9_pages_26-50.md
053-999-121,,053,999,"OII - Synthetic, Transmission",VMRS_HB_COMPLETE_v20 page 9_pages_26-50.md
053-999-122,,053,999,"Repair Kit - Vinyi, Leather",VMRS_HB_COMPLETE_v20 page 9_pages_26-50.md
053-999-123,,053,999,"Liquid - Stop Leak, Radiator",VMRS_HB_COMPLETE_v20 page 9_pages_26-50.md
053-999-124,,053,999,Polish - Metal / Chrome,VMRS_HB_COMPLETE_v20 page 9_pages_26-50.md
053-999-125,,053,999,Cab Deodorizer,VMRS_HB_COMPLETE_v20 page 9_pages_26-50.md
053-999-126,,053,999,Tape - Seat Repair,VMRS_HB_COMPLETE_v20 page 9_pages_26-50.md
053-999-127,,053,999,Paste - Water Finding,VMRS_HB_COMPLETE_v20 page 9_pages_26-50.md
053-999-128,,053,999,Remover - Graffiti,VMRS_HB_COMPLETE_v20 page 9_pages_26-50.md
053-999-129,,053,999,Wax - Floor,VMRS_HB_COMPLETE_v20 page 9_pages_26-50.md
053-999-130,,053,999,Disinfectant,VMRS_HB_COMPLETE_v20 page 9_pages_26-50.md
053-999-131,,053,999,Tape - Antiskid,VMRS_HB_COMPLETE_v20 page 9_pages_26-50.md
053-999-132,,053,999,Adhesion Promoter - Glue,VMRS_HB_COMPLETE_v20 page 9_pages_26-50.md
053-999-133,,053,999,Lubricant - Tire,VMRS_HB_COMPLETE_v20 page 9_pages_26-50.md
053-999-134,,053,999,Repair Kit - Windshield,VMRS_HB_COMPLETE_v20 page 9_pages_26-50.md
053-999-135,,053,999,Oil - Cutting,VMRS_HB_COMPLETE_v20 page 9_pages_26-50.md
053-999-136,,053,999,Adhesive - Tarp,VMRS_HB_COMPLETE_v20 page 9_pages_26-50.md
053-999-137,,053,999,Sealant - Tarp,VMRS_HB_COMPLETE_v20 page 9_pages_26-50.md
053-000-138,,053,000,Solvent - Parts Wash,VMRS_HB_COMPLETE_v20 page 9_pages_26-50.md
,053-000,053,000,Cloapor Aluminum,VMRS_HB_COMPLETE_v20 page 9_pages_26-50.md
053-999-140,,053,999,,VMRS_HB_COMPLETE_v20 page 9_pages_26-50.md
053-999-141,,053,999,Nitrogen Compressed,VMRS_HB_COMPLETE_v20 page 9_pages_26-50.md
053-999-142,,053,999,Nillogen - Compressed,VMRS_HB_COMPLETE_v20 page 9_pages_26-50.md
053-999-143,,053,999,Bulane,VMRS_HB_COMPLETE_v20 page 9_pages_26-50.md
053-999-144,,053,999,Spray - Expandable Foam,VMRS_HB_COMPLETE_v20 page 9_pages_26-50.md
053-999-145,,053,999,Insect Repellant,VMRS_HB_COMPLETE_v20 page 9_pages_26-50.md
053-999-146,,053,999,Marker - Glass,VMRS_HB_COMPLETE_v20 page 9_pages_26-50.md
053-999-147,,053,999,Crayon/Marker - Tire,VMRS_HB_COMPLETE_v20 page 9_pages_26-50.md
053-999-148,,053,999,"Acetylene - Cylinder, Full",VMRS_HB_COMPLETE_v20 page 9_pages_26-50.md
053-999-149,,053,999,"Acetylene - Cylinder, Empty",VMRS_HB_COMPLETE_v20 page 9_pages_26-50.md
053-999-150,,053,999,"Oxygen - Cylinder, Full",VMRS_HB_COMPLETE_v20 page 9_pages_26-50.md
053-999-151,,053,999,"Oxygen - Cylinder, Empty",VMRS_HB_COMPLETE_v20 page 9_pages_26-50.md
053-999-152,,053,999,"Unamix - Cylinder, Full",VMRS_HB_COMPLETE_v20 page 9_pages_26-50.md
053-999-153,,053,999,"Unamix - Cylinder, Empty",VMRS_HB_COMPLETE_v20 page 9_pages_26-50.md
053-999-154,,053,999,"Argon - Cylinder, Full",VMRS_HB_COMPLETE_v20 page 9_pages_26-50.md
053-999-155,,053,999,"Argon - Cylinder, Empty",VMRS_HB_COMPLETE_v20 page 9_pages_26-50.md
053-999-156,,053,999,Chalk,VMRS_HB_COMPLETE_v20 page 9_pages_26-50.md
053-999-157,,053,999,Remover - Gasket,VMRS_HB_COMPLETE_v20 page 9_pages_26-50.md
053-999-158,,053,999,Tape - Duct,VMRS_HB_COMPLETE_v20 page 9_pages_26-50.md
053-999-159,,053,999,Tape - Package,VMRS_HB_COMPLETE_v20 page 9_pages_26-50.md
053-999-160,,053,999,"Oil - Air Compressor, Shop",VMRS_HB_COMPLETE_v20 page 9_pages_26-50.md
053-999-161,,053,999,Oil - Water Soluble,VMRS_HB_COMPLETE_v20 page 9_pages_26-50.md
053-999-162,,053,999,Electrolyte (Acid) - Battery,VMRS_HB_COMPLETE_v20 page 9_pages_26-50.md
053-999-163,,053,999,Tape - Boof Seam,VMRS_HB_COMPLETE_v20 page 9_pages_26-50.md
053-999-164,,053,999,Fuel - Diesel Engine #2 Off Road,VMRS_HB_COMPLETE_v20 page 9_pages_26-50.md
053-999-165,,053,999,Fluid - Diesel Exhaust (DEF),VMRS_HB_COMPLETE_v20 page 9_pages_26-50.md
053-000-166,,053,000,Oil - Semi-Synthetic Engine,VMRS_HB_COMPLETE_v20 page 9_pages_26-50.md
053-000-167,,053,000,,VMRS_HB_COMPLETE_v20 page 9_pages_26-50.md
053-000-160,,053,000,Destaration Kit Headlamp,VMRS_HB_COMPLETE_v20 page 9_pages_26-50.md
000-999-100,,000,999,Conditioner Transmission,VMRS_HB_COMPLETE_v20 page 9_pages_26-50.md
000-999-109,,000,999,Conditioner - Hansmission,VMRS_HB_COMPLETE_v20 page 9_pages_26-50.md
053-999-170,,053,999,Conditioner - Brake Fiuld,VMRS_HB_COMPLETE_v20 page 9_pages_26-50.md
053-999-171,,053,999,"Liquia - Stop Leak, EGR Cooler",VMRS_HB_COMPLETE_v20 page 9_pages_26-50.md
053-999-172,,053,999,MOISIURE PROOT - AEROSOI,VMRS_HB_COMPLETE_v20 page 9_pages_26-50.md
053-999-173,,053,999,"Liquid - Stop Leak, Engine Seals",VMRS_HB_COMPLETE_v20 page 9_pages_26-50.md
053-999-174,,053,999,Sealant - Alumilastic,VMRS_HB_COMPLETE_v20 page 9_pages_26-50.md
053-999-175,,053,999,Repair Kit - Plastic Tank,VMRS_HB_COMPLETE_v20 page 9_pages_26-50.md
053-999-245,,053,999,"Fluid - Transmission. Full Synthetic, Dual-Clutch",VMRS_HB_COMPLETE_v20 page 9_pages_26-50.md
053-999-176,,053,999,Grease - Spark Plug Boot,VMRS_HB_COMPLETE_v20 page 9_pages_26-50.md
053-999-177,,053,999,Compound - Bonding,VMRS_HB_COMPLETE_v20 page 9_pages_26-50.md
053-999-246,,053,999,Test Strips - Diesel Exhaust Fluid (DEF),VMRS_HB_COMPLETE_v20 page 9_pages_26-50.md
053-999-178,,053,999,"Compound - Shellac, Head Gasket",VMRS_HB_COMPLETE_v20 page 9_pages_26-50.md
053-999-247,,053,999,Lubricant - Graphite,VMRS_HB_COMPLETE_v20 page 9_pages_26-50.md
053-999-179,,053,999,Epoxy,VMRS_HB_COMPLETE_v20 page 9_pages_26-50.md
053-999-248,,053,999,Treatment - Engine,VMRS_HB_COMPLETE_v20 page 9_pages_26-50.md
053-999-180,,053,999,Gasket Maker,VMRS_HB_COMPLETE_v20 page 9_pages_26-50.md
053-999-249,,053,999,Grease - CV Joint,VMRS_HB_COMPLETE_v20 page 9_pages_26-50.md
053-999-181,,053,999,Liquid - Metal,VMRS_HB_COMPLETE_v20 page 9_pages_26-50.md
053-999-250,,053,999,Additive - Differential Fluid,VMRS_HB_COMPLETE_v20 page 9_pages_26-50.md
053-000-182,,053,000,Compound Potaining,VMRS_HB_COMPLETE_v20 page 9_pages_26-50.md
053-000-251,,053,000,Additive Eucland Oil Marino,VMRS_HB_COMPLETE_v20 page 9_pages_26-50.md
052-000-252,,052,000,Cleaner Acresol Upper Inteke,VMRS_HB_COMPLETE_v20 page 9_pages_26-50.md
053-999-103,,053,999,Compound - valve chinding,VMRS_HB_COMPLETE_v20 page 9_pages_26-50.md
053-999-252,,053,999,"Cleaner - Aerosol, Opper Intake",VMRS_HB_COMPLETE_v20 page 9_pages_26-50.md
053-999-184,,053,999,Cleaner - Plastic,VMRS_HB_COMPLETE_v20 page 9_pages_26-50.md
053-999-253,,053,999,Treatment - Power Steering,VMRS_HB_COMPLETE_v20 page 9_pages_26-50.md
053-999-185,,053,999,Dissolver - Silicone,VMRS_HB_COMPLETE_v20 page 9_pages_26-50.md
053-999-254,,053,999,"Fluid - Power Steering, Synthetic",VMRS_HB_COMPLETE_v20 page 9_pages_26-50.md
053-999-186,,053,999,"Dissolver - Gel, Rust",VMRS_HB_COMPLETE_v20 page 9_pages_26-50.md
053-999-255,,053,999,Flush - Power Steering,VMRS_HB_COMPLETE_v20 page 9_pages_26-50.md
053-999-187,,053,999,"Tape - Electrical, Liquid",VMRS_HB_COMPLETE_v20 page 9_pages_26-50.md
053-999-256,,053,999,Flush - Fuel Tank,VMRS_HB_COMPLETE_v20 page 9_pages_26-50.md
053-999-188,,053,999,Cleaner - Degreaser,VMRS_HB_COMPLETE_v20 page 9_pages_26-50.md
053-999-257,,053,999,"Coolant - Asian Blue, Radiator, OAT",VMRS_HB_COMPLETE_v20 page 9_pages_26-50.md
053-999-189,,053,999,Activator - Anaerobic,VMRS_HB_COMPLETE_v20 page 9_pages_26-50.md
053-999-258,,053,999,"Coolant - Asian Red, Radiator, OAT",VMRS_HB_COMPLETE_v20 page 9_pages_26-50.md
053-999-190,,053,999,Repair Kit - Fabric,VMRS_HB_COMPLETE_v20 page 9_pages_26-50.md
053-999-259,,053,999,"Coolant - European Blue, Radiator, HOAT",VMRS_HB_COMPLETE_v20 page 9_pages_26-50.md
053-999-191,,053,999,"Adhesive - Spray, Carpet and Headliner",VMRS_HB_COMPLETE_v20 page 9_pages_26-50.md
053-999-260,,053,999,"Coolant - North American Gold, Radiator, HOAT",VMRS_HB_COMPLETE_v20 page 9_pages_26-50.md
053-999-192,,053,999,Gasket Maker - Rubber,VMRS_HB_COMPLETE_v20 page 9_pages_26-50.md
053-999-261,,053,999,Kerosene,VMRS_HB_COMPLETE_v20 page 9_pages_26-50.md
053-999-193,,053,999,Lube - Chain,VMRS_HB_COMPLETE_v20 page 9_pages_26-50.md
053-999-262,,053,999,Oil - Bar and Chain,VMRS_HB_COMPLETE_v20 page 9_pages_26-50.md
053-999-194,,053,999,Silencer - Disc Brake,VMRS_HB_COMPLETE_v20 page 9_pages_26-50.md
053-999-263,,053,999,Flush - Engine,VMRS_HB_COMPLETE_v20 page 9_pages_26-50.md
053-000-105,,053,000,Lubricant - Lithium,VMRS_HB_COMPLETE_v20 page 9_pages_26-50.md
053-000-264,,053,000,Grease - Lithium,VMRS_HB_COMPLETE_v20 page 9_pages_26-50.md
053-000-106,,053,000,Lubricant - Synthotic,VMRS_HB_COMPLETE_v20 page 9_pages_26-50.md
053-000-265,,053,000,Grease - Marine,VMRS_HB_COMPLETE_v20 page 9_pages_26-50.md
052-000-107,,052,000,Adhasiya All Durasa Spray,VMRS_HB_COMPLETE_v20 page 9_pages_26-50.md
052-000-266,,052,000,Lood Substitute,VMRS_HB_COMPLETE_v20 page 9_pages_26-50.md
053-999-197,,053,999,"Adriesive - All-Purpose, Spray",VMRS_HB_COMPLETE_v20 page 9_pages_26-50.md
053-999-200,,053,999,Lead Substitute,VMRS_HB_COMPLETE_v20 page 9_pages_26-50.md
053-999-198,,053,999,"Cleaner - Brake & Parts, Non-Chlorinated",VMRS_HB_COMPLETE_v20 page 9_pages_26-50.md
053-999-267,,053,999,"Kit - Start Up & Maintenance, Air Compressor",VMRS_HB_COMPLETE_v20 page 9_pages_26-50.md
053-999-199,,053,999,"Activator - Surface Prep, Anaerobic",VMRS_HB_COMPLETE_v20 page 9_pages_26-50.md
053-999-268,,053,999,"Kit - Start Up, Gas Engine",VMRS_HB_COMPLETE_v20 page 9_pages_26-50.md
053-999-269,,053,999,"Fluid - Transmission, Automated Manual",VMRS_HB_COMPLETE_v20 page 9_pages_26-50.md
053-999-201,,053,999,"Sealant - Flange, Anaerobic",VMRS_HB_COMPLETE_v20 page 9_pages_26-50.md
053-999-270,,053,999,OII - Spindle,VMRS_HB_COMPLETE_v20 page 9_pages_26-50.md
053-999-202,,053,999,"Sealant - Adhesive, Silicone",VMRS_HB_COMPLETE_v20 page 9_pages_26-50.md
053-999-271,,053,999,Grease - Spindle,VMRS_HB_COMPLETE_v20 page 9_pages_26-50.md
053-999-203,,053,999,Stripper - Paint,VMRS_HB_COMPLETE_v20 page 9_pages_26-50.md
053-999-272,,053,999,Salt Eliminator,VMRS_HB_COMPLETE_v20 page 9_pages_26-50.md
053-999-204,,053,999,"Sealant - Glass, Silicone",VMRS_HB_COMPLETE_v20 page 9_pages_26-50.md
053-999-273,,053,999,"Lube - Spray, Food Grade",VMRS_HB_COMPLETE_v20 page 9_pages_26-50.md
053-999-205,,053,999,Sealant - Leak Repair,VMRS_HB_COMPLETE_v20 page 9_pages_26-50.md
054-000-000,,054,000,Horns & Mountings & Reverse Signal Alarms,VMRS_HB_COMPLETE_v20 page 9_pages_26-50.md
053-999-206,,053,999,"Cleaner - Brake & Parts, Chlorinated",VMRS_HB_COMPLETE_v20 page 9_pages_26-50.md
054-001-000,,054,001,Horn & Mounting,VMRS_HB_COMPLETE_v20 page 9_pages_26-50.md
053-999-207,,053,999,Nitrogen - Compressed Welding,VMRS_HB_COMPLETE_v20 page 9_pages_26-50.md
054-001-001,,054,001,Horn Assembly - Air,VMRS_HB_COMPLETE_v20 page 9_pages_26-50.md
053-000-208,,053,000,Sealant - Tire,VMRS_HB_COMPLETE_v20 page 9_pages_26-50.md
054-001-002,,054,001,Hardware Mounting - Horn Assembly,VMRS_HB_COMPLETE_v20 page 9_pages_26-50.md
052-000-200,,052,000,Sealant - The,VMRS_HB_COMPLETE_v20 page 9_pages_26-50.md
053-999-209,,053,999,"Fuel - Diodiesel, Neal",VMRS_HB_COMPLETE_v20 page 9_pages_26-50.md
054-001-003,,054,001,,VMRS_HB_COMPLETE_v20 page 9_pages_26-50.md
053-999-210,,053,999,"Fuel - Biodiesel, Biend",VMRS_HB_COMPLETE_v20 page 9_pages_26-50.md
054-001-004,,054,001,Actuator - Horn,VMRS_HB_COMPLETE_v20 page 9_pages_26-50.md
053-999-211,,053,999,Sealant - Foam,VMRS_HB_COMPLETE_v20 page 9_pages_26-50.md
054-001-005,,054,001,Cushion - Horn Actuator,VMRS_HB_COMPLETE_v20 page 9_pages_26-50.md
053-999-212,,053,999,"Coolant - Radiator, OAI",VMRS_HB_COMPLETE_v20 page 9_pages_26-50.md
054-001-006,,054,001,Hardware - Actuator Cushion,VMRS_HB_COMPLETE_v20 page 9_pages_26-50.md
053-999-213,,053,999,"Coolant - Radiator, NOAT",VMRS_HB_COMPLETE_v20 page 9_pages_26-50.md
054-001-007,,054,001,Emblem - Horn Button,VMRS_HB_COMPLETE_v20 page 9_pages_26-50.md
053-999-214,,053,999,"Coolant - Radiator, HOAT",VMRS_HB_COMPLETE_v20 page 9_pages_26-50.md
054-001-008,,054,001,Contact - Horn,VMRS_HB_COMPLETE_v20 page 9_pages_26-50.md
053-999-215,,053,999,"Coolant - Non-Aqueous, Radiator",VMRS_HB_COMPLETE_v20 page 9_pages_26-50.md
054-001-009,,054,001,Spring - Horn Contact,VMRS_HB_COMPLETE_v20 page 9_pages_26-50.md
053-999-216,,053,999,Analysis Kit - Fuel,VMRS_HB_COMPLETE_v20 page 9_pages_26-50.md
054-001-010,,054,001,Insulator - Horn Contact,VMRS_HB_COMPLETE_v20 page 9_pages_26-50.md
053-999-217,,053,999,Analysis Kit - Hydraulic Fluid,VMRS_HB_COMPLETE_v20 page 9_pages_26-50.md
054-001-011,,054,001,Sleeve Assembly - Horn Wire & Contact,VMRS_HB_COMPLETE_v20 page 9_pages_26-50.md
053-999-218,,053,999,Pump - Oil Analysis,VMRS_HB_COMPLETE_v20 page 9_pages_26-50.md
054-001-012,,054,001,Connector Assembly - Horn Or Column Housing,VMRS_HB_COMPLETE_v20 page 9_pages_26-50.md
053-999-219,,053,999,Fluid - Active Suspension System,VMRS_HB_COMPLETE_v20 page 9_pages_26-50.md
054-001-013,,054,001,Wiring Horn - Steering Column,VMRS_HB_COMPLETE_v20 page 9_pages_26-50.md
053-999-220,,053,999,Fluid - Active Torque Transfer Unit,VMRS_HB_COMPLETE_v20 page 9_pages_26-50.md
054-001-014,,054,001,Relay Assembly - Horn,VMRS_HB_COMPLETE_v20 page 9_pages_26-50.md
053-000-221,,053,000,Fluid - Active Yaw Control System,VMRS_HB_COMPLETE_v20 page 9_pages_26-50.md
054-001-015,,054,001,Button - Horn,VMRS_HB_COMPLETE_v20 page 9_pages_26-50.md
050-999-221,,050,999,Fluid - Active Taw Control System,VMRS_HB_COMPLETE_v20 page 9_pages_26-50.md
053-999-222,,053,999,,VMRS_HB_COMPLETE_v20 page 9_pages_26-50.md
054-001-017,,054,001,,VMRS_HB_COMPLETE_v20 page 9_pages_26-50.md
053-999-223,,053,999,Fluid - Final Drive,VMRS_HB_COMPLETE_v20 page 9_pages_26-50.md
053-999-224,,053,999,Fluid - Intermediate Reduction Drive,VMRS_HB_COMPLETE_v20 page 9_pages_26-50.md
054-001-018,,054,001,Support - Air Horn Bell,VMRS_HB_COMPLETE_v20 page 9_pages_26-50.md
053-999-225,,053,999,Fluid - Supercharger,VMRS_HB_COMPLETE_v20 page 9_pages_26-50.md
054-001-019,,054,001,"Repair Kit - Diaphragm, Air Horn",VMRS_HB_COMPLETE_v20 page 9_pages_26-50.md
053-999-226,,053,999,Fluid - Supercharger Intercooler,VMRS_HB_COMPLETE_v20 page 9_pages_26-50.md
054-001-020,,054,001,Mounting Kit - Air Horn,VMRS_HB_COMPLETE_v20 page 9_pages_26-50.md
053-999-227,,053,999,Fluid - Transfer Case,VMRS_HB_COMPLETE_v20 page 9_pages_26-50.md
054-001-021,,054,001,Guard - Air Horn Bell,VMRS_HB_COMPLETE_v20 page 9_pages_26-50.md
053-999-228,,053,999,Fluid - Turbocharger Intercooler,VMRS_HB_COMPLETE_v20 page 9_pages_26-50.md
054-001-022,,054,001,Seat - Horn Button Spring,VMRS_HB_COMPLETE_v20 page 9_pages_26-50.md
053-999-229,,053,999,Fluid - Brake Hydraulic Booster,VMRS_HB_COMPLETE_v20 page 9_pages_26-50.md
054-001-023,,054,001,Cup - Horn Button,VMRS_HB_COMPLETE_v20 page 9_pages_26-50.md
053-999-230,,053,999,Fluid - Dashpot,VMRS_HB_COMPLETE_v20 page 9_pages_26-50.md
054-001-024,,054,001,Spacer - Horn Button,VMRS_HB_COMPLETE_v20 page 9_pages_26-50.md
053-999-231,,053,999,Conditioner - Differential Fluid,VMRS_HB_COMPLETE_v20 page 9_pages_26-50.md
054-001-025,,054,001,Retaining Screw - Horn Button,VMRS_HB_COMPLETE_v20 page 9_pages_26-50.md
053-999-232,,053,999,Fluid - Drive Belt Tensioner,VMRS_HB_COMPLETE_v20 page 9_pages_26-50.md
054-001-026,,054,001,Cover - Horn Valve,VMRS_HB_COMPLETE_v20 page 9_pages_26-50.md
053-999-233,,053,999,Conditioner - Manual Transmission Fluid,VMRS_HB_COMPLETE_v20 page 9_pages_26-50.md
054-001-027,,054,001,Pull Cable - Air Horn,VMRS_HB_COMPLETE_v20 page 9_pages_26-50.md
053-000-234,,053,000,Eluid - Traction Control System,VMRS_HB_COMPLETE_v20 page 9_pages_26-50.md
054-001-028,,054,001,Soal - Gaskot,VMRS_HB_COMPLETE_v20 page 9_pages_26-50.md
053-000-225,,053,000,Coolant - Hybrid Inverter,VMRS_HB_COMPLETE_v20 page 9_pages_26-50.md
053-000-000,,053,000,Tosting Supplion Crude Oil,VMRS_HB_COMPLETE_v20 page 9_pages_26-50.md
054-001-029,,054,001,,VMRS_HB_COMPLETE_v20 page 9_pages_26-50.md
000-999-230,,000,999,Cashet Canaral Use,VMRS_HB_COMPLETE_v20 page 9_pages_26-50.md
054-001-030,,054,001,,VMRS_HB_COMPLETE_v20 page 9_pages_26-50.md
053-999-237,,053,999,Gasket - General Use,VMRS_HB_COMPLETE_v20 page 9_pages_26-50.md
054-001-031,,054,001,Diaphragm - Air Horn,VMRS_HB_COMPLETE_v20 page 9_pages_26-50.md
053-999-238,,053,999,Glue - Rubber,VMRS_HB_COMPLETE_v20 page 9_pages_26-50.md
054-001-032,,054,001,Amplifier - Siren,VMRS_HB_COMPLETE_v20 page 9_pages_26-50.md
053-999-239,,053,999,Oil - Air Conditioning Compressor,VMRS_HB_COMPLETE_v20 page 9_pages_26-50.md
054-001-033,,054,001,Siren Assembly,VMRS_HB_COMPLETE_v20 page 9_pages_26-50.md
053-999-240,,053,999,"Restorer - Floor, Trailer",VMRS_HB_COMPLETE_v20 page 9_pages_26-50.md
054-001-034,,054,001,Brush - Siren Motor,VMRS_HB_COMPLETE_v20 page 9_pages_26-50.md
053-999-241,,053,999,"Filler - Damage, Floor, Trailer",VMRS_HB_COMPLETE_v20 page 9_pages_26-50.md
054-001-035,,054,001,Clutch - Siren Motor,VMRS_HB_COMPLETE_v20 page 9_pages_26-50.md
053-999-242,,053,999,"Epoxy - Side Wall Repair, Trailer",VMRS_HB_COMPLETE_v20 page 9_pages_26-50.md
054-001-036,,054,001,Motor - Siren,VMRS_HB_COMPLETE_v20 page 9_pages_26-50.md
053-999-243,,053,999,"Additive - Traction, Floor, Trailer",VMRS_HB_COMPLETE_v20 page 9_pages_26-50.md
054-001-037,,054,001,Spacer - Air Horn Shield,VMRS_HB_COMPLETE_v20 page 9_pages_26-50.md
053-999-244,,053,999,"Fluid - Transmission, Full Synthetic,",VMRS_HB_COMPLETE_v20 page 9_pages_26-50.md
054-001-038,,054,001,Speaker - Siren,VMRS_HB_COMPLETE_v20 page 9_pages_26-50.md
054-001-039,,054,001,Switch - Siren,VMRS_HB_COMPLETE_v20 page 9_pages_26-50.md
054-001-040,,054,001,"Control - Remote Air Control, Horn",VMRS_HB_COMPLETE_v20 page 9_pages_26-50.md
054-001-041,,054,001,"Solenoid - Remote Air Control, Air Horn",VMRS_HB_COMPLETE_v20 page 9_pages_26-50.md
054-001-042,,054,001,Horn Assembly - City,VMRS_HB_COMPLETE_v20 page 9_pages_26-50.md
054-001-043,,054,001,Switch - Air Horn,VMRS_HB_COMPLETE_v20 page 9_pages_26-50.md
054-001-044,,054,001,Wiring Harness - Air Horn,VMRS_HB_COMPLETE_v20 page 9_pages_26-50.md
054-001-045,,054,001,"Bracket - Valve, Air Horn",VMRS_HB_COMPLETE_v20 page 9_pages_26-50.md
054-001-046,,054,001,"Grommet - Rubber, Air Horn",VMRS_HB_COMPLETE_v20 page 9_pages_26-50.md
054-001-047,,054,001,Plate And Brush - Horn,VMRS_HB_COMPLETE_v20 page 9_pages_26-50.md
054-001-050,,054,001,Wiring - City Horn,VMRS_HB_COMPLETE_v20 page 9_pages_26-50.md
054-001-051,,054,001,Compressor - Air Horn,VMRS_HB_COMPLETE_v20 page 9_pages_26-50.md
054-001-052,,054,001,Backing Plate - Mounting Air Horn,VMRS_HB_COMPLETE_v20 page 9_pages_26-50.md
054-001-053,,054,001,Valve - Air Horn Single,VMRS_HB_COMPLETE_v20 page 9_pages_26-50.md
054-001-054,,054,001,Holder - Contact. Horn,VMRS_HB_COMPLETE_v20 page 9_pages_26-50.md
054-001-055,,054,001,Horn - Electric,VMRS_HB_COMPLETE_v20 page 9_pages_26-50.md
054-001-056,,054,001,"Bracket - Lanyard, Air Horn",VMRS_HB_COMPLETE_v20 page 9_pages_26-50.md
054-001-057,,054,001,"Cam - Cancelling, Horn",VMRS_HB_COMPLETE_v20 page 9_pages_26-50.md
054-002-000,,054,002,Alarm,VMRS_HB_COMPLETE_v20 page 9_pages_26-50.md
054-002-001,,054,002,Alarm - Reverse Signal,VMRS_HB_COMPLETE_v20 page 9_pages_26-50.md
054-002-003,,054,002,"Switch, Alarm - Reverse Signal",VMRS_HB_COMPLETE_v20 page 9_pages_26-50.md
054-002-005,,054,002,"Hardware, Mounting - Reverse Signal Alarm",VMRS_HB_COMPLETE_v20 page 9_pages_26-50.md
054-002-006,,054,002,"Bracket, Alarm - Reverse Signal",VMRS_HB_COMPLETE_v20 page 9_pages_26-50.md
054-002-007,,054,002,"Wiring, Alarm - Reverse Signal",VMRS_HB_COMPLETE_v20 page 9_pages_26-50.md
054-002-008,,054,002,Sensor - Reverse Motion,VMRS_HB_COMPLETE_v20 page 9_pages_26-50.md
054-002-009,,054,002,Mounting Bracket - Reverse Motion Sensor,VMRS_HB_COMPLETE_v20 page 9_pages_26-50.md
054-002-010,,054,002,"Hardware, Mounting - Reverse Motion Sensor",VMRS_HB_COMPLETE_v20 page 9_pages_26-50.md
054-002-011,,054,002,Control Unit Darking Aid,VMRS_HB_COMPLETE_v20 page 9_pages_26-50.md
055-000-000,,055,000,Platform - Power Liftgate Platform Components,VMRS_HB_COMPLETE_v20 page 9_pages_26-50.md
055-001-001,,055,001,Platform Assembly - Power Liftgate,VMRS_HB_COMPLETE_v20 page 9_pages_26-50.md
055-001-002,,055,001,Platform - Power Liftgate,VMRS_HB_COMPLETE_v20 page 9_pages_26-50.md
055-001-003,,055,001,"Wear Plate - Platform, Power Liftgate",VMRS_HB_COMPLETE_v20 page 9_pages_26-50.md
055-001-004,,055,001,Cross Members,VMRS_HB_COMPLETE_v20 page 9_pages_26-50.md
055-001-005,,055,001,"Hardware, Mounting - Platform Assembly",VMRS_HB_COMPLETE_v20 page 9_pages_26-50.md
055-001-006,,055,001,Ramp - Power Liftgate,VMRS_HB_COMPLETE_v20 page 9_pages_26-50.md
055-001-007,,055,001,Pin - Ramp,VMRS_HB_COMPLETE_v20 page 9_pages_26-50.md
055-001-008,,055,001,Eye Bolt - Ramp,VMRS_HB_COMPLETE_v20 page 9_pages_26-50.md
055-001-009,,055,001,Hold-Up - Ramp,VMRS_HB_COMPLETE_v20 page 9_pages_26-50.md
055-001-010,,055,001,"Chain - Salety, Power Liligate",VMRS_HB_COMPLETE_v20 page 9_pages_26-50.md
055-001-012,,055,001,Clevis - Safety Chain,VMRS_HB_COMPLETE_v20 page 9_pages_26-50.md
055-001-014,,055,001,"Hook - Grab, Safety Chain",VMRS_HB_COMPLETE_v20 page 9_pages_26-50.md
055-001-015,,055,001,Dock Bumper,VMRS_HB_COMPLETE_v20 page 9_pages_26-50.md
055-001-016,,055,001,"Lift Arm, R. H.",VMRS_HB_COMPLETE_v20 page 9_pages_26-50.md
055-001-017,,055,001,Liftframe,VMRS_HB_COMPLETE_v20 page 9_pages_26-50.md
055-001-018,,055,001,Mainframe,VMRS_HB_COMPLETE_v20 page 9_pages_26-50.md
055-001-019,,055,001,Platform Opener,VMRS_HB_COMPLETE_v20 page 9_pages_26-50.md
055-001-020,,055,001,Dock Bumper Pad,VMRS_HB_COMPLETE_v20 page 9_pages_26-50.md
055-001-021,,055,001,Parallel Arm,VMRS_HB_COMPLETE_v20 page 9_pages_26-50.md
055-001-022,,055,001,LINKage PINDeek Plate Dewar Littante,VMRS_HB_COMPLETE_v20 page 9_pages_26-50.md
055-001-023,,055,001,Boller Assembly - Platform Power Liftgate,VMRS_HB_COMPLETE_v20 page 9_pages_26-50.md
055-001-025,,055,001,Saddle,VMRS_HB_COMPLETE_v20 page 9_pages_26-50.md
055-001-026,,055,001,"Shackle, R. H.",VMRS_HB_COMPLETE_v20 page 9_pages_26-50.md
055-001-027,,055,001,"Torsion Spring, R. H.",VMRS_HB_COMPLETE_v20 page 9_pages_26-50.md
055-001-028,,055,001,"Dock Bumper Support, R.H.",VMRS_HB_COMPLETE_v20 page 9_pages_26-50.md
055-001-029,,055,001,"Dock Bumper Support, L.H.",VMRS_HB_COMPLETE_v20 page 9_pages_26-50.md
055-001-030,,055,001,"Lift Arm, L. H.",VMRS_HB_COMPLETE_v20 page 9_pages_26-50.md
055-001-031,,055,001,"Shackle, L. H.",VMRS_HB_COMPLETE_v20 page 9_pages_26-50.md
055-001-032,,055,001,"Torsion Spring, L. H.",VMRS_HB_COMPLETE_v20 page 9_pages_26-50.md
055-001-033,,055,001,Dock Bumper Angle,VMRS_HB_COMPLETE_v20 page 9_pages_26-50.md
055-001-035,,055,001,Hinde - Liftaate,VMRS_HB_COMPLETE_v20 page 9_pages_26-50.md
055-001-037,,055,001,Stop - Liftgate,VMRS_HB_COMPLETE_v20 page 9_pages_26-50.md
055-001-038,,055,001,Bracket - Ramp,VMRS_HB_COMPLETE_v20 page 9_pages_26-50.md
055-001-039,,055,001,"Label - Operating Instruction, Ramp",VMRS_HB_COMPLETE_v20 page 9_pages_26-50.md
055-001-040,,055,001,"Spring - Anti-Bounce, Ramp",VMRS_HB_COMPLETE_v20 page 9_pages_26-50.md
055-001-041,,055,001,Frame - Ramp,VMRS_HB_COMPLETE_v20 page 9_pages_26-50.md
055-001-042,,055,001,Handle - Ramp,VMRS_HB_COMPLETE_v20 page 9_pages_26-50.md
055-001-043,,055,001,Latch - Ramp,VMRS_HB_COMPLETE_v20 page 9_pages_26-50.md
055-001-044,,055,001,Plate - Stop Ramp,VMRS_HB_COMPLETE_v20 page 9_pages_26-50.md
055-001-045,,055,001,Hook - Bamp,VMRS_HB_COMPLETE_v20 page 9_pages_26-50.md
055-001-046,,055,001,Inderearriage Damp,VMRS_HB_COMPLETE_v20 page 9_pages_26-50.md
055-001-047,,055,001,wheel - Ramp,VMRS_HB_COMPLETE_v20 page 9_pages_26-50.md
055-001-048,,055,001,Radius Arm Assembly,VMRS_HB_COMPLETE_v20 page 9_pages_26-50.md
055-001-049,,055,001,Casting - Ramp End,VMRS_HB_COMPLETE_v20 page 9_pages_26-50.md
055-001-050,,055,001,"Kit - Replacement Pivot Pin, Liftgate",VMRS_HB_COMPLETE_v20 page 9_pages_26-50.md
055-001-051,,055,001,"Bracket - Arm, Liftgate",VMRS_HB_COMPLETE_v20 page 9_pages_26-50.md
055-001-052,,055,001,"Pin - Hinge, Liftgate",VMRS_HB_COMPLETE_v20 page 9_pages_26-50.md
055-001-053,,055,001,"Bar - Torsion, Liftgate",VMRS_HB_COMPLETE_v20 page 9_pages_26-50.md
055-001-054,,055,001,Bumper Bunner/wLights - Liftgate,VMRS_HB_COMPLETE_v20 page 9_pages_26-50.md
055-001-055,,055,001,Decal - Caution Use Handle,VMRS_HB_COMPLETE_v20 page 9_pages_26-50.md
055-001-057,,055,001,Decal - Warning Avoid Riding,VMRS_HB_COMPLETE_v20 page 9_pages_26-50.md
055-001-058,,055,001,Decal - Danger Liftgate Can Crush,VMRS_HB_COMPLETE_v20 page 9_pages_26-50.md
055-001-059,,055,001,Decal - Warning Keep Clear,VMRS_HB_COMPLETE_v20 page 9_pages_26-50.md
055-001-060,,055,001,Decal - Warning Max Capacity,VMRS_HB_COMPLETE_v20 page 9_pages_26-50.md
055-001-061,,055,001,Decal - Safety Turn Latch,VMRS_HB_COMPLETE_v20 page 9_pages_26-50.md
055-001-062,,055,001,Trunnion - Lift,VMRS_HB_COMPLETE_v20 page 9_pages_26-50.md
055-001-063,,055,001,Mount Plate - Liftgate,VMRS_HB_COMPLETE_v20 page 9_pages_26-50.md
055-001-064,,055,001,Cover - Power Unit,VMRS_HB_COMPLETE_v20 page 9_pages_26-50.md
055-001-065,,055,001,Bar - Underrun,VMRS_HB_COMPLETE_v20 page 9_pages_26-50.md
055-001-066,,055,001,Tilt Assembly Upper Loft,VMRS_HB_COMPLETE_v20 page 9_pages_26-50.md
055-001-000,,055,001,"Tilt Assembly - Opper, Leit",VMRS_HB_COMPLETE_v20 page 9_pages_26-50.md
055-001-068,,055,001,Frame - Main Lift,VMRS_HB_COMPLETE_v20 page 9_pages_26-50.md
055-001-069,,055,001,Stop Block - Lower Left,VMRS_HB_COMPLETE_v20 page 9_pages_26-50.md
055-001-070,,055,001,"Stop Block - Lower, Right",VMRS_HB_COMPLETE_v20 page 9_pages_26-50.md
055-001-071,,055,001,Spring Stop - Left,VMRS_HB_COMPLETE_v20 page 9_pages_26-50.md
055-001-072,,055,001,Spring Stop - Right,VMRS_HB_COMPLETE_v20 page 9_pages_26-50.md
055-001-073,,055,001,Pin - Upper Lift Arm,VMRS_HB_COMPLETE_v20 page 9_pages_26-50.md
055-001-074,,055,001,"Pin - Mounting, Lower Cylinder",VMRS_HB_COMPLETE_v20 page 9_pages_26-50.md
055-001-075,,055,001,"Pin - Mounting, Upper Cylinder",VMRS_HB_COMPLETE_v20 page 9_pages_26-50.md
055-001-076,,055,001,Pin - Upper Main Frame,VMRS_HB_COMPLETE_v20 page 9_pages_26-50.md
055-001-077,,055,001,Pin - Lower Lift Arm,VMRS_HB_COMPLETE_v20 page 9_pages_26-50.md
055-001-078,,055,001,Pin - Poller Liftgate,VMRS_HB_COMPLETE_v20 page 9_pages_26-50.md
055-001-090,,055,001,"Toardrop - Lift Chain, Left",VMRS_HB_COMPLETE_v20 page 9_pages_26-50.md
055-001-081,,055,001,"Remote - Hand Held, Fower Lingale",VMRS_HB_COMPLETE_v20 page 9_pages_26-50.md
055-001-082,,055,001,Bushing weidment - Hose Clamp,VMRS_HB_COMPLETE_v20 page 9_pages_26-50.md
055-001-083,,055,001,"Hinge Bracket - Liftgate, Inside",VMRS_HB_COMPLETE_v20 page 9_pages_26-50.md
055-001-084,,055,001,"Hinge Bracket - Liftgate, Outside",VMRS_HB_COMPLETE_v20 page 9_pages_26-50.md
055-001-085,,055,001,Battery - Liftgate,VMRS_HB_COMPLETE_v20 page 9_pages_26-50.md
055-001-086,,055,001,"Anchor - Torsion Bar, Liftgate",VMRS_HB_COMPLETE_v20 page 9_pages_26-50.md
055-001-087,,055,001,Liftgate Assembly - Complete,VMRS_HB_COMPLETE_v20 page 9_pages_26-50.md
055-001-088,,055,001,"O-Ring - Face Seal Tube End, Power Down",VMRS_HB_COMPLETE_v20 page 9_pages_26-50.md
055-001-089,,055,001,Pin Weldment - Main Frame Assembly,VMRS_HB_COMPLETE_v20 page 9_pages_26-50.md
055-001-091,,055,001,Roller Assembly - Lift Flame,VMRS_HB_COMPLETE_v20 page 9_pages_26-50.md
055-001-092,,055,001,"Platform - Channel, Side",VMRS_HB_COMPLETE_v20 page 9_pages_26-50.md
055-001-093,,055,001,End Cap - Pivot,VMRS_HB_COMPLETE_v20 page 9_pages_26-50.md
055-001-094,,055,001,"Step - Flexible, Platform, Liftgate",VMRS_HB_COMPLETE_v20 page 9_pages_26-50.md
055-001-095,,055,001,"Cable - Step, Liftgate",VMRS_HB_COMPLETE_v20 page 9_pages_26-50.md
055-001-096,,055,001,"Bumper - Plastic, Step, Liftgate",VMRS_HB_COMPLETE_v20 page 9_pages_26-50.md
055-001-097,,055,001,"Mounting, Hardware - Step, Liftgate",VMRS_HB_COMPLETE_v20 page 9_pages_26-50.md
055-001-098,,055,001,Trail Charger Assembly,VMRS_HB_COMPLETE_v20 page 9_pages_26-50.md
055-001-099,,055,001,"Direct Control - with 7 Way Connection, Trail",VMRS_HB_COMPLETE_v20 page 9_pages_26-50.md
055-001-100,,055,001,Module - with Harness Trail Charger,VMRS_HB_COMPLETE_v20 page 9_pages_26-50.md
055-001-101,,055,001,Nose Box - Trail Charger,VMRS_HB_COMPLETE_v20 page 9_pages_26-50.md
055-001-102,,055,001,Cover - Trail Charger,VMRS_HB_COMPLETE_v20 page 9_pages_26-50.md
000-001-103,,000,001,"naroware, Mounting - Trail Charger",VMRS_HB_COMPLETE_v20 page 9_pages_26-50.md
055-001-104,,055,001,"wounting Bracket - Battery Box, Metal",VMRS_HB_COMPLETE_v20 page 9_pages_26-50.md
055-001-105,,055,001,Latch - Liftgate Assembly,VMRS_HB_COMPLETE_v20 page 9_pages_26-50.md
055-001-106,,055,001,"Pin Kit - Platform, Liftgate",VMRS_HB_COMPLETE_v20 page 9_pages_26-50.md
055-001-107,,055,001,Tube - Lubricant,VMRS_HB_COMPLETE_v20 page 9_pages_26-50.md
055-001-108,,055,001,Harness - Plate Assembly,VMRS_HB_COMPLETE_v20 page 9_pages_26-50.md
055-001-109,,055,001,Wiring - Trail Charger,VMRS_HB_COMPLETE_v20 page 9_pages_26-50.md
055-001-110,,055,001,Pin - Retainer Assembly,VMRS_HB_COMPLETE_v20 page 9_pages_26-50.md
055-001-111,,055,001,Charging Plate Assembly - Trail Charger,VMRS_HB_COMPLETE_v20 page 9_pages_26-50.md
055-005-011,,055,005,Piston - Hydraulic Pump,VMRS_HB_COMPLETE_v20 page 9_pages_26-50.md
055-001-112,,055,001,"Module - Direct Control, Trail Charger",VMRS_HB_COMPLETE_v20 page 9_pages_26-50.md
055-005-012,,055,005,Cylinder - Hydraulic Pump,VMRS_HB_COMPLETE_v20 page 9_pages_26-50.md
055-001-113,,055,001,Tensioner - Chain,VMRS_HB_COMPLETE_v20 page 9_pages_26-50.md
055-005-013,,055,005,Seal - Hydraulic Pump,VMRS_HB_COMPLETE_v20 page 9_pages_26-50.md
055-001-114,,055,001,Latch - Remote Pump Box,VMRS_HB_COMPLETE_v20 page 9_pages_26-50.md
055-005-014,,055,005,Stop - Cargo,VMRS_HB_COMPLETE_v20 page 9_pages_26-50.md
055-001-116,,055,001,Pin - Torsion Arm,VMRS_HB_COMPLETE_v20 page 9_pages_26-50.md
055-005-016,,055,005,Housing - Hydraulic Pump & Valve,VMRS_HB_COMPLETE_v20 page 9_pages_26-50.md
055-002-000,,055,002,Vertical Slides - Power Tailgate,VMRS_HB_COMPLETE_v20 page 9_pages_26-50.md
055-005-017,,055,005,"Tee Fitting - Tubing, Male",VMRS_HB_COMPLETE_v20 page 9_pages_26-50.md
055-002-001,,055,002,Vertical Slides,VMRS_HB_COMPLETE_v20 page 9_pages_26-50.md
055-005-018,,055,005,Tee Fitting - Female,VMRS_HB_COMPLETE_v20 page 9_pages_26-50.md
055-002-002,,055,002,"Hardware, Mounting - Vertical Slides",VMRS_HB_COMPLETE_v20 page 9_pages_26-50.md
055-005-019,,055,005,Tee Fitting - Tubing,VMRS_HB_COMPLETE_v20 page 9_pages_26-50.md
055-003-000,,055,003,Ram - Power Tailgate,VMRS_HB_COMPLETE_v20 page 9_pages_26-50.md
055-005-020,,055,005,Elbow Fitting - Male,VMRS_HB_COMPLETE_v20 page 9_pages_26-50.md
055-003-001,,055,003,Ram Assembly,VMRS_HB_COMPLETE_v20 page 9_pages_26-50.md
055-005-021,,055,005,Elbow Fitting - Female,VMRS_HB_COMPLETE_v20 page 9_pages_26-50.md
055-003-002,,055,003,"Cylinder - Ram, Power Tailgate",VMRS_HB_COMPLETE_v20 page 9_pages_26-50.md
055-005-022,,055,005,Elbow Fitting,VMRS_HB_COMPLETE_v20 page 9_pages_26-50.md
055-003-003,,055,003,Valve,VMRS_HB_COMPLETE_v20 page 9_pages_26-50.md
055-005-023,,055,005,Fitting - Bulkhead Union,VMRS_HB_COMPLETE_v20 page 9_pages_26-50.md
055-003-004,,055,003,HOSESControl Dom Dower Tailante,VMRS_HB_COMPLETE_v20 page 9_pages_26-50.md
055-005-024,,055,005,NutFarrula Frant,VMRS_HB_COMPLETE_v20 page 9_pages_26-50.md
055-003-005,,055,003,"Control - Ram, Power Taligate",VMRS_HB_COMPLETE_v20 page 9_pages_26-50.md
055-005-025,,055,005,Ferrulo Back,VMRS_HB_COMPLETE_v20 page 9_pages_26-50.md
055-003-007,,055,003,"Seal Set - Cylinder, Power Tailgate",VMRS_HB_COMPLETE_v20 page 9_pages_26-50.md
055-003-008,,055,003,Switch - Control Solenoid. Power Tailgate,VMRS_HB_COMPLETE_v20 page 9_pages_26-50.md
055-005-028,,055,005,Lock Ring - Hydraulic Pump,VMRS_HB_COMPLETE_v20 page 9_pages_26-50.md
055-003-009,,055,003,Pin - Ram,VMRS_HB_COMPLETE_v20 page 9_pages_26-50.md
055-006-000,,055,006,"Unloaders - Electric, Containers & Pallets",VMRS_HB_COMPLETE_v20 page 9_pages_26-50.md
055-003-010,,055,003,Cable - Liftgate,VMRS_HB_COMPLETE_v20 page 9_pages_26-50.md
055-006-001,,055,006,Motor - Drive,VMRS_HB_COMPLETE_v20 page 9_pages_26-50.md
055-003-011,,055,003,"Pulley - Cable, Liftgate",VMRS_HB_COMPLETE_v20 page 9_pages_26-50.md
055-006-002,,055,006,Control - Starter,VMRS_HB_COMPLETE_v20 page 9_pages_26-50.md
055-003-012,,055,003,Wiring Harness - Liftgate Control,VMRS_HB_COMPLETE_v20 page 9_pages_26-50.md
055-006-003,,055,006,Coil - Control,VMRS_HB_COMPLETE_v20 page 9_pages_26-50.md
055-003-014,,055,003,"Retaining Ring - Cylinder, Power Tailgate",VMRS_HB_COMPLETE_v20 page 9_pages_26-50.md
055-006-004,,055,006,Heater,VMRS_HB_COMPLETE_v20 page 9_pages_26-50.md
055-003-015,,055,003,Boot - Switch,VMRS_HB_COMPLETE_v20 page 9_pages_26-50.md
055-006-005,,055,006,Switch (Forward/Reverse),VMRS_HB_COMPLETE_v20 page 9_pages_26-50.md
055-006-006,,055,006,Plug - Outside Electric Power Source,VMRS_HB_COMPLETE_v20 page 9_pages_26-50.md
055-003-018,,055,003,"Capie - Charging, Lingale",VMRS_HB_COMPLETE_v20 page 9_pages_26-50.md
055-006-008,,055,006,Receptacie - Control Harness To Motor,VMRS_HB_COMPLETE_v20 page 9_pages_26-50.md
055-000-008,,055,000,Retainer - Chain,VMRS_HB_COMPLETE_v20 page 9_pages_26-50.md
055-004-000,,055,004,Dump Trailer Hydraulic Lift Mechanism,VMRS_HB_COMPLETE_v20 page 9_pages_26-50.md
055-006-010,,055,006,T-Bar,VMRS_HB_COMPLETE_v20 page 9_pages_26-50.md
055-004-001,,055,004,Tank Assembly - Dump Trailer Lift Mechanism,VMRS_HB_COMPLETE_v20 page 9_pages_26-50.md
055-006-011,,055,006,Reducer - Speed,VMRS_HB_COMPLETE_v20 page 9_pages_26-50.md
055-004-002,,055,004,Coupling Assembly,VMRS_HB_COMPLETE_v20 page 9_pages_26-50.md
055-006-012,,055,006,"Belt - Drive, Electric Unloader",VMRS_HB_COMPLETE_v20 page 9_pages_26-50.md
055-004-003,,055,004,Drive Shaft Assembly,VMRS_HB_COMPLETE_v20 page 9_pages_26-50.md
055-006-013,,055,006,Box - Control,VMRS_HB_COMPLETE_v20 page 9_pages_26-50.md
055-004-004,,055,004,Shift Lever Assembly,VMRS_HB_COMPLETE_v20 page 9_pages_26-50.md
055-006-014,,055,006,Handle - Hydraulic Release,VMRS_HB_COMPLETE_v20 page 9_pages_26-50.md
055-004-005,,055,004,Trip Rod Assembly - Pump,VMRS_HB_COMPLETE_v20 page 9_pages_26-50.md
055-006-015,,055,006,Wheel - Electric Pallet Jack,VMRS_HB_COMPLETE_v20 page 9_pages_26-50.md
055-004-006,,055,004,Pump Assembly - Dump Trailer Hydraulic,VMRS_HB_COMPLETE_v20 page 9_pages_26-50.md
055-007-000,,055,007,Mast Assembly - Lift Truck,VMRS_HB_COMPLETE_v20 page 9_pages_26-50.md
055-004-007,,055,004,Mechanism,VMRS_HB_COMPLETE_v20 page 9_pages_26-50.md
055-007-001,,055,007,Outer Mast,VMRS_HB_COMPLETE_v20 page 9_pages_26-50.md
055-007-002,,055,007,"Bushing - Masi Pivol, Outer MasiPin Tilt Cylinder Outer Mast Power Tailgate",VMRS_HB_COMPLETE_v20 page 9_pages_26-50.md
055-004-009,,055,004,Plunger Assembly,VMRS_HB_COMPLETE_v20 page 9_pages_26-50.md
000-007-000,,000,007,Lift Truck,VMRS_HB_COMPLETE_v20 page 9_pages_26-50.md
055-004-010,,055,004,Retaining Ring - Plunger Assembly,VMRS_HB_COMPLETE_v20 page 9_pages_26-50.md
055-007-004,,055,007,"Shim - Wear Strip, Outer Mast, Lift Truck",VMRS_HB_COMPLETE_v20 page 9_pages_26-50.md
055-004-011,,055,004,Bushing - Plunger Assembly,VMRS_HB_COMPLETE_v20 page 9_pages_26-50.md
055-007-005,,055,007,Bearing Strip - Outer Mast,VMRS_HB_COMPLETE_v20 page 9_pages_26-50.md
055-004-012,,055,004,Pack Set - Plunger Assembly,VMRS_HB_COMPLETE_v20 page 9_pages_26-50.md
055-007-006,,055,007,"Mast - Inner, Power Tailgate",VMRS_HB_COMPLETE_v20 page 9_pages_26-50.md
055-004-013,,055,004,Head Nut - Plunger Assembly,VMRS_HB_COMPLETE_v20 page 9_pages_26-50.md
055-007-007,,055,007,"Latch - Mast, Inner",VMRS_HB_COMPLETE_v20 page 9_pages_26-50.md
055-004-014,,055,004,Wiper - Plunger Assembly,VMRS_HB_COMPLETE_v20 page 9_pages_26-50.md
055-007-008,,055,007,"Shaft - Rear Latch, Inner Mast Latch",VMRS_HB_COMPLETE_v20 page 9_pages_26-50.md
055-004-015,,055,004,"Fitting - Air Bleeder, Hydraulic Lift Mechanism,",VMRS_HB_COMPLETE_v20 page 9_pages_26-50.md
055-007-009,,055,007,"Pin - Inner Mast Latch, Lift Truck",VMRS_HB_COMPLETE_v20 page 9_pages_26-50.md
055-007-010,,055,007,Spring - Inner Mast Latch,VMRS_HB_COMPLETE_v20 page 9_pages_26-50.md
055-007-011,,055,007,"Shart - Front Latch, Inner Mast",VMRS_HB_COMPLETE_v20 page 9_pages_26-50.md
055-004-017,,055,004,Voke - Mounting Drive Shaft,VMRS_HB_COMPLETE_v20 page 9_pages_26-50.md
055-007-012,,055,007,Bumper - Carriage Stop,VMRS_HB_COMPLETE_v20 page 9_pages_26-50.md
055-004-019,,055,004,Yoke - Drive Shaft Spline End,VMRS_HB_COMPLETE_v20 page 9_pages_26-50.md
055-007-014,,055,007,Boller - Side,VMRS_HB_COMPLETE_v20 page 9_pages_26-50.md
055-004-020,,055,004,Repair Kit - Hydraulic Pump,VMRS_HB_COMPLETE_v20 page 9_pages_26-50.md
055-007-015,,055,007,"Latch - Mast, Intermediate",VMRS_HB_COMPLETE_v20 page 9_pages_26-50.md
055-004-021,,055,004,Mounting Bracket - Hydraulic Pump,VMRS_HB_COMPLETE_v20 page 9_pages_26-50.md
055-007-016,,055,007,"Dog - Latch, Intermediate Mast",VMRS_HB_COMPLETE_v20 page 9_pages_26-50.md
055-004-022,,055,004,Mounting Bracket - Hydraulic Tank,VMRS_HB_COMPLETE_v20 page 9_pages_26-50.md
055-007-017,,055,007,"Screw - Set, Mast Roller",VMRS_HB_COMPLETE_v20 page 9_pages_26-50.md
055-004-023,,055,004,"Hose - Hydraulic Pump, Pressure",VMRS_HB_COMPLETE_v20 page 9_pages_26-50.md
055-007-018,,055,007,Kit - Bushing Replacement,VMRS_HB_COMPLETE_v20 page 9_pages_26-50.md
055-004-024,,055,004,"Fitting - Female Quick Disconnect, Hydraulic",VMRS_HB_COMPLETE_v20 page 9_pages_26-50.md
055-007-019,,055,007,"Mast - Outer, Lift Truck",VMRS_HB_COMPLETE_v20 page 9_pages_26-50.md
055-007-020,,055,007,Mounting Bracket - Mast,VMRS_HB_COMPLETE_v20 page 9_pages_26-50.md
055-004-025,,055,004,"Fitting - Male Quick Disconnect, Hydraulic Pump",VMRS_HB_COMPLETE_v20 page 9_pages_26-50.md
055-007-021,,055,007,"PIN - KollerShoft - Deller, Lift Truck Maat Assembly",VMRS_HB_COMPLETE_v20 page 9_pages_26-50.md
055-005-000,,055,005,Conveyor - Betractable Boller (Hydraulic),VMRS_HB_COMPLETE_v20 page 9_pages_26-50.md
055-007-022,,055,007,Shan - Roller,VMRS_HB_COMPLETE_v20 page 9_pages_26-50.md
055-005-001,,055,005,Control Valve - Hvdraulic,VMRS_HB_COMPLETE_v20 page 9_pages_26-50.md
055-005-002,,055,005,"Cylinder - Hydraulic, Retractable Roller",VMRS_HB_COMPLETE_v20 page 9_pages_26-50.md
055-007-025,,055,007,Mounting - Lift Cylinder,VMRS_HB_COMPLETE_v20 page 9_pages_26-50.md
055-007-026,,055,007,Seal Ring - Cylinder,VMRS_HB_COMPLETE_v20 page 9_pages_26-50.md
055-005-003,,055,005,"Seal - Cylinder, Hydraulic, Retractable Roller",VMRS_HB_COMPLETE_v20 page 9_pages_26-50.md
055-007-027,,055,007,Collar - Lift Cylinder,VMRS_HB_COMPLETE_v20 page 9_pages_26-50.md
055-007-028,,055,007,Piston - Side Shift Cylinder,VMRS_HB_COMPLETE_v20 page 9_pages_26-50.md
055-005-004,,055,005,Roller Assembly - Conveyor System,VMRS_HB_COMPLETE_v20 page 9_pages_26-50.md
055-007-029,,055,007,Rod - Tilt Cylinder,VMRS_HB_COMPLETE_v20 page 9_pages_26-50.md
055-005-006,,055,005,Bearings - Conveyor Roller,VMRS_HB_COMPLETE_v20 page 9_pages_26-50.md
055-007-030,,055,007,Pulley - Hose Guide,VMRS_HB_COMPLETE_v20 page 9_pages_26-50.md
055-005-007,,055,005,"Snatt - Roller, Conveyor",VMRS_HB_COMPLETE_v20 page 9_pages_26-50.md
055-007-031,,055,007,Bracket - Hose Pulley,VMRS_HB_COMPLETE_v20 page 9_pages_26-50.md
055-007-032,,055,007,Capie - Mast GuideOverbaul Kit Tilt Ovlinder,VMRS_HB_COMPLETE_v20 page 9_pages_26-50.md
055-005-009,,055,005,"vaive - Hyuraulic PumpHandle - Hydraulic Pump, Convoyor, Potractable",VMRS_HB_COMPLETE_v20 page 9_pages_26-50.md
055-007-033,,055,007,Boot - Mast,VMRS_HB_COMPLETE_v20 page 9_pages_26-50.md
000-000-010,,000,000,"Handio - Hyuraulio Fump, Conveyor, heirdüldble",VMRS_HB_COMPLETE_v20 page 9_pages_26-50.md
000-007-004,,000,007,Door - Maar,VMRS_HB_COMPLETE_v20 page 9_pages_26-50.md
055-007-035,,055,007,Cover Mast,VMRS_HB_COMPLETE_v20 page 9_pages_26-50.md
055-010-022,,055,010,"Hose - Hydraulic, Lift System",VMRS_HB_COMPLETE_v20 page 9_pages_26-50.md
065-007-037,,065,007,,VMRS_HB_COMPLETE_v20 page 9_pages_26-50.md
055-010-023,,055,010,Clamping Ring - Hydraulic System Filter,VMRS_HB_COMPLETE_v20 page 9_pages_26-50.md
055-007-088,,055,007,,VMRS_HB_COMPLETE_v20 page 9_pages_26-50.md
055-010-024,,055,010,Seal / Gasket - Filter Housing,VMRS_HB_COMPLETE_v20 page 9_pages_26-50.md
055-007-089,,055,007,,VMRS_HB_COMPLETE_v20 page 9_pages_26-50.md
055-010-026,,055,010,"Seal - Fitting, Hydraulic System",VMRS_HB_COMPLETE_v20 page 9_pages_26-50.md
055-007-040,,055,007,,VMRS_HB_COMPLETE_v20 page 9_pages_26-50.md
055-010-027,,055,010,"Mount - Cylinder Rod Or Last Stage End, Lift",VMRS_HB_COMPLETE_v20 page 9_pages_26-50.md
055-007-041,,055,007,,VMRS_HB_COMPLETE_v20 page 9_pages_26-50.md
055-008-000,,055,008,,VMRS_HB_COMPLETE_v20 page 9_pages_26-50.md
055-010-028,,055,010,"Element - Hydraulic Filter, Cargo Handling",VMRS_HB_COMPLETE_v20 page 9_pages_26-50.md
,055-009,055,009,,VMRS_HB_COMPLETE_v20 page 9_pages_26-50.md
,009-001,009,001,,VMRS_HB_COMPLETE_v20 page 9_pages_26-50.md
055-010-029,,055,010,Maintenance Kit - Hydraulic Control,VMRS_HB_COMPLETE_v20 page 9_pages_26-50.md
055-010-033,,055,010,,VMRS_HB_COMPLETE_v20 page 9_pages_26-50.md
055-010-030,,055,010,Ball Joint Assembly - Control Valve,VMRS_HB_COMPLETE_v20 page 9_pages_26-50.md
055-010-031,,055,010,"Rod - Cylinder, Hydraulic Lift System",VMRS_HB_COMPLETE_v20 page 9_pages_26-50.md
055-010-035,,055,010,,VMRS_HB_COMPLETE_v20 page 9_pages_26-50.md
055-010-032,,055,010,Cylinder Rod Guide,VMRS_HB_COMPLETE_v20 page 9_pages_26-50.md
055-010-034,,055,010,LINK - Handle to Control valve Lever,VMRS_HB_COMPLETE_v20 page 9_pages_26-50.md
010-035-055,,010,035,,VMRS_HB_COMPLETE_v20 page 9_pages_26-50.md
005-010-003,,005,010,,VMRS_HB_COMPLETE_v20 page 9_pages_26-50.md
005-000-000,,005,000,,VMRS_HB_COMPLETE_v20 page 9_pages_26-50.md
055-010-037,,055,010,Neve Assembly Cylinder Lock Dilot Operated,VMRS_HB_COMPLETE_v20 page 9_pages_26-50.md
055-009-009,,055,009,Chain Lift Assembly Lift Truck,VMRS_HB_COMPLETE_v20 page 9_pages_26-50.md
055-000-011,,055,000,,VMRS_HB_COMPLETE_v20 page 9_pages_26-50.md
055-010-039,,055,010,Reenvoir Tank - Hydraulie Lift System,VMRS_HB_COMPLETE_v20 page 9_pages_26-50.md
,010-043,010,043,,VMRS_HB_COMPLETE_v20 page 9_pages_26-50.md
055-010-040,,055,010,Clean Out Panel,VMRS_HB_COMPLETE_v20 page 9_pages_26-50.md
,010-044,010,044,,VMRS_HB_COMPLETE_v20 page 9_pages_26-50.md
055-010-041,,055,010,Reservoir Filler Neck,VMRS_HB_COMPLETE_v20 page 9_pages_26-50.md
055-009-016,,055,009,,VMRS_HB_COMPLETE_v20 page 9_pages_26-50.md
055-010-042,,055,010,Reservoir Can Chain,VMRS_HB_COMPLETE_v20 page 9_pages_26-50.md
055-009-017,,055,009,,VMRS_HB_COMPLETE_v20 page 9_pages_26-50.md
055-009-019,,055,009,,VMRS_HB_COMPLETE_v20 page 9_pages_26-50.md
055-010-045,,055,010,Strainer - Hydraulic Fluid Inlet,VMRS_HB_COMPLETE_v20 page 9_pages_26-50.md
055-010-046,,055,010,Tube - Fluid Inlet on Reservoir,VMRS_HB_COMPLETE_v20 page 9_pages_26-50.md
055-009-020,,055,009,,VMRS_HB_COMPLETE_v20 page 9_pages_26-50.md
055-010-047,,055,010,Tube - Fluid Return,VMRS_HB_COMPLETE_v20 page 9_pages_26-50.md
055-009-021,,055,009,,VMRS_HB_COMPLETE_v20 page 9_pages_26-50.md
055-010-050,,055,010,Dipstick - Reservoir Lift System,VMRS_HB_COMPLETE_v20 page 9_pages_26-50.md
055-009-022,,055,009,,VMRS_HB_COMPLETE_v20 page 9_pages_26-50.md
055-010-051,,055,010,Sight Glass Assembly - Hydraulic Reservoir,VMRS_HB_COMPLETE_v20 page 9_pages_26-50.md
055-009-023,,055,009,,VMRS_HB_COMPLETE_v20 page 9_pages_26-50.md
055-010-052,,055,010,Upper Check Plug - Hydraulic Reservoir,VMRS_HB_COMPLETE_v20 page 9_pages_26-50.md
055-009-024,,055,009,,VMRS_HB_COMPLETE_v20 page 9_pages_26-50.md
055-010-053,,055,010,Lower Check Plug - Hydraulic Reservoir,VMRS_HB_COMPLETE_v20 page 9_pages_26-50.md
055-009-025,,055,009,,VMRS_HB_COMPLETE_v20 page 9_pages_26-50.md
055-010-054,,055,010,Drain Plug - Hydraulic Reservoir,VMRS_HB_COMPLETE_v20 page 9_pages_26-50.md
055-009-026,,055,009,,VMRS_HB_COMPLETE_v20 page 9_pages_26-50.md
055-010-055,,055,010,Breather Assembly - Hydraulic Reservoir,VMRS_HB_COMPLETE_v20 page 9_pages_26-50.md
055-009-027,,055,009,,VMRS_HB_COMPLETE_v20 page 9_pages_26-50.md
055-010-056,,055,010,Reservoir Breather Filter,VMRS_HB_COMPLETE_v20 page 9_pages_26-50.md
055-009-028,,055,009,,VMRS_HB_COMPLETE_v20 page 9_pages_26-50.md
055-010-057,,055,010,Hydraulic Pump Assembly - Vane Type,VMRS_HB_COMPLETE_v20 page 9_pages_26-50.md
055-009-029,,055,009,,VMRS_HB_COMPLETE_v20 page 9_pages_26-50.md
055-010-058,,055,010,Hydraulic Pump Assembly - Gear Type,VMRS_HB_COMPLETE_v20 page 9_pages_26-50.md
055-009-030,,055,009,,VMRS_HB_COMPLETE_v20 page 9_pages_26-50.md
055-010-059,,055,010,Hydraulic Pump Assembly - Rotary Type,VMRS_HB_COMPLETE_v20 page 9_pages_26-50.md
055-009-031,,055,009,,VMRS_HB_COMPLETE_v20 page 9_pages_26-50.md
055-010-060,,055,010,Hydraulic Pump Assembly - Gerotor Type,VMRS_HB_COMPLETE_v20 page 9_pages_26-50.md
055-009-032,,055,009,,VMRS_HB_COMPLETE_v20 page 9_pages_26-50.md
055-010-061,,055,010,Hydraulic Pump Assembly - Piston Type,VMRS_HB_COMPLETE_v20 page 9_pages_26-50.md
055-009-033,,055,009,,VMRS_HB_COMPLETE_v20 page 9_pages_26-50.md
055-010-062,,055,010,Hydraulic System Heat Exchanger,VMRS_HB_COMPLETE_v20 page 9_pages_26-50.md
055-009-034,,055,009,,VMRS_HB_COMPLETE_v20 page 9_pages_26-50.md
055-010-063,,055,010,Hydraulic System Accumulator,VMRS_HB_COMPLETE_v20 page 9_pages_26-50.md
055-009-035,,055,009,,VMRS_HB_COMPLETE_v20 page 9_pages_26-50.md
055-010-065,,055,010,Control Valve Body - 2 Way,VMRS_HB_COMPLETE_v20 page 9_pages_26-50.md
055-009-036,,055,009,,VMRS_HB_COMPLETE_v20 page 9_pages_26-50.md
055-010-066,,055,010,Control Valve Body - 3 Way,VMRS_HB_COMPLETE_v20 page 9_pages_26-50.md
055-009-037,,055,009,,VMRS_HB_COMPLETE_v20 page 9_pages_26-50.md
055-010-067,,055,010,Control Valve Body - 4 Way,VMRS_HB_COMPLETE_v20 page 9_pages_26-50.md
055-009-038,,055,009,,VMRS_HB_COMPLETE_v20 page 9_pages_26-50.md
055-010-068,,055,010,Control Valve Spool,VMRS_HB_COMPLETE_v20 page 9_pages_26-50.md
055-009-039,,055,009,,VMRS_HB_COMPLETE_v20 page 9_pages_26-50.md
055-010-069,,055,010,Spool Spring,VMRS_HB_COMPLETE_v20 page 9_pages_26-50.md
055-009-040,,055,009,,VMRS_HB_COMPLETE_v20 page 9_pages_26-50.md
055-010-070,,055,010,"Seal - Spool, Control Valve",VMRS_HB_COMPLETE_v20 page 9_pages_26-50.md
055-009-041,,055,009,,VMRS_HB_COMPLETE_v20 page 9_pages_26-50.md
055-010-071,,055,010,"Seal - Body, Control Valve",VMRS_HB_COMPLETE_v20 page 9_pages_26-50.md
055-010-000,,055,010,,VMRS_HB_COMPLETE_v20 page 9_pages_26-50.md
055-010-072,,055,010,"Wiper, Body",VMRS_HB_COMPLETE_v20 page 9_pages_26-50.md
055-010-001,,055,010,,VMRS_HB_COMPLETE_v20 page 9_pages_26-50.md
055-010-073,,055,010,"Pin - Valve Spool Actuator, Hydraulic, Lift System",VMRS_HB_COMPLETE_v20 page 9_pages_26-50.md
055-010-002,,055,010,,VMRS_HB_COMPLETE_v20 page 9_pages_26-50.md
055-010-075,,055,010,"Pilot Valve Assembly - Control Valve, Hydraulic,",VMRS_HB_COMPLETE_v20 page 9_pages_26-50.md
055-010-004,,055,010,,VMRS_HB_COMPLETE_v20 page 9_pages_26-50.md
055-040-050,,055,040,Lift System,VMRS_HB_COMPLETE_v20 page 9_pages_26-50.md
055-010-076,,055,010,Solenoid Assembly - Control Valve,VMRS_HB_COMPLETE_v20 page 9_pages_26-50.md
055-010-007,,055,010,,VMRS_HB_COMPLETE_v20 page 9_pages_26-50.md
055-010-077,,055,010,"Relief Valve Assembly - Hydraulic System, Lifts",VMRS_HB_COMPLETE_v20 page 9_pages_26-50.md
055-010-006,,055,010,,VMRS_HB_COMPLETE_v20 page 9_pages_26-50.md
055-040-070,,055,040,& Attachments,VMRS_HB_COMPLETE_v20 page 9_pages_26-50.md
055-010-078,,055,010,Relief Valve Body,VMRS_HB_COMPLETE_v20 page 9_pages_26-50.md
055-010-079,,055,010,Relief Valve Stem,VMRS_HB_COMPLETE_v20 page 9_pages_26-50.md
055-010-009,,055,010,,VMRS_HB_COMPLETE_v20 page 9_pages_26-50.md
055-010-080,,055,010,Relief Valve Piston,VMRS_HB_COMPLETE_v20 page 9_pages_26-50.md
055-010-082,,055,010,,VMRS_HB_COMPLETE_v20 page 9_pages_26-50.md
055-010-011,,055,010,,VMRS_HB_COMPLETE_v20 page 9_pages_26-50.md
055-010-083,,055,010,Relief Valve Adjuster Soal,VMRS_HB_COMPLETE_v20 page 9_pages_26-50.md
055-010-012,,055,010,,VMRS_HB_COMPLETE_v20 page 9_pages_26-50.md
055-010-085,,055,010,Relief Valve Cover,VMRS_HB_COMPLETE_v20 page 9_pages_26-50.md
055-010-013,,055,010,,VMRS_HB_COMPLETE_v20 page 9_pages_26-50.md
055-010-086,,055,010,Gaskat/Soal Daliaf Valva,VMRS_HB_COMPLETE_v20 page 9_pages_26-50.md
055-010-014,,055,010,,VMRS_HB_COMPLETE_v20 page 9_pages_26-50.md
055-010-088,,055,010,Maintenance Kit - Hydraulic Relief Valve,VMRS_HB_COMPLETE_v20 page 9_pages_26-50.md
055-010-015,,055,010,,VMRS_HB_COMPLETE_v20 page 9_pages_26-50.md
000-010-000,,000,010,Assembly Cargo Handling System,VMRS_HB_COMPLETE_v20 page 9_pages_26-50.md
055-010-016,,055,010,,VMRS_HB_COMPLETE_v20 page 9_pages_26-50.md
055-010-089,,055,010,Flow Control Valve Assembly - Hydraulic,VMRS_HB_COMPLETE_v20 page 9_pages_26-50.md
000-010-009,,000,010,System Cargo Handling,VMRS_HB_COMPLETE_v20 page 9_pages_26-50.md
055-010-018,,055,010,,VMRS_HB_COMPLETE_v20 page 9_pages_26-50.md
055-010-090,,055,010,Flow Control Valve Body,VMRS_HB_COMPLETE_v20 page 9_pages_26-50.md
055-010-019,,055,010,,VMRS_HB_COMPLETE_v20 page 9_pages_26-50.md
055-010-091,,055,010,Flow Control Valve - Hvdraulic System Lifts &,VMRS_HB_COMPLETE_v20 page 9_pages_26-50.md
055-010-092,,055,010,Flow Control Cartridge - Hydraulic System,VMRS_HB_COMPLETE_v20 page 9_pages_26-50.md
055-010-174,,055,010,Double Check Valve Cartridge Seal,VMRS_HB_COMPLETE_v20 page 9_pages_26-50.md
055-010-093,,055,010,Flow Control Valve Spring - Hydraulic System,VMRS_HB_COMPLETE_v20 page 9_pages_26-50.md
055-010-175,,055,010,Double Check Valve Piston Seat Seal,VMRS_HB_COMPLETE_v20 page 9_pages_26-50.md
055-010-094,,055,010,Flow Control Valve Seal - Hydraulic System,VMRS_HB_COMPLETE_v20 page 9_pages_26-50.md
055-010-176,,055,010,Double Check Valve Maintenance Kit,VMRS_HB_COMPLETE_v20 page 9_pages_26-50.md
055-010-096,,055,010,Maintenance Kit,VMRS_HB_COMPLETE_v20 page 9_pages_26-50.md
055-010-177,,055,010,Double Check Valve Piston,VMRS_HB_COMPLETE_v20 page 9_pages_26-50.md
055-010-097,,055,010,Regulator Valve Assembly - Hydraulic System,VMRS_HB_COMPLETE_v20 page 9_pages_26-50.md
055-010-179,,055,010,Double Check Valve Assembly Maintenance Kit,VMRS_HB_COMPLETE_v20 page 9_pages_26-50.md
055-010-099,,055,010,"Valve Assembly - Counter Balance, Hydraulic",VMRS_HB_COMPLETE_v20 page 9_pages_26-50.md
055-010-180,,055,010,"Line Assembly - Valve to Actuator, Hydraulic",VMRS_HB_COMPLETE_v20 page 9_pages_26-50.md
055-010-117,,055,010,System,VMRS_HB_COMPLETE_v20 page 9_pages_26-50.md
055-010-101,,055,010,"System, Lift Truck",VMRS_HB_COMPLETE_v20 page 9_pages_26-50.md
055-010-192,,055,010,"Douy - Junction Block, Rose Reel",VMRS_HB_COMPLETE_v20 page 9_pages_26-50.md
055-010-110,,055,010,"Line Assembly - Pump to Valve, Hydraulic",VMRS_HB_COMPLETE_v20 page 9_pages_26-50.md
055-010-183,,055,010,Junction Block Body Blug,VMRS_HB_COMPLETE_v20 page 9_pages_26-50.md
000-010-110,,000,010,System. Lift Truck,VMRS_HB_COMPLETE_v20 page 9_pages_26-50.md
055-010-184,,055,010,Junction Block Shaft,VMRS_HB_COMPLETE_v20 page 9_pages_26-50.md
055-010-120,,055,010,"Line Assembly - Actuator to Valve, Hydraulic",VMRS_HB_COMPLETE_v20 page 9_pages_26-50.md
055-010-185,,055,010,Junction Block Shaft Plug,VMRS_HB_COMPLETE_v20 page 9_pages_26-50.md
055-010-186,,055,010,Junction Block Shaft Fitting,VMRS_HB_COMPLETE_v20 page 9_pages_26-50.md
055-010-121,,055,010,"Line Assembly - Actuator to Reservoir, Hydraulic",VMRS_HB_COMPLETE_v20 page 9_pages_26-50.md
055-010-187,,055,010,"O-Ring - Shaft, Junction Block",VMRS_HB_COMPLETE_v20 page 9_pages_26-50.md
055-010-188,,055,010,Seal Kit - Junction Block,VMRS_HB_COMPLETE_v20 page 9_pages_26-50.md
055-010-122,,055,010,"Line Assembly - Filter to Reservoir, Hydraulic",VMRS_HB_COMPLETE_v20 page 9_pages_26-50.md
055-010-189,,055,010,C-Spool Washer,VMRS_HB_COMPLETE_v20 page 9_pages_26-50.md
055-010-100,,055,010,"System, Lift Truck",VMRS_HB_COMPLETE_v20 page 9_pages_26-50.md
055-010-190,,055,010,Snap Switch,VMRS_HB_COMPLETE_v20 page 9_pages_26-50.md
055-010-123,,055,010,"Line Assembly - Pilot Operated Actuator,",VMRS_HB_COMPLETE_v20 page 9_pages_26-50.md
055-010-191,,055,010,Channel Assembly - Hose Guide,VMRS_HB_COMPLETE_v20 page 9_pages_26-50.md
055-010-124,,055,010,"Line Assembly - Pump Case Drain, Hydraulic",VMRS_HB_COMPLETE_v20 page 9_pages_26-50.md
000-010-124,,000,010,System Lift Truck,VMRS_HB_COMPLETE_v20 page 9_pages_26-50.md
055-010-193,,055,010,Guide Plate - Lift Cylinder,VMRS_HB_COMPLETE_v20 page 9_pages_26-50.md
055-010-125,,055,010,"Line Assembly - Relief Valve Return, Hydraulic",VMRS_HB_COMPLETE_v20 page 9_pages_26-50.md
055-010-195,,055,010,Fittings - Hydraulic System,VMRS_HB_COMPLETE_v20 page 9_pages_26-50.md
055-010-196,,055,010,"Boot - Control Valve, Hydraulic Lift",VMRS_HB_COMPLETE_v20 page 9_pages_26-50.md
055-010-126,,055,010,Upstream End Adapter - Hydraulic System,VMRS_HB_COMPLETE_v20 page 9_pages_26-50.md
055-010-197,,055,010,"Band, Mounting - Reservoir Tank",VMRS_HB_COMPLETE_v20 page 9_pages_26-50.md
055-010-127,,055,010,Upstream End Tube Coupler - Hydraulic System,VMRS_HB_COMPLETE_v20 page 9_pages_26-50.md
055-010-198,,055,010,"Switch, Reset - Deicer Boom (GSE)",VMRS_HB_COMPLETE_v20 page 9_pages_26-50.md
055-010-128,,055,010,Upstream End Hose Coupler - Hydraulic System,VMRS_HB_COMPLETE_v20 page 9_pages_26-50.md
055-010-199,,055,010,Lift Cylinder,VMRS_HB_COMPLETE_v20 page 9_pages_26-50.md
055-010-129,,055,010,Hydraulic System Tube,VMRS_HB_COMPLETE_v20 page 9_pages_26-50.md
055-010-200,,055,010,"Circuit Breaker- Motor Assembly, Liftgate",VMRS_HB_COMPLETE_v20 page 9_pages_26-50.md
055-010-130,,055,010,Down Stream End Tube Coupler - Hydraulic,VMRS_HB_COMPLETE_v20 page 9_pages_26-50.md
055-010-201,,055,010,Gasket - Hydraulic Tank,VMRS_HB_COMPLETE_v20 page 9_pages_26-50.md
055-010-202,,055,010,"Hardware, Mounting - Hydraulic Tank",VMRS_HB_COMPLETE_v20 page 9_pages_26-50.md
055-010-131,,055,010,Down Stream End Hose Coupler - Hydraulic,VMRS_HB_COMPLETE_v20 page 9_pages_26-50.md
055-010-203,,055,010,"Cylinder - Tilt, Hydraulic",VMRS_HB_COMPLETE_v20 page 9_pages_26-50.md
055-010-204,,055,010,Roa Ena - Tilt CylinderBushing Tilt Cylinder,VMRS_HB_COMPLETE_v20 page 9_pages_26-50.md
055-010-132,,055,010,Bousable Hose Coupler,VMRS_HB_COMPLETE_v20 page 9_pages_26-50.md
055-010-205,,055,010,Spacer - Till Cylinder,VMRS_HB_COMPLETE_v20 page 9_pages_26-50.md
055-010-134,,055,010,Hydraulic Line Reel,VMRS_HB_COMPLETE_v20 page 9_pages_26-50.md
055-010-135,,055,010,Rod Type Cylinder Tube,VMRS_HB_COMPLETE_v20 page 9_pages_26-50.md
055-010-208,,055,010,"Switch - Emergency Stop, Hydraulic System",VMRS_HB_COMPLETE_v20 page 9_pages_26-50.md
055-010-136,,055,010,Main Telescopic Cylinder Tube,VMRS_HB_COMPLETE_v20 page 9_pages_26-50.md
055-010-209,,055,010,"Power Unit - Hydraulic, Liftgate",VMRS_HB_COMPLETE_v20 page 9_pages_26-50.md
055-010-137,,055,010,Stage Telescopic Cylinder Tube,VMRS_HB_COMPLETE_v20 page 9_pages_26-50.md
055-010-210,,055,010,"Reservoir - Power Unit, Hydraulic, Liftgate",VMRS_HB_COMPLETE_v20 page 9_pages_26-50.md
055-010-138,,055,010,Cylinder Mount End Cap,VMRS_HB_COMPLETE_v20 page 9_pages_26-50.md
055-010-211,,055,010,"Cap - Breather, Power Unit, Hydraulic, Liftgate",VMRS_HB_COMPLETE_v20 page 9_pages_26-50.md
055-010-139,,055,010,Cylinder End Mount,VMRS_HB_COMPLETE_v20 page 9_pages_26-50.md
055-010-212,,055,010,"Cylinder - Power Down, Liftgate",VMRS_HB_COMPLETE_v20 page 9_pages_26-50.md
055-010-140,,055,010,Cylinder Rod Cap,VMRS_HB_COMPLETE_v20 page 9_pages_26-50.md
055-010-213,,055,010,"Release Valve - Power Unit, Liftgate",VMRS_HB_COMPLETE_v20 page 9_pages_26-50.md
055-010-141,,055,010,"Seal Or Packing - Cylinder Cap, Hydraulic Lift",VMRS_HB_COMPLETE_v20 page 9_pages_26-50.md
055-010-214,,055,010,"Valve - 4 Way, 2 Position, Power Unit, Liftgate",VMRS_HB_COMPLETE_v20 page 9_pages_26-50.md
055-010-215,,055,010,Pressure Flow Valve -Liftgate,VMRS_HB_COMPLETE_v20 page 9_pages_26-50.md
055-010-142,,055,010,Cylinder Cap Wiper,VMRS_HB_COMPLETE_v20 page 9_pages_26-50.md
055-010-216,,055,010,"Switch - loggle, Power Unit, Liftgate",VMRS_HB_COMPLETE_v20 page 9_pages_26-50.md
055-010-143,,055,010,Cylinder Piston Ring,VMRS_HB_COMPLETE_v20 page 9_pages_26-50.md
055-010-217,,055,010,Bracket - Filter Base,VMRS_HB_COMPLETE_v20 page 9_pages_26-50.md
055-010-145,,055,010,Bod Travel Adjuster Screw,VMRS_HB_COMPLETE_v20 page 9_pages_26-50.md
055-010-219,,055,010,Control - Electronic Battery Disconnect   iftgate,VMRS_HB_COMPLETE_v20 page 9_pages_26-50.md
055-010-146,,055,010,Cylinder Air Bleed Plug,VMRS_HB_COMPLETE_v20 page 9_pages_26-50.md
055-010-220,,055,010,Coil - Immersion Proof. Lock Valve Assembly.,VMRS_HB_COMPLETE_v20 page 9_pages_26-50.md
055-010-148,,055,010,Rotary Actuator Assembly,VMRS_HB_COMPLETE_v20 page 9_pages_26-50.md
055-010-149,,055,010,Motor Assembly - Hydraulic System,VMRS_HB_COMPLETE_v20 page 9_pages_26-50.md
055-010-221,,055,010,"Filter - Screw-On, Hydraulic, Cargo Handling",VMRS_HB_COMPLETE_v20 page 9_pages_26-50.md
055-010-150,,055,010,Filter Assembly Return Line,VMRS_HB_COMPLETE_v20 page 9_pages_26-50.md
055-010-151,,055,010,Filter Assembly Suction Line,VMRS_HB_COMPLETE_v20 page 9_pages_26-50.md
055-010-222,,055,010,Insulator - Control Valve,VMRS_HB_COMPLETE_v20 page 9_pages_26-50.md
055-010-152,,055,010,Filter Assembly - In Tank,VMRS_HB_COMPLETE_v20 page 9_pages_26-50.md
055-010-223,,055,010,Packing Kit - Tilt Cylinder,VMRS_HB_COMPLETE_v20 page 9_pages_26-50.md
055-010-153,,055,010,Base Assembly - Filter,VMRS_HB_COMPLETE_v20 page 9_pages_26-50.md
055-010-224,,055,010,O-Ring - Reservoir Tank,VMRS_HB_COMPLETE_v20 page 9_pages_26-50.md
055-010-154,,055,010,Filter Base Mount Assembly,VMRS_HB_COMPLETE_v20 page 9_pages_26-50.md
055-010-225,,055,010,Guide Pin - Kick Plate,VMRS_HB_COMPLETE_v20 page 9_pages_26-50.md
055-010-155,,055,010,Filter Element Soal,VMRS_HB_COMPLETE_v20 page 9_pages_26-50.md
055-011-000,,055,011,Lift Forks Lifting Carriago,VMRS_HB_COMPLETE_v20 page 9_pages_26-50.md
055-011-007,,055,011,Lift Fork Latch Kit,VMRS_HB_COMPLETE_v20 page 9_pages_26-50.md
055-010-158,,055,010,"Pressure Bypass Valve - Hydraulic, Lift System",VMRS_HB_COMPLETE_v20 page 9_pages_26-50.md
055-011-003,,055,011,Lift Fork Latch Pin,VMRS_HB_COMPLETE_v20 page 9_pages_26-50.md
055-010-159,,055,010,Thermostat Bypass Valve,VMRS_HB_COMPLETE_v20 page 9_pages_26-50.md
055-011-004,,055,011,Lift Fork Latch Pin Spring,VMRS_HB_COMPLETE_v20 page 9_pages_26-50.md
055-010-160,,055,010,Filter Air Bleeder Plug,VMRS_HB_COMPLETE_v20 page 9_pages_26-50.md
055-011-005,,055,011,Lift Fork Latch Pin Rivet,VMRS_HB_COMPLETE_v20 page 9_pages_26-50.md
055-010-161,,055,010,Filter Element Service Indicator Gauge,VMRS_HB_COMPLETE_v20 page 9_pages_26-50.md
055-011-006,,055,011,Lift Fork Latch Handle,VMRS_HB_COMPLETE_v20 page 9_pages_26-50.md
055-010-163,,055,010,Filter Element Replacement Kit,VMRS_HB_COMPLETE_v20 page 9_pages_26-50.md
055-010-164,,055,010,Single Check Valve Assembly,VMRS_HB_COMPLETE_v20 page 9_pages_26-50.md
055-011-008,,055,011,Load Backrest Extension,VMRS_HB_COMPLETE_v20 page 9_pages_26-50.md
055-010-165,,055,010,Single Check Valve Assembly Body,VMRS_HB_COMPLETE_v20 page 9_pages_26-50.md
055-011-009,,055,011,Carton Clamp,VMRS_HB_COMPLETE_v20 page 9_pages_26-50.md
055-010-166,,055,010,Single Check Valve Assembly Valve,VMRS_HB_COMPLETE_v20 page 9_pages_26-50.md
055-011-010,,055,011,Bales Clamp,VMRS_HB_COMPLETE_v20 page 9_pages_26-50.md
055-010-167,,055,010,Single Check Valve Assembly Spring,VMRS_HB_COMPLETE_v20 page 9_pages_26-50.md
055-011-011,,055,011,Concrete Pipe Clamp,VMRS_HB_COMPLETE_v20 page 9_pages_26-50.md
055-011-012,,055,011,Rotating Clamp,VMRS_HB_COMPLETE_v20 page 9_pages_26-50.md
055-010-170,,055,010,Oneok valve Assembly Maintenance Kit,VMRS_HB_COMPLETE_v20 page 9_pages_26-50.md
055-011-013,,055,011,Carriage Side Shift Ston Mombor,VMRS_HB_COMPLETE_v20 page 9_pages_26-50.md
055-010-172,,055,010,Double Check Valve Assembly Rody,VMRS_HB_COMPLETE_v20 page 9_pages_26-50.md
055-011-015,,055,011,Load Push - Pull,VMRS_HB_COMPLETE_v20 page 9_pages_26-50.md
055-010-173,,055,010,Double Check Valve Cartridge,VMRS_HB_COMPLETE_v20 page 9_pages_26-50.md
055-011-016,,055,011,Load Push - Pull Gripper,VMRS_HB_COMPLETE_v20 page 9_pages_26-50.md
055-011-017,,055,011,Side Shift Assembly Anchor Bracket,VMRS_HB_COMPLETE_v20 page 9_pages_26-50.md
055-011-018,,055,011,Anchor Bracket Bearing Segment,VMRS_HB_COMPLETE_v20 page 9_pages_26-50.md
055-011-019,,055,011,Anchor Bracket Bearing Grease Fitting,VMRS_HB_COMPLETE_v20 page 9_pages_26-50.md
055-011-021,,055,011,Carriago Sido Shift Eago Framo Assombly,VMRS_HB_COMPLETE_v20 page 9_pages_26-50.md
055-011-022,,055,011,Carriage Side Shift Cylinder Assembly,VMRS_HB_COMPLETE_v20 page 9_pages_26-50.md
055-011-024,,055,011,Rod End Mount,VMRS_HB_COMPLETE_v20 page 9_pages_26-50.md
055-011-025,,055,011,Carriage Face Frame Roller Assembly,VMRS_HB_COMPLETE_v20 page 9_pages_26-50.md
055-011-026,,055,011,Roller Assembly Bearing,VMRS_HB_COMPLETE_v20 page 9_pages_26-50.md
055-011-027,,055,011,Roller Assembly Boller,VMRS_HB_COMPLETE_v20 page 9_pages_26-50.md
055-011-028,,055,011,Roller Assembly Hook,VMRS_HB_COMPLETE_v20 page 9_pages_26-50.md
055-011-020,,055,011,Corrigge Cide Chift Assembly Deals,VMRS_HB_COMPLETE_v20 page 9_pages_26-50.md
055-011-030,,055,011,Carriage Side Shill Assembly Back Rest,VMRS_HB_COMPLETE_v20 page 9_pages_26-50.md
055-011-032,,055,011,Side Shift Assembly Pallet Saver Guard,VMRS_HB_COMPLETE_v20 page 9_pages_26-50.md
055-011-034,,055,011,Carriage Side Shift Bearing Segment,VMRS_HB_COMPLETE_v20 page 9_pages_26-50.md
055-011-035,,055,011,Carriage Side Shift Roller Maintenance Kit,VMRS_HB_COMPLETE_v20 page 9_pages_26-50.md
055-011-036,,055,011,Carriage Boller Plug,VMRS_HB_COMPLETE_v20 page 9_pages_26-50.md
055-011-037,,055,011,Lift Frame - Anti-Backing,VMRS_HB_COMPLETE_v20 page 9_pages_26-50.md
055-011-039,,055,011,Shim - Back Rest,VMRS_HB_COMPLETE_v20 page 9_pages_26-50.md
055-011-040,,055,011,Positioner - Fork,VMRS_HB_COMPLETE_v20 page 9_pages_26-50.md
055-011-041,,055,011,Fork,VMRS_HB_COMPLETE_v20 page 9_pages_26-50.md
055-011-042,,055,011,Kit - Lower Hook,VMRS_HB_COMPLETE_v20 page 9_pages_26-50.md
055-011-043,,055,011,Fitting - Cylinder Cup,VMRS_HB_COMPLETE_v20 page 9_pages_26-50.md
055-012-000,,055,012,Cargo Postrainto,VMRS_HB_COMPLETE_v20 page 9_pages_26-50.md
000-012-000,,000,012,,VMRS_HB_COMPLETE_v20 page 9_pages_26-50.md
055-012-001,,055,012,Bar - Shoring,VMRS_HB_COMPLETE_v20 page 9_pages_26-50.md
055-012-002,,055,012,Beam - Deck &/Or Shoring,VMRS_HB_COMPLETE_v20 page 9_pages_26-50.md
055-012-003,,055,012,Socket - Deck Beam,VMRS_HB_COMPLETE_v20 page 9_pages_26-50.md
055-012-004,,055,012,"Track - Load, Cargo Restraints",VMRS_HB_COMPLETE_v20 page 9_pages_26-50.md
055-012-005,,055,012,Fitting - Load Track,VMRS_HB_COMPLETE_v20 page 9_pages_26-50.md
055-012-006,,055,012,Fitting - Spring Actuated Load Track,VMRS_HB_COMPLETE_v20 page 9_pages_26-50.md
055-012-007,,055,012,Fitting - Dono Tio Off,VMRS_HB_COMPLETE_v20 page 9_pages_26-50.md
055-012-008,,055,012,HOOK - LOad Track,VMRS_HB_COMPLETE_v20 page 9_pages_26-50.md
055-012-009,,055,012,Hook - Slat,VMRS_HB_COMPLETE_v20 page 9_pages_26-50.md
055-012-010,,055,012,Strap Assembly - Cargo (Includes Buckle &,VMRS_HB_COMPLETE_v20 page 9_pages_26-50.md
055-012-011,,055,012,Binder - Ratchet Buckle,VMRS_HB_COMPLETE_v20 page 9_pages_26-50.md
055-012-012,,055,012,Winch - Tie-Down Strap,VMRS_HB_COMPLETE_v20 page 9_pages_26-50.md
055-012-013,,055,012,Track - Winch Tie-Down,VMRS_HB_COMPLETE_v20 page 9_pages_26-50.md
055-012-014,,055,012,D-Ring - Tie-Down,VMRS_HB_COMPLETE_v20 page 9_pages_26-50.md
055-012-015,,055,012,"Hook - Flat, Tie-Down",VMRS_HB_COMPLETE_v20 page 9_pages_26-50.md
055-012-016,,055,012,Chain Anchor - Tie-Down,VMRS_HB_COMPLETE_v20 page 9_pages_26-50.md
055-012-017,,055,012,Grab Hook Assembly - Tie-Down,VMRS_HB_COMPLETE_v20 page 9_pages_26-50.md
055-012-018,,055,012,"Guard - Corner, Cargo Restraint",VMRS_HB_COMPLETE_v20 page 9_pages_26-50.md
055-012-019,,055,012,Fastener - Rubber W/S-Hook Tarp,VMRS_HB_COMPLETE_v20 page 9_pages_26-50.md
055-012-020,,055,012,Link Chain Anchor,VMRS_HB_COMPLETE_v20 page 9_pages_26-50.md
055-012-021,,055,012,"QUICKIIIIK - CHAIII, AIICHOI",VMRS_HB_COMPLETE_v20 page 9_pages_26-50.md
055-012-022,,055,012,Webbing - No Hook,VMRS_HB_COMPLETE_v20 page 9_pages_26-50.md
055-012-023,,055,012,Webbing - W/Hook,VMRS_HB_COMPLETE_v20 page 9_pages_26-50.md
055-012-024,,055,012,Rack - Coil,VMRS_HB_COMPLETE_v20 page 9_pages_26-50.md
055-012-025,,055,012,Ratchet - Webbing,VMRS_HB_COMPLETE_v20 page 9_pages_26-50.md
055-012-026,,055,012,Pad - Cushion,VMRS_HB_COMPLETE_v20 page 9_pages_26-50.md
055-012-027,,055,012,Bar - Winch,VMRS_HB_COMPLETE_v20 page 9_pages_26-50.md
055-012-029,,055,012,Pinder Lover Type,VMRS_HB_COMPLETE_v20 page 9_pages_26-50.md
000-012-020,,000,012,Dinder - Level Type,VMRS_HB_COMPLETE_v20 page 9_pages_26-50.md
055-012-030,,055,012,Load Lock,VMRS_HB_COMPLETE_v20 page 9_pages_26-50.md
055-012-031,,055,012,Carrier - Load Lock,VMRS_HB_COMPLETE_v20 page 9_pages_26-50.md
055-012-032,,055,012,Holder - Load Bar,VMRS_HB_COMPLETE_v20 page 9_pages_26-50.md
055-012-033,,055,012,Rope - Tie-Down,VMRS_HB_COMPLETE_v20 page 9_pages_26-50.md
055-012-034,,055,012,Socket - Removable Deck Beam,VMRS_HB_COMPLETE_v20 page 9_pages_26-50.md
000-012-036,,000,012,Deam Stop - Captive Beam,VMRS_HB_COMPLETE_v20 page 9_pages_26-50.md
055-012-037,,055,012,Offset Foot - Captive Beam,VMRS_HB_COMPLETE_v20 page 9_pages_26-50.md
055-012-038,,055,012,Standard Foot - Captive Beam,VMRS_HB_COMPLETE_v20 page 9_pages_26-50.md
055-012-039,,055,012,Release Bar - Captive Beam,VMRS_HB_COMPLETE_v20 page 9_pages_26-50.md
055-012-040,,055,012,Foot Spacer - Captive Beam,VMRS_HB_COMPLETE_v20 page 9_pages_26-50.md
,055-012,055,012,Attaching Pin - Removable Ream,VMRS_HB_COMPLETE_v20 page 9_pages_26-50.md
055-012-041,,055,012,Kit Look Dopair Domoughle Deam,VMRS_HB_COMPLETE_v20 page 9_pages_26-50.md
000-012-042,,000,012,"NIL - LOCK Repair, Removable Beam",VMRS_HB_COMPLETE_v20 page 9_pages_26-50.md
055-012-043,,055,012,Latch - He-Down,VMRS_HB_COMPLETE_v20 page 9_pages_26-50.md
055-012-044,,055,012,Rack - Windshield,VMRS_HB_COMPLETE_v20 page 9_pages_26-50.md
055-012-045,,055,012,Rack - Tire,VMRS_HB_COMPLETE_v20 page 9_pages_26-50.md
055-012-046,,055,012,Rack - Garment,VMRS_HB_COMPLETE_v20 page 9_pages_26-50.md
055-012-047,,055,012,Storage Container - Straps,VMRS_HB_COMPLETE_v20 page 9_pages_26-50.md
055-012-048,,055,012,Channel - Captive Beam,VMRS_HB_COMPLETE_v20 page 9_pages_26-50.md
055-012-049,,055,012,Ratchet - Flat Hook,VMRS_HB_COMPLETE_v20 page 9_pages_26-50.md
055-012-050,,055,012,Ratchet - Winch Bar,VMRS_HB_COMPLETE_v20 page 9_pages_26-50.md
055-012-051,,055,012,PINS - WINCH Bar,VMRS_HB_COMPLETE_v20 page 9_pages_26-50.md
055-012-052,,055,012,Strap - Raichet,VMRS_HB_COMPLETE_v20 page 9_pages_26-50.md
055-012-055,,055,012,Guard Wob,VMRS_HB_COMPLETE_v20 page 9_pages_26-50.md
055-012-054,,055,012,Tie-Down - Cab Back,VMRS_HB_COMPLETE_v20 page 9_pages_26-50.md
055-012-056,,055,012,Air Bag Inflator - Forklift Complete,VMRS_HB_COMPLETE_v20 page 9_pages_26-50.md
055-012-057,,055,012,Inflator - Air Bag,VMRS_HB_COMPLETE_v20 page 9_pages_26-50.md
055-012-058,,055,012,Hose - Air Bag Inflator,VMRS_HB_COMPLETE_v20 page 9_pages_26-50.md
055-012-059,,055,012,Bracket with Fascia - Air Bag Inflator,VMRS_HB_COMPLETE_v20 page 9_pages_26-50.md
055-012-060,,055,012,Bracket without Fascia - Air Bag Inflator,VMRS_HB_COMPLETE_v20 page 9_pages_26-50.md
055-012-061,,055,012,Tip - Air Bag Inflator,VMRS_HB_COMPLETE_v20 page 9_pages_26-50.md
055-012-062,,055,012,Knee Brace - Glass Rack,VMRS_HB_COMPLETE_v20 page 9_pages_26-50.md
055-012-063,,055,012,Protector - Strap,VMRS_HB_COMPLETE_v20 page 9_pages_26-50.md
055-012-064,,055,012,Cup - Riser to Cargo Frame,VMRS_HB_COMPLETE_v20 page 9_pages_26-50.md
055-012-066,,055,012,Lipright - Offset,VMRS_HB_COMPLETE_v20 page 9_pages_26-50.md
055-012-068,,055,012,Crossbar - Fared,VMRS_HB_COMPLETE_v20 page 9_pages_26-50.md
055-012-069,,055,012,"Bunk - Pontoon, Single",VMRS_HB_COMPLETE_v20 page 9_pages_26-50.md
055-012-070,,055,012,"Bunk - Pontoon, Double",VMRS_HB_COMPLETE_v20 page 9_pages_26-50.md
055-012-071,,055,012,Spreader Bar,VMRS_HB_COMPLETE_v20 page 9_pages_26-50.md
055-012-072,,055,012,"Bar - ""L"", Short",VMRS_HB_COMPLETE_v20 page 9_pages_26-50.md
055-012-073,,055,012,"Bar - ""L"", Long",VMRS_HB_COMPLETE_v20 page 9_pages_26-50.md
055-012-074,,055,012,Extension - Upright,VMRS_HB_COMPLETE_v20 page 9_pages_26-50.md
055-012-075,,055,012,Bow Pad,VMRS_HB_COMPLETE_v20 page 9_pages_26-50.md
055-012-076,,055,012,Pad - Back Stop,VMRS_HB_COMPLETE_v20 page 9_pages_26-50.md
055-012-077,,055,012,RISERUpright Straight,VMRS_HB_COMPLETE_v20 page 9_pages_26-50.md
055-012-079,,055,012,"Cup - Unside Down ""I """,VMRS_HB_COMPLETE_v20 page 9_pages_26-50.md
055-012-081,,055,012,Foam - Wrapped Cargo Securement,VMRS_HB_COMPLETE_v20 page 9_pages_26-50.md
055-012-082,,055,012,Bracket - Crossbar,VMRS_HB_COMPLETE_v20 page 9_pages_26-50.md
055-012-083,,055,012,"Tag - Thickness, A-Frame",VMRS_HB_COMPLETE_v20 page 9_pages_26-50.md
055-013-000,,055,013,Counterweight,VMRS_HB_COMPLETE_v20 page 9_pages_26-50.md
055-013-001,,055,013,Counterweight System,VMRS_HB_COMPLETE_v20 page 9_pages_26-50.md
055-013-002,,055,013,Stud - Counterweight Mount,VMRS_HB_COMPLETE_v20 page 9_pages_26-50.md
055-013-004,,055,013,Shim - Counterweight,VMRS_HB_COMPLETE_v20 page 9_pages_26-50.md
055-013-005,,055,013,Bolt - Counterweight,VMRS_HB_COMPLETE_v20 page 9_pages_26-50.md
055-013-006,,055,013,Pipe Rack - Counterweight,VMRS_HB_COMPLETE_v20 page 9_pages_26-50.md
055-014-000,,055,014,Hydraulic Lift System Pump Motor,VMRS_HB_COMPLETE_v20 page 9_pages_26-50.md
055-014-007,,055,014,Motor - Electric Hydraulic Lift System Pump,VMRS_HB_COMPLETE_v20 page 9_pages_26-50.md
055-014-003,,055,014,Bearing - Hydraulic Lift Pump Motor,VMRS_HB_COMPLETE_v20 page 9_pages_26-50.md
055-014-004,,055,014,"Insulator - Mounting, Hydraulic Lift Pump Motor",VMRS_HB_COMPLETE_v20 page 9_pages_26-50.md
055-014-010,,055,014,Field Coils - Hydraulic Lift Pump Motor,VMRS_HB_COMPLETE_v20 page 9_pages_26-50.md
055-014-020,,055,014,Armature - Hydraulic Lift Pump Motor,VMRS_HB_COMPLETE_v20 page 9_pages_26-50.md
055-014-021,,055,014,Brushes - Hydraulic Lift Pump Motor,VMRS_HB_COMPLETE_v20 page 9_pages_26-50.md
055-014-022,,055,014,"Solenoid - Control, Hydraulic Lift Pump Motor",VMRS_HB_COMPLETE_v20 page 9_pages_26-50.md
055-015-000,,055,015,Pump Unit - Electro-Hydraulic,VMRS_HB_COMPLETE_v20 page 9_pages_26-50.md
055-015-001,,055,015,Pump Assembly - Electro-Hydraulic,VMRS_HB_COMPLETE_v20 page 9_pages_26-50.md
055-015-002,,055,015,"Pump Motor - Electric, Power Taligate",VMRS_HB_COMPLETE_v20 page 9_pages_26-50.md
055-015-003,,055,015,Cap Filler Pump Unit Hydraulic Liftgate,VMRS_HB_COMPLETE_v20 page 9_pages_26-50.md
055-015-004,,055,015,Switch - Control Powerdown,VMRS_HB_COMPLETE_v20 page 9_pages_26-50.md
055-015-006,,055,015,Bearing - Shaft Support Pump,VMRS_HB_COMPLETE_v20 page 9_pages_26-50.md
055-015-007,,055,015,Valve Cartridge - Pump Assembly,VMRS_HB_COMPLETE_v20 page 9_pages_26-50.md
055-015-008,,055,015,"Coil - Double Spade, Pump Assembly",VMRS_HB_COMPLETE_v20 page 9_pages_26-50.md
055-015-009,,055,015,Module - Power Down,VMRS_HB_COMPLETE_v20 page 9_pages_26-50.md
055-016-000,,055,016,Mast Assembly - Power Tailgate,VMRS_HB_COMPLETE_v20 page 9_pages_26-50.md
055-016-001,,055,016,"Mast - Inner, Lift System",VMRS_HB_COMPLETE_v20 page 9_pages_26-50.md
055-016-002,,055,016,Covers - Mast,VMRS_HB_COMPLETE_v20 page 9_pages_26-50.md
055-016-003,,055,016,"Guide - Mast, Upper Rear",VMRS_HB_COMPLETE_v20 page 9_pages_26-50.md
055-016-004,,055,016,"Guide - Mast, Lower Rear",VMRS_HB_COMPLETE_v20 page 9_pages_26-50.md
055-016-008,,055,016,"Pin - Upper Hinge, Mast",VMRS_HB_COMPLETE_v20 page 9_pages_26-50.md
055-016-009,,055,016,Hinge Strap - Mast,VMRS_HB_COMPLETE_v20 page 9_pages_26-50.md
055-020-010,,055,020,Spacer - Control Panel,VMRS_HB_COMPLETE_v20 page 9_pages_26-50.md
055-016-010,,055,016,"Hinge Butt - Upper, Mast",VMRS_HB_COMPLETE_v20 page 9_pages_26-50.md
055-020-011,,055,020,Elbow - Control Panel,VMRS_HB_COMPLETE_v20 page 9_pages_26-50.md
055-016-011,,055,016,"Guard - Wire, Mast",VMRS_HB_COMPLETE_v20 page 9_pages_26-50.md
055-020-012,,055,020,"Plug - Pipe, Control Panel",VMRS_HB_COMPLETE_v20 page 9_pages_26-50.md
055-016-012,,055,016,Hinge Butt - Third,VMRS_HB_COMPLETE_v20 page 9_pages_26-50.md
055-020-013,,055,020,Adapter - Control Panel,VMRS_HB_COMPLETE_v20 page 9_pages_26-50.md
055-016-013,,055,016,Pin - Third Hinge,VMRS_HB_COMPLETE_v20 page 9_pages_26-50.md
055-020-014,,055,020,"Elbow - Swivel, Control Panel",VMRS_HB_COMPLETE_v20 page 9_pages_26-50.md
055-016-014,,055,016,"Roll Pin - Mast Hinge, Power Tailgate",VMRS_HB_COMPLETE_v20 page 9_pages_26-50.md
055-020-015,,055,020,"Tee - Swivel, Control Panel",VMRS_HB_COMPLETE_v20 page 9_pages_26-50.md
055-016-015,,055,016,Sprocket - Lift Chain,VMRS_HB_COMPLETE_v20 page 9_pages_26-50.md
055-020-016,,055,020,"Nipple - Pipe, Control Panel",VMRS_HB_COMPLETE_v20 page 9_pages_26-50.md
055-016-016,,055,016,Bushing - Lift Chain Sprocket,VMRS_HB_COMPLETE_v20 page 9_pages_26-50.md
055-020-017,,055,020,Bleeder Valve - Control Panel,VMRS_HB_COMPLETE_v20 page 9_pages_26-50.md
055-016-017,,055,016,Anchor - Lift Chain,VMRS_HB_COMPLETE_v20 page 9_pages_26-50.md
055-020-018,,055,020,Main Control Valve - Control Panel,VMRS_HB_COMPLETE_v20 page 9_pages_26-50.md
055-016-018,,055,016,"Chain - Lift Assembly, Power Tailgate",VMRS_HB_COMPLETE_v20 page 9_pages_26-50.md
055-020-019,,055,020,Shield - Control Panel,VMRS_HB_COMPLETE_v20 page 9_pages_26-50.md
055-016-019,,055,016,Pin - Lift Chain Anchor,VMRS_HB_COMPLETE_v20 page 9_pages_26-50.md
055-020-020,,055,020,Riser - Control Panel,VMRS_HB_COMPLETE_v20 page 9_pages_26-50.md
055-016-020,,055,016,Washer - Lift Chain Anchor,VMRS_HB_COMPLETE_v20 page 9_pages_26-50.md
055-020-021,,055,020,Bracket - Control Panel,VMRS_HB_COMPLETE_v20 page 9_pages_26-50.md
055-016-021,,055,016,Popair Kit - Lift Cylindor,VMRS_HB_COMPLETE_v20 page 9_pages_26-50.md
055-016-022,,055,016,Repair Art - Ent Cylinder,VMRS_HB_COMPLETE_v20 page 9_pages_26-50.md
055-020-022,,055,020,Cover Control Danal Detroctable Deller (Air),VMRS_HB_COMPLETE_v20 page 9_pages_26-50.md
055-020-023,,055,020,"Cover - Control Panel, Retractable Roller (All)",VMRS_HB_COMPLETE_v20 page 9_pages_26-50.md
055-020-024,,055,020,Linga Cantral Danal,VMRS_HB_COMPLETE_v20 page 9_pages_26-50.md
055-016-024,,055,016,Bearing - Roller Assembly,VMRS_HB_COMPLETE_v20 page 9_pages_26-50.md
055-020-025,,055,020,Hinge - Control Panel,VMRS_HB_COMPLETE_v20 page 9_pages_26-50.md
055-016-025,,055,016,HOOK - Roller Assembly,VMRS_HB_COMPLETE_v20 page 9_pages_26-50.md
055-020-026,,055,020,"Handle, Latch - Control Panel",VMRS_HB_COMPLETE_v20 page 9_pages_26-50.md
055-016-026,,055,016,Maintenance Kit - Roller Assembly,VMRS_HB_COMPLETE_v20 page 9_pages_26-50.md
055-020-028,,055,020,"Pillar - Face Plate Mounting, Control Panel",VMRS_HB_COMPLETE_v20 page 9_pages_26-50.md
055-016-030,,055,016,"Pin - Tilt Cylinder, Outer Mast, Power Tailgate",VMRS_HB_COMPLETE_v20 page 9_pages_26-50.md
055-020-029,,055,020,Cover - Control Panel,VMRS_HB_COMPLETE_v20 page 9_pages_26-50.md
055-016-031,,055,016,"Shim - Wear Strip, Outer Mast, Power Tailgate",VMRS_HB_COMPLETE_v20 page 9_pages_26-50.md
055-020-030,,055,020,Face Plate - Control Panel,VMRS_HB_COMPLETE_v20 page 9_pages_26-50.md
055-016-033,,055,016,"Pin - Inner Mast Latch, Power Tailgate",VMRS_HB_COMPLETE_v20 page 9_pages_26-50.md
055-020-031,,055,020,"Knob, Valve - Control Panel",VMRS_HB_COMPLETE_v20 page 9_pages_26-50.md
055-016-036,,055,016,"Roller - Side, Mast, Power Tailgate",VMRS_HB_COMPLETE_v20 page 9_pages_26-50.md
055-020-032,,055,020,Pressure Regulator Valve - Control Panel,VMRS_HB_COMPLETE_v20 page 9_pages_26-50.md
055-017-000,,055,017,Steering Head,VMRS_HB_COMPLETE_v20 page 9_pages_26-50.md
055-020-033,,055,020,"Indicator, Pressure - Control Panel",VMRS_HB_COMPLETE_v20 page 9_pages_26-50.md
055-017-001,,055,017,Control Rod - Long,VMRS_HB_COMPLETE_v20 page 9_pages_26-50.md
055-020-034,,055,020,"Valve, Isolation - Control Panel",VMRS_HB_COMPLETE_v20 page 9_pages_26-50.md
055-017-002,,055,017,Control Rod - Short,VMRS_HB_COMPLETE_v20 page 9_pages_26-50.md
055-020-035,,055,020,Fitting - Control Panel,VMRS_HB_COMPLETE_v20 page 9_pages_26-50.md
055-017-003,,055,017,Lever - Power & Brake,VMRS_HB_COMPLETE_v20 page 9_pages_26-50.md
055-021-000,,055,021,Control System - Retractable Roller Bed (Air),VMRS_HB_COMPLETE_v20 page 9_pages_26-50.md
055-017-004,,055,017,Ball Joint - Steering Head,VMRS_HB_COMPLETE_v20 page 9_pages_26-50.md
055-021-001,,055,021,Adapter - Control System,VMRS_HB_COMPLETE_v20 page 9_pages_26-50.md
055-017-005,,055,017,"Spring - Torsion, Steering Head, Cargo Handling",VMRS_HB_COMPLETE_v20 page 9_pages_26-50.md
055-021-002,,055,021,Gauge - Control System,VMRS_HB_COMPLETE_v20 page 9_pages_26-50.md
055-021-003,,055,021,Drain Valve - Control System,VMRS_HB_COMPLETE_v20 page 9_pages_26-50.md
055-017-006,,055,017,Link Bracket Assembly,VMRS_HB_COMPLETE_v20 page 9_pages_26-50.md
055-021-004,,055,021,Tank - Control System,VMRS_HB_COMPLETE_v20 page 9_pages_26-50.md
055-017-007,,055,017,Potentiometer - Steering Head,VMRS_HB_COMPLETE_v20 page 9_pages_26-50.md
055-021-005,,055,021,Check Valve - Control System,VMRS_HB_COMPLETE_v20 page 9_pages_26-50.md
055-018-000,,055,018,Scissors Assembly,VMRS_HB_COMPLETE_v20 page 9_pages_26-50.md
055-021-006,,055,021,Tubing - Control System,VMRS_HB_COMPLETE_v20 page 9_pages_26-50.md
055-018-001,,055,018,Thrust Bearing - Scissors,VMRS_HB_COMPLETE_v20 page 9_pages_26-50.md
055-021-007,,055,021,Pressure Protection Valve - Control System,VMRS_HB_COMPLETE_v20 page 9_pages_26-50.md
055-018-002,,055,018,Pollor Sciesore,VMRS_HB_COMPLETE_v20 page 9_pages_26-50.md
055-021-008,,055,021,Nipple Control System,VMRS_HB_COMPLETE_v20 page 9_pages_26-50.md
055-010-003,,055,010,"Dushing - Sell Aligning, Scissors",VMRS_HB_COMPLETE_v20 page 9_pages_26-50.md
055-021-009,,055,021,Tee - Control System,VMRS_HB_COMPLETE_v20 page 9_pages_26-50.md
055-021-010,,055,021,Bushing - Control System,VMRS_HB_COMPLETE_v20 page 9_pages_26-50.md
000-018-000,,000,018,Pin - Lever,VMRS_HB_COMPLETE_v20 page 9_pages_26-50.md
055-021-011,,055,021,Elbow - Control System,VMRS_HB_COMPLETE_v20 page 9_pages_26-50.md
055-018-006,,055,018,Scissors - Inner,VMRS_HB_COMPLETE_v20 page 9_pages_26-50.md
055-021-012,,055,021,Auxiliary Air Valve - Control System,VMRS_HB_COMPLETE_v20 page 9_pages_26-50.md
055-018-007,,055,018,"LINK - Outside, Right",VMRS_HB_COMPLETE_v20 page 9_pages_26-50.md
055-021-013,,055,021,"Mounting Kit - Tank, Control System",VMRS_HB_COMPLETE_v20 page 9_pages_26-50.md
055-018-008,,055,018,"Link - Outside, Left",VMRS_HB_COMPLETE_v20 page 9_pages_26-50.md
055-021-014,,055,021,Fitting - Control System,VMRS_HB_COMPLETE_v20 page 9_pages_26-50.md
055-018-009,,055,018,Bearing - Retainer,VMRS_HB_COMPLETE_v20 page 9_pages_26-50.md
055-021-015,,055,021,Regulator - Control System,VMRS_HB_COMPLETE_v20 page 9_pages_26-50.md
055-018-010,,055,018,"Shock - Gas, Stabilizer",VMRS_HB_COMPLETE_v20 page 9_pages_26-50.md
055-022-000,,055,022,Shelving and Supports,VMRS_HB_COMPLETE_v20 page 9_pages_26-50.md
055-019-000,,055,019,Retractable Roller Bed (Air),VMRS_HB_COMPLETE_v20 page 9_pages_26-50.md
055-022-001,,055,022,Shelving,VMRS_HB_COMPLETE_v20 page 9_pages_26-50.md
055-019-001,,055,019,Retractable Roller Bed Assembly,VMRS_HB_COMPLETE_v20 page 9_pages_26-50.md
055-022-003,,055,022,Riser - Shelving,VMRS_HB_COMPLETE_v20 page 9_pages_26-50.md
055-019-002,,055,019,Channel - Roller Bed,VMRS_HB_COMPLETE_v20 page 9_pages_26-50.md
055-022-004,,055,022,Spacer - Shelving,VMRS_HB_COMPLETE_v20 page 9_pages_26-50.md
055-019-003,,055,019,Tray - Roller Bed,VMRS_HB_COMPLETE_v20 page 9_pages_26-50.md
055-022-005,,055,022,Channel - Shelving,VMRS_HB_COMPLETE_v20 page 9_pages_26-50.md
055-019-004,,055,019,Roller - Roller Bed,VMRS_HB_COMPLETE_v20 page 9_pages_26-50.md
055-022-006,,055,022,Basket - Cargo,VMRS_HB_COMPLETE_v20 page 9_pages_26-50.md
055-019-005,,055,019,Axle - Roller Bed,VMRS_HB_COMPLETE_v20 page 9_pages_26-50.md
055-022-007,,055,022,Clip - Shelf,VMRS_HB_COMPLETE_v20 page 9_pages_26-50.md
055-019-006,,055,019,Stop - Roller Bed,VMRS_HB_COMPLETE_v20 page 9_pages_26-50.md
055-022-008,,055,022,Brace - Shelf,VMRS_HB_COMPLETE_v20 page 9_pages_26-50.md
055-019-007,,055,019,"Plate - Cover, Roller Bed",VMRS_HB_COMPLETE_v20 page 9_pages_26-50.md
055-022-009,,055,022,Bracket - Shelf,VMRS_HB_COMPLETE_v20 page 9_pages_26-50.md
055-019-008,,055,019,Guide - Roller Bed,VMRS_HB_COMPLETE_v20 page 9_pages_26-50.md
055-022-010,,055,022,"Post - Support, Cargo",VMRS_HB_COMPLETE_v20 page 9_pages_26-50.md
055-019-009,,055,019,Air Bag Assembly - Roller Bed,VMRS_HB_COMPLETE_v20 page 9_pages_26-50.md
055-022-011,,055,022,"Hardware, Mounting - Shelf",VMRS_HB_COMPLETE_v20 page 9_pages_26-50.md
055-019-010,,055,019,Plate - Access Boller bed,VMRS_HB_COMPLETE_v20 page 9_pages_26-50.md
055-022-012,,055,022,Lip - Shelf,VMRS_HB_COMPLETE_v20 page 9_pages_26-50.md
055-019-011,,055,019,Retainer - Roller Bed,VMRS_HB_COMPLETE_v20 page 9_pages_26-50.md
055-022-013,,055,022,Joint - Shelf,VMRS_HB_COMPLETE_v20 page 9_pages_26-50.md
055-019-012,,055,019,Lea Mounting Foot - Roller Bed,VMRS_HB_COMPLETE_v20 page 9_pages_26-50.md
055-022-014,,055,022,Bail Stop - Shelf,VMRS_HB_COMPLETE_v20 page 9_pages_26-50.md
055-022-015,,055,022,Tensioner - Support Shelf,VMRS_HB_COMPLETE_v20 page 9_pages_26-50.md
055-022-016,,055,022,Latch - Shelf,VMRS_HB_COMPLETE_v20 page 9_pages_26-50.md
055-022-017,,055,022,Divot Shelf,VMRS_HB_COMPLETE_v20 page 9_pages_26-50.md
055-019-015,,055,019,Eeg Nourilling Flate - Flation // Noiler Deu,VMRS_HB_COMPLETE_v20 page 9_pages_26-50.md
055-019-017,,055,019,Repair Tape - Roller Bed,VMRS_HB_COMPLETE_v20 page 9_pages_26-50.md
055-022-019,,055,022,"Support - Snell, Body",VMRS_HB_COMPLETE_v20 page 9_pages_26-50.md
055-020-000,,055,020,Control Panel - Retractable Roller Bed (Air),VMRS_HB_COMPLETE_v20 page 9_pages_26-50.md
055-022-020,,055,022,Shim - Shelt,VMRS_HB_COMPLETE_v20 page 9_pages_26-50.md
055-020-001,,055,020,Control Panel Assembly - Retractable Roller Bed,VMRS_HB_COMPLETE_v20 page 9_pages_26-50.md
055-022-021,,055,022,Stanchion - Shelf,VMRS_HB_COMPLETE_v20 page 9_pages_26-50.md
055-022-022,,055,022,Stimener - Shelf,VMRS_HB_COMPLETE_v20 page 9_pages_26-50.md
055-020-002,,055,020,Filter - Control Panel,VMRS_HB_COMPLETE_v20 page 9_pages_26-50.md
055-022-023,,055,022,"Brace - Z, Shelf",VMRS_HB_COMPLETE_v20 page 9_pages_26-50.md
055-020-003,,055,020,Gauge - Control Panel,VMRS_HB_COMPLETE_v20 page 9_pages_26-50.md
055-023-000,,055,023,Wheelchair Lift,VMRS_HB_COMPLETE_v20 page 9_pages_26-50.md
055-020-004,,055,020,Manifold - Control Panel,VMRS_HB_COMPLETE_v20 page 9_pages_26-50.md
055-023-001,,055,023,Pump Enclosure,VMRS_HB_COMPLETE_v20 page 9_pages_26-50.md
055-020-005,,055,020,Slide Valve - Control Panel,VMRS_HB_COMPLETE_v20 page 9_pages_26-50.md
055-023-004,,055,023,Pump Handle,VMRS_HB_COMPLETE_v20 page 9_pages_26-50.md
055-020-006,,055,020,Check Valve - Control Panel,VMRS_HB_COMPLETE_v20 page 9_pages_26-50.md
055-023-005,,055,023,Pull Box,VMRS_HB_COMPLETE_v20 page 9_pages_26-50.md
055-020-007,,055,020,Auxiliary Air Valve - Control Panel,VMRS_HB_COMPLETE_v20 page 9_pages_26-50.md
055-023-006,,055,023,Control - Hand Held,VMRS_HB_COMPLETE_v20 page 9_pages_26-50.md
055-020-008,,055,020,Tubing - Control Panel,VMRS_HB_COMPLETE_v20 page 9_pages_26-50.md
055-023-007,,055,023,Carriage,VMRS_HB_COMPLETE_v20 page 9_pages_26-50.md
055-020-009,,055,020,"Tee - Pipe, Control Panel",VMRS_HB_COMPLETE_v20 page 9_pages_26-50.md
055-023-008,,055,023,"Deployment System, Carriage - Electric",VMRS_HB_COMPLETE_v20 page 9_pages_26-50.md
055-023-080,,055,023,"Mounting - Handrail, Wheelchair Lift",VMRS_HB_COMPLETE_v20 page 9_pages_26-50.md
055-023-081,,055,023,"Mounting Bracket - Lift, Wheelchair Lift",VMRS_HB_COMPLETE_v20 page 9_pages_26-50.md
055-023-082,,055,023,"Connector - Electrical, Wheelchair Lift",VMRS_HB_COMPLETE_v20 page 9_pages_26-50.md
055-023-083,,055,023,Hand Pump - Wheelchair Lift,VMRS_HB_COMPLETE_v20 page 9_pages_26-50.md
055-023-084,,055,023,"Housing - Tank, Wheelchair Lift",VMRS_HB_COMPLETE_v20 page 9_pages_26-50.md
055-023-085,,055,023,"Hardware, Mounting - Wheelchair Lift",VMRS_HB_COMPLETE_v20 page 9_pages_26-50.md
055-023-086,,055,023,"Bracket - Spring, Wheelchair Lift",VMRS_HB_COMPLETE_v20 page 9_pages_26-50.md
055-023-089,,055,023,Shall - Wheelchair Lift,VMRS_HB_COMPLETE_v20 page 9_pages_26-50.md
055-023-090,,055,023,Spacer - Wheelchair Lift,VMRS_HB_COMPLETE_v20 page 9_pages_26-50.md
055-023-091,,055,023,"Plate - Striker, Wheelchair Lift",VMRS_HB_COMPLETE_v20 page 9_pages_26-50.md
055-023-092,,055,023,"Rod - Torsion, Wheelchair Lift",VMRS_HB_COMPLETE_v20 page 9_pages_26-50.md
055-023-093,,055,023,Beam - Wheelchair Lift,VMRS_HB_COMPLETE_v20 page 9_pages_26-50.md
055-023-094,,055,023,"Bracket - Arm, Wheelchair Lift",VMRS_HB_COMPLETE_v20 page 9_pages_26-50.md
055-023-095,,055,023,"Bracket - Platform, Wheelchair Lift",VMRS_HB_COMPLETE_v20 page 9_pages_26-50.md
055-023-096,,055,023,"Bracket - Control Linkage, Wheelchair Lift",VMRS_HB_COMPLETE_v20 page 9_pages_26-50.md
055-023-097,,055,023,"Mounting Bracket - Cylinder, Wheelchair Lift",VMRS_HB_COMPLETE_v20 page 9_pages_26-50.md
055-023-098,,055,023,"Caple - Stop, Wheelchair Litt",VMRS_HB_COMPLETE_v20 page 9_pages_26-50.md
055-023-099,,055,023,"Check valve - Hydraulic System, wheelchair Lift",VMRS_HB_COMPLETE_v20 page 9_pages_26-50.md
055-023-101,,055,023,End Can - Arm Whoolchair Lift,VMRS_HB_COMPLETE_v20 page 9_pages_26-50.md
055-023-102,,055,023,Gasket - Pump Flange Wheelchair Lift,VMRS_HB_COMPLETE_v20 page 9_pages_26-50.md
055-023-103,,055,023,Guard - Linkage Wheelchair Lift,VMRS_HB_COMPLETE_v20 page 9_pages_26-50.md
055-023-104,,055,023,Hinge - Bridge Plate. Wheelchair Lift,VMRS_HB_COMPLETE_v20 page 9_pages_26-50.md
055-023-105,,055,023,"Motor - Pump, Wheelchair Lift",VMRS_HB_COMPLETE_v20 page 9_pages_26-50.md
055-023-106,,055,023,"Pulley - Cable, Wheelchair Lift",VMRS_HB_COMPLETE_v20 page 9_pages_26-50.md
055-023-107,,055,023,"Reservoir - Hydraulic, Wheelchair Lift",VMRS_HB_COMPLETE_v20 page 9_pages_26-50.md
055-023-108,,055,023,"Retainer - Linkage, Wheelchair Lift",VMRS_HB_COMPLETE_v20 page 9_pages_26-50.md
055-023-109,,055,023,Retrofit Kit - Wheelchair Lift,VMRS_HB_COMPLETE_v20 page 9_pages_26-50.md
055-023-110,,055,023,"Roller - Ramp, Wheelchair Lift",VMRS_HB_COMPLETE_v20 page 9_pages_26-50.md
055-023-111,,055,023,"Seal Kit - Pump, Wheelchair Lift",VMRS_HB_COMPLETE_v20 page 9_pages_26-50.md
055-023-112,,055,023,"Sensor - Lift Position, Wheelchair Lift",VMRS_HB_COMPLETE_v20 page 9_pages_26-50.md
055-022-114,,055,022,"Sensor - Lin Stop, Wheelchair Lift",VMRS_HB_COMPLETE_v20 page 9_pages_26-50.md
055-023-115,,055,023,Shim - Linkage Wheelchair Lift,VMRS_HB_COMPLETE_v20 page 9_pages_26-50.md
055-023-116,,055,023,Valve - Flow Control Wheelchair Lift,VMRS_HB_COMPLETE_v20 page 9_pages_26-50.md
055-023-117,,055,023,Vent - Reservoir. Wheelchair Lift,VMRS_HB_COMPLETE_v20 page 9_pages_26-50.md
055-025-000,,055,025,Pallet Jack,VMRS_HB_COMPLETE_v20 page 9_pages_26-50.md
055-025-001,,055,025,Pallet Jack - Assembly,VMRS_HB_COMPLETE_v20 page 9_pages_26-50.md
055-025-002,,055,025,"Seal Kit - Piston, Pallet Jack",VMRS_HB_COMPLETE_v20 page 9_pages_26-50.md
055-025-003,,055,025,Wheel - Pallet Jack,VMRS_HB_COMPLETE_v20 page 9_pages_26-50.md
055-025-004,,055,025,"Bearing - Axle, Pallet Jack",VMRS_HB_COMPLETE_v20 page 9_pages_26-50.md
055-025-005,,055,025,Roll Pin - Pallet Jack,VMRS_HB_COMPLETE_v20 page 9_pages_26-50.md
055-025-006,,055,025,AXIE - Pallet Jack,VMRS_HB_COMPLETE_v20 page 9_pages_26-50.md
055-025-007,,055,025,Shell Lower Pallet Jack,VMRS_HB_COMPLETE_v20 page 9_pages_26-50.md
055-025-010,,055,025,Handgrip - Pallet Jack,VMRS_HB_COMPLETE_v20 page 9_pages_26-50.md
055-025-011,,055,025,"Switch - Horn, Pallet Jack",VMRS_HB_COMPLETE_v20 page 9_pages_26-50.md
055-025-012,,055,025,"Switch - Micro w/Connector, Pallet Jack",VMRS_HB_COMPLETE_v20 page 9_pages_26-50.md
055-025-013,,055,025,"Bracket - Switch, Pallet Jack",VMRS_HB_COMPLETE_v20 page 9_pages_26-50.md
055-025-014,,055,025,"Spring - Compression, Pallet Jack",VMRS_HB_COMPLETE_v20 page 9_pages_26-50.md
055-025-015,,055,025,"Button - Horn, Pallet Jack",VMRS_HB_COMPLETE_v20 page 9_pages_26-50.md
055-025-016,,055,025,"Plug - Handgrip, Pallet Jack",VMRS_HB_COMPLETE_v20 page 9_pages_26-50.md
055-025-017,,055,025,"Harness - Tiller, Pallet Jack",VMRS_HB_COMPLETE_v20 page 9_pages_26-50.md
055-025-018,,055,025,"Mounting, Hardware - Pallet Jack",VMRS_HB_COMPLETE_v20 page 9_pages_26-50.md
055-026-007,,055,026,Roller - Wheel Cart,VMRS_HB_COMPLETE_v20 page 9_pages_26-50.md
055-026-003,,055,026,Curb Bamp - Hand Truck,VMRS_HB_COMPLETE_v20 page 9_pages_26-50.md
055-027-000,,055,027,Drum - Hand Truck,VMRS_HB_COMPLETE_v20 page 9_pages_26-50.md
055-027-001,,055,027,"Drum, Hand Truck - Assembly",VMRS_HB_COMPLETE_v20 page 9_pages_26-50.md
055-028-000,,055,028,Jack - Ground Support Equipment (GSE),VMRS_HB_COMPLETE_v20 page 9_pages_26-50.md
055-028-001,,055,028,"Plunger, Pump - Jack, GSE",VMRS_HB_COMPLETE_v20 page 9_pages_26-50.md
055-028-002,,055,028,"Cup, Retainer - Jack, GSE",VMRS_HB_COMPLETE_v20 page 9_pages_26-50.md
055-028-003,,055,028,"Retainer, Cup - Jack, GSE",VMRS_HB_COMPLETE_v20 page 9_pages_26-50.md
055-028-004,,055,028,"Packing, Pump - Jack, GSE",VMRS_HB_COMPLETE_v20 page 9_pages_26-50.md
055-028-005,,055,028,"Plunger, Pump Packing Unit - Jack, GSE",VMRS_HB_COMPLETE_v20 page 9_pages_26-50.md
055-028-006,,055,028,"Packing, Cup - Jack, GSE",VMRS_HB_COMPLETE_v20 page 9_pages_26-50.md
000-028-007,,000,028,"Cover, Tripod - Jack, GSE",VMRS_HB_COMPLETE_v20 page 9_pages_26-50.md
055-028-008,,055,028,"Wheel - Caster, Ground Support Equipment",VMRS_HB_COMPLETE_v20 page 9_pages_26-50.md
056-001-013,,056,001,"Seal - Output Shaft, PTO",VMRS_HB_COMPLETE_v20 page 9_pages_26-50.md
055-029-000,,055,029,Liftgate Battery Charging System,VMRS_HB_COMPLETE_v20 page 9_pages_26-50.md
056-001-014,,056,001,"Shim - Mounting, PTO",VMRS_HB_COMPLETE_v20 page 9_pages_26-50.md
055-029-001,,055,029,Liftgate Battery Charging System Assembly,VMRS_HB_COMPLETE_v20 page 9_pages_26-50.md
056-001-015,,056,001,"Cover - Control, PTO",VMRS_HB_COMPLETE_v20 page 9_pages_26-50.md
055-029-002,,055,029,"Controller - Select, Liftgate Battery Charging",VMRS_HB_COMPLETE_v20 page 9_pages_26-50.md
056-001-016,,056,001,"Shaft - Control, PTO",VMRS_HB_COMPLETE_v20 page 9_pages_26-50.md
055-029-003,,055,029,"Controller - Direct, Liftgate Battery Charging",VMRS_HB_COMPLETE_v20 page 9_pages_26-50.md
056-001-017,,056,001,"Cable - Control, PTO",VMRS_HB_COMPLETE_v20 page 9_pages_26-50.md
055-029-004,,055,029,Control Module - Liftgate Battery Charging,VMRS_HB_COMPLETE_v20 page 9_pages_26-50.md
056-001-018,,056,001,"Shaft - Idler, PTO",VMRS_HB_COMPLETE_v20 page 9_pages_26-50.md
055-029-005,,055,029,Main Harness - Liftgate Battery Charging,VMRS_HB_COMPLETE_v20 page 9_pages_26-50.md
056-001-019,,056,001,"Spacer Kit - Input Gear, PTO",VMRS_HB_COMPLETE_v20 page 9_pages_26-50.md
055-029-006,,055,029,"Harness - Reeter, Littgate Battery Charging",VMRS_HB_COMPLETE_v20 page 9_pages_26-50.md
056-001-020,,056,001,"Gear - Sliding, Output, PTO",VMRS_HB_COMPLETE_v20 page 9_pages_26-50.md
055-029-007,,055,029,"Nose Box - Dual/Single Pole, Lingale Ballery",VMRS_HB_COMPLETE_v20 page 9_pages_26-50.md
056-001-021,,056,001,"Lock Ring - Output Shalt, PTO",VMRS_HB_COMPLETE_v20 page 9_pages_26-50.md
056-001-022,,056,001,Gasket Boaring Cap Closed & Output End,VMRS_HB_COMPLETE_v20 page 9_pages_26-50.md
000-029-000,,000,029,Charging,VMRS_HB_COMPLETE_v20 page 9_pages_26-50.md
050-001-025,,050,001,PTO,VMRS_HB_COMPLETE_v20 page 9_pages_26-50.md
055-029-009,,055,029,Hardware - Liftgate Battery Charging,VMRS_HB_COMPLETE_v20 page 9_pages_26-50.md
056-001-024,,056,001,Cover - Closed End (Cap Assembly) PTO,VMRS_HB_COMPLETE_v20 page 9_pages_26-50.md
055-029-010,,055,029,MIDI Fuse - Liftgate Battery Charging,VMRS_HB_COMPLETE_v20 page 9_pages_26-50.md
056-001-025,,056,001,"Cover - Open End (Cap Assembly), PTO",VMRS_HB_COMPLETE_v20 page 9_pages_26-50.md
055-029-011,,055,029,Controller - Select w/Dual Combo Reefer and,VMRS_HB_COMPLETE_v20 page 9_pages_26-50.md
056-001-026,,056,001,"Gasket - Cover, Shift, PTO",VMRS_HB_COMPLETE_v20 page 9_pages_26-50.md
056-001-027,,056,001,Gasket & Seal Kit - PTO,VMRS_HB_COMPLETE_v20 page 9_pages_26-50.md
055-030-000,,055,030,Cargo,VMRS_HB_COMPLETE_v20 page 9_pages_26-50.md
056-001-028,,056,001,Bearing & Spacer Kit - PTO,VMRS_HB_COMPLETE_v20 page 9_pages_26-50.md
055-031-000,,055,031,Chain - Transport Grade,VMRS_HB_COMPLETE_v20 page 9_pages_26-50.md
056-001-029,,056,001,Gasket - PTO Mounting,VMRS_HB_COMPLETE_v20 page 9_pages_26-50.md
055-031-001,,055,031,"Chain - G70, Transport Grade",VMRS_HB_COMPLETE_v20 page 9_pages_26-50.md
056-001-030,,056,001,Gear - PTO Drive,VMRS_HB_COMPLETE_v20 page 9_pages_26-50.md
055-031-002,,055,031,"Lever - Chain Binder, Transport Grade",VMRS_HB_COMPLETE_v20 page 9_pages_26-50.md
056-001-031,,056,001,"Gear - Sliding, PTO Input",VMRS_HB_COMPLETE_v20 page 9_pages_26-50.md
055-031-003,,055,031,"Ratchet - Chain Binder, Transport Grade",VMRS_HB_COMPLETE_v20 page 9_pages_26-50.md
056-001-032,,056,001,"Gear - Cluster, PTO",VMRS_HB_COMPLETE_v20 page 9_pages_26-50.md
055-031-004,,055,031,Ratchet Strap - Transport Grade,VMRS_HB_COMPLETE_v20 page 9_pages_26-50.md
056-001-033,,056,001,Mounting Kit - PTO,VMRS_HB_COMPLETE_v20 page 9_pages_26-50.md
055-031-005,,055,031,"Strap - Flat Hook, Transport Grade",VMRS_HB_COMPLETE_v20 page 9_pages_26-50.md
056-001-034,,056,001,"Lock-Ring - Shaft, Output, PTO",VMRS_HB_COMPLETE_v20 page 9_pages_26-50.md
055-031-006,,055,031,"Strap - Twist Loop, Transport Grade",VMRS_HB_COMPLETE_v20 page 9_pages_26-50.md
056-001-035,,056,001,"Thrust Washer - Output Shaft, PTO",VMRS_HB_COMPLETE_v20 page 9_pages_26-50.md
055-031-007,,055,031,"Strap - Delta Ring, Transport Grade",VMRS_HB_COMPLETE_v20 page 9_pages_26-50.md
056-001-036,,056,001,"Key - Shaft, Output, PTO",VMRS_HB_COMPLETE_v20 page 9_pages_26-50.md
055-031-008,,055,031,"Hook - Latch, Transport Grade",VMRS_HB_COMPLETE_v20 page 9_pages_26-50.md
056-001-037,,056,001,"Cup - Bearing, End Cap, PTO",VMRS_HB_COMPLETE_v20 page 9_pages_26-50.md
055-031-009,,055,031,"Hook - Grad, Transport Grade",VMRS_HB_COMPLETE_v20 page 9_pages_26-50.md
056-001-080,,056,001,"Regulator - Air Shiller, PTO",VMRS_HB_COMPLETE_v20 page 9_pages_26-50.md
055-031-010,,055,031,"Hook - Double Clevis, Transport Grade",VMRS_HB_COMPLETE_v20 page 9_pages_26-50.md
056-001-087,,056,001,"Link - Oli Sel Sprockel Chain, PTO",VMRS_HB_COMPLETE_v20 page 9_pages_26-50.md
055-031-011,,055,031,Shackles Transport Grade,VMRS_HB_COMPLETE_v20 page 9_pages_26-50.md
055-031-012,,055,031,Ouick Link - Transport Grade,VMRS_HB_COMPLETE_v20 page 9_pages_26-50.md
056-001-009,,056,001,Indicator Lamp - PTO,VMRS_HB_COMPLETE_v20 page 9_pages_26-50.md
055-031-014,,055,031,Batchet - Benlacement for Stran Transport,VMRS_HB_COMPLETE_v20 page 9_pages_26-50.md
056-001-092,,056,001,Pump - PTO,VMRS_HB_COMPLETE_v20 page 9_pages_26-50.md
000-001-014,,000,001,Grade,VMRS_HB_COMPLETE_v20 page 9_pages_26-50.md
056-001-093,,056,001,Bracket - Pump PTO,VMRS_HB_COMPLETE_v20 page 9_pages_26-50.md
055-032-000,,055,032,Cargo Bunk,VMRS_HB_COMPLETE_v20 page 9_pages_26-50.md
056-001-094,,056,001,"Support - Hydraulic Lines, PTO",VMRS_HB_COMPLETE_v20 page 9_pages_26-50.md
055-032-001,,055,032,Cargo Bunk - Assembly,VMRS_HB_COMPLETE_v20 page 9_pages_26-50.md
056-001-095,,056,001,Bracket - PTO,VMRS_HB_COMPLETE_v20 page 9_pages_26-50.md
055-032-002,,055,032,Bolster - Cargo Bunk,VMRS_HB_COMPLETE_v20 page 9_pages_26-50.md
056-001-096,,056,001,Drive Shaft - PTO,VMRS_HB_COMPLETE_v20 page 9_pages_26-50.md
055-032-003,,055,032,"Attachment - Clamping, Cargo Bunk",VMRS_HB_COMPLETE_v20 page 9_pages_26-50.md
056-001-097,,056,001,"Wiring Harness - Switch, Overspeed, PTO",VMRS_HB_COMPLETE_v20 page 9_pages_26-50.md
055-032-004,,055,032,"Stake - Foldable, Cargo Bunk",VMRS_HB_COMPLETE_v20 page 9_pages_26-50.md
056-001-098,,056,001,Solenoid Valve - PTO,VMRS_HB_COMPLETE_v20 page 9_pages_26-50.md
055-032-005,,055,032,"Stake - Top, Cargo Bunk",VMRS_HB_COMPLETE_v20 page 9_pages_26-50.md
056-001-099,,056,001,"Hose - Hydraulic, PTO",VMRS_HB_COMPLETE_v20 page 9_pages_26-50.md
055-032-006,,055,032,"Stake - Bottom, Cargo Bunk",VMRS_HB_COMPLETE_v20 page 9_pages_26-50.md
056-001-100,,056,001,"Clamp - Hose, Hydraulic, PTO",VMRS_HB_COMPLETE_v20 page 9_pages_26-50.md
055-032-007,,055,032,Spring Kit - Cargo Bunk,VMRS_HB_COMPLETE_v20 page 9_pages_26-50.md
056-001-101,,056,001,Adapter - PTO,VMRS_HB_COMPLETE_v20 page 9_pages_26-50.md
055-032-008,,055,032,Cam - Cargo Bunk,VMRS_HB_COMPLETE_v20 page 9_pages_26-50.md
056-001-102,,056,001,"Sensor - Heat, PTO",VMRS_HB_COMPLETE_v20 page 9_pages_26-50.md
055-032-009,,055,032,Shackle - Cargo Bunk,VMRS_HB_COMPLETE_v20 page 9_pages_26-50.md
056-001-103,,056,001,"Switch - Pressure, PTO",VMRS_HB_COMPLETE_v20 page 9_pages_26-50.md
055-032-010,,055,032,Chain - Cargo Bunk,VMRS_HB_COMPLETE_v20 page 9_pages_26-50.md
056-001-104,,056,001,"Hardware, Mounting - Shift, PTO",VMRS_HB_COMPLETE_v20 page 9_pages_26-50.md
055-032-011,,055,032,Spring - Cargo Bunk,VMRS_HB_COMPLETE_v20 page 9_pages_26-50.md
056-001-105,,056,001,Repair Kit - PTO,VMRS_HB_COMPLETE_v20 page 9_pages_26-50.md
055-032-012,,055,032,QUICK LINK - Cargo Bunk,VMRS_HB_COMPLETE_v20 page 9_pages_26-50.md
056-001-106,,056,001,,VMRS_HB_COMPLETE_v20 page 9_pages_26-50.md
055-032-013,,055,032,"Boister - Rubber, Cargo Bunk",VMRS_HB_COMPLETE_v20 page 9_pages_26-50.md
056-001-107,,056,001,"Bearing - Drive Shall, PTO",VMRS_HB_COMPLETE_v20 page 9_pages_26-50.md
055-032-016,,055,032,"Pin - Locking, Cargo Bunk",VMRS_HB_COMPLETE_v20 page 9_pages_26-50.md
056-001-110,,056,001,Wiring Harness - Control PTO,VMRS_HB_COMPLETE_v20 page 9_pages_26-50.md
055-032-017,,055,032,"Extension - Grease Ninnle, Cargo Bunk",VMRS_HB_COMPLETE_v20 page 9_pages_26-50.md
056-001-111,,056,001,Split Shaft - PTO,VMRS_HB_COMPLETE_v20 page 9_pages_26-50.md
055-032-018,,055,032,Grease Nipple - Cargo Bunk,VMRS_HB_COMPLETE_v20 page 9_pages_26-50.md
056-001-112,,056,001,Hub - PTO,VMRS_HB_COMPLETE_v20 page 9_pages_26-50.md
055-032-019,,055,032,"Decal Kit - Bolster, Cargo Bunk",VMRS_HB_COMPLETE_v20 page 9_pages_26-50.md
056-001-113,,056,001,Bushing - PTO Transmission Mounted,VMRS_HB_COMPLETE_v20 page 9_pages_26-50.md
055-032-020,,055,032,"Decal Kit - Stake, Cargo Bunk",VMRS_HB_COMPLETE_v20 page 9_pages_26-50.md
056-001-114,,056,001,"Bushing - Split Shaft, PTO",VMRS_HB_COMPLETE_v20 page 9_pages_26-50.md
055-032-021,,055,032,"Clamp - Upper, Cargo Bunk",VMRS_HB_COMPLETE_v20 page 9_pages_26-50.md
056-001-115,,056,001,"O-Ring - Split Shaft, PTO",VMRS_HB_COMPLETE_v20 page 9_pages_26-50.md
055-032-022,,055,032,"Clamp - Lower, Cargo Bunk",VMRS_HB_COMPLETE_v20 page 9_pages_26-50.md
056-001-116,,056,001,"Spacer - Split Shaft, PTO",VMRS_HB_COMPLETE_v20 page 9_pages_26-50.md
055-032-023,,055,032,Mounting Plate - Cargo Bunk,VMRS_HB_COMPLETE_v20 page 9_pages_26-50.md
056-001-117,,056,001,"Spring - Split Shaft, PTO",VMRS_HB_COMPLETE_v20 page 9_pages_26-50.md
056-000-000,,056,000,Power Take-Off,VMRS_HB_COMPLETE_v20 page 9_pages_26-50.md
056-001-118,,056,001,"Flange - Drive, PTO",VMRS_HB_COMPLETE_v20 page 9_pages_26-50.md
056-001-000,,056,001,Power Take-Off (PTO),VMRS_HB_COMPLETE_v20 page 9_pages_26-50.md
056-001-119,,056,001,"Flange - Support, Oil Seal, PTO",VMRS_HB_COMPLETE_v20 page 9_pages_26-50.md
056-001-001,,056,001,PTO Assembly - Complete,VMRS_HB_COMPLETE_v20 page 9_pages_26-50.md
056-001-120,,056,001,"Flange - Support, Bearing, PTO",VMRS_HB_COMPLETE_v20 page 9_pages_26-50.md
056-001-002,,056,001,"Lever - Control, PTO",VMRS_HB_COMPLETE_v20 page 9_pages_26-50.md
056-001-121,,056,001,"Ring Gear - Drive, PTO",VMRS_HB_COMPLETE_v20 page 9_pages_26-50.md
056-001-003,,056,001,Bearing - PTO,VMRS_HB_COMPLETE_v20 page 9_pages_26-50.md
056-001-122,,056,001,"Switch - Positioning, Shaft, PTO",VMRS_HB_COMPLETE_v20 page 9_pages_26-50.md
056-001-004,,056,001,"Gear - Idler, PTO",VMRS_HB_COMPLETE_v20 page 9_pages_26-50.md
056-001-123,,056,001,"Conveyer - Lube Diverter, PTO",VMRS_HB_COMPLETE_v20 page 9_pages_26-50.md
056-001-005,,056,001,Seal - PTO Control Shaft,VMRS_HB_COMPLETE_v20 page 9_pages_26-50.md
056-001-124,,056,001,Plug - PTO,VMRS_HB_COMPLETE_v20 page 9_pages_26-50.md
056-001-007,,056,001,Case - MIU,VMRS_HB_COMPLETE_v20 page 9_pages_26-50.md
056-001-008,,056,001,"Belt - Auviliary Drive, PTO",VMRS_HB_COMPLETE_v20 page 9_pages_26-50.md
050-001-127,,050,001,"ning -Jensol, Ouometer, MTORing - Internal PTO",VMRS_HB_COMPLETE_v20 page 9_pages_26-50.md
056-001-011,,056,001,Chain - PTO Drive,VMRS_HB_COMPLETE_v20 page 9_pages_26-50.md
056-001-130,,056,001,Housing - Cylinder PTO,VMRS_HB_COMPLETE_v20 page 9_pages_26-50.md
056-001-012,,056,001,"Shaft - Output, PTO",VMRS_HB_COMPLETE_v20 page 9_pages_26-50.md
056-001-131,,056,001,O-Ring - PTO,VMRS_HB_COMPLETE_v20 page 9_pages_26-50.md
056-001-132,,056,001,PTO Assembly - Split Shaft,VMRS_HB_COMPLETE_v20 page 9_pages_26-50.md
056-001-133,,056,001,"Pulley - PTO, Engine Front",VMRS_HB_COMPLETE_v20 page 9_pages_26-50.md
056-001-134,,056,001,"Shaft - Extension, Output, PTO",VMRS_HB_COMPLETE_v20 page 9_pages_26-50.md
056-001-135,,056,001,"Housing - Declutch, PTO",VMRS_HB_COMPLETE_v20 page 9_pages_26-50.md
056-001-136,,056,001,"Cover - Declutch Housing, PTO",VMRS_HB_COMPLETE_v20 page 9_pages_26-50.md
056-001-137,,056,001,"Bracket - Solenoid Valve, PTO",VMRS_HB_COMPLETE_v20 page 9_pages_26-50.md
056-001-138,,056,001,"Plate - Pump Mounting, Declutch, PTO",VMRS_HB_COMPLETE_v20 page 9_pages_26-50.md
056-001-139,,056,001,"Spacer - Air Cylinder, PTO",VMRS_HB_COMPLETE_v20 page 9_pages_26-50.md
056-001-140,,056,001,"Cover - Housing, Split Snaft, PTO",VMRS_HB_COMPLETE_v20 page 9_pages_26-50.md
056-001-141,,056,001,Sneave - PTO,VMRS_HB_COMPLETE_v20 page 9_pages_26-50.md
056-001-142,,056,001,"Cover - valve Cap, PTO",VMRS_HB_COMPLETE_v20 page 9_pages_26-50.md
056-001-143,,056,001,Mounting Bracket - Domote DTO,VMRS_HB_COMPLETE_v20 page 9_pages_26-50.md
056-001-145,,056,001,Stud Kit - Mounting PTO,VMRS_HB_COMPLETE_v20 page 9_pages_26-50.md
056-001-146,,056,001,Sensor - Sneed PTO,VMRS_HB_COMPLETE_v20 page 9_pages_26-50.md
056-001-147,,056,001,"Spacer - Mounting, PTO Adapter",VMRS_HB_COMPLETE_v20 page 9_pages_26-50.md
056-001-148,,056,001,"Cable - Xata Module, Signal Wiring",VMRS_HB_COMPLETE_v20 page 9_pages_26-50.md
056-001-149,,056,001,"Harness - Warning Light, Energized",VMRS_HB_COMPLETE_v20 page 9_pages_26-50.md
056-001-150,,056,001,"Harness - Warning Light, Engaged",VMRS_HB_COMPLETE_v20 page 9_pages_26-50.md
056-001-151,,056,001,"Shield - Safety, PTO",VMRS_HB_COMPLETE_v20 page 9_pages_26-50.md
056-001-152,,056,001,"Shaft - Solid, PTO",VMRS_HB_COMPLETE_v20 page 9_pages_26-50.md
056-001-153,,056,001,"Shaft - Stub, PTO",VMRS_HB_COMPLETE_v20 page 9_pages_26-50.md
056-001-154,,056,001,"Shaft - Tube, PTO",VMRS_HB_COMPLETE_v20 page 9_pages_26-50.md
056-001-155,,056,001,Circuit Board - PTO,VMRS_HB_COMPLETE_v20 page 9_pages_26-50.md
056-001-156,,056,001,Sleeve - PTO Clutch,VMRS_HB_COMPLETE_v20 page 9_pages_26-50.md
056-001-157,,056,001,"Valve - Actuating, PTO",VMRS_HB_COMPLETE_v20 page 9_pages_26-50.md
056-001-158,,056,001,Relay - PTO,VMRS_HB_COMPLETE_v20 page 9_pages_26-50.md
056-001-159,,056,001,Transmission - PTO,VMRS_HB_COMPLETE_v20 page 9_pages_26-50.md
056-001-160,,056,001,"Switch - Clutch, PTO",VMRS_HB_COMPLETE_v20 page 9_pages_26-50.md
050-001-101,,050,001,"Hardware, Mounting - Yoke",VMRS_HB_COMPLETE_v20 page 9_pages_26-50.md
056-001-162,,056,001,"Tarik, Hydraulic, PTO",VMRS_HB_COMPLETE_v20 page 9_pages_26-50.md
056-001-164,,056,001,"Filler Can Assembly - Hydraulic Tank, PTO",VMRS_HB_COMPLETE_v20 page 9_pages_26-50.md
056-001-165,,056,001,Universal Joint - PTO Shaft,VMRS_HB_COMPLETE_v20 page 9_pages_26-50.md
056-001-166,,056,001,Switch - Limit. PTO,VMRS_HB_COMPLETE_v20 page 9_pages_26-50.md
056-001-167,,056,001,"Light - Warning, PTO",VMRS_HB_COMPLETE_v20 page 9_pages_26-50.md
056-002-000,,056,002,Shift - Pneumatic,VMRS_HB_COMPLETE_v20 page 9_pages_26-50.md
056-002-001,,056,002,Cover - Air Shift Assembly,VMRS_HB_COMPLETE_v20 page 9_pages_26-50.md
056-002-002,,056,002,Cover - Shifter,VMRS_HB_COMPLETE_v20 page 9_pages_26-50.md
056-002-003,,056,002,Seal - Shifter Cover,VMRS_HB_COMPLETE_v20 page 9_pages_26-50.md
056-002-004,,056,002,Fork - Air Shifter,VMRS_HB_COMPLETE_v20 page 9_pages_26-50.md
050-002-005,,050,002,Shalt - Air Shifter,VMRS_HB_COMPLETE_v20 page 9_pages_26-50.md
056-002-007,,056,002,Spring - All ShillerWesher Spring Detainer,VMRS_HB_COMPLETE_v20 page 9_pages_26-50.md
056-002-008,,056,002,Screw - Button Head,VMRS_HB_COMPLETE_v20 page 9_pages_26-50.md
056-002-009,,056,002,V- Bing - Block,VMRS_HB_COMPLETE_v20 page 9_pages_26-50.md
056-002-010,,056,002,Piston - Air Control,VMRS_HB_COMPLETE_v20 page 9_pages_26-50.md
056-002-011,,056,002,Gasket - Cylinder Cap,VMRS_HB_COMPLETE_v20 page 9_pages_26-50.md
056-002-012,,056,002,Cap - Air Control Cylinder,VMRS_HB_COMPLETE_v20 page 9_pages_26-50.md
056-002-013,,056,002,"Switch - Indicator, Air Shift",VMRS_HB_COMPLETE_v20 page 9_pages_26-50.md
056-002-014,,056,002,"Yoke - End, PTO Shaft",VMRS_HB_COMPLETE_v20 page 9_pages_26-50.md
056-002-015,,056,002,"Yoke - Slip, PTO Shaft",VMRS_HB_COMPLETE_v20 page 9_pages_26-50.md
056-002-016,,056,002,"Universal Joint, PTO Shaft",VMRS_HB_COMPLETE_v20 page 9_pages_26-50.md
056-002-018,,056,002,PTO Shaft Assembly,VMRS_HB_COMPLETE_v20 page 9_pages_26-50.md
056-002-019,,056,002,Air Shift Kit,VMRS_HB_COMPLETE_v20 page 9_pages_26-50.md
056-002-020,,056,002,"Yoke - Flange, PTO Shalt",VMRS_HB_COMPLETE_v20 page 9_pages_26-50.md
056-002-021,,056,002,Powershift PTO,VMRS_HB_COMPLETE_v20 page 9_pages_26-50.md
056-003-001,,056,003,Spring - Clutch,VMRS_HB_COMPLETE_v20 page 9_pages_26-50.md
056-003-002,,056,003,Plate - Clutch Powershift PTO,VMRS_HB_COMPLETE_v20 page 9_pages_26-50.md
056-003-003,,056,003,Disk - Friction,VMRS_HB_COMPLETE_v20 page 9_pages_26-50.md
056-003-004,,056,003,"Piston - Clutch, Powershift PTO",VMRS_HB_COMPLETE_v20 page 9_pages_26-50.md
056-003-005,,056,003,"Backup - Clutch, Up Cylinder",VMRS_HB_COMPLETE_v20 page 9_pages_26-50.md
056-003-006,,056,003,Solenoid Valve - Powershift PTO,VMRS_HB_COMPLETE_v20 page 9_pages_26-50.md
056-003-007,,056,003,Control Module - Speed Limited,VMRS_HB_COMPLETE_v20 page 9_pages_26-50.md
056-003-008,,056,003,"Pump, Oil - Pressure Lube",VMRS_HB_COMPLETE_v20 page 9_pages_26-50.md
056-003-009,,056,003,Heat Exchanger - Lube Oil,VMRS_HB_COMPLETE_v20 page 9_pages_26-50.md
056-003-010,,056,003,"Gasket - Heat Exchanger, Powershift PTO",VMRS_HB_COMPLETE_v20 page 9_pages_26-50.md
056-003-012,,056,003,Damper - Vibration,VMRS_HB_COMPLETE_v20 page 9_pages_26-50.md
056-003-014,,056,003,Valve - Throttle,VMRS_HB_COMPLETE_v20 page 9_pages_26-50.md
056-003-015,,056,003,Check Valve,VMRS_HB_COMPLETE_v20 page 9_pages_26-50.md
056-000-016,,056,000,Sheft Input Doworshift DTO,VMRS_HB_COMPLETE_v20 page 9_pages_26-50.md
050-003-010,,050,003,"Shait - Input, Fowershift FTO",VMRS_HB_COMPLETE_v20 page 9_pages_26-50.md
056-003-017,,056,003,"Hardware, Mounting - PTO",VMRS_HB_COMPLETE_v20 page 9_pages_26-50.md
056-003-018,,056,003,"Bracket, Attaching - PTO",VMRS_HB_COMPLETE_v20 page 9_pages_26-50.md
056-003-019,,056,003,Drain Plug - Lube,VMRS_HB_COMPLETE_v20 page 9_pages_26-50.md
056-003-020,,056,003,Breather - Powershift PTO,VMRS_HB_COMPLETE_v20 page 9_pages_26-50.md
056-003-021,,056,003,Filter - Breather PTO,VMRS_HB_COMPLETE_v20 page 9_pages_26-50.md
050-000-021,,050,000,Chaff Output Lawar,VMRS_HB_COMPLETE_v20 page 9_pages_26-50.md
056-003-022,,056,003,"Shalt - Output, Lower",VMRS_HB_COMPLETE_v20 page 9_pages_26-50.md
056-003-023,,056,003,"Shaft - Output, Upper",VMRS_HB_COMPLETE_v20 page 9_pages_26-50.md
056-003-024,,056,003,"Gear - Output, Reduction",VMRS_HB_COMPLETE_v20 page 9_pages_26-50.md
056-003-025,,056,003,"Seal - Piston, PTO",VMRS_HB_COMPLETE_v20 page 9_pages_26-50.md
056-003-026,,056,003,Cylinder - Piston Bore,VMRS_HB_COMPLETE_v20 page 9_pages_26-50.md
056-003-027,,056,003,Washer Avial Disc,VMRS_HB_COMPLETE_v20 page 9_pages_26-50.md
050-003-027,,050,003,Washer - Axial Disc,VMRS_HB_COMPLETE_v20 page 9_pages_26-50.md
056-003-028,,056,003,Gear - Disc Drive,VMRS_HB_COMPLETE_v20 page 9_pages_26-50.md
056-003-029,,056,003,"Pump Assembly - Lube, Complete",VMRS_HB_COMPLETE_v20 page 9_pages_26-50.md
056-003-030,,056,003,Housing - Lube Pump,VMRS_HB_COMPLETE_v20 page 9_pages_26-50.md
056-003-031,,056,003,Seal - Input,VMRS_HB_COMPLETE_v20 page 9_pages_26-50.md
056-003-032,,056,003,Lock Ring - Input PTO,VMRS_HB_COMPLETE_v20 page 9_pages_26-50.md
056-003-033,,056,003,Damponer - Vibration,VMRS_HB_COMPLETE_v20 page 9_pages_26-50.md
056-003-034,,056,003,Line - Lube Oil,VMRS_HB_COMPLETE_v20 page 9_pages_26-50.md
056-003-035,,056,003,"Seal - Line,Lube oil",VMRS_HB_COMPLETE_v20 page 9_pages_26-50.md
056-003-036,,056,003,Accumulator - Lube Oil Pressure,VMRS_HB_COMPLETE_v20 page 9_pages_26-50.md
056-003-037,,056,003,"Hardware, Mounting - Heat Exchanger,",VMRS_HB_COMPLETE_v20 page 9_pages_26-50.md
056-003-038,,056,003,Debris Cover Output Shaft,VMRS_HB_COMPLETE_v20 page 9_pages_26-50.md
050-003-030,,050,003,Deblis Cover - Output Shalt,VMRS_HB_COMPLETE_v20 page 9_pages_26-50.md
056-003-039,,056,003,"Seal - Debris Cover, Output Shalt",VMRS_HB_COMPLETE_v20 page 9_pages_26-50.md
056-003-040,,056,003,"Edge Guard - Debris Cover, Output Shaft",VMRS_HB_COMPLETE_v20 page 9_pages_26-50.md
056-003-041,,056,003,"Cover - Output Shaft, Protection",VMRS_HB_COMPLETE_v20 page 9_pages_26-50.md
056-003-042,,056,003,"Cover - Valve and Cap Assembly, Powershift",VMRS_HB_COMPLETE_v20 page 9_pages_26-50.md
057-000-000,,057,000,Spare Wheel Mounting,VMRS_HB_COMPLETE_v20 page 9_pages_26-50.md
057-001-000,,057,001,Spare Wheel Mounting Accombly,VMRS_HB_COMPLETE_v20 page 9_pages_26-50.md
057-001-001,,057,001,Carrier - Spare Wheel,VMRS_HB_COMPLETE_v20 page 9_pages_26-50.md
057-001-002,,057,001,"Hardware, Mounting - Spare Wheel Carrier",VMRS_HB_COMPLETE_v20 page 9_pages_26-50.md
057-001-003,,057,001,Hold-Down Clamping Parts - Spare Wheel,VMRS_HB_COMPLETE_v20 page 9_pages_26-50.md
057-001-004,,057,001,Lock - Spare Wheel,VMRS_HB_COMPLETE_v20 page 9_pages_26-50.md
057-001-005,,057,001,Mounting Bracket - Spare Tire,VMRS_HB_COMPLETE_v20 page 9_pages_26-50.md
057-001-006,,057,001,Popair Kit Tiro Carrier,VMRS_HB_COMPLETE_v20 page 9_pages_26-50.md
057-001-007,,057,001,Winch - Spare Tire,VMRS_HB_COMPLETE_v20 page 9_pages_26-50.md
057-001-008,,057,001,"Tube - Winch, Spare Tire",VMRS_HB_COMPLETE_v20 page 9_pages_26-50.md
057-001-009,,057,001,"Compartment, Tire - Spare",VMRS_HB_COMPLETE_v20 page 9_pages_26-50.md
057-001-010,,057,001,"Door, Compartment - Spare Tire",VMRS_HB_COMPLETE_v20 page 9_pages_26-50.md
057-001-011,,057,001,Rim - Support Spare Tire Carrier,VMRS_HB_COMPLETE_v20 page 9_pages_26-50.md
057-001-012,,057,001,Chain - Link Spare Tire Carrier,VMRS_HB_COMPLETE_v20 page 9_pages_26-50.md
057-001-013,,057,001,"Clevis - Pin with Clip, Spare The Carrier",VMRS_HB_COMPLETE_v20 page 9_pages_26-50.md
057-001-014,,057,001,"Crank - Hand, Spare Tire Carrier",VMRS_HB_COMPLETE_v20 page 9_pages_26-50.md
057-001-015,,057,001,"Cover - Winch, Spare Tire Carrier",VMRS_HB_COMPLETE_v20 page 9_pages_26-50.md
057-001-016,,057,001,Handle - Spare Tire Winch,VMRS_HB_COMPLETE_v20 page 9_pages_26-50.md
057-001-017,,057,001,Lift Plate - Spare Tire Carrier,VMRS_HB_COMPLETE_v20 page 9_pages_26-50.md
057-001-018,,057,001,Stran - Winch Spare Tire,VMRS_HB_COMPLETE_v20 page 9_pages_26-50.md
057-001-019,,057,001,"Clamp - Cover, Spare Tire",VMRS_HB_COMPLETE_v20 page 9_pages_26-50.md
057-001-020,,057,001,"Cover - Housing, Spare Tire",VMRS_HB_COMPLETE_v20 page 9_pages_26-50.md
057-001-021,,057,001,"Latch - Housing Cover, Spare Tire",VMRS_HB_COMPLETE_v20 page 9_pages_26-50.md
058-000-000,,058,000,Vehicle Winching System,VMRS_HB_COMPLETE_v20 page 9_pages_26-50.md
058-001-000,,058,001,Vehicle Winch,VMRS_HB_COMPLETE_v20 page 9_pages_26-50.md
058-001-001,,058,001,Winch Assembly - Vehicle,VMRS_HB_COMPLETE_v20 page 9_pages_26-50.md
058-001-002,,058,001,Pin - Winch Shear,VMRS_HB_COMPLETE_v20 page 9_pages_26-50.md
050-001-002,,050,001,Fill - Winch Orean,VMRS_HB_COMPLETE_v20 page 9_pages_26-50.md
058-001-004,,058,001,Case - Winch,VMRS_HB_COMPLETE_v20 page 9_pages_26-50.md
058-001-005,,058,001,"Bracket - Roller, Winch",VMRS_HB_COMPLETE_v20 page 9_pages_26-50.md
058-001-006,,058,001,"Bracket - Plumbing Support, Winch",VMRS_HB_COMPLETE_v20 page 9_pages_26-50.md
058-001-007,,058,001,Cover - Winch Cable,VMRS_HB_COMPLETE_v20 page 9_pages_26-50.md
058-001-008,,058,001,Bearing - Winch,VMRS_HB_COMPLETE_v20 page 9_pages_26-50.md
058-001-009,,058,001,Mounting Plate - Winch,VMRS_HB_COMPLETE_v20 page 9_pages_26-50.md
050-001-010,,050,001,"Wiring Llorpoon, Winch",VMRS_HB_COMPLETE_v20 page 9_pages_26-50.md
058-001-011,,058,001,winng Harness - Winch,VMRS_HB_COMPLETE_v20 page 9_pages_26-50.md
058-001-012,,058,001,Caple - Winch,VMRS_HB_COMPLETE_v20 page 9_pages_26-50.md
058-001-013,,058,001,"Spacer - Screen, Winch",VMRS_HB_COMPLETE_v20 page 9_pages_26-50.md
058-001-014,,058,001,Roller - Winch,VMRS_HB_COMPLETE_v20 page 9_pages_26-50.md
058-001-015,,058,001,"Brace - Screen, Winch",VMRS_HB_COMPLETE_v20 page 9_pages_26-50.md
058-001-016,,058,001,"Valve - Pressure Reducing, Winch",VMRS_HB_COMPLETE_v20 page 9_pages_26-50.md
058-005-005,,058,005,Pin - Carrier,VMRS_HB_COMPLETE_v20 page 9_pages_26-50.md
058-001-017,,058,001,Winch Assembly - Trailer,VMRS_HB_COMPLETE_v20 page 9_pages_26-50.md
058-005-006,,058,005,Pin,VMRS_HB_COMPLETE_v20 page 9_pages_26-50.md
058-001-018,,058,001,Clutch - Vehicle Winch,VMRS_HB_COMPLETE_v20 page 9_pages_26-50.md
058-005-007,,058,005,Gear - Planet,VMRS_HB_COMPLETE_v20 page 9_pages_26-50.md
058-001-019,,058,001,Rotor - Vehicle Winch,VMRS_HB_COMPLETE_v20 page 9_pages_26-50.md
058-005-008,,058,005,Gear - Sun,VMRS_HB_COMPLETE_v20 page 9_pages_26-50.md
058-001-020,,058,001,"Control - Electric, Vehicle Winch",VMRS_HB_COMPLETE_v20 page 9_pages_26-50.md
058-005-009,,058,005,Gear - Ring,VMRS_HB_COMPLETE_v20 page 9_pages_26-50.md
058-001-021,,058,001,Brake - Vehicle Winch,VMRS_HB_COMPLETE_v20 page 9_pages_26-50.md
058-005-010,,058,005,Shaft - Clutch,VMRS_HB_COMPLETE_v20 page 9_pages_26-50.md
058-001-022,,058,001,Shifter - Vehicle Winch,VMRS_HB_COMPLETE_v20 page 9_pages_26-50.md
058-005-011,,058,005,Return Spring - Clutch,VMRS_HB_COMPLETE_v20 page 9_pages_26-50.md
058-002-000,,058,002,Drum and Rope - Winch,VMRS_HB_COMPLETE_v20 page 9_pages_26-50.md
058-005-012,,058,005,Carrier Assembly,VMRS_HB_COMPLETE_v20 page 9_pages_26-50.md
058-002-001,,058,002,Drum,VMRS_HB_COMPLETE_v20 page 9_pages_26-50.md
058-005-013,,058,005,Thrust Washer - Carrier,VMRS_HB_COMPLETE_v20 page 9_pages_26-50.md
058-002-002,,058,002,Rope - Synthetic,VMRS_HB_COMPLETE_v20 page 9_pages_26-50.md
058-005-014,,058,005,Housing - Transmission,VMRS_HB_COMPLETE_v20 page 9_pages_26-50.md
058-002-003,,058,002,Rope - Wire,VMRS_HB_COMPLETE_v20 page 9_pages_26-50.md
058-005-015,,058,005,Gasket - Transmission,VMRS_HB_COMPLETE_v20 page 9_pages_26-50.md
058-002-004,,058,002,Thrust Washer - Drum,VMRS_HB_COMPLETE_v20 page 9_pages_26-50.md
058-005-016,,058,005,"Disc - Thrust, Drive Shaft",VMRS_HB_COMPLETE_v20 page 9_pages_26-50.md
058-002-005,,058,002,"Puc - Retention, Rope",VMRS_HB_COMPLETE_v20 page 9_pages_26-50.md
058-005-017,,058,005,Lever - Clutch,VMRS_HB_COMPLETE_v20 page 9_pages_26-50.md
058-005-018,,058,005,Lockoul - Cluich Lever,VMRS_HB_COMPLETE_v20 page 9_pages_26-50.md
050-002-007,,050,002,Swodgo,VMRS_HB_COMPLETE_v20 page 9_pages_26-50.md
058-005-020,,058,005,Gear Dinion Intermediate,VMRS_HB_COMPLETE_v20 page 9_pages_26-50.md
058-002-008,,058,002,Hook - Clevis Rope,VMRS_HB_COMPLETE_v20 page 9_pages_26-50.md
058-002-010,,058,002,Terminator - Bone,VMRS_HB_COMPLETE_v20 page 9_pages_26-50.md
058-005-021,,058,005,Gear - Main,VMRS_HB_COMPLETE_v20 page 9_pages_26-50.md
058-002-011,,058,002,Flange - Drum,VMRS_HB_COMPLETE_v20 page 9_pages_26-50.md
058-005-023,,058,005,Gear - Intermediate,VMRS_HB_COMPLETE_v20 page 9_pages_26-50.md
058-002-012,,058,002,Tube - Drum,VMRS_HB_COMPLETE_v20 page 9_pages_26-50.md
058-005-024,,058,005,Fork - Shifter,VMRS_HB_COMPLETE_v20 page 9_pages_26-50.md
058-002-013,,058,002,"Spline Ring - Drive, Drum",VMRS_HB_COMPLETE_v20 page 9_pages_26-50.md
058-005-025,,058,005,Belt - Transmission,VMRS_HB_COMPLETE_v20 page 9_pages_26-50.md
058-002-014,,058,002,"Spline Hub - Drive, Drum",VMRS_HB_COMPLETE_v20 page 9_pages_26-50.md
058-005-026,,058,005,Pulley - Motor,VMRS_HB_COMPLETE_v20 page 9_pages_26-50.md
058-002-015,,058,002,"Sleeve - Support, Drum",VMRS_HB_COMPLETE_v20 page 9_pages_26-50.md
058-005-027,,058,005,Plate - Clutch,VMRS_HB_COMPLETE_v20 page 9_pages_26-50.md
058-003-000,,058,003,Brake - Winch,VMRS_HB_COMPLETE_v20 page 9_pages_26-50.md
058-005-028,,058,005,Shaft - Worm Gear,VMRS_HB_COMPLETE_v20 page 9_pages_26-50.md
058-003-001,,058,003,Cone Brake Assembly,VMRS_HB_COMPLETE_v20 page 9_pages_26-50.md
058-005-029,,058,005,Wheel - Worm Gear,VMRS_HB_COMPLETE_v20 page 9_pages_26-50.md
058-003-002,,058,003,Disc Brake Assembly,VMRS_HB_COMPLETE_v20 page 9_pages_26-50.md
058-005-030,,058,005,"Cap - Housing, Transmission",VMRS_HB_COMPLETE_v20 page 9_pages_26-50.md
058-003-003,,058,003,Spring Brake Assembly,VMRS_HB_COMPLETE_v20 page 9_pages_26-50.md
058-005-031,,058,005,Clutch - Air,VMRS_HB_COMPLETE_v20 page 9_pages_26-50.md
058-003-004,,058,003,Roller Clutch Brake Assembly,VMRS_HB_COMPLETE_v20 page 9_pages_26-50.md
058-006-000,,058,006,Controls,VMRS_HB_COMPLETE_v20 page 9_pages_26-50.md
058-003-005,,058,003,Ratchet Brake Assembly,VMRS_HB_COMPLETE_v20 page 9_pages_26-50.md
058-006-001,,058,006,Remote Assembly,VMRS_HB_COMPLETE_v20 page 9_pages_26-50.md
058-003-006,,058,003,Electric Brake Assembly,VMRS_HB_COMPLETE_v20 page 9_pages_26-50.md
058-006-002,,058,006,"Cable - Power, Positive",VMRS_HB_COMPLETE_v20 page 9_pages_26-50.md
058-003-007,,058,003,Shaft - Brake,VMRS_HB_COMPLETE_v20 page 9_pages_26-50.md
058-006-003,,058,006,"Cable - Power, Negative",VMRS_HB_COMPLETE_v20 page 9_pages_26-50.md
058-003-008,,058,003,Cam - Brake,VMRS_HB_COMPLETE_v20 page 9_pages_26-50.md
058-006-004,,058,006,Busbar,VMRS_HB_COMPLETE_v20 page 9_pages_26-50.md
058-003-009,,058,003,Cam Follower,VMRS_HB_COMPLETE_v20 page 9_pages_26-50.md
058-006-005,,058,006,OLI Mechanism,VMRS_HB_COMPLETE_v20 page 9_pages_26-50.md
058-003-010,,058,003,Spring - Brake,VMRS_HB_COMPLETE_v20 page 9_pages_26-50.md
058-006-006,,058,006,Boot - Cable,VMRS_HB_COMPLETE_v20 page 9_pages_26-50.md
058-003-011,,058,003,Friction Material - Brake,VMRS_HB_COMPLETE_v20 page 9_pages_26-50.md
058-006-007,,058,006,Cover,VMRS_HB_COMPLETE_v20 page 9_pages_26-50.md
058-003-012,,058,003,Backing Plate - Thrust,VMRS_HB_COMPLETE_v20 page 9_pages_26-50.md
058-006-008,,058,006,ContactorCoble Demote Control,VMRS_HB_COMPLETE_v20 page 9_pages_26-50.md
058-003-014,,058,003,Spacer - DrakeBushing Datainor,VMRS_HB_COMPLETE_v20 page 9_pages_26-50.md
058-006-010,,058,006,Cable - Remote ControlMounting Hardwara Switch,VMRS_HB_COMPLETE_v20 page 9_pages_26-50.md
058-003-015,,058,003,Coupler Adapter - Brake,VMRS_HB_COMPLETE_v20 page 9_pages_26-50.md
058-003-016,,058,003,Bearing - Boller Clutch Disc,VMRS_HB_COMPLETE_v20 page 9_pages_26-50.md
058-006-012,,058,006,Housing - Remote,VMRS_HB_COMPLETE_v20 page 9_pages_26-50.md
058-003-017,,058,003,Housing - Brake,VMRS_HB_COMPLETE_v20 page 9_pages_26-50.md
058-003-018,,058,003,Pawl - Brake,VMRS_HB_COMPLETE_v20 page 9_pages_26-50.md
058-006-014,,058,006,Bracket - Contactor,VMRS_HB_COMPLETE_v20 page 9_pages_26-50.md
058-003-019,,058,003,Cap - Pawl. Brake,VMRS_HB_COMPLETE_v20 page 9_pages_26-50.md
058-006-015,,058,006,Cover - Remote Connector,VMRS_HB_COMPLETE_v20 page 9_pages_26-50.md
058-003-020,,058,003,Hub - Brake,VMRS_HB_COMPLETE_v20 page 9_pages_26-50.md
058-006-016,,058,006,Solenoid,VMRS_HB_COMPLETE_v20 page 9_pages_26-50.md
058-003-021,,058,003,Armature - Brake,VMRS_HB_COMPLETE_v20 page 9_pages_26-50.md
058-006-017,,058,006,Diode Resistor,VMRS_HB_COMPLETE_v20 page 9_pages_26-50.md
058-003-022,,058,003,Coil Assembly - Brake,VMRS_HB_COMPLETE_v20 page 9_pages_26-50.md
058-006-018,,058,006,Plate - Solenoid/Contactor,VMRS_HB_COMPLETE_v20 page 9_pages_26-50.md
058-004-000,,058,004,Motor,VMRS_HB_COMPLETE_v20 page 9_pages_26-50.md
058-007-000,,058,007,Structure,VMRS_HB_COMPLETE_v20 page 9_pages_26-50.md
058-004-001,,058,004,"Motor - 12 Volt, Winch",VMRS_HB_COMPLETE_v20 page 9_pages_26-50.md
058-007-001,,058,007,Support - Drum,VMRS_HB_COMPLETE_v20 page 9_pages_26-50.md
058-004-002,,058,004,"Motor - 24 Volt, Winch",VMRS_HB_COMPLETE_v20 page 9_pages_26-50.md
058-007-002,,058,007,Bushing - Drum Support,VMRS_HB_COMPLETE_v20 page 9_pages_26-50.md
058-004-003,,058,004,"Motor - Hydraulic, Winch",VMRS_HB_COMPLETE_v20 page 9_pages_26-50.md
058-007-003,,058,007,Seal - Support,VMRS_HB_COMPLETE_v20 page 9_pages_26-50.md
058-004-004,,058,004,"Case - Motor, Winch",VMRS_HB_COMPLETE_v20 page 9_pages_26-50.md
058-007-004,,058,007,"Plate, Bar - Tie Rod",VMRS_HB_COMPLETE_v20 page 9_pages_26-50.md
058-004-005,,058,004,"Isolator - Motor, Winch",VMRS_HB_COMPLETE_v20 page 9_pages_26-50.md
058-007-005,,058,007,Plate - Support Spacer,VMRS_HB_COMPLETE_v20 page 9_pages_26-50.md
058-004-006,,058,004,"Brush Plate - Motor, Winch",VMRS_HB_COMPLETE_v20 page 9_pages_26-50.md
058-007-006,,058,007,Adapter - Motor,VMRS_HB_COMPLETE_v20 page 9_pages_26-50.md
058-004-007,,058,004,"Coll - Fleid, Motor, Winch",VMRS_HB_COMPLETE_v20 page 9_pages_26-50.md
058-007-007,,058,007,Rope - Protector Plate,VMRS_HB_COMPLETE_v20 page 9_pages_26-50.md
058-004-008,,058,004,"Polling - Motor, Winch",VMRS_HB_COMPLETE_v20 page 9_pages_26-50.md
058-008-000,,058,008,Fitting Conversion (Park NDT Size,VMRS_HB_COMPLETE_v20 page 9_pages_26-50.md
058-004-010,,058,004,Gaskat Matar Winch,VMRS_HB_COMPLETE_v20 page 9_pages_26-50.md
000-000-001,,000,000,Compression Elared),VMRS_HB_COMPLETE_v20 page 9_pages_26-50.md
058-008-002,,058,008,Fitting - Quick Disconnect,VMRS_HB_COMPLETE_v20 page 9_pages_26-50.md
058-004-012,,058,004,"Motor - Cooling Fan, Winch",VMRS_HB_COMPLETE_v20 page 9_pages_26-50.md
058-008-003,,058,008,Cylinder - Compressor,VMRS_HB_COMPLETE_v20 page 9_pages_26-50.md
058-004-013,,058,004,"Cover - Motor, Cooling Fan, Winch",VMRS_HB_COMPLETE_v20 page 9_pages_26-50.md
058-008-004,,058,008,Valve Assembly,VMRS_HB_COMPLETE_v20 page 9_pages_26-50.md
058-004-014,,058,004,"Driveshaft - Cooling Fan, Winch",VMRS_HB_COMPLETE_v20 page 9_pages_26-50.md
058-008-005,,058,008,Valve Plate,VMRS_HB_COMPLETE_v20 page 9_pages_26-50.md
058-004-015,,058,004,"Wheel - Cooling Fan, Winch",VMRS_HB_COMPLETE_v20 page 9_pages_26-50.md
058-008-006,,058,008,Valve - Inner,VMRS_HB_COMPLETE_v20 page 9_pages_26-50.md
058-004-016,,058,004,"Intake Housing - Cooling Fan, Winch",VMRS_HB_COMPLETE_v20 page 9_pages_26-50.md
058-008-007,,058,008,Valve - Outer,VMRS_HB_COMPLETE_v20 page 9_pages_26-50.md
058-004-017,,058,004,"Filter - Cooling Fan, Winch",VMRS_HB_COMPLETE_v20 page 9_pages_26-50.md
058-008-008,,058,008,Support - Valve,VMRS_HB_COMPLETE_v20 page 9_pages_26-50.md
058-004-018,,058,004,"Kit - Cooling Fan Assembly, Winch",VMRS_HB_COMPLETE_v20 page 9_pages_26-50.md
058-008-009,,058,008,Head Gasket - Compressor,VMRS_HB_COMPLETE_v20 page 9_pages_26-50.md
058-004-019,,058,004,"Relay - Motor, Winch",VMRS_HB_COMPLETE_v20 page 9_pages_26-50.md
058-008-010,,058,008,Head - Compressor,VMRS_HB_COMPLETE_v20 page 9_pages_26-50.md
058-005-000,,058,005,"Transmission, Gear, Housing",VMRS_HB_COMPLETE_v20 page 9_pages_26-50.md
058-008-011,,058,008,Crank - Compressor,VMRS_HB_COMPLETE_v20 page 9_pages_26-50.md
058-005-001,,058,005,Shaft - Drive,VMRS_HB_COMPLETE_v20 page 9_pages_26-50.md
058-008-012,,058,008,"Counterweight - Crank, Compressor",VMRS_HB_COMPLETE_v20 page 9_pages_26-50.md
058-005-002,,058,005,Plate - Blank,VMRS_HB_COMPLETE_v20 page 9_pages_26-50.md
058-008-013,,058,008,Piston - Compressor,VMRS_HB_COMPLETE_v20 page 9_pages_26-50.md
058-005-003,,058,005,Plate - Spline,VMRS_HB_COMPLETE_v20 page 9_pages_26-50.md
058-008-014,,058,008,"Ring, Seal - Piston, Compressor",VMRS_HB_COMPLETE_v20 page 9_pages_26-50.md
058-005-004,,058,005,"Plate - Carrier, Reinforced",VMRS_HB_COMPLETE_v20 page 9_pages_26-50.md
058-008-015,,058,008,Intercooler Assembly,VMRS_HB_COMPLETE_v20 page 9_pages_26-50.md
058-008-016,,058,008,End Cap - Intercooler,VMRS_HB_COMPLETE_v20 page 9_pages_26-50.md
058-008-017,,058,008,Filter - Compressor,VMRS_HB_COMPLETE_v20 page 9_pages_26-50.md
058-008-018,,058,008,Switch - Pressure,VMRS_HB_COMPLETE_v20 page 9_pages_26-50.md
058-008-019,,058,008,Valve - Relief,VMRS_HB_COMPLETE_v20 page 9_pages_26-50.md
058-009-000,,058,009,Accessories,VMRS_HB_COMPLETE_v20 page 9_pages_26-50.md
058-009-001,,058,009,Snatch Block,VMRS_HB_COMPLETE_v20 page 9_pages_26-50.md
058-009-002,,058,009,Strap - Tow,VMRS_HB_COMPLETE_v20 page 9_pages_26-50.md
058-009-003,,058,009,Plate - Tensioner,VMRS_HB_COMPLETE_v20 page 9_pages_26-50.md
058-009-004,,058,009,Roller - Iensioner,VMRS_HB_COMPLETE_v20 page 9_pages_26-50.md
058-009-005,,058,009,Hawse - Fairlead,VMRS_HB_COMPLETE_v20 page 9_pages_26-50.md
050-009-007,,050,009,Strap Coupling and Hook,VMRS_HB_COMPLETE_v20 page 9_pages_26-50.md
050-009-000,,050,009,,VMRS_HB_COMPLETE_v20 page 9_pages_26-50.md
058-009-009,,058,009,Hardware Pack,VMRS_HB_COMPLETE_v20 page 9_pages_26-50.md
058-009-011,,058,009,Bag - Storage Custom,VMRS_HB_COMPLETE_v20 page 9_pages_26-50.md
059-000-000,,059,000,Vehicle Coupling System,VMRS_HB_COMPLETE_v20 page 9_pages_26-50.md
059-001-000,,059,001,Fifth Wheel - Lower Coupler Assembly,VMRS_HB_COMPLETE_v20 page 9_pages_26-50.md
059-001-001,,059,001,"Plate - Lower Coupler, Fifth Wheel",VMRS_HB_COMPLETE_v20 page 9_pages_26-50.md
059-001-002,,059,001,Cvlinder (Air) - Fifth Wheel,VMRS_HB_COMPLETE_v20 page 9_pages_26-50.md
059-001-003,,059,001,Slide Or Saddle Plate - Sliding Lower Coupler,VMRS_HB_COMPLETE_v20 page 9_pages_26-50.md
059-001-004,,059,001,Rubber Cushion - Mounting Bracket,VMRS_HB_COMPLETE_v20 page 9_pages_26-50.md
059-001-005,,059,001,Pin - Mounting Bracket,VMRS_HB_COMPLETE_v20 page 9_pages_26-50.md
059-001-006,,059,001,Shim - Jaws,VMRS_HB_COMPLETE_v20 page 9_pages_26-50.md
059-001-007,,059,001,Spring - Locking,VMRS_HB_COMPLETE_v20 page 9_pages_26-50.md
059-001-008,,059,001,"Pin - Lock, Fifth Wheel Coupling",VMRS_HB_COMPLETE_v20 page 9_pages_26-50.md
059-001-009,,059,001,Pin - Cam Drive,VMRS_HB_COMPLETE_v20 page 9_pages_26-50.md
059-001-010,,059,001,Lock Assembly - Fifth Wheel,VMRS_HB_COMPLETE_v20 page 9_pages_26-50.md
059-001-011,,059,001,Buffer - Fifth Wheel Jaws,VMRS_HB_COMPLETE_v20 page 9_pages_26-50.md
059-001-012,,059,001,"Plate - Buffer, Rubber",VMRS_HB_COMPLETE_v20 page 9_pages_26-50.md
059-001-013,,059,001,Handle - Operating,VMRS_HB_COMPLETE_v20 page 9_pages_26-50.md
059-001-014,,059,001,Jaws - Locking,VMRS_HB_COMPLETE_v20 page 9_pages_26-50.md
059-001-015,,059,001,Roller - Jaws,VMRS_HB_COMPLETE_v20 page 9_pages_26-50.md
059-001-016,,059,001,Rod - Operating Handle (Pull Handle),VMRS_HB_COMPLETE_v20 page 9_pages_26-50.md
059-001-018,,059,001,Pin - Jaws,VMRS_HB_COMPLETE_v20 page 9_pages_26-50.md
059-001-019,,059,001,Lever - Release,VMRS_HB_COMPLETE_v20 page 9_pages_26-50.md
059-001-020,,059,001,Shim - Mounting Bracket Lower Coupler Plate,VMRS_HB_COMPLETE_v20 page 9_pages_26-50.md
059-001-021,,059,001,Coupling - Air Cylindor,VMRS_HB_COMPLETE_v20 page 9_pages_26-50.md
059-001-022,,059,001,Actuating Valve - Air Cylinder,VMRS_HB_COMPLETE_v20 page 9_pages_26-50.md
059-001-025,,059,001,Wedge - Adjusting Lock,VMRS_HB_COMPLETE_v20 page 9_pages_26-50.md
059-001-026,,059,001,Lock - Guard (Or King Pin Slide Sub-Assembly),VMRS_HB_COMPLETE_v20 page 9_pages_26-50.md
059-001-027,,059,001,Plunger - Lock Assembly,VMRS_HB_COMPLETE_v20 page 9_pages_26-50.md
059-001-028,,059,001,"Fork - Jaw, Locking",VMRS_HB_COMPLETE_v20 page 9_pages_26-50.md
059-001-029,,059,001,"Spring - Release, Jaws, Locking",VMRS_HB_COMPLETE_v20 page 9_pages_26-50.md
059-001-030,,059,001,Cam - Release,VMRS_HB_COMPLETE_v20 page 9_pages_26-50.md
059-001-032,,059,001,"Repair Kit - Lower Coupler Assembly, Fifth",VMRS_HB_COMPLETE_v20 page 9_pages_26-50.md
059-001-033,,059,001,"Disk - Lubricating, Lower Coupler Plate",VMRS_HB_COMPLETE_v20 page 9_pages_26-50.md
059-001-036,,059,001,"Shank - Fork, Jaws, Locking",VMRS_HB_COMPLETE_v20 page 9_pages_26-50.md
059-001-037,,059,001,"Spring - Shank, Fork, Jaws, Locking",VMRS_HB_COMPLETE_v20 page 9_pages_26-50.md
059-001-038,,059,001,"Buffer - Spring, Locking Jaws",VMRS_HB_COMPLETE_v20 page 9_pages_26-50.md
059-001-039,,059,001,"Spring - Compression, Lock Assembly Plunger",VMRS_HB_COMPLETE_v20 page 9_pages_26-50.md
059-001-040,,059,001,"Spring - Locking Pin, Slide Release Mechanism",VMRS_HB_COMPLETE_v20 page 9_pages_26-50.md
059-001-042,,059,001,"Pin - Lock, Guard",VMRS_HB_COMPLETE_v20 page 9_pages_26-50.md
059-001-043,,059,001,Lock - Secondary,VMRS_HB_COMPLETE_v20 page 9_pages_26-50.md
059-001-044,,059,001,"Cylinder - Air, King Pin Locking (SpottingTractors)",VMRS_HB_COMPLETE_v20 page 9_pages_26-50.md
059-001-045,,059,001,"Mounting Or Base Plate - Fixed Or Sliding,",VMRS_HB_COMPLETE_v20 page 9_pages_26-50.md
059-001-047,,059,001,"Mounting Bracket - Shoe, Oscillating Fifth Wheel",VMRS_HB_COMPLETE_v20 page 9_pages_26-50.md
059-001-054,,059,001,Shim - Shoe Mounting Bracket,VMRS_HB_COMPLETE_v20 page 9_pages_26-50.md
059-001-056,,059,001,"Latch - Safety, Fifth Wheel",VMRS_HB_COMPLETE_v20 page 9_pages_26-50.md
059-001-069,,059,001,Elevating Mechanism - Air Bag Type,VMRS_HB_COMPLETE_v20 page 9_pages_26-50.md
059-001-070,,059,001,Lievating Mechanism - Hydraulic Cylinder(S),VMRS_HB_COMPLETE_v20 page 9_pages_26-50.md
059-001-077,,059,001,"Check Valve - Air, Fifth Wheel",VMRS_HB_COMPLETE_v20 page 9_pages_26-50.md
059-001-078,,059,001,Bolt - Fifth Wheel,VMRS_HB_COMPLETE_v20 page 9_pages_26-50.md
059-001-079,,059,001,Bushing - Mounting Shoe,VMRS_HB_COMPLETE_v20 page 9_pages_26-50.md
059-001-080,,059,001,Bumper - Operating Handle,VMRS_HB_COMPLETE_v20 page 9_pages_26-50.md
059-001-081,,059,001,Timer - Fifth Wheel,VMRS_HB_COMPLETE_v20 page 9_pages_26-50.md
059-001-082,,059,001,Stop - Sliding Fifth Wheel,VMRS_HB_COMPLETE_v20 page 9_pages_26-50.md
059-001-083,,059,001,Lever - Operating Linkage,VMRS_HB_COMPLETE_v20 page 9_pages_26-50.md
059-001-084,,059,001,Angle Mount,VMRS_HB_COMPLETE_v20 page 9_pages_26-50.md
059-001-085,,059,001,Bamp - Fifth Wheel,VMRS_HB_COMPLETE_v20 page 9_pages_26-50.md
050-001-006,,050,001,Hanp - Thin Wheel,VMRS_HB_COMPLETE_v20 page 9_pages_26-50.md
059-001-067,,059,001,Spring - Operating Rod,VMRS_HB_COMPLETE_v20 page 9_pages_26-50.md
059-001-088,,059,001,Modification Kit - Secondary Lock,VMRS_HB_COMPLETE_v20 page 9_pages_26-50.md
059-001-089,,059,001,"Spring - Lock, Secondary",VMRS_HB_COMPLETE_v20 page 9_pages_26-50.md
059-001-091,,059,001,"Spring - Torsion, Lock, Guard",VMRS_HB_COMPLETE_v20 page 9_pages_26-50.md
059-001-092,,059,001,"Pin - Mounting Bracket, Washer & Coil Spring",VMRS_HB_COMPLETE_v20 page 9_pages_26-50.md
059-001-093,,059,001,"Washer - Tie Rod, Oscillating Fifth Wheel Base,Outer",VMRS_HB_COMPLETE_v20 page 9_pages_26-50.md
059-001-094,,059,001,Tie Rod - Oscillating Fifth Wheel Base,VMRS_HB_COMPLETE_v20 page 9_pages_26-50.md
059-001-095,,059,001,"Washer - Inner Tie Rod, Oscillating Fifth Wheel Base",VMRS_HB_COMPLETE_v20 page 9_pages_26-50.md
059-001-096,,059,001,"Spring - Tie Rod, Oscillating Fifth Wheel Base",VMRS_HB_COMPLETE_v20 page 9_pages_26-50.md
059-001-097,,059,001,"Cushion - Tie Rod, Oscillating Fifth Wheel Base",VMRS_HB_COMPLETE_v20 page 9_pages_26-50.md
059-001-098,,059,001,"Bearing - Adjusting Plate, Shoe Mounting",VMRS_HB_COMPLETE_v20 page 9_pages_26-50.md
050-001-100,,050,001,Base - Frame Elevating Fifth Wheel,VMRS_HB_COMPLETE_v20 page 9_pages_26-50.md
059-001-101,,059,001,"Shart - Elevaling Fillin Wheel, Flohi",VMRS_HB_COMPLETE_v20 page 9_pages_26-50.md
059-001-102,,059,001,"Bearing - Shait, Front",VMRS_HB_COMPLETE_v20 page 9_pages_26-50.md
059-001-103,,059,001,"Arm - Frame- Io-Plate, Front Or Upper",VMRS_HB_COMPLETE_v20 page 9_pages_26-50.md
059-001-104,,059,001,"Shaft - Elevating Fifth Wheel, Rear",VMRS_HB_COMPLETE_v20 page 9_pages_26-50.md
059-001-105,,059,001,"Bearing - Shaft, Rear",VMRS_HB_COMPLETE_v20 page 9_pages_26-50.md
059-001-106,,059,001,"Arm - Frame-To-Plate, Rear Of Lower",VMRS_HB_COMPLETE_v20 page 9_pages_26-50.md
059-001-107,,059,001,"Shaft - Elevating Fifth Wheel, Upper",VMRS_HB_COMPLETE_v20 page 9_pages_26-50.md
059-001-108,,059,001,"Bearing - Shaft, Upper",VMRS_HB_COMPLETE_v20 page 9_pages_26-50.md
059-001-109,,059,001,"Shaft - Elevating Fifth Wheel, Lower",VMRS_HB_COMPLETE_v20 page 9_pages_26-50.md
059-001-110,,059,001,"Bearing - Shaft, Lower",VMRS_HB_COMPLETE_v20 page 9_pages_26-50.md
059-001-112,,059,001,Stop - Frame Cast Boller,VMRS_HB_COMPLETE_v20 page 9_pages_26-50.md
050-001-112,,050,001,Wheel - Boller Fifth Wheel I ower Coupler,VMRS_HB_COMPLETE_v20 page 9_pages_26-50.md
000-001-110,,000,001,Assombly,VMRS_HB_COMPLETE_v20 page 9_pages_26-50.md
050-001-114,,050,001,AssemblyOten Deller,VMRS_HB_COMPLETE_v20 page 9_pages_26-50.md
059-001-114,,059,001,Stop - Roller,VMRS_HB_COMPLETE_v20 page 9_pages_26-50.md
059-001-115,,059,001,Handle - Actuating valve,VMRS_HB_COMPLETE_v20 page 9_pages_26-50.md
059-001-116,,059,001,Key - Mounting Bracket Pin,VMRS_HB_COMPLETE_v20 page 9_pages_26-50.md
059-001-117,,059,001,Repair - Actuating Valve Kit,VMRS_HB_COMPLETE_v20 page 9_pages_26-50.md
059-001-118,,059,001,"Hardware, Mounting - Lower Elevating Fifth",VMRS_HB_COMPLETE_v20 page 9_pages_26-50.md
059-001-119,,059,001,Switch - Fifth Wheel Slide,VMRS_HB_COMPLETE_v20 page 9_pages_26-50.md
059-001-120,,059,001,"Control - Remote Air Control, Fifth Wheel",VMRS_HB_COMPLETE_v20 page 9_pages_26-50.md
059-001-121,,059,001,Solenoid - Remote Air Control Fifth Wheel,VMRS_HB_COMPLETE_v20 page 9_pages_26-50.md
050-001-122,,050,001,Spring - Fifth Wheel Timer,VMRS_HB_COMPLETE_v20 page 9_pages_26-50.md
050-001-102,,050,001,Detainer Delegge Lover Fifth Wheel,VMRS_HB_COMPLETE_v20 page 9_pages_26-50.md
059-001-123,,059,001,Crease Dellar Assembly Fifth Wheel,VMRS_HB_COMPLETE_v20 page 9_pages_26-50.md
059-001-124,,059,001,"Spacer - Roller Assembly, Filth Wheel",VMRS_HB_COMPLETE_v20 page 9_pages_26-50.md
059-001-125,,059,001,"Strap - Ground, Fifth Wheel",VMRS_HB_COMPLETE_v20 page 9_pages_26-50.md
059-001-126,,059,001,"Reinforcement - Ramp, Fifth Wheel",VMRS_HB_COMPLETE_v20 page 9_pages_26-50.md
059-001-127,,059,001,Bracket - King Pin Air Release,VMRS_HB_COMPLETE_v20 page 9_pages_26-50.md
059-001-128,,059,001,"Shaft - Roller, Fifth Wheel",VMRS_HB_COMPLETE_v20 page 9_pages_26-50.md
059-001-129,,059,001,Indicator - Fifth Wheel,VMRS_HB_COMPLETE_v20 page 9_pages_26-50.md
059-001-130,,059,001,Spring - Wedge Stop,VMRS_HB_COMPLETE_v20 page 9_pages_26-50.md
059-001-131,,059,001,"Plate - Ramp, Fifth Wheel",VMRS_HB_COMPLETE_v20 page 9_pages_26-50.md
059-001-132,,059,001,"Spacer - Bamp, Fifth Wheel",VMRS_HB_COMPLETE_v20 page 9_pages_26-50.md
050-001-133,,050,001,Grease Fitting - Fitth Wheel,VMRS_HB_COMPLETE_v20 page 9_pages_26-50.md
050-001-124,,050,001,Insert Decket Fifth Wheel,VMRS_HB_COMPLETE_v20 page 9_pages_26-50.md
050-001-134,,050,001,Fifth Whool Accompty,VMRS_HB_COMPLETE_v20 page 9_pages_26-50.md
009-001-100,,009,001,Finiti wheel Assembly,VMRS_HB_COMPLETE_v20 page 9_pages_26-50.md
059-001-136,,059,001,roke - Linkage,VMRS_HB_COMPLETE_v20 page 9_pages_26-50.md
059-001-137,,059,001,"Kit - Jaw, Oversize Eccentric Pin",VMRS_HB_COMPLETE_v20 page 9_pages_26-50.md
059-001-138,,059,001,Kit - Bracket Connection,VMRS_HB_COMPLETE_v20 page 9_pages_26-50.md
059-001-139,,059,001,"Stop - Tilt, Fifth Wheel",VMRS_HB_COMPLETE_v20 page 9_pages_26-50.md
059-001-140,,059,001,"Plate - Cover, Locking Mechanism",VMRS_HB_COMPLETE_v20 page 9_pages_26-50.md
059-001-141,,059,001,"Pad - No Lube, Fifth Wheel",VMRS_HB_COMPLETE_v20 page 9_pages_26-50.md
059-001-142,,059,001,"Stop Rod - Wedge, Fifth Wheel",VMRS_HB_COMPLETE_v20 page 9_pages_26-50.md
059-001-143,,059,001,Spacer - Mounting Angle Fifth Wheel,VMRS_HB_COMPLETE_v20 page 9_pages_26-50.md
059-001-144,,059,001,Wiring Harness - Fifth Wheel,VMRS_HB_COMPLETE_v20 page 9_pages_26-50.md
050-001-145,,050,001,Datainor Diato Locking Jow Spring Eifth Wheel,VMRS_HB_COMPLETE_v20 page 9_pages_26-50.md
009-001-140,,009,001,"netanel Flate - LUCKING Jaw Spring, Fillin Whee",VMRS_HB_COMPLETE_v20 page 9_pages_26-50.md
059-003-002,,059,003,Tow Hook - Leit,VMRS_HB_COMPLETE_v20 page 9_pages_26-50.md
059-001-147,,059,001,"Kit - Release Handle, Filth Wheel",VMRS_HB_COMPLETE_v20 page 9_pages_26-50.md
059-003-003,,059,003,,VMRS_HB_COMPLETE_v20 page 9_pages_26-50.md
059-001-148,,059,001,"Cable - Hydraulic Control, Filth Wheel",VMRS_HB_COMPLETE_v20 page 9_pages_26-50.md
059-003-004,,059,003,HOOK - TOW Cable,VMRS_HB_COMPLETE_v20 page 9_pages_26-50.md
059-001-149,,059,001,"Rebuild Kit - Jaw, Fitth Wheel",VMRS_HB_COMPLETE_v20 page 9_pages_26-50.md
059-003-005,,059,003,"Hardware, Mounting - Tow Hook",VMRS_HB_COMPLETE_v20 page 9_pages_26-50.md
059-001-150,,059,001,"Release - Jaw, Fifth Wheel",VMRS_HB_COMPLETE_v20 page 9_pages_26-50.md
059-003-006,,059,003,Bracket - Tow Hook,VMRS_HB_COMPLETE_v20 page 9_pages_26-50.md
059-001-151,,059,001,"Bushing - Pivot, Fifth Wheel Top Plate",VMRS_HB_COMPLETE_v20 page 9_pages_26-50.md
059-003-007,,059,003,"Cover - Rear, Tow Hook",VMRS_HB_COMPLETE_v20 page 9_pages_26-50.md
059-001-152,,059,001,"Pin - Pivot, Fifth Wheel Top Plate",VMRS_HB_COMPLETE_v20 page 9_pages_26-50.md
059-003-008,,059,003,"Kit - Safety Latch, Tow Hook",VMRS_HB_COMPLETE_v20 page 9_pages_26-50.md
059-001-153,,059,001,"Bolts - Cushion Ring, Fifth Wheel",VMRS_HB_COMPLETE_v20 page 9_pages_26-50.md
059-003-009,,059,003,Spacer - Tow Hook,VMRS_HB_COMPLETE_v20 page 9_pages_26-50.md
059-001-154,,059,001,Bolt - Fifth Wheel Slide to Frame,VMRS_HB_COMPLETE_v20 page 9_pages_26-50.md
059-004-000,,059,004,Drawbar,VMRS_HB_COMPLETE_v20 page 9_pages_26-50.md
059-001-155,,059,001,Nut - Fifth Wheel Slide to Frame,VMRS_HB_COMPLETE_v20 page 9_pages_26-50.md
059-004-001,,059,004,Drawbar Assembly,VMRS_HB_COMPLETE_v20 page 9_pages_26-50.md
059-001-156,,059,001,Puller - Fifth Wheel,VMRS_HB_COMPLETE_v20 page 9_pages_26-50.md
059-004-002,,059,004,Eye Assembly - Drawbar,VMRS_HB_COMPLETE_v20 page 9_pages_26-50.md
059-001-157,,059,001,"Mount - Outboard, Air Slide Release",VMRS_HB_COMPLETE_v20 page 9_pages_26-50.md
059-004-003,,059,004,"Chain - Safety, Drawbar",VMRS_HB_COMPLETE_v20 page 9_pages_26-50.md
059-001-158,,059,001,"Mount - Inboard, Air Slide Release",VMRS_HB_COMPLETE_v20 page 9_pages_26-50.md
059-004-004,,059,004,Tongue Jack - Drawbar,VMRS_HB_COMPLETE_v20 page 9_pages_26-50.md
059-001-159,,059,001,"Stud - Control Lever, Fifth Wheel",VMRS_HB_COMPLETE_v20 page 9_pages_26-50.md
059-004-005,,059,004,"Bracket - Tongue Jack, Drawbar",VMRS_HB_COMPLETE_v20 page 9_pages_26-50.md
059-001-160,,059,001,"Lock Ring - No Lube Pad, Fifth Wheel",VMRS_HB_COMPLETE_v20 page 9_pages_26-50.md
059-004-006,,059,004,Hinge - Drawbar,VMRS_HB_COMPLETE_v20 page 9_pages_26-50.md
059-001-161,,059,001,"Guide - Adjustment Screw, Fifth Wheel",VMRS_HB_COMPLETE_v20 page 9_pages_26-50.md
059-004-007,,059,004,"Bushing - Hinge, Drawbar",VMRS_HB_COMPLETE_v20 page 9_pages_26-50.md
059-001-162,,059,001,"Spring - Extension, Retractable Handle",VMRS_HB_COMPLETE_v20 page 9_pages_26-50.md
059-004-008,,059,004,"Pin - Hinge, Drawbar",VMRS_HB_COMPLETE_v20 page 9_pages_26-50.md
059-001-163,,059,001,"Bar - Locking, Fifth Wheel",VMRS_HB_COMPLETE_v20 page 9_pages_26-50.md
059-004-009,,059,004,"Bolt - Tongue, Drawbar",VMRS_HB_COMPLETE_v20 page 9_pages_26-50.md
059-001-164,,059,001,"Spring - Return, Slide Cylinder, Fifth Wheel",VMRS_HB_COMPLETE_v20 page 9_pages_26-50.md
059-004-010,,059,004,"Nut - Jam, Tongue Bolt, Drawbar",VMRS_HB_COMPLETE_v20 page 9_pages_26-50.md
059-001-165,,059,001,Switch - King Pin Release,VMRS_HB_COMPLETE_v20 page 9_pages_26-50.md
059-004-011,,059,004,Spring - Drawbar,VMRS_HB_COMPLETE_v20 page 9_pages_26-50.md
059-001-166,,059,001,Nut - Fifth Wheel,VMRS_HB_COMPLETE_v20 page 9_pages_26-50.md
059-004-012,,059,004,"Spacer - Spring, Drawbar",VMRS_HB_COMPLETE_v20 page 9_pages_26-50.md
059-001-167,,059,001,Module - Electronic Lock Control Fifth Wheel,VMRS_HB_COMPLETE_v20 page 9_pages_26-50.md
059-004-013,,059,004,Hardware Mounting - Drawbar,VMRS_HB_COMPLETE_v20 page 9_pages_26-50.md
059-001-168,,059,001,Sensor -Electronic Lock Wedge Fifth Wheel,VMRS_HB_COMPLETE_v20 page 9_pages_26-50.md
059-004-014,,059,004,"Hardware, Mounting - Drawbar Eve Assembly",VMRS_HB_COMPLETE_v20 page 9_pages_26-50.md
059-001-169,,059,001,Sensor - Electronic Lock King Pin Fifth Wheel,VMRS_HB_COMPLETE_v20 page 9_pages_26-50.md
059-004-015,,059,004,Hook - Safety Dolly,VMRS_HB_COMPLETE_v20 page 9_pages_26-50.md
050-001-170,,050,001,Danal - Fifth Wheel,VMRS_HB_COMPLETE_v20 page 9_pages_26-50.md
050-004-016,,050,004,Latch - Safety Hook Dolly,VMRS_HB_COMPLETE_v20 page 9_pages_26-50.md
050-001-171,,050,001,Platform Fifth Whool,VMRS_HB_COMPLETE_v20 page 9_pages_26-50.md
050-004-017,,050,004,Link Safety Hook Dolly,VMRS_HB_COMPLETE_v20 page 9_pages_26-50.md
059-001-171,,059,001,Mount Air Dologog Cylinder Eifth Wheel,VMRS_HB_COMPLETE_v20 page 9_pages_26-50.md
050-004-019,,050,004,Dono Sofoty Wire Dolly,VMRS_HB_COMPLETE_v20 page 9_pages_26-50.md
059-001-172,,059,001,"Woull - All Release Cylinder, Fillin Wheel",VMRS_HB_COMPLETE_v20 page 9_pages_26-50.md
059-001-173,,059,001,"Nil - Pin/Collar, Fillin Wheel",VMRS_HB_COMPLETE_v20 page 9_pages_26-50.md
059-004-019,,059,004,"Plate - Reinforcement, Dony Tongue",VMRS_HB_COMPLETE_v20 page 9_pages_26-50.md
059-001-174,,059,001,Compensator Assembly - Filln Wheel,VMRS_HB_COMPLETE_v20 page 9_pages_26-50.md
059-004-020,,059,004,HOOK - Dolly Tongue,VMRS_HB_COMPLETE_v20 page 9_pages_26-50.md
059-001-175,,059,001,"Lubrication System - Centralized, Fifth Wheel",VMRS_HB_COMPLETE_v20 page 9_pages_26-50.md
059-004-021,,059,004,Sway Block - Drawbar,VMRS_HB_COMPLETE_v20 page 9_pages_26-50.md
059-001-176,,059,001,"Release valve - Dash Mounted, Finth wheel",VMRS_HB_COMPLETE_v20 page 9_pages_26-50.md
059-004-022,,059,004,Retainer - Drawbar,VMRS_HB_COMPLETE_v20 page 9_pages_26-50.md
059-001-177,,059,001,"Cable - Power, Fifth Wheel",VMRS_HB_COMPLETE_v20 page 9_pages_26-50.md
059-004-023,,059,004,Strap - Drawbar,VMRS_HB_COMPLETE_v20 page 9_pages_26-50.md
059-001-178,,059,001,Tie Plate - Fifth Wheel,VMRS_HB_COMPLETE_v20 page 9_pages_26-50.md
059-004-024,,059,004,Support - Drawbar,VMRS_HB_COMPLETE_v20 page 9_pages_26-50.md
059-002-000,,059,002,Pintle Hook Assembly,VMRS_HB_COMPLETE_v20 page 9_pages_26-50.md
059-004-025,,059,004,"Link End - Center Link, Drawbar",VMRS_HB_COMPLETE_v20 page 9_pages_26-50.md
059-002-001,,059,002,Hook - Pintle,VMRS_HB_COMPLETE_v20 page 9_pages_26-50.md
059-004-026,,059,004,"Link Body - Center Link, Drawbar",VMRS_HB_COMPLETE_v20 page 9_pages_26-50.md
059-002-002,,059,002,Repair Kit - Pintle Hook,VMRS_HB_COMPLETE_v20 page 9_pages_26-50.md
059-004-027,,059,004,Base Plate - Drawbar,VMRS_HB_COMPLETE_v20 page 9_pages_26-50.md
059-002-003,,059,002,Latch - Spring,VMRS_HB_COMPLETE_v20 page 9_pages_26-50.md
059-004-028,,059,004,"Flange - Hinge, Drawbar",VMRS_HB_COMPLETE_v20 page 9_pages_26-50.md
059-002-004,,059,002,Air Chamber - Pintle Hook,VMRS_HB_COMPLETE_v20 page 9_pages_26-50.md
059-004-029,,059,004,Coupling - Drawbar,VMRS_HB_COMPLETE_v20 page 9_pages_26-50.md
059-002-005,,059,002,"Plunger - Air Chamber, Pintle Hook",VMRS_HB_COMPLETE_v20 page 9_pages_26-50.md
059-005-000,,059,005,Coupler System,VMRS_HB_COMPLETE_v20 page 9_pages_26-50.md
059-002-006,,059,002,"Rod - Plunger, Air Chamber, Pintle Hook",VMRS_HB_COMPLETE_v20 page 9_pages_26-50.md
059-005-001,,059,005,Repair Kit - Coupler Latch,VMRS_HB_COMPLETE_v20 page 9_pages_26-50.md
059-002-007,,059,002,"Pin - Safety, Pintle Hook",VMRS_HB_COMPLETE_v20 page 9_pages_26-50.md
059-005-003,,059,005,"Hardware, Mounting - Coupler Assembly",VMRS_HB_COMPLETE_v20 page 9_pages_26-50.md
059-002-008,,059,002,Coupler - Plunger Rod,VMRS_HB_COMPLETE_v20 page 9_pages_26-50.md
059-005-004,,059,005,Coupler Assembly,VMRS_HB_COMPLETE_v20 page 9_pages_26-50.md
059-002-009,,059,002,Spring - Pintle Hook,VMRS_HB_COMPLETE_v20 page 9_pages_26-50.md
059-006-000,,059,006,Towing Hitch,VMRS_HB_COMPLETE_v20 page 9_pages_26-50.md
059-002-010,,059,002,Lock - Pintle Hook Pin,VMRS_HB_COMPLETE_v20 page 9_pages_26-50.md
059-006-001,,059,006,Hitch - Ball,VMRS_HB_COMPLETE_v20 page 9_pages_26-50.md
059-002-011,,059,002,Nut - Pintle Hook Lock,VMRS_HB_COMPLETE_v20 page 9_pages_26-50.md
059-006-002,,059,006,Mounting Plate - Ball Hitch,VMRS_HB_COMPLETE_v20 page 9_pages_26-50.md
059-002-012,,059,002,Pawl - Locking Pintle Hook,VMRS_HB_COMPLETE_v20 page 9_pages_26-50.md
059-006-003,,059,006,Trailer Hitch Assembly,VMRS_HB_COMPLETE_v20 page 9_pages_26-50.md
059-002-013,,059,002,Spring - Pintle Hook Locking Pawl,VMRS_HB_COMPLETE_v20 page 9_pages_26-50.md
059-006-004,,059,006,"Hardware, Mounting - Ball Hitch",VMRS_HB_COMPLETE_v20 page 9_pages_26-50.md
059-002-014,,059,002,Shoe - Adjusting Pintle Hook,VMRS_HB_COMPLETE_v20 page 9_pages_26-50.md
059-006-005,,059,006,Shear Pin/Bolt,VMRS_HB_COMPLETE_v20 page 9_pages_26-50.md
059-002-015,,059,002,Thimble - Pintle Hook Push Rod,VMRS_HB_COMPLETE_v20 page 9_pages_26-50.md
059-006-006,,059,006,Bushing - Tow Hitch,VMRS_HB_COMPLETE_v20 page 9_pages_26-50.md
059-002-016,,059,002,Guide - Pintle Hook,VMRS_HB_COMPLETE_v20 page 9_pages_26-50.md
059-006-007,,059,006,Clamp - Tow Hitch,VMRS_HB_COMPLETE_v20 page 9_pages_26-50.md
059-002-017,,059,002,"Diaphragm - Air Chamber, Pintle Hook",VMRS_HB_COMPLETE_v20 page 9_pages_26-50.md
059-006-008,,059,006,Handle - Tow Hitch,VMRS_HB_COMPLETE_v20 page 9_pages_26-50.md
059-002-019,,059,002,Brace - Pintle Hook,VMRS_HB_COMPLETE_v20 page 9_pages_26-50.md
059-006-009,,059,006,Hardware Mounting - Trailer Hitch Assembly,VMRS_HB_COMPLETE_v20 page 9_pages_26-50.md
059-002-020,,059,002,Bracket - Air Cleaner,VMRS_HB_COMPLETE_v20 page 9_pages_26-50.md
059-006-010,,059,006,Housing - Pin Front Tow Device,VMRS_HB_COMPLETE_v20 page 9_pages_26-50.md
059-002-021,,059,002,Closure Plate - Pintle Hook,VMRS_HB_COMPLETE_v20 page 9_pages_26-50.md
059-006-011,,059,006,"Reinforcement - Bumper, Front Tow Pin",VMRS_HB_COMPLETE_v20 page 9_pages_26-50.md
059-002-022,,059,002,Tube - Pintle Hook,VMRS_HB_COMPLETE_v20 page 9_pages_26-50.md
059-006-012,,059,006,Pin - Tow Device Front,VMRS_HB_COMPLETE_v20 page 9_pages_26-50.md
050-002-022,,050,002,Mount - Dintle Hook,VMRS_HB_COMPLETE_v20 page 9_pages_26-50.md
050-006-013,,050,006,"Chain Attachment - Tow Device, Front",VMRS_HB_COMPLETE_v20 page 9_pages_26-50.md
050-002-020,,050,002,Cover Plate - Pintle Hook,VMRS_HB_COMPLETE_v20 page 9_pages_26-50.md
050-006-014,,050,006,Mounting Bracket - Trailer Tow Hitch,VMRS_HB_COMPLETE_v20 page 9_pages_26-50.md
050-002-024,,050,002,"Locking Assembly, Bolt - Dintle Hook",VMRS_HB_COMPLETE_v20 page 9_pages_26-50.md
059-002-025,,059,002,Eucking Assembly Doll - Finile Hook,VMRS_HB_COMPLETE_v20 page 9_pages_26-50.md
059-000-015,,059,000,Product Nounting - Trailer Tow Flitch Mounting,VMRS_HB_COMPLETE_v20 page 9_pages_26-50.md
050-006-016,,050,006,DidukeiBushing Shear Din Tow Hitch,VMRS_HB_COMPLETE_v20 page 9_pages_26-50.md
059-002-027,,059,002,Spacer - Pintie Hook,VMRS_HB_COMPLETE_v20 page 9_pages_26-50.md
059-006-017,,059,006,"Bushing - Shear Pin, Tow Hitch",VMRS_HB_COMPLETE_v20 page 9_pages_26-50.md
059-002-028,,059,002,Handle - Pintle Hook,VMRS_HB_COMPLETE_v20 page 9_pages_26-50.md
059-002-029,,059,002,"Lever - Latch, Pintle Hook",VMRS_HB_COMPLETE_v20 page 9_pages_26-50.md
059-006-018,,059,006,"Adapter - Receiver, Trailer Hitch",VMRS_HB_COMPLETE_v20 page 9_pages_26-50.md
059-002-030,,059,002,Snap King - Pintie Hook,VMRS_HB_COMPLETE_v20 page 9_pages_26-50.md
059-006-019,,059,006,"Cap - Receiver, Trailer Hitch",VMRS_HB_COMPLETE_v20 page 9_pages_26-50.md
059-002-031,,059,002,Cievis - Pintle Hook,VMRS_HB_COMPLETE_v20 page 9_pages_26-50.md
059-006-020,,059,006,HITCH - GOOSENECK,VMRS_HB_COMPLETE_v20 page 9_pages_26-50.md
059-002-032,,059,002,LOCK - HITCH TO Cross Member,VMRS_HB_COMPLETE_v20 page 9_pages_26-50.md
059-006-021,,059,006,Mounting Kit - Gooseneck Hitch,VMRS_HB_COMPLETE_v20 page 9_pages_26-50.md
059-002-033,,059,002,"Ramp - Hitch, Iow",VMRS_HB_COMPLETE_v20 page 9_pages_26-50.md
059-007-000,,059,007,Lunette Assembly,VMRS_HB_COMPLETE_v20 page 9_pages_26-50.md
059-002-034,,059,002,Retractor - Pintle Hook,VMRS_HB_COMPLETE_v20 page 9_pages_26-50.md
059-007-001,,059,007,Lunette,VMRS_HB_COMPLETE_v20 page 9_pages_26-50.md
059-002-035,,059,002,Bushing - Pintle,VMRS_HB_COMPLETE_v20 page 9_pages_26-50.md
059-008-000,,059,008,Tow Ring Assembly,VMRS_HB_COMPLETE_v20 page 9_pages_26-50.md
059-002-036,,059,002,"Band Clamp - Air Chamber, Pintle Hook",VMRS_HB_COMPLETE_v20 page 9_pages_26-50.md
059-008-003,,059,008,Ring - Towing,VMRS_HB_COMPLETE_v20 page 9_pages_26-50.md
059-003-000,,059,003,Tow Hooks,VMRS_HB_COMPLETE_v20 page 9_pages_26-50.md
059-008-005,,059,008,Bolt - Tow Ring,VMRS_HB_COMPLETE_v20 page 9_pages_26-50.md
059-003-001,,059,003,"Hook - Safety, Tow",VMRS_HB_COMPLETE_v20 page 9_pages_26-50.md
059-008-006,,059,008,"Hardware, Mounting - Towing Ring",VMRS_HB_COMPLETE_v20 page 9_pages_26-50.md
059-009-000,,059,009,Towing Shackle Assembly,VMRS_HB_COMPLETE_v20 page 9_pages_26-50.md
059-015-012,,059,015,Seal - Vane Pump Housing,VMRS_HB_COMPLETE_v20 page 9_pages_26-50.md
059-009-004,,059,009,Shackle - Tow,VMRS_HB_COMPLETE_v20 page 9_pages_26-50.md
059-015-014,,059,015,"Maintenance kit - Hydraulic Pump Assembly,",VMRS_HB_COMPLETE_v20 page 9_pages_26-50.md
059-009-005,,059,009,Mounting Plate - Tow Shackle,VMRS_HB_COMPLETE_v20 page 9_pages_26-50.md
059-009-006,,059,009,Pin - Tow Shackle,VMRS_HB_COMPLETE_v20 page 9_pages_26-50.md
059-015-017,,059,015,"Holder - Shaft & Vane, Vane Pump Drive",VMRS_HB_COMPLETE_v20 page 9_pages_26-50.md
059-009-007,,059,009,"Hardware, Mounting - Shackle, Tow",VMRS_HB_COMPLETE_v20 page 9_pages_26-50.md
059-015-027,,059,015,Hvdraulic Pump Assembly - Maintenance Kit,VMRS_HB_COMPLETE_v20 page 9_pages_26-50.md
059-010-000,,059,010,Tow Bar Components,VMRS_HB_COMPLETE_v20 page 9_pages_26-50.md
059-016-000,,059,016,"Pump Assembly - Hydraulic, Gear Type",VMRS_HB_COMPLETE_v20 page 9_pages_26-50.md
059-010-001,,059,010,Tow Bar Assembly - Complete,VMRS_HB_COMPLETE_v20 page 9_pages_26-50.md
059-016-001,,059,016,"Pump - Hydraulic, Gear Type",VMRS_HB_COMPLETE_v20 page 9_pages_26-50.md
059-010-002,,059,010,Bracket - Attaching Tow Bar Forward,VMRS_HB_COMPLETE_v20 page 9_pages_26-50.md
059-016-002,,059,016,Coupler - Input Drive Hydraulic Gear Pump,VMRS_HB_COMPLETE_v20 page 9_pages_26-50.md
050-010-002,,050,010,"Hardware Mounting, Forward Attaching",VMRS_HB_COMPLETE_v20 page 9_pages_26-50.md
050-016-002,,050,016,Shaft & Goar Drive Hydraulic Goar Dump,VMRS_HB_COMPLETE_v20 page 9_pages_26-50.md
059-010-005,,059,010,Presket Taw Ber,VMRS_HB_COMPLETE_v20 page 9_pages_26-50.md
059-010-003,,059,010,"Shaft & Cear - Driver, Hydraulic Gear Pump",VMRS_HB_COMPLETE_v20 page 9_pages_26-50.md
050-040-004,,050,040,"Brackel, IOW Bar",VMRS_HB_COMPLETE_v20 page 9_pages_26-50.md
059-010-004,,059,010,"Shall & Gear - Driven, Hydraulic Gear Pump",VMRS_HB_COMPLETE_v20 page 9_pages_26-50.md
059-016-015,,059,016,"Maintenance Kit - Hydraulic Pump Assembly,",VMRS_HB_COMPLETE_v20 page 9_pages_26-50.md
059-016-016,,059,016,Support - Hydraulic Pump,VMRS_HB_COMPLETE_v20 page 9_pages_26-50.md
059-016-017,,059,016,"Bearing - Sleeve Type, Gear Pump, Vehicle",VMRS_HB_COMPLETE_v20 page 9_pages_26-50.md
059-010-006,,059,010,"Lanyard - Hold Down, Forward Attaching",VMRS_HB_COMPLETE_v20 page 9_pages_26-50.md
059-016-018,,059,016,"Bearing - Anti-Friction Type, Gear Pump,",VMRS_HB_COMPLETE_v20 page 9_pages_26-50.md
059-010-007,,059,010,"Bracket - Attaching, Tow Bar, Rear",VMRS_HB_COMPLETE_v20 page 9_pages_26-50.md
059-010-008,,059,010,"Hardware, Mounting - Rear Attaching Bracket.",VMRS_HB_COMPLETE_v20 page 9_pages_26-50.md
059-016-019,,059,016,"Seal - Pump Shaft, Gear Pump, Hvdraulic",VMRS_HB_COMPLETE_v20 page 9_pages_26-50.md
059-010-009,,059,010,Pin - Hitch Bear Attaching Bracket Tow Bar,VMRS_HB_COMPLETE_v20 page 9_pages_26-50.md
059-016-020,,059,016,Retainer - Gear Type Pump Shaft Vehicle,VMRS_HB_COMPLETE_v20 page 9_pages_26-50.md
000-010-020,,000,010,Coupling System,VMRS_HB_COMPLETE_v20 page 9_pages_26-50.md
009-010-010,,009,010,"Lanyard - Thich Fill, Heal Allaching Diacker, 10w",VMRS_HB_COMPLETE_v20 page 9_pages_26-50.md
050-016-001,,050,016,Cover Geer Dump Front,VMRS_HB_COMPLETE_v20 page 9_pages_26-50.md
059-010-021,,059,010,"Cover - Gear Pump, Front",VMRS_HB_COMPLETE_v20 page 9_pages_26-50.md
059-010-011,,059,010,Hitch Spring - Tow Bar,VMRS_HB_COMPLETE_v20 page 9_pages_26-50.md
059-016-022,,059,016,wear Plate - Gear Pump,VMRS_HB_COMPLETE_v20 page 9_pages_26-50.md
059-010-012,,059,010,Latch Plate - Tow Bar,VMRS_HB_COMPLETE_v20 page 9_pages_26-50.md
059-016-023,,059,016,Housing - Gear Pump,VMRS_HB_COMPLETE_v20 page 9_pages_26-50.md
059-010-013,,059,010,Latch - Tow Bar,VMRS_HB_COMPLETE_v20 page 9_pages_26-50.md
059-016-024,,059,016,"Cover - Gear Pump, Rear",VMRS_HB_COMPLETE_v20 page 9_pages_26-50.md
059-010-014,,059,010,Pin - Tow Bar,VMRS_HB_COMPLETE_v20 page 9_pages_26-50.md
059-016-025,,059,016,"Seal - Housing, Gear Pump",VMRS_HB_COMPLETE_v20 page 9_pages_26-50.md
059-010-015,,059,010,Stop - Tow Bar,VMRS_HB_COMPLETE_v20 page 9_pages_26-50.md
059-017-000,,059,017,"Pump Assembly - Hydraulic, Rotary Type",VMRS_HB_COMPLETE_v20 page 9_pages_26-50.md
059-010-016,,059,010,Tongue - Tow Bar,VMRS_HB_COMPLETE_v20 page 9_pages_26-50.md
059-017-002,,059,017,"Pump - Hydraulic, Rotary (Single Gear)",VMRS_HB_COMPLETE_v20 page 9_pages_26-50.md
050-010-017,,050,010,Support - Tow Bar,VMRS_HB_COMPLETE_v20 page 9_pages_26-50.md
050-018-000,,050,018,"Pump Assembly - Hydraulic, Gerotor Type",VMRS_HB_COMPLETE_v20 page 9_pages_26-50.md
050-010-019,,050,010,Foot Guard Tow Par,VMRS_HB_COMPLETE_v20 page 9_pages_26-50.md
059-010-010,,059,010,Pusking Tau Day,VMRS_HB_COMPLETE_v20 page 9_pages_26-50.md
059-010-019,,059,010,Busning - Tow Bar,VMRS_HB_COMPLETE_v20 page 9_pages_26-50.md
059-019-000,,059,019,"Pump Assembly - Hydraulic, Piston Type",VMRS_HB_COMPLETE_v20 page 9_pages_26-50.md
059-010-020,,059,010,"Bearing - Pivot, Tow Bar",VMRS_HB_COMPLETE_v20 page 9_pages_26-50.md
059-019-002,,059,019,"Pump - Hydraulic, Piston",VMRS_HB_COMPLETE_v20 page 9_pages_26-50.md
059-013-000,,059,013,Hydraulic System - Vehicle Coupling System,VMRS_HB_COMPLETE_v20 page 9_pages_26-50.md
059-020-000,,059,020,"Pump Assembly - Hydraulic, Centrifugal (Low",VMRS_HB_COMPLETE_v20 page 9_pages_26-50.md
059-013-001,,059,013,"Fitting - Straight, Vehicle Hydraulic Coupling",VMRS_HB_COMPLETE_v20 page 9_pages_26-50.md
059-020-002,,059,020,"Pump - Hydraulic, Centrifugal",VMRS_HB_COMPLETE_v20 page 9_pages_26-50.md
059-014-000,,059,014,Reservoir Assembly - Hvdraulic Svstem,VMRS_HB_COMPLETE_v20 page 9_pages_26-50.md
059-021-000,,059,021,"Pump Assembly - Hydraulic, Reciprocating (Air-",VMRS_HB_COMPLETE_v20 page 9_pages_26-50.md
059-014-001,,059,014,"Reservoir Tank - Hydraulic, Vehicle Coupling",VMRS_HB_COMPLETE_v20 page 9_pages_26-50.md
000-011-001,,000,011,System,VMRS_HB_COMPLETE_v20 page 9_pages_26-50.md
059-021-002,,059,021,Pump - Hydraulic Beciprocating,VMRS_HB_COMPLETE_v20 page 9_pages_26-50.md
050-014-002,,050,014,Banal Clean Out Beconvoir,VMRS_HB_COMPLETE_v20 page 9_pages_26-50.md
050-021-002,,050,021,"Pump Accomply, Hydraulia, Manual",VMRS_HB_COMPLETE_v20 page 9_pages_26-50.md
059-014-002,,059,014,Faller Neek Deserveir,VMRS_HB_COMPLETE_v20 page 9_pages_26-50.md
059-022-000,,059,022,"Pump Assembly - Hydraulic, Manual",VMRS_HB_COMPLETE_v20 page 9_pages_26-50.md
059-014-003,,059,014,Filler Neck - Reservoir,VMRS_HB_COMPLETE_v20 page 9_pages_26-50.md
059-022-002,,059,022,"Pump - Hydraulic, Manual",VMRS_HB_COMPLETE_v20 page 9_pages_26-50.md
059-014-004,,059,014,"Cap - Reservoir, Hydraulic, venicle Coupling",VMRS_HB_COMPLETE_v20 page 9_pages_26-50.md
059-025-000,,059,025,Control valve Assembly - Hydraulic System,VMRS_HB_COMPLETE_v20 page 9_pages_26-50.md
059-025-001,,059,025,Directional Control Valve - Hydraulic System,VMRS_HB_COMPLETE_v20 page 9_pages_26-50.md
059-014-005,,059,014,Chain - Reservoir Cap,VMRS_HB_COMPLETE_v20 page 9_pages_26-50.md
059-025-002,,059,025,Body - Two-Way Control Valve,VMRS_HB_COMPLETE_v20 page 9_pages_26-50.md
059-014-006,,059,014,Screen - Filler Neck,VMRS_HB_COMPLETE_v20 page 9_pages_26-50.md
059-025-003,,059,025,Body - Three-Way Control Valve,VMRS_HB_COMPLETE_v20 page 9_pages_26-50.md
059-014-007,,059,014,Strainer - Fluid Inlet,VMRS_HB_COMPLETE_v20 page 9_pages_26-50.md
059-025-004,,059,025,Spool - Control Valve,VMRS_HB_COMPLETE_v20 page 9_pages_26-50.md
059-014-008,,059,014,"Tube - Inlet, Fluid",VMRS_HB_COMPLETE_v20 page 9_pages_26-50.md
059-025-005,,059,025,Spring - Control Valve Spool,VMRS_HB_COMPLETE_v20 page 9_pages_26-50.md
059-014-009,,059,014,Tube - Return Fluid,VMRS_HB_COMPLETE_v20 page 9_pages_26-50.md
059-025-006,,059,025,Seal - Control Valve Spool,VMRS_HB_COMPLETE_v20 page 9_pages_26-50.md
050-014-012,,050,014,Dinstick Assembly - Reservoir,VMRS_HB_COMPLETE_v20 page 9_pages_26-50.md
050-025-007,,050,025,Seal - Control Valve Body,VMRS_HB_COMPLETE_v20 page 9_pages_26-50.md
059-025-007,,059,025,Winer Centrel Velve Body,VMRS_HB_COMPLETE_v20 page 9_pages_26-50.md
059-014-013,,059,014,Signi Gauge Assembly - Reservoir,VMRS_HB_COMPLETE_v20 page 9_pages_26-50.md
059-014-014,,059,014,"Plug - Upper Check, Reservoir",VMRS_HB_COMPLETE_v20 page 9_pages_26-50.md
059-025-009,,059,025,"Pin - Valve Spool Actuator, Control Valve",VMRS_HB_COMPLETE_v20 page 9_pages_26-50.md
059-014-015,,059,014,"Plug - Lower Check, Reservoir",VMRS_HB_COMPLETE_v20 page 9_pages_26-50.md
059-025-010,,059,025,Pin - Valve Pivot,VMRS_HB_COMPLETE_v20 page 9_pages_26-50.md
059-014-016,,059,014,Drain Plug - Reservoir,VMRS_HB_COMPLETE_v20 page 9_pages_26-50.md
059-025-011,,059,025,"Lever - Control Valve, Vehicle Coupling System",VMRS_HB_COMPLETE_v20 page 9_pages_26-50.md
059-014-017,,059,014,Breather Assembly - Reservoir,VMRS_HB_COMPLETE_v20 page 9_pages_26-50.md
059-025-012,,059,025,Clevis - Control Valve Lever,VMRS_HB_COMPLETE_v20 page 9_pages_26-50.md
059-014-018,,059,014,"Filter - Breather, Reservoir",VMRS_HB_COMPLETE_v20 page 9_pages_26-50.md
059-025-013,,059,025,Handle - Control Valve,VMRS_HB_COMPLETE_v20 page 9_pages_26-50.md
059-014-019,,059,014,"Hardware, Mounting - Reservoir Tank, Hydraulic",VMRS_HB_COMPLETE_v20 page 9_pages_26-50.md
059-025-014,,059,025,"Knob - Control Valve Handle, Vehicle Coupling",VMRS_HB_COMPLETE_v20 page 9_pages_26-50.md
059-015-000,,059,015,"Pump Assembly - Hydraulic, Vane Type",VMRS_HB_COMPLETE_v20 page 9_pages_26-50.md
059-015-001,,059,015,Pump - Hydraulic Vane,VMRS_HB_COMPLETE_v20 page 9_pages_26-50.md
059-025-016,,059,025,Pilot Valve Assembly - Control Valve Vehicle,VMRS_HB_COMPLETE_v20 page 9_pages_26-50.md
050-015-002,,050,015,Coupler Input Drive Hydraulie Vane Pump,VMRS_HB_COMPLETE_v20 page 9_pages_26-50.md
000-020-010,,000,020,Coupling System,VMRS_HB_COMPLETE_v20 page 9_pages_26-50.md
059-015-002,,059,015,"Coupler - Input Drive, Hydraulic varie Pump",VMRS_HB_COMPLETE_v20 page 9_pages_26-50.md
059-015-003,,059,015,Shart & vane Holder - vane Pump Drive,VMRS_HB_COMPLETE_v20 page 9_pages_26-50.md
059-025-017,,059,025,"Solenoid Assembly - Control valve, venicle",VMRS_HB_COMPLETE_v20 page 9_pages_26-50.md
059-015-004,,059,015,Vane - Hydraulic Pump,VMRS_HB_COMPLETE_v20 page 9_pages_26-50.md
059-015-005,,059,015,"Spring - Vane, Hydraulic Pump",VMRS_HB_COMPLETE_v20 page 9_pages_26-50.md
059-025-018,,059,025,Maintenance Kit - Hydraulic Control Valve,VMRS_HB_COMPLETE_v20 page 9_pages_26-50.md
059-015-006,,059,015,"Bearing - Sleeve Type, Vane Pump, Vehicle",VMRS_HB_COMPLETE_v20 page 9_pages_26-50.md
059-025-019,,059,025,"Cable, Joystick - Hydraulic Control",VMRS_HB_COMPLETE_v20 page 9_pages_26-50.md
059-015-007,,059,015,"Bearing - Anti-Friction Type, Vane Pump, Vehicle",VMRS_HB_COMPLETE_v20 page 9_pages_26-50.md
059-025-020,,059,025,Jovstick - Hydraulic Control,VMRS_HB_COMPLETE_v20 page 9_pages_26-50.md
059-025-021,,059,025,Stud Bolt - Handle Knob,VMRS_HB_COMPLETE_v20 page 9_pages_26-50.md
050-015-008,,050,015,Seal - Pump Shaft Vane Pump Vohiolo,VMRS_HB_COMPLETE_v20 page 9_pages_26-50.md
059-026-000,,059,026,Relief Valve Assembly - Hydraulic System,VMRS_HB_COMPLETE_v20 page 9_pages_26-50.md
000-020-000,,000,020,Vahiala Coupling System,VMRS_HB_COMPLETE_v20 page 9_pages_26-50.md
050-000-001,,050,000,Venicie Coupling System,VMRS_HB_COMPLETE_v20 page 9_pages_26-50.md
059-015-009,,059,015,"Retainer - vane Type Pump Shaft, Vehicle",VMRS_HB_COMPLETE_v20 page 9_pages_26-50.md
059-026-001,,059,026,Relief Valve - Hydraulic System,VMRS_HB_COMPLETE_v20 page 9_pages_26-50.md
059-026-003,,059,026,Stem - Relief Valve,VMRS_HB_COMPLETE_v20 page 9_pages_26-50.md
059-015-010,,059,015,Cover - Vane Pump,VMRS_HB_COMPLETE_v20 page 9_pages_26-50.md
059-026-004,,059,026,Piston - Relief Valve,VMRS_HB_COMPLETE_v20 page 9_pages_26-50.md
059-015-011,,059,015,Housing - Vane Pump,VMRS_HB_COMPLETE_v20 page 9_pages_26-50.md
059-026-013,,059,026,Body - Relief Valve,VMRS_HB_COMPLETE_v20 page 9_pages_26-50.md
059-026-015,,059,026,Seat - Relief Valve Body,VMRS_HB_COMPLETE_v20 page 9_pages_26-50.md
059-033-000,,059,033,Cylinder Assembly - Hydraulic System,VMRS_HB_COMPLETE_v20 page 9_pages_26-50.md
059-026-016,,059,026,Spring - Relief Valve,VMRS_HB_COMPLETE_v20 page 9_pages_26-50.md
059-033-002,,059,033,Cylinder Tube - Telescopic Type Main,VMRS_HB_COMPLETE_v20 page 9_pages_26-50.md
050-026-017,,050,026,Adjustor Poliof Valvo,VMRS_HB_COMPLETE_v20 page 9_pages_26-50.md
050-033-010,,050,033,"Cylinder Tube Red Type, Main",VMRS_HB_COMPLETE_v20 page 9_pages_26-50.md
059-020-017,,059,020,Adjuster - Heller Valve,VMRS_HB_COMPLETE_v20 page 9_pages_26-50.md
059-000-019,,059,000,Cylinder Tube - Tolessenia Tupe Ctage,VMRS_HB_COMPLETE_v20 page 9_pages_26-50.md
059-020-018,,059,020,Seal - Relief Valve Adjuster,VMRS_HB_COMPLETE_v20 page 9_pages_26-50.md
059-033-020,,059,033,"Cylinder Tube - Telescopic Type, Stage",VMRS_HB_COMPLETE_v20 page 9_pages_26-50.md
059-026-019,,059,026,Cover - Relief valve,VMRS_HB_COMPLETE_v20 page 9_pages_26-50.md
059-033-021,,059,033,"End Cap - Cylinder Mount, Venicle Coupling",VMRS_HB_COMPLETE_v20 page 9_pages_26-50.md
059-026-020,,059,026,Gasket Or Seal - Relief Valve Cover,VMRS_HB_COMPLETE_v20 page 9_pages_26-50.md
059-026-022,,059,026,Maintenance Kit - Hydraulic Relief Valve,VMRS_HB_COMPLETE_v20 page 9_pages_26-50.md
059-033-022,,059,033,Mount - Cylinder End,VMRS_HB_COMPLETE_v20 page 9_pages_26-50.md
059-033-023,,059,033,Cap - Cylinder Rod Or Stage End,VMRS_HB_COMPLETE_v20 page 9_pages_26-50.md
059-027-000,,059,027,Check Valve Assembly - Hydraulic System,VMRS_HB_COMPLETE_v20 page 9_pages_26-50.md
059-033-024,,059,033,"Seal Or Packing - Cylinder Cap, Vehicle",VMRS_HB_COMPLETE_v20 page 9_pages_26-50.md
059-027-016,,059,027,Single Check Valve - Hydraulic Assembly,VMRS_HB_COMPLETE_v20 page 9_pages_26-50.md
059-027-017,,059,027,Body - Single Check Valve,VMRS_HB_COMPLETE_v20 page 9_pages_26-50.md
059-033-025,,059,033,Wiper - Cylinder Cap,VMRS_HB_COMPLETE_v20 page 9_pages_26-50.md
059-027-018,,059,027,Single Check Valve,VMRS_HB_COMPLETE_v20 page 9_pages_26-50.md
059-033-026,,059,033,"Rod - Cylinder, Vehicle Coupling System",VMRS_HB_COMPLETE_v20 page 9_pages_26-50.md
050-027-010,,050,027,Spring - Single Check Valve,VMRS_HB_COMPLETE_v20 page 9_pages_26-50.md
050-033-027,,050,033,"Guide - Cylinder Rod, Vehicle Coupling System",VMRS_HB_COMPLETE_v20 page 9_pages_26-50.md
050-027-020,,050,027,Sool Single Check Valve,VMRS_HB_COMPLETE_v20 page 9_pages_26-50.md
050-000-027,,050,000,Diston Cylinder Hydraulia System,VMRS_HB_COMPLETE_v20 page 9_pages_26-50.md
059-027-020,,059,027,Maintananaa Kit. Cingle Cheek Valve,VMRS_HB_COMPLETE_v20 page 9_pages_26-50.md
059-055-020,,059,055,"Piston - Cylinder, Hydraulic System",VMRS_HB_COMPLETE_v20 page 9_pages_26-50.md
059-027-022,,059,027,Maintenance Kit - Single Check Valve,VMRS_HB_COMPLETE_v20 page 9_pages_26-50.md
059-053-029,,059,053,"Ring - Cylinder, PistonMayet, Ostant Ostant Otana Fad Vahiala",VMRS_HB_COMPLETE_v20 page 9_pages_26-50.md
059-027-023,,059,027,Double Check valve - Hydraulic System,VMRS_HB_COMPLETE_v20 page 9_pages_26-50.md
059-033-030,,059,033,"Mount - Cylinder Rod Or Last Stage End, Venicle",VMRS_HB_COMPLETE_v20 page 9_pages_26-50.md
059-027-024,,059,027,Body - Double Check Valve Assembly,VMRS_HB_COMPLETE_v20 page 9_pages_26-50.md
059-027-025,,059,027,Cartridge - Double Check Valve,VMRS_HB_COMPLETE_v20 page 9_pages_26-50.md
059-033-031,,059,033,"Screw - Rod Travel Adjuster, Cylinder, Vehicle",VMRS_HB_COMPLETE_v20 page 9_pages_26-50.md
059-027-026,,059,027,Seal - Double Check Valve Cartridge,VMRS_HB_COMPLETE_v20 page 9_pages_26-50.md
059-027-027,,059,027,"Seal - Piston Seat, Double Check Valve",VMRS_HB_COMPLETE_v20 page 9_pages_26-50.md
059-033-032,,059,033,Plug - Cylinder Air Bleeder,VMRS_HB_COMPLETE_v20 page 9_pages_26-50.md
059-027-028,,059,027,Maintenance Kit - Double Check Valve,VMRS_HB_COMPLETE_v20 page 9_pages_26-50.md
059-033-033,,059,033,Cylinder Lock Valve Assembly - Pilot Operated,VMRS_HB_COMPLETE_v20 page 9_pages_26-50.md
059-027-029,,059,027,Piston - Double Check Valve,VMRS_HB_COMPLETE_v20 page 9_pages_26-50.md
059-033-035,,059,033,Hvdraulic Cvlinder Assembly - Maintenance Kit,VMRS_HB_COMPLETE_v20 page 9_pages_26-50.md
059-028-000,,059,028,Flow Control Valve Assembly - Vehicle Hydraulic,VMRS_HB_COMPLETE_v20 page 9_pages_26-50.md
059-033-036,,059,033,"Pin - Cylinder, Hydraulic System",VMRS_HB_COMPLETE_v20 page 9_pages_26-50.md
059-033-037,,059,033,Spacer - Cylinder Hydraulic System,VMRS_HB_COMPLETE_v20 page 9_pages_26-50.md
050-028-001,,050,028,Elow Control Valvo Vahielo Coupling System,VMRS_HB_COMPLETE_v20 page 9_pages_26-50.md
050-033-038,,050,033,Cylindor Accombly Hydraulic System,VMRS_HB_COMPLETE_v20 page 9_pages_26-50.md
059-020-001,,059,020,Pody Elow Control Valve Vehicle Coupling System,VMRS_HB_COMPLETE_v20 page 9_pages_26-50.md
059-020-007,,059,020,"Body - Flow Control valve, vehicle Coupling",VMRS_HB_COMPLETE_v20 page 9_pages_26-50.md
059-053-059,,059,053,Washer Lock Tab,VMRS_HB_COMPLETE_v20 page 9_pages_26-50.md
059-033-040,,059,033,Guide Ramp,VMRS_HB_COMPLETE_v20 page 9_pages_26-50.md
059-028-008,,059,028,"Spring - Flow Control Valve, Venicle Coupling",VMRS_HB_COMPLETE_v20 page 9_pages_26-50.md
059-036-000,,059,036,"Filtration System - Fluid, Hydraulic System",VMRS_HB_COMPLETE_v20 page 9_pages_26-50.md
059-036-014,,059,036,"Element - Hydraulic Filter, Vehicle Coupling",VMRS_HB_COMPLETE_v20 page 9_pages_26-50.md
059-028-009,,059,028,Seal - Flow Control Valve,VMRS_HB_COMPLETE_v20 page 9_pages_26-50.md
059-028-011,,059,028,Maintenance Kit - Flow Control Valve,VMRS_HB_COMPLETE_v20 page 9_pages_26-50.md
059-036-020,,059,036,"Filter Assembly - Hydraulic, Return Line Type",VMRS_HB_COMPLETE_v20 page 9_pages_26-50.md
059-031-000,,059,031,"Fittings - Hydraulic System, Vehicle Coupling",VMRS_HB_COMPLETE_v20 page 9_pages_26-50.md
059-036-021,,059,036,"Filter Assembly - Hydraulic, Suction Line Type",VMRS_HB_COMPLETE_v20 page 9_pages_26-50.md
059-031-017,,059,031,"Cap - Fitting Protector, Hydraulic System",VMRS_HB_COMPLETE_v20 page 9_pages_26-50.md
059-036-022,,059,036,"Filter Assembly - Hydraulic, In-Tank Type",VMRS_HB_COMPLETE_v20 page 9_pages_26-50.md
059-031-033,,059,031,Fittings - Vehicle Coupling System,VMRS_HB_COMPLETE_v20 page 9_pages_26-50.md
059-036-023,,059,036,Base Assembly - Hydraulic Filter,VMRS_HB_COMPLETE_v20 page 9_pages_26-50.md
059-032-000,,059,032,Line Assembly - Hydraulic System,VMRS_HB_COMPLETE_v20 page 9_pages_26-50.md
059-036-024,,059,036,Filter Base - Mounting Assembly,VMRS_HB_COMPLETE_v20 page 9_pages_26-50.md
059-032-001,,059,032,Line Assembly - Reservoir To Pump,VMRS_HB_COMPLETE_v20 page 9_pages_26-50.md
059-036-025,,059,036,Housing Assembly - Filter Element,VMRS_HB_COMPLETE_v20 page 9_pages_26-50.md
050-032-002,,050,032,Line Accombly Pump To Valvo Hydraulic,VMRS_HB_COMPLETE_v20 page 9_pages_26-50.md
050-036-026,,050,036,Soal Or Gaskot Filter Housing,VMRS_HB_COMPLETE_v20 page 9_pages_26-50.md
000-002-002,,000,002,Sustam,VMRS_HB_COMPLETE_v20 page 9_pages_26-50.md
050-036-027,,050,036,Seal Filter Floment,VMRS_HB_COMPLETE_v20 page 9_pages_26-50.md
050-000-011,,050,000,"OystelliOsuplar, Unstroom End Tube, Undroulie",VMRS_HB_COMPLETE_v20 page 9_pages_26-50.md
059-030-027,,059,030,Seal - Filler Element,VMRS_HB_COMPLETE_v20 page 9_pages_26-50.md
009-032-011,,009,032,"Coupler - Opsiream End, Tube, Hydraulic",VMRS_HB_COMPLETE_v20 page 9_pages_26-50.md
059-030-020,,059,030,Spring - Filler Element,VMRS_HB_COMPLETE_v20 page 9_pages_26-50.md
059-030-029,,059,030,Pressure Bypass valve - Hydraulic Filler,VMRS_HB_COMPLETE_v20 page 9_pages_26-50.md
059-032-012,,059,032,"Coupler - Opstream End, Hose, Hydraulic",VMRS_HB_COMPLETE_v20 page 9_pages_26-50.md
059-030-030,,059,030,Thermostal Bypass valve - Hydraulic Filter,VMRS_HB_COMPLETE_v20 page 9_pages_26-50.md
059-036-031,,059,036,Plug - Fliter Air Bleeder,VMRS_HB_COMPLETE_v20 page 9_pages_26-50.md
059-032-015,,059,032,"Coupler - Downstream End, Tube, Hydraulic",VMRS_HB_COMPLETE_v20 page 9_pages_26-50.md
059-036-032,,059,036,Gauge - Hydraulic Filter Element Service,VMRS_HB_COMPLETE_v20 page 9_pages_26-50.md
059-032-019,,059,032,"Plug - Dust Protector, Hydraulic Fitting",VMRS_HB_COMPLETE_v20 page 9_pages_26-50.md
059-036-034,,059,036,Replacement Kit - Hydraulic Filter Element,VMRS_HB_COMPLETE_v20 page 9_pages_26-50.md
059-032-020,,059,032,"Line Assembly - Valve To Actuator, Hydraulic",VMRS_HB_COMPLETE_v20 page 9_pages_26-50.md
059-036-035,,059,036,"Filter - Screw-On, Hydraulic, Vehicle Coupling",VMRS_HB_COMPLETE_v20 page 9_pages_26-50.md
059-032-021,,059,032,"Line Assembly - Actuator To Valve, Hydraulic",VMRS_HB_COMPLETE_v20 page 9_pages_26-50.md
059-037-000,,059,037,Cooler Assembly - Hydraulic System,VMRS_HB_COMPLETE_v20 page 9_pages_26-50.md
059-037-001,,059,037,Radiator Assembly - Hydraulic System,VMRS_HB_COMPLETE_v20 page 9_pages_26-50.md
059-032-022,,059,032,"Line Assembly - Actuator To Reservoir, Hydraulic",VMRS_HB_COMPLETE_v20 page 9_pages_26-50.md
059-037-002,,059,037,"Installation Kit - Radiator, Heat & Cooler System",VMRS_HB_COMPLETE_v20 page 9_pages_26-50.md
059-037-003,,059,037,Fan Assembly - Hydraulic Cooler,VMRS_HB_COMPLETE_v20 page 9_pages_26-50.md
059-032-023,,059,032,"Line Assembly - Filter To Reservoir, Hydraulic",VMRS_HB_COMPLETE_v20 page 9_pages_26-50.md
059-037-005,,059,037,"Cap - Filler, Cooler, Hydraulic System",VMRS_HB_COMPLETE_v20 page 9_pages_26-50.md
059-037-006,,059,037,"Gauge - Restriction, Filter",VMRS_HB_COMPLETE_v20 page 9_pages_26-50.md
059-032-024,,059,032,"Line Assembly - Pilot Operated Actuator,",VMRS_HB_COMPLETE_v20 page 9_pages_26-50.md
059-037-007,,059,037,"Cover - Cooler Assembly, Hydraulic System",VMRS_HB_COMPLETE_v20 page 9_pages_26-50.md
059-037-009,,059,037,"Hub - Fan, Hydraulic Cooler",VMRS_HB_COMPLETE_v20 page 9_pages_26-50.md
059-032-025,,059,032,"Line Assembly - Pump Case Drain, Hydraulic",VMRS_HB_COMPLETE_v20 page 9_pages_26-50.md
059-037-010,,059,037,Sight & Temperature Gauge - Hydraulic System,VMRS_HB_COMPLETE_v20 page 9_pages_26-50.md
059-037-011,,059,037,Repair Kit - Hydraulic Fan Motor,VMRS_HB_COMPLETE_v20 page 9_pages_26-50.md
059-032-026,,059,032,Line Assembly - Relief Valve Return Hydraulic,VMRS_HB_COMPLETE_v20 page 9_pages_26-50.md
059-037-012,,059,037,Adapter - Hydraulic Fan Motor,VMRS_HB_COMPLETE_v20 page 9_pages_26-50.md
059-038-000,,059,038,Articulation Hydraulics - On Boad,VMRS_HB_COMPLETE_v20 page 9_pages_26-50.md
059-032-027,,059,032,"Adapter - Upstream End, Hydraulic System",VMRS_HB_COMPLETE_v20 page 9_pages_26-50.md
059-038-001,,059,038,Coupling - Articulation,VMRS_HB_COMPLETE_v20 page 9_pages_26-50.md
050-002-027,,050,002,Tube - Hydraulic System,VMRS_HB_COMPLETE_v20 page 9_pages_26-50.md
050-038-002,,050,038,Accumulator Assembly - Hydraulic,VMRS_HB_COMPLETE_v20 page 9_pages_26-50.md
050-032-020,,050,032,Hose Hydraulic System Vehicle Coupling,VMRS_HB_COMPLETE_v20 page 9_pages_26-50.md
050-038-003,,050,038,,VMRS_HB_COMPLETE_v20 page 9_pages_26-50.md
003-002-023,,003,002,Svetom,VMRS_HB_COMPLETE_v20 page 9_pages_26-50.md
059-038-004,,059,038,Valve Assembly - Proportional,VMRS_HB_COMPLETE_v20 page 9_pages_26-50.md
050-022-020,,050,022,Coupler Downstream End Hose Hydraulia,VMRS_HB_COMPLETE_v20 page 9_pages_26-50.md
050-029-005,,050,029,Valve Bronortional,VMRS_HB_COMPLETE_v20 page 9_pages_26-50.md
003-032-030,,003,032,,VMRS_HB_COMPLETE_v20 page 9_pages_26-50.md
050-020-000,,050,020,vaive - Flopolitorial,VMRS_HB_COMPLETE_v20 page 9_pages_26-50.md
059-030-000,,059,030,"Sensol, Flessule - Hydraulic",VMRS_HB_COMPLETE_v20 page 9_pages_26-50.md
059-032-031,,059,032,"Adapter - Downstream End, Hydraulic System",VMRS_HB_COMPLETE_v20 page 9_pages_26-50.md
059-038-007,,059,038,Sealing Hing - Hydraulic Line,VMRS_HB_COMPLETE_v20 page 9_pages_26-50.md
059-032-032,,059,032,"Coupler - Hose, Reusable",VMRS_HB_COMPLETE_v20 page 9_pages_26-50.md
059-038-009,,059,038,Caple - Proportional Valve,VMRS_HB_COMPLETE_v20 page 9_pages_26-50.md
059-032-033,,059,032,"Fitting - Vehicle Hydraulic System, Oil Line,",VMRS_HB_COMPLETE_v20 page 9_pages_26-50.md
059-038-010,,059,038,Plate - Emergency Dampening,VMRS_HB_COMPLETE_v20 page 9_pages_26-50.md
059-038-011,,059,038,Cable - Emergency Dampening Proportional,VMRS_HB_COMPLETE_v20 page 9_pages_26-50.md
059-032-034,,059,032,"O-Ring - Vehicle Hydraulic System, Oil Line,",VMRS_HB_COMPLETE_v20 page 9_pages_26-50.md
059-041-000,,059,041,Steering Hitch System,VMRS_HB_COMPLETE_v20 page 9_pages_26-50.md
059-041-001,,059,041,Steering Hitch Assembly - Complete,VMRS_HB_COMPLETE_v20 page 9_pages_26-50.md
061-003-005,,061,003,Fan Impeller Assembly - Blower,VMRS_HB_COMPLETE_v20 page 9_pages_26-50.md
059-041-002,,059,041,Bushing - Steering Hitch,VMRS_HB_COMPLETE_v20 page 9_pages_26-50.md
061-003-006,,061,003,Shaft - Blower Assembly,VMRS_HB_COMPLETE_v20 page 9_pages_26-50.md
059-041-003,,059,041,Mounting Bracket - Steering Hitch,VMRS_HB_COMPLETE_v20 page 9_pages_26-50.md
061-003-007,,061,003,"Bearing - Shaft, Blower",VMRS_HB_COMPLETE_v20 page 9_pages_26-50.md
059-041-004,,059,041,Repair Kit - Steering Hitch,VMRS_HB_COMPLETE_v20 page 9_pages_26-50.md
061-003-008,,061,003,Housing - Blower,VMRS_HB_COMPLETE_v20 page 9_pages_26-50.md
059-041-005,,059,041,Seal - Steering Hitch,VMRS_HB_COMPLETE_v20 page 9_pages_26-50.md
061-003-009,,061,003,"Seal - Housing, Blower",VMRS_HB_COMPLETE_v20 page 9_pages_26-50.md
059-041-006,,059,041,Shaft - Steering Hitch,VMRS_HB_COMPLETE_v20 page 9_pages_26-50.md
061-003-010,,061,003,Valve - Inlet. Blower,VMRS_HB_COMPLETE_v20 page 9_pages_26-50.md
059-041-007,,059,041,Shim - Steering Hitch,VMRS_HB_COMPLETE_v20 page 9_pages_26-50.md
061-003-011,,061,003,"Seal - Inlet Valve, Blower",VMRS_HB_COMPLETE_v20 page 9_pages_26-50.md
059-041-008,,059,041,Valve - Flow Divider Steering Hitch,VMRS_HB_COMPLETE_v20 page 9_pages_26-50.md
061-003-012,,061,003,Valve - Exhaust Blower,VMRS_HB_COMPLETE_v20 page 9_pages_26-50.md
059-042-000,,059,042,3-Point Hitch - Farm/Industrial Tractor,VMRS_HB_COMPLETE_v20 page 9_pages_26-50.md
061-003-013,,061,003,Seal - Exhaust Valve Blower,VMRS_HB_COMPLETE_v20 page 9_pages_26-50.md
061-002-014,,061,002,Control Vacuum System Plawor,VMRS_HB_COMPLETE_v20 page 9_pages_26-50.md
059-042-001,,059,042,J-FOILL FILCH ASSEMBLY,VMRS_HB_COMPLETE_v20 page 9_pages_26-50.md
001-003-014,,001,003,"Control - vacuum System, Dovition Net Consider",VMRS_HB_COMPLETE_v20 page 9_pages_26-50.md
059-042-002,,059,042,"Link Body - Leit, Telescoping",VMRS_HB_COMPLETE_v20 page 9_pages_26-50.md
001-003-015,,001,003,"Hardware, Mounting - Position Not Specified,",VMRS_HB_COMPLETE_v20 page 9_pages_26-50.md
059-042-003,,059,042,"Link Body - Right, Telescoping",VMRS_HB_COMPLETE_v20 page 9_pages_26-50.md
059-042-004,,059,042,"Draft Link End - Left, Telescoping",VMRS_HB_COMPLETE_v20 page 9_pages_26-50.md
061-004-000,,061,004,"Broom System - Main, Sweeper",VMRS_HB_COMPLETE_v20 page 9_pages_26-50.md
059-042-005,,059,042,"Draft Link End - Right, Telescoping",VMRS_HB_COMPLETE_v20 page 9_pages_26-50.md
061-004-001,,061,004,Broom Assembly - Main,VMRS_HB_COMPLETE_v20 page 9_pages_26-50.md
059-043-000,,059,043,Converter Dolly,VMRS_HB_COMPLETE_v20 page 9_pages_26-50.md
061-004-002,,061,004,Roll - Main Broom,VMRS_HB_COMPLETE_v20 page 9_pages_26-50.md
059-043-001,,059,043,Converter Dolly Assembly,VMRS_HB_COMPLETE_v20 page 9_pages_26-50.md
061-004-003,,061,004,"Bristle - Fiber, Natural",VMRS_HB_COMPLETE_v20 page 9_pages_26-50.md
059-043-002,,059,043,"Tag - Data Storage, Converter Dolly",VMRS_HB_COMPLETE_v20 page 9_pages_26-50.md
061-004-004,,061,004,"Bristle - Fiber, Synthetic",VMRS_HB_COMPLETE_v20 page 9_pages_26-50.md
059-043-003,,059,043,Leg - Converter Dolly,VMRS_HB_COMPLETE_v20 page 9_pages_26-50.md
061-004-005,,061,004,Bristle - Metallic,VMRS_HB_COMPLETE_v20 page 9_pages_26-50.md
059-043-004,,059,043,Counterweight - Converter Dolly,VMRS_HB_COMPLETE_v20 page 9_pages_26-50.md
061-004-006,,061,004,"Anchor, Keeper - Bristle, Main Broom",VMRS_HB_COMPLETE_v20 page 9_pages_26-50.md
059-043-005,,059,043,Frame - Converter Dolly,VMRS_HB_COMPLETE_v20 page 9_pages_26-50.md
061-004-007,,061,004,Hub Assembly - Boll Main Broom,VMRS_HB_COMPLETE_v20 page 9_pages_26-50.md
059-043-006,,059,043,Pad - Leg. Converter Dolly,VMRS_HB_COMPLETE_v20 page 9_pages_26-50.md
061-004-008,,061,004,Bearing - Hub Main Broom,VMRS_HB_COMPLETE_v20 page 9_pages_26-50.md
059-044-000,,059,044,Flectronic Sensor Coupling System - Fifth Wheel,VMRS_HB_COMPLETE_v20 page 9_pages_26-50.md
050-044-001,,050,044,Electronic Sensor Coupling Assembly,VMRS_HB_COMPLETE_v20 page 9_pages_26-50.md
061-004-010,,061,004,Mochaniem Adjustment Compression Main,VMRS_HB_COMPLETE_v20 page 9_pages_26-50.md
059-044-001,,059,044,"Comoro Kit, Monitoring Electronic Conoci",VMRS_HB_COMPLETE_v20 page 9_pages_26-50.md
001-004-010,,001,004,Recom,VMRS_HB_COMPLETE_v20 page 9_pages_26-50.md
039-044-002,,039,044,"Camera Nit - Monitoring, Electronic Sensor",VMRS_HB_COMPLETE_v20 page 9_pages_26-50.md
001-001-011,,001,001,DIUOIII,VMRS_HB_COMPLETE_v20 page 9_pages_26-50.md
061-004-011,,061,004,"Control - Adjustment, Main Broom",VMRS_HB_COMPLETE_v20 page 9_pages_26-50.md
060-000-000,,060,000,Equipment Dependent Attachments Group,VMRS_HB_COMPLETE_v20 page 9_pages_26-50.md
061-004-012,,061,004,"Arm - Adjustment, Main Broom",VMRS_HB_COMPLETE_v20 page 9_pages_26-50.md
061-000-000,,061,000,Terminal Equipment - Multi Applications,VMRS_HB_COMPLETE_v20 page 9_pages_26-50.md
061-004-013,,061,004,"Shaft - Adjustment, Main Broom",VMRS_HB_COMPLETE_v20 page 9_pages_26-50.md
061-001-000,,061,001,Chassis Assembly - Sweeper,VMRS_HB_COMPLETE_v20 page 9_pages_26-50.md
061-004-014,,061,004,"Panel - Deflector, Main Broom",VMRS_HB_COMPLETE_v20 page 9_pages_26-50.md
061-001-001,,061,001,"Structure - Chassis Framing, Sweeper",VMRS_HB_COMPLETE_v20 page 9_pages_26-50.md
061-004-015,,061,004,"Hardware, Mounting - Position Not Specified,",VMRS_HB_COMPLETE_v20 page 9_pages_26-50.md
061-001-002,,061,001,Panel - Front,VMRS_HB_COMPLETE_v20 page 9_pages_26-50.md
061-001-003,,061,001,"Panel - Side, Right",VMRS_HB_COMPLETE_v20 page 9_pages_26-50.md
061-005-000,,061,005,"Broom System - Side, Sweeper",VMRS_HB_COMPLETE_v20 page 9_pages_26-50.md
061-001-004,,061,001,Panel - Side Left,VMRS_HB_COMPLETE_v20 page 9_pages_26-50.md
061-005-001,,061,005,"Broom Assembly - Side, Bight",VMRS_HB_COMPLETE_v20 page 9_pages_26-50.md
061-001-005,,061,001,Panel - Elooring,VMRS_HB_COMPLETE_v20 page 9_pages_26-50.md
061-005-002,,061,005,Broom Assembly - Side   eft,VMRS_HB_COMPLETE_v20 page 9_pages_26-50.md
061-001-006,,061,001,Housing Battony Dack Swoopor,VMRS_HB_COMPLETE_v20 page 9_pages_26-50.md
061-001-007,,061,001,"Poop Troy Pattery Pack, Sweeper",VMRS_HB_COMPLETE_v20 page 9_pages_26-50.md
001-005-003,,001,005,Disc - Side Diooni,VMRS_HB_COMPLETE_v20 page 9_pages_26-50.md
001-005-004,,001,005,"Dilstle - Fiber, Natural",VMRS_HB_COMPLETE_v20 page 9_pages_26-50.md
,800-100,800,100,"Cover - Engine, Sweeper",VMRS_HB_COMPLETE_v20 page 9_pages_26-50.md
061-005-005,,061,005,"Bristie - Fiber, Synthetic",VMRS_HB_COMPLETE_v20 page 9_pages_26-50.md
061-001-009,,061,001,"Panel - Engine, Sweeper",VMRS_HB_COMPLETE_v20 page 9_pages_26-50.md
061-005-006,,061,005,Bristie - Metallic,VMRS_HB_COMPLETE_v20 page 9_pages_26-50.md
061-001-010,,061,001,"Compartment - Operator, Sweeper",VMRS_HB_COMPLETE_v20 page 9_pages_26-50.md
061-005-007,,061,005,"Anchor, Keeper - Bristle, Side Broom",VMRS_HB_COMPLETE_v20 page 9_pages_26-50.md
061-001-011,,061,001,"Guard Assembly - Operator Compartment,",VMRS_HB_COMPLETE_v20 page 9_pages_26-50.md
061-005-008,,061,005,Motor and Drive Assembly - Side Broom,VMRS_HB_COMPLETE_v20 page 9_pages_26-50.md
061-005-009,,061,005,"Bracket - Motor, Side Broom",VMRS_HB_COMPLETE_v20 page 9_pages_26-50.md
061-001-012,,061,001,"Seat Assembly - Operator, Sweeper",VMRS_HB_COMPLETE_v20 page 9_pages_26-50.md
061-005-010,,061,005,"Mechanism - Lift and Adjustment, Side Broom",VMRS_HB_COMPLETE_v20 page 9_pages_26-50.md
061-001-013,,061,001,"Floor Mat - Operator Compartment, Sweeper",VMRS_HB_COMPLETE_v20 page 9_pages_26-50.md
061-005-011,,061,005,"Control - Lift, Side Broom",VMRS_HB_COMPLETE_v20 page 9_pages_26-50.md
061-001-014,,061,001,"Panel - Lower Skirt, Main Boom",VMRS_HB_COMPLETE_v20 page 9_pages_26-50.md
061-005-012,,061,005,"Arm - Lift, Side Broom",VMRS_HB_COMPLETE_v20 page 9_pages_26-50.md
061-001-015,,061,001,"Panel - Lower Skirt, Side Boom",VMRS_HB_COMPLETE_v20 page 9_pages_26-50.md
061-005-013,,061,005,Bracket - Lift. Side Broom,VMRS_HB_COMPLETE_v20 page 9_pages_26-50.md
061-001-016,,061,001,Bumper - Sweeper,VMRS_HB_COMPLETE_v20 page 9_pages_26-50.md
061-005-014,,061,005,Hardware Mounting - Broom System Side,VMRS_HB_COMPLETE_v20 page 9_pages_26-50.md
061-001-017,,061,001,Hardware Mounting - Position Not Specified,VMRS_HB_COMPLETE_v20 page 9_pages_26-50.md
001-000-011,,001,000,Sweener,VMRS_HB_COMPLETE_v20 page 9_pages_26-50.md
001-001-017,,001,001,"Chassis Assembly, Sweeper",VMRS_HB_COMPLETE_v20 page 9_pages_26-50.md
061-006-000,,061,006,Chassis Assembly - Scrubber,VMRS_HB_COMPLETE_v20 page 9_pages_26-50.md
061-002-000,,061,002,"Honner Assembly, Sweeper",VMRS_HB_COMPLETE_v20 page 9_pages_26-50.md
061-006-001,,061,006,Eroming Structure Chassis Sorubber,VMRS_HB_COMPLETE_v20 page 9_pages_26-50.md
001-002-000,,001,002,Hopper Assembly - Sweeper,VMRS_HB_COMPLETE_v20 page 9_pages_26-50.md
001-000-001,,001,000,"Planning Structure - Chassis, Scrubber",VMRS_HB_COMPLETE_v20 page 9_pages_26-50.md
001-002-001,,001,002,Hopper - Sweeper,VMRS_HB_COMPLETE_v20 page 9_pages_26-50.md
061-000-002,,061,000,"Panel - Front, Scrubber",VMRS_HB_COMPLETE_v20 page 9_pages_26-50.md
061-002-002,,061,002,Cover Assembly - Sweeper,VMRS_HB_COMPLETE_v20 page 9_pages_26-50.md
061-006-003,,061,006,"Panel - Side, Right, Scrubber",VMRS_HB_COMPLETE_v20 page 9_pages_26-50.md
061-002-003,,061,002,"Filter - Frame and Shaker Assembly, Sweeper",VMRS_HB_COMPLETE_v20 page 9_pages_26-50.md
061-006-004,,061,006,"Panel - Side, Left. Scrubber",VMRS_HB_COMPLETE_v20 page 9_pages_26-50.md
061-002-004,,061,002,"Filter - Hopper Assembly, Sweeper",VMRS_HB_COMPLETE_v20 page 9_pages_26-50.md
061-006-005,,061,006,"Panel - Rear, Scrubber",VMRS_HB_COMPLETE_v20 page 9_pages_26-50.md
061-002-005,,061,002,Shaker Mechanism,VMRS_HB_COMPLETE_v20 page 9_pages_26-50.md
061-006-006,,061,006,"Panel - Flooring, Scrubber",VMRS_HB_COMPLETE_v20 page 9_pages_26-50.md
061-002-006,,061,002,Retainer Flap - Upper,VMRS_HB_COMPLETE_v20 page 9_pages_26-50.md
061-006-007,,061,006,"Housing - Battery Pack, Scrubber",VMRS_HB_COMPLETE_v20 page 9_pages_26-50.md
061-002-007,,061,002,Retainer Flap - Lower,VMRS_HB_COMPLETE_v20 page 9_pages_26-50.md
061-006-008,,061,006,"Base - Tray, Battery Pack, Scrubber",VMRS_HB_COMPLETE_v20 page 9_pages_26-50.md
061-002-008,,061,002,"Plate - Floating, Lower Hopper",VMRS_HB_COMPLETE_v20 page 9_pages_26-50.md
061-006-009,,061,006,"Cover - Engine, Scrubber",VMRS_HB_COMPLETE_v20 page 9_pages_26-50.md
061-002-009,,061,002,"Dump Mechanism - Hopper, Sweeper",VMRS_HB_COMPLETE_v20 page 9_pages_26-50.md
061-006-010,,061,006,"Panel - Engine, Scrubber",VMRS_HB_COMPLETE_v20 page 9_pages_26-50.md
061-002-010,,061,002,Hoist Assembly - Hopper Dump,VMRS_HB_COMPLETE_v20 page 9_pages_26-50.md
061-006-011,,061,006,Compartment - Operator Scrubber,VMRS_HB_COMPLETE_v20 page 9_pages_26-50.md
061-002-011,,061,002,Cylinder Assembly - Hopper Dump,VMRS_HB_COMPLETE_v20 page 9_pages_26-50.md
061-006-012,,061,006,Guard Assembly - Operator Compartment,VMRS_HB_COMPLETE_v20 page 9_pages_26-50.md
061-002-012,,061,002,Hydraulic System - Hopper Dump,VMRS_HB_COMPLETE_v20 page 9_pages_26-50.md
001-000-012,,001,000,Scrubbor,VMRS_HB_COMPLETE_v20 page 9_pages_26-50.md
001-002-012,,001,002,And Anthenian Charles and Anthenian Charles and Anthenian Charles and Anthenian Charles and Anthenian Charles and Anthenian Charles and Anthenian Charles and Anthenian Charles and Anthenian Charles and Anthenian Charles and Anthenian Charles and Anthenian Charles and Anthenian Charles and Anthenian Charles and Anthenian Charles and Anthenian Charles and Anthenian Charles and Anthenian Charles and Anthenian Charles and Anthenian Charles and Anthenian Charles and Anthenian Charles and Anthenian Charles and Anthenian Charles and Anthenian Charles and Anthenian Charles and Anthenian Charles and Anthenian Charles and Anthenian Charles and Anthenian Charles and Anthenian Charles and Anthenian Charles and Anthenian Charles and Anthenian Charles and Anthenian Charles and Anthenian Charles and Anthenian Charles and Anthenian Charles and Anthenian Charles and Anthenian Charles and Anthenian Charles and Anthenian Charles and Anthenian Charles and Anthenian Charles and Anthenian Charles and Anthenian Charles and Anthenian Charles and Anthenian Charles and Anthenian Charles and Anthenian Charles and Anthenian Charles and Anthenian Charles and Anthenian Charles and Anthenian Charles and Anthenian Charles and Anthenian Charles and Anthenian Charles and Anthenian Charles and Anthenian Charles and Anthenian Charles and Anthenian Charles and Anthenian Charles and Anthenian Charles and Anthenian Charles and Anthenian Charles and Anthenian Charles and Anthenian Charles and Anthenian Charles and Anthenian Charles and Anthenian Charles and Anthenian Charles and Anthenian Charles and Anthenian Charles and Anthenian Charles and Anthenian Charles and Anthenian Charles and Anthenian Charles and Anthenian Charles and Anthenian Charles and Anthenian Charles and Anthenian Charles and Anthenian Charles and Anthenian Charles and Anthenian Charles and Anthenian Charles and Anthenian Charles and Anthenian Charles and Anthenian Charles and Anthenian Charles and Anthenian Charles and Anthenian Charles and Anthenian Charles and Anthenian Charles,VMRS_HB_COMPLETE_v20 page 9_pages_26-50.md
001-000-010,,001,000,Sciubbei,VMRS_HB_COMPLETE_v20 page 9_pages_26-50.md
001-002-013,,001,002,Compactor Mechanism - Sweeper,VMRS_HB_COMPLETE_v20 page 9_pages_26-50.md
001-000-013,,001,000,"Seat Assembly - Operator, Scrubber",VMRS_HB_COMPLETE_v20 page 9_pages_26-50.md
001-002-014,,001,002,Plate - Compactor,VMRS_HB_COMPLETE_v20 page 9_pages_26-50.md
001-006-014,,001,006,"Floor Mat - Operator Compartment, Scrubber",VMRS_HB_COMPLETE_v20 page 9_pages_26-50.md
061-002-015,,061,002,Cylinder Assembly - Compactor,VMRS_HB_COMPLETE_v20 page 9_pages_26-50.md
061-006-015,,061,006,"Bumper - Fixed, Scrubber",VMRS_HB_COMPLETE_v20 page 9_pages_26-50.md
061-002-016,,061,002,Hydraulic System - Compactor,VMRS_HB_COMPLETE_v20 page 9_pages_26-50.md
061-006-016,,061,006,"Roller Assembly - Bumper, Scrubber",VMRS_HB_COMPLETE_v20 page 9_pages_26-50.md
061-002-017,,061,002,"Hardware, Mounting - Position Not Specified,",VMRS_HB_COMPLETE_v20 page 9_pages_26-50.md
061-006-017,,061,006,Roller - Bumper,VMRS_HB_COMPLETE_v20 page 9_pages_26-50.md
061-006-018,,061,006,Bearing - Bumper,VMRS_HB_COMPLETE_v20 page 9_pages_26-50.md
061-003-000,,061,003,Blower Vacuum System - Sweeper,VMRS_HB_COMPLETE_v20 page 9_pages_26-50.md
061-006-019,,061,006,Pin - Bumper Roller,VMRS_HB_COMPLETE_v20 page 9_pages_26-50.md
061-003-001,,061,003,Blower Assembly - Sweeper,VMRS_HB_COMPLETE_v20 page 9_pages_26-50.md
061-006-020,,061,006,Bracket - Bumper Roller,VMRS_HB_COMPLETE_v20 page 9_pages_26-50.md
061-003-002,,061,003,Motor - Blower,VMRS_HB_COMPLETE_v20 page 9_pages_26-50.md
061-006-021,,061,006,Hardware Mounting - Position Not Specified,VMRS_HB_COMPLETE_v20 page 9_pages_26-50.md
061-003-003,,061,003,Drive - Blower,VMRS_HB_COMPLETE_v20 page 9_pages_26-50.md
301-000-021,,301,000,Chassis Assembly Scrubber,VMRS_HB_COMPLETE_v20 page 9_pages_26-50.md
061-007-000,,061,007,Seruh Bruch Seruhbar,VMRS_HB_COMPLETE_v20 page 9_pages_26-50.md
001-000-004,,001,000,Ghan and Deaning Assembly - DIOWER,VMRS_HB_COMPLETE_v20 page 9_pages_26-50.md
,000-100,000,100,,VMRS_HB_COMPLETE_v20 page 9_pages_26-50.md
