code_9d,code_6d,system,subcode,description,source_file
082-011-014,,082,011,"Tube - Elbow Inlet, Accumulator | 082-012-038",VMRS_HB_COMPLETE_v20 page 9_pages_76-100.md
082-011-015,,082,011,"Tube - Elbow Outlet, Accumulator | 082-012-039",VMRS_HB_COMPLETE_v20 page 9_pages_76-100.md
082-011-016,,082,011,Tube - Bulkhead To Heat Exchanger | 082-012-040,VMRS_HB_COMPLETE_v20 page 9_pages_76-100.md
082-011-017,,082,011,Tube - Bypass Check Valve To Derrost Tube | 082-012-041,VMRS_HB_COMPLETE_v20 page 9_pages_76-100.md
082-011-018,,082,011,Tube - Check valve To Receiver Tank | 082-012-042,VMRS_HB_COMPLETE_v20 page 9_pages_76-100.md
082-011-019,,082,011,Tube - Condenser To Check Valve | 082-012-043,VMRS_HB_COMPLETE_v20 page 9_pages_76-100.md
082-011-020,,082,011,Tube - Discharge Three-Way To Condenser | 082-012-044,VMRS_HB_COMPLETE_v20 page 9_pages_76-100.md
082-011-022,,082,011,"Tube - Discharge, Service Valve To Vibrasorber | 082-012-046",VMRS_HB_COMPLETE_v20 page 9_pages_76-100.md
082-011-023,,082,011,"Tube - Discharge, Vibrasorber To Three-Way | 082-012-047",VMRS_HB_COMPLETE_v20 page 9_pages_76-100.md
082-012-048,,082,012,Valve,VMRS_HB_COMPLETE_v20 page 9_pages_76-100.md
082-011-024,,082,011,"Tube - Equalizer, Expansion Valve | 082-012-049",VMRS_HB_COMPLETE_v20 page 9_pages_76-100.md
082-011-025,,082,011,Tube - Heat Exchanger To Expansion Valve | 082-012-050,VMRS_HB_COMPLETE_v20 page 9_pages_76-100.md
082-011-026,,082,011,"Tube - Hot Gas, Drain Pan | 082-012-051",VMRS_HB_COMPLETE_v20 page 9_pages_76-100.md
082-011-027,,082,011,"Tube - Hot Gas, Drain Pan To Dist | 082-012-052",VMRS_HB_COMPLETE_v20 page 9_pages_76-100.md
082-011-028,,082,011,"Tube - Hot Gas, Through Bulkhead | 082-012-053",VMRS_HB_COMPLETE_v20 page 9_pages_76-100.md
082-011-029,,082,011,"Tube - Hot Gas, Three-way valve to Defrost | 082-012-054",VMRS_HB_COMPLETE_v20 page 9_pages_76-100.md
082-011-030,,082,011,Tube - Pilot Solonoid To Comprossor | 082-012-055,VMRS_HB_COMPLETE_v20 page 9_pages_76-100.md
082-011-031,,082,011,Tube - Receiver To Dehydrator | 082-012-050,VMRS_HB_COMPLETE_v20 page 9_pages_76-100.md
082-011-032,,082,011,"Tube - Suction, Bulkhead To Accumulator | 082-012-058",VMRS_HB_COMPLETE_v20 page 9_pages_76-100.md
082-011-033,,082,011,"Tube - Suction, Expansion Coil To Heat | 082-012-059",VMRS_HB_COMPLETE_v20 page 9_pages_76-100.md
082-012-060,,082,012,Exchanger,VMRS_HB_COMPLETE_v20 page 9_pages_76-100.md
082-011-034,,082,011,"Tube - Suction, Heat Exchanger To Bulkhead | 082-012-061",VMRS_HB_COMPLETE_v20 page 9_pages_76-100.md
082-011-035,,082,011,Tube - Three-Way Valve To Pilot Solenoid | 082-012-062,VMRS_HB_COMPLETE_v20 page 9_pages_76-100.md
082-011-036,,082,011,Tube - Dehydrator To Heat Exchanger,VMRS_HB_COMPLETE_v20 page 9_pages_76-100.md
082-011-037,,082,011,Tube - Accumulator Tank Bleed | 082-012-063,VMRS_HB_COMPLETE_v20 page 9_pages_76-100.md
082-011-038,,082,011,Tee - Tube/Hose,VMRS_HB_COMPLETE_v20 page 9_pages_76-100.md
082-011-039,,082,011,Tube - Defrost | 082-012-064,VMRS_HB_COMPLETE_v20 page 9_pages_76-100.md
082-011-040,,082,011,"Clamp - Tube / Hose, All | 082-012-065",VMRS_HB_COMPLETE_v20 page 9_pages_76-100.md
082-011-041,,082,011,Tube - Dellost To Dist | 082-012-000,VMRS_HB_COMPLETE_v20 page 9_pages_76-100.md
082-011-042,,082,011,Switch - Defrost Termination | 082-012-068,VMRS_HB_COMPLETE_v20 page 9_pages_76-100.md
002-011-011,,002,011,Refrigeration Unit | 082-012-070,VMRS_HB_COMPLETE_v20 page 9_pages_76-100.md
082-011-045,,082,011,Switch - Air Pressure Differential | 082-012-071,VMRS_HB_COMPLETE_v20 page 9_pages_76-100.md
082-011-046,,082,011,Solenoid Valve - Hot Gas | 082-012-072,VMRS_HB_COMPLETE_v20 page 9_pages_76-100.md
082-012-000,,082,012,Control Panel Assembly - (MRU) | 082-013-000,VMRS_HB_COMPLETE_v20 page 9_pages_76-100.md
082-012-001,,082,012,Case - Control Panel | 082-013-001,VMRS_HB_COMPLETE_v20 page 9_pages_76-100.md
082-012-002,,082,012,"Switch - On/Off, Mechanical Refrigeration Unit | 082-013-002",VMRS_HB_COMPLETE_v20 page 9_pages_76-100.md
082-012-003,,082,012,"Switch - Defrost, Manual | 082-013-003",VMRS_HB_COMPLETE_v20 page 9_pages_76-100.md
082-012-004,,082,012,Cut-Off - High Discharge | 082-013-004,VMRS_HB_COMPLETE_v20 page 9_pages_76-100.md
082-012-005,,082,012,Switch - Heating & Cooling | 082-013-005,VMRS_HB_COMPLETE_v20 page 9_pages_76-100.md
082-012-007,,082,012,Gauge - Nettigerant Pressure | 082-013-007,VMRS_HB_COMPLETE_v20 page 9_pages_76-100.md
082-012-009,,082,012,Gauge - Head Pressure | 082-013-008,VMRS_HB_COMPLETE_v20 page 9_pages_76-100.md
082-012-011,,082,012,Cutout - Low Oil Pressure | 082-013-009,VMRS_HB_COMPLETE_v20 page 9_pages_76-100.md
082-012-013,,082,012,Switch - Glow Plug | 082-013-010,VMRS_HB_COMPLETE_v20 page 9_pages_76-100.md
082-012-014,,082,012,Signal - Glow Plug | 082-013-011,VMRS_HB_COMPLETE_v20 page 9_pages_76-100.md
082-012-016,,082,012,Cut-Out - High Engine Temperature | 082-013-012,VMRS_HB_COMPLETE_v20 page 9_pages_76-100.md
082-012-017,,082,012,Resistor - High Temperature Switch | 082-013-013,VMRS_HB_COMPLETE_v20 page 9_pages_76-100.md
082-012-018,,082,012,Fusible Link - Control Panel | 082-013-014,VMRS_HB_COMPLETE_v20 page 9_pages_76-100.md
082-012-019,,082,012,Board - Control Panel | 082-013-015,VMRS_HB_COMPLETE_v20 page 9_pages_76-100.md
082-012-020,,082,012,Diode - Control Panel | 082-013-015,VMRS_HB_COMPLETE_v20 page 9_pages_76-100.md
082-012-021,,082,012,Circuit Board - Control Box | 082-013-017,VMRS_HB_COMPLETE_v20 page 9_pages_76-100.md
082-012-022,,082,012,Seal - Control Case | 082-013-019,VMRS_HB_COMPLETE_v20 page 9_pages_76-100.md
082-012-025,,082,012,Lens - Control Case | 082-013-020,VMRS_HB_COMPLETE_v20 page 9_pages_76-100.md
082-012-026,,082,012,Socket - Wiring Harness | 082-014-000,VMRS_HB_COMPLETE_v20 page 9_pages_76-100.md
082-012-027,,082,012,"Block - Wiring Harness, Control Panel | 082-014-001",VMRS_HB_COMPLETE_v20 page 9_pages_76-100.md
082-012-028,,082,012,Gasket - Control Panel | 082-014-002,VMRS_HB_COMPLETE_v20 page 9_pages_76-100.md
082-012-029,,082,012,Relay - Control Panel | 082-014-003,VMRS_HB_COMPLETE_v20 page 9_pages_76-100.md
082-012-030,,082,012,"Breaker - Circuit, Control Panel | 082-014-004",VMRS_HB_COMPLETE_v20 page 9_pages_76-100.md
082-012-031,,082,012,"Motor - Electric, Control Panel Assembly,",VMRS_HB_COMPLETE_v20 page 9_pages_76-100.md
000-040-000,,000,040,Mechanical Refrigeration Unit | 082-015-000,VMRS_HB_COMPLETE_v20 page 9_pages_76-100.md
082-012-032,,082,012,"Notor - Main Drive, Stand By | 082-015-001",VMRS_HB_COMPLETE_v20 page 9_pages_76-100.md
082-012-033,,082,012,"IVIOLOF EVAPORATOR, FAN OF BIOWER | 000 01E 000",VMRS_HB_COMPLETE_v20 page 9_pages_76-100.md
082-012-034,,082,012,"Rearing - Enu Dell, Malti DriveRearing - Evanorator, Ean Motor | 082-015-002",VMRS_HB_COMPLETE_v20 page 9_pages_76-100.md
082-012-036,,082,012,Bearing - Motor Main Drive | 002-010-000,VMRS_HB_COMPLETE_v20 page 9_pages_76-100.md
082-012-037,,082,012,"Brushes - Motor, Main Drive | 082-015-004",VMRS_HB_COMPLETE_v20 page 9_pages_76-100.md
082-012-038,,082,012,"Housing - End Bell, Evaporator Fan Motor",VMRS_HB_COMPLETE_v20 page 9_pages_76-100.md
082-012-039,,082,012,"Armature - Motor, Electric",VMRS_HB_COMPLETE_v20 page 9_pages_76-100.md
082-012-040,,082,012,Starter - Motor Electric,VMRS_HB_COMPLETE_v20 page 9_pages_76-100.md
082-012-041,,082,012,Bezel - Control,VMRS_HB_COMPLETE_v20 page 9_pages_76-100.md
082-012-042,,082,012,Bracket - Remote Indicator Lamp,VMRS_HB_COMPLETE_v20 page 9_pages_76-100.md
002-012-040,,002,012,Circuit Board Mounting Hardware,VMRS_HB_COMPLETE_v20 page 9_pages_76-100.md
002-012-044,,002,012,,VMRS_HB_COMPLETE_v20 page 9_pages_76-100.md
082-012-047,,082,012,"Shim - Door, Control Panel",VMRS_HB_COMPLETE_v20 page 9_pages_76-100.md
082-012-049,,082,012,"Lamp - Indicator, Control Panel",VMRS_HB_COMPLETE_v20 page 9_pages_76-100.md
082-012-050,,082,012,"Spring - Door, Control Panel",VMRS_HB_COMPLETE_v20 page 9_pages_76-100.md
082-012-051,,082,012,"Step - Access, Control Panel",VMRS_HB_COMPLETE_v20 page 9_pages_76-100.md
082-012-052,,082,012,"Striker - Door, Control Panel",VMRS_HB_COMPLETE_v20 page 9_pages_76-100.md
082-012-053,,082,012,Controller - HMI (Human Machine Interface),VMRS_HB_COMPLETE_v20 page 9_pages_76-100.md
082-012-054,,082,012,Thermometer,VMRS_HB_COMPLETE_v20 page 9_pages_76-100.md
082-012-055,,082,012,Control Box Assembly,VMRS_HB_COMPLETE_v20 page 9_pages_76-100.md
082-012-056,,082,012,Sensor - Coolant Level,VMRS_HB_COMPLETE_v20 page 9_pages_76-100.md
082-012-057,,082,012,Sensor - Discharge Air,VMRS_HB_COMPLETE_v20 page 9_pages_76-100.md
082-012-058,,082,012,Microprocessor - Control Panel,VMRS_HB_COMPLETE_v20 page 9_pages_76-100.md
082-012-059,,082,012,"Seal - Peripheral Connector, Reefer",VMRS_HB_COMPLETE_v20 page 9_pages_76-100.md
082-012-061,,082,012,Kit - Cap & Nut USB Control Panel Reefer,VMRS_HB_COMPLETE_v20 page 9_pages_76-100.md
002-012-001,,002,012,Facoplate Control Papel Assembly Mechanical,VMRS_HB_COMPLETE_v20 page 9_pages_76-100.md
002-012-002,,002,012,Pofrigoration Unit,VMRS_HB_COMPLETE_v20 page 9_pages_76-100.md
000-010-060,,000,010,Reingeration Onit,VMRS_HB_COMPLETE_v20 page 9_pages_76-100.md
062-012-003,,062,012,"Dust Cap - Connector, Hivi (Human Machine",VMRS_HB_COMPLETE_v20 page 9_pages_76-100.md
082-012-064,,082,012,"Pin - Door Hinge, Control Box, Reeter",VMRS_HB_COMPLETE_v20 page 9_pages_76-100.md
082-012-065,,082,012,"Keypad - Control Panel, Reefer",VMRS_HB_COMPLETE_v20 page 9_pages_76-100.md
082-012-066,,082,012,"Door - Keypad, Control Panel, Reefer",VMRS_HB_COMPLETE_v20 page 9_pages_76-100.md
082-012-067,,082,012,"Window - Door, Keypad, Control Panel, Reefer",VMRS_HB_COMPLETE_v20 page 9_pages_76-100.md
082-012-068,,082,012,"Harness - Keypad, Control Panel, Reefer",VMRS_HB_COMPLETE_v20 page 9_pages_76-100.md
082-012-069,,082,012,"Cover - HMI (Human Machine Interface), Reefer",VMRS_HB_COMPLETE_v20 page 9_pages_76-100.md
082-012-070,,082,012,"Cable - USB, Control Panel, Reefer",VMRS_HB_COMPLETE_v20 page 9_pages_76-100.md
082-012-071,,082,012,Hour Meter - Reefer,VMRS_HB_COMPLETE_v20 page 9_pages_76-100.md
082-012-072,,082,012,Ammeter - Reefer,VMRS_HB_COMPLETE_v20 page 9_pages_76-100.md
082-013-000,,082,013,Three-Way Valve Assembly - Complete,VMRS_HB_COMPLETE_v20 page 9_pages_76-100.md
082-013-001,,082,013,Spool Valve Assembly - Three-Way,VMRS_HB_COMPLETE_v20 page 9_pages_76-100.md
082-013-002,,082,013,Lower Cap Assembly - Three-Way Valve,VMRS_HB_COMPLETE_v20 page 9_pages_76-100.md
082-013-003,,082,013,Valve Seat Assembly - Three-Way Valve,VMRS_HB_COMPLETE_v20 page 9_pages_76-100.md
082-013-004,,082,013,Upper Cap Assembly - Three-Way Valve,VMRS_HB_COMPLETE_v20 page 9_pages_76-100.md
082-013-005,,082,013,Spring - Piston Three-Way Valve,VMRS_HB_COMPLETE_v20 page 9_pages_76-100.md
082-013-006,,082,013,Piston - Three-Way Valve,VMRS_HB_COMPLETE_v20 page 9_pages_76-100.md
082-013-007,,082,013,Lock Ring - Three-Way Valve,VMRS_HB_COMPLETE_v20 page 9_pages_76-100.md
082-013-008,,082,013,Lock Spring - Three-Way Valve,VMRS_HB_COMPLETE_v20 page 9_pages_76-100.md
002-013-000,,002,013,Scroop Three Way Value,VMRS_HB_COMPLETE_v20 page 9_pages_76-100.md
002-013-009,,002,013,Doplocoment Kit Three Way Valve,VMRS_HB_COMPLETE_v20 page 9_pages_76-100.md
002-013-010,,002,013,Replacement Kit - Thee-way valve,VMRS_HB_COMPLETE_v20 page 9_pages_76-100.md
002-013-011,,002,013,Seal - Three Way Valve,VMRS_HB_COMPLETE_v20 page 9_pages_76-100.md
002-013-012,,002,013,Cashel - Three Way Valve,VMRS_HB_COMPLETE_v20 page 9_pages_76-100.md
082-013-013,,082,013,Screw - Inree-way valve,VMRS_HB_COMPLETE_v20 page 9_pages_76-100.md
082-013-014,,082,013,"Repair Kit - Pistori Seal, Three-Way Valve",VMRS_HB_COMPLETE_v20 page 9_pages_76-100.md
082-013-015,,082,013,Control Panel - Three-Way Valve Assembly,VMRS_HB_COMPLETE_v20 page 9_pages_76-100.md
082-013-016,,082,013,Panel Assembly,VMRS_HB_COMPLETE_v20 page 9_pages_76-100.md
082-013-017,,082,013,Panel - Case,VMRS_HB_COMPLETE_v20 page 9_pages_76-100.md
082-013-018,,082,013,Panel (Face) - Front,VMRS_HB_COMPLETE_v20 page 9_pages_76-100.md
082-013-019,,082,013,"Nameplate - Switch, Three-Way Valve",VMRS_HB_COMPLETE_v20 page 9_pages_76-100.md
082-013-020,,082,013,Gasket - Front Panel,VMRS_HB_COMPLETE_v20 page 9_pages_76-100.md
082-014-000,,082,014,"Clutch Assembly - Drive, (MRU)",VMRS_HB_COMPLETE_v20 page 9_pages_76-100.md
082-014-001,,082,014,Overhaul Kit - Clutch,VMRS_HB_COMPLETE_v20 page 9_pages_76-100.md
082-014-002,,082,014,Bearing - Clutch,VMRS_HB_COMPLETE_v20 page 9_pages_76-100.md
082-014-003,,082,014,"Rotor - Clutch, Mechanical Refrigeration Unit",VMRS_HB_COMPLETE_v20 page 9_pages_76-100.md
082-014-004,,082,014,"Rotor Assembly - Clutch, Mechanical",VMRS_HB_COMPLETE_v20 page 9_pages_76-100.md
082-015-000,,082,015,Stop Start Controller,VMRS_HB_COMPLETE_v20 page 9_pages_76-100.md
082-015-001,,082,015,Module - Cycle Sentry Stop/Start Controller,VMRS_HB_COMPLETE_v20 page 9_pages_76-100.md
502-010-001,,502,010,Assembly Mechanical Refrigeration Unit,VMRS_HB_COMPLETE_v20 page 9_pages_76-100.md
082-015-002,,082,015,Module - Starter Disconnect,VMRS_HB_COMPLETE_v20 page 9_pages_76-100.md
002-010-000,,002,010,Accombly Mechanical Defricoration Unit,VMRS_HB_COMPLETE_v20 page 9_pages_76-100.md
002-010-004,,002,010,"neiay - Time Delay, Stop/Start Controller",VMRS_HB_COMPLETE_v20 page 9_pages_76-100.md
082-010-010,,082,010,oode | Assembly Mechanical Refrigeration Unit | | Gasket - Cover Thermostat Controller,VMRS_HB_COMPLETE_v20 page 9_pages_76-100.md
082-015-005,,082,015,Polov - Drohoat Dun Start Shutdown | 082-019-010 | Module - Electric Thermostat,VMRS_HB_COMPLETE_v20 page 9_pages_76-100.md
002-015-005,,002,015,Reco. Time Delay Delay Mechanical | 002-019-011 | Rolay Brohast/Dung/Start/Shutdown,VMRS_HB_COMPLETE_v20 page 9_pages_76-100.md
062-015-000,,062,015,"Dase - Time Delay Relay, Mechanical | 002-019-012 | Relay - Fieneau Runs/Stan/Shutuowin",VMRS_HB_COMPLETE_v20 page 9_pages_76-100.md
000-015-007,,000,015,"Reingeration Onit | 002-019-013 | Relay - Time Delay, Methosial Controller,",VMRS_HB_COMPLETE_v20 page 9_pages_76-100.md
002-015-007,,002,015,Switch - Stop/Start | 000 010 014 | Mechanical Reingeration Unit,VMRS_HB_COMPLETE_v20 page 9_pages_76-100.md
082-015-010,,082,015,"Switch - Block Temperature | 082-019-014 | Sensor Assembly - Thermostat, Mechanical",VMRS_HB_COMPLETE_v20 page 9_pages_76-100.md
082-015-011,,082,015,Inermistor - Block Temperature | | Refrigeration Unit,VMRS_HB_COMPLETE_v20 page 9_pages_76-100.md
082-015-013,,082,015,"Wiring Harness - Mechanical Refrigeration Unit | 082-019-015 | Module - Battery Sentry, Thermostat Controller,",VMRS_HB_COMPLETE_v20 page 9_pages_76-100.md
082-015-014,,082,015,Wiring Harness - Switch (MRU) | 082-019-016 | Switch - Mechanical Defrost,VMRS_HB_COMPLETE_v20 page 9_pages_76-100.md
082-015-015,,082,015,"Wiring Harness - Thermostat (MRU) | 082-019-017 | Switch - Micro, Thermostat, Mechanical",VMRS_HB_COMPLETE_v20 page 9_pages_76-100.md
082-015-016,,082,015,Sheet Metal | | Refrigeration Unit,VMRS_HB_COMPLETE_v20 page 9_pages_76-100.md
082-015-029,,082,015,"Tray - Power, Electric Motor | 082-019-018 | Temperature Warning Assembly - Electric",VMRS_HB_COMPLETE_v20 page 9_pages_76-100.md
082-015-030,,082,015,"Tray - Power, Engine | 082-019-019 | Thermostat - Mechanical Refrigeration Unit",VMRS_HB_COMPLETE_v20 page 9_pages_76-100.md
082-015-031,,082,015,Control Box Assembly | | (MRU),VMRS_HB_COMPLETE_v20 page 9_pages_76-100.md
082-015-042,,082,015,Nameplate - ThermoKing | 082-019-020 | Thermistor - Block Temperature,VMRS_HB_COMPLETE_v20 page 9_pages_76-100.md
082-015-043,,082,015,"Nameplate - Caution, Auto Start, Sbii 3000 | 082-019-021 | Thermostat Assembly - Mechanical Refrigeration",VMRS_HB_COMPLETE_v20 page 9_pages_76-100.md
082-015-044,,082,015,"Nameplate - Caution, Bolt Torque | | Unit",VMRS_HB_COMPLETE_v20 page 9_pages_76-100.md
082-015-045,,082,015,"Nameplate - Caution, Belt Drive | 082-019-022 | Thermostat - Hub & Cam",VMRS_HB_COMPLETE_v20 page 9_pages_76-100.md
082-015-047,,082,015,Nameplate - Sb-li | 082-019-023 | Relay Assembly - Cycle Sentry,VMRS_HB_COMPLETE_v20 page 9_pages_76-100.md
082-015-048,,082,015,Nameplate - Di 2.2 W/White Background | 082-019-024 | Wiring Harness - Cycle Sentry (MRU),VMRS_HB_COMPLETE_v20 page 9_pages_76-100.md
082-015-049,,082,015,Nameplate - Di 2.2 W/Chrome Background | 082-019-025 | Switch - Cvcle Sentry,VMRS_HB_COMPLETE_v20 page 9_pages_76-100.md
082-015-050,,082,015,"Nameplate - Caution, Cycle Sentry | 082-019-026 | Diode - Silicone",VMRS_HB_COMPLETE_v20 page 9_pages_76-100.md
082-015-051,,082,015,Nameplate - Operating Instructions | 082-019-027 | Connector - Main,VMRS_HB_COMPLETE_v20 page 9_pages_76-100.md
082-015-052,,082,015,Nameplate - Hand Pump | 082-019-028 | Wiring Harness - Control Main (MBU),VMRS_HB_COMPLETE_v20 page 9_pages_76-100.md
082-015-053,,082,015,Nameplate - Cold Line | 082-010-020 | Wiring Harness - Thermoquard (MRU),VMRS_HB_COMPLETE_v20 page 9_pages_76-100.md
082-015-054,,082,015,Nameplate - B 502 | 082-010-031 | Cover - Thermometer,VMRS_HB_COMPLETE_v20 page 9_pages_76-100.md
082-015-055,,082,015,Holder - Card | 082-019-001 | Spring - Belay Hold-Down,VMRS_HB_COMPLETE_v20 page 9_pages_76-100.md
082-015-056,,082,015,Polay Assembly - Cycle Sentry | 002-019-002 | Clin - Delay Spring,VMRS_HB_COMPLETE_v20 page 9_pages_76-100.md
002-015-050,,002,015,Wiring Harpoon Cycle Sentry (MDLI) | 002-019-033 | Clip - Heldy SpillingRoard Complete Cycle Sentry,VMRS_HB_COMPLETE_v20 page 9_pages_76-100.md
002-015-057,,002,015,Willing Halless - Cycle Selling (MINO) | 002-019-034 | Mounting Dista Dolov Board,VMRS_HB_COMPLETE_v20 page 9_pages_76-100.md
002-015-059,,002,015,"Board - Complete, Cycle Sentry | 002-019-030 | Board - Sentry Cycle, Inner",VMRS_HB_COMPLETE_v20 page 9_pages_76-100.md
082-015-060,,082,015,"Board - Sentry Cycle, Inner | 082-019-037 | Hold-Down - Module",VMRS_HB_COMPLETE_v20 page 9_pages_76-100.md
082-015-061,,082,015,"Start Stop Controller Assembly | 082-019-038 | Spring - Relay, Mechanical Refrigeration Unit",VMRS_HB_COMPLETE_v20 page 9_pages_76-100.md
082-016-000,,082,016,"Retrigeration Unit Assembly - Mechanical (MRU) | 082-019-039 | Mounting Bracket - Relay, Mechanical",VMRS_HB_COMPLETE_v20 page 9_pages_76-100.md
082-016-001,,082,016,"Refrigeration Unit Assembly - Complete, (MRU) | | Refrigeration Unit",VMRS_HB_COMPLETE_v20 page 9_pages_76-100.md
082-016-002,,082,016,"Starter - Hermetic Type, Compressor Motor | 082-019-040 | Housing - Thermostat, Thermoguard",VMRS_HB_COMPLETE_v20 page 9_pages_76-100.md
082-016-003,,082,016,"Starter - Hermetic Type | 082-019-041 | Dust Cap - Electrical Connector, Reefer",VMRS_HB_COMPLETE_v20 page 9_pages_76-100.md
082-016-004,,082,016,"Case - Mechanical Refrigeration Unit (MRU), | 082-019-042 | Lock Ring - Electrical Connector, Reefer",VMRS_HB_COMPLETE_v20 page 9_pages_76-100.md
082-019-043,,082,019,"Rear | | Buzzer - Warning, Reefer",VMRS_HB_COMPLETE_v20 page 9_pages_76-100.md
082-016-005,,082,016,"Latch - Access Door, Mechanical Refrigeration | 082-019-044 | Spacer - Standoff, Reefer",VMRS_HB_COMPLETE_v20 page 9_pages_76-100.md
082-019-045,,082,019,Unit (MRU) | | Fuse - Reefer,VMRS_HB_COMPLETE_v20 page 9_pages_76-100.md
082-016-006,,082,016,Lift Assist - Mechanical Refrigeration Unit (MRU) | 082-020-000 | Expansion Valve - Mechanical Refrigeration,VMRS_HB_COMPLETE_v20 page 9_pages_76-100.md
082-016-007,,082,016,"Lock - Door, Mechanical Refrigeration Unit | | System",VMRS_HB_COMPLETE_v20 page 9_pages_76-100.md
082-020-001,,082,020,(MRU) | | Expansion Valve Assembly - Mechanical,VMRS_HB_COMPLETE_v20 page 9_pages_76-100.md
082-016-008,,082,016,"Pawl - Door Latch, Mechanical Refrigeration Unit | | Refrigeration System",VMRS_HB_COMPLETE_v20 page 9_pages_76-100.md
082-020-002,,082,020,"(MRU) | | Element - Filter/Screen, Expansion Valve",VMRS_HB_COMPLETE_v20 page 9_pages_76-100.md
082-018-000,,082,018,"Tank - Receiver, Mechanical Refrigeration Unit | 082-020-003 | Drain - Receiver, Expansion Valve, Mechanical",VMRS_HB_COMPLETE_v20 page 9_pages_76-100.md
082-018-001,,082,018,Tank - Receiver Assembly | | Refrigeration System,VMRS_HB_COMPLETE_v20 page 9_pages_76-100.md
082-018-002,,082,018,Bracket - Lower | 082-020-004 | Base - Expansion Valve,VMRS_HB_COMPLETE_v20 page 9_pages_76-100.md
082-018-003,,082,018,Indicator - Liguid | 082-021-000 | Receiver Valve,VMRS_HB_COMPLETE_v20 page 9_pages_76-100.md
082-018-004,,082,018,Sight Glass - Liquid Indicator | 082-021-001 | Receiver Valve Assembly,VMRS_HB_COMPLETE_v20 page 9_pages_76-100.md
082-018-005,,082,018,"O-Bing - Liquid Indicator | 082-021-002 | Drain - Receiver Valve, Mechanical Refrigeration",VMRS_HB_COMPLETE_v20 page 9_pages_76-100.md
082-018-006,,082,018,Ball - Liquid Indicator | | System,VMRS_HB_COMPLETE_v20 page 9_pages_76-100.md
082-018-007,,082,018,Outlet Valve - Large | 082-021-003 | Shut-Off - Tank,VMRS_HB_COMPLETE_v20 page 9_pages_76-100.md
082-018-008,,082,018,Stem - Service Valve | 082-022-000 | Service Valve - Mechanical Refrigeration Unit,VMRS_HB_COMPLETE_v20 page 9_pages_76-100.md
082-018-010,,082,018,Can - Valvo | 002-022-001 | Service Valve - Discharge,VMRS_HB_COMPLETE_v20 page 9_pages_76-100.md
002-010-010,,002,010,Cap - ValveBypass Valve - Dessiver Tapk (MDLI) | 002-022-002 | Cap Service Valve Mechanical Defrigeration,VMRS_HB_COMPLETE_v20 page 9_pages_76-100.md
002-010-011,,002,010,Con Bunace Value | 002-022-003,VMRS_HB_COMPLETE_v20 page 9_pages_76-100.md
002-010-012,,002,010,Cap - Dypass valve | 000 000 004 | Online Contract Contract Volvo,VMRS_HB_COMPLETE_v20 page 9_pages_76-100.md
082-019-000,,082,019,Controller - Mermostat | 002-022-004 | Gasket Cap Carries Valve,VMRS_HB_COMPLETE_v20 page 9_pages_76-100.md
002-019-001,,002,019,"Mouue - Ampliller, Electrical | 082-022-005 | Claskel - Cap, Service valve",VMRS_HB_COMPLETE_v20 page 9_pages_76-100.md
002-019-002,,002,019,mennostat - Helay | 002-023-000 | Three Way valve,VMRS_HB_COMPLETE_v20 page 9_pages_76-100.md
082-019-003,,082,019,"Dase - Thermostat Relay, Mechanical | 082-023-001 | Three-way valve Assembly",VMRS_HB_COMPLETE_v20 page 9_pages_76-100.md
000-040-005,,000,040,082-023-002 | Cap Assembly - Lower,VMRS_HB_COMPLETE_v20 page 9_pages_76-100.md
082-019-005,,082,019,BUID & CADIE | 082-023-003 | Cap - Upper,VMRS_HB_COMPLETE_v20 page 9_pages_76-100.md
082-019-006,,082,019,Start & Stop Controller Assembly | 082-023-004 | Coll - Pilot Solenoid Valve,VMRS_HB_COMPLETE_v20 page 9_pages_76-100.md
082-019-007,,082,019,"Module - Cycle Sentry, Thermostat Controller, | 082-023-005 | Repair Kit - Three-Way Valve, Mechanical",VMRS_HB_COMPLETE_v20 page 9_pages_76-100.md
082-019-008,,082,019,Dial Assembly | 082-023-006 | Piston Seal Kit,VMRS_HB_COMPLETE_v20 page 9_pages_76-100.md
082-019-009,,082,019,"Module - Disconnect, Starter | 082-023-007 | O-Hing - Check Valve, Condenser",VMRS_HB_COMPLETE_v20 page 9_pages_76-100.md
082-023-008,,082,023,"Piston - Three-Way Valve, Mechanical",VMRS_HB_COMPLETE_v20 page 9_pages_76-100.md
002-020-000,,002,020,Defrigoration System | 0,VMRS_HB_COMPLETE_v20 page 9_pages_76-100.md
000-000-000,,000,000,Reingeration System | 0,VMRS_HB_COMPLETE_v20 page 9_pages_76-100.md
082-023-009,,082,023,LOCK Ring | 0,VMRS_HB_COMPLETE_v20 page 9_pages_76-100.md
082-023-010,,082,023,"Seat Valve Assembly - Three-Way Valve, | 0",VMRS_HB_COMPLETE_v20 page 9_pages_76-100.md
082-023-011,,082,023,Spool Valve Assembly | 0,VMRS_HB_COMPLETE_v20 page 9_pages_76-100.md
082-023-012,,082,023,Lock Spring | 0,VMRS_HB_COMPLETE_v20 page 9_pages_76-100.md
082-023-013,,082,023,Spring Diston Three Way Valve Mechanical | õ,VMRS_HB_COMPLETE_v20 page 9_pages_76-100.md
002-020-010,,002,020,Defrigeration Custom | 0,VMRS_HB_COMPLETE_v20 page 9_pages_76-100.md
,000-000,000,000,01 1 | Reingeration System | 0,VMRS_HB_COMPLETE_v20 page 9_pages_76-100.md
082-023-014,,082,023,Check Valve - Condenser | 0,VMRS_HB_COMPLETE_v20 page 9_pages_76-100.md
082-023-015,,082,023,Solenoid Valve - Defrost | 0,VMRS_HB_COMPLETE_v20 page 9_pages_76-100.md
082-023-016,,082,023,Relief Valve - High Pressure | 0,VMRS_HB_COMPLETE_v20 page 9_pages_76-100.md
082-023-017,,082,023,Pilot Solenoid Valve - Mechanical Refrigeration | 0,VMRS_HB_COMPLETE_v20 page 9_pages_76-100.md
082-023-018,,082,023,Fitting - Valve Saddle | 0,VMRS_HB_COMPLETE_v20 page 9_pages_76-100.md
082-023-019,,082,023,Gasket - Can Upper/Lower | 0,VMRS_HB_COMPLETE_v20 page 9_pages_76-100.md
082-023-020,,082,023,Filter - Three-Way Valve Mechanical | ő,VMRS_HB_COMPLETE_v20 page 9_pages_76-100.md
002-020-020,,002,020,Defrigeration Cystem | 0,VMRS_HB_COMPLETE_v20 page 9_pages_76-100.md
000-000-001,,000,000,Reingeration System | 0,VMRS_HB_COMPLETE_v20 page 9_pages_76-100.md
082-023-021,,082,023,Clip - Piston | 0,VMRS_HB_COMPLETE_v20 page 9_pages_76-100.md
082-023-022,,082,023,Screen - Three-Way Valve | 0,VMRS_HB_COMPLETE_v20 page 9_pages_76-100.md
082-023-023,,082,023,Replacement Kit - Three-Way Valve | 0,VMRS_HB_COMPLETE_v20 page 9_pages_76-100.md
082-023-024,,082,023,Seal - Three-Way Valve,VMRS_HB_COMPLETE_v20 page 9_pages_76-100.md
082-023-025,,082,023,Gasket - Three-Way Valve | 0,VMRS_HB_COMPLETE_v20 page 9_pages_76-100.md
082-023-026,,082,023,Screw - Three-Way Valve,VMRS_HB_COMPLETE_v20 page 9_pages_76-100.md
082-023-027,,082,023,Control Panel - Three-Way Valve Assembly | 0,VMRS_HB_COMPLETE_v20 page 9_pages_76-100.md
082-023-028,,082,023,Panol Accombly | 0,VMRS_HB_COMPLETE_v20 page 9_pages_76-100.md
062-023-029,,062,023,Panel - Case | 0,VMRS_HB_COMPLETE_v20 page 9_pages_76-100.md
082-023-030,,082,023,Panel (Face) - Front | 0,VMRS_HB_COMPLETE_v20 page 9_pages_76-100.md
082-023-031,,082,023,"Nameplate - Switch, Three-Way Valve | 0",VMRS_HB_COMPLETE_v20 page 9_pages_76-100.md
082-023-032,,082,023,Gasket - Front Panel | 0,VMRS_HB_COMPLETE_v20 page 9_pages_76-100.md
082-023-033,,082,023,Gasket - Spool Valve | 0,VMRS_HB_COMPLETE_v20 page 9_pages_76-100.md
082-024-000,,082,024,Throttling Valve | 0,VMRS_HB_COMPLETE_v20 page 9_pages_76-100.md
082-024-001,,082,024,Throttling Valve Assembly | 0,VMRS_HB_COMPLETE_v20 page 9_pages_76-100.md
082-024-002,,082,024,Bellows - Throttling Valve | 0,VMRS_HB_COMPLETE_v20 page 9_pages_76-100.md
082-024-003,,082,024,Benair Kit - Throttling Valve Mechanical | ő,VMRS_HB_COMPLETE_v20 page 9_pages_76-100.md
002-024-000,,002,024,Defrigeration Unit | 0,VMRS_HB_COMPLETE_v20 page 9_pages_76-100.md
000-004-004,,000,004,Neuroting O Ding Throttling Volvo | 0,VMRS_HB_COMPLETE_v20 page 9_pages_76-100.md
002-024-004,,002,024,Mounting O-Ring - Throtting Valve | 0,VMRS_HB_COMPLETE_v20 page 9_pages_76-100.md
082-024-005,,082,024,"Plate - Bellows, Inrottle Valve | 0",VMRS_HB_COMPLETE_v20 page 9_pages_76-100.md
082-024-006,,082,024,"Gasket - Bellows Plate, Throttle Valve | 0",VMRS_HB_COMPLETE_v20 page 9_pages_76-100.md
082-024-007,,082,024,Adjusting Washer - Throttle Valve | 0,VMRS_HB_COMPLETE_v20 page 9_pages_76-100.md
082-024-008,,082,024,Spring - Bellows | 0,VMRS_HB_COMPLETE_v20 page 9_pages_76-100.md
082-024-009,,082,024,O-Ring - Bellows | 0,VMRS_HB_COMPLETE_v20 page 9_pages_76-100.md
082-024-010,,082,024,"Housing - Piston, Throttle Valve, Mechanical | 0",VMRS_HB_COMPLETE_v20 page 9_pages_76-100.md
082-024-011,,082,024,Gasket - Housing - Piston | Ő,VMRS_HB_COMPLETE_v20 page 9_pages_76-100.md
002-024-012,,002,024,"Pision - Thiothing valve, Mechanical | 0",VMRS_HB_COMPLETE_v20 page 9_pages_76-100.md
000-004-040,,000,004,Reingeration System | 0,VMRS_HB_COMPLETE_v20 page 9_pages_76-100.md
082-024-013,,082,024,"Spring - Piston, Inrottling Valve, Mechanical | 0",VMRS_HB_COMPLETE_v20 page 9_pages_76-100.md
082-024-014,,082,024,"Nut - Adjusting, Throttling Valve, Mechanical | 0",VMRS_HB_COMPLETE_v20 page 9_pages_76-100.md
082-024-015,,082,024,Housing - Piston | 0,VMRS_HB_COMPLETE_v20 page 9_pages_76-100.md
082-024-016,,082,024,"Cap - Rubber Boot, Bellows Plate | 0",VMRS_HB_COMPLETE_v20 page 9_pages_76-100.md
082-024-017,,082,024,"Cap - Throttling Valve, Reefer | 0",VMRS_HB_COMPLETE_v20 page 9_pages_76-100.md
082-025-000,,082,025,Compressor Assembly - Semi-Hermetic (MRLI) | õ,VMRS_HB_COMPLETE_v20 page 9_pages_76-100.md
002-025-000,,002,025,"Compressor Assembly - Cerni-Hernetic, (MHO) | 0",VMRS_HB_COMPLETE_v20 page 9_pages_76-100.md
002-020-001,,002,020,0,VMRS_HB_COMPLETE_v20 page 9_pages_76-100.md
000-005-000,,000,005,Reingeration Unit | 0,VMRS_HB_COMPLETE_v20 page 9_pages_76-100.md
082-025-002,,082,025,"Rotor - Compressor Assembly, Semi-Hermetic, | 0",VMRS_HB_COMPLETE_v20 page 9_pages_76-100.md
082-025-003,,082,025,"Motor - Starter, Compressor, Mechanical | 0",VMRS_HB_COMPLETE_v20 page 9_pages_76-100.md
082-026-000,,082,026,Remote Status Assembly | 0,VMRS_HB_COMPLETE_v20 page 9_pages_76-100.md
000-006-001,,000,006,0,VMRS_HB_COMPLETE_v20 page 9_pages_76-100.md
082-026-002,,082,026,Light - Remote StatusMounting Bracket - Remote Status | 0,VMRS_HB_COMPLETE_v20 page 9_pages_76-100.md
082-026-001,,082,026,082-026-002082-026-003 | Light - Remote StatusMounting Bracket - Remote StatusWiring Harness - Remote Status | 0,VMRS_HB_COMPLETE_v20 page 9_pages_76-100.md
082-028-002,,082,028,"Armature - Motor, Electric",VMRS_HB_COMPLETE_v20 page 9_pages_76-100.md
082-028-003,,082,028,Starter Motor - Electric,VMRS_HB_COMPLETE_v20 page 9_pages_76-100.md
082-028-004,,082,028,"Motor - Main Drive, Standby",VMRS_HB_COMPLETE_v20 page 9_pages_76-100.md
002-020-004,,002,020,Housing End Boll Main Drivo,VMRS_HB_COMPLETE_v20 page 9_pages_76-100.md
082-028-006,,082,028,"Bearing - Motor, Main Drive",VMRS_HB_COMPLETE_v20 page 9_pages_76-100.md
082-028-007,,082,028,"Brushes - Motor, Main Drive",VMRS_HB_COMPLETE_v20 page 9_pages_76-100.md
082-028-008,,082,028,"Plug - Power, Male",VMRS_HB_COMPLETE_v20 page 9_pages_76-100.md
082-028-009,,082,028,"Plug - Power, Female",VMRS_HB_COMPLETE_v20 page 9_pages_76-100.md
082-028-010,,082,028,"Plug - Cable, Standby",VMRS_HB_COMPLETE_v20 page 9_pages_76-100.md
082-029-000,,082,029,"Sheet Metal, Grilles, Panels, Doors, Floor",VMRS_HB_COMPLETE_v20 page 9_pages_76-100.md
082-029-001,,082,029,"Cover - Access, Compressor",VMRS_HB_COMPLETE_v20 page 9_pages_76-100.md
082-029-002,,082,029,Control Panel - Three-Way Valve Assembly,VMRS_HB_COMPLETE_v20 page 9_pages_76-100.md
082-020-003,,082,020,Panel Assembly,VMRS_HB_COMPLETE_v20 page 9_pages_76-100.md
082-020-004,,082,020,Panol - Caso,VMRS_HB_COMPLETE_v20 page 9_pages_76-100.md
002-029-004,,002,029,Panel (Face) Front,VMRS_HB_COMPLETE_v20 page 9_pages_76-100.md
062-029-005,,062,029,Parier (Face) - Front,VMRS_HB_COMPLETE_v20 page 9_pages_76-100.md
082-029-006,,082,029,Latch - Access Door (MRU),VMRS_HB_COMPLETE_v20 page 9_pages_76-100.md
082-029-007,,082,029,Lift Access (MRU),VMRS_HB_COMPLETE_v20 page 9_pages_76-100.md
082-029-008,,082,029,Lock - Door (MRU),VMRS_HB_COMPLETE_v20 page 9_pages_76-100.md
082-029-009,,082,029,Pawl - Door Latch (MRU),VMRS_HB_COMPLETE_v20 page 9_pages_76-100.md
082-029-010,,082,029,"Screen - Upper, Condenser, Mechanical",VMRS_HB_COMPLETE_v20 page 9_pages_76-100.md
082-029-011,,082,029,"Screen - Upper, Receiver, Mechanical",VMRS_HB_COMPLETE_v20 page 9_pages_76-100.md
082-020-012,,082,020,Support - Screen Upper,VMRS_HB_COMPLETE_v20 page 9_pages_76-100.md
092-020-012,,092,020,Shoot Motal,VMRS_HB_COMPLETE_v20 page 9_pages_76-100.md
002-029-013,,002,029,Sileet Metal,VMRS_HB_COMPLETE_v20 page 9_pages_76-100.md
062-029-014,,062,029,Door - Roadside,VMRS_HB_COMPLETE_v20 page 9_pages_76-100.md
082-029-015,,082,029,Door - Curbside,VMRS_HB_COMPLETE_v20 page 9_pages_76-100.md
082-029-016,,082,029,Door - Top,VMRS_HB_COMPLETE_v20 page 9_pages_76-100.md
082-029-017,,082,029,Door - Front,VMRS_HB_COMPLETE_v20 page 9_pages_76-100.md
082-029-018,,082,029,Door - Micro,VMRS_HB_COMPLETE_v20 page 9_pages_76-100.md
082-029-019,,082,029,Latch - Door,VMRS_HB_COMPLETE_v20 page 9_pages_76-100.md
082-029-020,,082,029,"Spring - Latch, Door",VMRS_HB_COMPLETE_v20 page 9_pages_76-100.md
082-029-021,,082,029,Fastener - Door,VMRS_HB_COMPLETE_v20 page 9_pages_76-100.md
082-029-022,,082,029,Foam - Door,VMRS_HB_COMPLETE_v20 page 9_pages_76-100.md
082-029-023,,082,029,Seal - Door,VMRS_HB_COMPLETE_v20 page 9_pages_76-100.md
082-029-024,,082,029,Gasket - Door,VMRS_HB_COMPLETE_v20 page 9_pages_76-100.md
082-029-025,,082,029,"Plate - Hold-Down, Door",VMRS_HB_COMPLETE_v20 page 9_pages_76-100.md
082-029-026,,082,029,"Bracket - Rod Guide, Door",VMRS_HB_COMPLETE_v20 page 9_pages_76-100.md
082-029-027,,082,029,Bushing - Rod. Door,VMRS_HB_COMPLETE_v20 page 9_pages_76-100.md
082-029-028,,082,029,Cable - Door,VMRS_HB_COMPLETE_v20 page 9_pages_76-100.md
082-029-029,,082,029,Hinge - Door,VMRS_HB_COMPLETE_v20 page 9_pages_76-100.md
082-029-030,,082,029,Handle - Door,VMRS_HB_COMPLETE_v20 page 9_pages_76-100.md
082-029-031,,082,029,Switch - Door Magnetic,VMRS_HB_COMPLETE_v20 page 9_pages_76-100.md
082-020-032,,082,020,Harness - Magnetic Door Switch,VMRS_HB_COMPLETE_v20 page 9_pages_76-100.md
002-029-032,,002,029,Sonsor Automatic Shut Off Door,VMRS_HB_COMPLETE_v20 page 9_pages_76-100.md
082-020-034,,082,020,Magnat Door Switch,VMRS_HB_COMPLETE_v20 page 9_pages_76-100.md
002-029-034,,002,029,Bracket Magnetic Deer Switch,VMRS_HB_COMPLETE_v20 page 9_pages_76-100.md
002-029-035,,002,029,Bracket - Magnetic Door Switch,VMRS_HB_COMPLETE_v20 page 9_pages_76-100.md
062-029-037,,062,029,Buiknead Assembly - Reeler,VMRS_HB_COMPLETE_v20 page 9_pages_76-100.md
082-029-038,,082,029,"Fairing - Top, Reefer",VMRS_HB_COMPLETE_v20 page 9_pages_76-100.md
082-029-039,,082,029,"Bracket - Latch, Door, Top, Reeter",VMRS_HB_COMPLETE_v20 page 9_pages_76-100.md
082-029-040,,082,029,"Strut - Gas, Reefer",VMRS_HB_COMPLETE_v20 page 9_pages_76-100.md
082-029-041,,082,029,"Bracket - Striker, Door, Top, Reefer",VMRS_HB_COMPLETE_v20 page 9_pages_76-100.md
082-029-042,,082,029,"Hinge - Frame, Grille, Curbside, Reefer",VMRS_HB_COMPLETE_v20 page 9_pages_76-100.md
082-029-043,,082,029,"Panel - Fan, Curbside, Top, Reefer",VMRS_HB_COMPLETE_v20 page 9_pages_76-100.md
082-029-044,,082,029,"Hinge - Grille, Reefer",VMRS_HB_COMPLETE_v20 page 9_pages_76-100.md
082-029-045,,082,029,"Pin - Hinge, Reefer",VMRS_HB_COMPLETE_v20 page 9_pages_76-100.md
082-029-046,,082,029,"Striker - Door, Reefer",VMRS_HB_COMPLETE_v20 page 9_pages_76-100.md
082-029-047,,082,029,"Grille - Roadside, Reefer",VMRS_HB_COMPLETE_v20 page 9_pages_76-100.md
082-029-048,,082,029,"Grille - Curbside, Reefer",VMRS_HB_COMPLETE_v20 page 9_pages_76-100.md
082-029-049,,082,029,"Pin - Pivot, Door. Reefer",VMRS_HB_COMPLETE_v20 page 9_pages_76-100.md
082-029-050,,082,029,"Plate - Panel Fastener, Reefer",VMRS_HB_COMPLETE_v20 page 9_pages_76-100.md
082-029-051,,082,029,Bushing - Door Latch,VMRS_HB_COMPLETE_v20 page 9_pages_76-100.md
082-029-052,,082,029,Bumper - Door Latch,VMRS_HB_COMPLETE_v20 page 9_pages_76-100.md
082-020-052,,082,020,Rod - Door Lower Reefer,VMRS_HB_COMPLETE_v20 page 9_pages_76-100.md
002-029-000,,002,029,"Bracket - Lower Laton, Door, Reeler",VMRS_HB_COMPLETE_v20 page 9_pages_76-100.md
082-029-057,,082,029,"Spring - Secondary Lock, Door",VMRS_HB_COMPLETE_v20 page 9_pages_76-100.md
082-029-058,,082,029,"Bracket - Spring Catch, Door, Reeter",VMRS_HB_COMPLETE_v20 page 9_pages_76-100.md
082-029-059,,082,029,"Cap - Top, Reefer | 082-031-031 | Tube - Suction, Expansion Coil To Heat",VMRS_HB_COMPLETE_v20 page 9_pages_76-100.md
082-029-060,,082,029,"Pan - Bottom, Reefer | | Exchanger",VMRS_HB_COMPLETE_v20 page 9_pages_76-100.md
082-029-061,,082,029,"Bracket - Hinge, Top Door, Curbside, Reefer | 082-031-032 | Tube - Suction, Heat Exchanger To Bulkhead",VMRS_HB_COMPLETE_v20 page 9_pages_76-100.md
082-029-062,,082,029,"Pin - Door Latch, Reefer | 082-031-033 | Tube - Three-Way Valve To Pilot Solenoid",VMRS_HB_COMPLETE_v20 page 9_pages_76-100.md
082-029-063,,082,029,"Rod - Door Latch, Reefer | 082-031-034 | Tube - Dehydrator To Heat Exchanger",VMRS_HB_COMPLETE_v20 page 9_pages_76-100.md
082-029-064,,082,029,"Handle - Latch, Lower, Reefer | 082-031-035 | Tube - Accumulator Tank Bleed",VMRS_HB_COMPLETE_v20 page 9_pages_76-100.md
082-029-065,,082,029,"Bracket - Door Hinge, Reefer | 082-031-036 | Tee - Tube/Hose",VMRS_HB_COMPLETE_v20 page 9_pages_76-100.md
082-029-066,,082,029,"Boltstrip - Hinge, Reefer | 082-031-037 | Tube - Defrost",VMRS_HB_COMPLETE_v20 page 9_pages_76-100.md
082-029-067,,082,029,"Retaining Ring - Hinge, Top Door, Reefer | 082-031-038 | Clamp - Tube/Hose, All",VMRS_HB_COMPLETE_v20 page 9_pages_76-100.md
082-029-068,,082,029,"Installation Kit - Door, Curbside, Reefer | 082-031-039 | Tube - Defrost To Dist",VMRS_HB_COMPLETE_v20 page 9_pages_76-100.md
082-029-069,,082,029,"Installation Kit - Door, Roadside, Reefer | 082-031-040 | Tube - Compound Gauge",VMRS_HB_COMPLETE_v20 page 9_pages_76-100.md
082-029-070,,082,029,"Strap - Door Pull Down, Reefer | 082-031-041 | Tube - Three-Way Valve to Condenser",VMRS_HB_COMPLETE_v20 page 9_pages_76-100.md
082-029-071,,082,029,"Bracket - Strut, Top Door, Reefer | 082-031-042 | Tube - Vibrasorber to Valve",VMRS_HB_COMPLETE_v20 page 9_pages_76-100.md
082-029-072,,082,029,"Bolt - Gas Strut. Top Door, Reefer | 082-031-043 | Tube - Valve to Pilot Solenoid",VMRS_HB_COMPLETE_v20 page 9_pages_76-100.md
082-029-073,,082,029,"Sleeve - Latch, Door, Reeter | 082-031-044 | Check Valve Assembly - Condenser",VMRS_HB_COMPLETE_v20 page 9_pages_76-100.md
082-029-074,,082,029,"Busning & Nut - Door Handle, Reefer | 082-031-045 | Hose - Accumulator to Suction Valve",VMRS_HB_COMPLETE_v20 page 9_pages_76-100.md
082-029-075,,082,029,"Spacer - Top Door, Reeler | 082-031-040 | Line - Drier to Expansion valve",VMRS_HB_COMPLETE_v20 page 9_pages_76-100.md
082-029-077,,082,029,"Plate - Bracket Center Latch, Top Door, Reefer | 082-031-040 | Line - Curbside Condenser Out to Roadside",VMRS_HB_COMPLETE_v20 page 9_pages_76-100.md
082-029-080,,082,029,Panel - Fan Roadside Top Reefer | 082-031-050 | Bracket - Tube/Hose All,VMRS_HB_COMPLETE_v20 page 9_pages_76-100.md
082-029-081,,082,029,"Latch - Door Kit Secondary Reefer | 082-031-051 | Hose - Throttling Valve to Solenoid Valve, Reefer",VMRS_HB_COMPLETE_v20 page 9_pages_76-100.md
082-029-082,,082,029,Gasket - Latch Center Door Reefer | 082-031-052 | Tube - Evaporator to Heat Exchanger Reefer,VMRS_HB_COMPLETE_v20 page 9_pages_76-100.md
082-029-083,,082,029,"Cover - Handle, Center Door, Reefer | 082-031-053 | Tube - Outlet. Hot Gas Solenoid. Reefer",VMRS_HB_COMPLETE_v20 page 9_pages_76-100.md
082-030-000,,082,030,Satellite Communications | 082-031-054 | Tube - Receiver to Curbside Coil. Reefer,VMRS_HB_COMPLETE_v20 page 9_pages_76-100.md
082-030-001,,082,030,"Telematic Control Assembly | 082-031-055 | Tube - Roadside Coil to Receiver, Reefer",VMRS_HB_COMPLETE_v20 page 9_pages_76-100.md
082-030-002,,082,030,"Module - Power Control | 082-031-056 | Tube - 3-Way to Joint, Hot Gas",VMRS_HB_COMPLETE_v20 page 9_pages_76-100.md
082-030-003,,082,030,"Harness - Main | 082-032-000 | Nameplates, Decals, Warning Signs",VMRS_HB_COMPLETE_v20 page 9_pages_76-100.md
082-030-004,,082,030,Bracket - w/Strain Relief | 082-032-001 | Nameplate - Manufacture Identification,VMRS_HB_COMPLETE_v20 page 9_pages_76-100.md
082-030-005,,082,030,Hardware Kit | 082-032-002 | Nameplate - Decal,VMRS_HB_COMPLETE_v20 page 9_pages_76-100.md
082-030-006,,082,030,"Sensor - Fuel | 082-032-003 | Nameplate - Caution, Auto Start, Sbii 3000",VMRS_HB_COMPLETE_v20 page 9_pages_76-100.md
082-030-007,,082,030,"Kit - Connector, Y Cable | 082-032-004 | Nameplate - Caution, Bolt Torque",VMRS_HB_COMPLETE_v20 page 9_pages_76-100.md
082-030-008,,082,030,"Dome - Sentry Module | 082-032-005 | Nameplate - Caution, Belt Drive",VMRS_HB_COMPLETE_v20 page 9_pages_76-100.md
082-030-009,,082,030,Tube - Focus | 082-032-006 | Nameplate - Sb-li,VMRS_HB_COMPLETE_v20 page 9_pages_76-100.md
082-030-010,,082,030,Antenna | 082-032-007 | Nameplate - Di 2.2 W/White Background,VMRS_HB_COMPLETE_v20 page 9_pages_76-100.md
082-030-011,,082,030,"Sensor - Temperature, Wireless | 082-032-008 | Nameplate - Di 2.2 W/Chrome Background",VMRS_HB_COMPLETE_v20 page 9_pages_76-100.md
082-030-012,,082,030,"lag - Temperature Sensor, Wireless | 082-032-009 | Nameplate - Caution, Cycle Sentry",VMRS_HB_COMPLETE_v20 page 9_pages_76-100.md
082-031-000,,082,031,"Refrigerant, Lines, Hoses | 082-032-010 | Nameplate - Operating Instructions",VMRS_HB_COMPLETE_v20 page 9_pages_76-100.md
082-031-001,,082,031,Line - Expansion valve to Evaporator | 082-032-011 | Nameplate - Hand Pump,VMRS_HB_COMPLETE_v20 page 9_pages_76-100.md
082-031-002,,082,031,O Ping - Pofrigorant Lino | 082 032 012 | Namonlato - D 502,VMRS_HB_COMPLETE_v20 page 9_pages_76-100.md
082-031-004,,082,031,Hoses - Tubing Defroster | 082-032-014 | Namenlate - Condenser Assembly Mechanical,VMRS_HB_COMPLETE_v20 page 9_pages_76-100.md
082-031-005,,082,031,Hose - Condenser To Receiver/Drier | 002 002 014 | Refrigeration Unit,VMRS_HB_COMPLETE_v20 page 9_pages_76-100.md
082-031-006,,082,031,Hose - Discharge Compressor | 082-032-015 | Nameplate - Exchanger,VMRS_HB_COMPLETE_v20 page 9_pages_76-100.md
082-031-007,,082,031,Hose - Receiver/Drier To Expansion Valve | 082-033-000 | Engine Cooling System,VMRS_HB_COMPLETE_v20 page 9_pages_76-100.md
082-031-008,,082,031,"Hose - Suction, Evaporator To Compressor | 082-033-001 | Tank - Coolant Overflow, Reefer",VMRS_HB_COMPLETE_v20 page 9_pages_76-100.md
082-031-009,,082,031,"Line - Vibrasorber, Discharge | 082-033-002 | Radiator Assembly - Reefer",VMRS_HB_COMPLETE_v20 page 9_pages_76-100.md
082-031-010,,082,031,"Line - Vibrasorber, Suction | 082-033-003 | Hose - Coolant, Reefer",VMRS_HB_COMPLETE_v20 page 9_pages_76-100.md
082-031-011,,082,031,"O-Ring - Vibrasorber, Suction | 082-033-004 | Thermostat - Engine Cooling, Reefer",VMRS_HB_COMPLETE_v20 page 9_pages_76-100.md
082-031-012,,082,031,"Tube - Elbow Inlet, Accumulator | 082-033-005 | Tank - Expansion, Reefer",VMRS_HB_COMPLETE_v20 page 9_pages_76-100.md
082-031-013,,082,031,"Tube - Elbow Outlet, Accumulator | 082-033-006 | Joint - Water Pump, Reefer",VMRS_HB_COMPLETE_v20 page 9_pages_76-100.md
082-031-014,,082,031,"Tube - Bulkhead To Heat Exchanger | 082-033-007 | Gasket - Joint, Water Pump, Reefer",VMRS_HB_COMPLETE_v20 page 9_pages_76-100.md
082-031-015,,082,031,"Tube - Bypass Check Valve To Defrost Tube | 082-033-008 | Mounting Gasket - Water Pump, Reefer",VMRS_HB_COMPLETE_v20 page 9_pages_76-100.md
082-031-016,,082,031,"Tube - Check Valve To Receiver Tank | 082-033-009 | Gasket - Thermostat, Reefer",VMRS_HB_COMPLETE_v20 page 9_pages_76-100.md
082-031-017,,082,031,"Tube - Condenser To Check Valve | 082-033-010 | Kit - Water Pump, PM, Reefer",VMRS_HB_COMPLETE_v20 page 9_pages_76-100.md
082-031-018,,082,031,"Tube - Dehydrator To Bulkhead | 082-033-011 | Sensor - Coolant Level, Reefer",VMRS_HB_COMPLETE_v20 page 9_pages_76-100.md
082-031-019,,082,031,"Tube - Discharge, Three-Way to Condenser | 082-033-012 | Sensor - Coolant Temperature, Reeter",VMRS_HB_COMPLETE_v20 page 9_pages_76-100.md
082-031-020,,082,031,"Tube - Discharge, Service valve To Vibrasorber | 082-033-013 | Water Pump - Reeter",VMRS_HB_COMPLETE_v20 page 9_pages_76-100.md
082-031-021,,082,031,"Tube - Discharge, Vibrasorber to Three-way | 082-033-014 | Hose - Outlet, Expansion Tank, Reeler",VMRS_HB_COMPLETE_v20 page 9_pages_76-100.md
000-001-000,,000,001,"Valve | 002-000-010 | Tube - Iniel, Radialor, Reeler",VMRS_HB_COMPLETE_v20 page 9_pages_76-100.md
002-031-022,,002,031,"Tube - Equalizer, Expansion Valve | 002-033-010 | Cooling System Assembly - Mechanical",VMRS_HB_COMPLETE_v20 page 9_pages_76-100.md
082-031-023,,082,031,Tube - Hot Gas Drain Pan | 082-033-017 | Hose - Coolant Water Pump to Injection Pump,VMRS_HB_COMPLETE_v20 page 9_pages_76-100.md
082-031-024,,082,031,"Tube - Hot Gas, Drain Pan To Dist | 002-000-017 | Poofor",VMRS_HB_COMPLETE_v20 page 9_pages_76-100.md
082-031-026,,082,031,"Tube - Hot Gas, Through Bulkhead | 082-033-018 | Housing - Thermostat Reefer",VMRS_HB_COMPLETE_v20 page 9_pages_76-100.md
082-031-027,,082,031,"Tube - Hot Gas, Three-Way Valve To Defrost | 082-033-019 | Clamp - Tube or Hose, Cooling System, Reefer",VMRS_HB_COMPLETE_v20 page 9_pages_76-100.md
082-033-020,,082,033,"ve. ve, | Tube | | Gasket - Coolant Temperature Sensor Reefer",VMRS_HB_COMPLETE_v20 page 9_pages_76-100.md
082-031-028,,082,031,Tube - Pilot Solenoid To Compressor | 082-033-021 | Radiator/Condenser Assembly - Reefer,VMRS_HB_COMPLETE_v20 page 9_pages_76-100.md
082-031-029,,082,031,"Tube - Receiver To Dehydrator | 082-033-022 | Filler Cap - Radiator, Reefer",VMRS_HB_COMPLETE_v20 page 9_pages_76-100.md
082-031-030,,082,031,"Tube - Suction, Bulkhead To Accumulator | 082-033-023 | Hardware - Cooling System",VMRS_HB_COMPLETE_v20 page 9_pages_76-100.md
082-033-024,,082,033,Bracket - Hose,VMRS_HB_COMPLETE_v20 page 9_pages_76-100.md
082-033-025,,082,033,"Tube - Engine Cooling, Engine to Radiator,",VMRS_HB_COMPLETE_v20 page 9_pages_76-100.md
082-033-026,,082,033,"Bracket - Support, Radiator, Reefer",VMRS_HB_COMPLETE_v20 page 9_pages_76-100.md
082-033-027,,082,033,"Pulley - Water Pump, Reeter",VMRS_HB_COMPLETE_v20 page 9_pages_76-100.md
082-033-028,,082,033,"Gasket - Water Pump, Reefer",VMRS_HB_COMPLETE_v20 page 9_pages_76-100.md
082-034-000,,082,034,Belts,VMRS_HB_COMPLETE_v20 page 9_pages_76-100.md
082-034-001,,082,034,"Belt - Fan Or Blower, Evaporator",VMRS_HB_COMPLETE_v20 page 9_pages_76-100.md
082-034-002,,082,034,Belt - Electric Motor to Clutch,VMRS_HB_COMPLETE_v20 page 9_pages_76-100.md
082-034-003,,082,034,Belt - Engine to Radiator/Condenser Fan,VMRS_HB_COMPLETE_v20 page 9_pages_76-100.md
082-034-004,,082,034,Belt - Fanshaft Drive,VMRS_HB_COMPLETE_v20 page 9_pages_76-100.md
082-034-005,,082,034,Belt - Evaporator Fan,VMRS_HB_COMPLETE_v20 page 9_pages_76-100.md
082-034-006,,082,034,Belt - Idler,VMRS_HB_COMPLETE_v20 page 9_pages_76-100.md
082-034-007,,082,034,Belt - Transmission,VMRS_HB_COMPLETE_v20 page 9_pages_76-100.md
082-034-009,,082,034,Belt - Compressor to Prime Mover,VMRS_HB_COMPLETE_v20 page 9_pages_76-100.md
082-034-010,,082,034,Belt - Condenser Fan,VMRS_HB_COMPLETE_v20 page 9_pages_76-100.md
082-034-011,,082,034,Belt - To Idler,VMRS_HB_COMPLETE_v20 page 9_pages_76-100.md
082-034-012,,082,034,Belt - To Transmission,VMRS_HB_COMPLETE_v20 page 9_pages_76-100.md
082-034-013,,082,034,Belt - Alternator,VMRS_HB_COMPLETE_v20 page 9_pages_76-100.md
082-034-014,,082,034,Belt - Water Pump,VMRS_HB_COMPLETE_v20 page 9_pages_76-100.md
082-034-015,,082,034,"Guide - Beit, Reeter",VMRS_HB_COMPLETE_v20 page 9_pages_76-100.md
082-035-000,,082,035,Condenser Shutters,VMRS_HB_COMPLETE_v20 page 9_pages_76-100.md
082-035-001,,082,035,Support - Shutter Side,VMRS_HB_COMPLETE_v20 page 9_pages_76-100.md
082-035-002,,082,035,"Rod - Pivot, Shutter",VMRS_HB_COMPLETE_v20 page 9_pages_76-100.md
082-035-003,,082,035,"Bearing - Pivot, Shutter",VMRS_HB_COMPLETE_v20 page 9_pages_76-100.md
082-035-004,,082,035,"Blade - Damper, Shutter",VMRS_HB_COMPLETE_v20 page 9_pages_76-100.md
082-035-005,,082,035,"Support - Shutter, Upper",VMRS_HB_COMPLETE_v20 page 9_pages_76-100.md
082-035-007,,082,035,"Rod - Pivot, Left",VMRS_HB_COMPLETE_v20 page 9_pages_76-100.md
082-035-009,,082,035,Rod - End,VMRS_HB_COMPLETE_v20 page 9_pages_76-100.md
082-035-010,,082,035,Rod - Link,VMRS_HB_COMPLETE_v20 page 9_pages_76-100.md
082-035-011,,082,035,Spring - Pivot,VMRS_HB_COMPLETE_v20 page 9_pages_76-100.md
082-035-012,,082,035,Spring - Damper Blade,VMRS_HB_COMPLETE_v20 page 9_pages_76-100.md
082-035-013,,082,035,Cable - Shutter Control,VMRS_HB_COMPLETE_v20 page 9_pages_76-100.md
082-035-014,,082,035,Grommet - Cable,VMRS_HB_COMPLETE_v20 page 9_pages_76-100.md
082-035-016,,082,035,Bracket - Control,VMRS_HB_COMPLETE_v20 page 9_pages_76-100.md
082-035-017,,082,035,Control Shutter,VMRS_HB_COMPLETE_v20 page 9_pages_76-100.md
082-035-018,,082,035,Element - Control,VMRS_HB_COMPLETE_v20 page 9_pages_76-100.md
082-036-000,,082,036,"Throttle, Throttle Controls",VMRS_HB_COMPLETE_v20 page 9_pages_76-100.md
082-036-001,,082,036,Eye Bolt - Throttle Controls,VMRS_HB_COMPLETE_v20 page 9_pages_76-100.md
082-036-002,,082,036,Boot - Inrottle Controls,VMRS_HB_COMPLETE_v20 page 9_pages_76-100.md
082-037-000,,082,037,"Halless - Fuel Fullip, ReeleiHeat Exchanger",VMRS_HB_COMPLETE_v20 page 9_pages_76-100.md
082-037-001,,082,037,Heat Exchanger Assembly,VMRS_HB_COMPLETE_v20 page 9_pages_76-100.md
082-037-002,,082,037,Gasket - Exchanger,VMRS_HB_COMPLETE_v20 page 9_pages_76-100.md
082-037-003,,082,037,"Clamp - Mounting, Heat Exchanger",VMRS_HB_COMPLETE_v20 page 9_pages_76-100.md
082-038-000,,082,038,Protection Cage Assembly - MRU,VMRS_HB_COMPLETE_v20 page 9_pages_76-100.md
082-038-001,,082,038,Cage Assembly - Complete,VMRS_HB_COMPLETE_v20 page 9_pages_76-100.md
082-038-002,,082,038,Angle Box - Cage,VMRS_HB_COMPLETE_v20 page 9_pages_76-100.md
082-038-003,,082,038,Support - Cage,VMRS_HB_COMPLETE_v20 page 9_pages_76-100.md
082-038-005,,082,038,Beinforcement - Cage,VMRS_HB_COMPLETE_v20 page 9_pages_76-100.md
082-038-006,,082,038,"Rail - Support, Cage",VMRS_HB_COMPLETE_v20 page 9_pages_76-100.md
082-039-000,,082,039,"Fuel System - Engine, Reefer",VMRS_HB_COMPLETE_v20 page 9_pages_76-100.md
082-039-001,,082,039,Fuel Pump - Reefer,VMRS_HB_COMPLETE_v20 page 9_pages_76-100.md
082-039-002,,082,039,"Primer - Fuel, Reefer",VMRS_HB_COMPLETE_v20 page 9_pages_76-100.md
082-039-003,,082,039,"Line - Fuel, Reeter",VMRS_HB_COMPLETE_v20 page 9_pages_76-100.md
082-039-004,,082,039,"Pump - Injection, ReeterTank - Fuel Reefer",VMRS_HB_COMPLETE_v20 page 9_pages_76-100.md
082-039-005,,082,039,"Kit - Hanger, Fuel Tank, Reefer",VMRS_HB_COMPLETE_v20 page 9_pages_76-100.md
082-039-007,,082,039,"Gauge - Fuel, Mechanical, Reefer",VMRS_HB_COMPLETE_v20 page 9_pages_76-100.md
082-039-008,,082,039,"Filter - Screen, Hand Pump Priming, Reefer",VMRS_HB_COMPLETE_v20 page 9_pages_76-100.md
082-039-009,,082,039,"Clip - Throttle Linkage, Reefer",VMRS_HB_COMPLETE_v20 page 9_pages_76-100.md
082-039-010,,082,039,"Cap - Fuel Tank, Reefer",VMRS_HB_COMPLETE_v20 page 9_pages_76-100.md
082-039-011,,082,039,"Rod - Throttle Solenoid, Reefer",VMRS_HB_COMPLETE_v20 page 9_pages_76-100.md
082-039-012,,082,039,"Filter - Fuel, Reefer",VMRS_HB_COMPLETE_v20 page 9_pages_76-100.md
082-039-013,,082,039,"Gauge - Fuel, Electronic, Reefer",VMRS_HB_COMPLETE_v20 page 9_pages_76-100.md
082-039-014,,082,039,"O-Ring - Mounting, Fuel Pump, Reefer",VMRS_HB_COMPLETE_v20 page 9_pages_76-100.md
082-039-015,,082,039,"Gasket - Pipe, Fuel Return, Reefer",VMRS_HB_COMPLETE_v20 page 9_pages_76-100.md
082-039-016,,082,039,"Housing - Fuel Filter, Reefer",VMRS_HB_COMPLETE_v20 page 9_pages_76-100.md
082-039-017,,082,039,"Solenoid - Stop, Fuel, Reefer",VMRS_HB_COMPLETE_v20 page 9_pages_76-100.md
082-039-018,,082,039,"Solenoid - Throttle, High-Speed, Engine, Reefer",VMRS_HB_COMPLETE_v20 page 9_pages_76-100.md
082-039-019,,082,039,"Strap - Fuel Tarik, Reeler",VMRS_HB_COMPLETE_v20 page 9_pages_76-100.md
082-039-020,,082,039,Gasket - Fuel Supply Reefer,VMRS_HB_COMPLETE_v20 page 9_pages_76-100.md
082-039-022,,082,039,Sensor - Fuel Level Reefer,VMRS_HB_COMPLETE_v20 page 9_pages_76-100.md
082-039-023,,082,039,"Ball Joint - Throttle Linkage, Reefer",VMRS_HB_COMPLETE_v20 page 9_pages_76-100.md
082-039-024,,082,039,Check Valve - Reefer,VMRS_HB_COMPLETE_v20 page 9_pages_76-100.md
082-039-025,,082,039,"Seal - Mounting, Injection Pump, Reefer",VMRS_HB_COMPLETE_v20 page 9_pages_76-100.md
082-039-026,,082,039,"Protector - Injection Nozzle, Reefer",VMRS_HB_COMPLETE_v20 page 9_pages_76-100.md
082-039-027,,082,039,"Nozzle - Injection, Reefer",VMRS_HB_COMPLETE_v20 page 9_pages_76-100.md
082-039-028,,082,039,"Gasket - Copper, Nozzle Seat, Reefer",VMRS_HB_COMPLETE_v20 page 9_pages_76-100.md
082-039-029,,082,039,"O-Ring - Dust, Injector, Reefer",VMRS_HB_COMPLETE_v20 page 9_pages_76-100.md
082-039-030,,082,039,"Insulator - Chating Strip, Fuel Tank, Reeter",VMRS_HB_COMPLETE_v20 page 9_pages_76-100.md
082-039-031,,082,039,"Linkage - Throllie, Reeler",VMRS_HB_COMPLETE_v20 page 9_pages_76-100.md
082-039-032,,082,039,"Fipe - Fuel Injection, ReelerKit - Hoso, Fuel Poturn Injector, Poofor",VMRS_HB_COMPLETE_v20 page 9_pages_76-100.md
082-039-034,,082,039,Heater - Fuel Filter Beefer,VMRS_HB_COMPLETE_v20 page 9_pages_76-100.md
082-039-035,,082,039,"Injector - Fuel, Reefer",VMRS_HB_COMPLETE_v20 page 9_pages_76-100.md
082-039-036,,082,039,"Retainer - Pipe, Fuel Injector, Reefer",VMRS_HB_COMPLETE_v20 page 9_pages_76-100.md
082-039-037,,082,039,"Bracket - Solenoid Throttling, Reefer",VMRS_HB_COMPLETE_v20 page 9_pages_76-100.md
082-039-038,,082,039,"Bolt - Mounting, Solenoid Throttling, Reefer",VMRS_HB_COMPLETE_v20 page 9_pages_76-100.md
082-039-039,,082,039,"Nut - Mounting, Solenoid Throttling, Reefer",VMRS_HB_COMPLETE_v20 page 9_pages_76-100.md
082-039-040,,082,039,"Nut - Linkage, Solenoid Throttling, Reefer",VMRS_HB_COMPLETE_v20 page 9_pages_76-100.md
082-039-041,,082,039,"Tube - Pickup, Fuel, Reefer",VMRS_HB_COMPLETE_v20 page 9_pages_76-100.md
082-039-042,,082,039,"Bracket - Fuel Pump, Reefer",VMRS_HB_COMPLETE_v20 page 9_pages_76-100.md
082-039-043,,082,039,"O-Ring - Retainer Valve, Fuel Pump, Reefer",VMRS_HB_COMPLETE_v20 page 9_pages_76-100.md
082-039-044,,082,039,"O-Ring - Banjo Joint, Fuel Pump, Reeter",VMRS_HB_COMPLETE_v20 page 9_pages_76-100.md
082-039-045,,082,039,Valva Evel Pump Poofer,VMRS_HB_COMPLETE_v20 page 9_pages_76-100.md
082-039-048,,082,039,O-Ring - Bowl Fuel Pump Reefer,VMRS_HB_COMPLETE_v20 page 9_pages_76-100.md
082-039-049,,082,039,"Check Valve - Fuel/Water Separator, Reefer",VMRS_HB_COMPLETE_v20 page 9_pages_76-100.md
082-039-050,,082,039,"Wiring Harness - Fuel Level Sensor, Reefer",VMRS_HB_COMPLETE_v20 page 9_pages_76-100.md
082-040-000,,082,040,Exhaust - Mechanical Refrigeration Unit,VMRS_HB_COMPLETE_v20 page 9_pages_76-100.md
082-040-001,,082,040,"Cooler - EGR, Reefer",VMRS_HB_COMPLETE_v20 page 9_pages_76-100.md
082-040-002,,082,040,Muffler - Reefer,VMRS_HB_COMPLETE_v20 page 9_pages_76-100.md
082-040-003,,082,040,"Scrubber - Soot, EGR Cooler, Reefer",VMRS_HB_COMPLETE_v20 page 9_pages_76-100.md
082-040-004,,082,040,"Gasket - Flange, Exnaust, Reeter",VMRS_HB_COMPLETE_v20 page 9_pages_76-100.md
082-040-005,,082,040,"Hose - Tube to EGR Cooler, Reeler",VMRS_HB_COMPLETE_v20 page 9_pages_76-100.md
082-040-007,,082,040,Insulation - Muffler Reefer,VMRS_HB_COMPLETE_v20 page 9_pages_76-100.md
082-040-009,,082,040,"Gasket - Exhaust Manifold, Reefer",VMRS_HB_COMPLETE_v20 page 9_pages_76-100.md
082-040-010,,082,040,"Stud - Exhaust Manifold, Reefer",VMRS_HB_COMPLETE_v20 page 9_pages_76-100.md
082-040-011,,082,040,"Nut - Exhaust Manifold, Reefer",VMRS_HB_COMPLETE_v20 page 9_pages_76-100.md
082-040-012,,082,040,"Screw - Exhaust Manifold, Reefer",VMRS_HB_COMPLETE_v20 page 9_pages_76-100.md
082-040-013,,082,040,"Manifold - Exhaust, Reefer",VMRS_HB_COMPLETE_v20 page 9_pages_76-100.md
082-040-014,,082,040,"Kit - Cleaner, EGR Cooler, Reefer",VMRS_HB_COMPLETE_v20 page 9_pages_76-100.md
082-040-015,,082,040,"Hose - Exhaust, Reefer",VMRS_HB_COMPLETE_v20 page 9_pages_76-100.md
082-040-016,,082,040,"Valve - EGR, Reefer",VMRS_HB_COMPLETE_v20 page 9_pages_76-100.md
082-040-017,,082,040,"Elbow - EGR, Reeter",VMRS_HB_COMPLETE_v20 page 9_pages_76-100.md
082-040-018,,082,040,"Kit - Muffler, Reefer",VMRS_HB_COMPLETE_v20 page 9_pages_76-100.md
082-041-000,,082,041,Engine Assembly - Reefer,VMRS_HB_COMPLETE_v20 page 9_pages_76-100.md
082-041-007,,082,041,Hose - Air Intake Reefer,VMRS_HB_COMPLETE_v20 page 9_pages_76-100.md
082-041-003,,082,041,"Bolt - Rocker Arm Shaft, Reefer",VMRS_HB_COMPLETE_v20 page 9_pages_76-100.md
082-041-004,,082,041,"Ring Gear - Flywheel, Reefer",VMRS_HB_COMPLETE_v20 page 9_pages_76-100.md
082-041-005,,082,041,"Filter Kit - Engine PM, Reefer",VMRS_HB_COMPLETE_v20 page 9_pages_76-100.md
082-041-006,,082,041,"Filter - Oil, Reefer",VMRS_HB_COMPLETE_v20 page 9_pages_76-100.md
082-041-008,,082,041,"Gasket - Head, Engine, Reefer",VMRS_HB_COMPLETE_v20 page 9_pages_76-100.md
082-041-009,,082,041,"Seal - Crankshaft, Engine, Front, Reefer",VMRS_HB_COMPLETE_v20 page 9_pages_76-100.md
082-041-010,,082,041,"Gasket - Valve Cover, Reefer",VMRS_HB_COMPLETE_v20 page 9_pages_76-100.md
082-041-011,,082,041,"Switch - Low Oli Pressure, Engine, Reeter",VMRS_HB_COMPLETE_v20 page 9_pages_76-100.md
002-041-012,,002,041,"Sensor - Engine Speed, Reeler",VMRS_HB_COMPLETE_v20 page 9_pages_76-100.md
082-041-013,,082,041,"Hardware, Mounting - Engine, Reefer | 082-044-000 | Electrical Starting & Charging Systems - Reefer",VMRS_HB_COMPLETE_v20 page 9_pages_76-100.md
082-041-014,,082,041,"Kit - Pulley and Seal, Engine Crankshaft, Front, | 082-044-001 | Alternator - Reefer",VMRS_HB_COMPLETE_v20 page 9_pages_76-100.md
082-044-002,,082,044,Reefer | | Battery - Reefer,VMRS_HB_COMPLETE_v20 page 9_pages_76-100.md
082-041-015,,082,041,"Mount - Vibration, Engine, Reefer | 082-044-003 | Rod - Battery Hold-Down, Reefer",VMRS_HB_COMPLETE_v20 page 9_pages_76-100.md
082-041-016,,082,041,"Kit - Belt, Engine PM, Reefer | 082-044-004 | Post - Battery, Reefer",VMRS_HB_COMPLETE_v20 page 9_pages_76-100.md
082-041-017,,082,041,"Filter - Air, Engine, Reefer | 082-044-005 | Bearing - End Alternator Reefer",VMRS_HB_COMPLETE_v20 page 9_pages_76-100.md
082-041-018,,082,041,"Gasket - Inlet Engine Air Intake Reefer | 082-044-006 | Mounting Bracket - Alternator, Reefer",VMRS_HB_COMPLETE_v20 page 9_pages_76-100.md
082-041-020,,082,041,Switch Oil Loval Engine Deafor | 02-044-007 | Harness Alternator Deefer,VMRS_HB_COMPLETE_v20 page 9_pages_76-100.md
002-041-020,,002,041,Glow Diug Engine Deefer | 002-044-000 | Starter Engine Desfer,VMRS_HB_COMPLETE_v20 page 9_pages_76-100.md
002-041-021,,002,041,"Clow Flug - Eligine, Reelei | 082-044-009 | Starter - Eligille, neeleiStran Battar Hald Dawn Daafar",VMRS_HB_COMPLETE_v20 page 9_pages_76-100.md
082-041-022,,082,041,"Pulley - Damper, Engine, Reeler | 082-044-010 | Strap - Batter Hold-Down, Reeler",VMRS_HB_COMPLETE_v20 page 9_pages_76-100.md
082-041-023,,082,041,"Iniet - Intake Manifold, Engine, Reefer | 082-044-011 | Solar Panel - Reeter",VMRS_HB_COMPLETE_v20 page 9_pages_76-100.md
082-041-024,,082,041,"Screw - Inlet, Intake Manifold, Engine, Reefer | 082-044-012 | Mounting Bracket - Solar Panel, Reeter",VMRS_HB_COMPLETE_v20 page 9_pages_76-100.md
082-041-025,,082,041,"Inlet - Intake Manifold, Reefer | 082-044-013 | Hold-Down - Battery, Reefer",VMRS_HB_COMPLETE_v20 page 9_pages_76-100.md
082-041-026,,082,041,"Hardware, Mounting - Inlet, Intake Manifold, | 082-044-014 | Fuse - Reefer",VMRS_HB_COMPLETE_v20 page 9_pages_76-100.md
082-044-015,,082,044,Reefer | | Fuse Holder - Reefer,VMRS_HB_COMPLETE_v20 page 9_pages_76-100.md
082-041-027,,082,041,"Bearing - Connecting Rod, Engine, Reefer | 082-044-016 | Pulley - Alternator, Reefer",VMRS_HB_COMPLETE_v20 page 9_pages_76-100.md
082-041-028,,082,041,"Bearing - Crank, Main, Engine, Reefer | 082-044-017 | Battery Charger - Reefer",VMRS_HB_COMPLETE_v20 page 9_pages_76-100.md
082-041-029,,082,041,"Bearing - Crank, Thrust, Engine, Reefer | 082-044-018 | Harness - Solar Panel, Reefer",VMRS_HB_COMPLETE_v20 page 9_pages_76-100.md
082-041-030,,082,041,"Ring Set - Piston, Engine, Reefer | 082-044-019 | Bolt - Adjusting, Alternator Bracket, Reefer",VMRS_HB_COMPLETE_v20 page 9_pages_76-100.md
082-041-031,,082,041,"Piston - Engine, Reefer | 082-044-020 | Fan - Alternator",VMRS_HB_COMPLETE_v20 page 9_pages_76-100.md
082-041-032,,082,041,"Rod - Connecting, Engine, Reefer | 082-044-021 | Strap - Adjusting, Alternator",VMRS_HB_COMPLETE_v20 page 9_pages_76-100.md
082-041-033,,082,041,"Gasket - Oil Case Seal, Reefer | 082-044-022 | Bushing - Alternator",VMRS_HB_COMPLETE_v20 page 9_pages_76-100.md
082-041-034,,082,041,Seal - Crankshaft Bear Reefer | 082-045-000 | Dehumidifier,VMRS_HB_COMPLETE_v20 page 9_pages_76-100.md
082-041-035,,082,041,Hose - Coolant Injection Pump to Water Pump | 082-045-001 | Dehumidifier Assembly,VMRS_HB_COMPLETE_v20 page 9_pages_76-100.md
002-041-000,,002,041,Reefer | 083-000-000 | Nitrogen Refrigeration Unit,VMRS_HB_COMPLETE_v20 page 9_pages_76-100.md
002-041-030,,002,041,Gasket Inteke Manifold Desfer | 003-001-000 | Fill Volvo,VMRS_HB_COMPLETE_v20 page 9_pages_76-100.md
002-041-037,,002,041,"Gasket - Intake Mannold, Reeler | 000-001-001",VMRS_HB_COMPLETE_v20 page 9_pages_76-100.md
062-041-036,,062,041,"Support - Rocker Arm Shall, Reeler | 063-001-002 | Panel - Fill Box",VMRS_HB_COMPLETE_v20 page 9_pages_76-100.md
082-041-039,,082,041,"Key - Damper Pulley, Engine, Reeter | 083-001-004 | Controller - Temperature",VMRS_HB_COMPLETE_v20 page 9_pages_76-100.md
082-041-040,,082,041,"Sensor - Ambient Air Temperature, Engine, | 083-002-000 | Container Assembly",VMRS_HB_COMPLETE_v20 page 9_pages_76-100.md
083-002-001,,083,002,Reefer | | Gas Solenoid Valve,VMRS_HB_COMPLETE_v20 page 9_pages_76-100.md
082-041-041,,082,041,"Housing - Air Filter, Reefer | 083-002-002 | Liquid Solenoid Valve",VMRS_HB_COMPLETE_v20 page 9_pages_76-100.md
082-041-042,,082,041,"Tensioner - Belt, Reefer | 083-002-003 | Liquid Control Valve",VMRS_HB_COMPLETE_v20 page 9_pages_76-100.md
082-041-043,,082,041,"Filter & Head Assembly - Oil, Reefer | 083-002-004 | Fill & Vent Valve",VMRS_HB_COMPLETE_v20 page 9_pages_76-100.md
082-041-044,,082,041,"Gasket - Filter Head, Oil, Reefer | 083-002-005 | Shroud Assembly",VMRS_HB_COMPLETE_v20 page 9_pages_76-100.md
082-041-045,,082,041,"Gasket - Front Plate, Front Gear Cover, Reefer | 083-002-006 | Mechanical Parts - Ring Assembly",VMRS_HB_COMPLETE_v20 page 9_pages_76-100.md
082-041-046,,082,041,"Indicator - Air Restrictor, Air Cleaner, Reefer | 083-002-007 | Connecting Lines & Liquid Control Valve - Ring",VMRS_HB_COMPLETE_v20 page 9_pages_76-100.md
082-041-047,,082,041,"Pulley - Fan Drive, Reefer | | Assembly",VMRS_HB_COMPLETE_v20 page 9_pages_76-100.md
082-041-048,,082,041,"Mount Shock Vector - Engine, Reefer | 083-002-008 | Gauges & Related Plumbing - Ring Assembly",VMRS_HB_COMPLETE_v20 page 9_pages_76-100.md
082-041-049,,082,041,"Push Rod - Engine, Reefer | 083-002-009 | Connecting Line - Container To Ring Assembly",VMRS_HB_COMPLETE_v20 page 9_pages_76-100.md
082-041-050,,082,041,"Rocker Arm - Engine, Reefer | 083-002-010 | Container",VMRS_HB_COMPLETE_v20 page 9_pages_76-100.md
082-041-051,,082,041,ECU - Engine Beefer | 083-002-011 | Support Assembly - Container,VMRS_HB_COMPLETE_v20 page 9_pages_76-100.md
082-041-052,,082,041,Cylinder Head Assembly - Engine Reefer | 083-005-000 | Control Unit/Box Assembly,VMRS_HB_COMPLETE_v20 page 9_pages_76-100.md
082-041-053,,082,041,Benair Sleeve - Main Crankshaft Front Beefer | 083-005-001 | Control Unit - Complete Cab Mounted,VMRS_HB_COMPLETE_v20 page 9_pages_76-100.md
082-041-054,,082,041,Manifold Intako Engino Doofor | 083 005 002 | Covor Assombly Extornal Mounted,VMRS_HB_COMPLETE_v20 page 9_pages_76-100.md
082-041-055,,082,041,O Ping Valvo Covor Poofor | 083-005-002 | Gaugo Liquid Lovel (External Mounted),VMRS_HB_COMPLETE_v20 page 9_pages_76-100.md
002-041-055,,002,041,Dina Breather Crankesse Desfer | 003-005-003 | Cantrallar Temperature External Mounted,VMRS_HB_COMPLETE_v20 page 9_pages_76-100.md
002-041-057,,002,041,"Pipe - Diealnei, Ciankcase, Reelei | 063-005-004",VMRS_HB_COMPLETE_v20 page 9_pages_76-100.md
082-041-057,,082,041,"Screw - Nozzie Relainer, Reeler | 083-011-000 | Lines (All)",VMRS_HB_COMPLETE_v20 page 9_pages_76-100.md
082-041-058,,082,041,"Knob - valve Cover, Reeter | 083-011-001 | Fill & vent Lines Complete W/Fittings",VMRS_HB_COMPLETE_v20 page 9_pages_76-100.md
082-041-059,,082,041,"Adapter - Manifold, Air Intake, Engine, Reefer | 083-011-002 | Connecting Line - Complete W/Fittings, Liquid",VMRS_HB_COMPLETE_v20 page 9_pages_76-100.md
082-041-060,,082,041,"Stud - Valve Cover, Engine, Reefer | | Supply",VMRS_HB_COMPLETE_v20 page 9_pages_76-100.md
082-041-061,,082,041,"Dipstick - Engine Oil Level, Reefer | 083-012-000 | Refrigeration Unit Assembly - Nitrogen",VMRS_HB_COMPLETE_v20 page 9_pages_76-100.md
082-041-062,,082,041,"Seal - Dipstick, Engine Oil Level, Reefer | 083-012-001 | Refrigeration Unit Assembly - Complete,",VMRS_HB_COMPLETE_v20 page 9_pages_76-100.md
082-041-063,,082,041,"Cap - Valve Spring, Engine, Reefer | | Nitrogen",VMRS_HB_COMPLETE_v20 page 9_pages_76-100.md
082-041-064,,082,041,"Housing - Oil Seal, Rear Main, Reefer | 084-000-000 | Hold Over Plate Refrigeration",VMRS_HB_COMPLETE_v20 page 9_pages_76-100.md
082-041-065,,082,041,"Duct - Air Intake, Reefer | 084-001-000 | Hold Over Plate Assembly",VMRS_HB_COMPLETE_v20 page 9_pages_76-100.md
082-041-066,,082,041,"Cover - Gear Case, Front | 084-001-001 | Hold Over Plate",VMRS_HB_COMPLETE_v20 page 9_pages_76-100.md
082-041-067,,082,041,Gasket - Intake Heater | 084-001-002 | Drain Pan - Hold Over Plate,VMRS_HB_COMPLETE_v20 page 9_pages_76-100.md
082-041-068,,082,041,"Gasket - Oil Drain Plug, Reefer | 084-001-003 | Hardware, Mounting- Drain Pan",VMRS_HB_COMPLETE_v20 page 9_pages_76-100.md
082-041-069,,082,041,"Gasket - Belt Tensioner, Reefer | 084-001-004 | Mounting Plate - Angle Mounting",VMRS_HB_COMPLETE_v20 page 9_pages_76-100.md
082-042-000,,082,042,"Generator - High-Voltage | 084-001-005 | Hardware, Mounting - Angle Mounting Plate",VMRS_HB_COMPLETE_v20 page 9_pages_76-100.md
082-042-001,,082,042,Generator Assembly - High-Voltage | 084-001-006 | Mounting Plate - Wall Mounting,VMRS_HB_COMPLETE_v20 page 9_pages_76-100.md
082-042-002,,082,042,"Tensioner - Belt, Generator, Reefer | 084-001-007 | Hardware, Mounting - Wall Mounting Plate",VMRS_HB_COMPLETE_v20 page 9_pages_76-100.md
082-042-003,,082,042,Screw - Tensioner Generator Reefer | 084-001-008 | Mounting Plate - Center Mounting,VMRS_HB_COMPLETE_v20 page 9_pages_76-100.md
082-042-004,,082,042,"Slider - Tensioner, Generator, Reefer | 084-001-000 | Hardware Mounting - Center Mounting Plate",VMRS_HB_COMPLETE_v20 page 9_pages_76-100.md
002-040-000,,002,040,004-001-011 | Guior Ouplet Set - Suction,VMRS_HB_COMPLETE_v20 page 9_pages_76-100.md
002-043-001,,002,043,Chuie - All | 004-001-012 | Tubing - 5/6 IIICH,VMRS_HB_COMPLETE_v20 page 9_pages_76-100.md
002-043-002,,002,043,FIOOI - FIULEO | 084-001-013 | Tuping - 7/8 inch,VMRS_HB_COMPLETE_v20 page 9_pages_76-100.md
082-043-003,,082,043,"naruware, Mounting - Chute | 084-001-014 | mermometer - Recess Mounted",VMRS_HB_COMPLETE_v20 page 9_pages_76-100.md
084-001-015,,084,001,Thermometer - Surface Mounted,VMRS_HB_COMPLETE_v20 page 9_pages_76-100.md
,001-016,001,016,09/ | Capacitor Start | 0,VMRS_HB_COMPLETE_v20 page 9_pages_76-100.md
004-001-010,,004,001,Capacitor - Start | 0.,VMRS_HB_COMPLETE_v20 page 9_pages_76-100.md
084-001-017,,084,001,Capacitor - Run | 09,VMRS_HB_COMPLETE_v20 page 9_pages_76-100.md
084-002-000,,084,002,Console Panel Assembly | 0,VMRS_HB_COMPLETE_v20 page 9_pages_76-100.md
084-002-003,,084,002,Heat Exchanger - Hold Over Plate Refrigeration | 0,VMRS_HB_COMPLETE_v20 page 9_pages_76-100.md
004-002-000,,004,002,,VMRS_HB_COMPLETE_v20 page 9_pages_76-100.md
084-002-004,,084,002,Thermo Expansion valve | 0,VMRS_HB_COMPLETE_v20 page 9_pages_76-100.md
084-003-000,,084,003,Condensing Unit Assembly | 0,VMRS_HB_COMPLETE_v20 page 9_pages_76-100.md
084-003-001,,084,003,Condenser - Nitrogen Refrigeration Unit | 0,VMRS_HB_COMPLETE_v20 page 9_pages_76-100.md
001-002-002,,001,002,Compressor Holdover Diete Defrigeration | 0,VMRS_HB_COMPLETE_v20 page 9_pages_76-100.md
004-003-002,,004,003,Compressor - Holdover Plate Reingeration | 0:,VMRS_HB_COMPLETE_v20 page 9_pages_76-100.md
084-003-003,,084,003,"Tank - Receiver, Holdover Plate Refrigeration | 0",VMRS_HB_COMPLETE_v20 page 9_pages_76-100.md
004-000-004,,004,000,Era Haldavan Blata Datrinanatian Ovatara | 0.,VMRS_HB_COMPLETE_v20 page 9_pages_76-100.md
084-003-004,,084,003,Fan - Holdover Plate Reingeration System,VMRS_HB_COMPLETE_v20 page 9_pages_76-100.md
084-003-005,,084,003,"Motor - Electric, Condensing Unit, Holdover | 09",VMRS_HB_COMPLETE_v20 page 9_pages_76-100.md
084-003-006,,084,003,Crankcase Pressure Regulating Valves | 0,VMRS_HB_COMPLETE_v20 page 9_pages_76-100.md
004-000-007,,004,000,Cause Drasaure | 0.,VMRS_HB_COMPLETE_v20 page 9_pages_76-100.md
084-003-007,,084,003,Gauge - Pressure,VMRS_HB_COMPLETE_v20 page 9_pages_76-100.md
084-003-008,,084,003,Compound Gauge | 0,VMRS_HB_COMPLETE_v20 page 9_pages_76-100.md
084-003-009,,084,003,Hose W/Fittings - Liquid Ammonia | 0,VMRS_HB_COMPLETE_v20 page 9_pages_76-100.md
094-003-010,,094,003,Hose W/Eittings Suction Ammonia | 0,VMRS_HB_COMPLETE_v20 page 9_pages_76-100.md
004-000-010,,004,000,0.,VMRS_HB_COMPLETE_v20 page 9_pages_76-100.md
084-003-011,,084,003,"Hose W/Fittings - Liquid, Retrigerant | 09",VMRS_HB_COMPLETE_v20 page 9_pages_76-100.md
084-003-012,,084,003,"Hose W/Fittings - Suction, Refrigerant | 0",VMRS_HB_COMPLETE_v20 page 9_pages_76-100.md
090-000-000,,090,000,"Bulk Product Transfer, Handling & Storage | 0",VMRS_HB_COMPLETE_v20 page 9_pages_76-100.md
091-000-000,,091,000,"Blowers, Conveyors & Vibrators | 0",VMRS_HB_COMPLETE_v20 page 9_pages_76-100.md
091-001-000,,091,001,Blower - Single Stage | 0,VMRS_HB_COMPLETE_v20 page 9_pages_76-100.md
001-001-001,,001,001,Gauge - Oil Level Blower | 0,VMRS_HB_COMPLETE_v20 page 9_pages_76-100.md
091-001-001,,091,001,"Gauge - Oli Level, Diowel | 0.",VMRS_HB_COMPLETE_v20 page 9_pages_76-100.md
091-001-002,,091,001,Blower Assembly - Single Stage | 0,VMRS_HB_COMPLETE_v20 page 9_pages_76-100.md
091-001-003,,091,001,"Coupler - Blower Input, Single Stage | 0",VMRS_HB_COMPLETE_v20 page 9_pages_76-100.md
091-001-004,,091,001,"Drive Gear - Blower, Single Stage | 0",VMRS_HB_COMPLETE_v20 page 9_pages_76-100.md
001-001-005,,001,001,Driven Coor Blower Single Stage | 0,VMRS_HB_COMPLETE_v20 page 9_pages_76-100.md
091-001-005,,091,001,"Driven Gear - Diower, Single Stage | 0:",VMRS_HB_COMPLETE_v20 page 9_pages_76-100.md
091-001-006,,091,001,"Seal Assembly - Blower, Single Stage",VMRS_HB_COMPLETE_v20 page 9_pages_76-100.md
091-001-007,,091,001,"Bearing Assembly - Blower, Single Stage | 0",VMRS_HB_COMPLETE_v20 page 9_pages_76-100.md
001-001-008,,001,001,Housing Assembly - Blower Single Stage | 0,VMRS_HB_COMPLETE_v20 page 9_pages_76-100.md
091-001-009,,091,001,"Rotor Assembly - Lobe Type Blower, Single | 09",VMRS_HB_COMPLETE_v20 page 9_pages_76-100.md
091-001-010,,091,001,"Rotor Assembly - Vane Type Blower, Single | 0",VMRS_HB_COMPLETE_v20 page 9_pages_76-100.md
001-001-010,,001,001,Store | 0,VMRS_HB_COMPLETE_v20 page 9_pages_76-100.md
091-001-011,,091,001,"Hardware, Mounting - Blower Input Coupler, | 09",VMRS_HB_COMPLETE_v20 page 9_pages_76-100.md
091-001-012,,091,001,Air Cleaner Assembly | 0,VMRS_HB_COMPLETE_v20 page 9_pages_76-100.md
001-001-013,,001,001,Housing Air Cleaner Blower Single Stage | 0,VMRS_HB_COMPLETE_v20 page 9_pages_76-100.md
091-001-013,,091,001,"Flousing - All Cleaner, Diower, Single Stage | 0.",VMRS_HB_COMPLETE_v20 page 9_pages_76-100.md
091-001-014,,091,001,"Element - Fliter, Alr Cleaner, Compressor, Bulk | 0",VMRS_HB_COMPLETE_v20 page 9_pages_76-100.md
091-001-015,,091,001,"Cap - Housing, Air Cleaner, Blower, Bulk Product | 0",VMRS_HB_COMPLETE_v20 page 9_pages_76-100.md
091-001-016,,091,001,"Pre-Cleaner Assembly - Air Intake, Air Cleaner | 0",VMRS_HB_COMPLETE_v20 page 9_pages_76-100.md
091-001-017,,091,001,"Elbow Pipe - Air Intake, Air Cleaner | 09",VMRS_HB_COMPLETE_v20 page 9_pages_76-100.md
091-001-018,,091,001,Gauge - Restriction Air Cleaner | 0,VMRS_HB_COMPLETE_v20 page 9_pages_76-100.md
091-001-019,,091,001,"Fulley - Driveri, blower | 0:",VMRS_HB_COMPLETE_v20 page 9_pages_76-100.md
091-001-020,,091,001,Belt - Blower | 09,VMRS_HB_COMPLETE_v20 page 9_pages_76-100.md
091-001-021,,091,001,"Plug - Fusible, Rotor Assembly, Blower | 0",VMRS_HB_COMPLETE_v20 page 9_pages_76-100.md
091-001-022,,091,001,Seal - Oil Shaft | 0,VMRS_HB_COMPLETE_v20 page 9_pages_76-100.md
001-001-000,,001,001,Onubber Assembly Office Office,VMRS_HB_COMPLETE_v20 page 9_pages_76-100.md
091-001-023,,091,001,"Shubber Assembly - Single Stage, Silencer | 0",VMRS_HB_COMPLETE_v20 page 9_pages_76-100.md
091-001-024,,091,001,Mounting Bracket - Single Stage Blower | 09,VMRS_HB_COMPLETE_v20 page 9_pages_76-100.md
091-001-025,,091,001,End Cap - Blower | 0,VMRS_HB_COMPLETE_v20 page 9_pages_76-100.md
001-001-006,,001,001,Broathar Filtar Assambly | 0,VMRS_HB_COMPLETE_v20 page 9_pages_76-100.md
091-001-027,,091,001,"Flange Assembly - Flexible, Element & Drive | 09",VMRS_HB_COMPLETE_v20 page 9_pages_76-100.md
091-001-028,,091,001,Attaching Ring Assembly - Flexible Flement To | 0,VMRS_HB_COMPLETE_v20 page 9_pages_76-100.md
031-001-020,,031,001,Automing Ring Assembly - Liekible Element To | 0.,VMRS_HB_COMPLETE_v20 page 9_pages_76-100.md
091-001-029,,091,001,"Element - Flexible, Engine Flywheel To Blower | 0",VMRS_HB_COMPLETE_v20 page 9_pages_76-100.md
091-001-030,,091,001,"Bushing - Tapelock, Drive Unit To Flange | 0",VMRS_HB_COMPLETE_v20 page 9_pages_76-100.md
091-001-031,,091,001,Snim - Housing Rotor | 09,VMRS_HB_COMPLETE_v20 page 9_pages_76-100.md
091-001-032,,091,001,Gasket - Cover End | 09,VMRS_HB_COMPLETE_v20 page 9_pages_76-100.md
091-001-033,,091,001,Lock Nut - Bearing | 0,VMRS_HB_COMPLETE_v20 page 9_pages_76-100.md
001-001-004,,001,001,Vent Assembly - Pressure Delief | ~,VMRS_HB_COMPLETE_v20 page 9_pages_76-100.md
091-001-034,,091,001,vent Assembly - Flessure Relief | 0,VMRS_HB_COMPLETE_v20 page 9_pages_76-100.md
091-001-035,,091,001,"Pump - Vacuum. Single Stage, Rotary Vane | 09",VMRS_HB_COMPLETE_v20 page 9_pages_76-100.md
091-001-036,,091,001,"Repair Kit - Blower, Single Stage | 0",VMRS_HB_COMPLETE_v20 page 9_pages_76-100.md
091-001-037,,091,001,Sleeve - Sneedy Blower Shaft Renair Seal | 0,VMRS_HB_COMPLETE_v20 page 9_pages_76-100.md
001-001-007,,001,001,"ologio - opeous, biomer orian nepail, deal | 0.",VMRS_HB_COMPLETE_v20 page 9_pages_76-100.md
,002-000,002,000,91- | Blower - Two Stage,VMRS_HB_COMPLETE_v20 page 9_pages_76-100.md
,002-002,002,002,91- | Blower Assembly - 1st Stage & 2nd Stage,VMRS_HB_COMPLETE_v20 page 9_pages_76-100.md
,002-003,002,003,"91- | Coupler - Blower Input, Two Stage",VMRS_HB_COMPLETE_v20 page 9_pages_76-100.md
,002-004,002,004,"91- | Drive Gear - Blower, Two Stage",VMRS_HB_COMPLETE_v20 page 9_pages_76-100.md
,002-005,002,005,"91- | Driven Gear - Blower, Two Stage",VMRS_HB_COMPLETE_v20 page 9_pages_76-100.md
,002-006,002,006,91- | Seal Assembly - Blower Two Stage,VMRS_HB_COMPLETE_v20 page 9_pages_76-100.md
,002-007,002,007,91- | Bearing Assembly - Blower Two Stage,VMRS_HB_COMPLETE_v20 page 9_pages_76-100.md
,002-008,002,008,01- | Housing Assembly - Blower Two Stage,VMRS_HB_COMPLETE_v20 page 9_pages_76-100.md
,002-010,002,010,"01 | Rotor Assembly - Lobe Type Diower, Two Stage",VMRS_HB_COMPLETE_v20 page 9_pages_76-100.md
,002-011,002,011,"91- | Rardware, Mounting - Blower Input Couplet, Two",VMRS_HB_COMPLETE_v20 page 9_pages_76-100.md
,002-012,002,012,"91- | Shubber Assembly - Sliencer, Two Stage",VMRS_HB_COMPLETE_v20 page 9_pages_76-100.md
,002-013,002,013,91- | Fitting - Metering Oil,VMRS_HB_COMPLETE_v20 page 9_pages_76-100.md
,002-014,002,014,"91- | Coupler Assembly - Flexible, Engine Flywheel To",VMRS_HB_COMPLETE_v20 page 9_pages_76-100.md
,002-015,002,015,"91- | Adapter - Side Plate, Flywheel",VMRS_HB_COMPLETE_v20 page 9_pages_76-100.md
,002-016,002,016,"91- | Adapter - Splined, Side Plate, Blower",VMRS_HB_COMPLETE_v20 page 9_pages_76-100.md
,002-017,002,017,91- | Bushing - Shock Mounting,VMRS_HB_COMPLETE_v20 page 9_pages_76-100.md
,002-018,002,018,"91- | Gasket - Gear End, Blower Housing",VMRS_HB_COMPLETE_v20 page 9_pages_76-100.md
,002-019,002,019,"91- | Gasket - Gearbox, Adapter Plate",VMRS_HB_COMPLETE_v20 page 9_pages_76-100.md
,002-020,002,020,"91- | Element - Oil Filter, Blower",VMRS_HB_COMPLETE_v20 page 9_pages_76-100.md
,003-000,003,000,91- | Turbine Conveyor - Exhaust Driven,VMRS_HB_COMPLETE_v20 page 9_pages_76-100.md
,003-001,003,001,91- | Convevor Assembly - Turbine,VMRS_HB_COMPLETE_v20 page 9_pages_76-100.md
,003-002,003,002,91- | Adapter - Oil Outlet,VMRS_HB_COMPLETE_v20 page 9_pages_76-100.md
,003-003,003,003,91- | Slip Joint - Turbine Outlet,VMRS_HB_COMPLETE_v20 page 9_pages_76-100.md
,003-004,003,004,91- | Gasket - Exhaust Flance,VMRS_HB_COMPLETE_v20 page 9_pages_76-100.md
,003-005,003,005,91- | Core Assembly - Turbine Conveyor,VMRS_HB_COMPLETE_v20 page 9_pages_76-100.md
,003-006,003,006,91- | Clamp - Turbine Housing To Core Assembly,VMRS_HB_COMPLETE_v20 page 9_pages_76-100.md
,003-007,003,007,"91- | Clamp - Diverter valve Housing, Opper Hair to",VMRS_HB_COMPLETE_v20 page 9_pages_76-100.md
,003-008,003,008,"91- | Repair Kit-Control Shalt, Diverter valve",VMRS_HB_COMPLETE_v20 page 9_pages_76-100.md
,003-009,003,009,91- | Adapter - Oli Inlet,VMRS_HB_COMPLETE_v20 page 9_pages_76-100.md
,003-010,003,010,91- | Diverter Valve Assembly - Turbine Conveyor,VMRS_HB_COMPLETE_v20 page 9_pages_76-100.md
,003-011,003,011,91- | Disc - Diverter Valve,VMRS_HB_COMPLETE_v20 page 9_pages_76-100.md
,003-012,003,012,91- | Arm - Diverter Valve Disc,VMRS_HB_COMPLETE_v20 page 9_pages_76-100.md
,003-013,003,013,91- | Shaft - Operating Arm & Disc Assembly,VMRS_HB_COMPLETE_v20 page 9_pages_76-100.md
,003-014,003,014,"91- | Pin - Grooved, Diverter Valve Shaft",VMRS_HB_COMPLETE_v20 page 9_pages_76-100.md
,003-015,003,015,91- | Plain Washer - Valve Operator,VMRS_HB_COMPLETE_v20 page 9_pages_76-100.md
,003-016,003,016,"91- | Repair Kit - Operator, Diverter Valve",VMRS_HB_COMPLETE_v20 page 9_pages_76-100.md
,003-017,003,017,91- | Housing - Turbine Conveyor,VMRS_HB_COMPLETE_v20 page 9_pages_76-100.md
,003-018,003,018,91- | Turbine Wheel & Shaft - Core Assembly,VMRS_HB_COMPLETE_v20 page 9_pages_76-100.md
,003-019,003,019,91- | Ring Seal - Core Assembly,VMRS_HB_COMPLETE_v20 page 9_pages_76-100.md
,003-020,003,020,91- | Bearing - Core Assembly,VMRS_HB_COMPLETE_v20 page 9_pages_76-100.md
,003-021,003,021,91- | Thrust Bearing - Core Assembly,VMRS_HB_COMPLETE_v20 page 9_pages_76-100.md
,003-022,003,022,91- | Thrust Ring - Core Assembly,VMRS_HB_COMPLETE_v20 page 9_pages_76-100.md
,003-023,003,023,91- | Oil Deflector - Core Assembly,VMRS_HB_COMPLETE_v20 page 9_pages_76-100.md
,003-024,003,024,91- | Shaft Sleeve - Core Assembly,VMRS_HB_COMPLETE_v20 page 9_pages_76-100.md
,003-025,003,025,91- | Gasket (O-Bing) - Core Assembly,VMRS_HB_COMPLETE_v20 page 9_pages_76-100.md
,003-026,003,026,91- | Spacer Insert - Core Assembly,VMRS_HB_COMPLETE_v20 page 9_pages_76-100.md
,002-029,002,029,01 | Wheel Compressor Core Assembly,VMRS_HB_COMPLETE_v20 page 9_pages_76-100.md
,003-029,003,029,"91- | Nut - Turbine Shait, Core Assembly",VMRS_HB_COMPLETE_v20 page 9_pages_76-100.md
,003-030,003,030,91- | Housing - Compressor (Compressed Gases),VMRS_HB_COMPLETE_v20 page 9_pages_76-100.md
,003-031,003,031,"91- | Hardware, Mounting- Exhaust Flange Gasket",VMRS_HB_COMPLETE_v20 page 9_pages_76-100.md
,003-032,003,032,91- | Wave Washer - Valve Operator Shaft,VMRS_HB_COMPLETE_v20 page 9_pages_76-100.md
,003-033,003,033,91- | Friction Facing Disc - Valve Operator Shaft,VMRS_HB_COMPLETE_v20 page 9_pages_76-100.md
,003-034,003,034,91- | Seal Ring - Valve Operator Shaft,VMRS_HB_COMPLETE_v20 page 9_pages_76-100.md
,003-035,003,035,91- | Handle Assembly - Valve Operator,VMRS_HB_COMPLETE_v20 page 9_pages_76-100.md
,003-036,003,036,"91- | Oil Control Valve - Operator Shaft, Diverter Valve",VMRS_HB_COMPLETE_v20 page 9_pages_76-100.md
,003-037,003,037,"91- | Repair Kit - Oil Control Valve, Diverter Valve",VMRS_HB_COMPLETE_v20 page 9_pages_76-100.md
,003-038,003,038,"91- | Hardware, Mounting - Turbine Conveyor Diverter",VMRS_HB_COMPLETE_v20 page 9_pages_76-100.md
,003-039,003,039,91- | Clamp - Air Intake,VMRS_HB_COMPLETE_v20 page 9_pages_76-100.md
,003-040,003,040,91- | Bonnet - Air Intake,VMRS_HB_COMPLETE_v20 page 9_pages_76-100.md
,003-041,003,041,91- | Gasket - Diverter Bypass Flange,VMRS_HB_COMPLETE_v20 page 9_pages_76-100.md
,003-042,003,042,91- | Elbow - Diverter Bypass,VMRS_HB_COMPLETE_v20 page 9_pages_76-100.md
,004-001,004,001,01 | Rody Vibrator Matallia Impact,VMRS_HB_COMPLETE_v20 page 9_pages_76-100.md
,004-002,004,002,"JJ- | Dury - VIDIALOI, MELAIIIC IIIDACL",VMRS_HB_COMPLETE_v20 page 9_pages_76-100.md
091-004-003,,091,004,Mounting Plate - Vibrator | 092-002-038 | Shaft - 1st Stage (Single Stage),VMRS_HB_COMPLETE_v20 page 9_pages_76-100.md
091-004-004,,091,004,Cap - Vibrator | 092-002-039 | Shaft - 2nd Stage,VMRS_HB_COMPLETE_v20 page 9_pages_76-100.md
091-004-005,,091,004,"Piston - Springless, Vibrator | 092-002-040 | Seal Assembly - Stage Shaft",VMRS_HB_COMPLETE_v20 page 9_pages_76-100.md
091-004-006,,091,004,Hand Control Valve | 092-002-041 | Bearing Assembly - Stage Shaft,VMRS_HB_COMPLETE_v20 page 9_pages_76-100.md
091-004-007,,091,004,"Lubricator - Vibrator Piston | 092-002-042 | Hardware, Mounting - Compressor Drive Input",VMRS_HB_COMPLETE_v20 page 9_pages_76-100.md
091-004-008,,091,004,Filter - Air Vibrator | 002-002-043 | Vana - Compressor,VMRS_HB_COMPLETE_v20 page 9_pages_76-100.md
091-004-009,,091,004,Vibrator Assembly - Pneumatic Turbine | 092-002-043 | Rotor - Compressor,VMRS_HB_COMPLETE_v20 page 9_pages_76-100.md
091-004-011,,091,004,Shaft Assembly - Vibrator Pneumatic Turbine | 092-002-045 | Filter Assembly - Compressor Bulk Product,VMRS_HB_COMPLETE_v20 page 9_pages_76-100.md
092-000-000,,092,000,Compressor - Bulk Product Systems | 002 002 010 | Transfer,VMRS_HB_COMPLETE_v20 page 9_pages_76-100.md
092-001-000,,092,001,"Compressor Assembly Components - Hermetic | 092-002-046 | Element - Filter, Bulk Product Transfer",VMRS_HB_COMPLETE_v20 page 9_pages_76-100.md
092-002-047,,092,002,"Type, Bulk Product Transfer | | Repair Kit - Compressor Assembly",VMRS_HB_COMPLETE_v20 page 9_pages_76-100.md
092-001-001,,092,001,"Compressor Assembly - Complete, Hermetic | 092-002-048 | Body - Rotor Housing, Compressor",VMRS_HB_COMPLETE_v20 page 9_pages_76-100.md
092-002-049,,092,002,"Type, Bulk Product Transfer | | End Plate - Rotor Housing Compressor",VMRS_HB_COMPLETE_v20 page 9_pages_76-100.md
092-002-000,,092,002,"Compressor Assembly - Open Type, Bulk | 092-002-050 | End Cap - Bearing Housing",VMRS_HB_COMPLETE_v20 page 9_pages_76-100.md
092-002-001,,092,002,"Drive - Compressor, Bulk Product Transfer | 092-002-052 | Spacer - Distance Sleeve",VMRS_HB_COMPLETE_v20 page 9_pages_76-100.md
092-002-002,,092,002,"Transfer | 092-002-053 | Cowl - Non-Drive End, Compressor",VMRS_HB_COMPLETE_v20 page 9_pages_76-100.md
092-002-003,,092,002,Motor - Compressor | 092-002-055 | Dowel - Shoulder Pin End Plate,VMRS_HB_COMPLETE_v20 page 9_pages_76-100.md
092-002-004,,092,002,"Starter - Compressor Motor, Bulk Product | 092-002-056 | Shim Pack Kit",VMRS_HB_COMPLETE_v20 page 9_pages_76-100.md
092-002-057,,092,002,"Transfer | | Pressure Relief Valve - Compressor, Bulk",VMRS_HB_COMPLETE_v20 page 9_pages_76-100.md
092-002-005,,092,002,"Cutout - High Pressure, Compressor | | Product Transfer",VMRS_HB_COMPLETE_v20 page 9_pages_76-100.md
092-002-006,,092,002,"Cutout - Low Pressure, Compressor, Bulk | 092-002-058 | Flange - Inlet, Outlet",VMRS_HB_COMPLETE_v20 page 9_pages_76-100.md
092-002-059,,092,002,Product Transfer | | Star - Tolerance Ring,VMRS_HB_COMPLETE_v20 page 9_pages_76-100.md
092-002-007,,092,002,"Holding Charge | 092-002-060 | Fan - Cooling, Compressor",VMRS_HB_COMPLETE_v20 page 9_pages_76-100.md
092-002-008,,092,002,"Oil Charge - Compressor, Bulk Product Transfer | 092-002-061 | Gasket - Inlet/Outlet Flange, Compressor",VMRS_HB_COMPLETE_v20 page 9_pages_76-100.md
092-002-009,,092,002,"Strainer - Oll, Compressor, Bulk Product Transfer | 092-002-062 | Key - Shaft, Compressor Drive",VMRS_HB_COMPLETE_v20 page 9_pages_76-100.md
092-002-010,,092,002,"Service valve - Compressor, Bulk Product | 092-002-063 | U-Ring - End Plate, RotorHandle Assembly (T) Air Strainer",VMRS_HB_COMPLETE_v20 page 9_pages_76-100.md
092-002-011,,092,002,"Indicator - Oil Level, Compressor, Bulk Product | 092-002-004 | Can - Air Strainer",VMRS_HB_COMPLETE_v20 page 9_pages_76-100.md
002-002-011,,002,002,Transfer | 093-000-000 | Storage - Bulk Storage System,VMRS_HB_COMPLETE_v20 page 9_pages_76-100.md
092-002-012,,092,002,"Heater - Crankcase Oil, Compressor Assembly, | 094-000-000 | Lines, Tubes, Hoses & Fittings - Bulk Product",VMRS_HB_COMPLETE_v20 page 9_pages_76-100.md
092-002-013,,092,002,"Connection - Oil Pressure, Compressor, Bulk | 094-001-000 | Lines - Crossover",VMRS_HB_COMPLETE_v20 page 9_pages_76-100.md
094-001-001,,094,001,"Product Transfer | | Hose Assembly W/Fittings - Crossover, Right",VMRS_HB_COMPLETE_v20 page 9_pages_76-100.md
092-002-014,,092,002,"Strainer - Suction Gas, Compressor, Bulk | 094-001-002 | Hose Assembly W/Fittings - Crossover, Left",VMRS_HB_COMPLETE_v20 page 9_pages_76-100.md
094-001-003,,094,001,"Product Transfer | | Adapter - Upstream End, Crossover Hose",VMRS_HB_COMPLETE_v20 page 9_pages_76-100.md
092-002-015,,092,002,"Base - Compressor Assembly, Bulk Product | 094-001-004 | Coupler - Upstream End, Crossover Hose",VMRS_HB_COMPLETE_v20 page 9_pages_76-100.md
002-002-016,,002,002,"IransierMounting Compressor Assembly Bulk Product | 094-001-005 | Hose - Crossover, Aprasive Dry Product",VMRS_HB_COMPLETE_v20 page 9_pages_76-100.md
092-002-017,,092,002,"Bearings - Main, Compressor | 094-001-008 | Hose - Crossover, Petroleum Liquid Product",VMRS_HB_COMPLETE_v20 page 9_pages_76-100.md
092-002-018,,092,002,"Wrist Pin - Compressor Assembly, Hermetic | 094-001-009 | Hose - Crossover, Chemical Liquid Product",VMRS_HB_COMPLETE_v20 page 9_pages_76-100.md
094-001-010,,094,001,"Type, Mechanical Refrigeration Unit | | Hose - Crossover, Corrosive Chemical Liquid",VMRS_HB_COMPLETE_v20 page 9_pages_76-100.md
092-002-019,,092,002,"Lock - Wrist Pin, Compressor, Bulk Product | | Product",VMRS_HB_COMPLETE_v20 page 9_pages_76-100.md
094-001-011,,094,001,"Transfer | | Hose - Crossover, Sanitary Liquid Product",VMRS_HB_COMPLETE_v20 page 9_pages_76-100.md
092-002-020,,092,002,"Cylinder Block - Compressor, Open Type, Bulk | 094-001-012 | Hose - Crossover, Flammable Gas Product",VMRS_HB_COMPLETE_v20 page 9_pages_76-100.md
092-002-021,,092,002,"Head - Cylinder, Compressor, Bulk Product | 094-001-014 | Hose - Crossover, Cryogenic Product",VMRS_HB_COMPLETE_v20 page 9_pages_76-100.md
002-002-022,,002,002,"HallsterValue - Discharge, Compressor, Bulk Product | 094-001-015 | Adapter - Downstream End, Crossover Hose",VMRS_HB_COMPLETE_v20 page 9_pages_76-100.md
052-002-022,,052,002,Transfer | 094-001-017 | Cap - Protector Crossover Hose,VMRS_HB_COMPLETE_v20 page 9_pages_76-100.md
092-002-023,,092,002,"Inlet Valve - Open Compressor, Bulk Product | 094-001-018 | Hardware. Mounting - Right Crossover Hose",VMRS_HB_COMPLETE_v20 page 9_pages_76-100.md
092-002-024,,092,002,"Inlet Valve - Spring Loaded, Loading Mechanism | 094-001-019 | Tube Assembly W/Fittings - Crossover, Right",VMRS_HB_COMPLETE_v20 page 9_pages_76-100.md
092-002-025,,092,002,"Rod - Connecting, Compressor, Bulk Product | 094-001-020 | Tube Assembly W/Fittings - Crossover, Left",VMRS_HB_COMPLETE_v20 page 9_pages_76-100.md
094-001-021,,094,001,"Transfer | | Adapter - Upstream End, Crossover Tube",VMRS_HB_COMPLETE_v20 page 9_pages_76-100.md
092-002-026,,092,002,"Air Strainer - Complete, Bulk Product | 094-001-022 | Coupler - Upstream End, Crossover Tube",VMRS_HB_COMPLETE_v20 page 9_pages_76-100.md
000-000-007,,000,000,"Compressor | 094-001-023 | Tube - Crossover, Abrasive Dry Product",VMRS_HB_COMPLETE_v20 page 9_pages_76-100.md
092-002-027,,092,002,"Element - Air Strainer, Bulk Product Transfer | 094-001-024 | Tube - Crossover, Nonabrasive Dry Product",VMRS_HB_COMPLETE_v20 page 9_pages_76-100.md
092-002-030,,092,002,"O-Ring - Input Hub & Shaft | 094-001-027 | Tube - Crossover, Chemical Liquid Product",VMRS_HB_COMPLETE_v20 page 9_pages_76-100.md
092-002-031,,092,002,"Shaft - Input, Compressor Drive | 094-001-028 | Tube - Crossover, Corrosive Chemical Liquid",VMRS_HB_COMPLETE_v20 page 9_pages_76-100.md
092-002-032,,092,002,Seal Assembly - Input Shaft | | Product,VMRS_HB_COMPLETE_v20 page 9_pages_76-100.md
092-002-033,,092,002,"Bearing Assembly - Input Shaft | 094-001-029 | Tube - Crossover, Sanitary Liquid Product",VMRS_HB_COMPLETE_v20 page 9_pages_76-100.md
092-002-034,,092,002,"Gear Case - Compressor Drive | 094-001-030 | Tube - Crossover, Flammable Gas Product",VMRS_HB_COMPLETE_v20 page 9_pages_76-100.md
092-002-035,,092,002,"Gear - Intermediate, Input Shaft | 094-001-031 | Tube - Crossover, Nonflammable Gas Product",VMRS_HB_COMPLETE_v20 page 9_pages_76-100.md
092-002-036,,092,002,"Gear - Input, 1st Stage (Single Stage) | 094-001-032 | Tube - Crossover, Cryogenic Product",VMRS_HB_COMPLETE_v20 page 9_pages_76-100.md
092-002-037,,092,002,"Gear - Input, 2nd Stage | 094-001-033 | Coupler - Downstream End, Crossover Tube",VMRS_HB_COMPLETE_v20 page 9_pages_76-100.md
094-006-011,,094,006,Reel Drum & Plates | 094-007-024 | Hardware Mounting - Vapor Recovery Flexible,VMRS_HB_COMPLETE_v20 page 9_pages_76-100.md
094-006-012,,094,006,Drive Assembly - Reel Manual | 001007021 | Hose Joint Coupling,VMRS_HB_COMPLETE_v20 page 9_pages_76-100.md
094-006-013,,094,006,Drive Assembly - Reel Electrical | 094-007-025 | Vapor Becovery Valve Assembly - Complete,VMRS_HB_COMPLETE_v20 page 9_pages_76-100.md
094-006-014,,094,006,"Drive Assembly - Reel, Compressed Air | 094-007-026 | Air Filter Assembly - Vapor Becovery Line",VMRS_HB_COMPLETE_v20 page 9_pages_76-100.md
094-006-015,,094,006,Crank Handle - Manual Reel Drive | 004-007-020 | Cartridge - Benlacement Air Filter Vapor,VMRS_HB_COMPLETE_v20 page 9_pages_76-100.md
094-006-016,,094,006,Control - Compressed Air Beel Drive | 004 007 027 | Becovery Line,VMRS_HB_COMPLETE_v20 page 9_pages_76-100.md
094-006-017,,094,006,Line - Compressed Air Reel Drive | 094-008-000 | Line - Air Supply,VMRS_HB_COMPLETE_v20 page 9_pages_76-100.md
094-000-017,,094,000,Swivel loint Dool | 094-008-000 | Hose Assembly W/Fittings Jumper Air Supply,VMRS_HB_COMPLETE_v20 page 9_pages_76-100.md
094-006-010,,094,006,Hose Assembly - Reel | 094-008-002 | Adapter - Air Supply Jumper Hose Upstream,VMRS_HB_COMPLETE_v20 page 9_pages_76-100.md
094-000-019,,094,000,Adaptor Hose Dool Upstroam End | 094-000-002 | End,VMRS_HB_COMPLETE_v20 page 9_pages_76-100.md
094-000-020,,094,000,Coupler Hose Deal Unstream End | 004 008 003 | Coupler Air Supply Jumper Hese Upstream,VMRS_HB_COMPLETE_v20 page 9_pages_76-100.md
094-000-021,,094,000,Hoso Hoso Dool | 094-000-000 | End,VMRS_HB_COMPLETE_v20 page 9_pages_76-100.md
094-000-022,,094,000,Coupler Hose Pool Downstream End | 004 008 004 | Cap Protector Air Supply Jumper Hese,VMRS_HB_COMPLETE_v20 page 9_pages_76-100.md
094-000-023,,094,000,"Adapter Hose Reel, Downstream End | 094-008-004 | Hoso Jumper Air Supply Jumper Hose",VMRS_HB_COMPLETE_v20 page 9_pages_76-100.md
094-000-024,,094,000,Nozzla - Hoso Dool | 094-008-006 | Coupler Air Supply Jumper Hose,VMRS_HB_COMPLETE_v20 page 9_pages_76-100.md
094-000-025,,094,000,Cap Protector Hose Pool | 094-000-000 | Downstroom End,VMRS_HB_COMPLETE_v20 page 9_pages_76-100.md
094-000-027,,094,000,"Rearing Electrical Real Drive Assembly | 094-000-007 | Adapter - All Supply Jumper Hose, Downstream",VMRS_HB_COMPLETE_v20 page 9_pages_76-100.md
094-000-029,,094,000,Togglo Weatherproof Hose Deal | 094-000-000 | Accombly with Eittinge,VMRS_HB_COMPLETE_v20 page 9_pages_76-100.md
094-000-030,,094,000,Switch Weatherproof Duch Putton Hose Deal | 004 009 000 | Mondrol Air Supply Jumpor Hoso,VMRS_HB_COMPLETE_v20 page 9_pages_76-100.md
094-000-031,,094,000,"Switch - Weatherproof Fusit Button, Hose Reel | 094-008-009 | Support Air Supply Jumper Hose",VMRS_HB_COMPLETE_v20 page 9_pages_76-100.md
094-000-032,,094,000,Diake Assembly - Hose Reel | 094-006-010 | Support - All Supply Jumper Hose,VMRS_HB_COMPLETE_v20 page 9_pages_76-100.md
094-006-033,,094,006,"NOZZIE - SWIVEI, HOSE REEL | 094-008-011 | Tube Assembly - Air Supply",VMRS_HB_COMPLETE_v20 page 9_pages_76-100.md
094-006-034,,094,006,"Repair Kit - Swivei Nozzie | 094-008-012 | Cap - Protector, Air Supply Tube",VMRS_HB_COMPLETE_v20 page 9_pages_76-100.md
094-006-035,,094,006,"Nozzle - Check valve | 094-008-013 | Adapter - Air Supply Tube, Upstream End",VMRS_HB_COMPLETE_v20 page 9_pages_76-100.md
094-006-036,,094,006,"Handle & Latch Assembly - Nozzle | 094-008-014 | Coupler - Air Supply Tube, Upstream End",VMRS_HB_COMPLETE_v20 page 9_pages_76-100.md
094-006-037,,094,006,Nut - Nozzle | 094-008-015 | Tube - Air Supply,VMRS_HB_COMPLETE_v20 page 9_pages_76-100.md
094-006-038,,094,006,"Caliper - Brake, Air Operated Hose Reel | 094-008-016 | Coupler - Air Supply Tube, Downstream End",VMRS_HB_COMPLETE_v20 page 9_pages_76-100.md
094-006-039,,094,006,"Regulator - Air Pressure, Caliper, Brake Hose | 094-008-017 | Adapter - Air Supply Tube, Downstream End",VMRS_HB_COMPLETE_v20 page 9_pages_76-100.md
094-008-018,,094,008,"Reel | | Hardware, Mounting- Air Supply Tube Assembly",VMRS_HB_COMPLETE_v20 page 9_pages_76-100.md
094-006-040,,094,006,Drum - Hose Reel Brake | 094-008-019 | Hose Assembly - Air Supply,VMRS_HB_COMPLETE_v20 page 9_pages_76-100.md
094-006-041,,094,006,"Sprocket & Brake Disc | 094-008-020 | Adapter - Air Supply Hose, Upstream End",VMRS_HB_COMPLETE_v20 page 9_pages_76-100.md
094-006-042,,094,006,"Boot - Weatherproof Toggle Switch, Hose Reel | 094-008-021 | Coupler - Air Supply Hose, Upstream End",VMRS_HB_COMPLETE_v20 page 9_pages_76-100.md
094-006-043,,094,006,"Boot - Weatherproof Push Button Switch, Hose | 094-008-022 | Hose - Air Supply",VMRS_HB_COMPLETE_v20 page 9_pages_76-100.md
094-008-023,,094,008,"Reel | | Coupler - Air Supply Hose, Downstream End",VMRS_HB_COMPLETE_v20 page 9_pages_76-100.md
094-006-044,,094,006,"Brake Pad - Hose Reel | 094-008-024 | Adapter - Air Supply Hose, Downstream End",VMRS_HB_COMPLETE_v20 page 9_pages_76-100.md
094-006-045,,094,006,"Brake Spring - Hose Reel | 094-008-025 | Hardware, Mounting - Air Supply Hose Assembly",VMRS_HB_COMPLETE_v20 page 9_pages_76-100.md
094-006-046,,094,006,"Roller Rod - Hose Reel | 094-008-026 | Plenum - Cover, Air Supply",VMRS_HB_COMPLETE_v20 page 9_pages_76-100.md
094-006-047,,094,006,"Spool - Chrome, Hose Reel | 094-008-027 | Aerator Pad - Fabric, Air Supply",VMRS_HB_COMPLETE_v20 page 9_pages_76-100.md
094-006-048,,094,006,"Trunnion - Short, Hose Reel | 094-008-028 | Housing - Hopper Aerator, Air Supply",VMRS_HB_COMPLETE_v20 page 9_pages_76-100.md
094-007-000,,094,007,"Line - Vapor Recovery | 094-008-029 | Hardware, Mounting - Air Supply Plenum Cover",VMRS_HB_COMPLETE_v20 page 9_pages_76-100.md
094-007-001,,094,007,"Connector - Hood, Vapor Recovery | 094-008-030 | Coupling - Flange, Air Supply",VMRS_HB_COMPLETE_v20 page 9_pages_76-100.md
094-007-002,,094,007,"Hood - Vapor Recovery | 094-008-031 | Gasket - Flange Coupling, Air Supply",VMRS_HB_COMPLETE_v20 page 9_pages_76-100.md
094-007-003,,094,007,"Hardware, Mounting - Vapor Recovery Hood | 094-008-032 | Hardware, Mounting - Air Supply Flange",VMRS_HB_COMPLETE_v20 page 9_pages_76-100.md
094-007-004,,094,007,Tube Assembly W/Fittings - Vapor Recovery | | Coupling,VMRS_HB_COMPLETE_v20 page 9_pages_76-100.md
094-007-005,,094,007,"Adapter - Vapor Recovery Tube, Upstream End | 094-008-033 | Coupling - Flexible Joint, Air Supply Hose",VMRS_HB_COMPLETE_v20 page 9_pages_76-100.md
094-007-006,,094,007,"Coupler - Vapor Recovery Tube, Upstream End | 094-008-034 | Hardware, Mounting - Air Supply Hose Flexible",VMRS_HB_COMPLETE_v20 page 9_pages_76-100.md
094-007-007,,094,007,Tube - Vapor Recovery | | Joint Coupling,VMRS_HB_COMPLETE_v20 page 9_pages_76-100.md
094-007-008,,094,007,"Coupler - Vapor Recovery Tube, Downstream | 094-008-035 | Aeration Cone Assembly",VMRS_HB_COMPLETE_v20 page 9_pages_76-100.md
094-008-037,,094,008,End | | Gasket - Aeration Cone,VMRS_HB_COMPLETE_v20 page 9_pages_76-100.md
094-007-009,,094,007,"Adapter - Vapor Recovery Tube, Downstream | 094-008-038 | Filter Assembly",VMRS_HB_COMPLETE_v20 page 9_pages_76-100.md
094-008-039,,094,008,"End | | Element - Filter, Air Cleaner",VMRS_HB_COMPLETE_v20 page 9_pages_76-100.md
094-007-010,,094,007,"Cap - Protector, Vapor Recovery Tube | 094-008-040 | Handle - Aeration Housing",VMRS_HB_COMPLETE_v20 page 9_pages_76-100.md
094-007-011,,094,007,"Hardware, Mounting - Vapor Recovery Tube | 094-008-041 | Plate - Aeration Cone",VMRS_HB_COMPLETE_v20 page 9_pages_76-100.md
094-008-042,,094,008,Assembly with Fittings | | Stem - Aeration Cone,VMRS_HB_COMPLETE_v20 page 9_pages_76-100.md
094-007-012,,094,007,Hose Assembly W/Fittings - Vapor Recovery | 094-009-000 | Line - Blowdown,VMRS_HB_COMPLETE_v20 page 9_pages_76-100.md
094-007-013,,094,007,"Adapter - Vapor Recovery Hose, Upstream End | 094-009-001 | Tube Assembly W/Fittings - Blowdown",VMRS_HB_COMPLETE_v20 page 9_pages_76-100.md
094-007-014,,094,007,"Coupler - Vapor Recovery Hose, Upstream End | 094-009-002 | Adapter - Blowdown, Upstream Tank End",VMRS_HB_COMPLETE_v20 page 9_pages_76-100.md
094-007-015,,094,007,"Hose - Vapor Recovery | 094-009-003 | Coupler - Blowdown, Upstream Tank End",VMRS_HB_COMPLETE_v20 page 9_pages_76-100.md
094-007-016,,094,007,"Coupler - Vapor Recovery Hose, Downstream | 094-009-004 | Tube - Blowdown",VMRS_HB_COMPLETE_v20 page 9_pages_76-100.md
094-009-005,,094,009,"End | | Coupler - Blowdown, Downstream End,",VMRS_HB_COMPLETE_v20 page 9_pages_76-100.md
094-007-017,,094,007,"Adapter - Vapor Recovery Hose, Downstream | 094-009-006 | Adapter - Blowdown, Downstream End",VMRS_HB_COMPLETE_v20 page 9_pages_76-100.md
094-009-007,,094,009,End | | Hose Assembly W/Fittings - Blowdown,VMRS_HB_COMPLETE_v20 page 9_pages_76-100.md
094-007-018,,094,007,"Cap - Protector, Vapor Recovery Hose | 094-009-008 | Adapter - Blowdown, Upstream End",VMRS_HB_COMPLETE_v20 page 9_pages_76-100.md
094-007-019,,094,007,"Hardware, Mounting - Vapor Recovery Hose | 094-009-009 | Coupler - Blowdown, Upstream End",VMRS_HB_COMPLETE_v20 page 9_pages_76-100.md
094-009-010,,094,009,Assembly with Fittings | | Hose - Blowdown,VMRS_HB_COMPLETE_v20 page 9_pages_76-100.md
094-007-020,,094,007,"Coupling - Flange, Vapor Recovery | 094-009-011 | Coupler - Blowdown Hose, Downstream End",VMRS_HB_COMPLETE_v20 page 9_pages_76-100.md
094-007-021,,094,007,"Gasket - Flange Coupling, Vapor Recovery | 094-009-012 | Adapter - Blowdown Hose, Downstream End",VMRS_HB_COMPLETE_v20 page 9_pages_76-100.md
094-007-022,,094,007,"Hardware, Mounting - Vapor Recovery Flange | 094-009-013 | Blowdown Exhaust Valve - Aspirator",VMRS_HB_COMPLETE_v20 page 9_pages_76-100.md
094-010-000,,094,010,Coupling | | Fitting - (Refer To SAE J846 For Code System),VMRS_HB_COMPLETE_v20 page 9_pages_76-100.md
094-007-023,,094,007,"Coupling - Flexible Hose Joint, Vapor Recovery | 094-010-001 | Fitting - Straight",VMRS_HB_COMPLETE_v20 page 9_pages_76-100.md
094-010-002,,094,010,Fitting - Elbow 90 Degree | 094,VMRS_HB_COMPLETE_v20 page 9_pages_76-100.md
094-010-003,,094,010,"Fitting - Elbow, 45 Degree | 001",VMRS_HB_COMPLETE_v20 page 9_pages_76-100.md
004-010-004,,004,010,Fitting Too | 004,VMRS_HB_COMPLETE_v20 page 9_pages_76-100.md
094-010-004,,094,010,Fitting - Cross | 004,VMRS_HB_COMPLETE_v20 page 9_pages_76-100.md
094-010-005,,094,010,Fitting - Union Straight Bulkhead | 004,VMRS_HB_COMPLETE_v20 page 9_pages_76-100.md
094-010-007,,094,010,"Fitting Union, 90 Degree Elbow, Bulkhead | 094",VMRS_HB_COMPLETE_v20 page 9_pages_76-100.md
094-010-006,,094,010,"Filling - Union, 45 Degree Elbow, Bulkhead | 094",VMRS_HB_COMPLETE_v20 page 9_pages_76-100.md
094-010-009,,094,010,"Filling - Tee, Buiknead | 094",VMRS_HB_COMPLETE_v20 page 9_pages_76-100.md
094-010-010,,094,010,"Fitting - Elbow, 22 1/2 Degree | 094",VMRS_HB_COMPLETE_v20 page 9_pages_76-100.md
094-010-011,,094,010,"Fitting - Elbow, 30 Degree | 094",VMRS_HB_COMPLETE_v20 page 9_pages_76-100.md
094-010-012,,094,010,"Fitting - Elbow, 60 Degree | 094",VMRS_HB_COMPLETE_v20 page 9_pages_76-100.md
094-010-013,,094,010,"Fitting - Elbow, 67 1/2 Degree | 094",VMRS_HB_COMPLETE_v20 page 9_pages_76-100.md
094-010-014,,094,010,"Fitting - Short Drop Elbow, 90 Degree | 094",VMRS_HB_COMPLETE_v20 page 9_pages_76-100.md
094-010-015,,094,010,"Fitting - Long Drop Elbow, 90 Degree | 094",VMRS_HB_COMPLETE_v20 page 9_pages_76-100.md
094-010-016,,094,010,"Fitting - Extra Long Drop Elbow, 90 Degree | 094",VMRS_HB_COMPLETE_v20 page 9_pages_76-100.md
094-010-017,,094,010,Bolting Clip - Tee Fitting | 094,VMRS_HB_COMPLETE_v20 page 9_pages_76-100.md
094-010-018,,094,010,"Fitting - Return, 180 Degree | 094",VMRS_HB_COMPLETE_v20 page 9_pages_76-100.md
094-010-019,,094,010,O-Ring - Fitting | 094,VMRS_HB_COMPLETE_v20 page 9_pages_76-100.md
094-011-000,,094,011,Coupler - Quick Disconnect | 095,VMRS_HB_COMPLETE_v20 page 9_pages_76-100.md
094-011-001,,094,011,"Coupler - Quick Disconnect, Female Npt, | 095",VMRS_HB_COMPLETE_v20 page 9_pages_76-100.md
094-011-002,,094,011,"Coupler - Quick Disconnect, Female Npt, Cam | 095",VMRS_HB_COMPLETE_v20 page 9_pages_76-100.md
094-011-003,,094,011,"Pin - Brass, Quick Disconnect Coupler | 095",VMRS_HB_COMPLETE_v20 page 9_pages_76-100.md
094-011-004,,094,011,"Pin - Stainless Steel, Quick Disconnect Coupler | 095",VMRS_HB_COMPLETE_v20 page 9_pages_76-100.md
094-011-005,,094,011,"Cam - Brass, Quick Disconnect Coupler | 095",VMRS_HB_COMPLETE_v20 page 9_pages_76-100.md
094-011-006,,094,011,"Cam - Stainless Steel, Quick Disconnect Coupler | 095",VMRS_HB_COMPLETE_v20 page 9_pages_76-100.md
094-011-007,,094,011,"Ring - Cam, Quick Disconnect Coupler | 095",VMRS_HB_COMPLETE_v20 page 9_pages_76-100.md
094-011-008,,094,011,Gasket - Quick Disconnect Coupler | 096,VMRS_HB_COMPLETE_v20 page 9_pages_76-100.md
094-011-009,,094,011,"Coupler - Quick Disconnect, Male Npt, Groove | 096",VMRS_HB_COMPLETE_v20 page 9_pages_76-100.md
094-011-010,,094,011,"Coupler - Quick Disconnect, Male Not, Cam End | 096",VMRS_HB_COMPLETE_v20 page 9_pages_76-100.md
094-011-011,,094,011,Coupler - Quick Disconnect Hose Shank | 096,VMRS_HB_COMPLETE_v20 page 9_pages_76-100.md
094-011-012,,094,011,Coupler - Quick Disconnect Hose Shank Cam | 000,VMRS_HB_COMPLETE_v20 page 9_pages_76-100.md
004-011-012,,004,011,End | 000,VMRS_HB_COMPLETE_v20 page 9_pages_76-100.md
094-011-015,,094,011,Adapter - Groove To Groove End Ouick | 000,VMRS_HB_COMPLETE_v20 page 9_pages_76-100.md
034-011-013,,034,011,Disconnect | 0000,VMRS_HB_COMPLETE_v20 page 9_pages_76-100.md
,011-016,011,016,00/ | Adapter Cam To Groove Ende Quick | 000,VMRS_HB_COMPLETE_v20 page 9_pages_76-100.md
,011-017,011,017,00/ | Poducor Quick Disconnect Male Not Groove | 000,VMRS_HB_COMPLETE_v20 page 9_pages_76-100.md
094-011-017,,094,011,Find | 000,VMRS_HB_COMPLETE_v20 page 9_pages_76-100.md
004-011-019,,004,011,Strainer Quick Disconnect | 090,VMRS_HB_COMPLETE_v20 page 9_pages_76-100.md
094-011-019,,094,011,"Dasket - Screen, Quick Disconnect | 090",VMRS_HB_COMPLETE_v20 page 9_pages_76-100.md
094-012-000,,094,012,Line - Storage | 090,VMRS_HB_COMPLETE_v20 page 9_pages_76-100.md
094-012-001,,094,012,"Clamp - Line, Storage | 090",VMRS_HB_COMPLETE_v20 page 9_pages_76-100.md
094-012-002,,094,012,"Door - Line, Storage | 097",VMRS_HB_COMPLETE_v20 page 9_pages_76-100.md
094-012-003,,094,012,"End Cap - Line, Storage | 097",VMRS_HB_COMPLETE_v20 page 9_pages_76-100.md
094-012-004,,094,012,"Hardware, Mounting - Line, Storage | 097",VMRS_HB_COMPLETE_v20 page 9_pages_76-100.md
094-012-005,,094,012,"Tube - Line, Storage | 097",VMRS_HB_COMPLETE_v20 page 9_pages_76-100.md
094-013-000,,094,013,"Lines, Tubes, Hoses and Fittings - Unspecified | 097",VMRS_HB_COMPLETE_v20 page 9_pages_76-100.md
094-013-001,,094,013,Hose - Abrasive Dry Product | 097,VMRS_HB_COMPLETE_v20 page 9_pages_76-100.md
094-013-002,,094,013,Hose - Non-Abrasive Dry Product | 097,VMRS_HB_COMPLETE_v20 page 9_pages_76-100.md
094-013-003,,094,013,Hose - Sanitary Dry Product | 097,VMRS_HB_COMPLETE_v20 page 9_pages_76-100.md
094-013-004,,094,013,Hose - Petroleum Liquid Product | 097,VMRS_HB_COMPLETE_v20 page 9_pages_76-100.md
094-013-005,,094,013,Hose - Chemical Liquid Product | 097,VMRS_HB_COMPLETE_v20 page 9_pages_76-100.md
094-013-006,,094,013,Hose - Corrosive Chemical Liquid Product | 097,VMRS_HB_COMPLETE_v20 page 9_pages_76-100.md
094-013-007,,094,013,Hose - Sanitary Liquid Product | 097,VMRS_HB_COMPLETE_v20 page 9_pages_76-100.md
094-013-008,,094,013,Hose - Flammable Gas Product | 097,VMRS_HB_COMPLETE_v20 page 9_pages_76-100.md
094-013-009,,094,013,Hose - Nonflammable Gas Product | 097,VMRS_HB_COMPLETE_v20 page 9_pages_76-100.md
094-013-010,,094,013,Hose - Cryogenic Product | 097,VMRS_HB_COMPLETE_v20 page 9_pages_76-100.md
094-013-011,,094,013,Tube - Abrasive Dry Product | 097,VMRS_HB_COMPLETE_v20 page 9_pages_76-100.md
094-013-012,,094,013,Tube - Nonabrasive Dry Product | 097,VMRS_HB_COMPLETE_v20 page 9_pages_76-100.md
094-013-013,,094,013,Tube - Sanitary Dry Product | 097,VMRS_HB_COMPLETE_v20 page 9_pages_76-100.md
094-013-014,,094,013,Tube - Petroleum Liquid Product | 097,VMRS_HB_COMPLETE_v20 page 9_pages_76-100.md
094-013-015,,094,013,Tube - Chemical Liquid Product | 097,VMRS_HB_COMPLETE_v20 page 9_pages_76-100.md
094-013-016,,094,013,Tube - Corrosive Chemical Liquid Product | 097,VMRS_HB_COMPLETE_v20 page 9_pages_76-100.md
094-013-017,,094,013,Tube - Sanitary Liquid Product | 097,VMRS_HB_COMPLETE_v20 page 9_pages_76-100.md
094-013-018,,094,013,Tube - Flammable Gas Product | 097,VMRS_HB_COMPLETE_v20 page 9_pages_76-100.md
,013-019,013,019,4- | Tube - Nonflammable Gas Product,VMRS_HB_COMPLETE_v20 page 9_pages_76-100.md
,013-020,013,020,4- | Tube - Cryogenic Product,VMRS_HB_COMPLETE_v20 page 9_pages_76-100.md
,013-021,013,021,1- | Hose - Bulk Product Transfer,VMRS_HB_COMPLETE_v20 page 9_pages_76-100.md
,013-023,013,023,1- | Line - Bulk Product Transfer,VMRS_HB_COMPLETE_v20 page 9_pages_76-100.md
,012-023,012,023,4 | Adapter Bulk Product Transfer,VMRS_HB_COMPLETE_v20 page 9_pages_76-100.md
,013-024,013,024,4- | Adapter - Bulk Product Transfer,VMRS_HB_COMPLETE_v20 page 9_pages_76-100.md
,013-025,013,025,4- | Coupler - Bulk Product Transfer,VMRS_HB_COMPLETE_v20 page 9_pages_76-100.md
,013-026,013,026,4- | Fitting - Bulk Product Transfer,VMRS_HB_COMPLETE_v20 page 9_pages_76-100.md
,013-027,013,027,4- | Cap - Bulk Product Transfer,VMRS_HB_COMPLETE_v20 page 9_pages_76-100.md
,013-028,013,028,4- | Plug - Bulk Product Transfer,VMRS_HB_COMPLETE_v20 page 9_pages_76-100.md
,013-029,013,029,4- | Nipple - Bulk Product Transfer,VMRS_HB_COMPLETE_v20 page 9_pages_76-100.md
,013-030,013,030,4- | Sight Glass - Bulk Product Transfer,VMRS_HB_COMPLETE_v20 page 9_pages_76-100.md
,013-031,013,031,4- | Gasket - Cap,VMRS_HB_COMPLETE_v20 page 9_pages_76-100.md
,013-032,013,032,4- | Coupling - Flange,VMRS_HB_COMPLETE_v20 page 9_pages_76-100.md
,013-033,013,033,4- | Gasket - Flange Coupling,VMRS_HB_COMPLETE_v20 page 9_pages_76-100.md
,013-034,013,034,4- | Coupling - Flexible Hose Joint,VMRS_HB_COMPLETE_v20 page 9_pages_76-100.md
,013-035,013,035,4- | Bracket - Position Not Specified,VMRS_HB_COMPLETE_v20 page 9_pages_76-100.md
,013-036,013,036,4- | Hardware. Mounting - Position Not Specified,VMRS_HB_COMPLETE_v20 page 9_pages_76-100.md
,001-000,001,000,5- | Manifold Assembly W/Fittings,VMRS_HB_COMPLETE_v20 page 9_pages_76-100.md
,001-001,001,001,5- | Adapter - Manifold Upstream End,VMRS_HB_COMPLETE_v20 page 9_pages_76-100.md
,001-002,001,002,5- | Coupler - Manifold Upstream End,VMRS_HB_COMPLETE_v20 page 9_pages_76-100.md
,001-003,001,003,5- | Coupler Manifold Downstream End,VMRS_HB_COMPLETE_v20 page 9_pages_76-100.md
,001-004,001,004,5- | Couplet - Manifold Downstream End,VMRS_HB_COMPLETE_v20 page 9_pages_76-100.md
,001-005,001,005,"5- | Adapter - Maniloid, Downstream End",VMRS_HB_COMPLETE_v20 page 9_pages_76-100.md
,001-006,001,006,"5- | Cap - Protector, Manifold",VMRS_HB_COMPLETE_v20 page 9_pages_76-100.md
,002-001,002,001,5- | Pulsation Dampener Assembly,VMRS_HB_COMPLETE_v20 page 9_pages_76-100.md
096-002-005,,096,002,6-002-006 | Dust Cap - (For ),VMRS_HB_COMPLETE_v20 page 9_pages_76-100.md
096-002-006,,096,002,6-002-007 | Washer - Composition (For ),VMRS_HB_COMPLETE_v20 page 9_pages_76-100.md
,002-009,002,009,6- | Shaft Assembly - PTO,VMRS_HB_COMPLETE_v20 page 9_pages_76-100.md
,001-007,001,007,"7- | Cover - Inspection, Centrifugal Pump Housing",VMRS_HB_COMPLETE_v20 page 9_pages_76-100.md
,001-008,001,008,"7- | Gasket - Inspection Cover, Pump Housing",VMRS_HB_COMPLETE_v20 page 9_pages_76-100.md
,001-009,001,009,7- | Impeller - Centrifugal Pump,VMRS_HB_COMPLETE_v20 page 9_pages_76-100.md
,001-010,001,010,7- | Shim - Impeller Centrifugal Pump,VMRS_HB_COMPLETE_v20 page 9_pages_76-100.md
,001-011,001,011,7- | Key - Impeller To Impeller Shaft,VMRS_HB_COMPLETE_v20 page 9_pages_76-100.md
,001-012,001,012,7- | Drive Shaft - Impeller,VMRS_HB_COMPLETE_v20 page 9_pages_76-100.md
,001-014,001,014,7 | Kov Impollor Shaft Drivon End,VMRS_HB_COMPLETE_v20 page 9_pages_76-100.md
,001-015,001,015,"7 | Ney - Impeller Shall, Driveri Ena",VMRS_HB_COMPLETE_v20 page 9_pages_76-100.md
,001-017,001,017,7- | Sieeve - Impelier Snatt,VMRS_HB_COMPLETE_v20 page 9_pages_76-100.md
,001-018,001,018,"/- | Bearing - Impeller Shaft, Impeller End",VMRS_HB_COMPLETE_v20 page 9_pages_76-100.md
,001-019,001,019,"7- | Seal - Impeller Shaft Bearing, Impeller End",VMRS_HB_COMPLETE_v20 page 9_pages_76-100.md
,001-020,001,020,"7- | End Cap - Bearing, Impeller Shaft",VMRS_HB_COMPLETE_v20 page 9_pages_76-100.md
,001-021,001,021,7- | Ring - Slinger,VMRS_HB_COMPLETE_v20 page 9_pages_76-100.md
097-001-022,,097,001,"Bearing - Impeller Shaft, Drive End | 097-002-042 | Clip Spring - Packing Gland",VMRS_HB_COMPLETE_v20 page 9_pages_76-100.md
097-001-023,,097,001,"Bearing Cap - Impeller Shaft, Drive End | 097-002-043 | Diaphragm - Pressure Control Valve",VMRS_HB_COMPLETE_v20 page 9_pages_76-100.md
097-001-024,,097,001,Shim - Bearing Cap (097-001-023) | 097-002-044 | Fill Cap - Vented,VMRS_HB_COMPLETE_v20 page 9_pages_76-100.md
097-001-025,,097,001,"Retaining Ring - Impeller Shaft Bearing, Drive | 097-002-045 | Diaphragm - Pressure Relief Valve",VMRS_HB_COMPLETE_v20 page 9_pages_76-100.md
097-002-046,,097,002,End | | O-Ring - Front Cover,VMRS_HB_COMPLETE_v20 page 9_pages_76-100.md
097-001-026,,097,001,Housing - Impeller Shaft | 097-002-047 | Pressure Control Valve Assembly,VMRS_HB_COMPLETE_v20 page 9_pages_76-100.md
097-001-027,,097,001,"Plug - Vented, Impeller Shaft Housing | 097-002-048 | Sight Glass - Oil Level",VMRS_HB_COMPLETE_v20 page 9_pages_76-100.md
097-001-028,,097,001,"Pulley (Sheave) - Drive, Impeller Shaft | 097-002-049 | Pump Assembly - Positive Displacement",VMRS_HB_COMPLETE_v20 page 9_pages_76-100.md
097-001-029,,097,001,"Bushing - Drive Pulley, Impeller Shaft | 097-002-050 | Repair Kit - Pump, Positive Displacement",VMRS_HB_COMPLETE_v20 page 9_pages_76-100.md
097-001-030,,097,001,"Coupling - Drive, Impeller Shaft | 097-003-000 | Fire Pump Driver",VMRS_HB_COMPLETE_v20 page 9_pages_76-100.md
097-001-031,,097,001,"Belt - Drive, Product Transfer Pump | 097-003-001 | Fire Pump Driver Assembly",VMRS_HB_COMPLETE_v20 page 9_pages_76-100.md
097-001-032,,097,001,O-Ring - Diffuser | 097-003-002 | Pump - Fire Pump Driver,VMRS_HB_COMPLETE_v20 page 9_pages_76-100.md
097-001-033,,097,001,"Shaft - Input, Centrifugal Pump | 097-003-003 | Module - Pump Throttle Control",VMRS_HB_COMPLETE_v20 page 9_pages_76-100.md
097-001-034,,097,001,Gear - Input | 097-003-004 | Sensor - Pump Pressure,VMRS_HB_COMPLETE_v20 page 9_pages_76-100.md
097-001-035,,097,001,Diffuser | 098-000-000 | Valves & Controls - Bulk Product Transfer,VMRS_HB_COMPLETE_v20 page 9_pages_76-100.md
097-001-036,,097,001,Back Plate | | Systems,VMRS_HB_COMPLETE_v20 page 9_pages_76-100.md
097-001-037,,097,001,Line - Balance | 098-001-000 | Ball Valve Assembly (Blowdown Valves),VMRS_HB_COMPLETE_v20 page 9_pages_76-100.md
097-001-038,,097,001,Bracket - Primer Pump | 098-001-001 | Body - Ball Valve,VMRS_HB_COMPLETE_v20 page 9_pages_76-100.md
097-001-039,,097,001,"Bushing - Coupling Drive, Impeller Shaft | 098-001-002 | Insert - Valve, Bulk Product Transfer",VMRS_HB_COMPLETE_v20 page 9_pages_76-100.md
097-001-040,,097,001,Fitting - Pump Housing | 098-001-003 | Ball,VMRS_HB_COMPLETE_v20 page 9_pages_76-100.md
097-001-041,,097,001,"Lockscrew - Impeller | 098-001-004 | Stem - Ball Valve, Bulk Product Transfer",VMRS_HB_COMPLETE_v20 page 9_pages_76-100.md
097-001-042,,097,001,"Washer - Impeller | 098-001-005 | Seat - Ball Valve, Bulk Product Transfer",VMRS_HB_COMPLETE_v20 page 9_pages_76-100.md
097-001-043,,097,001,"Primer Pump | 098-001-006 | Seal Or Packing - Ball Valve, Bulk Product",VMRS_HB_COMPLETE_v20 page 9_pages_76-100.md
097-001-044,,097,001,Seal - Reservoir | 000 001 000 | Transfer,VMRS_HB_COMPLETE_v20 page 9_pages_76-100.md
097-001-045,,097,001,"Plate - Support | 098-001-007 | Handle - Ball Valve, Bulk Product Transfer",VMRS_HB_COMPLETE_v20 page 9_pages_76-100.md
007-001-046,,007,001,Kit - Rebuild Product Transfer Pump | 008-001-008 | Service Kit - Ball Valve,VMRS_HB_COMPLETE_v20 page 9_pages_76-100.md
097-007-047,,097,007,Positive Displacement Pump | 008-002-000 | Butterfly Valve Assembly,VMRS_HB_COMPLETE_v20 page 9_pages_76-100.md
097-002-000,,097,002,Positive Displacement Fullip | 098-002-000 | Body Butterfly Valve,VMRS_HB_COMPLETE_v20 page 9_pages_76-100.md
097-002-001,,097,002,090-002-001 | Dice Butterfly Valve Bulk Dreduct Transfer,VMRS_HB_COMPLETE_v20 page 9_pages_76-100.md
007-002-002,,007,002,FumpVana – Desitiva Displacement Rump | 090-002-002 | Stom Upper,VMRS_HB_COMPLETE_v20 page 9_pages_76-100.md
097-002-002,,097,002,Valle - Fosilive Displacement Fullip | 090-002-003 | Sect Butterfly Value Bulk Dreduct Transfer,VMRS_HB_COMPLETE_v20 page 9_pages_76-100.md
097-002-003,,097,002,"Siuu - Dealing Dusining | 090-002-004 | Seal - Dullerilly Valve, Bulk Product Transfer",VMRS_HB_COMPLETE_v20 page 9_pages_76-100.md
097-002-004,,097,002,"Celler Leeking Bearing (007,002,004) | 090-002-005 | Sool Or Docking Butterfly Velve Bulk Product",VMRS_HB_COMPLETE_v20 page 9_pages_76-100.md
097-002-005,,097,002,"Collar - Locking, Bearing (097-002-004) | 090-002-000 | Seal OF Facking - Bulleniy Valve, Bulk Flouuci",VMRS_HB_COMPLETE_v20 page 9_pages_76-100.md
097-002-007,,097,002,"Disc - Positive Displacement Pump | 096-002-007 | Handle - Bullerily Valve, Bulk Product Transier",VMRS_HB_COMPLETE_v20 page 9_pages_76-100.md
097-002-009,,097,002,Mechanical Seal Assembly | 098-002-010 | Repair Kit - Opper Sterri,VMRS_HB_COMPLETE_v20 page 9_pages_76-100.md
097-002-010,,097,002,Bearing & Collar Assembly | 098-002-011 | Stern - Lower,VMRS_HB_COMPLETE_v20 page 9_pages_76-100.md
097-002-011,,097,002,"Flange - Bearing, Shall Support | 098-002-012 | Repair Kit - Lower Stem",VMRS_HB_COMPLETE_v20 page 9_pages_76-100.md
097-002-012,,097,002,Cover - Bearing Flange | 098-002-013 | Repair Kit - Butterity valve,VMRS_HB_COMPLETE_v20 page 9_pages_76-100.md
097-002-013,,097,002,"Gasket - Bearing Cover, Pump, Product Transfer | 098-003-000 | Flush valve Assembly",VMRS_HB_COMPLETE_v20 page 9_pages_76-100.md
007-000-014,,007,000,System | 098-003-001 | Body - Flush Valve,VMRS_HB_COMPLETE_v20 page 9_pages_76-100.md
097-002-014,,097,002,"Push Rod - Vanes | 098-003-002 | Disc - Flush Valve, Bulk Product Transfer",VMRS_HB_COMPLETE_v20 page 9_pages_76-100.md
097-002-015,,097,002,"Liner - Body, Pump | 098-003-003 | Holder - Disc, Flush Valve, Bulk Product Transfer",VMRS_HB_COMPLETE_v20 page 9_pages_76-100.md
097-002-016,,097,002,"Disc - Pressure Control Valve | 098-003-004 | Stem - Flush Valve, Bulk Product Transfer",VMRS_HB_COMPLETE_v20 page 9_pages_76-100.md
097-002-017,,097,002,"Spring - Pressure Control Valve | 098-003-005 | Seal Or Packing - Flush Valve, Bulk Product",VMRS_HB_COMPLETE_v20 page 9_pages_76-100.md
097-002-018,,097,002,"Guide - Spring, Pressure Control Valve | ~~~ ~~~ ~~~ | Iranster",VMRS_HB_COMPLETE_v20 page 9_pages_76-100.md
097-002-019,,097,002,"Gasket - Cover, Pressure Control Valve | 098-003-006 | Handwheel Or Handle - Flush Valve, Bulk",VMRS_HB_COMPLETE_v20 page 9_pages_76-100.md
097-002-020,,097,002,"Washer - Packing, Shaft | | Product Transfer",VMRS_HB_COMPLETE_v20 page 9_pages_76-100.md
097-002-021,,097,002,"Shaft - Drive, Pump, Product Transfer | 098-004-000 | Gate Valve Assembly",VMRS_HB_COMPLETE_v20 page 9_pages_76-100.md
097-002-022,,097,002,Gear - Drive | 098-004-001 | Body - Gate Valve,VMRS_HB_COMPLETE_v20 page 9_pages_76-100.md
097-002-023,,097,002,"Key - Drive Shaft To Gear | 098-004-002 | Disc - Gate Valve, Bulk Product Transfer",VMRS_HB_COMPLETE_v20 page 9_pages_76-100.md
097-002-024,,097,002,"Shaft - Idler, Product Transfer Pump | 098-004-003 | Stem - Gate Valve, Bulk Product Transfer",VMRS_HB_COMPLETE_v20 page 9_pages_76-100.md
097-002-025,,097,002,"Gear - Idler, Pump, Bulk Product Transfer | 098-004-004 | Seal Or Packing - Gate Valve, Bulk Product",VMRS_HB_COMPLETE_v20 page 9_pages_76-100.md
097-002-026,,097,002,Key - Idler Shaft To Gear | | Transfer,VMRS_HB_COMPLETE_v20 page 9_pages_76-100.md
097-002-027,,097,002,"Spacer - Sleeve | 098-004-005 | Handwheel Or Handle - Gate Valve, Bulk",VMRS_HB_COMPLETE_v20 page 9_pages_76-100.md
097-002-028,,097,002,Bushing - Packing | | Product Transfer,VMRS_HB_COMPLETE_v20 page 9_pages_76-100.md
097-002-029,,097,002,"Washer - Packing, Input Shaft | 098-004-006 | Gate Valve Assembly - Complete",VMRS_HB_COMPLETE_v20 page 9_pages_76-100.md
097-002-030,,097,002,"Flange - Companion, Pump, Product Transfer | 098-005-000 | Slide Valve Assembly",VMRS_HB_COMPLETE_v20 page 9_pages_76-100.md
098-005-001,,098,005,System | | Body - Slide Valve,VMRS_HB_COMPLETE_v20 page 9_pages_76-100.md
097-002-031,,097,002,Gasket (O-Ring) - Companion Flange | 098-005-002 | Plate Or Disc,VMRS_HB_COMPLETE_v20 page 9_pages_76-100.md
097-002-032,,097,002,"Cover - Pressure Control Valve | 098-005-003 | Stem - Slide Valve, Bulk Product Transfer",VMRS_HB_COMPLETE_v20 page 9_pages_76-100.md
097-002-033,,097,002,"Adjusting Screw - Pressure Control Valve | 098-005-004 | Seal Or Packing - Slide Valve, Bulk Product",VMRS_HB_COMPLETE_v20 page 9_pages_76-100.md
097-002-034,,097,002,"Gasket - Adjusting Cap, Pressure Control Valve | | Transfer",VMRS_HB_COMPLETE_v20 page 9_pages_76-100.md
097-002-035,,097,002,"Retaining Ring - Bearing, Drive Shaft | 098-005-005 | Handle - Slide Valve, Bulk Product Transfer",VMRS_HB_COMPLETE_v20 page 9_pages_76-100.md
097-002-037,,097,002,Housing - Pump Body | 098-005-007 | Body W/Adapter End - Slide Valve,VMRS_HB_COMPLETE_v20 page 9_pages_76-100.md
097-002-038,,097,002,Nut - Rotor Retaining | 098-006-000 | Three-Way Diversion Valve,VMRS_HB_COMPLETE_v20 page 9_pages_76-100.md
097-002-039,,097,002,"Nut - Input Shaft, Gear End | 098-006-001 | Body - Diversion Valve",VMRS_HB_COMPLETE_v20 page 9_pages_76-100.md
097-002-040,,097,002,"Packing Set - Pump | 098-006-002 | Disc - Diversion Valve, Bulk Product Transfer",VMRS_HB_COMPLETE_v20 page 9_pages_76-100.md
097-002-041,,097,002,"Clip - Packing Gland | 098-006-003 | Stem - Three-Way Diversion Valve, Bulk Product",VMRS_HB_COMPLETE_v20 page 9_pages_76-100.md
000-006-004,,000,006,Transfer | 05,VMRS_HB_COMPLETE_v20 page 9_pages_76-100.md
098-006-004,,098,006,"Seal Or Packing - Three-way Diversion valve, | 05",VMRS_HB_COMPLETE_v20 page 9_pages_76-100.md
000-000-005,,000,000,Bulk Product Transfer | 05,VMRS_HB_COMPLETE_v20 page 9_pages_76-100.md
098-000-005,,098,000,"Handle - Diversion valve, Bulk Product Transfer | 05",VMRS_HB_COMPLETE_v20 page 9_pages_76-100.md
098-000-000,,098,000,PointeiOne Way Check Valve Accombly | 00,VMRS_HB_COMPLETE_v20 page 9_pages_76-100.md
090-007-000,,090,007,Pedy One Way Check Valve | 08,VMRS_HB_COMPLETE_v20 page 9_pages_76-100.md
090-007-001,,090,007,Dody - One-Way Check Valve | 05,VMRS_HB_COMPLETE_v20 page 9_pages_76-100.md
090-007-002,,090,007,"Disc - One-way Check valve, Bulk Ploduci | 00",VMRS_HB_COMPLETE_v20 page 9_pages_76-100.md
000-007-002,,000,007,Halder Or Guide Dies | 05,VMRS_HB_COMPLETE_v20 page 9_pages_76-100.md
090-007-003,,090,007,Holder Of Guide - Disc | 05,VMRS_HB_COMPLETE_v20 page 9_pages_76-100.md
090-007-004,,090,007,Spring One Way Check Valve Bulk Droduct | 00,VMRS_HB_COMPLETE_v20 page 9_pages_76-100.md
090-007-005,,090,007,Transfer | 08,VMRS_HB_COMPLETE_v20 page 9_pages_76-100.md
098-007-009,,098,007,Lock Nut - Disc | 09,VMRS_HB_COMPLETE_v20 page 9_pages_76-100.md
098-007-010,,098,007,Disc Assembly - One Way Check Valve | 09,VMRS_HB_COMPLETE_v20 page 9_pages_76-100.md
098-007-011,,098,007,Pin - Lever Support | 09,VMRS_HB_COMPLETE_v20 page 9_pages_76-100.md
098-007-012,,098,007,Plug - Lever Support Pin | 09,VMRS_HB_COMPLETE_v20 page 9_pages_76-100.md
098-007-013,,098,007,Cap - Check Valve | 09,VMRS_HB_COMPLETE_v20 page 9_pages_76-100.md
098-007-014,,098,007,"Bushing - Pin, Lever",VMRS_HB_COMPLETE_v20 page 9_pages_76-100.md
098-008-000,,098,008,Two-Way Check Valve Assembly | 09,VMRS_HB_COMPLETE_v20 page 9_pages_76-100.md
098-008-001,,098,008,Body - Two-Way Check Valve | 09,VMRS_HB_COMPLETE_v20 page 9_pages_76-100.md
098-008-002,,098,008,"Disc - Two-Way Check Valve, Bulk Product | 09",VMRS_HB_COMPLETE_v20 page 9_pages_76-100.md
098-008-003,,098,008,Disc Holder Or Guide | 09,VMRS_HB_COMPLETE_v20 page 9_pages_76-100.md
098-008-004,,098,008,"Lever - Disc, Two-Way Check Valve | 09",VMRS_HB_COMPLETE_v20 page 9_pages_76-100.md
098-008-005,,098,008,"Spring - Two-Way Check Valve, Bulk Product | 09",VMRS_HB_COMPLETE_v20 page 9_pages_76-100.md
098-008-006,,098,008,"Seal - Two-Way Check Valve, Bulk Product | 09",VMRS_HB_COMPLETE_v20 page 9_pages_76-100.md
098-009-000,,098,009,Relief Vent Valve Assembly - Positive Pressure | 09,VMRS_HB_COMPLETE_v20 page 9_pages_76-100.md
,099-004,099,004,Actuated (Formerly ) | 09,VMRS_HB_COMPLETE_v20 page 9_pages_76-100.md
098-009-001,,098,009,Body - Pressure Relief Vent Valve | 09,VMRS_HB_COMPLETE_v20 page 9_pages_76-100.md
098-009-002,,098,009,Guide - Disc | 09,VMRS_HB_COMPLETE_v20 page 9_pages_76-100.md
098-009-003,,098,009,Guide - Stem | 09,VMRS_HB_COMPLETE_v20 page 9_pages_76-100.md
098-009-004,,098,009,"Disc - Pressure Relief Vent Valve, Bulk Product | 09",VMRS_HB_COMPLETE_v20 page 9_pages_76-100.md
098-009-005,,098,009,Nut - Disc | 09,VMRS_HB_COMPLETE_v20 page 9_pages_76-100.md
098-009-006,,098,009,Guide Post,VMRS_HB_COMPLETE_v20 page 9_pages_76-100.md
098-009-007,,098,009,"Diaphragm - Relief Vent Valve, Bulk Product | 09",VMRS_HB_COMPLETE_v20 page 9_pages_76-100.md
098-009-008,,098,009,"Seat - Relief Vent Valve, Bulk Product Transfer | 09",VMRS_HB_COMPLETE_v20 page 9_pages_76-100.md
098-009-009,,098,009,"Spring - Relief Vent Valve, Bulk Product Transfer",VMRS_HB_COMPLETE_v20 page 9_pages_76-100.md
098-009-010,,098,009,"Washer - Calibration, Pressure Relief Vent | 09",VMRS_HB_COMPLETE_v20 page 9_pages_76-100.md
098-009-011,,098,009,"Seal - Relief Vent Valve, Bulk Product Transfer | 09",VMRS_HB_COMPLETE_v20 page 9_pages_76-100.md
098-009-013,,098,009,"Mounting Gasket - Pressure Relief Vent Valve, | 09",VMRS_HB_COMPLETE_v20 page 9_pages_76-100.md
098-009-014,,098,009,"Cover - Relief Vent Valve, Bulk Product Transfer | 09",VMRS_HB_COMPLETE_v20 page 9_pages_76-100.md
098-009-015,,098,009,Screw - H.H. | 09,VMRS_HB_COMPLETE_v20 page 9_pages_76-100.md
098-009-016,,098,009,U-Packing | 09,VMRS_HB_COMPLETE_v20 page 9_pages_76-100.md
098-009-017,,098,009,Bonnet & Yoke,VMRS_HB_COMPLETE_v20 page 9_pages_76-100.md
098-009-018,,098,009,"O-Ring - Relief Vent Valve, Bulk Product Transfer | 09",VMRS_HB_COMPLETE_v20 page 9_pages_76-100.md
098-009-019,,098,009,"Valve Assembly - Pressure Relief Vent, Positive | 09",VMRS_HB_COMPLETE_v20 page 9_pages_76-100.md
098-010-000,,098,010,Relief Vent Valve Assembly - Vacuum Breaker. | 09,VMRS_HB_COMPLETE_v20 page 9_pages_76-100.md
,099-003,099,003,Negative Pressure (Formerly ) | 09,VMRS_HB_COMPLETE_v20 page 9_pages_76-100.md
098-010-001,,098,010,Body - Vacuum Relief Vent Valve | 09,VMRS_HB_COMPLETE_v20 page 9_pages_76-100.md
098-010-002,,098,010,Guide | 09,VMRS_HB_COMPLETE_v20 page 9_pages_76-100.md
098-010-003,,098,010,"Disc - Vacuum Relief Vent Valve, Bulk Product | 09",VMRS_HB_COMPLETE_v20 page 9_pages_76-100.md
098-010-004,,098,010,"Seat - Vacuum Breaker Vent Valve, Bulk Product | 09",VMRS_HB_COMPLETE_v20 page 9_pages_76-100.md
098-010-005,,098,010,"Spring - Vacuum Breaker Vent Valve, Bulk | 00",VMRS_HB_COMPLETE_v20 page 9_pages_76-100.md
098-010-006,,098,010,"Washer - Calibration, Vacuum Breaker Vent | 0,0",VMRS_HB_COMPLETE_v20 page 9_pages_76-100.md
098-010-007,,098,010,"Seal - Vacuum Breaker Vent Valve, Bulk Product | 00",VMRS_HB_COMPLETE_v20 page 9_pages_76-100.md
000-010-007,,000,010,Transfer | 00,VMRS_HB_COMPLETE_v20 page 9_pages_76-100.md
098-010-009,,098,010,Mounting Gasket - Vacuum Relief Vent Valve | 00,VMRS_HB_COMPLETE_v20 page 9_pages_76-100.md
098-010-010,,098,010,Repair Kit - Vacuum Vent | 09,VMRS_HB_COMPLETE_v20 page 9_pages_76-100.md
,010-011,010,011,98- | Cover - Rain,VMRS_HB_COMPLETE_v20 page 9_pages_76-100.md
,010-012,010,012,"98- | Knob - Valve Air Control, Main Valve",VMRS_HB_COMPLETE_v20 page 9_pages_76-100.md
,010-013,010,013,98- | Housing - Lower,VMRS_HB_COMPLETE_v20 page 9_pages_76-100.md
,010-014,010,014,"98- | Nut - Swivel, Mounting",VMRS_HB_COMPLETE_v20 page 9_pages_76-100.md
,011-000,011,000,98- | Emergency Valve Assembly - Mechanical,VMRS_HB_COMPLETE_v20 page 9_pages_76-100.md
,011-001,011,001,98- | Body - Mechanical Emergency Valve,VMRS_HB_COMPLETE_v20 page 9_pages_76-100.md
,011-002,011,002,98- | Stem - Disc Mechanical Emergency Valve Bulk,VMRS_HB_COMPLETE_v20 page 9_pages_76-100.md
,011-003,011,003,90- | Disc - Mechanical Emergency Valve,VMRS_HB_COMPLETE_v20 page 9_pages_76-100.md
,011-004,011,004,"98- | Seal - Mechanical Emergency valve, Bulk",VMRS_HB_COMPLETE_v20 page 9_pages_76-100.md
,011-005,011,005,00 | Product Transfer,VMRS_HB_COMPLETE_v20 page 9_pages_76-100.md
,011-006,011,006,98- | Bail,VMRS_HB_COMPLETE_v20 page 9_pages_76-100.md
,011-007,011,007,"98- | Holder - Disc, Mechanical Emergency Valve",VMRS_HB_COMPLETE_v20 page 9_pages_76-100.md
,011-008,011,008,98- | Cam,VMRS_HB_COMPLETE_v20 page 9_pages_76-100.md
,011-009,011,009,98- | Stem - Cam,VMRS_HB_COMPLETE_v20 page 9_pages_76-100.md
,011-010,011,010,"98- | Seal Or Packing - Mechanical Emergency Valve,",VMRS_HB_COMPLETE_v20 page 9_pages_76-100.md
,011-011,011,011,"98- | Lever - Emergency Valve, Bulk Product Transfer",VMRS_HB_COMPLETE_v20 page 9_pages_76-100.md
,011-013,011,013,98- | Control System Sub-Assembly - Mechanical,VMRS_HB_COMPLETE_v20 page 9_pages_76-100.md
,011-014,011,014,98- | Hand Lever,VMRS_HB_COMPLETE_v20 page 9_pages_76-100.md
,011-015,011,015,98- | Shaft,VMRS_HB_COMPLETE_v20 page 9_pages_76-100.md
,011-019,011,019,90- | Cable Assembly - Quick Release Shut-On,VMRS_HB_COMPLETE_v20 page 9_pages_76-100.md
,011-020,011,020,"98- | Hardware, Mounting - Mechanical Control",VMRS_HB_COMPLETE_v20 page 9_pages_76-100.md
,011-021,011,021,98- | Bolt - Adjusting,VMRS_HB_COMPLETE_v20 page 9_pages_76-100.md
,011-022,011,022,98- | Nut - Clamping (Cable),VMRS_HB_COMPLETE_v20 page 9_pages_76-100.md
,011-023,011,023,98- | Nut - Fusible Bushing,VMRS_HB_COMPLETE_v20 page 9_pages_76-100.md
,011-024,011,024,98- | Link - Offset,VMRS_HB_COMPLETE_v20 page 9_pages_76-100.md
,011-025,011,025,98- | Repair Kit - Valve,VMRS_HB_COMPLETE_v20 page 9_pages_76-100.md
,012-000,012,000,98- | Emergency Valve Assembly - Hydraulic,VMRS_HB_COMPLETE_v20 page 9_pages_76-100.md
,012-001,012,001,"98- | Body - Emergency Valve, Hydraulic",VMRS_HB_COMPLETE_v20 page 9_pages_76-100.md
,012-002,012,002,"98- | Stem - Hydraulic Emergency Valve, Bulk Product",VMRS_HB_COMPLETE_v20 page 9_pages_76-100.md
,012-003,012,003,"98- | Seat - Hydraulic Emergency Valve, Bulk Product",VMRS_HB_COMPLETE_v20 page 9_pages_76-100.md
,012-004,012,004,"98- | Spring - Main Emergency Valve, Bulk Product",VMRS_HB_COMPLETE_v20 page 9_pages_76-100.md
,012-005,012,005,98- | Spring - Piston Hydraulic Emergency Valve,VMRS_HB_COMPLETE_v20 page 9_pages_76-100.md
,012-006,012,006,00 | Dicton Hydraulia Emorgonov Valvo,VMRS_HB_COMPLETE_v20 page 9_pages_76-100.md
,012-007,012,007,"90- | Seal OF Packing - Hydraulic Emergency valve,",VMRS_HB_COMPLETE_v20 page 9_pages_76-100.md
,012-008,012,008,98- | Air Bleed Valve,VMRS_HB_COMPLETE_v20 page 9_pages_76-100.md
,012-010,012,010,98- | Control System - Hydraulic,VMRS_HB_COMPLETE_v20 page 9_pages_76-100.md
,012-011,012,011,"98- | Power-Pack (Includes Pump, Reservoir &",VMRS_HB_COMPLETE_v20 page 9_pages_76-100.md
,012-012,012,012,98- | Manifold - Hydraulic Control,VMRS_HB_COMPLETE_v20 page 9_pages_76-100.md
,012-013,012,013,"98- | Remote Control - Hydraulic, Quick Release",VMRS_HB_COMPLETE_v20 page 9_pages_76-100.md
,012-014,012,014,98- | Lines - Hydraulic Control System,VMRS_HB_COMPLETE_v20 page 9_pages_76-100.md
,012-015,012,015,"98- | Hardware, Mounting - Hydraulic Control System",VMRS_HB_COMPLETE_v20 page 9_pages_76-100.md
,012-016,012,016,98- | Gasket - Cover Assembly (Body),VMRS_HB_COMPLETE_v20 page 9_pages_76-100.md
,012-017,012,017,98- | Disc - Hydraulic Emergency Valve,VMRS_HB_COMPLETE_v20 page 9_pages_76-100.md
,012-018,012,018,98- | Washer - Teflon Disc,VMRS_HB_COMPLETE_v20 page 9_pages_76-100.md
,012-019,012,019,98- | Cap - Stem Collar,VMRS_HB_COMPLETE_v20 page 9_pages_76-100.md
,012-021,012,021,98- | Nut - Stem Can,VMRS_HB_COMPLETE_v20 page 9_pages_76-100.md
,012-022,012,022,00 | Weeher Follower Stuffing Pay,VMRS_HB_COMPLETE_v20 page 9_pages_76-100.md
,010-004,010,004,"00 | Washer - Fullowel, Stulling DUX",VMRS_HB_COMPLETE_v20 page 9_pages_76-100.md
,012-024,012,024,90- | washer - Main Spring,VMRS_HB_COMPLETE_v20 page 9_pages_76-100.md
,012-025,012,025,98- | Retainer Nut - Piston,VMRS_HB_COMPLETE_v20 page 9_pages_76-100.md
,012-026,012,026,"98- | Adapter - Male, Piston",VMRS_HB_COMPLETE_v20 page 9_pages_76-100.md
,012-027,012,027,98- | Retainer Nut - Main Spring,VMRS_HB_COMPLETE_v20 page 9_pages_76-100.md
,012-028,012,028,98- | Ring - Piston Separator,VMRS_HB_COMPLETE_v20 page 9_pages_76-100.md
,012-029,012,029,98- | Pin - Indicator,VMRS_HB_COMPLETE_v20 page 9_pages_76-100.md
,012-030,012,030,98- | Service Kit - Hydraulic Pump,VMRS_HB_COMPLETE_v20 page 9_pages_76-100.md
098-012-031,,098,012,"Handle - Hydraulic Pump, Emergency Valve | 098-014-005 | Bonnet",VMRS_HB_COMPLETE_v20 page 9_pages_76-100.md
098-012-032,,098,012,"Beam - Handle Socket, Hydraulic Pump | 098-014-006 | Nut - Bonnet",VMRS_HB_COMPLETE_v20 page 9_pages_76-100.md
098-012-033,,098,012,"Pin - Plunger Cross, Beam Handle, Hydraulic | 098-014-007 | Seal Or Packing - Sanitary Valve, Bulk Product",VMRS_HB_COMPLETE_v20 page 9_pages_76-100.md
000-010-004,,000,010,Pump | 000 014 000 | Iransfer,VMRS_HB_COMPLETE_v20 page 9_pages_76-100.md
090-012-034,,090,012,"Shap Ring/Clip - Anchor Deam Pin, Hydraulic | 090-014-000 | Covor - Sapitary Valvo Bulk Product Transfor",VMRS_HB_COMPLETE_v20 page 9_pages_76-100.md
008-012-035,,008,012,"Pin - Beam Anchor, Hydraulic Pump | 098-014-009 | Stem - Cover",VMRS_HB_COMPLETE_v20 page 9_pages_76-100.md
098-012-036,,098,012,Handle - Release Pressure Hydraulic Pump | 098-014-010 | Nut - Cover,VMRS_HB_COMPLETE_v20 page 9_pages_76-100.md
098-012-037,,098,012,Relief Valve Assembly - Hydraulic Pump | 098-015-000 | Hydrolet Valve Assembly,VMRS_HB_COMPLETE_v20 page 9_pages_76-100.md
098-012-038,,098,012,"Packing - Pressure Release, Hydraulic Pump | 098-015-001 | Body - Hydrolet Valve",VMRS_HB_COMPLETE_v20 page 9_pages_76-100.md
098-012-039,,098,012,"Nut - Packing Pressure Release, Hydraulic | 098-015-002 | Handwheel Or Handle - Hydrolet Valve, Bulk",VMRS_HB_COMPLETE_v20 page 9_pages_76-100.md
098-012-040,,098,012,Plunger - Hydraulic Pump | 098-015-003 | Nut - Stuffing Box,VMRS_HB_COMPLETE_v20 page 9_pages_76-100.md
098-012-041,,098,012,Ball - Air Bleed | 098-015-004 | Gland - Upper,VMRS_HB_COMPLETE_v20 page 9_pages_76-100.md
098-012-042,,098,012,"Plug - Air Bleed | 098-015-005 | Seal Or Packing - Hydrolet Valve, Bulk Product",VMRS_HB_COMPLETE_v20 page 9_pages_76-100.md
098-012-043,,098,012,Repair Kit - Hydraulic Emergency Valve | 000 015 000 | Iransfer,VMRS_HB_COMPLETE_v20 page 9_pages_76-100.md
098-012-044,,098,012,Packing - Plunger | 098-015-006 | Gland - Lower,VMRS_HB_COMPLETE_v20 page 9_pages_76-100.md
096-012-045,,096,012,"Nut - Packing, Plunger | 096-015-007 | Casket Topboad",VMRS_HB_COMPLETE_v20 page 9_pages_76-100.md
098-012-048,,098,012,Valve - External Chemical Hydraulic | 098-015-010 | Disc Holder & Stem Assembly,VMRS_HB_COMPLETE_v20 page 9_pages_76-100.md
098-013-000,,098,013,Emergency Valve Assembly - Air Operated | 098-015-011 | Disc - Hydrolet Valve,VMRS_HB_COMPLETE_v20 page 9_pages_76-100.md
098-013-001,,098,013,"Body - Emergency Air Valve | 098-015-012 | Plate - Retaining, Disc",VMRS_HB_COMPLETE_v20 page 9_pages_76-100.md
098-013-002,,098,013,"Stem - Disc, Air Emergency Valve, Bulk Product | 098-015-014 | Nut - Disc Retainer Plate",VMRS_HB_COMPLETE_v20 page 9_pages_76-100.md
098-015-015,,098,015,Transfer | | Nut - Handwheel Or Handle,VMRS_HB_COMPLETE_v20 page 9_pages_76-100.md
098-013-003,,098,013,Disc - Emergency Air Valve | 098-016-000 | Diaphragm - Valve Assembly,VMRS_HB_COMPLETE_v20 page 9_pages_76-100.md
098-013-004,,098,013,"Holder - Disc, Air Emergency Valve, Bulk Product | 098-016-001 | Body - Diaphragm Valve",VMRS_HB_COMPLETE_v20 page 9_pages_76-100.md
098-016-002,,098,016,"Transfer | | Stem - Diaphragm Valve, Bulk Product Transfer",VMRS_HB_COMPLETE_v20 page 9_pages_76-100.md
098-013-005,,098,013,"Spring - Air Emergency Valve, Bulk Product | 098-016-003 | Bushing - Stem",VMRS_HB_COMPLETE_v20 page 9_pages_76-100.md
000-010-000,,000,010,Iranster | 098-016-004 | Compressor - Diaphragm Valve,VMRS_HB_COMPLETE_v20 page 9_pages_76-100.md
098-013-008,,098,013,Pision - valve | 098-016-005 | Pin - Compressor,VMRS_HB_COMPLETE_v20 page 9_pages_76-100.md
090-013-007,,090,013,"Product Transfor | 098-016-000 | Plate FiligerDiaphragm - Valvo, Bulk Product Transfor",VMRS_HB_COMPLETE_v20 page 9_pages_76-100.md
098-013-009,,098,013,Piston - Cylinder Air Emergency Valve Bulk | 098-017-000 | Valve Assembly - Rear Head,VMRS_HB_COMPLETE_v20 page 9_pages_76-100.md
098-017-001,,098,017,Product Transfer | | Valve Body - Rear Head,VMRS_HB_COMPLETE_v20 page 9_pages_76-100.md
098-013-011,,098,013,Control System Sub-Assembly - Compressed Air | 098-017-002 | Disc - Rear Head,VMRS_HB_COMPLETE_v20 page 9_pages_76-100.md
098-013-012,,098,013,Pressure Protection Valve | 098-017-003 | Ball Bearing - Disc Holder,VMRS_HB_COMPLETE_v20 page 9_pages_76-100.md
098-013-013,,098,013,"Regulator - Emergency Valve, Bulk Product | 098-017-004 | Seal Or Racking - Rear Head",VMRS_HB_COMPLETE_v20 page 9_pages_76-100.md
098-017-005,,098,017,Transfer | | Gasket - Rear Head,VMRS_HB_COMPLETE_v20 page 9_pages_76-100.md
098-013-014,,098,013,Master Control Valve - Bulk Product Transfer | 098-017-006 | Snap Ring - Disc Holder,VMRS_HB_COMPLETE_v20 page 9_pages_76-100.md
098-013-015,,098,013,Interference Valve | 098-018-000 | Tee Assembly - Bottom Drop,VMRS_HB_COMPLETE_v20 page 9_pages_76-100.md
098-013-016,,098,013,"Gauge - Air Pressure, Emergency Valve, BulkBroduct Trapefor | 098-018-001 | Body - Tee, Bollom DropValva Assembly, Bulk Bradust Transfer",VMRS_HB_COMPLETE_v20 page 9_pages_76-100.md
008-013-017,,008,013,"090-019-000 | Valve Assembly, buik Floduct Hallslei -",VMRS_HB_COMPLETE_v20 page 9_pages_76-100.md
098-013-018,,098,013,Bracket - Distributor | 098-019-001 | Valve Assembly - Bulk Product Transfer,VMRS_HB_COMPLETE_v20 page 9_pages_76-100.md
098-013-019,,098,013,"Lines - Air Control System | 098-019-002 | Body - Valve, Bulk Product Transfer",VMRS_HB_COMPLETE_v20 page 9_pages_76-100.md
098-013-020,,098,013,"Cylinder - Emergency Valve, Bulk Product | 098-019-003 | Disc - Valve, Bulk Product Transfer",VMRS_HB_COMPLETE_v20 page 9_pages_76-100.md
098-019-004,,098,019,"Transfer System | | Gasket - Valve, Bulk Product Transfer",VMRS_HB_COMPLETE_v20 page 9_pages_76-100.md
098-013-021,,098,013,"Remote Control - Quick Release Shut-Off, Air | 098-019-005 | Handle - Valve, Bulk Product Transfer",VMRS_HB_COMPLETE_v20 page 9_pages_76-100.md
098-013-022,,098,013,"Hardware, Mounting- Compressed Air Control | 098-019-006 | Handwheel - Valve, Bulk Product Transfer",VMRS_HB_COMPLETE_v20 page 9_pages_76-100.md
098-019-007,,098,019,"System Sub-Assembly | | Holder- Disc, Valve, Bulk Product Transfer",VMRS_HB_COMPLETE_v20 page 9_pages_76-100.md
098-013-023,,098,013,"Retainer Spring - Emergency Valve | 098-019-008 | Lever - Valve, Bulk Product Transfer",VMRS_HB_COMPLETE_v20 page 9_pages_76-100.md
098-013-024,,098,013,"Retaining Ring - Housing, Emergency Valve | 098-019-009 | Mounting Gasket - Valve, Bulk Product Transfer",VMRS_HB_COMPLETE_v20 page 9_pages_76-100.md
098-013-025,,098,013,"Winer Housing Emergency Valve | 098-019-010 | Repair Kit - Valve, Bulk Product Transfer",VMRS_HB_COMPLETE_v20 page 9_pages_76-100.md
090-013-020,,090,013,"Quad Ping Emergency Valve | 098-019-011 | Seal OF Packing - Valve, Bulk Product Transfer",VMRS_HB_COMPLETE_v20 page 9_pages_76-100.md
098-013-027,,098,013,"Poppet - Cylinder Emergency Valve | 098-019-012 | Soring - Valve, Bulk Product Transfer",VMRS_HB_COMPLETE_v20 page 9_pages_76-100.md
098-013-029,,098,013,"O-Bing - Cylinder Poppet Emergency Valve | 098-019-014 | Stem - Valve, Bulk Product Transfer",VMRS_HB_COMPLETE_v20 page 9_pages_76-100.md
098-013-030,,098,013,"O-Ring - Inner Housing, Emergency Valve | 098-019-015 | Bracket - Position Not Specified",VMRS_HB_COMPLETE_v20 page 9_pages_76-100.md
098-013-031,,098,013,"Retaining Ring - Stem, Emergency Valve | 098-019-016 | Hardware, Mounting - Position Not Specified",VMRS_HB_COMPLETE_v20 page 9_pages_76-100.md
098-013-032,,098,013,"Guide - Emergency Valve | 098-019-017 | Solenoid - Valve, Bulk Product Transfer",VMRS_HB_COMPLETE_v20 page 9_pages_76-100.md
098-013-033,,098,013,"O-Ring - Outer Housing, Emergency Valve | 098-019-018 | Hose - Valve, Bulk Product Transfer",VMRS_HB_COMPLETE_v20 page 9_pages_76-100.md
098-013-034,,098,013,"Repair Kit - Cylinder, Air Emergency Valve | 099-000-000 | Safety Devices, Instruments & Gauges",VMRS_HB_COMPLETE_v20 page 9_pages_76-100.md
098-014-000,,098,014,Sanitary Valve Assembly | 099-001-000 | Frangible Venting,VMRS_HB_COMPLETE_v20 page 9_pages_76-100.md
098-014-001,,098,014,"Body - Sanitary Valve | 099-001-001 | Disc - Rupture, Frangible Venting",VMRS_HB_COMPLETE_v20 page 9_pages_76-100.md
098-014-002,,098,014,"Stem - Disc, Sanitary Valve, Bulk Product | 099-001-002 | Control Unit - Frangible Venting System",VMRS_HB_COMPLETE_v20 page 9_pages_76-100.md
000-014-000,,000,014,Iransier | 099-001-003 | Overfill Control,VMRS_HB_COMPLETE_v20 page 9_pages_76-100.md
098-014-003,,098,014,"Disc - Sanitary Valve, Rulk Dreduct | 099-002-000 | Fusible CapMounting Gasket Eucible Cap",VMRS_HB_COMPLETE_v20 page 9_pages_76-100.md
090-014-004,,090,014,Tranefer | 099-002-001 | Probe - Sensor Fusible Cap,VMRS_HB_COMPLETE_v20 page 9_pages_76-100.md
002-002-002,,002,002,"TUISIO | 0 | Tobe - Oenool, Tubible Oap",VMRS_HB_COMPLETE_v20 page 9_pages_76-100.md
099-002-003,,099,002,"Cap - Fusible Cap | 111-001-011 | Bracket - Stop, Recoil",VMRS_HB_COMPLETE_v20 page 9_pages_76-100.md
099-003-000,,099,003,"Overfill System | 111-001-012 | Cover - Track, Inner, Right",VMRS_HB_COMPLETE_v20 page 9_pages_76-100.md
099-003-001,,099,003,"Monitor - Control Unit | 111-001-013 | Cover - Track, Inner, Left",VMRS_HB_COMPLETE_v20 page 9_pages_76-100.md
099-003-002,,099,003,"Probe - Sensor, Overfill System | 111-001-014 | Cover - Track, Outer, Right",VMRS_HB_COMPLETE_v20 page 9_pages_76-100.md
099-003-003,,099,003,"Holder - Probe | 111-001-015 | Cover - Track, Outer, Left",VMRS_HB_COMPLETE_v20 page 9_pages_76-100.md
099-003-004,,099,003,Sockets/Connectors | 111-002-000 | Roller,VMRS_HB_COMPLETE_v20 page 9_pages_76-100.md
099-003-005,,099,003,Wiring - Overfill | 111-002-001 | Roller - Track,VMRS_HB_COMPLETE_v20 page 9_pages_76-100.md
099-003-006,,099,003,Bolt - Grounding | 111-002-002 | Pin - Roller,VMRS_HB_COMPLETE_v20 page 9_pages_76-100.md
099-003-007,,099,003,Ball - Grounding | 111-002-003 | Bracket - Roller,VMRS_HB_COMPLETE_v20 page 9_pages_76-100.md
099-003-008,,099,003,Module - Trailer ID | 111-002-004 | Shaft - Roller,VMRS_HB_COMPLETE_v20 page 9_pages_76-100.md
099-003-009,,099,003,Terminator | 111-002-005 | Bushing - Roller,VMRS_HB_COMPLETE_v20 page 9_pages_76-100.md
099-003-010,,099,003,Link - Fusible Cap | 111-002-006 | Bearing - Roller,VMRS_HB_COMPLETE_v20 page 9_pages_76-100.md
099-003-011,,099,003,Drain - Overflow Tank | 111-002-007 | Spacer - Roller,VMRS_HB_COMPLETE_v20 page 9_pages_76-100.md
099-004-000,,099,004,Passive Shutdown System | 111-002-008 | Snap Ring - Roller,VMRS_HB_COMPLETE_v20 page 9_pages_76-100.md
099-004-001,,099,004,Wiring Harness - Safety Devices | 111-002-009 | Seal - Roller,VMRS_HB_COMPLETE_v20 page 9_pages_76-100.md
099-005-000,,099,005,Gauges - Product Transfer System | 111-002-010 | O-Bing - Boller,VMRS_HB_COMPLETE_v20 page 9_pages_76-100.md
099-005-001,,099,005,Gauge - Product Temperature | 111-003-000 | Idler,VMRS_HB_COMPLETE_v20 page 9_pages_76-100.md
099-005-002,,099,005,Gauge - Line Pressure | 111-003-001 | Idler - Front,VMRS_HB_COMPLETE_v20 page 9_pages_76-100.md
099-005-003,,099,005,Gauge - Tank Pressure | 111-003-002 | Cover - Idler Bight,VMRS_HB_COMPLETE_v20 page 9_pages_76-100.md
000-005-005,,000,005,Gauge Vacuum | 111 003 004 | Cover Idler Ten,VMRS_HB_COMPLETE_v20 page 9_pages_76-100.md
099-005-005,,099,005,Eiro Valvo | 111 002 005 | Soat Spring Idler,VMRS_HB_COMPLETE_v20 page 9_pages_76-100.md
099-000-000,,099,000,File Valve Assembly Complete | 111 002 006 | Seal Spring - Idler,VMRS_HB_COMPLETE_v20 page 9_pages_76-100.md
099-006-001,,099,006,File Valve Assembly - Complete | 111-003-007 | SHOCK ADSOLDEL - IGIEL,VMRS_HB_COMPLETE_v20 page 9_pages_76-100.md
099-006-002,,099,006,Cam Retainer - Fire Valve | 111-003-007 | Busning - Idler,VMRS_HB_COMPLETE_v20 page 9_pages_76-100.md
099-006-003,,099,006,Camsnatt - Fire valve | 111-003-008 | Shaft - Idler,VMRS_HB_COMPLETE_v20 page 9_pages_76-100.md
099-006-004,,099,006,Disc - Fire valve Assembly | 111-003-009 | Seal Kit - Idler,VMRS_HB_COMPLETE_v20 page 9_pages_76-100.md
099-006-005,,099,006,Gasket - Fire Valve | 111-003-010 | Bracket - Idler,VMRS_HB_COMPLETE_v20 page 9_pages_76-100.md
099-006-006,,099,006,Pulley - Fire Valve | 111-004-000 | lensioner,VMRS_HB_COMPLETE_v20 page 9_pages_76-100.md
099-006-007,,099,006,Seat Valve - Fire Valve | 111-005-000 | Sprocket,VMRS_HB_COMPLETE_v20 page 9_pages_76-100.md
099-006-008,,099,006,Shaft - Fire Valve | 111-005-001 | Sprocket - Driving,VMRS_HB_COMPLETE_v20 page 9_pages_76-100.md
099-007-000,,099,007,Automated Fuel Transfer | 111-006-000 | Shields and Guards - Undercarriage,VMRS_HB_COMPLETE_v20 page 9_pages_76-100.md
099-007-001,,099,007,Automated Fuel Transfer System - Complete | 111-006-001 | Guard - Front,VMRS_HB_COMPLETE_v20 page 9_pages_76-100.md
099-007-002,,099,007,Keypad - Automated Fuel Transfer | 111-006-002 | Guard - Center,VMRS_HB_COMPLETE_v20 page 9_pages_76-100.md
099-007-003,,099,007,"Transmitter - Remote, Automated Fuel Transfer | 111-006-003 | Guard - Rear",VMRS_HB_COMPLETE_v20 page 9_pages_76-100.md
099-007-004,,099,007,Receiver - Automated Fuel Transfer | 111-007-000 | Equalizer - Undercarriage,VMRS_HB_COMPLETE_v20 page 9_pages_76-100.md
099-007-005,,099,007,Control Unit - Automated Fuel Transfer | 111-008-000 | Pivot Shaft Mechanism,VMRS_HB_COMPLETE_v20 page 9_pages_76-100.md
099-007-006,,099,007,Wiring Harness - Automated Fuel Transfer | 111-009-000 | Adjuster,VMRS_HB_COMPLETE_v20 page 9_pages_76-100.md
099-007-007,,099,007,"Sensor - Switch, Automated Fuel Transfer | 111-009-001 | Adjuster - Track",VMRS_HB_COMPLETE_v20 page 9_pages_76-100.md
099-008-000,,099,008,Overfill Prevention System | 111-009-002 | Piston - Adjuster,VMRS_HB_COMPLETE_v20 page 9_pages_76-100.md
099-008-001,,099,008,Overfill Prevention System Assembly | 111-009-003 | Yoke - Adjuster,VMRS_HB_COMPLETE_v20 page 9_pages_76-100.md
099-008-002,,099,008,"Pigtail - 6 Way, Overfill System | 111-009-004 | Check Valve - Adjuster",VMRS_HB_COMPLETE_v20 page 9_pages_76-100.md
099-008-003,,099,008,"Plug - 6 Way, Overfill System | 111-009-005 | Ring - Packing, Adjuster",VMRS_HB_COMPLETE_v20 page 9_pages_76-100.md
099-008-004,,099,008,"Wiring Harness - Overfill System | 111-009-006 | Ring - Wear, Adjuster",VMRS_HB_COMPLETE_v20 page 9_pages_76-100.md
099-008-005,,099,008,Display - Overfill System | 111-009-007 | Snap Ring - Adjuster,VMRS_HB_COMPLETE_v20 page 9_pages_76-100.md
099-008-006,,099,008,"Seal - Security, Overfill System | 111-009-008 | Seal - Adjuster",VMRS_HB_COMPLETE_v20 page 9_pages_76-100.md
099-008-007,,099,008,Transmitter - Overfill System | 111-009-009 | Bushing - Adjuster,VMRS_HB_COMPLETE_v20 page 9_pages_76-100.md
099-008-008,,099,008,"Probe - Overfill System | 111-009-010 | Ring - Backup, Adjuster",VMRS_HB_COMPLETE_v20 page 9_pages_76-100.md
099-008-009,,099,008,"Switch - Air, Overfill System | 111-010-000 | Chain",VMRS_HB_COMPLETE_v20 page 9_pages_76-100.md
099-008-010,,099,008,Hose Saver Device - Overfill System | 111-010-001 | Chain - Track,VMRS_HB_COMPLETE_v20 page 9_pages_76-100.md
099-008-011,,099,008,"Switch - Magnetic Valve, Hose Saver Device, | 111-010-002 | Link - Chain, Right",VMRS_HB_COMPLETE_v20 page 9_pages_76-100.md
111-010-003,,111,010,"Overfill System | | Link - Chain, Left",VMRS_HB_COMPLETE_v20 page 9_pages_76-100.md
099-008-012,,099,008,"Sensor - Pressure, Hose Saver Device, Overfill | 111-010-004 | Bushing - Chain",VMRS_HB_COMPLETE_v20 page 9_pages_76-100.md
111-010-005,,111,010,System | | Washer - Chain,VMRS_HB_COMPLETE_v20 page 9_pages_76-100.md
099-008-013,,099,008,"Wiring - Hose Saver Device, Overfill System | 111-010-006 | Pin - Chain",VMRS_HB_COMPLETE_v20 page 9_pages_76-100.md
099-008-014,,099,008,"Solenoid - Hose Saver Device, Overfill System | 111-010-007 | Pin - Master Link - Chain",VMRS_HB_COMPLETE_v20 page 9_pages_76-100.md
099-008-015,,099,008,"Control Box - Hose Saver Device, Overfill | 111-010-008 | Spacer - Chain",VMRS_HB_COMPLETE_v20 page 9_pages_76-100.md
111-010-009,,111,010,Svstem | | Shoe - Chain,VMRS_HB_COMPLETE_v20 page 9_pages_76-100.md
099-008-016,,099,008,Switch - Air. Hose Save Device. Overfill System | 111-010-010 | Bolt - Chain,VMRS_HB_COMPLETE_v20 page 9_pages_76-100.md
099-008-017,,099,008,"Air Line - Hose Saver Device, Overfill System | 111-010-011 | Nut Chain",VMRS_HB_COMPLETE_v20 page 9_pages_76-100.md
111-000-000,,111,000,Undercarriage | 112-000-000 | Stabilization,VMRS_HB_COMPLETE_v20 page 9_pages_76-100.md
111-001-000,,111,001,Track | 112-001-000 | Feet / Pads,VMRS_HB_COMPLETE_v20 page 9_pages_76-100.md
111-001-001,,111,001,Track Assembly - Complete | 112-001-001 | Pad - Outrigger,VMRS_HB_COMPLETE_v20 page 9_pages_76-100.md
111-001-002,,111,001,Grouser Bar | 112-001-002 | Foot - Outrigger,VMRS_HB_COMPLETE_v20 page 9_pages_76-100.md
111-001-003,,111,001,Pin - Track | 112-002-000 | Hydraulics - Stabilization,VMRS_HB_COMPLETE_v20 page 9_pages_76-100.md
111-001-004,,111,001,Frame - Track | 112-002-001 | Cylinder - Outrigger,VMRS_HB_COMPLETE_v20 page 9_pages_76-100.md
111-001-005,,111,001,Bar - Idler Wear | 112-003-000 | Controls - Stabilization Unit,VMRS_HB_COMPLETE_v20 page 9_pages_76-100.md
111-001-006,,111,001,Bracket - Track Adjuster Right | 112-003-001 | Control Module - Stabilization Unit,VMRS_HB_COMPLETE_v20 page 9_pages_76-100.md
111-001-007,,111,001,Bracket - Track Adjuster Left | 112-004-000 | Supports,VMRS_HB_COMPLETE_v20 page 9_pages_76-100.md
111-001-008,,111,001,Bracket - Supporting Track | 112-004-001 | Braces - Support Outrigger,VMRS_HB_COMPLETE_v20 page 9_pages_76-100.md
111-001-010,,111,001,Strap - Plate | 112-005-001 | Lock - Outrigger,VMRS_HB_COMPLETE_v20 page 9_pages_76-100.md
112-006-000,,112,006,Outrigger Assembly | 0000 | Cell,VMRS_HB_COMPLETE_v20 page 9_pages_76-100.md
112-006-001,,112,006,Leg - Vertical Outrigger | 141-001-032 | Sensor - LEM Current 300 A Hydrogen Fuel,VMRS_HB_COMPLETE_v20 page 9_pages_76-100.md
112-006-002,,112,006,Weldment - Vertical Lea | THI COT COL | Cell,VMRS_HB_COMPLETE_v20 page 9_pages_76-100.md
112-006-003,,112,006,"Leg - Horizontal, Outrigger | 141-001-033 | Inductor - Bracket and Bus Assembly, Hydrogen",VMRS_HB_COMPLETE_v20 page 9_pages_76-100.md
112-006-004,,112,006,Weldment - Horizontal Leg | | Fuel Cell,VMRS_HB_COMPLETE_v20 page 9_pages_76-100.md
112-006-005,,112,006,"Cylinder - Hydraulic, Vertical | 141-001-034 | Relay - Air Compressor, Hydrogen Fuel Cell",VMRS_HB_COMPLETE_v20 page 9_pages_76-100.md
112-006-006,,112,006,"Cylinder - Hydraulic, Horizontal | 141-001-035 | Interface - GenDrive User, Hydrogen Fuel Cell",VMRS_HB_COMPLETE_v20 page 9_pages_76-100.md
112-006-007,,112,006,"Switch - Limit, Vertical Leg, Outrigger | 141-001-036 | Coolant Overflow Assembly - Hydrogen Fuel Cell",VMRS_HB_COMPLETE_v20 page 9_pages_76-100.md
112-007-000,,112,007,"Slope Indicator Gauge | 141-001-037 | Controller - Air Compressor Motor, Hydrogen",VMRS_HB_COMPLETE_v20 page 9_pages_76-100.md
112-007-001,,112,007,"Gauge - Slope Indicator, Five Degree Warning | | Fuel Cell",VMRS_HB_COMPLETE_v20 page 9_pages_76-100.md
121-000-000,,121,000,"Final Drive | 141-001-038 | Label - Manual Shutoff Valve, Hydrogen Fuel",VMRS_HB_COMPLETE_v20 page 9_pages_76-100.md
121-001-000,,121,001,Final Drive | | Cell,VMRS_HB_COMPLETE_v20 page 9_pages_76-100.md
121-001-001,,121,001,Final Drive Assembly - Complete | 141-001-039 | Key Switch Assembly - Hydrogen Fuel Cell,VMRS_HB_COMPLETE_v20 page 9_pages_76-100.md
121-001-002,,121,001,"Kit - Roller and Idler, Final Drive | 141-001-040 | Air Separator - Hydrogen Fuel Cell",VMRS_HB_COMPLETE_v20 page 9_pages_76-100.md
121-001-003,,121,001,"France - Final Drive | 141-001-041 | Coller - All Compressor Outlet, Hydrogen Fuer",VMRS_HB_COMPLETE_v20 page 9_pages_76-100.md
121-001-004,,121,001,Bar - Undercarriage Mount Final Drive | 1/1-001-0/2 | Stack Assembly - Hydrogen Fuel Cell,VMRS_HB_COMPLETE_v20 page 9_pages_76-100.md
121-001-006,,121,001,Idler - Front Final Drive | 142-000-000 | I NG Engine Fuel System,VMRS_HB_COMPLETE_v20 page 9_pages_76-100.md
121-001-007,,121,001,Yoke - Front Idler Final Drive | 142-001-000 | Cryogenic I NG Tank,VMRS_HB_COMPLETE_v20 page 9_pages_76-100.md
121-001-008,,121,001,"Tensioner - Spring, Final Drive | 142-002-000 | HP Accumulator",VMRS_HB_COMPLETE_v20 page 9_pages_76-100.md
121-001-009,,121,001,"Rod - Piston, Final Drive | 142-003-000 | LNG Fuel Injectors",VMRS_HB_COMPLETE_v20 page 9_pages_76-100.md
121-001-010,,121,001,Service Kit - Final Drive | 142-004-000 | Fuel Conditioning Module,VMRS_HB_COMPLETE_v20 page 9_pages_76-100.md
121-001-011,,121,001,"Valve - Grease, Tension Spring, Final Drive | 142-005-000 | Control Unit",VMRS_HB_COMPLETE_v20 page 9_pages_76-100.md
121-001-012,,121,001,"Spacer - Motor, Final Drive | 142-006-000 | Hydraulic Pump",VMRS_HB_COMPLETE_v20 page 9_pages_76-100.md
121-001-013,,121,001,Sprocket - Final Drive | 142-007-000 | Diesel Fuel Pump,VMRS_HB_COMPLETE_v20 page 9_pages_76-100.md
121-001-014,,121,001,"Roller - Track, Final Drive | 142-008-000 | LNG Fuel Filter",VMRS_HB_COMPLETE_v20 page 9_pages_76-100.md
121-001-015,,121,001,"Cover - Plate, Final Drive | 142-009-000 | Hoses - LNG",VMRS_HB_COMPLETE_v20 page 9_pages_76-100.md
121-001-016,,121,001,"Plate - Final Drive | 142-009-001 | Hose Assembly, LNG",VMRS_HB_COMPLETE_v20 page 9_pages_76-100.md
121-002-000,,121,002,"Tracks - Final Drive | 142-009-002 | Hose - Metal, LNG",VMRS_HB_COMPLETE_v20 page 9_pages_76-100.md
121-002-001,,121,002,"Segments - Final Drive | 142-009-003 | Hose - Heater, LNG",VMRS_HB_COMPLETE_v20 page 9_pages_76-100.md
141-000-000,,141,000,"Hydrogen Fuel Cell | 142-009-004 | Tubing - Insulation, LNG",VMRS_HB_COMPLETE_v20 page 9_pages_76-100.md
141-001-001,,141,001,"Hydrogen Fuel Cell - Complete | 142-009-005 | Cap - Dual Hose, LNG",VMRS_HB_COMPLETE_v20 page 9_pages_76-100.md
142-009-007,,142,009,1/1-001-002 | Card - SD Hydrogen Fuel Cell | | Clamp - LNG Hose,VMRS_HB_COMPLETE_v20 page 9_pages_76-100.md
141-001-004,,141,001,"Filter - Air Compressor Inlet, Hydrogen Fuel Cell | 142-009-009 | Clamp - Constant Tension Band LNG",VMRS_HB_COMPLETE_v20 page 9_pages_76-100.md
141-001-005,,141,001,"Filter - Coolant, Hvdrogen Fuel Cell | 142-009-010 | Support Tray - Hose Assembly, LNG",VMRS_HB_COMPLETE_v20 page 9_pages_76-100.md
141-001-006,,141,001,"Filter - Main Cover Air Inlet, Hydrogen Fuel Cell | 142-009-011 | Hardware, Mounting - Hose Assembly, LNG",VMRS_HB_COMPLETE_v20 page 9_pages_76-100.md
141-001-007,,141,001,"Filter - Enclosure Air Inlet, Hydrogen Fuel Cell | 143-000-000 | CNG Engine Fuel System",VMRS_HB_COMPLETE_v20 page 9_pages_76-100.md
141-001-008,,141,001,"Filter - Air Compressor Outlet, Hydrogen Fuel | 143-001-000 | Electronic Controls - CNG",VMRS_HB_COMPLETE_v20 page 9_pages_76-100.md
143-001-001,,143,001,Cell | | Gas Mass Flow Sensor - CNG,VMRS_HB_COMPLETE_v20 page 9_pages_76-100.md
141-001-009,,141,001,"Sensor - Temperature, Hydrogen Fuel Cell | 143-002-000 | Regulator - High Pressure, CNG",VMRS_HB_COMPLETE_v20 page 9_pages_76-100.md
141-001-010,,141,001,"Fan - Radiator, Hydrogen Fuel Cell | 143-003-000 | Regulator - Low Pressure, CNG",VMRS_HB_COMPLETE_v20 page 9_pages_76-100.md
141-001-011,,141,001,"Inductor - Load, Hydrogen Fuel Cell | 143-004-000 | Fuel Tank - CNGPressure Belief Device CNG",VMRS_HB_COMPLETE_v20 page 9_pages_76-100.md
141-001-012,,141,001,"Belay - Solid State, Hydrogen Fuel Cell | 143-006-000 | Fuel Lines and Fittings - CNG",VMRS_HB_COMPLETE_v20 page 9_pages_76-100.md
141-001-014,,141,001,"Pump - Euel Recirculation, Hydrogen Fuel Cell | 143-007-000 | Safety Devices Leak Detection - CNG",VMRS_HB_COMPLETE_v20 page 9_pages_76-100.md
141-001-015,,141,001,Air Compressor Assembly - Hydrogen Fuel Cell | 143-008-000 | Valve - CNG,VMRS_HB_COMPLETE_v20 page 9_pages_76-100.md
141-001-016,,141,001,"Pump - Coolant, Hydrogen Fuel Cell | 151-000-000 | Auxiliary Power Unit (APU)",VMRS_HB_COMPLETE_v20 page 9_pages_76-100.md
141-001-017,,141,001,"Controller - Main, Hydrogen Fuel Cell | 151-001-000 | Auxiliary Power Unit (APU) Components",VMRS_HB_COMPLETE_v20 page 9_pages_76-100.md
141-001-018,,141,001,"Humidifier - Hydrogen Fuel Cell | 151-001-001 | Pump - Fuel, APU",VMRS_HB_COMPLETE_v20 page 9_pages_76-100.md
141-001-019,,141,001,"Coolant Heater Assembly (Dual Dynamic | 151-001-002 | Filter - Air, APU",VMRS_HB_COMPLETE_v20 page 9_pages_76-100.md
151-001-003,,151,001,"Braking Resistor) - Hydrogen Fuel Cell | | Belt - Water Pump, APU",VMRS_HB_COMPLETE_v20 page 9_pages_76-100.md
141-001-020,,141,001,"Regulator - Low Pressure, Hydrogen Fuel Cell | 151-001-004 | Tensioner - Belt, Generator, APU",VMRS_HB_COMPLETE_v20 page 9_pages_76-100.md
141-001-021,,141,001,"Thermostat - Hydrogen Fuel Cell | 151-001-005 | Injector - Fuel, APU",VMRS_HB_COMPLETE_v20 page 9_pages_76-100.md
141-001-022,,141,001,"CVC Board - 90 Cell, Hydrogen Fuel Cell | 151-001-006 | Filter - Fuel, APU",VMRS_HB_COMPLETE_v20 page 9_pages_76-100.md
141-001-023,,141,001,"Converter - DC-DC, 24-36V to 12V, Hydrogen | 151-001-007 | Tube - Fuel Pickup, APU",VMRS_HB_COMPLETE_v20 page 9_pages_76-100.md
141-001-024,,141,001,"Converter - DC-DC, 24-36V to 24V, Hydrogen | 151-001-009 | Fan - Radialor, APU",VMRS_HB_COMPLETE_v20 page 9_pages_76-100.md
141-001-025,,141,001,"Chopper - Main Power Converter, Hydrogen Fuel | 151-001-010 | Tank - Surge APU",VMRS_HB_COMPLETE_v20 page 9_pages_76-100.md
141-001-026,,141,001,"Contactor - Kilovac, Hydrogen Fuel Cell | 151-001-013 | Solenoid - Run, APU",VMRS_HB_COMPLETE_v20 page 9_pages_76-100.md
141-001-027,,141,001,"Solenoid Valve - 2.4 mm Orifice, 6W Coil, | 151-001-014 | Alternator - APU",VMRS_HB_COMPLETE_v20 page 9_pages_76-100.md
151-001-015,,151,001,"Hydrogen Fuel Cell | | Regulator - Voltage, APU",VMRS_HB_COMPLETE_v20 page 9_pages_76-100.md
141-001-028,,141,001,"Solenoid Valve - 1.0 mm Orifice, 4W Coil, | 151-001-016 | Circuit Breaker - APU",VMRS_HB_COMPLETE_v20 page 9_pages_76-100.md
151-001-017,,151,001,Hydrogen Fuel Cell | | Hour Meter - APU,VMRS_HB_COMPLETE_v20 page 9_pages_76-100.md
141-001-029,,141,001,"Indicator - Remote Status, Top Assembly, | 151-001-018 | Motor - Blower, APU",VMRS_HB_COMPLETE_v20 page 9_pages_76-100.md
151-001-019,,151,001,"Hydrogen Fuel Cell | | Wheel - Blower, APU",VMRS_HB_COMPLETE_v20 page 9_pages_76-100.md
141-001-030,,141,001,"Shoulder - Lifting Eyebolt, Hydrogen Fuel Cell | 151-001-020 | Resistor - Blower, APU",VMRS_HB_COMPLETE_v20 page 9_pages_76-100.md
141-001-031,,141,001,"Sensor - LEM Current, 600 A, Hydrogen Fuel | 151-001-021 | i nermostat - APU",VMRS_HB_COMPLETE_v20 page 9_pages_76-100.md
151-001-022,,151,001,"Box - Battery, APU | 151-001-093 | Tube - Fuel Return, Fuel Injection Valve, APU",VMRS_HB_COMPLETE_v20 page 9_pages_76-100.md
151-001-023,,151,001,"Separator - Battery, APU | 151-001-094 | Valve - Fuel Injection, APU",VMRS_HB_COMPLETE_v20 page 9_pages_76-100.md
151-001-024,,151,001,"Bracket - Battery Hold Down, APU | 151-001-095 | Collar - Fuel Injection Pump, APU",VMRS_HB_COMPLETE_v20 page 9_pages_76-100.md
151-001-025,,151,001,"Wiring Harness - APU | 151-001-096 | Cover - Fuel Injection Pump, APU",VMRS_HB_COMPLETE_v20 page 9_pages_76-100.md
151-001-026,,151,001,"Fuse - Main, APU | 151-001-097 | Gasket - Fuel Injection Pump Cover, APU,",VMRS_HB_COMPLETE_v20 page 9_pages_76-100.md
151-001-027,,151,001,Battery - APU | | Bottom,VMRS_HB_COMPLETE_v20 page 9_pages_76-100.md
151-001-028,,151,001,"Pump - Oil, APU | 151-001-098 | Gasket - Fuel Injection Pump Cover, APU, Front",VMRS_HB_COMPLETE_v20 page 9_pages_76-100.md
151-001-029,,151,001,"Seal - Crankshaft, Front, APU | 151-001-099 | Lever - Control, Fuel Injection Pump, APU",VMRS_HB_COMPLETE_v20 page 9_pages_76-100.md
151-001-030,,151,001,"Seal - Valve Stem, APU | 151-001-100 | Solenoid - Stop, Fuel Injection Pump, APU",VMRS_HB_COMPLETE_v20 page 9_pages_76-100.md
151-001-031,,151,001,"Gasket - Cylinder Head, APU | 151-001-101 | Adapter - Fuel Filter, APU",VMRS_HB_COMPLETE_v20 page 9_pages_76-100.md
151-001-032,,151,001,"Seal - Cranksnaft, Rear, APU | 151-001-102 | Gasket - Cover, Fuel Filter, APU",VMRS_HB_COMPLETE_v20 page 9_pages_76-100.md
151-001-033,,151,001,"Seal - Valve Guide, APU | 151-001-103 | Head - Filler, Fuel Filler, APU",VMRS_HB_COMPLETE_v20 page 9_pages_76-100.md
151-001-034,,151,001,"Service Kit - APU | 151-001-104 | Heat Shield - Fuel Filter, APU",VMRS_HB_COMPLETE_v20 page 9_pages_76-100.md
151-001-035,,151,001,"Pipe - Exilausi, APO | 151-001-105 | HOSE - FUEL, FUEL FILLEL, APU",VMRS_HB_COMPLETE_v20 page 9_pages_76-100.md
151-001-038,,151,001,"Cover - Bottom APU | 151-001-108 | Shall - Waterbleed, AFO",VMRS_HB_COMPLETE_v20 page 9_pages_76-100.md
151-001-039,,151,001,Insulation - APU | 151-001-109 | Tube - Fuel Pick-Un APU,VMRS_HB_COMPLETE_v20 page 9_pages_76-100.md
151-001-040,,151,001,Generator - APU | 151-001-110 | Filter - Fuel (In-Line) APU,VMRS_HB_COMPLETE_v20 page 9_pages_76-100.md
151-001-041,,151,001,Belt - Alternator APU | 151-001-111 | Kit - Sleeve & Evelet Fuel Filter APU,VMRS_HB_COMPLETE_v20 page 9_pages_76-100.md
151-001-042,,151,001,"Brushes - Generator, APU | 151-001-112 | Manifold - Exhaust APU",VMRS_HB_COMPLETE_v20 page 9_pages_76-100.md
151-001-043,,151,001,"Pulley - Generator, APU | 151-001-113 | Gasket - Exhaust Manifold, APU",VMRS_HB_COMPLETE_v20 page 9_pages_76-100.md
151-001-044,,151,001,"Pulley - Drive, Engine, APU | 151-001-114 | Gasket - Muffler, APU",VMRS_HB_COMPLETE_v20 page 9_pages_76-100.md
151-001-045,,151,001,"Cable - Power, APU | 151-001-115 | Boot - Switch, APU",VMRS_HB_COMPLETE_v20 page 9_pages_76-100.md
151-001-046,,151,001,"Cable - Positive, Battery, APU | 151-001-116 | Box - Switch, APU",VMRS_HB_COMPLETE_v20 page 9_pages_76-100.md
151-001-047,,151,001,"Cable - Alternator, APU | 151-001-117 | Bracket - RPM Sensor, APU",VMRS_HB_COMPLETE_v20 page 9_pages_76-100.md
151-001-048,,151,001,"Tube - Intake, APU | 151-001-118 | Harness - HMI, APU",VMRS_HB_COMPLETE_v20 page 9_pages_76-100.md
151-001-049,,151,001,"Tube- Exhaust, APU | 151-001-119 | Harness - Sensor, APU",VMRS_HB_COMPLETE_v20 page 9_pages_76-100.md
151-001-050,,151,001,"Switch - Radiator Fan, APU | 151-001-120 | Harness - Stand-By Ignition Lead, APU",VMRS_HB_COMPLETE_v20 page 9_pages_76-100.md
151-001-051,,151,001,"Cabling - Strain Relief, APU | 151-001-121 | Sensor - RPM, APU",VMRS_HB_COMPLETE_v20 page 9_pages_76-100.md
151-001-052,,151,001,"Starter - APU | 151-001-122 | Bearing - Connecting Rod, APU",VMRS_HB_COMPLETE_v20 page 9_pages_76-100.md
151-001-053,,151,001,"Sensor - Battery Temperature, APU | 151-001-123 | Bushing - Piston Pin, APU",VMRS_HB_COMPLETE_v20 page 9_pages_76-100.md
151-001-054,,151,001,Radiator - APU | 151-001-124 | Crankshaft - APU,VMRS_HB_COMPLETE_v20 page 9_pages_76-100.md
151-001-055,,151,001,"Pulley - Idler, APU | 151-001-125 | Flywheel - APU",VMRS_HB_COMPLETE_v20 page 9_pages_76-100.md
151-001-056,,151,001,"Pulley - Alternator, APU | 151-001-126 | Gear - Crankshaft, APU",VMRS_HB_COMPLETE_v20 page 9_pages_76-100.md
151-001-057,,151,001,"Harness - Ignition Switch, APU | 151-001-127 | Ring Gear - APU",VMRS_HB_COMPLETE_v20 page 9_pages_76-100.md
151-001-058,,151,001,"Hardware - Battery, APU | 151-001-128 | Key - Gear, APU",VMRS_HB_COMPLETE_v20 page 9_pages_76-100.md
151-001-059,,151,001,"Handle - Battery Box, APU | 151-001-129 | PIN - PISTON, APU",VMRS_HB_COMPLETE_v20 page 9_pages_76-100.md
151-001-060,,151,001,"Pipe - Exnaust, APU | 151-001-130 | Piston - APU",VMRS_HB_COMPLETE_v20 page 9_pages_76-100.md
151-001-061,,151,001,"Cover - Ballery Box, APU | 151-001-131 | Pulley - Crankshall, APU",VMRS_HB_COMPLETE_v20 page 9_pages_76-100.md
151-001-062,,151,001,"Sensor - Coolant Temperature, APU | 151-001-132 | Ring Set - APU",VMRS_HB_COMPLETE_v20 page 9_pages_76-100.md
151-001-065,,151,001,Accessory Package - APLI | 151-001-134 | Ean - Precool APU,VMRS_HB_COMPLETE_v20 page 9_pages_76-100.md
151-001-066,,151,001,Auxiliary Power Unit (APU) Assembly - Complete | 151-001-136 | Pulley - Water Pump,VMRS_HB_COMPLETE_v20 page 9_pages_76-100.md
151-001-067,,151,001,Housing - APU | 151-001-137 | Tube - Hose to Badiator APU,VMRS_HB_COMPLETE_v20 page 9_pages_76-100.md
151-001-068,,151,001,"Reader - Fault, APU | 151-001-138 | Tube - Thermostat Out, APU",VMRS_HB_COMPLETE_v20 page 9_pages_76-100.md
151-001-069,,151,001,"Hose - Air Filter to Engine, APU | 151-001-139 | Valve - Ball, APU",VMRS_HB_COMPLETE_v20 page 9_pages_76-100.md
151-001-070,,151,001,"Gasket Set - APU | 151-001-140 | Valve - Bleed, APU",VMRS_HB_COMPLETE_v20 page 9_pages_76-100.md
151-001-071,,151,001,"Buzzer - Warning, APU | 151-001-141 | Rocker Arm - APU",VMRS_HB_COMPLETE_v20 page 9_pages_76-100.md
151-001-072,,151,001,"Knob - Cover, APU | 151-001-142 | Baffle - Breather, Cylinder Head, APU",VMRS_HB_COMPLETE_v20 page 9_pages_76-100.md
151-001-073,,151,001,"Drain Plug, APU | 151-001-143 | Cap - Valve, Cylinder Head, APU",VMRS_HB_COMPLETE_v20 page 9_pages_76-100.md
151-001-074,,151,001,"Cover - Thermostat, APU | 151-001-144 | Connector - Glow Plug, APU",VMRS_HB_COMPLETE_v20 page 9_pages_76-100.md
151-001-075,,151,001,"Gasket - Thermostat, APU | 151-001-145 | Cover - Cylinder Head, APU",VMRS_HB_COMPLETE_v20 page 9_pages_76-100.md
151-001-076,,151,001,"O-Ring - Water Pump, APU | 151-001-146 | Cover - Filler, Cylinder Head, APU",VMRS_HB_COMPLETE_v20 page 9_pages_76-100.md
151-001-077,,151,001,"Case - Gear Housing, APU | 151-001-147 | Gasket - Cylinder Head, APU",VMRS_HB_COMPLETE_v20 page 9_pages_76-100.md
151-001-078,,151,001,"Cover - Gear Case, APU | 151-001-148 | Gasket - Nozzle, Cylinder Head, APU",VMRS_HB_COMPLETE_v20 page 9_pages_76-100.md
151-001-079,,151,001,"Cover - Oil Pump, APU | 151-001-149 | Guide - Valve, Cylinder Head, APU",VMRS_HB_COMPLETE_v20 page 9_pages_76-100.md
151-001-080,,151,001,"Cover - Timing, APU | 151-001-150 | Glow Plug - APU",VMRS_HB_COMPLETE_v20 page 9_pages_76-100.md
151-001-081,,151,001,"Pin - Alignment, APU | 151-001-151 | Cylinder Head - APU",VMRS_HB_COMPLETE_v20 page 9_pages_76-100.md
151-001-082,,151,001,"Rotor - Inner, Oil Pump, APU | 151-001-152 | Lifter - APU",VMRS_HB_COMPLETE_v20 page 9_pages_76-100.md
151-001-083,,151,001,"Rotor - Outer, Oil Pump, APU | 151-001-153 | Keeper - Valve, APU",VMRS_HB_COMPLETE_v20 page 9_pages_76-100.md
151-001-084,,151,001,"Seal - Oil, Oil Pump, APU | 151-001-154 | Plate - Baffle, Cylinder Head, APU",VMRS_HB_COMPLETE_v20 page 9_pages_76-100.md
151-001-085,,151,001,"Cover - Oli Sump, APU | 151-001-155 | Protector - Nozzle, Cylinder Head, APU",VMRS_HB_COMPLETE_v20 page 9_pages_76-100.md
,151-001,151,001,"-08/ | Housing - Oil Seal, Oll Sump, APU | 151-001-15/ | Spring - Cylinder Head, APU",VMRS_HB_COMPLETE_v20 page 9_pages_76-100.md
151-001-000,,151,001,"Sump - Oil APU | 151-001-156 | Support - Bocker Arm, Cylinder Hood, ADU",VMRS_HB_COMPLETE_v20 page 9_pages_76-100.md
151-001-009,,151,001,Gasket - Return Fuel Injection Value ADU | 151-001-160 | Valve - Dianhragm APU,VMRS_HB_COMPLETE_v20 page 9_pages_76-100.md
151-001-001,,151,001,"Kit - Check Valve, Fuel Injection Valve, APU | 151-001-161 | Valve - Exhaust APLI",VMRS_HB_COMPLETE_v20 page 9_pages_76-100.md
151-001-092,,151,001,"Pipe - Fuel Injection, Fuel Injection Valve, APU | 151-001-162 | Valve - Intake, APU",VMRS_HB_COMPLETE_v20 page 9_pages_76-100.md
151-001-163,,151,001,"Bearing - Main, APU | 151-001-232 | Gasket - Valve Cover, APU",VMRS_HB_COMPLETE_v20 page 9_pages_76-100.md
151-001-164,,151,001,"Thrust Bearing - APU | 151-001-233 | Wiring Harness - Alternator, APU",VMRS_HB_COMPLETE_v20 page 9_pages_76-100.md
151-001-165,,151,001,"Cylinder Block - APU | 151-001-234 | Gasket - Exhaust, APU",VMRS_HB_COMPLETE_v20 page 9_pages_76-100.md
151-001-166,,151,001,"Bushing - Camshaft, APU | 151-001-235 | Connector - Terminal, APU",VMRS_HB_COMPLETE_v20 page 9_pages_76-100.md
151-001-167,,151,001,"Repair Sleeve - Block, APU | 151-001-236 | Hardware, Mounting - Covers and Frame, APU",VMRS_HB_COMPLETE_v20 page 9_pages_76-100.md
151-001-168,,151,001,"Camshaft - APU | 151-001-237 | Fuse - Inverter, APU",VMRS_HB_COMPLETE_v20 page 9_pages_76-100.md
151-001-169,,151,001,"Gear Assembly - Camshaft, APU | 151-001-238 | Retrofit Kit - Fuel Pump, APU",VMRS_HB_COMPLETE_v20 page 9_pages_76-100.md
151-001-170,,151,001,"Pump - Fuel Injection, APU | 151-001-239 | Hose - Intake, Air Cleaner, APU",VMRS_HB_COMPLETE_v20 page 9_pages_76-100.md
151-001-171,,151,001,"Gear - Fuel Injection Pump, APU | 151-002-000 | Heating - APU",VMRS_HB_COMPLETE_v20 page 9_pages_76-100.md
151-001-172,,151,001,Push Rod - Camshaft APU | 151-002-001 | Heater Assembly - APU,VMRS_HB_COMPLETE_v20 page 9_pages_76-100.md
151-001-173,,151,001,Shaft - Idle Gear APU | 151-002-002 | Heater Core - APU,VMRS_HB_COMPLETE_v20 page 9_pages_76-100.md
151-001-174,,151,001,Barrel - Turnbuckle APU | 151-002-003 | Valve - Water Assembly Heater APU,VMRS_HB_COMPLETE_v20 page 9_pages_76-100.md
151-001-175,,151,001,Clutch - Ean APL | 151-002-004 | Motor - Water Valve Heater APL,VMRS_HB_COMPLETE_v20 page 9_pages_76-100.md
151-002-004,,151,002,151_001_176 | Ean - Alternator APLI | | Sensor - Flame/Overbeat Heater APU,VMRS_HB_COMPLETE_v20 page 9_pages_76-100.md
151-001-177,,151,001,Pulley Idler ADU | 151-002-000 | Strainer Clow Din Heater ADU,VMRS_HB_COMPLETE_v20 page 9_pages_76-100.md
151-001-179,,151,001,"Barid - Air Filler, APU | 151-002-008 | Pump - Fuel, Heater, APU",VMRS_HB_COMPLETE_v20 page 9_pages_76-100.md
151-001-180,,151,001,"Element - Filter, APU | 151-002-009 | Screen - Fuel, Heater, APU",VMRS_HB_COMPLETE_v20 page 9_pages_76-100.md
151-001-181,,151,001,"Sleeving - Exhaust Hose, APU | 151-002-010 | Screen - Inlet, Heater, APU",VMRS_HB_COMPLETE_v20 page 9_pages_76-100.md
151-001-182,,151,001,"Filter - Oil, APU | 151-002-011 | Sleeve - Exhaust, Heater, APU",VMRS_HB_COMPLETE_v20 page 9_pages_76-100.md
151-001-183,,151,001,"Enclosure - Upper, APU | 151-002-012 | Sleeve - Inlet, Heater, APU",VMRS_HB_COMPLETE_v20 page 9_pages_76-100.md
151-001-184,,151,001,"Weldment (with Access Door) - Top, APU | 151-002-013 | Tube - Fuel, Heater, APU",VMRS_HB_COMPLETE_v20 page 9_pages_76-100.md
151-001-185,,151,001,"Latch - Access Door, Center, APU | 151-002-014 | Burner - Heater, APU",VMRS_HB_COMPLETE_v20 page 9_pages_76-100.md
151-001-186,,151,001,"Capacitor - APU | 151-002-015 | Cover - Heater, Bottom, APU",VMRS_HB_COMPLETE_v20 page 9_pages_76-100.md
151-001-187,,151,001,"Filter - Diesel Particulate, APU | 151-002-016 | Cover - Heater, Top, APU",VMRS_HB_COMPLETE_v20 page 9_pages_76-100.md
151-001-188,,151,001,"Sensor - Pressure, Diesel Particulate Filter, APU | 151-002-017 | Gasket - Heater, APU",VMRS_HB_COMPLETE_v20 page 9_pages_76-100.md
151-001-189,,151,001,"Contactor - Heater, Diesel Particulate Filter, APU | 151-002-018 | Gasket - Motor, Heater, APU",VMRS_HB_COMPLETE_v20 page 9_pages_76-100.md
151-001-190,,151,001,"Motor - Blower, Regeneration, Diesel Particulate | 151-002-019 | Heat Exchanger - Heater, APU",VMRS_HB_COMPLETE_v20 page 9_pages_76-100.md
151-002-020,,151,002,"Filter, APU | | Motor - Blower, Heater, APU",VMRS_HB_COMPLETE_v20 page 9_pages_76-100.md
151-001-191,,151,001,"Receptacle - GFCI, APU | 151-002-021 | Plate&Seal - Heater, APU",VMRS_HB_COMPLETE_v20 page 9_pages_76-100.md
151-001-192,,151,001,"Gasket - Water Pump APU | 151-002-022 | Grommet - Burner, Heat Exchanger, APU",VMRS_HB_COMPLETE_v20 page 9_pages_76-100.md
151-001-193,,151,001,Gasket - Oil Plug APU | 151-002-023 | Clip - Top Cover APU,VMRS_HB_COMPLETE_v20 page 9_pages_76-100.md
151-001-194,,151,001,Shroud - Fan Badiator Fan APU | 151-002-024 | Grommet - Bottom Cover APU,VMRS_HB_COMPLETE_v20 page 9_pages_76-100.md
151-002-024,,151,002,151_001_105 | Dinetick - Oil APLI | | Mounting Gasket - Burner APU,VMRS_HB_COMPLETE_v20 page 9_pages_76-100.md
151-001-106,,151,001,"Blooder Scrow, Fuel APL | 151 002 026 | Clamp Fuel Line Heater APU",VMRS_HB_COMPLETE_v20 page 9_pages_76-100.md
151-001-197,,151,001,"Doll - Rou, Aujustment, Alternator | 151-002-027 | Deflector Worm Air Heater ADU",VMRS_HB_COMPLETE_v20 page 9_pages_76-100.md
151-001-199,,151,001,"Retront Kit - Diesel Particulate Fliter, APU | 151-002-029 | Pipe - Exnaust, Heater, APU",VMRS_HB_COMPLETE_v20 page 9_pages_76-100.md
151-001-200,,151,001,"Sensor - Ambient Air Temperature, APU | 151-002-030 | Hose - Heater Exnaust, APU",VMRS_HB_COMPLETE_v20 page 9_pages_76-100.md
151-001-201,,151,001,"Clamp - Exhaust, APU | 151-002-031 | Tube - Intake Air, Heater, APU",VMRS_HB_COMPLETE_v20 page 9_pages_76-100.md
151-001-202,,151,001,"Filler Cap - Radiator, APU | 151-002-032 | Glow Pin Kit - w/Strainer & Fuel Screen, APU",VMRS_HB_COMPLETE_v20 page 9_pages_76-100.md
151-001-203,,151,001,"Engine Assembly - APU | 151-002-033 | Clamp - Exhaust Pipe, Heater, APU",VMRS_HB_COMPLETE_v20 page 9_pages_76-100.md
151-001-204,,151,001,"Mount - Engine, APU | 151-002-034 | Sensor - Temperature, Remote Cab Mounted,",VMRS_HB_COMPLETE_v20 page 9_pages_76-100.md
151-001-205,,151,001,"Connector - Electrical, Fuel Pump, APU | | APU",VMRS_HB_COMPLETE_v20 page 9_pages_76-100.md
151-001-206,,151,001,"Harness - Inside Air Temperature, APU | 151-002-035 | Bracket - Fuel Pump, Heater, APU",VMRS_HB_COMPLETE_v20 page 9_pages_76-100.md
151-001-207,,151,001,"Mounting, Hardware - Alternator, APU | 151-002-036 | Clamp - Fuel Pump, Heater, APU",VMRS_HB_COMPLETE_v20 page 9_pages_76-100.md
151-001-208,,151,001,"Valve Core - APU | 151-002-037 | Plate - Air Intake Tube, Heater, APU",VMRS_HB_COMPLETE_v20 page 9_pages_76-100.md
151-001-209,,151,001,"Fuse Holder, APU | 151-002-038 | Wiring Harness - Heater, APU",VMRS_HB_COMPLETE_v20 page 9_pages_76-100.md
151-001-210,,151,001,"Cover - Top, APU | 151-003-000 | Cooling and Air Conditioning - APU",VMRS_HB_COMPLETE_v20 page 9_pages_76-100.md
151-001-211,,151,001,"Cover - Access, Front, APU | 151-003-001 | Air Conditioning Assembly - APU",VMRS_HB_COMPLETE_v20 page 9_pages_76-100.md
151-001-212,,151,001,"Washer - Seal, Oil Drain Plug, APU | 151-003-002 | Compressor - Refrigerant, APU",VMRS_HB_COMPLETE_v20 page 9_pages_76-100.md
151-001-213,,151,001,Strap - Ground APU | 151-003-003 | Evaporator - APU,VMRS_HB_COMPLETE_v20 page 9_pages_76-100.md
151-001-214,,151,001,Installation Kit - APU | 151-003-004 | Receiver Drier - APU,VMRS_HB_COMPLETE_v20 page 9_pages_76-100.md
151-001-215,,151,001,Pipe - Elex Engine Exhaust to Muffler APU | 151-003-005 | Hose - Refrigerant APU,VMRS_HB_COMPLETE_v20 page 9_pages_76-100.md
151-001-216,,151,001,Housing - Air Filter APU | 151-003-006 | Valve - Expansion APLI,VMRS_HB_COMPLETE_v20 page 9_pages_76-100.md
151-001-217,,151,001,Strainor Fuel ADL | 151-003-007 | Condensor ADU,VMRS_HB_COMPLETE_v20 page 9_pages_76-100.md
151-001-219,,151,001,"Receptacie - o-Pin, Main High Power, Main | 151-003-009 | Fan - Condenser Assembly, APU",VMRS_HB_COMPLETE_v20 page 9_pages_76-100.md
151-001-220,,151,001,"Receptacie - 10-Pin, Main Harness, APU | 151-003-011 | Duct - Flexible, APU",VMRS_HB_COMPLETE_v20 page 9_pages_76-100.md
151-001-221,,151,001,"O-Ring - Cap, OII Filler, APU | 151-003-012 | Louver - APU",VMRS_HB_COMPLETE_v20 page 9_pages_76-100.md
151-001-222,,151,001,"Oil Pan, APU | 151-003-013 | Duct - Rigid, APU",VMRS_HB_COMPLETE_v20 page 9_pages_76-100.md
151-001-223,,151,001,"Gasket - Oil Pan, APU | 151-003-014 | Collar - Duct, APU",VMRS_HB_COMPLETE_v20 page 9_pages_76-100.md
151-001-224,,151,001,"Cover - Pre-Cooler Fan, APU | 151-003-015 | Wiring Harness - HVAC, APU",VMRS_HB_COMPLETE_v20 page 9_pages_76-100.md
151-001-225,,151,001,"Belt - Generator, APU | 151-003-016 | Tubing - Refrigerant, APU",VMRS_HB_COMPLETE_v20 page 9_pages_76-100.md
151-001-226,,151,001,"Kit - Hour Meter, APU | 151-003-017 | Housing - Blower, APU",VMRS_HB_COMPLETE_v20 page 9_pages_76-100.md
151-001-227,,151,001,"Microprocessor - APU | 151-003-018 | Gasket/Seal - Ductwork, APU",VMRS_HB_COMPLETE_v20 page 9_pages_76-100.md
151-001-228,,151,001,"O-Ring - Fuel Strainer, APU | 151-003-019 | Thermostat - Freeze, Evaporator, APU",VMRS_HB_COMPLETE_v20 page 9_pages_76-100.md
151-001-229,,151,001,"Hose - Radiator, Upper, APU | 151-003-020 | Coil - Condenser, APU",VMRS_HB_COMPLETE_v20 page 9_pages_76-100.md
151-001-230,,151,001,"Hose - Radiator, Lower, APU | 151-003-021 | Cover - Binary Switch, APU",VMRS_HB_COMPLETE_v20 page 9_pages_76-100.md
151-001-231,,151,001,Gasket - Fuel Pickup Tube. APU | 151-003-022 | Dehydrator - APU,VMRS_HB_COMPLETE_v20 page 9_pages_76-100.md
151-003-023,,151,003,Dehydrator/wSwitch - APU | 151-005-014,VMRS_HB_COMPLETE_v20 page 9_pages_76-100.md
151-003-024,,151,003,"Restrictor - Suction Line, APU | 151-005-015",VMRS_HB_COMPLETE_v20 page 9_pages_76-100.md
151-003-025,,151,003,"Switch - Binary, APU | 151-005-016",VMRS_HB_COMPLETE_v20 page 9_pages_76-100.md
151-003-026,,151,003,"Valve - Drain, APU | 151-005-017",VMRS_HB_COMPLETE_v20 page 9_pages_76-100.md
151-003-027,,151,003,"Switch - High Pressure Cut Off, APU | 151-005-018",VMRS_HB_COMPLETE_v20 page 9_pages_76-100.md
151-003-028,,151,003,"Adapter - Hose, Evaporator, APU | 151-005-019",VMRS_HB_COMPLETE_v20 page 9_pages_76-100.md
151-003-029,,151,003,"Base - Evaporator, APU | 151-005-020",VMRS_HB_COMPLETE_v20 page 9_pages_76-100.md
151-003-030,,151,003,"Blower - Evaporator, APU | 151-005-021",VMRS_HB_COMPLETE_v20 page 9_pages_76-100.md
151-003-031,,151,003,"Coil - Evaporator, APU | 151-005-022",VMRS_HB_COMPLETE_v20 page 9_pages_76-100.md
151-003-032,,151,003,"Cover - Evaporator, APU | 151-005-023",VMRS_HB_COMPLETE_v20 page 9_pages_76-100.md
151-003-033,,151,003,"Filter - Air, Evaporator, APU | 151-005-024",VMRS_HB_COMPLETE_v20 page 9_pages_76-100.md
151-003-034,,151,003,"Grille - Air Filter, Evaporator, APU | 151-005-025",VMRS_HB_COMPLETE_v20 page 9_pages_76-100.md
151-003-035,,151,003,"Housing - Evaporator, APU | 151-005-026",VMRS_HB_COMPLETE_v20 page 9_pages_76-100.md
151-003-036,,151,003,"Plate - Blower, Evaporator, APU | 151-005-027",VMRS_HB_COMPLETE_v20 page 9_pages_76-100.md
151-003-037,,151,003,"Plate - Expansion Valve, APU | 151-005-028",VMRS_HB_COMPLETE_v20 page 9_pages_76-100.md
151-003-038,,151,003,"Switch - Low Pressure Cut Off, APU | 151-005-029",VMRS_HB_COMPLETE_v20 page 9_pages_76-100.md
151-003-039,,151,003,"Clutch - A/C, APU | 151-006-000",VMRS_HB_COMPLETE_v20 page 9_pages_76-100.md
151-003-040,,151,003,"Filter - Suction, APU | 151-006-001",VMRS_HB_COMPLETE_v20 page 9_pages_76-100.md
151-003-041,,151,003,"Manifold - Compressor, APU | 151-006-002",VMRS_HB_COMPLETE_v20 page 9_pages_76-100.md
151-003-042,,151,003,High Pressure Relief Valve - APU | 151-006-003,VMRS_HB_COMPLETE_v20 page 9_pages_76-100.md
151-003-043,,151,003,Cradle - A/C Compressor APU | 151-006-004,VMRS_HB_COMPLETE_v20 page 9_pages_76-100.md
151-003-044,,151,003,Switch - Fan Pre-Cooler APU | 151-006-005,VMRS_HB_COMPLETE_v20 page 9_pages_76-100.md
151-003-045,,151,003,Frame - Pre-Cooler APU | 151-006-006,VMRS_HB_COMPLETE_v20 page 9_pages_76-100.md
151-003-046,,151,003,Mounting Gasket - Blower APU | 152-000-000,VMRS_HB_COMPLETE_v20 page 9_pages_76-100.md
151-003-047,,151,003,Splice - Hose A/C APU | 152-001-000,VMRS_HB_COMPLETE_v20 page 9_pages_76-100.md
151-003-048,,151,003,"Cade - Hose, A/C, APU | 152-001-000",VMRS_HB_COMPLETE_v20 page 9_pages_76-100.md
151-003-050,,151,003,Cap Sorvice Port A/C APU | 152 001 002,VMRS_HB_COMPLETE_v20 page 9_pages_76-100.md
151-003-051,,151,003,Rolt A/C Compressor & Alternator ADL | 152-001-003,VMRS_HB_COMPLETE_v20 page 9_pages_76-100.md
151-003-052,,151,003,152-001-005,VMRS_HB_COMPLETE_v20 page 9_pages_76-100.md
151-002-052,,151,002,APU | 152-001-000,VMRS_HB_COMPLETE_v20 page 9_pages_76-100.md
151-003-053,,151,003,"Fitting A/C Hose, 90 Degree, APU | 152-001-007",VMRS_HB_COMPLETE_v20 page 9_pages_76-100.md
151-003-054,,151,003,"Filling - A/C Hose, 45 Degree, APU | 152-001-008",VMRS_HB_COMPLETE_v20 page 9_pages_76-100.md
151-003-055,,151,003,"O-Ring - Compressor, A/C Line, APU | 152-001-009",VMRS_HB_COMPLETE_v20 page 9_pages_76-100.md
151-003-057,,151,003,"Manifold - Compressor, A/C, APU | 152-001-010",VMRS_HB_COMPLETE_v20 page 9_pages_76-100.md
151-003-058,,151,003,"Sensor - Temperature, Evaporator, APU | 152-001-012",VMRS_HB_COMPLETE_v20 page 9_pages_76-100.md
151-003-059,,151,003,"Frame - Condenser, APU | 152-001-014",VMRS_HB_COMPLETE_v20 page 9_pages_76-100.md
151-003-060,,151,003,"valve - Service, A/C, APU | 152-001-014",VMRS_HB_COMPLETE_v20 page 9_pages_76-100.md
151-003-001,,151,003,"Orifice - Suction, Compressor Manifold, APU | 152-001-015",VMRS_HB_COMPLETE_v20 page 9_pages_76-100.md
151-003-062,,151,003,"Switch - Arctic, Coolant, APU | 152-001-015",VMRS_HB_COMPLETE_v20 page 9_pages_76-100.md
151-003-063,,151,003,"Kit - Arctic Switch, Coolant, APU | 152-001-017",VMRS_HB_COMPLETE_v20 page 9_pages_76-100.md
151-003-064,,151,003,"Cover - Condenser Fan, APU | 152-002-000",VMRS_HB_COMPLETE_v20 page 9_pages_76-100.md
151-004-000,,151,004,Support - APU | 152-002-001,VMRS_HB_COMPLETE_v20 page 9_pages_76-100.md
151-004-001,,151,004,Mounting Plate Assembly - APU | 152-002-002,VMRS_HB_COMPLETE_v20 page 9_pages_76-100.md
151-004-002,,151,004,"Divider - Drawer, APU | 152-002-003",VMRS_HB_COMPLETE_v20 page 9_pages_76-100.md
151-004-003,,151,004,Mounting Bracket - APU | 152-002-004,VMRS_HB_COMPLETE_v20 page 9_pages_76-100.md
151-004-004,,151,004,"Panel - Closeout, APU | 152-002-005",VMRS_HB_COMPLETE_v20 page 9_pages_76-100.md
151-004-005,,151,004,"Frame - Insert, APU | 152-002-006",VMRS_HB_COMPLETE_v20 page 9_pages_76-100.md
151-004-006,,151,004,"Latch - Cover, APU | 152-002-007",VMRS_HB_COMPLETE_v20 page 9_pages_76-100.md
151-004-007,,151,004,"Clamp - Mounting, APU | 152-002-008",VMRS_HB_COMPLETE_v20 page 9_pages_76-100.md
151-004-008,,151,004,"Claw - Frame, APU to Vehicle, APU | 152-002-009",VMRS_HB_COMPLETE_v20 page 9_pages_76-100.md
151-004-009,,151,004,"Spacer - APU Mounting, APU | 152-002-010",VMRS_HB_COMPLETE_v20 page 9_pages_76-100.md
151-004-010,,151,004,"Bolt - APU Mounting, APU | 152-003-000",VMRS_HB_COMPLETE_v20 page 9_pages_76-100.md
151-004-011,,151,004,"Frame - Pre-Cooler, APU | 152-003-001",VMRS_HB_COMPLETE_v20 page 9_pages_76-100.md
151-004-012,,151,004,"Nut - APU Mounting, APU | 152-003-002",VMRS_HB_COMPLETE_v20 page 9_pages_76-100.md
151-004-013,,151,004,"Flat Washer - APU Mounting, APU | 152-003-003",VMRS_HB_COMPLETE_v20 page 9_pages_76-100.md
151-005-000,,151,005,Controls - Auxiliary Power Unit (APU) | 152-003-004,VMRS_HB_COMPLETE_v20 page 9_pages_76-100.md
151-005-001,,151,005,"Switch - Water Temperature, APU | 152-003-005",VMRS_HB_COMPLETE_v20 page 9_pages_76-100.md
151-005-002,,151,005,"Switch - Oil Pressure, APU | 152-003-006",VMRS_HB_COMPLETE_v20 page 9_pages_76-100.md
151-005-003,,151,005,"Switch - Rocker, APU | 152-003-007",VMRS_HB_COMPLETE_v20 page 9_pages_76-100.md
151-005-004,,151,005,"Switch - Blower, APU | 152-003-008",VMRS_HB_COMPLETE_v20 page 9_pages_76-100.md
151-005-005,,151,005,"Switch - Temperature Control, APU | 152-003-009",VMRS_HB_COMPLETE_v20 page 9_pages_76-100.md
151-005-006,,151,005,"Panel - Control, APU | 152-003-010",VMRS_HB_COMPLETE_v20 page 9_pages_76-100.md
151-005-007,,151,005,"Switch - Trinary, APU | 152-003-011",VMRS_HB_COMPLETE_v20 page 9_pages_76-100.md
151-005-008,,151,005,"Switch - Pressure, APU | 152-003-012",VMRS_HB_COMPLETE_v20 page 9_pages_76-100.md
151-005-009,,151,005,Control Module - APU | 152-003-013,VMRS_HB_COMPLETE_v20 page 9_pages_76-100.md
151-005-010,,151,005,"Wiring Harness - Thermostat, APU | 152-003-014",VMRS_HB_COMPLETE_v20 page 9_pages_76-100.md
151-005-011,,151,005,"Switch - On/Off, APU | 153-000-000",VMRS_HB_COMPLETE_v20 page 9_pages_76-100.md
151-005-012,,151,005,"Switch - Mode Control, APU | 153-001-000",VMRS_HB_COMPLETE_v20 page 9_pages_76-100.md
151-005-013,,151,005,"Sensor - Current, APU | 153-001-001",VMRS_HB_COMPLETE_v20 page 9_pages_76-100.md
,005-014,005,014,"51- | Knob - Controls, APU",VMRS_HB_COMPLETE_v20 page 9_pages_76-100.md
,005-015,005,015,"51- | Harness - Pump Primer, APU",VMRS_HB_COMPLETE_v20 page 9_pages_76-100.md
,005-016,005,016,"51- | Sensor Assembly - Controller, APU",VMRS_HB_COMPLETE_v20 page 9_pages_76-100.md
,005-017,005,017,"51- | Board - PC Interface, APU",VMRS_HB_COMPLETE_v20 page 9_pages_76-100.md
,005-018,005,018,"51- | Controller - Electrical, APU",VMRS_HB_COMPLETE_v20 page 9_pages_76-100.md
,005-019,005,019,51- | Switch - Stand-By,VMRS_HB_COMPLETE_v20 page 9_pages_76-100.md
,005-020,005,020,51- | Control Box - APU,VMRS_HB_COMPLETE_v20 page 9_pages_76-100.md
,005-021,005,021,51- | Chip/Software - APU,VMRS_HB_COMPLETE_v20 page 9_pages_76-100.md
,005-022,005,022,"51- | Switch - Interconnect, APU",VMRS_HB_COMPLETE_v20 page 9_pages_76-100.md
,005-023,005,023,51- | Climate Control Unit (CCU) - APU,VMRS_HB_COMPLETE_v20 page 9_pages_76-100.md
,005-024,005,024,"51- | Cover - Control Box, APU",VMRS_HB_COMPLETE_v20 page 9_pages_76-100.md
,005-025,005,025,51- | Switch - Reset Assembly,VMRS_HB_COMPLETE_v20 page 9_pages_76-100.md
,005-026,005,026,"51- | Harness - HMI (Human Machine Interface), APU",VMRS_HB_COMPLETE_v20 page 9_pages_76-100.md
,005-027,005,027,"51- | Connector - HMI Harness, APU",VMRS_HB_COMPLETE_v20 page 9_pages_76-100.md
,005-028,005,028,"51- | Pin - HMI Harness, APU",VMRS_HB_COMPLETE_v20 page 9_pages_76-100.md
,005-029,005,029,"51- | Wire Seal - HMI Harness, APU",VMRS_HB_COMPLETE_v20 page 9_pages_76-100.md
,006-000,006,000,51- | Inverter - APU,VMRS_HB_COMPLETE_v20 page 9_pages_76-100.md
,006-001,006,001,51- | Inverter Assembly - APU,VMRS_HB_COMPLETE_v20 page 9_pages_76-100.md
,006-002,006,002,"51- | Mounting Bracket - Inverter, APU",VMRS_HB_COMPLETE_v20 page 9_pages_76-100.md
,006-003,006,003,"51- | Harness - Negative, Inverter, APU",VMRS_HB_COMPLETE_v20 page 9_pages_76-100.md
,006-004,006,004,"51- | Cable - Positive, Inverter, APU",VMRS_HB_COMPLETE_v20 page 9_pages_76-100.md
,006-005,006,005,"51- | Cable - Ground, Inverter, APU",VMRS_HB_COMPLETE_v20 page 9_pages_76-100.md
,006-006,006,006,"51- | Harness - Power, Inverter, APU",VMRS_HB_COMPLETE_v20 page 9_pages_76-100.md
,001-013,001,013,"52- | Insulation - Blanket, Toilet Tank",VMRS_HB_COMPLETE_v20 page 9_pages_76-100.md
152-002-000,,152,002,Alternator (AC) Accombly Stationary Concreter | 152 005 012 | Desister Stationary Concreter,VMRS_HB_COMPLETE_v20 page 9_pages_76-100.md
153-002-000,,153,002,Alternator (AC) Assembly - Stationary Generator | 153-005-012 | Resision - Stationary Generator,VMRS_HB_COMPLETE_v20 page 9_pages_76-100.md
153-002-001,,153,002,"Alternator (AC) - Stationary Generator | 153-005-013 | Switch - loggle, Stationary Generator",VMRS_HB_COMPLETE_v20 page 9_pages_76-100.md
153-002-002,,153,002,Wiring Harness (DC) - Stationary Generator | 153-006-000 | Enclosure,VMRS_HB_COMPLETE_v20 page 9_pages_76-100.md
153-002-003,,153,002,"Cross Member - Front, Stationary Generator | 153-006-001 | Enclosure - Complete, Stationary Generator",VMRS_HB_COMPLETE_v20 page 9_pages_76-100.md
153-002-004,,153,002,"Cable - Ground, Stationary Generator | 153-006-002 | Insulation - Sound, Stationary Generator",VMRS_HB_COMPLETE_v20 page 9_pages_76-100.md
153-002-005,,153,002,"Cross Member - Rear, Stationary Generator | 153-006-003 | Weather Stripping - Enclosure, Stationary",VMRS_HB_COMPLETE_v20 page 9_pages_76-100.md
153-002-006,,153,002,"Hardware - Restraint, Stationary Generator | | Generator",VMRS_HB_COMPLETE_v20 page 9_pages_76-100.md
153-002-007,,153,002,"Mount - Vibration, Stationary Generator | 153-007-000 | Battery Charger",VMRS_HB_COMPLETE_v20 page 9_pages_76-100.md
153-002-008,,153,002,"Wiring Harness - (AC) - Stationary Generator | 153-007-001 | Battery Charger - Complete, Stationary",VMRS_HB_COMPLETE_v20 page 9_pages_76-100.md
153-002-009,,153,002,Transformer - Stationary Generator | | Generator,VMRS_HB_COMPLETE_v20 page 9_pages_76-100.md
153-002-010,,153,002,"Main Rotor Assembly - Alternator (AC), | 154-000-000 | Medical Devices",VMRS_HB_COMPLETE_v20 page 9_pages_76-100.md
154-001-000,,154,001,Stationary Generator | | CPAP Machine - Continuous Positive Airway,VMRS_HB_COMPLETE_v20 page 9_pages_76-100.md
153-002-011,,153,002,"Screen Assembly - Alternator (AC), Stationary | | Pressure",VMRS_HB_COMPLETE_v20 page 9_pages_76-100.md
154-001-001,,154,001,Generator | | CPAP Machine Assembly,VMRS_HB_COMPLETE_v20 page 9_pages_76-100.md
153-002-012,,153,002,Ean - Alternator (AC) Stationary Generator | 154-001-002 | Mask - CPAP,VMRS_HB_COMPLETE_v20 page 9_pages_76-100.md
153-002-013,,153,002,Drive Hub - Alternator (AC) - Stationary | 154-001-003 | Liner - Mask CPAP,VMRS_HB_COMPLETE_v20 page 9_pages_76-100.md
100-002-010,,100,002,Gonorator | 154 001 004 | Cushion Mask CDAD,VMRS_HB_COMPLETE_v20 page 9_pages_76-100.md
153-002-014,,153,002,Boaring Cap Front Altornator (AC) Stationary | 154-001-004 | Hose CDAD,VMRS_HB_COMPLETE_v20 page 9_pages_76-100.md
100-002-014,,100,002,Generator | 154-001-005 | Cord Dower CDAD,VMRS_HB_COMPLETE_v20 page 9_pages_76-100.md
150-000-015,,150,000,"GeneratorBearing Frank Alternator (AQ) Otationary | 154-001-007 | Cold - Power, CPAP",VMRS_HB_COMPLETE_v20 page 9_pages_76-100.md
153-002-015,,153,002,"Bearing - Front, Alternator (AC), Stationary | 154-001-007 | Battery - Back Op, CPAP",VMRS_HB_COMPLETE_v20 page 9_pages_76-100.md
150-000-010,,150,000,Generator | 154-001-008 | Inverter - CPAP,VMRS_HB_COMPLETE_v20 page 9_pages_76-100.md
153-002-016,,153,002,"Main Body Assembly - Alternator (AC), | 154-001-009 | Filter - CPAP",VMRS_HB_COMPLETE_v20 page 9_pages_76-100.md
154-001-010,,154,001,Stationary Generator | | Humidifier - CPAP,VMRS_HB_COMPLETE_v20 page 9_pages_76-100.md
153-002-017,,153,002,"Exciter Stator - Alternator (AC), Stationary | 154-001-011 | Cleaner - CPAP",VMRS_HB_COMPLETE_v20 page 9_pages_76-100.md
161-000-000,,161,000,Generator | | Sweeping,VMRS_HB_COMPLETE_v20 page 9_pages_76-100.md
153-002-018,,153,002,"Exciter Rotor Assembly - Alternator (AC), | 161-001-000 | Broom Assembly",VMRS_HB_COMPLETE_v20 page 9_pages_76-100.md
161-002-000,,161,002,Stationary Generator | | Wearable Items - Sweeping Unit,VMRS_HB_COMPLETE_v20 page 9_pages_76-100.md
153-002-019,,153,002,"Grounding Stud Assembly - Alternator (AC), | 161-003-000 | Hydraulic System - Sweeping",VMRS_HB_COMPLETE_v20 page 9_pages_76-100.md
161-004-000,,161,004,Stationary Generator | | Support - Sweeper,VMRS_HB_COMPLETE_v20 page 9_pages_76-100.md
153-002-020,,153,002,Voltage Regulator - Alternator (AC) Stationary | 161-005-000 | Control - Sweeping,VMRS_HB_COMPLETE_v20 page 9_pages_76-100.md
162-000-000,,162,000,Generator | | Spreading,VMRS_HB_COMPLETE_v20 page 9_pages_76-100.md
153-002-021,,153,002,Euse - Alternator (AC) Stationary Generator | 162-001-000 | Spreader Assembly,VMRS_HB_COMPLETE_v20 page 9_pages_76-100.md
153-002-022,,153,002,Excitor Destifier Assembly - Alternator (AC) | 162 001 000 | Eoodaato Assembly - Complete,VMRS_HB_COMPLETE_v20 page 9_pages_76-100.md
100-002-022,,100,002,Stationary Concreter | 162-001-001 | Link Ecodanto,VMRS_HB_COMPLETE_v20 page 9_pages_76-100.md
150-000-000,,150,000,Stationary Generator | 162-001-002 | Link - reeugale,VMRS_HB_COMPLETE_v20 page 9_pages_76-100.md
153-002-023,,153,002,"Diode - Standard Polarity, Alternator (AC), | 162-001-003 | Handle - Feedgate",VMRS_HB_COMPLETE_v20 page 9_pages_76-100.md
150-000-001,,150,000,Stationary Generator | 162-001-004 | Chain - Feedgate,VMRS_HB_COMPLETE_v20 page 9_pages_76-100.md
153-002-024,,153,002,"Diode - Reverse Polarity, Alternator (AC), | 162-001-005 | Panel - Cab Protector",VMRS_HB_COMPLETE_v20 page 9_pages_76-100.md
162-001-006,,162,001,Stationary Generator | | Bolt - Cab Protector,VMRS_HB_COMPLETE_v20 page 9_pages_76-100.md
153-002-025,,153,002,"Surge Suppressor - Alternator (AC), Stationary | 162-001-007 | Panel - V, Cab Protector",VMRS_HB_COMPLETE_v20 page 9_pages_76-100.md
162-001-008,,162,001,Generator | | Cab Protector Assembly- Complete,VMRS_HB_COMPLETE_v20 page 9_pages_76-100.md
153-003-000,,153,003,Auxiliary Receptacle - 120/240 Volt | 162-001-009 | Bulkhead Assembly - Complete,VMRS_HB_COMPLETE_v20 page 9_pages_76-100.md
153-003-001,,153,003,"Auxiliary Receptacle - 120/240 Volt, Complete, | 162-001-010 | Bulkhead - Rear, Spreader Assembly",VMRS_HB_COMPLETE_v20 page 9_pages_76-100.md
162-001-011,,162,001,Stationary Generator | | Decal - Spreader Assembly,VMRS_HB_COMPLETE_v20 page 9_pages_76-100.md
153-003-002,,153,003,"Cord - Electrical, Stationary Generator | 162-001-012 | Latch - Spreader Assembly",VMRS_HB_COMPLETE_v20 page 9_pages_76-100.md
153-003-003,,153,003,Box - Receptacle Stationary Generator | 162-001-013 | Hopper Assembly - Complete Spreading System,VMRS_HB_COMPLETE_v20 page 9_pages_76-100.md
153-003-004,,153,003,Cover - Receptacle Box Stationary Generator | 162-001-014 | Hopper - Upper Assembly,VMRS_HB_COMPLETE_v20 page 9_pages_76-100.md
153-003-005,,153,003,Plug - Female Stationary Generator | 162-001-015 | Hopper - Lower Assembly,VMRS_HB_COMPLETE_v20 page 9_pages_76-100.md
153-003-006,,153,003,"Plug - Male, Stationary Generator | 162-001-016 | Plate - Adjusting Upper Hopper",VMRS_HB_COMPLETE_v20 page 9_pages_76-100.md
153-004-000,,153,004,"Circuit Broaker Stationary Concrator | 162-001-010 | Prate - Aujusting, Opper Hopper",VMRS_HB_COMPLETE_v20 page 9_pages_76-100.md
153-004-001,,153,004,"Circuit Breaker - Complete, Stationary Generator | 162-001-010",VMRS_HB_COMPLETE_v20 page 9_pages_76-100.md
153-004-002,,153,004,"Breaker Box - Stationary Generator | 162-001-019 | Pin - Roll, Upper Hopper",VMRS_HB_COMPLETE_v20 page 9_pages_76-100.md
153-004-003,,153,004,"Lugs - Breaker, Stationary Generator | 162-001-020 | Baffle - Chute, Upper Hopper",VMRS_HB_COMPLETE_v20 page 9_pages_76-100.md
153-004-004,,153,004,"Cover Plate - Breaker Box, Stationary Generator | 162-001-021 | Bar - Pivot, Upper Hopper",VMRS_HB_COMPLETE_v20 page 9_pages_76-100.md
153-004-005,,153,004,"Isolator Block - Stationary Generator | 162-001-022 | Baffle - End, Lower Hopper",VMRS_HB_COMPLETE_v20 page 9_pages_76-100.md
153-004-006,,153,004,"Mounting Plate - Stationary Generator | 162-001-023 | Baffle - Side, Lower Hopper",VMRS_HB_COMPLETE_v20 page 9_pages_76-100.md
153-004-007,,153,004,"Terminal Block - Stationary Generator | 162-001-024 | Rod - Side, Lower Hopper",VMRS_HB_COMPLETE_v20 page 9_pages_76-100.md
153-004-008,,153,004,"Wire Leads - Stationary Generator | 162-001-025 | Rod - Rear, Lower Hopper",VMRS_HB_COMPLETE_v20 page 9_pages_76-100.md
153-005-000,,153,005,"Control Panel - Stationary Generator | 162-001-026 | Mount - Spinner, Spreader Assembly",VMRS_HB_COMPLETE_v20 page 9_pages_76-100.md
153-005-001,,153,005,"Control Panel - Complete, Stationary Generator | 162-001-027 | Grommet - Spinner, Spreader Assembly",VMRS_HB_COMPLETE_v20 page 9_pages_76-100.md
153-005-002,,153,005,"Battery - Stationary Generator | 162-001-028 | Disc - Spinner, Spreader Assembly",VMRS_HB_COMPLETE_v20 page 9_pages_76-100.md
153-005-003,,153,005,"Boot - Toggle Switch, Stationary Generator | 162-001-029 | Motor - Conveyor Assembly",VMRS_HB_COMPLETE_v20 page 9_pages_76-100.md
153-005-004,,153,005,"Box - Controller, Stationary Generator | 162-001-030 | Case - Gear, Convevor Assembly",VMRS_HB_COMPLETE_v20 page 9_pages_76-100.md
153-005-005,,153,005,"Circuit Breaker - Control Panel Stationary | 162-001-031 | Bearing - Drive Shaft, Conveyor Assembly",VMRS_HB_COMPLETE_v20 page 9_pages_76-100.md
162-001-032,,162,001,Generator | | Drive Shaft - Conveyor Assembly,VMRS_HB_COMPLETE_v20 page 9_pages_76-100.md
153-005-006,,153,005,"Controller - Stationary Generator | 162-001-002 | Baaring - Idler Shaft, Conveyor Assembly",VMRS_HB_COMPLETE_v20 page 9_pages_76-100.md
153-005-007,,153,005,Button Emorgonou Ston Stationary Consider | 162 001 004 | Shaft Idlar Convoyar Assambly,VMRS_HB_COMPLETE_v20 page 9_pages_76-100.md
152-005-000,,152,005,Ease Dista Controller Stationary Constant | 162-001-034 | Din Connecting Conveyor Assembly,VMRS_HB_COMPLETE_v20 page 9_pages_76-100.md
153-005-008,,153,005,"Pace Plate - Controller, Stationary Generator | 102-001-035 | Fin - Connecting, Conveyor Assembly",VMRS_HB_COMPLETE_v20 page 9_pages_76-100.md
153-005-009,,153,005,"Connector - wiring, Stationary Generator | 102-001-036 | LINK - Connecting, Conveyor Assembly",VMRS_HB_COMPLETE_v20 page 9_pages_76-100.md
153-005-010,,153,005,"Mounting - Emergency Stop Button, Stationary | 162-001-037 | Crosspar - Conveyor Assembly",VMRS_HB_COMPLETE_v20 page 9_pages_76-100.md
162-002-000,,162,002,Generator | | wearable Items - Spreading Unit,VMRS_HB_COMPLETE_v20 page 9_pages_76-100.md
153-005-011,,153,005,"Potentionmeter - Stationary Generator | 162-002-001 | Motor - Spinner, Spreader Assembly",VMRS_HB_COMPLETE_v20 page 9_pages_76-100.md
162-002-002,,162,002,Chain - Conveyor Assembly | 163-005-,VMRS_HB_COMPLETE_v20 page 9_pages_76-100.md
162-003-000,,162,003,Hydraulic System - Spreading | 163-005-,VMRS_HB_COMPLETE_v20 page 9_pages_76-100.md
162-003-001,,162,003,"Tank - Spreader, Hydraulic System | 163-005-",VMRS_HB_COMPLETE_v20 page 9_pages_76-100.md
162-003-002,,162,003,Filter - Hydraulic Spreading System | 163-005-,VMRS_HB_COMPLETE_v20 page 9_pages_76-100.md
162-003-003,,162,003,Hose Assembly - Hydraulic | 164-000-,VMRS_HB_COMPLETE_v20 page 9_pages_76-100.md
162-004-000,,162,004,Support - Spreader | 164-001-,VMRS_HB_COMPLETE_v20 page 9_pages_76-100.md
162-004-001,,162,004,"Hook - Lower, Spreader Assembly | 164-001-",VMRS_HB_COMPLETE_v20 page 9_pages_76-100.md
162-004-002,,162,004,"Chain - Hold Down, Spreader Assembly | 164-001-",VMRS_HB_COMPLETE_v20 page 9_pages_76-100.md
162-004-003,,162,004,Spacer - Chain Spreader Assembly | 164-001-,VMRS_HB_COMPLETE_v20 page 9_pages_76-100.md
162-005-000,,162,005,Control - Spreading | 164-001-,VMRS_HB_COMPLETE_v20 page 9_pages_76-100.md
162-005-001,,162,005,Valve - Control Complete | 164-001-,VMRS_HB_COMPLETE_v20 page 9_pages_76-100.md
162-005-002,,162,005,Dial - Control Valve | 164-002-,VMRS_HB_COMPLETE_v20 page 9_pages_76-100.md
,164-004,164,004,162.005.004 | Child Valve Spreader Accombly,VMRS_HB_COMPLETE_v20 page 9_pages_76-100.md
162-005-004,,162,005,"Spring - Control Valve, Spreader Assembly | 164-004-",VMRS_HB_COMPLETE_v20 page 9_pages_76-100.md
162-005-005,,162,005,Cuide - Control Valve | 165 000-,VMRS_HB_COMPLETE_v20 page 9_pages_76-100.md
102-005-007,,102,005,Stop - Control Valve | 105-000-,VMRS_HB_COMPLETE_v20 page 9_pages_76-100.md
162-005-007,,162,005,Dust Cover - Control Valve | 165-001-,VMRS_HB_COMPLETE_v20 page 9_pages_76-100.md
162-005-008,,162,005,Bypass - Control Valve | 165-002-,VMRS_HB_COMPLETE_v20 page 9_pages_76-100.md
162-005-009,,162,005,"Valve - On/Off, Control Valve | 165-003-",VMRS_HB_COMPLETE_v20 page 9_pages_76-100.md
162-005-010,,162,005,"Seal Kit - Control Valve, Spreader Assembly | 165-004-",VMRS_HB_COMPLETE_v20 page 9_pages_76-100.md
162-005-011,,162,005,"Cartridge - Relief, Control Valve | 165-005-",VMRS_HB_COMPLETE_v20 page 9_pages_76-100.md
162-006-000,,162,006,Electrical | 166-000-,VMRS_HB_COMPLETE_v20 page 9_pages_76-100.md
162-006-001,,162,006,Wiring Harness - Spreader Assembly | 166-001-,VMRS_HB_COMPLETE_v20 page 9_pages_76-100.md
162-006-002,,162,006,Connector - Wiring Harness | 166-002-,VMRS_HB_COMPLETE_v20 page 9_pages_76-100.md
162-006-003,,162,006,Junction Box - Spreader Assembly | 166-003-,VMRS_HB_COMPLETE_v20 page 9_pages_76-100.md
162-006-004,,162,006,"Valve - Dump, Spreader Assembly | 166-004-",VMRS_HB_COMPLETE_v20 page 9_pages_76-100.md
163-000-000,,163,000,Chipping/Grinding | 166-005-,VMRS_HB_COMPLETE_v20 page 9_pages_76-100.md
163-001-000,,163,001,Chipper Assembly | 167-000-,VMRS_HB_COMPLETE_v20 page 9_pages_76-100.md
163-001-001,,163,001,"Bar - Shear, Brush Chipper | 167-001-",VMRS_HB_COMPLETE_v20 page 9_pages_76-100.md
163-001-002,,163,001,Knife Gauge - Brush Chipper | 167-002-,VMRS_HB_COMPLETE_v20 page 9_pages_76-100.md
163-001-003,,163,001,"Switch - Tongue Ext. Breakaway, Brush Chipper | 167-003-",VMRS_HB_COMPLETE_v20 page 9_pages_76-100.md
163-001-004,,163,001,Hub - Cutter Drum Sheave Brush Chipper | 167-004-,VMRS_HB_COMPLETE_v20 page 9_pages_76-100.md
163-001-005,,163,001,Flange - Cutter Drum Sheave Brush Chipper | 167-005-,VMRS_HB_COMPLETE_v20 page 9_pages_76-100.md
163-001-006,,163,001,Spacer - Bearing Cutter Drum Sheave Brush | 168-000-,VMRS_HB_COMPLETE_v20 page 9_pages_76-100.md
100-001-000,,100,001,Chipper | 168-001-,VMRS_HB_COMPLETE_v20 page 9_pages_76-100.md
163-001-007,,163,001,Bearing - Cutter Drum Sheave Brush Chinner | 168-001-,VMRS_HB_COMPLETE_v20 page 9_pages_76-100.md
162-001-009,,162,001,"Showe, Cutter, Drum Showe, Brush Chipper | 169 001",VMRS_HB_COMPLETE_v20 page 9_pages_76-100.md
162-001-000,,162,001,"Sileave - Culler, Drum Chaque, Brush Chipper | 160-001-",VMRS_HB_COMPLETE_v20 page 9_pages_76-100.md
100-001-010,,100,001,"Druff - Weidment, Drush Chipper | 100-001-",VMRS_HB_COMPLETE_v20 page 9_pages_76-100.md
103-001-010,,103,001,"Shart - Cutter, Drum, Brush Chipper | 168-001-",VMRS_HB_COMPLETE_v20 page 9_pages_76-100.md
163-001-012,,163,001,"Bar - Nut, Drum, Brush Chipper | 168-001-",VMRS_HB_COMPLETE_v20 page 9_pages_76-100.md
163-001-013,,163,001,"Spacer - Bearing, Drum, Brush Chipper | 168-001-",VMRS_HB_COMPLETE_v20 page 9_pages_76-100.md
163-001-014,,163,001,"Knife - Drum, Brush Chipper | 168-001-",VMRS_HB_COMPLETE_v20 page 9_pages_76-100.md
163-001-015,,163,001,"Locking Assembly - Drum, Brush Chipper | 168-001-",VMRS_HB_COMPLETE_v20 page 9_pages_76-100.md
163-001-016,,163,001,"Carriage - Feed Roller, Brush Chipper | 168-001-",VMRS_HB_COMPLETE_v20 page 9_pages_76-100.md
163-001-017,,163,001,"Roller - Feed, Brush Chipper, Left | 168-001-",VMRS_HB_COMPLETE_v20 page 9_pages_76-100.md
163-001-018,,163,001,"Roller - Feed, Brush Chipper, Right | 168-001-",VMRS_HB_COMPLETE_v20 page 9_pages_76-100.md
163-001-019,,163,001,"Shaft - Feed Roller, Brush Chipper | 168-001-",VMRS_HB_COMPLETE_v20 page 9_pages_76-100.md
163-001-020,,163,001,"Coupler - Feed Roller, Brush Chipper | 168-001-",VMRS_HB_COMPLETE_v20 page 9_pages_76-100.md
163-001-021,,163,001,"Block - Feed Roller, Wear Pad, Brush Chipper | 168-001-",VMRS_HB_COMPLETE_v20 page 9_pages_76-100.md
163-001-022,,163,001,"Plate - Feed Roller, Brush Chipper | 168-001-",VMRS_HB_COMPLETE_v20 page 9_pages_76-100.md
163-001-023,,163,001,"Bearing - Feed Roller, Brush Chipper | 168-001-",VMRS_HB_COMPLETE_v20 page 9_pages_76-100.md
163-001-024,,163,001,"Spring - Feed Roller, Brush Chipper | 168-001-",VMRS_HB_COMPLETE_v20 page 9_pages_76-100.md
163-001-025,,163,001,"Plate - Cover, Feed Roller, Brush Chipper | 168-001-",VMRS_HB_COMPLETE_v20 page 9_pages_76-100.md
163-001-026,,163,001,"Pump - Gear, Brush Chipper | 168-001-",VMRS_HB_COMPLETE_v20 page 9_pages_76-100.md
163-001-027,,163,001,"Seal Kit - Pump Gear, Brush Chipper | 168-001-",VMRS_HB_COMPLETE_v20 page 9_pages_76-100.md
163-001-028,,163,001,Gasket - Pump Brush Chipper | 168-001-,VMRS_HB_COMPLETE_v20 page 9_pages_76-100.md
163-002-000,,163,002,Wearable Items - Chinping Unit | 168-001-,VMRS_HB_COMPLETE_v20 page 9_pages_76-100.md
163-003-000,,163,003,Hydraulic System - Chinning | 168-001-,VMRS_HB_COMPLETE_v20 page 9_pages_76-100.md
,168-001,168,001,163.004.000 | Support - Chipper,VMRS_HB_COMPLETE_v20 page 9_pages_76-100.md
163-005-000,,163,005,Control Chinping | 168 001,VMRS_HB_COMPLETE_v20 page 9_pages_76-100.md
103-005-004,,103,005,Controller - Brush Ohimmer | 100-001-,VMRS_HB_COMPLETE_v20 page 9_pages_76-100.md
103-005-005,,103,005,Breaker - Brush Chipper | 108-001-,VMRS_HB_COMPLETE_v20 page 9_pages_76-100.md
163-005-006,,163,005,"Block - Droop Resistor, Brush Chipper | 168-001-",VMRS_HB_COMPLETE_v20 page 9_pages_76-100.md
163-005-007,,163,005,wiring Harness - Brush Chipper | 168-001-,VMRS_HB_COMPLETE_v20 page 9_pages_76-100.md
163-005-008,,163,005,"Cartriage - Resistor, Brush Chipper | 168-001-",VMRS_HB_COMPLETE_v20 page 9_pages_76-100.md
163-005-009,,163,005,"Mount - Fir Tree, Brush Chipper | 168-001-",VMRS_HB_COMPLETE_v20 page 9_pages_76-100.md
163-005-010,,163,005,"Protector - Circuit Breaker, Brush Chipper | 168-001-",VMRS_HB_COMPLETE_v20 page 9_pages_76-100.md
163-005-011,,163,005,Control Panel - Brush Chipper,VMRS_HB_COMPLETE_v20 page 9_pages_76-100.md
163-005-012,,163,005,Relay - Brush Chipper,VMRS_HB_COMPLETE_v20 page 9_pages_76-100.md
163-005-013,,163,005,Ground Cable - Brush Chipper,VMRS_HB_COMPLETE_v20 page 9_pages_76-100.md
163-005-014,,163,005,"Mount - LEC, Brush Chipper",VMRS_HB_COMPLETE_v20 page 9_pages_76-100.md
164-000-000,,164,000,Blowing,VMRS_HB_COMPLETE_v20 page 9_pages_76-100.md
164-001-000,,164,001,Blower Assembly,VMRS_HB_COMPLETE_v20 page 9_pages_76-100.md
164-001-001,,164,001,Blower Assembly - Complete,VMRS_HB_COMPLETE_v20 page 9_pages_76-100.md
164-001-002,,164,001,"Filter Kit - Inlet Pressure, Blower",VMRS_HB_COMPLETE_v20 page 9_pages_76-100.md
164-001-003,,164,001,"Silencer Kit, Blower",VMRS_HB_COMPLETE_v20 page 9_pages_76-100.md
164-001-004,,164,001,Mounting Base Kit - Drivers Side Blower,VMRS_HB_COMPLETE_v20 page 9_pages_76-100.md
164-001-005,,164,001,Driveline - Blower,VMRS_HB_COMPLETE_v20 page 9_pages_76-100.md
164-002-000,,164,002,Wearable Items - Blowing Unit,VMRS_HB_COMPLETE_v20 page 9_pages_76-100.md
164-003-000,,164,003,Hydraulic System - Blowing,VMRS_HB_COMPLETE_v20 page 9_pages_76-100.md
164-004-000,,164,004,Support - Blower,VMRS_HB_COMPLETE_v20 page 9_pages_76-100.md
164-005-000,,164,005,Control - Blowing,VMRS_HB_COMPLETE_v20 page 9_pages_76-100.md
165-000-000,,165,000,Vacuuming,VMRS_HB_COMPLETE_v20 page 9_pages_76-100.md
165-001-000,,165,001,Vacuum Assembly,VMRS_HB_COMPLETE_v20 page 9_pages_76-100.md
165-002-000,,165,002,Wearable Items - Vacuum Linit,VMRS_HB_COMPLETE_v20 page 9_pages_76-100.md
165-003-000,,165,003,Hydraulic System - Vacuuming,VMRS_HB_COMPLETE_v20 page 9_pages_76-100.md
165-004-000,,165,004,Support - Vacuum,VMRS_HB_COMPLETE_v20 page 9_pages_76-100.md
165-005-000,,165,005,Control - Vacuuming,VMRS_HB_COMPLETE_v20 page 9_pages_76-100.md
166-000-000,,166,000,Trenching,VMRS_HB_COMPLETE_v20 page 9_pages_76-100.md
166-001-000,,166,001,Trencher Assembly,VMRS_HB_COMPLETE_v20 page 9_pages_76-100.md
166-002-000,,166,002,Wearable Itoms - Tranching Unit,VMRS_HB_COMPLETE_v20 page 9_pages_76-100.md
166-004-000,,166,004,Support Tranchar,VMRS_HB_COMPLETE_v20 page 9_pages_76-100.md
166-005-000,,166,005,Control Tronching,VMRS_HB_COMPLETE_v20 page 9_pages_76-100.md
167-000-000,,167,000,Tilling,VMRS_HB_COMPLETE_v20 page 9_pages_76-100.md
167-004-000,,167,004,Support Tillor,VMRS_HB_COMPLETE_v20 page 9_pages_76-100.md
168-000-000,,168,000,Mowing,VMRS_HB_COMPLETE_v20 page 9_pages_76-100.md
168-001-000,,168,001,MowingMower Assembly,VMRS_HB_COMPLETE_v20 page 9_pages_76-100.md
168-001-007,,168,001,Deck - Mower,VMRS_HB_COMPLETE_v20 page 9_pages_76-100.md
168-001-002,,168,001,Shield - Mower,VMRS_HB_COMPLETE_v20 page 9_pages_76-100.md
168-001-004,,168,001,Skid Shoe - Mower,VMRS_HB_COMPLETE_v20 page 9_pages_76-100.md
168-001-005,,168,001,Plate - Motor Mount Mower,VMRS_HB_COMPLETE_v20 page 9_pages_76-100.md
168-001-006,,168,001,Motor - Mower,VMRS_HB_COMPLETE_v20 page 9_pages_76-100.md
168-001-008,,168,001,Bar - Flap Mower,VMRS_HB_COMPLETE_v20 page 9_pages_76-100.md
168-001-009,,168,001,Spindle - Mower,VMRS_HB_COMPLETE_v20 page 9_pages_76-100.md
168-001-010,,168,001,Cover - Coupling Mower,VMRS_HB_COMPLETE_v20 page 9_pages_76-100.md
168-001-011,,168,001,"Chain - Coupling, Mower",VMRS_HB_COMPLETE_v20 page 9_pages_76-100.md
168-001-012,,168,001,Key - Mower,VMRS_HB_COMPLETE_v20 page 9_pages_76-100.md
168-001-013,,168,001,Sprocket - Mower,VMRS_HB_COMPLETE_v20 page 9_pages_76-100.md
168-001-014,,168,001,Cylinder - Shield Mower,VMRS_HB_COMPLETE_v20 page 9_pages_76-100.md
168-001-015,,168,001,Deck - Tree Assembly Mower,VMRS_HB_COMPLETE_v20 page 9_pages_76-100.md
168-001-016,,168,001,Tree Assembly - Mower,VMRS_HB_COMPLETE_v20 page 9_pages_76-100.md
168-001-017,,168,001,"Pad - Tree Assembly, Mower",VMRS_HB_COMPLETE_v20 page 9_pages_76-100.md
168-001-018,,168,001,"Ring - Capture, Tree Assembly, Mower",VMRS_HB_COMPLETE_v20 page 9_pages_76-100.md
168-001-019,,168,001,"Ring - Bolt, Tree Assembly, Mower",VMRS_HB_COMPLETE_v20 page 9_pages_76-100.md
168-001-020,,168,001,Ring - UHMW. Tree Assembly. Mower,VMRS_HB_COMPLETE_v20 page 9_pages_76-100.md
168-001-021,,168,001,Ring - Shim Tree Assembly Mower,VMRS_HB_COMPLETE_v20 page 9_pages_76-100.md
168-001-022,,168,001,Linkage - Tree Assembly Mower,VMRS_HB_COMPLETE_v20 page 9_pages_76-100.md
168-001-023,,168,001,"Cvlinder - Tree Assembly, Mower",VMRS_HB_COMPLETE_v20 page 9_pages_76-100.md
168-001-024,,168,001,"Spindle - Blade Bar, Mower",VMRS_HB_COMPLETE_v20 page 9_pages_76-100.md
168-001-025,,168,001,"Bar - Blade, Mower",VMRS_HB_COMPLETE_v20 page 9_pages_76-100.md
168-001-026,,168,001,Knife - Mower,VMRS_HB_COMPLETE_v20 page 9_pages_76-100.md
168-001-027,,168,001,"Bolt - Mounting, Knife, Mower",VMRS_HB_COMPLETE_v20 page 9_pages_76-100.md
168-001-028,,168,001,Pivot Assembly - Boom. Mower,VMRS_HB_COMPLETE_v20 page 9_pages_76-100.md
168-001-029,,168,001,"Arm - Pivot, Mower",VMRS_HB_COMPLETE_v20 page 9_pages_76-100.md
168-001-030,,168,001,Cylinder - Boom Pivot. Mower,VMRS_HB_COMPLETE_v20 page 9_pages_76-100.md
168-001-031,,168,001,"Spacer - Boom Pivot, Mower",VMRS_HB_COMPLETE_v20 page 9_pages_76-100.md
168-001-032,,168,001,"Bushing - Boom Pivot, Mower",VMRS_HB_COMPLETE_v20 page 9_pages_76-100.md
168-001-033,,168,001,"Pin - Deck, Boom Pivot. Mower",VMRS_HB_COMPLETE_v20 page 9_pages_76-100.md
168-001-034,,168,001,"Pin - Pivot Arm, Boom Pivot, Mower",VMRS_HB_COMPLETE_v20 page 9_pages_76-100.md
168-001-035,,168,001,"Pin - Boom Pivot, Mower",VMRS_HB_COMPLETE_v20 page 9_pages_76-100.md
168-001-036,,168,001,"Valve - Load Sense, Mower",VMRS_HB_COMPLETE_v20 page 9_pages_76-100.md
168-001-037,,168,001,"Inlet - End Cover, Load Sense Valve, Mower | 168-003-017 | Logic Element - Brake Valve, Mower",VMRS_HB_COMPLETE_v20 page 9_pages_76-100.md
168-001-038,,168,001,"End Cover - Load Sense Valve, Mower | 168-003-018 | Relief Valve - Brake Valve, Mower",VMRS_HB_COMPLETE_v20 page 9_pages_76-100.md
168-001-039,,168,001,"Relief Plug - Load Sense Valve, Mower | 168-003-019 | Coil - Brake Valve, Mower",VMRS_HB_COMPLETE_v20 page 9_pages_76-100.md
168-001-040,,168,001,"Relief Valve - Load Sense Valve, Mower | 168-003-020 | Cartridge - Brake Valve, Mower",VMRS_HB_COMPLETE_v20 page 9_pages_76-100.md
168-001-041,,168,001,"Seal Kit - Load Sense Valve, Mower | 168-004-000 | Support - Mower",VMRS_HB_COMPLETE_v20 page 9_pages_76-100.md
168-001-042,,168,001,"Lever Kit - Load Sense Valve, Mower | 168-005-000 | Control - Mowing",VMRS_HB_COMPLETE_v20 page 9_pages_76-100.md
168-001-043,,168,001,"Compensator - Load Sense Valve, Mower | 168-005-001 | Switchbox - Mower",VMRS_HB_COMPLETE_v20 page 9_pages_76-100.md
168-001-045,,168,001,"O Ping Load Sense Valve, Mower | 168 005 002 | Switch Travel Lock Mower",VMRS_HB_COMPLETE_v20 page 9_pages_76-100.md
168-001-047,,168,001,Throttle Plate - Motor Mower | 168-005-005 | Light - Indicator Mower,VMRS_HB_COMPLETE_v20 page 9_pages_76-100.md
168-001-048,,168,001,"Seal - Lip, Motor, Mower | 168-005-006 | Relay - Switchbox, Mower",VMRS_HB_COMPLETE_v20 page 9_pages_76-100.md
168-001-049,,168,001,"Seal - Square, Motor, Mower | 168-005-007 | Joystick - Mower",VMRS_HB_COMPLETE_v20 page 9_pages_76-100.md
168-001-050,,168,001,"Seal - Side, Motor, Mower | 168-005-008 | Gauge - Oil Temperature, Mower",VMRS_HB_COMPLETE_v20 page 9_pages_76-100.md
168-001-051,,168,001,"Seal - End, Motor, Mower | 168-005-009 | Sensor - Temperature, Mower",VMRS_HB_COMPLETE_v20 page 9_pages_76-100.md
168-001-052,,168,001,"Retainer - Seal, Motor, Mower | 168-005-010 | Solenoid - Mower",VMRS_HB_COMPLETE_v20 page 9_pages_76-100.md
168-001-053,,168,001,Cutter Blade - Mower | 168-006-000 | Boom Structure - Mowing,VMRS_HB_COMPLETE_v20 page 9_pages_76-100.md
168-001-054,,168,001,"Adapter - Saw, Mower | 168-006-001 | Boom - Main Assembly, Mower",VMRS_HB_COMPLETE_v20 page 9_pages_76-100.md
168-001-055,,168,001,"Collar - Saw, Mower | 168-006-002 | Bearing - Boom, Mower",VMRS_HB_COMPLETE_v20 page 9_pages_76-100.md
169-001-059,,169,001,"Tip - Tooln, Saw Blade, Mower | 168-006-004 | Spacer - Boom, Mower",VMRS_HB_COMPLETE_v20 page 9_pages_76-100.md
168-001-060,,168,001,"Pump - Fire Suppression, Mower | 168-006-007 | Cylinder - Boom Mower",VMRS_HB_COMPLETE_v20 page 9_pages_76-100.md
168-001-061,,168,001,"Hose Reel - Fire Suppression, Mower | 168-006-008 | Boom - Section Mower",VMRS_HB_COMPLETE_v20 page 9_pages_76-100.md
168-001-062,,168,001,"Filter - Fire Suppression, Mower | 168-006-009 | Tube - Preformed, Boom, Mower",VMRS_HB_COMPLETE_v20 page 9_pages_76-100.md
168-001-063,,168,001,"Gun - Fire Suppression, Mower | 168-006-010 | Clamp Kit - Tube, Boom, Mower",VMRS_HB_COMPLETE_v20 page 9_pages_76-100.md
168-001-064,,168,001,"Stand - Fire Suppression, Mower | 168-006-011 | Cover - Hoses, Boom, Mower",VMRS_HB_COMPLETE_v20 page 9_pages_76-100.md
168-001-065,,168,001,"Holster - Fire Suppression, Mower | 168-006-012 | Hose - to Motor, Boom, Mower",VMRS_HB_COMPLETE_v20 page 9_pages_76-100.md
168-001-066,,168,001,"Sleeve - Gun, Fire Suppression, Mower | 168-006-013 | Hose - Butt Port of Rotary Cylinder, Boom,",VMRS_HB_COMPLETE_v20 page 9_pages_76-100.md
168-001-067,,168,001,"Switch - Fire Suppression, Mower | | Mower",VMRS_HB_COMPLETE_v20 page 9_pages_76-100.md
168-001-068,,168,001,"Tank - Wetcut, Mower | 168-006-014 | Hose - Gland Port Rotary Cylinder, Boom,",VMRS_HB_COMPLETE_v20 page 9_pages_76-100.md
168-001-069,,168,001,"Mount - Tank, Wetcut, Mower | | Mower",VMRS_HB_COMPLETE_v20 page 9_pages_76-100.md
168-001-070,,168,001,"Anchor - Tank, Wetcut, Mower | 168-006-015 | Hose - Gland Port of Shield Cylinder, Boom,",VMRS_HB_COMPLETE_v20 page 9_pages_76-100.md
168-001-071,,168,001,"Strap - Tank, Wetcut, Mower | 100 000 010 | Mower",VMRS_HB_COMPLETE_v20 page 9_pages_76-100.md
169-001-072,,169,001,"Controller - Sensor, Welcul, Mower | 169 006 017 | Travel Lock Room Mewer",VMRS_HB_COMPLETE_v20 page 9_pages_76-100.md
168-001-073,,168,001,Hood - Spraver Wetcut Mower | 168-006-017 | Valve - Travel Lock Boom Mower,VMRS_HB_COMPLETE_v20 page 9_pages_76-100.md
168-001-075,,168,001,Hinge - Left Spraver Wetcut Mower | 168-006-019 | Adapter - Standard Boom Mower,VMRS_HB_COMPLETE_v20 page 9_pages_76-100.md
168-001-076,,168,001,"Hinge - Right, Spraver, Wetcut, Mower | 168-006-020 | Adapter - Extended, Boom, Mower",VMRS_HB_COMPLETE_v20 page 9_pages_76-100.md
168-001-077,,168,001,"Hinge - Center, Sprayer, Wetcut, Mower | 168-006-021 | Switch - Travel Lock, Boom, Mower",VMRS_HB_COMPLETE_v20 page 9_pages_76-100.md
168-001-078,,168,001,"Guard - Sprayer, Wetcut, Mower | 168-006-022 | Coil - Travel Lock, Boom, Mower",VMRS_HB_COMPLETE_v20 page 9_pages_76-100.md
168-001-079,,168,001,"Mount - Left, Sprayer, Wetcut, Mower | 169-000-000 | Ripping",VMRS_HB_COMPLETE_v20 page 9_pages_76-100.md
168-001-080,,168,001,"Mount - Right, Sprayer, Wetcut, Mower | 169-001-000 | Ripper Assembly",VMRS_HB_COMPLETE_v20 page 9_pages_76-100.md
168-001-081,,168,001,"Guard - Hose, Sprayer, Wetcut, Mower | 169-002-000 | Wearable Items - Ripping Unit",VMRS_HB_COMPLETE_v20 page 9_pages_76-100.md
168-001-082,,168,001,"Pin - Hinge, Sprayer, Wetcut, Mower | 169-002-001 | Tip - Wearable, Ripper",VMRS_HB_COMPLETE_v20 page 9_pages_76-100.md
168-001-083,,168,001,"Tube - Sprayer, Wetcut, Mower | 169-003-000 | Hydraulic System - Ripping",VMRS_HB_COMPLETE_v20 page 9_pages_76-100.md
168-001-084,,168,001,"Skirt - Sprayer, Wetcut, Mower | 169-004-000 | Support - Ripper",VMRS_HB_COMPLETE_v20 page 9_pages_76-100.md
168-001-085,,168,001,"Tube - Cap, Sprayer, Wetcut, Mower | 109-005-000",VMRS_HB_COMPLETE_v20 page 9_pages_76-100.md
168-001-087,,168,001,"Nozzle - Sprayer Wetcut, Nower | 170-000-000 | Primary Conveyor",VMRS_HB_COMPLETE_v20 page 9_pages_76-100.md
168-001-088,,168,001,"Tip - Nozzle Sprayer, Wetcut, Mower | 170-001-000 | Belt - Primary",VMRS_HB_COMPLETE_v20 page 9_pages_76-100.md
168-001-089,,168,001,Filter - Nozzle Sprayer Wetcut Mower | 170-001-002 | Boller - Primary Drive,VMRS_HB_COMPLETE_v20 page 9_pages_76-100.md
168-002-000,,168,002,Wearable Items - Mowing Unit | 170-001-003 | Bar Assembly - Nose,VMRS_HB_COMPLETE_v20 page 9_pages_76-100.md
168-003-000,,168,003,Hydraulic System - Mowing | 170-001-004 | Bearing,VMRS_HB_COMPLETE_v20 page 9_pages_76-100.md
168-003-001,,168,003,Reservoir Tank Assembly - Mower | 170-001-005 | Motor - Hydraulic,VMRS_HB_COMPLETE_v20 page 9_pages_76-100.md
168-003-002,,168,003,"Filter - Tank Assembly, Mower | 170-001-006 | Telescope",VMRS_HB_COMPLETE_v20 page 9_pages_76-100.md
168-003-003,,168,003,"Cover - Tank Assembly, Mower | 170-001-007 | Coupler - Shaft",VMRS_HB_COMPLETE_v20 page 9_pages_76-100.md
168-003-004,,168,003,"Seal Kit - Tank Assembly, Mower | 170-002-000 | Bandsaw",VMRS_HB_COMPLETE_v20 page 9_pages_76-100.md
168-003-005,,168,003,"Spring - Tank Assembly, Mower | 170-002-001 | Adaptor - Load",VMRS_HB_COMPLETE_v20 page 9_pages_76-100.md
168-003-006,,168,003,"Bypass - Tank Assembly, Mower | 170-002-002 | Switch - Safety",VMRS_HB_COMPLETE_v20 page 9_pages_76-100.md
168-003-007,,168,003,"Canister - Tank Assembly, Mower | 170-002-003 | Motor - Hydraulic",VMRS_HB_COMPLETE_v20 page 9_pages_76-100.md
168-003-009,,168,003,"Cover - Shall End, Front Pump, Mower | 170-002-005 | Hub - Mer",VMRS_HB_COMPLETE_v20 page 9_pages_76-100.md
168-003-011,,168,003,"Bushing - Front Pump, Mower | 170-002-000 | Cap",VMRS_HB_COMPLETE_v20 page 9_pages_76-100.md
168-003-012,,168,003,Drive Shaft and Gear Set - Front Pump Mower | 170-002-008 | Pulley - Drive,VMRS_HB_COMPLETE_v20 page 9_pages_76-100.md
168-003-013,,168,003,"Housing - Gear, Front Pump, Mower | 170-002-009 | Pulley - Idler",VMRS_HB_COMPLETE_v20 page 9_pages_76-100.md
168-003-014,,168,003,"Cover - Port End, Front Pump, Mower | 170-003-000 | Secondary Conveyor",VMRS_HB_COMPLETE_v20 page 9_pages_76-100.md
168-003-015,,168,003,"Seal Kit - Front Pump, Mower | 170-003-001 | Belt - Secondary",VMRS_HB_COMPLETE_v20 page 9_pages_76-100.md
168-003-016,,168,003,Brake Valve - Mower | 170-003-002 | Roller - Drive,VMRS_HB_COMPLETE_v20 page 9_pages_76-100.md
170-003-003,,170,003,Roller - Idler,VMRS_HB_COMPLETE_v20 page 9_pages_76-100.md
170-003-004,,170,003,Motor - Hydraulic,VMRS_HB_COMPLETE_v20 page 9_pages_76-100.md
170-003-005,,170,003,Sprocket,VMRS_HB_COMPLETE_v20 page 9_pages_76-100.md
170-003-006,,170,003,Bearing - Idler Boller,VMRS_HB_COMPLETE_v20 page 9_pages_76-100.md
170-000-000,,170,000,,VMRS_HB_COMPLETE_v20 page 9_pages_76-100.md
170-003-007,,170,003,Bearing - Drive Roller,VMRS_HB_COMPLETE_v20 page 9_pages_76-100.md
170-003-008,,170,003,Telescope,VMRS_HB_COMPLETE_v20 page 9_pages_76-100.md
170-004-000,,170,004,Shaker Conveyor,VMRS_HB_COMPLETE_v20 page 9_pages_76-100.md
170-004-001,,170,004,Belt - Shaker,VMRS_HB_COMPLETE_v20 page 9_pages_76-100.md
170-004-002,,170,004,Boller - Drive,VMRS_HB_COMPLETE_v20 page 9_pages_76-100.md
170-004-003,,170,004,,VMRS_HB_COMPLETE_v20 page 9_pages_76-100.md
170-004-004,,170,004,Motor - Hydraulic,VMRS_HB_COMPLETE_v20 page 9_pages_76-100.md
170-004-005,,170,004,Bearing,VMRS_HB_COMPLETE_v20 page 9_pages_76-100.md
170-004-006,,170,004,Coupler - Shaft,VMRS_HB_COMPLETE_v20 page 9_pages_76-100.md
170-004-007,,170,004,Sprocket,VMRS_HB_COMPLETE_v20 page 9_pages_76-100.md
170-004-008,,170,004,Toloscopo,VMRS_HB_COMPLETE_v20 page 9_pages_76-100.md
170-005-000,,170,005,Axie Assembly - Walking,VMRS_HB_COMPLETE_v20 page 9_pages_76-100.md
170-005-001,,170,005,"Axle - Walking, Complete",VMRS_HB_COMPLETE_v20 page 9_pages_76-100.md
170-005-002,,170,005,Tie Bar,VMRS_HB_COMPLETE_v20 page 9_pages_76-100.md
170-005-003,,170,005,Cvlinder - Steer,VMRS_HB_COMPLETE_v20 page 9_pages_76-100.md
170-005-004,,170,005,Bodeve,VMRS_HB_COMPLETE_v20 page 9_pages_76-100.md
170-005-005,,170,005,Extension - Steer Cylinder,VMRS_HB_COMPLETE_v20 page 9_pages_76-100.md
170-005-006,,170,005,King Pin - Upper,VMRS_HB_COMPLETE_v20 page 9_pages_76-100.md
170-005-007,,170,005,King Pin - Lower,VMRS_HB_COMPLETE_v20 page 9_pages_76-100.md
171-000-000,,171,000,Mixers,VMRS_HB_COMPLETE_v20 page 9_pages_76-100.md
171-001-000,,171,001,Drum - Mixer,VMRS_HB_COMPLETE_v20 page 9_pages_76-100.md
171-001-001,,171,001,Drum Accombly Concrete Mixer,VMRS_HB_COMPLETE_v20 page 9_pages_76-100.md
171-001-002,,171,001,Fill Hopper Assembly - Concrete Mixer,VMRS_HB_COMPLETE_v20 page 9_pages_76-100.md
171-001-003,,171,001,Blade - Drum,VMRS_HB_COMPLETE_v20 page 9_pages_76-100.md
171-001-004,,171,001,Hatch - Drum,VMRS_HB_COMPLETE_v20 page 9_pages_76-100.md
171-001-005,,171,001,Counter - Drum,VMRS_HB_COMPLETE_v20 page 9_pages_76-100.md
171-002-000,,171,002,Drive Assembly - Mixers,VMRS_HB_COMPLETE_v20 page 9_pages_76-100.md
171-002-001,,171,002,Drive Assembly - Concrete Mixer,VMRS_HB_COMPLETE_v20 page 9_pages_76-100.md
171-003-000,,171,003,Hydraulic System - Mixers,VMRS_HB_COMPLETE_v20 page 9_pages_76-100.md
171-003-001,,171,003,Hydraulic System - Concrete Mixer,VMRS_HB_COMPLETE_v20 page 9_pages_76-100.md
171-004-000,,171,004,Support - Mixer,VMRS_HB_COMPLETE_v20 page 9_pages_76-100.md
171-005-000,,171,005,Control - Mixer,VMRS_HB_COMPLETE_v20 page 9_pages_76-100.md
171-005-001,,171,005,Control Assembly - Concrete Mixer,VMRS_HB_COMPLETE_v20 page 9_pages_76-100.md
171-006-000,,171,006,Frame - Mixer Unit,VMRS_HB_COMPLETE_v20 page 9_pages_76-100.md
171-006-001,,171,006,Frame Assembly - Concrete Mixer,VMRS_HB_COMPLETE_v20 page 9_pages_76-100.md
171-007-000,,171,007,Water Supply Components - Mixer,VMRS_HB_COMPLETE_v20 page 9_pages_76-100.md
171-007-001,,171,007,Water Supply System - Concrete Mixer,VMRS_HB_COMPLETE_v20 page 9_pages_76-100.md
171-008-000,,171,008,Boostor Aylo,VMRS_HB_COMPLETE_v20 page 9_pages_76-100.md
171-008-001,,171,008,Boosler Axie Assembly,VMRS_HB_COMPLETE_v20 page 9_pages_76-100.md
171-008-002,,171,008,Pusher Axle,VMRS_HB_COMPLETE_v20 page 9_pages_76-100.md
171-008-003,,171,008,Tag Axle,VMRS_HB_COMPLETE_v20 page 9_pages_76-100.md
171-008-004,,171,008,Bridge Axle,VMRS_HB_COMPLETE_v20 page 9_pages_76-100.md
171-009-000,,171,009,Chutes,VMRS_HB_COMPLETE_v20 page 9_pages_76-100.md
171-009-001,,171,009,Chule Assembly - Concrete Mixer,VMRS_HB_COMPLETE_v20 page 9_pages_76-100.md
171-009-002,,171,009,Main Chute,VMRS_HB_COMPLETE_v20 page 9_pages_76-100.md
171-009-003,,171,009,Extension Chute,VMRS_HB_COMPLETE_v20 page 9_pages_76-100.md
171-009-004,,171,009,Chute Cylinder,VMRS_HB_COMPLETE_v20 page 9_pages_76-100.md
171-009-005,,171,009,Chute Shutter & Stop,VMRS_HB_COMPLETE_v20 page 9_pages_76-100.md
171-000-006,,171,000,Elin Chuto,VMRS_HB_COMPLETE_v20 page 9_pages_76-100.md
171-009-007,,171,009,Chute Lock,VMRS_HB_COMPLETE_v20 page 9_pages_76-100.md
171-009-008,,171,009,"Line - Return, Chute Valve, Concrete Mixer",VMRS_HB_COMPLETE_v20 page 9_pages_76-100.md
171-009-009,,171,009,"Line - Pressure, Chute Valve, Concrete Mixer",VMRS_HB_COMPLETE_v20 page 9_pages_76-100.md
171-010-000,,171,010,Chute Wash System - Onboard,VMRS_HB_COMPLETE_v20 page 9_pages_76-100.md
171-010-001,,171,010,Chute Wash Assembly,VMRS_HB_COMPLETE_v20 page 9_pages_76-100.md
171-010-002,,171,010,Bucket - Chule Wash,VMRS_HB_COMPLETE_v20 page 9_pages_76-100.md
171-010-003,,171,010,Clamp - Chute Wash,VMRS_HB_COMPLETE_v20 page 9_pages_76-100.md
171-010-004,,171,010,Baffle - Chute Wash,VMRS_HB_COMPLETE_v20 page 9_pages_76-100.md
172-000-000,,172,000,Waste Compaction Bodies,VMRS_HB_COMPLETE_v20 page 9_pages_76-100.md
172-001-000,,172,001,Container Body,VMRS_HB_COMPLETE_v20 page 9_pages_76-100.md
172-001-001,,172,001,Containor Body Accombly,VMRS_HB_COMPLETE_v20 page 9_pages_76-100.md
172-001-002,,172,001,Starichion - Latching Handle,VMRS_HB_COMPLETE_v20 page 9_pages_76-100.md
172-001-003,,172,001,"Ladder - Folding Entry, Container Body",VMRS_HB_COMPLETE_v20 page 9_pages_76-100.md
172-001-004,,172,001,"Step - Folding Entry, Container Body",VMRS_HB_COMPLETE_v20 page 9_pages_76-100.md
172-001-005,,172,001,Connector - Container Body,VMRS_HB_COMPLETE_v20 page 9_pages_76-100.md
172-001-006,,172,001,"Lock - Barrier, Container Body",VMRS_HB_COMPLETE_v20 page 9_pages_76-100.md
170-001-007,,170,001,Deer Accombly Container Dody,VMRS_HB_COMPLETE_v20 page 9_pages_76-100.md
172-001-008,,172,001,"Hinge - Door Assembly, Container Body",VMRS_HB_COMPLETE_v20 page 9_pages_76-100.md
172-001-009,,172,001,"Pin - Door Latch, Container Body",VMRS_HB_COMPLETE_v20 page 9_pages_76-100.md
172-001-010,,172,001,"Hook - Door Latch, Container Body",VMRS_HB_COMPLETE_v20 page 9_pages_76-100.md
172-001-011,,172,001,Pin - Door Hinge Container Body,VMRS_HB_COMPLETE_v20 page 9_pages_76-100.md
172-001-012,,172,001,Pollor Stool Container Body,VMRS_HB_COMPLETE_v20 page 9_pages_76-100.md
172-001-013,,172,001,"Axie - Roller, Container Body",VMRS_HB_COMPLETE_v20 page 9_pages_76-100.md
172-001-014,,172,001,Ladder - Container Body,VMRS_HB_COMPLETE_v20 page 9_pages_76-100.md
172-001-015,,172,001,"Bracket - Roller, Container Body",VMRS_HB_COMPLETE_v20 page 9_pages_76-100.md
172-001-016,,172,001,Tailgate - Container Body,VMRS_HB_COMPLETE_v20 page 9_pages_76-100.md
172-001-017,,172,001,"Hinge - Tailgate, Container Body",VMRS_HB_COMPLETE_v20 page 9_pages_76-100.md
172-001-018,,172,001,Cylinder - Tailgate Lock Container Body,VMRS_HB_COMPLETE_v20 page 9_pages_76-100.md
172-001-019,,172,001,"Hinge - Body Pivol, Container Body",VMRS_HB_COMPLETE_v20 page 9_pages_76-100.md
172-001-020,,172,001,"Mount - Turnbuckle, Container Body",VMRS_HB_COMPLETE_v20 page 9_pages_76-100.md
172-001-021,,172,001,Turnbuckle Assembly - Container Body,VMRS_HB_COMPLETE_v20 page 9_pages_76-100.md
172-001-022,,172,001,"Hook - Load, Container Body",VMRS_HB_COMPLETE_v20 page 9_pages_76-100.md
172-001-023,,172,001,Seal - Waste Clean-Out,VMRS_HB_COMPLETE_v20 page 9_pages_76-100.md
172-001-024,,172,001,Canopy - Container Body,VMRS_HB_COMPLETE_v20 page 9_pages_76-100.md
172-001-025,,172,001,Controllor Brogrammed Logic (PLC) Container,VMRS_HB_COMPLETE_v20 page 9_pages_76-100.md
172-001-026,,172,001,Cover - Container Body,VMRS_HB_COMPLETE_v20 page 9_pages_76-100.md
172-001-027,,172,001,Tube - Container Body,VMRS_HB_COMPLETE_v20 page 9_pages_76-100.md
172-001-028,,172,001,Weldment - Container Body,VMRS_HB_COMPLETE_v20 page 9_pages_76-100.md
172-001-029,,172,001,Latch - Container Body,VMRS_HB_COMPLETE_v20 page 9_pages_76-100.md
172-001-030,,172,001,Panel - Container Body,VMRS_HB_COMPLETE_v20 page 9_pages_76-100.md
172-001-031,,172,001,Plate - Container Body,VMRS_HB_COMPLETE_v20 page 9_pages_76-100.md
172-001-032,,172,001,Channel - Container Body,VMRS_HB_COMPLETE_v20 page 9_pages_76-100.md
172-001-033,,172,001,Seal - Container Body,VMRS_HB_COMPLETE_v20 page 9_pages_76-100.md
172-001-034,,172,001,Pivot - Container Body,VMRS_HB_COMPLETE_v20 page 9_pages_76-100.md
172-001-035,,172,001,Hopper - Container Body,VMRS_HB_COMPLETE_v20 page 9_pages_76-100.md
172-001-036,,172,001,Handle - Container Body,VMRS_HB_COMPLETE_v20 page 9_pages_76-100.md
172-001-007,,172,001,Presket Desition Net Openitied Container Body,VMRS_HB_COMPLETE_v20 page 9_pages_76-100.md
172-001-037,,172,001,"Bracket - Position Not Specified, Container Body",VMRS_HB_COMPLETE_v20 page 9_pages_76-100.md
172-001-038,,172,001,"Hardware, Mounting - Container Body",VMRS_HB_COMPLETE_v20 page 9_pages_76-100.md
172-001-039,,172,001,Bushing - Tailgate Latch,VMRS_HB_COMPLETE_v20 page 9_pages_76-100.md
172-001-040,,172,001,"Tank - Sump, Waste Water, Container Body",VMRS_HB_COMPLETE_v20 page 9_pages_76-100.md
172-001-041,,172,001,Fender - Body. Container Body,VMRS_HB_COMPLETE_v20 page 9_pages_76-100.md
172-002-000,,172,002,Compaction Assembly,VMRS_HB_COMPLETE_v20 page 9_pages_76-100.md
172-002-001,,172,002,Compactor Assembly,VMRS_HB_COMPLETE_v20 page 9_pages_76-100.md
172-002-002,,172,002,Blade - Compaction Assembly,VMRS_HB_COMPLETE_v20 page 9_pages_76-100.md
172-002-003,,172,002,Shoe - Compactor Blade,VMRS_HB_COMPLETE_v20 page 9_pages_76-100.md
172-002-004,,172,002,"Door Assembly - Body Access, Compaction",VMRS_HB_COMPLETE_v20 page 9_pages_76-100.md
172-002-005,,172,002,Hinge - Door Body Access Compaction,VMRS_HB_COMPLETE_v20 page 9_pages_76-100.md
172-002-006,,172,002,"Handle - Latch, Body Access Door, Compaction",VMRS_HB_COMPLETE_v20 page 9_pages_76-100.md
172-002-007,,172,002,"Hook - Latch, Body Access Door, Compaction",VMRS_HB_COMPLETE_v20 page 9_pages_76-100.md
172-002-008,,172,002,Linkage - Latch Body Access Door Compaction,VMRS_HB_COMPLETE_v20 page 9_pages_76-100.md
172-002-009,,172,002,Tube - Compaction Assembly,VMRS_HB_COMPLETE_v20 page 9_pages_76-100.md
172-002-010,,172,002,Panel - Compaction Assembly,VMRS_HB_COMPLETE_v20 page 9_pages_76-100.md
172-002-011,,172,002,"Scraper, Wiper - Compaction Assembly",VMRS_HB_COMPLETE_v20 page 9_pages_76-100.md
172-002-012,,172,002,Wear Strip - Compaction Assembly,VMRS_HB_COMPLETE_v20 page 9_pages_76-100.md
172-002-013,,172,002,Cover - Compaction Assembly,VMRS_HB_COMPLETE_v20 page 9_pages_76-100.md
172-002-014,,172,002,Guide - Compaction Assembly,VMRS_HB_COMPLETE_v20 page 9_pages_76-100.md
172-002-015,,172,002,Seal - Compaction Assembly,VMRS_HB_COMPLETE_v20 page 9_pages_76-100.md
172-002-016,,172,002,Guard - Compaction Assembly,VMRS_HB_COMPLETE_v20 page 9_pages_76-100.md
172-002-017,,172,002,Plate - Compaction Assembly,VMRS_HB_COMPLETE_v20 page 9_pages_76-100.md
172-002-018,,172,002,Rail - Compaction Assembly,VMRS_HB_COMPLETE_v20 page 9_pages_76-100.md
172-002-019,,172,002,Weldment - Compaction Assembly,VMRS_HB_COMPLETE_v20 page 9_pages_76-100.md
172-002-020,,172,002,Brackot - Compaction Assombly Position Not,VMRS_HB_COMPLETE_v20 page 9_pages_76-100.md
172-002-021,,172,002,"Hardware, Mounting - Compaction Assembly",VMRS_HB_COMPLETE_v20 page 9_pages_76-100.md
172-002-022,,172,002,Bushing - Lower Link Arm,VMRS_HB_COMPLETE_v20 page 9_pages_76-100.md
172-002-023,,172,002,Bushing - Upper Link Arm,VMRS_HB_COMPLETE_v20 page 9_pages_76-100.md
172-002-024,,172,002,Bushing - Packer Panel,VMRS_HB_COMPLETE_v20 page 9_pages_76-100.md
172-003-000,,172,003,Hydraulics - Compaction Body,VMRS_HB_COMPLETE_v20 page 9_pages_76-100.md
172-003-001,,172,003,"Dracket - Compaction Body, Position Not",VMRS_HB_COMPLETE_v20 page 9_pages_76-100.md
172-003-002,,172,003,"Hardware, Mounting - Compaction Body",VMRS_HB_COMPLETE_v20 page 9_pages_76-100.md
172-004-000,,172,004,Support - Compacter,VMRS_HB_COMPLETE_v20 page 9_pages_76-100.md
172-004-001,,172,004,"Bracket - Compactor Support, Position Not",VMRS_HB_COMPLETE_v20 page 9_pages_76-100.md
170-000-001,,170,000,Code | Specified | | Eisster Assembly,VMRS_HB_COMPLETE_v20 page 9_pages_76-100.md
172-004-002,,172,004,"Pardware, Mounting - Compactor Support | 172-008-002 | Pin - Ejector CylinderMeunt - Ejector Cylinder",VMRS_HB_COMPLETE_v20 page 9_pages_76-100.md
172-005-000,,172,005,Controls - Compaction Unit | 172-008-003 | Mount - Ejector Cylinder,VMRS_HB_COMPLETE_v20 page 9_pages_76-100.md
172-005-001,,172,005,"Housing - Control Box, Compactor | 172-008-004 | Blade - Ejector",VMRS_HB_COMPLETE_v20 page 9_pages_76-100.md
172-005-002,,172,005,"Bracket - Control Box, Compactor, Position Not | 172-008-005 | Shoe - Ejector Blade",VMRS_HB_COMPLETE_v20 page 9_pages_76-100.md
172-008-006,,172,008,"Specified | | Bearing - Ejector, Position Not Specified",VMRS_HB_COMPLETE_v20 page 9_pages_76-100.md
172-005-003,,172,005,"Hardware, Mounting - Control Box, Compactor | 172-008-007 | Bracket - Ejector, Position Not Specified",VMRS_HB_COMPLETE_v20 page 9_pages_76-100.md
172-005-004,,172,005,"Push Button, Compactor | 172-008-008 | Hardware, Mounting - Ejector, Position Not",VMRS_HB_COMPLETE_v20 page 9_pages_76-100.md
172-006-000,,172,006,Frame - Compaction Body Unit | | Specified,VMRS_HB_COMPLETE_v20 page 9_pages_76-100.md
172-006-001,,172,006,"Bracket - Compaction Body, Position Not | 172-009-000 | Trim and Miscellaneous Parts",VMRS_HB_COMPLETE_v20 page 9_pages_76-100.md
172-009-001,,172,009,"Specified | | Bracket - Trim, Position Not Specified",VMRS_HB_COMPLETE_v20 page 9_pages_76-100.md
172-006-002,,172,006,"Hardware, Mounting - Compaction Body | 172-009-002 | Hardware, Mounting - Trim",VMRS_HB_COMPLETE_v20 page 9_pages_76-100.md
172-007-000,,172,007,Loader Assembly | 172-009-003 | Tool Box - Container Body,VMRS_HB_COMPLETE_v20 page 9_pages_76-100.md
172-007-001,,172,007,"Arm Assembly - Loader | 172-009-004 | Retainer - Debris, Container Body",VMRS_HB_COMPLETE_v20 page 9_pages_76-100.md
172-007-002,,172,007,Bucket Assembly - Loader | 172-010-000 | Electrical Devices - Container Body,VMRS_HB_COMPLETE_v20 page 9_pages_76-100.md
172-007-003,,172,007,"Divider - Bucket | 172-010-001 | Controller - Programed Logic (PLC), Container",VMRS_HB_COMPLETE_v20 page 9_pages_76-100.md
172-007-004,,172,007,Track - Loader | | Body,VMRS_HB_COMPLETE_v20 page 9_pages_76-100.md
172-007-005,,172,007,"Tipper Assembly | 172-010-002 | Controller - Multiplexing, Container Body",VMRS_HB_COMPLETE_v20 page 9_pages_76-100.md
172-007-006,,172,007,Housing - Tipper | 172-010-003 | Switch - Limit Container Body,VMRS_HB_COMPLETE_v20 page 9_pages_76-100.md
172-007-007,,172,007,"Frame - Tipper | 172-010-004 | Switch - Magnetic, Container Body",VMRS_HB_COMPLETE_v20 page 9_pages_76-100.md
172-007-008,,172,007,Hook - Tipper | 172-010-005 | Wiring Harness - Body Container Body,VMRS_HB_COMPLETE_v20 page 9_pages_76-100.md
172-007-010,,172,007,Spring - Lower Tipper Hook | 172-010-006 | Switch - Proximity Container Body,VMRS_HB_COMPLETE_v20 page 9_pages_76-100.md
172-007-012,,172,007,Arm Tipper Loft | 172-010-007 | Tilt Bodios,VMRS_HB_COMPLETE_v20 page 9_pages_76-100.md
172-007-013,,172,007,"Arm Tipper, Leit | 172 001 000 | Pody Or Pod",VMRS_HB_COMPLETE_v20 page 9_pages_76-100.md
172-007-014,,172,007,"Ann - Tipper, RightMeter Tipper Leader | 173-001-000 | Dump Body Assembly",VMRS_HB_COMPLETE_v20 page 9_pages_76-100.md
172-007-030,,172,007,"Arm - Loader, Lett | 173-001-003 | Handle - Dump Body",VMRS_HB_COMPLETE_v20 page 9_pages_76-100.md
172-007-031,,172,007,"Arm - Loader, Right | 173-001-004 | Hook - Dump Body",VMRS_HB_COMPLETE_v20 page 9_pages_76-100.md
172-007-032,,172,007,"Bearing - Arm Pivot, Load Arm | 173-001-005 | Lever - Dump Body",VMRS_HB_COMPLETE_v20 page 9_pages_76-100.md
172-007-033,,172,007,"Mount - Arm Cylinder, Rod End | 173-001-006 | Hardware, Mounting - Dump Body Assembly",VMRS_HB_COMPLETE_v20 page 9_pages_76-100.md
172-007-034,,172,007,"Mount - Arm Cylinder, Base End | 173-001-007 | Tailgate Assembly - Dump Body",VMRS_HB_COMPLETE_v20 page 9_pages_76-100.md
172-007-040,,172,007,"Forks - Set, Loader | 173-001-008 | Chain - Dump Body",VMRS_HB_COMPLETE_v20 page 9_pages_76-100.md
172-007-041,,172,007,"Bearing - Fork Tube, Loader | 173-001-009 | Door - Dump Body Tailgate",VMRS_HB_COMPLETE_v20 page 9_pages_76-100.md
172-007-042,,172,007,"Cap - Bearing, Fork Tube, Loader | 173-001-010 | Handle - Dump Body Tailgate",VMRS_HB_COMPLETE_v20 page 9_pages_76-100.md
172-007-043,,172,007,"Mount - Fork Cylinder, Rod End | 173-001-011 | Bracket - Dump Body Tailgate",VMRS_HB_COMPLETE_v20 page 9_pages_76-100.md
172-007-044,,172,007,"Mount - Fork Cylinder, Base End | 173-001-012 | Cylinder, Hydraulic - Dump Body Tailgate",VMRS_HB_COMPLETE_v20 page 9_pages_76-100.md
172-007-060,,172,007,"Gripper Assembly - Loader | 173-001-013 | Line, Hydraulic - Dump Body Tailgate",VMRS_HB_COMPLETE_v20 page 9_pages_76-100.md
172-007-061,,172,007,"Finger - Gripper Assembly | 173-001-014 | Hardware, Mounting - Dumb Body Tailgate",VMRS_HB_COMPLETE_v20 page 9_pages_76-100.md
172-007-062,,172,007,"Strap - Finger Assembly, Gripper | 173-001-015 | Sub-Frame - Platform",VMRS_HB_COMPLETE_v20 page 9_pages_76-100.md
172-007-063,,172,007,"Bearing - Wrist Assembly, Gripper | 173-001-016 | Stanchion - Handle",VMRS_HB_COMPLETE_v20 page 9_pages_76-100.md
172-007-064,,172,007,Actuator - Loader | 173-001-017 | Ladder - Folding,VMRS_HB_COMPLETE_v20 page 9_pages_76-100.md
172-007-065,,172,007,Bushing - Loader | 173-001-018 | Step - Folding,VMRS_HB_COMPLETE_v20 page 9_pages_76-100.md
172-007-066,,172,007,Cover - Loader | 173-001-019 | Connector - Quick Disconnect,VMRS_HB_COMPLETE_v20 page 9_pages_76-100.md
172-007-067,,172,007,Pivot - Loader | 173-001-020 | Post - Vertical Dump Body Tailgate,VMRS_HB_COMPLETE_v20 page 9_pages_76-100.md
172-007-068,,172,007,"Rearing Plate - Loader | 173-001-021 | Rail - Horizontal, Dump Body Tailgate",VMRS_HB_COMPLETE_v20 page 9_pages_76-100.md
172-007-069,,172,007,Pin - Loader | 173-001-022 | Hinges - Dump Body Tailgate,VMRS_HB_COMPLETE_v20 page 9_pages_76-100.md
172-007-070,,172,007,Linkago - Lovoling Loador | 173-002-000 | Boom Assembly Components - Tilt Body,VMRS_HB_COMPLETE_v20 page 9_pages_76-100.md
172-007-071,,172,007,Sool Kit Loador | 172 002 000 | Hydraulian Tilt Podion,VMRS_HB_COMPLETE_v20 page 9_pages_76-100.md
172-007-072,,172,007,Sedi Kit - Loader | 172-003-000 | Ryuraulics - Till Doules,VMRS_HB_COMPLETE_v20 page 9_pages_76-100.md
172-007-073,,172,007,Cuide Leader | 173-004-000 | Controle Tilt Body Unit,VMRS_HB_COMPLETE_v20 page 9_pages_76-100.md
172-007-074,,172,007,Guide - Loader | 173-005-000 | Controls - Till Body Unit,VMRS_HB_COMPLETE_v20 page 9_pages_76-100.md
173-005-003,,173,005,"1/2-007-077 | Chain - Lower, Loader | | Lever, Controls - Dump Body Taligate",VMRS_HB_COMPLETE_v20 page 9_pages_76-100.md
172-007-078,,172,007,"Weldment - Loader | 173-005-004 | Linkage, Controls - Dump Body Tailgate",VMRS_HB_COMPLETE_v20 page 9_pages_76-100.md
172-007-079,,172,007,"Guard - Loader | 173-005-005 | Joystick, Controls - Dump Body Tailgate",VMRS_HB_COMPLETE_v20 page 9_pages_76-100.md
172-007-080,,172,007,"Guard - Finger End, Loader | 173-005-006 | Keypad, Controls - Dump Body Tailgate",VMRS_HB_COMPLETE_v20 page 9_pages_76-100.md
172-007-081,,172,007,"Pillow Block - Loader | 173-005-007 | Knob, Controls - Dump Body Tailgate",VMRS_HB_COMPLETE_v20 page 9_pages_76-100.md
172-007-082,,172,007,"Tube - Arm Mast, Loader | 173-005-008 | Valve, Controls - Dump Body Tailgate",VMRS_HB_COMPLETE_v20 page 9_pages_76-100.md
172-007-083,,172,007,"Bumper - Rebound, Loader | 173-006-000 | Frame - Tilt Body Unit",VMRS_HB_COMPLETE_v20 page 9_pages_76-100.md
172-007-084,,172,007,Wear Plate - Loader | 173-006-001 | Frame Assembly - Tilt Body Unit,VMRS_HB_COMPLETE_v20 page 9_pages_76-100.md
172-007-085,,172,007,"Support - Hose, Loader | 173-006-002 | Bracket - Attaching, Frame Assembly",VMRS_HB_COMPLETE_v20 page 9_pages_76-100.md
172-007-086,,172,007,Harness - Loader | 173-006-003 | Ball Mount - Frame Assembly,VMRS_HB_COMPLETE_v20 page 9_pages_76-100.md
172-007-087,,172,007,"Plate - Loader | 173-006-004 | Hardware, Mounting - Frame Assembly",VMRS_HB_COMPLETE_v20 page 9_pages_76-100.md
172-007-088,,172,007,Chute - Loader | 173-007-000 | Winches and Cables,VMRS_HB_COMPLETE_v20 page 9_pages_76-100.md
172-007-089,,172,007,"Bearing - Loader, Position Not Specified | 173-008-000 | Tarp Assembly",VMRS_HB_COMPLETE_v20 page 9_pages_76-100.md
172-007-090,,172,007,"Bracket - Loader, Position Not Specified | 173-008-001 | Arm - Tarp Assembly, Dump Body",VMRS_HB_COMPLETE_v20 page 9_pages_76-100.md
172-007-091,,172,007,"Hardware, Mounting - Loader, Position Not | 173-008-002 | Bracket - Tarp Assembly, Dump Body",VMRS_HB_COMPLETE_v20 page 9_pages_76-100.md
173-008-003,,173,008,"Specified | | Bearing - Tarp Assembly, Dump Body",VMRS_HB_COMPLETE_v20 page 9_pages_76-100.md
172-008-000,,172,008,"Eiection Assembly | 173-008-004 | Roller - Tarp Assembly, Dump Body",VMRS_HB_COMPLETE_v20 page 9_pages_76-100.md
173-008-005,,173,008,"Spring - Tarp Assembly, Dump Body | 174-001-057 | Panel, Side - Interior Bus Body",VMRS_HB_COMPLETE_v20 page 9_pages_76-100.md
173-008-006,,173,008,"Hardware, Mounting - Tarp Assembly, Dump | 174-001-058 | Panel, Rear - Interior Bus Body",VMRS_HB_COMPLETE_v20 page 9_pages_76-100.md
174-001-059,,174,001,"Body | | Panel, Front - Interior Bus Body",VMRS_HB_COMPLETE_v20 page 9_pages_76-100.md
173-009-000,,173,009,"Rollers - Tilt Body | 174-001-060 | Panel, Ceiling - Interior Bus Body",VMRS_HB_COMPLETE_v20 page 9_pages_76-100.md
173-010-000,,173,010,"Platform - Tilt Body | 174-001-061 | Panel, Trim - Interior Bus Body",VMRS_HB_COMPLETE_v20 page 9_pages_76-100.md
173-010-001,,173,010,"Platform Assembly - Tilt Body | 174-001-062 | Panel, Vestibule - Interior Bus Body",VMRS_HB_COMPLETE_v20 page 9_pages_76-100.md
173-010-002,,173,010,"Linkage - Quick Release, Platform Assembly | 174-001-063 | Hardware. Mounting - Interior Bus Panel",VMRS_HB_COMPLETE_v20 page 9_pages_76-100.md
173-010-003,,173,010,"Lever - Quick Release, Platform Assembly | 174-001-064 | Covering, Floor - Interior Bus Body",VMRS_HB_COMPLETE_v20 page 9_pages_76-100.md
173-010-004,,173,010,"Lock - Quick Belease, Platform Assembly | 174-001-065 | Bail Seat Mounting - Interior Bus Body",VMRS_HB_COMPLETE_v20 page 9_pages_76-100.md
173-010-005,,173,010,Hardware Mounting - Quick Release Platform | 174-001-066 | Track Seat Mounting - Interior Bus Floor,VMRS_HB_COMPLETE_v20 page 9_pages_76-100.md
170-010-000,,170,010,Assembly | 174-001-067 | Hardware Mounting - Bus Seat Mounting Track,VMRS_HB_COMPLETE_v20 page 9_pages_76-100.md
174-000-000,,174,000,Bus Body | 174-001-068 | Panel Cover - Rus Body Wiring Harness,VMRS_HB_COMPLETE_v20 page 9_pages_76-100.md
174-001-000,,174,001,Bus Body Assembly | 174-001-009 | Danal,VMRS_HB_COMPLETE_v20 page 9_pages_76-100.md
174-001-001,,174,001,Bus Body - Complete Assembly | 174 001 070 | Panel Fuel Tarily Freeman and Assess Due Fleen,VMRS_HB_COMPLETE_v20 page 9_pages_76-100.md
174-001-002,,174,001,"Structure, Complete - Bus Body | 174-001-070 | Panel, Fuel Tank Emergency Access - Bus Floor",VMRS_HB_COMPLETE_v20 page 9_pages_76-100.md
174-001-003,,174,001,"Structure, Front - Bus Body | 174-001-071 | Hardware, Mounting - Fuel Tank Emergency",VMRS_HB_COMPLETE_v20 page 9_pages_76-100.md
174-001-004,,174,001,"Structure, Rear - Bus Body | | Access Panel",VMRS_HB_COMPLETE_v20 page 9_pages_76-100.md
174-001-005,,174,001,"Structure, Right Rear - Bus Body | 174-001-072 | Panel, Console - Front, Overhead, Emergency",VMRS_HB_COMPLETE_v20 page 9_pages_76-100.md
174-001-006,,174,001,"Structure, Right Side - Bus Body | | Equipment",VMRS_HB_COMPLETE_v20 page 9_pages_76-100.md
174-001-007,,174,001,"Structure, Left Side - Bus Body | 174-001-073 | Door - Overhead Console",VMRS_HB_COMPLETE_v20 page 9_pages_76-100.md
174-001-008,,174,001,"Structure, Floor - Bus Body | 174-001-074 | Hinge - Overhead Console Door",VMRS_HB_COMPLETE_v20 page 9_pages_76-100.md
174-001-009,,174,001,"Channel - Bus Floor | 174-001-075 | Hardware, Mounting - Overhead Console Door",VMRS_HB_COMPLETE_v20 page 9_pages_76-100.md
174-001-010,,174,001,"Brace, Angle - Bus Floor | | Hinge",VMRS_HB_COMPLETE_v20 page 9_pages_76-100.md
174-001-011,,174,001,"Hardware, Mounting - Floor Brace | 174-001-076 | Latch - Overhead Console Door",VMRS_HB_COMPLETE_v20 page 9_pages_76-100.md
174-001-012,,174,001,"Rafter, Bow - Bus Roof | 174-001-077 | Hardware. Mounting - Overhead Console Door",VMRS_HB_COMPLETE_v20 page 9_pages_76-100.md
174-001-013,,174,001,Plate Beinforcement - Boof Bow Bafter | | Latch,VMRS_HB_COMPLETE_v20 page 9_pages_76-100.md
174-001-014,,174,001,Stringer - Bus Boof | 174-001-078 | Seal - Overhead Console Door,VMRS_HB_COMPLETE_v20 page 9_pages_76-100.md
174-001-015,,174,001,Plate Beinforcement - Boof Stringer | 174-001-070 | Cover - HVAC Coolant Lines,VMRS_HB_COMPLETE_v20 page 9_pages_76-100.md
174-001-017,,174,001,Hardware Mounting Exterior Elect Danel | 174-001-000 | Cover,VMRS_HB_COMPLETE_v20 page 9_pages_76-100.md
174-001-018,,174,001,"Panel, Side - Exterior Bus Body | 174-001-081 | Pad - Upper Seat Belt Mounting Bracket",VMRS_HB_COMPLETE_v20 page 9_pages_76-100.md
174-001-019,,174,001,"Panel, Rear - Exterior Bus Body | 174-001-082 | Poncho - Electrical Condensation Cover",VMRS_HB_COMPLETE_v20 page 9_pages_76-100.md
174-001-020,,174,001,"Panel, Front - Exterior Bus Body | 174-001-083 | Pad, Mounting - Interior Safety Tools/Equipment",VMRS_HB_COMPLETE_v20 page 9_pages_76-100.md
174-001-021,,174,001,"Panel, Roof - Exterior Bus Body | 174-001-084 | Hardware, Mounting - Interior Safety Tools/",VMRS_HB_COMPLETE_v20 page 9_pages_76-100.md
174-001-022,,174,001,"Hardware, Mounting - Exterior Bus Body Panels | | Equipment Pad",VMRS_HB_COMPLETE_v20 page 9_pages_76-100.md
174-001-023,,174,001,"Hood, Front - Bus Roof | 174-001-085 | Strap, Tie-Down - Safety Tools/Equipment",VMRS_HB_COMPLETE_v20 page 9_pages_76-100.md
174-001-024,,174,001,"Hood, Rear - Bus Roof | 174-001-086 | Bracket - Belt Line, Bus Body",VMRS_HB_COMPLETE_v20 page 9_pages_76-100.md
174-001-025,,174,001,"Hardware, Mounting - Bus Roof Hood | 174-001-087 | Rail - Bus Engine",VMRS_HB_COMPLETE_v20 page 9_pages_76-100.md
174-001-026,,174,001,"Panel, Wheelwell - Bus Floor | 174-001-088 | Protector - Skid, Bus Engine",VMRS_HB_COMPLETE_v20 page 9_pages_76-100.md
174-001-027,,174,001,"Hardware, Mounting - Wheelwell Panel | 174-001-089 | Frame - Bus Davenport Support Structure",VMRS_HB_COMPLETE_v20 page 9_pages_76-100.md
174-001-028,,174,001,"Panel, Trim - Bus Wheelwell | 174-001-090 | Panel - Driver Front Accessory Compartment",VMRS_HB_COMPLETE_v20 page 9_pages_76-100.md
174-001-029,,174,001,"Hardware, Mounting - Wheelwell Trim Panel | 174-001-091 | Door - Driver Front Accessory Compartment",VMRS_HB_COMPLETE_v20 page 9_pages_76-100.md
174-001-030,,174,001,Panel Trim - Exterior Bus Body | 174-001-092 | Seal - Driver Front Accessory Compartment,VMRS_HB_COMPLETE_v20 page 9_pages_76-100.md
174-001-031,,174,001,Hardware Mounting - Exterior Bus Trim Panel | | Door,VMRS_HB_COMPLETE_v20 page 9_pages_76-100.md
174-001-032,,174,001,Post - Bus Entry Door | 174-001-093 | Hinge - Driver Front Accessory Compartment,VMRS_HB_COMPLETE_v20 page 9_pages_76-100.md
174-001-034,,174,001,Header - Bus Willdow | 174-001-094 | Comportment Deer Hinge,VMRS_HB_COMPLETE_v20 page 9_pages_76-100.md
174-001-035,,174,001,Headel - Bus Dool | 174 001 005,VMRS_HB_COMPLETE_v20 page 9_pages_76-100.md
174-001-037,,174,001,Frame - Bus Entry Door | 1 - 1 - 0 - 1 - 0 - 0 | Door,VMRS_HB_COMPLETE_v20 page 9_pages_76-100.md
174-001-038,,174,001,"Frame - Bus Emergency Exit Door | 174-001-096 | Hardware, Mounting - Driver Front Accessory",VMRS_HB_COMPLETE_v20 page 9_pages_76-100.md
174-001-039,,174,001,"Rub Rail, Straight Section - Bus Body | | Compartment Door Latch",VMRS_HB_COMPLETE_v20 page 9_pages_76-100.md
174-001-040,,174,001,"Rub Rail, Corner Section - Bus Body | 174-001-097 | Panel - Driver Side Accessory Compartment",VMRS_HB_COMPLETE_v20 page 9_pages_76-100.md
174-001-041,,174,001,End Cap - Bus Body Rub Rail | 174-001-098 | Door - Driver Side Accessory Compartment,VMRS_HB_COMPLETE_v20 page 9_pages_76-100.md
174-001-042,,174,001,"Hardware, Mounting - Rub Rail | 174-001-099 | Seal - Driver Side Accessory Compartment Door",VMRS_HB_COMPLETE_v20 page 9_pages_76-100.md
174-001-043,,174,001,Door - Refueling Access | 174-001-100 | Hinge - Driver Side Accessory Compartment,VMRS_HB_COMPLETE_v20 page 9_pages_76-100.md
174-001-044,,174,001,Hinge - Refueling Access Door | | Door,VMRS_HB_COMPLETE_v20 page 9_pages_76-100.md
174-001-045,,174,001,"Hardware, Mounting - Refueling Access Door | 174-001-101 | Hardware, Mounting - Driver Side Accessory",VMRS_HB_COMPLETE_v20 page 9_pages_76-100.md
174-001-046,,174,001,Latch - Refueling Access Door | 174-001-102 | Latch - Driver Side Accessory Compartment,VMRS_HB_COMPLETE_v20 page 9_pages_76-100.md
174-001-047,,174,001,Hardware Mounting - Refueling Access Door | 11 1 001 102 | Door,VMRS_HB_COMPLETE_v20 page 9_pages_76-100.md
174-001-103,,174,001,.7 + 001-0+7 | Latch | | Hardware Mounting - Driver Side Accessory,VMRS_HB_COMPLETE_v20 page 9_pages_76-100.md
,001-103,001,103,174.001.049 | Dilactor - Bue Body | 17 | Compartment Deer Lateh,VMRS_HB_COMPLETE_v20 page 9_pages_76-100.md
174-001-048,,174,001,"Filaster - Dus DuuyHardwara, Mounting, Dua Dadu Dilastar | 174 001 104",VMRS_HB_COMPLETE_v20 page 9_pages_76-100.md
174-001-049,,174,001,"naruware, mounting - Bus Body Pilaster | 174-001-104 | Door - Electrical Compartment Access",VMRS_HB_COMPLETE_v20 page 9_pages_76-100.md
174-001-050,,174,001,Drip Kali - Bus Root | 1/4-001-105 | Seal - Electrical Compartment Access Door,VMRS_HB_COMPLETE_v20 page 9_pages_76-100.md
174-001-051,,174,001,"Hardware, Mounting - Bus Roof Drip Rail | 174-001-106 | Hinge - Electrical Compartment Access Door",VMRS_HB_COMPLETE_v20 page 9_pages_76-100.md
174-001-052,,174,001,"Pad, Mounting - Bus Body | 174-001-107 | Hardware, Mounting - Electrical Compartment",VMRS_HB_COMPLETE_v20 page 9_pages_76-100.md
174-001-053,,174,001,"Clip, Mounting - Bus Body | | Access Door Hinge",VMRS_HB_COMPLETE_v20 page 9_pages_76-100.md
174-001-054,,174,001,"Hardware, Mounting - Mounting Clip | 174-001-108 | Latch - Electrical Compartment Access Door",VMRS_HB_COMPLETE_v20 page 9_pages_76-100.md
174-001-055,,174,001,"Clip, Shear - Bus Body | 174-001-109 | Hardware, Mounting - Electrical Compartment",VMRS_HB_COMPLETE_v20 page 9_pages_76-100.md
174-001-056,,174,001,"Hardware, Mounting - Shear Clip | | Access Door Latch",VMRS_HB_COMPLETE_v20 page 9_pages_76-100.md
